algo,family,backbone,n_points,reward_100k,reward_500k,reward_1m,final_reward,final_sla_satisfaction_pct,final_embb_mbps,final_delay_ms,final_jains_fairness
central-dqn,baseline,,1000,31.8198,40.9578,40.9578,107.2169,100.0,1.36526,0.0,0.827917
central-ppo,baseline,,1953,90.5176,393.9561,233.2748,261.3734,99.804688,3.068672,711.336406,0.651928
gnn-madqn_gat,proposed,gat,1016,31.7227,37.8148,37.8148,109.2764,99.4,1.384702,74749.936523,0.817779
gnn-madqn_sage,proposed,sage,1000,31.5182,34.8537,34.8537,134.6387,99.4,1.285999,74749.936523,0.836106
gnn-mappo_gat,proposed,gat,2004,87.6638,514.9985,618.4877,488.9544,99.921875,8.103342,8999.91684,0.322066
gnn-mappo_sage,proposed,sage,1953,115.6092,468.1949,266.7274,292.4719,99.921875,3.488887,7668.450715,0.503751
idqn,baseline,,1053,-55.4256,52.2994,52.2994,68.4097,99.7,1.808627,42751.613281,0.772461
ippo,baseline,,1953,38.2981,487.0558,379.9845,417.3805,99.023438,5.146634,100695.975749,0.359182
