algo,family,backbone,n_points,reward_100k,reward_500k,reward_1m,final_reward,final_sla_satisfaction_pct,final_embb_mbps,final_delay_ms,final_jains_fairness
central-dqn,baseline,,1000,22.1043,28.7389,28.7389,7.1427,100.0,0.957963,0.0,0.824551
central-ppo,baseline,,1953,-510.8135,-231.4272,158.6964,-7.9711,100.0,2.066359,0.0,0.630854
gnn-madqn_gat,proposed,gat,1000,-4.812,-202.8309,-202.8309,-27.0751,49.4,0.952412,29265348.34668,0.818421
gnn-madqn_sage,proposed,sage,1000,-67.1142,-206.1094,-206.1094,-31.8648,51.3,0.825194,6636726.919922,0.807472
gnn-mappo_gat,proposed,gat,1953,-537.2053,-243.7528,170.328,-25.6481,99.960938,2.244788,5499.949646,0.590168
gnn-mappo_sage,proposed,sage,1953,-490.3437,-235.1419,158.8081,-14.9036,99.960938,2.103275,5699.959946,0.567001
idqn,baseline,,1000,1.5152,17.3146,17.3146,33.9776,99.7,0.792484,42751.655273,0.627488
ippo,baseline,,1953,-507.7704,-246.452,118.9839,-1.4668,100.0,1.54927,0.0,0.531797
