wall_time,elapsed_sec,step,episode,ep_reward,ep_reward_ma100,sps,loss,policy_loss,value_loss,entropy,epsilon,embb_mbps_mean,spectral_eff_bps_hz,embb_p5_mbps,urllc_delay_ms_mean,urllc_delay_p95,urllc_delay_p99,urllc_drop_late_pct,urllc_drop_overflow_pct,sla_violation_pct,sla_satisfaction_pct,timely_throughput_mbps,jains_fairness,lam
2026-08-10 23:36:50,1.95,511,2,287.7863,287.7863,261.9,60.625744,0.0,121.298737,2.362419,,5.339674,0.533967,4.3e-05,2.638292,10.0,10.0,23.544426,0.0,23.544426,76.455574,55.983919,0.691691,1.0
2026-08-10 23:36:52,3.79,1023,5,312.283,300.0346,269.7,76.182732,0.0,152.412613,2.357675,,5.888647,0.588865,4.1e-05,2.803204,10.0,10.0,26.401353,0.0,26.401353,73.598647,54.640273,0.69367,1.0
2026-08-10 23:36:54,5.73,1535,7,320.7099,306.9264,267.8,65.551987,0.0,131.151062,2.35467,,6.60821,0.660821,4.4e-05,4.410746,10.0,10.0,36.295426,0.0,36.295426,63.704574,47.574113,0.640716,1.0
2026-08-10 23:36:56,7.52,2047,10,690.8881,402.9168,272.1,258.351837,0.0,516.750854,2.358171,,9.620244,0.962024,4.2e-05,1.567719,10.0,10.0,7.359219,0.0,7.359219,92.640781,69.604744,0.589208,1.0
2026-08-10 23:36:58,9.37,2559,12,406.1081,403.5551,273.1,93.264526,0.0,186.576126,2.353434,,6.816794,0.681679,4.2e-05,2.686773,10.0,10.0,22.503053,0.0,22.503053,77.496947,57.397668,0.615062,1.0
2026-08-10 23:37:00,11.26,3071,15,435.7744,408.925,272.8,147.47081,0.0,294.988647,2.350992,,7.502114,0.750211,4.4e-05,3.567201,10.0,10.0,24.478741,0.0,24.478741,75.521259,54.896471,0.703283,1.0
2026-08-10 23:37:01,13.13,3583,17,733.5311,455.2973,272.9,317.461395,0.0,634.969727,2.34642,,10.848531,1.084853,4.3e-05,2.05114,10.0,10.0,13.770334,0.0,13.770334,86.229666,65.978821,0.633245,1.0
2026-08-10 23:37:03,15.07,4095,20,241.1286,428.5262,271.8,80.996124,-0.0,162.039154,2.345304,,5.573585,0.557359,4.1e-05,5.191892,10.0,10.0,36.324065,0.0,36.324065,63.675935,46.176754,0.678342,1.0
2026-08-10 23:37:05,16.9,4607,23,365.2468,421.4951,272.6,82.718575,0.0,165.4841,2.347349,,6.080071,0.608007,4.2e-05,1.776699,10.0,10.0,19.719482,0.0,19.719482,80.280518,60.736556,0.577159,1.0
2026-08-10 23:37:07,18.74,5119,25,243.321,403.6777,273.2,45.874241,0.0,91.795456,2.348523,,4.362259,0.436226,4.3e-05,2.414826,10.0,10.0,17.609842,0.0,17.609842,82.390158,62.01128,0.713399,1.0
2026-08-10 23:37:09,20.54,5631,28,503.1936,412.7246,274.1,161.537003,-0.0,323.120972,2.349,,6.840239,0.684024,1.420838,1.890194,10.0,10.0,3.646207,0.0,3.646207,96.353793,72.320263,0.621033,1.0
2026-08-10 23:37:11,22.34,6143,30,654.5079,432.8732,274.9,272.350586,0.0,544.748047,2.344823,,9.465768,0.946577,1.114865,1.640579,10.0,10.0,12.955616,0.0,12.955616,87.044384,66.569546,0.595437,1.0
2026-08-10 23:37:13,24.17,6655,33,381.709,428.9375,275.3,117.430496,-0.0,234.907867,2.343948,,6.235414,0.623541,4.4e-05,2.162116,10.0,10.0,18.007934,0.0,18.007934,81.992066,61.308926,0.668896,1.0
2026-08-10 23:37:14,26.06,7167,35,344.9738,422.9401,275.0,74.767578,-0.0,149.582047,2.344257,,6.439273,0.643927,0.403585,3.637855,10.0,10.0,28.359942,0.0,28.359942,71.640058,53.188148,0.637502,1.0
2026-08-10 23:37:16,27.91,7679,38,492.2677,427.5619,275.1,120.653915,0.0,241.35466,2.341793,,7.918563,0.791856,4.3e-05,2.490594,10.0,10.0,21.870347,0.0,21.870347,78.129653,58.178444,0.610013,1.0
2026-08-10 23:37:18,29.69,8191,40,616.8442,439.3921,275.9,207.493393,0.0,415.033569,2.339122,,8.504481,0.850448,4.2e-05,1.398451,10.0,10.0,5.106873,0.0,5.106873,94.893127,73.374179,0.615931,1.0
2026-08-10 23:37:20,31.61,8703,43,525.2415,444.4421,275.3,158.599716,-0.0,317.246155,2.335454,,8.770195,0.87702,4.5e-05,4.772233,10.0,10.0,27.391425,0.0,27.391425,72.608575,53.37395,0.670684,1.0
2026-08-10 23:37:22,33.42,9215,46,727.0244,460.1411,275.7,315.174896,0.0,630.396606,2.340348,,10.869373,1.086937,4.4e-05,1.90814,10.0,10.0,10.960035,0.0,10.960035,89.039965,67.47677,0.690122,1.0
2026-08-10 23:37:24,35.27,9727,48,328.7435,453.2254,275.8,82.494965,0.0,165.036758,2.341199,,5.411653,0.541165,1.8968,2.049139,10.0,10.0,16.962169,0.0,16.962169,83.037831,62.406578,0.72815,1.0
2026-08-10 23:37:25,37.14,10239,51,171.4811,439.1382,275.7,33.49229,-0.0,67.031311,2.336565,,3.765244,0.376524,4.4e-05,2.629178,10.0,10.0,22.545322,0.0,22.545322,77.454678,57.558191,0.797859,1.0
2026-08-10 23:37:27,38.98,10751,53,263.6127,430.7798,275.8,57.991856,-0.0,116.030403,2.334768,,4.280502,0.42805,4.1e-05,2.970342,10.0,10.0,12.846771,0.0,12.846771,87.153229,65.716657,0.804233,1.0
2026-08-10 23:37:29,40.84,11263,56,138.2943,417.485,275.8,18.981375,0.0,38.009422,2.333646,,3.537511,0.353751,4.1e-05,2.572844,10.0,10.0,25.970991,0.0,25.970991,74.029009,54.328858,0.844817,1.0
2026-08-10 23:37:31,42.7,11775,58,194.6979,407.7986,275.8,37.866081,-0.0,75.7789,2.337068,,4.700584,0.470058,4.2e-05,2.892536,10.0,10.0,32.151846,0.0,32.151846,67.848154,50.685172,0.722848,1.0
2026-08-10 23:37:33,44.55,12287,61,511.8894,412.1358,275.8,151.816589,-0.0,303.679871,2.335151,,7.759459,0.775946,4.2e-05,2.592699,10.0,10.0,15.250153,0.0,15.250153,84.749847,63.755111,0.63498,1.0
2026-08-10 23:37:35,46.36,12799,64,698.718,423.599,276.1,269.708344,-0.0,539.463501,2.341055,,11.077754,1.107775,4.5e-05,1.248959,10.0,10.0,8.771759,0.0,8.771759,91.228241,69.484597,0.598423,2.575225
2026-08-10 23:37:36,48.12,13311,66,841.6388,439.6775,276.6,354.294403,0.0,708.63562,2.340786,,11.845726,1.184573,4.1e-05,1.102837,9.0,10.0,2.977853,0.0,2.977853,97.022147,73.754863,0.574211,2.575225
2026-08-10 23:37:38,49.92,13823,69,596.813,445.4973,276.9,206.841003,-0.0,413.728821,2.340105,,9.596914,0.959691,4.2e-05,1.678526,10.0,10.0,9.388175,0.0,9.388175,90.611825,68.684479,0.641461,2.575225
2026-08-10 23:37:40,51.74,14335,71,665.4124,453.3514,277.1,272.924103,-0.0,545.895081,2.342923,,9.921603,0.99216,4.3e-05,2.430353,10.0,10.0,6.059425,0.0,6.059425,93.940575,70.301168,0.628486,2.575225
2026-08-10 23:37:42,53.73,14847,74,561.6512,457.0859,276.3,181.811905,-0.0,363.670715,2.345706,,9.351789,0.935179,4.3e-05,4.469935,10.0,10.0,12.324779,0.0,12.324779,87.675221,65.195173,0.625359,2.575225
2026-08-10 23:37:44,55.59,15359,76,405.4967,455.3663,276.3,111.631691,-0.0,223.310196,2.340388,,9.609695,0.960969,4e-05,2.123857,10.0,10.0,23.976139,0.0,23.976139,76.023861,57.414579,0.594043,2.575225
2026-08-10 23:37:46,57.44,15871,79,479.9747,456.1601,276.3,124.975922,0.0,249.998764,2.346314,,9.387507,0.938751,4.3e-05,2.362808,10.0,10.0,16.207855,0.0,16.207855,83.792145,62.071734,0.583942,2.575225
2026-08-10 23:37:48,59.25,16383,81,413.1613,454.8164,276.5,98.983429,-0.0,198.013824,2.348638,,7.14733,0.714733,4.2e-05,1.901259,10.0,10.0,10.126021,0.0,10.126021,89.873979,67.84994,0.577909,2.575225
2026-08-10 23:37:49,61.13,16895,84,343.0551,451.4297,276.4,82.566566,0.0,165.179993,2.343248,,7.552324,0.755232,4.3e-05,3.056021,10.0,10.0,17.99987,0.0,17.99987,82.00013,61.466809,0.622759,2.575225
2026-08-10 23:37:51,63.04,17407,87,157.5591,442.7864,276.1,17.347466,0.0,34.741821,2.344587,,5.88789,0.588789,4.1e-05,4.191764,10.0,10.0,22.491562,0.0,22.491562,77.508438,57.722305,0.641329,2.575225
2026-08-10 23:37:53,64.82,17919,89,591.6275,447.039,276.4,242.646347,-0.0,485.339661,2.348865,,8.891837,0.889184,4.4e-05,1.22282,10.0,10.0,6.09263,0.0,6.09263,93.90737,71.372903,0.571926,2.575225
2026-08-10 23:37:55,66.71,18431,92,268.6371,442.0834,276.3,101.154999,-0.0,202.356949,2.347636,,7.242648,0.724265,1.87175,3.299683,10.0,10.0,21.00848,0.0,21.00848,78.99152,58.621359,0.677427,2.575225
2026-08-10 23:37:57,68.54,18943,94,333.2508,439.142,276.4,77.834236,-0.0,155.715363,2.344572,,6.688448,0.668845,4.2e-05,2.740535,10.0,10.0,13.319024,0.0,13.319024,86.680976,65.392569,0.597138,2.575225
2026-08-10 23:37:59,70.35,19455,97,601.3431,443.4104,276.6,228.240677,0.0,456.528259,2.345338,,9.946888,0.994689,4.1e-05,1.721073,10.0,10.0,11.141285,0.0,11.141285,88.858715,67.168804,0.597017,2.575225
2026-08-10 23:38:01,72.18,19967,99,791.2563,452.3296,276.6,327.181274,0.0,654.409424,2.345003,,13.305559,1.330556,4.2e-05,2.194473,10.0,10.0,13.557589,0.0,13.557589,86.442411,65.541392,0.594905,2.575225
2026-08-10 23:38:02,73.97,20479,102,661.5189,457.5593,276.8,208.920166,-0.0,417.887146,2.340074,,11.107303,1.11073,4.4e-05,1.653851,10.0,10.0,13.204339,0.0,13.204339,86.795661,65.289798,0.575094,2.575225
2026-08-10 23:38:04,75.79,20991,104,428.9817,456.8623,276.9,110.051865,-0.0,220.150696,2.348053,,7.231387,0.723139,4.1e-05,2.360992,10.0,10.0,9.919282,0.0,9.919282,90.080718,67.363625,0.600775,2.575225
2026-08-10 23:38:06,77.61,21503,107,34.4301,446.8044,277.1,56.522377,-0.0,113.091705,2.347396,,4.663142,0.466314,4.2e-05,1.161994,10.0,10.0,24.070412,0.0,24.070412,75.929588,56.676812,0.742637,2.575225
2026-08-10 23:38:08,79.47,22015,110,268.7773,442.6642,277.0,183.42424,0.0,366.895264,2.339341,,7.990909,0.799091,4.2e-05,2.667559,10.0,10.0,24.271908,0.0,24.271908,75.728092,56.270253,0.663801,2.575225
2026-08-10 23:38:10,81.32,22527,112,430.2892,442.383,277.0,282.96347,0.0,565.973877,2.347001,,8.612937,0.861294,0.945546,2.40379,10.0,10.0,16.146457,0.0,16.146457,83.853543,62.185916,0.635015,2.575225
2026-08-10 23:38:12,83.31,23039,115,-13.2689,432.2574,276.6,89.634598,0.0,179.316086,2.34472,,4.995106,0.499511,0.774948,2.629592,10.0,10.0,29.828976,0.0,29.828976,70.171024,52.988575,0.69584,2.575225
2026-08-10 23:38:13,85.15,23551,117,128.3708,425.6511,276.6,83.9786,0.0,168.004074,2.34365,,5.191264,0.519126,4.2e-05,2.179091,10.0,10.0,20.458309,0.0,20.458309,79.541691,59.438645,0.678461,2.575225
2026-08-10 23:38:15,86.95,24063,120,458.8799,426.3581,276.8,147.159515,0.0,294.365967,2.346955,,7.095578,0.709558,4.3e-05,1.815445,9.0,10.0,6.470914,0.0,6.470914,93.529086,70.653473,0.654866,2.575225
2026-08-10 23:38:17,88.75,24575,122,604.2165,430.0635,276.9,218.752686,0.0,437.552155,2.338524,,10.216374,1.021637,4.3e-05,1.649104,10.0,10.0,12.068562,0.0,12.068562,87.931438,67.026021,0.627944,2.575225
2026-08-10 23:38:19,90.64,25087,125,278.1691,426.9636,276.8,74.09063,-0.0,148.228058,2.340173,,7.927264,0.792726,4.3e-05,2.86256,10.0,10.0,23.467899,0.0,23.467899,76.532101,56.377307,0.693536,3.510604
2026-08-10 23:38:21,92.51,25599,128,316.3352,424.7511,276.7,55.650471,-0.0,111.34771,2.338396,,8.759279,0.875928,1.87875,2.569724,10.0,10.0,19.651072,0.0,19.651072,80.348928,60.965488,0.514714,3.510604
2026-08-10 23:38:23,94.42,26111,130,90.9989,418.2069,276.5,95.595268,-0.0,191.237305,2.338336,,7.097257,0.709726,1.899,4.723946,10.0,10.0,25.282122,0.0,25.282122,74.717878,54.878534,0.59821,3.510604
2026-08-10 23:38:25,96.36,26623,133,430.6478,418.4461,276.3,125.426636,0.0,250.90007,2.339729,,9.426627,0.942663,4.4e-05,3.788746,10.0,10.0,16.05378,0.0,16.05378,83.94622,62.521557,0.656999,3.510604
2026-08-10 23:38:27,98.18,27135,135,336.9111,416.9077,276.4,85.710892,-0.0,171.468597,2.340508,,7.325483,0.732548,4.2e-05,1.829111,10.0,10.0,12.388362,0.0,12.388362,87.611638,66.645247,0.613323,3.510604
2026-08-10 23:38:28,99.96,27647,138,423.7135,417.0338,276.6,106.923683,0.0,213.894135,2.338132,,6.963256,0.696326,4.3e-05,1.035974,7.0,10.0,5.682306,0.0,5.682306,94.317694,71.586669,0.630003,3.510604
2026-08-10 23:38:30,101.84,28159,140,-20.6402,409.0761,276.5,88.901184,0.0,177.849213,2.342543,,6.012661,0.601266,4.4e-05,2.436894,10.0,10.0,26.631397,0.0,26.631397,73.368603,55.171192,0.629826,3.510604
2026-08-10 23:38:32,103.75,28671,143,273.4298,406.6538,276.4,92.025444,-0.0,184.097717,2.341565,,7.410878,0.741088,4.1e-05,3.977093,10.0,10.0,15.776291,0.0,15.776291,84.223709,62.022786,0.739006,3.510604
2026-08-10 23:38:34,105.7,29183,145,52.456,400.4398,276.1,73.371529,0.0,146.789795,2.336555,,7.766952,0.776695,1.087776,5.045446,10.0,10.0,29.797537,0.0,29.797537,70.202463,52.023968,0.699574,3.510604
2026-08-10 23:38:36,107.61,29695,148,350.1211,399.5723,275.9,95.980247,-0.0,192.007324,2.341138,,9.265693,0.926569,1.251338,3.939819,10.0,10.0,20.016235,0.0,20.016235,79.983765,59.027392,0.688478,3.510604
2026-08-10 23:38:38,109.42,30207,151,518.3734,401.5858,276.1,166.893356,0.0,333.833527,2.340402,,9.7758,0.97758,4.1e-05,1.624341,10.0,10.0,11.484614,0.0,11.484614,88.515386,67.559481,0.59965,3.510604
2026-08-10 23:38:40,111.2,30719,153,553.6558,404.1203,276.2,177.877579,-0.0,355.80188,2.336261,,9.661051,0.966105,4.4e-05,0.806141,10.0,10.0,9.937836,0.0,9.937836,90.062164,68.789003,0.529283,3.510604
2026-08-10 23:38:41,112.97,31231,156,222.341,401.1403,276.4,53.476982,-0.0,107.000763,2.339989,,5.761809,0.576181,1.869,0.699375,3.0,10.0,12.01825,0.0,12.01825,87.98175,66.377826,0.715284,3.510604
2026-08-10 23:38:43,114.87,31743,158,-139.3796,392.4223,276.3,103.809845,-0.0,207.666443,2.337945,,4.975287,0.497529,4.4e-05,3.524928,10.0,10.0,28.932819,0.0,28.932819,71.067181,52.64624,0.673515,3.510604
2026-08-10 23:38:45,116.75,32255,161,207.5495,389.4878,276.3,60.675732,-0.0,121.398293,2.341537,,6.985617,0.698562,4.2e-05,3.27353,10.0,10.0,18.311744,0.0,18.311744,81.688256,60.636768,0.593084,3.510604
2026-08-10 23:38:47,118.62,32767,163,229.318,386.9851,276.2,60.105869,-0.0,120.258522,2.33924,,8.629861,0.862986,4.1e-05,2.707317,10.0,10.0,23.728924,0.0,23.728924,76.271076,57.419066,0.622394,3.510604
2026-08-10 23:38:49,120.46,33279,166,503.8943,388.7837,276.3,140.886826,0.0,281.820526,2.344493,,10.357528,1.035753,4.4e-05,1.987703,10.0,10.0,15.520239,0.0,15.520239,84.479761,63.844023,0.589381,3.510604
2026-08-10 23:38:51,122.29,33791,168,325.6857,387.8277,276.3,66.098183,-0.0,132.243164,2.33992,,8.214059,0.821406,4.2e-05,2.244468,10.0,10.0,16.803316,0.0,16.803316,83.196684,63.300395,0.536363,3.510604
2026-08-10 23:38:52,124.08,34303,171,489.2683,389.3418,276.5,167.858704,0.0,335.764191,2.339517,,8.548414,0.854841,4.1e-05,1.08436,10.0,10.0,8.739547,0.0,8.739547,91.260453,69.546869,0.561402,3.510604
2026-08-10 23:38:54,125.86,34815,174,359.4898,388.9028,276.6,89.407043,0.0,178.860947,2.34309,,6.16105,0.616105,4.2e-05,0.942554,8.0,10.0,6.237912,0.0,6.237912,93.762088,70.613935,0.591083,3.510604
2026-08-10 23:38:56,127.72,35327,176,-55.642,382.4601,276.6,29.257359,0.0,58.561546,2.341424,,4.166413,0.416641,4.4e-05,2.985418,10.0,10.0,20.799297,0.0,20.799297,79.200703,59.510668,0.757953,3.510604
2026-08-10 23:38:58,129.58,35839,179,421.6767,383.0203,276.6,109.635803,0.0,219.31842,2.34068,,9.466039,0.946604,4.4e-05,2.558434,10.0,10.0,16.412851,0.0,16.412851,83.587149,62.378107,0.504741,3.510604
2026-08-10 23:39:00,131.49,36351,181,-150.5961,375.5046,276.5,95.943855,0.0,191.934479,2.338032,,5.962698,0.59627,0.972822,3.198177,10.0,10.0,33.733458,0.0,33.733458,66.266542,49.571268,0.564759,3.510604
2026-08-10 23:39:02,133.33,36863,184,179.1639,372.7776,276.5,135.300995,0.0,270.648804,2.341108,,6.07409,0.607409,1.859,2.282058,10.0,10.0,15.90368,0.0,15.90368,84.09632,63.113898,0.728085,3.510604
2026-08-10 23:39:03,135.15,37375,186,319.4462,372.0471,276.5,80.885849,-0.0,161.818604,2.345607,,5.773504,0.57735,1.8959,1.936175,10.0,10.0,6.525641,0.0,6.525641,93.474359,71.430976,0.747109,3.510604
2026-08-10 23:39:05,137.07,37887,189,-158.021,364.884,276.4,137.627716,-0.0,275.302246,2.340886,,4.262758,0.426276,1.641524,2.705035,10.0,10.0,21.49988,0.0,21.49988,78.50012,58.021003,0.769584,4.759457
2026-08-10 23:39:07,139.09,38399,192,-1241.3113,343.468,276.1,858.501282,-0.0,1717.049194,2.328594,,2.101585,0.210158,0.141504,6.321363,10.0,10.0,57.574715,0.0,57.574715,42.425285,30.249941,0.761766,4.759457
2026-08-10 23:39:09,140.9,38911,194,557.8567,346.2889,276.2,193.723969,-0.0,387.494781,2.342181,,9.727795,0.972779,4.3e-05,2.184681,10.0,10.0,7.334654,0.0,7.334654,92.665346,70.178845,0.614778,4.759457
2026-08-10 23:39:11,142.72,39423,197,318.0788,345.9226,276.2,80.168938,-0.0,160.384674,2.339783,,8.933511,0.893351,1.905,2.114925,10.0,10.0,14.503757,0.0,14.503757,85.496243,63.653062,0.603008,4.759457
2026-08-10 23:39:13,144.52,39935,199,232.229,344.465,276.3,132.765976,-0.0,265.578796,2.34179,,7.457702,0.74577,4.3e-05,1.981544,10.0,10.0,13.935663,0.0,13.935663,86.064337,65.034564,0.618421,4.759457
2026-08-10 23:39:15,146.3,40447,202,437.1807,345.6386,276.5,153.980316,-0.0,308.007385,2.338313,,8.854886,0.885489,4.2e-05,1.109861,10.0,10.0,9.451001,0.0,9.451001,90.548999,68.437826,0.628328,4.759457
2026-08-10 23:39:17,148.24,40959,204,46.8099,341.9032,276.3,31.075943,0.0,62.198601,2.335685,,7.26396,0.726396,4.2e-05,4.372772,10.0,10.0,20.75637,0.0,20.75637,79.24363,58.832548,0.616559,4.759457
2026-08-10 23:39:18,150.03,41471,207,382.7971,342.4081,276.4,98.358223,0.0,196.763275,2.341565,,6.86894,0.686894,4.4e-05,1.195377,10.0,10.0,5.793428,0.0,5.793428,94.206572,72.184087,0.644187,4.759457
2026-08-10 23:39:20,151.89,41983,209,-174.3074,336.1067,276.4,111.565773,-0.0,223.178421,2.343999,,5.709472,0.570947,0.217668,2.688708,10.0,10.0,25.16163,0.0,25.16163,74.83837,55.608751,0.561342,4.759457
2026-08-10 23:39:22,153.83,42495,212,-652.4554,324.1963,276.2,274.319489,-0.0,548.685608,2.332003,,4.921221,0.492122,1.01781,3.303264,10.0,10.0,42.130694,0.0,42.130694,57.869306,41.903676,0.656551,4.759457
2026-08-10 23:39:24,155.6,43007,215,516.8535,326.4898,276.4,177.908066,0.0,355.862885,2.337941,,8.156059,0.815606,1.886,0.737875,4.0,10.0,4.436354,0.0,4.436354,95.563646,72.839172,0.564766,4.759457
2026-08-10 23:39:26,157.51,43519,217,-425.3998,317.6441,276.3,128.801453,0.0,257.649506,2.33072,,5.288056,0.528806,4.3e-05,3.108379,10.0,10.0,34.101111,0.0,34.101111,65.898889,48.844964,0.678181,4.759457
2026-08-10 23:39:28,159.37,44031,220,-62.3717,313.2253,276.3,122.343239,-0.0,244.733047,2.32867,,5.16186,0.516186,4.3e-05,2.275534,10.0,10.0,18.737829,0.0,18.737829,81.262171,60.625452,0.724308,4.759457
2026-08-10 23:39:30,161.24,44543,222,-15.4094,309.4479,276.2,80.548477,-0.0,161.143585,2.331187,,6.46057,0.646057,4.2e-05,2.653216,10.0,10.0,20.878284,0.0,20.878284,79.121716,59.250475,0.6886,4.759457
2026-08-10 23:39:32,163.21,45055,225,-291.2505,302.6218,276.1,198.88327,0.0,397.81311,2.327913,,5.201669,0.520167,4.2e-05,4.075167,10.0,10.0,27.908883,0.0,27.908883,72.091117,52.34678,0.752869,4.759457
2026-08-10 23:39:34,165.18,45567,227,118.0427,300.5478,275.9,206.671509,0.0,413.389496,2.323759,,9.506625,0.950662,1.332657,3.318985,10.0,10.0,24.377794,0.0,24.377794,75.622206,56.663312,0.631881,4.759457
2026-08-10 23:39:35,167.1,46079,230,-10.256,297.0945,275.8,35.419918,0.0,70.886337,2.325037,,7.659022,0.765902,1.89985,4.498678,10.0,10.0,24.246339,0.0,24.246339,75.753661,55.1078,0.666837,4.759457
2026-08-10 23:39:37,168.9,46591,232,294.0364,297.0609,275.8,88.021324,0.0,176.089157,2.325164,,9.387013,0.938701,1.8837,1.326835,10.0,10.0,16.424948,0.0,16.424948,83.575052,63.620927,0.63203,4.759457
2026-08-10 23:39:39,170.71,47103,235,565.2524,299.976,275.9,172.968399,0.0,345.983368,2.328712,,10.710393,1.071039,1.878,1.596836,10.0,10.0,9.767369,0.0,9.767369,90.232631,68.463651,0.559863,4.759457
2026-08-10 23:39:41,172.54,47615,238,402.7081,301.0806,276.0,208.910828,-0.0,417.868195,2.326238,,10.769874,1.076987,4.3e-05,1.92121,10.0,10.0,16.511092,0.0,16.511092,83.488908,62.690042,0.61959,4.759457
2026-08-10 23:39:43,174.38,48127,240,137.3862,299.3392,276.0,137.246552,-0.0,274.539673,2.328845,,6.602888,0.660289,4.1e-05,2.263548,10.0,10.0,15.252812,0.0,15.252812,84.747188,63.773757,0.645674,4.759457
2026-08-10 23:39:45,176.18,48639,243,511.9778,301.5775,276.1,218.459686,-0.0,436.966003,2.332177,,8.691816,0.869182,1.916,1.315858,10.0,10.0,6.214689,0.0,6.214689,93.785311,71.283748,0.568133,4.759457
2026-08-10 23:39:46,178.08,49151,245,647.9025,305.1851,276.0,233.447449,-0.0,466.941589,2.334671,,10.755373,1.075537,1.893,2.097946,10.0,10.0,7.027974,0.0,7.027974,92.972026,70.532373,0.584731,4.759457
2026-08-10 23:39:48,179.91,49663,248,572.6855,307.9428,276.0,217.360794,0.0,434.768158,2.327856,,10.350527,1.035053,1.89595,2.092761,10.0,10.0,8.42972,0.0,8.42972,91.57028,69.163793,0.643376,4.759457
2026-08-10 23:39:50,181.82,50175,250,-128.0275,303.4941,276.0,426.94342,-0.0,853.93335,2.326305,,7.666979,0.766698,0.48176,3.320523,10.0,10.0,28.330318,0.0,28.330318,71.669682,53.381517,0.617741,6.274361
2026-08-10 23:39:52,183.73,50687,253,-431.1168,296.0738,275.9,182.693665,0.0,365.433868,2.327643,,6.703153,0.670315,1.92095,3.249247,10.0,10.0,29.139831,0.0,29.139831,70.860169,51.687205,0.647825,6.274361
2026-08-10 23:39:54,185.61,51199,256,221.0822,295.3239,275.8,61.090279,0.0,122.227119,2.328046,,9.710032,0.971003,1.912,3.064475,10.0,10.0,15.913529,0.0,15.913529,84.086471,63.399762,0.567088,6.274361
2026-08-10 23:39:56,187.44,51711,258,205.4966,294.501,275.9,291.028748,-0.0,582.104004,2.326653,,8.543555,0.854356,1.896,2.497798,10.0,10.0,13.748947,0.0,13.748947,86.251053,64.884938,0.665741,6.274361
2026-08-10 23:39:58,189.29,52223,261,-60.9867,290.7683,275.9,109.834663,-0.0,219.715729,2.320216,,8.151519,0.815152,1.91795,2.172362,10.0,10.0,21.043286,0.0,21.043286,78.956714,58.91503,0.616934,6.274361
2026-08-10 23:39:59,191.06,52735,263,580.648,293.3677,276.0,193.744843,0.0,387.536255,2.329208,,9.758361,0.975836,4.2e-05,0.601183,2.0,10.0,4.894163,0.0,4.894163,95.105837,72.481528,0.557313,6.274361
2026-08-10 23:40:01,192.99,53247,266,-719.439,279.2644,275.9,609.564148,-0.0,1219.174561,2.313992,,5.832333,0.583233,4.1e-05,4.366803,10.0,10.0,36.322639,0.0,36.322639,63.677361,46.385941,0.681777,6.274361
2026-08-10 23:40:03,194.76,53759,268,548.0255,280.6836,276.0,208.707123,0.0,417.460754,2.325892,,9.93479,0.993479,1.897,0.884964,10.0,10.0,6.131951,0.0,6.131951,93.868049,72.117139,0.611003,6.274361
2026-08-10 23:40:05,196.64,54271,271,-306.8761,273.2571,276.0,269.310974,-0.0,538.668457,2.324363,,7.97536,0.797536,1.894,2.901778,10.0,10.0,28.494118,0.0,28.494118,71.505882,52.835168,0.643542,6.274361
2026-08-10 23:40:07,198.51,54783,273,-329.8233,262.6235,276.0,121.828613,-0.0,243.703644,2.321239,,7.55898,0.755898,0.754514,1.934497,10.0,10.0,28.435311,0.0,28.435311,71.564689,53.481822,0.576298,6.274361
2026-08-10 23:40:09,200.36,55295,276,-195.0324,258.2619,276.0,180.88031,0.0,361.80722,2.32934,,6.118178,0.611818,4.3e-05,2.005884,10.0,10.0,20.305992,0.0,20.305992,79.694008,59.512372,0.642712,6.274361
2026-08-10 23:40:11,202.21,55807,279,-125.0123,253.3593,276.0,277.733978,-0.0,555.514404,2.321523,,8.278185,0.827819,4.2e-05,2.936036,10.0,10.0,22.80958,0.0,22.80958,77.19042,57.454315,0.687629,6.274361
2026-08-10 23:40:12,204.04,56319,281,82.1677,251.7478,276.0,41.09544,0.0,82.237411,2.326507,,5.278892,0.527889,4.3e-05,2.265085,10.0,10.0,10.234238,0.0,10.234238,89.765762,67.711804,0.701798,6.274361
2026-08-10 23:40:14,205.94,56831,284,-530.5755,241.4101,276.0,429.612366,-0.0,859.271057,2.317538,,5.223737,0.522374,0.601666,3.299419,10.0,10.0,29.204275,0.0,29.204275,70.795725,51.943797,0.627766,6.274361
2026-08-10 23:40:16,207.86,57343,286,2.556,234.8906,275.9,54.949059,0.0,109.944679,2.328088,,5.19401,0.519401,1.90795,4.287135,10.0,10.0,13.035649,0.0,13.035649,86.964351,65.295206,0.714722,6.274361
2026-08-10 23:40:18,209.74,57855,289,-196.1266,229.1122,275.8,53.492706,0.0,107.031883,2.32339,,7.191888,0.719189,1.778749,3.036988,10.0,10.0,23.562735,0.0,23.562735,76.437265,56.436591,0.535407,6.274361
2026-08-10 23:40:20,211.6,58367,291,403.7248,229.6997,275.8,171.027115,0.0,342.100647,2.320368,,10.232441,1.023244,1.251541,2.525654,10.0,10.0,11.597337,0.0,11.597337,88.402663,67.007638,0.523449,6.274361
2026-08-10 23:40:22,213.45,58879,294,-55.8992,224.2181,275.8,523.409485,0.0,1046.865234,2.314428,,9.710683,0.971068,1.897,1.968049,10.0,10.0,23.775212,0.0,23.775212,76.224788,56.899742,0.625226,6.274361
2026-08-10 23:40:24,215.36,59391,296,140.0106,219.4497,275.8,95.104942,-0.0,190.256165,2.314166,,9.996592,0.999659,0.258423,4.033472,10.0,10.0,19.746111,0.0,19.746111,80.253889,59.896597,0.688115,6.274361
2026-08-10 23:40:26,217.18,59903,299,186.7084,216.0644,275.8,144.630325,-0.0,289.307068,2.320992,,8.123934,0.812393,0.064725,1.580997,10.0,10.0,13.423095,0.0,13.423095,86.576905,65.170115,0.542091,6.274361
2026-08-10 23:40:27,218.95,60415,302,225.6698,211.0509,275.9,80.307014,-0.0,160.66037,2.316785,,7.559361,0.755936,4.4e-05,0.650252,3.0,5.0,10.995422,0.0,10.995422,89.004578,67.147699,0.533467,6.274361
2026-08-10 23:40:29,220.71,60927,304,634.5695,214.1091,276.1,277.097656,-0.0,554.241821,2.324571,,10.438587,1.043859,1.91,0.856415,8.0,10.0,4.822065,0.0,4.822065,95.177935,72.739466,0.547026,6.274361
2026-08-10 23:40:31,222.56,61439,307,579.0874,218.1852,276.1,217.763733,-0.0,435.573761,2.314401,,10.386629,1.038663,0.235393,2.694762,10.0,10.0,6.797038,0.0,6.797038,93.202962,69.911738,0.573558,6.274361
2026-08-10 23:40:33,224.42,61951,309,-72.0696,214.8284,276.1,33.677742,-0.0,67.401619,2.306644,,8.414203,0.84142,0.228839,1.493104,10.0,10.0,22.39985,0.0,22.39985,77.60015,58.800753,0.542037,6.274361
2026-08-10 23:40:35,226.24,62463,312,264.2115,216.0875,276.1,65.465622,-0.0,130.9776,2.318128,,8.400946,0.840095,1.9018,1.463113,10.0,10.0,11.712704,0.0,11.712704,88.287296,66.821364,0.56641,6.274361
2026-08-10 23:40:37,228.21,62975,314,-56.1178,213.5794,276.0,33.038895,0.0,66.123932,2.307051,,9.070666,0.907067,1.92495,4.090078,10.0,10.0,20.267488,0.0,20.267488,79.732512,59.337471,0.610519,7.545784
2026-08-10 23:40:38,230.03,63487,317,-131.7798,207.1427,276.0,26.043869,-0.0,52.133842,2.305128,,8.944272,0.894427,1.918,2.289109,10.0,10.0,21.216282,0.0,21.216282,78.783718,58.374794,0.643867,7.545784
2026-08-10 23:40:40,231.93,63999,320,-498.4326,195.1712,275.9,178.488617,0.0,357.023193,2.297942,,7.998474,0.799847,1.547875,3.859553,10.0,10.0,29.001268,0.0,29.001268,70.998732,53.127141,0.649007,7.545784
2026-08-10 23:40:42,233.83,64511,322,-220.2123,184.5527,275.9,150.507431,0.0,301.060974,2.305508,,7.102594,0.710259,1.5117,3.723092,10.0,10.0,20.288448,0.0,20.288448,79.711552,59.305815,0.654403,7.545784
2026-08-10 23:40:44,235.64,65023,325,-264.2565,175.942,275.9,304.63208,-0.0,609.310303,2.306972,,5.967909,0.596791,1.5117,1.295068,10.0,10.0,18.667913,0.0,18.667913,81.332087,61.642738,0.642413,7.545784
2026-08-10 23:40:46,237.45,65535,327,242.143,171.7093,276.0,133.400635,-0.0,266.847382,2.305436,,8.036625,0.803662,1.90285,1.896274,10.0,10.0,9.771494,0.0,9.771494,90.228506,68.189837,0.597042,7.545784
2026-08-10 23:40:48,239.28,66047,330,445.2506,170.5453,276.0,144.347397,0.0,288.740967,2.309415,,11.294943,1.129494,1.852619,1.744231,10.0,10.0,10.640283,0.0,10.640283,89.359717,67.016723,0.551595,7.545784
2026-08-10 23:40:49,241.06,66559,332,13.7169,166.6275,276.1,148.533524,-0.0,297.113434,2.319952,,5.684421,0.568442,1.380047,0.877316,10.0,10.0,11.070082,0.0,11.070082,88.929918,68.05713,0.626289,7.545784
2026-08-10 23:40:51,242.94,67071,335,-215.4928,159.6728,276.1,194.000397,-0.0,388.046936,2.306878,,7.288633,0.728863,1.89695,3.072167,10.0,10.0,20.23294,0.0,20.23294,79.76706,59.097089,0.593669,7.545784
2026-08-10 23:40:53,244.77,67583,337,427.8592,159.8198,276.1,157.768433,0.0,315.583405,2.326435,,9.693192,0.969319,1.917,2.356079,10.0,10.0,8.321639,0.0,8.321639,91.678361,69.285566,0.588209,7.545784
2026-08-10 23:40:55,246.52,68095,340,765.823,164.0475,276.2,264.308075,-0.0,528.662476,2.315264,,10.349641,1.034964,1.9009,0.65045,4.0,10.0,0.531172,0.0,0.531172,99.468828,75.683314,0.50581,7.545784
2026-08-10 23:40:57,248.31,68607,343,518.8261,167.6601,276.3,171.405701,0.0,342.857697,2.315348,,11.459407,1.145941,0.313675,1.316658,10.0,10.0,9.372824,0.0,9.372824,90.627176,68.614507,0.536602,7.545784
2026-08-10 23:40:58,250.14,69119,345,-125.9509,160.4843,276.3,49.028156,-0.0,98.102592,2.314151,,8.411935,0.841194,4.3e-05,1.929446,10.0,10.0,19.867506,0.0,19.867506,80.132494,60.125399,0.586599,7.545784
2026-08-10 23:41:00,251.96,69631,348,107.1254,158.8692,276.4,25.327353,-0.0,50.70092,2.310704,,9.820766,0.982077,0.039202,1.467476,10.0,10.0,16.466996,0.0,16.466996,83.533004,63.169006,0.506677,7.545784
2026-08-10 23:41:02,253.8,70143,350,252.8616,158.0653,276.4,206.523651,0.0,413.093384,2.304666,,9.166281,0.916628,0.144661,2.699243,10.0,10.0,11.822961,0.0,11.822961,88.177039,66.8746,0.600895,7.545784
2026-08-10 23:41:04,255.64,70655,353,209.3612,154.1455,276.4,88.655144,0.0,177.356567,2.313793,,8.681343,0.868134,0.151028,2.061291,10.0,10.0,11.978292,0.0,11.978292,88.021708,66.218326,0.509805,7.545784
2026-08-10 23:41:06,257.49,71167,355,-58.3877,145.6491,276.4,104.248947,0.0,208.544189,2.315051,,7.79874,0.779874,1.043241,2.611545,10.0,10.0,17.318545,0.0,17.318545,82.681455,62.533132,0.55141,7.545784
2026-08-10 23:41:08,259.41,71679,358,-396.3302,135.0706,276.3,272.210938,-0.0,544.468018,2.308371,,6.822339,0.682234,1.901,4.024171,10.0,10.0,24.20894,0.0,24.20894,75.79106,55.674753,0.693825,7.545784
2026-08-10 23:41:10,261.18,72191,360,691.7625,137.6984,276.4,301.290466,-0.0,602.627075,2.307706,,12.09813,1.209813,1.921,1.192489,10.0,10.0,5.320619,0.0,5.320619,94.679381,72.456637,0.629198,7.545784
2026-08-10 23:41:11,262.98,72703,363,182.9509,139.1836,276.5,242.343857,-0.0,484.733887,2.308259,,9.644748,0.964475,1.92,1.859186,10.0,10.0,14.275643,0.0,14.275643,85.724357,63.879675,0.605086,7.545784
2026-08-10 23:41:13,264.78,73215,366,111.5631,137.6115,276.5,30.547501,-0.0,61.141224,2.311203,,8.515625,0.851562,1.90995,1.291413,10.0,10.0,14.064058,0.0,14.064058,85.935942,65.163161,0.541375,7.545784
2026-08-10 23:41:15,266.63,73727,368,-57.5443,132.7331,276.5,417.870026,0.0,835.786011,2.29715,,8.267609,0.826761,0.615298,2.161311,10.0,10.0,17.82624,0.0,17.82624,82.17376,61.473375,0.603697,7.545784
2026-08-10 23:41:17,268.42,74239,371,285.2115,135.7179,276.6,99.813812,0.0,199.673752,2.306369,,6.793545,0.679354,1.926,1.573235,10.0,10.0,6.030072,0.0,6.030072,93.969928,70.872888,0.639809,7.545784
2026-08-10 23:41:19,270.33,74751,373,-965.4904,124.7793,276.5,891.967224,-0.0,1783.980713,2.315479,,3.949844,0.394984,0.71216,3.736051,10.0,10.0,32.905045,0.0,32.905045,67.094955,49.513481,0.71479,7.545784
2026-08-10 23:41:21,272.18,75263,376,-133.1227,118.8593,276.5,28.764229,-0.0,57.574615,2.307975,,4.592727,0.459273,1.895,2.076897,10.0,10.0,12.109053,0.0,12.109053,87.890947,65.658788,0.717229,8.48991
2026-08-10 23:41:22,274.01,75775,378,6.9284,112.8864,276.5,206.360367,0.0,412.767029,2.314977,,8.725869,0.872587,1.559371,1.804135,10.0,10.0,15.19227,0.0,15.19227,84.80773,64.171546,0.632837,8.48991
2026-08-10 23:41:24,275.82,76287,381,165.2167,111.7569,276.6,113.950684,0.0,227.947678,2.315563,,10.675998,1.0676,4.4e-05,2.281764,10.0,10.0,14.148456,0.0,14.148456,85.851544,64.263909,0.630453,8.48991
2026-08-10 23:41:26,277.66,76799,384,89.0345,109.4839,276.6,55.376656,-0.0,110.7995,2.309608,,9.648778,0.964878,1.9339,2.479723,10.0,10.0,14.956816,0.0,14.956816,85.043184,64.575346,0.621274,8.48991
2026-08-10 23:41:28,279.46,77311,386,171.6244,110.2901,276.6,280.6427,0.0,561.331421,2.302266,,9.015799,0.90158,4.3e-05,1.455395,10.0,10.0,12.039717,0.0,12.039717,87.960283,67.144495,0.608717,8.48991
2026-08-10 23:41:30,281.25,77823,389,-373.5375,102.2483,276.7,293.328552,-0.0,586.703369,2.314622,,5.093572,0.509357,1.883,1.003381,10.0,10.0,17.560779,0.0,17.560779,82.439221,61.495647,0.717085,8.48991
2026-08-10 23:41:32,283.16,78335,391,-1011.7196,88.762,276.6,588.300354,0.0,1176.646484,2.288111,,6.439415,0.643941,0.544255,3.037366,10.0,10.0,34.764819,0.0,34.764819,65.235181,48.340973,0.556153,8.48991
2026-08-10 23:41:33,285.04,78847,394,-309.0014,81.4348,276.6,114.143593,-0.0,228.333191,2.300223,,7.586284,0.758628,1.26937,3.692885,10.0,10.0,20.916386,0.0,20.916386,79.083614,58.230462,0.585118,8.48991
2026-08-10 23:41:35,286.98,79359,396,-576.5652,75.8756,276.5,591.251343,-0.0,1182.548706,2.302048,,7.012815,0.701282,1.462698,3.143013,10.0,10.0,25.748976,0.0,25.748976,74.251024,55.570075,0.635403,8.48991
2026-08-10 23:41:37,288.74,79871,399,407.5738,77.217,276.6,190.019028,-0.0,380.084076,2.300497,,9.197534,0.919753,1.92095,0.657435,3.0,10.0,6.098225,0.0,6.098225,93.901775,71.848416,0.716893,8.48991
2026-08-10 23:41:39,290.48,80383,401,651.6815,83.2093,276.7,284.183105,0.0,568.412292,2.303278,,9.644129,0.964413,1.908,0.73266,8.0,10.0,1.58044,0.0,1.58044,98.41956,75.178373,0.675163,8.48991
2026-08-10 23:41:41,292.29,80895,404,384.8565,83.5566,276.8,82.856125,0.0,165.758438,2.309584,,6.772866,0.677287,1.907,2.024859,10.0,10.0,3.183975,0.0,3.183975,96.816025,72.740047,0.676542,8.48991
2026-08-10 23:41:42,294.09,81407,407,50.4711,78.8776,276.8,27.119791,-0.0,54.285675,2.304668,,7.544556,0.754456,1.925,1.853927,10.0,10.0,12.377461,0.0,12.377461,87.622539,66.473124,0.567823,8.48991
2026-08-10 23:41:44,296.02,81919,409,-737.7741,65.9633,276.7,450.422119,-0.0,900.890076,2.291313,,5.672167,0.567217,1.088298,4.195905,10.0,10.0,27.281375,0.0,27.281375,72.718625,53.809308,0.538552,8.48991
2026-08-10 23:41:46,297.88,82431,412,-650.0183,57.2397,276.7,590.475952,-0.0,1180.998047,2.306786,,4.044043,0.404404,1.069218,2.76011,10.0,10.0,22.466906,0.0,22.466906,77.533094,58.019891,0.740418,8.48991
2026-08-10 23:41:48,299.71,82943,414,146.1419,60.0949,276.7,57.814228,0.0,115.674347,2.294565,,6.003563,0.600356,1.918,2.04344,10.0,10.0,7.402299,0.0,7.402299,92.597701,69.936223,0.63215,8.48991
2026-08-10 23:41:50,301.56,83455,417,-587.9295,52.1401,276.7,282.690063,-0.0,565.425964,2.293216,,5.27906,0.527906,1.115408,2.80416,10.0,10.0,23.084014,0.0,23.084014,76.915986,57.448292,0.624626,8.48991
2026-08-10 23:41:52,303.4,83967,419,-190.5276,47.9417,276.8,200.920761,-0.0,401.887329,2.290447,,9.085849,0.908585,1.27073,2.579734,10.0,10.0,20.476141,0.0,20.476141,79.523859,59.707766,0.621094,8.48991
2026-08-10 23:41:54,305.21,84479,422,65.1763,43.5545,276.8,55.033298,0.0,110.112289,2.284446,,11.028985,1.102898,4.3e-05,2.018711,10.0,10.0,17.3754,0.0,17.3754,82.6246,61.22488,0.67846,8.48991
2026-08-10 23:41:55,307.06,84991,424,-489.245,35.4052,276.8,511.641205,0.0,1023.328247,2.291477,,6.726503,0.67265,1.9039,2.032448,10.0,10.0,23.299295,0.0,23.299295,76.700705,57.989969,0.651966,8.48991
2026-08-10 23:41:57,308.88,85503,427,-172.2533,28.79,276.8,176.760498,-0.0,353.566711,2.286136,,5.380387,0.538039,1.90695,1.975754,10.0,10.0,13.583337,0.0,13.583337,86.416663,65.15996,0.691709,8.48991
2026-08-10 23:41:59,310.7,86015,430,-165.1841,23.5432,276.8,72.333153,0.0,144.712067,2.287694,,10.227496,1.02275,4.5e-05,1.29426,10.0,10.0,21.382404,0.0,21.382404,78.617596,58.859024,0.555501,8.48991
2026-08-10 23:42:01,312.6,86527,432,-618.3369,17.9163,276.8,378.405212,-0.0,756.855957,2.276551,,7.991321,0.799132,0.688784,2.889205,10.0,10.0,28.480213,0.0,28.480213,71.519787,54.12065,0.595896,8.48991
2026-08-10 23:42:03,314.39,87039,435,562.2618,19.3221,276.9,227.791397,0.0,455.628479,2.283949,,10.346917,1.034692,1.9239,1.125458,10.0,10.0,5.184203,0.0,5.184203,94.815797,71.523594,0.607924,8.48991
2026-08-10 23:42:05,316.28,87551,437,-563.0853,15.1972,276.8,250.748337,0.0,501.542419,2.287816,,6.673757,0.667376,1.91195,3.040544,10.0,10.0,24.444329,0.0,24.444329,75.555671,56.993998,0.568403,9.660789
2026-08-10 23:42:06,318.05,88063,440,293.7599,16.3432,276.9,166.386032,0.0,332.817749,2.284416,,7.478895,0.747889,1.177347,1.68625,10.0,10.0,5.901482,0.0,5.901482,94.098518,71.105575,0.514445,9.660789
2026-08-10 23:42:08,319.89,88575,442,-920.4592,3.9441,276.9,805.388733,-0.0,1610.822998,2.274516,,5.63324,0.563324,0.787581,2.380474,10.0,10.0,27.617657,0.0,27.617657,72.382343,54.121759,0.68039,9.660789
2026-08-10 23:42:10,321.75,89087,445,-618.8676,-0.6643,276.9,301.937836,-0.0,603.921387,2.286815,,7.871181,0.787118,1.908,2.027749,10.0,10.0,24.755037,0.0,24.755037,75.244963,55.800991,0.490441,9.660789
2026-08-10 23:42:12,323.57,89599,448,-58.5664,11.1631,276.9,319.228638,0.0,638.502686,2.271936,,8.324399,0.83244,1.921,2.114629,10.0,10.0,14.218228,0.0,14.218228,85.781772,65.210119,0.546151,9.660789
2026-08-10 23:42:14,325.44,90111,450,-255.0366,3.0342,276.9,140.443542,-0.0,280.932709,2.281838,,6.22985,0.622985,1.923,2.842001,10.0,10.0,15.180819,0.0,15.180819,84.819181,63.300297,0.595171,9.660789
2026-08-10 23:42:16,327.31,90623,453,-371.3838,-3.8604,276.9,531.797913,-0.0,1063.641357,2.277142,,7.654596,0.76546,1.90885,2.895962,10.0,10.0,19.320013,0.0,19.320013,80.679987,59.64569,0.664359,9.660789
2026-08-10 23:42:17,329.15,91135,455,-310.825,-9.291,276.9,281.549652,-0.0,563.14502,2.285931,,8.525007,0.852501,1.92795,2.083648,10.0,10.0,19.359907,0.0,19.359907,80.640093,61.217405,0.570416,9.660789
2026-08-10 23:42:19,330.99,91647,458,-844.0797,-22.1036,276.9,689.446167,0.0,1378.937988,2.282688,,5.692768,0.569277,0.206953,1.752458,10.0,10.0,25.881644,0.0,25.881644,74.118356,55.334756,0.689356,9.660789
2026-08-10 23:42:21,332.76,92159,460,-341.9126,-25.9908,277.0,83.648781,-0.0,167.343277,2.285701,,4.307285,0.430728,1.90395,0.749681,10.0,10.0,13.496581,0.0,13.496581,86.503419,65.962198,0.779941,9.660789
2026-08-10 23:42:23,334.64,92671,463,-1575.0592,-45.5694,276.9,1438.390991,0.0,2876.827393,2.276608,,3.660131,0.366013,0.446806,2.981988,10.0,10.0,37.562888,0.0,37.562888,62.437112,44.841456,0.747936,9.660789
2026-08-10 23:42:25,336.47,93183,465,-414.9865,-47.9762,276.9,690.221008,0.0,1380.487671,2.284259,,7.168159,0.716816,0.42299,1.182114,10.0,10.0,19.347171,0.0,19.347171,80.652829,61.688524,0.622808,9.660789
2026-08-10 23:42:27,338.25,93695,468,-61.1883,-42.0635,277.0,182.357498,-0.0,364.760651,2.283293,,6.801824,0.680182,0.18244,1.094966,10.0,10.0,11.844758,0.0,11.844758,88.155242,66.506109,0.602788,9.660789
2026-08-10 23:42:28,340.05,94207,471,-69.682,-47.9288,277.0,233.433044,0.0,466.911499,2.269891,,11.336609,1.133661,0.736045,1.590746,10.0,10.0,18.785383,0.0,18.785383,81.214617,60.546758,0.581192,9.660789
2026-08-10 23:42:30,341.84,94719,473,-132.1441,-44.9963,277.1,453.456787,-0.0,906.959229,2.281726,,9.781837,0.978184,0.753612,1.407665,10.0,10.0,17.833293,0.0,17.833293,82.166707,61.74923,0.50538,9.660789
2026-08-10 23:42:32,343.65,95231,476,48.1855,-43.8907,277.1,274.274261,-0.0,548.593872,2.267938,,8.682331,0.868233,0.753612,2.104042,10.0,10.0,12.557783,0.0,12.557783,87.442217,66.176342,0.487162,9.660789
2026-08-10 23:42:34,345.5,95743,478,-156.2771,-45.2994,277.1,488.03183,0.0,976.109009,2.267925,,12.230285,1.223028,0.333448,1.829162,10.0,10.0,21.588133,0.0,21.588133,78.411867,59.630285,0.556248,9.660789
2026-08-10 23:42:36,347.29,96255,481,434.057,-38.0463,277.2,192.261856,-0.0,384.569031,2.266685,,10.071146,1.007115,1.923,0.990018,9.0,10.0,6.721966,0.0,6.721966,93.278034,70.738011,0.590158,9.660789
2026-08-10 23:42:37,349.08,96767,483,-245.3469,-41.6802,277.2,197.81041,-0.0,395.666351,2.276887,,6.052545,0.605254,1.905,0.89466,10.0,10.0,14.357579,0.0,14.357579,85.642421,64.985546,0.604286,9.660789
2026-08-10 23:42:39,350.97,97279,486,-808.19,-49.6595,277.2,1073.642212,-0.0,2147.330078,2.282136,,3.411131,0.341113,1.903,3.392705,10.0,10.0,22.079922,0.0,22.079922,77.920078,57.805426,0.869145,9.660789
2026-08-10 23:42:41,352.89,97791,488,-1225.4955,-64.8549,277.1,1509.959229,0.0,3019.963867,2.270743,,5.089208,0.508921,0.742129,1.655304,10.0,10.0,32.814859,0.0,32.814859,67.185141,50.002037,0.64214,9.660789
2026-08-10 23:42:43,354.64,98303,491,199.6033,-68.5114,277.2,47.576878,-0.0,95.19931,2.27774,,4.839998,0.484,1.917,0.625777,5.0,10.0,3.580322,0.0,3.580322,96.419678,73.41356,0.66771,9.660789
2026-08-10 23:42:45,356.5,98815,494,-830.4984,-80.8434,277.2,1615.973145,-0.0,3231.991699,2.269614,,6.163392,0.616339,1.397211,1.830818,10.0,10.0,26.382409,0.0,26.382409,73.617591,54.491281,0.670754,9.660789
2026-08-10 23:42:47,358.34,99327,496,-445.0717,-86.668,277.2,456.530853,0.0,913.107056,2.268666,,5.802571,0.580257,0.403373,2.008544,10.0,10.0,18.362704,0.0,18.362704,81.637296,62.1524,0.705555,9.660789
2026-08-10 23:42:48,360.13,99839,499,17.9035,-91.6087,277.2,138.909821,-0.0,277.865265,2.280824,,6.094503,0.60945,0.523295,1.299546,10.0,10.0,9.201202,0.0,9.201202,90.798798,68.642631,0.67839,9.660789
2026-08-10 23:42:50,361.99,100351,501,-456.7657,-102.6554,277.2,317.505493,0.0,635.056396,2.271683,,5.106119,0.510612,1.8828,2.795341,10.0,10.0,15.699238,0.0,15.699238,84.300762,62.947336,0.641578,10.998208
2026-08-10 23:42:52,363.8,100863,504,-239.6019,-110.7783,277.3,116.847267,0.0,233.739822,2.264058,,5.877542,0.587754,1.90695,1.333288,10.0,10.0,12.270345,0.0,12.270345,87.729655,66.784014,0.562829,10.998208
2026-08-10 23:42:54,365.62,101375,506,-254.4355,-112.0424,277.3,345.255859,0.0,690.557251,2.277957,,6.796065,0.679607,1.89595,1.690708,10.0,10.0,13.902892,0.0,13.902892,86.097108,65.053492,0.595869,10.998208
2026-08-10 23:42:56,367.46,101887,509,-347.5532,-111.2067,277.3,263.006287,0.0,526.057983,2.269905,,4.640782,0.464078,1.88595,2.002392,10.0,10.0,12.559554,0.0,12.559554,87.440446,65.361808,0.682559,10.998208
2026-08-10 23:42:58,369.32,102399,512,-1153.0501,-124.9481,277.3,1008.197021,0.0,2016.439209,2.259412,,5.430258,0.543026,1.7912,2.139151,10.0,10.0,27.986631,0.0,27.986631,72.013369,54.050262,0.602829,10.998208
2026-08-10 23:42:59,371.15,102911,514,-812.3766,-135.1268,277.3,605.260315,0.0,1210.565674,2.254208,,6.204892,0.620489,0.867664,0.976817,10.0,10.0,22.804387,0.0,22.804387,77.195613,58.044179,0.647112,10.998208
2026-08-10 23:43:01,373.06,103423,517,-482.6707,-139.3436,277.2,508.605347,-0.0,1017.256165,2.272652,,6.826782,0.682678,1.91511,4.019722,10.0,10.0,17.655781,0.0,17.655781,82.344219,60.598495,0.703013,10.998208
2026-08-10 23:43:03,374.83,103935,519,318.8989,-141.9611,277.3,188.449127,-0.0,376.943542,2.263967,,8.70934,0.870934,1.905,0.650407,5.0,10.0,6.174457,0.0,6.174457,93.825543,71.840664,0.490381,10.998208
2026-08-10 23:43:05,376.6,104447,522,177.6932,-132.9898,277.3,213.468185,-0.0,426.981628,2.263119,,7.415514,0.741551,0.961437,0.175678,1.0,2.0,6.906764,0.0,6.906764,93.093236,70.929554,0.574695,10.998208
2026-08-10 23:43:07,378.36,104959,524,774.5404,-130.7247,277.4,325.052032,-0.0,650.149231,2.259445,,10.649309,1.064931,1.91095,1.035161,8.0,10.0,0.425678,0.0,0.425678,99.574322,76.030251,0.582964,10.998208
2026-08-10 23:43:09,380.21,105471,527,-36.4394,-128.0203,277.4,327.092377,0.0,654.230225,2.274349,,9.251805,0.92518,1.924,1.954989,10.0,10.0,13.200083,0.0,13.200083,86.799917,65.033078,0.597705,10.998208
2026-08-10 23:43:11,382.17,105983,529,-1199.8239,-136.7203,277.3,1707.758667,-0.0,3415.5625,2.257663,,5.856547,0.585655,0.369713,4.46579,10.0,10.0,29.673409,0.0,29.673409,70.326591,52.317411,0.611467,10.998208
2026-08-10 23:43:12,383.99,106495,532,-602.5003,-140.795,277.3,325.359192,-0.0,650.763611,2.261557,,6.136476,0.613648,1.9089,1.517864,10.0,10.0,18.964711,0.0,18.964711,81.035289,61.062499,0.586687,10.998208
2026-08-10 23:43:14,385.82,107007,535,-540.6668,-144.9515,277.3,193.073013,-0.0,386.191498,2.273158,,5.051597,0.50516,1.318717,1.820835,10.0,10.0,16.517416,0.0,16.517416,83.482584,63.091608,0.692008,10.998208
2026-08-10 23:43:16,387.62,107519,537,-74.6933,-146.5201,277.4,228.614151,-0.0,457.273499,2.259555,,4.962606,0.496261,0.349977,1.442202,10.0,10.0,8.402774,0.0,8.402774,91.597226,70.174656,0.613241,10.998208
2026-08-10 23:43:18,389.43,108031,540,-237.1147,-143.5855,277.4,728.360962,0.0,1456.76709,2.258533,,8.161157,0.816116,1.9069,1.190369,10.0,10.0,15.395691,0.0,15.395691,84.604309,63.728342,0.614206,10.998208
2026-08-10 23:43:20,391.23,108543,542,32.7662,-143.2834,277.4,767.683289,-0.0,1535.411865,2.263105,,10.218327,1.021833,1.902,0.881923,10.0,10.0,13.092985,0.0,13.092985,86.907015,67.420564,0.631596,10.998208
2026-08-10 23:43:21,393.03,109055,545,206.1799,-139.2604,277.5,156.558777,-0.0,313.162903,2.267116,,8.440666,0.844067,1.89795,1.506231,10.0,10.0,8.117463,0.0,8.117463,91.882537,69.68519,0.526053,10.998208
2026-08-10 23:43:23,394.85,109567,547,-120.0289,-144.4979,277.5,161.129486,0.0,322.304169,2.259471,,5.933251,0.593325,1.91395,1.760446,10.0,10.0,10.432187,0.0,10.432187,89.567813,68.440016,0.666445,10.998208
2026-08-10 23:43:25,396.69,110079,550,-553.5176,-149.4741,277.5,535.16748,-0.0,1070.380127,2.256974,,4.465351,0.446535,1.021634,1.931236,10.0,10.0,16.157307,0.0,16.157307,83.842693,63.679728,0.708819,10.998208
2026-08-10 23:43:27,398.45,110591,552,471.5083,-146.1591,277.6,104.91378,-0.0,209.872955,2.269989,,6.836706,0.683671,1.922,0.656463,4.0,10.0,0.933317,0.0,0.933317,99.066683,76.55129,0.475516,10.998208
2026-08-10 23:43:29,400.32,111103,555,-569.5648,-153.7218,277.5,957.693665,-0.0,1915.432373,2.255227,,6.66165,0.666165,0.44063,2.283162,10.0,10.0,19.444552,0.0,19.444552,80.555448,60.262757,0.663648,10.998208
2026-08-10 23:43:31,402.24,111615,558,-2044.1545,-176.4201,277.5,4445.994629,0.0,8892.03418,2.247601,,6.836762,0.683676,0.502507,2.819914,10.0,10.0,45.519403,0.0,45.519403,54.480597,39.684905,0.645937,10.998208
2026-08-10 23:43:32,404.13,112127,560,-316.6985,-185.9328,277.5,108.324409,-0.0,216.693481,2.232872,,12.194559,1.219456,1.92895,3.471871,10.0,10.0,22.317973,0.0,22.317973,77.682027,57.983479,0.623712,10.998208
2026-08-10 23:43:34,405.95,112639,563,310.644,-188.6172,277.5,414.782349,-0.0,829.609802,2.254707,,10.34517,1.034517,1.921,1.665115,10.0,10.0,8.158722,0.0,8.158722,91.841278,69.908943,0.66965,11.959992
2026-08-10 23:43:36,407.69,113151,565,645.1876,-181.4446,277.5,229.458725,0.0,458.962555,2.255702,,8.772826,0.877283,1.888,0.640819,4.0,10.0,0.495836,0.0,0.495836,99.504164,76.252639,0.566868,11.959992
2026-08-10 23:43:38,409.44,113663,568,646.2556,-177.6242,277.6,271.773346,-0.0,543.591919,2.260992,,11.146328,1.114633,1.914,0.668994,3.0,10.0,3.058136,0.0,3.058136,96.941864,74.443252,0.680925,11.959992
2026-08-10 23:43:40,411.34,114175,570,-1124.9771,-188.3128,277.6,1625.775879,0.0,3251.596924,2.25353,,6.036962,0.603696,0.692566,3.411913,10.0,10.0,26.060312,0.0,26.060312,73.939688,54.917661,0.702289,11.959992
2026-08-10 23:43:42,413.21,114687,573,-1153.8993,-198.534,277.6,1372.440186,0.0,2744.925293,2.248265,,5.729328,0.572933,1.063932,1.882554,10.0,10.0,26.349204,0.0,26.349204,73.650796,55.424031,0.610097,11.959992
2026-08-10 23:43:43,414.96,115199,576,470.5438,-188.8442,277.6,111.538559,0.0,223.122345,2.261343,,6.671558,0.667156,1.913,0.778745,6.0,10.0,0.686861,0.0,0.686861,99.313139,75.996676,0.606754,11.959992
2026-08-10 23:43:45,416.8,115711,578,-56.6142,-187.2082,277.6,43.583939,-0.0,87.212929,2.252767,,6.749359,0.674936,1.92095,2.475966,10.0,10.0,9.807365,0.0,9.807365,90.192635,67.852901,0.753591,11.959992
2026-08-10 23:43:47,418.57,116223,581,239.599,-182.1697,277.7,137.683105,-0.0,275.41156,2.266877,,7.744045,0.774404,1.923,0.704154,10.0,10.0,5.773087,0.0,5.773087,94.226913,71.962556,0.625936,11.959992
2026-08-10 23:43:49,420.35,116735,583,312.2611,-181.4685,277.7,185.970764,-0.0,371.986603,2.254404,,7.637499,0.76375,1.9004,1.34063,10.0,10.0,4.555506,0.0,4.555506,95.444494,72.473019,0.571935,11.959992
2026-08-10 23:43:51,422.23,117247,586,-740.055,-193.3215,277.7,576.421082,-0.0,1152.886963,2.241554,,6.766263,0.676626,1.919,2.800015,10.0,10.0,20.953919,0.0,20.953919,79.046081,59.012421,0.685426,11.959992
2026-08-10 23:43:52,424.05,117759,588,-460.6653,-198.0654,277.7,710.831299,-0.0,1421.707642,2.252375,,6.617132,0.661713,1.75899,1.691394,10.0,10.0,15.874275,0.0,15.874275,84.125725,63.395025,0.656081,11.959992
2026-08-10 23:43:54,425.99,118271,591,-1447.1375,-210.3818,277.6,1080.827393,0.0,2161.699707,2.247375,,3.419513,0.341951,0.800646,2.814757,10.0,10.0,27.883731,0.0,27.883731,72.116269,53.349776,0.734502,11.959992
2026-08-10 23:43:56,427.93,118783,593,-1632.8616,-230.989,277.6,1644.0896,-0.0,3288.224121,2.247358,,3.597809,0.359781,0.670065,4.544479,10.0,10.0,31.564523,0.0,31.564523,68.435477,50.416243,0.741465,11.959992
2026-08-10 23:43:58,429.84,119295,596,-1238.0819,-251.0281,277.5,901.227051,0.0,1802.499146,2.251311,,3.377403,0.33774,4.3e-05,3.786168,10.0,10.0,24.713402,0.0,24.713402,75.286598,55.344128,0.840545,11.959992
2026-08-10 23:44:00,431.79,119807,599,-1497.522,-271.1915,277.5,1375.355835,0.0,2750.756348,2.237306,,4.653823,0.465382,1.924,5.22205,10.0,10.0,30.968574,0.0,30.968574,69.031426,50.270633,0.738419,11.959992
2026-08-10 23:44:02,433.71,120319,601,-1244.5741,-282.3778,277.4,1725.790039,0.0,3451.625,2.246327,,8.151204,0.81512,1.159864,3.342411,10.0,10.0,30.501222,0.0,30.501222,69.498778,51.639485,0.591554,11.959992
2026-08-10 23:44:04,435.68,120831,604,-1701.1991,-300.461,277.3,1578.325684,-0.0,3156.696289,2.250953,,4.660353,0.466035,0.179195,5.636227,10.0,10.0,34.250657,0.0,34.250657,65.749343,47.586539,0.690935,11.959992
2026-08-10 23:44:06,437.54,121343,606,-162.1953,-304.6116,277.3,134.106369,-0.0,268.257904,2.258722,,6.537877,0.653788,1.915,2.712551,10.0,10.0,11.013621,0.0,11.013621,88.986379,67.363618,0.577385,11.959992
2026-08-10 23:44:08,439.41,121855,609,-578.9039,-312.4942,277.3,490.518372,-0.0,981.081787,2.253678,,5.783499,0.57835,1.90285,3.021576,10.0,10.0,16.871043,0.0,16.871043,83.128957,62.288567,0.661925,11.959992
2026-08-10 23:44:10,441.22,122367,611,-34.3681,-312.254,277.3,157.800781,0.0,315.646729,2.258577,,6.533338,0.653334,1.9019,2.288231,10.0,10.0,8.884445,0.0,8.884445,91.115555,69.084633,0.637667,11.959992
2026-08-10 23:44:11,443.06,122879,614,-372.6677,-312.0174,277.3,181.877243,-0.0,363.799377,2.244357,,7.629162,0.762916,1.8929,2.161068,10.0,10.0,15.77795,0.0,15.77795,84.22205,62.959052,0.641088,11.959992
2026-08-10 23:44:13,444.87,123391,616,-154.8037,-320.4831,277.4,357.22644,-0.0,714.497803,2.245658,,9.020146,0.902015,1.909,1.549854,10.0,10.0,13.799575,0.0,13.799575,86.200425,65.685886,0.573419,11.959992
2026-08-10 23:44:15,446.7,123903,619,-1129.8033,-333.6106,277.4,2250.288086,0.0,4500.621094,2.253938,,5.821326,0.582133,1.894,1.519041,10.0,10.0,25.592092,0.0,25.592092,74.407908,55.278065,0.667276,11.959992
2026-08-10 23:44:17,448.48,124415,622,407.0906,-330.6553,277.4,226.054352,0.0,452.153809,2.255685,,9.899108,0.989911,1.891,1.184048,10.0,10.0,5.815498,0.0,5.815498,94.184502,71.497893,0.604173,11.959992
2026-08-10 23:44:19,450.34,124927,624,-455.8351,-334.6383,277.4,490.591644,-0.0,981.228333,2.253124,,9.646485,0.964648,1.935,2.668906,10.0,10.0,19.672099,0.0,19.672099,80.327901,61.093852,0.682555,11.959992
2026-08-10 23:44:21,452.22,125439,627,-456.827,-342.0586,277.4,602.318848,0.0,1204.682739,2.25154,,9.345095,0.934509,1.92995,3.073329,10.0,10.0,17.998008,0.0,17.998008,82.001992,61.639116,0.621604,13.113469
2026-08-10 23:44:22,454.0,125951,629,-132.5227,-333.729,277.4,287.752502,-0.0,575.549927,2.247536,,6.711706,0.671171,1.904,1.479224,10.0,10.0,9.784661,0.0,9.784661,90.215339,68.151241,0.580855,13.113469
2026-08-10 23:44:24,455.88,126463,632,-1272.2768,-345.1205,277.4,1804.5271,-0.0,3609.099121,2.248952,,6.349286,0.634929,0.364158,3.159798,10.0,10.0,26.631601,0.0,26.631601,73.368399,54.874283,0.540951,13.113469
2026-08-10 23:44:26,457.68,126975,634,-562.1334,-350.8111,277.4,446.966736,-0.0,893.978638,2.258193,,6.408917,0.640892,1.9109,1.659136,10.0,10.0,15.787793,0.0,15.787793,84.212207,63.349433,0.479209,13.113469
2026-08-10 23:44:28,459.42,127487,637,352.0372,-348.9429,277.5,185.146622,0.0,370.338531,2.264563,,7.407689,0.740769,1.92195,0.427447,2.0,10.0,3.265471,0.0,3.265471,96.734529,73.915687,0.513763,13.113469
2026-08-10 23:44:30,461.22,127999,640,180.6874,-348.0264,277.5,88.557503,0.0,177.160172,2.257926,,9.034622,0.903462,1.899,1.738147,10.0,10.0,7.748825,0.0,7.748825,92.251175,70.021439,0.538314,13.113469
2026-08-10 23:44:31,462.97,128511,642,119.3082,-348.5496,277.6,85.080528,-0.0,170.20636,2.265044,,5.410782,0.541078,1.89795,0.90177,10.0,10.0,4.401069,0.0,4.401069,95.598931,72.512846,0.748269,13.113469
2026-08-10 23:44:33,464.78,129023,645,-228.8027,-347.1022,277.6,111.612831,0.0,223.270752,2.254804,,7.88076,0.788076,1.782093,1.762491,10.0,10.0,12.370103,0.0,12.370103,87.629897,65.726167,0.664766,13.113469
2026-08-10 23:44:35,466.58,129535,647,-555.0587,-342.5356,277.6,471.494537,0.0,943.033936,2.242683,,7.557052,0.755705,1.000867,1.018772,10.0,10.0,16.70401,0.0,16.70401,83.29599,63.171842,0.559944,13.113469
2026-08-10 23:44:37,468.37,130047,650,391.8015,-335.5276,277.7,129.23027,0.0,258.505798,2.263505,,7.057336,0.705734,1.918,1.544591,10.0,10.0,2.505982,0.0,2.505982,97.494018,74.155977,0.643219,13.113469
2026-08-10 23:44:39,470.2,130559,652,-403.891,-333.8008,277.7,380.15509,-0.0,760.355347,2.256806,,7.816879,0.781688,1.89695,2.017488,10.0,10.0,15.137345,0.0,15.137345,84.862655,63.910332,0.58321,13.113469
2026-08-10 23:44:40,471.97,131071,655,155.6974,-336.3196,277.7,248.122818,0.0,496.290955,2.266525,,7.380178,0.738018,1.925,1.004793,10.0,10.0,6.230353,0.0,6.230353,93.769647,70.907642,0.557336,13.113469
2026-08-10 23:44:42,473.81,131583,657,-1653.6655,-359.3731,277.7,1623.967529,0.0,3247.980225,2.253777,,5.482061,0.548206,0.404915,1.487302,10.0,10.0,30.941136,0.0,30.941136,69.058864,51.76579,0.560786,13.113469
2026-08-10 23:44:44,475.68,132095,660,-595.0509,-369.1721,277.7,545.153931,0.0,1090.352905,2.253323,,6.172942,0.617294,1.675345,3.121183,10.0,10.0,16.121153,0.0,16.121153,83.878847,62.05286,0.598004,13.113469
2026-08-10 23:44:46,477.49,132607,663,59.1407,-369.0854,277.7,186.999603,-0.0,374.044434,2.261132,,10.067723,1.006772,1.8917,1.876524,10.0,10.0,10.723163,0.0,10.723163,89.276837,66.966978,0.603196,13.113469
2026-08-10 23:44:48,479.33,133119,665,-401.1065,-365.7188,277.7,819.989868,-0.0,1640.025024,2.264202,,8.505289,0.850529,1.9229,1.906746,10.0,10.0,15.65762,0.0,15.65762,84.34238,63.034677,0.658661,13.113469
2026-08-10 23:44:50,481.17,133631,668,-879.5541,-368.0141,277.7,834.478638,-0.0,1669.002441,2.258197,,6.555107,0.655511,1.494531,2.387934,10.0,10.0,20.566051,0.0,20.566051,79.433949,59.196368,0.65282,13.113469
2026-08-10 23:44:51,483.05,134143,670,-1120.2441,-380.678,277.7,1487.28125,-0.0,2974.607422,2.251269,,8.17182,0.817182,1.932,3.036984,10.0,10.0,26.153056,0.0,26.153056,73.846944,54.841646,0.661686,13.113469
2026-08-10 23:44:53,484.9,134655,673,-406.1795,-378.8605,277.7,389.247559,-0.0,778.540466,2.266839,,7.954487,0.795449,1.909,2.425151,10.0,10.0,15.420194,0.0,15.420194,84.579806,63.878701,0.659676,13.113469
2026-08-10 23:44:55,486.73,135167,675,213.4219,-374.821,277.7,123.533806,-0.0,247.112854,2.262084,,9.282718,0.928272,1.919,2.04713,10.0,10.0,7.56274,0.0,7.56274,92.43726,70.401405,0.560128,13.113469
2026-08-10 23:44:57,488.58,135679,678,-33.1469,-375.8042,277.7,146.785461,-0.0,293.616272,2.267716,,9.730772,0.973077,1.932,2.631065,10.0,10.0,12.057887,0.0,12.057887,87.942113,65.805244,0.596244,13.113469
2026-08-10 23:44:59,490.44,136191,680,225.2074,-368.6597,277.7,74.164619,-0.0,148.374542,2.265005,,8.550447,0.855045,1.919,1.762022,10.0,10.0,6.733676,0.0,6.733676,93.266324,70.855452,0.581991,13.113469
2026-08-10 23:45:01,492.31,136703,683,-1350.5274,-380.4424,277.7,2515.414307,0.0,5030.874023,2.264729,,4.317957,0.431796,1.204651,2.758223,10.0,10.0,25.487738,0.0,25.487738,74.512262,55.364725,0.677131,13.113469
2026-08-10 23:45:02,494.05,137215,686,432.9586,-374.461,277.7,116.097466,-0.0,232.24028,2.267308,,5.669073,0.566907,1.91695,0.177941,1.0,2.0,0.0,0.0,0.0,100.0,76.658548,0.707205,13.113469
2026-08-10 23:45:04,495.87,137727,688,-135.4253,-369.6319,277.8,138.069,0.0,276.183289,2.264085,,5.612478,0.561248,1.919,1.798856,10.0,10.0,8.294555,0.0,8.294555,91.705445,69.07188,0.682701,13.770634
2026-08-10 23:45:06,497.69,138239,691,-822.4016,-383.4785,277.8,1587.122437,-0.0,3174.290039,2.258891,,6.596578,0.659658,1.784463,1.868706,10.0,10.0,18.907783,0.0,18.907783,81.092217,60.665639,0.730739,13.770634
2026-08-10 23:45:08,499.52,138751,693,-252.5746,-380.3734,277.8,119.251373,-0.0,238.547821,2.253664,,7.673727,0.767373,1.914,2.35597,10.0,10.0,12.043127,0.0,12.043127,87.956873,66.361455,0.733136,13.770634
2026-08-10 23:45:10,501.38,139263,696,-389.3795,-387.2048,277.8,359.502289,-0.0,719.0495,2.246174,,9.626231,0.962623,1.914,2.799378,10.0,10.0,16.27487,0.0,16.27487,83.72513,62.440055,0.66758,13.770634
2026-08-10 23:45:12,503.2,139775,698,-1196.0456,-389.9607,277.8,927.050964,-0.0,1854.146973,2.251935,,8.39451,0.839451,1.88995,1.194074,10.0,10.0,26.030776,0.0,26.030776,73.969224,55.399577,0.524259,13.770634
2026-08-10 23:45:13,505.09,140287,701,-2256.7207,-406.3392,277.7,2932.875488,-0.0,5865.795898,2.256626,,5.023275,0.502327,0.32589,1.931627,10.0,10.0,37.461561,0.0,37.461561,62.538439,45.965385,0.564926,13.770634
2026-08-10 23:45:15,506.85,140799,704,651.5156,-399.2384,277.8,397.889801,0.0,795.824951,2.266443,,12.480055,1.248005,1.513042,0.248693,1.0,3.0,3.879474,0.0,3.879474,96.120526,73.575216,0.610404,13.770634
2026-08-10 23:45:17,508.67,141311,706,-401.2999,-400.701,277.8,733.150574,-0.0,1466.346436,2.26217,,7.724303,0.77243,1.921,1.524975,10.0,10.0,13.815717,0.0,13.815717,86.184283,65.225817,0.72044,13.770634
2026-08-10 23:45:19,510.54,141823,709,-1694.226,-413.9294,277.8,1928.760376,-0.0,3857.565674,2.244806,,5.251671,0.525167,0.086678,2.19252,10.0,10.0,30.028071,0.0,30.028071,69.971929,52.076058,0.543163,13.770634
2026-08-10 23:45:21,512.42,142335,711,-1577.7921,-426.5991,277.8,1455.115723,-0.0,2910.276611,2.258808,,4.549709,0.454971,1.919,3.037794,10.0,10.0,27.507356,0.0,27.507356,72.492644,54.777185,0.594935,13.770634
2026-08-10 23:45:23,514.28,142847,714,-1030.9041,-428.4674,277.8,708.169189,0.0,1416.383545,2.260295,,3.344468,0.334447,0.295501,2.549582,10.0,10.0,18.418423,0.0,18.418423,81.581577,60.536189,0.759426,13.770634
2026-08-10 23:45:25,516.18,143359,716,-1701.0289,-442.0585,277.7,2534.149902,0.0,5068.344727,2.235474,,4.821453,0.482145,1.011844,3.496073,10.0,10.0,29.729519,0.0,29.729519,70.270481,52.701139,0.655943,13.770634
2026-08-10 23:45:26,518.08,143871,719,-1468.4345,-440.9923,277.7,2016.624878,-0.0,4033.294922,2.257248,,7.778405,0.777841,1.708772,3.357864,10.0,10.0,29.334865,0.0,29.334865,70.665135,51.605566,0.594586,13.770634
2026-08-10 23:45:28,519.89,144383,721,-807.4054,-444.9165,277.7,696.499207,0.0,1393.043457,2.249478,,7.888625,0.788863,1.133311,1.201906,10.0,10.0,20.015471,0.0,20.015471,79.984529,61.043779,0.555434,13.770634
2026-08-10 23:45:30,521.72,144895,724,-241.9865,-446.7244,277.7,79.332535,0.0,158.710236,2.258476,,6.830989,0.683099,1.919,2.448963,10.0,10.0,11.112118,0.0,11.112118,88.887882,67.067953,0.662419,13.770634
2026-08-10 23:45:32,523.57,145407,727,260.1457,-443.4262,277.7,81.005043,0.0,162.055115,2.25153,,11.456668,1.145667,1.9169,2.438158,10.0,10.0,8.653609,0.0,8.653609,91.346391,69.155768,0.661639,13.770634
2026-08-10 23:45:34,525.39,145919,729,126.1593,-440.8431,277.7,381.901093,0.0,763.84729,2.255152,,12.956975,1.295697,1.93595,1.406272,10.0,10.0,11.868677,0.0,11.868677,88.131323,66.636843,0.646852,13.770634
2026-08-10 23:45:36,527.23,146431,732,-235.6416,-443.6814,277.7,458.068573,-0.0,916.18219,2.251779,,11.871734,1.187173,1.91095,2.673432,10.0,10.0,16.003426,0.0,16.003426,83.996574,61.424769,0.677713,13.770634
2026-08-10 23:45:37,529.11,146943,734,-2339.7973,-465.5166,277.7,2993.773926,0.0,5987.592773,2.252433,,6.256295,0.62563,0.897984,2.036035,10.0,10.0,39.960781,0.0,39.960781,60.039219,44.768892,0.564431,13.770634
2026-08-10 23:45:39,530.95,147455,737,-663.4588,-476.4918,277.7,463.867889,-0.0,927.780701,2.246165,,7.781178,0.778118,0.272306,2.764615,10.0,10.0,18.304726,0.0,18.304726,81.695274,60.818,0.592024,13.770634
2026-08-10 23:45:41,532.74,147967,739,-553.1465,-479.5698,277.7,787.866943,-0.0,1575.778931,2.253706,,6.63262,0.663262,0.262838,1.207032,10.0,10.0,15.268852,0.0,15.268852,84.731148,65.071691,0.548616,13.770634
2026-08-10 23:45:43,534.66,148479,742,-1597.8141,-487.466,277.7,1706.407104,-0.0,3412.859375,2.253109,,5.251712,0.525171,1.8916,3.939504,10.0,10.0,28.766837,0.0,28.766837,71.233163,51.951076,0.634246,13.770634
2026-08-10 23:45:45,536.47,148991,744,-1435.7287,-489.5683,277.7,2554.785645,-0.0,5109.616211,2.244692,,5.831416,0.583142,0.423784,0.607991,10.0,10.0,26.617695,0.0,26.617695,73.382305,55.59577,0.603305,13.770634
2026-08-10 23:45:47,538.29,149503,747,-366.3106,-495.2275,277.7,100.490807,0.0,201.02681,2.259813,,6.172996,0.6173,1.902,2.020782,10.0,10.0,12.005163,0.0,12.005163,87.994837,66.440796,0.666695,13.770634
2026-08-10 23:45:48,540.13,150015,750,-1006.0057,-496.9825,277.7,872.144348,-0.0,1744.33374,2.249646,,6.689917,0.668992,1.591826,1.806147,10.0,10.0,21.740573,0.0,21.740573,78.259427,58.924814,0.639506,15.421042
2026-08-10 23:45:50,541.93,150527,752,-358.2395,-496.1142,277.8,511.006348,0.0,1022.057983,2.263435,,7.904171,0.790417,0.353671,1.241817,10.0,10.0,12.380377,0.0,12.380377,87.619623,66.177729,0.591288,15.421042
2026-08-10 23:45:52,543.81,151039,755,-1786.5234,-514.1585,277.7,2131.470947,0.0,4262.986816,2.243652,,5.565469,0.556547,0.77351,3.210068,10.0,10.0,28.130274,0.0,28.130274,71.869726,52.865063,0.69594,15.421042
2026-08-10 23:45:54,545.66,151551,757,-911.9101,-518.7099,277.7,615.288208,0.0,1230.62146,2.250757,,5.584901,0.55849,1.758143,2.618266,10.0,10.0,17.286097,0.0,17.286097,82.713903,62.168918,0.587782,15.421042
2026-08-10 23:45:56,547.58,152063,760,-1826.6096,-534.58,277.7,2550.390137,-0.0,5100.824707,2.233174,,8.147477,0.814748,0.91104,4.70933,10.0,10.0,31.264567,0.0,31.264567,68.735433,49.457393,0.639403,15.421042
2026-08-10 23:45:58,549.42,152575,762,-903.0384,-541.066,277.7,2110.943359,-0.0,4221.931641,2.246227,,9.875127,0.987513,0.812958,1.873224,10.0,10.0,21.071712,0.0,21.071712,78.928288,60.353294,0.590515,15.421042
2026-08-10 23:46:00,551.31,153087,765,-1612.9105,-553.7196,277.7,1663.573853,-0.0,3327.192627,2.249235,,4.755277,0.475528,0.98909,3.258588,10.0,10.0,25.275319,0.0,25.275319,74.724681,55.138415,0.69467,15.421042
2026-08-10 23:46:02,553.27,153599,768,-586.4715,-548.0538,277.6,248.51683,0.0,497.078735,2.253289,,4.453655,0.445365,1.911,3.512368,10.0,10.0,12.054666,0.0,12.054666,87.945334,66.030833,0.696888,15.421042
2026-08-10 23:46:03,555.05,154111,770,-1187.1717,-551.8018,277.7,2331.506592,-0.0,4663.058105,2.249294,,4.582666,0.458267,1.90795,0.886114,10.0,10.0,19.527533,0.0,19.527533,80.472467,60.397162,0.756679,15.421042
2026-08-10 23:46:05,556.87,154623,773,-1221.1933,-559.187,277.7,1911.918579,0.0,3823.882324,2.255489,,6.767911,0.676791,1.790741,1.570653,10.0,10.0,21.865226,0.0,21.865226,78.134774,58.557718,0.700833,15.421042
2026-08-10 23:46:07,558.64,155135,775,-319.0341,-565.5663,277.7,346.161896,-0.0,692.368896,2.25491,,6.280646,0.628065,1.421463,0.745543,10.0,10.0,10.135648,0.0,10.135648,89.864352,68.063297,0.722705,15.421042
2026-08-10 23:46:09,560.54,155647,778,-591.3368,-573.2566,277.7,262.537048,-0.0,525.119141,2.251548,,6.803324,0.680332,1.508777,3.936363,10.0,10.0,14.647746,0.0,14.647746,85.352254,62.83629,0.697781,15.421042
2026-08-10 23:46:11,562.42,156159,780,-1430.7151,-595.3092,277.7,1720.361938,-0.0,3440.768555,2.238699,,6.80828,0.680828,1.448903,2.78211,10.0,10.0,24.865068,0.0,24.865068,75.134932,56.789411,0.627793,15.421042
2026-08-10 23:46:12,564.14,156671,783,633.987,-588.6049,277.7,347.763,-0.0,695.571106,2.256342,,11.048678,1.104868,1.916,0.455702,1.0,10.0,2.557446,0.0,2.557446,97.442554,73.977703,0.597786,15.421042
2026-08-10 23:46:14,565.96,157183,785,-985.5932,-586.4626,277.7,831.891174,0.0,1663.827026,2.235454,,9.642971,0.964297,1.9,2.02572,10.0,10.0,21.920018,0.0,21.920018,78.079982,58.661036,0.557837,15.421042
2026-08-10 23:46:16,567.81,157695,788,-647.6777,-586.9144,277.7,218.508179,-0.0,437.061218,2.243415,,7.645459,0.764546,1.898,2.694701,10.0,10.0,15.949446,0.0,15.949446,84.050554,62.525651,0.608997,15.421042
2026-08-10 23:46:18,569.68,158207,791,-1209.5838,-593.6036,277.7,1352.256836,0.0,2704.558594,2.240363,,4.088497,0.40885,1.864557,3.384943,10.0,10.0,19.516713,0.0,19.516713,80.483287,59.936677,0.74974,15.421042
2026-08-10 23:46:20,571.54,158719,793,-1582.3188,-608.6798,277.7,1632.19043,-0.0,3264.425781,2.249799,,4.450141,0.445014,0.301559,2.254907,10.0,10.0,24.479486,0.0,24.479486,75.520514,56.535563,0.580504,15.421042
2026-08-10 23:46:22,573.43,159231,796,-1950.8467,-625.8171,277.7,2940.73877,-0.0,5881.522461,2.235072,,7.021036,0.702104,0.948322,3.197541,10.0,10.0,31.694344,0.0,31.694344,68.305656,50.807464,0.59366,15.421042
2026-08-10 23:46:24,575.22,159743,798,208.3748,-624.0611,277.7,146.189362,0.0,292.423859,2.257243,,8.750775,0.875078,1.907,1.522847,10.0,10.0,6.020728,0.0,6.020728,93.979272,71.363408,0.564938,15.421042
2026-08-10 23:46:25,577.04,160255,801,-99.2866,-627.1157,277.7,493.916931,0.0,987.878906,2.250766,,8.918516,0.891852,0.755787,1.619946,10.0,10.0,10.026923,0.0,10.026923,89.973077,68.02118,0.612512,15.421042
2026-08-10 23:46:27,578.87,160767,803,-1156.5558,-637.481,277.7,1171.779663,-0.0,2343.604004,2.237894,,9.269929,0.926993,0.301943,2.09034,10.0,10.0,23.86862,0.0,23.86862,76.13138,57.545184,0.602424,15.421042
2026-08-10 23:46:29,580.68,161279,806,139.781,-630.548,277.7,164.812912,-0.0,329.670898,2.253798,,9.273008,0.927301,1.908,2.325117,10.0,10.0,7.534956,0.0,7.534956,92.465044,69.637901,0.650039,15.421042
2026-08-10 23:46:31,582.54,161791,808,-1105.019,-646.3133,277.7,714.432739,-0.0,1428.910156,2.235481,,7.703889,0.770389,0.940163,2.607269,10.0,10.0,21.675225,0.0,21.675225,78.324775,58.219849,0.5463,15.421042
2026-08-10 23:46:33,584.36,162303,811,73.1395,-639.8862,277.7,205.806259,-0.0,411.65744,2.246391,,10.912972,1.091297,1.9028,2.209773,10.0,10.0,9.818993,0.0,9.818993,90.181007,67.186018,0.634853,15.421042
2026-08-10 23:46:34,586.13,162815,814,316.9471,-616.2752,277.8,176.229431,-0.0,352.503845,2.249635,,9.153125,0.915313,1.91795,1.227461,10.0,10.0,4.827265,0.0,4.827265,95.172735,71.806407,0.611484,16.712832
2026-08-10 23:46:36,587.9,163327,816,-524.0687,-618.3489,277.8,368.222717,-0.0,736.490356,2.247169,,6.792683,0.679268,0.992118,0.968337,10.0,10.0,12.204568,0.0,12.204568,87.795432,66.772134,0.618576,16.712832
2026-08-10 23:46:38,589.69,163839,819,-288.1942,-624.3373,277.8,345.069092,0.0,690.183105,2.246357,,8.82048,0.882048,1.921,1.532087,10.0,10.0,11.296769,0.0,11.296769,88.703231,66.611982,0.59582,16.712832
2026-08-10 23:46:40,591.53,164351,821,-487.6799,-635.666,277.8,892.283875,-0.0,1784.612671,2.243146,,10.793264,1.079326,1.912597,1.700817,10.0,10.0,15.34712,0.0,15.34712,84.65288,64.653096,0.588331,16.712832
2026-08-10 23:46:42,593.35,164863,824,-1240.3259,-654.5318,277.9,1923.60144,0.0,3847.247559,2.227802,,9.548853,0.954885,1.641834,0.967418,10.0,10.0,23.037474,0.0,23.037474,76.962526,57.933741,0.593904,16.712832
2026-08-10 23:46:44,595.17,165375,826,-44.8069,-643.7301,277.9,241.155273,-0.0,482.35553,2.249492,,8.534793,0.853479,1.9239,2.523727,10.0,10.0,8.519654,0.0,8.519654,91.480346,68.961378,0.653166,16.712832
2026-08-10 23:46:45,596.99,165887,829,-647.3733,-638.6648,277.9,972.040344,-0.0,1944.125732,2.251872,,4.126787,0.412679,1.907,1.5842,10.0,10.0,11.433749,0.0,11.433749,88.566251,67.4518,0.758492,16.712832
2026-08-10 23:46:47,598.74,166399,832,197.8923,-641.3913,277.9,342.64505,-0.0,685.334839,2.237146,,9.713568,0.971357,1.63983,0.30513,1.0,10.0,6.251789,0.0,6.251789,93.748211,71.761058,0.605329,16.712832
2026-08-10 23:46:49,600.62,166911,834,-1109.6038,-651.9212,277.9,2216.189453,0.0,4432.423828,2.240585,,8.305492,0.830549,1.839782,2.638536,10.0,10.0,20.359301,0.0,20.359301,79.640699,59.231757,0.691724,16.712832
2026-08-10 23:46:51,602.41,167423,837,-308.6162,-657.4034,277.9,375.796295,0.0,751.637451,2.241812,,7.320425,0.732042,1.909,0.99591,10.0,10.0,10.227251,0.0,10.227251,89.772749,68.929796,0.681031,16.712832
2026-08-10 23:46:52,604.13,167935,839,186.7112,-658.6589,278.0,297.601868,-0.0,595.248779,2.252696,,7.236869,0.723687,1.745042,0.214033,1.0,2.0,4.256912,0.0,4.256912,95.743088,73.184981,0.589512,16.712832
2026-08-10 23:46:54,606.04,168447,842,-2080.9818,-672.0682,277.9,2308.805908,0.0,4617.656738,2.246828,,5.229758,0.522976,0.81936,2.953576,10.0,10.0,29.208478,0.0,29.208478,70.791522,51.578669,0.656096,16.712832
2026-08-10 23:46:56,607.97,168959,844,-2283.5786,-690.2973,277.9,3612.455322,0.0,7224.955078,2.226545,,4.772286,0.477229,1.130754,4.491998,10.0,10.0,31.647988,0.0,31.647988,68.352012,50.864568,0.689051,16.712832
2026-08-10 23:46:58,609.79,169471,847,-682.2384,-682.6483,277.9,695.654541,0.0,1391.35376,2.23168,,5.347749,0.534775,1.053612,2.051231,10.0,10.0,12.889268,0.0,12.889268,87.110732,64.939103,0.578658,16.712832
2026-08-10 23:47:00,611.59,169983,849,-378.9777,-670.1095,277.9,1207.328979,0.0,2414.702637,2.235409,,10.848598,1.08486,0.996392,1.064065,10.0,10.0,14.01344,0.0,14.01344,85.98656,65.806831,0.545613,16.712832
2026-08-10 23:47:02,613.45,170495,852,-2115.0425,-678.8791,277.9,4854.512695,-0.0,9709.069336,2.215115,,6.567805,0.65678,0.345961,1.97831,10.0,10.0,32.499303,0.0,32.499303,67.500697,50.052563,0.546029,16.712832
2026-08-10 23:47:04,615.31,171007,855,-399.9442,-667.9033,277.9,490.988312,-0.0,982.021118,2.225098,,8.271961,0.827196,1.917,3.128949,10.0,10.0,12.454997,0.0,12.454997,87.545003,66.012291,0.59261,16.712832
2026-08-10 23:47:05,617.09,171519,857,-288.6846,-658.3444,277.9,265.149597,-0.0,530.343872,2.235148,,6.810459,0.681046,1.548021,0.973876,10.0,10.0,9.44539,0.0,9.44539,90.55461,68.316416,0.63356,16.712832
2026-08-10 23:47:07,618.9,172031,860,-124.0609,-642.573,278.0,92.315285,-0.0,184.675171,2.229838,,6.734248,0.673425,1.548021,1.776087,10.0,10.0,7.791491,0.0,7.791491,92.208509,70.095265,0.632715,16.712832
2026-08-10 23:47:09,620.77,172543,862,-1326.6412,-654.2175,277.9,3277.115479,0.0,6554.275391,2.225415,,5.177901,0.51779,0.049063,1.504366,10.0,10.0,20.432319,0.0,20.432319,79.567681,59.949076,0.613845,16.712832
2026-08-10 23:47:11,622.61,173055,865,-204.1832,-650.4703,278.0,123.637505,-0.0,247.319427,2.220737,,7.404605,0.740461,1.8969,1.998715,10.0,10.0,9.268788,0.0,9.268788,90.731212,68.566587,0.678534,16.712832
2026-08-10 23:47:13,624.55,173567,867,-285.1452,-652.978,277.9,357.813416,0.0,715.671143,2.217015,,10.529836,1.052984,1.929,2.37436,10.0,10.0,12.66321,0.0,12.66321,87.33679,65.898038,0.672667,16.712832
2026-08-10 23:47:15,626.49,174079,870,340.2921,-645.8484,277.9,308.847565,-0.0,617.739685,2.226381,,11.540849,1.154085,1.9109,1.116365,10.0,10.0,5.89627,0.0,5.89627,94.10373,71.135367,0.696108,16.712832
2026-08-10 23:47:17,628.31,174591,872,690.7577,-637.3928,277.9,368.512604,-0.0,737.069946,2.235685,,14.177296,1.41773,1.936,0.541791,2.0,10.0,3.544529,0.0,3.544529,96.455471,73.55305,0.700569,16.712832
2026-08-10 23:47:18,630.14,175103,875,-745.1063,-633.5459,277.9,874.169373,0.0,1748.383301,2.226187,,7.885801,0.78858,1.915,1.704673,10.0,10.0,15.633972,0.0,15.633972,84.366028,63.32754,0.653429,17.449238
2026-08-10 23:47:20,631.92,175615,878,-265.485,-640.2716,277.9,74.755669,0.0,149.556,2.233474,,6.518365,0.651836,1.914,1.440078,10.0,10.0,8.637363,0.0,8.637363,91.362637,68.989347,0.645565,17.449238
2026-08-10 23:47:22,633.78,176127,880,-2180.4034,-657.5173,277.9,2667.992432,-0.0,5336.028809,2.205009,,5.151229,0.515123,0.615969,2.031502,10.0,10.0,28.917241,0.0,28.917241,71.082759,53.230929,0.651738,17.449238
2026-08-10 23:47:24,635.62,176639,883,-1121.7893,-664.1669,277.9,832.508606,0.0,1665.061768,2.227228,,4.090181,0.409018,1.90295,1.41976,10.0,10.0,16.079642,0.0,16.079642,83.920358,62.668859,0.752584,17.449238
2026-08-10 23:47:26,637.44,177151,885,-1297.5952,-675.8176,277.9,1083.819092,-0.0,2167.682617,2.218375,,4.669307,0.466931,1.909,1.70421,10.0,10.0,18.708845,0.0,18.708845,81.291155,61.637079,0.741983,17.449238
2026-08-10 23:47:28,639.26,177663,888,-291.0841,-666.0057,277.9,349.17337,0.0,698.391418,2.232515,,7.78829,0.778829,1.907,1.812409,10.0,10.0,10.01294,0.0,10.01294,89.98706,67.797924,0.587512,17.449238
2026-08-10 23:47:29,641.08,178175,890,-780.949,-668.1939,277.9,1035.7771,0.0,2071.598633,2.221528,,8.352201,0.83522,0.632458,1.024095,10.0,10.0,15.723222,0.0,15.723222,84.276778,64.35811,0.569038,17.449238
2026-08-10 23:47:31,642.91,178687,893,-470.0083,-676.4143,277.9,436.005951,0.0,872.056641,2.236851,,9.039714,0.903971,1.9228,1.646327,10.0,10.0,13.070234,0.0,13.070234,86.929766,65.924142,0.599939,17.449238
2026-08-10 23:47:33,644.72,179199,896,-60.5508,-678.8267,277.9,413.863129,0.0,827.770935,2.233783,,9.856154,0.985615,1.86,1.853664,10.0,10.0,9.367145,0.0,9.367145,90.632855,68.991187,0.571179,17.449238
2026-08-10 23:47:35,646.56,179711,898,-137.5526,-681.3953,278.0,334.599396,-0.0,669.243286,2.225646,,6.174007,0.617401,1.90795,2.149479,10.0,10.0,6.849484,0.0,6.849484,93.150516,70.151857,0.576421,17.449238
2026-08-10 23:47:37,648.41,180223,901,-582.4244,-684.9315,277.9,1368.216797,-0.0,2736.478027,2.225664,,9.247445,0.924744,1.899042,2.972096,10.0,10.0,14.707055,0.0,14.707055,85.292945,62.646632,0.611218,17.449238
2026-08-10 23:47:39,650.28,180735,903,-1658.1685,-695.9626,277.9,3674.13623,-0.0,7348.316895,2.225056,,7.301747,0.730175,1.895501,2.298101,10.0,10.0,25.20878,0.0,25.20878,74.79122,56.477503,0.70931,17.449238
2026-08-10 23:47:41,652.21,181247,906,-2212.2739,-722.0034,277.9,3421.257812,0.0,6842.560059,2.223051,,6.284521,0.628452,1.114965,3.799534,10.0,10.0,30.379681,0.0,30.379681,69.620319,50.255532,0.644885,17.449238
2026-08-10 23:47:42,654.05,181759,908,-388.9845,-721.8543,277.9,1765.784912,-0.0,3531.614502,2.231355,,9.783151,0.978315,1.923,1.985727,10.0,10.0,13.250153,0.0,13.250153,86.749847,66.630708,0.610297,17.449238
2026-08-10 23:47:44,655.85,182271,911,188.3324,-721.528,277.9,104.26387,0.0,208.572281,2.226979,,9.130233,0.913023,1.917,1.366409,10.0,10.0,5.775822,0.0,5.775822,94.224178,71.689426,0.627811,17.449238
2026-08-10 23:47:46,657.72,182783,913,-701.7889,-712.0092,277.9,662.786682,-0.0,1325.61792,2.225115,,7.481655,0.748165,1.92,2.88197,10.0,10.0,14.53648,0.0,14.53648,85.46352,64.343596,0.700164,17.449238
2026-08-10 23:47:48,659.62,183295,916,-1344.8505,-719.5072,277.9,1818.863892,-0.0,3637.772461,2.23005,,6.961184,0.696118,1.387806,3.639833,10.0,10.0,21.103061,0.0,21.103061,78.896939,58.193412,0.685149,17.449238
2026-08-10 23:47:50,661.53,183807,919,-1419.9651,-734.2983,277.9,1472.735352,0.0,2945.515137,2.222873,,6.251961,0.625196,1.269043,3.212759,10.0,10.0,21.482008,0.0,21.482008,78.517992,58.89104,0.645821,17.449238
2026-08-10 23:47:52,663.32,184319,921,-336.6955,-733.6541,277.9,490.439667,0.0,980.924194,2.241732,,8.810913,0.881091,1.148763,0.531753,3.0,10.0,11.225831,0.0,11.225831,88.774169,67.256107,0.627669,17.449238
2026-08-10 23:47:53,665.13,184831,924,-1036.5446,-735.2241,277.9,1907.812744,-0.0,3815.670166,2.238358,,6.557417,0.655742,1.306282,1.455462,10.0,10.0,17.09494,0.0,17.09494,82.90506,62.462099,0.723034,17.449238
2026-08-10 23:47:55,667.01,185343,926,-1787.1968,-741.8936,277.9,2235.379883,0.0,4470.804688,2.234724,,3.164796,0.31648,1.863271,2.827074,10.0,10.0,22.775387,0.0,22.775387,77.224613,57.93897,0.80141,17.449238
2026-08-10 23:47:57,668.81,185855,929,-187.271,-739.7045,277.9,342.648041,-0.0,685.340881,2.238495,,6.678567,0.667857,1.914,1.283998,10.0,10.0,7.931032,0.0,7.931032,92.068968,69.618979,0.55544,17.449238
2026-08-10 23:47:59,670.65,186367,931,-950.3186,-751.3419,277.9,1734.109741,-0.0,3468.263916,2.220297,,6.857026,0.685703,0.376333,1.878859,10.0,10.0,16.608304,0.0,16.608304,83.391696,62.828545,0.532482,17.449238
2026-08-10 23:48:01,672.48,186879,934,-703.092,-758.0413,277.9,922.598572,-0.0,1845.241943,2.237395,,8.394067,0.839407,1.91195,1.64974,10.0,10.0,15.027534,0.0,15.027534,84.972466,64.149674,0.61902,17.449238
2026-08-10 23:48:03,674.33,187391,936,-1052.62,-770.8196,277.9,802.52533,-0.0,1605.095459,2.237096,,6.651066,0.665107,0.822442,1.804883,10.0,10.0,17.461043,0.0,17.461043,82.538957,62.171559,0.57151,17.449238
2026-08-10 23:48:05,676.18,187903,939,-2043.1474,-777.7458,277.9,4958.794922,-0.0,9917.634766,2.224453,,5.050868,0.505087,0.169084,1.429334,10.0,10.0,27.712368,0.0,27.712368,72.287632,53.397922,0.630674,18.500058
2026-08-10 23:48:06,678.05,188415,942,-2667.5782,-808.7512,277.9,4616.151367,0.0,9232.347656,2.223426,,5.804132,0.580413,0.536822,1.092983,10.0,10.0,32.801096,0.0,32.801096,67.198904,49.467384,0.550112,18.500058
2026-08-10 23:48:08,679.82,188927,944,-629.8213,-813.6952,277.9,271.114471,-0.0,542.273621,2.232419,,9.214747,0.921475,1.90595,0.735958,10.0,10.0,14.072946,0.0,14.072946,85.927054,65.299663,0.568479,18.500058
2026-08-10 23:48:10,681.67,189439,947,-476.9084,-810.2402,277.9,158.215607,0.0,316.475891,2.233466,,7.304174,0.730417,1.861569,2.416462,10.0,10.0,11.307664,0.0,11.307664,88.692336,66.049371,0.588847,18.500058
2026-08-10 23:48:12,683.77,189951,949,-2883.0606,-836.5451,277.8,4255.569824,0.0,8511.183594,2.212736,,2.507414,0.250741,4.3e-05,4.641405,10.0,10.0,33.051317,0.0,33.051317,66.948683,49.543989,0.84606,18.500058
2026-08-10 23:48:14,685.53,190463,952,34.2006,-832.3093,277.8,401.031342,0.0,802.107544,2.242872,,6.253925,0.625393,1.8936,1.021453,9.0,10.0,4.86088,0.0,4.86088,95.13912,72.08824,0.630898,18.500058
2026-08-10 23:48:16,687.42,190975,954,-1745.0737,-837.7996,277.8,2517.020752,0.0,5034.085938,2.230862,,6.705039,0.670504,1.922,3.875532,10.0,10.0,24.516028,0.0,24.516028,75.483972,55.737592,0.673197,18.500058
2026-08-10 23:48:18,689.18,191487,957,-480.6837,-820.0392,277.8,454.973511,-0.0,909.991821,2.239223,,6.712886,0.671289,1.058405,0.362337,1.0,10.0,10.491658,0.0,10.491658,89.508342,67.905887,0.63029,18.500058
2026-08-10 23:48:19,691.03,191999,960,-1948.3638,-846.038,277.8,2129.307617,0.0,4258.660156,2.236893,,8.264931,0.826493,0.756609,2.002115,10.0,10.0,27.385525,0.0,27.385525,72.614475,54.357329,0.569665,18.500058
2026-08-10 23:48:21,692.81,192511,962,385.804,-838.1669,277.9,307.104919,-0.0,614.254517,2.234278,,12.626166,1.262617,1.91,1.607253,10.0,10.0,6.042521,0.0,6.042521,93.957479,70.611781,0.695646,18.500058
2026-08-10 23:48:23,694.67,193023,965,-946.1812,-830.6865,277.9,537.859375,0.0,1075.763062,2.218575,,9.164144,0.916414,1.9089,2.327848,10.0,10.0,17.760302,0.0,17.760302,82.239698,61.736544,0.709969,18.500058
2026-08-10 23:48:25,696.56,193535,967,-1142.1636,-826.3302,277.8,1361.615234,-0.0,2723.275146,2.236595,,6.359602,0.63596,1.005752,3.538752,10.0,10.0,17.617339,0.0,17.617339,82.382661,60.951859,0.732621,18.500058
2026-08-10 23:48:27,698.35,194047,970,-645.833,-822.4795,277.9,955.267822,-0.0,1910.580688,2.25071,,7.9222,0.79222,0.797166,0.613791,4.0,10.0,13.324902,0.0,13.324902,86.675098,64.938747,0.614248,18.500058
2026-08-10 23:48:29,700.19,194559,972,-1991.5362,-825.3846,277.9,3263.696533,0.0,6527.437988,2.249549,,6.246953,0.624695,0.349359,2.251149,10.0,10.0,26.658698,0.0,26.658698,73.341302,55.600516,0.586594,18.500058
2026-08-10 23:48:30,702.03,195071,975,-1532.2412,-826.0226,277.9,3184.40918,0.0,6368.863281,2.242748,,8.680469,0.868047,1.433856,1.575088,10.0,10.0,23.100441,0.0,23.100441,76.899559,57.482537,0.604414,18.500058
2026-08-10 23:48:32,703.95,195583,977,-1713.3991,-835.0826,277.8,1791.959839,-0.0,3583.9646,2.240816,,6.623488,0.662349,1.797475,3.853266,10.0,10.0,23.897457,0.0,23.897457,76.102543,57.097064,0.633569,18.500058
2026-08-10 23:48:34,705.78,196095,980,-1371.8279,-846.381,277.8,2064.145508,0.0,4128.335938,2.244412,,6.612094,0.661209,4.2e-05,1.339789,10.0,10.0,19.908282,0.0,19.908282,80.091718,60.164821,0.629556,18.500058
2026-08-10 23:48:36,707.56,196607,983,-569.5373,-854.6778,277.9,514.030518,-0.0,1028.106079,2.252223,,6.36355,0.636355,1.91595,0.66064,4.05,10.0,11.144823,0.0,11.144823,88.855177,67.723248,0.655058,18.500058
2026-08-10 23:48:38,709.4,197119,985,-2290.0806,-878.8402,277.9,3273.812988,0.0,6547.670898,2.242609,,4.280064,0.428006,0.704574,2.040711,10.0,10.0,28.057061,0.0,28.057061,71.942939,53.054024,0.696305,18.500058
2026-08-10 23:48:40,711.26,197631,988,-1109.6639,-887.5804,277.9,1878.415405,-0.0,3756.875488,2.239661,,5.586864,0.558686,0.678699,2.434491,10.0,10.0,16.673508,0.0,16.673508,83.326492,63.095278,0.701422,18.500058
2026-08-10 23:48:41,713.1,198143,990,-507.9068,-869.2615,277.9,567.714844,0.0,1135.474487,2.241315,,5.447306,0.544731,1.905,2.011724,10.0,10.0,10.062025,0.0,10.062025,89.937975,67.713696,0.711771,18.500058
2026-08-10 23:48:43,714.92,198655,993,-1153.3549,-874.1605,277.9,1424.576782,-0.0,2849.198486,2.24516,,5.911248,0.591125,1.191352,1.371921,10.0,10.0,17.142335,0.0,17.142335,82.857665,62.384874,0.660078,18.500058
2026-08-10 23:48:45,716.73,199167,995,-1044.6463,-879.0755,277.9,1742.544189,0.0,3485.133301,2.245533,,7.462975,0.746297,1.91095,1.364629,10.0,10.0,17.008752,0.0,17.008752,82.991248,62.688649,0.641626,18.500058
2026-08-10 23:48:47,718.61,199679,998,-1910.5047,-882.2024,277.9,3492.222168,0.0,6984.489258,2.241782,,5.14993,0.514993,1.51078,2.94387,10.0,10.0,24.819964,0.0,24.819964,75.180036,55.255979,0.683815,18.500058
2026-08-10 23:48:49,720.47,200191,1000,-2110.1572,-888.9467,277.9,2312.921875,0.0,4625.888672,2.240631,,4.278403,0.42784,1.388791,2.165057,10.0,10.0,25.49396,0.0,25.49396,74.50604,56.628608,0.769645,19.966641
2026-08-10 23:48:51,722.38,200703,1003,-2032.7417,-905.611,277.8,2574.415283,0.0,5148.875488,2.238243,,5.241044,0.524104,1.877116,3.471991,10.0,10.0,24.312892,0.0,24.312892,75.687108,55.792383,0.687057,19.966641
2026-08-10 23:48:53,724.2,201215,1006,-990.7693,-905.4586,277.8,1584.445068,0.0,3168.935303,2.254068,,6.028137,0.602814,1.155347,2.095849,10.0,10.0,14.441356,0.0,14.441356,85.558644,64.519316,0.630438,19.966641
2026-08-10 23:48:54,726.0,201727,1008,-550.5739,-907.382,277.9,733.239807,0.0,1466.524658,2.249437,,9.1019,0.91019,0.32125,1.367229,10.0,10.0,12.303268,0.0,12.303268,87.696732,66.471622,0.605465,19.966641
2026-08-10 23:48:56,727.81,202239,1011,-827.9215,-897.796,277.9,1605.299805,-0.0,3210.644531,2.24286,,9.356326,0.935633,1.033444,1.332891,10.0,10.0,14.971445,0.0,14.971445,85.028555,64.135022,0.563853,19.966641
2026-08-10 23:48:58,729.57,202751,1013,23.4156,-888.4427,277.9,313.084412,-0.0,626.213623,2.240569,,10.860668,1.086067,1.867,1.22936,10.0,10.0,7.898511,0.0,7.898511,92.101489,70.3083,0.595491,19.966641
2026-08-10 23:49:00,731.31,203263,1016,-43.0584,-870.6072,277.9,272.353882,-0.0,544.752686,2.245501,,10.344846,1.034485,1.925,0.551707,3.0,10.0,7.928728,0.0,7.928728,92.071272,70.044644,0.620817,19.966641
2026-08-10 23:49:01,733.11,203775,1018,-91.4012,-862.4908,278.0,396.536865,-0.0,793.118652,2.247307,,10.873299,1.08733,1.93995,1.623226,10.0,10.0,9.02891,0.0,9.02891,90.97109,68.977993,0.617791,19.966641
2026-08-10 23:49:03,734.99,204287,1021,-1895.2386,-865.3141,277.9,3158.543457,-0.0,6317.131836,2.247603,,6.335373,0.633537,0.319171,3.089176,10.0,10.0,23.782425,0.0,23.782425,76.217575,56.163337,0.676201,19.966641
2026-08-10 23:49:05,736.83,204799,1024,-1208.962,-871.539,277.9,1504.002563,0.0,3008.050049,2.242352,,7.597278,0.759728,0.327993,2.558643,10.0,10.0,17.45163,0.0,17.45163,82.54837,62.293957,0.627858,19.966641
2026-08-10 23:49:07,738.66,205311,1026,-1702.9256,-876.6965,277.9,3738.890869,0.0,7477.826172,2.230374,,7.358008,0.735801,0.940343,1.442429,10.0,10.0,22.045728,0.0,22.045728,77.954272,58.471089,0.656278,19.966641
2026-08-10 23:49:09,740.56,205823,1029,-1660.1906,-881.0865,277.9,2425.863525,-0.0,4851.771973,2.243998,,6.82387,0.682387,0.940343,4.117252,10.0,10.0,21.792764,0.0,21.792764,78.207236,57.696694,0.659103,19.966641
2026-08-10 23:49:11,742.34,206335,1031,84.936,-877.0468,278.0,329.484192,0.0,659.013367,2.250636,,10.946342,1.094634,1.92795,1.399194,10.0,10.0,7.152895,0.0,7.152895,92.847105,70.763505,0.646714,19.966641
2026-08-10 23:49:13,744.21,206847,1034,-2006.8385,-891.2018,277.9,2671.583008,0.0,5343.210938,2.246474,,8.579425,0.857943,0.662899,2.789259,10.0,10.0,26.028246,0.0,26.028246,73.971754,54.505042,0.618287,19.966641
2026-08-10 23:49:14,746.03,207359,1036,-922.7139,-886.1218,278.0,1687.660767,0.0,3375.366211,2.236083,,11.096403,1.10964,4.4e-05,1.549135,10.0,10.0,17.191683,0.0,17.191683,82.808317,62.679594,0.55898,19.966641
2026-08-10 23:49:16,747.81,207871,1039,-472.7659,-897.1893,278.0,661.884399,0.0,1323.813965,2.257541,,8.591345,0.859134,0.706926,0.698183,4.0,10.0,10.927163,0.0,10.927163,89.072837,67.709486,0.52166,19.966641
2026-08-10 23:49:18,749.63,208383,1041,-1256.2169,-899.8956,278.0,1359.534058,-0.0,2719.113281,2.252336,,7.330166,0.733017,1.481863,1.837864,10.0,10.0,17.903397,0.0,17.903397,82.096603,61.812094,0.670791,19.966641
2026-08-10 23:49:20,751.45,208895,1044,-998.5114,-903.4039,278.0,1957.48645,0.0,3915.018066,2.260616,,9.014404,0.90144,1.925,2.250551,10.0,10.0,16.784085,0.0,16.784085,83.215915,61.585857,0.642453,19.966641
2026-08-10 23:49:22,753.38,209407,1047,-1843.0786,-909.7389,278.0,2365.17627,-0.0,4730.397461,2.234083,,8.313855,0.831386,1.93695,4.649467,10.0,10.0,25.025199,0.0,25.025199,74.974801,55.443594,0.752142,19.966641
2026-08-10 23:49:24,755.19,209919,1049,-1125.456,-905.1702,278.0,1203.056274,0.0,2406.157471,2.251061,,8.758373,0.875837,1.92895,1.664906,10.0,10.0,17.646483,0.0,17.646483,82.353517,62.357963,0.595547,19.966641
2026-08-10 23:49:25,756.99,210431,1052,-582.3157,-891.4849,278.0,388.018463,-0.0,776.082153,2.261477,,6.967576,0.696758,1.154923,1.320892,9.0,10.0,10.903984,0.0,10.903984,89.096016,67.14941,0.600665,19.966641
2026-08-10 23:49:27,758.81,210943,1054,-347.4037,-897.0427,278.0,469.95993,0.0,939.965027,2.257499,,8.100815,0.810081,0.929158,0.437191,1.0,10.0,9.523995,0.0,9.523995,90.476005,69.419938,0.611355,19.966641
2026-08-10 23:49:29,760.61,211455,1057,-821.0379,-904.2602,278.0,1030.409058,-0.0,2060.863281,2.25785,,6.921254,0.692125,0.898662,1.803004,10.0,10.0,13.520078,0.0,13.520078,86.479922,64.982796,0.628523,19.966641
2026-08-10 23:49:31,762.46,211967,1059,-2285.4668,-915.5493,278.0,4098.01709,0.0,8196.079102,2.23918,,3.935463,0.393546,0.850534,2.149771,10.0,10.0,25.501243,0.0,25.501243,74.498757,56.487855,0.716836,19.966641
2026-08-10 23:49:33,764.3,212479,1062,-1597.9183,-932.9263,278.0,1703.086914,0.0,3406.218994,2.258481,,4.494912,0.449491,0.168616,2.24452,10.0,10.0,19.071375,0.0,19.071375,80.928625,60.857814,0.630639,19.966641
2026-08-10 23:49:35,766.2,212991,1064,-2478.3418,-946.6596,278.0,4143.783203,-0.0,8287.611328,2.255728,,5.739627,0.573963,1.395468,2.439435,10.0,10.0,27.153133,0.0,27.153133,72.846867,54.63297,0.605573,21.05382
2026-08-10 23:49:36,768.04,213503,1067,-604.2752,-953.4337,278.0,513.166321,-0.0,1026.377686,2.254722,,9.676057,0.967606,1.93595,2.615742,10.0,10.0,12.615891,0.0,12.615891,87.384109,64.880271,0.659744,21.05382
2026-08-10 23:49:38,769.9,214015,1070,-1782.5714,-974.4289,278.0,1763.602051,0.0,3527.249023,2.247355,,8.287915,0.828792,0.30739,2.424586,10.0,10.0,22.440429,0.0,22.440429,77.559571,58.190156,0.626458,21.05382
2026-08-10 23:49:40,771.74,214527,1072,-63.7884,-969.8261,278.0,21.795107,0.0,43.635422,2.260485,,6.478666,0.647867,1.92195,2.556061,10.0,10.0,5.513618,0.0,5.513618,94.486382,70.940601,0.608599,21.05382
2026-08-10 23:49:42,773.57,215039,1075,-821.3736,-975.1579,278.0,1644.635986,-0.0,3289.316895,2.241024,,7.427633,0.742763,1.145532,2.255357,10.0,10.0,13.169285,0.0,13.169285,86.830715,65.220982,0.705299,21.05382
2026-08-10 23:49:44,775.33,215551,1077,-227.8261,-972.5593,278.0,298.431763,0.0,596.908813,2.263132,,6.629175,0.662918,1.922,1.200492,10.0,10.0,6.892099,0.0,6.892099,93.107901,70.46877,0.724151,21.05382
2026-08-10 23:49:45,777.16,216063,1080,-647.0195,-966.6263,278.0,495.004761,0.0,990.054688,2.259138,,5.69074,0.569074,1.89995,1.807457,10.0,10.0,10.165422,0.0,10.165422,89.834578,68.152134,0.766652,21.05382
2026-08-10 23:49:47,778.95,216575,1082,-279.3784,-968.972,278.0,467.812622,-0.0,935.67041,2.257836,,4.311603,0.43116,1.90385,1.632337,10.0,10.0,5.949226,0.0,5.949226,94.050774,71.432678,0.800928,21.05382
2026-08-10 23:49:49,780.88,217087,1085,-1477.3653,-977.2719,278.0,1716.96936,0.0,3433.983643,2.241084,,4.449518,0.444952,1.891,4.391078,10.0,10.0,17.582497,0.0,17.582497,82.417503,60.571851,0.713471,21.05382
2026-08-10 23:49:51,782.76,217599,1088,-1580.4971,-995.0558,278.0,1456.747559,0.0,2913.540039,2.24667,,7.508056,0.750806,0.43796,3.239215,10.0,10.0,20.220011,0.0,20.220011,79.779989,59.802474,0.586675,21.05382
2026-08-10 23:49:53,784.54,218111,1090,444.9123,-979.5106,278.0,220.727951,-0.0,441.500916,2.250563,,11.741188,1.174119,1.916,1.088339,10.0,10.0,3.926594,0.0,3.926594,96.073406,72.89523,0.622921,21.05382
2026-08-10 23:49:55,786.35,218623,1093,-1403.9647,-990.4641,278.0,2179.740723,0.0,4359.525879,2.226467,,6.897984,0.689798,0.084954,1.942672,10.0,10.0,18.00455,0.0,18.00455,81.99545,60.769953,0.606667,21.05382
2026-08-10 23:49:57,788.18,219135,1095,-1051.8929,-1002.8502,278.0,1150.136108,0.0,2300.317139,2.246938,,8.081859,0.808186,0.222381,2.329912,10.0,10.0,15.667033,0.0,15.667033,84.332967,63.848886,0.667038,21.05382
2026-08-10 23:49:58,789.99,219647,1098,-592.2379,-987.9627,278.0,943.06311,-0.0,1886.171143,2.248641,,9.218037,0.921804,1.90995,1.677173,10.0,10.0,12.015454,0.0,12.015454,87.984546,66.43818,0.722529,21.05382
2026-08-10 23:50:00,791.78,220159,1100,-428.3378,-969.4103,278.1,712.107239,-0.0,1424.259399,2.24391,,9.715613,0.971561,1.907,1.439283,10.0,10.0,10.879298,0.0,10.879298,89.120702,68.17314,0.628378,21.05382
2026-08-10 23:50:02,793.68,220671,1103,-2189.0123,-984.4781,278.0,2938.659912,0.0,5877.364258,2.228999,,4.79776,0.479776,1.595495,3.451354,10.0,10.0,24.072271,0.0,24.072271,75.927729,56.342314,0.717966,21.05382
2026-08-10 23:50:04,795.56,221183,1105,-1032.4236,-991.0125,278.0,1035.447388,-0.0,2070.939453,2.233701,,6.316652,0.631665,1.912,3.886307,10.0,10.0,14.722851,0.0,14.722851,85.277149,63.511746,0.650906,21.05382
2026-08-10 23:50:06,797.37,221695,1108,-741.0312,-977.2724,278.0,1457.390381,0.0,2914.825684,2.244236,,5.383643,0.538364,0.781219,1.413069,10.0,10.0,10.770988,0.0,10.770988,89.229012,66.997999,0.620622,21.05382
2026-08-10 23:50:08,799.26,222207,1111,-3226.8059,-1005.541,278.0,6052.482422,0.0,12105.009766,2.230166,,4.69369,0.469369,0.845641,3.033796,10.0,10.0,33.601027,0.0,33.601027,66.398973,49.379498,0.654594,21.05382
2026-08-10 23:50:09,801.0,222719,1113,607.0414,-996.5838,278.1,276.728394,0.0,553.501953,2.257736,,11.64721,1.164721,1.924,0.603522,3.0,10.0,2.458454,0.0,2.458454,97.541546,74.140456,0.584144,21.05382
2026-08-10 23:50:11,802.84,223231,1116,-586.4649,-1001.2078,278.1,1583.703613,-0.0,3167.452148,2.244051,,7.637666,0.763767,1.905,1.420189,10.0,10.0,11.085446,0.0,11.085446,88.914554,66.923327,0.551835,21.05382
2026-08-10 23:50:13,804.72,223743,1118,-1787.4137,-1005.8155,278.0,1926.143433,-0.0,3852.331543,2.228855,,6.428165,0.642816,1.531245,3.08559,10.0,10.0,21.465076,0.0,21.465076,78.534924,58.986398,0.559937,21.05382
2026-08-10 23:50:15,806.56,224255,1121,-1625.3827,-1020.0275,278.0,3625.938721,-0.0,7251.922363,2.237242,,5.632107,0.563211,1.29046,1.982831,10.0,10.0,19.260372,0.0,19.260372,80.739628,60.926812,0.667279,21.05382
2026-08-10 23:50:17,808.28,224767,1123,29.3234,-1016.8828,278.1,300.225464,-0.0,600.495972,2.251467,,6.447878,0.644788,1.90595,0.552415,5.0,10.0,4.212796,0.0,4.212796,95.787204,73.235339,0.582558,21.05382
2026-08-10 23:50:18,810.13,225279,1126,-947.6181,-1029.7619,278.1,1186.997559,-0.0,2374.039795,2.239537,,4.48227,0.448227,1.90995,2.288994,10.0,10.0,12.114307,0.0,12.114307,87.885693,66.016491,0.655824,21.865202
2026-08-10 23:50:20,811.92,225791,1128,-581.2066,-1042.4816,278.1,720.932739,0.0,1441.9104,2.24583,,8.343323,0.834332,1.92295,1.533725,10.0,10.0,10.917096,0.0,10.917096,89.082904,68.156473,0.63706,21.865202
2026-08-10 23:50:22,813.71,226303,1131,-1596.8357,-1050.9989,278.1,3050.73291,-0.0,6101.510742,2.245034,,5.5676,0.55676,0.327155,0.647057,7.0,10.0,18.215599,0.0,18.215599,81.784401,61.72827,0.633168,21.865202
2026-08-10 23:50:24,815.52,226815,1134,-1104.2969,-1059.387,278.1,969.204407,0.0,1938.453613,2.239333,,3.964205,0.39642,0.318377,1.960578,10.0,10.0,12.820847,0.0,12.820847,87.179153,65.365578,0.756033,21.865202
2026-08-10 23:50:26,817.42,227327,1136,-2121.7411,-1058.8004,278.1,2886.338135,0.0,5772.720703,2.233758,,6.292463,0.629246,1.913,3.689454,10.0,10.0,23.671818,0.0,23.671818,76.328182,57.4252,0.669984,21.865202
2026-08-10 23:50:28,819.36,227839,1139,-2365.0963,-1071.2335,278.1,3470.438477,0.0,6940.921387,2.233361,,7.066484,0.706648,1.911,4.826259,10.0,10.0,26.667316,0.0,26.667316,73.332684,54.021977,0.698722,21.865202
2026-08-10 23:50:30,821.22,228351,1141,-2334.5826,-1081.6033,278.1,3995.746582,-0.0,7991.538086,2.246211,,7.018883,0.701888,0.377152,2.476959,10.0,10.0,25.893303,0.0,25.893303,74.106697,55.492908,0.640862,21.865202
2026-08-10 23:50:31,823.02,228863,1144,-779.2059,-1086.4845,278.1,500.506714,-0.0,1001.058228,2.241116,,8.387235,0.838724,1.468962,1.436778,10.0,10.0,12.830002,0.0,12.830002,87.169998,66.056669,0.662787,21.865202
2026-08-10 23:50:33,824.82,229375,1146,-164.9431,-1080.3245,278.1,391.950439,-0.0,783.94574,2.244137,,12.328196,1.23282,1.92395,1.409169,10.0,10.0,9.700133,0.0,9.700133,90.299867,68.484064,0.666248,21.865202
2026-08-10 23:50:35,826.62,229887,1149,-258.7603,-1078.212,278.1,817.683716,-0.0,1635.412231,2.237619,,9.251172,0.925117,4.3e-05,2.076522,10.0,10.0,8.609992,0.0,8.609992,91.390008,68.492884,0.705693,21.865202
2026-08-10 23:50:37,828.45,230399,1152,-1983.2573,-1097.4391,278.1,2133.942383,0.0,4267.929688,2.243473,,6.94278,0.694278,1.358512,1.715243,10.0,10.0,22.47832,0.0,22.47832,77.52168,58.518625,0.686964,21.865202
2026-08-10 23:50:39,830.27,230911,1154,-414.943,-1100.213,278.1,849.034424,0.0,1698.114014,2.257396,,6.995391,0.699539,1.529281,1.090446,10.0,10.0,8.634842,0.0,8.634842,91.365158,68.85178,0.669251,21.865202
2026-08-10 23:50:40,832.06,231423,1157,-375.0009,-1098.1387,278.1,617.485229,-0.0,1235.015381,2.247864,,9.40035,0.940035,1.91495,1.812299,10.0,10.0,9.86116,0.0,9.86116,90.13884,67.738944,0.606842,21.865202
2026-08-10 23:50:42,833.92,231935,1159,-1563.6557,-1097.1936,278.1,1663.933105,-0.0,3327.911133,2.247324,,7.597087,0.759709,1.113753,2.736821,10.0,10.0,19.621302,0.0,19.621302,80.378698,60.455447,0.647117,21.865202
2026-08-10 23:50:44,835.69,232447,1162,-214.251,-1077.2134,278.1,808.122253,0.0,1616.289551,2.252157,,6.558566,0.655857,1.91495,0.814358,10.0,10.0,6.412541,0.0,6.412541,93.587459,71.151732,0.654252,21.865202
2026-08-10 23:50:46,837.61,232959,1164,-2939.5891,-1102.7194,278.1,4759.811523,-0.0,9519.667969,2.250976,,6.913626,0.691363,0.6431,2.350851,10.0,10.0,31.109889,0.0,31.109889,68.890111,52.042383,0.606233,21.865202
2026-08-10 23:50:48,839.39,233471,1167,-173.8445,-1106.3412,278.1,368.744751,0.0,737.534607,2.255222,,8.783072,0.878307,1.88895,0.75512,10.0,10.0,7.490887,0.0,7.490887,92.509113,69.872143,0.704685,21.865202
2026-08-10 23:50:49,841.15,233983,1169,90.8369,-1098.4149,278.2,104.347427,-0.0,208.739868,2.250911,,4.998367,0.499837,1.889,0.803256,9.0,10.0,2.667166,0.0,2.667166,97.332834,74.154242,0.700105,21.865202
2026-08-10 23:50:51,843.07,234495,1172,-1360.8524,-1098.575,278.1,1666.351318,-0.0,3332.747559,2.247367,,4.990992,0.499099,1.912,3.526447,10.0,10.0,16.21092,0.0,16.21092,83.78908,62.079309,0.667741,21.865202
2026-08-10 23:50:53,844.98,235007,1175,-2686.1128,-1111.2364,278.1,3704.383545,-0.0,7408.812012,2.239631,,3.835233,0.383523,0.149428,3.913479,10.0,10.0,26.969987,0.0,26.969987,73.030013,54.04301,0.68293,21.865202
2026-08-10 23:50:55,846.92,235519,1177,-2690.8866,-1134.7783,278.1,3815.457031,-0.0,7630.958984,2.244839,,4.661732,0.466173,1.90095,4.437853,10.0,10.0,28.156085,0.0,28.156085,71.843915,53.141786,0.68531,21.865202
2026-08-10 23:50:57,848.67,236031,1180,-109.4124,-1125.507,278.1,622.865845,0.0,1245.776733,2.254178,,6.312107,0.631211,1.90195,0.319601,1.0,10.0,5.380888,0.0,5.380888,94.619112,71.966093,0.576964,21.865202
2026-08-10 23:50:59,850.46,236543,1182,-1567.2227,-1123.3073,278.1,3039.94458,-0.0,6079.934082,2.242371,,5.846146,0.584615,1.92,1.940006,10.0,10.0,18.618304,0.0,18.618304,81.381696,61.281786,0.718984,21.865202
2026-08-10 23:51:01,852.34,237055,1185,-3435.4024,-1155.7886,278.1,5788.380859,-0.0,11576.806641,2.235615,,3.800713,0.380071,0.411837,2.679345,10.0,10.0,33.867516,0.0,33.867516,66.132484,48.27704,0.715965,21.865202
2026-08-10 23:51:02,854.14,237567,1187,-985.6242,-1156.1417,278.1,2898.942139,-0.0,5797.929199,2.244617,,6.264701,0.62647,1.401951,1.507417,10.0,10.0,13.286972,0.0,13.286972,86.713028,66.219139,0.621651,22.953643
2026-08-10 23:51:04,855.91,238079,1190,-558.3536,-1154.6943,278.2,863.175476,0.0,1726.395874,2.24834,,6.725495,0.67255,1.913,0.721112,10.0,10.0,9.19223,0.0,9.19223,90.80777,68.999874,0.679124,22.953643
2026-08-10 23:51:06,857.78,238591,1192,-2585.5099,-1170.0232,278.1,5137.253418,-0.0,10274.551758,2.241036,,6.054944,0.605494,1.409443,2.629165,10.0,10.0,27.836311,0.0,27.836311,72.163689,53.78146,0.642169,22.953643
2026-08-10 23:51:08,859.51,239103,1195,352.4953,-1146.0667,278.2,207.327621,0.0,414.700287,2.252728,,8.981829,0.898183,1.909,0.615006,3.0,10.0,2.851887,0.0,2.851887,97.148113,73.901179,0.620001,22.953643
2026-08-10 23:51:10,861.28,239615,1198,-1026.5203,-1129.6562,278.2,1485.246582,-0.0,2970.538086,2.250401,,8.157523,0.815752,0.689991,0.975814,10.0,10.0,13.962363,0.0,13.962363,86.037637,65.077562,0.525255,22.953643
2026-08-10 23:51:11,863.06,240127,1200,-427.2799,-1127.6307,278.2,572.6521,0.0,1145.349121,2.245979,,9.188616,0.918862,1.40207,0.61399,5.0,10.0,9.29771,0.0,9.29771,90.70229,69.116913,0.565439,22.953643
2026-08-10 23:51:13,864.96,240639,1203,-1495.1421,-1137.8131,278.2,2991.675537,0.0,5983.395508,2.233417,,8.697912,0.869791,1.916,3.914709,10.0,10.0,19.399988,0.0,19.399988,80.600012,60.01823,0.765283,22.953643
2026-08-10 23:51:15,866.8,241151,1205,-1005.1525,-1119.034,278.2,792.213806,0.0,1584.47229,2.236552,,11.443512,1.144351,1.927,2.224965,10.0,10.0,15.770229,0.0,15.770229,84.229771,63.543242,0.616751,22.953643
2026-08-10 23:51:17,868.61,241663,1208,-1300.5376,-1132.3814,278.2,2469.138184,0.0,4938.320801,2.23327,,10.297009,1.029701,4.3e-05,0.934473,10.0,10.0,17.531665,0.0,17.531665,82.468335,61.551926,0.644064,22.953643
2026-08-10 23:51:19,870.51,242175,1210,-2665.1371,-1141.582,278.2,5863.977539,0.0,11728.0,2.244189,,5.720939,0.572094,0.976008,3.123288,10.0,10.0,29.235175,0.0,29.235175,70.764825,53.121605,0.621565,22.953643
2026-08-10 23:51:21,872.31,242687,1213,-409.2499,-1140.8677,278.2,896.033813,-0.0,1792.112549,2.243788,,8.806022,0.880602,1.862863,1.365149,10.0,10.0,9.293733,0.0,9.293733,90.706267,68.548759,0.541194,22.953643
2026-08-10 23:51:22,874.1,243199,1216,-1017.0149,-1131.5542,278.2,1747.995728,-0.0,3496.036377,2.24909,,11.847741,1.184774,1.862439,0.915736,10.0,10.0,16.244341,0.0,16.244341,83.755659,63.656907,0.568708,22.953643
2026-08-10 23:51:24,875.9,243711,1218,-515.2766,-1140.565,278.2,1048.122192,0.0,2096.289307,2.246509,,8.752176,0.875218,4.4e-05,1.850436,10.0,10.0,10.219136,0.0,10.219136,89.780864,67.262996,0.709534,22.953643
2026-08-10 23:51:26,877.67,244223,1221,438.1985,-1126.7212,278.3,266.719696,0.0,533.484375,2.250401,,10.748869,1.074887,1.859,0.926324,10.0,10.0,2.960025,0.0,2.960025,97.039975,73.445934,0.677042,22.953643
2026-08-10 23:51:28,879.56,244735,1223,-2693.0366,-1142.2299,278.2,4117.648438,-0.0,8235.341797,2.231077,,7.596207,0.759621,1.26721,3.400671,10.0,10.0,28.135094,0.0,28.135094,71.864906,53.654229,0.61206,22.953643
2026-08-10 23:51:30,881.33,245247,1226,-638.3781,-1142.1554,278.3,748.306458,-0.0,1496.657959,2.251344,,8.006945,0.800694,4.4e-05,0.743208,7.0,10.0,10.708786,0.0,10.708786,89.291214,67.275947,0.548837,22.953643
2026-08-10 23:51:32,883.16,245759,1228,-1721.3557,-1139.4536,278.3,2358.601318,0.0,4717.247559,2.234871,,5.415342,0.541534,1.89595,1.888132,10.0,10.0,18.295479,0.0,18.295479,81.704521,61.760919,0.644425,22.953643
2026-08-10 23:51:33,884.95,246271,1231,-228.7312,-1126.4185,278.3,394.399078,0.0,788.84314,2.248015,,6.432676,0.643268,1.8929,0.942959,8.0,10.0,6.221177,0.0,6.221177,93.778823,70.972337,0.625246,22.953643
2026-08-10 23:51:35,886.8,246783,1233,-512.7994,-1114.4125,278.3,749.2948,-0.0,1498.634277,2.233442,,11.028034,1.102803,1.933,2.624388,10.0,10.0,11.864517,0.0,11.864517,88.135483,67.214534,0.602185,22.953643
2026-08-10 23:51:37,888.58,247295,1236,-1015.2587,-1110.8468,278.3,2464.244141,-0.0,4928.533203,2.252045,,8.588667,0.858867,0.877921,0.508196,3.0,10.0,14.114579,0.0,14.114579,85.885421,65.537793,0.574863,22.953643
2026-08-10 23:51:39,890.36,247807,1239,-848.118,-1113.6326,278.3,2637.365723,0.0,5274.776367,2.256907,,10.007006,1.000701,0.208061,0.606204,7.0,10.0,13.367462,0.0,13.367462,86.632538,65.721542,0.60875,22.953643
2026-08-10 23:51:41,892.24,248319,1241,-1052.3936,-1101.2557,278.3,620.594971,0.0,1241.234619,2.233698,,7.235951,0.723595,1.91495,3.041624,10.0,10.0,14.122373,0.0,14.122373,85.877627,64.444588,0.599615,22.953643
2026-08-10 23:51:43,894.16,248831,1244,-2903.4947,-1119.194,278.3,4834.145508,-0.0,9668.335938,2.23087,,6.479516,0.647952,1.469003,3.990603,10.0,10.0,29.367399,0.0,29.367399,70.632601,51.138096,0.620785,22.953643
2026-08-10 23:51:44,896.12,249343,1246,-3862.2472,-1152.7374,278.2,7350.025391,0.0,14700.094727,2.212329,,5.919606,0.591961,1.670504,4.688508,10.0,10.0,37.799149,0.0,37.799149,62.200851,46.050861,0.680569,22.953643
2026-08-10 23:51:46,897.94,249855,1249,-1978.3486,-1160.9874,278.3,5019.258789,-0.0,10038.5625,2.234191,,8.252667,0.825267,0.883294,0.994141,10.0,10.0,23.059522,0.0,23.059522,76.940478,57.713234,0.600755,22.953643
2026-08-10 23:51:48,899.7,250367,1251,-256.8591,-1153.1095,278.3,192.655075,-0.0,385.355225,2.254068,,8.102295,0.81023,1.91195,0.689882,10.0,10.0,7.217525,0.0,7.217525,92.782475,70.62347,0.617174,24.012616
2026-08-10 23:51:50,901.58,250879,1254,-1699.5724,-1151.0002,278.3,4619.630859,-0.0,9239.306641,2.243655,,5.454963,0.545496,1.919,2.585183,10.0,10.0,23.192127,0.0,23.192127,76.807873,56.76514,0.75621,24.012616
2026-08-10 23:51:52,903.37,251391,1256,-110.0815,-1130.9994,278.3,350.878967,-0.0,701.802917,2.248323,,10.444688,1.044469,1.886,1.355856,10.0,10.0,7.338346,0.0,7.338346,92.661654,70.222792,0.599481,24.012616
2026-08-10 23:51:54,905.26,251903,1259,-2933.3923,-1140.0059,278.3,4745.591797,-0.0,9491.228516,2.244557,,5.101442,0.510144,0.05016,2.860379,10.0,10.0,27.322294,0.0,27.322294,72.677706,53.87364,0.649725,24.012616
2026-08-10 23:51:55,907.1,252415,1262,-2081.9865,-1150.9181,278.3,3253.241943,-0.0,6506.528809,2.234015,,5.788586,0.578859,0.050305,2.075641,10.0,10.0,20.541284,0.0,20.541284,79.458716,59.213958,0.673828,24.012616
2026-08-10 23:51:57,908.97,252927,1264,-3469.8967,-1180.1113,278.3,5993.120605,0.0,11986.286133,2.247225,,7.036509,0.703651,0.696174,1.690699,10.0,10.0,32.879339,0.0,32.879339,67.120661,50.609626,0.66052,24.012616
2026-08-10 23:51:59,910.76,253439,1267,-596.8048,-1177.8002,278.3,1298.596069,0.0,2597.237305,2.254368,,8.578089,0.857809,1.233815,1.049724,10.0,10.0,10.285873,0.0,10.285873,89.714127,68.167702,0.584007,24.012616
2026-08-10 23:52:01,912.65,253951,1269,-1462.5354,-1192.6597,278.3,2835.045654,-0.0,5670.135742,2.233619,,9.036883,0.903688,1.433628,1.616276,10.0,10.0,17.753698,0.0,17.753698,82.246302,62.961048,0.58102,24.012616
2026-08-10 23:52:03,914.43,254463,1272,123.2478,-1190.9966,278.3,604.07196,-0.0,1208.188965,2.250587,,10.505161,1.050516,1.704583,1.027561,10.0,10.0,5.476064,0.0,5.476064,94.523936,72.101544,0.57005,24.012616
2026-08-10 23:52:05,916.2,254975,1274,253.66,-1187.546,278.3,252.088989,-0.0,504.223053,2.253231,,13.258364,1.325836,1.926,1.372649,10.0,10.0,6.156422,0.0,6.156422,93.843578,72.0472,0.59229,24.012616
2026-08-10 23:52:06,918.09,255487,1277,-2233.5503,-1190.9291,278.3,4663.590332,0.0,9327.225586,2.240727,,7.882973,0.788297,1.197631,3.015944,10.0,10.0,24.773045,0.0,24.773045,75.226955,55.810829,0.602994,24.012616
2026-08-10 23:52:08,919.85,255999,1280,244.8387,-1176.3911,278.3,142.817612,-0.0,285.680237,2.250713,,8.60355,0.860355,4.5e-05,0.889617,10.0,10.0,3.525798,0.0,3.525798,96.474202,73.722139,0.487714,24.012616
2026-08-10 23:52:10,921.75,256511,1282,-1777.4245,-1177.1361,278.3,2069.784424,0.0,4139.61377,2.239155,,6.071757,0.607176,1.925,3.405955,10.0,10.0,18.650314,0.0,18.650314,81.349686,59.808873,0.645874,24.012616
2026-08-10 23:52:12,923.72,257023,1285,-2576.6497,-1186.3007,278.2,3450.359375,0.0,6900.763672,2.236202,,6.667432,0.666743,1.842834,5.51968,10.0,10.0,26.618297,0.0,26.618297,73.381703,52.752755,0.583808,24.012616
2026-08-10 23:52:14,925.56,257535,1287,-1299.1177,-1200.1412,278.2,4269.263184,0.0,8538.571289,2.237977,,7.157801,0.71578,1.115831,1.426355,10.0,10.0,25.291371,0.0,25.291371,74.708629,57.475913,0.641961,24.012616
2026-08-10 23:52:16,927.34,258047,1290,23.0401,-1179.8424,278.3,593.179443,-0.0,1186.404053,2.25754,,10.697531,1.069753,1.88977,0.534703,3.0,10.0,6.026515,0.0,6.026515,93.973485,71.541327,0.68433,24.012616
2026-08-10 23:52:18,929.16,258559,1292,-1122.0465,-1181.8358,278.3,2928.064941,-0.0,5856.174805,2.253339,,6.805312,0.680531,0.126784,1.811988,10.0,10.0,13.79613,0.0,13.79613,86.20387,65.181121,0.674308,24.012616
2026-08-10 23:52:19,930.99,259071,1295,-1428.1068,-1191.3892,278.3,1056.790894,-0.0,2113.626953,2.259758,,5.119181,0.511918,0.12846,1.996511,10.0,10.0,15.059119,0.0,15.059119,84.940881,63.816555,0.664459,24.012616
2026-08-10 23:52:21,932.74,259583,1297,25.6861,-1178.5701,278.3,533.779602,-0.0,1067.604492,2.262182,,7.946423,0.794642,4.3e-05,0.685057,10.0,10.0,4.828264,0.0,4.828264,95.171736,72.550874,0.600223,24.012616
2026-08-10 23:52:23,934.52,260095,1300,-953.1969,-1178.117,278.3,704.586914,0.0,1409.218994,2.255979,,5.06226,0.506226,1.187531,1.188683,10.0,10.0,10.911088,0.0,10.911088,89.088912,67.206389,0.672694,24.012616
2026-08-10 23:52:25,936.38,260607,1303,-1222.9179,-1171.9154,278.3,832.182495,-0.0,1664.410156,2.258111,,4.942729,0.494273,1.90095,2.301972,10.0,10.0,13.252376,0.0,13.252376,86.747624,64.770301,0.668952,24.012616
2026-08-10 23:52:27,938.24,261119,1305,-1491.9848,-1175.5807,278.3,2810.751221,-0.0,5621.547363,2.242996,,5.479665,0.547967,1.903,2.954062,10.0,10.0,15.845531,0.0,15.845531,84.154469,62.786072,0.646823,24.012616
2026-08-10 23:52:28,940.11,261631,1308,-1106.2281,-1180.8198,278.3,1296.793701,-0.0,2593.63208,2.238178,,7.21443,0.721443,1.303294,3.507277,10.0,10.0,14.48576,0.0,14.48576,85.51424,62.253184,0.700673,24.012616
2026-08-10 23:52:30,942.03,262143,1310,-2712.8681,-1204.4744,278.3,5572.637695,0.0,11145.320312,2.244544,,6.853869,0.685387,1.225165,3.658944,10.0,10.0,34.29945,0.0,34.29945,65.70055,48.404462,0.588993,24.012616
2026-08-10 23:52:32,943.86,262655,1313,-860.1,-1204.8651,278.3,1168.838989,0.0,2337.7229,2.242581,,7.239176,0.723918,1.91895,1.873533,10.0,10.0,12.011846,0.0,12.011846,87.988154,66.032824,0.624763,25.051739
2026-08-10 23:52:34,945.67,263167,1315,-720.2923,-1189.2133,278.3,552.554871,0.0,1105.154907,2.255935,,9.05222,0.905222,1.919,1.685008,10.0,10.0,11.210183,0.0,11.210183,88.789817,67.172169,0.529036,25.051739
2026-08-10 23:52:36,947.56,263679,1318,-1258.8099,-1185.8222,278.3,1570.946289,0.0,3141.9375,2.246063,,5.98537,0.598537,1.907954,3.245521,10.0,10.0,13.921611,0.0,13.921611,86.078389,63.98739,0.69993,25.051739
2026-08-10 23:52:38,949.38,264191,1320,-2156.3322,-1182.6021,278.3,3793.956299,0.0,7587.95752,2.237698,,5.98381,0.598381,1.224822,0.9034,10.0,10.0,20.367796,0.0,20.367796,79.632204,60.116867,0.58102,25.051739
2026-08-10 23:52:40,951.21,264703,1323,-1036.1223,-1186.9206,278.3,540.488342,-0.0,1081.021973,2.2663,,6.101137,0.610114,1.909,1.684416,10.0,10.0,11.909646,0.0,11.909646,88.090354,65.967009,0.671203,25.051739
2026-08-10 23:52:41,953.11,265215,1326,-2028.6631,-1189.3815,278.3,2155.5979,0.0,4311.240723,2.251851,,4.427974,0.442797,1.915,3.848773,10.0,10.0,18.892997,0.0,18.892997,81.107003,60.434935,0.797681,25.051739
2026-08-10 23:52:43,954.94,265727,1328,-1596.2585,-1204.7062,278.3,2037.899536,-0.0,4075.844238,2.257116,,6.118449,0.611845,1.92,2.183924,10.0,10.0,16.31761,0.0,16.31761,83.68239,63.204574,0.685672,25.051739
2026-08-10 23:52:45,956.69,266239,1331,445.4715,-1192.0378,278.3,345.304932,-0.0,690.655151,2.265312,,12.74616,1.274616,1.89485,0.778286,10.0,10.0,3.835213,0.0,3.835213,96.164787,73.596864,0.651601,25.051739
2026-08-10 23:52:47,958.45,266751,1333,265.0247,-1187.1093,278.3,456.492615,-0.0,913.030396,2.258182,,16.327078,1.632708,1.89155,0.707264,10.0,10.0,6.948956,0.0,6.948956,93.051044,70.593065,0.693391,25.051739
2026-08-10 23:52:49,960.25,267263,1336,-979.0467,-1190.4295,278.3,1878.763794,0.0,3757.572754,2.264334,,12.092132,1.209213,1.922,1.245986,10.0,10.0,14.473394,0.0,14.473394,85.526606,63.961924,0.69093,25.051739
2026-08-10 23:52:50,962.12,267775,1338,-2306.1087,-1210.6968,278.3,2732.291016,-0.0,5464.626953,2.2477,,10.727326,1.072733,0.541728,2.313722,10.0,10.0,25.11355,0.0,25.11355,74.88645,57.045814,0.633589,25.051739
2026-08-10 23:52:52,963.97,268287,1341,-2338.2873,-1219.3061,278.3,2824.479248,0.0,5649.003906,2.25902,,8.673745,0.867374,0.816704,1.944495,10.0,10.0,23.615008,0.0,23.615008,76.384992,56.747645,0.60425,25.051739
2026-08-10 23:52:54,965.79,268799,1344,-1494.0774,-1218.4419,278.3,2335.539551,0.0,4671.124512,2.264154,,9.543576,0.954358,1.447363,1.630388,10.0,10.0,17.353961,0.0,17.353961,82.646039,62.161744,0.615825,25.051739
2026-08-10 23:52:56,967.62,269311,1346,-1642.4559,-1239.3155,278.3,3332.587402,-0.0,6665.219727,2.246812,,8.677519,0.867752,0.968511,2.097104,10.0,10.0,18.325879,0.0,18.325879,81.674121,61.302383,0.590301,25.051739
2026-08-10 23:52:58,969.36,269823,1349,-92.1716,-1226.1976,278.4,238.739166,-0.0,477.523651,2.266268,,8.30294,0.830294,1.145064,0.662177,10.0,10.0,5.604361,0.0,5.604361,94.395639,71.480714,0.560177,25.051739
2026-08-10 23:53:00,971.16,270335,1351,-1285.4106,-1228.5328,278.4,912.713257,-0.0,1825.47168,2.257811,,5.339036,0.533904,1.145064,1.657644,10.0,10.0,13.448271,0.0,13.448271,86.551729,64.782608,0.578853,25.051739
2026-08-10 23:53:01,973.02,270847,1354,-2335.5118,-1245.9655,278.4,4467.405273,-0.0,8934.855469,2.266453,,6.391573,0.639157,1.921,2.346261,10.0,10.0,22.775045,0.0,22.775045,77.224955,57.799452,0.663868,25.051739
2026-08-10 23:53:03,974.8,271359,1356,-605.9491,-1247.7416,278.4,522.069702,-0.0,1044.184692,2.266474,,8.105689,0.810569,1.78299,1.253853,10.0,10.0,9.700321,0.0,9.700321,90.299679,68.18119,0.752221,25.051739
2026-08-10 23:53:05,976.62,271871,1359,-456.9861,-1230.4214,278.4,858.612915,0.0,1717.270996,2.261188,,8.030602,0.80306,1.78299,1.694006,10.0,10.0,8.613677,0.0,8.613677,91.386323,69.22026,0.600818,25.051739
2026-08-10 23:53:07,978.41,272383,1361,-549.6411,-1225.5936,278.4,459.622925,-0.0,919.291077,2.260516,,8.116209,0.811621,1.919,1.480474,10.0,10.0,9.251643,0.0,9.251643,90.748357,69.116221,0.525107,25.051739
2026-08-10 23:53:09,980.21,272895,1364,-255.2414,-1220.7357,278.4,625.90448,0.0,1251.854248,2.261433,,9.422794,0.942279,1.91595,1.473768,10.0,10.0,7.630259,0.0,7.630259,92.369741,70.189478,0.580295,25.051739
2026-08-10 23:53:10,982.15,273407,1367,-3665.2871,-1225.1205,278.4,7529.441406,-0.0,15058.927734,2.246239,,7.132205,0.713221,1.134063,4.492322,10.0,10.0,35.365577,0.0,35.365577,64.634423,47.443873,0.634971,25.051739
2026-08-10 23:53:12,984.0,273919,1369,141.5302,-1229.7756,278.4,272.755402,0.0,545.556152,2.268344,,8.499309,0.849931,1.895,1.523631,10.0,10.0,4.079237,0.0,4.079237,95.920763,72.897402,0.613183,25.051739
2026-08-10 23:53:14,985.85,274431,1372,-1397.0233,-1237.8812,278.4,922.129578,-0.0,1844.304321,2.257195,,6.501003,0.6501,1.916,3.066039,10.0,10.0,15.109158,0.0,15.109158,84.890842,63.243615,0.659066,25.051739
2026-08-10 23:53:16,987.74,274943,1374,-2602.8268,-1246.0353,278.4,5107.992188,0.0,10216.029297,2.257907,,6.599831,0.659983,1.851114,3.046856,10.0,10.0,24.895779,0.0,24.895779,75.104221,56.921238,0.700897,25.051739
2026-08-10 23:53:18,989.53,275455,1377,-1515.2225,-1244.9337,278.4,1530.214355,0.0,3060.474121,2.269712,,4.894136,0.489414,0.493441,0.841756,7.0,10.0,14.393589,0.0,14.393589,85.606411,64.294386,0.6677,25.901238
2026-08-10 23:53:20,991.35,275967,1379,-1580.4034,-1261.031,278.4,2632.140625,0.0,5264.32666,2.271765,,5.182503,0.51825,1.899174,1.615637,10.0,10.0,15.008647,0.0,15.008647,84.991353,64.694787,0.699277,25.901238
2026-08-10 23:53:21,993.12,276479,1382,-451.9934,-1256.0747,278.4,237.19133,-0.0,474.428101,2.272388,,8.237593,0.823759,4.3e-05,1.191525,10.0,10.0,8.267614,0.0,8.267614,91.732386,69.65884,0.655152,25.901238
2026-08-10 23:53:23,994.92,276991,1384,-351.0642,-1253.7733,278.4,726.107544,-0.0,1452.260498,2.271885,,6.375027,0.637503,1.903,1.742895,10.0,10.0,6.604221,0.0,6.604221,93.395779,70.962259,0.593985,25.901238
2026-08-10 23:53:25,996.73,277503,1387,-1345.7577,-1251.2625,278.4,2092.437256,-0.0,4184.919922,2.268935,,4.17471,0.417471,1.27083,1.636158,10.0,10.0,13.123372,0.0,13.123372,86.876628,65.225728,0.75514,25.901238
2026-08-10 23:53:27,998.5,278015,1390,-1803.3394,-1258.2529,278.4,3761.434814,-0.0,7522.915039,2.263909,,4.092042,0.409204,1.040924,0.755626,8.0,10.0,15.873564,0.0,15.873564,84.126436,63.729529,0.6789,25.901238
2026-08-10 23:53:29,1000.38,278527,1392,-2235.8401,-1259.3939,278.4,3822.320557,0.0,7644.686523,2.266203,,4.854535,0.485454,4.5e-05,3.12956,10.0,10.0,20.155059,0.0,20.155059,79.844941,58.84391,0.714346,25.901238
2026-08-10 23:53:31,1002.24,279039,1395,-2250.1101,-1258.2441,278.4,5056.713867,-0.0,10113.472656,2.264798,,5.641386,0.564139,1.272363,2.112048,10.0,10.0,21.027781,0.0,21.027781,78.972219,59.14633,0.742825,25.901238
2026-08-10 23:53:32,1004.0,279551,1397,-48.866,-1235.3869,278.4,284.678101,-0.0,569.401672,2.275021,,7.31766,0.731766,1.869,0.827607,9.0,10.0,4.666441,0.0,4.666441,95.333559,72.964543,0.607482,25.901238
2026-08-10 23:53:34,1005.82,280063,1400,-2041.8273,-1248.0131,278.4,3163.9729,-0.0,6327.991211,2.277416,,5.798619,0.579862,1.892,1.395808,10.0,10.0,18.813563,0.0,18.813563,81.186437,61.499948,0.694867,25.901238
2026-08-10 23:53:36,1007.61,280575,1402,-1573.6364,-1262.1,278.5,2342.899658,-0.0,4685.844727,2.270114,,5.657257,0.565726,1.892,1.014946,10.0,10.0,15.101023,0.0,15.101023,84.898977,64.548257,0.645473,25.901238
2026-08-10 23:53:38,1009.47,281087,1405,-1179.2868,-1271.3053,278.5,1109.334229,0.0,2218.713867,2.267718,,7.103996,0.7104,1.926,3.236904,10.0,10.0,13.617679,0.0,13.617679,86.382321,64.346388,0.661157,25.901238
2026-08-10 23:53:40,1011.38,281599,1408,-3198.7885,-1283.4606,278.4,5902.481934,-0.0,11805.008789,2.26304,,7.61888,0.761888,1.810208,3.346317,10.0,10.0,29.122484,0.0,29.122484,70.877516,52.663359,0.612914,25.901238
2026-08-10 23:53:42,1013.26,282111,1410,-2863.0348,-1307.9415,278.4,4451.463867,-0.0,8902.972656,2.267194,,8.549826,0.854983,0.932259,2.992725,10.0,10.0,28.176371,0.0,28.176371,71.823629,52.160134,0.560421,25.901238
2026-08-10 23:53:44,1015.17,282623,1413,-3414.0586,-1338.3321,278.4,6657.766113,0.0,13315.577148,2.258061,,7.178484,0.717848,0.950231,2.976458,10.0,10.0,32.377683,0.0,32.377683,67.622317,49.620517,0.58163,25.901238
2026-08-10 23:53:45,1017.01,283135,1415,-1200.2701,-1334.6983,278.4,1940.858276,-0.0,3881.761963,2.269154,,9.724613,0.972461,4.3e-05,2.016142,10.0,10.0,14.835831,0.0,14.835831,85.164169,63.783938,0.585165,25.901238
2026-08-10 23:53:47,1018.9,283647,1418,-470.6217,-1337.262,278.4,412.773712,-0.0,825.592834,2.269019,,7.01701,0.701701,1.8358,3.352285,10.0,10.0,7.992482,0.0,7.992482,92.007518,68.673111,0.638894,25.901238
2026-08-10 23:53:49,1020.68,284159,1420,-1058.67,-1318.4528,278.4,1371.681274,-0.0,2743.408203,2.27854,,6.895917,0.689592,1.705611,1.354228,10.0,10.0,11.944034,0.0,11.944034,88.055966,66.732466,0.681311,25.901238
2026-08-10 23:53:51,1022.48,284671,1423,-616.659,-1322.8809,278.4,463.359039,0.0,926.763672,2.280635,,10.887122,1.088712,1.898,2.07981,10.0,10.0,11.028144,0.0,11.028144,88.971856,66.915001,0.591752,25.901238
2026-08-10 23:53:53,1024.36,285183,1425,-2975.2455,-1353.5418,278.4,4825.051758,0.0,9650.148438,2.252497,,9.249697,0.92497,4.5e-05,3.223183,10.0,10.0,28.218328,0.0,28.218328,71.781672,53.338603,0.612026,25.901238
2026-08-10 23:53:55,1026.24,285695,1428,-2982.324,-1369.7565,278.4,4625.161621,0.0,9250.369141,2.275948,,9.229951,0.922995,0.365271,2.422413,10.0,10.0,28.032422,0.0,28.032422,71.967578,53.38134,0.525554,25.901238
2026-08-10 23:53:56,1028.09,286207,1431,-1484.7935,-1357.7433,278.4,1508.62854,-0.0,3017.302734,2.282917,,8.065197,0.80652,1.88895,2.470992,10.0,10.0,16.058332,0.0,16.058332,83.941668,63.125442,0.616795,25.901238
2026-08-10 23:53:58,1029.97,286719,1433,-1818.1957,-1349.0164,278.4,3078.718262,0.0,6157.481934,2.272087,,4.940025,0.494003,1.222809,2.377886,10.0,10.0,16.945678,0.0,16.945678,83.054322,62.114894,0.768417,25.901238
2026-08-10 23:54:00,1031.73,287231,1436,-536.6347,-1353.2886,278.4,748.915039,-0.0,1497.87561,2.277617,,8.607077,0.860708,1.660879,0.622111,3.0,10.0,8.961647,0.0,8.961647,91.038353,69.521982,0.59354,25.901238
2026-08-10 23:54:02,1033.54,287743,1438,-287.6223,-1340.4926,278.4,160.857437,0.0,321.760468,2.279356,,7.497518,0.749752,1.912,1.819887,10.0,10.0,6.613577,0.0,6.613577,93.386423,71.366906,0.676032,27.007388
2026-08-10 23:54:04,1035.39,288255,1441,-1889.502,-1325.0336,278.4,2147.936768,-0.0,4295.918945,2.274805,,6.307321,0.630732,4.3e-05,2.561319,10.0,10.0,17.590199,0.0,17.590199,82.409801,61.400857,0.688337,27.007388
2026-08-10 23:54:06,1037.25,288767,1443,-2127.9404,-1336.4567,278.4,2355.743896,-0.0,4711.533203,2.277666,,8.043769,0.804377,1.92995,3.158537,10.0,10.0,20.49449,0.0,20.49449,79.50551,59.730036,0.516404,27.007388
2026-08-10 23:54:07,1039.08,289279,1446,-2777.1081,-1358.6443,278.4,4747.843262,0.0,9495.732422,2.271891,,7.535941,0.753594,1.199071,1.425157,10.0,10.0,24.267952,0.0,24.267952,75.732048,56.552992,0.531049,27.007388
2026-08-10 23:54:09,1040.87,289791,1448,-222.5373,-1335.0146,278.4,92.214508,0.0,184.474731,2.285933,,7.725466,0.772547,4.4e-05,1.849614,10.0,10.0,6.166706,0.0,6.166706,93.833294,71.217858,0.552726,27.007388
2026-08-10 23:54:11,1042.73,290303,1451,-1918.1331,-1357.7208,278.4,4636.921387,0.0,9273.888672,2.280051,,6.857469,0.685747,0.86251,1.623061,10.0,10.0,18.93467,0.0,18.93467,81.06533,61.082593,0.581617,27.007388
2026-08-10 23:54:13,1044.46,290815,1454,224.6564,-1345.2091,278.4,276.558105,-0.0,553.161865,2.2815,,8.194341,0.819434,1.889,0.366329,2.0,6.0,2.885448,0.0,2.885448,97.114552,73.95143,0.593928,27.007388
2026-08-10 23:54:15,1046.24,291327,1456,-446.429,-1345.4006,278.5,373.754364,-0.0,747.554321,2.278311,,6.16612,0.616612,1.90195,1.120824,10.0,10.0,6.855411,0.0,6.855411,93.144589,70.847524,0.563801,27.007388
2026-08-10 23:54:16,1048.01,291839,1459,-597.9401,-1336.4285,278.5,219.175034,-0.0,438.395721,2.282235,,5.54532,0.554532,4.4e-05,1.498744,10.0,10.0,7.399361,0.0,7.399361,92.600639,70.783553,0.615848,27.007388
2026-08-10 23:54:18,1049.83,292351,1461,-1874.8053,-1345.1251,278.5,4485.445801,0.0,8970.9375,2.271879,,4.018967,0.401897,1.885,1.286206,10.0,10.0,17.049453,0.0,17.049453,82.950547,62.736482,0.763082,27.007388
2026-08-10 23:54:20,1051.65,292863,1464,-1770.8436,-1349.8281,278.5,2376.226807,-0.0,4752.499023,2.268572,,7.364183,0.736418,1.476655,2.216753,10.0,10.0,17.258847,0.0,17.258847,82.741153,61.970791,0.572907,27.007388
2026-08-10 23:54:22,1053.49,293375,1466,-2613.8317,-1349.3151,278.5,4317.918457,0.0,8635.882812,2.276062,,9.470554,0.947055,1.839083,1.744492,10.0,10.0,24.33767,0.0,24.33767,75.66233,57.462675,0.547288,27.007388
2026-08-10 23:54:24,1055.39,293887,1469,-2454.8835,-1369.7714,278.5,4301.943359,0.0,8603.931641,2.270295,,9.018613,0.901861,1.847486,3.754054,10.0,10.0,23.298762,0.0,23.298762,76.701238,57.368366,0.569165,27.007388
2026-08-10 23:54:25,1057.14,294399,1472,118.4475,-1358.4168,278.5,760.824097,-0.0,1521.693848,2.280552,,14.044246,1.404425,1.646048,0.15597,1.0,2.0,6.649846,0.0,6.649846,93.350154,71.534241,0.590868,27.007388
2026-08-10 23:54:27,1058.9,294911,1474,208.2457,-1351.1816,278.5,455.366241,-0.0,910.778076,2.279325,,11.151462,1.115146,1.872,0.443034,2.0,10.0,4.587893,0.0,4.587893,95.412107,72.562989,0.56077,27.007388
2026-08-10 23:54:29,1060.78,295423,1477,-1449.2009,-1370.0556,278.5,3911.760498,0.0,7823.566406,2.27036,,9.135458,0.913546,0.980298,1.633979,10.0,10.0,15.892046,0.0,15.892046,84.107954,63.354818,0.572423,27.007388
2026-08-10 23:54:31,1062.53,295935,1479,629.674,-1336.8285,278.5,280.18454,-0.0,560.414551,2.274904,,9.666358,0.966636,4.3e-05,1.314566,10.0,10.0,0.814393,0.0,0.814393,99.185607,75.635567,0.629765,27.007388
2026-08-10 23:54:33,1064.35,296447,1482,-1457.7774,-1345.0225,278.5,4076.962646,-0.0,8153.970703,2.275463,,8.925324,0.892532,1.742682,1.45651,10.0,10.0,15.769779,0.0,15.769779,84.230221,63.409035,0.581455,27.007388
2026-08-10 23:54:34,1066.13,296959,1484,-1038.8225,-1338.1971,278.5,1175.732544,-0.0,2351.510498,2.270887,,9.127387,0.912739,4.3e-05,1.434887,10.0,10.0,12.705043,0.0,12.705043,87.294957,66.364002,0.547723,27.007388
2026-08-10 23:54:36,1067.94,297471,1487,-1203.2243,-1347.9421,278.5,1603.438599,0.0,3206.922852,2.279727,,10.083371,1.008337,1.93,2.03312,10.0,10.0,14.292419,0.0,14.292419,85.707581,64.662534,0.593017,27.007388
2026-08-10 23:54:38,1069.78,297983,1489,-2265.8614,-1365.4727,278.5,5052.199707,0.0,10104.445312,2.271694,,6.155463,0.615546,1.598088,1.422355,10.0,10.0,27.813001,0.0,27.813001,72.186999,53.870079,0.630297,27.007388
2026-08-10 23:54:40,1071.6,298495,1492,-1528.1881,-1370.602,278.6,3306.741699,-0.0,6613.528809,2.273335,,6.365315,0.636532,4.3e-05,1.644502,10.0,10.0,15.055717,0.0,15.055717,84.944283,63.945478,0.673947,27.007388
2026-08-10 23:54:42,1073.45,299007,1495,-884.4241,-1370.965,278.5,1058.374756,-0.0,2116.794922,2.272905,,6.703661,0.670366,4.4e-05,2.636894,10.0,10.0,10.368285,0.0,10.368285,89.631715,67.724258,0.638761,27.007388
2026-08-10 23:54:44,1075.24,299519,1497,-817.856,-1368.6197,278.6,1528.574341,-0.0,3057.194336,2.280955,,7.33905,0.733905,1.722858,1.652254,10.0,10.0,10.14035,0.0,10.14035,89.85965,67.126548,0.517442,27.007388
2026-08-10 23:54:45,1077.1,300031,1500,-1708.3077,-1356.6678,278.6,2091.589111,-0.0,4183.223633,2.273303,,7.874065,0.787406,4.3e-05,2.735348,10.0,10.0,16.972254,0.0,16.972254,83.027746,62.53213,0.591607,27.747304
2026-08-10 23:54:47,1078.88,300543,1502,-1038.3624,-1328.4289,278.6,1513.413086,0.0,3026.871582,2.273541,,7.125902,0.71259,1.90695,1.18585,10.0,10.0,11.253136,0.0,11.253136,88.746864,67.762136,0.577675,27.747304
2026-08-10 23:54:49,1080.67,301055,1505,-141.6933,-1310.0624,278.6,224.263336,-0.0,448.572327,2.282906,,6.551816,0.655182,1.906,1.271717,10.0,10.0,4.453976,0.0,4.453976,95.546024,73.284626,0.572519,27.747304
2026-08-10 23:54:51,1082.46,301567,1507,-2383.7937,-1331.3317,278.6,5016.796875,0.0,10033.639648,2.280748,,6.749016,0.674902,1.051702,0.956251,10.0,10.0,20.310776,0.0,20.310776,79.689224,59.867706,0.604927,27.747304
2026-08-10 23:54:53,1084.3,302079,1510,-2131.1196,-1335.6472,278.6,4668.931152,-0.0,9337.908203,2.278992,,7.045587,0.704559,1.921,1.594431,10.0,10.0,19.146888,0.0,19.146888,80.853112,59.81706,0.603064,27.747304
2026-08-10 23:54:54,1086.12,302591,1512,-1808.3461,-1352.6298,278.6,3669.156006,-0.0,7338.357422,2.27776,,10.809534,1.080953,1.866472,1.267545,10.0,10.0,18.465276,0.0,18.465276,81.534724,62.078065,0.643239,27.747304
2026-08-10 23:54:56,1088.0,303103,1515,-1020.3321,-1333.4992,278.6,730.138428,0.0,1460.32251,2.281372,,8.48524,0.848524,1.91295,3.400184,10.0,10.0,12.273407,0.0,12.273407,87.726593,65.453929,0.619471,27.747304
2026-08-10 23:54:58,1089.8,303615,1518,-887.1654,-1321.551,278.6,967.056213,0.0,1934.158203,2.287962,,5.821444,0.582144,1.92,1.48232,10.0,10.0,9.444702,0.0,9.444702,90.555298,67.947585,0.643336,27.747304
2026-08-10 23:55:00,1091.67,304127,1520,-2269.9656,-1309.5517,278.6,3311.9729,0.0,6623.991211,2.275687,,4.73254,0.473254,0.844371,2.563199,10.0,10.0,19.438975,0.0,19.438975,80.561025,60.645297,0.705875,27.747304
2026-08-10 23:55:02,1093.49,304639,1523,-411.5121,-1307.6988,278.6,1334.72583,-0.0,2669.497314,2.279935,,7.600853,0.760085,0.966194,1.926324,10.0,10.0,7.962603,0.0,7.962603,92.037397,70.407821,0.600623,27.747304
2026-08-10 23:55:04,1095.26,305151,1525,-550.0491,-1298.5739,278.6,311.376617,-0.0,622.798828,2.280773,,10.284098,1.02841,1.905,1.073181,10.0,10.0,9.411971,0.0,9.411971,90.588029,69.324505,0.574918,27.747304
2026-08-10 23:55:05,1097.15,305663,1528,-2125.3503,-1321.0599,278.6,2601.017822,0.0,5202.081055,2.279822,,7.751778,0.775178,1.90795,3.901735,10.0,10.0,19.597011,0.0,19.597011,80.402989,59.396372,0.679589,27.747304
2026-08-10 23:55:07,1098.98,306175,1530,-2416.2666,-1347.7592,278.6,4389.33252,-0.0,8778.710938,2.280324,,7.471657,0.747166,0.589658,1.721994,10.0,10.0,21.187369,0.0,21.187369,78.812631,59.512047,0.606666,27.747304
2026-08-10 23:55:09,1100.77,306687,1533,-1502.8661,-1340.4523,278.6,3410.992188,0.0,6822.030273,2.282989,,6.114528,0.611453,0.636362,0.742347,6.0,10.0,14.097676,0.0,14.097676,85.902324,65.09613,0.605303,27.747304
2026-08-10 23:55:11,1102.65,307199,1536,-2383.8523,-1366.7392,278.6,5284.470703,-0.0,10568.986328,2.265266,,6.283732,0.628373,0.926675,2.779589,10.0,10.0,22.975786,0.0,22.975786,77.024214,57.914713,0.606461,27.747304
2026-08-10 23:55:13,1104.48,307711,1538,-2626.7338,-1375.2323,278.6,4029.375244,0.0,8058.795898,2.276518,,6.412577,0.641258,1.901,1.54822,10.0,10.0,22.16632,0.0,22.16632,77.83368,58.314214,0.658373,27.747304
2026-08-10 23:55:15,1106.29,308223,1541,-1904.2292,-1368.5081,278.6,4311.179199,0.0,8622.404297,2.280191,,9.29966,0.929966,1.92295,0.986196,10.0,10.0,18.311222,0.0,18.311222,81.688778,62.047473,0.621871,27.747304
2026-08-10 23:55:16,1108.08,308735,1543,-1888.2924,-1374.3999,278.6,1686.033325,-0.0,3372.112305,2.281942,,6.661595,0.66616,0.977683,1.211992,10.0,10.0,16.900768,0.0,16.900768,83.099232,63.022486,0.610112,27.747304
2026-08-10 23:55:18,1109.86,309247,1546,-1571.9681,-1390.35,278.6,2529.228027,-0.0,5058.501465,2.282485,,5.934792,0.593479,1.718982,0.974948,10.0,10.0,14.737761,0.0,14.737761,85.262239,63.735401,0.721022,27.747304
2026-08-10 23:55:20,1111.65,309759,1548,-1778.6946,-1396.9164,278.6,3775.665771,0.0,7551.376953,2.282603,,6.521312,0.652131,1.453981,0.863744,10.0,10.0,16.913158,0.0,16.913158,83.086842,63.562897,0.671131,27.747304
2026-08-10 23:55:22,1113.5,310271,1551,-2394.6205,-1406.5816,278.6,3667.924072,0.0,7335.893555,2.278002,,6.849758,0.684976,4.4e-05,2.202299,10.0,10.0,21.026465,0.0,21.026465,78.973535,59.158935,0.662442,27.747304
2026-08-10 23:55:24,1115.32,310783,1553,-2893.7908,-1435.7764,278.6,6232.330078,-0.0,12464.706055,2.271642,,4.971041,0.497104,1.099854,1.576573,10.0,10.0,23.435473,0.0,23.435473,76.564527,57.041073,0.656777,27.747304
2026-08-10 23:55:25,1117.13,311295,1556,-1871.4303,-1444.9587,278.7,4512.246094,0.0,9024.538086,2.273397,,4.845395,0.484539,0.16314,1.449194,10.0,10.0,16.917791,0.0,16.917791,83.082209,62.246816,0.656878,27.747304
2026-08-10 23:55:27,1118.9,311807,1559,576.6677,-1426.9628,278.7,418.234406,-0.0,836.514465,2.281294,,11.792351,1.179235,1.88995,1.15956,10.0,10.0,2.212398,0.0,2.212398,97.787602,74.518855,0.643133,27.747304
2026-08-10 23:55:29,1120.64,312319,1561,-831.5523,-1420.3585,278.7,1478.275635,0.0,2956.59668,2.275334,,10.795871,1.079587,1.130847,0.565122,3.0,10.0,11.519531,0.0,11.519531,88.480469,67.07538,0.566599,27.747304
2026-08-10 23:55:31,1122.39,312831,1564,-420.1201,-1413.4974,278.7,806.586853,-0.0,1613.219238,2.278081,,9.59047,0.959047,1.89885,0.751848,10.0,10.0,8.038527,0.0,8.038527,91.961473,70.445246,0.578494,28.710477
2026-08-10 23:55:33,1124.23,313343,1566,-1247.9537,-1398.8483,278.7,3856.962158,0.0,7713.969727,2.276457,,7.47857,0.747857,1.864,1.891264,10.0,10.0,13.862843,0.0,13.862843,86.137157,65.023715,0.649957,28.710477
2026-08-10 23:55:34,1126.09,313855,1569,-1545.6822,-1405.7041,278.7,1849.195679,0.0,3698.437012,2.280188,,5.525678,0.552568,1.895,2.150125,10.0,10.0,13.670774,0.0,13.670774,86.329226,64.738617,0.775572,28.710477
2026-08-10 23:55:36,1127.89,314367,1571,-1330.2244,-1411.8034,278.7,2665.427979,-0.0,5330.901855,2.285771,,7.166878,0.716688,1.531614,1.510404,10.0,10.0,12.846286,0.0,12.846286,87.153714,66.419422,0.576966,28.710477
2026-08-10 23:55:38,1129.65,314879,1574,-486.9177,-1404.0845,278.7,626.007874,0.0,1252.061279,2.278564,,9.218956,0.921896,1.658254,0.752819,6.0,10.0,8.178602,0.0,8.178602,91.821398,70.14495,0.543843,28.710477
2026-08-10 23:55:40,1131.44,315391,1576,-1104.5966,-1393.5671,278.8,2523.558105,-0.0,5047.162109,2.286985,,10.331103,1.03311,1.908,0.912528,10.0,10.0,12.83639,0.0,12.83639,87.16361,65.666359,0.607938,28.710477
2026-08-10 23:55:42,1133.32,315903,1579,-2518.7454,-1408.3934,278.7,4814.353516,0.0,9628.75293,2.284453,,7.980685,0.798069,1.899,2.980636,10.0,10.0,21.559142,0.0,21.559142,78.440858,57.927723,0.580428,28.710477
2026-08-10 23:55:44,1135.22,316415,1582,-1227.5793,-1400.3825,278.7,1565.643677,0.0,3131.333008,2.277036,,8.196847,0.819685,1.035198,2.306505,10.0,10.0,12.860739,0.0,12.860739,87.139261,64.819517,0.604346,28.710477
2026-08-10 23:55:45,1137.04,316927,1584,-2073.9361,-1405.1593,278.7,2089.50293,-0.0,4179.05127,2.270472,,6.814822,0.681482,0.915634,1.613032,10.0,10.0,17.761931,0.0,17.761931,82.238069,61.941828,0.591484,28.710477
2026-08-10 23:55:47,1138.86,317439,1587,-2399.6449,-1433.6105,278.7,4686.083008,0.0,9372.211914,2.27776,,7.441458,0.744146,4.4e-05,1.733709,10.0,10.0,22.60814,0.0,22.60814,77.39186,57.825177,0.588206,28.710477
2026-08-10 23:55:49,1140.69,317951,1589,-2239.7364,-1458.6581,278.7,3287.848877,-0.0,6575.743164,2.278081,,7.428408,0.742841,1.887227,2.156642,10.0,10.0,19.889813,0.0,19.889813,80.110187,59.966638,0.62137,28.710477
2026-08-10 23:55:51,1142.54,318463,1592,-2303.0122,-1471.8977,278.7,2463.304443,-0.0,4926.654297,2.274356,,7.196291,0.719629,4.4e-05,2.254443,10.0,10.0,19.988411,0.0,19.988411,80.011589,59.914217,0.608011,28.710477
2026-08-10 23:55:53,1144.34,318975,1594,-1204.5812,-1460.8825,278.7,2112.858154,-0.0,4225.761719,2.281228,,11.02063,1.102063,1.891,0.860784,10.0,10.0,13.766967,0.0,13.766967,86.233033,65.787297,0.639131,28.710477
2026-08-10 23:55:55,1146.16,319487,1597,-1429.205,-1451.7916,278.7,4748.754395,-0.0,9497.554688,2.278342,,7.948711,0.794871,0.574185,1.112819,10.0,10.0,23.268015,0.0,23.268015,76.731985,57.261137,0.620929,28.710477
2026-08-10 23:55:56,1148.04,319999,1600,-2610.4699,-1462.9556,278.7,5571.276855,-0.0,11142.599609,2.278516,,7.438556,0.743856,1.91895,3.056464,10.0,10.0,26.937849,0.0,26.937849,73.062151,54.374479,0.662254,28.710477
2026-08-10 23:55:58,1149.91,320511,1602,-2161.599,-1468.147,278.7,4953.790527,0.0,9907.626953,2.273976,,6.358172,0.635817,4.6e-05,2.657886,10.0,10.0,19.409127,0.0,19.409127,80.590873,59.856135,0.614205,28.710477
2026-08-10 23:56:00,1151.75,321023,1605,-1550.6461,-1482.7317,278.7,2853.890381,-0.0,5707.826172,2.279121,,7.793061,0.779306,1.777039,1.718721,10.0,10.0,14.915831,0.0,14.915831,85.084169,64.352942,0.570736,28.710477
2026-08-10 23:56:02,1153.59,321535,1607,-1772.1821,-1487.5995,278.7,3292.260254,0.0,6584.565918,2.281028,,5.427003,0.5427,0.241945,2.292289,10.0,10.0,15.553061,0.0,15.553061,84.446939,64.513894,0.687388,28.710477
2026-08-10 23:56:04,1155.36,322047,1610,166.828,-1462.5761,278.7,127.550667,-0.0,255.147034,2.284684,,5.762693,0.576269,1.916,0.823396,10.0,10.0,1.978676,0.0,1.978676,98.021324,74.893845,0.715839,28.710477
2026-08-10 23:56:05,1157.15,322559,1612,-406.94,-1460.586,278.8,355.816376,0.0,711.678467,2.2846,,7.686268,0.768627,4.2e-05,1.112437,10.0,10.0,6.803043,0.0,6.803043,93.196957,71.198659,0.596555,28.710477
2026-08-10 23:56:07,1158.93,323071,1615,-1422.5239,-1470.2414,278.8,2000.607056,0.0,4001.259766,2.279881,,7.475436,0.747544,1.096378,0.996865,10.0,10.0,13.562655,0.0,13.562655,86.437345,65.54793,0.572002,28.710477
2026-08-10 23:56:09,1160.71,323583,1617,-1522.393,-1479.9689,278.8,2207.139404,-0.0,4414.324707,2.284721,,7.459263,0.745926,1.912,0.841998,10.0,10.0,14.353859,0.0,14.353859,85.646141,65.097829,0.61171,28.710477
2026-08-10 23:56:11,1162.55,324095,1620,-1519.0865,-1492.6073,278.8,1129.417847,-0.0,2258.881348,2.285608,,7.500721,0.750072,1.909,2.15175,10.0,10.0,14.565404,0.0,14.565404,85.434596,64.214855,0.58812,28.710477
2026-08-10 23:56:13,1164.3,324607,1623,221.7689,-1453.7368,278.8,404.016449,-0.0,808.078613,2.286933,,9.053469,0.905347,1.9129,0.197176,1.0,3.0,3.239062,0.0,3.239062,96.760938,74.056961,0.585215,28.710477
2026-08-10 23:56:14,1166.07,325119,1625,-837.5284,-1463.5273,278.8,1102.219971,-0.0,2204.485596,2.284301,,8.169523,0.816952,4.2e-05,0.316768,1.0,10.0,9.800917,0.0,9.800917,90.199083,68.427213,0.54589,29.540833
2026-08-10 23:56:16,1167.89,325631,1628,-1733.4348,-1466.8915,278.8,1634.498413,0.0,3269.04248,2.281834,,6.790035,0.679004,1.228395,1.597011,10.0,10.0,15.070254,0.0,15.070254,84.929746,64.023027,0.605158,29.540833
2026-08-10 23:56:18,1169.72,326143,1630,-1430.596,-1455.1692,278.8,2241.053467,0.0,4482.152344,2.267554,,8.368224,0.836822,4.2e-05,1.881987,10.0,10.0,13.825333,0.0,13.825333,86.174667,64.646094,0.584398,29.540833
2026-08-10 23:56:20,1171.49,326655,1633,-1023.6211,-1450.2531,278.8,592.744263,-0.0,1185.53418,2.28072,,9.00817,0.900817,1.92,1.282082,10.0,10.0,11.218557,0.0,11.218557,88.781443,66.803647,0.648154,29.540833
2026-08-10 23:56:22,1173.35,327167,1635,-2784.9423,-1462.2985,278.8,4537.762207,-0.0,9075.570312,2.278533,,7.633904,0.76339,0.578407,1.988813,10.0,10.0,23.142965,0.0,23.142965,76.857035,58.156077,0.568241,29.540833
2026-08-10 23:56:23,1175.13,327679,1638,-498.9172,-1462.7678,278.8,642.505493,-0.0,1285.056641,2.281282,,9.186982,0.918698,1.857,0.721439,10.0,10.0,8.298447,0.0,8.298447,91.701553,69.803381,0.616602,29.540833
2026-08-10 23:56:25,1176.97,328191,1640,-2311.1207,-1482.3683,278.8,3400.162598,-0.0,6800.370605,2.280096,,6.509567,0.650957,4.3e-05,1.933861,10.0,10.0,19.05791,0.0,19.05791,80.94209,60.589045,0.625082,29.540833
2026-08-10 23:56:27,1178.78,328703,1643,-1587.7853,-1484.7886,278.8,1702.678345,0.0,3405.402344,2.283968,,3.779879,0.377988,1.90195,1.732614,10.0,10.0,12.449303,0.0,12.449303,87.550697,65.576209,0.749423,29.540833
2026-08-10 23:56:29,1180.55,329215,1646,-1071.6662,-1477.4719,278.9,1524.428101,-0.0,3048.901855,2.286996,,3.460202,0.34602,1.906,1.199129,10.0,10.0,9.001928,0.0,9.001928,90.998072,68.390277,0.814187,29.540833
2026-08-10 23:56:31,1182.35,329727,1648,-2062.4763,-1475.7382,278.9,2383.107422,0.0,4766.260742,2.291623,,5.117839,0.511784,1.924,1.342414,10.0,10.0,16.227739,0.0,16.227739,83.772261,63.750977,0.599747,29.540833
2026-08-10 23:56:33,1184.17,330239,1651,-1976.6096,-1473.0032,278.9,4894.932129,-0.0,9789.910156,2.273517,,6.116852,0.611685,1.287181,1.005011,10.0,10.0,20.551069,0.0,20.551069,79.448931,59.919002,0.697442,29.540833
2026-08-10 23:56:34,1186.02,330751,1653,-1801.5766,-1490.5303,278.9,2799.57251,0.0,5599.19043,2.280225,,8.423989,0.842399,1.917,2.068449,10.0,10.0,16.609742,0.0,16.609742,83.390258,63.427679,0.611639,29.540833
2026-08-10 23:56:36,1187.92,331263,1656,-3409.467,-1504.2067,278.9,8357.555664,-0.0,16715.15625,2.275121,,7.162189,0.716219,4.3e-05,2.899064,10.0,10.0,32.814198,0.0,32.814198,67.185802,49.568604,0.60193,29.540833
2026-08-10 23:56:38,1189.8,331775,1658,-1823.7968,-1506.7083,278.8,3213.403564,-0.0,6426.852539,2.277653,,4.918609,0.491861,1.90495,3.041838,10.0,10.0,15.16296,0.0,15.16296,84.83704,63.514224,0.680415,29.540833
2026-08-10 23:56:40,1191.63,332287,1661,-2329.0198,-1518.2057,278.9,4857.903809,0.0,9715.853516,2.284188,,4.669095,0.46691,1.104011,2.230093,10.0,10.0,18.414262,0.0,18.414262,81.585738,60.641612,0.723524,29.540833
2026-08-10 23:56:42,1193.4,332799,1664,-624.9674,-1492.4675,278.9,954.684204,-0.0,1909.414062,2.28113,,7.47513,0.747513,1.91385,0.962039,10.0,10.0,7.897408,0.0,7.897408,92.102592,69.9925,0.574448,29.540833
2026-08-10 23:56:44,1195.18,333311,1666,-686.4715,-1470.7018,278.9,821.490601,0.0,1643.026855,2.282289,,6.789492,0.678949,1.90195,1.055147,10.0,10.0,7.963492,0.0,7.963492,92.036508,69.7336,0.53727,29.540833
2026-08-10 23:56:45,1196.97,333823,1669,-197.6765,-1438.538,278.9,1025.990601,0.0,2052.026855,2.281918,,10.910233,1.091023,1.915,1.003979,10.0,10.0,6.607978,0.0,6.607978,93.392022,70.185635,0.592949,29.540833
2026-08-10 23:56:47,1198.79,334335,1671,-971.1962,-1436.2473,278.9,1636.940918,0.0,3273.92749,2.278105,,10.115783,1.011578,1.904,1.85707,10.0,10.0,11.727047,0.0,11.727047,88.272953,67.7501,0.611442,29.540833
2026-08-10 23:56:49,1200.66,334847,1674,-1855.559,-1450.0966,278.9,2097.84668,0.0,4195.73877,2.265612,,7.77155,0.777155,4.3e-05,2.869537,10.0,10.0,16.477859,0.0,16.477859,83.522141,62.375916,0.658482,29.540833
2026-08-10 23:56:51,1202.5,335359,1676,-1507.0108,-1454.58,278.9,4651.351562,0.0,9302.749023,2.277447,,7.99895,0.799895,1.056987,1.690071,10.0,10.0,22.037004,0.0,22.037004,77.962996,58.394095,0.608371,29.540833
2026-08-10 23:56:53,1204.27,335871,1679,178.1033,-1446.6324,278.9,112.087685,-0.0,224.220917,2.277279,,8.420488,0.842049,4.2e-05,1.484775,10.0,10.0,3.115976,0.0,3.115976,96.884024,73.151406,0.756749,29.540833
2026-08-10 23:56:55,1206.17,336383,1681,-3305.7776,-1449.9377,278.9,7546.794434,-0.0,15093.634766,2.271242,,7.916233,0.791623,1.202648,3.045338,10.0,10.0,31.956554,0.0,31.956554,68.043446,50.71765,0.652665,29.540833
2026-08-10 23:56:56,1208.02,336895,1684,-3031.1887,-1450.4264,278.9,5493.205566,-0.0,10986.457031,2.27253,,7.324279,0.732428,0.347608,1.684638,10.0,10.0,30.578706,0.0,30.578706,69.421294,51.599835,0.503761,29.540833
2026-08-10 23:56:58,1209.78,337407,1687,128.4104,-1434.2944,278.9,310.187836,-0.0,620.421326,2.282231,,9.974639,0.997464,1.918,0.819961,10.0,10.0,4.313616,0.0,4.313616,95.686384,73.006197,0.586363,29.540833
2026-08-10 23:57:00,1211.59,337919,1689,-1066.6603,-1426.779,278.9,716.855408,-0.0,1433.756348,2.27843,,9.414886,0.941489,1.895,1.659192,10.0,10.0,11.646597,0.0,11.646597,88.353403,66.898071,0.65375,30.511736
2026-08-10 23:57:02,1213.41,338431,1692,-2080.132,-1442.214,278.9,2291.359619,-0.0,4582.765137,2.285986,,6.347977,0.634798,1.548159,2.035894,10.0,10.0,16.766463,0.0,16.766463,83.233537,62.338135,0.648618,30.511736
2026-08-10 23:57:04,1215.22,338943,1694,-2829.4933,-1467.6327,278.9,4523.335449,-0.0,9046.716797,2.283057,,6.931522,0.693152,1.906,1.613625,10.0,10.0,21.621939,0.0,21.621939,78.378061,58.779938,0.599799,30.511736
2026-08-10 23:57:05,1217.03,339455,1697,-1424.7278,-1462.9849,278.9,1119.977783,-0.0,2240.001221,2.28127,,10.47144,1.047144,1.877,1.829726,10.0,10.0,14.475722,0.0,14.475722,85.524278,63.910957,0.623513,30.511736
2026-08-10 23:57:07,1218.88,339967,1699,-1221.613,-1453.9217,278.9,1450.293823,-0.0,2900.633301,2.28364,,7.875577,0.787558,1.054939,2.410888,10.0,10.0,12.08132,0.0,12.08132,87.91868,66.73615,0.618364,30.511736
2026-08-10 23:57:09,1220.8,340479,1702,-2975.2708,-1455.9033,278.9,4435.445312,0.0,8870.936523,2.279777,,4.810902,0.48109,0.957842,2.647185,10.0,10.0,21.744659,0.0,21.744659,78.255341,58.185833,0.701564,30.511736
2026-08-10 23:57:11,1222.7,340991,1704,-2064.3315,-1474.3212,278.9,2960.462158,-0.0,5920.969727,2.27696,,5.589285,0.558929,1.916,3.829991,10.0,10.0,16.824081,0.0,16.824081,83.175919,62.530803,0.709748,30.511736
2026-08-10 23:57:13,1224.58,341503,1707,-3752.0196,-1492.6601,278.9,8208.413086,-0.0,16416.871094,2.276069,,5.814603,0.58146,1.502928,3.153091,10.0,10.0,29.903445,0.0,29.903445,70.096555,52.022613,0.766688,30.511736
2026-08-10 23:57:15,1226.4,342015,1710,-1822.4835,-1513.1315,278.9,4676.721191,0.0,9353.488281,2.286371,,8.413267,0.841327,1.90655,1.217118,10.0,10.0,25.179055,0.0,25.179055,74.820945,56.640246,0.577973,30.511736
2026-08-10 23:57:17,1228.18,342527,1712,-538.3933,-1514.0511,278.9,741.68866,-0.0,1483.422852,2.278518,,10.217307,1.021731,1.917,1.191951,10.0,10.0,8.234995,0.0,8.234995,91.765005,69.312546,0.609091,30.511736
2026-08-10 23:57:18,1229.92,343039,1715,-665.1033,-1514.7228,278.9,1107.889526,-0.0,2215.824707,2.287161,,10.054548,1.005455,1.466256,0.521908,2.0,10.0,9.213211,0.0,9.213211,90.786789,69.580171,0.561184,30.511736
2026-08-10 23:57:20,1231.68,343551,1717,-856.585,-1504.5406,278.9,3490.722656,0.0,6981.490723,2.281415,,8.184823,0.818482,0.491225,0.376888,1.0,10.0,14.339159,0.0,14.339159,85.660841,65.09558,0.547648,30.511736
2026-08-10 23:57:22,1233.59,344063,1720,-3510.9929,-1521.9421,278.9,6917.733398,-0.0,13835.512695,2.275004,,7.357971,0.735797,0.498061,4.191483,10.0,10.0,29.218246,0.0,29.218246,70.781754,51.987169,0.617776,30.511736
2026-08-10 23:57:24,1235.42,344575,1722,-1372.9512,-1509.5333,278.9,3476.499756,0.0,6953.044922,2.279578,,7.554156,0.755416,4.3e-05,1.314773,10.0,10.0,12.746927,0.0,12.746927,87.253073,66.593603,0.605553,30.511736
2026-08-10 23:57:26,1237.19,345087,1725,-161.1539,-1486.596,278.9,315.409973,0.0,630.865601,2.282804,,6.665404,0.66654,0.630283,1.168992,10.0,10.0,4.446261,0.0,4.446261,95.553739,72.397027,0.662373,30.511736
2026-08-10 23:57:27,1239.06,345599,1728,-1809.7409,-1505.8778,278.9,4292.635742,-0.0,8585.317383,2.280248,,7.535312,0.753531,1.8809,2.985384,10.0,10.0,16.854527,0.0,16.854527,83.145473,61.860412,0.726627,30.511736
2026-08-10 23:57:29,1240.87,346111,1730,-1809.9527,-1526.0598,278.9,3205.350586,-0.0,6410.74707,2.28422,,6.84309,0.684309,1.91595,1.867499,10.0,10.0,15.274397,0.0,15.274397,84.725603,64.053697,0.571726,30.511736
2026-08-10 23:57:31,1242.67,346623,1733,-1565.1634,-1527.2195,278.9,1997.23645,-0.0,3994.518555,2.276784,,5.286224,0.528622,0.89989,1.802512,10.0,10.0,12.957555,0.0,12.957555,87.042445,66.312857,0.626541,30.511736
2026-08-10 23:57:33,1244.43,347135,1735,113.0423,-1532.3858,279.0,139.10321,-0.0,278.252106,2.283953,,5.96768,0.596768,1.889,1.178362,10.0,10.0,2.379115,0.0,2.379115,97.620885,74.601828,0.603899,30.511736
2026-08-10 23:57:35,1246.24,347647,1738,-972.3535,-1527.5315,279.0,584.606567,-0.0,1169.258789,2.285033,,5.16569,0.516569,1.90095,1.486763,10.0,10.0,8.779054,0.0,8.779054,91.220946,68.817528,0.575379,30.511736
2026-08-10 23:57:36,1248.08,348159,1740,-2913.9902,-1546.2832,279.0,4821.880371,-0.0,9643.806641,2.274035,,5.038566,0.503857,4.1e-05,2.1577,10.0,10.0,21.84309,0.0,21.84309,78.15691,58.630899,0.647373,30.511736
2026-08-10 23:57:38,1249.91,348671,1743,-2775.7755,-1562.0087,279.0,3990.661377,0.0,7981.368164,2.273877,,6.717264,0.671726,0.929528,2.2516,10.0,10.0,21.537195,0.0,21.537195,78.462805,58.199949,0.748245,30.511736
2026-08-10 23:57:40,1251.83,349183,1745,-3040.8041,-1569.7581,278.9,5610.950684,-0.0,11221.947266,2.277244,,7.071737,0.707174,1.9009,4.240037,10.0,10.0,31.174859,0.0,31.174859,68.825141,50.788919,0.680932,30.511736
2026-08-10 23:57:42,1253.61,349695,1748,-339.3916,-1557.8702,279.0,283.334381,0.0,566.714417,2.28321,,7.056476,0.705648,1.918,1.474549,10.0,10.0,5.763402,0.0,5.763402,94.236598,71.378168,0.601871,30.511736
2026-08-10 23:57:44,1255.44,350207,1751,-1227.2296,-1561.2982,279.0,873.677551,0.0,1747.400635,2.276113,,6.083543,0.608354,1.90395,1.778211,10.0,10.0,10.832049,0.0,10.832049,89.167951,67.400132,0.587491,31.528014
2026-08-10 23:57:46,1257.32,350719,1753,-4085.2202,-1593.9719,278.9,8935.307617,-0.0,17870.660156,2.276283,,4.834325,0.483432,1.692408,2.553359,10.0,10.0,33.825489,0.0,33.825489,66.174511,49.529242,0.681825,31.528014
2026-08-10 23:57:47,1259.15,351231,1756,-2109.6634,-1597.9854,278.9,4826.724121,-0.0,9653.494141,2.287676,,4.90834,0.490834,1.784019,1.999417,10.0,10.0,20.547563,0.0,20.547563,79.452437,59.299298,0.665816,31.528014
2026-08-10 23:57:49,1260.97,351743,1758,-1395.1016,-1601.5528,278.9,1871.508057,-0.0,3743.061768,2.277167,,7.46567,0.746567,1.495118,1.881694,10.0,10.0,12.35947,0.0,12.35947,87.64053,67.040305,0.516408,31.528014
2026-08-10 23:57:51,1262.71,352255,1761,-87.3059,-1601.009,279.0,605.592651,-0.0,1211.230713,2.270603,,12.924167,1.292417,1.924,0.513667,3.0,10.0,6.406231,0.0,6.406231,93.593769,71.67327,0.656811,31.528014
2026-08-10 23:57:53,1264.49,352767,1763,-1657.2073,-1593.7431,279.0,4658.923828,-0.0,9317.893555,2.277438,,11.385519,1.138552,1.7573,1.229228,10.0,10.0,18.732,0.0,18.732,81.268,61.558177,0.645971,31.528014
2026-08-10 23:57:55,1266.28,353279,1766,175.8426,-1570.6735,279.0,198.771149,0.0,397.588043,2.286649,,7.142753,0.714275,1.905,1.60791,10.0,10.0,2.573994,0.0,2.573994,97.426006,73.475781,0.597433,31.528014
2026-08-10 23:57:56,1268.01,353791,1768,140.8257,-1551.1817,279.0,350.516266,0.0,701.078125,2.279443,,9.487065,0.948707,4.2e-05,0.417361,1.0,10.0,3.591768,0.0,3.591768,96.408232,73.963117,0.566481,31.528014
2026-08-10 23:57:58,1269.86,354303,1771,-3620.0094,-1577.1785,279.0,6692.331055,-0.0,13384.708008,2.281139,,8.371231,0.837123,0.422651,2.129814,10.0,10.0,26.996394,0.0,26.996394,73.003606,54.519294,0.634821,31.528014
2026-08-10 23:58:00,1271.67,354815,1774,-1595.2504,-1584.2594,279.0,2237.949707,0.0,4475.944824,2.276261,,7.783628,0.778363,1.901,2.218798,10.0,10.0,14.351376,0.0,14.351376,85.648624,65.517684,0.671076,31.528014
2026-08-10 23:58:02,1273.52,355327,1776,-2304.0524,-1584.6002,279.0,5369.035645,-0.0,10738.117188,2.281628,,6.101448,0.610145,1.125146,2.081578,10.0,10.0,19.724584,0.0,19.724584,80.275416,60.356984,0.786487,31.528014
2026-08-10 23:58:04,1275.41,355839,1779,-3260.3613,-1613.0887,279.0,5723.648926,-0.0,11447.34375,2.276444,,6.789769,0.678977,4.2e-05,3.61043,10.0,10.0,25.032363,0.0,25.032363,74.967637,56.338929,0.733115,31.528014
2026-08-10 23:58:06,1277.17,356351,1781,341.5194,-1604.173,279.0,214.714142,-0.0,429.473907,2.280983,,8.641204,0.86412,1.921,1.455036,10.0,10.0,2.075448,0.0,2.075448,97.924552,74.309883,0.705213,31.528014
2026-08-10 23:58:07,1278.93,356863,1784,503.5234,-1577.8843,279.0,254.617065,-0.0,509.279663,2.277342,,8.46643,0.846643,1.899,0.870636,9.0,10.0,1.057567,0.0,1.057567,98.942433,76.215061,0.60867,31.528014
2026-08-10 23:58:09,1280.74,357375,1786,-2528.4175,-1579.0058,279.0,5270.744141,-0.0,10541.53418,2.282225,,6.680323,0.668032,1.110855,1.723283,10.0,10.0,20.372311,0.0,20.372311,79.627689,60.117523,0.632677,31.528014
2026-08-10 23:58:11,1282.6,357887,1789,-593.4112,-1569.9113,279.0,811.45752,0.0,1622.960693,2.284328,,7.176527,0.717653,1.241713,0.570582,3.0,10.0,7.414922,0.0,7.414922,92.585078,71.198191,0.608437,31.528014
2026-08-10 23:58:13,1284.43,358399,1792,-2594.2028,-1572.0148,279.0,4836.692871,0.0,9673.431641,2.280968,,6.845464,0.684546,0.46025,2.120984,10.0,10.0,19.420475,0.0,19.420475,80.579525,60.722905,0.589874,31.528014
2026-08-10 23:58:15,1286.19,358911,1794,-118.3945,-1546.9314,279.1,280.556213,-0.0,561.15802,2.280269,,9.292851,0.929285,1.897,1.088349,10.0,10.0,5.240806,0.0,5.240806,94.759194,71.77941,0.552467,31.528014
2026-08-10 23:58:16,1287.96,359423,1797,-854.6965,-1536.4361,279.1,1290.684937,0.0,2581.415527,2.276906,,7.58488,0.758488,0.690683,1.160828,10.0,10.0,9.050953,0.0,9.050953,90.949047,69.588034,0.63798,31.528014
2026-08-10 23:58:18,1289.76,359935,1799,-18.3316,-1517.7364,279.1,456.912262,-0.0,913.870117,2.280142,,10.82265,1.082265,1.907,1.993828,10.0,10.0,5.274609,0.0,5.274609,94.725391,71.422927,0.577245,31.528014
2026-08-10 23:58:20,1291.67,360447,1802,-2915.573,-1531.1725,279.1,5125.536621,-0.0,10251.119141,2.275533,,7.432869,0.743287,1.918,3.990957,10.0,10.0,22.8017,0.0,22.8017,77.1983,57.202122,0.61788,31.528014
2026-08-10 23:58:22,1293.43,360959,1804,-916.56,-1522.5511,279.1,2627.630859,0.0,5255.307617,2.284544,,6.349997,0.635,1.479409,0.996916,10.0,10.0,9.329613,0.0,9.329613,90.670387,68.820361,0.566964,31.528014
2026-08-10 23:58:24,1295.25,361471,1807,106.8113,-1497.5368,279.1,523.157227,0.0,1046.359863,2.271048,,8.15242,0.815242,4.3e-05,1.572507,10.0,10.0,3.414454,0.0,3.414454,96.585546,73.791999,0.621861,31.528014
2026-08-10 23:58:25,1297.03,361983,1809,-825.7801,-1476.8567,279.1,1376.90625,0.0,2753.858154,2.282519,,8.014277,0.801428,1.907,1.853467,10.0,10.0,9.197292,0.0,9.197292,90.802708,68.8324,0.515365,31.528014
2026-08-10 23:58:27,1298.96,362495,1812,-4607.1012,-1504.2134,279.1,10487.416992,0.0,20974.878906,2.278443,,4.551335,0.455133,1.365148,4.014912,10.0,10.0,41.129441,0.0,41.129441,58.870559,42.336314,0.666773,31.528014
2026-08-10 23:58:29,1300.87,363007,1815,-1891.8071,-1528.8982,279.0,2613.925781,-0.0,5227.896973,2.275578,,7.126653,0.712665,1.8698,2.018651,10.0,10.0,16.43849,0.0,16.43849,83.56151,63.38624,0.645558,32.288395
2026-08-10 23:58:31,1302.63,363519,1817,-1138.8495,-1531.9712,279.1,2466.315186,-0.0,4932.675781,2.279724,,11.062435,1.106244,1.492308,1.061359,10.0,10.0,12.195138,0.0,12.195138,87.804862,66.37473,0.70162,32.288395
2026-08-10 23:58:33,1304.46,364031,1820,-1893.1749,-1546.7017,279.1,3336.437988,-0.0,6672.921387,2.28071,,5.865409,0.586541,1.862146,1.44385,10.0,10.0,14.633452,0.0,14.633452,85.366548,64.959189,0.707528,32.288395
2026-08-10 23:58:35,1306.29,364543,1822,-2379.1035,-1558.0132,279.1,3555.037354,-0.0,7110.120605,2.285348,,4.770028,0.477003,4.4e-05,1.705205,10.0,10.0,16.7794,0.0,16.7794,83.2206,63.601545,0.674786,32.288395
2026-08-10 23:58:36,1308.08,365055,1825,-1239.0269,-1554.9466,279.1,1624.025513,0.0,3248.09668,2.288574,,6.319497,0.63195,4.3e-05,1.697551,10.0,10.0,10.374401,0.0,10.374401,89.625599,67.530065,0.605031,32.288395
2026-08-10 23:58:38,1309.88,365567,1827,-3049.5606,-1572.14,279.1,4834.918457,-0.0,9669.882812,2.277937,,6.435641,0.643564,0.580565,0.553264,2.0,10.0,21.717369,0.0,21.717369,78.282631,59.414428,0.630893,32.288395
2026-08-10 23:58:40,1311.7,366079,1830,-1954.5064,-1586.8159,279.1,2659.169922,0.0,5318.385254,2.281914,,6.868232,0.686823,0.726357,1.813205,10.0,10.0,15.404655,0.0,15.404655,84.595345,63.707521,0.645648,32.288395
2026-08-10 23:58:42,1313.45,366591,1832,-183.8636,-1577.6086,279.1,694.36499,-0.0,1388.775757,2.285956,,9.711926,0.971193,4.2e-05,0.434583,2.0,10.0,5.680276,0.0,5.680276,94.319724,71.975703,0.578867,32.288395
2026-08-10 23:58:44,1315.28,367103,1835,-2347.8699,-1575.8998,279.1,4964.257324,0.0,9928.560547,2.271254,,7.503807,0.750381,1.08234,1.784467,10.0,10.0,18.370192,0.0,18.370192,81.629808,61.253647,0.588033,32.288395
2026-08-10 23:58:45,1317.14,367615,1838,-3010.2629,-1593.7266,279.1,4472.483887,0.0,8945.013672,2.277461,,4.875754,0.487575,1.552279,2.702111,10.0,10.0,21.032785,0.0,21.032785,78.967215,58.832429,0.674893,32.288395
2026-08-10 23:58:47,1319.01,368127,1840,-2665.68,-1599.6441,279.1,6232.572754,-0.0,12465.191406,2.279848,,5.343848,0.534385,0.201542,2.780383,10.0,10.0,26.049548,0.0,26.049548,73.950452,55.870991,0.657141,32.288395
2026-08-10 23:58:49,1320.83,368639,1843,-2107.4661,-1596.7223,279.1,2702.363037,0.0,5404.771484,2.278471,,6.700345,0.670034,0.195269,1.740658,10.0,10.0,16.24943,0.0,16.24943,83.75057,63.401881,0.620664,32.288395
2026-08-10 23:58:51,1322.62,369151,1845,-957.7248,-1583.9022,279.1,1114.722534,-0.0,2229.490723,2.286299,,6.476714,0.647671,4.2e-05,1.686384,10.0,10.0,8.953962,0.0,8.953962,91.046038,68.245986,0.675008,32.288395
2026-08-10 23:58:53,1324.44,369663,1848,-938.1698,-1570.2538,279.1,1178.879883,0.0,2357.80542,2.280201,,6.747537,0.674754,0.868126,2.466072,10.0,10.0,9.640828,0.0,9.640828,90.359172,67.111156,0.727135,32.288395
2026-08-10 23:58:55,1326.33,370175,1850,-2790.7516,-1586.1155,279.1,5176.989258,-0.0,10354.024414,2.271662,,8.711011,0.871101,0.793358,3.538816,10.0,10.0,22.442559,0.0,22.442559,77.557441,57.925218,0.691612,32.288395
2026-08-10 23:58:57,1328.18,370687,1853,-2067.1843,-1592.4953,279.1,3245.293701,-0.0,6490.632812,2.27545,,8.041603,0.80416,1.443847,2.976355,10.0,10.0,17.137229,0.0,17.137229,82.862771,61.907291,0.585761,32.288395
2026-08-10 23:58:58,1329.98,371199,1856,-1067.1703,-1577.0623,279.1,2066.482178,-0.0,4133.009766,2.279684,,6.940107,0.694011,4.3e-05,1.297832,10.0,10.0,10.139017,0.0,10.139017,89.860983,69.080363,0.561386,32.288395
2026-08-10 23:59:00,1331.85,371711,1858,-2248.4818,-1577.9311,279.1,5343.546387,-0.0,10687.138672,2.28497,,7.030563,0.703056,4.3e-05,2.680034,10.0,10.0,18.264808,0.0,18.264808,81.735192,60.989385,0.615985,32.288395
2026-08-10 23:59:02,1333.69,372223,1861,-2361.468,-1586.0393,279.1,2718.876953,-0.0,5437.799805,2.28369,,8.1368,0.81368,1.893749,1.890403,10.0,10.0,18.263953,0.0,18.263953,81.736047,61.370838,0.686737,32.288395
2026-08-10 23:59:04,1335.52,372735,1863,-1874.2243,-1587.0597,279.1,3085.173096,-0.0,6170.391602,2.281398,,9.594167,0.959417,1.896,2.26648,10.0,10.0,15.87787,0.0,15.87787,84.12213,64.493387,0.734732,32.288395
2026-08-10 23:59:06,1337.41,373247,1866,-1313.1042,-1601.8591,279.1,1664.137085,-0.0,3328.319824,2.278599,,9.013225,0.901323,4.5e-05,3.100531,10.0,10.0,12.745934,0.0,12.745934,87.254066,65.245546,0.705459,32.288395
2026-08-10 23:59:08,1339.24,373759,1868,-1437.9043,-1612.1687,279.1,1901.50708,-0.0,3803.059814,2.279001,,7.744391,0.774439,1.899,2.039497,10.0,10.0,12.481267,0.0,12.481267,87.518733,66.942372,0.711694,32.288395
2026-08-10 23:59:09,1340.97,374271,1871,118.6403,-1596.7571,279.1,668.382141,-0.0,1336.809937,2.285124,,7.096949,0.709695,1.903,0.279823,1.0,10.0,2.607286,0.0,2.607286,97.392714,74.477674,0.70263,32.288395
2026-08-10 23:59:11,1342.78,374783,1873,-1609.276,-1597.6259,279.1,2253.984131,0.0,4508.01416,2.283785,,6.180834,0.618083,4.2e-05,2.240234,10.0,10.0,12.631005,0.0,12.631005,87.368995,66.154847,0.639892,32.288395
2026-08-10 23:59:13,1344.72,375295,1876,-3857.0022,-1621.005,279.1,8077.603027,-0.0,16155.251953,2.270867,,5.59937,0.559937,4.3e-05,3.820416,10.0,10.0,32.800308,0.0,32.800308,67.199692,48.990461,0.651048,33.225829
2026-08-10 23:59:15,1346.58,375807,1879,-1836.0545,-1641.5833,279.1,1711.832642,-0.0,3423.710938,2.278377,,6.87412,0.687412,1.908,3.054962,10.0,10.0,14.22667,0.0,14.22667,85.77333,64.60317,0.671299,33.225829
2026-08-10 23:59:17,1348.41,376319,1881,-2128.0382,-1654.4884,279.1,3777.77832,0.0,7555.602539,2.291038,,6.269032,0.626903,1.893,2.090418,10.0,10.0,15.969105,0.0,15.969105,84.030895,63.709091,0.633519,33.225829
2026-08-10 23:59:19,1350.2,376831,1884,-1500.0554,-1652.1546,279.1,3381.089111,-0.0,6762.223633,2.281512,,7.062038,0.706204,4.5e-05,1.445594,10.0,10.0,12.26575,0.0,12.26575,87.73425,66.737482,0.669143,33.225829
2026-08-10 23:59:20,1352.0,377343,1886,-1069.8751,-1648.5474,279.1,2444.04541,-0.0,4888.13623,2.280113,,4.660315,0.466031,4.3e-05,2.153352,10.0,10.0,9.711826,0.0,9.711826,90.288174,68.757352,0.705396,33.225829
2026-08-10 23:59:22,1353.8,377855,1889,-2503.2583,-1663.3437,279.1,3927.657471,0.0,7855.360352,2.274672,,4.835889,0.483589,4.2e-05,1.683018,10.0,10.0,17.295424,0.0,17.295424,82.704576,61.949274,0.706393,33.225829
2026-08-10 23:59:24,1355.68,378367,1891,-3486.1097,-1670.3554,279.1,7275.379395,-0.0,14550.804688,2.278444,,6.516925,0.651692,1.445559,2.059042,10.0,10.0,27.621705,0.0,27.621705,72.378295,54.248411,0.643088,33.225829
2026-08-10 23:59:26,1357.45,378879,1894,-1063.9397,-1676.0056,279.1,1997.198608,-0.0,3994.442871,2.280771,,9.104683,0.910468,4.2e-05,1.055837,10.0,10.0,10.333984,0.0,10.333984,89.666016,67.620874,0.568102,33.225829
2026-08-10 23:59:28,1359.25,379391,1896,-1753.8256,-1670.4327,279.1,4103.042969,-0.0,8206.131836,2.28277,,7.82928,0.782928,1.913,1.307213,10.0,10.0,14.911586,0.0,14.911586,85.088414,64.252068,0.546819,33.225829
2026-08-10 23:59:29,1361.0,379903,1899,90.6592,-1653.6482,279.1,173.386078,-0.0,346.817719,2.277997,,7.204713,0.720471,4.5e-05,0.775387,7.0,10.0,2.807851,0.0,2.807851,97.192149,74.237334,0.602111,33.225829
2026-08-10 23:59:31,1362.84,380415,1902,-2351.0617,-1666.4422,279.1,4167.846191,0.0,8335.738281,2.278167,,7.294756,0.729476,1.91895,2.385141,10.0,10.0,17.621863,0.0,17.621863,82.378137,61.725275,0.609839,33.225829
2026-08-10 23:59:33,1364.64,380927,1904,-1907.6754,-1664.8942,279.1,3856.935547,-0.0,7713.916992,2.289608,,7.358535,0.735853,0.374634,0.892645,8.0,10.0,16.279649,0.0,16.279649,83.720351,62.564569,0.562041,33.225829
2026-08-10 23:59:35,1366.52,381439,1907,-2683.0778,-1671.9589,279.1,4434.903809,0.0,8869.853516,2.280345,,5.250447,0.525045,4.3e-05,2.907154,10.0,10.0,19.533956,0.0,19.533956,80.466044,59.522384,0.606919,33.225829
2026-08-10 23:59:37,1368.32,381951,1909,-632.9397,-1660.2725,279.1,448.984344,0.0,898.014343,2.284184,,5.398002,0.5398,4.3e-05,1.977525,10.0,10.0,6.384671,0.0,6.384671,93.615329,71.159242,0.633897,33.225829
2026-08-10 23:59:39,1370.17,382463,1912,-1982.822,-1646.0061,279.1,5053.517578,-0.0,10107.081055,2.280263,,6.763492,0.676349,4.2e-05,1.905249,10.0,10.0,15.815122,0.0,15.815122,84.184878,62.80954,0.620245,33.225829
2026-08-10 23:59:40,1371.99,382975,1914,-1991.7309,-1647.6854,279.1,3886.300049,0.0,7772.645508,2.275584,,8.418037,0.841804,4.3e-05,1.570937,10.0,10.0,15.831327,0.0,15.831327,84.168673,63.673276,0.532686,33.225829
2026-08-10 23:59:42,1373.9,383487,1917,-3138.9057,-1655.7843,279.1,6003.748047,-0.0,12007.541992,2.281005,,4.722478,0.472248,0.897933,2.985986,10.0,10.0,36.612154,0.0,36.612154,63.387846,46.013415,0.746088,33.225829
2026-08-10 23:59:44,1375.75,383999,1920,-1516.7857,-1664.7024,279.1,2566.197266,-0.0,5132.44043,2.284348,,3.651384,0.365138,1.905,1.079115,10.0,10.0,11.468758,0.0,11.468758,88.531242,67.566469,0.748537,33.225829
2026-08-10 23:59:46,1377.59,384511,1922,-1883.5376,-1676.6731,279.1,2854.128662,-0.0,5708.302734,2.280001,,4.622082,0.462208,4.2e-05,2.427836,10.0,10.0,13.975163,0.0,13.975163,86.024837,63.660764,0.5919,33.225829
2026-08-10 23:59:48,1379.37,385023,1925,-391.3763,-1678.6101,279.1,1607.08667,-0.0,3214.21875,2.271522,,8.816254,0.881625,4.5e-05,1.589491,10.0,10.0,6.800927,0.0,6.800927,93.199073,70.145102,0.586583,33.225829
2026-08-10 23:59:50,1381.27,385535,1927,-3411.6996,-1703.0151,279.1,5721.067871,-0.0,11442.181641,2.28044,,6.046599,0.60466,1.883,3.61206,10.0,10.0,23.752348,0.0,23.752348,76.247652,56.963239,0.622152,33.225829
2026-08-10 23:59:51,1383.11,386047,1930,-2004.2262,-1704.5018,279.1,4107.17334,0.0,8214.392578,2.278947,,7.498531,0.749853,4.2e-05,2.137714,10.0,10.0,16.660066,0.0,16.660066,83.339934,61.799099,0.684765,33.225829
2026-08-10 23:59:53,1384.95,386559,1932,-1786.6581,-1707.2983,279.1,3811.930908,-0.0,7623.907227,2.27933,,8.639205,0.86392,4.3e-05,2.178419,10.0,10.0,19.327126,0.0,19.327126,80.672874,61.923829,0.606477,33.225829
2026-08-10 23:59:55,1386.8,387071,1935,-3229.7562,-1741.3769,279.1,7722.532715,-0.0,15445.111328,2.27618,,7.350191,0.735019,4.1e-05,2.437823,10.0,10.0,27.002136,0.0,27.002136,72.997864,54.267243,0.677917,33.225829
2026-08-10 23:59:57,1388.56,387583,1937,-607.5531,-1714.3946,279.1,1106.564819,-0.0,2213.175293,2.278486,,10.04128,1.004128,0.712514,0.691462,10.0,10.0,8.124065,0.0,8.124065,91.875935,69.731359,0.585389,34.256856
2026-08-10 23:59:59,1390.41,388095,1940,-2035.4098,-1704.4368,279.1,3479.936035,-0.0,6959.917969,2.283174,,10.786988,1.078699,1.726977,2.638922,10.0,10.0,16.936919,0.0,16.936919,83.063081,61.551478,0.669033,34.256856
2026-08-11 00:00:01,1392.23,388607,1943,-1631.8661,-1722.0396,279.1,3148.5625,0.0,6297.170898,2.286363,,9.851062,0.985106,1.501215,1.599965,10.0,10.0,13.759099,0.0,13.759099,86.240901,65.455708,0.572521,34.256856
2026-08-11 00:00:02,1394.11,389119,1945,-4472.9873,-1756.1029,279.1,9636.351562,-0.0,19272.748047,2.274496,,5.480489,0.548049,4.4e-05,2.707917,10.0,10.0,31.973441,0.0,31.973441,68.026559,50.462649,0.696925,34.256856
2026-08-11 00:00:04,1395.93,389631,1948,-1519.4094,-1750.4956,279.1,2890.442627,-0.0,5780.931152,2.286616,,9.290444,0.929044,0.745683,1.148024,10.0,10.0,15.643939,0.0,15.643939,84.356061,64.248685,0.599782,34.256856
2026-08-11 00:00:06,1397.77,390143,1950,-3397.5316,-1756.176,279.1,6152.97998,0.0,12306.005859,2.284473,,5.324152,0.532415,1.61575,1.808029,10.0,10.0,22.446035,0.0,22.446035,77.553965,58.344298,0.661279,34.256856
2026-08-11 00:00:08,1399.62,390655,1953,-2834.6601,-1770.2754,279.1,5496.111328,0.0,10992.268555,2.272743,,7.898982,0.789898,4.4e-05,1.991265,10.0,10.0,21.127631,0.0,21.127631,78.872369,59.599365,0.58594,34.256856
2026-08-11 00:00:10,1401.43,391167,1955,-758.0743,-1765.64,279.1,2059.667236,0.0,4119.379883,2.281942,,12.745203,1.27452,1.92895,1.241927,10.0,10.0,9.815326,0.0,9.815326,90.184674,68.748161,0.60127,34.256856
2026-08-11 00:00:12,1403.2,391679,1958,548.7367,-1730.3999,279.1,402.561096,-0.0,805.167847,2.283173,,11.478566,1.147857,1.92,0.951773,10.0,10.0,1.812579,0.0,1.812579,98.187421,74.680381,0.607884,34.256856
2026-08-11 00:00:13,1404.98,392191,1960,-605.1279,-1715.8079,279.1,464.335052,0.0,928.71582,2.285846,,9.215856,0.921586,1.9249,1.897237,10.0,10.0,7.573757,0.0,7.573757,92.426243,70.206521,0.565134,34.256856
2026-08-11 00:00:15,1406.76,392703,1963,398.6298,-1674.3014,279.2,182.492554,0.0,365.030823,2.285306,,7.262708,0.726271,1.911,1.426041,10.0,10.0,1.026763,0.0,1.026763,98.973237,75.739485,0.641429,34.256856
2026-08-11 00:00:17,1408.59,393215,1966,-1902.3453,-1675.1,279.2,4372.17627,0.0,8744.398438,2.282588,,6.167458,0.616746,4.2e-05,1.745138,10.0,10.0,14.26454,0.0,14.26454,85.73546,64.443395,0.620936,34.256856
2026-08-11 00:00:19,1410.4,393727,1968,-2066.905,-1690.3851,279.2,3144.379395,0.0,6288.804688,2.287665,,6.089774,0.608977,1.898,1.95054,10.0,10.0,14.661639,0.0,14.661639,85.338361,64.594531,0.672958,34.256856
2026-08-11 00:00:21,1412.21,394239,1971,-1340.188,-1697.1359,279.2,1635.627808,-0.0,3271.30127,2.285156,,8.568676,0.856868,0.801553,1.625169,10.0,10.0,11.661963,0.0,11.661963,88.338037,66.203291,0.54594,34.256856
2026-08-11 00:00:22,1414.08,394751,1973,-3621.4731,-1724.7848,279.2,6925.888672,0.0,13851.823242,2.274397,,9.127305,0.91273,4.2e-05,2.194732,10.0,10.0,27.075455,0.0,27.075455,72.924545,55.279689,0.579845,34.256856
2026-08-11 00:00:24,1415.86,395263,1976,-171.8407,-1691.3933,279.2,795.8125,0.0,1591.670532,2.27822,,9.21386,0.921386,1.91,1.241461,10.0,10.0,5.181149,0.0,5.181149,94.818851,72.471292,0.567453,34.256856
2026-08-11 00:00:26,1417.67,395775,1978,-2017.9934,-1697.8437,279.2,4597.273926,-0.0,9194.59375,2.283325,,5.420499,0.54205,1.333702,0.993581,10.0,10.0,20.048152,0.0,20.048152,79.951848,60.563468,0.592206,34.256856
2026-08-11 00:00:28,1419.45,396287,1981,-828.84,-1704.5206,279.2,1562.985229,0.0,3126.016113,2.280108,,5.268234,0.526823,4.3e-05,0.881861,10.0,10.0,7.32191,0.0,7.32191,92.67809,70.374336,0.727411,34.256856
2026-08-11 00:00:30,1421.23,396799,1984,89.7157,-1685.526,279.2,255.080673,-0.0,510.207123,2.289333,,9.763401,0.97634,1.90695,1.408549,10.0,10.0,3.766958,0.0,3.766958,96.233042,73.258107,0.566691,34.256856
2026-08-11 00:00:31,1423.09,397311,1986,-1841.5054,-1685.8415,279.2,1842.619263,0.0,3685.28418,2.280542,,6.744992,0.674499,1.893,2.584535,10.0,10.0,13.867914,0.0,13.867914,86.132086,64.25743,0.594712,34.256856
2026-08-11 00:00:33,1424.98,397823,1989,-2078.3906,-1690.9738,279.2,3431.825195,0.0,6863.696289,2.284943,,5.51371,0.551371,1.89395,3.191003,10.0,10.0,14.780222,0.0,14.780222,85.219778,63.998491,0.692728,34.256856
2026-08-11 00:00:35,1426.75,398335,1991,-730.9594,-1699.4138,279.2,1114.990845,-0.0,2230.027344,2.284251,,8.418536,0.841854,0.490967,0.646467,3.0,10.0,7.797204,0.0,7.797204,92.202796,70.477819,0.625707,34.256856
2026-08-11 00:00:37,1428.6,398847,1994,-3698.7766,-1726.6781,279.2,6913.07373,0.0,13826.193359,2.285288,,7.507041,0.750704,4.4e-05,2.227427,10.0,10.0,25.64046,0.0,25.64046,74.35954,55.381356,0.608454,34.256856
2026-08-11 00:00:39,1430.42,399359,1996,-2560.9294,-1723.1475,279.2,5666.137207,-0.0,11332.320312,2.284429,,7.696805,0.769681,0.504164,1.533106,10.0,10.0,20.146331,0.0,20.146331,79.853669,60.166868,0.585804,34.256856
2026-08-11 00:00:41,1432.2,399871,1999,-154.5153,-1696.9349,279.2,504.804016,-0.0,1009.653687,2.283134,,7.42748,0.742748,1.88285,1.295014,10.0,10.0,4.303928,0.0,4.303928,95.696072,72.737065,0.608182,34.256856
2026-08-11 00:00:42,1433.98,400383,2001,-210.7683,-1668.6345,279.2,464.628021,-0.0,929.301575,2.277241,,8.097673,0.809767,4.2e-05,1.177914,10.0,10.0,4.642301,0.0,4.642301,95.357699,72.50135,0.645738,34.971917
2026-08-11 00:00:44,1435.74,400895,2004,107.5667,-1664.1649,279.2,233.926041,0.0,467.897827,2.287688,,6.980522,0.698052,4.3e-05,1.217132,10.0,10.0,2.362087,0.0,2.362087,97.637913,74.533641,0.737343,34.971917
2026-08-11 00:00:46,1437.57,401407,2007,-506.0368,-1656.953,279.2,434.689148,-0.0,869.42395,2.281649,,8.644834,0.864483,1.87685,1.827234,10.0,10.0,6.764193,0.0,6.764193,93.235807,70.830381,0.70109,34.971917
2026-08-11 00:00:48,1439.32,401919,2009,-43.5512,-1616.5363,279.2,839.739624,-0.0,1679.524902,2.284581,,9.786619,0.978662,1.874,0.654436,9.0,10.0,4.427632,0.0,4.427632,95.572368,72.841801,0.628383,34.971917
2026-08-11 00:00:49,1441.14,402431,2012,-1232.616,-1607.7658,279.2,1555.337646,-0.0,3110.721191,2.289285,,10.20119,1.020119,4.3e-05,2.1002,10.0,10.0,11.347255,0.0,11.347255,88.652745,66.575011,0.632585,34.971917
2026-08-11 00:00:51,1442.94,402943,2014,-1996.8689,-1613.7835,279.3,2073.345703,0.0,4146.737305,2.285353,,6.941275,0.694127,0.110198,0.687337,10.0,10.0,14.272669,0.0,14.272669,85.727331,65.294353,0.506189,34.971917
2026-08-11 00:00:53,1444.77,403455,2017,-3184.6156,-1644.7566,279.3,5025.362305,0.0,10050.770508,2.282609,,7.148865,0.714886,4.2e-05,1.55483,10.0,10.0,21.053113,0.0,21.053113,78.946887,59.124978,0.518115,34.971917
2026-08-11 00:00:55,1446.61,403967,2019,-4017.122,-1668.3557,279.3,8179.057617,0.0,16358.161133,2.28787,,8.303607,0.830361,1.14487,1.746696,10.0,10.0,27.017132,0.0,27.017132,72.982868,55.01195,0.550176,34.971917
2026-08-11 00:00:57,1448.42,404479,2022,-764.8551,-1677.7627,279.3,692.554626,-0.0,1385.154785,2.279625,,6.091473,0.609147,1.903,2.18286,10.0,10.0,7.263199,0.0,7.263199,92.736801,70.214617,0.622621,34.971917
2026-08-11 00:00:59,1450.33,404991,2024,-3859.5798,-1717.7668,279.2,8646.563477,-0.0,17293.171875,2.274458,,5.413989,0.541399,1.411287,3.954652,10.0,10.0,34.794294,0.0,34.794294,65.205706,48.110637,0.670152,34.971917
2026-08-11 00:01:01,1452.18,405503,2027,-1703.2405,-1698.5991,279.2,2540.93457,0.0,5081.915039,2.288256,,7.612778,0.761278,0.879997,2.767988,10.0,10.0,13.874079,0.0,13.874079,86.125921,63.890477,0.655655,34.971917
2026-08-11 00:01:02,1454.08,406015,2030,-2925.8178,-1711.9048,279.2,4248.678711,-0.0,8497.40332,2.284099,,9.176667,0.917667,0.803316,2.049614,10.0,10.0,21.262855,0.0,21.262855,78.737145,59.213849,0.619491,34.971917
2026-08-11 00:01:04,1455.92,406527,2032,-2321.9981,-1712.0842,279.2,5647.256348,-0.0,11294.558594,2.273988,,9.59809,0.959809,1.002265,1.810406,10.0,10.0,18.497451,0.0,18.497451,81.502549,61.399013,0.68364,34.971917
2026-08-11 00:01:06,1457.72,407039,2035,-2591.8418,-1705.399,279.2,6133.283203,0.0,12266.612305,2.284182,,6.540288,0.654029,0.878986,0.783647,10.0,10.0,19.696362,0.0,19.696362,80.303638,60.383697,0.686132,34.971917
2026-08-11 00:01:08,1459.59,407551,2037,-3079.3379,-1739.6076,279.2,7067.527832,0.0,14135.101562,2.280388,,7.580804,0.75808,0.721098,2.601246,10.0,10.0,26.550281,0.0,26.550281,73.449719,55.644728,0.59421,34.971917
2026-08-11 00:01:10,1461.38,408063,2040,-1334.5096,-1757.9879,279.2,1484.177734,-0.0,2968.401123,2.282858,,9.448745,0.944875,4.2e-05,1.345456,10.0,10.0,11.564613,0.0,11.564613,88.435387,66.269278,0.597651,34.971917
2026-08-11 00:01:12,1463.24,408575,2042,-2616.8015,-1758.8718,279.2,4579.01709,0.0,9158.080078,2.278569,,8.731461,0.873146,4.3e-05,2.89823,10.0,10.0,19.728184,0.0,19.728184,80.271816,60.486486,0.605547,34.971917
2026-08-11 00:01:13,1465.08,409087,2045,-1783.6104,-1770.7738,279.2,4674.186035,0.0,9348.417969,2.284562,,6.246421,0.624642,1.386692,1.579909,10.0,10.0,14.857631,0.0,14.857631,85.142369,64.199472,0.690026,34.971917
2026-08-11 00:01:15,1466.94,409599,2048,-3143.249,-1776.2642,279.2,7378.574707,-0.0,14757.195312,2.279327,,7.050129,0.705013,4.1e-05,2.088297,10.0,10.0,22.120738,0.0,22.120738,77.879262,58.375631,0.663568,34.971917
2026-08-11 00:01:17,1468.73,410111,2050,-1779.5661,-1792.8759,279.2,2848.018555,-0.0,5696.08252,2.272132,,8.213134,0.821313,1.704723,1.238244,10.0,10.0,13.569507,0.0,13.569507,86.430493,65.730585,0.566494,34.971917
2026-08-11 00:01:19,1470.59,410623,2053,-751.1626,-1791.8406,279.2,648.352234,-0.0,1296.75,2.278414,,8.568341,0.856834,4.3e-05,2.785337,10.0,10.0,8.145565,0.0,8.145565,91.854435,68.773828,0.632119,34.971917
2026-08-11 00:01:21,1472.42,411135,2055,-1619.0943,-1807.8482,279.2,1597.072632,-0.0,3194.190918,2.284195,,6.621859,0.662186,1.628244,2.096576,10.0,10.0,12.111432,0.0,12.111432,87.888568,65.960313,0.699507,34.971917
2026-08-11 00:01:23,1474.2,411647,2058,-356.0502,-1782.253,279.2,723.796509,0.0,1447.638672,2.280662,,7.015741,0.701574,4.4e-05,1.34313,10.0,10.0,5.162213,0.0,5.162213,94.837787,71.00567,0.579538,34.971917
2026-08-11 00:01:24,1475.98,412159,2060,-703.9456,-1780.1268,279.2,2334.817627,-0.0,4669.680664,2.272783,,8.0598,0.80598,4.5e-05,1.059879,10.0,10.0,7.684689,0.0,7.684689,92.315311,70.743143,0.582138,34.971917
2026-08-11 00:01:26,1477.78,412671,2063,-1307.9538,-1794.2745,279.3,2719.542725,-0.0,5439.130859,2.279202,,6.258492,0.625849,1.9,1.413365,10.0,10.0,10.05397,0.0,10.05397,89.94603,67.888826,0.600812,35.781818
2026-08-11 00:01:28,1479.68,413183,2065,-2965.3092,-1815.6698,279.2,5320.166016,-0.0,10640.37793,2.273845,,7.75566,0.775566,1.410592,2.591321,10.0,10.0,32.290215,0.0,32.290215,67.709785,50.303758,0.600925,35.781818
2026-08-11 00:01:30,1481.44,413695,2068,624.7907,-1763.3509,279.3,466.976837,-0.0,933.999268,2.278191,,10.622448,1.062245,1.913,0.898244,6.0,10.0,0.941946,0.0,0.941946,99.058054,74.556955,0.652923,35.781818
2026-08-11 00:01:32,1483.32,414207,2071,-1960.1624,-1764.0344,279.2,4300.293457,-0.0,8600.632812,2.281304,,5.433221,0.543322,4.4e-05,3.005587,10.0,10.0,13.621997,0.0,13.621997,86.378003,64.853117,0.71465,35.781818
2026-08-11 00:01:34,1485.25,414719,2073,-3268.057,-1785.3265,279.2,5318.989258,0.0,10638.024414,2.28338,,5.662479,0.566248,1.90875,4.373955,10.0,10.0,21.38873,0.0,21.38873,78.61127,58.677084,0.643345,35.781818
2026-08-11 00:01:35,1487.04,415231,2076,-582.0991,-1772.2157,279.2,1122.162476,-0.0,2244.370605,2.282851,,4.841817,0.484182,4.4e-05,1.003856,10.0,10.0,5.323905,0.0,5.323905,94.676095,71.628533,0.712952,35.781818
2026-08-11 00:01:37,1488.84,415743,2078,-1253.5451,-1760.9602,279.2,1751.740356,0.0,3503.526367,2.282897,,5.403539,0.540354,4.4e-05,1.57255,10.0,10.0,9.423864,0.0,9.423864,90.576136,68.790886,0.704064,35.781818
2026-08-11 00:01:39,1490.65,416255,2081,-1222.2035,-1760.7919,279.2,2600.101318,0.0,5200.248047,2.276528,,8.042248,0.804225,1.89495,1.664673,10.0,10.0,10.100575,0.0,10.100575,89.899425,67.340508,0.722774,35.781818
2026-08-11 00:01:41,1492.48,416767,2083,-2221.3905,-1752.5102,279.2,3968.524658,0.0,7937.094727,2.276263,,9.690632,0.969063,1.246773,2.119463,10.0,10.0,21.059887,0.0,21.059887,78.940113,59.388275,0.716291,35.781818
2026-08-11 00:01:43,1494.34,417279,2086,-3814.8226,-1771.1134,279.2,8270.294922,0.0,16540.634766,2.276834,,6.920278,0.692028,0.116076,1.68475,10.0,10.0,30.740494,0.0,30.740494,69.259506,51.373404,0.626914,35.781818
2026-08-11 00:01:44,1496.12,417791,2088,-491.6977,-1774.1917,279.2,1685.801025,0.0,3371.647461,2.272508,,9.270251,0.927025,1.892,0.982733,10.0,10.0,6.666797,0.0,6.666797,93.333203,70.652755,0.629773,35.781818
2026-08-11 00:01:46,1497.92,418303,2091,-922.0654,-1759.9337,279.3,1676.013184,0.0,3352.071777,2.275897,,9.632785,0.963279,1.9139,1.752538,10.0,10.0,9.207577,0.0,9.207577,90.792423,68.522362,0.634475,35.781818
2026-08-11 00:01:48,1499.83,418815,2094,-2696.4135,-1756.7952,279.2,5429.423828,0.0,10858.892578,2.270281,,5.093681,0.509368,4.2e-05,2.552414,10.0,10.0,25.745939,0.0,25.745939,74.254061,55.807915,0.726078,35.781818
2026-08-11 00:01:50,1501.62,419327,2096,-98.4534,-1731.1229,279.2,359.633453,0.0,719.312439,2.275509,,8.522774,0.852277,4.4e-05,1.582231,10.0,10.0,4.328979,0.0,4.328979,95.671021,72.449315,0.568002,35.781818
2026-08-11 00:01:52,1503.48,419839,2099,-2563.2876,-1735.6811,279.2,4749.743164,-0.0,9499.53125,2.262358,,10.294105,1.02941,4.2e-05,2.181922,10.0,10.0,19.580931,0.0,19.580931,80.419069,60.287289,0.596263,35.781818
2026-08-11 00:01:54,1505.3,420351,2101,-834.1919,-1734.4458,279.2,747.896362,-0.0,1495.838135,2.27015,,9.564926,0.956493,4.2e-05,2.011455,10.0,10.0,8.679686,0.0,8.679686,91.320314,68.971765,0.744307,35.781818
2026-08-11 00:01:56,1507.17,420863,2104,-3367.8568,-1758.7427,279.2,5870.324707,-0.0,11740.695312,2.273935,,6.498081,0.649808,4.3e-05,3.167147,10.0,10.0,22.442676,0.0,22.442676,77.557324,57.480016,0.705047,35.781818
2026-08-11 00:01:57,1508.97,421375,2106,-2624.9756,-1757.0849,279.2,3822.365967,-0.0,7644.777344,2.272269,,9.833346,0.983335,0.392344,1.473158,10.0,10.0,18.67787,0.0,18.67787,81.32213,61.49965,0.545451,35.781818
2026-08-11 00:01:59,1510.78,421887,2109,-2038.2839,-1756.7959,279.3,4788.469238,-0.0,9576.984375,2.281011,,7.425931,0.742593,1.871951,1.73009,10.0,10.0,15.698054,0.0,15.698054,84.301946,63.154512,0.638122,35.781818
2026-08-11 00:02:01,1512.62,422399,2112,-2367.4482,-1769.7987,279.3,3533.655762,0.0,7067.356934,2.271258,,7.724388,0.772439,0.869998,2.164151,10.0,10.0,16.494825,0.0,16.494825,83.505175,62.693407,0.576749,35.781818
2026-08-11 00:02:03,1514.44,422911,2114,-1274.3991,-1760.0579,279.3,2939.415527,0.0,5878.876465,2.274171,,9.404137,0.940414,1.89995,2.132925,10.0,10.0,11.325252,0.0,11.325252,88.674748,66.081759,0.649597,35.781818
2026-08-11 00:02:05,1516.29,423423,2117,-1432.9008,-1750.7722,279.2,1594.58374,-0.0,3189.212891,2.270238,,9.415905,0.94159,1.89255,3.68466,10.0,10.0,12.224316,0.0,12.224316,87.775684,65.083917,0.638758,35.781818
2026-08-11 00:02:06,1518.14,423935,2119,-963.0318,-1741.6603,279.2,695.676941,-0.0,1391.39917,2.263745,,11.837847,1.183785,4.4e-05,2.939107,10.0,10.0,10.715147,0.0,10.715147,89.284853,67.39299,0.598185,35.781818
2026-08-11 00:02:08,1519.88,424447,2122,-553.5071,-1734.0643,279.3,1029.684082,0.0,2059.413574,2.265839,,10.630704,1.06307,1.804135,0.449664,2.0,10.0,7.351181,0.0,7.351181,92.648819,70.874188,0.570269,35.781818
2026-08-11 00:02:10,1521.65,424959,2124,-180.1646,-1721.4869,279.3,866.201599,-0.0,1732.44873,2.275271,,9.908816,0.990882,4.3e-05,0.966976,10.0,10.0,5.268537,0.0,5.268537,94.731463,72.207474,0.60244,35.781818
2026-08-11 00:02:12,1523.45,425471,2127,273.9776,-1719.9335,279.3,215.935867,-0.0,431.917053,2.26562,,10.199098,1.01991,4.3e-05,1.199424,10.0,10.0,2.751199,0.0,2.751199,97.248801,73.962931,0.576773,36.549123
2026-08-11 00:02:14,1525.26,425983,2129,-1222.8386,-1716.0692,279.3,4269.540527,0.0,8539.126953,2.271381,,7.323179,0.732318,4.2e-05,1.28025,10.0,10.0,16.546969,0.0,16.546969,83.453031,62.791233,0.660175,36.549123
2026-08-11 00:02:15,1527.09,426495,2132,-2633.0116,-1703.8292,279.3,4773.910156,0.0,9547.866211,2.275785,,5.524771,0.552477,4.3e-05,1.721153,10.0,10.0,22.176238,0.0,22.176238,77.823762,58.026281,0.650349,36.549123
2026-08-11 00:02:17,1528.82,427007,2135,136.3512,-1684.1052,279.3,354.261932,-0.0,708.569336,2.274447,,6.920107,0.692011,1.8774,0.319629,1.0,10.0,2.146906,0.0,2.146906,97.853094,74.465501,0.534991,36.549123
2026-08-11 00:02:19,1530.68,427519,2137,-2308.3587,-1685.9084,279.3,4263.948242,-0.0,8527.941406,2.263711,,9.158749,0.915875,1.110354,1.228808,10.0,10.0,16.197031,0.0,16.197031,83.802969,63.346115,0.567364,36.549123
2026-08-11 00:02:21,1532.55,428031,2140,-3301.7261,-1703.9251,279.3,7250.283203,-0.0,14500.611328,2.256966,,8.340113,0.834011,0.139372,2.617263,10.0,10.0,27.115889,0.0,27.115889,72.884111,53.558477,0.733371,36.549123
2026-08-11 00:02:23,1534.45,428543,2142,-4268.2699,-1735.9091,279.3,8809.59082,-0.0,17619.226562,2.267607,,8.787764,0.878776,0.136916,3.299934,10.0,10.0,29.259348,0.0,29.259348,70.740652,52.63419,0.596409,36.549123
2026-08-11 00:02:25,1536.26,429055,2145,-601.455,-1716.891,279.3,1432.619873,-0.0,2865.285156,2.269211,,10.080067,1.008007,0.865327,1.538548,10.0,10.0,9.896629,0.0,9.896629,90.103371,68.065642,0.681693,36.549123
2026-08-11 00:02:27,1538.19,429567,2147,-3619.7871,-1718.2278,279.3,7609.141113,-0.0,15218.327148,2.260563,,6.264683,0.626468,0.73603,4.251445,10.0,10.0,37.432139,0.0,37.432139,62.567861,46.739528,0.695435,36.549123
2026-08-11 00:02:28,1540.01,430079,2150,-1953.8132,-1727.1265,279.3,2022.847168,-0.0,4045.739746,2.267697,,8.78585,0.878585,1.792509,2.357438,10.0,10.0,14.54588,0.0,14.54588,85.45412,64.189854,0.688727,36.549123
2026-08-11 00:02:30,1541.78,430591,2152,-1394.7215,-1723.5355,279.3,1686.598755,-0.0,3373.242676,2.261848,,8.925561,0.892556,4.2e-05,1.726316,10.0,10.0,11.341807,0.0,11.341807,88.658193,66.64682,0.670145,36.549123
2026-08-11 00:02:32,1543.57,431103,2155,-1304.0221,-1737.4823,279.3,3775.304932,-0.0,7550.655273,2.276641,,8.293067,0.829307,4.3e-05,1.204719,10.0,10.0,10.576885,0.0,10.576885,89.423115,67.406157,0.643045,36.549123
2026-08-11 00:02:34,1545.36,431615,2158,-1548.2106,-1729.4538,279.3,1764.040283,0.0,3528.125977,2.273018,,7.60752,0.760752,1.463308,0.753463,3.0,10.0,11.320041,0.0,11.320041,88.679959,67.167865,0.56375,36.549123
2026-08-11 00:02:36,1547.17,432127,2160,-1976.7165,-1730.1442,279.3,4005.365967,-0.0,8010.777344,2.262111,,6.692751,0.669275,0.28202,1.181962,10.0,10.0,14.92548,0.0,14.92548,85.07452,64.004983,0.566858,36.549123
2026-08-11 00:02:37,1549.1,432639,2163,-4448.01,-1747.7935,279.3,9424.963867,0.0,18849.972656,2.261987,,4.956765,0.495676,4.1e-05,4.227595,10.0,10.0,30.424414,0.0,30.424414,69.575586,51.13452,0.739089,36.549123
2026-08-11 00:02:39,1550.93,433151,2165,-1181.9312,-1753.2834,279.3,2583.155518,-0.0,5166.356445,2.264338,,8.542418,0.854242,4.4e-05,2.435599,10.0,10.0,10.220679,0.0,10.220679,89.779321,68.585697,0.634753,36.549123
2026-08-11 00:02:41,1552.72,433663,2168,-2428.1,-1757.7362,279.3,4351.653809,0.0,8703.353516,2.271307,,7.840316,0.784032,1.11171,0.779559,10.0,10.0,16.221027,0.0,16.221027,83.778973,63.581424,0.572987,36.549123
2026-08-11 00:02:43,1554.54,434175,2170,-1627.917,-1754.0981,279.3,3901.377441,-0.0,7802.800293,2.268507,,4.649211,0.464921,1.8849,1.791223,10.0,10.0,18.39703,0.0,18.39703,81.60297,61.185726,0.761612,36.549123
2026-08-11 00:02:45,1556.31,434687,2173,-193.1021,-1724.64,279.3,207.467789,0.0,414.980957,2.269739,,2.900773,0.290077,4.2e-05,1.154059,10.0,10.0,3.385954,0.0,3.385954,96.614046,73.43388,0.905572,36.549123
2026-08-11 00:02:46,1558.06,435199,2176,-716.6899,-1716.6391,279.3,795.858826,-0.0,1591.762939,2.265726,,7.818712,0.781871,4.4e-05,0.870108,10.0,10.0,7.13685,0.0,7.13685,92.86315,70.689121,0.630326,36.549123
2026-08-11 00:02:48,1559.83,435711,2178,-6.1849,-1697.8656,279.3,370.741486,-0.0,741.528198,2.262383,,10.169674,1.016967,1.89185,1.127503,10.0,10.0,4.096969,0.0,4.096969,95.903031,72.862201,0.619947,36.549123
2026-08-11 00:02:50,1561.7,436223,2181,-2322.5796,-1717.1776,279.3,4315.80957,0.0,8631.664062,2.259563,,8.561161,0.856116,1.9,3.181541,10.0,10.0,19.293422,0.0,19.293422,80.706578,60.39087,0.667026,36.549123
2026-08-11 00:02:52,1563.55,436735,2183,-3016.4203,-1713.2248,279.3,4408.55957,-0.0,8817.164062,2.269518,,7.288255,0.728825,1.242123,2.221495,10.0,10.0,19.74006,0.0,19.74006,80.25994,60.650675,0.632813,36.549123
2026-08-11 00:02:54,1565.42,437247,2186,-3311.522,-1726.2978,279.3,5853.020508,0.0,11706.085938,2.259384,,6.17075,0.617075,4.4e-05,2.310603,10.0,10.0,22.024003,0.0,22.024003,77.975997,58.02754,0.64864,36.549123
2026-08-11 00:02:56,1567.28,437759,2188,-3454.9069,-1742.9802,279.3,6230.726074,-0.0,12461.49707,2.268388,,6.079816,0.607982,4.4e-05,2.496804,10.0,10.0,28.167457,0.0,28.167457,71.832543,54.034004,0.681673,37.579907
2026-08-11 00:02:57,1569.04,438271,2191,-427.6028,-1714.9587,279.3,404.931458,-0.0,809.908386,2.273304,,6.236189,0.623619,1.914,0.897467,10.0,10.0,4.82664,0.0,4.82664,95.17336,72.633731,0.643192,37.579907
2026-08-11 00:02:59,1570.84,438783,2193,189.6573,-1706.9866,279.3,666.374756,-0.0,1332.794922,2.270074,,11.370493,1.137049,1.89995,1.654926,10.0,10.0,3.587225,0.0,3.587225,96.412775,73.643101,0.666869,37.579907
2026-08-11 00:03:01,1572.72,439295,2196,-2454.609,-1711.1786,279.3,5287.525391,-0.0,10575.095703,2.266285,,8.157402,0.81574,4e-05,3.056972,10.0,10.0,18.97865,0.0,18.97865,81.02135,59.740501,0.734514,37.579907
2026-08-11 00:03:03,1574.5,439807,2199,-1052.7225,-1705.3872,279.3,1706.830811,0.0,3413.707031,2.269274,,8.358164,0.835816,4.3e-05,1.17672,10.0,10.0,9.01695,0.0,9.01695,90.98305,68.715042,0.568803,37.579907
2026-08-11 00:03:05,1576.42,440319,2201,-3751.5693,-1698.173,279.3,7586.918945,0.0,15173.882812,2.262283,,6.61997,0.661997,4.3e-05,3.659574,10.0,10.0,29.710875,0.0,29.710875,70.289125,51.787718,0.609895,37.579907
2026-08-11 00:03:07,1578.28,440831,2204,-2672.552,-1709.7044,279.3,5856.636719,-0.0,11713.318359,2.266036,,5.558676,0.555868,0.741952,2.741898,10.0,10.0,25.018052,0.0,25.018052,74.981948,55.643888,0.554063,37.579907
2026-08-11 00:03:08,1580.1,441343,2206,-2017.3597,-1695.9027,279.3,4033.74585,-0.0,8067.537109,2.279675,,6.094422,0.609442,4.3e-05,2.270887,10.0,10.0,15.459345,0.0,15.459345,84.540655,62.960824,0.606686,37.579907
2026-08-11 00:03:10,1581.89,441855,2209,-1410.1318,-1681.6574,279.3,2725.992432,-0.0,5452.030273,2.275494,,7.386083,0.738608,4.3e-05,0.755471,10.0,10.0,11.422015,0.0,11.422015,88.577985,67.224192,0.596988,37.579907
2026-08-11 00:03:12,1583.63,442367,2211,659.5552,-1667.4811,279.3,374.668793,0.0,749.382935,2.268181,,9.61482,0.961482,1.9023,0.747133,6.0,10.0,0.400762,0.0,0.400762,99.599238,75.581279,0.57651,37.579907
2026-08-11 00:03:14,1585.41,442879,2214,-1801.8867,-1690.9873,279.3,3832.436768,-0.0,7664.918945,2.276354,,5.428177,0.542818,1.90395,1.096068,10.0,10.0,11.771066,0.0,11.771066,88.228934,66.552789,0.648305,37.579907
2026-08-11 00:03:16,1587.25,443391,2216,-2807.8377,-1713.0144,279.3,5312.32373,0.0,10624.692383,2.267946,,4.557124,0.455712,4.2e-05,2.388341,10.0,10.0,17.707133,0.0,17.707133,82.292867,62.248657,0.675891,37.579907
2026-08-11 00:03:17,1589.02,443903,2219,-1928.3035,-1736.2838,279.4,2533.564697,0.0,5067.174805,2.262883,,7.329001,0.7329,4.3e-05,0.526959,3.0,10.0,13.105595,0.0,13.105595,86.894405,66.082624,0.682102,37.579907
2026-08-11 00:03:19,1590.8,444415,2222,19.0761,-1717.0696,279.4,161.305084,-0.0,322.655518,2.266809,,9.327884,0.932788,4.3e-05,1.775191,10.0,10.0,3.974694,0.0,3.974694,96.025306,71.203116,0.687442,37.579907
2026-08-11 00:03:21,1592.7,444927,2224,-3909.747,-1735.498,279.4,7658.114746,-0.0,15316.274414,2.260352,,5.385856,0.538586,4.3e-05,3.017442,10.0,10.0,36.295024,0.0,36.295024,63.704976,47.362813,0.627616,37.579907
2026-08-11 00:03:23,1594.58,445439,2227,-3267.2158,-1754.7683,279.3,5723.779785,-0.0,11447.605469,2.273573,,6.747313,0.674731,0.359727,2.500901,10.0,10.0,29.598533,0.0,29.598533,70.401467,52.134496,0.57924,37.579907
2026-08-11 00:03:25,1596.44,445951,2229,-3398.7481,-1752.541,279.3,5833.779297,-0.0,11667.603516,2.266976,,7.209146,0.720915,1.767508,2.066581,10.0,10.0,21.458037,0.0,21.458037,78.541963,59.324039,0.547872,37.579907
2026-08-11 00:03:27,1598.29,446463,2232,-1670.5917,-1767.5285,279.3,2205.22583,0.0,4410.49707,2.271516,,7.002648,0.700265,1.88195,2.545695,10.0,10.0,12.009223,0.0,12.009223,87.990777,66.014152,0.681291,37.579907
2026-08-11 00:03:28,1600.08,446975,2234,-854.031,-1755.8889,279.3,428.753326,-0.0,857.552002,2.266233,,7.61846,0.761846,4.4e-05,1.258683,10.0,10.0,7.66279,0.0,7.66279,92.33721,70.487479,0.568255,37.579907
2026-08-11 00:03:30,1601.88,447487,2237,-1903.3492,-1766.634,279.4,4511.545898,0.0,9023.136719,2.262255,,5.615278,0.561528,4.3e-05,1.497773,10.0,10.0,13.71043,0.0,13.71043,86.28957,65.215043,0.688648,37.579907
2026-08-11 00:03:32,1603.68,447999,2240,-1640.0171,-1783.9313,279.4,4432.96582,0.0,8865.977539,2.281342,,4.242262,0.424226,4.2e-05,1.045357,10.0,10.0,13.553933,0.0,13.553933,86.446067,65.564467,0.797173,37.579907
2026-08-11 00:03:34,1605.52,448511,2242,-2066.0496,-1786.1768,279.4,4666.018555,-0.0,9332.082031,2.267743,,5.654337,0.565434,4.3e-05,2.308755,10.0,10.0,13.73717,0.0,13.73717,86.26283,64.732237,0.679077,37.579907
2026-08-11 00:03:36,1607.31,449023,2245,-744.2334,-1772.8352,279.4,1189.032227,0.0,2378.109863,2.268245,,12.562933,1.256293,1.8888,0.760394,10.0,10.0,8.74711,0.0,8.74711,91.25289,69.66823,0.651751,37.579907
2026-08-11 00:03:37,1609.07,449535,2247,-598.3611,-1771.5092,279.4,1142.002075,-0.0,2284.049561,2.27001,,10.864599,1.08646,4.4e-05,0.629035,9.0,10.0,7.230347,0.0,7.230347,92.769653,70.299581,0.648215,37.579907
2026-08-11 00:03:39,1610.98,450047,2250,-3822.7,-1772.7484,279.4,7690.290527,0.0,15380.626953,2.274543,,5.197341,0.519734,4.2e-05,3.314932,10.0,10.0,36.089206,0.0,36.089206,63.910794,46.598236,0.707388,38.543291
2026-08-11 00:03:41,1612.91,450559,2252,-2390.1236,-1771.0404,279.3,2761.725586,0.0,5523.496582,2.27329,,5.187769,0.518777,4.1e-05,2.612422,10.0,10.0,14.589926,0.0,14.589926,85.410074,64.203398,0.727588,38.543291
2026-08-11 00:03:43,1614.75,451071,2255,-1319.596,-1782.6912,279.3,1937.353027,-0.0,3874.751465,2.268821,,4.623991,0.462399,4.1e-05,2.109084,10.0,10.0,9.120592,0.0,9.120592,90.879408,68.502586,0.746441,38.543291
2026-08-11 00:03:45,1616.55,451583,2257,-2065.7756,-1801.2413,279.4,2905.482178,0.0,5811.009766,2.26621,,5.407664,0.540766,4.1e-05,1.715102,10.0,10.0,12.717661,0.0,12.717661,87.282339,65.965846,0.749313,38.543291
2026-08-11 00:03:47,1618.39,452095,2260,-2370.0179,-1826.0171,279.3,5628.030273,-0.0,11256.105469,2.266062,,5.633269,0.563327,1.118414,1.152667,10.0,10.0,20.705093,0.0,20.705093,79.294907,59.274356,0.718884,38.543291
2026-08-11 00:03:49,1620.27,452607,2263,-3967.864,-1860.6354,279.3,7544.900391,0.0,15089.845703,2.268028,,5.817735,0.581773,4.3e-05,2.817083,10.0,10.0,24.468998,0.0,24.468998,75.531002,56.649706,0.662749,38.543291
2026-08-11 00:03:50,1622.11,453119,2265,-2423.0744,-1884.4306,279.3,4726.794434,-0.0,9453.634766,2.273585,,7.148115,0.714812,1.912,2.295645,10.0,10.0,16.562429,0.0,16.562429,83.437571,63.110391,0.60318,38.543291
2026-08-11 00:03:52,1623.89,453631,2268,-1637.5508,-1888.48,279.3,4510.795898,0.0,9021.637695,2.271138,,6.053412,0.605341,1.030556,1.043742,10.0,10.0,13.270207,0.0,13.270207,86.729793,65.653938,0.64483,38.543291
2026-08-11 00:03:54,1625.74,454143,2270,-1575.8282,-1884.2695,279.3,2581.783447,-0.0,5163.612305,2.273604,,8.234319,0.823432,4.3e-05,2.133724,10.0,10.0,11.74337,0.0,11.74337,88.25663,66.507435,0.650535,38.543291
2026-08-11 00:03:56,1627.57,454655,2273,-2724.1454,-1879.6648,279.3,5111.756836,-0.0,10223.558594,2.259696,,6.587856,0.658786,4.4e-05,1.862057,10.0,10.0,22.200151,0.0,22.200151,77.799849,59.155262,0.611587,38.543291
2026-08-11 00:03:58,1629.38,455167,2275,-1458.2591,-1854.0762,279.4,3695.961426,0.0,7391.967773,2.257111,,7.719763,0.771976,0.387051,1.710219,10.0,10.0,16.7304,0.0,16.7304,83.2696,62.516212,0.619071,38.543291
2026-08-11 00:03:59,1631.13,455679,2278,218.8534,-1844.2391,279.4,559.962341,-0.0,1119.969971,2.26357,,7.530497,0.75305,0.387051,0.590516,5.0,10.0,3.120719,0.0,3.120719,96.879281,74.007941,0.611736,38.543291
2026-08-11 00:04:01,1632.92,456191,2280,-1061.1237,-1816.2546,279.4,3243.338867,0.0,6486.723145,2.259453,,10.218823,1.021882,4.2e-05,1.227636,10.0,10.0,9.96795,0.0,9.96795,90.03205,68.351991,0.495733,38.543291
2026-08-11 00:04:03,1634.71,456703,2283,-883.7177,-1808.0593,279.4,1138.736816,-0.0,2277.519043,2.26842,,9.729916,0.972992,1.471665,0.805697,10.0,10.0,8.288164,0.0,8.288164,91.711836,70.057908,0.50181,38.543291
2026-08-11 00:04:05,1636.6,457215,2286,-3366.4142,-1812.4653,279.4,8091.618652,-0.0,16183.282227,2.258304,,6.227378,0.622738,0.683092,2.384443,10.0,10.0,26.886486,0.0,26.886486,73.113514,54.484494,0.757766,38.543291
2026-08-11 00:04:07,1638.36,457727,2288,-160.8286,-1790.8536,279.4,308.929352,-0.0,617.904053,2.268332,,6.281067,0.628107,4.4e-05,0.85031,10.0,10.0,3.249828,0.0,3.249828,96.750172,74.025694,0.816779,38.543291
2026-08-11 00:04:08,1640.13,458239,2291,-1499.1356,-1779.9266,279.4,3417.809814,0.0,6835.665039,2.272826,,5.042009,0.504201,4.2e-05,1.162877,10.0,10.0,9.79924,0.0,9.79924,90.20076,68.471437,0.72779,38.543291
2026-08-11 00:04:10,1641.95,458751,2293,-880.7709,-1757.9409,279.4,869.94104,0.0,1739.927246,2.258542,,9.177235,0.917723,4.3e-05,2.231501,10.0,10.0,8.310278,0.0,8.310278,91.689722,69.954149,0.645357,38.543291
2026-08-11 00:04:12,1643.68,459263,2296,-549.6984,-1750.0928,279.4,961.281433,-0.0,1922.608154,2.262851,,10.228311,1.022831,4.2e-05,0.525523,2.0,10.0,6.655146,0.0,6.655146,93.344854,71.47977,0.625831,38.543291
2026-08-11 00:04:14,1645.5,459775,2298,-3225.9805,-1756.1846,279.4,7500.001953,-0.0,15000.049805,2.276248,,4.993035,0.499304,0.550492,1.782897,10.0,10.0,20.414222,0.0,20.414222,79.585778,60.130749,0.654268,38.543291
2026-08-11 00:04:16,1647.34,460287,2301,-3578.9194,-1774.1377,279.4,5904.587402,0.0,11809.220703,2.276968,,4.336334,0.433633,4.4e-05,2.271696,10.0,10.0,20.541305,0.0,20.541305,79.458695,59.503629,0.718318,38.543291
2026-08-11 00:04:17,1649.13,460799,2304,-1724.7376,-1759.9525,279.4,2921.826416,0.0,5843.698242,2.282166,,6.718202,0.67182,4.4e-05,1.29084,10.0,10.0,11.604937,0.0,11.604937,88.395063,67.701944,0.673246,38.543291
2026-08-11 00:04:19,1650.96,461311,2306,-2365.3564,-1765.8104,279.4,4590.187988,-0.0,9180.421875,2.278695,,4.639253,0.463925,1.8989,2.050767,10.0,10.0,16.004736,0.0,16.004736,83.995264,63.554208,0.782603,38.543291
2026-08-11 00:04:21,1652.74,461823,2309,124.4131,-1757.0547,279.4,401.588074,-0.0,803.22168,2.278037,,9.504129,0.950413,1.892,1.233907,10.0,10.0,3.195638,0.0,3.195638,96.804362,73.87048,0.674354,38.543291
2026-08-11 00:04:23,1654.53,462335,2311,-483.0789,-1745.6945,279.4,842.799744,-0.0,1685.64502,2.277808,,11.255348,1.125535,1.885,1.825673,10.0,10.0,7.023067,0.0,7.023067,92.976933,70.842579,0.728724,38.543291
2026-08-11 00:04:25,1656.38,462847,2314,-2342.0023,-1765.554,279.4,4640.099121,-0.0,9280.244141,2.2765,,7.11402,0.711402,1.236504,1.975063,10.0,10.0,21.124723,0.0,21.124723,78.875277,59.699356,0.63936,39.171113
2026-08-11 00:04:26,1658.14,463359,2316,-1656.4397,-1775.079,279.4,1774.357788,-0.0,3548.76123,2.282375,,8.800847,0.880085,1.313277,0.991391,10.0,10.0,11.734037,0.0,11.734037,88.265963,68.007647,0.571675,39.171113
2026-08-11 00:04:28,1659.93,463871,2319,-2605.8117,-1788.0576,279.5,4550.854004,-0.0,9101.753906,2.271652,,7.673657,0.767366,4.3e-05,0.950626,10.0,10.0,16.122014,0.0,16.122014,83.877986,63.897473,0.565922,39.171113
2026-08-11 00:04:30,1661.77,464383,2321,-3117.5424,-1789.5799,279.5,7519.380371,0.0,15038.806641,2.274583,,7.556748,0.755675,4.2e-05,1.649159,10.0,10.0,24.161627,0.0,24.161627,75.838373,56.981261,0.581334,39.171113
2026-08-11 00:04:32,1663.59,464895,2324,-521.4475,-1801.0423,279.5,1927.5,-0.0,3855.04541,2.272203,,9.908814,0.990881,1.603721,1.713004,10.0,10.0,7.195686,0.0,7.195686,92.804314,69.952672,0.614013,39.171113
2026-08-11 00:04:34,1665.43,465407,2327,-1252.1801,-1793.9625,279.5,2429.743652,-0.0,4859.532715,2.27011,,9.419327,0.941933,4.1e-05,2.520968,10.0,10.0,11.188848,0.0,11.188848,88.811152,67.507106,0.643064,39.171113
2026-08-11 00:04:36,1667.25,465919,2329,-1380.8312,-1775.0902,279.5,2246.523926,-0.0,4493.09375,2.283239,,5.510793,0.551079,4.2e-05,1.877824,10.0,10.0,9.353138,0.0,9.353138,90.646862,68.864509,0.660632,39.171113
2026-08-11 00:04:37,1669.02,466431,2332,-1141.6418,-1780.6856,279.5,1560.600464,-0.0,3121.246582,2.281367,,3.482792,0.348279,4.3e-05,0.895304,9.0,10.0,7.108167,0.0,7.108167,92.891833,70.946228,0.816865,39.171113
2026-08-11 00:04:39,1670.77,466943,2334,-1915.1112,-1787.3013,279.5,3749.572266,0.0,7499.189941,2.282609,,4.871828,0.487183,4.3e-05,0.839834,10.0,10.0,11.725671,0.0,11.725671,88.274329,68.334704,0.699394,39.171113
2026-08-11 00:04:41,1672.59,467455,2337,-2065.8747,-1795.738,279.5,4567.49707,0.0,9135.040039,2.28284,,5.529508,0.552951,4.1e-05,1.26389,10.0,10.0,17.004481,0.0,17.004481,82.995519,62.727096,0.659763,39.171113
2026-08-11 00:04:43,1674.44,467967,2339,-3156.7543,-1805.0916,279.5,5302.490723,-0.0,10605.027344,2.280993,,4.954212,0.495421,1.897,2.514252,10.0,10.0,19.625767,0.0,19.625767,80.374233,60.586772,0.678187,39.171113
2026-08-11 00:04:45,1676.25,468479,2342,-3752.5427,-1804.4688,279.5,6545.930176,0.0,13091.90625,2.281761,,6.217458,0.621746,4.3e-05,1.412806,10.0,10.0,22.177866,0.0,22.177866,77.822134,57.847019,0.659231,39.171113
2026-08-11 00:04:46,1678.02,468991,2344,-2062.7617,-1820.1795,279.5,4149.972168,-0.0,8299.990234,2.2846,,7.683212,0.768321,4.2e-05,0.945204,10.0,10.0,14.428869,0.0,14.428869,85.571131,65.413358,0.630233,39.171113
2026-08-11 00:04:48,1679.84,469503,2347,-1224.1152,-1823.2,279.5,2080.647705,-0.0,4161.34082,2.277263,,7.541112,0.754111,4.3e-05,2.328869,10.0,10.0,9.518017,0.0,9.518017,90.481983,67.458198,0.646404,39.171113
2026-08-11 00:04:50,1681.62,470015,2350,-869.6318,-1804.9322,279.5,1771.514038,-0.0,3543.07373,2.280804,,9.341824,0.934182,4.1e-05,1.175255,10.0,10.0,8.445852,0.0,8.445852,91.554148,69.199917,0.647062,39.171113
2026-08-11 00:04:52,1683.44,470527,2352,-2342.6136,-1827.3738,279.5,4958.674316,0.0,9917.394531,2.275489,,9.377075,0.937708,4.2e-05,1.708858,10.0,10.0,15.977738,0.0,15.977738,84.022262,62.874997,0.713122,39.171113
2026-08-11 00:04:54,1685.22,471039,2355,-1442.7405,-1816.1683,279.5,1060.661255,-0.0,2121.368164,2.284185,,7.210494,0.721049,4.2e-05,1.32376,10.0,10.0,10.01966,0.0,10.01966,89.98034,68.513947,0.712327,39.171113
2026-08-11 00:04:55,1687.04,471551,2357,-1601.9824,-1823.8462,279.5,2434.81958,0.0,4869.68457,2.279525,,5.078294,0.507829,4.1e-05,3.051525,10.0,10.0,10.821386,0.0,10.821386,89.178614,67.309211,0.768922,39.171113
2026-08-11 00:04:57,1688.9,472063,2360,-2720.1553,-1817.3692,279.5,3304.85376,-0.0,6609.753418,2.28392,,8.491306,0.849131,1.898,2.595644,10.0,10.0,17.258578,0.0,17.258578,82.741422,62.295506,0.599347,39.171113
2026-08-11 00:04:59,1690.76,472575,2362,-3594.2064,-1827.0615,279.5,6475.09375,0.0,12950.232422,2.263223,,9.442904,0.94429,4.3e-05,2.876582,10.0,10.0,23.474691,0.0,23.474691,76.525309,57.993268,0.564396,39.171113
2026-08-11 00:05:01,1692.63,473087,2365,-3111.1992,-1837.7906,279.5,5520.76709,0.0,11041.580078,2.274887,,6.028567,0.602857,4.3e-05,2.402571,10.0,10.0,24.060325,0.0,24.060325,75.939675,57.020725,0.66654,39.171113
2026-08-11 00:05:03,1694.47,473599,2368,-2422.2142,-1838.3383,279.5,4625.807617,-0.0,9251.661133,2.275116,,5.198876,0.519888,4.1e-05,1.738348,10.0,10.0,20.530852,0.0,20.530852,79.469148,60.250423,0.677343,39.171113
2026-08-11 00:05:05,1696.18,474111,2370,-300.3723,-1828.598,279.5,1071.780029,0.0,2143.605713,2.287298,,5.458559,0.545856,4.1e-05,0.185974,1.0,2.0,3.643916,0.0,3.643916,96.356084,74.034896,0.586777,39.171113
2026-08-11 00:05:06,1697.98,474623,2373,-232.4999,-1816.594,279.5,861.552734,-0.0,1723.151001,2.279272,,6.581227,0.658123,4.2e-05,0.400478,2.0,4.0,3.841609,0.0,3.841609,96.158391,72.83128,0.588074,39.171113
2026-08-11 00:05:08,1699.86,475135,2375,-2818.2264,-1835.146,279.5,5241.818848,-0.0,10483.683594,2.274407,,7.961687,0.796169,4.2e-05,2.805446,10.0,10.0,23.440821,0.0,23.440821,76.559179,58.206843,0.658101,40.02542
2026-08-11 00:05:10,1701.64,475647,2378,-391.6324,-1833.5272,279.5,508.367188,-0.0,1016.78009,2.285513,,7.382474,0.738247,4.2e-05,1.410827,10.0,10.0,4.839938,0.0,4.839938,95.160062,72.008976,0.601289,40.02542
2026-08-11 00:05:12,1703.44,476159,2380,-986.4044,-1841.5896,279.5,1100.032837,0.0,2200.111328,2.276951,,7.470282,0.747028,4.3e-05,1.650869,10.0,10.0,7.829544,0.0,7.829544,92.170456,69.963809,0.580073,40.02542
2026-08-11 00:05:14,1705.31,476671,2383,-2886.9115,-1873.1985,279.5,5092.096191,0.0,10184.238281,2.278025,,7.893278,0.789328,4.2e-05,3.202235,10.0,10.0,26.22418,0.0,26.22418,73.77582,53.960753,0.600338,40.02542
2026-08-11 00:05:15,1707.12,477183,2385,-2379.1037,-1884.7612,279.5,5444.083496,0.0,10888.212891,2.271884,,9.903255,0.990325,4.1e-05,1.783401,10.0,10.0,17.460037,0.0,17.460037,82.539963,62.254238,0.57421,40.02542
2026-08-11 00:05:17,1708.9,477695,2388,-1693.2316,-1875.3634,279.5,3365.074707,-0.0,6730.195312,2.285841,,8.121147,0.812115,4.3e-05,0.883553,6.0,10.0,12.957161,0.0,12.957161,87.042839,65.507889,0.567758,40.02542
2026-08-11 00:05:19,1710.69,478207,2391,-1905.2567,-1895.7794,279.5,3183.351807,0.0,6366.749023,2.276946,,6.318262,0.631826,4.1e-05,1.436504,10.0,10.0,14.090953,0.0,14.090953,85.909047,65.375179,0.655572,40.02542
2026-08-11 00:05:21,1712.51,478719,2393,-3165.6099,-1904.352,279.5,6320.15332,-0.0,12640.352539,2.278634,,7.42476,0.742476,4.1e-05,1.867777,10.0,10.0,20.386064,0.0,20.386064,79.613936,59.665371,0.675024,40.02542
2026-08-11 00:05:23,1714.28,479231,2396,-468.1715,-1876.0164,279.6,1821.200684,-0.0,3642.447021,2.28412,,7.866409,0.786641,4.3e-05,0.644624,6.0,10.0,7.746347,0.0,7.746347,92.253653,70.051594,0.608219,40.02542
2026-08-11 00:05:24,1716.13,479743,2398,-2045.7563,-1853.7913,279.5,4005.378174,0.0,8010.801758,2.277184,,4.911427,0.491143,4.1e-05,1.989032,10.0,10.0,20.859069,0.0,20.859069,79.140931,60.865161,0.643795,40.02542
2026-08-11 00:05:26,1717.98,480255,2401,-3334.4507,-1881.1212,279.5,6114.769043,-0.0,12229.583984,2.275662,,3.924596,0.39246,4.3e-05,2.492554,10.0,10.0,18.198998,0.0,18.198998,81.801002,61.558543,0.789711,40.02542
2026-08-11 00:05:28,1719.84,480767,2403,-3098.5951,-1875.9093,279.5,4661.408203,-0.0,9322.862305,2.28742,,5.42165,0.542165,1.231737,2.73899,10.0,10.0,18.22035,0.0,18.22035,81.77965,62.145037,0.663478,40.02542
2026-08-11 00:05:30,1721.7,481279,2406,-4032.1924,-1896.6931,279.5,8687.970703,0.0,17375.986328,2.280966,,4.540598,0.45406,4.1e-05,2.779462,10.0,10.0,27.964953,0.0,27.964953,72.035047,53.821274,0.771619,40.02542
2026-08-11 00:05:32,1723.56,481791,2408,-2215.0765,-1904.8967,279.5,2644.543213,-0.0,5289.131836,2.279977,,4.816133,0.481613,4e-05,3.039318,10.0,10.0,13.282671,0.0,13.282671,86.717329,65.730143,0.75454,40.02542
2026-08-11 00:05:34,1725.37,482303,2411,-3707.0035,-1928.9265,279.5,6917.282227,-0.0,13834.610352,2.274869,,4.866776,0.486678,4.1e-05,1.996417,10.0,10.0,20.867013,0.0,20.867013,79.132987,59.217093,0.780424,40.02542
2026-08-11 00:05:36,1727.25,482815,2414,-3745.8426,-1950.9028,279.5,6904.118652,0.0,13808.283203,2.27214,,4.264014,0.426401,4.2e-05,1.762429,10.0,10.0,34.019412,0.0,34.019412,65.980588,48.433613,0.715665,40.02542
2026-08-11 00:05:37,1729.11,483327,2416,-4082.5248,-1971.9609,279.5,8055.910645,0.0,16111.867188,2.271522,,5.69363,0.569363,1.009941,2.569765,10.0,10.0,24.588991,0.0,24.588991,75.411009,56.078491,0.625959,40.02542
2026-08-11 00:05:39,1730.92,483839,2419,-2819.9504,-1955.6803,279.5,3498.732666,-0.0,6997.510742,2.27261,,7.146639,0.714664,4.1e-05,1.620993,10.0,10.0,17.313309,0.0,17.313309,82.686691,61.342305,0.641454,40.02542
2026-08-11 00:05:41,1732.77,484351,2421,-4822.3017,-1992.084,279.5,10855.868164,0.0,21711.78125,2.280732,,5.393997,0.5394,4.2e-05,1.347347,10.0,10.0,29.177846,0.0,29.177846,70.822154,53.111612,0.633924,40.02542
2026-08-11 00:05:43,1734.63,484863,2424,-2503.9454,-1992.8424,279.5,4709.896973,-0.0,9419.839844,2.275915,,7.495493,0.749549,4.2e-05,2.381938,10.0,10.0,16.505302,0.0,16.505302,83.494698,62.642378,0.638195,40.02542
2026-08-11 00:05:45,1736.43,485375,2426,-1815.2051,-1994.7153,279.5,3202.675537,-0.0,6405.396484,2.272638,,10.252344,1.025234,4.2e-05,1.480695,10.0,10.0,13.041071,0.0,13.041071,86.958929,66.249552,0.623242,40.02542
2026-08-11 00:05:47,1738.29,485887,2429,-3563.3852,-2028.4181,279.5,6861.228027,-0.0,13722.501953,2.281605,,5.576416,0.557642,0.433784,2.730949,10.0,10.0,23.498715,0.0,23.498715,76.501285,56.196928,0.653716,40.02542
2026-08-11 00:05:49,1740.16,486399,2432,-3770.6621,-2058.9579,279.5,7317.620605,0.0,14635.287109,2.271037,,6.842857,0.684286,4.1e-05,2.377797,10.0,10.0,33.713344,0.0,33.713344,66.286656,49.384507,0.638416,40.02542
2026-08-11 00:05:50,1742.02,486911,2434,-1644.4773,-2075.3408,279.5,4100.914551,-0.0,8201.875,2.286494,,9.476849,0.947685,4.3e-05,2.683109,10.0,10.0,12.27456,0.0,12.27456,87.72544,65.981959,0.602042,40.02542
2026-08-11 00:05:52,1743.88,487423,2437,-1568.1021,-2067.796,279.5,4553.063965,0.0,9106.173828,2.275709,,7.619223,0.761922,4.2e-05,2.328989,10.0,10.0,21.362421,0.0,21.362421,78.637579,58.776005,0.627585,40.02542
2026-08-11 00:05:54,1745.63,487935,2439,-706.2154,-2044.694,279.5,3041.609375,-0.0,6083.26416,2.280489,,9.550455,0.955045,4.3e-05,0.245185,1.0,10.0,8.686874,0.0,8.686874,91.313126,69.068313,0.60945,41.438782
2026-08-11 00:05:56,1747.4,488447,2442,-1485.7043,-2026.4358,279.5,2286.862549,-0.0,4573.770508,2.281757,,8.756205,0.875621,4.2e-05,1.235424,10.0,10.0,11.543239,0.0,11.543239,88.456761,66.056886,0.643639,41.438782
2026-08-11 00:05:58,1749.25,488959,2444,-3033.9294,-2022.226,279.5,5244.729004,0.0,10489.503906,2.275558,,8.987716,0.898772,4.2e-05,2.708078,10.0,10.0,19.492807,0.0,19.492807,80.507193,60.49417,0.617342,41.438782
2026-08-11 00:05:59,1751.03,489471,2447,-38.2138,-2018.3321,279.5,465.750122,-0.0,931.545837,2.278435,,7.937696,0.79377,4.1e-05,1.882957,10.0,10.0,3.497626,0.0,3.497626,96.502374,73.091001,0.623284,41.438782
2026-08-11 00:06:01,1752.87,489983,2449,-1341.643,-2033.6451,279.5,2414.246338,-0.0,4828.538086,2.281099,,6.966613,0.696661,4.2e-05,2.903755,10.0,10.0,9.844016,0.0,9.844016,90.155984,67.994878,0.642449,41.438782
2026-08-11 00:06:03,1754.62,490495,2452,447.968,-2004.6194,279.5,310.365692,-0.0,620.7771,2.285816,,7.678616,0.767862,1.89485,0.603362,4.0,10.0,0.676133,0.0,0.676133,99.323867,76.095595,0.609418,41.438782
2026-08-11 00:06:05,1756.41,491007,2455,-1220.3986,-2006.2961,279.6,3611.105225,-0.0,7222.255859,2.281558,,8.249583,0.824958,4.2e-05,1.096607,10.0,10.0,8.985248,0.0,8.985248,91.014752,69.154107,0.599545,41.438782
2026-08-11 00:06:07,1758.27,491519,2457,-3430.0687,-2003.0811,279.5,6328.292969,-0.0,12656.631836,2.271545,,6.825396,0.68254,4.2e-05,3.004694,10.0,10.0,19.812824,0.0,19.812824,80.187176,60.104295,0.693533,41.438782
2026-08-11 00:06:08,1760.15,492031,2460,-3197.4673,-2008.3303,279.5,5852.696289,0.0,11705.4375,2.270399,,6.899616,0.689962,4.4e-05,3.178693,10.0,10.0,21.543252,0.0,21.543252,78.456748,58.599379,0.673951,41.438782
2026-08-11 00:06:10,1761.95,492543,2462,-1219.0549,-2000.3472,279.5,1014.562866,0.0,2029.171387,2.280555,,8.88776,0.888776,4.2e-05,1.618117,10.0,10.0,9.190161,0.0,9.190161,90.809839,68.966427,0.609887,41.438782
2026-08-11 00:06:12,1763.66,493055,2465,195.626,-1984.2896,279.6,441.344482,0.0,882.734741,2.289028,,7.482687,0.748269,4.3e-05,0.323911,1.0,10.0,1.830892,0.0,1.830892,98.169108,75.221505,0.622075,41.438782
2026-08-11 00:06:14,1765.44,493567,2467,-1177.3383,-2002.6586,279.6,2852.995117,-0.0,5706.036133,2.290776,,5.563761,0.556376,1.88675,0.816327,10.0,10.0,7.797154,0.0,7.797154,92.202846,69.956491,0.684757,41.438782
2026-08-11 00:06:16,1767.25,494079,2470,-1921.8689,-2003.8584,279.6,2917.205078,-0.0,5834.456055,2.284554,,8.823777,0.882378,4.1e-05,1.833181,10.0,10.0,12.361679,0.0,12.361679,87.638321,65.196678,0.555786,41.438782
2026-08-11 00:06:17,1769.09,494591,2472,-2418.9703,-1999.9697,279.6,4766.692871,-0.0,9533.431641,2.287981,,5.871445,0.587144,0.254648,2.537156,10.0,10.0,19.295449,0.0,19.295449,80.704551,60.525923,0.582256,41.438782
2026-08-11 00:06:19,1770.88,495103,2475,-1676.6638,-1997.4533,279.6,4325.375977,0.0,8650.797852,2.286371,,4.437668,0.443767,4.2e-05,1.348376,10.0,10.0,10.495472,0.0,10.495472,89.504528,68.367119,0.765891,41.438782
2026-08-11 00:06:21,1772.74,495615,2478,-3547.6603,-2033.1207,279.6,8765.558594,0.0,17531.162109,2.286881,,5.234218,0.523422,4.3e-05,2.521466,10.0,10.0,25.795376,0.0,25.795376,74.204624,55.453235,0.660678,41.438782
2026-08-11 00:06:23,1774.57,496127,2480,-2114.0003,-2015.1632,279.6,4735.035645,-0.0,9470.117188,2.274312,,5.475474,0.547547,4e-05,1.820739,10.0,10.0,16.488311,0.0,16.488311,83.511689,62.446431,0.709051,41.438782
2026-08-11 00:06:25,1776.33,496639,2483,-265.0769,-1985.1418,279.6,648.206177,-0.0,1296.45813,2.286621,,5.954824,0.595482,4.2e-05,1.079374,10.0,10.0,4.781679,0.0,4.781679,95.218321,71.512192,0.68412,41.438782
2026-08-11 00:06:27,1778.25,497151,2485,-3937.9323,-1990.5337,279.6,7305.634277,0.0,14611.314453,2.27871,,2.832135,0.283214,4.2e-05,2.00761,10.0,10.0,28.956358,0.0,28.956358,71.043642,54.046937,0.863347,41.438782
2026-08-11 00:06:28,1780.08,497663,2488,-2925.3746,-2003.0815,279.6,4486.458008,0.0,8972.961914,2.285748,,5.527783,0.552778,4.3e-05,2.157174,10.0,10.0,16.906117,0.0,16.906117,83.093883,62.994975,0.640634,41.438782
2026-08-11 00:06:30,1781.97,498175,2490,-3487.6022,-2029.4172,279.6,7955.305176,0.0,15910.655273,2.269431,,7.587677,0.758768,4e-05,2.886712,10.0,10.0,26.549924,0.0,26.549924,73.450076,54.902035,0.678517,41.438782
2026-08-11 00:06:32,1783.76,498687,2493,-779.3859,-2018.1776,279.6,1521.764771,-0.0,3043.575195,2.278829,,8.436925,0.843692,4.1e-05,1.237869,10.0,10.0,7.622039,0.0,7.622039,92.377961,70.270292,0.669582,41.438782
2026-08-11 00:06:34,1785.56,499199,2496,-1157.0688,-2013.3481,279.6,2667.256104,-0.0,5334.557617,2.276335,,6.797207,0.679721,4.3e-05,1.526271,10.0,10.0,8.129615,0.0,8.129615,91.870385,69.68964,0.590724,41.438782
2026-08-11 00:06:36,1787.34,499711,2498,-1449.7891,-2007.1855,279.6,4570.046387,0.0,9140.138672,2.277838,,7.345483,0.734548,4.2e-05,0.738076,3.0,10.0,11.295845,0.0,11.295845,88.704155,67.20886,0.648489,41.438782
2026-08-11 00:06:38,1789.2,500223,2501,-2940.9249,-2029.1524,279.6,6250.975098,-0.0,12501.996094,2.280608,,7.303444,0.730344,1.508041,2.107557,10.0,10.0,23.211276,0.0,23.211276,76.788724,57.356918,0.675224,42.052447
2026-08-11 00:06:39,1790.99,500735,2503,-1023.1966,-2033.4008,279.6,951.707153,0.0,1903.459961,2.281664,,7.374257,0.737426,1.894,1.825619,10.0,10.0,7.453505,0.0,7.453505,92.546495,70.46539,0.786361,42.052447
2026-08-11 00:06:41,1792.73,501247,2506,-1022.86,-2005.4024,279.6,1483.8927,0.0,2967.831055,2.28706,,6.453842,0.645384,4.1e-05,0.461711,2.0,10.0,6.972325,0.0,6.972325,93.027675,71.000498,0.759047,42.052447
2026-08-11 00:06:43,1794.49,501759,2508,483.2062,-1976.6691,279.6,277.288727,-0.0,554.623047,2.280861,,8.417586,0.841759,4.3e-05,0.949381,9.0,10.0,0.810274,0.0,0.810274,99.189726,74.649872,0.576487,42.052447
2026-08-11 00:06:45,1796.27,502271,2511,-898.4277,-1972.4574,279.6,688.235596,-0.0,1376.516846,2.280907,,9.058865,0.905886,4.2e-05,1.105597,10.0,10.0,7.230399,0.0,7.230399,92.769601,69.750362,0.641685,42.052447
2026-08-11 00:06:46,1798.1,502783,2513,-1919.0263,-1970.9899,279.6,2527.62085,0.0,5055.287109,2.26809,,6.929788,0.692979,4.1e-05,2.410118,10.0,10.0,11.959019,0.0,11.959019,88.040981,66.490738,0.630294,42.052447
2026-08-11 00:06:48,1799.87,503295,2516,-1515.3438,-1962.4431,279.6,2156.571533,-0.0,4313.188477,2.273245,,6.790573,0.679057,4.4e-05,0.58446,3.0,10.0,9.506455,0.0,9.506455,90.493545,68.463558,0.605183,42.052447
2026-08-11 00:06:50,1801.64,503807,2519,-1029.7915,-1933.0624,279.6,1256.292358,-0.0,2512.630127,2.274566,,7.968012,0.796801,4.4e-05,1.447817,10.0,10.0,7.648281,0.0,7.648281,92.351719,70.178819,0.626157,42.052447
2026-08-11 00:06:52,1803.48,504319,2521,-1862.9926,-1927.4616,279.6,3297.093994,0.0,6594.233398,2.273207,,6.172641,0.617264,4.3e-05,2.649625,10.0,10.0,11.490351,0.0,11.490351,88.509649,65.975331,0.626836,42.052447
2026-08-11 00:06:54,1805.32,504831,2524,-3668.8883,-1947.775,279.6,6847.589844,0.0,13695.224609,2.269171,,6.79793,0.679793,4.4e-05,1.920962,10.0,10.0,25.805886,0.0,25.805886,74.194114,55.826629,0.647623,42.052447
2026-08-11 00:06:55,1807.12,505343,2526,-2115.7759,-1953.1745,279.6,3917.767578,-0.0,7835.580566,2.276545,,10.1759,1.01759,4.1e-05,2.195702,10.0,10.0,16.088022,0.0,16.088022,83.911978,62.61165,0.661461,42.052447
2026-08-11 00:06:57,1808.88,505855,2529,-393.2016,-1929.865,279.7,1354.838867,-0.0,2709.723389,2.276747,,10.854791,1.085479,4.2e-05,1.279008,10.0,10.0,6.933689,0.0,6.933689,93.066311,70.300265,0.644632,42.052447
2026-08-11 00:06:59,1810.71,506367,2531,-3645.001,-1951.7324,279.7,6113.177734,0.0,12226.400391,2.257864,,9.426687,0.942669,4.3e-05,1.992746,10.0,10.0,21.158928,0.0,21.158928,78.841072,59.843792,0.70908,42.052447
2026-08-11 00:07:01,1812.55,506879,2534,-2925.8193,-1983.1792,279.6,3875.118164,-0.0,7750.281738,2.270233,,6.503803,0.65038,4.1e-05,2.567904,10.0,10.0,16.31308,0.0,16.31308,83.68692,62.193122,0.673964,42.052447
2026-08-11 00:07:03,1814.36,507391,2536,-2463.5931,-1997.2039,279.7,4263.354004,0.0,8526.753906,2.27995,,3.995058,0.399506,4.3e-05,1.558422,10.0,10.0,13.711821,0.0,13.711821,86.288179,66.006952,0.749044,42.052447
2026-08-11 00:07:04,1816.1,507903,2539,207.1128,-1986.2956,279.7,110.111,-0.0,220.267715,2.286139,,3.55052,0.355052,4.2e-05,0.636203,6.0,10.0,0.366906,0.0,0.366906,99.633094,76.330525,0.828812,42.052447
2026-08-11 00:07:06,1817.84,508415,2542,-872.7225,-1961.3586,279.7,1809.719849,0.0,3619.485352,2.286254,,5.63724,0.563724,4.4e-05,0.38277,2.0,10.0,6.036444,0.0,6.036444,93.963556,71.832007,0.687119,42.052447
2026-08-11 00:07:08,1819.66,508927,2544,-1729.6111,-1977.0465,279.7,4344.782715,-0.0,8689.611328,2.28299,,5.155126,0.515513,4.3e-05,1.922335,10.0,10.0,13.658758,0.0,13.658758,86.341242,65.582667,0.813386,42.052447
2026-08-11 00:07:10,1821.47,509439,2547,-1603.8054,-1978.0932,279.7,4528.69873,0.0,9057.443359,2.276208,,7.429139,0.742914,4.2e-05,1.418318,10.0,10.0,17.52246,0.0,17.52246,82.47754,62.335725,0.620074,42.052447
2026-08-11 00:07:12,1823.39,509951,2549,-2928.8718,-1998.5742,279.7,5163.984375,0.0,10328.013672,2.256336,,9.80045,0.980045,4.2e-05,2.617865,10.0,10.0,22.801529,0.0,22.801529,77.198471,58.031186,0.692622,42.052447
2026-08-11 00:07:14,1825.23,510463,2552,-2976.4966,-2022.8422,279.7,4838.551758,-0.0,9677.148438,2.265827,,8.068577,0.806858,4.1e-05,1.527223,10.0,10.0,18.946518,0.0,18.946518,81.053482,61.661811,0.615261,42.052447
2026-08-11 00:07:15,1827.06,510975,2554,-2646.2781,-2017.0451,279.7,5261.021973,-0.0,10522.089844,2.273986,,5.971833,0.597183,4.3e-05,1.47038,10.0,10.0,15.43854,0.0,15.43854,84.56146,64.127622,0.657991,42.052447
2026-08-11 00:07:17,1828.89,511487,2557,-1767.4521,-1998.9305,279.7,4563.32666,-0.0,9126.699219,2.271352,,7.656234,0.765623,4.4e-05,1.287138,10.0,10.0,19.970376,0.0,19.970376,80.029624,60.169744,0.660103,42.052447
2026-08-11 00:07:19,1830.65,511999,2560,-707.9036,-1988.7621,279.7,961.035706,0.0,1922.116943,2.275675,,8.662029,0.866203,4.1e-05,0.709838,10.0,10.0,6.334017,0.0,6.334017,93.665983,71.517997,0.635002,42.052447
2026-08-11 00:07:21,1832.49,512511,2562,-3135.2369,-1996.4609,279.7,6180.887695,-0.0,12361.821289,2.272548,,5.975522,0.597552,4.4e-05,1.99186,10.0,10.0,22.530119,0.0,22.530119,77.469881,57.528264,0.621946,42.696796
2026-08-11 00:07:23,1834.3,513023,2565,-573.2117,-2003.4372,279.7,509.272308,0.0,1018.59021,2.280458,,6.041298,0.60413,4.5e-05,1.408093,10.0,10.0,4.912037,0.0,4.912037,95.087963,72.20887,0.635898,42.696796
2026-08-11 00:07:24,1836.14,513535,2567,-3159.4048,-2030.2004,279.7,5921.836426,0.0,11843.717773,2.267685,,5.940618,0.594062,4.2e-05,0.91403,10.0,10.0,20.024868,0.0,20.024868,79.975132,60.60383,0.507611,42.696796
2026-08-11 00:07:26,1837.94,514047,2570,-1946.9672,-2026.2501,279.7,4555.633789,0.0,9111.3125,2.266744,,7.079334,0.707933,4.1e-05,1.615638,10.0,10.0,13.497617,0.0,13.497617,86.502383,64.927721,0.669425,42.696796
2026-08-11 00:07:28,1839.71,514559,2572,-1993.2409,-2029.6181,279.7,3953.479736,0.0,7907.004883,2.269001,,10.106521,1.010652,4.2e-05,0.503202,1.0,10.0,15.1993,0.0,15.1993,84.8007,64.729237,0.610793,42.696796
2026-08-11 00:07:30,1841.54,515071,2575,-3067.5169,-2034.2351,279.7,5932.054199,-0.0,11864.154297,2.276723,,5.048859,0.504886,4.3e-05,1.658225,10.0,10.0,24.366254,0.0,24.366254,75.633746,55.658674,0.707988,42.696796
2026-08-11 00:07:32,1843.4,515583,2577,-1973.4565,-2022.7943,279.7,2953.104248,-0.0,5906.253906,2.271086,,4.935856,0.493586,4.1e-05,2.604124,10.0,10.0,15.042818,0.0,15.042818,84.957182,63.896509,0.66192,42.696796
2026-08-11 00:07:34,1845.21,516095,2580,-2297.5417,-2040.5552,279.7,4261.330078,-0.0,8522.705078,2.267021,,6.140496,0.61405,4e-05,1.666327,10.0,10.0,13.448709,0.0,13.448709,86.551291,65.375661,0.637533,42.696796
2026-08-11 00:07:35,1847.03,516607,2583,-2770.6482,-2055.7399,279.7,5201.161133,0.0,10402.367188,2.26206,,5.81774,0.581774,1.309764,1.487754,10.0,10.0,17.361251,0.0,17.361251,82.638749,62.267901,0.680084,42.696796
2026-08-11 00:07:37,1848.88,517119,2585,-3163.5709,-2073.5673,279.7,5046.599121,0.0,10093.243164,2.265705,,7.129864,0.712986,4.2e-05,2.322587,10.0,10.0,18.836291,0.0,18.836291,81.163709,60.373806,0.605144,42.696796
2026-08-11 00:07:39,1850.7,517631,2588,-2994.6307,-2092.0972,279.7,5044.916016,0.0,10089.876953,2.262595,,6.206201,0.62062,4.3e-05,1.673848,10.0,10.0,17.238511,0.0,17.238511,82.761489,62.100839,0.67899,42.696796
2026-08-11 00:07:41,1852.44,518143,2590,256.2542,-2070.3835,279.7,179.652237,0.0,359.349976,2.275715,,8.567006,0.856701,4.1e-05,1.044953,10.0,10.0,1.989195,0.0,1.989195,98.010805,74.473598,0.636744,42.696796
2026-08-11 00:07:43,1854.22,518655,2593,-803.4492,-2057.7593,279.7,1479.178101,-0.0,2958.401855,2.277607,,6.719714,0.671971,4.4e-05,0.848933,7.0,10.0,6.132487,0.0,6.132487,93.867513,71.198525,0.65908,42.696796
2026-08-11 00:07:44,1856.04,519167,2595,-1885.0631,-2045.0424,279.7,4050.134521,-0.0,8100.314453,2.265959,,6.060955,0.606096,4e-05,1.684658,10.0,10.0,16.587356,0.0,16.587356,83.412644,63.178346,0.603689,42.696796
2026-08-11 00:07:46,1857.83,519679,2598,-1803.9961,-2025.5569,279.7,3367.697998,-0.0,6735.441406,2.275452,,9.110246,0.911025,4.6e-05,0.605128,9.0,10.0,14.403448,0.0,14.403448,85.596552,64.327624,0.51091,42.696796
2026-08-11 00:07:48,1859.7,520191,2600,-2302.9153,-2027.9584,279.7,5013.23877,-0.0,10026.523438,2.274335,,10.140108,1.014011,4.2e-05,1.402331,10.0,10.0,17.74226,0.0,17.74226,82.25774,62.858688,0.591058,42.696796
2026-08-11 00:07:50,1861.52,520703,2603,-2421.1493,-2039.9288,279.7,6303.557617,-0.0,12607.160156,2.266915,,8.092089,0.809209,4.2e-05,0.816912,10.0,10.0,15.933963,0.0,15.933963,84.066037,63.698376,0.657049,42.696796
2026-08-11 00:07:52,1863.34,521215,2606,-2291.4447,-2054.1469,279.7,4016.386963,0.0,8032.819336,2.275533,,8.256024,0.825602,4.3e-05,1.609771,10.0,10.0,14.443495,0.0,14.443495,85.556505,64.949997,0.575185,42.696796
2026-08-11 00:07:53,1865.09,521727,2608,-2247.9538,-2053.2003,279.7,3609.388916,0.0,7218.823242,2.264902,,6.389157,0.638916,4.2e-05,0.437187,2.0,10.0,12.445992,0.0,12.445992,87.554008,66.887308,0.606912,42.696796
2026-08-11 00:07:55,1866.87,522239,2611,-63.2406,-2039.4053,279.7,544.484741,-0.0,1089.014893,2.269996,,8.031022,0.803102,4.3e-05,0.806911,10.0,10.0,4.425548,0.0,4.425548,95.574452,72.174294,0.639608,42.696796
2026-08-11 00:07:57,1868.69,522751,2613,-1516.7383,-2038.5529,279.7,3800.707275,-0.0,7601.459961,2.275721,,10.066602,1.00666,4.3e-05,0.76512,10.0,10.0,18.289367,0.0,18.289367,81.710633,62.860344,0.560566,42.696796
2026-08-11 00:07:59,1870.51,523263,2616,-2266.623,-2034.0176,279.7,4435.157715,0.0,8870.360352,2.260354,,8.850122,0.885012,4.2e-05,1.217916,10.0,10.0,16.417522,0.0,16.417522,83.582478,63.070626,0.650384,42.696796
2026-08-11 00:08:01,1872.3,523775,2618,-2015.4401,-2018.2299,279.7,4833.027832,0.0,9666.100586,2.261901,,10.129269,1.012927,0.45014,0.689503,10.0,10.0,14.813175,0.0,14.813175,85.186825,64.817707,0.629806,42.696796
2026-08-11 00:08:02,1874.11,524287,2621,-1391.0549,-2001.0284,279.8,1568.973145,0.0,3137.991699,2.270005,,7.883889,0.788389,4.1e-05,1.691815,10.0,10.0,9.387394,0.0,9.387394,90.612606,68.503183,0.646036,42.696796
2026-08-11 00:08:04,1875.92,524799,2624,-567.2891,-1982.4792,279.8,161.084198,-0.0,322.213715,2.266391,,8.417692,0.841769,4.3e-05,1.915516,10.0,10.0,5.76848,0.0,5.76848,94.23152,71.587452,0.647343,42.696796
2026-08-11 00:08:06,1877.74,525311,2626,-2623.8826,-2005.7143,279.8,6520.356445,-0.0,13040.757812,2.265957,,5.836302,0.58363,4.4e-05,1.182429,10.0,10.0,18.920509,0.0,18.920509,81.079491,60.587432,0.677994,43.377798
2026-08-11 00:08:08,1879.53,525823,2629,-1067.8953,-2014.0683,279.8,1755.090698,-0.0,3510.226807,2.270883,,9.136288,0.913629,4.3e-05,1.442904,10.0,10.0,8.979191,0.0,8.979191,91.020809,68.478279,0.553045,43.377798
2026-08-11 00:08:10,1881.45,526335,2631,-2640.9067,-2012.2951,279.8,4410.826172,-0.0,8821.697266,2.266198,,4.648469,0.464847,4.4e-05,3.969082,10.0,10.0,20.335419,0.0,20.335419,79.664581,59.138972,0.650399,43.377798
2026-08-11 00:08:12,1883.39,526847,2634,-2666.5792,-2035.0445,279.7,3349.134277,-0.0,6698.313965,2.276067,,2.619808,0.261981,4.2e-05,1.783648,10.0,10.0,16.251349,0.0,16.251349,83.748651,63.377887,0.835878,43.377798
2026-08-11 00:08:14,1885.19,527359,2636,-343.7727,-2028.6182,279.7,342.68927,-0.0,685.42395,2.269759,,6.203726,0.620373,4.2e-05,0.98997,10.0,10.0,3.841289,0.0,3.841289,96.158711,73.546305,0.638565,43.377798
2026-08-11 00:08:15,1886.97,527871,2639,-2438.693,-2024.136,279.7,4551.008789,-0.0,9102.0625,2.264044,,5.734506,0.573451,4.1e-05,1.305505,10.0,10.0,13.752275,0.0,13.752275,86.247725,64.942565,0.677527,43.377798
2026-08-11 00:08:17,1888.75,528383,2641,-1864.711,-2018.9921,279.8,3131.581055,0.0,6263.20752,2.275267,,6.044594,0.604459,4e-05,0.763976,6.0,10.0,10.409592,0.0,10.409592,89.590408,68.421806,0.735966,43.377798
2026-08-11 00:08:19,1890.56,528895,2644,-1873.0352,-2020.7901,279.8,1954.195435,0.0,3908.436035,2.256541,,7.530046,0.753005,4.1e-05,1.610018,10.0,10.0,11.234826,0.0,11.234826,88.765174,66.897653,0.616058,43.377798
2026-08-11 00:08:21,1892.32,529407,2647,-495.3069,-2006.6906,279.8,361.748047,-0.0,723.541382,2.265899,,7.953273,0.795327,4.2e-05,0.747884,10.0,10.0,4.856525,0.0,4.856525,95.143475,72.189591,0.693487,43.377798
2026-08-11 00:08:23,1894.16,529919,2649,-2473.5702,-1999.7702,279.8,4754.918945,0.0,9509.882812,2.26678,,5.546651,0.554665,4.2e-05,2.465647,10.0,10.0,17.511341,0.0,17.511341,82.488659,61.680061,0.707151,43.377798
2026-08-11 00:08:24,1896.0,530431,2652,-3571.9679,-2030.8082,279.8,7777.506836,-0.0,15555.058594,2.266714,,4.669658,0.466966,4.1e-05,1.835562,10.0,10.0,19.663446,0.0,19.663446,80.336554,60.227721,0.728773,43.377798
2026-08-11 00:08:26,1897.83,530943,2654,-2366.1072,-2034.0117,279.8,5201.908203,0.0,10403.861328,2.269007,,7.404601,0.74046,0.286936,1.372368,10.0,10.0,19.994387,0.0,19.994387,80.005613,60.390683,0.587228,43.377798
2026-08-11 00:08:28,1899.64,531455,2657,-1561.7529,-2016.2847,279.8,1711.611206,0.0,3423.267822,2.269958,,7.634035,0.763404,4.2e-05,1.565099,10.0,10.0,12.444488,0.0,12.444488,87.555512,66.267776,0.618866,43.377798
2026-08-11 00:08:30,1901.48,531967,2659,-1932.7299,-2004.6261,279.8,3774.503906,-0.0,7549.053223,2.270547,,7.630591,0.763059,4.2e-05,1.63053,10.0,10.0,17.168536,0.0,17.168536,82.831464,62.614477,0.673028,43.377798
2026-08-11 00:08:32,1903.31,532479,2662,-1454.381,-1978.848,279.8,1970.979004,0.0,3942.003418,2.268881,,8.98612,0.898612,4.1e-05,1.499785,10.0,10.0,11.677485,0.0,11.677485,88.322515,66.536406,0.610372,43.377798
2026-08-11 00:08:33,1905.12,532991,2664,-2673.8089,-1983.4353,279.8,6791.183105,0.0,13582.411133,2.257817,,9.378701,0.93787,4.2e-05,1.014657,10.0,10.0,21.052838,0.0,21.052838,78.947162,59.953776,0.582677,43.377798
2026-08-11 00:08:35,1906.87,533503,2667,-114.9786,-1947.515,279.8,1311.379883,-0.0,2622.805176,2.272412,,9.600219,0.960022,4.1e-05,0.096049,1.0,1.0,3.932273,0.0,3.932273,96.067727,73.275187,0.558768,43.377798
2026-08-11 00:08:37,1908.71,534015,2670,-3577.8384,-1945.835,279.8,6443.492188,0.0,12887.030273,2.2716,,6.198322,0.619832,4.4e-05,1.335204,10.0,10.0,23.408106,0.0,23.408106,76.591894,57.780429,0.684691,43.377798
2026-08-11 00:08:39,1910.49,534527,2672,-488.6684,-1909.8964,279.8,1837.37793,-0.0,3674.801514,2.27691,,6.403062,0.640306,4.3e-05,0.679849,5.0,10.0,4.574539,0.0,4.574539,95.425461,72.853145,0.751435,43.377798
2026-08-11 00:08:41,1912.28,535039,2675,-1120.1894,-1892.8988,279.8,1276.7146,-0.0,2553.474609,2.275633,,5.829482,0.582948,1.8979,1.461925,10.0,10.0,8.349762,0.0,8.349762,91.650238,68.711268,0.687703,43.377798
2026-08-11 00:08:42,1914.09,535551,2677,-2652.8691,-1871.2045,279.8,6529.895996,0.0,13059.836914,2.258975,,6.678589,0.667859,4.1e-05,1.61091,10.0,10.0,23.747509,0.0,23.747509,76.252491,58.175899,0.687885,43.377798
2026-08-11 00:08:44,1915.96,536063,2680,-3212.7374,-1878.2924,279.8,5820.99707,0.0,11642.039062,2.263606,,5.735129,0.573513,4.4e-05,1.928008,10.0,10.0,25.506176,0.0,25.506176,74.493824,55.42761,0.789496,43.377798
2026-08-11 00:08:46,1917.82,536575,2682,-3293.5031,-1893.0754,279.8,8081.294922,-0.0,16162.634766,2.263946,,7.723645,0.772365,4.2e-05,2.378119,10.0,10.0,32.180388,0.0,32.180388,67.819612,50.092813,0.663019,43.377798
2026-08-11 00:08:48,1919.66,537087,2685,-3837.5966,-1895.8175,279.8,6885.964355,-0.0,13771.973633,2.261747,,7.790993,0.779099,4.1e-05,2.083212,10.0,10.0,22.587655,0.0,22.587655,77.412345,57.694826,0.703617,43.377798
2026-08-11 00:08:50,1921.53,537599,2688,-4555.8088,-1903.669,279.8,9755.449219,0.0,19510.943359,2.261436,,6.348255,0.634826,4.2e-05,2.173437,10.0,10.0,31.135819,0.0,31.135819,68.864181,51.418488,0.679372,44.439401
2026-08-11 00:08:52,1923.4,538111,2690,-3666.1211,-1923.8854,279.8,6876.01416,0.0,13752.073242,2.266603,,4.223533,0.422353,4.3e-05,3.015417,10.0,10.0,24.411473,0.0,24.411473,75.588527,55.633557,0.695218,44.439401
2026-08-11 00:08:54,1925.22,538623,2693,-1302.1152,-1921.2255,279.8,1757.430054,-0.0,3514.905518,2.274968,,7.198388,0.719839,4.2e-05,1.872323,10.0,10.0,8.553872,0.0,8.553872,91.446128,68.876443,0.64101,44.439401
2026-08-11 00:08:55,1927.01,539135,2695,-1923.6337,-1933.3997,279.8,3925.312744,-0.0,7850.670898,2.279214,,8.799635,0.879963,4.4e-05,1.434291,10.0,10.0,12.481796,0.0,12.481796,87.518204,66.401034,0.71662,44.439401
2026-08-11 00:08:57,1928.84,539647,2698,-3236.718,-1950.9099,279.8,6505.310547,-0.0,13010.666016,2.257288,,9.691862,0.969186,4.1e-05,2.224752,10.0,10.0,21.65512,0.0,21.65512,78.34488,58.754,0.652259,44.439401
2026-08-11 00:08:59,1930.73,540159,2700,-3116.124,-1951.7318,279.8,7750.449219,-0.0,15500.943359,2.262838,,7.566495,0.756649,4.3e-05,2.842788,10.0,10.0,34.589376,0.0,34.589376,65.410624,47.890082,0.591532,44.439401
2026-08-11 00:09:01,1932.61,540671,2703,-3809.6269,-1989.4459,279.8,7404.38916,-0.0,14808.824219,2.274,,6.742443,0.674244,4.2e-05,2.742801,10.0,10.0,24.512796,0.0,24.512796,75.487204,55.866013,0.63111,44.439401
2026-08-11 00:09:03,1934.42,541183,2705,-1918.8511,-1995.218,279.8,1913.085205,0.0,3826.21582,2.275402,,4.668732,0.466873,4.2e-05,1.720574,10.0,10.0,10.446557,0.0,10.446557,89.553443,67.481859,0.718671,44.439401
2026-08-11 00:09:05,1936.23,541695,2708,-2164.55,-2021.3432,279.8,3078.705078,0.0,6157.455566,2.281761,,5.934393,0.593439,4.2e-05,1.985984,10.0,10.0,11.948262,0.0,11.948262,88.051738,65.819751,0.677277,44.439401
2026-08-11 00:09:06,1938.1,542207,2711,-4452.1114,-2053.6603,279.8,9536.194336,0.0,19072.433594,2.251143,,5.080286,0.508029,4.2e-05,2.494172,10.0,10.0,33.744198,0.0,33.744198,66.255802,48.705501,0.702764,44.439401
2026-08-11 00:09:08,1939.9,542719,2713,-1119.7124,-2030.5568,279.8,636.29895,-0.0,1272.643311,2.273514,,7.456185,0.745619,4.1e-05,1.703884,10.0,10.0,7.637458,0.0,7.637458,92.362542,70.058349,0.550133,44.439401
2026-08-11 00:09:10,1941.78,543231,2716,-1209.6024,-2010.6781,279.8,2070.076416,0.0,4140.198242,2.272134,,8.77098,0.877098,4.2e-05,2.109574,10.0,10.0,8.534018,0.0,8.534018,91.465982,69.036205,0.617078,44.439401
2026-08-11 00:09:12,1943.64,543743,2718,-3233.4296,-2030.8219,279.8,6430.303223,0.0,12860.651367,2.262003,,7.256506,0.725651,4e-05,3.313295,10.0,10.0,20.344623,0.0,20.344623,79.655377,59.627959,0.669285,44.439401
2026-08-11 00:09:14,1945.45,544255,2721,-1642.4941,-2049.2031,279.8,3802.394287,0.0,7604.833984,2.270754,,6.775007,0.677501,4e-05,2.140078,10.0,10.0,10.241336,0.0,10.241336,89.758664,67.787344,0.723443,44.439401
2026-08-11 00:09:16,1947.22,544767,2723,-1023.4279,-2047.664,279.8,1763.655884,0.0,3527.357422,2.2846,,6.643489,0.664349,1.57534,0.650729,10.0,10.0,6.805738,0.0,6.805738,93.194262,71.815607,0.680487,44.439401
2026-08-11 00:09:17,1948.99,545279,2726,-1133.6354,-2039.7816,279.8,1658.074219,-0.0,3316.193848,2.269038,,10.761879,1.076188,4.1e-05,1.075185,10.0,10.0,8.636458,0.0,8.636458,91.363542,69.778315,0.642489,44.439401
2026-08-11 00:09:19,1950.73,545791,2728,64.3244,-2014.9487,279.8,879.887939,0.0,1759.821289,2.273331,,10.663373,1.066337,4.3e-05,0.719185,5.0,10.0,3.157158,0.0,3.157158,96.842842,74.330893,0.635721,44.439401
2026-08-11 00:09:21,1952.59,546303,2731,-4156.6143,-2039.7482,279.8,9041.37793,0.0,18082.800781,2.26503,,4.838742,0.483874,4.2e-05,2.344653,10.0,10.0,31.431885,0.0,31.431885,68.568115,50.456661,0.6841,44.439401
2026-08-11 00:09:23,1954.37,546815,2734,-257.55,-2006.8471,279.8,606.532593,-0.0,1213.110718,2.279479,,7.49851,0.749851,4.2e-05,1.404238,10.0,10.0,3.942364,0.0,3.942364,96.057636,72.461382,0.686104,44.439401
2026-08-11 00:09:24,1956.14,547327,2736,-2504.0104,-2010.7472,279.8,3586.950439,-0.0,7173.946289,2.263978,,6.049217,0.604922,4.3e-05,1.561063,10.0,10.0,13.410296,0.0,13.410296,86.589704,66.175191,0.667096,44.439401
2026-08-11 00:09:26,1957.96,547839,2739,-2068.2165,-2028.7786,279.8,2097.380859,0.0,4194.807129,2.26758,,9.079725,0.907973,4.3e-05,1.649336,10.0,10.0,13.467226,0.0,13.467226,86.532774,65.46244,0.664957,44.439401
2026-08-11 00:09:28,1959.82,548351,2741,-3698.153,-2026.3808,279.8,7071.121582,-0.0,14142.288086,2.249174,,8.088726,0.808873,4.1e-05,1.877263,10.0,10.0,29.828534,0.0,29.828534,70.171466,53.13007,0.71838,44.439401
2026-08-11 00:09:30,1961.64,548863,2744,-2347.4346,-2020.6014,279.8,3489.336426,0.0,6978.718262,2.263377,,8.237758,0.823776,4.2e-05,1.911318,10.0,10.0,14.572492,0.0,14.572492,85.427508,64.263683,0.711426,44.439401
2026-08-11 00:09:32,1963.5,549375,2746,-2256.571,-2008.2911,279.8,4760.883789,0.0,9521.8125,2.267348,,8.697836,0.869784,4.1e-05,2.168993,10.0,10.0,13.714482,0.0,13.714482,86.285518,65.696103,0.59167,44.439401
2026-08-11 00:09:34,1965.28,549887,2749,-2011.4865,-2020.6121,279.8,5113.305664,0.0,10226.657227,2.278794,,8.390645,0.839064,4.4e-05,0.917784,10.0,10.0,13.249636,0.0,13.249636,86.750364,65.478116,0.632649,44.439401
2026-08-11 00:09:35,1967.12,550399,2752,-3186.2207,-2040.9036,279.8,5299.751953,-0.0,10599.548828,2.266792,,6.625138,0.662514,4.1e-05,1.935902,10.0,10.0,16.394456,0.0,16.394456,83.605544,63.457151,0.691549,45.485149
2026-08-11 00:09:37,1969.02,550911,2754,-3817.4266,-2064.58,279.8,7504.17334,0.0,15008.391602,2.262252,,5.243735,0.524373,4.1e-05,3.56392,10.0,10.0,33.471077,0.0,33.471077,66.528923,48.462399,0.691019,45.485149
2026-08-11 00:09:39,1970.88,551423,2757,-4354.8509,-2078.7192,279.8,9197.162109,0.0,18394.369141,2.269025,,7.463989,0.746399,4.2e-05,1.873054,10.0,10.0,27.271312,0.0,27.271312,72.728688,54.887305,0.620508,45.485149
2026-08-11 00:09:41,1972.65,551935,2759,-1615.4972,-2084.6422,279.8,2730.534424,-0.0,5461.114258,2.26733,,8.55491,0.855491,4.1e-05,1.343465,10.0,10.0,9.933943,0.0,9.933943,90.066057,68.002972,0.55287,45.485149
2026-08-11 00:09:43,1974.42,552447,2762,-747.5612,-2081.8893,279.8,1111.062866,0.0,2222.171143,2.268106,,8.266348,0.826635,4.3e-05,0.837332,10.0,10.0,5.996927,0.0,5.996927,94.003073,71.630788,0.607285,45.485149
2026-08-11 00:09:45,1976.23,552959,2764,-1887.593,-2105.5972,279.8,2308.45874,0.0,4616.962891,2.26263,,10.391992,1.039199,4.3e-05,1.856991,10.0,10.0,11.803577,0.0,11.803577,88.196423,66.766406,0.648194,45.485149
2026-08-11 00:09:46,1978.01,553471,2767,-1895.8795,-2115.5718,279.8,3632.189453,-0.0,7264.424316,2.268625,,7.459244,0.745924,4.4e-05,0.972574,10.0,10.0,13.568504,0.0,13.568504,86.431496,64.92057,0.717118,45.485149
2026-08-11 00:09:48,1979.89,553983,2769,-2987.6705,-2126.2582,279.8,4815.254883,0.0,9630.554688,2.266932,,5.896072,0.589607,4.2e-05,3.44264,10.0,10.0,21.683944,0.0,21.683944,78.316056,59.331247,0.607761,45.485149
2026-08-11 00:09:50,1981.69,554495,2772,-1654.6083,-2127.6508,279.8,1440.55603,0.0,2881.157227,2.259481,,8.375913,0.837591,4.1e-05,1.227519,10.0,10.0,9.972775,0.0,9.972775,90.027225,68.266143,0.642302,45.485149
2026-08-11 00:09:52,1983.46,555007,2775,-1664.7585,-2134.0005,279.8,1494.42627,0.0,2988.897949,2.265151,,13.26503,1.326503,4.4e-05,0.874595,10.0,10.0,11.217376,0.0,11.217376,88.782624,66.929327,0.696388,45.485149
2026-08-11 00:09:54,1985.2,555519,2777,-1176.1458,-2127.132,279.8,2652.590088,-0.0,5305.225586,2.270906,,5.984406,0.598441,4.1e-05,0.198649,1.0,2.0,7.001454,0.0,7.001454,92.998546,70.980128,0.790441,45.485149
2026-08-11 00:09:55,1987.0,556031,2780,-1368.5969,-2104.1291,279.8,1777.341553,0.0,3554.728271,2.257555,,6.936974,0.693697,4.1e-05,1.037409,10.0,10.0,8.206331,0.0,8.206331,91.793669,69.53885,0.742108,45.485149
2026-08-11 00:09:57,1988.75,556543,2782,-580.1349,-2088.7727,279.8,2085.5896,-0.0,4171.224609,2.265409,,7.372049,0.737205,4.2e-05,1.060108,10.0,10.0,5.390335,0.0,5.390335,94.609665,71.421664,0.752293,45.485149
2026-08-11 00:09:59,1990.56,557055,2785,-2424.1549,-2109.0823,279.8,4660.621094,-0.0,9321.287109,2.261329,,3.682514,0.368251,4.2e-05,1.439106,10.0,10.0,12.576619,0.0,12.576619,87.423381,65.761677,0.808778,45.485149
2026-08-11 00:10:01,1992.33,557567,2787,-2216.5678,-2094.7979,279.9,4177.243652,-0.0,8354.533203,2.27354,,3.977188,0.397719,4.2e-05,0.726241,10.0,10.0,11.404633,0.0,11.404633,88.595367,67.835363,0.785063,45.485149
2026-08-11 00:10:02,1994.12,558079,2790,-1990.0818,-2085.4406,279.9,3934.756104,0.0,7869.557617,2.263346,,6.058346,0.605835,4.1e-05,1.150266,10.0,10.0,10.976656,0.0,10.976656,89.023344,67.378207,0.68863,45.485149
2026-08-11 00:10:04,1995.89,558591,2792,-268.5934,-2063.4906,279.9,1558.728638,0.0,3117.502686,2.266309,,9.24913,0.924913,4.4e-05,0.802272,10.0,10.0,4.191784,0.0,4.191784,95.808216,73.629804,0.583499,45.485149
2026-08-11 00:10:06,1997.74,559103,2795,-2819.7439,-2093.7591,279.9,5760.578125,-0.0,11521.201172,2.246538,,7.79856,0.779856,4.2e-05,2.514583,10.0,10.0,18.669586,0.0,18.669586,81.330414,60.757406,0.639806,45.485149
2026-08-11 00:10:08,1999.56,559615,2798,-2495.6591,-2109.9885,279.9,5987.593262,-0.0,11975.231445,2.26087,,6.833466,0.683347,4.2e-05,1.591713,10.0,10.0,21.527886,0.0,21.527886,78.472114,59.133849,0.609219,45.485149
2026-08-11 00:10:10,2001.4,560127,2800,-2813.4736,-2120.8271,279.9,4317.698242,-0.0,8635.441406,2.256422,,6.4081,0.64081,4.3e-05,2.163077,10.0,10.0,18.001329,0.0,18.001329,81.998671,61.671825,0.669077,45.485149
2026-08-11 00:10:12,2003.27,560639,2803,-1804.1132,-2122.8302,279.9,2010.430908,-0.0,4020.906982,2.254534,,6.669811,0.666981,1.042015,3.255694,10.0,10.0,15.317479,0.0,15.317479,84.682521,62.070818,0.655899,45.485149
2026-08-11 00:10:14,2005.2,561151,2805,-4640.4718,-2139.9462,279.8,10054.1875,-0.0,20108.419922,2.259665,,4.190211,0.419021,4e-05,3.206683,10.0,10.0,45.239984,0.0,45.239984,54.760016,40.882765,0.685449,45.485149
2026-08-11 00:10:15,2007.02,561663,2808,-2541.8351,-2135.5996,279.8,5704.999512,0.0,11410.044922,2.273304,,6.622651,0.662265,4.2e-05,1.881888,10.0,10.0,17.072822,0.0,17.072822,82.927178,62.503008,0.701712,45.485149
2026-08-11 00:10:17,2008.92,562175,2810,-4363.13,-2152.7681,279.8,8824.56543,-0.0,17649.175781,2.2495,,3.855289,0.385529,4.2e-05,3.430468,10.0,10.0,32.554901,0.0,32.554901,67.445099,50.148109,0.710752,45.485149
2026-08-11 00:10:19,2010.77,562687,2813,-2654.0195,-2161.6338,279.8,4368.299805,0.0,8736.644531,2.264087,,7.027295,0.70273,1.892,2.762494,10.0,10.0,14.642946,0.0,14.642946,85.357054,64.133982,0.702448,46.548517
2026-08-11 00:10:21,2012.67,563199,2816,-2445.053,-2179.0053,279.8,5114.687012,0.0,10229.418945,2.263144,,7.120348,0.712035,1.895,2.249114,10.0,10.0,18.526172,0.0,18.526172,81.473828,61.119325,0.69937,46.548517
2026-08-11 00:10:23,2014.53,563711,2818,-994.2639,-2157.5955,279.8,1793.796753,0.0,3587.638672,2.257959,,7.208708,0.720871,4.2e-05,1.834311,10.0,10.0,6.773409,0.0,6.773409,93.226591,70.152247,0.655574,46.548517
2026-08-11 00:10:25,2016.35,564223,2821,-1852.4741,-2170.3882,279.8,2718.413086,0.0,5436.871094,2.249288,,8.308082,0.830808,4.1e-05,2.417181,10.0,10.0,10.700855,0.0,10.700855,89.299145,66.943633,0.671175,46.548517
2026-08-11 00:10:26,2018.13,564735,2823,-1809.5084,-2156.8892,279.8,1867.86853,0.0,3735.782227,2.262335,,10.279637,1.027964,4.5e-05,1.560274,10.0,10.0,11.044155,0.0,11.044155,88.955845,67.540781,0.646692,46.548517
2026-08-11 00:10:28,2019.97,565247,2826,-4087.7335,-2178.2969,279.8,8684.625,-0.0,17369.294922,2.255971,,7.46974,0.746974,4.3e-05,1.520593,10.0,10.0,23.778939,0.0,23.778939,76.221061,57.172033,0.65952,46.548517
2026-08-11 00:10:30,2021.74,565759,2828,-1063.849,-2169.0029,279.8,3118.074463,0.0,6236.194336,2.267916,,7.477615,0.747761,4.1e-05,0.566242,10.0,10.0,7.214424,0.0,7.214424,92.785576,71.65738,0.672864,46.548517
2026-08-11 00:10:32,2023.54,566271,2831,-1511.3376,-2153.4411,279.8,3262.459229,-0.0,6524.963867,2.262711,,8.228228,0.822823,4.1e-05,1.152987,10.0,10.0,9.240581,0.0,9.240581,90.759419,68.460991,0.583726,46.548517
2026-08-11 00:10:34,2025.37,566783,2833,-3492.6592,-2168.6332,279.8,5570.173828,0.0,11140.392578,2.262461,,7.650089,0.765009,4.4e-05,1.844055,10.0,10.0,17.497807,0.0,17.497807,82.502193,62.91342,0.612276,46.548517
2026-08-11 00:10:36,2027.54,567295,2836,-2047.9819,-2166.1376,279.8,3987.302979,0.0,7974.651367,2.2696,,6.343903,0.63439,1.251242,1.534973,10.0,10.0,11.285167,0.0,11.285167,88.714833,67.109379,0.765971,46.548517
2026-08-11 00:10:38,2029.68,567807,2839,-4638.0677,-2184.8118,279.8,9941.235352,0.0,19882.515625,2.264247,,8.071127,0.807113,4.2e-05,1.949768,10.0,10.0,28.576512,0.0,28.576512,71.423488,53.630707,0.623787,46.548517
2026-08-11 00:10:40,2031.67,568319,2841,-2083.8179,-2174.0142,279.7,4780.160156,-0.0,9560.365234,2.251295,,6.613028,0.661303,4.2e-05,1.976689,10.0,10.0,14.662484,0.0,14.662484,85.337516,63.994391,0.563286,46.548517
2026-08-11 00:10:42,2033.66,568831,2844,-3947.6726,-2183.5447,279.7,7765.797363,-0.0,15531.639648,2.250796,,4.36452,0.436452,4e-05,2.550576,10.0,10.0,28.962795,0.0,28.962795,71.037205,52.54277,0.659396,46.548517
2026-08-11 00:10:44,2035.44,569343,2846,-2006.576,-2206.173,279.7,2954.589111,0.0,5909.223633,2.267154,,7.058883,0.705888,4.2e-05,0.839827,6.0,10.0,10.678016,0.0,10.678016,89.321984,68.22186,0.643532,46.548517
2026-08-11 00:10:46,2037.27,569855,2849,-1382.9873,-2211.9683,279.7,4689.708984,0.0,9379.462891,2.260093,,8.623229,0.862323,0.373213,0.588073,10.0,10.0,25.474218,0.0,25.474218,74.525782,56.356383,0.654489,46.548517
2026-08-11 00:10:47,2039.08,570367,2851,-1876.9768,-2211.8875,279.7,3563.07251,0.0,7126.19043,2.26528,,9.104564,0.910456,4.2e-05,1.506883,10.0,10.0,11.272936,0.0,11.272936,88.727064,66.759438,0.59351,46.548517
2026-08-11 00:10:49,2040.87,570879,2854,-857.674,-2202.4243,279.7,1601.437988,-0.0,3202.921143,2.263913,,6.462619,0.646262,4e-05,1.233783,10.0,10.0,8.191565,0.0,8.191565,91.808435,69.054572,0.576386,46.548517
2026-08-11 00:10:51,2042.73,571391,2856,-2693.8251,-2206.3334,279.7,6540.376953,0.0,13080.798828,2.253088,,5.973345,0.597334,4.1e-05,2.503403,10.0,10.0,23.123427,0.0,23.123427,76.876573,57.940678,0.638146,46.548517
2026-08-11 00:10:53,2044.59,571903,2859,-3922.98,-2221.3517,279.7,7437.200195,-0.0,14874.445312,2.25829,,6.005227,0.600523,4.2e-05,2.462121,10.0,10.0,22.31442,0.0,22.31442,77.68558,57.70962,0.664736,46.548517
2026-08-11 00:10:55,2046.43,572415,2862,-2758.1682,-2226.0189,279.7,5242.529297,0.0,10485.103516,2.257862,,5.259257,0.525926,4.1e-05,2.846144,10.0,10.0,14.987701,0.0,14.987701,85.012299,64.479816,0.687454,46.548517
2026-08-11 00:10:57,2048.19,572927,2864,-2088.3402,-2224.4228,279.7,3346.891846,-0.0,6693.829102,2.276262,,5.312202,0.53122,4.2e-05,1.372267,10.0,10.0,10.85028,0.0,10.85028,89.14972,67.568215,0.638406,46.548517
2026-08-11 00:10:58,2050.02,573439,2867,-3518.0169,-2258.9705,279.7,6083.42334,0.0,12166.891602,2.254387,,7.75742,0.775742,4.1e-05,1.931567,10.0,10.0,23.261816,0.0,23.261816,76.738184,57.600745,0.664852,46.548517
2026-08-11 00:11:00,2051.81,573951,2869,-973.6595,-2253.5397,279.7,3849.472656,-0.0,7698.990723,2.259486,,12.621265,1.262126,1.371956,1.320701,10.0,10.0,9.011047,0.0,9.011047,90.988953,70.106191,0.596193,46.548517
2026-08-11 00:11:02,2053.62,574463,2872,-1657.9528,-2247.453,279.7,2167.732422,-0.0,4335.509766,2.251372,,8.142893,0.814289,4.1e-05,2.101107,10.0,10.0,9.629067,0.0,9.629067,90.370933,68.342131,0.644077,46.548517
2026-08-11 00:11:04,2055.38,574975,2874,-247.1251,-2229.7699,279.7,283.313538,0.0,566.672363,2.264685,,6.72007,0.672007,4.3e-05,1.695728,10.0,10.0,3.420154,0.0,3.420154,96.579846,73.321603,0.651291,46.548517
2026-08-11 00:11:06,2057.26,575487,2877,-1839.5194,-2234.2545,279.7,3937.996094,-0.0,7876.037598,2.258775,,4.061126,0.406113,4.1e-05,2.422228,10.0,10.0,9.825298,0.0,9.825298,90.174702,67.698376,0.765311,47.431377
2026-08-11 00:11:07,2059.02,575999,2880,-259.0164,-2231.1718,279.7,862.322571,0.0,1724.690552,2.267833,,9.444151,0.944415,4.2e-05,1.074115,10.0,10.0,4.165201,0.0,4.165201,95.834799,72.983294,0.584188,47.431377
2026-08-11 00:11:09,2060.85,576511,2882,-3162.6746,-2236.5597,279.7,6429.23877,-0.0,12858.523438,2.272893,,6.890413,0.689041,4.2e-05,1.986693,10.0,10.0,22.348044,0.0,22.348044,77.651956,57.724793,0.599857,47.431377
2026-08-11 00:11:11,2062.67,577023,2885,-2463.1806,-2250.5126,279.7,5908.935547,0.0,11817.916016,2.264486,,6.420088,0.642009,4.1e-05,2.276196,10.0,10.0,18.429806,0.0,18.429806,81.570194,60.635227,0.68521,47.431377
2026-08-11 00:11:13,2064.45,577535,2887,-2022.3425,-2244.3269,279.8,2345.521729,-0.0,4691.088867,2.274438,,8.49147,0.849147,4.4e-05,1.613925,10.0,10.0,11.330275,0.0,11.330275,88.669725,67.170291,0.589495,47.431377
2026-08-11 00:11:15,2066.2,578047,2890,-1102.1425,-2228.6826,279.8,476.292755,-0.0,952.630859,2.268339,,6.855215,0.685522,4.3e-05,1.386753,10.0,10.0,6.80488,0.0,6.80488,93.19512,70.621276,0.558745,47.431377
2026-08-11 00:11:16,2068.02,578559,2892,-3479.0725,-2260.0356,279.8,5776.324219,-0.0,11552.694336,2.277653,,4.544393,0.454439,4.2e-05,1.633575,10.0,10.0,16.251827,0.0,16.251827,83.748173,63.14698,0.689166,47.431377
2026-08-11 00:11:18,2069.86,579071,2895,-4358.28,-2279.2314,279.8,8872.46875,0.0,17744.982422,2.258667,,4.853452,0.485345,4.1e-05,2.75445,10.0,10.0,26.284446,0.0,26.284446,73.715554,54.351801,0.696897,47.431377
2026-08-11 00:11:20,2071.7,579583,2897,-4333.1657,-2303.916,279.8,8646.682617,-0.0,17293.410156,2.272582,,6.382907,0.638291,4.2e-05,2.130552,10.0,10.0,31.394275,0.0,31.394275,68.605725,51.282032,0.72465,47.431377
2026-08-11 00:11:22,2073.53,580095,2900,-3650.8144,-2321.6938,279.8,6500.557617,0.0,13001.160156,2.266231,,5.950737,0.595074,4e-05,2.346122,10.0,10.0,25.683762,0.0,25.683762,74.316238,55.017906,0.632163,47.431377
2026-08-11 00:11:24,2075.38,580607,2903,-4548.8292,-2362.229,279.8,9719.745117,0.0,19439.535156,2.269092,,5.452072,0.545207,4.4e-05,1.971383,10.0,10.0,32.681644,0.0,32.681644,67.318356,49.70129,0.595547,47.431377
2026-08-11 00:11:26,2077.2,581119,2905,-2601.8542,-2363.5118,279.8,6676.427246,0.0,13352.900391,2.277955,,8.234679,0.823468,4.2e-05,1.887142,10.0,10.0,24.680013,0.0,24.680013,75.319987,56.324312,0.643907,47.431377
2026-08-11 00:11:27,2079.06,581631,2908,-3340.9482,-2361.2016,279.8,6229.71582,-0.0,12459.476562,2.260547,,7.409246,0.740925,4e-05,3.806979,10.0,10.0,21.086965,0.0,21.086965,78.913035,58.470221,0.656431,47.431377
2026-08-11 00:11:29,2080.87,582143,2910,-1201.4802,-2349.5554,279.8,2946.586182,0.0,5893.217773,2.272621,,8.742881,0.874288,4.1e-05,2.123075,10.0,10.0,9.706909,0.0,9.706909,90.293091,67.391195,0.706071,47.431377
2026-08-11 00:11:31,2082.68,582655,2913,-875.4779,-2342.6926,279.8,1510.078857,-0.0,3020.203125,2.272779,,6.996889,0.699689,4.3e-05,2.551839,10.0,10.0,7.603062,0.0,7.603062,92.396938,68.890844,0.774519,47.431377
2026-08-11 00:11:33,2084.51,583167,2915,-3621.3028,-2359.5784,279.8,6894.819824,0.0,13789.68457,2.265805,,5.672949,0.567295,4.2e-05,2.754462,10.0,10.0,24.181713,0.0,24.181713,75.818287,56.936928,0.696569,47.431377
2026-08-11 00:11:35,2086.25,583679,2918,282.1296,-2342.2132,279.8,742.619934,-0.0,1485.2854,2.274236,,10.601748,1.060175,1.887,0.689338,9.0,10.0,2.996079,0.0,2.996079,97.003921,73.965879,0.582852,47.431377
2026-08-11 00:11:36,2088.12,584191,2920,-3906.1501,-2354.5367,279.8,8105.57373,-0.0,16211.193359,2.272603,,7.247492,0.724749,4.6e-05,2.400032,10.0,10.0,28.200776,0.0,28.200776,71.799224,54.15949,0.608651,47.431377
2026-08-11 00:11:38,2089.89,584703,2923,-2305.0171,-2376.437,279.8,4458.624512,-0.0,8917.294922,2.280322,,6.196945,0.619694,4.1e-05,1.12726,10.0,10.0,16.602882,0.0,16.602882,83.397118,63.210645,0.605759,47.431377
2026-08-11 00:11:40,2091.7,585215,2926,-1021.2562,-2350.8712,279.8,444.260559,-0.0,888.566467,2.26673,,6.379145,0.637915,4.1e-05,1.856264,10.0,10.0,6.411059,0.0,6.411059,93.588941,70.41976,0.69018,47.431377
2026-08-11 00:11:42,2093.46,585727,2928,-1368.0141,-2359.6647,279.8,4375.649902,-0.0,8751.344727,2.27032,,8.608613,0.860861,4.2e-05,0.664308,3.0,10.0,12.371107,0.0,12.371107,87.628893,66.867029,0.573076,47.431377
2026-08-11 00:11:44,2095.25,586239,2931,-1558.4606,-2364.0474,279.8,4749.888184,-0.0,9499.822266,2.275707,,8.980048,0.898005,4.2e-05,0.72634,10.0,10.0,18.266193,0.0,18.266193,81.733807,61.286991,0.667656,47.431377
2026-08-11 00:11:45,2097.06,586751,2933,-3268.2455,-2370.2012,279.8,5193.13623,-0.0,10386.318359,2.274175,,5.70257,0.570257,4e-05,2.377219,10.0,10.0,16.37093,0.0,16.37093,83.62907,62.858371,0.613913,47.431377
2026-08-11 00:11:47,2098.81,587263,2936,-79.3297,-2338.8671,279.8,676.658325,0.0,1353.362305,2.281452,,4.930288,0.493029,4.1e-05,0.423576,1.0,10.0,2.26672,0.0,2.26672,97.73328,74.804002,0.682667,47.431377
2026-08-11 00:11:49,2100.62,587775,2938,-3065.6337,-2336.5884,279.8,6658.478516,0.0,13317.00293,2.278534,,5.048852,0.504885,4.2e-05,1.247446,10.0,10.0,19.199033,0.0,19.199033,80.800967,60.704405,0.654168,48.524538
2026-08-11 00:11:51,2102.4,588287,2941,-1942.2466,-2317.6349,279.8,3226.172852,0.0,6452.391602,2.287899,,4.723323,0.472332,4.2e-05,1.407278,10.0,10.0,10.803166,0.0,10.803166,89.196834,66.620806,0.81263,48.524538
2026-08-11 00:11:53,2104.21,588799,2944,-3054.1454,-2302.6182,279.8,6502.108398,0.0,13004.261719,2.268826,,6.607958,0.660796,4.2e-05,1.819836,10.0,10.0,20.794668,0.0,20.794668,79.205332,60.204883,0.642237,48.524538
2026-08-11 00:11:54,2105.92,589311,2946,-200.6844,-2267.9639,279.8,978.101013,-0.0,1956.247559,2.275054,,6.99718,0.699718,4.1e-05,0.387935,3.0,6.0,3.009442,0.0,3.009442,96.990558,74.102368,0.599501,48.524538
2026-08-11 00:11:56,2107.76,589823,2949,-3313.3487,-2288.0762,279.8,5481.151855,0.0,10962.349609,2.278038,,7.199956,0.719996,4.1e-05,1.474379,10.0,10.0,16.041646,0.0,16.041646,83.958354,63.094408,0.559984,48.524538
2026-08-11 00:11:58,2109.57,590335,2951,-2672.8411,-2295.5683,279.8,4438.960938,-0.0,8877.967773,2.271663,,9.722348,0.972235,4.3e-05,2.002017,10.0,10.0,14.137691,0.0,14.137691,85.862309,64.87093,0.565342,48.524538
2026-08-11 00:12:00,2111.3,590847,2954,-113.7353,-2264.3385,279.8,1148.470825,-0.0,2296.987061,2.274166,,6.619665,0.661967,4.2e-05,0.19633,1.0,4.0,2.470321,0.0,2.470321,97.529679,74.431381,0.622007,48.524538
2026-08-11 00:12:01,2113.11,591359,2956,-2258.1349,-2255.7586,279.9,3868.982178,0.0,7738.009766,2.274958,,5.451017,0.545102,4.1e-05,1.632252,10.0,10.0,19.129084,0.0,19.129084,80.870916,60.556431,0.671825,48.524538
2026-08-11 00:12:03,2114.94,591871,2959,-4087.2847,-2258.5351,279.9,8871.442383,-0.0,17742.929688,2.273381,,3.729294,0.372929,4e-05,2.169265,10.0,10.0,25.700275,0.0,25.700275,74.299725,55.461841,0.747815,48.524538
2026-08-11 00:12:05,2116.72,592383,2961,-1492.7775,-2254.2744,279.9,4430.328125,-0.0,8860.701172,2.270308,,6.165929,0.616593,4e-05,1.007624,10.0,10.0,14.148388,0.0,14.148388,85.851612,65.016156,0.704929,48.524538
2026-08-11 00:12:07,2118.47,592895,2964,-1169.6225,-2244.3251,279.9,3389.108643,-0.0,6778.262695,2.276719,,6.746246,0.674625,4.1e-05,0.954481,10.0,10.0,7.202017,0.0,7.202017,92.797983,70.272627,0.650935,48.524538
2026-08-11 00:12:09,2120.24,593407,2967,-659.4717,-2206.3987,279.9,514.937439,0.0,1029.920288,2.268981,,9.924655,0.992465,4.1e-05,1.116824,10.0,10.0,5.661965,0.0,5.661965,94.338035,71.23969,0.713604,48.524538
2026-08-11 00:12:10,2122.03,593919,2969,-2379.0163,-2218.9918,279.9,5681.88623,-0.0,11363.817383,2.268818,,8.865383,0.886538,4.2e-05,1.399693,10.0,10.0,13.684142,0.0,13.684142,86.315858,65.249477,0.722322,48.524538
2026-08-11 00:12:12,2123.89,594431,2972,-3499.6842,-2241.8926,279.9,6374.574707,0.0,12749.195312,2.274063,,7.852575,0.785257,4.2e-05,2.201562,10.0,10.0,23.594511,0.0,23.594511,76.405489,56.811846,0.627714,48.524538
2026-08-11 00:12:14,2125.69,594943,2974,-1883.1133,-2228.3894,279.9,4014.58374,0.0,8029.212891,2.263636,,10.302202,1.03022,4e-05,1.834632,10.0,10.0,14.690588,0.0,14.690588,85.309412,65.212675,0.598786,48.524538
2026-08-11 00:12:16,2127.57,595455,2977,-4693.4805,-2258.8993,279.9,9834.058594,0.0,19668.162109,2.256512,,6.254732,0.625473,4.2e-05,2.739117,10.0,10.0,37.092297,0.0,37.092297,62.907703,45.707276,0.657529,48.524538
2026-08-11 00:12:18,2129.4,595967,2979,-2865.333,-2277.3184,279.9,6111.77832,0.0,12223.601562,2.261773,,8.670585,0.867058,4.1e-05,2.114383,10.0,10.0,19.342851,0.0,19.342851,80.657149,61.075761,0.620729,48.524538
2026-08-11 00:12:20,2131.22,596479,2982,-1694.1777,-2282.9238,279.9,1231.698975,0.0,2463.443359,2.268574,,6.119434,0.611943,4e-05,1.666312,10.0,10.0,8.827127,0.0,8.827127,91.172873,68.267218,0.598487,48.524538
2026-08-11 00:12:21,2133.02,596991,2984,-2139.4337,-2304.9614,279.9,2121.293945,0.0,4242.633301,2.267219,,5.331526,0.533153,4.2e-05,2.236461,10.0,10.0,10.720502,0.0,10.720502,89.279498,67.732759,0.663736,48.524538
2026-08-11 00:12:23,2134.84,597503,2987,-2793.8157,-2291.3334,279.9,5123.26416,-0.0,10246.574219,2.272213,,8.525324,0.852532,4.2e-05,1.687077,10.0,10.0,14.930225,0.0,14.930225,85.069775,63.880768,0.619988,48.524538
2026-08-11 00:12:25,2136.62,598015,2990,-2745.0911,-2316.2088,279.9,3784.149902,-0.0,7568.345215,2.27394,,9.505481,0.950548,4e-05,1.151674,10.0,10.0,14.369902,0.0,14.369902,85.630098,64.137366,0.639722,48.524538
2026-08-11 00:12:27,2138.48,598527,2992,-4747.3954,-2338.6426,279.9,10339.678711,-0.0,20679.402344,2.268984,,3.138329,0.313833,4.2e-05,2.49358,10.0,10.0,37.551708,0.0,37.551708,62.448292,46.97424,0.79626,48.524538
2026-08-11 00:12:29,2140.27,599039,2995,-2774.4487,-2345.705,279.9,4913.651367,0.0,9827.348633,2.275699,,5.76279,0.576279,4.3e-05,1.658102,10.0,10.0,13.897857,0.0,13.897857,86.102143,65.573997,0.618408,48.524538
2026-08-11 00:12:30,2142.0,599551,2997,-1038.974,-2319.1132,279.9,1049.070679,-0.0,2098.186768,2.275979,,7.562091,0.756209,4.1e-05,0.739128,10.0,10.0,6.542026,0.0,6.542026,93.457974,71.500343,0.555205,48.524538
2026-08-11 00:12:32,2143.86,600063,3000,-2155.6214,-2317.195,279.9,4516.500977,-0.0,9033.046875,2.261604,,5.885182,0.588518,4.2e-05,2.746737,10.0,10.0,14.917511,0.0,14.917511,85.082489,63.218107,0.704076,49.487867
2026-08-11 00:12:34,2145.69,600575,3002,-2675.5173,-2321.3845,279.9,6657.637695,-0.0,13315.320312,2.268975,,9.420321,0.942032,4.2e-05,1.991765,10.0,10.0,26.407795,0.0,26.407795,73.592205,56.182948,0.565536,49.487867
2026-08-11 00:12:36,2147.5,601087,3005,-1598.1529,-2317.2512,279.9,1279.238403,0.0,2558.522217,2.270048,,5.388757,0.538876,4.1e-05,1.88246,10.0,10.0,8.94675,0.0,8.94675,91.05325,69.078548,0.718157,49.487867
2026-08-11 00:12:38,2149.31,601599,3008,-3631.5182,-2321.7041,279.9,8569.145508,0.0,17138.335938,2.269833,,3.990707,0.399071,4.1e-05,1.775164,10.0,10.0,21.013532,0.0,21.013532,78.986468,59.176591,0.710762,49.487867
2026-08-11 00:12:39,2151.08,602111,3010,-3119.3151,-2314.723,279.9,4692.647461,-0.0,9385.339844,2.269045,,5.534628,0.553463,4.1e-05,1.046607,10.0,10.0,14.955382,0.0,14.955382,85.044618,64.136835,0.660456,49.487867
2026-08-11 00:12:41,2152.89,602623,3013,-2251.8633,-2293.6931,279.9,2923.188477,-0.0,5846.421875,2.255538,,9.517934,0.951793,4e-05,2.18028,10.0,10.0,13.157296,0.0,13.157296,86.842704,65.090569,0.650685,49.487867
2026-08-11 00:12:43,2154.74,603135,3015,-3128.0089,-2308.8183,279.9,6359.044922,0.0,12718.134766,2.269156,,5.816727,0.581673,4.1e-05,2.989502,10.0,10.0,21.462614,0.0,21.462614,78.537386,59.485446,0.608544,49.487867
2026-08-11 00:12:45,2156.52,603647,3018,-2895.6243,-2330.2989,279.9,4227.717773,0.0,8455.480469,2.268394,,4.868326,0.486833,4.2e-05,1.661966,10.0,10.0,13.097644,0.0,13.097644,86.902356,64.949933,0.713064,49.487867
2026-08-11 00:12:47,2158.35,604159,3020,-4396.3672,-2355.3866,279.9,8697.137695,-0.0,17394.320312,2.257451,,7.310411,0.731041,4.1e-05,2.674563,10.0,10.0,23.491231,0.0,23.491231,76.508769,58.185548,0.634698,49.487867
2026-08-11 00:12:48,2160.14,604671,3023,-1471.3375,-2351.1412,279.9,3694.165771,0.0,7388.376953,2.264461,,10.122417,1.012242,4.1e-05,1.583258,10.0,10.0,9.931572,0.0,9.931572,90.068428,68.413032,0.681315,49.487867
2026-08-11 00:12:50,2161.92,605183,3025,202.8611,-2319.2359,279.9,310.120819,-0.0,620.286865,2.259874,,11.588007,1.158801,4.1e-05,1.73381,10.0,10.0,2.920529,0.0,2.920529,97.079471,73.240372,0.657712,49.487867
2026-08-11 00:12:52,2163.64,605695,3028,597.9967,-2296.7098,279.9,437.059845,-0.0,874.165161,2.273173,,8.627867,0.862787,4.1e-05,0.199894,1.0,2.0,0.213378,0.0,0.213378,99.786622,76.407827,0.62988,49.487867
2026-08-11 00:12:54,2165.5,606207,3031,-3365.5188,-2313.7174,279.9,7611.408691,-0.0,15222.862305,2.263006,,5.224023,0.522402,4e-05,2.556962,10.0,10.0,25.228222,0.0,25.228222,74.771778,55.939081,0.642045,49.487867
2026-08-11 00:12:56,2167.21,606719,3033,-1221.3471,-2314.1695,280.0,2879.074463,0.0,5758.194336,2.276254,,5.910205,0.591021,4.1e-05,0.574026,5.0,10.0,6.538429,0.0,6.538429,93.461571,71.355122,0.600974,49.487867
2026-08-11 00:12:57,2168.97,607231,3036,-1364.8103,-2314.1316,280.0,1438.091309,-0.0,2876.228027,2.269885,,8.527087,0.852709,4e-05,0.890894,10.0,10.0,7.954243,0.0,7.954243,92.045757,70.308965,0.655386,49.487867
2026-08-11 00:12:59,2170.71,607743,3038,-1393.6383,-2322.2666,280.0,3251.44458,0.0,6502.93457,2.263779,,14.219499,1.42195,4.2e-05,0.871157,10.0,10.0,9.758532,0.0,9.758532,90.241468,68.709681,0.733308,49.487867
2026-08-11 00:13:01,2172.44,608255,3041,-156.9416,-2299.5945,280.0,1823.672607,-0.0,3647.390625,2.265372,,12.493644,1.249364,4.2e-05,0.494034,2.0,10.0,5.351691,0.0,5.351691,94.648309,71.759293,0.742332,49.487867
2026-08-11 00:13:03,2174.31,608767,3043,-3684.2872,-2314.2717,280.0,7376.446289,0.0,14752.9375,2.260597,,8.455064,0.845506,3.9e-05,2.88955,10.0,10.0,23.956707,0.0,23.956707,76.043293,57.3732,0.71522,49.487867
2026-08-11 00:13:04,2176.12,609279,3046,-3659.9005,-2330.9699,280.0,6654.734375,-0.0,13309.513672,2.268997,,6.449484,0.644948,4.2e-05,1.284115,10.0,10.0,21.430328,0.0,21.430328,78.569672,58.757912,0.606634,49.487867
2026-08-11 00:13:06,2177.99,609791,3048,-4767.3516,-2375.9575,280.0,10392.478516,-0.0,20785.001953,2.262705,,4.636059,0.463606,4e-05,3.334777,10.0,10.0,28.259037,0.0,28.259037,71.740963,53.611659,0.743411,49.487867
2026-08-11 00:13:08,2179.76,610303,3051,-2080.2828,-2368.5628,280.0,2730.947998,-0.0,5461.941406,2.27106,,6.675503,0.66755,4.1e-05,0.931668,10.0,10.0,10.482888,0.0,10.482888,89.517112,67.331702,0.599889,49.487867
2026-08-11 00:13:10,2181.54,610815,3054,-1925.964,-2362.8659,280.0,3411.599121,-0.0,6823.243652,2.270035,,7.043831,0.704383,4.2e-05,1.406438,9.0,10.0,9.71369,0.0,9.71369,90.28631,68.577817,0.635889,49.487867
2026-08-11 00:13:12,2183.34,611327,3056,-3659.3287,-2371.3244,280.0,7084.619629,-0.0,14169.28418,2.262197,,6.187654,0.618765,4e-05,1.117108,10.0,10.0,22.92926,0.0,22.92926,77.07074,58.324526,0.66509,49.487867
2026-08-11 00:13:14,2185.16,611839,3059,-4293.0079,-2396.2134,280.0,8191.510254,0.0,16383.06543,2.252546,,6.380217,0.638022,4.1e-05,1.85419,10.0,10.0,22.984557,0.0,22.984557,77.015443,57.284602,0.769093,49.487867
2026-08-11 00:13:15,2186.94,612351,3061,-3664.5484,-2386.4542,280.0,6072.126465,-0.0,12144.297852,2.263013,,7.665623,0.766562,4.2e-05,1.062888,10.0,10.0,17.025247,0.0,17.025247,82.974753,63.222295,0.672854,49.487867
2026-08-11 00:13:17,2188.67,612863,3064,-174.6617,-2362.7824,280.0,1161.970947,-0.0,2323.987549,2.280211,,8.693748,0.869375,4.1e-05,0.300361,1.0,10.0,3.740439,0.0,3.740439,96.259561,73.524383,0.596464,50.415904
2026-08-11 00:13:19,2190.46,613375,3066,-2651.0102,-2345.6612,280.0,3988.519287,-0.0,7977.083984,2.281558,,6.29545,0.629545,4.2e-05,1.914448,10.0,10.0,13.650243,0.0,13.650243,86.349757,65.607297,0.566389,50.415904
2026-08-11 00:13:21,2192.25,613887,3069,-1052.3413,-2329.6444,280.0,2166.948975,-0.0,4333.943359,2.271386,,7.335087,0.733509,4.2e-05,0.755095,6.0,10.0,6.311074,0.0,6.311074,93.688926,71.3892,0.710964,50.415904
2026-08-11 00:13:22,2194.09,614399,3072,-3033.1921,-2335.5258,280.0,6490.240234,0.0,12980.525391,2.265876,,6.481268,0.648127,4.1e-05,3.215221,10.0,10.0,16.927063,0.0,16.927063,83.072937,62.166022,0.711184,50.415904
2026-08-11 00:13:24,2195.87,614911,3074,-1754.608,-2343.1293,280.0,3687.476807,0.0,7374.999023,2.272503,,6.567807,0.656781,4.1e-05,1.356444,10.0,10.0,9.438071,0.0,9.438071,90.561929,68.495372,0.586752,50.415904
2026-08-11 00:13:26,2197.64,615423,3077,-1002.6623,-2334.6312,280.0,523.50531,-0.0,1047.056152,2.274405,,5.180165,0.518017,4.2e-05,1.547862,10.0,10.0,5.650456,0.0,5.650456,94.349544,71.699822,0.607576,50.415904
2026-08-11 00:13:28,2199.42,615935,3079,-2182.8495,-2338.3646,280.0,2041.328003,0.0,4082.701172,2.264267,,5.528796,0.55288,4.2e-05,1.910218,10.0,10.0,10.434272,0.0,10.434272,89.565728,67.901673,0.701955,50.415904
2026-08-11 00:13:30,2201.22,616447,3082,-3882.1977,-2336.3092,280.0,8048.13916,-0.0,16096.324219,2.277922,,5.573919,0.557392,4.2e-05,1.271356,10.0,10.0,21.572525,0.0,21.572525,78.427475,59.090927,0.608001,50.415904
2026-08-11 00:13:31,2203.0,616959,3084,-1181.6243,-2337.487,280.1,2316.426025,-0.0,4632.897461,2.28064,,5.000524,0.500052,4.2e-05,1.385309,10.0,10.0,6.311618,0.0,6.311618,93.688382,71.205667,0.6562,50.415904
2026-08-11 00:13:33,2204.77,617471,3087,-3368.0896,-2356.0545,280.1,5766.3125,-0.0,11532.670898,2.278216,,4.64351,0.464351,4.2e-05,1.289301,10.0,10.0,17.974902,0.0,17.974902,82.025098,62.077277,0.663384,50.415904
2026-08-11 00:13:35,2206.5,617983,3089,-2743.1223,-2348.5591,280.1,6451.253418,-0.0,12902.552734,2.272146,,6.616975,0.661698,4.3e-05,0.372339,2.0,10.0,17.787452,0.0,17.787452,82.212548,62.693096,0.52518,50.415904
2026-08-11 00:13:37,2208.26,618495,3092,-406.345,-2332.1427,280.1,836.242371,-0.0,1672.530029,2.267064,,9.43291,0.943291,4.2e-05,1.17282,10.0,10.0,4.731935,0.0,4.731935,95.268065,71.631391,0.560025,50.415904
2026-08-11 00:13:38,2210.06,619007,3095,-2260.3094,-2308.3652,280.1,5102.8125,0.0,10205.669922,2.264434,,7.354358,0.735436,4.2e-05,2.008324,10.0,10.0,18.910786,0.0,18.910786,81.089214,60.603649,0.627792,50.415904
2026-08-11 00:13:40,2211.83,619519,3097,-1876.6783,-2306.2938,280.1,4601.898438,0.0,9203.841797,2.267636,,7.890442,0.789044,4.1e-05,1.779236,10.0,10.0,10.750047,0.0,10.750047,89.249953,66.882838,0.676024,50.415904
2026-08-11 00:13:42,2213.65,620031,3100,-4082.055,-2307.6376,280.1,8624.172852,0.0,17248.390625,2.268149,,5.924957,0.592496,4.2e-05,2.185516,10.0,10.0,27.237549,0.0,27.237549,72.762451,53.860019,0.635128,50.415904
2026-08-11 00:13:44,2215.47,620543,3102,-2057.8886,-2308.1507,280.1,2453.568604,0.0,4907.182617,2.265528,,5.003651,0.500365,4.1e-05,2.898316,10.0,10.0,10.271177,0.0,10.271177,89.728823,67.766787,0.688368,50.415904
2026-08-11 00:13:46,2217.27,621055,3105,-2401.584,-2318.3367,280.1,5014.800293,0.0,10029.645508,2.266736,,3.249877,0.324988,4.1e-05,0.575948,5.0,10.0,25.847253,0.0,25.847253,74.152747,55.142384,0.793039,50.415904
2026-08-11 00:13:47,2219.11,621567,3107,-4557.2601,-2345.1395,280.1,9365.206055,-0.0,18730.457031,2.272654,,4.118078,0.411808,4e-05,1.489341,10.0,10.0,32.586927,0.0,32.586927,67.413073,50.659126,0.770033,50.415904
2026-08-11 00:13:49,2220.87,622079,3110,-3748.5728,-2374.0485,280.1,6223.244629,0.0,12446.535156,2.275505,,9.410698,0.94107,4.2e-05,1.535897,10.0,10.0,19.114766,0.0,19.114766,80.885234,60.439985,0.642884,50.415904
2026-08-11 00:13:51,2222.7,622591,3112,-3367.9161,-2380.7894,280.1,5259.5,-0.0,10519.044922,2.2631,,8.128358,0.812836,4.2e-05,2.3289,10.0,10.0,16.643748,0.0,16.643748,83.356252,62.875097,0.704213,50.415904
2026-08-11 00:13:53,2224.51,623103,3115,-1270.2478,-2354.2621,280.1,1301.490601,0.0,2603.026611,2.266942,,9.696478,0.969648,4.2e-05,2.382273,10.0,10.0,8.549942,0.0,8.549942,91.450058,69.090258,0.602224,50.415904
2026-08-11 00:13:55,2226.28,623615,3118,-2537.5032,-2352.0554,280.1,2933.679443,-0.0,5867.404297,2.269711,,8.2391,0.82391,4.1e-05,1.594807,10.0,10.0,12.485409,0.0,12.485409,87.514591,65.65723,0.604901,50.415904
2026-08-11 00:13:56,2228.12,624127,3120,-2289.1907,-2354.0639,280.1,4135.904297,-0.0,8271.854492,2.273208,,6.077025,0.607702,4.3e-05,3.257921,10.0,10.0,12.018138,0.0,12.018138,87.981862,66.406678,0.704431,50.415904
2026-08-11 00:13:58,2229.86,624639,3123,-808.7527,-2326.9713,280.1,530.310425,-0.0,1060.666382,2.276031,,5.739002,0.5739,4.1e-05,1.248635,10.0,10.0,5.314889,0.0,5.314889,94.685111,71.641418,0.684598,50.415904
2026-08-11 00:14:00,2231.68,625151,3125,-3842.1001,-2355.6557,280.1,7239.186035,0.0,14478.416992,2.247172,,7.663712,0.766371,4.1e-05,1.331331,10.0,10.0,23.435591,0.0,23.435591,76.564409,57.922701,0.648831,51.190972
2026-08-11 00:14:02,2233.49,625663,3128,-3660.7393,-2375.6836,280.1,6328.157715,-0.0,12656.360352,2.256129,,7.546253,0.754625,4.3e-05,1.689073,10.0,10.0,26.649181,0.0,26.649181,73.350819,54.845742,0.612056,51.190972
2026-08-11 00:14:04,2235.29,626175,3130,-2802.9935,-2401.2423,280.1,6368.321289,-0.0,12736.6875,2.269922,,5.760526,0.576053,4.1e-05,1.698727,10.0,10.0,15.882972,0.0,15.882972,84.117028,63.829972,0.589299,51.190972
2026-08-11 00:14:05,2237.13,626687,3133,-2805.1113,-2410.8982,280.1,5411.0,-0.0,10822.045898,2.281028,,3.766587,0.376659,4e-05,2.533993,10.0,10.0,14.889474,0.0,14.889474,85.110526,63.308467,0.701695,51.190972
2026-08-11 00:14:07,2238.99,627199,3136,-3204.5488,-2440.3535,280.1,6076.65625,0.0,12153.358398,2.281942,,4.182723,0.418272,4e-05,2.823902,10.0,10.0,21.036474,0.0,21.036474,78.963526,59.290924,0.718478,51.190972
2026-08-11 00:14:09,2240.92,627711,3138,-4620.6904,-2454.9337,280.1,10130.614258,0.0,20261.273438,2.263328,,4.406687,0.440669,4e-05,3.275929,10.0,10.0,47.029448,0.0,47.029448,52.970552,37.82615,0.676409,51.190972
2026-08-11 00:14:11,2242.73,628223,3141,-3609.0505,-2466.3924,280.1,6534.489258,0.0,13069.024414,2.271118,,6.562208,0.656221,4.2e-05,1.780044,10.0,10.0,18.075302,0.0,18.075302,81.924698,62.094971,0.594612,51.190972
2026-08-11 00:14:13,2244.49,628735,3143,-1553.5209,-2461.7041,280.1,4406.341797,0.0,8812.728516,2.268244,,6.201908,0.620191,4.1e-05,0.651749,5.0,10.0,10.178753,0.0,10.178753,89.821247,68.502653,0.649454,51.190972
2026-08-11 00:14:15,2246.24,629247,3146,-1132.5339,-2462.0081,280.1,1145.164673,-0.0,2290.375,2.281767,,7.195768,0.719577,4.2e-05,1.051598,10.0,10.0,6.421743,0.0,6.421743,93.578257,70.589115,0.661097,51.190972
2026-08-11 00:14:16,2248.04,629759,3148,-2024.7237,-2447.4646,280.1,4359.693359,0.0,8719.432617,2.272445,,6.727909,0.672791,4e-05,2.21004,10.0,10.0,14.674293,0.0,14.674293,85.325707,64.320063,0.63768,51.190972
2026-08-11 00:14:18,2249.82,630271,3151,-2038.7318,-2424.2691,280.1,2877.431396,-0.0,5754.908203,2.270782,,8.139831,0.813983,4.2e-05,1.746985,10.0,10.0,10.747835,0.0,10.747835,89.252165,66.96421,0.636902,51.190972
2026-08-11 00:14:20,2251.63,630783,3153,-4311.2397,-2424.0498,280.1,8844.726562,0.0,17689.498047,2.270831,,8.345893,0.834589,4.1e-05,1.817391,10.0,10.0,28.919343,0.0,28.919343,71.080657,53.084858,0.531983,51.190972
2026-08-11 00:14:22,2253.42,631295,3156,-2265.6585,-2410.1983,280.1,4706.261719,-0.0,9412.568359,2.26876,,7.966541,0.796654,4.1e-05,0.734762,10.0,10.0,16.280913,0.0,16.280913,83.719087,62.997774,0.654963,51.190972
2026-08-11 00:14:24,2255.18,631807,3159,-502.0981,-2369.731,280.2,2381.054932,-0.0,4762.155273,2.263994,,8.330902,0.83309,4.1e-05,0.918489,10.0,10.0,10.343707,0.0,10.343707,89.656293,68.55571,0.728486,51.190972
2026-08-11 00:14:25,2256.98,632319,3161,-2247.9933,-2366.1923,280.2,5268.716797,-0.0,10537.478516,2.266657,,7.340479,0.734048,4.2e-05,1.589081,10.0,10.0,16.757973,0.0,16.757973,83.242027,62.862724,0.643779,51.190972
2026-08-11 00:14:27,2258.82,632831,3164,-4409.6495,-2376.8794,280.2,9133.755859,0.0,18267.556641,2.259379,,6.812755,0.681275,4.3e-05,2.153003,10.0,10.0,29.571827,0.0,29.571827,70.428173,52.13326,0.641093,51.190972
2026-08-11 00:14:29,2260.6,633343,3166,-1848.7525,-2383.3521,280.2,2615.9729,0.0,5231.991211,2.27459,,9.364186,0.936419,4e-05,1.386358,10.0,10.0,10.038052,0.0,10.038052,89.961948,68.724576,0.670585,51.190972
2026-08-11 00:14:31,2262.37,633855,3169,-985.9496,-2384.4568,280.2,2251.736816,-0.0,4503.519043,2.273343,,6.140704,0.61407,4.1e-05,1.207558,10.0,10.0,5.84083,0.0,5.84083,94.15917,71.781652,0.648912,51.190972
2026-08-11 00:14:33,2264.18,634367,3171,-3332.0436,-2381.5642,280.2,7779.39209,0.0,15558.829102,2.269354,,4.081698,0.40817,4.1e-05,1.28685,10.0,10.0,25.486355,0.0,25.486355,74.513645,55.66834,0.657183,51.190972
2026-08-11 00:14:34,2266.04,634879,3174,-3122.5988,-2415.6115,280.2,5764.831055,0.0,11529.707031,2.264546,,7.157731,0.715773,4.2e-05,3.196272,10.0,10.0,22.942107,0.0,22.942107,77.057893,56.576755,0.621398,51.190972
2026-08-11 00:14:36,2267.85,635391,3176,-2732.8759,-2403.8787,280.2,6361.665039,0.0,12723.375,2.267154,,5.763516,0.576352,4e-05,1.622538,10.0,10.0,21.128907,0.0,21.128907,78.871093,60.080007,0.625794,51.190972
2026-08-11 00:14:38,2269.72,635903,3179,-1991.4666,-2400.7432,280.2,2364.284912,-0.0,4728.615234,2.264358,,4.187496,0.41875,4.1e-05,3.552521,10.0,10.0,9.79301,0.0,9.79301,90.20699,67.231177,0.746197,51.190972
2026-08-11 00:14:40,2271.5,636415,3182,-2047.3733,-2411.0044,280.2,4653.450195,-0.0,9306.945312,2.268746,,6.967453,0.696745,4.2e-05,1.051736,10.0,10.0,13.992047,0.0,13.992047,86.007953,65.282315,0.652069,51.190972
2026-08-11 00:14:42,2273.33,636927,3184,-2892.4521,-2426.2488,280.2,4404.12207,0.0,8808.289062,2.263254,,6.805195,0.680519,4.1e-05,1.857479,10.0,10.0,15.170228,0.0,15.170228,84.829772,64.444248,0.556093,51.190972
2026-08-11 00:14:44,2275.2,637439,3187,-2639.8589,-2437.0628,280.2,5782.600586,-0.0,11565.246094,2.268604,,4.722113,0.472211,4e-05,0.924172,10.0,10.0,23.62216,0.0,23.62216,76.37784,57.126882,0.709053,51.190972
2026-08-11 00:14:45,2276.98,637951,3189,-2721.1437,-2431.5918,280.2,6248.393555,-0.0,12496.832031,2.270151,,5.636034,0.563603,4.1e-05,1.549935,10.0,10.0,14.573228,0.0,14.573228,85.426772,64.859664,0.682646,52.55165
2026-08-11 00:14:47,2278.79,638463,3192,-2328.7072,-2454.0855,280.2,5092.398926,-0.0,10184.84375,2.270686,,6.818271,0.681827,4.1e-05,1.627488,10.0,10.0,15.115464,0.0,15.115464,84.884536,63.312109,0.66261,52.55165
2026-08-11 00:14:49,2280.56,638975,3194,-3049.728,-2453.9265,280.2,4222.484375,-0.0,8445.013672,2.265033,,8.263611,0.826361,4.1e-05,1.27477,10.0,10.0,13.908454,0.0,13.908454,86.091546,65.301889,0.672718,52.55165
2026-08-11 00:14:51,2282.4,639487,3197,-4003.901,-2474.543,280.2,7361.064453,0.0,14722.173828,2.253965,,7.129311,0.712931,4e-05,1.535051,10.0,10.0,29.394615,0.0,29.394615,70.605385,52.132399,0.631686,52.55165
2026-08-11 00:14:53,2284.22,639999,3200,-2823.3617,-2472.2352,280.2,6466.669434,-0.0,12933.384766,2.27208,,4.936896,0.49369,4.2e-05,1.428922,10.0,10.0,16.25799,0.0,16.25799,83.74201,63.130097,0.765082,52.55165
2026-08-11 00:14:54,2286.04,640511,3202,-4198.0759,-2512.2091,280.2,8407.600586,0.0,16815.246094,2.25937,,7.155455,0.715546,4.2e-05,1.844651,10.0,10.0,22.788353,0.0,22.788353,77.211647,57.850805,0.529403,52.55165
2026-08-11 00:14:56,2287.84,641023,3205,-319.9825,-2482.2754,280.2,974.861328,-0.0,1949.767944,2.265135,,9.38027,0.938027,4e-05,1.683385,10.0,10.0,3.993879,0.0,3.993879,96.006121,72.365786,0.662933,52.55165
2026-08-11 00:14:58,2289.67,641535,3207,-3370.1843,-2489.2489,280.2,5835.738281,0.0,11671.521484,2.257506,,6.698184,0.669818,4.1e-05,2.772236,10.0,10.0,15.86201,0.0,15.86201,84.13799,62.841088,0.648861,52.55165
2026-08-11 00:15:00,2291.43,642047,3210,-1259.5984,-2500.7075,280.2,1912.148071,-0.0,3824.341553,2.276414,,6.688161,0.668816,4.1e-05,0.566961,2.0,10.0,6.541547,0.0,6.541547,93.458453,70.577441,0.679201,52.55165
2026-08-11 00:15:02,2293.21,642559,3212,-1247.1212,-2490.5974,280.2,1181.173828,0.0,2362.393066,2.271205,,8.27018,0.827018,4.2e-05,1.907898,10.0,10.0,7.255518,0.0,7.255518,92.744482,70.231479,0.609235,52.55165
2026-08-11 00:15:03,2295.11,643071,3215,-4461.0253,-2494.3348,280.2,9265.686523,-0.0,18531.417969,2.25751,,4.59778,0.459778,4.1e-05,3.745004,10.0,10.0,35.205275,0.0,35.205275,64.794725,47.08974,0.739497,52.55165
2026-08-11 00:15:05,2296.94,643583,3217,-3385.9208,-2513.2662,280.2,5953.283691,0.0,11906.612305,2.264835,,8.567582,0.856758,4.2e-05,2.666077,10.0,10.0,18.976059,0.0,18.976059,81.023941,60.7396,0.725569,52.55165
2026-08-11 00:15:07,2298.75,644095,3220,-2994.1818,-2531.5118,280.2,4336.493652,0.0,8673.032227,2.26468,,7.279463,0.727946,4.1e-05,2.254734,10.0,10.0,14.382955,0.0,14.382955,85.617045,64.358989,0.619723,52.55165
2026-08-11 00:15:09,2300.55,644607,3223,-3039.767,-2555.3148,280.2,5030.39209,-0.0,10060.830078,2.271694,,6.784974,0.678497,4.2e-05,1.77051,10.0,10.0,14.421754,0.0,14.421754,85.578246,64.81025,0.652663,52.55165
2026-08-11 00:15:11,2302.26,645119,3225,268.6298,-2528.8383,280.2,439.283997,-0.0,878.613525,2.27662,,7.880969,0.788097,4.2e-05,0.533299,5.0,10.0,1.291799,0.0,1.291799,98.708201,75.345367,0.653488,52.55165
2026-08-11 00:15:12,2304.12,645631,3228,-2617.9024,-2520.0205,280.2,4584.878906,-0.0,9169.803711,2.271995,,5.582959,0.558296,4.2e-05,3.413229,10.0,10.0,17.827665,0.0,17.827665,82.172335,60.914734,0.719881,52.55165
2026-08-11 00:15:14,2305.97,646143,3230,-3542.9311,-2536.6187,280.2,6683.315918,-0.0,13366.676758,2.267506,,5.131712,0.513171,4.1e-05,2.121232,10.0,10.0,29.71351,0.0,29.71351,70.28649,53.119185,0.707931,52.55165
2026-08-11 00:15:16,2307.79,646655,3233,-3104.5519,-2520.7294,280.2,4997.276367,-0.0,9994.598633,2.271034,,4.448731,0.444873,4.3e-05,1.852291,10.0,10.0,14.323549,0.0,14.323549,85.676451,64.360966,0.716962,52.55165
2026-08-11 00:15:18,2309.58,647167,3235,-1913.0244,-2511.2063,280.2,4251.786133,0.0,8503.618164,2.272102,,5.721295,0.572129,4.3e-05,1.705882,10.0,10.0,10.075626,0.0,10.075626,89.924374,68.532867,0.62988,52.55165
2026-08-11 00:15:20,2311.29,647679,3238,127.8765,-2492.9857,280.2,953.441528,0.0,1906.928711,2.280249,,9.109597,0.91096,4.2e-05,0.151641,1.0,2.0,2.018097,0.0,2.018097,97.981903,75.375723,0.625011,52.55165
2026-08-11 00:15:21,2313.06,648191,3240,-3968.3153,-2511.2746,280.2,7334.248047,-0.0,14668.541016,2.269185,,9.191484,0.919148,4e-05,0.962523,10.0,10.0,18.725865,0.0,18.725865,81.274135,61.7698,0.551897,52.55165
2026-08-11 00:15:23,2314.88,648703,3243,-4224.2783,-2525.5792,280.2,8662.405273,-0.0,17324.855469,2.275052,,6.299265,0.629927,4.1e-05,2.43648,10.0,10.0,21.244926,0.0,21.244926,78.755074,58.741712,0.711629,52.55165
2026-08-11 00:15:25,2316.66,649215,3246,-4164.2956,-2539.7712,280.2,8283.380859,-0.0,16566.806641,2.278829,,7.052472,0.705247,4.1e-05,0.847341,10.0,10.0,20.932108,0.0,20.932108,79.067892,59.71081,0.609427,52.55165
2026-08-11 00:15:27,2318.53,649727,3248,-3134.068,-2523.6379,280.2,5015.94043,-0.0,10031.926758,2.278217,,8.730758,0.873076,4.2e-05,3.403369,10.0,10.0,15.899484,0.0,15.899484,84.100516,63.190306,0.703325,52.55165
2026-08-11 00:15:29,2320.31,650239,3251,-2080.4512,-2516.698,280.2,4372.851074,-0.0,8745.748047,2.279531,,7.556877,0.755688,4.1e-05,1.313201,10.0,10.0,10.815707,0.0,10.815707,89.184293,68.133023,0.722792,53.561685
2026-08-11 00:15:30,2322.07,650751,3253,-1612.8596,-2522.4368,280.2,2414.951904,0.0,4829.949219,2.278875,,8.986579,0.898658,4.2e-05,0.852445,10.0,10.0,8.43933,0.0,8.43933,91.56067,69.86262,0.678497,53.561685
2026-08-11 00:15:32,2323.9,651263,3256,-3964.1543,-2540.5222,280.2,8436.198242,0.0,16872.441406,2.273451,,9.325665,0.932566,4.1e-05,2.026213,10.0,10.0,21.53809,0.0,21.53809,78.46191,57.783177,0.611156,53.561685
2026-08-11 00:15:34,2325.77,651775,3258,-4735.8643,-2561.1256,280.2,10108.736328,-0.0,20217.517578,2.269314,,8.263035,0.826304,4e-05,2.976786,10.0,10.0,34.379898,0.0,34.379898,65.620102,48.725421,0.574517,53.561685
2026-08-11 00:15:36,2327.56,652287,3261,-1099.2507,-2556.1366,280.2,1901.035156,0.0,3802.115723,2.276573,,8.647617,0.864762,4.3e-05,1.563477,10.0,10.0,7.0882,0.0,7.0882,92.9118,69.905015,0.553265,53.561685
2026-08-11 00:15:38,2329.3,652799,3264,-785.6826,-2527.6783,280.3,2284.757812,0.0,4569.561035,2.278222,,7.35032,0.735032,4.2e-05,1.082398,10.0,10.0,5.688768,0.0,5.688768,94.311232,71.729969,0.612707,53.561685
2026-08-11 00:15:39,2331.07,653311,3266,-3523.9713,-2531.7248,280.3,6066.099609,-0.0,12132.245117,2.27128,,6.900224,0.690022,4.1e-05,1.258067,10.0,10.0,15.746519,0.0,15.746519,84.253481,63.303226,0.659902,53.561685
2026-08-11 00:15:41,2332.86,653823,3269,-1716.2928,-2526.3691,280.3,1568.508301,-0.0,3137.062256,2.278002,,6.737753,0.673775,4e-05,1.606184,10.0,10.0,9.32009,0.0,9.32009,90.67991,67.230817,0.654784,53.561685
2026-08-11 00:15:43,2334.71,654335,3271,-3389.1987,-2528.981,280.3,5569.905762,0.0,11139.857422,2.272715,,6.96082,0.696082,4.1e-05,1.399472,10.0,10.0,30.991409,0.0,30.991409,69.008591,52.524817,0.566427,53.561685
2026-08-11 00:15:45,2336.59,654847,3274,-3531.1298,-2535.3361,280.3,5923.785645,-0.0,11847.617188,2.275421,,7.314521,0.731452,3.9e-05,2.897828,10.0,10.0,16.066848,0.0,16.066848,83.933152,62.596651,0.676284,53.561685
2026-08-11 00:15:47,2338.4,655359,3276,-3082.5925,-2522.1983,280.3,6742.255371,0.0,13484.556641,2.273984,,6.486723,0.648672,4.1e-05,1.642466,10.0,10.0,17.491174,0.0,17.491174,82.508826,62.536876,0.670038,53.561685
2026-08-11 00:15:49,2340.19,655871,3279,-1501.5191,-2522.5001,280.3,4562.158203,-0.0,9124.362305,2.279068,,8.341151,0.834115,4.1e-05,0.732319,10.0,10.0,17.996771,0.0,17.996771,82.003229,62.056826,0.628301,53.561685
2026-08-11 00:15:50,2342.02,656383,3281,-2917.3684,-2553.7024,280.3,6317.731934,-0.0,12635.509766,2.272716,,5.372073,0.537207,4.1e-05,2.405731,10.0,10.0,14.876038,0.0,14.876038,85.123962,64.337755,0.661487,53.561685
2026-08-11 00:15:52,2343.92,656895,3284,-4288.8148,-2602.5705,280.3,8616.016602,-0.0,17232.078125,2.272274,,4.851129,0.485113,4e-05,4.016634,10.0,10.0,21.373082,0.0,21.373082,78.626918,57.768559,0.635748,53.561685
2026-08-11 00:15:54,2345.7,657407,3287,-1414.6716,-2583.0621,280.3,2729.155762,0.0,5458.357422,2.285502,,7.409803,0.74098,4.2e-05,1.778787,10.0,10.0,9.718396,0.0,9.718396,90.281604,68.848125,0.627367,53.561685
2026-08-11 00:15:56,2347.48,657919,3289,-1547.9612,-2586.3282,280.3,4421.245605,-0.0,8842.537109,2.281881,,5.449606,0.544961,4.1e-05,1.198085,10.0,10.0,10.447897,0.0,10.447897,89.552103,67.8271,0.753006,53.561685
2026-08-11 00:15:58,2349.24,658431,3292,-1152.7033,-2584.2071,280.3,2628.487061,-0.0,5257.019531,2.282616,,5.62437,0.562437,4.2e-05,1.15769,10.0,10.0,5.97297,0.0,5.97297,94.02703,71.144515,0.661741,53.561685
2026-08-11 00:15:59,2351.05,658943,3294,-3171.711,-2601.9879,280.3,6934.393066,-0.0,13868.832031,2.284482,,2.337084,0.233708,4.1e-05,2.34286,10.0,10.0,20.879085,0.0,20.879085,79.120915,58.922903,0.937975,53.561685
2026-08-11 00:16:01,2352.79,659455,3297,-634.4746,-2606.7632,280.3,1605.301636,0.0,3210.648926,2.28386,,5.541252,0.554125,4.2e-05,0.431043,1.0,10.0,5.962084,0.0,5.962084,94.037916,71.322723,0.695641,53.561685
2026-08-11 00:16:03,2354.65,659967,3299,-1829.0809,-2588.2111,280.3,3858.641846,0.0,7717.329102,2.278306,,9.567529,0.956753,4.1e-05,1.755018,10.0,10.0,15.104695,0.0,15.104695,84.895305,64.954669,0.629805,53.561685
2026-08-11 00:16:05,2356.46,660479,3302,-2114.8589,-2572.7607,280.3,5425.198242,0.0,10850.441406,2.2673,,7.248219,0.724822,4e-05,2.445445,10.0,10.0,14.658012,0.0,14.658012,85.341988,64.205192,0.718062,53.561685
2026-08-11 00:16:07,2358.24,660991,3304,-3009.549,-2555.1827,280.3,5120.078613,-0.0,10240.203125,2.279916,,8.515686,0.851569,4.2e-05,1.733896,10.0,10.0,15.324091,0.0,15.324091,84.675909,64.530691,0.697281,53.561685
2026-08-11 00:16:08,2360.09,661503,3307,-3854.066,-2572.9205,280.3,8358.079102,-0.0,16716.203125,2.26841,,5.752972,0.575297,4.1e-05,3.170648,10.0,10.0,25.118212,0.0,25.118212,74.881788,55.463994,0.720728,53.561685
2026-08-11 00:16:10,2361.85,662015,3310,-660.2988,-2560.2639,280.3,1173.624634,0.0,2347.294922,2.278795,,9.759853,0.975985,4.2e-05,1.337175,10.0,10.0,5.286444,0.0,5.286444,94.713556,71.877636,0.69636,53.561685
2026-08-11 00:16:12,2363.66,662527,3312,-3028.2828,-2553.9534,280.3,6223.791992,-0.0,12447.629883,2.275006,,6.993665,0.699366,4.2e-05,1.765402,10.0,10.0,19.762566,0.0,19.762566,80.237434,59.778394,0.580749,54.460332
2026-08-11 00:16:14,2365.43,663039,3315,-2154.6461,-2532.5698,280.3,4121.266113,0.0,8242.578125,2.277414,,6.68545,0.668545,4.2e-05,1.059791,10.0,10.0,10.154324,0.0,10.154324,89.845676,67.760276,0.628625,54.460332
2026-08-11 00:16:16,2367.21,663551,3317,-2744.7862,-2523.3722,280.3,5169.253906,0.0,10338.553711,2.279776,,6.925927,0.692593,4.1e-05,2.03973,10.0,10.0,14.540469,0.0,14.540469,85.459531,64.713537,0.629629,54.460332
2026-08-11 00:16:17,2368.98,664063,3320,-2413.6667,-2545.7622,280.3,5221.783691,-0.0,10443.613281,2.287828,,7.016464,0.701646,4.2e-05,0.785494,10.0,10.0,14.346997,0.0,14.346997,85.653003,64.527618,0.590148,54.460332
2026-08-11 00:16:19,2370.76,664575,3322,-2891.2876,-2548.165,280.3,5363.004883,0.0,10726.054688,2.269191,,6.264452,0.626445,4e-05,1.929009,10.0,10.0,14.740864,0.0,14.740864,85.259136,64.013797,0.604293,54.460332
2026-08-11 00:16:21,2372.51,665087,3325,-1524.74,-2552.889,280.3,1607.738647,0.0,3215.522949,2.287463,,7.562851,0.756285,4.2e-05,1.043446,10.0,10.0,7.641516,0.0,7.641516,92.358484,70.378884,0.543662,54.460332
2026-08-11 00:16:23,2374.3,665599,3328,-1738.0917,-2539.938,280.3,4440.621094,-0.0,8881.288086,2.279242,,7.810786,0.781079,4.1e-05,1.570046,10.0,10.0,16.579951,0.0,16.579951,83.420049,63.105493,0.660017,54.460332
2026-08-11 00:16:24,2376.03,666111,3330,-2581.5143,-2548.207,280.3,4318.377441,-0.0,8636.800781,2.28521,,5.710718,0.571072,4e-05,1.246404,10.0,10.0,11.282242,0.0,11.282242,88.717758,67.297702,0.77333,54.460332
2026-08-11 00:16:26,2377.8,666623,3333,-2609.0234,-2564.2707,280.4,5232.498047,0.0,10465.041016,2.266084,,9.01455,0.901455,4e-05,1.469467,10.0,10.0,16.124982,0.0,16.124982,83.875018,62.744594,0.614739,54.460332
2026-08-11 00:16:28,2379.54,667135,3335,-596.0221,-2548.4024,280.4,922.40271,-0.0,1844.851074,2.283508,,10.504578,1.050458,4.1e-05,0.955142,10.0,10.0,5.165266,0.0,5.165266,94.834734,72.389758,0.603653,54.460332
2026-08-11 00:16:30,2381.25,667647,3338,459.14,-2504.989,280.4,339.345917,-0.0,678.737549,2.284963,,7.941049,0.794105,4.1e-05,0.687483,6.0,10.0,0.605732,0.0,0.605732,99.394268,75.163084,0.583505,54.460332
2026-08-11 00:16:31,2383.09,668159,3340,-3699.1765,-2530.1645,280.4,7480.053711,0.0,14960.152344,2.264701,,7.367611,0.736761,4e-05,2.808594,10.0,10.0,20.754914,0.0,20.754914,79.245086,59.210813,0.552448,54.460332
2026-08-11 00:16:33,2384.95,668671,3343,-2596.3219,-2522.4469,280.4,5611.756348,0.0,11223.558594,2.273742,,5.239294,0.523929,4.3e-05,3.043799,10.0,10.0,21.027549,0.0,21.027549,78.972451,58.630458,0.778228,54.460332
2026-08-11 00:16:35,2386.76,669183,3345,-3592.7354,-2530.943,280.4,6347.05127,0.0,12694.148438,2.276281,,5.388746,0.538875,4.1e-05,1.806837,10.0,10.0,15.570262,0.0,15.570262,84.429738,63.442737,0.649211,54.460332
2026-08-11 00:16:37,2388.54,669695,3348,-4636.1138,-2573.2407,280.4,9711.139648,-0.0,19422.324219,2.28552,,4.306693,0.430669,4.1e-05,1.069626,10.0,10.0,21.786144,0.0,21.786144,78.213856,58.230525,0.693358,54.460332
2026-08-11 00:16:39,2390.31,670207,3351,-2671.5251,-2577.3528,280.4,6259.959473,0.0,12519.964844,2.276909,,6.648691,0.664869,4.1e-05,0.99946,10.0,10.0,14.409934,0.0,14.409934,85.590066,64.965558,0.575246,54.460332
2026-08-11 00:16:40,2392.1,670719,3353,-3151.622,-2590.1023,280.4,6346.604492,-0.0,12693.254883,2.275185,,5.803114,0.580311,4.2e-05,1.23857,10.0,10.0,15.117208,0.0,15.117208,84.882792,64.396494,0.619399,54.460332
2026-08-11 00:16:42,2394.02,671231,3356,-3752.0186,-2586.8019,280.4,8582.301758,-0.0,17164.648438,2.257046,,4.741016,0.474102,4e-05,3.683121,10.0,10.0,37.63131,0.0,37.63131,62.36869,45.279509,0.583135,54.460332
2026-08-11 00:16:44,2395.83,671743,3358,-3073.7206,-2596.9602,280.4,5566.491699,-0.0,11133.02832,2.263711,,11.3938,1.13938,4.1e-05,1.818848,10.0,10.0,16.372615,0.0,16.372615,83.627385,63.759119,0.60495,54.460332
2026-08-11 00:16:46,2397.63,672255,3361,-2513.7181,-2598.0816,280.4,5712.759277,-0.0,11425.564453,2.271961,,8.833272,0.883327,4.1e-05,1.401606,10.0,10.0,18.644408,0.0,18.644408,81.355592,61.471954,0.645503,54.460332
2026-08-11 00:16:48,2399.51,672767,3363,-4802.0336,-2600.5293,280.4,10409.694336,-0.0,20819.433594,2.258248,,6.61551,0.661551,4.1e-05,3.955497,10.0,10.0,28.089814,0.0,28.089814,71.910186,53.280423,0.674995,54.460332
2026-08-11 00:16:50,2401.36,673279,3366,-3839.8654,-2601.4422,280.4,8362.158203,-0.0,16724.361328,2.274323,,7.969779,0.796978,4e-05,2.541032,10.0,10.0,20.280502,0.0,20.280502,79.719498,59.583066,0.709591,54.460332
2026-08-11 00:16:51,2403.15,673791,3368,-1288.358,-2580.6466,280.4,4401.80127,-0.0,8803.647461,2.2696,,8.286727,0.828673,4.2e-05,0.575077,2.0,10.0,17.007006,0.0,17.007006,82.992994,63.126408,0.664837,54.460332
2026-08-11 00:16:53,2404.98,674303,3371,-2475.1653,-2592.6958,280.4,6147.213867,-0.0,12294.472656,2.268204,,6.933178,0.693318,4e-05,2.377522,10.0,10.0,19.067574,0.0,19.067574,80.932426,59.635884,0.76987,54.460332
2026-08-11 00:16:55,2406.8,674815,3374,-3305.7674,-2600.3785,280.4,5965.971191,-0.0,11931.988281,2.274215,,5.073612,0.507361,4.1e-05,2.583007,10.0,10.0,16.342389,0.0,16.342389,83.657611,61.883043,0.644864,54.460332
2026-08-11 00:16:57,2408.72,675327,3376,-4830.6967,-2625.7935,280.4,10475.314453,-0.0,20950.673828,2.264466,,3.386044,0.338604,4.1e-05,3.9295,10.0,10.0,33.807767,0.0,33.807767,66.192233,48.684534,0.761629,55.593497
2026-08-11 00:16:59,2410.6,675839,3379,-4553.7518,-2663.2435,280.4,9506.547852,-0.0,19013.140625,2.263379,,4.494674,0.449467,4e-05,3.05947,10.0,10.0,28.877387,0.0,28.877387,71.122613,52.810761,0.758789,55.593497
2026-08-11 00:17:01,2412.52,676351,3381,-4377.6029,-2668.5985,280.4,8748.535156,0.0,17497.115234,2.275471,,4.393977,0.439398,4.1e-05,3.455417,10.0,10.0,37.525141,0.0,37.525141,62.474859,46.049717,0.674259,55.593497
2026-08-11 00:17:03,2414.32,676863,3384,-2564.1737,-2657.6329,280.4,5653.120605,-0.0,11306.287109,2.285611,,6.889268,0.688927,4.2e-05,0.970782,10.0,10.0,20.389486,0.0,20.389486,79.610514,59.442529,0.629254,55.593497
2026-08-11 00:17:05,2416.24,677375,3386,-4669.3316,-2676.2963,280.3,9917.352539,-0.0,19834.75,2.265036,,7.337039,0.733704,4.1e-05,4.494669,10.0,10.0,33.100927,0.0,33.100927,66.899073,49.836863,0.643276,55.593497
2026-08-11 00:17:06,2418.02,677887,3389,-2422.2809,-2672.468,280.3,5765.568359,-0.0,11531.182617,2.277152,,9.582741,0.958274,4.1e-05,0.881566,10.0,10.0,16.528323,0.0,16.528323,83.471677,62.876226,0.62324,55.593497
2026-08-11 00:17:08,2419.76,678399,3392,-318.835,-2643.6108,280.4,2574.425049,-0.0,5148.895508,2.280991,,13.019475,1.301948,4.1e-05,0.509771,2.0,10.0,4.915176,0.0,4.915176,95.084824,72.848166,0.679157,55.593497
2026-08-11 00:17:10,2421.59,678911,3394,-2816.8008,-2625.5719,280.4,3985.294189,0.0,7970.634277,2.28535,,8.120824,0.812082,4.2e-05,2.586405,10.0,10.0,14.090725,0.0,14.090725,85.909275,63.897785,0.65973,55.593497
2026-08-11 00:17:12,2423.41,679423,3397,-2019.3466,-2609.6749,280.4,3708.53418,0.0,7417.114258,2.283092,,4.967746,0.496775,4.2e-05,2.002701,10.0,10.0,10.559499,0.0,10.559499,89.440501,67.888641,0.748506,55.593497
2026-08-11 00:17:14,2425.24,679935,3399,-4073.2019,-2634.8717,280.4,7544.961426,-0.0,15089.96875,2.274884,,3.448392,0.344839,4.1e-05,2.453128,10.0,10.0,19.529866,0.0,19.529866,80.470134,60.444035,0.813546,55.593497
2026-08-11 00:17:15,2427.04,680447,3402,-4223.069,-2665.777,280.4,7907.282715,0.0,15814.611328,2.272673,,7.783651,0.778365,4.1e-05,2.167799,10.0,10.0,19.742254,0.0,19.742254,80.257746,59.377509,0.65001,55.593497
2026-08-11 00:17:17,2428.97,680959,3404,-4737.9244,-2692.9091,280.3,10068.727539,0.0,20137.5,2.260341,,8.16916,0.816916,4.1e-05,3.182915,10.0,10.0,26.94328,0.0,26.94328,73.05672,54.352086,0.69107,55.593497
2026-08-11 00:17:19,2430.73,681471,3407,-314.2276,-2675.664,280.4,737.509399,-0.0,1475.064331,2.276789,,9.434626,0.943463,4.1e-05,1.098722,10.0,10.0,5.533689,0.0,5.533689,94.466311,72.125517,0.666355,55.593497
2026-08-11 00:17:21,2432.45,681983,3409,-1655.4808,-2649.1064,280.4,3566.937256,0.0,7133.92041,2.284786,,8.461676,0.846168,4.1e-05,0.476861,1.0,10.0,8.073424,0.0,8.073424,91.926576,70.449924,0.609115,55.593497
2026-08-11 00:17:23,2434.2,682495,3412,-2673.5051,-2653.1849,280.4,5769.118652,-0.0,11538.283203,2.287095,,4.504235,0.450424,4.2e-05,0.53593,3.0,10.0,11.461662,0.0,11.461662,88.538338,67.012718,0.675235,55.593497
2026-08-11 00:17:24,2436.07,683007,3415,-4741.2317,-2695.5762,280.4,10226.702148,0.0,20453.449219,2.274586,,6.842181,0.684218,4.1e-05,2.420051,10.0,10.0,32.958736,0.0,32.958736,67.041264,50.032214,0.603387,55.593497
2026-08-11 00:17:26,2437.87,683519,3417,-4350.124,-2716.5975,280.4,8894.816406,-0.0,17789.677734,2.264463,,7.616098,0.76161,4.1e-05,2.212345,10.0,10.0,19.774824,0.0,19.774824,80.225176,60.705593,0.624228,55.593497
2026-08-11 00:17:28,2439.64,684031,3420,-2232.6754,-2694.8278,280.4,3391.550049,0.0,6783.145508,2.26253,,9.706466,0.970647,4e-05,1.292019,10.0,10.0,11.395069,0.0,11.395069,88.604931,67.015535,0.625785,55.593497
2026-08-11 00:17:30,2441.52,684543,3422,-3768.5867,-2714.0261,280.4,7693.637695,-0.0,15387.321289,2.277034,,7.674666,0.767467,4.3e-05,4.096579,10.0,10.0,27.129068,0.0,27.129068,72.870932,54.337068,0.646836,55.593497
2026-08-11 00:17:32,2443.34,685055,3425,-2704.3746,-2731.2104,280.4,4818.263184,0.0,9636.571289,2.263924,,6.31603,0.631603,4.1e-05,2.57341,10.0,10.0,13.982112,0.0,13.982112,86.017888,63.813625,0.626842,55.593497
2026-08-11 00:17:33,2445.09,685567,3427,-841.4922,-2706.3049,280.4,3415.473389,0.0,6830.992188,2.274193,,9.265606,0.926561,4.2e-05,0.911668,10.0,10.0,8.880224,0.0,8.880224,91.119776,70.156702,0.596001,55.593497
2026-08-11 00:17:35,2446.86,686079,3430,-662.8421,-2681.7073,280.4,1287.691528,-0.0,2575.428467,2.266357,,7.444635,0.744464,4.1e-05,1.498781,10.0,10.0,4.834683,0.0,4.834683,95.165317,71.838033,0.616121,55.593497
2026-08-11 00:17:37,2448.58,686591,3432,-803.0197,-2662.4087,280.4,2549.931641,-0.0,5099.908691,2.269135,,10.16568,1.016568,4.1e-05,1.041182,10.0,10.0,6.45111,0.0,6.45111,93.54889,71.794581,0.596217,55.593497
2026-08-11 00:17:39,2450.33,687103,3435,-1939.4528,-2661.8886,280.4,4716.90332,-0.0,9433.852539,2.270782,,10.56775,1.056775,4.2e-05,1.030262,10.0,10.0,11.648972,0.0,11.648972,88.351028,66.664271,0.585604,55.593497
2026-08-11 00:17:40,2452.1,687615,3438,-1541.1669,-2656.8265,280.4,2426.406494,0.0,4852.858398,2.26985,,6.672668,0.667267,4.1e-05,1.227159,10.0,10.0,7.342612,0.0,7.342612,92.657388,70.436234,0.558601,56.796231
2026-08-11 00:17:42,2453.86,688127,3440,-1736.7009,-2645.269,280.4,4335.79248,-0.0,8671.630859,2.279479,,7.057032,0.705703,4.1e-05,1.035315,10.0,10.0,10.394439,0.0,10.394439,89.605561,67.544733,0.617489,56.796231
2026-08-11 00:17:44,2455.72,688639,3443,-3157.1307,-2650.4417,280.4,6125.989258,-0.0,12252.024414,2.270545,,7.614554,0.761455,4.1e-05,3.658224,10.0,10.0,16.45142,0.0,16.45142,83.54858,62.328755,0.670404,56.796231
2026-08-11 00:17:46,2457.47,689151,3445,-2278.7413,-2646.0177,280.4,4510.219238,0.0,9020.484375,2.282438,,9.940165,0.994016,4.2e-05,1.298389,10.0,10.0,11.050583,0.0,11.050583,88.949417,67.904534,0.55169,56.796231
2026-08-11 00:17:48,2459.28,689663,3448,-2683.4169,-2649.5648,280.4,5406.349609,-0.0,10812.745117,2.281559,,4.545647,0.454565,4.2e-05,1.77601,10.0,10.0,16.508044,0.0,16.508044,83.491956,62.891929,0.721759,56.796231
2026-08-11 00:17:49,2461.04,690175,3450,-2181.7277,-2640.8848,280.4,4196.502441,0.0,8393.050781,2.275414,,7.996698,0.79967,4.2e-05,1.199387,10.0,10.0,10.36116,0.0,10.36116,89.63884,68.250353,0.584073,56.796231
2026-08-11 00:17:51,2462.81,690687,3453,-880.6917,-2609.6527,280.4,1933.62793,-0.0,3867.301025,2.262935,,10.633666,1.063367,4.1e-05,1.10465,9.0,10.0,5.810671,0.0,5.810671,94.189329,70.954776,0.661391,56.796231
2026-08-11 00:17:53,2464.6,691199,3456,-1496.4067,-2596.3832,280.5,3194.083252,0.0,6388.211914,2.26551,,10.137696,1.01377,4e-05,1.752876,10.0,10.0,8.16651,0.0,8.16651,91.83349,69.893035,0.675136,56.796231
2026-08-11 00:17:55,2466.42,691711,3458,-2555.0993,-2579.9534,280.5,6382.052734,0.0,12764.150391,2.26377,,7.259903,0.72599,4.1e-05,1.614524,10.0,10.0,21.652619,0.0,21.652619,78.347381,58.632622,0.767746,56.796231
2026-08-11 00:17:57,2468.19,692223,3461,-1996.071,-2596.7143,280.5,3834.52002,-0.0,7669.085449,2.26623,,8.708507,0.870851,4.2e-05,0.664538,4.0,10.0,14.576123,0.0,14.576123,85.423877,65.008758,0.679095,56.796231
2026-08-11 00:17:58,2469.92,692735,3463,-1086.3303,-2573.8757,280.5,2844.97876,-0.0,5690.00293,2.274248,,10.63184,1.063184,4.2e-05,0.70454,8.0,10.0,6.51099,0.0,6.51099,93.48901,71.046553,0.643297,56.796231
2026-08-11 00:18:00,2471.66,693247,3466,-1129.8519,-2572.5783,280.5,2751.749756,-0.0,5503.544922,2.269134,,9.43349,0.943349,4.1e-05,1.166524,10.0,10.0,6.696688,0.0,6.696688,93.303312,70.80396,0.6807,56.796231
2026-08-11 00:18:02,2473.45,693759,3468,-2741.7068,-2587.5241,280.5,5883.098145,0.0,11766.242188,2.276822,,6.61365,0.661365,4.1e-05,1.146038,10.0,10.0,23.491205,0.0,23.491205,76.508795,57.028091,0.662284,56.796231
2026-08-11 00:18:04,2475.27,694271,3471,-2560.4587,-2568.5185,280.5,5531.50293,-0.0,11063.051758,2.270617,,8.508456,0.850846,4.2e-05,2.323805,10.0,10.0,20.532789,0.0,20.532789,79.467211,59.053662,0.666411,56.796231
2026-08-11 00:18:05,2477.07,694783,3473,-1503.3638,-2549.6929,280.5,2381.136475,0.0,4762.318359,2.265947,,7.769294,0.776929,4.1e-05,2.095884,10.0,10.0,7.919245,0.0,7.919245,92.080755,69.671449,0.656023,56.796231
2026-08-11 00:18:07,2478.87,695295,3476,-2467.1774,-2544.4229,280.5,5894.158691,0.0,11788.362305,2.26721,,5.992569,0.599257,4.1e-05,1.544054,10.0,10.0,20.891063,0.0,20.891063,79.108937,58.884942,0.631009,56.796231
2026-08-11 00:18:09,2480.66,695807,3479,-3336.9266,-2547.3945,280.5,6342.151367,-0.0,12684.347656,2.259638,,5.139763,0.513976,4.1e-05,1.730191,10.0,10.0,21.328671,0.0,21.328671,78.671329,59.307066,0.669932,56.796231
2026-08-11 00:18:11,2482.49,696319,3481,-1854.2342,-2568.6231,280.5,4530.805176,-0.0,9061.65625,2.273417,,7.900884,0.790088,4.2e-05,1.0329,10.0,10.0,11.013219,0.0,11.013219,88.986781,68.156761,0.661779,56.796231
2026-08-11 00:18:13,2484.26,696831,3484,-1242.5521,-2554.8696,280.5,685.427002,0.0,1370.899292,2.263054,,9.830229,0.983023,4.2e-05,1.938629,10.0,10.0,7.224939,0.0,7.224939,92.775061,70.653906,0.611246,56.796231
2026-08-11 00:18:14,2486.01,697343,3486,-2122.2837,-2540.6631,280.5,2027.332764,0.0,4054.710693,2.262573,,8.198616,0.819862,4.1e-05,1.147423,10.0,10.0,9.462829,0.0,9.462829,90.537171,69.260512,0.602962,56.796231
2026-08-11 00:18:16,2487.8,697855,3489,-2384.7666,-2533.4653,280.5,5018.869141,-0.0,10037.78418,2.27193,,6.233884,0.623388,4e-05,1.048444,10.0,10.0,12.589452,0.0,12.589452,87.410548,65.771849,0.633146,56.796231
2026-08-11 00:18:18,2489.53,698367,3491,-1135.4644,-2525.6897,280.5,3136.75708,0.0,6273.55957,2.270692,,5.095585,0.509558,4.1e-05,0.875652,10.0,10.0,9.420626,0.0,9.420626,90.579374,69.479456,0.73113,56.796231
2026-08-11 00:18:20,2491.32,698879,3494,-2064.0794,-2547.6092,280.5,2400.554199,0.0,4801.153809,2.280312,,3.804695,0.38047,4.1e-05,1.144625,10.0,10.0,8.14761,0.0,8.14761,91.85239,69.388578,0.777289,56.796231
2026-08-11 00:18:21,2493.1,699391,3496,-3251.5423,-2540.4415,280.5,5406.033691,0.0,10812.113281,2.276595,,6.400804,0.64008,4.1e-05,1.4923,10.0,10.0,14.780597,0.0,14.780597,85.219403,64.558591,0.621147,56.796231
2026-08-11 00:18:23,2494.84,699903,3499,-50.3651,-2498.7024,280.5,406.613708,0.0,813.27301,2.278729,,8.187193,0.818719,4.1e-05,0.615914,7.0,10.0,2.414202,0.0,2.414202,97.585798,75.034585,0.658421,56.796231
2026-08-11 00:18:25,2496.58,700415,3502,-1611.1948,-2473.1714,280.5,1933.12915,-0.0,3866.303711,2.275479,,7.261114,0.726111,4.1e-05,0.892884,10.0,10.0,7.501797,0.0,7.501797,92.498203,70.017176,0.61234,57.290659
2026-08-11 00:18:27,2498.4,700927,3504,-2761.6029,-2469.4467,280.6,6491.627441,-0.0,12983.299805,2.264411,,6.550231,0.655023,4.1e-05,1.36355,10.0,10.0,25.501287,0.0,25.501287,74.498713,56.997277,0.662791,57.290659
2026-08-11 00:18:29,2500.24,701439,3507,-4013.1851,-2488.774,280.5,7102.517578,0.0,14205.080078,2.25944,,6.331032,0.633103,3.9e-05,2.989632,10.0,10.0,23.826712,0.0,23.826712,76.173288,56.449509,0.681626,57.290659
2026-08-11 00:18:30,2502.04,701951,3509,-3312.8752,-2505.7742,280.6,7646.565918,-0.0,15293.176758,2.27018,,4.738783,0.473878,4.1e-05,1.554524,10.0,10.0,23.281769,0.0,23.281769,76.718231,57.9906,0.722046,57.290659
2026-08-11 00:18:32,2503.8,702463,3512,-1840.0294,-2484.5329,280.6,3773.902588,0.0,7547.850586,2.273014,,6.301324,0.630132,4.1e-05,1.06039,10.0,10.0,10.517895,0.0,10.517895,89.482105,66.955285,0.732104,57.290659
2026-08-11 00:18:34,2505.64,702975,3514,-2579.7688,-2462.972,280.6,4275.925781,-0.0,8551.896484,2.269873,,4.760104,0.47601,4.2e-05,2.652437,10.0,10.0,16.783099,0.0,16.783099,83.216901,63.019797,0.700324,57.290659
2026-08-11 00:18:36,2507.37,703487,3517,331.1306,-2448.6682,280.6,246.09465,0.0,492.234802,2.275517,,4.541979,0.454198,4.2e-05,0.30236,1.0,9.0,0.069899,0.0,0.069899,99.930101,77.385881,0.718227,57.290659
2026-08-11 00:18:37,2509.11,703999,3520,-1276.4682,-2453.576,280.6,3110.094482,-0.0,6220.234375,2.276693,,5.600936,0.560094,4.2e-05,0.911457,10.0,10.0,6.471277,0.0,6.471277,93.528723,71.318399,0.645044,57.290659
2026-08-11 00:18:39,2510.85,704511,3522,-25.8463,-2418.5948,280.6,483.166321,0.0,966.378174,2.276988,,11.1082,1.11082,4.3e-05,0.826526,10.0,10.0,3.038325,0.0,3.038325,96.961675,73.989415,0.582009,57.290659
2026-08-11 00:18:41,2512.64,705023,3525,-2225.0882,-2423.6827,280.6,4449.703125,-0.0,8899.451172,2.257626,,7.069948,0.706995,4.1e-05,1.054518,10.0,10.0,16.553465,0.0,16.553465,83.446535,62.972286,0.589703,57.290659
2026-08-11 00:18:43,2514.48,705535,3527,-3551.6665,-2425.3074,280.6,6333.753906,-0.0,12667.552734,2.262628,,4.588945,0.458894,4.1e-05,2.296294,10.0,10.0,14.521264,0.0,14.521264,85.478736,63.89821,0.72506,57.290659
2026-08-11 00:18:45,2516.26,706047,3530,-1192.011,-2401.9162,280.6,731.978027,-0.0,1464.001343,2.266932,,6.523582,0.652358,4.1e-05,1.806147,10.0,10.0,6.330418,0.0,6.330418,93.669582,70.297042,0.644656,57.290659
2026-08-11 00:18:47,2518.18,706559,3532,-4837.8854,-2419.4692,280.6,10401.779297,-0.0,20803.603516,2.251799,,4.311621,0.431162,4e-05,3.30394,10.0,10.0,26.371887,0.0,26.371887,73.628113,55.265228,0.684027,57.290659
2026-08-11 00:18:48,2520.09,707071,3535,-4625.958,-2450.7135,280.6,9316.384766,-0.0,18632.814453,2.259219,,3.400121,0.340012,4.1e-05,3.837755,10.0,10.0,36.896032,0.0,36.896032,63.103968,45.302807,0.801745,57.290659
2026-08-11 00:18:50,2521.94,707583,3537,-4700.1311,-2468.5412,280.6,9707.241211,-0.0,19414.527344,2.252013,,5.170211,0.517021,4e-05,2.035164,10.0,10.0,35.667389,0.0,35.667389,64.332611,48.560999,0.731147,57.290659
2026-08-11 00:18:52,2523.77,708095,3540,-4486.3587,-2470.5166,280.6,8897.692383,0.0,17795.429688,2.263787,,6.64319,0.664319,4.2e-05,1.90425,10.0,10.0,23.989127,0.0,23.989127,76.010873,56.951515,0.606626,57.290659
2026-08-11 00:18:54,2525.56,708607,3543,-3868.4179,-2495.0541,280.6,6991.229004,-0.0,13982.503906,2.274312,,4.844675,0.484468,4.1e-05,2.016085,10.0,10.0,15.850889,0.0,15.850889,84.149111,63.283593,0.681072,57.290659
2026-08-11 00:18:56,2527.36,709119,3545,-4305.9435,-2522.6339,280.6,8454.25,-0.0,16908.544922,2.264184,,5.859413,0.585941,4e-05,2.922337,10.0,10.0,18.570633,0.0,18.570633,81.429367,60.420979,0.686538,57.290659
2026-08-11 00:18:58,2529.16,709631,3548,-2274.9677,-2533.8565,280.6,4769.664062,0.0,9539.373047,2.265501,,7.454869,0.745487,4.1e-05,1.366753,10.0,10.0,10.586427,0.0,10.586427,89.413573,67.640745,0.683736,57.290659
2026-08-11 00:18:59,2530.98,710143,3550,-2910.4666,-2531.2441,280.6,6025.493164,0.0,12051.03125,2.265722,,7.037336,0.703734,4.2e-05,2.287261,10.0,10.0,13.939808,0.0,13.939808,86.060192,64.930177,0.66454,57.290659
2026-08-11 00:19:01,2532.71,710655,3553,99.3504,-2523.9058,280.6,917.66687,-0.0,1835.379272,2.276105,,6.933943,0.693394,4.1e-05,0.214002,1.0,10.0,1.937185,0.0,1.937185,98.062815,74.711068,0.642003,57.290659
2026-08-11 00:19:03,2534.5,711167,3555,-3262.3376,-2538.2384,280.6,7145.53418,0.0,14291.113281,2.263713,,6.99928,0.699928,4.1e-05,1.754355,10.0,10.0,17.470784,0.0,17.470784,82.529216,62.636926,0.671327,57.290659
2026-08-11 00:19:05,2536.25,711679,3558,-1022.2012,-2527.3118,280.6,1713.176025,0.0,3426.397461,2.26549,,6.239168,0.623917,4.2e-05,0.961591,10.0,10.0,8.865624,0.0,8.865624,91.134376,68.940402,0.672476,57.290659
2026-08-11 00:19:06,2538.14,712191,3560,-4835.8961,-2545.5753,280.6,10409.004883,-0.0,20818.054688,2.253884,,3.341822,0.334182,4.1e-05,4.100481,10.0,10.0,41.309353,0.0,41.309353,58.690647,42.974038,0.784925,57.290659
2026-08-11 00:19:08,2539.96,712703,3563,-3230.4975,-2539.3396,280.6,5626.442383,-0.0,11252.929688,2.266771,,4.827404,0.48274,4.1e-05,2.248721,10.0,10.0,19.387969,0.0,19.387969,80.612031,59.662435,0.67597,58.494598
2026-08-11 00:19:10,2541.82,713215,3566,-4144.784,-2574.1845,280.6,7801.366699,-0.0,15602.77832,2.256796,,5.561533,0.556153,4.4e-05,2.499477,10.0,10.0,26.137297,0.0,26.137297,73.862703,54.769412,0.705088,58.494598
2026-08-11 00:19:12,2543.67,713727,3568,-3331.0695,-2577.2123,280.6,5777.11377,-0.0,11554.272461,2.25953,,9.457741,0.945774,4e-05,3.364223,10.0,10.0,15.294003,0.0,15.294003,84.705997,63.558937,0.703089,58.494598
2026-08-11 00:19:14,2545.45,714239,3571,-2228.1801,-2577.9477,280.6,5176.987793,0.0,10354.020508,2.263784,,11.356888,1.135689,4.1e-05,1.550592,10.0,10.0,11.899297,0.0,11.899297,88.100703,66.626913,0.65697,58.494598
2026-08-11 00:19:16,2547.21,714751,3573,-2648.877,-2576.9886,280.6,6538.083984,0.0,13076.212891,2.26214,,11.20826,1.120826,4.1e-05,0.971742,10.0,10.0,15.496531,0.0,15.496531,84.503469,64.172294,0.617675,58.494598
2026-08-11 00:19:17,2549.01,715263,3576,-3930.7983,-2592.1599,280.6,6361.455078,0.0,12722.955078,2.266185,,6.287422,0.628742,4.1e-05,1.578056,10.0,10.0,17.001439,0.0,17.001439,82.998561,61.353009,0.691115,58.494598
2026-08-11 00:19:19,2550.83,715775,3578,-4706.4999,-2610.312,280.6,9789.602539,-0.0,19579.25,2.260573,,5.957067,0.595707,4.1e-05,1.898035,10.0,10.0,21.37775,0.0,21.37775,78.62225,59.117178,0.608769,58.494598
2026-08-11 00:19:21,2552.58,716287,3581,-897.071,-2604.0353,280.6,1785.515259,-0.0,3571.076172,2.279382,,9.395436,0.939544,4.2e-05,0.455,1.0,10.0,5.43317,0.0,5.43317,94.56683,72.071836,0.607531,58.494598
2026-08-11 00:19:23,2554.31,716799,3584,-229.5366,-2588.9498,280.6,1080.595215,0.0,2161.23584,2.272128,,10.007129,1.000713,4.1e-05,0.455388,1.0,10.0,3.222481,0.0,3.222481,96.777519,73.904987,0.629359,58.494598
2026-08-11 00:19:24,2556.08,717311,3586,-1856.9123,-2581.7038,280.6,3627.473877,0.0,7254.993164,2.264689,,7.758367,0.775837,4e-05,1.80279,10.0,10.0,11.557093,0.0,11.557093,88.442907,66.562414,0.669381,58.494598
2026-08-11 00:19:26,2557.84,717823,3589,-3302.6664,-2588.6402,280.6,4812.253906,-0.0,9624.552734,2.26878,,7.176124,0.717612,4e-05,0.951527,10.0,10.0,15.3527,0.0,15.3527,84.6473,63.894067,0.591744,58.494598
2026-08-11 00:19:28,2559.63,718335,3591,-3039.5073,-2613.0751,280.6,5338.919434,-0.0,10677.883789,2.266846,,6.706271,0.670627,4.1e-05,1.564211,10.0,10.0,12.727249,0.0,12.727249,87.272751,66.699813,0.685256,58.494598
2026-08-11 00:19:30,2561.47,718847,3594,-2526.3171,-2642.9296,280.6,4587.554688,0.0,9175.154297,2.267808,,6.156887,0.615689,4.1e-05,2.587177,10.0,10.0,14.190716,0.0,14.190716,85.809284,64.147383,0.705644,58.494598
2026-08-11 00:19:32,2563.29,719359,3596,-3062.5157,-2636.563,280.6,4711.72168,-0.0,9423.488281,2.261291,,5.947778,0.594778,4.2e-05,2.83874,10.0,10.0,15.042955,0.0,15.042955,84.957045,64.503074,0.648527,58.494598
2026-08-11 00:19:33,2565.1,719871,3599,-3333.4463,-2643.9343,280.6,5752.918457,0.0,11505.881836,2.269059,,5.516047,0.551605,4.1e-05,2.446715,10.0,10.0,14.850854,0.0,14.850854,85.149146,63.991438,0.74252,58.494598
2026-08-11 00:19:35,2566.94,720383,3601,-2283.313,-2630.84,280.6,4071.830322,-0.0,8143.706055,2.273252,,5.257607,0.525761,4.1e-05,2.190578,10.0,10.0,13.894373,0.0,13.894373,86.105627,64.797793,0.737489,58.494598
2026-08-11 00:19:37,2568.69,720895,3604,-666.0292,-2591.1392,280.6,1500.333984,-0.0,3000.713379,2.275727,,4.392458,0.439246,4.2e-05,1.015805,10.0,10.0,4.350002,0.0,4.350002,95.649998,72.745492,0.729216,58.494598
2026-08-11 00:19:39,2570.51,721407,3607,-3601.2407,-2600.4363,280.6,6390.129883,-0.0,12780.305664,2.273843,,3.810742,0.381074,4.2e-05,2.485286,10.0,10.0,15.19551,0.0,15.19551,84.80449,64.127964,0.778421,58.494598
2026-08-11 00:19:41,2572.41,721919,3609,-4758.615,-2616.5063,280.6,10158.889648,0.0,20317.824219,2.273243,,6.033127,0.603313,4.1e-05,3.62841,10.0,10.0,31.474178,0.0,31.474178,68.525822,50.401558,0.592082,58.494598
2026-08-11 00:19:43,2574.22,722431,3612,-572.3446,-2584.7095,280.6,1526.750854,-0.0,3053.547363,2.276749,,6.935587,0.693559,4.2e-05,1.846771,10.0,10.0,8.58137,0.0,8.58137,91.41863,70.177631,0.606127,58.494598
2026-08-11 00:19:44,2576.0,722943,3614,-1566.9024,-2569.6414,280.6,2874.56665,0.0,5749.178711,2.272935,,8.407271,0.840727,4.1e-05,1.654817,10.0,10.0,8.532086,0.0,8.532086,91.467914,69.686423,0.591714,58.494598
2026-08-11 00:19:46,2577.87,723455,3617,-4202.7265,-2586.5314,280.6,8099.268555,-0.0,16198.582031,2.26326,,9.036371,0.903637,4e-05,2.57375,10.0,10.0,25.031337,0.0,25.031337,74.968663,56.011213,0.605831,58.494598
2026-08-11 00:19:48,2579.74,723967,3619,-2649.4927,-2565.006,280.6,4654.308105,0.0,9308.661133,2.262973,,6.94567,0.694567,4.2e-05,4.055058,10.0,10.0,14.364346,0.0,14.364346,85.635654,64.092943,0.707908,58.494598
2026-08-11 00:19:50,2581.59,724479,3622,-3819.7212,-2564.8046,280.6,6153.434082,-0.0,12306.913086,2.259715,,7.25972,0.725972,4.1e-05,3.28719,10.0,10.0,18.853543,0.0,18.853543,81.146457,59.348517,0.612073,58.494598
2026-08-11 00:19:52,2583.46,724991,3624,-4869.2074,-2600.6131,280.6,10451.023438,0.0,20902.091797,2.253301,,5.806929,0.580693,4.1e-05,2.207005,10.0,10.0,31.547244,0.0,31.547244,68.452756,50.887243,0.572958,58.494598
2026-08-11 00:19:54,2585.28,725503,3627,-2146.3804,-2597.3252,280.6,4644.20166,0.0,9288.448242,2.262821,,5.306765,0.530677,4e-05,2.243708,10.0,10.0,13.962082,0.0,13.962082,86.037918,64.103477,0.727705,59.432658
2026-08-11 00:19:55,2587.1,726015,3630,-2191.7054,-2586.1846,280.6,2998.114014,-0.0,5996.273438,2.269405,,5.160534,0.516053,4.1e-05,2.410503,10.0,10.0,9.204141,0.0,9.204141,90.795859,68.474968,0.610073,59.432658
2026-08-11 00:19:57,2588.82,726527,3632,585.9426,-2532.0182,280.6,420.769684,-0.0,841.584961,2.280409,,8.251972,0.825197,4.2e-05,0.491181,4.0,10.0,0.182118,0.0,0.182118,99.817882,76.203559,0.528183,59.432658
2026-08-11 00:19:59,2590.64,727039,3635,-2585.4797,-2512.3355,280.6,4685.010742,-0.0,9370.066406,2.267134,,5.954077,0.595408,4.3e-05,2.10363,10.0,10.0,13.964058,0.0,13.964058,86.035942,64.293597,0.645952,59.432658
2026-08-11 00:20:01,2592.5,727551,3637,-3883.6631,-2507.3961,280.6,7449.280762,0.0,14898.606445,2.264961,,4.838069,0.483807,4.2e-05,3.140329,10.0,10.0,17.31476,0.0,17.31476,82.68524,62.598664,0.685887,59.432658
2026-08-11 00:20:03,2594.22,728063,3640,116.5161,-2480.5892,280.6,308.412476,0.0,616.870483,2.276804,,4.567788,0.456779,4e-05,0.398345,1.0,10.0,0.855655,0.0,0.855655,99.144345,76.294616,0.808212,59.432658
2026-08-11 00:20:04,2596.01,728575,3642,-2537.5923,-2459.2718,280.7,4844.633301,0.0,9689.3125,2.281698,,5.85214,0.585214,4.2e-05,1.744126,10.0,10.0,11.14817,0.0,11.14817,88.85183,67.300054,0.705277,59.432658
2026-08-11 00:20:06,2597.8,729087,3645,-957.4283,-2444.6233,280.7,1330.312134,0.0,2660.669434,2.261749,,10.293924,1.029392,4.2e-05,1.999122,10.0,10.0,6.302364,0.0,6.302364,93.697636,70.142058,0.681975,59.432658
2026-08-11 00:20:08,2599.6,729599,3648,-2687.0147,-2468.3051,280.7,5205.569336,-0.0,10411.183594,2.257673,,12.801785,1.280179,4.2e-05,1.816342,10.0,10.0,16.634843,0.0,16.634843,83.365157,63.22387,0.718481,59.432658
2026-08-11 00:20:10,2601.51,730111,3650,-1911.8621,-2459.2557,280.6,2431.997803,-0.0,4864.041016,2.261939,,10.877569,1.087757,4.2e-05,3.576145,10.0,10.0,10.041172,0.0,10.041172,89.958828,66.928736,0.685599,59.432658
2026-08-11 00:20:12,2603.37,730623,3653,-4592.5723,-2484.9879,280.6,9813.22168,-0.0,19626.488281,2.249395,,7.008209,0.700821,4.1e-05,2.576825,10.0,10.0,30.724199,0.0,30.724199,69.275801,51.876609,0.605471,59.432658
2026-08-11 00:20:13,2605.12,731135,3655,-907.6557,-2453.3325,280.7,1219.65332,-0.0,2439.352051,2.272172,,8.111416,0.811142,4.2e-05,0.807337,10.0,10.0,5.092149,0.0,5.092149,94.907851,72.236914,0.616055,59.432658
2026-08-11 00:20:15,2606.86,731647,3658,-745.893,-2418.5607,280.7,983.50116,0.0,1967.047729,2.272204,,7.940286,0.794029,4.3e-05,0.833453,10.0,10.0,5.082845,0.0,5.082845,94.917155,71.92935,0.616905,59.432658
2026-08-11 00:20:17,2608.67,732159,3660,-4222.1619,-2413.4031,280.7,8118.702148,-0.0,16237.449219,2.258108,,10.120468,1.012047,4.1e-05,2.296727,10.0,10.0,19.804844,0.0,19.804844,80.195156,60.618018,0.62056,59.432658
2026-08-11 00:20:19,2610.49,732671,3663,-4388.4247,-2454.1451,280.7,8481.683594,0.0,16963.412109,2.262419,,8.268682,0.826868,4.1e-05,1.741612,10.0,10.0,19.130423,0.0,19.130423,80.869577,60.48718,0.658665,59.432658
2026-08-11 00:20:21,2612.27,733183,3665,-2579.1279,-2463.3815,280.7,5289.604492,-0.0,10579.253906,2.262314,,6.713382,0.671338,4.1e-05,1.55225,10.0,10.0,13.63201,0.0,13.63201,86.36799,66.27366,0.712106,59.432658
2026-08-11 00:20:22,2614.06,733695,3668,-2578.678,-2462.4333,280.7,4734.446777,-0.0,9468.939453,2.27392,,5.910083,0.591008,4.1e-05,1.363935,10.0,10.0,14.248098,0.0,14.248098,85.751902,64.552724,0.753189,59.432658
2026-08-11 00:20:24,2615.82,734207,3671,-2295.2035,-2437.973,280.7,4731.455078,-0.0,9462.955078,2.26956,,5.37631,0.537631,4.2e-05,1.008648,8.0,10.0,9.211232,0.0,9.211232,90.788768,68.727133,0.620263,59.432658
2026-08-11 00:20:26,2617.59,734719,3673,-2085.704,-2415.3288,280.7,3903.480713,-0.0,7807.006836,2.271945,,4.825587,0.482559,4.2e-05,1.549328,10.0,10.0,8.746295,0.0,8.746295,91.253705,68.738568,0.648512,59.432658
2026-08-11 00:20:28,2619.36,735231,3676,-942.7964,-2402.43,280.7,1317.324951,-0.0,2634.695312,2.272117,,8.512035,0.851204,4.1e-05,1.412488,10.0,10.0,5.607581,0.0,5.607581,94.392419,71.638858,0.699077,59.432658
2026-08-11 00:20:29,2621.1,735743,3678,-1497.2796,-2379.7169,280.7,3287.324463,0.0,6574.694336,2.262017,,10.627186,1.062719,4.2e-05,0.730631,10.0,10.0,11.826249,0.0,11.826249,88.173751,66.576179,0.586934,59.432658
2026-08-11 00:20:31,2622.89,736255,3681,-3323.3088,-2385.9063,280.7,5950.419922,-0.0,11900.885742,2.271782,,7.713878,0.771388,4.2e-05,1.215601,10.0,10.0,16.559322,0.0,16.559322,83.440678,63.237336,0.64284,59.432658
2026-08-11 00:20:33,2624.64,736767,3683,-1760.092,-2395.0923,280.7,3711.723877,-0.0,7423.493164,2.274898,,10.342076,1.034208,4.2e-05,1.191968,10.0,10.0,9.280478,0.0,9.280478,90.719522,68.811092,0.673079,59.432658
2026-08-11 00:20:35,2626.47,737279,3686,-3447.1437,-2422.9353,280.7,5825.473633,0.0,11650.992188,2.258189,,7.418673,0.741867,4e-05,2.858643,10.0,10.0,19.103517,0.0,19.103517,80.896483,59.942292,0.694192,59.432658
2026-08-11 00:20:37,2628.29,737791,3688,-4312.0783,-2458.0259,280.7,8209.451172,-0.0,16418.947266,2.2586,,5.813548,0.581355,4e-05,1.834812,10.0,10.0,19.14602,0.0,19.14602,80.85398,61.481556,0.676723,59.925301
2026-08-11 00:20:38,2630.01,738303,3691,-1584.0058,-2454.4714,280.7,4380.763184,-0.0,8761.571289,2.270253,,7.032603,0.70326,4.1e-05,0.175378,1.0,2.0,7.137655,0.0,7.137655,92.862345,71.046878,0.607801,59.925301
2026-08-11 00:20:40,2631.82,738815,3694,-2485.8715,-2463.9184,280.7,5121.873047,0.0,10243.791016,2.263929,,12.027701,1.20277,4.2e-05,2.545476,10.0,10.0,13.303741,0.0,13.303741,86.696259,64.885987,0.674307,59.925301
2026-08-11 00:20:42,2633.64,739327,3696,-4346.0281,-2490.0117,280.7,8426.911133,-0.0,16853.867188,2.262246,,7.434161,0.743416,4.1e-05,1.943805,10.0,10.0,19.356419,0.0,19.356419,80.643581,60.262826,0.615313,59.925301
2026-08-11 00:20:44,2635.41,739839,3699,-1988.8181,-2478.3286,280.7,2778.459717,-0.0,5556.964844,2.260697,,8.008688,0.800869,4.2e-05,1.546154,10.0,10.0,10.905694,0.0,10.905694,89.094306,66.717406,0.60436,59.925301
2026-08-11 00:20:46,2637.19,740351,3701,-3248.7195,-2488.0284,280.7,7653.235352,-0.0,15306.515625,2.259114,,8.057488,0.805749,4.2e-05,1.018244,10.0,10.0,20.30083,0.0,20.30083,79.69917,60.516361,0.614219,59.925301
2026-08-11 00:20:47,2639.01,740863,3704,-2171.808,-2482.9123,280.7,3720.885498,-0.0,7441.816406,2.274359,,5.700179,0.570018,4.1e-05,1.732022,10.0,10.0,9.614211,0.0,9.614211,90.385789,67.237285,0.674271,59.925301
2026-08-11 00:20:49,2640.76,741375,3706,-2394.9076,-2485.0441,280.7,4626.687012,-0.0,9253.418945,2.268102,,7.067207,0.706721,4e-05,0.941028,10.0,10.0,10.694076,0.0,10.694076,89.305924,67.831784,0.632345,59.925301
2026-08-11 00:20:51,2642.52,741887,3709,87.3168,-2475.364,280.8,473.762024,-0.0,947.569458,2.270424,,9.788053,0.978805,4.1e-05,0.873469,10.0,10.0,2.224934,0.0,2.224934,97.775066,74.342007,0.605472,59.925301
2026-08-11 00:20:53,2644.3,742399,3712,-796.0679,-2468.3606,280.8,560.218323,-0.0,1120.482056,2.269905,,6.663249,0.666325,4.3e-05,1.884204,10.0,10.0,4.51439,0.0,4.51439,95.48561,72.328487,0.612347,59.925301
2026-08-11 00:20:54,2646.04,742911,3714,-1486.7355,-2457.677,280.8,2522.924072,-0.0,5045.893555,2.267869,,5.353958,0.535396,4.4e-05,0.683962,7.0,10.0,6.403822,0.0,6.403822,93.596178,70.772265,0.686948,59.925301
2026-08-11 00:20:56,2647.8,743423,3717,-2271.0226,-2460.4265,280.8,5127.027832,-0.0,10254.100586,2.254771,,8.801837,0.880184,4.3e-05,1.027171,10.0,10.0,10.311315,0.0,10.311315,89.688685,67.83464,0.595537,59.925301
2026-08-11 00:20:58,2649.57,743935,3719,-2903.772,-2478.6009,280.8,4551.439453,-0.0,9102.923828,2.261337,,7.289616,0.728962,4.1e-05,1.648938,10.0,10.0,12.233397,0.0,12.233397,87.766603,66.080885,0.601256,59.925301
2026-08-11 00:21:00,2651.41,744447,3722,-2665.502,-2493.9574,280.8,4617.939453,-0.0,9235.923828,2.266484,,7.889464,0.788946,4.1e-05,2.85256,10.0,10.0,16.346617,0.0,16.346617,83.653383,62.33583,0.639497,59.925301
2026-08-11 00:21:02,2653.27,744959,3724,-3672.0699,-2503.261,280.8,7390.108887,0.0,14780.262695,2.257459,,9.248234,0.924823,4.2e-05,2.858661,10.0,10.0,23.117192,0.0,23.117192,76.882808,57.385046,0.607983,59.925301
2026-08-11 00:21:03,2655.05,745471,3727,-204.8783,-2479.7052,280.8,992.09314,-0.0,1984.231445,2.259346,,12.992565,1.299257,4.1e-05,1.211581,10.0,10.0,5.037219,0.0,5.037219,94.962781,72.381355,0.73593,59.925301
2026-08-11 00:21:05,2656.82,745983,3729,-631.0018,-2470.9816,280.8,862.095581,-0.0,1724.236328,2.260906,,11.204338,1.120434,4.2e-05,1.192278,10.0,10.0,4.867065,0.0,4.867065,95.132935,72.201526,0.64859,59.925301
2026-08-11 00:21:07,2658.66,746495,3732,-3093.69,-2477.2467,280.8,5333.71875,0.0,10667.482422,2.259111,,5.822431,0.582243,4.2e-05,1.890459,10.0,10.0,23.796168,0.0,23.796168,76.203832,56.198504,0.621855,59.925301
2026-08-11 00:21:09,2660.48,747007,3735,-3094.6847,-2474.8243,280.8,5140.773438,-0.0,10281.591797,2.269476,,7.03619,0.703619,4.2e-05,2.043168,10.0,10.0,17.100081,0.0,17.100081,82.899919,62.454366,0.622024,59.925301
2026-08-11 00:21:11,2662.29,747519,3737,-2140.8251,-2477.6902,280.8,4149.733398,-0.0,8299.511719,2.255908,,7.110549,0.711055,4e-05,2.02191,10.0,10.0,10.683136,0.0,10.683136,89.316864,67.817228,0.594589,59.925301
2026-08-11 00:21:12,2664.1,748031,3740,-4116.7752,-2506.4325,280.8,8385.46582,0.0,16770.976562,2.262688,,5.959633,0.595963,4e-05,1.642605,10.0,10.0,22.96884,0.0,22.96884,77.03116,57.386112,0.709024,59.925301
2026-08-11 00:21:14,2665.89,748543,3742,-3459.0054,-2519.7997,280.8,5927.088379,0.0,11854.22168,2.261563,,6.808825,0.680883,4.1e-05,1.715941,10.0,10.0,19.152261,0.0,19.152261,80.847739,61.310616,0.601053,59.925301
2026-08-11 00:21:16,2667.73,749055,3745,-2229.0672,-2518.2427,280.8,4990.376953,0.0,9980.798828,2.260478,,7.30137,0.730137,4.1e-05,2.320379,10.0,10.0,17.317009,0.0,17.317009,82.682991,60.931605,0.620151,59.925301
2026-08-11 00:21:18,2669.58,749567,3747,-3027.6761,-2537.1648,280.8,7313.125,-0.0,14626.294922,2.246116,,7.084925,0.708492,4e-05,1.734627,10.0,10.0,33.305221,0.0,33.305221,66.694779,50.700757,0.705865,59.925301
2026-08-11 00:21:20,2671.36,750079,3750,-1355.0803,-2530.0748,280.8,4609.345703,-0.0,9218.736328,2.261223,,8.536074,0.853607,4.1e-05,0.733062,10.0,10.0,16.627035,0.0,16.627035,83.372965,63.556931,0.675917,60.699335
2026-08-11 00:21:21,2673.08,750591,3752,567.3722,-2491.8857,280.8,435.842072,-0.0,871.729614,2.273631,,7.437876,0.743788,4.1e-05,0.419962,3.0,8.0,0.005213,0.0,0.005213,99.994787,76.474215,0.604419,60.699335
2026-08-11 00:21:23,2674.84,751103,3755,-1429.8985,-2505.681,280.8,4562.963379,-0.0,9125.97168,2.262957,,7.803217,0.780322,4.2e-05,0.826896,10.0,10.0,15.432677,0.0,15.432677,84.567323,63.692589,0.591023,60.699335
2026-08-11 00:21:25,2676.66,751615,3758,-2475.3667,-2514.3227,280.8,4876.259766,-0.0,9752.564453,2.263283,,6.958453,0.695845,4.1e-05,2.313614,10.0,10.0,19.186958,0.0,19.186958,80.813042,60.290757,0.70411,60.699335
2026-08-11 00:21:27,2678.43,752127,3760,-2324.294,-2509.9496,280.8,4334.480469,0.0,8669.005859,2.267177,,6.351625,0.635162,4.1e-05,1.353442,10.0,10.0,9.352945,0.0,9.352945,90.647055,68.310152,0.666278,60.699335
2026-08-11 00:21:29,2680.2,752639,3763,-1713.4527,-2486.9523,280.8,2587.046387,-0.0,5174.138184,2.274922,,5.585918,0.558592,4e-05,1.162594,10.0,10.0,7.062626,0.0,7.062626,92.937374,70.391565,0.711124,60.699335
2026-08-11 00:21:30,2682.01,753151,3765,-2379.328,-2477.6168,280.8,4383.776367,-0.0,8767.597656,2.261096,,4.546891,0.454689,4e-05,1.034841,10.0,10.0,9.34141,0.0,9.34141,90.65859,68.520558,0.741137,60.699335
2026-08-11 00:21:32,2683.75,753663,3768,-527.54,-2464.4919,280.8,1226.835449,0.0,2453.716309,2.271763,,5.178243,0.517824,4.2e-05,0.481961,2.0,10.0,3.328667,0.0,3.328667,96.671333,73.51687,0.649401,60.699335
2026-08-11 00:21:34,2685.56,754175,3770,-2862.6595,-2467.3209,280.8,6540.969238,-0.0,13081.983398,2.269227,,7.761933,0.776193,4.2e-05,2.318802,10.0,10.0,15.491018,0.0,15.491018,84.508982,63.488026,0.598047,60.699335
2026-08-11 00:21:36,2687.38,754687,3773,-3458.511,-2505.2173,280.8,8089.956543,0.0,16179.958008,2.267666,,7.808119,0.780812,4.1e-05,1.51017,10.0,10.0,15.800139,0.0,15.800139,84.199861,63.246713,0.62429,60.699335
2026-08-11 00:21:37,2689.14,755199,3776,-1194.2165,-2504.3947,280.8,3955.579346,-0.0,7911.204102,2.261936,,9.664915,0.966491,4.3e-05,0.906065,10.0,10.0,7.109141,0.0,7.109141,92.890859,70.45775,0.612633,60.699335
2026-08-11 00:21:39,2691.01,755711,3778,-3676.1514,-2540.8978,280.8,8424.167969,0.0,16848.380859,2.250218,,5.043627,0.504363,4.1e-05,3.140877,10.0,10.0,35.014141,0.0,35.014141,64.985859,47.442881,0.5966,60.699335
2026-08-11 00:21:41,2692.85,756223,3781,-2773.998,-2546.3869,280.8,5077.731934,0.0,10155.508789,2.270144,,6.416779,0.641678,4.2e-05,2.547849,10.0,10.0,16.309607,0.0,16.309607,83.690393,63.06949,0.606874,60.699335
2026-08-11 00:21:43,2694.65,756735,3783,-1435.4294,-2525.2245,280.8,4158.734863,-0.0,8317.514648,2.262925,,6.376451,0.637645,4.2e-05,2.052712,10.0,10.0,9.788221,0.0,9.788221,90.211779,68.693627,0.688274,60.699335
2026-08-11 00:21:45,2696.4,757247,3786,-209.1251,-2515.3957,280.8,914.364258,-0.0,1828.773804,2.263159,,9.978578,0.997858,4.2e-05,1.176377,10.0,10.0,3.34848,0.0,3.34848,96.65152,73.677456,0.613801,60.699335
2026-08-11 00:21:47,2698.21,757759,3788,-3730.6734,-2504.3235,280.8,7318.37207,0.0,14636.789062,2.255523,,8.728548,0.872855,4.2e-05,1.776215,10.0,10.0,20.70011,0.0,20.70011,79.29989,59.780451,0.611244,60.699335
2026-08-11 00:21:48,2700.03,758271,3791,-3673.343,-2494.7974,280.8,5745.670898,0.0,11491.386719,2.261155,,8.661245,0.866124,4.2e-05,2.527713,10.0,10.0,14.780976,0.0,14.780976,85.219024,63.872795,0.67435,60.699335
2026-08-11 00:21:50,2701.77,758783,3793,-2397.7762,-2471.7738,280.8,2509.29248,-0.0,5018.629883,2.258297,,11.256419,1.125642,4e-05,1.039077,10.0,10.0,10.443776,0.0,10.443776,89.556224,68.247697,0.650979,60.699335
2026-08-11 00:21:52,2703.53,759295,3796,-1232.3438,-2439.2337,280.9,3026.617188,-0.0,6053.279297,2.257036,,7.93092,0.793092,4.2e-05,0.939767,10.0,10.0,6.30354,0.0,6.30354,93.69646,71.449933,0.684716,60.699335
2026-08-11 00:21:54,2705.31,759807,3799,-3302.047,-2433.57,280.9,7080.550781,0.0,14161.146484,2.259349,,5.453729,0.545373,4.1e-05,1.023992,10.0,10.0,12.841216,0.0,12.841216,87.158784,65.791006,0.744414,60.699335
2026-08-11 00:21:55,2707.08,760319,3801,-2529.2087,-2415.8026,280.9,4965.158203,0.0,9930.361328,2.269607,,7.297933,0.729793,4e-05,1.053843,10.0,10.0,12.87009,0.0,12.87009,87.12991,65.986934,0.582454,60.699335
2026-08-11 00:21:57,2708.86,760831,3804,-1537.7742,-2408.4307,280.9,4459.334473,-0.0,8918.714844,2.275634,,5.67822,0.567822,4.2e-05,0.485955,1.0,10.0,18.675785,0.0,18.675785,81.324215,61.824962,0.654323,60.699335
2026-08-11 00:21:59,2710.56,761343,3806,369.2325,-2375.6337,280.9,273.441895,0.0,546.929016,2.261152,,4.821666,0.482167,4.1e-05,0.05386,1.0,1.0,0.0,0.0,0.0,100.0,77.339338,0.671308,60.699335
2026-08-11 00:22:01,2712.44,761855,3809,-3398.2596,-2410.6098,280.9,6275.432129,0.0,12550.90918,2.257027,,4.21695,0.421695,4.1e-05,3.084438,10.0,10.0,21.387438,0.0,21.387438,78.612562,58.063251,0.67151,60.699335
2026-08-11 00:22:03,2714.22,762367,3811,-1596.7515,-2393.954,280.9,3219.192139,-0.0,6438.429688,2.262949,,6.198782,0.619878,4.3e-05,1.528984,10.0,10.0,9.3276,0.0,9.3276,90.6724,68.553784,0.742065,60.699335
2026-08-11 00:22:04,2715.96,762879,3814,-297.14,-2386.7033,280.9,1567.770874,-0.0,3135.586914,2.259098,,7.076627,0.707663,4.1e-05,0.629144,9.0,10.0,4.93689,0.0,4.93689,95.06311,71.740141,0.768293,61.178958
2026-08-11 00:22:06,2717.82,763391,3816,-4645.2806,-2384.7972,280.9,9591.297852,-0.0,19182.640625,2.252611,,4.820717,0.482072,4.2e-05,4.11344,10.0,10.0,23.755268,0.0,23.755268,76.244732,56.813265,0.674944,61.178958
2026-08-11 00:22:08,2719.58,763903,3819,-2590.3811,-2378.396,280.9,5954.127441,0.0,11908.299805,2.260934,,7.656539,0.765654,4.2e-05,0.450141,1.0,10.0,12.309202,0.0,12.309202,87.690798,67.03942,0.592076,61.178958
2026-08-11 00:22:10,2721.38,764415,3822,-4569.6044,-2382.6442,280.9,9300.0625,-0.0,18600.169922,2.241953,,7.635325,0.763532,4.1e-05,1.414775,10.0,10.0,19.086168,0.0,19.086168,80.913832,60.092362,0.62138,61.178958
2026-08-11 00:22:12,2723.28,764927,3824,-3536.8128,-2384.7017,280.9,8225.333008,-0.0,16450.710938,2.236953,,6.653259,0.665326,3.9e-05,3.450832,10.0,10.0,36.102076,0.0,36.102076,63.897924,47.741893,0.712561,61.178958
2026-08-11 00:22:13,2725.05,765439,3827,-2459.8883,-2387.0187,280.9,4133.629883,0.0,8267.304688,2.260379,,6.95696,0.695696,4.1e-05,1.086635,10.0,10.0,9.863948,0.0,9.863948,90.136052,68.0383,0.629944,61.178958
2026-08-11 00:22:15,2726.83,765951,3829,-1821.0342,-2378.7403,280.9,3637.067627,-0.0,7274.180176,2.257398,,6.519168,0.651917,4.1e-05,1.012483,10.0,10.0,10.014351,0.0,10.014351,89.985649,68.71805,0.655195,61.178958
2026-08-11 00:22:17,2728.6,766463,3832,-1333.1997,-2352.7643,280.9,1056.71521,0.0,2113.475586,2.253128,,10.62822,1.062822,4.2e-05,1.059212,10.0,10.0,6.962695,0.0,6.962695,93.037305,71.180613,0.562794,61.178958
2026-08-11 00:22:19,2730.34,766975,3834,-2628.6997,-2331.9863,280.9,5555.619141,-0.0,11111.283203,2.264588,,9.992937,0.999294,4.3e-05,0.850935,10.0,10.0,11.20601,0.0,11.20601,88.79399,67.805248,0.541105,61.178958
2026-08-11 00:22:20,2732.14,767487,3837,-2596.1712,-2348.9773,280.9,5560.280273,-0.0,11120.605469,2.258422,,4.966324,0.496632,4e-05,1.809449,10.0,10.0,17.164982,0.0,17.164982,82.835018,62.113494,0.683768,61.178958
2026-08-11 00:22:22,2733.96,767999,3840,-3757.5496,-2384.2575,280.9,6901.43457,0.0,13802.914062,2.252508,,6.519527,0.651953,4.2e-05,2.265771,10.0,10.0,20.743934,0.0,20.743934,79.256066,60.162357,0.607709,61.178958
2026-08-11 00:22:24,2735.81,768511,3842,-3706.5022,-2402.7534,280.9,6229.776367,-0.0,12459.597656,2.251032,,7.883597,0.78836,3.9e-05,2.631032,10.0,10.0,15.298919,0.0,15.298919,84.701081,63.531825,0.612972,61.178958
2026-08-11 00:22:26,2737.58,769023,3845,-1547.4913,-2385.2016,280.9,2521.085938,0.0,5042.217285,2.262564,,7.247308,0.724731,4.3e-05,1.298296,10.0,10.0,6.996868,0.0,6.996868,93.003132,70.455556,0.695635,61.178958
2026-08-11 00:22:28,2739.34,769535,3847,-1871.6575,-2373.5231,280.9,1562.325317,0.0,3124.695801,2.258735,,5.799626,0.579963,4.2e-05,1.809244,10.0,10.0,7.493542,0.0,7.493542,92.506458,70.616546,0.707621,61.178958
2026-08-11 00:22:29,2741.11,770047,3850,-2147.3204,-2369.7331,280.9,4672.303711,0.0,9344.652344,2.249205,,5.912633,0.591263,4.2e-05,1.353481,10.0,10.0,12.299541,0.0,12.299541,87.700459,66.308522,0.66919,61.178958
2026-08-11 00:22:31,2742.96,770559,3852,-4620.87,-2385.3167,280.9,9386.880859,-0.0,18773.806641,2.253296,,5.249186,0.524919,4e-05,2.13191,10.0,10.0,22.466427,0.0,22.466427,77.533573,58.465817,0.718813,61.178958
2026-08-11 00:22:33,2744.68,771071,3855,325.7154,-2348.7251,280.9,708.164917,0.0,1416.375,2.257279,,9.152988,0.915299,4e-05,0.104697,1.0,1.0,1.174919,0.0,1.174919,98.825081,75.725096,0.605377,61.178958
2026-08-11 00:22:35,2746.45,771583,3857,-3168.847,-2357.5804,280.9,7458.887695,-0.0,14917.820312,2.244782,,8.639834,0.863983,4.1e-05,1.70798,10.0,10.0,14.561571,0.0,14.561571,85.438429,64.191333,0.598809,61.178958
2026-08-11 00:22:37,2748.23,772095,3860,-1736.466,-2368.2848,280.9,2935.22168,0.0,5870.488281,2.249854,,7.741299,0.77413,4e-05,0.877544,7.0,10.0,7.474145,0.0,7.474145,92.525855,70.124549,0.605966,61.178958
2026-08-11 00:22:38,2749.98,772607,3863,-1771.8041,-2349.9904,280.9,2617.806641,-0.0,5235.658203,2.254805,,3.983126,0.398313,4e-05,0.790756,8.0,10.0,6.700023,0.0,6.700023,93.299977,70.857883,0.761226,61.178958
2026-08-11 00:22:40,2751.74,773119,3865,-2607.5301,-2328.4796,281.0,5401.196777,0.0,10802.438477,2.251306,,2.937741,0.293774,4e-05,0.526178,2.0,10.0,14.903508,0.0,14.903508,85.096492,64.873699,0.830759,61.178958
2026-08-11 00:22:42,2753.52,773631,3868,-3734.7434,-2360.1035,281.0,6285.979492,-0.0,12572.003906,2.257659,,5.390036,0.539004,4.2e-05,1.535303,10.0,10.0,13.819302,0.0,13.819302,86.180698,64.571608,0.778247,61.178958
2026-08-11 00:22:44,2755.37,774143,3870,-3776.5881,-2382.2004,281.0,6513.769043,-0.0,13027.583008,2.249341,,6.12421,0.612421,4e-05,3.191327,10.0,10.0,15.499298,0.0,15.499298,84.500702,63.750518,0.751159,61.178958
2026-08-11 00:22:45,2757.11,774655,3873,-1083.5107,-2351.0082,281.0,1416.258423,-0.0,2832.562256,2.264488,,6.560505,0.656051,4.1e-05,0.931036,10.0,10.0,5.134882,0.0,5.134882,94.865118,72.438861,0.702126,61.178958
2026-08-11 00:22:47,2758.88,775167,3875,-2034.9982,-2344.8633,281.0,4065.713867,0.0,8131.473145,2.263756,,5.920891,0.592089,4.2e-05,1.117626,10.0,10.0,8.284644,0.0,8.284644,91.715356,69.800061,0.759592,61.832155
2026-08-11 00:22:49,2760.67,775679,3878,-3268.3747,-2339.3498,281.0,5936.453125,0.0,11872.951172,2.262245,,6.317986,0.631799,4e-05,1.552731,10.0,10.0,20.790482,0.0,20.790482,79.209518,58.741258,0.642082,61.832155
2026-08-11 00:22:51,2762.46,776191,3880,-3587.5114,-2326.5329,281.0,6387.862305,0.0,12775.769531,2.264558,,6.787267,0.678727,4.1e-05,1.499685,10.0,10.0,14.838005,0.0,14.838005,85.161995,64.491889,0.654314,61.832155
2026-08-11 00:22:53,2764.17,776703,3883,-119.1296,-2306.2604,281.0,1160.088013,-0.0,2320.221191,2.25863,,8.511766,0.851177,4.2e-05,0.267225,1.0,10.0,2.444119,0.0,2.444119,97.555881,74.432128,0.575376,61.832155
2026-08-11 00:22:54,2765.95,777215,3886,-1269.5637,-2297.039,281.0,2221.617188,-0.0,4443.279297,2.249671,,10.818269,1.081827,4.2e-05,1.316553,10.0,10.0,6.863942,0.0,6.863942,93.136058,70.843894,0.745685,61.832155
2026-08-11 00:22:56,2767.75,777727,3888,-2200.6931,-2324.9053,281.0,5114.210938,-0.0,10228.466797,2.253102,,9.060182,0.906018,4.1e-05,1.881649,10.0,10.0,11.684669,0.0,11.684669,88.315331,66.391796,0.626683,61.832155
2026-08-11 00:22:58,2769.47,778239,3891,-289.4288,-2301.9448,281.0,1467.501343,0.0,2935.047852,2.259019,,6.451084,0.645108,4e-05,0.590056,4.0,10.0,3.949471,0.0,3.949471,96.050529,73.845342,0.665971,61.832155
2026-08-11 00:23:00,2771.33,778751,3893,-2018.8161,-2283.2963,281.0,3348.963379,-0.0,6697.97168,2.249123,,6.913568,0.691357,4.1e-05,1.898082,10.0,10.0,12.347482,0.0,12.347482,87.652518,65.951504,0.644497,61.832155
2026-08-11 00:23:02,2773.16,779263,3896,-2087.7031,-2305.3385,281.0,4926.419434,-0.0,9852.883789,2.252228,,5.603149,0.560315,4.1e-05,1.954116,10.0,10.0,22.780094,0.0,22.780094,77.219906,57.807466,0.636401,61.832155
2026-08-11 00:23:03,2774.97,779775,3898,-3181.3328,-2311.7759,281.0,7564.001465,-0.0,15128.047852,2.250401,,7.376131,0.737613,4.1e-05,2.273957,10.0,10.0,14.385592,0.0,14.385592,85.614408,64.285949,0.672625,61.832155
2026-08-11 00:23:05,2776.75,780287,3901,-640.2475,-2308.6041,281.0,1040.755005,0.0,2081.555176,2.25299,,8.587209,0.858721,4.2e-05,1.621982,10.0,10.0,4.617915,0.0,4.617915,95.382085,72.165104,0.654529,61.832155
2026-08-11 00:23:07,2778.51,780799,3904,-613.7659,-2287.8716,281.0,830.066833,0.0,1660.178711,2.251476,,8.15002,0.815002,4.2e-05,1.060793,10.0,10.0,4.082086,0.0,4.082086,95.917914,73.207298,0.634671,61.832155
2026-08-11 00:23:09,2780.26,781311,3906,-723.7083,-2275.9901,281.0,2690.000977,-0.0,5380.046875,2.244676,,11.895254,1.189525,4.2e-05,1.044402,10.0,10.0,5.476037,0.0,5.476037,94.523963,71.794343,0.755448,61.832155
2026-08-11 00:23:10,2781.99,781823,3909,-235.5261,-2232.4196,281.0,1287.596924,0.0,2575.23877,2.246987,,12.505528,1.250553,4.2e-05,0.509886,2.0,10.0,3.604734,0.0,3.604734,96.395266,73.55517,0.756337,61.832155
2026-08-11 00:23:12,2783.76,782335,3911,-2369.1986,-2247.0351,281.0,4672.810059,0.0,9345.665039,2.250744,,8.681592,0.868159,4e-05,0.89522,10.0,10.0,15.117876,0.0,15.117876,84.882124,64.749163,0.67883,61.832155
2026-08-11 00:23:14,2785.61,782847,3914,-3941.607,-2278.9922,281.0,8572.149414,0.0,17144.34375,2.253202,,5.561559,0.556156,4e-05,2.8329,10.0,10.0,19.358512,0.0,19.358512,80.641488,59.709447,0.741687,61.832155
2026-08-11 00:23:16,2787.38,783359,3916,-3136.4213,-2268.1348,281.0,7349.226562,0.0,14698.498047,2.244668,,8.310382,0.831038,4e-05,1.05415,10.0,10.0,18.574513,0.0,18.574513,81.425487,62.05784,0.571133,61.832155
2026-08-11 00:23:17,2789.1,783871,3919,-1816.9699,-2242.4202,281.0,4572.044922,-0.0,9144.134766,2.243364,,9.200099,0.92001,4e-05,0.293684,2.0,10.0,8.119947,0.0,8.119947,91.880053,70.098545,0.571618,61.832155
2026-08-11 00:23:19,2790.85,784383,3921,-1699.4638,-2233.6236,281.1,2208.826904,0.0,4417.69873,2.256242,,3.770735,0.377074,4.1e-05,0.61021,10.0,10.0,6.370789,0.0,6.370789,93.629211,71.308771,0.751807,61.832155
2026-08-11 00:23:21,2792.73,784895,3924,-4616.0616,-2253.9974,281.0,9626.40625,-0.0,19252.857422,2.264261,,5.187585,0.518759,4.2e-05,2.838316,10.0,10.0,30.423929,0.0,30.423929,69.576071,50.3503,0.673565,61.832155
2026-08-11 00:23:23,2794.56,785407,3927,-4038.5919,-2271.4313,281.0,7447.842285,0.0,14895.729492,2.223281,,6.889094,0.688909,4.2e-05,1.628294,10.0,10.0,35.916333,0.0,35.916333,64.083667,48.124771,0.681328,61.832155
2026-08-11 00:23:25,2796.26,785919,3929,808.6182,-2242.4881,281.1,683.055115,-0.0,1366.155273,2.251198,,10.93558,1.093558,4.1e-05,0.08761,1.0,1.0,0.0,0.0,0.0,100.0,76.778973,0.65614,61.832155
2026-08-11 00:23:26,2798.0,786431,3932,540.5693,-2227.6544,281.1,496.449036,0.0,992.943054,2.249949,,9.52804,0.952804,4.1e-05,0.683461,8.0,10.0,0.615145,0.0,0.615145,99.384855,76.364148,0.657681,61.832155
2026-08-11 00:23:28,2799.78,786943,3934,-1687.5828,-2229.5575,281.1,4478.525391,0.0,8957.095703,2.243111,,9.428207,0.942821,4.1e-05,1.259847,10.0,10.0,14.105177,0.0,14.105177,85.894823,64.839351,0.66723,61.832155
2026-08-11 00:23:30,2801.59,787455,3937,-2342.9573,-2219.754,281.1,4568.018555,0.0,9136.082031,2.234029,,8.279124,0.827912,4e-05,2.15331,10.0,10.0,11.312543,0.0,11.312543,88.687457,66.328408,0.658152,61.832155
2026-08-11 00:23:32,2803.39,787967,3939,-2161.3211,-2223.7663,281.1,4230.439453,-0.0,8460.923828,2.252535,,6.404299,0.64043,4.2e-05,1.078179,10.0,10.0,14.302083,0.0,14.302083,85.697917,65.607683,0.724169,62.29634
2026-08-11 00:23:34,2805.27,788479,3942,-2882.5309,-2218.1201,281.1,5291.326172,0.0,10582.697266,2.235913,,4.931887,0.493189,3.9e-05,3.626324,10.0,10.0,21.681353,0.0,21.681353,78.318647,57.915363,0.725682,62.29634
2026-08-11 00:23:35,2807.05,788991,3944,-2683.8693,-2201.838,281.1,6185.835938,-0.0,12371.716797,2.242503,,7.494604,0.74946,4.1e-05,0.837309,10.0,10.0,14.469665,0.0,14.469665,85.530335,65.945327,0.574448,62.29634
2026-08-11 00:23:37,2808.83,789503,3947,-765.5382,-2193.6534,281.1,594.839294,-0.0,1189.723511,2.245861,,9.886975,0.988698,4.3e-05,1.340475,10.0,10.0,4.947264,0.0,4.947264,95.052736,72.65277,0.620845,62.29634
2026-08-11 00:23:39,2810.58,790015,3950,220.5775,-2166.5889,281.1,461.781311,0.0,923.607788,2.256928,,11.431873,1.143187,4.3e-05,0.900318,10.0,10.0,2.213788,0.0,2.213788,97.786212,74.318522,0.732883,62.29634
2026-08-11 00:23:41,2812.38,790527,3952,-1369.8038,-2136.8266,281.1,4329.567871,0.0,8659.180664,2.248241,,9.217309,0.921731,4.4e-05,1.407348,10.0,10.0,14.233949,0.0,14.233949,85.766051,65.525829,0.685133,62.29634
2026-08-11 00:23:43,2814.18,791039,3955,-3682.9936,-2153.7684,281.1,8387.476562,-0.0,16774.998047,2.241336,,8.789141,0.878914,4e-05,1.444165,10.0,10.0,19.152495,0.0,19.152495,80.847505,60.641106,0.702888,62.29634
2026-08-11 00:23:44,2815.96,791551,3957,-2150.0291,-2142.7815,281.1,4403.713867,0.0,8807.472656,2.257284,,7.432786,0.743279,4.1e-05,0.756418,10.0,10.0,10.922224,0.0,10.922224,89.077776,67.864673,0.577241,62.29634
2026-08-11 00:23:46,2817.81,792063,3960,-4211.2871,-2163.1763,281.1,8828.135742,-0.0,17656.316406,2.228032,,4.250417,0.425042,4.1e-05,2.751716,10.0,10.0,27.41462,0.0,27.41462,72.58538,54.200491,0.681127,62.29634
2026-08-11 00:23:48,2819.57,792575,3962,-1341.4689,-2152.6419,281.1,3802.588135,0.0,7605.22168,2.261564,,4.98982,0.498982,4.1e-05,0.397847,1.0,10.0,10.25563,0.0,10.25563,89.74437,68.771524,0.676309,62.29634
2026-08-11 00:23:50,2821.37,793087,3965,-2822.6789,-2181.7418,281.1,4865.215332,0.0,9730.475586,2.258385,,4.788774,0.478877,4e-05,1.676507,10.0,10.0,17.767264,0.0,17.767264,82.232736,62.298812,0.711582,62.29634
2026-08-11 00:23:51,2823.12,793599,3968,524.5203,-2168.536,281.1,431.791351,0.0,863.627808,2.25477,,6.841342,0.684134,4e-05,0.469892,4.0,5.0,0.0,0.0,0.0,100.0,76.998451,0.637101,62.29634
2026-08-11 00:23:53,2824.96,794111,3970,-4341.13,-2197.0799,281.1,8702.861328,0.0,17405.767578,2.239363,,5.836189,0.583619,3.9e-05,2.013319,10.0,10.0,21.470086,0.0,21.470086,78.529914,58.501563,0.662848,62.29634
2026-08-11 00:23:55,2826.75,794623,3973,-2334.3663,-2197.7133,281.1,5570.017578,0.0,11140.080078,2.249247,,12.339299,1.23393,4.1e-05,0.985777,8.0,10.0,11.029718,0.0,11.029718,88.970282,66.973347,0.673691,62.29634
2026-08-11 00:23:57,2828.6,795135,3975,-3116.866,-2199.8443,281.1,6892.402344,-0.0,13784.849609,2.246786,,11.625081,1.162508,4.2e-05,2.090546,10.0,10.0,17.428302,0.0,17.428302,82.571698,62.784145,0.642653,62.29634
2026-08-11 00:23:59,2830.38,795647,3978,-1959.3664,-2192.7829,281.1,4408.263672,-0.0,8816.572266,2.260184,,9.535659,0.953566,4.2e-05,1.386815,10.0,10.0,11.206588,0.0,11.206588,88.793412,66.686139,0.721871,62.29634
2026-08-11 00:24:01,2832.2,796159,3980,-2041.4474,-2176.4767,281.1,2960.104736,-0.0,5920.254883,2.258515,,5.491175,0.549118,4e-05,2.674224,10.0,10.0,8.575344,0.0,8.575344,91.424656,69.550655,0.854743,62.29634
2026-08-11 00:24:02,2833.94,796671,3983,-914.8195,-2183.5761,281.1,1495.232178,-0.0,2990.509521,2.264174,,8.653646,0.865365,4.1e-05,0.985192,10.0,10.0,5.715583,0.0,5.715583,94.284417,71.575021,0.540366,62.29634
2026-08-11 00:24:04,2835.8,797183,3985,-4014.0927,-2217.407,281.1,7484.813965,0.0,14969.672852,2.249937,,6.92468,0.692468,4.2e-05,3.195013,10.0,10.0,22.513719,0.0,22.513719,77.486281,57.738956,0.630283,62.29634
2026-08-11 00:24:06,2837.57,797695,3988,-691.3058,-2193.3832,281.1,1701.52063,-0.0,3403.086426,2.256262,,6.457898,0.64579,4.1e-05,1.193975,10.0,10.0,4.914502,0.0,4.914502,95.085498,71.269072,0.687762,62.29634
2026-08-11 00:24:08,2839.36,798207,3991,-4055.4137,-2202.9905,281.1,7509.690918,0.0,15019.426758,2.245779,,5.766032,0.576603,4e-05,2.164355,10.0,10.0,18.125689,0.0,18.125689,81.874311,61.677184,0.714765,62.29634
2026-08-11 00:24:09,2841.13,798719,3993,-2841.7894,-2210.0001,281.1,5215.963867,-0.0,10431.972656,2.239217,,7.439532,0.743953,4.1e-05,1.705327,10.0,10.0,11.646831,0.0,11.646831,88.353169,66.143078,0.672091,62.29634
2026-08-11 00:24:11,2842.97,799231,3996,-4275.4774,-2211.5871,281.1,7978.631836,0.0,15957.308594,2.241772,,8.388384,0.838838,4.1e-05,2.579392,10.0,10.0,24.168666,0.0,24.168666,75.831334,55.893581,0.662736,62.29634
2026-08-11 00:24:13,2844.79,799743,3998,-3568.4987,-2212.6821,281.1,6375.648438,0.0,12751.341797,2.257704,,9.561366,0.956137,4.2e-05,2.844759,10.0,10.0,18.954453,0.0,18.954453,81.045547,60.846654,0.679301,62.29634
2026-08-11 00:24:15,2846.62,800255,4001,-3921.3619,-2229.605,281.1,7788.242676,0.0,15576.530273,2.244926,,9.225875,0.922588,4.1e-05,1.488723,10.0,10.0,23.415903,0.0,23.415903,76.584097,57.724467,0.646574,63.032345
2026-08-11 00:24:17,2848.49,800767,4003,-3253.91,-2231.8674,281.1,7624.183594,0.0,15248.412109,2.232329,,6.125194,0.612519,4e-05,2.494896,10.0,10.0,29.106226,0.0,29.106226,70.893774,51.981516,0.650502,63.032345
2026-08-11 00:24:19,2850.25,801279,4006,-1830.7026,-2236.6236,281.1,1700.820923,-0.0,3401.686768,2.250754,,10.608967,1.060897,4e-05,1.504129,10.0,10.0,11.777929,0.0,11.777929,88.222071,66.501374,0.670058,63.032345
2026-08-11 00:24:20,2852.09,801791,4008,-2895.3299,-2271.2506,281.1,5087.254883,-0.0,10174.554688,2.246113,,7.413629,0.741363,4.2e-05,3.328136,10.0,10.0,12.896871,0.0,12.896871,87.103129,65.030446,0.709824,63.032345
2026-08-11 00:24:22,2853.85,802303,4011,-1818.2841,-2275.1345,281.1,1881.612183,-0.0,3763.269287,2.25008,,5.99951,0.599951,4.2e-05,1.525109,10.0,10.0,7.157475,0.0,7.157475,92.842525,69.75102,0.783109,63.032345
2026-08-11 00:24:24,2855.59,802815,4014,-654.359,-2256.9244,281.1,887.77063,0.0,1775.586426,2.260679,,9.372145,0.937215,4.1e-05,1.137815,10.0,10.0,4.665736,0.0,4.665736,95.334264,71.55019,0.733671,63.032345
2026-08-11 00:24:26,2857.42,803327,4016,-3091.2305,-2264.5937,281.1,6322.46582,-0.0,12644.976562,2.240299,,5.548539,0.554854,4e-05,1.82236,10.0,10.0,31.045889,0.0,31.045889,68.954111,52.824466,0.732318,63.032345
2026-08-11 00:24:28,2859.34,803839,4019,-3362.5487,-2281.0847,281.1,6448.035156,-0.0,12896.115234,2.254402,,4.921941,0.492194,4e-05,2.812279,10.0,10.0,30.15404,0.0,30.15404,69.84596,50.72475,0.770725,63.032345
2026-08-11 00:24:30,2861.19,804351,4021,-4169.944,-2298.9909,281.1,7805.046387,0.0,15610.137695,2.247679,,5.835987,0.583599,4.2e-05,2.992424,10.0,10.0,27.243677,0.0,27.243677,72.756323,54.933196,0.619461,63.032345
2026-08-11 00:24:31,2863.03,804863,4024,-4129.762,-2335.0131,281.1,8221.549805,0.0,16443.144531,2.243259,,6.04285,0.604285,4.1e-05,2.508203,10.0,10.0,19.292019,0.0,19.292019,80.707981,59.916737,0.671026,63.032345
2026-08-11 00:24:33,2864.87,805375,4026,-2394.5974,-2330.3325,281.1,4044.921631,0.0,8089.888184,2.250117,,7.454275,0.745427,4.3e-05,3.289651,10.0,10.0,14.04626,0.0,14.04626,85.95374,65.04955,0.68579,63.032345
2026-08-11 00:24:35,2866.61,805887,4029,-1865.3043,-2314.4004,281.1,4462.739746,-0.0,8925.524414,2.261593,,6.552091,0.655209,4.1e-05,1.371132,10.0,10.0,16.436767,0.0,16.436767,83.563233,62.917801,0.632494,63.032345
2026-08-11 00:24:37,2868.4,806399,4032,-2510.1613,-2327.5598,281.1,4304.461426,-0.0,8608.967773,2.241275,,9.175209,0.917521,4.2e-05,2.420619,10.0,10.0,12.264089,0.0,12.264089,87.735911,65.923848,0.605968,63.032345
2026-08-11 00:24:39,2870.37,806911,4034,-3478.1495,-2325.5798,281.1,6136.898438,-0.0,12273.841797,2.248776,,5.011503,0.50115,4.2e-05,3.053988,10.0,10.0,16.431433,0.0,16.431433,83.568567,62.090751,0.762615,63.032345
2026-08-11 00:24:41,2872.35,807423,4037,-2400.4009,-2321.8439,281.1,5063.284668,0.0,10126.614258,2.239414,,4.451407,0.445141,4e-05,2.600974,10.0,10.0,23.106961,0.0,23.106961,76.893039,58.213635,0.777114,63.032345
2026-08-11 00:24:43,2874.19,807935,4039,394.9701,-2303.5399,281.1,327.940704,0.0,655.926636,2.261376,,5.999737,0.599974,4.2e-05,0.507395,4.0,10.0,0.269145,0.0,0.269145,99.730855,76.575409,0.602957,63.032345
2026-08-11 00:24:44,2876.12,808447,4042,-2082.4811,-2322.2734,281.1,3426.584961,-0.0,6853.214844,2.252319,,5.257564,0.525756,4e-05,1.78528,10.0,10.0,8.666572,0.0,8.666572,91.333428,69.029098,0.688801,63.032345
2026-08-11 00:24:46,2878.1,808959,4044,-3015.8151,-2315.1248,281.1,4960.601562,-0.0,9921.248047,2.236902,,5.601785,0.560178,4.2e-05,3.151748,10.0,10.0,11.912931,0.0,11.912931,88.087069,67.033758,0.729898,63.032345
2026-08-11 00:24:48,2880.09,809471,4047,-3721.2508,-2315.6039,281.1,8159.832031,0.0,16319.708984,2.247612,,4.836863,0.483686,4.1e-05,2.190192,10.0,10.0,30.969924,0.0,30.969924,69.030076,51.5337,0.656032,63.032345
2026-08-11 00:24:50,2881.98,809983,4049,-2065.2783,-2312.2789,281.1,3104.811523,-0.0,6209.667969,2.251266,,6.314022,0.631402,4.1e-05,1.076533,10.0,10.0,8.073341,0.0,8.073341,91.926659,70.505041,0.630705,63.032345
2026-08-11 00:24:52,2883.92,810495,4052,-2797.983,-2327.9353,281.0,4897.69043,-0.0,9795.425781,2.255921,,6.15224,0.615224,4.2e-05,1.972563,10.0,10.0,11.803226,0.0,11.803226,88.196774,66.93573,0.547281,63.032345
2026-08-11 00:24:54,2885.8,811007,4055,-1302.8726,-2307.9436,281.0,3404.32959,-0.0,6808.704102,2.251489,,7.082475,0.708247,4.1e-05,0.752104,9.0,10.0,5.98968,0.0,5.98968,94.01032,71.48999,0.644907,63.032345
2026-08-11 00:24:56,2887.7,811519,4057,-484.0523,-2287.492,281.0,595.943115,-0.0,1191.931152,2.247851,,6.747562,0.674756,4.1e-05,1.429582,10.0,10.0,3.39429,0.0,3.39429,96.60571,72.894786,0.63237,63.032345
2026-08-11 00:24:58,2889.65,812031,4060,-1986.3648,-2291.9779,281.0,2381.358398,0.0,4762.761719,2.256727,,5.781574,0.578157,4.1e-05,2.300457,10.0,10.0,8.435958,0.0,8.435958,91.564042,68.571247,0.65205,63.032345
2026-08-11 00:25:00,2891.57,812543,4062,-2759.9126,-2323.2694,281.0,6164.808594,0.0,12329.662109,2.254828,,4.786519,0.478652,4.1e-05,1.717459,10.0,10.0,14.12809,0.0,14.12809,85.87191,64.941724,0.709328,63.939619
2026-08-11 00:25:02,2893.54,813055,4065,-4456.908,-2333.8559,281.0,9026.155273,0.0,18052.355469,2.24752,,5.977478,0.597748,4.1e-05,2.00524,10.0,10.0,24.480023,0.0,24.480023,75.519977,56.104086,0.540695,63.939619
2026-08-11 00:25:04,2895.47,813567,4067,-3588.3464,-2353.7718,281.0,6135.449219,-0.0,12270.943359,2.241887,,7.720437,0.772044,4.1e-05,1.471109,10.0,10.0,13.278016,0.0,13.278016,86.721984,66.047015,0.628982,63.939619
2026-08-11 00:25:06,2897.4,814079,4070,-3746.3241,-2388.2636,281.0,6096.68457,0.0,12193.414062,2.250662,,8.745183,0.874518,4.1e-05,1.185948,10.0,10.0,15.949778,0.0,15.949778,84.050222,62.919618,0.590393,63.939619
2026-08-11 00:25:08,2899.33,814591,4072,-2852.5652,-2370.3365,281.0,6458.181152,-0.0,12916.407227,2.24293,,5.824776,0.582478,4.1e-05,1.422003,10.0,10.0,17.09733,0.0,17.09733,82.90267,63.094055,0.675146,63.939619
2026-08-11 00:25:10,2901.3,815103,4075,-3566.3858,-2380.0965,280.9,8360.376953,-0.0,16720.798828,2.262961,,5.275432,0.527543,3.9e-05,1.867549,10.0,10.0,27.162549,0.0,27.162549,72.837451,54.31384,0.777536,63.939619
2026-08-11 00:25:12,2903.17,815615,4078,-1564.9926,-2350.0504,280.9,4391.411133,-0.0,8782.867188,2.243752,,7.083854,0.708385,4.1e-05,0.126005,1.0,1.0,7.106312,0.0,7.106312,92.893688,70.511904,0.622913,63.939619
2026-08-11 00:25:13,2905.13,816127,4080,-4666.7747,-2361.35,280.9,9423.609375,-0.0,18847.263672,2.24946,,6.709582,0.670958,4.1e-05,1.618185,10.0,10.0,24.968867,0.0,24.968867,75.031133,56.290266,0.633515,63.939619
2026-08-11 00:25:15,2907.14,816639,4083,-2640.6147,-2363.1573,280.9,5370.518555,0.0,10741.082031,2.238126,,5.159714,0.515971,1.394368,2.775746,10.0,10.0,27.796416,0.0,27.796416,72.203584,53.553676,0.716692,63.939619
2026-08-11 00:25:17,2909.02,817151,4085,-2216.7794,-2367.1148,280.9,4545.463379,-0.0,9090.97168,2.249477,,8.250489,0.825049,4.1e-05,0.417295,1.0,10.0,8.76811,0.0,8.76811,91.23189,69.877624,0.545213,63.939619
2026-08-11 00:25:19,2910.87,817663,4088,99.2019,-2352.7907,280.9,1002.301575,0.0,2004.648315,2.257197,,8.09552,0.809552,4.2e-05,0.050073,0.0,1.0,1.585118,0.0,1.585118,98.414882,75.451218,0.565219,63.939619
2026-08-11 00:25:21,2912.78,818175,4090,-1863.4718,-2345.1385,280.9,2752.314453,-0.0,5504.673828,2.254062,,5.241371,0.524137,4.3e-05,1.42481,10.0,10.0,7.289474,0.0,7.289474,92.710526,70.42655,0.674295,63.939619
2026-08-11 00:25:23,2914.74,818687,4093,-2257.3122,-2341.7499,280.9,4297.172852,0.0,8594.390625,2.256166,,4.394547,0.439455,4.2e-05,1.868215,10.0,10.0,15.341192,0.0,15.341192,84.658808,64.406675,0.726613,63.939619
2026-08-11 00:25:25,2916.63,819199,4096,-2651.971,-2330.6941,280.9,4550.826172,0.0,9101.697266,2.259587,,9.075396,0.90754,4.1e-05,0.618479,3.0,10.0,10.305346,0.0,10.305346,89.694654,68.579352,0.529874,63.939619
2026-08-11 00:25:27,2918.61,819711,4098,-4766.6622,-2341.2957,280.9,10166.967773,-0.0,20333.980469,2.232184,,4.911016,0.491102,4e-05,1.198728,10.0,10.0,38.418628,0.0,38.418628,61.581372,44.942756,0.657086,63.939619
2026-08-11 00:25:29,2920.62,820223,4101,-3829.216,-2364.1129,280.8,6995.966309,-0.0,13991.977539,2.24061,,3.758766,0.375877,4.2e-05,2.379769,10.0,10.0,33.881884,0.0,33.881884,66.118116,49.33464,0.711754,63.939619
2026-08-11 00:25:31,2922.53,820735,4103,-1360.4172,-2359.0005,280.8,3274.862793,0.0,6549.770508,2.250349,,10.604507,1.060451,4.1e-05,1.321161,10.0,10.0,7.392801,0.0,7.392801,92.607199,70.367592,0.684076,63.939619
2026-08-11 00:25:33,2924.45,821247,4106,-1047.1812,-2347.9991,280.8,1854.41626,0.0,3708.877441,2.245307,,11.768385,1.176838,4.1e-05,1.214138,10.0,10.0,6.001119,0.0,6.001119,93.998881,71.321127,0.66884,63.939619
2026-08-11 00:25:35,2926.37,821759,4108,-4218.2828,-2343.9733,280.8,7879.824219,0.0,15759.693359,2.244928,,8.003898,0.80039,4.1e-05,1.420981,10.0,10.0,15.964226,0.0,15.964226,84.035774,63.250788,0.611831,63.939619
2026-08-11 00:25:37,2928.32,822271,4111,-2502.5275,-2372.2557,280.8,5542.799805,0.0,11085.644531,2.238996,,7.198205,0.71982,4.2e-05,1.49564,10.0,10.0,16.476377,0.0,16.476377,83.523623,62.461904,0.688533,63.939619
2026-08-11 00:25:39,2930.28,822783,4113,-4513.4098,-2385.7013,280.8,9036.660156,-0.0,18073.365234,2.243963,,8.656999,0.8657,4.2e-05,2.042879,10.0,10.0,22.45451,0.0,22.45451,77.54549,58.237141,0.622427,63.939619
2026-08-11 00:25:41,2932.22,823295,4116,-3267.4433,-2401.0111,280.8,6729.477539,0.0,13459.0,2.23258,,9.07624,0.907624,4e-05,1.298672,10.0,10.0,18.749182,0.0,18.749182,81.250818,60.962868,0.635202,63.939619
2026-08-11 00:25:42,2934.09,823807,4119,33.796,-2382.9551,280.8,674.494263,-0.0,1349.033447,2.24883,,10.133002,1.0133,4.2e-05,0.661434,4.0,10.0,2.20416,0.0,2.20416,97.79584,74.214316,0.667468,63.939619
2026-08-11 00:25:44,2935.99,824319,4121,-1678.889,-2373.6687,280.8,2244.873291,-0.0,4489.791504,2.245984,,8.712904,0.87129,4.1e-05,0.912271,10.0,10.0,7.216522,0.0,7.216522,92.783478,70.666751,0.650118,63.939619
2026-08-11 00:25:46,2937.91,824831,4124,-3812.7271,-2374.4485,280.8,8456.401367,0.0,16912.847656,2.256299,,7.837769,0.783777,3.9e-05,0.489066,2.0,10.0,21.135735,0.0,21.135735,78.864265,59.206604,0.613355,63.939619
2026-08-11 00:25:48,2939.9,825343,4126,-4282.1142,-2379.5038,280.7,8226.552734,-0.0,16453.150391,2.249723,,3.845356,0.384536,4e-05,2.413591,10.0,10.0,17.502603,0.0,17.502603,82.497397,62.326247,0.69407,65.037893
2026-08-11 00:25:50,2941.82,825855,4129,-3033.1986,-2399.0007,280.7,3763.734375,0.0,7527.513672,2.249826,,6.993557,0.699356,4.2e-05,1.259813,10.0,10.0,10.87413,0.0,10.87413,89.12587,67.31984,0.710465,65.037893
2026-08-11 00:25:52,2943.77,826367,4131,-1866.7714,-2397.3184,280.7,3825.900391,-0.0,7651.845703,2.245721,,9.562461,0.956246,4.1e-05,2.064365,10.0,10.0,9.285084,0.0,9.285084,90.714916,68.534237,0.724892,65.037893
2026-08-11 00:25:54,2945.73,826879,4134,-3322.0324,-2397.855,280.7,5307.264648,-0.0,10614.574219,2.255084,,7.778316,0.777832,4.2e-05,2.05575,10.0,10.0,15.186003,0.0,15.186003,84.813997,63.528149,0.776604,65.037893
2026-08-11 00:25:56,2947.68,827391,4136,-4091.9257,-2402.8991,280.7,7465.905273,-0.0,14931.855469,2.252626,,6.913995,0.691399,4e-05,1.464756,10.0,10.0,22.167136,0.0,22.167136,77.832864,58.214059,0.593101,65.037893
2026-08-11 00:25:58,2949.56,827903,4139,-589.2846,-2407.6007,280.7,737.517273,-0.0,1475.079712,2.257611,,6.759183,0.675918,4.1e-05,0.851548,10.0,10.0,3.868497,0.0,3.868497,96.131503,73.015245,0.549595,65.037893
2026-08-11 00:26:00,2951.62,828415,4142,-3651.3203,-2431.4182,280.7,8364.985352,-0.0,16730.015625,2.241117,,6.748399,0.67484,4.1e-05,1.983149,10.0,10.0,30.622215,0.0,30.622215,69.377785,51.776104,0.602692,65.037893
2026-08-11 00:26:02,2953.52,828927,4144,-889.7713,-2418.309,280.7,1306.255981,0.0,2612.556885,2.249002,,10.021498,1.00215,4.2e-05,1.266756,10.0,10.0,5.145732,0.0,5.145732,94.854268,72.001951,0.710321,65.037893
2026-08-11 00:26:04,2955.45,829439,4147,-2046.3109,-2435.8778,280.6,4723.349609,0.0,9446.744141,2.243922,,5.434567,0.543457,4.3e-05,0.978836,10.0,10.0,21.128486,0.0,21.128486,78.871514,59.487415,0.707204,65.037893
2026-08-11 00:26:06,2957.41,829951,4149,-3340.468,-2449.0944,280.6,6870.835938,-0.0,13741.716797,2.242892,,7.382172,0.738217,4e-05,2.197244,10.0,10.0,16.348963,0.0,16.348963,83.651037,62.438933,0.669134,65.037893
2026-08-11 00:26:08,2959.32,830463,4152,-2066.5604,-2448.8829,280.6,4829.581055,0.0,9659.207031,2.251276,,7.071073,0.707107,4.2e-05,1.103552,10.0,10.0,11.966995,0.0,11.966995,88.033005,66.576761,0.635864,65.037893
2026-08-11 00:26:10,2961.25,830975,4154,-1479.2223,-2431.8618,280.6,3806.313477,-0.0,7612.671875,2.243391,,9.018615,0.901861,4.1e-05,1.690434,10.0,10.0,11.258572,0.0,11.258572,88.741428,67.188234,0.632536,65.037893
2026-08-11 00:26:12,2963.21,831487,4157,-3452.3167,-2459.9825,280.6,6073.861816,0.0,12147.768555,2.246473,,9.999372,0.999937,4.1e-05,1.969687,10.0,10.0,19.200271,0.0,19.200271,80.799729,60.498529,0.623696,65.037893
2026-08-11 00:26:14,2965.2,831999,4160,-4002.5431,-2493.8703,280.6,8231.417969,-0.0,16462.880859,2.242692,,8.136541,0.813654,4.2e-05,2.378575,10.0,10.0,23.591784,0.0,23.591784,76.408216,57.153683,0.5933,65.037893
2026-08-11 00:26:15,2967.07,832511,4162,-29.7225,-2486.9304,280.6,710.345337,-0.0,1420.73584,2.25695,,8.25057,0.825057,4.1e-05,0.802079,10.0,10.0,2.054345,0.0,2.054345,97.945655,74.687205,0.645522,65.037893
2026-08-11 00:26:17,2968.99,833023,4165,-1269.2247,-2497.2674,280.6,1142.389893,-0.0,2284.824707,2.249927,,5.40522,0.540522,4e-05,1.543296,10.0,10.0,5.24248,0.0,5.24248,94.75752,71.778375,0.714081,65.037893
2026-08-11 00:26:19,2970.97,833535,4167,-4859.2306,-2522.1677,280.6,10208.80957,0.0,20417.664062,2.243484,,5.411674,0.541167,4.2e-05,2.464275,10.0,10.0,22.532321,0.0,22.532321,77.467679,57.949632,0.6502,65.037893
2026-08-11 00:26:21,2972.87,834047,4170,-2534.5191,-2508.0969,280.6,5111.239258,-0.0,10222.523438,2.249384,,6.407079,0.640708,4e-05,0.924513,10.0,10.0,10.871623,0.0,10.871623,89.128377,67.11429,0.700038,65.037893
2026-08-11 00:26:23,2974.81,834559,4172,-2737.3503,-2504.1061,280.5,6228.742188,0.0,12457.529297,2.246429,,6.763274,0.676327,4.1e-05,1.796425,10.0,10.0,13.930374,0.0,13.930374,86.069626,65.324032,0.661832,65.037893
2026-08-11 00:26:25,2976.7,835071,4175,-876.8543,-2494.705,280.5,891.517212,0.0,1783.079468,2.253174,,5.753247,0.575325,4.2e-05,1.059932,10.0,10.0,4.7491,0.0,4.7491,95.2509,72.196456,0.677648,65.037893
2026-08-11 00:26:27,2978.72,835583,4177,-4037.065,-2518.081,280.5,7199.532227,-0.0,14399.109375,2.249385,,7.652454,0.765245,4.1e-05,3.569686,10.0,10.0,22.650814,0.0,22.650814,77.349186,57.826784,0.558242,65.037893
2026-08-11 00:26:29,2980.69,836095,4180,-2008.6597,-2492.007,280.5,4227.433594,0.0,8454.912109,2.247998,,6.732908,0.673291,4.2e-05,2.769706,10.0,10.0,12.528297,0.0,12.528297,87.471703,66.070181,0.627288,65.037893
2026-08-11 00:26:31,2982.66,836607,4183,-2802.1753,-2479.6428,280.5,5722.720215,-0.0,11445.485352,2.242705,,6.677915,0.667792,4.1e-05,2.728428,10.0,10.0,11.860775,0.0,11.860775,88.139225,66.26831,0.679928,65.037893
2026-08-11 00:26:33,2984.65,837119,4185,-3530.366,-2523.0327,280.5,8237.908203,0.0,16475.861328,2.225017,,6.699356,0.669936,4.2e-05,2.549401,10.0,10.0,24.159085,0.0,24.159085,75.840915,57.153598,0.662271,65.037893
2026-08-11 00:26:35,2986.59,837631,4188,-2185.9902,-2550.2982,280.5,4226.580566,-0.0,8453.206055,2.240934,,9.128145,0.912815,4.2e-05,1.528812,10.0,10.0,13.275621,0.0,13.275621,86.724379,65.492305,0.61451,65.817682
2026-08-11 00:26:37,2988.52,838143,4190,-3327.0612,-2566.693,280.5,5241.625977,-0.0,10483.296875,2.248668,,9.820298,0.98203,4e-05,1.52626,10.0,10.0,12.85552,0.0,12.85552,87.14448,66.566328,0.685481,65.817682
2026-08-11 00:26:39,2990.44,838655,4193,-2975.2827,-2573.0163,280.4,4151.296387,0.0,8302.637695,2.246048,,7.2624,0.72624,4.1e-05,1.271304,10.0,10.0,10.526452,0.0,10.526452,89.473548,67.752363,0.722692,65.817682
2026-08-11 00:26:41,2992.33,839167,4195,-387.5747,-2555.2788,280.4,1099.785889,0.0,2199.616699,2.251022,,8.129338,0.812934,4.2e-05,0.80843,7.0,10.0,2.940946,0.0,2.940946,97.059054,74.33598,0.763996,65.817682
2026-08-11 00:26:43,2994.29,839679,4198,-1415.293,-2540.6064,280.4,4397.850586,0.0,8795.746094,2.238554,,7.060976,0.706098,4.1e-05,2.093421,10.0,10.0,21.832262,0.0,21.832262,78.167738,58.480065,0.708888,65.817682
2026-08-11 00:26:45,2996.23,840191,4200,-3501.3867,-2548.7816,280.4,8204.051758,-0.0,16408.148438,2.249973,,7.70708,0.770708,4.1e-05,1.125094,10.0,10.0,20.324848,0.0,20.324848,79.675152,59.961314,0.635939,65.817682
2026-08-11 00:26:46,2998.14,840703,4203,-2777.8339,-2568.9046,280.4,4758.887207,0.0,9517.819336,2.251449,,5.991362,0.599136,4e-05,1.368743,10.0,10.0,9.950635,0.0,9.950635,90.049365,68.124441,0.68564,65.817682
2026-08-11 00:26:48,3000.0,841215,4206,482.6659,-2566.2837,280.4,424.413544,-0.0,848.872131,2.252117,,6.678177,0.667818,4.2e-05,0.080215,1.0,1.0,0.066651,0.0,0.066651,99.933349,75.990737,0.602813,65.817682
2026-08-11 00:26:50,3001.95,841727,4208,-2914.2426,-2581.7281,280.4,6092.995605,-0.0,12186.036133,2.250692,,6.806989,0.680699,4.1e-05,2.137741,10.0,10.0,15.313177,0.0,15.313177,84.686823,63.633165,0.584726,65.817682
2026-08-11 00:26:52,3003.92,842239,4211,-2557.9789,-2570.4779,280.4,5209.463379,0.0,10418.97168,2.254926,,8.769843,0.876984,4.1e-05,2.481619,10.0,10.0,14.127276,0.0,14.127276,85.872724,64.649288,0.627858,65.817682
2026-08-11 00:26:54,3005.89,842751,4213,-3774.6789,-2586.7244,280.4,6319.472656,0.0,12638.990234,2.233786,,8.234544,0.823454,4.1e-05,2.345701,10.0,10.0,20.511706,0.0,20.511706,79.488294,59.617939,0.662177,65.817682
2026-08-11 00:26:56,3007.84,843263,4216,-2451.875,-2569.1303,280.4,5231.032227,-0.0,10462.109375,2.254071,,7.18877,0.718877,4.4e-05,1.723489,10.0,10.0,17.719741,0.0,17.719741,82.280259,62.198245,0.641578,65.817682
2026-08-11 00:26:58,3009.83,843775,4218,-4642.0567,-2602.1362,280.3,9478.367188,0.0,18956.779297,2.242667,,4.51345,0.451345,4e-05,3.014364,10.0,10.0,23.224346,0.0,23.224346,76.775654,57.343671,0.75271,65.817682
2026-08-11 00:27:00,3011.76,844287,4221,-2576.8483,-2599.6779,280.3,5293.888184,-0.0,10587.821289,2.244936,,4.910073,0.491007,4.5e-05,1.636001,10.0,10.0,12.940962,0.0,12.940962,87.059038,65.164998,0.630583,65.817682
2026-08-11 00:27:02,3013.72,844799,4224,-3734.4816,-2642.2679,280.3,5996.216797,0.0,11992.478516,2.245441,,6.197928,0.619793,4.2e-05,2.603063,10.0,10.0,14.603356,0.0,14.603356,85.396644,64.71994,0.672872,65.817682
2026-08-11 00:27:04,3015.64,845311,4226,-2255.9798,-2621.4164,280.3,4904.991699,0.0,9810.02832,2.250145,,6.816642,0.681664,4.1e-05,1.296144,10.0,10.0,15.749255,0.0,15.749255,84.250745,63.551362,0.60646,65.817682
2026-08-11 00:27:06,3017.54,845823,4229,-2109.894,-2619.1717,280.3,4358.54541,-0.0,8717.135742,2.247299,,7.63344,0.763344,4.2e-05,1.159626,10.0,10.0,9.507235,0.0,9.507235,90.492765,68.330376,0.55661,65.817682
2026-08-11 00:27:08,3019.43,846335,4231,-2038.2347,-2608.3854,280.3,4557.255371,-0.0,9114.555664,2.250643,,7.87503,0.787503,4.2e-05,0.833391,10.0,10.0,11.286274,0.0,11.286274,88.713726,68.077807,0.585388,65.817682
2026-08-11 00:27:10,3021.37,846847,4234,-4234.2256,-2631.134,280.3,8436.643555,-0.0,16873.332031,2.253669,,5.550477,0.555048,4e-05,1.524581,10.0,10.0,22.071386,0.0,22.071386,77.928614,58.28983,0.653568,65.817682
2026-08-11 00:27:12,3023.26,847359,4236,-897.5967,-2619.6954,280.3,1255.540405,-0.0,2511.125977,2.25387,,10.164852,1.016485,4.3e-05,1.055836,10.0,10.0,4.968657,0.0,4.968657,95.031343,72.770766,0.671016,65.817682
2026-08-11 00:27:14,3025.21,847871,4239,-3040.8355,-2640.9556,280.3,5287.245605,0.0,10574.536133,2.248315,,5.718521,0.571852,4.3e-05,1.823172,10.0,10.0,20.29272,0.0,20.29272,79.70728,59.566745,0.673607,65.817682
2026-08-11 00:27:15,3027.16,848383,4241,-4185.0042,-2642.6647,280.3,8309.606445,-0.0,16619.257812,2.25586,,4.230569,0.423057,4.2e-05,1.14735,10.0,10.0,23.286002,0.0,23.286002,76.713998,57.990115,0.630119,65.817682
2026-08-11 00:27:18,3029.19,848895,4244,-3831.4646,-2674.0663,280.2,8258.423828,-0.0,16516.892578,2.244768,,3.877112,0.387711,4.1e-05,3.796381,10.0,10.0,28.32924,0.0,28.32924,71.67076,52.79102,0.728395,65.817682
2026-08-11 00:27:19,3031.07,849407,4247,165.5975,-2631.8562,280.2,340.424377,-0.0,680.893921,2.257525,,5.93264,0.593264,4.2e-05,0.754358,8.0,10.0,0.98526,0.0,0.98526,99.01474,75.513312,0.679128,65.817682
2026-08-11 00:27:21,3033.06,849919,4249,-3307.779,-2636.5161,280.2,5115.830078,-0.0,10231.705078,2.252992,,6.368207,0.636821,4.1e-05,3.049049,10.0,10.0,13.003182,0.0,13.003182,86.996818,65.385098,0.639622,65.817682
2026-08-11 00:27:23,3035.01,850431,4252,-4047.9404,-2634.2407,280.2,7190.323242,0.0,14380.691406,2.251982,,5.885711,0.588571,4.3e-05,1.717622,10.0,10.0,15.557729,0.0,15.557729,84.442271,63.797539,0.613971,66.650653
2026-08-11 00:27:25,3036.99,850943,4254,-2924.1765,-2627.7975,280.2,6033.351562,0.0,12066.748047,2.245016,,5.313342,0.531334,4.2e-05,2.152849,10.0,10.0,14.946973,0.0,14.946973,85.053027,64.181965,0.709296,66.650653
2026-08-11 00:27:27,3038.92,851455,4257,-754.0429,-2596.1243,280.2,1344.49707,0.0,2689.039062,2.247709,,6.589345,0.658935,4.1e-05,1.510864,10.0,10.0,6.190001,0.0,6.190001,93.809999,70.728173,0.629729,66.650653
2026-08-11 00:27:29,3040.92,851967,4259,-4739.7226,-2610.9824,280.2,9818.892578,0.0,19637.830078,2.251565,,6.142215,0.614222,4.2e-05,3.05829,10.0,10.0,20.520107,0.0,20.520107,79.479893,59.638398,0.656727,66.650653
2026-08-11 00:27:31,3042.82,852479,4262,-1040.8528,-2603.0839,280.2,1969.731323,-0.0,3939.507812,2.255124,,10.176077,1.017608,4.2e-05,1.177107,10.0,10.0,6.037805,0.0,6.037805,93.962195,71.128626,0.63284,66.650653
2026-08-11 00:27:33,3044.69,852991,4264,233.0687,-2571.8,280.2,665.732422,0.0,1331.51001,2.256199,,10.971021,1.097102,4.3e-05,0.535946,4.0,10.0,1.771199,0.0,1.771199,98.228801,75.177513,0.629177,66.650653
2026-08-11 00:27:35,3046.62,853503,4267,-2218.5353,-2575.8025,280.1,4819.833984,-0.0,9639.712891,2.249497,,5.044814,0.504481,4.2e-05,1.133303,10.0,10.0,11.813115,0.0,11.813115,88.186885,66.601942,0.764869,66.650653
2026-08-11 00:27:37,3048.69,854015,4270,-4225.138,-2611.5103,280.1,8425.211914,-0.0,16850.46875,2.243445,,4.382218,0.438222,4.1e-05,2.835973,10.0,10.0,22.518271,0.0,22.518271,77.481729,57.919125,0.695294,66.650653
2026-08-11 00:27:39,3050.62,854527,4272,-2589.1541,-2606.4895,280.1,5499.986328,-0.0,11000.017578,2.255096,,5.088468,0.508847,4.4e-05,1.342646,10.0,10.0,11.421202,0.0,11.421202,88.578798,66.502509,0.635084,66.650653
2026-08-11 00:27:41,3052.48,855039,4275,-395.9217,-2576.8232,280.1,880.417786,-0.0,1760.880615,2.251504,,5.878727,0.587873,4.1e-05,0.179089,1.0,10.0,2.449512,0.0,2.449512,97.550488,74.131585,0.720551,66.650653
2026-08-11 00:27:43,3054.44,855551,4277,-4547.7689,-2580.6015,280.1,9023.782227,-0.0,18047.609375,2.248124,,5.540417,0.554042,4.1e-05,1.736924,10.0,10.0,18.936702,0.0,18.936702,81.063298,60.783638,0.63378,66.650653
2026-08-11 00:27:45,3056.43,856063,4280,-3891.9333,-2578.2232,280.1,6722.779297,0.0,13445.603516,2.242576,,5.453933,0.545393,4.2e-05,2.461519,10.0,10.0,16.653705,0.0,16.653705,83.346295,62.926905,0.719068,66.650653
2026-08-11 00:27:47,3058.39,856575,4282,-2128.3717,-2575.5609,280.1,4485.619141,-0.0,8971.283203,2.243102,,7.783934,0.778393,4e-05,2.257229,10.0,10.0,9.373783,0.0,9.373783,90.626217,68.571134,0.730304,66.650653
2026-08-11 00:27:49,3060.37,857087,4285,-3472.0047,-2591.6279,280.1,8206.771484,-0.0,16413.587891,2.245901,,10.993426,1.099343,4.1e-05,2.20727,10.0,10.0,19.99726,0.0,19.99726,80.00274,59.905827,0.697439,66.650653
2026-08-11 00:27:51,3062.31,857599,4288,-2385.9483,-2590.3858,280.0,4883.139648,-0.0,9766.324219,2.24048,,10.791871,1.079187,4.2e-05,1.407656,10.0,10.0,18.252773,0.0,18.252773,81.747227,61.318687,0.667919,66.650653
2026-08-11 00:27:53,3064.3,858111,4290,-4075.7989,-2596.3623,280.0,8332.4375,-0.0,16664.919922,2.24439,,5.93089,0.593089,4.1e-05,2.147434,10.0,10.0,24.086085,0.0,24.086085,75.913915,56.566173,0.634741,66.650653
2026-08-11 00:27:55,3066.26,858623,4293,-3489.069,-2607.249,280.0,6236.399414,-0.0,12472.84375,2.244811,,7.975599,0.79756,4.1e-05,1.634964,10.0,10.0,19.744844,0.0,19.744844,80.255156,60.933063,0.592494,66.650653
2026-08-11 00:27:56,3068.14,859135,4295,-1288.2659,-2624.0813,280.0,3966.838379,-0.0,7933.72168,2.245507,,7.890625,0.789063,4.2e-05,0.890735,10.0,10.0,6.781704,0.0,6.781704,93.218296,71.008292,0.605344,66.650653
2026-08-11 00:27:58,3070.02,859647,4298,-1182.0793,-2615.0773,280.0,3092.816406,0.0,6185.677734,2.256021,,6.741359,0.674136,4.1e-05,0.332972,1.0,10.0,4.949067,0.0,4.949067,95.050933,72.532691,0.611219,66.650653
2026-08-11 00:28:00,3071.93,860159,4300,-1489.5399,-2599.8146,280.0,4478.498047,0.0,8957.041016,2.243784,,7.008577,0.700858,4.2e-05,0.909006,10.0,10.0,14.329054,0.0,14.329054,85.670946,65.090646,0.607604,66.650653
2026-08-11 00:28:02,3073.82,860671,4303,-1321.8683,-2575.8207,280.0,4678.322266,-0.0,9356.689453,2.247428,,11.455484,1.145548,4.2e-05,0.75033,10.0,10.0,8.04218,0.0,8.04218,91.95782,70.584626,0.721799,66.650653
2026-08-11 00:28:04,3075.75,861183,4305,-2823.4867,-2583.4028,280.0,6063.083984,-0.0,12126.212891,2.243981,,8.000258,0.800026,4.1e-05,1.223831,10.0,10.0,11.165514,0.0,11.165514,88.834486,67.732532,0.609394,66.650653
2026-08-11 00:28:06,3077.72,861695,4308,-3856.6934,-2593.9899,280.0,8304.296875,0.0,16608.638672,2.23722,,3.390085,0.339009,4e-05,1.432708,10.0,10.0,24.348131,0.0,24.348131,75.651869,56.791796,0.743615,66.650653
2026-08-11 00:28:08,3079.67,862207,4311,-1317.5637,-2594.1368,280.0,3265.168945,0.0,6530.382812,2.248104,,5.675853,0.567585,4.1e-05,2.203447,10.0,10.0,6.968378,0.0,6.968378,93.031622,69.848425,0.70135,66.650653
2026-08-11 00:28:10,3081.68,862719,4313,-4299.8944,-2632.2953,280.0,8653.505859,-0.0,17307.056641,2.247049,,3.90783,0.390783,4.2e-05,3.543264,10.0,10.0,23.676659,0.0,23.676659,76.323341,56.317045,0.720221,67.33092
2026-08-11 00:28:12,3083.75,863231,4316,-2402.2661,-2636.4543,279.9,4648.200195,0.0,9296.445312,2.254345,,3.869924,0.386992,4.1e-05,1.944095,10.0,10.0,12.221262,0.0,12.221262,87.778738,65.46056,0.761431,67.33092
2026-08-11 00:28:14,3085.79,863743,4318,-4775.1138,-2656.6063,279.9,9945.994141,0.0,19892.033203,2.244486,,3.929308,0.392931,4e-05,3.744464,10.0,10.0,29.573648,0.0,29.573648,70.426352,52.121966,0.718184,67.33092
2026-08-11 00:28:16,3087.76,864255,4321,-4743.1109,-2659.4683,279.9,9410.541992,-0.0,18821.128906,2.253214,,3.505703,0.35057,4.2e-05,1.764877,10.0,10.0,20.655817,0.0,20.655817,79.344183,58.868094,0.759256,67.33092
2026-08-11 00:28:18,3089.72,864767,4323,-3421.0599,-2657.7954,279.9,6303.483398,-0.0,12607.011719,2.24075,,3.655672,0.365567,4.2e-05,1.785315,10.0,10.0,22.638154,0.0,22.638154,77.361846,58.369721,0.765462,67.33092
2026-08-11 00:28:20,3091.67,865279,4326,-2655.5276,-2646.8875,279.9,5297.894043,-0.0,10595.833008,2.255896,,3.629664,0.362966,4.3e-05,1.814572,10.0,10.0,13.59658,0.0,13.59658,86.40342,64.908543,0.797308,67.33092
2026-08-11 00:28:22,3093.59,865791,4328,-1474.6615,-2633.1084,279.9,2936.769287,0.0,5873.583496,2.243104,,9.369789,0.936979,4.3e-05,1.612408,10.0,10.0,7.333824,0.0,7.333824,92.666176,70.615074,0.566074,67.33092
2026-08-11 00:28:24,3095.55,866303,4331,-3846.6246,-2635.9108,279.9,7135.254395,-0.0,14270.553711,2.249802,,11.616636,1.161664,4.1e-05,1.456456,10.0,10.0,18.614339,0.0,18.614339,81.385661,61.09655,0.653852,67.33092
2026-08-11 00:28:26,3097.43,866815,4334,408.8866,-2616.172,279.8,1174.001465,0.0,2348.047852,2.248184,,14.935544,1.493554,4.2e-05,0.650849,9.0,10.0,2.014163,0.0,2.014163,97.985837,75.572022,0.67902,67.33092
2026-08-11 00:28:28,3099.32,867327,4336,-474.1126,-2574.2454,279.8,677.1297,-0.0,1354.304443,2.249688,,8.483791,0.848379,3.9e-05,0.969695,10.0,10.0,3.395537,0.0,3.395537,96.604463,73.674461,0.684482,67.33092
2026-08-11 00:28:30,3101.28,867839,4339,-1866.8378,-2566.5077,279.8,4637.924316,0.0,9275.893555,2.240643,,7.453059,0.745306,4.1e-05,1.75967,10.0,10.0,21.586899,0.0,21.586899,78.413101,58.531564,0.720893,67.33092
2026-08-11 00:28:32,3103.24,868351,4341,-3425.8774,-2578.5986,279.8,6277.397461,-0.0,12554.839844,2.240424,,6.971734,0.697173,4.2e-05,1.944692,10.0,10.0,21.387166,0.0,21.387166,78.612834,59.276287,0.667944,67.33092
2026-08-11 00:28:34,3105.16,868863,4344,-2100.6797,-2600.5974,279.8,4857.987305,-0.0,9716.019531,2.248014,,6.79222,0.679222,4.1e-05,0.80907,10.0,10.0,13.648923,0.0,13.648923,86.351077,65.41938,0.683115,67.33092
2026-08-11 00:28:35,3107.12,869375,4346,-3163.079,-2613.5935,279.8,7430.47168,-0.0,14860.988281,2.244392,,7.652129,0.765213,4e-05,2.208878,10.0,10.0,17.854366,0.0,17.854366,82.145634,61.507167,0.620907,67.33092
2026-08-11 00:28:37,3109.07,869887,4349,-2407.5554,-2615.096,279.8,5001.1875,-0.0,10002.419922,2.248892,,7.078118,0.707812,4.1e-05,1.829005,10.0,10.0,10.508521,0.0,10.508521,89.491479,67.05987,0.628805,67.33092
2026-08-11 00:28:39,3110.92,870399,4352,-395.6484,-2592.5327,279.8,1985.063843,-0.0,3970.172852,2.25389,,9.178304,0.91783,4.2e-05,0.169217,1.0,10.0,3.129279,0.0,3.129279,96.870721,73.896452,0.582814,67.33092
2026-08-11 00:28:41,3112.84,870911,4354,-1408.282,-2558.9489,279.8,4499.64209,0.0,8999.329102,2.242675,,8.348086,0.834809,4.1e-05,1.206952,10.0,10.0,12.536367,0.0,12.536367,87.463633,66.263837,0.699462,67.33092
2026-08-11 00:28:43,3114.72,871423,4357,669.8004,-2513.9588,279.8,695.74762,-0.0,1391.540283,2.255072,,12.285081,1.228508,4.2e-05,0.730194,9.0,10.0,0.72701,0.0,0.72701,99.27299,75.816324,0.620164,67.33092
2026-08-11 00:28:45,3116.61,871935,4359,-1718.8118,-2517.5427,279.8,2826.692871,0.0,5653.430664,2.257481,,6.197484,0.619748,4.2e-05,0.870012,10.0,10.0,6.600462,0.0,6.600462,93.399538,71.352059,0.656997,67.33092
2026-08-11 00:28:47,3118.55,872447,4362,-2374.5304,-2530.8162,279.8,4605.333984,-0.0,9210.712891,2.23208,,5.571176,0.557118,4e-05,1.346061,10.0,10.0,20.431527,0.0,20.431527,79.568473,59.586847,0.666955,67.33092
2026-08-11 00:28:49,3120.52,872959,4364,-4688.1049,-2535.5144,279.7,9519.313477,-0.0,19038.671875,2.239073,,8.238353,0.823835,4.2e-05,2.269389,10.0,10.0,20.977986,0.0,20.977986,79.022014,59.611766,0.57112,67.33092
2026-08-11 00:28:51,3122.47,873471,4367,-2214.9702,-2532.6388,279.7,3503.091309,0.0,7006.227539,2.240316,,6.851943,0.685194,4.1e-05,2.441396,10.0,10.0,9.884286,0.0,9.884286,90.115714,67.771176,0.644065,67.33092
2026-08-11 00:28:53,3124.47,873983,4369,-2227.7652,-2509.7824,279.7,3295.07666,-0.0,6590.197754,2.228375,,6.255022,0.625502,4e-05,3.171084,10.0,10.0,8.894956,0.0,8.894956,91.105044,68.362175,0.6539,67.33092
2026-08-11 00:28:55,3126.43,874495,4372,-4428.0132,-2521.3881,279.7,8615.608398,0.0,17231.261719,2.236508,,4.393622,0.439362,4e-05,1.718437,10.0,10.0,21.652713,0.0,21.652713,78.347287,59.017748,0.720849,67.33092
2026-08-11 00:28:57,3128.33,875007,4375,-2697.3198,-2548.6993,279.7,6045.143555,0.0,12090.332031,2.247828,,7.051671,0.705167,4.1e-05,0.149024,1.0,2.0,10.948739,0.0,10.948739,89.051261,68.124284,0.642074,68.059601
2026-08-11 00:28:59,3130.35,875519,4377,-4522.6107,-2577.1365,279.7,9124.442383,-0.0,18248.929688,2.222235,,5.899137,0.589914,3.9e-05,3.753558,10.0,10.0,24.789288,0.0,24.789288,75.210712,55.534576,0.686689,68.059601
2026-08-11 00:29:01,3132.24,876031,4380,-669.1966,-2545.7012,279.7,1567.579834,-0.0,3135.20459,2.243386,,6.340961,0.634096,4.1e-05,0.825572,10.0,10.0,5.914913,0.0,5.914913,94.085087,72.107442,0.629983,68.059601
2026-08-11 00:29:02,3134.13,876543,4382,-1658.1297,-2519.4613,279.7,4328.918457,-0.0,8657.881836,2.252717,,6.303946,0.630395,4.2e-05,0.781968,10.0,10.0,12.588495,0.0,12.588495,87.411505,66.424075,0.6308,68.059601
2026-08-11 00:29:04,3136.08,877055,4385,-4195.094,-2531.0803,279.7,8649.075195,-0.0,17298.195312,2.234035,,5.051629,0.505163,4e-05,0.994954,10.0,10.0,27.977324,0.0,27.977324,72.022676,53.883247,0.627703,68.059601
2026-08-11 00:29:06,3137.95,877567,4387,-913.8271,-2521.5508,279.7,2844.650391,-0.0,5689.345703,2.239259,,8.789039,0.878904,4.1e-05,0.657452,7.0,10.0,4.569341,0.0,4.569341,95.430659,73.027364,0.55539,68.059601
2026-08-11 00:29:08,3139.95,878079,4390,-2608.302,-2514.4135,279.6,3629.023438,-0.0,7258.091797,2.238173,,6.100289,0.610029,4.1e-05,1.925186,10.0,10.0,9.881681,0.0,9.881681,90.118319,68.168622,0.649496,68.059601
2026-08-11 00:29:10,3141.9,878591,4392,-4835.8518,-2521.8528,279.6,10105.136719,-0.0,20210.318359,2.237092,,6.630132,0.663013,4.1e-05,1.595792,10.0,10.0,26.832439,0.0,26.832439,73.167561,55.491249,0.678891,68.059601
2026-08-11 00:29:12,3143.75,879103,4395,325.7069,-2512.7029,279.6,533.25116,-0.0,1066.547119,2.241383,,8.693743,0.869374,4.1e-05,0.347456,1.0,10.0,1.206232,0.0,1.206232,98.793768,75.963536,0.613833,68.059601
2026-08-11 00:29:14,3145.72,879615,4398,-3441.9175,-2510.6089,279.6,6478.444336,0.0,12956.933594,2.225843,,6.328505,0.63285,4.1e-05,2.046446,10.0,10.0,25.600716,0.0,25.600716,74.399284,55.174259,0.612211,68.059601
2026-08-11 00:29:16,3147.65,880127,4400,-3010.1564,-2531.8127,279.6,5916.501953,0.0,11833.048828,2.238405,,6.982235,0.698224,4.2e-05,1.661996,10.0,10.0,15.296392,0.0,15.296392,84.703608,63.805468,0.540576,68.059601
2026-08-11 00:29:18,3149.58,880639,4403,-1862.665,-2529.9762,279.6,4567.956055,-0.0,9135.957031,2.233152,,6.759608,0.675961,4.3e-05,1.438655,10.0,10.0,14.282364,0.0,14.282364,85.717636,64.435866,0.626851,68.059601
2026-08-11 00:29:20,3151.45,881151,4405,-2061.473,-2517.1863,279.6,3484.992188,-0.0,6970.029297,2.239418,,7.46286,0.746286,4.2e-05,0.738627,10.0,10.0,7.751487,0.0,7.751487,92.248513,70.290498,0.601037,68.059601
2026-08-11 00:29:22,3153.31,881663,4408,-1414.6081,-2510.6668,279.6,2476.370605,-0.0,4952.786133,2.239078,,7.00614,0.700614,4e-05,0.538836,5.0,10.0,5.805823,0.0,5.805823,94.194177,71.257016,0.587277,68.059601
2026-08-11 00:29:24,3155.34,882175,4410,-4892.3746,-2544.7983,279.6,10204.573242,-0.0,20409.191406,2.207539,,4.242321,0.424232,4e-05,2.753048,10.0,10.0,46.450013,0.0,46.450013,53.549987,39.160329,0.729555,68.059601
2026-08-11 00:29:26,3157.29,882687,4413,-3344.6002,-2543.7211,279.6,5692.276367,0.0,11384.597656,2.234319,,6.759838,0.675984,4.1e-05,2.278213,10.0,10.0,16.39102,0.0,16.39102,83.60898,62.365934,0.677593,68.059601
2026-08-11 00:29:28,3159.21,883199,4416,-2752.4635,-2531.2203,279.6,6333.289062,0.0,12666.623047,2.239125,,7.080739,0.708074,4.2e-05,0.855863,10.0,10.0,17.153392,0.0,17.153392,82.846608,62.762676,0.616862,68.059601
2026-08-11 00:29:29,3161.13,883711,4418,-3746.2552,-2568.3857,279.6,6741.749512,0.0,13483.543945,2.226341,,6.405297,0.64053,4e-05,1.659051,10.0,10.0,14.956286,0.0,14.956286,85.043714,63.731999,0.671537,68.059601
2026-08-11 00:29:31,3163.11,884223,4421,-4062.5863,-2596.3193,279.5,7510.533203,-0.0,15021.111328,2.232235,,7.186875,0.718687,4.1e-05,2.629128,10.0,10.0,19.962526,0.0,19.962526,80.037474,59.782848,0.649084,68.059601
2026-08-11 00:29:33,3164.99,884735,4423,-1168.5153,-2559.4121,279.5,4161.163086,-0.0,8322.371094,2.224542,,10.222705,1.02227,4e-05,0.788087,10.0,10.0,7.413606,0.0,7.413606,92.586394,71.505853,0.749106,68.059601
2026-08-11 00:29:35,3166.98,885247,4426,-1968.7078,-2553.754,279.5,4323.453125,0.0,8646.951172,2.233572,,5.633438,0.563344,4.1e-05,2.572089,10.0,10.0,23.727094,0.0,23.727094,76.272906,56.560428,0.747548,68.059601
2026-08-11 00:29:37,3168.92,885759,4428,-2400.681,-2550.3873,279.5,4620.607422,-0.0,9241.259766,2.239261,,5.332784,0.533278,4.1e-05,1.607156,10.0,10.0,16.967725,0.0,16.967725,83.032275,62.844979,0.597297,68.059601
2026-08-11 00:29:39,3170.86,886271,4431,-3835.1068,-2579.9698,279.5,7249.765625,0.0,14499.576172,2.241004,,5.3595,0.53595,4.1e-05,1.319371,10.0,10.0,17.122752,0.0,17.122752,82.877248,61.781131,0.611073,68.059601
2026-08-11 00:29:41,3172.86,886783,4433,-4820.1185,-2587.8004,279.5,9920.108398,0.0,19840.261719,2.22335,,5.995357,0.599536,4e-05,2.300777,10.0,10.0,40.58357,0.0,40.58357,59.41643,43.899256,0.576746,68.059601
2026-08-11 00:29:43,3174.8,887295,4436,-4330.6539,-2611.0203,279.5,8078.609375,-0.0,16157.263672,2.233527,,9.231675,0.923167,4.2e-05,1.95672,10.0,10.0,19.858446,0.0,19.858446,80.141554,60.122434,0.651958,68.059601
2026-08-11 00:29:45,3176.73,887807,4439,-829.127,-2591.2898,279.5,1685.183838,-0.0,3370.412109,2.223945,,9.05989,0.905989,4.1e-05,1.805925,10.0,10.0,4.788287,0.0,4.788287,95.211713,72.268505,0.659511,69.297829
2026-08-11 00:29:47,3178.7,888319,4441,-4515.9634,-2601.1458,279.5,9117.276367,-0.0,18234.597656,2.225442,,7.174815,0.717481,4.4e-05,1.773298,10.0,10.0,28.358597,0.0,28.358597,71.641403,53.912455,0.605228,69.297829
2026-08-11 00:29:49,3180.57,888831,4444,-1111.2176,-2590.3981,279.5,1273.30481,0.0,2546.654297,2.231505,,6.978742,0.697874,4.1e-05,0.758392,10.0,10.0,4.732061,0.0,4.732061,95.267939,72.280645,0.66389,69.297829
2026-08-11 00:29:51,3182.48,889343,4446,-2269.3556,-2579.821,279.5,4088.914795,0.0,8177.874023,2.233536,,9.986146,0.998615,4.1e-05,1.27395,10.0,10.0,9.265884,0.0,9.265884,90.734116,68.958492,0.667652,69.297829
2026-08-11 00:29:53,3184.36,889855,4449,-3099.8466,-2581.0667,279.4,4915.397949,-0.0,9830.84082,2.230149,,10.124176,1.012418,4.1e-05,0.673646,10.0,10.0,11.294892,0.0,11.294892,88.705108,66.884195,0.738346,69.297829
2026-08-11 00:29:55,3186.28,890367,4451,-3915.182,-2616.3427,279.4,6867.170898,0.0,13734.386719,2.237562,,7.074026,0.707403,4.1e-05,1.431149,10.0,10.0,13.545939,0.0,13.545939,86.454061,65.315551,0.663106,69.297829
2026-08-11 00:29:57,3188.16,890879,4454,-743.8475,-2609.6283,279.4,1351.025146,-0.0,2702.094971,2.237318,,6.754425,0.675442,4.3e-05,1.179473,10.0,10.0,4.046148,0.0,4.046148,95.953852,72.81249,0.654966,69.297829
2026-08-11 00:29:58,3190.1,891391,4456,-3486.7215,-2609.4816,279.4,8120.90625,-0.0,16241.857422,2.227864,,7.110476,0.711048,4.1e-05,0.972732,10.0,10.0,25.287932,0.0,25.287932,74.712068,56.173853,0.601827,69.297829
2026-08-11 00:30:00,3192.07,891903,4459,-2310.0433,-2604.8037,279.4,5467.064453,-0.0,10934.173828,2.223575,,7.459516,0.745952,4e-05,2.075224,10.0,10.0,17.531335,0.0,17.531335,82.468665,61.605407,0.692657,69.297829
2026-08-11 00:30:02,3194.06,892415,4462,-3236.8358,-2641.9987,279.4,5189.597168,-0.0,10379.238281,2.221536,,8.221005,0.8221,4.1e-05,3.093111,10.0,10.0,13.254258,0.0,13.254258,86.745742,65.336263,0.752752,69.297829
2026-08-11 00:30:04,3196.01,892927,4464,-2919.7472,-2642.0538,279.4,6088.278809,-0.0,12176.601562,2.216448,,9.779804,0.97798,4e-05,2.437352,10.0,10.0,14.208661,0.0,14.208661,85.791339,65.248058,0.716059,69.297829
2026-08-11 00:30:06,3197.92,893439,4467,-1587.3242,-2632.3472,279.4,4528.931152,-0.0,9057.907227,2.222296,,9.096852,0.909685,4.1e-05,0.873181,10.0,10.0,7.845517,0.0,7.845517,92.154483,69.914234,0.656062,69.297829
2026-08-11 00:30:08,3199.89,893951,4469,-3323.3621,-2627.8341,279.4,5620.521484,-0.0,11241.087891,2.231429,,5.238397,0.52384,4.1e-05,2.545264,10.0,10.0,21.407751,0.0,21.407751,78.592249,58.840803,0.682615,69.297829
2026-08-11 00:30:10,3201.87,894463,4472,-4367.0411,-2646.9857,279.4,8165.359863,0.0,16330.763672,2.220491,,5.313291,0.531329,4e-05,1.901591,10.0,10.0,25.110067,0.0,25.110067,74.889933,56.522622,0.689763,69.297829
2026-08-11 00:30:12,3203.79,894975,4474,-1681.1549,-2617.3767,279.3,1490.890259,-0.0,2981.825195,2.234055,,8.282436,0.828244,4.1e-05,1.542467,10.0,10.0,6.665163,0.0,6.665163,93.334837,71.787989,0.709567,69.297829
2026-08-11 00:30:14,3205.69,895487,4477,-1806.3379,-2609.6716,279.3,3212.39624,-0.0,6424.836914,2.227822,,6.175818,0.617582,4e-05,0.673804,6.0,10.0,6.722108,0.0,6.722108,93.277892,71.425591,0.709856,69.297829
2026-08-11 00:30:16,3207.69,895999,4480,-3391.0099,-2606.2369,279.3,6211.709473,0.0,12423.463867,2.224403,,6.360304,0.63603,3.9e-05,3.171029,10.0,10.0,18.45997,0.0,18.45997,81.54003,61.258166,0.599803,69.297829
2026-08-11 00:30:18,3209.59,896511,4482,-3726.1466,-2620.9386,279.3,6494.947266,0.0,12989.939453,2.228397,,8.719489,0.871949,4.2e-05,0.673545,10.0,10.0,13.413872,0.0,13.413872,86.586128,65.634972,0.638645,69.297829
2026-08-11 00:30:20,3211.55,897023,4485,-3775.2848,-2637.5925,279.3,6263.239746,-0.0,12526.524414,2.223945,,7.601984,0.760198,4e-05,2.145918,10.0,10.0,13.491186,0.0,13.491186,86.508814,64.456549,0.676691,69.297829
2026-08-11 00:30:22,3213.51,897535,4487,-3250.5802,-2649.7159,279.3,5930.13623,0.0,11860.317383,2.233053,,5.169312,0.516931,4.1e-05,2.257129,10.0,10.0,15.460351,0.0,15.460351,84.539649,63.346938,0.67053,69.297829
2026-08-11 00:30:24,3215.43,898047,4490,-2208.9048,-2629.4627,279.3,3967.645752,0.0,7935.335938,2.224946,,6.548237,0.654824,4e-05,1.627621,10.0,10.0,9.178494,0.0,9.178494,90.821506,68.362979,0.547347,69.297829
2026-08-11 00:30:26,3217.35,898559,4492,-2621.2844,-2646.6996,279.3,6483.744629,0.0,12967.533203,2.22078,,10.732246,1.073225,4.2e-05,1.025949,10.0,10.0,14.560207,0.0,14.560207,85.439793,64.832881,0.638181,69.297829
2026-08-11 00:30:28,3219.29,899071,4495,-1979.31,-2636.0843,279.3,4744.053223,-0.0,9488.150391,2.212661,,7.205465,0.720546,4.2e-05,1.567146,10.0,10.0,16.4248,0.0,16.4248,83.5752,63.035305,0.636371,69.297829
2026-08-11 00:30:30,3221.19,899583,4497,-1586.4643,-2610.0989,279.3,3861.67627,0.0,7723.397461,2.236453,,4.983228,0.498323,4.2e-05,1.048357,10.0,10.0,6.777778,0.0,6.777778,93.222222,71.025631,0.777438,69.297829
2026-08-11 00:30:31,3223.1,900095,4500,-1846.3853,-2590.2481,279.3,4259.444336,0.0,8518.933594,2.244201,,3.825502,0.38255,4.1e-05,0.616351,3.0,10.0,11.182789,0.0,11.182789,88.817211,67.756188,0.786895,69.973431
2026-08-11 00:30:33,3225.12,900607,4503,-3020.6233,-2622.1104,279.2,6189.52832,-0.0,12379.101562,2.229854,,6.930174,0.693017,4e-05,1.667284,10.0,10.0,17.264604,0.0,17.264604,82.735396,62.234174,0.640801,69.973431
2026-08-11 00:30:36,3227.17,901119,4505,-4809.7782,-2637.1303,279.2,10067.836914,0.0,20135.71875,2.21279,,6.225962,0.622596,4e-05,3.763272,10.0,10.0,27.878749,0.0,27.878749,72.121251,53.580304,0.601028,69.973431
2026-08-11 00:30:37,3229.11,901631,4508,-829.4863,-2604.9458,279.2,1466.685913,-0.0,2933.41626,2.224701,,7.813996,0.7814,4e-05,1.666957,10.0,10.0,7.09606,0.0,7.09606,92.90394,70.668832,0.655038,69.973431
2026-08-11 00:30:39,3231.0,902143,4510,-107.5262,-2576.7793,279.2,269.509369,0.0,539.063232,2.224998,,6.290302,0.62903,4.1e-05,1.224671,10.0,10.0,1.857276,0.0,1.857276,98.142724,74.602361,0.722376,69.973431
2026-08-11 00:30:41,3232.91,902655,4513,-1523.3881,-2584.4728,279.2,3591.470215,-0.0,7182.984863,2.231211,,8.274794,0.827479,4.3e-05,1.097826,10.0,10.0,6.327745,0.0,6.327745,93.672255,71.017649,0.641279,69.973431
2026-08-11 00:30:43,3234.9,903167,4515,-3383.9406,-2570.9149,279.2,7152.091309,0.0,14304.226562,2.216752,,7.268584,0.726858,4.1e-05,2.702327,10.0,10.0,18.122191,0.0,18.122191,81.877809,61.427132,0.6566,69.973431
2026-08-11 00:30:45,3236.84,903679,4518,-3286.2631,-2593.369,279.2,5439.74707,0.0,10879.539062,2.23188,,5.779275,0.577928,4.1e-05,1.739457,10.0,10.0,11.300422,0.0,11.300422,88.699578,66.920579,0.646494,69.973431
2026-08-11 00:30:47,3238.83,904191,4520,-3664.5914,-2632.3456,279.2,7173.199219,-0.0,14346.443359,2.22535,,4.525612,0.452561,3.9e-05,3.323372,10.0,10.0,13.940799,0.0,13.940799,86.059201,64.602875,0.707087,69.973431
2026-08-11 00:30:49,3240.74,904703,4523,-610.8766,-2616.2691,279.2,1972.478882,-0.0,3945.002441,2.233363,,5.719569,0.571957,4.1e-05,0.866762,10.0,10.0,8.951924,0.0,8.951924,91.048076,68.541403,0.631555,69.973431
2026-08-11 00:30:51,3242.68,905215,4526,-3812.1718,-2612.1394,279.2,6431.00293,-0.0,12862.050781,2.23052,,5.260635,0.526064,4e-05,1.611794,10.0,10.0,18.718216,0.0,18.718216,81.281784,61.674958,0.709118,69.973431
2026-08-11 00:30:53,3244.59,905727,4528,-1508.4436,-2601.3323,279.2,1599.482666,-0.0,3199.01001,2.231888,,6.182738,0.618274,4e-05,0.987042,10.0,10.0,5.721929,0.0,5.721929,94.278071,72.046121,0.644748,69.973431
2026-08-11 00:30:55,3246.47,906239,4531,-300.3235,-2600.3763,279.1,686.076538,-0.0,1372.197876,2.237915,,6.979392,0.697939,4.2e-05,0.616704,9.45,10.0,2.421176,0.0,2.421176,97.578824,74.804492,0.617794,69.973431
2026-08-11 00:30:57,3248.55,906751,4533,-3378.7878,-2588.6865,279.1,5449.524414,0.0,10899.09375,2.221825,,5.502597,0.55026,4.1e-05,2.722853,10.0,10.0,13.541294,0.0,13.541294,86.458706,65.192686,0.714877,69.973431
2026-08-11 00:30:59,3250.56,907263,4536,-2194.447,-2571.7116,279.1,4941.20459,0.0,9882.453125,2.219563,,7.741429,0.774143,3.9e-05,1.318032,10.0,10.0,20.139361,0.0,20.139361,79.860639,59.48452,0.680229,69.973431
2026-08-11 00:31:01,3252.55,907775,4538,-2283.5818,-2573.2637,279.1,4795.499023,-0.0,9591.042969,2.23378,,7.614869,0.761487,4.2e-05,2.47595,10.0,10.0,13.998364,0.0,13.998364,86.001636,64.910846,0.69671,69.973431
2026-08-11 00:31:03,3254.45,908287,4541,-1664.0832,-2555.1845,279.1,4620.243652,-0.0,9240.532227,2.231273,,8.078235,0.807823,4.1e-05,0.588815,4.0,10.0,15.242806,0.0,15.242806,84.757194,64.269732,0.5838,69.973431
2026-08-11 00:31:05,3256.32,908799,4544,-1044.8638,-2541.7737,279.1,3146.25,-0.0,6292.544922,2.236334,,10.491588,1.049159,4.1e-05,0.656628,7.0,10.0,5.169587,0.0,5.169587,94.830413,71.868452,0.599936,69.973431
2026-08-11 00:31:07,3258.22,909311,4546,-2523.7492,-2526.2532,279.1,6182.492188,0.0,12365.029297,2.229581,,8.568911,0.856891,4.1e-05,0.971775,10.0,10.0,14.499032,0.0,14.499032,85.500968,63.991407,0.629845,69.973431
2026-08-11 00:31:09,3260.27,909823,4549,-4438.7727,-2535.7502,279.1,8841.543945,-0.0,17683.132812,2.217976,,8.212747,0.821275,4e-05,3.967412,10.0,10.0,25.143671,0.0,25.143671,74.856329,55.389942,0.660873,69.973431
2026-08-11 00:31:11,3262.18,910335,4551,-2813.901,-2551.0066,279.1,6710.603516,-0.0,13421.251953,2.225086,,8.548417,0.854842,4.3e-05,0.926248,10.0,10.0,17.435084,0.0,17.435084,82.564916,62.637868,0.614897,69.973431
2026-08-11 00:31:12,3264.11,910847,4554,-3770.9559,-2576.8953,279.0,6270.045898,-0.0,12540.136719,2.232795,,7.032934,0.703293,4.2e-05,1.539477,10.0,10.0,14.329199,0.0,14.329199,85.670801,64.664972,0.648924,69.973431
2026-08-11 00:31:14,3266.02,911359,4556,-2740.9398,-2589.4093,279.0,5563.583496,0.0,11127.211914,2.231891,,6.339414,0.633941,4e-05,0.775631,10.0,10.0,15.958829,0.0,15.958829,84.041171,63.944596,0.570984,69.973431
2026-08-11 00:31:16,3267.95,911871,4559,-2489.7389,-2601.088,279.0,4405.344727,0.0,8810.734375,2.229539,,6.8445,0.68445,4.1e-05,1.884169,10.0,10.0,9.271212,0.0,9.271212,90.728788,68.367293,0.684591,69.973431
2026-08-11 00:31:18,3269.88,912383,4561,-2307.8431,-2595.9316,279.0,4503.984375,0.0,9008.013672,2.233717,,6.577985,0.657799,4.2e-05,1.855763,10.0,10.0,12.205537,0.0,12.205537,87.794463,65.801865,0.566511,69.973431
2026-08-11 00:31:20,3271.74,912895,4564,-391.3046,-2561.2777,279.0,674.721558,-0.0,1349.487915,2.240757,,7.310412,0.731041,4.1e-05,0.613224,9.0,10.0,2.757149,0.0,2.757149,97.242851,74.289023,0.548169,70.577721
2026-08-11 00:31:22,3273.64,913407,4567,-1371.2428,-2561.8145,279.0,4459.895508,0.0,8919.835938,2.229824,,9.5152,0.95152,4.4e-05,0.759461,10.0,10.0,9.187943,0.0,9.187943,90.812057,69.233392,0.556805,70.577721
2026-08-11 00:31:24,3275.54,913919,4569,-1801.322,-2536.8288,279.0,4556.087402,-0.0,9112.219727,2.235788,,10.768248,1.076825,4.1e-05,0.866271,10.0,10.0,11.256635,0.0,11.256635,88.743365,67.110312,0.58361,70.577721
2026-08-11 00:31:26,3277.52,914431,4572,-3865.6474,-2551.4626,279.0,7970.358887,0.0,15940.761719,2.217478,,7.576977,0.757698,4.2e-05,3.017033,10.0,10.0,19.372545,0.0,19.372545,80.627455,59.815455,0.670274,70.577721
2026-08-11 00:31:28,3279.44,914943,4574,-1879.5201,-2522.5067,279.0,2962.460938,0.0,5924.966797,2.235348,,9.604259,0.960426,4.1e-05,1.586605,10.0,10.0,8.597808,0.0,8.597808,91.402192,69.591374,0.574087,70.577721
2026-08-11 00:31:30,3281.37,915455,4577,-2436.7288,-2499.4428,279.0,2342.616943,-0.0,4685.27832,2.221883,,10.308373,1.030837,4.1e-05,1.655472,10.0,10.0,13.254035,0.0,13.254035,86.745965,64.869531,0.638173,70.577721
2026-08-11 00:31:32,3283.33,915967,4579,-2230.2424,-2487.5347,279.0,5507.35791,0.0,11014.759766,2.21955,,10.230246,1.023025,4.1e-05,2.304777,10.0,10.0,22.10569,0.0,22.10569,77.89431,59.232936,0.715,70.577721
2026-08-11 00:31:34,3285.23,916479,4582,-1047.9744,-2471.4591,279.0,1331.416382,0.0,2662.877441,2.232044,,7.82487,0.782487,4.2e-05,1.412267,10.0,10.0,4.690586,0.0,4.690586,95.309414,72.301473,0.642693,70.577721
2026-08-11 00:31:35,3287.08,916991,4584,488.192,-2451.8306,279.0,458.623993,0.0,917.292725,2.235789,,6.379431,0.637943,4.2e-05,0.477757,4.0,7.0,0.0,0.0,0.0,100.0,76.170301,0.664378,70.577721
2026-08-11 00:31:37,3289.05,917503,4587,-3413.7525,-2447.5019,279.0,6122.235352,-0.0,12244.515625,2.23994,,9.467122,0.946712,4.1e-05,2.031682,10.0,10.0,15.938733,0.0,15.938733,84.061267,62.482619,0.607017,70.577721
2026-08-11 00:31:39,3290.98,918015,4590,-2539.3804,-2476.9845,278.9,5973.041016,-0.0,11946.126953,2.232929,,6.954757,0.695476,4.1e-05,1.79007,10.0,10.0,12.445013,0.0,12.445013,87.554987,66.49929,0.649169,70.577721
2026-08-11 00:31:41,3292.88,918527,4592,-1652.2462,-2488.7659,278.9,4277.572266,0.0,8555.189453,2.229837,,4.089138,0.408914,4e-05,1.20015,10.0,10.0,9.624011,0.0,9.624011,90.375989,68.626587,0.716748,70.577721
2026-08-11 00:31:43,3294.78,919039,4595,-374.0079,-2473.8376,278.9,344.064758,0.0,688.174072,2.228984,,6.338431,0.633843,4.2e-05,1.189486,10.0,10.0,2.619691,0.0,2.619691,97.380309,73.904069,0.619825,70.577721
2026-08-11 00:31:45,3296.7,919551,4597,-2156.4305,-2461.1431,278.9,4159.17334,-0.0,8318.391602,2.225441,,8.958202,0.89582,4.1e-05,1.136839,10.0,10.0,8.434751,0.0,8.434751,91.565249,69.331079,0.566995,70.577721
2026-08-11 00:31:47,3298.58,920063,4600,-3209.7235,-2472.2336,278.9,6017.567383,0.0,12035.179688,2.236,,9.17991,0.917991,4.2e-05,0.597266,10.0,10.0,11.914838,0.0,11.914838,88.085162,66.715432,0.576078,70.577721
2026-08-11 00:31:49,3300.5,920575,4602,-1299.7755,-2453.6005,278.9,4547.522461,0.0,9095.089844,2.222786,,10.029299,1.00293,4.1e-05,1.301246,10.0,10.0,11.025791,0.0,11.025791,88.974209,67.367186,0.696877,70.577721
2026-08-11 00:31:51,3302.39,921087,4605,-2318.439,-2452.7094,278.9,4527.799805,-0.0,9055.644531,2.231682,,9.149848,0.914985,4.1e-05,0.654999,7.0,10.0,9.652228,0.0,9.652228,90.347772,68.948738,0.670111,70.577721
2026-08-11 00:31:53,3304.26,921599,4608,435.6544,-2444.3963,278.9,536.741028,-0.0,1073.526611,2.227555,,8.707218,0.870722,4e-05,0.801349,5.0,10.0,0.627682,0.0,0.627682,99.372318,75.972788,0.645285,70.577721
2026-08-11 00:31:55,3306.18,922111,4610,-2103.7844,-2451.3513,278.9,4708.923828,-0.0,9417.891602,2.220891,,7.637418,0.763742,4e-05,1.332951,10.0,10.0,9.439409,0.0,9.439409,90.560591,68.114309,0.684866,70.577721
2026-08-11 00:31:56,3308.13,922623,4613,-2657.3414,-2484.6228,278.9,4499.183594,-0.0,8998.412109,2.226815,,8.125006,0.812501,4e-05,1.914715,10.0,10.0,14.739205,0.0,14.739205,85.260795,64.042525,0.654854,70.577721
2026-08-11 00:31:58,3310.03,923135,4615,-603.8505,-2473.4732,278.9,2959.99585,0.0,5920.036133,2.23139,,9.700771,0.970077,4.1e-05,1.01446,10.0,10.0,7.795026,0.0,7.795026,92.204974,69.783951,0.627051,70.577721
2026-08-11 00:32:00,3312.03,923647,4618,-3954.3647,-2489.2715,278.9,6588.180664,-0.0,13176.40625,2.230065,,6.698846,0.669885,4.2e-05,2.495401,10.0,10.0,24.046066,0.0,24.046066,75.953934,56.344642,0.678847,70.577721
2026-08-11 00:32:02,3314.0,924159,4620,-3958.4199,-2481.9746,278.9,7541.166016,0.0,15082.376953,2.228404,,6.139719,0.613972,4.1e-05,1.99294,10.0,10.0,22.184871,0.0,22.184871,77.815129,58.767686,0.68014,70.577721
2026-08-11 00:32:04,3315.87,924671,4623,-258.2315,-2462.4073,278.9,1375.314819,-0.0,2750.674316,2.2314,,8.357077,0.835708,3.9e-05,0.305163,1.0,10.0,2.696912,0.0,2.696912,97.303088,74.290434,0.68773,70.577721
2026-08-11 00:32:06,3317.87,925183,4625,-4880.3957,-2488.9336,278.8,10102.667969,-0.0,20205.380859,2.224727,,6.041734,0.604173,4e-05,2.583392,10.0,10.0,28.436022,0.0,28.436022,71.563978,53.236891,0.602259,70.952762
2026-08-11 00:32:08,3319.86,925695,4628,-4104.0402,-2485.6938,278.8,7979.40625,-0.0,15958.856445,2.215289,,4.717588,0.471759,4e-05,2.229369,10.0,10.0,24.740691,0.0,24.740691,75.259309,56.028923,0.742727,70.952762
2026-08-11 00:32:10,3321.84,926207,4631,-3043.7079,-2489.1577,278.8,4556.863281,0.0,9113.771484,2.227368,,6.755077,0.675508,4e-05,3.025229,10.0,10.0,11.257527,0.0,11.257527,88.742473,67.072437,0.676703,70.952762
2026-08-11 00:32:12,3323.74,926719,4633,-2144.4245,-2465.3759,278.8,3947.174805,0.0,7894.394531,2.23829,,5.291763,0.529176,4.1e-05,0.892691,10.0,10.0,12.575774,0.0,12.575774,87.424226,65.771092,0.63608,70.952762
2026-08-11 00:32:14,3325.65,927231,4636,-2577.8686,-2484.4626,278.8,5594.03418,0.0,11188.113281,2.226518,,6.665465,0.666546,4e-05,0.820183,9.0,10.0,13.482292,0.0,13.482292,86.517708,64.604894,0.636312,70.952762
2026-08-11 00:32:16,3327.72,927743,4638,-4855.0943,-2516.4322,278.8,10045.801758,0.0,20091.648438,2.21753,,8.089331,0.808933,4.1e-05,2.857876,10.0,10.0,29.631997,0.0,29.631997,70.368003,52.536674,0.671355,70.952762
2026-08-11 00:32:18,3329.66,928255,4641,-2009.218,-2494.5735,278.8,4911.62207,-0.0,9823.289062,2.226681,,7.969339,0.796934,4.1e-05,1.560491,10.0,10.0,15.582137,0.0,15.582137,84.417863,64.120473,0.648035,70.952762
2026-08-11 00:32:20,3331.55,928767,4643,-1108.2335,-2496.5175,278.8,3656.528076,0.0,7313.100586,2.231023,,7.648023,0.764802,4.1e-05,0.770562,10.0,10.0,11.655583,0.0,11.655583,88.344417,67.3058,0.616753,70.952762
2026-08-11 00:32:22,3333.41,929279,4646,55.5528,-2469.879,278.8,586.50592,0.0,1173.056641,2.241045,,5.189061,0.518906,4.1e-05,0.231336,1.0,10.0,2.506145,0.0,2.506145,97.493855,74.975013,0.626321,70.952762
2026-08-11 00:32:24,3335.34,929791,4648,-2352.6663,-2445.0471,278.8,4522.341797,-0.0,9044.728516,2.22652,,5.653075,0.565308,4.1e-05,1.495101,10.0,10.0,13.757059,0.0,13.757059,86.242941,64.970536,0.633023,70.952762
2026-08-11 00:32:26,3337.32,930303,4651,-2581.7149,-2474.1213,278.8,5774.32959,-0.0,11548.703125,2.221615,,4.801608,0.480161,4.4e-05,1.35653,10.0,10.0,23.586413,0.0,23.586413,76.413587,56.949329,0.673418,70.952762
2026-08-11 00:32:28,3339.4,930815,4654,-4771.3699,-2487.4159,278.7,9740.927734,0.0,19481.898438,2.19641,,3.07504,0.307504,4e-05,5.079833,10.0,10.0,41.672074,0.0,41.672074,58.327926,42.080051,0.744727,70.952762
2026-08-11 00:32:30,3341.29,931327,4656,-2552.7101,-2482.8414,278.7,5773.678223,-0.0,11547.401367,2.226195,,7.850693,0.785069,4.1e-05,0.537609,1.0,10.0,14.891889,0.0,14.891889,85.108111,65.312393,0.622942,70.952762
2026-08-11 00:32:32,3343.2,931839,4659,-3120.1075,-2495.4158,278.7,3963.101807,-0.0,7926.248047,2.233483,,9.264707,0.926471,4e-05,0.986739,10.0,10.0,10.727845,0.0,10.727845,89.272155,67.86631,0.619065,70.952762
2026-08-11 00:32:33,3345.15,932351,4661,-2775.8642,-2502.5597,278.7,5180.899902,0.0,10361.84375,2.217823,,9.525686,0.952569,4.2e-05,1.966607,10.0,10.0,14.577357,0.0,14.577357,85.422643,65.010351,0.630568,70.952762
2026-08-11 00:32:35,3347.05,932863,4664,-541.2679,-2493.8263,278.7,1678.396362,0.0,3356.837402,2.232768,,9.215697,0.92157,4.1e-05,0.972559,10.0,10.0,6.492814,0.0,6.492814,93.507186,71.103895,0.617384,70.952762
2026-08-11 00:32:37,3349.04,933375,4666,-4678.3608,-2491.6862,278.7,9540.757812,-0.0,19081.560547,2.222027,,8.293747,0.829375,4e-05,2.7024,10.0,10.0,23.463451,0.0,23.463451,76.536549,57.49462,0.679948,70.952762
2026-08-11 00:32:39,3350.97,933887,4669,-2283.9921,-2481.0801,278.7,4560.139648,0.0,9120.324219,2.238036,,7.361945,0.736194,4.2e-05,1.625236,10.0,10.0,12.536158,0.0,12.536158,87.463842,66.038544,0.671612,70.952762
2026-08-11 00:32:41,3352.93,934399,4672,-3857.9162,-2492.1346,278.7,6541.683594,0.0,13083.412109,2.226081,,4.82307,0.482307,4e-05,2.152731,10.0,10.0,18.064223,0.0,18.064223,81.935777,62.356279,0.686206,70.952762
2026-08-11 00:32:43,3354.82,934911,4674,-1128.8488,-2465.9606,278.7,1207.481689,-0.0,2415.008301,2.242863,,4.053549,0.405355,4.2e-05,1.155399,10.0,10.0,4.237714,0.0,4.237714,95.762286,72.635727,0.710804,70.952762
2026-08-11 00:32:45,3356.72,935423,4677,-2325.4633,-2448.5893,278.7,4683.490234,-0.0,9367.025391,2.232312,,5.579814,0.557981,4.2e-05,1.051659,10.0,10.0,13.863173,0.0,13.863173,86.136827,64.948583,0.590676,70.952762
2026-08-11 00:32:47,3358.67,935935,4679,-4336.1106,-2480.2653,278.7,8021.561523,-0.0,16043.167969,2.223961,,9.353735,0.935374,4.2e-05,0.891868,10.0,10.0,24.78056,0.0,24.78056,75.21944,56.981606,0.657168,70.952762
2026-08-11 00:32:49,3360.61,936447,4682,-3280.618,-2493.3844,278.7,5221.106934,0.0,10442.257812,2.216138,,9.796857,0.979686,4.1e-05,1.771981,10.0,10.0,15.331976,0.0,15.331976,84.668024,63.27278,0.733427,70.952762
2026-08-11 00:32:51,3362.58,936959,4684,-4778.8283,-2517.1659,278.6,9658.563477,0.0,19317.171875,2.220422,,9.385808,0.938581,4.2e-05,1.712723,10.0,10.0,23.961355,0.0,23.961355,76.038645,57.288332,0.60452,70.952762
2026-08-11 00:32:53,3364.55,937471,4687,-4643.9796,-2525.2546,278.6,9101.90332,0.0,18203.851562,2.22188,,5.608073,0.560807,4.2e-05,1.862141,10.0,10.0,25.143567,0.0,25.143567,74.856433,56.043751,0.696913,70.952762
2026-08-11 00:32:55,3366.47,937983,4689,-1819.2341,-2495.2458,278.6,3024.352539,-0.0,6048.75,2.236699,,4.44135,0.444135,4e-05,1.17339,10.0,10.0,8.993723,0.0,8.993723,91.006277,69.665826,0.726872,72.131544
2026-08-11 00:32:57,3368.39,938495,4692,-2544.1013,-2477.3802,278.6,5737.383789,0.0,11474.8125,2.237318,,6.2025,0.62025,4.1e-05,0.873492,10.0,10.0,19.022517,0.0,19.022517,80.977483,60.812441,0.725185,72.131544
2026-08-11 00:32:59,3370.33,939007,4695,-2851.6626,-2497.6056,278.6,5955.966309,0.0,11911.977539,2.232843,,10.898282,1.089828,4.1e-05,1.328776,10.0,10.0,14.347866,0.0,14.347866,85.652134,64.646685,0.671093,72.131544
2026-08-11 00:33:01,3372.27,939519,4697,-3676.2805,-2489.2088,278.6,8096.635742,0.0,16193.316406,2.232043,,8.321118,0.832112,4.1e-05,1.157349,10.0,10.0,21.152094,0.0,21.152094,78.847906,59.587084,0.611954,72.131544
2026-08-11 00:33:02,3374.1,940031,4700,677.7519,-2471.3191,278.6,694.105103,0.0,1388.254883,2.234357,,9.034188,0.903419,4.1e-05,0.064559,1.0,1.0,0.0,0.0,0.0,100.0,76.8055,0.642655,72.131544
2026-08-11 00:33:04,3376.0,940543,4702,-1526.2369,-2463.8879,278.6,4260.605469,0.0,8521.255859,2.236291,,6.342586,0.634259,4e-05,0.772465,10.0,10.0,8.338421,0.0,8.338421,91.661579,69.260705,0.722768,72.131544
2026-08-11 00:33:06,3377.94,941055,4705,-2660.2551,-2459.492,278.6,4014.675537,0.0,8029.395508,2.22761,,8.142503,0.81425,4.1e-05,2.343666,10.0,10.0,10.13242,0.0,10.13242,89.86758,66.475379,0.614851,72.131544
2026-08-11 00:33:08,3379.85,941567,4707,-1694.1641,-2437.2818,278.6,2850.085693,-0.0,5700.21582,2.226279,,10.819,1.0819,4e-05,1.696601,10.0,10.0,8.662255,0.0,8.662255,91.337745,68.567023,0.73586,72.131544
2026-08-11 00:33:10,3381.78,942079,4710,-3532.075,-2465.1641,278.6,7329.349609,0.0,14658.744141,2.222795,,9.166815,0.916681,4.1e-05,0.794227,10.0,10.0,17.789141,0.0,17.789141,82.210859,61.940903,0.651719,72.131544
2026-08-11 00:33:12,3383.67,942591,4712,-1398.0536,-2444.2774,278.6,1882.501343,-0.0,3765.047363,2.233626,,9.899624,0.989962,4.1e-05,0.949189,10.0,10.0,5.965729,0.0,5.965729,94.034271,72.194503,0.625139,72.131544
2026-08-11 00:33:14,3385.59,943103,4715,-2027.9643,-2441.4566,278.6,1756.465454,0.0,3512.975586,2.230017,,7.812026,0.781203,4.1e-05,1.381725,10.0,10.0,7.268938,0.0,7.268938,92.731062,70.73051,0.614478,72.131544
2026-08-11 00:33:16,3387.49,943615,4718,-2003.3774,-2429.122,278.6,4645.865723,0.0,9291.775391,2.220539,,8.191662,0.819166,4.1e-05,0.851286,10.0,10.0,11.567418,0.0,11.567418,88.432582,67.420255,0.701444,72.131544
2026-08-11 00:33:18,3389.45,944127,4720,-2473.7159,-2424.6617,278.5,3478.556885,-0.0,6957.158203,2.226364,,8.341146,0.834115,4.1e-05,2.507633,10.0,10.0,9.514334,0.0,9.514334,90.485666,69.077821,0.629082,72.131544
2026-08-11 00:33:20,3391.36,944639,4723,-1265.9393,-2421.4478,278.5,2425.532471,-0.0,4851.109375,2.233306,,7.652555,0.765255,4.2e-05,1.35471,10.0,10.0,5.378877,0.0,5.378877,94.621123,72.411829,0.660594,72.131544
2026-08-11 00:33:22,3393.27,945151,4725,-1351.0413,-2401.7246,278.5,3096.467041,0.0,6192.979004,2.234066,,5.424626,0.542463,4.2e-05,1.467018,10.0,10.0,5.807554,0.0,5.807554,94.192446,71.825456,0.713752,72.131544
2026-08-11 00:33:24,3395.16,945663,4728,-2735.4804,-2385.409,278.5,3823.282959,-0.0,7646.610352,2.223634,,6.288193,0.628819,4.1e-05,0.975817,10.0,10.0,10.082559,0.0,10.082559,89.917441,67.997399,0.595812,72.131544
2026-08-11 00:33:25,3397.11,946175,4730,-4870.5192,-2417.3027,278.5,10058.3125,0.0,20116.669922,2.226083,,4.591032,0.459103,4e-05,1.385645,10.0,10.0,28.364129,0.0,28.364129,71.635871,54.266339,0.631926,72.131544
2026-08-11 00:33:27,3399.08,946687,4733,-2866.7704,-2427.907,278.5,5463.711426,-0.0,10927.467773,2.232184,,5.947855,0.594785,4.3e-05,1.562537,10.0,10.0,25.166956,0.0,25.166956,74.833044,56.187422,0.660259,72.131544
2026-08-11 00:33:29,3401.03,947199,4736,-3349.0251,-2427.4871,278.5,6206.870117,-0.0,12413.785156,2.232201,,6.114139,0.611414,4.1e-05,1.758617,10.0,10.0,17.096479,0.0,17.096479,82.903521,63.064693,0.723527,72.131544
2026-08-11 00:33:31,3402.93,947711,4738,-2598.9834,-2416.2155,278.5,6064.200684,0.0,12128.446289,2.225357,,6.77577,0.677577,4e-05,0.847731,10.0,10.0,15.6599,0.0,15.6599,84.3401,63.473298,0.733543,72.131544
2026-08-11 00:33:33,3404.88,948223,4741,-3051.1053,-2408.9737,278.5,5521.516113,0.0,11043.076172,2.217426,,7.125097,0.71251,4e-05,2.1265,10.0,10.0,19.993253,0.0,19.993253,80.006747,60.015942,0.676162,72.131544
2026-08-11 00:33:35,3406.79,948735,4743,-1750.8856,-2393.9768,278.5,3168.891357,0.0,6337.827148,2.228145,,5.789974,0.578997,4e-05,1.296354,10.0,10.0,6.571559,0.0,6.571559,93.428441,71.364712,0.663545,72.131544
2026-08-11 00:33:37,3408.7,949247,4746,-2314.2532,-2395.0303,278.5,4642.56543,-0.0,9285.175781,2.231755,,5.060935,0.506094,4e-05,0.574893,9.0,10.0,16.855325,0.0,16.855325,83.144675,62.23841,0.680806,72.131544
2026-08-11 00:33:39,3410.61,949759,4748,-1618.3517,-2385.0009,278.5,3186.927979,0.0,6373.900391,2.220219,,4.996298,0.49963,4.1e-05,1.203497,10.0,10.0,13.521498,0.0,13.521498,86.478502,65.990863,0.637984,72.131544
2026-08-11 00:33:41,3412.57,950271,4751,-3659.0202,-2401.798,278.5,6064.084961,0.0,12128.214844,2.225445,,5.38267,0.538267,4.1e-05,2.0426,10.0,10.0,16.928318,0.0,16.928318,83.071682,61.65796,0.665176,72.702123
2026-08-11 00:33:43,3414.6,950783,4753,-4035.0552,-2426.2839,278.4,7471.600586,-0.0,14943.245117,2.217942,,4.903844,0.490384,4.1e-05,3.779494,10.0,10.0,31.668757,0.0,31.668757,68.331243,51.244043,0.687285,72.702123
2026-08-11 00:33:45,3416.63,951295,4756,-4667.074,-2454.4908,278.4,9448.762695,-0.0,18897.570312,2.211497,,5.758871,0.575887,3.9e-05,4.045966,10.0,10.0,33.015555,0.0,33.015555,66.984445,48.984432,0.71051,72.702123
2026-08-11 00:33:47,3418.66,951807,4759,-991.184,-2434.1964,278.4,2361.700439,-0.0,4723.445312,2.215229,,10.997981,1.099798,4.1e-05,2.643562,10.0,10.0,10.367073,0.0,10.367073,89.632927,68.440967,0.642255,72.702123
2026-08-11 00:33:49,3420.57,952319,4761,-2338.757,-2409.4862,278.4,5557.020996,-0.0,11114.086914,2.224675,,9.144806,0.914481,4.1e-05,1.531233,10.0,10.0,11.617484,0.0,11.617484,88.382516,66.872968,0.547108,72.702123
2026-08-11 00:33:51,3422.45,952831,4764,-1622.9727,-2417.4211,278.4,1914.808228,-0.0,3829.661133,2.230958,,4.789092,0.478909,4e-05,1.17392,10.0,10.0,5.519994,0.0,5.519994,94.480006,71.998427,0.73466,72.702123
2026-08-11 00:33:53,3424.37,953343,4766,-2723.3942,-2443.5798,278.4,5807.901855,-0.0,11615.848633,2.234507,,4.73707,0.473707,4.1e-05,1.592028,10.0,10.0,11.652029,0.0,11.652029,88.347971,66.678936,0.67677,72.702123
2026-08-11 00:33:55,3426.27,953855,4769,-1067.0737,-2439.0166,278.4,1128.382446,0.0,2256.80957,2.236446,,5.755944,0.575594,4.1e-05,1.357154,10.0,10.0,5.231394,0.0,5.231394,94.768606,72.301835,0.692392,72.702123
2026-08-11 00:33:57,3428.22,954367,4771,-3287.3982,-2438.0512,278.4,7376.851562,0.0,14753.748047,2.234964,,4.553549,0.455355,4.1e-05,2.104988,10.0,10.0,17.847081,0.0,17.847081,82.152919,61.566776,0.711431,72.702123
2026-08-11 00:33:59,3430.16,954879,4774,-2731.3375,-2432.5019,278.4,5331.664062,-0.0,10663.373047,2.230347,,4.309443,0.430944,4e-05,1.582496,10.0,10.0,15.174968,0.0,15.174968,84.825032,63.472725,0.68789,72.702123
2026-08-11 00:34:00,3432.12,955391,4776,-4670.5875,-2442.5619,278.4,9500.658203,-0.0,19001.361328,2.222638,,7.771691,0.777169,4e-05,1.627075,10.0,10.0,26.380615,0.0,26.380615,73.619385,55.570763,0.6182,72.702123
2026-08-11 00:34:02,3434.06,955903,4779,-3941.7906,-2475.871,278.4,6972.727539,-0.0,13945.5,2.229416,,7.488204,0.74882,4e-05,1.623329,10.0,10.0,15.38636,0.0,15.38636,84.61364,63.893757,0.634405,72.702123
2026-08-11 00:34:04,3436.02,956415,4782,-2657.9422,-2464.3288,278.3,5819.842773,0.0,11639.729492,2.217506,,5.65141,0.565141,4e-05,1.40934,10.0,10.0,27.68801,0.0,27.68801,72.31199,54.020917,0.61848,72.702123
2026-08-11 00:34:06,3437.97,956927,4784,-3352.7348,-2482.7717,278.3,6896.444336,-0.0,13792.933594,2.229553,,4.978231,0.497823,4e-05,1.34241,10.0,10.0,13.920828,0.0,13.920828,86.079172,65.641765,0.677964,72.702123
2026-08-11 00:34:08,3440.01,957439,4787,-3709.098,-2516.8594,278.3,8137.197754,-0.0,16274.439453,2.20965,,3.254618,0.325462,4.2e-05,3.444117,10.0,10.0,38.844855,0.0,38.844855,61.155145,44.44487,0.814614,72.702123
2026-08-11 00:34:10,3441.99,957951,4789,-3126.8493,-2514.34,278.3,5784.269531,-0.0,11568.583984,2.230439,,5.640231,0.564023,4.2e-05,2.534476,10.0,10.0,15.093595,0.0,15.093595,84.906405,64.144684,0.713182,72.702123
2026-08-11 00:34:12,3443.95,958463,4792,-2772.45,-2520.1201,278.3,4690.097656,-0.0,9380.240234,2.22522,,5.660817,0.566082,4e-05,2.404857,10.0,10.0,14.537516,0.0,14.537516,85.462484,65.145177,0.710387,72.702123
2026-08-11 00:34:14,3445.8,958975,4794,484.0162,-2492.4441,278.3,491.230957,0.0,982.506653,2.237989,,6.416957,0.641696,4.3e-05,0.040352,0.0,1.0,0.0,0.0,0.0,100.0,77.246357,0.672333,72.702123
2026-08-11 00:34:16,3447.7,959487,4797,-1003.7656,-2485.8409,278.3,972.552979,0.0,1945.150635,2.235605,,5.572498,0.55725,3.9e-05,1.216256,10.0,10.0,4.049915,0.0,4.049915,95.950085,73.407033,0.612211,72.702123
2026-08-11 00:34:18,3449.64,959999,4800,-3021.3546,-2505.6058,278.3,4917.018555,-0.0,9834.082031,2.239223,,6.040411,0.604041,4e-05,1.383295,10.0,10.0,14.97487,0.0,14.97487,85.02513,64.756508,0.613406,72.702123
2026-08-11 00:34:20,3451.6,960511,4802,-4535.1843,-2525.7202,278.3,9100.650391,0.0,18201.345703,2.220769,,6.184994,0.618499,4e-05,1.749112,10.0,10.0,21.676252,0.0,21.676252,78.323748,58.356412,0.643761,72.702123
2026-08-11 00:34:22,3453.56,961023,4805,-2411.9363,-2505.4518,278.3,4447.179688,-0.0,8894.404297,2.22447,,7.58477,0.758477,4.1e-05,2.123811,10.0,10.0,13.305662,0.0,13.305662,86.694338,65.188997,0.707696,72.702123
2026-08-11 00:34:24,3455.49,961535,4807,-1910.7151,-2496.4199,278.3,3715.61377,-0.0,7431.271973,2.231354,,7.599039,0.759904,4.1e-05,1.408046,10.0,10.0,14.44582,0.0,14.44582,85.55418,64.558207,0.644121,72.702123
2026-08-11 00:34:26,3457.52,962047,4810,-2815.8516,-2486.8689,278.2,5364.95752,-0.0,10729.958984,2.221525,,4.255226,0.425523,4e-05,3.470346,10.0,10.0,35.763769,0.0,35.763769,64.236231,46.67543,0.690596,72.702123
2026-08-11 00:34:28,3459.46,962559,4812,-3108.6284,-2490.5458,278.2,6530.761719,0.0,13061.568359,2.228964,,5.27164,0.527164,4.1e-05,1.404694,10.0,10.0,20.140964,0.0,20.140964,79.859036,60.757064,0.696193,73.951326
2026-08-11 00:34:30,3461.37,963071,4815,-170.7833,-2467.3562,278.2,1324.510864,0.0,2649.066406,2.235466,,7.752443,0.775244,4.1e-05,1.333221,9.0,10.0,3.570683,0.0,3.570683,96.429317,72.677354,0.645021,73.951326
2026-08-11 00:34:32,3463.29,963583,4817,-1667.6771,-2460.9546,278.2,3122.508545,0.0,6245.061523,2.23315,,7.332665,0.733266,4.2e-05,1.310712,10.0,10.0,10.581777,0.0,10.581777,89.418223,68.487202,0.617036,73.951326
2026-08-11 00:34:34,3465.26,964095,4820,-2482.4734,-2481.8662,278.2,5581.251465,-0.0,11162.547852,2.233392,,6.261134,0.626113,4e-05,1.805232,10.0,10.0,14.262165,0.0,14.262165,85.737835,64.361464,0.571412,73.951326
2026-08-11 00:34:36,3467.17,964607,4823,-2478.3432,-2492.9373,278.2,5568.821289,0.0,11137.6875,2.2346,,9.561194,0.956119,4.1e-05,0.440699,1.0,10.0,12.494469,0.0,12.494469,87.505531,66.871689,0.597159,73.951326
2026-08-11 00:34:37,3469.15,965119,4825,-2643.872,-2501.3628,278.2,4933.505859,0.0,9867.056641,2.228251,,6.175784,0.617578,4.2e-05,2.802444,10.0,10.0,11.484249,0.0,11.484249,88.515751,65.974441,0.647645,73.951326
2026-08-11 00:34:39,3471.09,965631,4828,-2429.3566,-2486.9998,278.2,5390.266602,-0.0,10780.578125,2.237199,,6.517684,0.651768,4.1e-05,1.366046,10.0,10.0,13.114414,0.0,13.114414,86.885586,66.454426,0.657192,73.951326
2026-08-11 00:34:41,3473.04,966143,4830,-2975.8447,-2497.9631,278.2,6702.124023,0.0,13404.292969,2.223557,,4.658299,0.46583,4e-05,1.947118,10.0,10.0,20.279308,0.0,20.279308,79.720692,59.687913,0.706952,73.951326
2026-08-11 00:34:43,3475.0,966655,4833,-4615.2161,-2519.748,278.2,8932.646484,0.0,17865.337891,2.224715,,6.327134,0.632713,4.1e-05,1.65472,10.0,10.0,21.544475,0.0,21.544475,78.455525,59.026003,0.647786,73.951326
2026-08-11 00:34:45,3476.88,967167,4835,-944.5014,-2506.8906,278.2,3260.693359,-0.0,6521.431152,2.230015,,8.452908,0.845291,4.1e-05,0.481131,1.0,10.0,7.64556,0.0,7.64556,92.35444,70.738089,0.589578,73.951326
2026-08-11 00:34:47,3478.91,967679,4838,-1208.3855,-2508.4947,278.2,1496.250854,0.0,2992.546387,2.233251,,4.773712,0.477371,4.1e-05,3.618508,10.0,10.0,4.973879,0.0,4.973879,95.026121,70.285275,0.679399,73.951326
2026-08-11 00:34:49,3480.87,968191,4840,-3636.2183,-2549.7388,278.1,6166.925293,0.0,12333.895508,2.237539,,6.268125,0.626812,4e-05,2.060363,10.0,10.0,14.163026,0.0,14.163026,85.836974,65.097958,0.610446,73.951326
2026-08-11 00:34:51,3482.74,968703,4843,-1424.359,-2529.8448,278.1,4553.643066,-0.0,9107.331055,2.229251,,10.849223,1.084922,4.1e-05,0.1219,1.0,2.0,7.065815,0.0,7.065815,92.934185,71.189641,0.632027,73.951326
2026-08-11 00:34:53,3484.71,969215,4846,-2964.0129,-2534.0912,278.1,6214.007812,0.0,12428.060547,2.222388,,8.79148,0.879148,4.1e-05,2.266581,10.0,10.0,13.235943,0.0,13.235943,86.764057,65.151093,0.732054,73.951326
2026-08-11 00:34:55,3486.57,969727,4848,-979.7029,-2527.3657,278.1,1933.062134,0.0,3866.168945,2.230294,,7.185936,0.718594,4.1e-05,0.520089,4.0,10.0,4.076574,0.0,4.076574,95.923426,73.876023,0.623543,73.951326
2026-08-11 00:34:57,3488.51,970239,4851,-1811.0557,-2541.7362,278.1,4533.458008,0.0,9066.960938,2.225647,,5.874441,0.587444,4e-05,1.732194,10.0,10.0,10.224806,0.0,10.224806,89.775194,66.771984,0.721661,73.951326
2026-08-11 00:34:59,3490.55,970751,4853,-4495.0262,-2565.1222,278.1,8702.932617,0.0,17405.910156,2.215943,,5.408034,0.540803,4e-05,3.933685,10.0,10.0,27.305186,0.0,27.305186,72.694814,54.63496,0.673627,73.951326
2026-08-11 00:35:01,3492.49,971263,4856,-2545.5802,-2558.4807,278.1,5478.464844,-0.0,10956.974609,2.225575,,7.59014,0.759014,4.1e-05,1.49128,10.0,10.0,12.828754,0.0,12.828754,87.171246,65.510239,0.653981,73.951326
2026-08-11 00:35:03,3494.46,971775,4858,-2950.1862,-2574.9848,278.1,6080.885742,0.0,12161.816406,2.22987,,7.466571,0.746657,4.1e-05,2.540082,10.0,10.0,12.355182,0.0,12.355182,87.644818,66.116508,0.699287,73.951326
2026-08-11 00:35:05,3496.39,972287,4861,-2479.7651,-2576.5981,278.1,5738.533691,-0.0,11477.112305,2.232177,,8.331099,0.83311,4.1e-05,1.32389,10.0,10.0,14.481937,0.0,14.481937,85.518063,64.271649,0.771952,73.951326
2026-08-11 00:35:07,3498.31,972799,4864,-564.6191,-2586.6008,278.1,2596.68335,-0.0,5193.411133,2.222721,,9.430766,0.943077,4e-05,1.273371,10.0,10.0,6.52712,0.0,6.52712,93.47288,71.753546,0.694198,73.951326
2026-08-11 00:35:09,3500.2,973311,4866,-665.6299,-2572.2193,278.1,2106.764648,0.0,4213.574219,2.239054,,5.656874,0.565687,4.1e-05,1.286407,10.0,10.0,5.239294,0.0,5.239294,94.760706,71.694086,0.722243,73.951326
2026-08-11 00:35:10,3502.13,973823,4869,-1063.9651,-2556.2855,278.1,1798.032593,-0.0,3596.109863,2.237155,,6.170617,0.617062,4.1e-05,1.378448,10.0,10.0,6.6694,0.0,6.6694,93.3306,70.511398,0.763955,73.951326
2026-08-11 00:35:12,3504.15,974335,4871,-4850.4678,-2598.7517,278.1,9961.811523,0.0,19923.667969,2.230981,,7.034426,0.703443,3.9e-05,3.190443,10.0,10.0,29.980851,0.0,29.980851,70.019149,52.634246,0.572807,73.951326
2026-08-11 00:35:14,3506.04,974847,4874,-1032.4651,-2569.5327,278.0,1864.432495,-0.0,3728.909668,2.232064,,8.452739,0.845274,4.1e-05,0.723987,10.0,10.0,5.876031,0.0,5.876031,94.123969,72.023506,0.621186,73.951326
2026-08-11 00:35:16,3507.95,975359,4876,-1347.6899,-2543.4254,278.0,3274.836426,-0.0,6549.717773,2.237801,,8.033643,0.803364,4.1e-05,1.12464,10.0,10.0,8.498091,0.0,8.498091,91.501909,69.374514,0.604205,74.403003
2026-08-11 00:35:18,3509.88,975871,4879,-4141.797,-2582.2611,278.0,7768.920898,0.0,15537.886719,2.234828,,7.11692,0.711692,4.2e-05,1.204013,10.0,10.0,17.761723,0.0,17.761723,82.238277,61.655508,0.646772,74.403003
2026-08-11 00:35:20,3511.91,976383,4881,-4109.4538,-2574.5516,278.0,7913.402344,-0.0,15826.849609,2.236757,,5.66844,0.566844,4e-05,3.141401,10.0,10.0,25.206296,0.0,25.206296,74.793704,55.439437,0.684036,74.403003
2026-08-11 00:35:22,3513.9,976895,4884,-3799.9514,-2571.5107,278.0,8175.115234,-0.0,16350.275391,2.236525,,6.376574,0.637657,4e-05,2.303039,10.0,10.0,31.367977,0.0,31.367977,68.632023,51.353264,0.700976,74.403003
2026-08-11 00:35:24,3515.85,977407,4887,-3557.7662,-2576.6513,278.0,8039.350586,-0.0,16078.746094,2.229841,,9.570438,0.957044,4.1e-05,1.52797,10.0,10.0,14.934382,0.0,14.934382,85.065618,64.289468,0.633186,74.403003
2026-08-11 00:35:26,3517.9,977919,4889,-4140.234,-2596.6094,278.0,7973.676758,0.0,15947.398438,2.226674,,7.757752,0.775775,4.1e-05,2.767344,10.0,10.0,18.174506,0.0,18.174506,81.825494,61.699064,0.686262,74.403003
2026-08-11 00:35:28,3519.83,978431,4892,-2100.8851,-2591.8396,278.0,4619.777344,-0.0,9239.599609,2.233606,,7.037873,0.703787,4.2e-05,1.662498,10.0,10.0,10.103259,0.0,10.103259,89.896741,68.180212,0.601808,74.403003
2026-08-11 00:35:30,3521.79,978943,4894,-2477.1638,-2568.0603,278.0,3231.205811,0.0,6462.456055,2.231845,,6.969658,0.696966,4.1e-05,2.439736,10.0,10.0,8.89149,0.0,8.89149,91.10851,68.955547,0.690348,74.403003
2026-08-11 00:35:32,3523.79,979455,4897,-3626.0262,-2584.2284,278.0,7741.069824,-0.0,15482.18457,2.233627,,8.340452,0.834045,4.2e-05,3.106976,10.0,10.0,22.335919,0.0,22.335919,77.664081,57.875513,0.604989,74.403003
2026-08-11 00:35:34,3525.68,979967,4899,-1256.8776,-2585.7148,278.0,3100.588867,-0.0,6201.222656,2.235571,,10.454278,1.045428,4.1e-05,0.84071,10.0,10.0,5.574569,0.0,5.574569,94.425431,71.466963,0.574183,74.403003
2026-08-11 00:35:36,3527.63,980479,4902,-3967.1979,-2625.9423,277.9,8319.083008,-0.0,16638.210938,2.23627,,6.939878,0.693988,4.1e-05,1.181648,10.0,10.0,21.728048,0.0,21.728048,78.271952,58.731704,0.617799,74.403003
2026-08-11 00:35:38,3529.57,980991,4904,-3378.9502,-2636.2052,277.9,7610.030273,0.0,15220.105469,2.232108,,6.798289,0.679829,4.2e-05,1.738419,10.0,10.0,14.325245,0.0,14.325245,85.674755,64.41786,0.686478,74.403003
2026-08-11 00:35:40,3531.46,981503,4907,-624.7764,-2616.6358,277.9,2106.588135,-0.0,4213.221191,2.234921,,8.432322,0.843232,4e-05,0.882772,10.0,10.0,5.32805,0.0,5.32805,94.67195,71.808811,0.657343,74.403003
2026-08-11 00:35:42,3533.45,982015,4910,-4188.4369,-2610.8064,277.9,7820.216797,-0.0,15640.478516,2.232392,,5.582135,0.558214,4.1e-05,2.647819,10.0,10.0,24.790102,0.0,24.790102,75.209898,55.940329,0.735919,74.403003
2026-08-11 00:35:44,3535.43,982527,4912,-4738.8798,-2632.6681,277.9,9597.871094,0.0,19195.787109,2.239973,,6.091118,0.609112,4.2e-05,2.748452,10.0,10.0,20.042308,0.0,20.042308,79.957692,59.811688,0.648772,74.403003
2026-08-11 00:35:46,3537.4,983039,4915,-2687.8734,-2628.3458,277.9,5161.451172,0.0,10322.947266,2.242382,,6.175292,0.617529,4.2e-05,2.555627,10.0,10.0,16.646671,0.0,16.646671,83.353329,62.413052,0.674254,74.403003
2026-08-11 00:35:48,3539.35,983551,4917,-2726.0459,-2627.8476,277.9,5230.634766,-0.0,10461.314453,2.223355,,5.166552,0.516655,4.1e-05,1.816796,10.0,10.0,21.298161,0.0,21.298161,78.701839,59.557,0.681754,74.403003
2026-08-11 00:35:50,3541.25,984063,4920,-1493.9199,-2637.3741,277.9,4398.090332,0.0,8796.225586,2.240223,,7.075339,0.707534,4.2e-05,0.965882,10.0,10.0,7.437827,0.0,7.437827,92.562173,69.8851,0.665881,74.403003
2026-08-11 00:35:51,3543.15,984575,4922,-278.6453,-2593.377,277.9,428.356293,0.0,856.757568,2.248063,,7.656673,0.765667,4.2e-05,1.451145,10.0,10.0,2.470506,0.0,2.470506,97.529494,73.667456,0.625398,74.403003
2026-08-11 00:35:53,3545.04,985087,4925,-642.0483,-2576.9575,277.9,1532.422729,-0.0,3064.890137,2.236278,,10.211749,1.021175,4.2e-05,0.982799,10.0,10.0,4.40775,0.0,4.40775,95.59225,71.928242,0.557744,74.403003
2026-08-11 00:35:55,3547.03,985599,4928,-3743.436,-2575.8127,277.9,6546.436035,0.0,13092.916992,2.237885,,7.223753,0.722375,3.9e-05,2.57186,10.0,10.0,26.95003,0.0,26.95003,73.04997,54.753812,0.684915,74.403003
2026-08-11 00:35:57,3548.98,986111,4930,-4510.4261,-2609.6285,277.9,9161.05957,0.0,18322.164062,2.24952,,5.407489,0.540749,4.1e-05,2.096114,10.0,10.0,16.460239,0.0,16.460239,83.539761,61.970203,0.81402,74.403003
2026-08-11 00:35:59,3550.96,986623,4933,-4670.2261,-2633.0761,277.8,9184.311523,0.0,18368.667969,2.238236,,4.880886,0.488089,4.1e-05,2.762711,10.0,10.0,18.287679,0.0,18.287679,81.712321,59.828464,0.764704,74.403003
2026-08-11 00:36:01,3552.92,987135,4935,-1990.1213,-2609.6162,277.8,3823.929932,0.0,7647.904785,2.239348,,7.079073,0.707907,4.1e-05,2.254205,10.0,10.0,15.2093,0.0,15.2093,84.7907,64.101255,0.610704,74.403003
2026-08-11 00:36:03,3554.84,987647,4938,-2568.6509,-2602.4966,277.8,4359.949219,0.0,8719.943359,2.242885,,8.294646,0.829465,4.2e-05,1.095245,10.0,10.0,8.570906,0.0,8.570906,91.429094,68.722407,0.626597,75.397161
2026-08-11 00:36:05,3556.79,988159,4940,-2748.6999,-2582.1953,277.8,4491.423828,-0.0,8982.892578,2.243421,,5.916006,0.591601,4.1e-05,2.500735,10.0,10.0,9.533492,0.0,9.533492,90.466508,68.166414,0.663738,75.397161
2026-08-11 00:36:07,3558.71,988671,4943,-1549.2786,-2551.2483,277.8,3185.712402,0.0,6371.469727,2.246432,,8.164556,0.816456,4.1e-05,0.97765,10.0,10.0,6.045084,0.0,6.045084,93.954916,71.09306,0.623629,75.397161
2026-08-11 00:36:09,3560.63,989183,4945,-1085.1404,-2543.9073,277.8,4255.000977,0.0,8510.046875,2.233903,,10.610386,1.061039,4.2e-05,1.040142,10.0,10.0,11.367185,0.0,11.367185,88.632815,66.964521,0.720843,75.397161
2026-08-11 00:36:11,3562.51,989695,4948,-2552.762,-2543.9939,277.8,5900.37207,0.0,11800.789062,2.241241,,10.010107,1.001011,4.2e-05,0.35407,1.0,10.0,10.998988,0.0,10.998988,89.001012,67.834602,0.647538,75.397161
2026-08-11 00:36:13,3564.5,990207,4951,-3886.9473,-2554.3468,277.8,6879.661133,-0.0,13759.367188,2.234278,,8.690672,0.869067,4.1e-05,2.887171,10.0,10.0,19.064551,0.0,19.064551,80.935449,60.550862,0.639938,75.397161
2026-08-11 00:36:15,3566.38,990719,4953,-2313.5573,-2540.7196,277.8,3753.524902,-0.0,7507.094727,2.241683,,7.250463,0.725046,4.1e-05,0.779844,10.0,10.0,7.608072,0.0,7.608072,92.391928,70.366304,0.638763,75.397161
2026-08-11 00:36:17,3568.32,991231,4956,-3040.2854,-2577.8999,277.8,6091.878418,0.0,12183.801758,2.247186,,6.057078,0.605708,4e-05,2.035004,10.0,10.0,10.56591,0.0,10.56591,89.43409,66.99147,0.723524,75.397161
2026-08-11 00:36:19,3570.22,991743,4958,-2988.9742,-2592.5273,277.8,5183.926758,-0.0,10367.898438,2.245226,,5.655559,0.565556,4.1e-05,0.987956,10.0,10.0,11.01764,0.0,11.01764,88.98236,67.467463,0.53372,75.397161
2026-08-11 00:36:21,3572.17,992255,4961,-4325.7195,-2609.182,277.8,8484.267578,0.0,16968.580078,2.249463,,6.141882,0.614188,4.2e-05,1.397018,10.0,10.0,20.493993,0.0,20.493993,79.506007,59.20088,0.590498,75.397161
2026-08-11 00:36:22,3574.13,992767,4963,-3190.1873,-2624.1422,277.8,6101.017578,-0.0,12202.080078,2.241071,,6.793029,0.679303,4e-05,2.092131,10.0,10.0,19.836422,0.0,19.836422,80.163578,61.036455,0.685351,75.397161
2026-08-11 00:36:24,3576.03,993279,4966,-381.4945,-2592.6364,277.8,1430.126587,-0.0,2860.297852,2.239362,,8.835325,0.883532,4.1e-05,1.205665,10.0,10.0,3.039464,0.0,3.039464,96.960536,74.101141,0.705681,75.397161
2026-08-11 00:36:26,3577.92,993791,4968,-2710.4371,-2605.7602,277.8,6320.416992,0.0,12640.878906,2.243637,,10.267879,1.026788,4.1e-05,0.93534,10.0,10.0,10.251585,0.0,10.251585,89.748415,68.636501,0.632149,75.397161
2026-08-11 00:36:28,3579.85,994303,4971,-4654.1866,-2632.0224,277.7,9645.014648,-0.0,19290.074219,2.238272,,7.139663,0.713966,4.1e-05,0.821661,10.0,10.0,24.885175,0.0,24.885175,75.114825,56.093992,0.553061,75.397161
2026-08-11 00:36:30,3581.79,994815,4974,-2661.3504,-2638.6022,277.7,5774.837402,-0.0,11549.719727,2.244941,,6.213017,0.621302,4.1e-05,1.71349,10.0,10.0,15.691063,0.0,15.691063,84.308937,63.736452,0.636365,75.397161
2026-08-11 00:36:32,3583.71,995327,4976,-3861.5336,-2652.4803,277.7,6390.198242,0.0,12780.441406,2.2407,,6.870839,0.687084,4e-05,1.653336,10.0,10.0,12.27515,0.0,12.27515,87.72485,66.549009,0.644551,75.397161
2026-08-11 00:36:34,3585.58,995839,4979,-2119.6414,-2661.0174,277.7,4990.852539,-0.0,9981.75,2.24718,,8.976732,0.897673,4.1e-05,0.357677,1.0,10.0,7.90161,0.0,7.90161,92.09839,70.088938,0.654959,75.397161
2026-08-11 00:36:36,3587.52,996351,4981,-3174.9306,-2679.2563,277.7,6656.49707,-0.0,13313.039062,2.246268,,8.924462,0.892446,4.1e-05,1.662499,10.0,10.0,12.777561,0.0,12.777561,87.222439,65.893098,0.760171,75.397161
2026-08-11 00:36:38,3589.5,996863,4984,-4270.6986,-2694.6084,277.7,7926.835938,0.0,15853.716797,2.243387,,5.381029,0.538103,4.1e-05,2.374412,10.0,10.0,16.753587,0.0,16.753587,83.246413,62.770232,0.760041,75.397161
2026-08-11 00:36:40,3591.5,997375,4986,-4246.0925,-2688.3642,277.7,8057.071289,0.0,16114.1875,2.248816,,5.400584,0.540058,4e-05,2.774685,10.0,10.0,26.868162,0.0,26.868162,73.131838,54.509875,0.655999,75.397161
2026-08-11 00:36:42,3593.47,997887,4989,-3248.5893,-2692.1824,277.7,5530.338867,-0.0,11060.722656,2.241386,,7.447973,0.744797,4e-05,2.689658,10.0,10.0,14.357212,0.0,14.357212,85.642788,63.830886,0.697889,75.397161
2026-08-11 00:36:44,3595.38,998399,4992,-1885.0006,-2677.5421,277.7,4557.082031,0.0,9114.208984,2.240778,,10.670137,1.067014,4e-05,0.928466,10.0,10.0,8.12021,0.0,8.12021,91.87979,70.147852,0.664739,75.397161
2026-08-11 00:36:46,3597.33,998911,4994,-1997.6726,-2671.529,277.7,2887.641113,0.0,5775.327148,2.242238,,8.260643,0.826064,4.1e-05,2.556253,10.0,10.0,7.856885,0.0,7.856885,92.143115,68.873466,0.64794,75.397161
2026-08-11 00:36:48,3599.22,999423,4997,-2690.0501,-2667.9185,277.7,5341.922852,-0.0,10683.890625,2.241611,,5.804243,0.580424,4.2e-05,0.261753,1.0,10.0,10.493612,0.0,10.493612,89.506388,66.996216,0.705151,75.397161
2026-08-11 00:36:50,3601.19,999935,4999,-4545.0261,-2695.8599,277.7,8747.707031,0.0,17495.458984,2.247485,,3.328434,0.332843,4e-05,2.022053,10.0,10.0,24.081411,0.0,24.081411,75.918589,57.2039,0.844755,75.397161
