wall_time,elapsed_sec,step,episode,ep_reward,ep_reward_ma100,sps,loss,policy_loss,value_loss,entropy,epsilon,embb_mbps_mean,spectral_eff_bps_hz,embb_p5_mbps,urllc_delay_ms_mean,urllc_delay_p95,urllc_delay_p99,urllc_drop_late_pct,urllc_drop_overflow_pct,sla_violation_pct,sla_satisfaction_pct,timely_throughput_mbps,jains_fairness,lam
2026-07-20 15:45:05,0.07,199,1,178.5598,178.5598,2759.2,,,,,1.0,6.038728,0.603873,4e-05,0.31493,2.0,3.0,0.0,0.0,0.0,100.0,31.739431,0.666907,1.0
2026-07-20 15:45:05,0.15,399,2,136.4849,157.5223,2736.6,,,,,1.0,5.242443,0.524244,4e-05,0.9215,10.0,10.0,2.981661,7.604639,10.5863,89.4137,28.407386,0.691201,1.0
2026-07-20 15:45:05,0.23,599,3,102.3383,139.1276,2637.4,,,,,1.0,4.016452,0.401645,4e-05,2.32198,10.0,10.0,1.681278,7.793923,9.475201,90.524799,28.659801,0.773678,1.0
2026-07-20 15:45:05,0.38,799,4,185.9386,150.8304,2111.7,,,,,1.0,6.608907,0.660891,1.91195,2.213067,9.0,9.0,0.0,6.670112,6.670112,93.329888,29.702,0.643317,1.0
2026-07-20 15:45:05,0.94,999,5,178.9092,156.4461,1062.2,0.553267,,,,0.9995,6.424491,0.642449,3.9e-05,1.158398,9.0,10.0,0.047763,6.065913,6.113676,93.886324,30.0071,0.689956,1.0
2026-07-20 15:46:05,60.08,1199,6,140.4343,153.7775,20.0,238.000702,,,,0.904362,5.066353,0.506635,3.9e-05,1.313487,9.0,10.0,0.004009,6.374278,6.378287,93.621713,29.66914,0.768179,1.0
2026-07-20 15:47:04,119.46,1399,7,185.1738,158.2627,11.7,1599.334961,,,,0.81828,6.300842,0.630084,4e-05,1.127734,6.0,7.0,0.0,2.036399,2.036399,97.963601,31.077158,0.693085,1.0
2026-07-20 15:48:03,178.14,1599,8,198.2009,163.255,9.0,4236.536621,,,,0.740392,7.27956,0.727956,3.9e-05,1.08255,10.0,10.0,1.398601,8.178603,9.577204,90.422796,28.656144,0.658229,1.0
2026-07-20 15:49:01,236.91,1799,9,262.2054,174.2495,7.6,9381.207031,,,,0.669918,8.92903,0.892903,1.89375,0.001782,0.0,0.0,0.0,0.0,0.0,100.0,31.60064,0.552275,1.0
2026-07-20 15:50:01,296.1,1999,10,264.4755,183.2721,6.8,15517.974609,,,,0.606152,9.572494,0.957249,4.1e-05,0.003643,0.0,0.0,0.0,0.0,0.0,100.0,31.62368,0.74509,0.999275
2026-07-20 15:51:00,355.24,2199,11,168.3329,181.9139,6.2,27930.898438,,,,0.548455,5.629551,0.562955,1.89345,0.940584,5.0,6.0,0.0,0.238519,0.238519,99.761481,31.410964,0.628008,0.999275
2026-07-20 15:51:59,414.19,2399,12,176.2457,181.4416,5.8,34173.304688,,,,0.49625,6.761378,0.676138,4.2e-05,2.024347,10.0,10.0,2.021061,8.35966,10.380721,89.619279,28.035046,0.641822,0.999275
2026-07-20 15:52:58,473.51,2599,13,197.1285,182.6483,5.5,38235.648438,,,,0.449014,6.77273,0.677273,1.8938,0.005871,0.0,0.0,0.0,0.0,0.0,100.0,31.61472,0.750104,0.999275
2026-07-20 15:53:57,532.59,2799,14,54.9064,173.5239,5.3,34273.859375,,,,0.406275,4.093579,0.409358,3.9e-05,0.799058,10.0,10.0,17.121849,16.418875,33.540724,66.459276,20.732766,0.689024,0.999275
2026-07-20 15:54:56,591.44,2999,15,195.5157,174.99,5.1,46157.976562,,,,0.367604,6.676472,0.667647,1.919,0.004224,0.0,0.0,0.0,0.0,0.0,100.0,31.81696,0.80758,0.999275
2026-07-20 15:55:55,650.52,3199,16,165.2842,174.3834,4.9,27907.066406,,,,0.332613,5.785041,0.578504,1.91895,1.155222,7.0,8.0,0.0,3.809103,3.809103,96.190897,30.495876,0.730659,0.999275
2026-07-20 15:56:54,709.83,3399,17,257.6329,179.2804,4.8,14755.353516,,,,0.300953,9.041958,0.904196,1.9219,0.002229,0.0,0.0,0.0,0.0,0.0,100.0,32.152105,0.772452,0.999275
2026-07-20 15:57:53,768.89,3599,18,374.3961,190.1202,4.7,10359.029297,,,,0.272307,12.55406,1.255406,1.91295,0.0,0.0,0.0,0.0,0.0,0.0,100.0,32.27392,0.568348,0.999275
2026-07-20 15:58:53,828.29,3799,19,266.1336,194.1209,4.6,7899.735352,,,,0.246387,8.881496,0.88815,4.6e-05,0.120409,1.0,1.0,0.0,0.0,0.0,100.0,32.168913,0.603853,0.999275
2026-07-20 15:59:52,887.77,3999,20,-1.6175,184.334,4.5,4028.86499,,,,0.222935,2.983874,0.298387,0.0914,3.216384,10.0,10.0,21.108725,24.982105,46.09083,53.90917,17.130048,0.660593,0.998998
2026-07-20 16:00:51,946.96,4199,21,190.0912,184.6081,4.4,3467.127441,,,,0.201715,6.336374,0.633637,1.91695,0.765892,4.0,4.0,0.0,0.0,0.0,100.0,32.118552,0.627444,0.998998
2026-07-20 16:01:51,1006.09,4399,22,101.7501,180.8418,4.4,3088.989746,,,,0.182515,4.918147,0.491815,0.542202,2.02013,10.0,10.0,7.433106,15.827252,23.260358,76.739642,24.398562,0.562212,0.998998
2026-07-20 16:02:50,1065.57,4599,23,195.2113,181.4666,4.3,1930.459717,,,,0.165142,6.513296,0.65133,1.9219,8e-05,0.0,0.0,0.0,0.0,0.0,100.0,32.07808,0.538605,0.998998
2026-07-20 16:03:49,1124.68,4799,24,138.8401,179.6905,4.3,2064.42627,,,,0.149423,4.659987,0.465999,3.9e-05,0.331141,2.0,3.0,0.0,0.0,0.0,100.0,32.107234,0.676732,0.998998
2026-07-20 16:04:48,1183.96,4999,25,71.0358,175.3443,4.2,995.683838,,,,0.1352,2.462903,0.24629,3.8e-05,1.124484,6.0,7.0,0.0,1.803096,1.803096,98.196904,31.312738,0.951081,0.998998
2026-07-20 16:05:48,1243.72,5199,26,211.2247,176.7243,4.2,410.239655,,,,0.122331,7.207084,0.720708,3.9e-05,0.0,0.0,0.0,0.0,0.0,0.0,100.0,31.91424,0.690292,0.998998
2026-07-20 16:06:47,1302.51,5399,27,130.2953,175.0047,4.1,169.74942,,,,0.110687,4.343585,0.434358,3.9e-05,0.003975,0.0,0.0,0.0,0.0,0.0,100.0,31.87968,0.843825,0.998998
2026-07-20 16:07:46,1361.71,5599,28,122.3012,173.1225,4.1,148.191071,,,,0.100151,5.264002,0.5264,3.7e-05,0.0,0.0,0.0,0.0,0.0,0.0,100.0,32.06528,0.909151,0.998998
2026-07-20 16:08:46,1421.23,5799,29,192.4257,173.7881,4.1,171.129791,,,,0.090618,7.393253,0.739325,1.114865,2.093998,10.0,10.0,4.296859,10.334067,14.630926,85.369074,27.012903,0.605458,0.998998
2026-07-20 16:09:45,1480.35,5999,30,263.7817,176.7879,4.1,80.273102,,,,0.081993,9.362328,0.936233,1.93295,0.002283,0.0,0.0,0.0,0.0,0.0,100.0,31.953687,0.662973,0.998179
2026-07-20 16:10:44,1539.47,6199,31,238.6641,178.7839,4.0,69.943489,,,,0.074188,8.619096,0.86191,1.932,0.0,0.0,0.0,0.0,0.0,0.0,100.0,32.15744,0.661228,0.998179
2026-07-20 16:11:43,1598.83,6399,32,115.5306,176.8072,4.0,39.011887,,,,0.067127,5.550499,0.55505,3.9e-05,0.343086,2.0,10.0,9.640854,8.073818,17.714672,82.285328,26.368647,0.697263,0.998179
2026-07-20 16:12:42,1657.69,6599,33,224.9071,178.2648,4.0,25.010685,,,,0.060737,8.019172,0.801917,1.93095,0.027941,0.0,1.0,0.0,0.0,0.0,100.0,32.06807,0.672206,0.998179
2026-07-20 16:13:41,1716.91,6799,34,176.6098,178.2161,4.0,40.939686,,,,0.054956,6.068486,0.606849,1.94195,0.979619,6.0,7.0,0.0,0.879742,0.879742,99.120258,31.716252,0.746088,0.998179
2026-07-20 16:14:41,1776.33,6999,35,177.7001,178.2014,3.9,57.026764,,,,0.05,5.93973,0.593973,1.945,0.430083,2.0,3.0,0.0,0.0,0.0,100.0,32.067602,0.693647,0.998179
2026-07-20 16:15:40,1835.78,7199,36,96.581,175.9341,3.9,21.031178,,,,0.05,4.417125,0.441713,0.318738,0.199864,1.0,10.0,9.633537,8.316808,17.950345,82.049655,26.445496,0.656753,0.998179
2026-07-20 16:16:39,1894.91,7399,37,157.8539,175.4455,3.9,47.382172,,,,0.05,5.467328,0.546733,1.918,1.251914,7.0,8.0,0.0,3.308809,3.308809,96.691191,30.929985,0.681616,0.998179
2026-07-20 16:17:39,1954.45,7599,38,185.6295,175.7135,3.9,18.137152,,,,0.05,7.022461,0.702246,4e-05,0.887982,10.0,10.0,3.387883,8.210168,11.59805,88.40195,28.475972,0.611569,0.998179
2026-07-20 16:18:38,2013.73,7799,39,243.678,177.4562,3.9,18.914621,,,,0.05,8.183805,0.818381,1.93495,0.01809,0.0,1.0,0.0,0.0,0.0,100.0,32.33664,0.732427,0.998179
2026-07-20 16:19:37,2072.94,7999,40,202.2605,178.0763,3.9,14.592784,,,,0.05,6.752414,0.675241,1.925,0.063741,1.0,1.0,0.0,0.0,0.0,100.0,32.29056,0.623353,0.997489
2026-07-20 16:20:37,2132.31,8199,41,313.2394,181.3729,3.8,24.179499,,,,0.05,10.865006,1.086501,1.939,0.0,0.0,0.0,0.0,0.0,0.0,100.0,32.22784,0.565753,0.997489
2026-07-20 16:21:36,2191.99,8399,42,217.8364,182.2411,3.8,13.484056,,,,0.05,8.068535,0.806854,1.145342,1.096848,10.0,10.0,4.314036,7.910389,12.224425,87.775575,28.221413,0.654897,0.997489
2026-07-20 16:22:35,2251.04,8599,43,240.5792,183.5978,3.8,10.124988,,,,0.05,8.306773,0.830677,1.947,0.088871,1.0,1.0,0.0,0.0,0.0,100.0,32.148238,0.68093,0.997489
2026-07-20 16:23:35,2310.51,8799,44,285.4327,185.9122,3.8,8.847948,,,,0.05,9.856794,0.985679,1.938,0.031064,0.0,1.0,0.0,0.0,0.0,100.0,32.099629,0.673154,0.997489
2026-07-20 16:24:34,2369.91,8999,45,329.5629,189.1045,3.8,7.040485,,,,0.05,12.566653,1.256665,1.947,0.004262,0.0,0.0,0.0,0.0,0.0,100.0,32.13824,0.800518,0.997489
2026-07-20 16:25:33,2428.97,9199,46,232.185,190.041,3.8,3.765866,,,,0.05,7.747444,0.774744,1.932,0.046734,0.0,1.0,0.0,0.0,0.0,100.0,32.101569,0.580602,0.997489
2026-07-20 16:26:33,2488.08,9399,47,204.0443,190.3389,3.8,7.354853,,,,0.05,6.801477,0.680148,1.93095,0.038485,0.0,1.0,0.0,0.0,0.0,100.0,32.096,0.65837,0.997489
2026-07-20 16:27:32,2547.74,9599,48,140.4291,189.2992,3.8,2.891403,,,,0.05,4.68097,0.468097,3.8e-05,0.336303,2.0,3.0,0.0,0.0,0.0,100.0,31.892016,0.743233,0.997489
2026-07-20 16:28:31,2606.81,9799,49,87.1627,187.2147,3.8,2.21694,,,,0.05,3.629266,0.362927,1.927,2.431965,9.0,10.0,0.0,11.814582,11.814582,88.185418,27.855909,0.809558,0.997489
2026-07-20 16:29:31,2666.27,9999,50,127.5521,186.0215,3.8,3.72749,,,,0.05,4.291994,0.429199,4.4e-05,0.000558,0.0,0.0,0.0,0.0,0.0,100.0,32.09728,0.745672,0.996519
2026-07-20 16:30:30,2725.71,10199,51,71.7127,183.7801,3.7,2.657492,,,,0.05,2.771423,0.277142,4e-05,1.70573,9.0,10.0,0.055906,6.225541,6.281447,93.718553,29.695694,0.914733,0.996519
2026-07-20 16:31:29,2784.47,10399,52,119.9429,182.5525,3.7,3.716549,,,,0.05,4.380556,0.438056,4e-05,0.033199,0.0,1.0,0.0,0.0,0.0,100.0,32.15488,0.829773,0.996519
2026-07-20 16:32:28,2843.63,10599,53,116.5989,181.3081,3.7,8.83285,,,,0.05,3.965608,0.396561,3.9e-05,0.016897,0.0,1.0,0.0,0.0,0.0,100.0,32.19456,0.825858,0.996519
2026-07-20 16:33:28,2903.26,10799,54,121.0079,180.1914,3.7,5.747864,,,,0.05,4.033598,0.40336,4.3e-05,0.228431,2.0,2.0,0.0,0.0,0.0,100.0,32.13568,0.804169,0.996519
2026-07-20 16:34:27,2962.36,10999,55,78.4789,178.3421,3.7,2.6628,,,,0.05,3.386504,0.33865,4e-05,2.493456,9.0,10.0,0.794697,11.10978,11.904477,88.095523,27.915946,0.838635,0.996519
2026-07-20 16:35:26,3021.85,11199,56,84.3067,176.6629,3.7,6.457738,,,,0.05,2.829801,0.28298,4.1e-05,0.813901,5.0,6.0,0.0,0.343739,0.343739,99.656261,31.749581,0.889715,0.996519
2026-07-20 16:36:26,3081.44,11399,57,108.193,175.4617,3.7,4.43019,,,,0.05,3.756444,0.375644,4.1e-05,2.96778,6.0,7.0,0.0,2.730266,2.730266,97.269734,30.512932,0.832636,0.996519
2026-07-20 16:37:25,3140.68,11599,58,53.7041,173.3624,3.7,6.677763,,,,0.05,4.031904,0.40319,4.1e-05,0.739995,10.0,10.0,17.320747,16.376782,33.69753,66.30247,20.930883,0.676462,0.996519
2026-07-20 16:38:24,3199.97,11799,59,148.1019,172.9343,3.7,9.668469,,,,0.05,5.008669,0.500867,4.2e-05,0.059842,1.0,1.0,0.0,0.0,0.0,100.0,31.93472,0.796177,0.996519
2026-07-20 16:39:24,3259.44,11999,60,197.4277,173.3425,3.7,3.252147,,,,0.05,6.580922,0.658092,4e-05,0.020163,0.0,1.0,0.0,0.0,0.0,100.0,31.99488,0.727426,0.995848
2026-07-20 16:40:23,3318.68,12199,61,194.0155,173.6814,3.7,6.448451,,,,0.05,6.94695,0.694695,3.8e-05,2.259292,8.0,8.0,0.0,7.271199,7.271199,92.728801,29.309278,0.655911,0.995848
2026-07-20 16:41:22,3377.81,12399,62,299.0876,175.7041,3.7,1.988178,,,,0.05,10.399995,1.039999,4e-05,0.0,0.0,0.0,0.0,0.0,0.0,100.0,32.19072,0.632845,0.995848
2026-07-20 16:42:22,3437.16,12599,63,346.8354,178.4204,3.7,4.264233,,,,0.05,12.653893,1.265389,4.2e-05,0.0,0.0,0.0,0.0,0.0,0.0,100.0,32.18432,0.595628,0.995848
2026-07-20 16:43:21,3496.46,12799,64,229.5997,179.2201,3.7,3.515833,,,,0.05,8.133186,0.813319,3.7e-05,1.193945,9.0,10.0,0.176148,6.349333,6.525481,93.474519,29.691126,0.806207,0.995848
2026-07-20 16:44:20,3555.49,12999,65,355.0575,181.9253,3.7,10.575489,,,,0.05,12.290486,1.229049,4.1e-05,0.002128,0.0,0.0,0.0,0.0,0.0,100.0,31.88352,0.620475,0.995848
2026-07-20 16:45:19,3614.83,13199,66,304.7468,183.7862,3.7,2.200082,,,,0.05,10.54696,1.054696,4e-05,0.0,0.0,0.0,0.0,0.0,0.0,100.0,31.8912,0.563805,0.995848
2026-07-20 16:46:19,3674.3,13399,67,309.6258,185.6644,3.6,3.432879,,,,0.05,10.569752,1.056975,4.1e-05,0.171043,1.0,2.0,0.0,0.0,0.0,100.0,31.835741,0.569912,0.995848
2026-07-20 16:47:18,3733.34,13599,68,244.8432,186.5347,3.6,3.302243,,,,0.05,8.219868,0.821987,4e-05,0.148728,1.0,2.0,0.0,0.0,0.0,100.0,31.955275,0.759377,0.995848
2026-07-20 16:48:17,3792.88,13799,69,323.0161,188.5127,3.6,7.687367,,,,0.05,11.435244,1.143524,1.791702,0.0,0.0,0.0,0.0,0.0,0.0,100.0,32.0,0.553331,0.995848
2026-07-20 16:49:17,3852.44,13999,70,287.2873,189.9238,3.6,4.088039,,,,0.05,10.073322,1.007332,4.3e-05,0.0,0.0,0.0,0.0,0.0,0.0,100.0,32.10368,0.635341,0.994772
2026-07-20 16:50:16,3911.57,14199,71,348.4662,192.1568,3.6,2.924818,,,,0.05,12.060407,1.206041,4.1e-05,0.012101,0.0,1.0,0.0,0.0,0.0,100.0,32.261485,0.634542,0.994772
2026-07-20 16:51:15,3970.94,14399,72,173.2672,191.8944,3.6,3.310211,,,,0.05,5.775572,0.577557,3.8e-05,0.030677,0.0,1.0,0.0,0.0,0.0,100.0,32.128,0.82509,0.994772
2026-07-20 16:52:15,4030.34,14599,73,320.9566,193.6624,3.6,2.593072,,,,0.05,10.97456,1.097456,4e-05,0.016706,0.0,1.0,0.0,0.0,0.0,100.0,32.02688,0.644374,0.994772
2026-07-20 16:53:14,4089.5,14799,74,258.8045,194.5427,3.6,7.906343,,,,0.05,8.691722,0.869172,3.9e-05,0.027905,0.0,1.0,0.0,0.0,0.0,100.0,32.15488,0.601677,0.994772
2026-07-20 16:54:14,4149.1,14999,75,242.0568,195.1762,3.6,3.37989,,,,0.05,8.374916,0.837492,3.9e-05,1.204622,7.0,8.0,0.0,3.435573,3.435573,96.564427,30.684528,0.721357,0.994772
2026-07-20 16:55:13,4208.49,15199,76,196.6956,195.1962,3.6,9.746103,,,,0.05,7.491425,0.749143,4.1e-05,2.05198,10.0,10.0,4.08565,10.360758,14.446408,85.553592,26.99738,0.493343,0.994772
2026-07-20 16:56:12,4267.54,15399,77,330.3385,196.9513,3.6,3.771624,,,,0.05,11.212534,1.121253,4.1e-05,0.017314,0.0,1.0,0.0,0.0,0.0,100.0,31.863414,0.599808,0.994772
2026-07-20 16:57:11,4326.89,15599,78,249.4772,197.6247,3.6,3.105134,,,,0.05,8.672153,0.867215,4e-05,0.086746,1.0,2.0,0.0,0.0,0.0,100.0,31.9168,0.574552,0.994772
2026-07-20 16:58:11,4386.59,15799,79,278.5783,198.6494,3.6,2.800106,,,,0.05,9.741996,0.9742,4e-05,0.074536,1.0,2.0,0.0,0.0,0.0,100.0,31.92448,0.689579,0.994772
2026-07-20 16:59:10,4445.86,15999,80,160.0158,198.1665,3.6,2.417789,,,,0.05,5.850386,0.585039,4e-05,1.162473,9.0,10.0,0.383586,6.608862,6.992448,93.007552,29.623419,0.612686,0.993804
2026-07-20 17:00:09,4505.05,16199,81,207.9814,198.2877,3.6,2.265765,,,,0.05,7.102459,0.710246,4.1e-05,0.0,0.0,0.0,0.0,0.0,0.0,100.0,31.93216,0.57,0.993804
2026-07-20 17:01:09,4564.52,16399,82,230.7652,198.6838,3.6,2.503881,,,,0.05,7.692174,0.769217,4e-05,0.340634,2.0,2.0,0.0,0.0,0.0,100.0,31.910624,0.619566,0.993804
2026-07-20 17:02:08,4623.62,16599,83,186.8544,198.5412,3.6,2.25565,,,,0.05,6.228479,0.622848,3.9e-05,0.625482,4.0,4.0,0.0,0.0,0.0,100.0,31.837217,0.62196,0.993804
2026-07-20 17:03:07,4682.89,16799,84,196.92,198.5219,3.6,1.546415,,,,0.05,7.20233,0.720233,4.1e-05,1.312331,9.0,10.0,0.480384,6.92554,7.405925,92.594075,29.429326,0.686436,0.993804
2026-07-20 17:04:07,4742.23,16999,85,222.807,198.8076,3.6,3.505429,,,,0.05,7.426901,0.74269,4.3e-05,0.033389,0.0,1.0,0.0,0.0,0.0,100.0,32.04864,0.586945,0.993804
2026-07-20 17:05:06,4801.82,17199,86,168.4404,198.4545,3.6,3.366835,,,,0.05,5.614679,0.561468,3.9e-05,0.254855,2.0,2.0,0.0,0.0,0.0,100.0,32.22912,0.702654,0.993804
2026-07-20 17:06:05,4861.01,17399,87,173.5093,198.1678,3.6,2.838503,,,,0.05,5.783642,0.578364,4e-05,0.223936,2.0,2.0,0.0,0.0,0.0,100.0,32.193908,0.66852,0.993804
2026-07-20 17:07:05,4920.5,17599,88,253.3395,198.7948,3.6,5.865168,,,,0.05,8.826107,0.882611,3.9e-05,0.002213,0.0,0.0,0.0,0.0,0.0,100.0,32.39424,0.602777,0.993804
2026-07-20 17:08:04,4979.89,17799,89,328.954,200.2572,3.6,3.041209,,,,0.05,11.528446,1.152845,4e-05,0.0,0.0,0.0,0.0,0.0,0.0,100.0,32.24448,0.581221,0.993804
2026-07-20 17:09:03,5038.95,17999,90,167.6137,199.8945,3.6,9.542183,,,,0.05,6.09583,0.609583,4e-05,1.097811,7.0,7.0,0.0,1.797887,1.797887,98.202113,31.395714,0.781458,0.992689
2026-07-20 17:10:03,5098.36,18199,91,252.9933,200.478,3.6,2.79677,,,,0.05,8.677313,0.867731,3.9e-05,0.022638,0.0,1.0,0.0,0.0,0.0,100.0,32.004706,0.563397,0.992689
2026-07-20 17:11:02,5157.68,18399,92,105.0391,199.4406,3.6,3.637471,,,,0.05,3.710928,0.371093,3.9e-05,1.321609,7.0,8.0,0.0,3.081986,3.081986,96.918014,30.6434,0.867367,0.992689
2026-07-20 17:12:01,5216.74,18599,93,258.757,200.0784,3.6,2.565969,,,,0.05,8.641966,0.864197,1.893,0.293612,2.0,2.0,0.0,0.0,0.0,100.0,31.742526,0.487368,0.992689
2026-07-20 17:13:01,5276.28,18799,94,176.7629,199.8304,3.6,2.780142,,,,0.05,6.013728,0.601373,4e-05,0.008591,0.0,0.0,0.0,0.0,0.0,100.0,32.03456,0.665907,0.992689
2026-07-20 17:14:00,5335.7,18999,95,117.6865,198.9657,3.6,3.253285,,,,0.05,3.922885,0.392288,3.7e-05,0.107009,1.0,2.0,0.0,0.0,0.0,100.0,32.21248,0.77884,0.992689
2026-07-20 17:14:59,5394.92,19199,96,213.3751,199.1158,3.6,3.77932,,,,0.05,7.395028,0.739503,4.1e-05,0.091242,1.0,2.0,0.0,0.0,0.0,100.0,32.197291,0.639469,0.992689
2026-07-20 17:15:59,5454.31,19399,97,365.5892,200.8321,3.6,2.721756,,,,0.05,12.786284,1.278628,3.9e-05,0.0,0.0,0.0,0.0,0.0,0.0,100.0,32.2944,0.629331,0.992689
2026-07-20 17:16:58,5513.69,19599,98,311.1659,201.9579,3.6,8.896669,,,,0.05,11.082008,1.108201,3.9e-05,1.147454,9.0,10.0,0.667647,6.879148,7.546795,92.453205,29.577037,0.613946,0.992689
2026-07-20 17:17:57,5572.9,19799,99,447.8554,204.4417,3.6,7.925877,,,,0.05,15.71629,1.571629,1.90995,0.001594,0.0,0.0,0.0,0.0,0.0,100.0,32.11264,0.624486,0.992689
2026-07-20 17:18:57,5632.49,19999,100,326.2127,205.6594,3.6,3.086513,,,,0.05,11.562255,1.156225,3.9e-05,0.403937,2.0,3.0,0.0,0.0,0.0,100.0,31.859854,0.628222,0.991587
2026-07-20 17:19:56,5692.04,20199,101,374.009,207.6139,3.5,3.545322,,,,0.05,13.693948,1.369395,4.2e-05,1.837093,10.0,10.0,0.352536,7.255028,7.607563,92.392437,29.207207,0.589831,0.991587
2026-07-20 17:20:56,5751.14,20399,102,331.1577,209.5607,3.5,3.764208,,,,0.05,11.106002,1.1106,4.2e-05,0.003673,0.0,0.0,0.0,0.0,0.0,100.0,31.71328,0.545261,0.991587
2026-07-20 17:21:55,5810.65,20599,103,231.1103,210.8484,3.5,3.104934,,,,0.05,7.734735,0.773473,4.1e-05,0.018624,0.0,1.0,0.0,0.0,0.0,100.0,31.68384,0.592891,0.991587
2026-07-20 17:22:55,5870.11,20799,104,218.4173,211.1732,3.5,2.876446,,,,0.05,7.316515,0.731652,4e-05,0.00427,0.0,0.0,0.0,0.0,0.0,100.0,31.47776,0.561594,0.991587
2026-07-20 17:23:54,5929.38,20999,105,191.8904,211.303,3.5,2.86587,,,,0.05,6.399737,0.639974,1.8989,0.790298,4.0,5.0,0.0,0.060896,0.060896,99.939104,31.374112,0.714506,0.991587
2026-07-20 17:24:53,5988.85,21199,106,43.2781,210.3314,3.5,2.963054,,,,0.05,3.796089,0.379609,3.6e-05,3.339036,10.0,10.0,12.90859,23.392003,36.300592,63.699408,19.785864,0.721715,0.991587
2026-07-20 17:25:53,6048.47,21399,107,165.0376,210.13,3.5,2.415067,,,,0.05,5.663233,0.566323,3.9e-05,0.162023,1.0,2.0,0.0,0.0,0.0,100.0,31.790903,0.744543,0.991587
2026-07-20 17:26:52,6107.53,21599,108,258.5684,210.7337,3.5,2.452478,,,,0.05,9.269532,0.926953,1.922,0.0,0.0,0.0,0.0,0.0,0.0,100.0,31.73504,0.739459,0.991587
2026-07-20 17:27:51,6166.65,21799,109,56.7972,208.6796,3.5,2.779828,,,,0.05,4.128126,0.412813,3.7e-05,1.008682,10.0,10.0,15.70098,16.096125,31.797105,68.202895,21.39337,0.789335,0.991587
2026-07-20 17:28:51,6226.22,21999,110,237.7788,208.4127,3.5,2.623629,,,,0.05,8.154963,0.815496,4e-05,0.083865,1.0,1.0,0.0,0.0,0.0,100.0,31.9296,0.690235,0.991133
2026-07-20 17:29:50,6285.5,22199,111,299.728,209.7266,3.5,7.114044,,,,0.05,10.583145,1.058314,1.9069,0.0,0.0,0.0,0.0,0.0,0.0,100.0,31.7824,0.642273,0.991133
2026-07-20 17:30:49,6344.94,22399,112,301.1265,210.9754,3.5,2.894697,,,,0.05,10.112681,1.011268,1.8889,0.00246,0.0,0.0,0.0,0.0,0.0,100.0,31.744,0.594348,0.991133
2026-07-20 17:31:49,6404.38,22599,113,-8.7504,208.9166,3.5,4.04838,,,,0.05,1.575308,0.157531,3.7e-05,4.230262,10.0,10.0,10.438263,18.611167,29.04943,70.95057,22.237758,0.891195,0.991133
2026-07-20 17:32:48,6463.45,22799,114,44.6692,208.8143,3.5,3.488731,,,,0.05,2.658044,0.265804,3.8e-05,1.309506,5.0,10.0,8.371724,8.884035,17.255759,82.744241,26.506481,0.869663,0.991133
2026-07-20 17:33:47,6522.88,22999,115,188.2486,208.7416,3.5,2.608308,,,,0.05,6.377008,0.637701,4e-05,0.045659,0.0,1.0,0.0,0.0,0.0,100.0,31.931634,0.697122,0.991133
2026-07-20 17:34:47,6582.25,23199,116,210.8664,209.1974,3.5,3.307793,,,,0.05,7.1862,0.71862,3.9e-05,0.0,0.0,0.0,0.0,0.0,0.0,100.0,32.064,0.686353,0.991133
2026-07-20 17:35:46,6641.4,23399,117,162.9744,208.2508,3.5,5.834013,,,,0.05,5.432481,0.543248,3.8e-05,0.039584,0.0,1.0,0.0,0.0,0.0,100.0,32.014515,0.746242,0.991133
2026-07-20 17:36:45,6700.46,23599,118,28.1534,204.7884,3.5,2.434327,,,,0.05,2.908415,0.290842,3.9e-05,3.364376,10.0,10.0,10.05524,20.258586,30.313826,69.686174,21.94663,0.875304,0.991133
2026-07-20 17:37:44,6760.05,23799,119,190.6933,204.034,3.5,6.991184,,,,0.05,6.356442,0.635644,4e-05,0.001249,0.0,0.0,0.0,0.0,0.0,100.0,31.77216,0.701712,0.991133
2026-07-20 17:38:44,6819.52,23999,120,260.0522,206.6507,3.5,2.173943,,,,0.05,8.726438,0.872644,4.1e-05,0.000956,0.0,0.0,0.0,0.0,0.0,100.0,32.1472,0.648071,0.990675
2026-07-20 17:39:43,6878.43,24199,121,289.4469,207.6443,3.5,5.455431,,,,0.05,9.774952,0.977495,4.2e-05,0.058784,1.0,1.0,0.0,0.0,0.0,100.0,32.05248,0.592683,0.990675
2026-07-20 17:40:42,6937.85,24399,122,291.9723,209.5465,3.5,3.133361,,,,0.05,10.054265,1.005427,3.9e-05,0.514328,3.0,4.0,0.0,0.0,0.0,100.0,32.02809,0.609479,0.990675
2026-07-20 17:41:42,6997.35,24599,123,280.7262,210.4016,3.5,3.160423,,,,0.05,9.985075,0.998508,4.1e-05,0.032538,0.0,1.0,0.0,0.0,0.0,100.0,32.13979,0.729858,0.990675
2026-07-20 17:42:41,7056.19,24799,124,243.6452,211.4497,3.5,2.096205,,,,0.05,8.338275,0.833827,4e-05,1.04971,6.0,7.0,0.0,2.104427,2.104427,97.895573,31.388836,0.698593,0.990675
2026-07-20 17:43:40,7115.56,24999,125,193.1763,212.6711,3.5,5.47235,,,,0.05,7.220503,0.72205,3.8e-05,2.471825,9.0,9.0,0.0,11.41337,11.41337,88.58663,27.941438,0.738679,0.990675
2026-07-20 17:44:39,7174.95,25199,126,226.6136,212.825,3.5,3.06371,,,,0.05,7.717324,0.771732,3.8e-05,0.310251,2.0,2.0,0.0,0.0,0.0,100.0,32.053563,0.653385,0.990675
2026-07-20 17:45:38,7233.71,25399,127,241.7494,213.9395,3.5,5.557861,,,,0.05,8.076143,0.807614,3.9e-05,0.563568,3.0,4.0,0.0,0.0,0.0,100.0,32.198035,0.659535,0.990675
2026-07-20 17:46:37,7292.94,25599,128,211.5189,214.8317,3.5,6.897703,,,,0.05,7.273927,0.727393,3.8e-05,1.025086,6.0,7.0,0.0,1.047225,1.047225,98.952775,31.635435,0.638024,0.990675
2026-07-20 17:47:37,7352.41,25799,129,197.7434,214.8849,3.5,2.955118,,,,0.05,6.724093,0.672409,3.7e-05,0.508368,3.0,3.0,0.0,0.0,0.0,100.0,32.199818,0.738835,0.990675
2026-07-20 17:48:36,7411.53,25999,130,122.0127,213.4672,3.5,2.917072,,,,0.05,4.563951,0.456395,3.5e-05,2.264954,10.0,10.0,0.0,8.188438,8.188438,91.811562,29.19061,0.730115,0.98968
2026-07-20 17:49:35,7471.01,26199,131,323.5525,214.3161,3.5,2.678761,,,,0.05,11.360439,1.136044,4e-05,0.007138,0.0,0.0,0.0,0.0,0.0,100.0,32.09728,0.74141,0.98968
2026-07-20 17:50:35,7530.51,26399,132,259.0646,215.7514,3.5,3.030514,,,,0.05,8.635486,0.863549,3.9e-05,0.101536,1.0,1.0,0.0,0.0,0.0,100.0,32.084701,0.599265,0.98968
2026-07-20 17:51:34,7589.62,26599,133,234.7153,215.8495,3.5,5.336947,,,,0.05,8.130511,0.813051,3.8e-05,1.133452,8.0,8.0,0.019982,4.73964,4.759621,95.240379,30.330429,0.674325,0.98968
2026-07-20 17:52:33,7648.91,26799,134,191.3316,215.9967,3.5,3.133788,,,,0.05,7.950847,0.795085,3.6e-05,2.284062,10.0,10.0,2.007518,10.405503,12.413021,87.586979,27.710107,0.752608,0.98968
2026-07-20 17:53:33,7708.51,26999,135,223.1549,216.4513,3.5,3.224648,,,,0.05,7.447728,0.744773,3.8e-05,0.002149,0.0,0.0,0.0,0.0,0.0,100.0,32.16384,0.636824,0.98968
2026-07-20 17:54:32,7767.65,27199,136,195.459,217.44,3.5,2.45788,,,,0.05,6.535204,0.65352,4e-05,0.0,0.0,0.0,0.0,0.0,0.0,100.0,32.19328,0.691839,0.98968
2026-07-20 17:55:31,7826.95,27399,137,177.0335,217.6318,3.5,2.455894,,,,0.05,5.939452,0.593945,4e-05,0.133804,1.0,2.0,0.0,0.0,0.0,100.0,31.913866,0.670786,0.98968
2026-07-20 17:56:31,7886.31,27599,138,210.7072,217.8826,3.5,5.430464,,,,0.05,7.272993,0.727299,3.9e-05,0.0,0.0,0.0,0.0,0.0,0.0,100.0,32.12544,0.719128,0.98968
2026-07-20 17:57:30,7945.63,27799,139,232.5203,217.771,3.5,6.124902,,,,0.05,7.763946,0.776395,3.7e-05,0.648852,3.0,4.0,0.0,0.0,0.0,100.0,31.831495,0.641347,0.98968
2026-07-20 17:58:29,8004.68,27999,140,67.9834,216.4283,3.5,6.203019,,,,0.05,3.399844,0.339984,3.8e-05,2.846318,7.0,10.0,7.131391,10.506461,17.637852,82.362148,25.848081,0.798252,0.988807
2026-07-20 17:59:29,8064.08,28199,141,224.5298,215.5412,3.5,2.053575,,,,0.05,8.130741,0.813074,3.6e-05,0.121565,1.0,2.0,0.0,0.0,0.0,100.0,31.904,0.782568,0.988807
2026-07-20 18:00:28,8123.39,28399,142,242.7197,215.79,3.5,6.767756,,,,0.05,8.649808,0.864981,4e-05,0.021446,0.0,1.0,0.0,0.0,0.0,100.0,31.872,0.776031,0.988807
2026-07-20 18:01:27,8182.36,28599,143,194.6384,215.3306,3.5,2.414939,,,,0.05,6.487947,0.648795,3.8e-05,0.218962,1.0,2.0,0.0,0.0,0.0,100.0,31.930846,0.827663,0.988807
2026-07-20 18:02:26,8241.74,28799,144,220.9411,214.6857,3.5,3.887881,,,,0.05,7.96205,0.796205,3.8e-05,0.114572,1.0,2.0,0.0,0.0,0.0,100.0,32.05434,0.74548,0.988807
2026-07-20 18:03:26,8301.08,28999,145,235.5741,213.7458,3.5,1.75745,,,,0.05,7.918621,0.791862,3.9e-05,1.202883,6.0,7.0,0.0,1.092983,1.092983,98.907017,31.528177,0.774614,0.988807
2026-07-20 18:04:24,8360.02,29199,146,155.6529,212.9805,3.5,3.51489,,,,0.05,6.290533,0.629053,3.8e-05,1.639067,6.0,10.0,7.429072,8.388047,15.817118,84.182882,26.771746,0.769292,0.988807
2026-07-20 18:05:24,8419.43,29399,147,339.498,214.335,3.5,3.66868,,,,0.05,11.500733,1.150073,3.9e-05,0.101508,1.0,1.0,0.0,0.0,0.0,100.0,32.257088,0.736265,0.988807
2026-07-20 18:06:23,8479.01,29599,148,271.9843,215.6506,3.5,3.326397,,,,0.05,9.863992,0.986399,4.2e-05,1.188889,10.0,10.0,3.498566,8.073,11.571565,88.428435,28.256844,0.624855,0.988807
2026-07-20 18:07:23,8538.16,29799,149,219.046,216.9694,3.5,4.894947,,,,0.05,7.578722,0.757872,3.8e-05,1.071241,5.0,6.0,0.0,0.227909,0.227909,99.772091,31.714228,0.718234,0.988807
2026-07-20 18:08:22,8597.66,29999,150,267.4869,218.3687,3.5,3.262182,,,,0.05,9.862033,0.986203,3.9e-05,0.033324,0.0,1.0,0.0,0.0,0.0,100.0,32.14976,0.757578,0.987889
2026-07-20 18:09:21,8657.05,30199,151,252.8955,220.1806,3.5,12.462214,,,,0.05,9.172086,0.917209,3.8e-05,0.092893,1.0,1.0,0.0,0.0,0.0,100.0,32.02403,0.774228,0.987889
2026-07-20 18:10:21,8716.09,30399,152,313.5301,222.1164,3.5,3.126518,,,,0.05,12.024432,1.202443,3.9e-05,0.078405,1.0,1.0,0.0,0.0,0.0,100.0,31.96635,0.750638,0.987889
2026-07-20 18:11:20,8775.55,30599,153,173.7069,222.6875,3.5,7.787115,,,,0.05,6.418704,0.64187,3.6e-05,1.070639,9.0,10.0,1.290451,7.095485,8.385937,91.614063,29.20142,0.687094,0.987889
2026-07-20 18:12:19,8835.01,30799,154,215.4411,223.6318,3.5,4.696012,,,,0.05,8.510918,0.851092,3.9e-05,0.0,0.0,0.0,0.0,0.0,0.0,100.0,32.00896,0.761248,0.987889
2026-07-20 18:13:19,8894.37,30999,155,90.7484,223.7545,3.5,3.042695,,,,0.05,3.135693,0.313569,3.8e-05,0.140529,1.0,2.0,0.0,0.0,0.0,100.0,31.889103,0.890373,0.987889
2026-07-20 18:14:18,8953.91,31199,156,171.371,224.6252,3.5,3.108712,,,,0.05,6.629395,0.66294,3.7e-05,1.075391,9.0,10.0,1.130668,6.507357,7.638026,92.361974,29.325222,0.77689,0.987889
2026-07-20 18:15:18,9013.34,31399,157,119.0535,224.7338,3.5,2.552171,,,,0.05,4.079831,0.407983,3.6e-05,1.034197,6.0,7.0,0.0,0.978435,0.978435,99.021565,31.516957,0.794034,0.987889
2026-07-20 18:16:17,9072.97,31599,158,93.6238,225.133,3.5,2.760245,,,,0.05,3.878241,0.387824,3.9e-05,3.538393,9.0,10.0,0.44915,12.010748,12.459897,87.540103,27.430606,0.718518,0.987889
2026-07-20 18:17:17,9132.14,31799,159,205.4202,225.7062,3.5,2.027302,,,,0.05,6.990995,0.699099,4e-05,0.031846,0.0,1.0,0.0,0.0,0.0,100.0,32.07424,0.711198,0.987889
2026-07-20 18:18:16,9191.74,31999,160,151.2499,225.2444,3.5,4.830868,,,,0.05,6.287175,0.628718,3.4e-05,0.302221,2.0,2.0,10.46865,8.477287,18.945937,81.054063,25.838622,0.684923,0.987152
2026-07-20 18:19:16,9251.1,32199,161,261.8424,225.9227,3.5,2.141594,,,,0.05,8.769432,0.876943,3.8e-05,0.127268,1.0,2.0,0.0,0.0,0.0,100.0,32.033782,0.683147,0.987152
2026-07-20 18:20:15,9310.59,32399,162,192.3119,224.8549,3.5,8.484925,,,,0.05,7.122533,0.712253,3.9e-05,1.121751,9.0,9.0,0.0,4.386979,4.386979,95.613021,30.531551,0.735319,0.987152
2026-07-20 18:21:15,9370.29,32599,163,222.3682,223.6102,3.5,1.457471,,,,0.05,8.20775,0.820775,3.7e-05,2.495082,9.0,10.0,0.0,12.951724,12.951724,87.048276,27.721056,0.704806,0.987152
2026-07-20 18:22:14,9429.83,32799,164,251.2393,223.8266,3.5,1.865838,,,,0.05,9.999331,0.999933,3.9e-05,0.937579,10.0,10.0,2.751196,7.978469,10.729665,89.270335,28.565686,0.779292,0.987152
2026-07-20 18:23:14,9489.13,32999,165,253.2622,222.8087,3.5,2.537714,,,,0.05,9.890144,0.989014,3.9e-05,1.037317,10.0,10.0,1.833247,7.565144,9.398391,90.601609,28.866942,0.669417,0.987152
2026-07-20 18:24:13,9548.67,33199,166,317.6836,222.938,3.5,1.936656,,,,0.05,10.635206,1.063521,4e-05,0.478561,2.0,3.0,0.0,0.0,0.0,100.0,32.062987,0.692172,0.987152
2026-07-20 18:25:12,9608.06,33399,167,265.6378,222.4982,3.5,4.367735,,,,0.05,9.060409,0.906041,3.8e-05,0.028075,0.0,1.0,0.0,0.0,0.0,100.0,32.27904,0.608518,0.987152
2026-07-20 18:26:12,9667.52,33599,168,197.4522,222.0243,3.5,2.883484,,,,0.05,7.105688,0.710569,3.9e-05,1.160934,9.0,10.0,0.604815,6.514606,7.119421,92.880579,29.908752,0.550814,0.987152
2026-07-20 18:27:12,9727.08,33799,169,265.6148,221.4502,3.5,1.608832,,,,0.05,8.883011,0.888301,3.9e-05,1.034084,5.0,5.0,0.0,0.207688,0.207688,99.792312,32.41136,0.631379,0.987152
2026-07-20 18:28:11,9786.41,33999,170,158.537,220.1627,3.5,5.77063,,,,0.05,6.689703,0.66897,4e-05,0.005976,0.0,0.0,0.0,0.0,0.0,100.0,32.76928,0.874549,0.986377
2026-07-20 18:29:10,9845.81,34199,171,198.9331,218.6674,3.5,2.028244,,,,0.05,8.230322,0.823032,3.9e-05,0.0,0.0,0.0,0.0,0.0,0.0,100.0,32.38528,0.780882,0.986377
2026-07-20 18:30:10,9905.24,34399,172,121.6446,218.1512,3.5,3.864772,,,,0.05,5.04066,0.504066,3.8e-05,1.687822,10.0,10.0,5.060616,8.709523,13.770139,86.229861,27.429888,0.740728,0.986377
2026-07-20 18:31:09,9964.75,34599,173,247.1307,217.4129,3.5,2.103617,,,,0.05,8.256887,0.825689,3.9e-05,0.0,0.0,0.0,0.0,0.0,0.0,100.0,31.97824,0.575793,0.986377
2026-07-20 18:32:09,10024.1,34799,174,137.1696,216.1966,3.5,2.157478,,,,0.05,4.655172,0.465517,3.8e-05,0.000605,0.0,0.0,0.0,0.0,0.0,100.0,31.75296,0.7419,0.986377
2026-07-20 18:33:08,10083.49,34999,175,90.6366,214.6824,3.5,3.363151,,,,0.05,3.111094,0.311109,3.6e-05,1.801866,6.0,6.0,0.0,0.691374,0.691374,99.308626,31.276921,0.870416,0.986377
2026-07-20 18:34:08,10143.18,35199,176,119.5393,213.9108,3.5,2.464608,,,,0.05,4.022959,0.402296,3.9e-05,0.267628,2.0,3.0,0.0,0.0,0.0,100.0,32.130576,0.792415,0.986377
2026-07-20 18:35:07,10202.73,35399,177,160.152,212.2089,3.5,2.304719,,,,0.05,6.181719,0.618172,3.5e-05,0.824261,10.0,10.0,3.788089,7.972421,11.76051,88.23949,28.462938,0.63744,0.986377
2026-07-20 18:36:07,10262.07,35599,178,249.3959,212.2081,3.5,4.069183,,,,0.05,8.313553,0.831355,1.914,0.550155,3.0,3.0,0.0,0.0,0.0,100.0,32.131515,0.427523,0.986377
2026-07-20 18:37:06,10321.91,35799,179,332.3017,212.7454,3.5,1.880659,,,,0.05,11.421211,1.142121,4e-05,0.823758,4.0,6.0,0.0,0.357115,0.357115,99.642885,32.014306,0.57291,0.986377
2026-07-20 18:38:06,10381.34,35999,180,241.9503,213.5647,3.5,2.5956,,,,0.05,8.400933,0.840093,4e-05,1.512609,7.0,7.0,0.0,2.013927,2.013927,97.986073,31.41971,0.576194,0.985456
2026-07-20 18:39:05,10440.9,36199,181,11.9865,211.6048,3.5,7.513429,,,,0.05,2.39415,0.239415,3.6e-05,1.52564,10.0,10.0,14.095026,16.645479,30.740505,69.259495,22.120355,0.832776,0.985456
2026-07-20 18:40:05,10500.37,36399,182,176.9411,211.0665,3.5,5.235504,,,,0.05,6.066694,0.606669,3.9e-05,1.064775,7.0,9.0,0.003974,2.551264,2.555238,97.444762,31.223543,0.650213,0.985456
2026-07-20 18:41:04,10559.61,36599,183,247.8504,211.6765,3.5,2.971334,,,,0.05,8.437117,0.843712,4e-05,7.9e-05,0.0,0.0,0.0,0.0,0.0,100.0,32.29696,0.700519,0.985456
2026-07-20 18:42:03,10618.79,36799,184,77.537,210.4826,3.5,2.737937,,,,0.05,3.161182,0.316118,3.9e-05,1.166014,10.0,10.0,1.950523,7.096416,9.046939,90.953061,29.178077,0.881943,0.985456
2026-07-20 18:43:03,10678.48,36999,185,184.8514,210.1031,3.5,2.73369,,,,0.05,6.297214,0.629721,4e-05,0.000596,0.0,0.0,0.0,0.0,0.0,100.0,32.20352,0.787394,0.985456
2026-07-20 18:44:02,10737.81,37199,186,159.1148,210.0098,3.5,2.860919,,,,0.05,5.309035,0.530903,3.9e-05,0.049909,0.0,1.0,0.0,0.0,0.0,100.0,32.315482,0.777009,0.985456
2026-07-20 18:45:02,10797.24,37399,187,173.5233,210.01,3.5,2.631261,,,,0.05,5.847301,0.58473,3.8e-05,0.084067,1.0,1.0,0.0,0.0,0.0,100.0,32.111953,0.82982,0.985456
2026-07-20 18:46:01,10856.74,37599,188,113.9478,208.6161,3.5,2.453507,,,,0.05,4.520828,0.452083,3.8e-05,1.275478,10.0,10.0,1.356282,7.927506,9.283788,90.716212,29.064747,0.799683,0.985456
2026-07-20 18:47:00,10916.0,37799,189,107.2368,206.3989,3.5,2.898376,,,,0.05,3.579073,0.357907,4e-05,0.00115,0.0,0.0,0.0,0.0,0.0,100.0,32.27904,0.832823,0.985456
2026-07-20 18:48:00,10975.21,37999,190,23.8002,204.9607,3.5,2.883368,,,,0.05,1.668441,0.166844,3.8e-05,1.260467,10.0,10.0,5.385226,8.117554,13.50278,86.49722,27.821301,0.929351,0.98489
2026-07-20 18:48:59,11034.56,38199,191,-105.6125,201.3747,3.5,3.813422,,,,0.05,0.722863,0.072286,3.5e-05,3.737883,10.0,10.0,31.670179,33.276349,64.946527,35.053473,10.978146,0.82845,0.98489
2026-07-20 18:49:58,11094.03,38399,192,55.5929,200.8802,3.5,4.555859,,,,0.05,2.431802,0.24318,3.7e-05,3.074337,9.0,10.0,0.249931,9.469592,9.719522,90.280478,28.69482,0.86918,0.98489
2026-07-20 18:50:58,11153.44,38599,193,213.6425,200.4291,3.5,3.081461,,,,0.05,7.351512,0.735151,4e-05,0.080342,1.0,1.0,0.0,0.0,0.0,100.0,32.024271,0.657696,0.98489
2026-07-20 18:51:57,11212.88,38799,194,295.6379,201.6178,3.5,3.098307,,,,0.05,10.051056,1.005106,3.8e-05,0.073516,1.0,1.0,0.0,0.0,0.0,100.0,32.02025,0.684366,0.98489
2026-07-20 18:52:56,11272.04,38999,195,313.3861,203.5748,3.5,3.458403,,,,0.05,11.375436,1.137544,3.7e-05,0.0,0.0,0.0,0.0,0.0,0.0,100.0,32.1536,0.770601,0.98489
2026-07-20 18:53:56,11331.22,39199,196,176.5512,203.2066,3.5,2.919405,,,,0.05,5.92082,0.592082,3.9e-05,0.343343,2.0,3.0,0.0,0.0,0.0,100.0,31.716018,0.710154,0.98489
2026-07-20 18:54:55,11390.53,39399,197,299.8022,202.5487,3.5,5.447959,,,,0.05,10.547048,1.054705,3.6e-05,1.039861,6.0,9.0,0.0,2.232771,2.232771,97.767229,30.923839,0.636598,0.98489
2026-07-20 18:55:55,11450.16,39599,198,258.339,202.0205,3.5,3.235744,,,,0.05,8.944732,0.894473,3.8e-05,0.019683,0.0,1.0,0.0,0.0,0.0,100.0,31.93088,0.676874,0.98489
2026-07-20 18:56:54,11509.3,39799,199,182.0922,199.3628,3.5,3.090856,,,,0.05,6.089128,0.608913,4e-05,0.893499,3.0,4.0,0.0,0.0,0.0,100.0,31.719901,0.752727,0.98489
2026-07-20 18:57:53,11569.01,39999,200,273.3784,198.8345,3.5,1.785876,,,,0.05,9.627521,0.962752,3.8e-05,0.0,0.0,0.0,0.0,0.0,0.0,100.0,31.72992,0.764878,0.984443
2026-07-20 18:58:53,11628.78,40199,201,157.8091,196.6725,3.5,4.563646,,,,0.05,5.798596,0.57986,3.7e-05,1.084732,10.0,10.0,1.165258,7.391983,8.557242,91.442758,29.084004,0.773021,0.984443
2026-07-20 18:59:52,11688.0,40399,202,302.8769,196.3897,3.5,4.334143,,,,0.05,10.928194,1.092819,4e-05,0.019387,0.0,1.0,0.0,0.0,0.0,100.0,32.1536,0.69484,0.984443
2026-07-20 19:00:52,11747.6,40599,203,242.6326,196.5049,3.5,1.655984,,,,0.05,8.577355,0.857736,3.7e-05,1.104553,7.0,9.0,0.0,3.15802,3.15802,96.84198,31.035959,0.626408,0.984443
2026-07-20 19:01:52,11807.36,40799,204,192.8685,196.2494,3.5,4.269367,,,,0.05,6.428949,0.642895,3.6e-05,0.846641,4.0,5.0,0.0,0.0,0.0,100.0,32.144249,0.703152,0.984443
2026-07-20 19:02:51,11866.52,40999,205,225.1571,196.5821,3.5,4.71875,,,,0.05,7.517828,0.751783,3.9e-05,0.643487,3.0,3.0,0.0,0.0,0.0,100.0,32.102066,0.737851,0.984443
2026-07-20 19:03:50,11925.87,41199,206,227.1686,198.421,3.5,2.128145,,,,0.05,7.587016,0.758702,3.8e-05,0.0,0.0,0.0,0.0,0.0,0.0,100.0,32.22272,0.728811,0.984443
2026-07-20 19:04:50,11985.4,41399,207,159.5186,198.3658,3.5,4.477988,,,,0.05,5.514891,0.551489,3.8e-05,0.058737,1.0,1.0,0.0,0.0,0.0,100.0,32.121717,0.740661,0.984443
2026-07-20 19:05:49,12044.82,41599,208,186.4231,197.6443,3.5,2.038344,,,,0.05,6.346456,0.634646,3.8e-05,0.003882,0.0,0.0,0.0,0.0,0.0,100.0,31.98336,0.700507,0.984443
2026-07-20 19:06:49,12104.07,41799,209,91.3996,197.9904,3.5,1.915249,,,,0.05,4.4121,0.44121,3.7e-05,1.370164,7.0,7.0,10.563577,9.931603,20.49518,79.50482,25.255992,0.73402,0.984443
2026-07-20 19:07:48,12163.64,41999,210,161.7139,197.2297,3.5,5.509933,,,,0.05,5.430916,0.543092,3.8e-05,1.213343,6.0,6.0,0.0,0.833233,0.833233,99.166767,31.523387,0.782073,0.983558
2026-07-20 19:08:47,12222.66,42199,211,112.2389,195.3548,3.5,1.818024,,,,0.05,4.754978,0.475498,3.8e-05,3.523656,10.0,10.0,3.138368,13.157158,16.295526,83.704474,26.317472,0.732627,0.983558
2026-07-20 19:09:47,12282.23,42399,212,139.406,193.7376,3.5,3.025468,,,,0.05,5.678748,0.567875,3.7e-05,2.509598,10.0,10.0,5.045045,11.347347,16.392392,83.607608,26.367365,0.614702,0.983558
2026-07-20 19:10:46,12341.49,42599,213,129.4344,195.1195,3.5,2.270964,,,,0.05,4.660802,0.46608,3.7e-05,1.065343,6.0,8.0,0.0,1.916677,1.916677,98.083323,31.127996,0.77351,0.983558
2026-07-20 19:11:45,12400.81,42799,214,248.3928,197.1567,3.5,2.473362,,,,0.05,9.262528,0.926253,3.9e-05,0.0,0.0,0.0,0.0,0.0,0.0,100.0,31.95776,0.701345,0.983558
2026-07-20 19:12:44,12459.95,42999,215,221.7968,197.4922,3.5,1.754585,,,,0.05,7.600796,0.76008,4e-05,0.0,0.0,0.0,0.0,0.0,0.0,100.0,32.07168,0.756256,0.983558
2026-07-20 19:13:44,12519.37,43199,216,165.6021,197.0395,3.5,3.087517,,,,0.05,5.534448,0.553445,4.1e-05,0.809345,3.0,3.0,0.0,0.0,0.0,100.0,32.07946,0.719359,0.983558
2026-07-20 19:14:43,12578.78,43399,217,144.0664,196.8505,3.5,2.512351,,,,0.05,5.60208,0.560208,3.9e-05,3.086086,10.0,10.0,0.0,13.211682,13.211682,86.788318,27.435101,0.668568,0.983558
2026-07-20 19:15:43,12638.06,43599,218,93.987,197.5088,3.4,1.779104,,,,0.05,4.318256,0.431826,3.7e-05,2.015334,10.0,10.0,5.311071,13.154442,18.465514,81.534486,26.019154,0.725115,0.983558
2026-07-20 19:16:42,12697.62,43799,219,126.3609,196.8655,3.4,2.217664,,,,0.05,4.212032,0.421203,3.9e-05,1.019518,4.0,5.0,0.0,0.0,0.0,100.0,31.809018,0.809621,0.983558
2026-07-20 19:17:42,12757.36,43999,220,188.8817,196.1538,3.4,2.089557,,,,0.05,6.385601,0.63856,3.8e-05,0.001281,0.0,0.0,0.0,0.0,0.0,100.0,31.98464,0.741919,0.982984
2026-07-20 19:18:41,12816.68,44199,221,118.3016,194.4423,3.4,2.042871,,,,0.05,4.369888,0.436989,3.6e-05,1.079453,7.0,10.0,0.444712,4.567308,5.012019,94.987981,30.162134,0.804597,0.982984
2026-07-20 19:19:41,12876.11,44399,222,187.6552,193.3991,3.4,1.709814,,,,0.05,6.255174,0.625517,3.8e-05,1.153945,4.0,5.0,0.0,0.0,0.0,100.0,32.029351,0.783354,0.982984
2026-07-20 19:20:40,12935.71,44599,223,201.0707,192.6026,3.4,2.099721,,,,0.05,7.005184,0.700518,3.9e-05,0.03617,0.0,1.0,0.0,0.0,0.0,100.0,32.02688,0.712762,0.982984
2026-07-20 19:21:40,12995.12,44799,224,119.0924,191.3571,3.4,2.376795,,,,0.05,4.399958,0.439996,3.8e-05,2.897889,9.0,10.0,0.0,7.109632,7.109632,92.890368,29.111168,0.776754,0.982984
2026-07-20 19:22:39,13054.61,44999,225,209.9382,191.5247,3.4,1.88408,,,,0.05,7.301498,0.73015,3.8e-05,0.749559,4.0,5.0,0.0,0.0,0.0,100.0,31.893439,0.760689,0.982984
2026-07-20 19:23:39,13114.13,45199,226,119.9414,190.458,3.4,5.196854,,,,0.05,5.603917,0.560392,3.8e-05,3.651759,10.0,10.0,6.141789,19.532968,25.674757,74.325243,23.377545,0.645864,0.982984
2026-07-20 19:24:38,13173.43,45399,227,296.6585,191.007,3.4,2.130819,,,,0.05,9.97723,0.997723,3.6e-05,0.740546,4.0,5.0,0.0,0.0,0.0,100.0,31.816143,0.666327,0.982984
2026-07-20 19:25:37,13232.89,45599,228,319.4938,192.0868,3.4,2.533433,,,,0.05,11.18119,1.118119,3.8e-05,0.003214,0.0,0.0,0.0,0.0,0.0,100.0,31.8592,0.788794,0.982984
2026-07-20 19:26:37,13292.55,45799,229,235.228,192.4616,3.4,6.481464,,,,0.05,7.929999,0.793,3.9e-05,1.227071,6.0,7.0,0.0,1.441651,1.441651,98.558349,31.180378,0.642329,0.982984
2026-07-20 19:27:36,13351.81,45999,230,200.9818,193.2513,3.4,2.357881,,,,0.05,6.699583,0.669958,4.1e-05,0.360167,2.0,3.0,0.0,0.0,0.0,100.0,31.83232,0.747096,0.982152
2026-07-20 19:28:36,13411.19,46199,231,294.7437,192.9632,3.4,2.845463,,,,0.05,10.595308,1.059531,4e-05,1.913412,10.0,10.0,3.031035,9.056877,12.087912,87.912088,27.643556,0.647196,0.982152
2026-07-20 19:29:35,13470.65,46399,232,192.8585,192.3012,3.4,1.667977,,,,0.05,6.620263,0.662026,3.8e-05,0.989667,6.0,8.0,0.0,1.602474,1.602474,98.397526,31.21897,0.72632,0.982152
2026-07-20 19:30:34,13529.8,46599,233,296.2437,192.9165,3.4,1.497928,,,,0.05,10.401586,1.040159,4.1e-05,0.12012,1.0,1.0,0.0,0.0,0.0,100.0,31.936,0.6775,0.982152
2026-07-20 19:31:33,13588.88,46799,234,368.0985,194.6841,3.4,8.11208,,,,0.05,12.83209,1.283209,4e-05,0.072231,1.0,1.0,0.0,0.0,0.0,100.0,32.02259,0.649855,0.982152
2026-07-20 19:32:33,13648.26,46999,235,296.3759,195.4163,3.4,2.242792,,,,0.05,9.949652,0.994965,4e-05,0.321936,2.0,2.0,0.0,0.0,0.0,100.0,32.047339,0.64339,0.982152
2026-07-20 19:33:32,13707.62,47199,236,353.1022,196.9928,3.4,1.34438,,,,0.05,13.274104,1.32741,4.1e-05,0.0,0.0,0.0,0.0,0.0,0.0,100.0,32.04736,0.669043,0.982152
2026-07-20 19:34:31,13766.94,47399,237,268.8921,197.9114,3.4,1.758012,,,,0.05,9.662726,0.966273,1.625041,2.204374,10.0,10.0,2.852716,7.914498,10.767214,89.232786,28.546327,0.546897,0.982152
2026-07-20 19:35:31,13826.56,47599,238,311.3044,198.9173,3.4,1.226064,,,,0.05,10.441085,1.044109,3.8e-05,0.026056,0.0,1.0,0.0,0.0,0.0,100.0,32.1291,0.703833,0.982152
2026-07-20 19:36:30,13885.77,47799,239,164.5576,198.2377,3.4,2.021309,,,,0.05,5.648994,0.564899,3.8e-05,0.990756,6.0,7.0,0.0,1.666002,1.666002,98.333998,31.432728,0.727144,0.982152
2026-07-20 19:37:30,13945.16,47999,240,243.0641,199.9885,3.4,4.556688,,,,0.05,8.369466,0.836947,3.7e-05,0.000754,0.0,0.0,0.0,0.0,0.0,100.0,32.24064,0.666726,0.9812
2026-07-20 19:38:29,14004.96,48199,241,157.0262,199.3135,3.4,2.174215,,,,0.05,5.416704,0.54167,3.8e-05,2.2357,7.0,7.0,0.0,3.232468,3.232468,96.767532,30.772817,0.656319,0.9812
2026-07-20 19:39:28,14063.99,48399,242,269.2856,199.5791,3.4,1.867652,,,,0.05,9.299034,0.929903,3.9e-05,0.0,0.0,0.0,0.0,0.0,0.0,100.0,32.1856,0.653252,0.9812
2026-07-20 19:40:28,14123.49,48599,243,293.3918,200.5667,3.4,3.560931,,,,0.05,9.891882,0.989188,4e-05,0.000912,0.0,0.0,0.0,0.0,0.0,100.0,32.2752,0.609741,0.9812
2026-07-20 19:41:27,14182.97,48799,244,326.1341,201.6186,3.4,2.21114,,,,0.05,11.400525,1.140053,3.7e-05,0.275238,2.0,3.0,0.0,0.0,0.0,100.0,32.25656,0.672824,0.9812
2026-07-20 19:42:27,14242.35,48999,245,330.8485,202.5713,3.4,4.150759,,,,0.05,11.69147,1.169147,4e-05,0.000477,0.0,0.0,0.0,0.0,0.0,100.0,32.19968,0.653025,0.9812
2026-07-20 19:43:26,14301.45,49199,246,297.339,203.9882,3.4,4.174875,,,,0.05,9.99027,0.999027,3.9e-05,0.048705,0.0,1.0,0.0,0.0,0.0,100.0,32.170225,0.713598,0.9812
2026-07-20 19:44:25,14360.94,49399,247,322.6216,203.8194,3.4,2.104771,,,,0.05,12.136924,1.213692,3.9e-05,0.0,0.0,0.0,0.0,0.0,0.0,100.0,32.1408,0.657744,0.9812
2026-07-20 19:45:25,14420.43,49599,248,327.788,204.3775,3.4,2.209644,,,,0.05,11.000239,1.100024,3.7e-05,0.330556,2.0,2.0,0.0,0.0,0.0,100.0,31.959364,0.685788,0.9812
2026-07-20 19:46:25,14480.08,49799,249,248.1449,204.6685,3.4,3.989505,,,,0.05,8.313615,0.831362,4.2e-05,0.025289,0.0,1.0,0.0,0.0,0.0,100.0,32.03968,0.616635,0.9812
2026-07-20 19:47:23,14538.51,49999,250,15.2644,202.1462,3.4,4.920968,,,,0.05,3.374274,0.337427,3.9e-05,3.471286,10.0,10.0,19.846961,24.562317,44.409278,55.590722,17.50789,0.675004,0.980466
2026-07-20 19:48:21,14596.44,50199,251,295.4715,202.572,3.4,1.417046,,,,0.05,10.276029,1.027603,3.7e-05,0.039011,0.0,1.0,0.0,0.0,0.0,100.0,31.95776,0.692228,0.980466
2026-07-20 19:49:19,14654.44,50399,252,210.4882,201.5416,3.4,5.385173,,,,0.05,7.245802,0.72458,3.9e-05,2.444769,6.0,7.0,0.0,2.606189,2.606189,97.393811,30.709654,0.696829,0.980466
2026-07-20 19:50:17,14712.28,50599,253,171.0948,201.5155,3.4,1.844233,,,,0.05,6.310005,0.631001,3.9e-05,1.128436,4.0,5.0,0.0,0.0,0.0,100.0,31.852811,0.824724,0.980466
2026-07-20 19:51:15,14770.34,50799,254,235.9734,201.7208,3.4,1.728864,,,,0.05,7.925445,0.792545,3.9e-05,0.726456,6.0,7.0,0.0,1.088174,1.088174,98.911826,31.491953,0.668089,0.980466
2026-07-20 19:52:12,14828.04,50999,255,263.1663,203.445,3.4,5.457234,,,,0.05,9.07305,0.907305,3.8e-05,0.328598,2.0,3.0,0.0,0.0,0.0,100.0,31.98539,0.651048,0.980466
2026-07-20 19:53:10,14885.99,51199,256,292.6273,204.6575,3.4,2.45742,,,,0.05,10.29451,1.029451,3.8e-05,0.045702,0.0,1.0,0.0,0.0,0.0,100.0,31.986714,0.687917,0.980466
2026-07-20 19:54:08,14943.91,51399,257,306.5055,206.532,3.4,4.761378,,,,0.05,11.039489,1.103949,4.1e-05,0.001971,0.0,0.0,0.0,0.0,0.0,100.0,31.82208,0.667445,0.980466
2026-07-20 19:55:06,15001.73,51599,258,168.0642,207.2765,3.4,5.077275,,,,0.05,5.937807,0.593781,3.9e-05,1.307474,8.0,10.0,0.474372,5.18593,5.660302,94.339698,29.815139,0.723798,0.980466
2026-07-20 19:56:04,15059.44,51799,259,305.3439,208.2757,3.4,4.632688,,,,0.05,11.347019,1.134702,3.9e-05,0.0,0.0,0.0,0.0,0.0,0.0,100.0,31.99616,0.686448,0.980466
2026-07-20 19:57:02,15117.51,51999,260,214.0244,208.9034,3.4,1.767373,,,,0.05,7.893735,0.789374,4e-05,2.444829,9.0,9.0,0.0,12.184773,12.184773,87.815227,27.713914,0.614695,0.979463
2026-07-20 19:58:00,15175.24,52199,261,202.8821,208.3138,3.4,1.730008,,,,0.05,7.239794,0.723979,3.8e-05,1.471485,10.0,10.0,0.631621,7.039776,7.671397,92.328603,29.307137,0.618182,0.979463
2026-07-20 19:58:58,15233.17,52399,262,269.5964,209.0867,3.4,3.422904,,,,0.05,9.117743,0.911774,4e-05,0.0,0.0,0.0,0.0,0.0,0.0,100.0,32.04864,0.681179,0.979463
2026-07-20 19:59:56,15291.19,52599,263,282.7473,209.6905,3.4,2.032472,,,,0.05,9.795363,0.979536,4e-05,0.389133,3.0,3.0,0.0,0.0,0.0,100.0,31.802383,0.598155,0.979463
2026-07-20 20:00:53,15349.04,52799,264,309.7478,210.2756,3.4,2.254815,,,,0.05,10.979571,1.097957,3.9e-05,0.0,0.0,0.0,0.0,0.0,0.0,100.0,31.73248,0.724345,0.979463
2026-07-20 20:01:51,15406.85,52999,265,129.2978,209.0359,3.4,2.961991,,,,0.05,4.686644,0.468664,3.9e-05,2.418992,9.0,10.0,0.096281,6.049665,6.145946,93.854054,29.588813,0.677008,0.979463
2026-07-20 20:02:49,15464.73,53199,266,103.3046,206.8921,3.4,4.88959,,,,0.05,5.034545,0.503455,3.8e-05,3.251599,9.0,10.0,8.488605,16.609356,25.097961,74.902039,23.567354,0.63157,0.979463
2026-07-20 20:03:47,15522.65,53399,267,311.4362,207.3501,3.4,5.647341,,,,0.05,11.602239,1.160224,3.8e-05,0.0,0.0,0.0,0.0,0.0,0.0,100.0,32.33664,0.755792,0.979463
2026-07-20 20:04:45,15580.36,53599,268,236.4449,207.74,3.4,1.366071,,,,0.05,8.287453,0.828745,3.9e-05,0.022487,0.0,1.0,0.0,0.0,0.0,100.0,32.502275,0.674107,0.979463
2026-07-20 20:05:43,15638.35,53799,269,197.999,207.0639,3.4,1.534292,,,,0.05,7.038264,0.703826,3.8e-05,0.542618,3.0,5.0,0.0,0.266949,0.266949,99.733051,32.452124,0.72199,0.979463
2026-07-20 20:06:41,15696.38,53999,270,234.5247,207.8237,3.4,2.160453,,,,0.05,8.392644,0.839264,3.9e-05,0.711544,5.0,6.0,0.0,0.566583,0.566583,99.433417,31.945991,0.719186,0.978644
2026-07-20 20:07:39,15754.07,54199,271,185.2387,207.6868,3.4,1.940614,,,,0.05,6.77853,0.677853,4.2e-05,3.096436,10.0,10.0,0.306334,9.623647,9.929981,90.070019,28.473433,0.549948,0.978644
2026-07-20 20:08:36,15811.67,54399,272,264.3865,209.1142,3.4,1.475038,,,,0.05,9.201791,0.920179,3.9e-05,1.107917,8.0,10.0,0.120058,4.370098,4.490155,95.509845,30.37037,0.744133,0.978644
2026-07-20 20:09:34,15869.62,54599,273,194.5564,208.5885,3.4,5.128181,,,,0.05,7.676264,0.767626,3.8e-05,2.220426,10.0,10.0,4.943088,14.262157,19.205245,80.794755,25.426975,0.453647,0.978644
2026-07-20 20:10:32,15927.42,54799,274,164.6001,208.8628,3.4,2.034836,,,,0.05,7.291677,0.729168,3.8e-05,1.392238,6.0,10.0,8.516893,8.947771,17.464664,82.535336,25.965371,0.695526,0.978644
2026-07-20 20:11:30,15985.4,54999,275,158.3692,209.5401,3.4,2.341588,,,,0.05,6.312244,0.631224,4.1e-05,1.530617,5.0,10.0,7.599968,7.937209,15.537177,84.462823,26.680103,0.518376,0.978644
2026-07-20 20:12:28,16043.52,55199,276,247.2705,210.8174,3.4,1.930812,,,,0.05,8.264341,0.826434,3.8e-05,0.198946,2.0,2.0,0.0,0.0,0.0,100.0,31.803963,0.735047,0.978644
2026-07-20 20:13:26,16101.19,55399,277,307.6478,212.2924,3.4,4.483937,,,,0.05,11.630698,1.16307,3.8e-05,0.000604,0.0,0.0,0.0,0.0,0.0,100.0,31.7824,0.772993,0.978644
2026-07-20 20:14:24,16159.11,55599,278,199.7286,211.7957,3.4,2.254302,,,,0.05,6.735512,0.673551,3.6e-05,1.335665,6.0,7.0,0.0,1.348414,1.348414,98.651586,31.109633,0.680425,0.978644
2026-07-20 20:15:22,16217.08,55799,279,140.9278,209.882,3.4,4.459749,,,,0.05,5.411369,0.541137,3.8e-05,1.029184,10.0,10.0,2.9963,7.91908,10.91538,89.08462,28.204614,0.631102,0.978644
2026-07-20 20:16:19,16274.83,55999,280,166.018,209.1226,3.4,2.622255,,,,0.05,5.533934,0.553393,3.8e-05,0.066238,1.0,1.0,0.0,0.0,0.0,100.0,31.8848,0.738953,0.978205
2026-07-20 20:17:17,16332.85,56199,281,152.7467,210.5302,3.4,3.340528,,,,0.05,5.112525,0.511252,3.8e-05,0.073019,1.0,2.0,0.0,0.0,0.0,100.0,31.781847,0.70425,0.978205
2026-07-20 20:18:15,16390.97,56399,282,159.001,210.3508,3.4,1.712976,,,,0.05,5.909183,0.590918,3.9e-05,0.0,0.0,0.0,0.0,0.0,0.0,100.0,31.83488,0.831733,0.978205
2026-07-20 20:19:13,16448.66,56599,283,89.8643,208.771,3.4,2.524802,,,,0.05,4.316764,0.431676,3.6e-05,3.112758,7.0,10.0,8.778534,12.278734,21.057269,78.942731,24.742756,0.691416,0.978205
2026-07-20 20:20:11,16506.62,56799,284,177.7166,209.7728,3.4,2.3211,,,,0.05,5.977939,0.597794,3.8e-05,0.604265,3.0,4.0,0.0,0.0,0.0,100.0,31.877175,0.694956,0.978205
2026-07-20 20:21:09,16564.26,56999,285,219.9695,210.124,3.4,2.484955,,,,0.05,7.341165,0.734117,3.9e-05,0.016308,0.0,1.0,0.0,0.0,0.0,100.0,31.866075,0.707988,0.978205
2026-07-20 20:22:07,16622.27,57199,286,143.9798,209.9726,3.4,1.86101,,,,0.05,4.851657,0.485166,3.9e-05,0.046202,0.0,1.0,0.0,0.0,0.0,100.0,32.083621,0.790929,0.978205
2026-07-20 20:23:05,16680.1,57399,287,119.6118,209.4335,3.4,1.841212,,,,0.05,4.072119,0.407212,3.9e-05,0.657033,4.0,5.0,0.0,0.0,0.0,100.0,31.889145,0.817064,0.978205
2026-07-20 20:24:02,16737.84,57599,288,182.6926,210.1209,3.4,4.19732,,,,0.05,6.268614,0.626861,3.8e-05,0.369537,2.0,3.0,0.0,0.0,0.0,100.0,31.750169,0.70281,0.978205
2026-07-20 20:25:00,16795.79,57799,289,216.1937,211.2105,3.4,1.924735,,,,0.05,7.81713,0.781713,3.9e-05,1.432888,10.0,10.0,1.764088,8.206846,9.970935,90.029065,28.380964,0.524653,0.978205
2026-07-20 20:25:58,16853.47,57999,290,226.6023,213.2385,3.4,2.343198,,,,0.05,8.56646,0.856646,3.8e-05,1.133956,10.0,10.0,2.296459,8.381676,10.678136,89.321864,28.446118,0.539431,0.977401
2026-07-20 20:26:55,16911.04,58199,291,356.53,217.86,3.4,1.80294,,,,0.05,12.297352,1.229735,3.8e-05,0.063702,1.0,1.0,0.0,0.0,0.0,100.0,32.009986,0.696424,0.977401
2026-07-20 20:27:54,16969.08,58399,292,323.2895,220.5369,3.4,2.214176,,,,0.05,11.469026,1.146903,4e-05,0.007174,0.0,0.0,0.0,0.0,0.0,100.0,32.11648,0.689495,0.977401
2026-07-20 20:28:51,17026.77,58599,293,176.5465,220.166,3.4,6.091699,,,,0.05,7.48042,0.748042,4.1e-05,3.423703,10.0,10.0,8.22043,17.156025,25.376455,74.623545,23.718911,0.562459,0.977401
2026-07-20 20:29:49,17084.68,58799,294,347.8754,220.6883,3.4,4.054895,,,,0.05,12.177199,1.21772,4e-05,0.0,0.0,0.0,0.0,0.0,0.0,100.0,32.4288,0.755675,0.977401
2026-07-20 20:30:47,17142.78,58999,295,319.4385,220.7489,3.4,4.571639,,,,0.05,10.699836,1.069984,4.1e-05,0.07243,1.0,1.0,0.0,0.0,0.0,100.0,32.147212,0.76203,0.977401
2026-07-20 20:31:45,17200.55,59199,296,321.2687,222.196,3.4,2.293294,,,,0.05,10.737679,1.073768,4.1e-05,0.163172,1.0,1.0,0.0,0.0,0.0,100.0,31.927946,0.700904,0.977401
2026-07-20 20:32:43,17258.46,59399,297,246.0299,221.6583,3.4,2.509774,,,,0.05,9.401792,0.940179,4e-05,0.772359,4.0,6.64,10.249307,7.98908,18.238388,81.761612,25.85204,0.608469,0.977401
2026-07-20 20:33:41,17316.44,59599,298,206.8134,221.1431,3.4,1.961385,,,,0.05,7.176127,0.717613,4e-05,1.224976,8.0,8.0,0.0,4.720322,4.720322,95.279678,30.116,0.568913,0.977401
2026-07-20 20:34:39,17374.55,59799,299,286.9647,222.1918,3.4,2.019223,,,,0.05,9.916938,0.991694,4.2e-05,0.0,0.0,0.0,0.0,0.0,0.0,100.0,31.78752,0.624222,0.977401
2026-07-20 20:35:37,17432.37,59999,300,212.2464,221.5805,3.4,7.628148,,,,0.05,8.634738,0.863474,4e-05,0.004814,0.0,0.0,11.021408,8.23794,19.259349,80.740651,25.638626,0.530563,0.976866
2026-07-20 20:36:35,17490.38,60199,301,159.6386,221.5988,3.4,2.235126,,,,0.05,6.564612,0.656461,3.9e-05,0.181706,0.0,10.0,9.682348,8.266988,17.949337,82.050663,25.986422,0.690844,0.976866
2026-07-20 20:37:32,17548.02,60399,302,206.4186,220.6342,3.4,2.257588,,,,0.05,6.944361,0.694436,3.8e-05,0.0,0.0,0.0,0.0,0.0,0.0,100.0,31.75296,0.728857,0.976866
2026-07-20 20:38:30,17605.77,60599,303,167.2958,219.8808,3.4,2.432341,,,,0.05,5.667773,0.566777,3.9e-05,0.301974,2.0,3.0,0.0,0.0,0.0,100.0,31.90528,0.665963,0.976866
2026-07-20 20:39:28,17663.36,60799,304,351.3,221.4651,3.4,5.288194,,,,0.05,13.087362,1.308736,4.1e-05,0.0,0.0,0.0,0.0,0.0,0.0,100.0,31.79008,0.68178,0.976866
2026-07-20 20:40:26,17721.63,60999,305,411.2856,223.3264,3.4,2.844416,,,,0.05,14.156895,1.415689,3.8e-05,0.002136,0.0,0.0,0.0,0.0,0.0,100.0,31.75296,0.707505,0.976866
2026-07-20 20:41:24,17779.43,61199,306,387.8004,224.9327,3.4,2.635419,,,,0.05,13.106051,1.310605,3.9e-05,0.003604,0.0,0.0,0.0,0.0,0.0,100.0,31.9616,0.637983,0.976866
2026-07-20 20:42:22,17837.38,61399,307,223.612,225.5737,3.4,2.368804,,,,0.05,7.459798,0.74598,3.9e-05,0.114654,1.0,2.0,0.0,0.0,0.0,100.0,32.197415,0.636194,0.976866
2026-07-20 20:43:20,17895.4,61599,308,277.472,226.4842,3.4,1.431936,,,,0.05,10.678415,1.067842,4e-05,0.130437,0.0,10.0,9.940034,8.629522,18.569556,81.430444,26.180138,0.521564,0.976866
2026-07-20 20:44:18,17953.12,61799,309,189.5336,227.4655,3.4,1.667411,,,,0.05,6.570263,0.657026,3.6e-05,1.33936,7.0,8.0,0.0,3.351977,3.351977,96.648023,30.940337,0.676085,0.976866
2026-07-20 20:45:15,18010.82,61999,310,242.2922,228.2713,3.4,2.727997,,,,0.05,8.259522,0.825952,3.8e-05,1.325252,6.0,7.0,0.0,2.001665,2.001665,97.998335,31.468058,0.589884,0.976075
2026-07-20 20:46:13,18068.74,62199,311,240.5219,229.5541,3.4,1.734511,,,,0.05,8.846646,0.884665,3.9e-05,0.02716,0.0,1.0,0.0,0.0,0.0,100.0,32.283238,0.683123,0.976075
2026-07-20 20:47:11,18126.42,62399,312,267.9383,230.8394,3.4,1.720411,,,,0.05,9.123535,0.912354,3.8e-05,1.054098,7.0,10.0,0.019935,2.930505,2.950441,97.049559,30.976154,0.541652,0.976075
2026-07-20 20:48:09,18184.25,62599,313,296.3043,232.5081,3.4,2.229081,,,,0.05,9.925565,0.992556,4.2e-05,0.316539,2.0,2.0,0.0,0.0,0.0,100.0,31.910965,0.656591,0.976075
2026-07-20 20:49:07,18242.11,62799,314,238.0038,232.4042,3.4,5.377343,,,,0.05,8.108154,0.810815,4e-05,0.139613,1.0,1.0,0.0,0.0,0.0,100.0,31.90528,0.66061,0.976075
2026-07-20 20:50:05,18300.1,62999,315,225.8774,232.445,3.4,6.661308,,,,0.05,8.093703,0.80937,3.7e-05,1.130944,10.0,10.0,1.01815,8.016419,9.034569,90.965431,28.773333,0.632659,0.976075
2026-07-20 20:51:02,18357.66,63199,316,326.6091,234.0551,3.4,1.654791,,,,0.05,11.171504,1.11715,4e-05,0.786839,4.0,5.0,0.0,0.0,0.0,100.0,31.55136,0.647118,0.976075
2026-07-20 20:52:00,18415.22,63399,317,226.782,234.8823,3.4,2.812541,,,,0.05,7.559399,0.75594,3.9e-05,0.647805,4.0,4.0,0.0,0.0,0.0,100.0,31.805112,0.662619,0.976075
2026-07-20 20:52:58,18473.18,63599,318,230.8157,236.2506,3.4,1.102877,,,,0.05,8.282945,0.828295,3.9e-05,1.933056,9.0,10.0,1.210625,7.737645,8.94827,91.05173,29.006054,0.706703,0.976075
2026-07-20 20:53:56,18531.12,63799,319,206.0037,237.047,3.4,2.61144,,,,0.05,7.194185,0.719419,4.2e-05,1.466836,8.0,9.0,0.0,5.407018,5.407018,94.592982,30.202699,0.597676,0.976075
2026-07-20 20:54:53,18589.04,63999,320,256.9808,237.728,3.4,2.108026,,,,0.05,8.946713,0.894671,3.7e-05,1.711967,7.0,8.0,0.0,3.88819,3.88819,96.11181,30.988247,0.636314,0.975154
2026-07-20 20:55:51,18646.95,64199,321,227.8616,238.8236,3.4,6.754482,,,,0.05,7.596712,0.759671,4e-05,1.032732,4.0,5.0,0.0,0.039355,0.039355,99.960645,32.264361,0.64293,0.975154
2026-07-20 20:56:49,18704.86,64399,322,255.1464,239.4985,3.4,2.769117,,,,0.05,8.511467,0.851147,4e-05,0.095969,1.0,1.0,0.0,0.0,0.0,100.0,32.290779,0.648547,0.975154
2026-07-20 20:57:47,18762.77,64599,323,160.0409,239.0882,3.4,1.83146,,,,0.05,6.118134,0.611813,4.1e-05,1.659982,10.0,10.0,4.323659,7.960456,12.284115,87.715885,28.175278,0.616724,0.975154
2026-07-20 20:58:45,18820.92,64799,324,238.6928,240.2842,3.4,1.657823,,,,0.05,7.956427,0.795643,3.8e-05,0.000159,0.0,0.0,0.0,0.0,0.0,100.0,32.26368,0.672476,0.975154
2026-07-20 20:59:43,18878.34,64999,325,92.167,239.1065,3.4,5.671485,,,,0.05,4.443757,0.444376,3.6e-05,2.043728,10.0,10.0,6.097415,14.959843,21.057258,78.942742,25.064385,0.699813,0.975154
2026-07-20 21:00:41,18936.42,65199,326,102.5125,238.9322,3.4,1.770198,,,,0.05,3.417082,0.341708,3.9e-05,0.222837,2.0,3.0,0.0,0.0,0.0,100.0,31.938615,0.81037,0.975154
2026-07-20 21:01:39,18994.54,65399,327,249.1729,238.4573,3.4,3.081552,,,,0.05,8.387354,0.838735,4.1e-05,0.067366,1.0,1.0,0.0,0.0,0.0,100.0,31.864946,0.607607,0.975154
2026-07-20 21:02:37,19052.37,65599,328,327.583,238.5382,3.4,5.590857,,,,0.05,12.466676,1.246668,3.8e-05,0.019805,0.0,1.0,0.0,0.0,0.0,100.0,31.79776,0.706523,0.975154
2026-07-20 21:03:35,19110.07,65799,329,360.0931,239.7869,3.4,4.527868,,,,0.05,13.191097,1.31911,3.9e-05,0.59332,3.0,4.0,0.0,0.0,0.0,100.0,31.657956,0.677297,0.975154
2026-07-20 21:04:32,19167.92,65999,330,325.2526,241.0296,3.4,2.707243,,,,0.05,10.920342,1.092034,4e-05,0.01395,0.0,1.0,0.0,0.0,0.0,100.0,31.84,0.565489,0.974279
2026-07-20 21:05:30,19225.86,66199,331,169.5624,239.7778,3.4,2.366248,,,,0.05,7.001506,0.700151,3.9e-05,2.258781,10.0,10.0,4.412949,15.856015,20.268964,79.731036,25.158098,0.524229,0.974279
2026-07-20 21:06:28,19284.04,66399,332,196.5489,239.8147,3.4,2.025,,,,0.05,6.604867,0.660487,3.9e-05,0.000281,0.0,0.0,0.0,0.0,0.0,100.0,31.92704,0.739023,0.974279
2026-07-20 21:07:26,19341.92,66599,333,160.5239,238.4575,3.4,3.392205,,,,0.05,5.495465,0.549546,4e-05,0.005194,0.0,0.0,0.0,0.0,0.0,100.0,32.03712,0.833719,0.974279
2026-07-20 21:08:24,19400.04,66799,334,243.5925,237.2124,3.4,1.943297,,,,0.05,8.502616,0.850262,3.7e-05,0.088961,1.0,1.0,0.0,0.0,0.0,100.0,31.958076,0.698263,0.974279
2026-07-20 21:09:22,19457.82,66999,335,155.3151,235.8018,3.4,4.848872,,,,0.05,5.350681,0.535068,4e-05,1.632287,7.0,7.0,0.0,2.700435,2.700435,97.299565,30.828722,0.634795,0.974279
2026-07-20 21:10:20,19515.71,67199,336,265.9554,234.9303,3.4,4.764407,,,,0.05,9.030223,0.903022,4.1e-05,1.383063,7.0,7.0,0.0,2.508817,2.508817,97.491183,30.879947,0.558164,0.974279
2026-07-20 21:11:18,19573.99,67399,337,258.9077,234.8305,3.4,1.074249,,,,0.05,9.017123,0.901712,3.9e-05,0.001123,0.0,0.0,0.0,0.0,0.0,100.0,31.92576,0.738799,0.974279
2026-07-20 21:12:16,19631.77,67599,338,363.2156,235.3496,3.4,2.66971,,,,0.05,12.114665,1.211467,4.2e-05,0.026153,0.0,1.0,0.0,0.0,0.0,100.0,31.81312,0.628439,0.974279
2026-07-20 21:13:14,19689.29,67799,339,278.0101,236.4841,3.4,1.744257,,,,0.05,9.649277,0.964928,3.7e-05,0.0,0.0,0.0,0.0,0.0,0.0,100.0,31.96288,0.68595,0.974279
2026-07-20 21:14:12,19747.25,67999,340,284.7043,236.9005,3.4,2.038334,,,,0.05,10.476203,1.04762,4e-05,0.0,0.0,0.0,0.0,0.0,0.0,100.0,31.91296,0.711207,0.973317
2026-07-20 21:15:09,19804.87,68199,341,315.2032,238.4823,3.4,2.402639,,,,0.05,11.069158,1.106916,3.6e-05,0.015421,0.0,1.0,0.0,0.0,0.0,100.0,32.040845,0.664408,0.973317
2026-07-20 21:16:07,19862.65,68399,342,311.1156,238.9006,3.4,1.610054,,,,0.05,11.804684,1.180468,3.7e-05,0.21185,0.0,10.0,9.398301,8.134296,17.532597,82.467403,26.347031,0.587853,0.973317
2026-07-20 21:17:05,19920.7,68599,343,326.7049,239.2337,3.4,3.371924,,,,0.05,11.05023,1.105023,4e-05,0.002626,0.0,0.0,0.0,0.0,0.0,100.0,32.17024,0.677078,0.973317
2026-07-20 21:18:03,19978.39,68799,344,227.3627,238.246,3.4,1.898854,,,,0.05,7.890224,0.789022,4e-05,1.302271,8.0,10.0,0.231917,4.938222,5.170139,94.829861,30.160632,0.560725,0.973317
2026-07-20 21:19:01,20036.35,68999,345,270.0714,237.6383,3.4,2.324565,,,,0.05,9.159444,0.915944,4e-05,1.16987,6.0,8.0,0.0,2.145115,2.145115,97.854885,31.107111,0.635779,0.973317
2026-07-20 21:19:59,20094.14,69199,346,277.6041,237.4409,3.4,1.030642,,,,0.05,9.257795,0.925779,4e-05,0.232312,2.0,2.0,0.0,0.0,0.0,100.0,32.167389,0.658475,0.973317
2026-07-20 21:20:56,20151.9,69399,347,240.0795,236.6155,3.4,1.182378,,,,0.05,9.32547,0.932547,4e-05,0.104021,1.0,1.0,10.953516,8.355185,19.308701,80.691299,25.828576,0.540194,0.973317
2026-07-20 21:21:54,20209.65,69599,348,293.0047,236.2676,3.4,1.807583,,,,0.05,11.861541,1.186154,3.6e-05,0.438916,0.0,10.0,7.356643,7.708292,15.064935,84.935065,27.077568,0.720527,0.973317
2026-07-20 21:22:52,20267.28,69799,349,318.4647,236.9708,3.4,1.458896,,,,0.05,10.628612,1.062861,4.2e-05,0.007364,0.0,0.0,0.0,0.0,0.0,100.0,32.15744,0.640942,0.973317
2026-07-20 21:23:50,20325.25,69999,350,363.4262,240.4525,3.4,2.445722,,,,0.05,12.32021,1.232021,3.9e-05,0.005979,0.0,0.0,0.0,0.0,0.0,100.0,32.11008,0.654465,0.972709
2026-07-20 21:24:47,20382.94,70199,351,153.2234,239.03,3.4,1.810305,,,,0.05,6.40005,0.640005,3.7e-05,0.635507,4.0,4.0,10.42957,8.35964,18.789211,81.210789,25.803029,0.58924,0.972709
2026-07-20 21:25:45,20440.92,70399,352,256.0548,239.4857,3.4,7.351777,,,,0.05,8.707191,0.870719,3.9e-05,0.005561,0.0,0.0,0.0,0.0,0.0,100.0,31.997107,0.694768,0.972709
2026-07-20 21:26:43,20498.76,70599,353,285.358,240.6283,3.4,1.871114,,,,0.05,9.877149,0.987715,3.9e-05,0.191229,1.0,2.0,0.0,0.0,0.0,100.0,32.04864,0.640635,0.972709
2026-07-20 21:27:41,20556.52,70799,354,195.8974,240.2275,3.4,1.339351,,,,0.05,6.558914,0.655891,3.8e-05,1.253515,5.0,6.0,0.0,0.56775,0.56775,99.43225,31.58823,0.583469,0.972709
2026-07-20 21:28:38,20614.06,70999,355,243.4216,240.0301,3.4,3.333916,,,,0.05,9.080812,0.908081,4e-05,0.687162,10.0,10.0,6.09216,8.402154,14.494315,85.505685,27.33507,0.578045,0.972709
2026-07-20 21:29:36,20672.03,71199,356,301.879,240.1226,3.4,4.271453,,,,0.05,10.062634,1.006263,4.1e-05,0.008059,0.0,0.0,0.0,0.0,0.0,100.0,31.9232,0.640933,0.972709
2026-07-20 21:30:34,20729.49,71399,357,176.361,238.8211,3.4,4.835888,,,,0.05,6.977235,0.697723,3.8e-05,2.58228,10.0,10.0,0.644541,14.848473,15.493014,84.506986,26.684272,0.717572,0.972709
2026-07-20 21:31:32,20787.25,71599,358,166.5873,238.8064,3.4,2.176322,,,,0.05,5.55291,0.555291,3.7e-05,0.634496,3.0,4.0,0.0,0.0,0.0,100.0,31.832393,0.784542,0.972709
2026-07-20 21:32:30,20845.17,71799,359,329.5887,239.0488,3.4,3.693859,,,,0.05,10.992385,1.099239,3.9e-05,0.012118,0.0,1.0,0.0,0.0,0.0,100.0,32.0064,0.713747,0.972709
2026-07-20 21:33:27,20902.85,71999,360,292.8519,239.8371,3.4,4.171459,,,,0.05,10.125711,1.012571,3.9e-05,0.14926,1.0,2.0,0.0,0.0,0.0,100.0,31.902478,0.70035,0.971987
2026-07-20 21:34:25,20960.7,72199,361,347.923,241.2875,3.4,3.167191,,,,0.05,13.658512,1.365851,4.2e-05,0.0,0.0,0.0,0.0,0.0,0.0,100.0,31.93856,0.785018,0.971987
2026-07-20 21:35:23,21018.51,72399,362,262.2594,241.2141,3.4,1.287094,,,,0.05,9.197102,0.91971,4e-05,2.350812,8.0,9.0,0.0,7.873034,7.873034,92.126966,28.927609,0.616323,0.971987
2026-07-20 21:36:21,21076.27,72599,363,323.4968,241.6216,3.4,1.78847,,,,0.05,12.069277,1.206928,3.9e-05,0.0,0.0,0.0,0.0,0.0,0.0,100.0,31.74016,0.753845,0.971987
2026-07-20 21:37:19,21134.23,72799,364,225.2721,240.7769,3.4,1.754046,,,,0.05,7.551247,0.755125,3.9e-05,0.111138,1.0,2.0,0.0,0.0,0.0,100.0,31.638309,0.660221,0.971987
2026-07-20 21:38:16,21191.97,72999,365,285.7295,242.3412,3.4,2.402949,,,,0.05,10.349653,1.034965,4.1e-05,1.059052,7.0,8.0,0.0,2.582787,2.582787,97.417213,30.650581,0.647421,0.971987
2026-07-20 21:39:14,21249.87,73199,366,223.4883,243.543,3.4,1.735942,,,,0.05,7.666243,0.766624,3.7e-05,1.042319,7.0,8.0,0.0,2.272819,2.272819,97.727181,30.731315,0.699648,0.971987
2026-07-20 21:40:12,21307.46,73399,367,237.3989,242.8027,3.4,1.314775,,,,0.05,8.648451,0.864845,4e-05,0.0,0.0,0.0,0.0,0.0,0.0,100.0,31.74912,0.767564,0.971987
2026-07-20 21:41:10,21365.06,73599,368,178.0327,242.2185,3.4,1.999654,,,,0.05,6.939481,0.693948,4.4e-05,1.155261,2.0,10.0,7.436133,8.039819,15.475953,84.524047,26.968305,0.630335,0.971987
2026-07-20 21:42:07,21423.0,73799,369,239.1798,242.6303,3.4,3.263878,,,,0.05,8.248285,0.824829,4e-05,0.004791,0.0,0.0,0.0,0.0,0.0,100.0,32.0576,0.723651,0.971987
2026-07-20 21:43:05,21480.61,73999,370,236.7634,242.6527,3.4,3.74118,,,,0.05,8.402305,0.84023,3.9e-05,0.004173,0.0,0.0,0.0,0.0,0.0,100.0,32.20992,0.841181,0.971055
2026-07-20 21:44:03,21538.38,74199,371,176.5538,242.5659,3.4,4.1325,,,,0.05,5.924886,0.592489,3.9e-05,0.04936,0.0,1.0,0.0,0.0,0.0,100.0,32.181843,0.837047,0.971055
2026-07-20 21:45:01,21596.2,74399,372,129.9981,241.222,3.4,2.383734,,,,0.05,4.33395,0.433395,3.9e-05,0.076425,1.0,2.0,0.0,0.0,0.0,100.0,32.007239,0.808684,0.971055
2026-07-20 21:45:58,21653.84,74599,373,8.962,239.3661,3.4,1.281904,,,,0.05,2.284106,0.228411,3.7e-05,2.736152,10.0,10.0,13.644711,17.512974,31.157685,68.842315,21.563174,0.783526,0.971055
2026-07-20 21:46:56,21711.41,74799,374,130.7871,239.0279,3.4,4.300278,,,,0.05,4.403104,0.44031,4e-05,0.027483,0.0,1.0,0.0,0.0,0.0,100.0,32.044062,0.875357,0.971055
2026-07-20 21:47:54,21769.39,74999,375,111.2652,238.5569,3.4,1.927424,,,,0.05,3.797885,0.379789,3.8e-05,0.067628,1.0,1.0,0.0,0.0,0.0,100.0,31.855996,0.887375,0.971055
2026-07-20 21:48:52,21827.1,75199,376,121.2145,237.2963,3.4,1.549395,,,,0.05,4.353308,0.435331,3.8e-05,0.032417,0.0,1.0,0.0,0.0,0.0,100.0,31.904,0.892295,0.971055
2026-07-20 21:49:50,21885.16,75399,377,236.5631,236.5855,3.4,3.518475,,,,0.05,8.093808,0.809381,3.8e-05,0.216239,2.0,3.0,0.0,0.0,0.0,100.0,31.971828,0.76651,0.971055
2026-07-20 21:50:48,21943.18,75599,378,237.7611,236.9658,3.4,1.141918,,,,0.05,9.18971,0.918971,3.8e-05,0.0,0.0,0.0,0.0,0.0,0.0,100.0,31.85152,0.831264,0.971055
2026-07-20 21:51:45,22000.64,75799,379,186.5073,237.4216,3.4,1.258825,,,,0.05,6.975599,0.69756,3.7e-05,1.153874,10.0,10.0,3.829992,8.232281,12.062272,87.937728,27.949096,0.62005,0.971055
2026-07-20 21:52:43,22058.39,75999,380,345.1304,239.2127,3.4,1.803124,,,,0.05,12.322391,1.232239,3.9e-05,0.168013,1.0,2.0,0.0,0.0,0.0,100.0,32.013593,0.726064,0.970278
2026-07-20 21:53:41,22116.43,76199,381,305.4041,240.7393,3.4,4.281246,,,,0.05,12.06246,1.206246,3.9e-05,0.033181,0.0,1.0,0.0,0.0,0.0,100.0,32.249604,0.790728,0.970278
2026-07-20 21:54:39,22174.36,76399,382,249.1175,241.6405,3.4,2.076163,,,,0.05,8.325352,0.832535,4e-05,1.139758,5.0,5.0,0.0,0.007932,0.007932,99.992068,31.983004,0.686018,0.970278
2026-07-20 21:55:37,22232.4,76599,383,281.8183,243.56,3.4,5.683008,,,,0.05,9.619913,0.961991,3.9e-05,0.093641,1.0,1.0,0.0,0.0,0.0,100.0,32.24576,0.756462,0.970278
2026-07-20 21:56:35,22290.27,76799,384,328.3352,245.0662,3.4,1.521345,,,,0.05,10.965436,1.096544,4e-05,0.520218,3.0,4.0,0.0,0.0,0.0,100.0,32.161788,0.607559,0.970278
2026-07-20 21:57:33,22348.24,76999,385,232.733,245.1938,3.4,6.878728,,,,0.05,8.675002,0.8675,3.7e-05,1.348067,10.0,10.0,5.473859,8.296009,13.769868,86.230132,27.631337,0.614901,0.970278
2026-07-20 21:58:31,22406.16,77199,386,307.9313,246.8333,3.4,1.966016,,,,0.05,10.265116,1.026512,4e-05,0.000514,0.0,0.0,0.0,0.0,0.0,100.0,32.36224,0.665656,0.970278
2026-07-20 21:59:28,22463.78,77399,387,251.4071,248.1513,3.4,10.959099,,,,0.05,9.379473,0.937947,4e-05,4e-05,0.0,0.0,0.0,0.0,0.0,100.0,32.29312,0.793376,0.970278
2026-07-20 22:00:26,22521.78,77599,388,128.028,247.6046,3.4,1.55016,,,,0.05,4.427505,0.44275,3.9e-05,0.85659,5.0,6.0,0.0,0.396055,0.396055,99.603945,32.069378,0.786946,0.970278
2026-07-20 22:01:24,22579.54,77799,389,63.0054,246.0728,3.4,2.347007,,,,0.05,2.705163,0.270516,3.8e-05,2.377899,9.0,9.0,0.0,10.222009,10.222009,89.777991,28.425279,0.88003,0.970278
2026-07-20 22:02:22,22637.46,77999,390,113.675,244.9435,3.4,1.703911,,,,0.05,4.967602,0.49676,3.7e-05,1.365476,6.0,10.0,9.354272,8.930712,18.284984,81.715016,25.761121,0.661525,0.969491
2026-07-20 22:03:20,22695.5,78199,391,124.7753,242.6259,3.4,1.853708,,,,0.05,4.323348,0.432335,3.9e-05,1.186501,7.0,8.0,0.0,2.955863,2.955863,97.044137,30.664976,0.78901,0.969491
2026-07-20 22:04:18,22753.25,78399,392,200.2269,241.3953,3.4,3.519835,,,,0.05,8.079791,0.807979,3.8e-05,2.009445,10.0,10.0,5.761434,11.518813,17.280247,82.719753,25.839638,0.622666,0.969491
2026-07-20 22:05:15,22810.92,78599,393,244.9678,242.0795,3.4,2.625621,,,,0.05,8.165593,0.816559,3.9e-05,0.155341,1.0,1.0,0.0,0.0,0.0,100.0,31.551994,0.607601,0.969491
2026-07-20 22:06:13,22868.77,78799,394,211.169,240.7125,3.4,3.882145,,,,0.05,7.865688,0.786569,3.8e-05,1.07928,10.0,10.0,3.950548,8.219233,12.169781,87.830219,27.762551,0.657234,0.969491
2026-07-20 22:07:11,22926.55,78999,395,262.7297,240.1454,3.4,2.243298,,,,0.05,8.909172,0.890917,3.9e-05,0.19917,2.0,2.0,0.0,0.0,0.0,100.0,31.774888,0.728287,0.969491
2026-07-20 22:08:09,22984.44,79199,396,113.9503,238.0722,3.4,1.318427,,,,0.05,5.002868,0.500287,3.6e-05,3.112401,10.0,10.0,3.443703,16.382705,19.826408,80.173592,25.182229,0.614323,0.969491
2026-07-20 22:09:07,23042.34,79399,397,247.4202,238.0861,3.4,5.029472,,,,0.05,8.457514,0.845751,3.9e-05,0.025835,0.0,1.0,0.0,0.0,0.0,100.0,32.056983,0.753469,0.969491
2026-07-20 22:10:05,23100.29,79599,398,250.1323,238.5193,3.4,2.123097,,,,0.05,8.915499,0.89155,3.8e-05,1.022552,6.0,7.0,0.0,1.817821,1.817821,98.182179,31.501197,0.769666,0.969491
2026-07-20 22:11:03,23158.07,79799,399,300.2701,238.6523,3.4,1.307739,,,,0.05,11.112671,1.111267,3.9e-05,0.00016,0.0,0.0,0.0,0.0,0.0,100.0,31.9744,0.82326,0.969491
2026-07-20 22:12:00,23215.68,79999,400,279.5869,239.3257,3.4,2.590501,,,,0.05,10.790474,1.079047,3.8e-05,0.0,0.0,0.0,0.0,0.0,0.0,100.0,31.95776,0.797242,0.968803
2026-07-20 22:12:58,23273.46,80199,401,247.9234,240.2086,3.4,4.73799,,,,0.05,8.305862,0.830586,3.9e-05,0.017858,0.0,1.0,0.0,0.0,0.0,100.0,31.968,0.752192,0.968803
2026-07-20 22:13:56,23331.2,80399,402,239.1136,240.5355,3.4,1.708606,,,,0.05,8.58228,0.858228,4.1e-05,0.0,0.0,0.0,0.0,0.0,0.0,100.0,31.9168,0.77956,0.968803
2026-07-20 22:14:54,23389.06,80599,403,239.6462,241.259,3.4,4.857098,,,,0.05,8.516583,0.851658,3.8e-05,0.007473,0.0,0.0,0.0,0.0,0.0,100.0,31.6864,0.762553,0.968803
2026-07-20 22:15:52,23447.17,80799,404,161.2572,239.3586,3.4,4.976539,,,,0.05,5.38683,0.538683,3.9e-05,0.007417,0.0,0.0,0.0,0.0,0.0,100.0,31.928862,0.821112,0.968803
2026-07-20 22:16:49,23504.96,80999,405,206.5619,237.3114,3.4,1.883344,,,,0.05,6.887713,0.688771,3.8e-05,0.004369,0.0,0.0,0.0,0.0,0.0,100.0,31.93216,0.749749,0.968803
2026-07-20 22:17:47,23562.58,81199,406,228.2227,235.7156,3.4,4.610925,,,,0.05,7.623768,0.762377,4.2e-05,0.853139,5.0,5.0,0.0,0.055888,0.055888,99.944112,31.92715,0.639988,0.968803
2026-07-20 22:18:45,23620.48,81399,407,242.9083,235.9086,3.4,2.930168,,,,0.05,8.164954,0.816495,4.1e-05,0.984006,6.0,7.0,0.0,1.167825,1.167825,98.832175,31.691756,0.596081,0.968803
2026-07-20 22:19:43,23678.06,81599,408,220.8437,235.3423,3.4,2.437596,,,,0.05,8.205025,0.820502,3.8e-05,1.231596,8.0,10.0,0.071341,5.334707,5.406048,94.593952,30.363772,0.610886,0.968803
2026-07-20 22:20:40,23735.91,81799,409,137.4402,234.8213,3.4,1.488092,,,,0.05,4.89652,0.489652,3.6e-05,1.86437,8.0,9.0,0.0,5.354237,5.354237,94.645763,30.134639,0.725822,0.968803
2026-07-20 22:21:38,23793.91,81999,410,102.3028,233.4215,3.4,3.233371,,,,0.05,4.291779,0.429178,3.8e-05,0.65875,10.0,10.0,5.583756,8.312183,13.895939,86.104061,27.716002,0.553444,0.967847
2026-07-20 22:22:36,23851.75,82199,411,137.089,232.3871,3.4,2.385493,,,,0.05,4.769163,0.476916,3.8e-05,0.002153,0.0,0.0,0.0,0.0,0.0,100.0,32.09856,0.817097,0.967847
2026-07-20 22:23:34,23909.36,82399,412,42.7391,230.1351,3.4,2.214762,,,,0.05,2.276485,0.227648,3.5e-05,2.30289,10.0,10.0,3.210311,10.731727,13.942038,86.057962,27.126772,0.868739,0.967847
2026-07-20 22:24:32,23967.24,82599,413,164.1527,228.8136,3.4,1.622845,,,,0.05,6.004362,0.600436,4.1e-05,0.0,0.0,0.0,0.0,0.0,0.0,100.0,32.06912,0.839665,0.967847
2026-07-20 22:25:30,24025.25,82799,414,169.1172,228.1248,3.4,4.014581,,,,0.05,6.059891,0.605989,4.1e-05,0.020245,0.0,1.0,0.0,0.0,0.0,100.0,32.118573,0.834687,0.967847
2026-07-20 22:26:28,24083.09,82999,415,123.4901,227.1009,3.4,1.804591,,,,0.05,4.283451,0.428345,3.9e-05,0.018569,0.0,1.0,0.0,0.0,0.0,100.0,32.12288,0.869148,0.967847
2026-07-20 22:27:25,24140.96,83199,416,146.6351,225.3011,3.4,1.980332,,,,0.05,5.780639,0.578064,4e-05,1.35602,10.0,10.0,5.759474,8.284446,14.043919,85.956081,27.540124,0.613589,0.967847
2026-07-20 22:28:23,24198.85,83399,417,142.3726,224.457,3.4,3.926324,,,,0.05,5.009007,0.500901,4.2e-05,1.448248,7.0,10.0,0.107335,4.440469,4.547804,95.452196,30.477641,0.623242,0.967847
2026-07-20 22:29:21,24256.64,83599,418,247.4219,224.6231,3.4,1.956908,,,,0.05,8.480054,0.848005,3.6e-05,0.000199,0.0,0.0,0.0,0.0,0.0,100.0,32.20608,0.780821,0.967847
2026-07-20 22:30:19,24314.2,83799,419,243.4275,224.9973,3.4,2.121853,,,,0.05,9.214701,0.92147,3.5e-05,0.837182,10.0,10.0,5.44215,8.308747,13.750897,86.249103,27.633745,0.678597,0.967847
2026-07-20 22:31:17,24372.34,83999,420,297.8567,225.4061,3.4,4.968242,,,,0.05,9.961266,0.996127,3.9e-05,0.807462,4.0,7.0,0.0,0.592284,0.592284,99.407716,31.632022,0.702863,0.967098
2026-07-20 22:32:15,24430.06,84199,421,328.001,226.4075,3.4,3.690477,,,,0.05,11.202821,1.120282,3.7e-05,0.710964,4.0,5.0,0.0,0.0,0.0,100.0,31.602586,0.707527,0.967098
2026-07-20 22:33:12,24487.91,84399,422,290.5538,226.7616,3.4,1.116088,,,,0.05,11.392703,1.13927,3.9e-05,1.254751,8.0,10.0,0.031992,5.538671,5.570663,94.429337,29.974913,0.771025,0.967098
2026-07-20 22:34:10,24545.78,84599,423,328.9295,228.4505,3.4,2.086536,,,,0.05,10.998126,1.099813,4.1e-05,0.386908,3.0,3.0,0.0,0.0,0.0,100.0,31.872263,0.647587,0.967098
2026-07-20 22:35:08,24603.38,84799,424,179.1995,227.8555,3.4,1.836105,,,,0.05,6.13405,0.613405,3.8e-05,0.051784,0.0,1.0,0.0,0.0,0.0,100.0,32.1088,0.73974,0.967098
2026-07-20 22:36:05,24661.04,84999,425,95.7982,227.8918,3.4,2.351383,,,,0.05,4.237624,0.423762,3.8e-05,3.705328,10.0,10.0,0.65873,16.757937,17.416667,82.583333,26.151474,0.726758,0.967098
2026-07-20 22:37:03,24718.86,85199,426,143.722,228.3039,3.4,4.657087,,,,0.05,5.665869,0.566587,3.6e-05,0.0,0.0,0.0,0.0,0.0,0.0,100.0,32.36224,0.892222,0.967098
2026-07-20 22:38:01,24776.54,85399,427,126.7024,227.0792,3.4,2.504119,,,,0.05,4.356163,0.435616,3.8e-05,1.149408,6.0,7.0,0.0,1.684302,1.684302,98.315698,31.570937,0.79348,0.967098
2026-07-20 22:39:00,24835.53,85599,428,299.6078,226.7995,3.4,1.56708,,,,0.05,10.34087,1.034087,3.9e-05,0.18985,1.0,2.0,0.0,0.0,0.0,100.0,32.208771,0.727469,0.967098
2026-07-20 22:40:00,24895.7,85799,429,257.2154,225.7707,3.4,1.383327,,,,0.05,10.207765,1.020777,3.9e-05,2.223785,8.0,9.0,0.0,7.920241,7.920241,92.079759,29.309221,0.724079,0.967098
2026-07-20 22:41:01,24956.07,85999,430,264.5256,225.1634,3.4,1.164499,,,,0.05,9.979533,0.997953,4e-05,0.653246,10.0,10.0,5.421687,8.627933,14.04962,85.95038,27.629025,0.593801,0.966333
2026-07-20 22:42:01,25016.22,86199,431,161.6967,225.0848,3.4,3.778992,,,,0.05,6.778218,0.677822,3.7e-05,1.965622,8.0,10.0,8.69823,13.397091,22.095321,77.904679,24.989329,0.620517,0.966333
2026-07-20 22:43:01,25076.27,86399,432,277.7441,225.8967,3.4,2.765938,,,,0.05,9.275285,0.927529,4e-05,0.659096,2.0,3.0,0.0,0.0,0.0,100.0,32.127789,0.718649,0.966333
2026-07-20 22:44:01,25136.31,86599,433,364.5782,227.9373,3.4,2.162091,,,,0.05,12.320535,1.232054,1.918,1.075248,6.0,8.0,0.0,2.661779,2.661779,97.338221,31.096037,0.523442,0.966333
2026-07-20 22:45:01,25196.37,86799,434,346.7719,228.9691,3.4,2.762255,,,,0.05,11.559063,1.155906,1.93295,0.044185,0.0,1.0,0.0,0.0,0.0,100.0,32.215241,0.576826,0.966333
2026-07-20 22:46:01,25256.39,86999,435,385.4038,231.2699,3.4,6.449796,,,,0.05,13.027232,1.302723,1.94195,4e-05,0.0,0.0,0.0,0.0,0.0,100.0,32.1216,0.53339,0.966333
2026-07-20 22:47:01,25316.51,87199,436,215.7205,230.7676,3.4,4.008359,,,,0.05,7.427306,0.742731,1.949,1.991308,7.0,9.0,0.0,4.16484,4.16484,95.83516,30.48659,0.49993,0.966333
2026-07-20 22:48:01,25376.49,87399,437,204.9831,230.2284,3.4,2.243314,,,,0.05,6.832771,0.683277,1.91785,0.716276,4.0,5.0,0.0,0.0,0.0,100.0,32.072023,0.537915,0.966333
2026-07-20 22:49:01,25436.42,87599,438,220.6662,228.8029,3.4,2.201178,,,,0.05,7.651593,0.765159,4e-05,2.104007,8.0,9.0,0.035778,5.215663,5.251441,94.748559,30.191076,0.534425,0.966333
2026-07-20 22:50:01,25496.73,87799,439,209.0009,228.1128,3.4,1.701668,,,,0.05,7.276739,0.727674,3.8e-05,0.010451,0.0,1.0,0.0,0.0,0.0,100.0,32.088695,0.72391,0.966333
2026-07-20 22:51:01,25556.54,87999,440,247.3983,227.7397,3.4,3.632797,,,,0.05,8.638343,0.863834,3.9e-05,0.0,0.0,0.0,0.0,0.0,0.0,100.0,31.9104,0.647031,0.965454
2026-07-20 22:52:01,25616.69,88199,441,137.0374,225.958,3.4,2.036219,,,,0.05,5.551533,0.555153,3.8e-05,0.701086,10.0,10.0,6.224416,8.154748,14.379164,85.620836,27.174661,0.757691,0.965454
2026-07-20 22:53:02,25677.31,88399,442,167.7776,224.5247,3.4,1.221757,,,,0.05,6.333666,0.633367,4e-05,0.816945,5.0,5.0,0.0,0.160218,0.160218,99.839782,31.802483,0.825124,0.965454
2026-07-20 22:54:02,25737.39,88599,443,64.3322,221.9009,3.4,3.141104,,,,0.05,3.624833,0.362483,3.6e-05,2.802181,9.0,10.0,8.679986,15.117908,23.797894,76.202106,23.938045,0.726048,0.965454
2026-07-20 22:55:02,25797.44,88799,444,197.4116,221.6014,3.4,2.090285,,,,0.05,7.571256,0.757126,3.9e-05,2.079128,10.0,10.0,2.466466,10.042042,12.508509,87.491491,27.726266,0.660626,0.965454
2026-07-20 22:56:02,25857.53,88999,445,271.0517,221.6112,3.4,4.234263,,,,0.05,9.106517,0.910652,3.8e-05,0.893932,4.0,7.0,0.0,0.459265,0.459265,99.540735,31.726716,0.609267,0.965454
2026-07-20 22:57:02,25917.68,89199,446,181.4881,220.6501,3.4,4.345302,,,,0.05,7.233219,0.723322,1.926,2.739334,10.0,10.0,3.30922,15.730786,19.040006,80.959994,25.717434,0.488122,0.965454
2026-07-20 22:58:02,25977.74,89399,447,301.7102,221.2664,3.4,1.614568,,,,0.05,10.374411,1.037441,3.8e-05,0.000883,0.0,0.0,0.0,0.0,0.0,100.0,31.89504,0.621958,0.965454
2026-07-20 22:59:02,26037.81,89599,448,184.7495,220.1838,3.4,5.828598,,,,0.05,6.568721,0.656872,4e-05,0.092177,1.0,2.0,0.0,0.0,0.0,100.0,32.02176,0.775341,0.965454
2026-07-20 23:00:02,26097.63,89799,449,186.4316,218.8635,3.4,1.784622,,,,0.05,6.411428,0.641143,4.1e-05,0.670313,4.0,5.0,0.0,0.048181,0.048181,99.951819,31.709722,0.769495,0.965454
2026-07-20 23:01:02,26157.37,89999,450,139.9188,216.6284,3.4,1.759458,,,,0.05,4.899694,0.489969,3.9e-05,1.133442,8.0,9.0,0.0,3.585004,3.585004,96.414996,30.668275,0.750482,0.964964
2026-07-20 23:02:02,26217.56,90199,451,185.6161,216.9523,3.4,2.946211,,,,0.05,6.187203,0.61872,4e-05,0.004599,0.0,0.0,0.0,0.0,0.0,100.0,32.007317,0.643064,0.964964
2026-07-20 23:03:02,26277.06,90399,452,168.4194,216.076,3.4,1.93069,,,,0.05,6.203555,0.620356,1.941,2.317508,10.0,10.0,1.149976,8.317361,9.467337,90.532663,28.723831,0.695287,0.964964
2026-07-20 23:04:02,26337.24,90599,453,331.9404,216.5418,3.4,3.505319,,,,0.05,11.160168,1.116017,1.937,0.003882,0.0,0.0,0.0,0.0,0.0,100.0,31.9808,0.505321,0.964964
2026-07-20 23:05:02,26397.39,90799,454,227.9883,216.8627,3.4,1.540426,,,,0.05,8.168237,0.816824,1.939,2.345681,10.0,10.0,0.0,9.57859,9.57859,90.42141,28.614162,0.57278,0.964964
2026-07-20 23:06:02,26457.35,90999,455,254.648,216.975,3.4,4.610796,,,,0.05,8.488266,0.848827,1.94495,1.161573,4.0,4.0,0.0,0.0,0.0,100.0,31.873082,0.606195,0.964964
2026-07-20 23:07:02,26517.37,91199,456,341.9868,217.3761,3.4,3.377072,,,,0.05,11.494224,1.149422,1.934,0.00012,0.0,0.0,0.0,0.0,0.0,100.0,32.07424,0.507817,0.964964
2026-07-20 23:08:02,26577.77,91399,457,149.7188,217.1096,3.4,2.055735,,,,0.05,5.729703,0.57297,1.939,2.516159,9.0,9.0,0.0,12.419419,12.419419,87.580581,27.804991,0.688906,0.964964
2026-07-20 23:09:02,26637.96,91599,458,69.1008,216.1348,3.4,7.819744,,,,0.05,3.846089,0.384609,0.218605,1.42749,8.0,8.0,10.96486,13.509633,24.474492,75.525508,24.05646,0.629871,0.964964
2026-07-20 23:10:03,26698.5,91799,459,154.096,214.3799,3.4,1.707699,,,,0.05,5.3051,0.53051,1.922,1.076081,7.0,7.0,0.0,3.007369,3.007369,96.992631,30.990582,0.667236,0.964964
2026-07-20 23:11:03,26758.97,91999,460,111.4531,212.5659,3.4,1.886929,,,,0.05,4.384217,0.438422,3.9e-05,1.039918,10.0,10.0,1.644671,7.421076,9.065747,90.934253,28.90366,0.836388,0.964414
2026-07-20 23:12:04,26819.12,92199,461,99.5037,210.0817,3.4,3.75568,,,,0.05,3.316789,0.331679,1.93,0.50167,3.0,4.0,0.0,0.0,0.0,100.0,31.817656,0.865051,0.964414
2026-07-20 23:13:04,26879.09,92399,462,34.3064,207.8021,3.4,2.595561,,,,0.05,2.41648,0.241648,1.214167,3.024563,8.0,10.0,7.901732,12.645993,20.547725,79.452275,24.886697,0.781896,0.964414
2026-07-20 23:14:04,26939.36,92599,463,97.5442,205.5426,3.4,3.34645,,,,0.05,4.058381,0.405838,1.933,3.672644,10.0,10.0,0.217094,13.359331,13.576425,86.423575,27.026358,0.733124,0.964414
2026-07-20 23:15:04,26999.41,92799,464,105.992,204.3498,3.4,3.197215,,,,0.05,4.786145,0.478615,0.42299,2.377215,6.0,8.04,10.211422,9.799768,20.011191,79.988809,25.398632,0.560402,0.964414
2026-07-20 23:16:04,27059.61,92999,465,184.4488,203.337,3.4,5.590556,,,,0.05,7.078953,0.707895,1.693524,0.771296,10.0,10.0,4.315316,7.9545,12.269817,87.730183,28.084601,0.537363,0.964414
2026-07-20 23:17:04,27119.93,93199,466,258.2156,203.6843,3.4,3.919698,,,,0.05,8.749877,0.874988,1.93395,0.0,0.0,0.0,0.0,0.0,0.0,100.0,32.15232,0.552098,0.964414
2026-07-20 23:18:05,27180.17,93399,467,205.8027,203.3683,3.4,4.758309,,,,0.05,7.437861,0.743786,3.9e-05,0.0,0.0,0.0,0.0,0.0,0.0,100.0,32.08576,0.692734,0.964414
2026-07-20 23:19:05,27240.41,93599,468,136.0005,202.948,3.4,3.121903,,,,0.05,5.877376,0.587738,4e-05,0.062603,0.0,1.0,10.597804,8.762721,19.360526,80.639474,25.686139,0.63888,0.964414
2026-07-20 23:20:05,27300.63,93799,469,223.1018,202.7872,3.4,2.345577,,,,0.05,7.666597,0.76666,1.927,1.787039,7.0,8.0,0.0,3.404324,3.404324,96.595676,30.360475,0.598372,0.964414
2026-07-20 23:21:06,27361.08,93999,470,350.8726,203.9283,3.4,2.659781,,,,0.05,11.93998,1.193998,1.919,0.009508,0.0,0.0,0.0,0.0,0.0,100.0,31.63648,0.575709,0.964073
2026-07-20 23:22:06,27421.42,94199,471,328.9231,205.452,3.4,5.868103,,,,0.05,12.001576,1.200158,0.554642,1.563005,8.0,10.0,7.472242,8.999919,16.472161,83.527839,26.115084,0.495376,0.964073
2026-07-20 23:23:06,27481.62,94399,472,382.9771,207.9818,3.4,2.732532,,,,0.05,12.765905,1.27659,1.94495,0.618635,3.0,4.0,0.0,0.0,0.0,100.0,31.652066,0.531368,0.964073
2026-07-20 23:24:06,27541.89,94599,473,309.2619,210.9848,3.4,2.524491,,,,0.05,10.308893,1.030889,1.93095,0.0,0.0,0.0,0.0,0.0,0.0,100.0,31.96672,0.407653,0.964073
2026-07-20 23:25:06,27601.8,94799,474,90.029,210.5772,3.4,3.090301,,,,0.05,5.146874,0.514687,0.753612,0.813908,10.0,10.0,17.043729,16.747941,33.79167,66.20833,21.216373,0.423604,0.964073
2026-07-20 23:26:06,27661.7,94999,475,309.5041,212.5596,3.4,6.325055,,,,0.05,10.319311,1.031931,1.92795,0.088828,1.0,1.0,0.0,0.0,0.0,100.0,32.149431,0.496326,0.964073
2026-07-20 23:27:06,27721.87,95199,476,290.0846,214.2483,3.4,4.146036,,,,0.05,9.669487,0.966949,1.92995,0.000238,0.0,0.0,0.0,0.0,0.0,100.0,32.25344,0.39345,0.964073
2026-07-20 23:28:07,27782.13,95399,477,295.6171,214.8388,3.4,5.398153,,,,0.05,10.250082,1.025008,1.932,1.103128,8.0,9.0,0.0,5.234521,5.234521,94.765479,30.360262,0.503194,0.964073
2026-07-20 23:29:07,27842.57,95599,478,264.5183,215.1064,3.4,2.525537,,,,0.05,10.873457,1.087346,0.345092,0.937317,10.0,10.0,15.799546,16.297891,32.097437,67.902563,21.511958,0.505622,0.964073
2026-07-20 23:30:07,27902.89,95799,479,430.6841,217.5482,3.4,2.462559,,,,0.05,14.62867,1.462867,1.936,0.0,0.0,0.0,0.0,0.0,0.0,100.0,32.06656,0.545946,0.964073
2026-07-20 23:31:07,27962.97,95999,480,394.1282,218.0382,3.4,4.989365,,,,0.05,13.269473,1.326947,1.937,0.004201,0.0,0.0,0.0,0.0,0.0,100.0,31.99104,0.574328,0.963735
2026-07-20 23:32:08,28023.12,96199,481,258.7456,217.5716,3.4,2.095948,,,,0.05,8.953677,0.895368,1.938,1.137197,8.0,9.0,0.0,5.655084,5.655084,94.344916,29.948354,0.545963,0.963735
2026-07-20 23:33:08,28083.33,96399,482,208.5882,217.1663,3.4,3.295946,,,,0.05,6.95294,0.695294,1.934,0.370009,3.0,3.0,0.0,0.0,0.0,100.0,31.865008,0.584174,0.963735
2026-07-20 23:34:08,28143.71,96599,483,166.7522,216.0156,3.4,2.07401,,,,0.05,6.26195,0.626195,1.91995,2.430397,10.0,10.0,0.236919,11.580934,11.817853,88.182147,27.772534,0.590981,0.963735
2026-07-20 23:35:08,28204.04,96799,484,140.5407,214.1377,3.4,6.530296,,,,0.05,4.68469,0.468469,1.929,0.0,0.0,0.0,0.0,0.0,0.0,100.0,31.8784,0.635624,0.963735
2026-07-20 23:36:09,28264.41,96999,485,23.4529,212.0449,3.4,3.207967,,,,0.05,2.258021,0.225802,1.9259,4.000163,10.0,10.0,3.147049,21.283675,24.430725,75.569275,23.824426,0.973148,0.963735
2026-07-20 23:37:09,28324.49,97199,486,141.9928,210.3855,3.4,2.169416,,,,0.05,4.733095,0.473309,1.929,8e-05,0.0,0.0,0.0,0.0,0.0,100.0,31.935611,0.753805,0.963735
2026-07-20 23:38:09,28384.61,97399,487,114.5622,209.017,3.4,2.379843,,,,0.05,5.286786,0.528679,4e-05,0.0,0.0,0.0,0.0,0.0,0.0,100.0,31.8848,0.960824,0.963735
2026-07-20 23:39:09,28444.86,97599,488,85.0001,208.5868,3.4,3.34921,,,,0.05,4.815667,0.481567,3.7e-05,0.888937,4.0,10.0,8.066453,8.118495,16.184948,83.815052,26.53675,0.860186,0.963735
2026-07-20 23:40:09,28505.05,97799,489,58.0148,208.5369,3.4,2.705235,,,,0.05,3.39032,0.339032,1.921987,4.962981,10.0,10.0,5.60319,18.66002,24.26321,75.73679,23.640469,0.796197,0.963735
2026-07-20 23:41:10,28565.54,97999,490,124.6919,208.647,3.4,4.565023,,,,0.05,4.156396,0.41564,1.921,0.0,0.0,0.0,0.0,0.0,0.0,100.0,31.87968,0.736181,0.963312
2026-07-20 23:42:10,28625.82,98199,491,155.8332,208.9576,3.4,2.907694,,,,0.05,5.194441,0.519444,1.92895,0.121943,1.0,1.0,0.0,0.0,0.0,100.0,31.774559,0.625148,0.963312
2026-07-20 23:43:11,28686.07,98399,492,248.5206,209.4405,3.4,3.694933,,,,0.05,8.302907,0.830291,1.9329,0.0,0.0,0.0,0.0,0.0,0.0,100.0,32.12672,0.492402,0.963312
2026-07-20 23:44:11,28746.17,98599,493,255.3928,209.5448,3.4,2.241087,,,,0.05,8.534622,0.853462,1.926,0.170075,1.0,1.0,0.0,0.0,0.0,100.0,32.107471,0.509354,0.963312
2026-07-20 23:45:11,28806.81,98799,494,3.6067,207.4692,3.4,5.934653,,,,0.05,2.336113,0.233611,1.608614,5.436614,10.0,10.0,9.855107,26.148565,36.003672,63.996328,20.041497,0.912501,0.963312
2026-07-20 23:46:11,28867.01,98999,495,108.9488,205.9314,3.4,4.076249,,,,0.05,5.48651,0.548651,0.396386,1.704876,10.0,10.0,12.780421,17.159195,29.939617,70.060383,22.275991,0.61002,0.963312
2026-07-20 23:47:12,28927.21,99199,496,262.4696,207.4166,3.4,2.802827,,,,0.05,8.748988,0.874899,1.931,0.164745,1.0,1.0,0.0,0.0,0.0,100.0,32.08832,0.592748,0.963312
2026-07-20 23:48:12,28987.68,99399,497,152.3163,206.4655,3.4,5.193376,,,,0.05,5.077211,0.507721,1.93,0.077414,1.0,1.0,0.0,0.0,0.0,100.0,31.862056,0.758322,0.963312
2026-07-20 23:49:12,29047.68,99599,498,101.3937,204.9781,3.4,7.210808,,,,0.05,4.334785,0.433478,0.428964,0.487731,0.0,10.0,7.018111,7.826649,14.844761,85.155239,26.877109,0.639509,0.963312
2026-07-20 23:50:12,29107.72,99799,499,235.1096,204.3265,3.4,4.822228,,,,0.05,7.854674,0.785467,1.93,0.012446,0.0,1.0,0.0,0.0,0.0,100.0,31.77856,0.660672,0.963312
2026-07-20 23:51:12,29168.02,99999,500,204.2215,203.5729,3.4,5.463293,,,,0.05,6.807382,0.680738,1.92895,0.115953,1.0,1.0,0.0,0.0,0.0,100.0,31.869547,0.617621,0.962895
2026-07-20 23:52:13,29228.17,100199,501,139.361,202.4872,3.4,2.624772,,,,0.05,4.645366,0.464537,1.93,0.34968,2.0,2.0,0.0,0.0,0.0,100.0,31.766005,0.605163,0.962895
2026-07-20 23:53:13,29288.48,100399,502,146.0533,201.5566,3.4,3.93673,,,,0.05,5.687576,0.568758,1.923,1.08347,10.0,10.0,4.623859,8.648627,13.272486,86.727514,27.325386,0.556821,0.962895
2026-07-20 23:54:13,29348.73,100599,503,137.0296,200.5305,3.4,1.836553,,,,0.05,4.567655,0.456766,1.92195,0.302464,2.0,2.0,0.0,0.0,0.0,100.0,32.05248,0.613897,0.962895
2026-07-20 23:55:13,29408.86,100799,504,178.0059,200.698,3.4,9.08608,,,,0.05,5.933531,0.593353,1.9269,0.460013,3.0,4.0,0.0,0.0,0.0,100.0,31.946662,0.56544,0.962895
2026-07-20 23:56:13,29469.03,100999,505,244.1384,201.0737,3.4,6.220274,,,,0.05,8.137947,0.813795,1.928,0.0,0.0,0.0,0.0,0.0,0.0,100.0,32.03328,0.51438,0.962895
2026-07-20 23:57:14,29529.41,101199,506,235.4076,201.1456,3.4,6.278076,,,,0.05,7.84692,0.784692,1.93195,0.144482,1.0,2.0,0.0,0.0,0.0,100.0,32.194943,0.479632,0.962895
2026-07-20 23:58:14,29589.59,101399,507,110.0542,199.817,3.4,4.434775,,,,0.05,4.766392,0.476639,1.925,2.411724,10.0,10.0,2.43025,15.113119,17.543369,82.456631,26.214001,0.706169,0.962895
2026-07-20 23:59:14,29649.84,101599,508,134.0169,198.9488,3.4,3.996837,,,,0.05,4.467228,0.446723,1.93195,0.935336,4.0,4.0,0.0,0.0,0.0,100.0,31.790367,0.661371,0.962895
2026-07-21 00:00:15,29710.18,101799,509,189.4155,199.4685,3.4,4.495473,,,,0.05,6.313851,0.631385,1.92895,0.002291,0.0,0.0,0.0,0.0,0.0,100.0,31.84896,0.526895,0.962895
2026-07-21 00:01:15,29770.36,101999,510,140.7603,199.8531,3.4,4.98598,,,,0.05,4.692009,0.469201,1.923,0.588617,3.0,3.0,0.0,0.0,0.0,100.0,31.937372,0.592566,0.961994
2026-07-21 00:02:15,29830.59,102199,511,174.9266,200.2315,3.4,3.60884,,,,0.05,5.962559,0.596256,1.93,1.066532,6.0,7.0,0.0,2.413545,2.413545,97.586455,31.03295,0.581386,0.961994
2026-07-21 00:03:15,29890.67,102399,512,110.2536,200.9066,3.4,4.745343,,,,0.05,5.259804,0.52598,1.7912,3.091053,10.0,10.0,8.461416,16.799395,25.260811,74.739189,23.728755,0.586876,0.961994
2026-07-21 00:04:15,29950.64,102599,513,245.4879,201.72,3.4,3.17694,,,,0.05,8.18994,0.818994,1.933,1.131097,5.0,5.0,0.0,0.1315,0.1315,99.8685,31.86016,0.529977,0.961994
2026-07-21 00:05:15,30010.81,102799,514,127.7108,201.3059,3.4,3.738471,,,,0.05,6.356591,0.635659,0.85536,0.843903,10.0,10.0,16.428457,16.41648,32.844938,67.155062,21.349668,0.611968,0.961994
2026-07-21 00:06:16,30071.2,102999,515,222.2309,202.2933,3.4,3.288724,,,,0.05,9.583546,0.958355,3.9e-05,0.0,0.0,0.0,0.0,0.0,0.0,100.0,31.89888,0.926378,0.961994
2026-07-21 00:07:16,30131.29,103199,516,111.3716,201.9407,3.4,5.039991,,,,0.05,3.712385,0.371238,3.9e-05,0.092643,1.0,2.0,0.0,0.0,0.0,100.0,31.7504,0.877198,0.961994
2026-07-21 00:08:16,30191.32,103399,517,172.7419,202.2444,3.4,5.415814,,,,0.05,5.82332,0.582332,4e-05,0.249798,3.0,4.0,0.0,0.0,0.0,100.0,31.724582,0.730257,0.961994
2026-07-21 00:09:16,30251.4,103599,518,175.9534,201.5297,3.4,4.489425,,,,0.05,7.593605,0.75936,4e-05,0.865661,10.0,10.0,3.443857,7.852795,11.296652,88.703348,28.287301,0.734012,0.961994
2026-07-21 00:10:16,30311.32,103799,519,228.632,201.3817,3.4,4.112528,,,,0.05,7.761845,0.776185,3.9e-05,0.00044,0.0,0.0,0.0,0.0,0.0,100.0,31.987016,0.700625,0.961994
2026-07-21 00:11:16,30371.45,103999,520,220.2454,200.6056,3.4,2.853173,,,,0.05,7.682647,0.768265,3.9e-05,0.0,0.0,0.0,0.0,0.0,0.0,100.0,31.90784,0.721449,0.961499
2026-07-21 00:12:16,30431.66,104199,521,248.2775,199.8084,3.4,5.240975,,,,0.05,9.615485,0.961548,3.9e-05,0.0,0.0,0.0,0.0,0.0,0.0,100.0,32.06528,0.78434,0.961499
2026-07-21 00:13:17,30492.13,104399,522,79.7397,197.7002,3.4,5.934198,,,,0.05,4.075394,0.407539,3.6e-05,0.442923,0.0,10.0,7.334748,8.147496,15.482244,84.517756,26.896328,0.848823,0.961499
2026-07-21 00:14:17,30552.21,104599,523,251.4452,196.9254,3.4,3.223151,,,,0.05,8.422726,0.842273,4.1e-05,0.000361,0.0,0.0,0.0,0.0,0.0,100.0,31.91168,0.67926,0.961499
2026-07-21 00:15:17,30612.3,104799,524,252.8249,197.6617,3.4,6.215562,,,,0.05,8.740007,0.874001,1.934,0.001159,0.0,0.0,0.0,0.0,0.0,100.0,32.02944,0.695071,0.961499
2026-07-21 00:16:17,30672.67,104999,525,356.183,200.2655,3.4,2.343113,,,,0.05,12.077838,1.207784,1.934,4e-05,0.0,0.0,0.0,0.0,0.0,100.0,32.20224,0.506377,0.961499
2026-07-21 00:17:17,30732.88,105199,526,341.58,202.2441,3.4,5.028714,,,,0.05,11.516779,1.151678,1.93395,4e-05,0.0,0.0,0.0,0.0,0.0,100.0,32.02944,0.566673,0.961499
2026-07-21 00:18:18,30793.17,105399,527,202.2405,202.9995,3.4,3.344347,,,,0.05,7.332774,0.733277,1.946,1.273895,10.0,10.0,0.906984,7.667412,8.574397,91.425603,29.20102,0.645882,0.961499
2026-07-21 00:19:18,30853.32,105599,528,214.7608,202.151,3.4,4.262142,,,,0.05,7.656988,0.765699,1.94695,1.267617,10.0,10.0,1.178068,7.088375,8.266443,91.733557,29.239944,0.588811,0.961499
2026-07-21 00:20:18,30913.44,105799,529,92.6668,200.5055,3.4,1.962947,,,,0.05,4.894507,0.489451,0.383074,3.754991,9.0,10.0,10.153341,19.077551,29.230892,70.769108,22.165478,0.62587,0.961499
2026-07-21 00:21:18,30973.55,105999,530,200.2889,199.8631,3.4,4.153487,,,,0.05,6.676297,0.66763,1.927,0.012533,0.0,1.0,0.0,0.0,0.0,100.0,31.967539,0.50797,0.960893
2026-07-21 00:22:18,31033.88,106199,531,158.9753,199.8359,3.4,2.558738,,,,0.05,6.10056,0.610056,1.935,1.856031,10.0,10.0,4.392888,8.466874,12.859762,87.140238,27.771152,0.510002,0.960893
2026-07-21 00:23:18,31093.91,106399,532,196.07,199.0192,3.4,5.081353,,,,0.05,6.535666,0.653567,1.932,0.504278,3.0,3.0,0.0,0.0,0.0,100.0,32.163495,0.555611,0.960893
2026-07-21 00:24:19,31154.06,106599,533,181.2571,197.186,3.4,6.164493,,,,0.05,6.105291,0.610529,1.928,1.715546,6.0,6.0,0.0,1.137895,1.137895,98.862105,31.635193,0.577753,0.960893
2026-07-21 00:25:19,31214.39,106799,534,88.1904,194.6002,3.4,5.551743,,,,0.05,3.529704,0.35297,1.095664,1.034733,10.0,10.0,1.727294,7.609647,9.336942,90.663058,29.051319,0.811044,0.960893
2026-07-21 00:26:19,31274.79,106999,535,186.9407,192.6155,3.4,6.833246,,,,0.05,6.231356,0.623136,1.92995,0.178237,1.0,2.0,0.0,0.0,0.0,100.0,32.231169,0.64287,0.960893
2026-07-21 00:27:19,31334.87,107199,536,62.4654,191.083,3.4,7.008306,,,,0.05,3.227165,0.322717,0.261501,0.295683,1.0,10.0,9.449006,8.69134,18.140347,81.859653,26.334402,0.676618,0.960893
2026-07-21 00:28:19,31394.75,107399,537,181.1915,190.8451,3.4,4.529792,,,,0.05,6.039717,0.603972,1.92695,0.004187,0.0,0.0,0.0,0.0,0.0,100.0,32.098194,0.604441,0.960893
2026-07-21 00:29:20,31455.17,107599,538,280.8522,191.4469,3.4,4.629326,,,,0.05,9.364742,0.936474,1.92395,0.0,0.0,0.0,0.0,0.0,0.0,100.0,32.19968,0.477257,0.960893
2026-07-21 00:30:20,31515.63,107799,539,149.8621,190.8555,3.4,3.97087,,,,0.05,6.069831,0.606983,1.942,2.477735,10.0,10.0,3.993206,13.595071,17.588277,82.411723,26.401453,0.619443,0.960893
2026-07-21 00:31:20,31576.05,107999,540,292.6808,191.3084,3.4,2.225762,,,,0.05,9.756026,0.975603,1.92895,0.0,0.0,0.0,0.0,0.0,0.0,100.0,32.41856,0.502919,0.960266
2026-07-21 00:32:21,31636.51,108199,541,142.5651,191.3636,3.4,3.187625,,,,0.05,5.598545,0.559855,1.945,2.535812,10.0,10.0,3.416812,10.451888,13.8687,86.1313,27.711159,0.623032,0.960266
2026-07-21 00:33:21,31696.57,108399,542,419.0364,193.8762,3.4,2.94513,,,,0.05,13.984957,1.398496,1.942,0.000158,0.0,0.0,0.0,0.0,0.0,100.0,32.4864,0.605045,0.960266
2026-07-21 00:34:21,31757.01,108599,543,329.1779,196.5247,3.4,3.914338,,,,0.05,10.993731,1.099373,1.934,0.0,0.0,0.0,0.0,0.0,0.0,100.0,32.14464,0.511717,0.960266
2026-07-21 00:35:22,31817.26,108799,544,248.9524,197.0401,3.4,5.527354,,,,0.05,8.689214,0.868921,1.93795,1.359906,9.0,9.0,0.211088,6.312729,6.523817,93.476183,29.857313,0.462014,0.960266
2026-07-21 00:36:22,31877.46,108999,545,264.0276,196.9699,3.4,7.452365,,,,0.05,8.800919,0.880092,1.936,0.00597,0.0,0.0,0.0,0.0,0.0,100.0,31.94752,0.472969,0.960266
2026-07-21 00:37:22,31937.97,109199,546,279.0425,197.9454,3.4,7.836034,,,,0.05,9.301418,0.930142,1.93395,0.013751,0.0,1.0,0.0,0.0,0.0,100.0,32.29978,0.493416,0.960266
2026-07-21 00:38:23,31998.6,109399,547,149.0208,196.4185,3.4,3.679559,,,,0.05,4.967361,0.496736,1.93,0.20244,1.0,2.0,0.0,0.0,0.0,100.0,32.208707,0.594954,0.960266
2026-07-21 00:39:23,32058.77,109599,548,116.1031,195.732,3.4,2.742029,,,,0.05,4.038583,0.403858,1.935,1.281455,6.0,8.0,0.0,3.103611,3.103611,96.896389,31.344156,0.778767,0.960266
2026-07-21 00:40:23,32118.85,109799,549,144.4262,195.312,3.4,3.680423,,,,0.05,5.916654,0.591665,0.999075,2.338435,10.0,10.0,4.375394,13.626339,18.001733,81.998267,26.363953,0.675956,0.960266
2026-07-21 00:41:24,32179.16,109999,550,168.0804,195.5936,3.4,4.660703,,,,0.05,5.602678,0.560268,1.931,0.058563,1.0,1.0,0.0,0.0,0.0,100.0,32.61142,0.596534,0.959458
2026-07-21 00:42:24,32239.2,110199,551,172.5983,195.4634,3.4,7.485816,,,,0.05,5.753275,0.575328,1.92895,0.0,0.0,0.0,0.0,0.0,0.0,100.0,32.512,0.542959,0.959458
2026-07-21 00:43:24,32299.43,110399,552,191.0458,195.6897,3.4,3.730943,,,,0.05,6.368192,0.636819,1.92995,0.000552,0.0,0.0,0.0,0.0,0.0,100.0,32.44672,0.45854,0.959458
2026-07-21 00:44:25,32360.09,110599,553,238.478,194.7551,3.4,5.403923,,,,0.05,7.949267,0.794927,1.93095,0.01618,0.0,1.0,0.0,0.0,0.0,100.0,32.27648,0.507729,0.959458
2026-07-21 00:45:25,32420.27,110799,554,176.0583,194.2358,3.4,6.301079,,,,0.05,5.883503,0.58835,1.934,0.889727,5.0,6.0,0.0,0.28904,0.28904,99.71096,32.060326,0.671193,0.959458
2026-07-21 00:46:25,32480.55,110999,555,295.0074,194.6394,3.4,3.527574,,,,0.05,9.833579,0.983358,1.933,0.000238,0.0,0.0,0.0,0.0,0.0,100.0,32.28544,0.463591,0.959458
2026-07-21 00:47:25,32540.8,111199,556,68.8291,191.9078,3.4,4.523639,,,,0.05,4.017104,0.40171,0.457315,3.137923,10.0,10.0,11.136009,16.357889,27.493898,72.506102,22.842737,0.618485,0.959458
2026-07-21 00:48:25,32600.94,111399,557,-31.6682,190.0939,3.4,4.20817,,,,0.05,2.456542,0.245654,0.744961,6.511236,10.0,10.0,23.952765,31.867869,55.820634,44.179366,13.608497,0.67615,0.959458
2026-07-21 00:49:26,32661.15,111599,558,387.9411,193.2823,3.4,2.627632,,,,0.05,13.083463,1.308346,1.93595,0.051741,0.0,1.0,0.0,0.0,0.0,100.0,32.16,0.544053,0.959458
2026-07-21 00:50:26,32721.54,111799,559,423.9531,195.9809,3.4,4.939219,,,,0.05,14.401318,1.440132,1.94695,1.117969,7.0,8.0,0.0,2.663264,2.663264,97.336736,31.086969,0.570174,0.959458
2026-07-21 00:51:26,32781.94,111999,560,353.8822,198.4052,3.4,5.884873,,,,0.05,11.796073,1.179607,1.954,0.563459,3.0,4.0,0.0,0.0,0.0,100.0,31.961555,0.669363,0.959102
2026-07-21 00:52:26,32842.05,112199,561,289.091,200.301,3.4,4.293342,,,,0.05,9.794139,0.979414,1.95395,2.021695,6.0,6.0,0.0,2.506775,2.506775,97.493225,30.859763,0.619051,0.959102
2026-07-21 00:53:27,32902.19,112399,562,379.0928,203.7489,3.4,3.276137,,,,0.05,12.863171,1.286317,1.941,0.0,0.0,0.0,0.0,0.0,0.0,100.0,32.02816,0.660453,0.959102
2026-07-21 00:54:27,32962.34,112599,563,308.9752,205.8632,3.4,8.474807,,,,0.05,10.317787,1.031779,1.93695,0.000719,0.0,0.0,0.0,0.0,0.0,100.0,32.04608,0.667276,0.959102
2026-07-21 00:55:27,33022.47,112799,564,307.3111,207.8764,3.4,2.847777,,,,0.05,10.260845,1.026085,1.93795,0.0002,0.0,0.0,0.0,0.0,0.0,100.0,31.96928,0.488075,0.959102
2026-07-21 00:56:27,33082.89,112999,565,248.144,208.5134,3.4,6.671784,,,,0.05,8.27549,0.827549,1.93895,0.0,0.0,0.0,0.0,0.0,0.0,100.0,31.96416,0.505379,0.959102
2026-07-21 00:57:28,33143.21,113199,566,240.3528,208.3347,3.4,3.156594,,,,0.05,8.01176,0.801176,1.92895,0.0,0.0,0.0,0.0,0.0,0.0,100.0,32.23808,0.557431,0.959102
2026-07-21 00:58:28,33203.63,113399,567,311.6533,209.3932,3.4,4.098569,,,,0.05,10.419069,1.041907,1.93595,0.001147,0.0,0.0,0.0,0.0,0.0,100.0,32.37248,0.724121,0.959102
2026-07-21 00:59:28,33263.76,113599,568,413.7259,212.1705,3.4,6.881569,,,,0.05,13.911663,1.391166,1.9359,0.0,0.0,0.0,0.0,0.0,0.0,100.0,32.192,0.658303,0.959102
2026-07-21 01:00:29,33324.3,113799,569,335.4842,213.2943,3.4,4.118618,,,,0.05,11.182806,1.118281,1.932,4e-05,0.0,0.0,0.0,0.0,0.0,100.0,32.35072,0.55443,0.959102
2026-07-21 01:01:29,33384.47,113999,570,73.5947,210.5215,3.4,2.643116,,,,0.05,3.577235,0.357724,0.734025,0.218246,0.0,10.0,9.290828,7.752245,17.043072,82.956928,26.862669,0.651333,0.958099
2026-07-21 01:02:29,33444.95,114199,571,120.0414,208.4327,3.4,4.221773,,,,0.05,4.079225,0.407923,1.935,1.676238,6.0,7.0,0.0,1.411652,1.411652,98.588348,31.340973,0.779195,0.958099
2026-07-21 01:03:30,33505.23,114399,572,211.2727,206.7157,3.4,6.608317,,,,0.05,7.431354,0.743135,1.933,1.172205,9.0,9.0,0.0,6.662386,6.662386,93.337614,29.583778,0.5149,0.958099
2026-07-21 01:04:30,33565.49,114599,573,63.7776,204.2608,3.4,6.519601,,,,0.05,3.965802,0.39658,1.183897,1.39487,10.0,10.0,12.629235,16.836329,29.465564,70.534436,22.503038,0.648697,0.958099
2026-07-21 01:05:30,33625.95,114799,574,163.371,204.9943,3.4,5.023281,,,,0.05,5.4457,0.54457,1.926,0.0,0.0,0.0,0.0,0.0,0.0,100.0,32.13824,0.638614,0.958099
2026-07-21 01:06:31,33686.39,114999,575,188.8879,203.7881,3.4,5.368774,,,,0.05,6.296262,0.629626,1.92395,0.0,0.0,0.0,0.0,0.0,0.0,100.0,32.13056,0.600615,0.958099
2026-07-21 01:07:31,33746.62,115199,576,238.0105,203.2673,3.4,2.921075,,,,0.05,7.933685,0.793368,1.93195,0.0,0.0,0.0,0.0,0.0,0.0,100.0,32.12288,0.497317,0.958099
2026-07-21 01:08:31,33806.84,115399,577,171.5913,202.0271,3.4,9.673877,,,,0.05,5.734518,0.573452,1.92795,0.005584,0.0,0.0,0.0,0.0,0.0,100.0,32.094416,0.72589,0.958099
2026-07-21 01:09:31,33867.03,115599,578,239.3367,201.7753,3.4,7.993574,,,,0.05,7.998493,0.799849,1.937,0.00016,0.0,0.0,0.0,0.0,0.0,100.0,31.94752,0.735832,0.958099
2026-07-21 01:10:32,33927.31,115799,579,240.9181,199.8776,3.4,5.310104,,,,0.05,8.030604,0.80306,1.925,0.00044,0.0,0.0,0.0,0.0,0.0,100.0,31.98848,0.655005,0.958099
2026-07-21 01:11:32,33987.22,115999,580,179.9308,197.7356,3.4,3.60904,,,,0.05,5.997694,0.599769,1.935,0.207751,2.0,4.0,0.0,0.0,0.0,100.0,31.940812,0.631168,0.95726
2026-07-21 01:12:32,34047.12,116199,581,266.6841,197.815,3.4,4.941221,,,,0.05,8.97454,0.897454,1.928,0.0,0.0,0.0,0.0,0.0,0.0,100.0,32.04224,0.663423,0.95726
2026-07-21 01:13:32,34107.39,116399,582,295.0525,198.6797,3.4,4.624475,,,,0.05,9.839488,0.983949,1.936,0.0,0.0,0.0,0.0,0.0,0.0,100.0,31.9488,0.549313,0.95726
2026-07-21 01:14:32,34167.78,116599,583,229.536,199.3075,3.4,7.382642,,,,0.05,7.651199,0.76512,1.93195,0.037375,0.0,1.0,0.0,0.0,0.0,100.0,31.885255,0.521046,0.95726
2026-07-21 01:15:33,34228.06,116799,584,214.8546,200.0506,3.4,4.951416,,,,0.05,7.161819,0.716182,1.933,0.659669,3.0,3.0,0.0,0.0,0.0,100.0,31.766502,0.581754,0.95726
2026-07-21 01:16:33,34288.35,116999,585,147.46,201.2907,3.4,7.020937,,,,0.05,5.384817,0.538482,1.936,2.475611,9.0,10.0,0.250424,7.581388,7.831812,92.168188,28.861712,0.679873,0.95726
2026-07-21 01:17:33,34348.53,117199,586,240.8079,202.2789,3.4,9.051605,,,,0.05,8.099458,0.809946,1.929,0.08335,1.0,1.0,0.0,0.0,0.0,100.0,31.66592,0.613456,0.95726
2026-07-21 01:18:33,34408.6,117399,587,189.8652,203.0319,3.4,6.858361,,,,0.05,6.360336,0.636034,1.924,0.645312,4.0,6.0,0.0,0.553705,0.553705,99.446295,31.548808,0.692499,0.95726
2026-07-21 01:19:33,34468.79,117599,588,219.7328,204.3792,3.4,5.731849,,,,0.05,7.347469,0.734747,1.926,0.002198,0.0,0.0,0.0,0.0,0.0,100.0,32.02944,0.674591,0.95726
2026-07-21 01:20:33,34528.77,117799,589,129.9897,205.099,3.4,3.775854,,,,0.05,5.242062,0.524206,1.54331,2.932346,10.0,10.0,4.882546,9.885352,14.767899,85.232101,26.810316,0.653702,0.95726
2026-07-21 01:21:34,34589.37,117999,590,77.6354,204.6284,3.4,7.970704,,,,0.05,3.505454,0.350545,1.239776,1.40183,10.0,10.0,6.39484,8.099068,14.493908,85.506092,27.257859,0.765521,0.956424
2026-07-21 01:22:34,34649.85,118199,591,70.5118,203.7752,3.4,5.856297,,,,0.05,3.213187,0.321319,0.624484,1.042757,10.0,10.0,5.489697,8.28626,13.775957,86.224043,27.597292,0.726603,0.956424
2026-07-21 01:23:35,34710.06,118399,592,120.0214,202.4902,3.4,5.146965,,,,0.05,4.019243,0.401924,1.921,0.871513,4.0,6.0,0.0,0.37037,0.37037,99.62963,31.88934,0.708596,0.956424
2026-07-21 01:24:34,34770.02,118599,593,46.3216,200.3995,3.4,5.442719,,,,0.05,2.78603,0.278603,1.927,3.640268,10.0,10.0,4.184652,15.88729,20.071942,79.928058,25.338762,0.850025,0.956424
2026-07-21 01:25:35,34830.18,118799,594,114.8147,201.5116,3.4,4.842872,,,,0.05,4.85377,0.485377,0.515815,0.643718,2.0,10.0,7.93022,8.110271,16.040491,83.959509,26.767275,0.59721,0.956424
2026-07-21 01:26:35,34890.39,118999,595,95.6051,201.3781,3.4,4.418103,,,,0.05,3.359668,0.335967,1.926,2.029162,7.0,8.0,0.0,2.993771,2.993771,97.006229,30.551444,0.796611,0.956424
2026-07-21 01:27:35,34950.54,119199,596,104.2529,199.796,3.4,5.013618,,,,0.05,3.475096,0.34751,1.92495,0.182671,2.0,3.0,0.0,0.0,0.0,100.0,31.674859,0.828538,0.956424
2026-07-21 01:28:35,35010.92,119399,597,87.8216,199.151,3.4,6.162916,,,,0.05,3.504238,0.350424,1.927,1.936742,10.0,10.0,1.375521,8.265159,9.64068,90.35932,28.696448,0.845019,0.956424
2026-07-21 01:29:36,35071.35,119599,598,142.9284,199.5664,3.4,5.925634,,,,0.05,4.76428,0.476428,1.928,0.005873,0.0,0.0,0.0,0.0,0.0,100.0,32.0384,0.698817,0.956424
2026-07-21 01:30:36,35131.47,119799,599,139.8144,198.6134,3.4,5.393816,,,,0.05,4.737515,0.473751,1.931,1.281167,6.0,6.0,0.0,1.469008,1.469008,98.530992,31.409238,0.798686,0.956424
2026-07-21 01:31:36,35191.83,119999,600,85.0139,197.4213,3.4,6.407977,,,,0.05,4.672643,0.467264,0.917141,1.530871,10.0,10.0,12.875144,16.1625,29.037644,70.962356,22.728119,0.555008,0.956136
2026-07-21 01:32:37,35252.15,120199,601,399.675,200.0245,3.4,5.368407,,,,0.05,13.450672,1.345067,1.9339,0.159449,1.0,2.0,0.0,0.0,0.0,100.0,32.21504,0.599407,0.956136
2026-07-21 01:33:37,35312.12,120399,602,159.0473,200.1544,3.4,2.839628,,,,0.05,6.222801,0.62228,1.452903,3.548619,10.0,10.0,3.419962,11.818399,15.238361,84.761639,26.915455,0.530605,0.956136
2026-07-21 01:34:37,35372.38,120599,603,133.4252,200.1184,3.4,3.516724,,,,0.05,5.642771,0.564277,0.13349,0.821195,2.0,2.0,10.458856,7.798939,18.257795,81.742205,25.960681,0.519988,0.956136
2026-07-21 01:35:37,35432.74,120799,604,124.7626,199.5859,3.4,7.506127,,,,0.05,4.29569,0.429569,1.92895,1.9938,7.0,7.0,0.0,2.466953,2.466953,97.533047,30.7651,0.734482,0.956136
2026-07-21 01:36:37,35492.93,120999,605,179.8758,198.9433,3.4,7.827251,,,,0.05,5.995861,0.599586,1.924,0.901389,4.0,5.0,0.0,0.0,0.0,100.0,31.789255,0.570769,0.956136
2026-07-21 01:37:37,35552.89,121199,606,219.6722,198.786,3.4,4.654742,,,,0.05,7.322407,0.732241,1.922,0.046674,0.0,1.0,0.0,0.0,0.0,100.0,31.867979,0.539204,0.956136
2026-07-21 01:38:38,35613.11,121399,607,205.744,199.7429,3.4,5.020135,,,,0.05,6.858134,0.685813,1.924,0.25611,2.0,2.0,0.0,0.0,0.0,100.0,31.947167,0.551579,0.956136
2026-07-21 01:39:38,35673.45,121599,608,118.6004,199.5887,3.4,7.505657,,,,0.05,4.038744,0.403874,1.93,1.761992,6.0,8.0,0.0,1.509103,1.509103,98.490897,31.328113,0.752659,0.956136
2026-07-21 01:40:38,35733.63,121799,609,239.2357,200.0869,3.4,8.560076,,,,0.05,7.974524,0.797452,1.94,0.078474,1.0,1.0,0.0,0.0,0.0,100.0,32.18176,0.543766,0.956136
2026-07-21 01:41:38,35793.76,121999,610,193.9852,200.6191,3.4,5.640652,,,,0.05,6.466174,0.646617,1.926,0.137289,1.0,2.0,0.0,0.0,0.0,100.0,32.185296,0.577526,0.955303
2026-07-21 01:42:39,35854.08,122199,611,217.7697,201.0476,3.4,5.376066,,,,0.05,7.265423,0.726542,1.93195,0.004465,0.0,0.0,0.0,0.0,0.0,100.0,32.10752,0.594041,0.955303
2026-07-21 01:43:39,35914.31,122399,612,156.9665,201.5147,3.4,10.686434,,,,0.05,5.493693,0.549369,1.93995,1.097046,9.0,9.0,0.0,4.536922,4.536922,95.463078,30.416983,0.60245,0.955303
2026-07-21 01:44:39,35974.29,122599,613,226.7374,201.3272,3.4,2.747107,,,,0.05,7.816765,0.781676,1.93595,1.19734,8.0,10.0,0.0,4.413108,4.413108,95.586892,30.610248,0.605568,0.955303
2026-07-21 01:45:39,36034.47,122799,614,298.2852,203.0329,3.4,4.671765,,,,0.05,9.94284,0.994284,1.935,0.46275,2.0,4.0,0.0,0.0,0.0,100.0,31.941514,0.602612,0.955303
2026-07-21 01:46:39,36094.41,122999,615,260.8256,203.4189,3.4,7.449362,,,,0.05,8.694186,0.869419,1.934,1.569213,4.0,4.0,0.0,0.0,0.0,100.0,31.701727,0.532576,0.955303
2026-07-21 01:47:39,36154.47,123199,616,322.5655,205.5308,3.4,6.134001,,,,0.05,10.797656,1.079766,1.929,0.002714,0.0,0.0,0.0,0.0,0.0,100.0,32.06912,0.512239,0.955303
2026-07-21 01:48:39,36214.59,123399,617,209.7942,205.9014,3.4,4.334466,,,,0.05,7.583294,0.758329,1.92895,1.023496,10.0,10.0,1.758233,8.053584,9.811817,90.188183,28.882008,0.554815,0.955303
2026-07-21 01:49:39,36274.94,123599,618,51.7003,204.6588,3.4,2.464498,,,,0.05,3.607716,0.360772,1.9319,5.366264,10.0,10.0,6.654647,24.102564,30.757212,69.242788,21.702022,0.749662,0.955303
2026-07-21 01:50:40,36335.08,123799,619,246.8341,204.8408,3.4,5.368489,,,,0.05,8.301032,0.830103,1.927,0.0,0.0,0.0,0.0,0.0,0.0,100.0,31.93472,0.5545,0.955303
2026-07-21 01:51:39,36394.99,123999,620,233.8842,204.9772,3.4,6.51912,,,,0.05,8.136912,0.813691,1.9239,1.46593,8.0,8.0,0.0,5.378366,5.378366,94.621634,30.019329,0.544749,0.954622
2026-07-21 01:52:40,36455.06,124199,621,355.5141,206.0496,3.4,5.439966,,,,0.05,11.887336,1.188734,1.93295,0.0,0.0,0.0,0.0,0.0,0.0,100.0,32.21632,0.569878,0.954622
2026-07-21 01:53:40,36515.13,124399,622,248.2037,207.7342,3.4,2.956961,,,,0.05,8.273455,0.827346,1.933,0.014465,0.0,1.0,0.0,0.0,0.0,100.0,32.29824,0.581007,0.954622
2026-07-21 01:54:40,36575.76,124599,623,249.5814,207.7156,3.4,3.280028,,,,0.05,9.308105,0.930811,1.942,2.619406,10.0,10.0,1.751536,14.76917,16.520705,83.479295,26.643048,0.635856,0.954622
2026-07-21 01:55:41,36636.22,124799,624,314.7078,208.3344,3.4,4.513669,,,,0.05,10.515809,1.051581,1.943,0.049525,0.0,1.0,0.0,0.0,0.0,100.0,32.3072,0.709538,0.954622
2026-07-21 01:56:41,36696.23,124999,625,273.3402,207.506,3.4,7.420729,,,,0.05,9.114898,0.91149,1.94495,0.071735,1.0,1.0,0.0,0.0,0.0,100.0,32.17152,0.588555,0.954622
2026-07-21 01:57:41,36756.4,125199,626,216.7827,206.258,3.4,2.074831,,,,0.05,7.52283,0.752283,1.94695,1.22812,9.0,9.0,0.0,5.080321,5.080321,94.919679,30.070112,0.6879,0.954622
2026-07-21 01:58:41,36816.46,125399,627,355.6183,207.7918,3.4,11.304321,,,,0.05,11.853944,1.185394,1.93895,0.211448,1.0,2.0,0.0,0.0,0.0,100.0,31.800264,0.501252,0.954622
2026-07-21 01:59:41,36876.25,125599,628,254.2176,208.1864,3.4,6.362819,,,,0.05,8.494466,0.849447,1.924,0.0,0.0,0.0,0.0,0.0,0.0,100.0,31.86944,0.474434,0.954622
2026-07-21 02:00:41,36936.39,125799,629,236.6689,209.6264,3.4,4.378079,,,,0.05,7.888965,0.788896,1.931,0.039784,0.0,1.0,0.0,0.0,0.0,100.0,32.0128,0.487904,0.954622
2026-07-21 02:01:41,36996.65,125999,630,152.3243,209.1467,3.4,7.151421,,,,0.05,5.077477,0.507748,1.93095,0.699912,3.0,4.0,0.0,0.0,0.0,100.0,31.995757,0.711714,0.953624
2026-07-21 02:02:41,37057.01,126199,631,93.171,208.4887,3.4,3.795092,,,,0.05,5.196716,0.519672,0.261288,2.994707,10.0,10.0,13.181439,20.430236,33.611674,66.388326,21.062078,0.465652,0.953624
2026-07-21 02:03:41,37116.96,126399,632,252.2979,209.051,3.4,2.924513,,,,0.05,8.409931,0.840993,1.93395,0.241653,1.0,1.0,0.0,0.0,0.0,100.0,32.126986,0.438233,0.953624
2026-07-21 02:04:42,37177.33,126599,633,247.9706,209.7181,3.4,1.773394,,,,0.05,8.265685,0.826569,1.92995,4e-05,0.0,0.0,0.0,0.0,0.0,100.0,32.1728,0.395506,0.953624
2026-07-21 02:05:42,37237.55,126799,634,177.6397,210.6126,3.4,4.253911,,,,0.05,6.495464,0.649546,1.936,2.086399,10.0,10.0,1.442385,7.975068,9.417452,90.582548,28.760742,0.445575,0.953624
2026-07-21 02:06:42,37297.79,126999,635,181.3561,210.5568,3.4,4.492856,,,,0.05,6.336602,0.63366,1.937,1.306214,8.0,8.0,0.0,5.046812,5.046812,94.953188,30.034858,0.464609,0.953624
2026-07-21 02:07:43,37358.11,127199,636,245.7254,212.3894,3.4,4.805312,,,,0.05,8.190846,0.819085,1.933,0.0,0.0,0.0,0.0,0.0,0.0,100.0,32.00512,0.445621,0.953624
2026-07-21 02:08:43,37418.27,127399,637,243.2498,213.01,3.4,2.746925,,,,0.05,8.108326,0.810833,1.932,0.0,0.0,0.0,0.0,0.0,0.0,100.0,31.93472,0.484471,0.953624
2026-07-21 02:09:43,37478.37,127599,638,267.1827,212.8733,3.4,2.054278,,,,0.05,8.91188,0.891188,1.932,0.920553,5.0,5.0,0.0,0.112233,0.112233,99.887767,31.75612,0.468603,0.953624
2026-07-21 02:10:43,37538.41,127799,639,298.4942,214.3596,3.4,2.946075,,,,0.05,9.949807,0.994981,1.935,0.00357,0.0,0.0,0.0,0.0,0.0,100.0,31.90912,0.512394,0.953624
2026-07-21 02:11:43,37598.78,127999,640,214.051,213.5733,3.4,5.880881,,,,0.05,7.135032,0.713503,1.934,0.213278,1.0,2.0,0.0,0.0,0.0,100.0,31.92895,0.547779,0.95289
2026-07-21 02:12:43,37658.9,128199,641,124.2515,213.3901,3.4,2.434163,,,,0.05,4.141718,0.414172,1.93095,0.08799,1.0,1.0,0.0,0.0,0.0,100.0,31.77088,0.772093,0.95289
2026-07-21 02:13:44,37719.12,128399,642,209.1603,211.2914,3.4,3.941043,,,,0.05,6.972012,0.697201,1.93,0.002704,0.0,0.0,0.0,0.0,0.0,100.0,31.71072,0.705519,0.95289
2026-07-21 02:14:44,37779.43,128599,643,258.1393,210.581,3.4,3.909849,,,,0.05,8.633547,0.863355,1.934,0.088216,1.0,1.0,0.0,0.0,0.0,100.0,31.58784,0.647401,0.95289
2026-07-21 02:15:44,37839.54,128799,644,228.3819,210.3753,3.4,2.518453,,,,0.05,7.612731,0.761273,1.931,0.373477,2.0,3.0,0.0,0.0,0.0,100.0,31.526627,0.582118,0.95289
2026-07-21 02:16:44,37899.52,128999,645,217.7651,209.9127,3.4,3.229266,,,,0.05,7.503765,0.750377,1.928,1.233063,7.0,9.0,0.0,4.384724,4.384724,95.615276,30.098588,0.650224,0.95289
2026-07-21 02:17:44,37959.96,129199,646,204.5313,209.1676,3.4,2.962355,,,,0.05,6.81771,0.681771,1.934,0.601324,3.0,4.0,0.0,0.0,0.0,100.0,31.70271,0.634058,0.95289
2026-07-21 02:18:44,38019.98,129399,647,213.1578,209.8089,3.4,5.867056,,,,0.05,8.335672,0.833567,1.104585,1.703124,7.0,10.0,7.897267,11.022518,18.919785,81.080215,25.592098,0.486552,0.95289
2026-07-21 02:19:45,38080.29,129599,648,216.9591,210.8175,3.4,2.469996,,,,0.05,7.231971,0.723197,1.92595,0.002709,0.0,0.0,0.0,0.0,0.0,100.0,32.13184,0.527019,0.95289
2026-07-21 02:20:45,38140.62,129799,649,170.4748,211.078,3.4,5.21468,,,,0.05,5.682493,0.568249,1.922,0.043252,0.0,1.0,0.0,0.0,0.0,100.0,32.02048,0.655115,0.95289
2026-07-21 02:21:46,38201.06,129999,650,285.7824,212.255,3.4,2.314733,,,,0.05,9.526081,0.952608,1.92895,0.0,0.0,0.0,0.0,0.0,0.0,100.0,31.9808,0.543769,0.951914
2026-07-21 02:22:46,38261.14,130199,651,299.3912,213.5229,3.4,3.463288,,,,0.05,9.979707,0.997971,1.926,0.004752,0.0,0.0,0.0,0.0,0.0,100.0,32.05376,0.569676,0.951914
2026-07-21 02:23:46,38321.09,130399,652,192.3,213.5355,3.4,2.114336,,,,0.05,6.500951,0.650095,1.934,1.616162,6.0,8.0,0.016051,1.613162,1.629213,98.370787,31.143559,0.512075,0.951914
2026-07-21 02:24:46,38381.52,130599,653,199.337,213.1441,3.4,2.302857,,,,0.05,6.681256,0.668126,1.93195,0.729518,4.0,6.0,0.0,0.720293,0.720293,99.279707,31.404731,0.508881,0.951914
2026-07-21 02:25:46,38441.81,130799,654,268.2829,214.0663,3.4,2.872568,,,,0.05,8.942763,0.894276,1.934,0.031364,0.0,1.0,0.0,0.0,0.0,100.0,31.914538,0.510493,0.951914
2026-07-21 02:26:47,38502.25,130999,655,219.5119,213.3113,3.4,4.472842,,,,0.05,7.317063,0.731706,1.929,0.0,0.0,0.0,0.0,0.0,0.0,100.0,31.82848,0.542017,0.951914
2026-07-21 02:27:47,38562.51,131199,656,178.6323,214.4094,3.4,7.642758,,,,0.05,5.957006,0.595701,1.92995,1.898178,5.0,5.0,0.0,0.052489,0.052489,99.947511,31.341612,0.580031,0.951914
2026-07-21 02:28:47,38622.76,131399,657,125.9352,215.9854,3.4,5.532288,,,,0.05,5.724228,0.572423,0.58157,2.966284,10.0,10.0,8.536831,15.907164,24.443996,75.556004,23.638218,0.446589,0.951914
2026-07-21 02:29:48,38683.09,131599,658,89.5505,213.0015,3.4,4.2978,,,,0.05,4.036763,0.403676,0.301152,0.385894,1.0,10.0,8.416842,8.279457,16.696299,83.303701,26.296024,0.617064,0.951914
2026-07-21 02:30:48,38743.48,131799,659,197.9326,210.7413,3.4,8.836315,,,,0.05,6.604645,0.660464,1.928,1.705704,5.0,6.0,0.0,0.133858,0.133858,99.866142,31.216871,0.520264,0.951914
2026-07-21 02:31:48,38803.7,131999,660,236.1724,209.5642,3.4,2.868279,,,,0.05,7.872413,0.787241,1.929,0.024374,0.0,1.0,0.0,0.0,0.0,100.0,31.56096,0.505936,0.951142
2026-07-21 02:32:48,38864.05,132199,661,203.7526,208.7108,3.4,2.380265,,,,0.05,7.335578,0.733558,1.467015,1.062114,9.0,10.0,1.815088,7.094239,8.909327,91.090673,28.631878,0.467246,0.951142
2026-07-21 02:33:49,38924.37,132399,662,284.4815,207.7647,3.4,1.877304,,,,0.05,9.510158,0.951016,1.93895,0.831973,6.0,7.0,0.0,0.503043,0.503043,99.496957,31.218621,0.599097,0.951142
2026-07-21 02:34:49,38984.67,132599,663,400.3079,208.678,3.4,3.94726,,,,0.05,13.495767,1.349577,1.9339,0.020275,0.0,1.0,0.0,0.0,0.0,100.0,31.50336,0.624678,0.951142
2026-07-21 02:35:49,39044.86,132799,664,354.3938,209.1489,3.4,7.37045,,,,0.05,11.877261,1.187726,1.932,0.000283,0.0,0.0,0.0,0.0,0.0,100.0,31.64672,0.553443,0.951142
2026-07-21 02:36:49,39104.99,132999,665,154.8064,208.2155,3.4,5.144311,,,,0.05,5.445342,0.544534,1.94,1.813623,9.0,9.0,0.0,4.970371,4.970371,95.029629,29.992251,0.696078,0.951142
2026-07-21 02:37:50,39165.48,133199,666,256.8035,208.38,3.4,3.463066,,,,0.05,8.560115,0.856012,1.934,0.260257,1.0,2.0,0.0,0.0,0.0,100.0,31.728712,0.580303,0.951142
2026-07-21 02:38:50,39225.74,133399,667,283.6704,208.1002,3.4,2.770859,,,,0.05,9.47572,0.947572,1.929,0.286401,3.0,3.0,0.0,0.0,0.0,100.0,31.710215,0.561843,0.951142
2026-07-21 02:39:51,39286.08,133599,668,92.2524,204.8854,3.4,4.051585,,,,0.05,4.384177,0.438418,1.740306,2.195948,10.0,10.0,6.413912,14.77971,21.193622,78.806378,24.87695,0.699793,0.951142
2026-07-21 02:40:51,39346.6,133799,669,318.6651,204.7172,3.4,4.156435,,,,0.05,10.702779,1.070278,1.93395,0.178166,1.0,2.0,0.0,0.0,0.0,100.0,32.11392,0.554443,0.951142
2026-07-21 02:41:51,39406.84,133999,670,275.3347,206.7346,3.4,3.659041,,,,0.05,9.226049,0.922605,1.93885,1.071942,6.0,7.0,0.0,0.887893,0.887893,99.112107,31.546083,0.583299,0.950291
2026-07-21 02:42:51,39466.93,134199,671,147.0287,207.0045,3.4,3.541797,,,,0.05,5.193961,0.519396,1.948,3.599151,7.0,8.0,0.0,5.288174,5.288174,94.711826,29.863523,0.7971,0.950291
2026-07-21 02:43:52,39527.21,134399,672,297.0981,207.8628,3.4,2.814115,,,,0.05,9.903268,0.990327,1.929,0.193044,1.0,2.0,0.0,0.0,0.0,100.0,32.092576,0.566846,0.950291
2026-07-21 02:44:52,39587.39,134599,673,256.0173,209.7852,3.4,4.462145,,,,0.05,8.533908,0.853391,1.929,0.398555,2.0,2.0,0.0,0.0,0.0,100.0,32.075448,0.582707,0.950291
2026-07-21 02:45:52,39647.86,134799,674,250.619,210.6576,3.4,2.677122,,,,0.05,8.353966,0.835397,1.921,0.153047,1.0,1.0,0.0,0.0,0.0,100.0,31.924257,0.581923,0.950291
2026-07-21 02:46:53,39708.13,134999,675,318.123,211.95,3.4,2.696221,,,,0.05,10.639259,1.063926,1.93695,0.113106,1.0,1.0,0.0,0.0,0.0,100.0,32.00384,0.618963,0.950291
2026-07-21 02:47:53,39768.34,135199,676,266.4774,212.2347,3.4,3.485574,,,,0.05,8.882581,0.888258,1.92995,0.001851,0.0,0.0,0.0,0.0,0.0,100.0,31.81824,0.535893,0.950291
2026-07-21 02:48:53,39828.36,135399,677,256.5341,213.0841,3.4,4.127316,,,,0.05,8.849229,0.884923,1.821042,1.219556,8.0,9.0,0.0,5.21582,5.21582,94.78418,30.032084,0.547329,0.950291
2026-07-21 02:49:53,39888.49,135599,678,313.0773,213.8215,3.4,5.85468,,,,0.05,10.435909,1.043591,1.945,0.094407,1.0,1.0,0.0,0.0,0.0,100.0,31.903969,0.580191,0.950291
2026-07-21 02:50:53,39948.78,135799,679,326.8982,214.6813,3.4,2.833255,,,,0.05,10.92441,1.092441,1.92995,0.0,0.0,0.0,0.0,0.0,0.0,100.0,31.96544,0.523432,0.950291
2026-07-21 02:51:53,40008.85,135999,680,253.4911,215.4169,3.4,1.902209,,,,0.05,8.449703,0.84497,1.93395,0.104073,1.0,1.0,0.0,0.0,0.0,100.0,31.930422,0.515516,0.949185
2026-07-21 02:52:54,40069.41,136199,681,259.2668,215.3427,3.4,1.674816,,,,0.05,8.652973,0.865297,1.93,0.146814,1.0,1.0,0.0,0.0,0.0,100.0,32.076264,0.53176,0.949185
2026-07-21 02:53:54,40129.85,136399,682,169.1,214.0832,3.4,1.634758,,,,0.05,5.636666,0.563667,1.929,0.10215,1.0,1.0,0.0,0.0,0.0,100.0,31.966554,0.522369,0.949185
2026-07-21 02:54:54,40189.99,136599,683,36.5353,212.1532,3.4,3.696228,,,,0.05,3.155351,0.315535,1.536136,4.361826,10.0,10.0,11.345109,20.456362,31.801471,68.198529,21.315374,0.811056,0.949185
2026-07-21 02:55:55,40250.37,136799,684,170.8556,211.7132,3.4,6.024632,,,,0.05,5.695187,0.569519,1.92995,0.001201,0.0,0.0,0.0,0.0,0.0,100.0,31.96928,0.610953,0.949185
2026-07-21 02:56:55,40310.8,136999,685,176.0323,211.9989,3.4,4.75647,,,,0.05,5.867743,0.586774,1.927,0.000199,0.0,0.0,0.0,0.0,0.0,100.0,32.09344,0.663733,0.949185
2026-07-21 02:57:55,40370.92,137199,686,174.7724,211.3386,3.4,3.445752,,,,0.05,5.833354,0.583335,1.92695,4e-05,0.0,0.0,0.0,0.0,0.0,100.0,32.0128,0.752787,0.949185
2026-07-21 02:58:56,40431.15,137399,687,174.3652,211.1836,3.4,2.481465,,,,0.05,5.833604,0.58336,1.927,0.001477,0.0,0.0,0.0,0.0,0.0,100.0,32.06784,0.71762,0.949185
2026-07-21 02:59:56,40491.48,137599,688,194.1016,210.9273,3.4,4.814145,,,,0.05,6.470054,0.647005,1.926,0.397698,2.0,3.0,0.0,0.0,0.0,100.0,32.024499,0.663837,0.949185
2026-07-21 03:00:56,40551.81,137799,689,210.5643,211.733,3.4,1.949776,,,,0.05,7.018809,0.701881,1.926,0.20654,2.0,2.0,0.0,0.0,0.0,100.0,31.904889,0.604881,0.949185
2026-07-21 03:01:56,40611.79,137999,690,101.065,211.9673,3.4,3.203583,,,,0.05,4.735452,0.473545,1.925,2.529282,10.0,10.0,6.311247,15.844659,22.155906,77.844094,24.498848,0.729175,0.948507
2026-07-21 03:02:57,40672.16,138199,691,255.587,213.8181,3.4,3.119651,,,,0.05,8.519568,0.851957,1.9279,0.0,0.0,0.0,0.0,0.0,0.0,100.0,31.8976,0.650701,0.948507
2026-07-21 03:03:57,40732.4,138399,692,211.5646,214.7335,3.4,5.624696,,,,0.05,7.100068,0.710007,1.93195,0.950164,6.0,7.0,0.0,0.872105,0.872105,99.127895,31.566629,0.743003,0.948507
2026-07-21 03:04:57,40792.63,138599,693,218.3797,216.4541,3.4,3.564297,,,,0.05,7.306546,0.730655,1.926,0.60644,3.0,3.0,0.0,0.0,0.0,100.0,31.760387,0.75586,0.948507
2026-07-21 03:05:57,40853.03,138799,694,290.4127,218.21,3.4,5.574754,,,,0.05,9.948318,0.994832,1.92895,0.092828,1.0,1.0,0.0,0.0,0.0,100.0,31.83872,0.70827,0.948507
2026-07-21 03:06:58,40913.35,138999,695,261.9487,219.8735,3.4,4.402149,,,,0.05,8.817294,0.881729,1.933,0.04972,0.0,1.0,0.0,0.0,0.0,100.0,32.0,0.690671,0.948507
2026-07-21 03:07:58,40973.31,139199,696,300.8458,221.8394,3.4,4.308571,,,,0.05,10.087737,1.008774,1.936,1.588178,6.0,6.05,0.0,1.136455,1.136455,98.863545,31.35556,0.613629,0.948507
2026-07-21 03:08:58,41033.46,139399,697,316.8683,224.1299,3.4,5.211593,,,,0.05,10.816311,1.081631,1.93895,1.080687,8.0,10.0,0.386256,4.019474,4.405729,95.594271,30.258444,0.488316,0.948507
2026-07-21 03:09:58,41093.67,139599,698,200.1435,224.702,3.4,4.195513,,,,0.05,7.438433,0.743843,1.93795,2.346532,10.0,10.0,1.51863,11.359517,12.878147,87.121853,27.384375,0.463257,0.948507
2026-07-21 03:10:58,41153.69,139799,699,203.6459,225.3403,3.4,4.49199,,,,0.05,7.257149,0.725715,1.589613,2.237125,9.0,10.0,0.450052,7.610705,8.060757,91.939243,28.923398,0.48243,0.948507
2026-07-21 03:11:58,41213.83,139999,700,121.3719,225.7039,3.4,4.247112,,,,0.05,5.674794,0.567479,0.945742,3.330864,10.0,10.0,8.721211,17.756483,26.477694,73.522306,22.963867,0.537337,0.947817
2026-07-21 03:12:59,41274.25,140199,701,67.1986,222.3792,3.4,1.927814,,,,0.05,4.158557,0.415856,0.336588,1.43597,10.0,10.0,14.33877,16.135153,30.473922,69.526078,21.848244,0.495957,0.947817
2026-07-21 03:13:59,41334.86,140399,702,305.5674,223.8444,3.4,2.440938,,,,0.05,10.796477,1.079648,1.131428,1.003555,10.0,10.0,2.230184,7.700978,9.931162,90.068838,28.514694,0.525922,0.947817
2026-07-21 03:14:59,41395.03,140599,703,369.7296,226.2074,3.4,2.69943,,,,0.05,12.374799,1.23748,1.93495,0.002009,0.0,0.0,0.0,0.0,0.0,100.0,31.86304,0.59748,0.947817
2026-07-21 03:16:00,41455.25,140799,704,394.7637,228.9074,3.4,4.557901,,,,0.05,13.506152,1.350615,1.925,0.001241,0.0,0.0,0.0,0.0,0.0,100.0,31.97952,0.634936,0.947817
2026-07-21 03:17:00,41515.51,140999,705,390.9649,231.0183,3.4,2.176436,,,,0.05,13.50659,1.350659,1.935,0.0,0.0,0.0,0.0,0.0,0.0,100.0,32.1536,0.611973,0.947817
2026-07-21 03:18:00,41575.64,141199,706,191.6867,230.7385,3.4,3.340016,,,,0.05,6.389556,0.638956,1.934,1.140929,4.0,5.0,0.0,0.0,0.0,100.0,32.253565,0.637869,0.947817
2026-07-21 03:19:00,41636.02,141399,707,130.6053,229.9871,3.4,3.739746,,,,0.05,4.425703,0.44257,1.924,1.765677,6.0,6.0,0.0,1.389381,1.389381,98.610619,31.803886,0.704261,0.947817
2026-07-21 03:20:01,41696.38,141599,708,172.0805,230.5219,3.4,4.316754,,,,0.05,6.582936,0.658294,0.886608,0.939069,10.0,10.0,5.251985,8.333989,13.585974,86.414026,28.031882,0.423289,0.947817
2026-07-21 03:21:01,41756.58,141799,709,59.7446,228.727,3.4,1.808622,,,,0.05,3.65409,0.365409,0.087534,2.809742,9.0,9.0,10.825168,16.062645,26.887813,73.112187,23.315094,0.553577,0.947817
2026-07-21 03:22:01,41816.77,141999,710,122.8922,228.016,3.4,3.869962,,,,0.05,4.611418,0.461142,1.92195,3.241308,9.0,9.0,0.0,9.094143,9.094143,90.905857,28.938378,0.645982,0.947507
2026-07-21 03:23:02,41877.53,142199,711,134.4539,227.1829,3.4,2.455472,,,,0.05,4.568325,0.456833,1.92595,1.444892,6.0,7.0,0.0,1.643836,1.643836,98.356164,31.474377,0.507898,0.947507
2026-07-21 03:24:02,41937.66,142399,712,149.8503,227.1117,3.4,4.339946,,,,0.05,4.995011,0.499501,1.91895,1.0772,3.0,3.0,0.0,0.0,0.0,100.0,31.951496,0.580862,0.947507
2026-07-21 03:25:02,41998.03,142599,713,87.982,225.7241,3.4,3.271612,,,,0.05,2.932735,0.293273,1.92,0.177117,1.0,1.0,0.0,0.0,0.0,100.0,32.052058,0.866327,0.947507
2026-07-21 03:26:03,42058.68,142799,714,77.1861,223.5132,3.4,3.217242,,,,0.05,3.677963,0.367796,0.211419,0.232827,0.0,10.0,9.223146,8.116208,17.339354,82.660646,26.36291,0.660236,0.947507
2026-07-21 03:27:04,42119.07,142999,715,5.9721,220.9646,3.4,2.71733,,,,0.05,2.186473,0.218647,1.126468,2.968532,10.0,10.0,14.973496,17.033996,32.007493,67.992507,21.377977,0.786744,0.947507
2026-07-21 03:28:04,42179.12,143199,716,211.1388,219.8504,3.4,2.86848,,,,0.05,7.03796,0.703796,1.929,0.258478,1.0,1.0,0.0,0.0,0.0,100.0,31.972249,0.555649,0.947507
2026-07-21 03:29:04,42239.27,143399,717,156.3788,219.3162,3.4,2.999676,,,,0.05,5.579293,0.557929,1.947,1.519468,8.0,10.0,0.458313,5.687072,6.145385,93.854615,29.982247,0.611553,0.947507
2026-07-21 03:30:04,42299.34,143599,718,311.7676,221.9169,3.4,3.644048,,,,0.05,10.40876,1.040876,1.94795,0.195277,2.0,2.0,0.0,0.0,0.0,100.0,32.034159,0.576384,0.947507
2026-07-21 03:31:04,42359.47,143799,719,171.8897,221.1674,3.4,2.405844,,,,0.05,6.40939,0.640939,1.947,4.088234,9.0,9.0,0.194847,11.49992,11.694767,88.305233,27.977753,0.531025,0.947507
2026-07-21 03:32:04,42419.61,143999,720,204.0378,220.869,3.4,4.112029,,,,0.05,7.668388,0.766839,0.834173,2.464402,10.0,10.0,3.513234,10.841745,14.35498,85.64502,27.267007,0.479596,0.947114
2026-07-21 03:33:04,42479.89,144199,721,227.3738,219.5876,3.4,2.452158,,,,0.05,7.621764,0.762176,1.933,0.803249,5.0,7.0,0.0,0.768774,0.768774,99.231226,31.910761,0.53355,0.947114
2026-07-21 03:34:05,42540.14,144399,722,264.1856,219.7474,3.4,3.167214,,,,0.05,8.806185,0.880619,1.93295,0.62913,3.0,4.0,0.0,0.0,0.0,100.0,32.15713,0.538751,0.947114
2026-07-21 03:35:05,42600.46,144599,723,212.6685,219.3783,3.4,1.584768,,,,0.05,7.08895,0.708895,1.927,0.223644,1.0,1.0,0.0,0.0,0.0,100.0,32.310369,0.571834,0.947114
2026-07-21 03:36:05,42660.76,144799,724,260.7387,218.8386,3.4,2.653812,,,,0.05,8.752769,0.875277,1.92795,0.163709,1.0,2.0,0.0,0.0,0.0,100.0,32.16713,0.612477,0.947114
2026-07-21 03:37:05,42720.84,144999,725,257.9043,218.6842,3.4,4.138988,,,,0.05,8.647602,0.86476,1.92595,0.257405,2.0,2.0,0.0,0.0,0.0,100.0,32.239219,0.696762,0.947114
2026-07-21 03:38:05,42780.95,145199,726,251.4976,219.0314,3.4,2.235628,,,,0.05,8.774103,0.87741,1.929,0.023224,0.0,1.0,0.0,0.0,0.0,100.0,32.29696,0.675899,0.947114
2026-07-21 03:39:06,42841.14,145399,727,359.2447,219.0676,3.4,3.754102,,,,0.05,12.09948,1.209948,1.9309,0.163796,2.0,2.0,0.0,0.0,0.0,100.0,32.1024,0.623381,0.947114
2026-07-21 03:40:06,42901.12,145599,728,453.2387,221.0578,3.4,2.597893,,,,0.05,15.310433,1.531043,1.93795,0.000835,0.0,0.0,0.0,0.0,0.0,100.0,32.17792,0.626383,0.947114
2026-07-21 03:41:05,42961.04,145799,729,388.2757,222.5739,3.4,2.190244,,,,0.05,13.015685,1.301568,1.936,1.83467,5.0,7.0,0.0,1.000678,1.000678,98.999322,31.449349,0.567957,0.947114
2026-07-21 03:42:06,43021.15,145999,730,413.9207,225.1899,3.4,2.041014,,,,0.05,14.055832,1.405583,1.941,0.051763,0.0,1.0,0.0,0.0,0.0,100.0,31.62752,0.685344,0.945928
2026-07-21 03:43:06,43081.17,146199,731,433.3416,228.5916,3.4,4.752446,,,,0.05,14.840866,1.484087,1.941,0.045215,0.0,1.0,0.0,0.0,0.0,100.0,31.39456,0.603084,0.945928
2026-07-21 03:44:06,43141.17,146399,732,286.7211,228.9358,3.4,2.956995,,,,0.05,9.771679,0.977168,1.94095,1.503075,7.0,10.0,0.060995,3.448276,3.509271,96.490729,30.189735,0.638662,0.945928
2026-07-21 03:45:06,43201.6,146599,733,102.5404,227.4815,3.4,3.765507,,,,0.05,4.9469,0.49469,1.714672,3.751005,10.0,10.0,8.855397,16.126273,24.98167,75.01833,23.126368,0.679291,0.945928
2026-07-21 03:46:06,43261.7,146799,734,154.4636,227.2497,3.4,5.32506,,,,0.05,7.106192,0.710619,0.944448,1.066727,10.0,10.0,15.096633,16.000162,31.096795,68.903205,21.595875,0.433791,0.945928
2026-07-21 03:47:06,43321.78,146999,735,211.9619,227.5558,3.4,4.634002,,,,0.05,7.491932,0.749193,1.93895,2.278178,9.0,9.0,0.0,7.293167,7.293167,92.706833,29.312934,0.500644,0.945928
2026-07-21 03:48:06,43381.8,147199,736,228.0639,227.3792,3.4,2.683481,,,,0.05,7.604384,0.760438,1.933,0.021543,0.0,1.0,0.0,0.0,0.0,100.0,32.20352,0.594781,0.945928
2026-07-21 03:49:06,43442.0,147399,737,188.0045,226.8267,3.4,1.78405,,,,0.05,7.151925,0.715192,1.259894,0.730189,10.0,10.0,5.954508,8.423643,14.378151,85.621849,27.475805,0.616818,0.945928
2026-07-21 03:50:06,43502.01,147599,738,137.683,225.5317,3.4,3.602084,,,,0.05,5.710473,0.571047,0.194312,1.209114,3.0,10.0,9.39954,8.340604,17.740144,82.259856,26.273449,0.508094,0.945928
2026-07-21 03:51:07,43562.11,147799,739,205.957,224.6064,3.4,2.626784,,,,0.05,6.908954,0.690895,1.932,0.232213,2.0,2.0,0.0,0.0,0.0,100.0,32.11392,0.567137,0.945928
2026-07-21 03:52:07,43622.19,147999,740,225.7025,224.7229,3.4,9.789312,,,,0.05,7.523415,0.752342,1.931,0.0,0.0,0.0,0.0,0.0,0.0,100.0,32.07168,0.543404,0.9457
2026-07-21 03:53:07,43682.39,148199,741,157.9948,225.0603,3.4,2.609024,,,,0.05,5.298307,0.529831,1.931,0.998262,5.0,7.0,0.0,0.622779,0.622779,99.377221,31.666417,0.638955,0.9457
2026-07-21 03:54:07,43742.31,148399,742,138.7418,224.3561,3.4,5.040659,,,,0.05,5.285156,0.528516,1.931,3.36779,10.0,10.0,0.0,11.299775,11.299775,88.700225,27.764078,0.604163,0.9457
2026-07-21 03:55:07,43802.57,148599,743,111.3912,222.8886,3.4,3.906039,,,,0.05,4.773038,0.477304,1.60216,2.257371,10.0,10.0,3.629967,14.116095,17.746062,82.253938,26.037044,0.659786,0.9457
2026-07-21 03:56:07,43862.7,148799,744,241.3229,223.018,3.4,1.897629,,,,0.05,8.151897,0.81519,1.929,0.0,0.0,0.0,0.0,0.0,0.0,100.0,32.12928,0.544432,0.9457
2026-07-21 03:57:07,43922.8,148999,745,32.6685,221.1671,3.4,3.191146,,,,0.05,3.839467,0.383947,0.433845,2.440518,10.0,10.0,19.763507,24.545129,44.308636,55.691364,17.68868,0.612094,0.9457
2026-07-21 03:58:07,43983.03,149199,746,205.8645,221.1804,3.4,1.750065,,,,0.05,6.86215,0.686215,1.92695,0.510583,3.0,3.0,0.0,0.0,0.0,100.0,32.05233,0.512054,0.9457
2026-07-21 03:59:08,44043.1,149399,747,219.0457,221.2393,3.4,1.81491,,,,0.05,7.492591,0.749259,1.93495,1.05409,8.0,9.0,0.04349,3.190606,3.234096,96.765904,31.144842,0.655905,0.9457
2026-07-21 04:00:07,44102.99,149599,748,197.5767,221.0455,3.4,3.639178,,,,0.05,6.592912,0.659291,1.929,0.039346,0.0,1.0,0.0,0.0,0.0,100.0,32.174218,0.635826,0.9457
2026-07-21 04:01:08,44163.15,149799,749,117.4024,220.5147,3.4,3.325123,,,,0.05,5.328258,0.532826,1.639027,2.035688,10.0,10.0,6.96462,15.668405,22.633024,77.366976,24.640625,0.656647,0.9457
2026-07-21 04:02:08,44223.46,149999,750,186.8809,219.5257,3.4,1.261209,,,,0.05,6.756127,0.675613,1.857297,1.468469,10.0,10.0,0.855449,8.013369,8.868818,91.131182,29.158249,0.646648,0.94555
2026-07-21 04:03:08,44283.5,150199,751,288.2689,219.4145,3.4,4.023172,,,,0.05,9.836539,0.983654,1.93,0.0,0.0,0.0,0.0,0.0,0.0,100.0,32.15616,0.643573,0.94555
2026-07-21 04:04:08,44343.77,150399,752,179.8696,219.2902,3.4,2.167374,,,,0.05,7.112269,0.711227,0.268922,0.504276,2.0,10.0,9.295763,8.616167,17.911931,82.088069,26.31201,0.563416,0.94555
2026-07-21 04:05:09,44404.17,150599,753,223.5489,219.5323,3.4,6.078945,,,,0.05,7.451629,0.745163,1.92395,0.516945,3.0,3.0,0.0,0.0,0.0,100.0,31.99104,0.543311,0.94555
2026-07-21 04:06:09,44464.38,150799,754,168.1338,218.5308,3.4,2.342657,,,,0.05,5.690872,0.569087,1.92795,1.285492,5.0,8.0,0.0,1.433735,1.433735,98.566265,31.232904,0.669465,0.94555
2026-07-21 04:07:09,44524.38,150999,755,80.6289,217.142,3.4,3.694478,,,,0.05,4.106876,0.410688,0.59867,1.987298,10.0,10.0,8.215412,15.108757,23.324169,76.675831,24.008654,0.705177,0.94555
2026-07-21 04:08:09,44584.44,151199,756,122.9271,216.5849,3.4,1.384432,,,,0.05,4.809596,0.48096,1.776036,1.584153,10.0,10.0,3.512238,8.298722,11.81096,88.18904,27.827021,0.6784,0.94555
2026-07-21 04:09:09,44644.55,151399,757,171.5748,217.0413,3.4,3.694692,,,,0.05,5.794391,0.579439,1.92695,1.100086,6.0,7.0,0.0,1.391297,1.391297,98.608703,31.129677,0.503412,0.94555
2026-07-21 04:10:09,44704.89,151599,758,230.3381,218.4492,3.4,4.65875,,,,0.05,7.678246,0.767825,1.92995,0.008687,0.0,0.0,0.0,0.0,0.0,100.0,31.82592,0.539275,0.94555
2026-07-21 04:11:09,44765.06,151799,759,145.7432,217.9273,3.4,2.808153,,,,0.05,5.46622,0.546622,1.94095,2.739093,10.0,10.0,0.008017,10.213244,10.22126,89.77874,28.25676,0.715023,0.94555
2026-07-21 04:12:10,44825.16,151999,760,330.5148,218.8707,3.4,5.219874,,,,0.05,11.103569,1.110357,1.949,0.945257,5.0,7.0,0.0,1.264863,1.264863,98.735137,31.519217,0.528277,0.944999
2026-07-21 04:13:10,44885.13,152199,761,162.7133,218.4604,3.4,4.127612,,,,0.05,7.420466,0.742047,0.729096,2.568672,10.0,10.0,15.601985,15.930195,31.532181,68.467819,21.57875,0.538557,0.944999
2026-07-21 04:14:10,44945.45,152399,762,403.3216,219.6488,3.4,1.733143,,,,0.05,13.45029,1.345029,1.93595,0.0,0.0,0.0,0.0,0.0,0.0,100.0,31.97568,0.554054,0.944999
2026-07-21 04:15:10,45005.93,152599,763,315.4817,218.8005,3.4,1.766593,,,,0.05,10.551841,1.055184,1.93895,0.866229,5.0,7.0,0.0,0.655829,0.655829,99.344171,31.816259,0.594345,0.944999
2026-07-21 04:16:10,45066.04,152799,764,164.4958,216.9015,3.4,4.966781,,,,0.05,6.431952,0.643195,0.869957,0.669338,3.0,10.0,7.118333,8.068508,15.186841,84.813159,27.081803,0.5372,0.944999
2026-07-21 04:17:11,45126.51,152999,765,103.6536,216.39,3.4,3.785035,,,,0.05,4.179153,0.417915,1.566641,1.747057,10.0,10.0,3.665654,8.370643,12.036297,87.963703,27.947069,0.672195,0.944999
2026-07-21 04:18:11,45186.89,153199,766,139.6852,215.2188,3.4,6.591588,,,,0.05,4.656174,0.465617,1.929,0.214919,1.0,1.0,0.0,0.0,0.0,100.0,32.19072,0.646307,0.944999
2026-07-21 04:19:12,45247.18,153399,767,135.3736,213.7358,3.4,2.245596,,,,0.05,4.512455,0.451245,1.924,0.512048,2.0,2.0,0.0,0.0,0.0,100.0,31.872254,0.658813,0.944999
2026-07-21 04:20:12,45307.31,153599,768,125.5687,214.069,3.4,3.014169,,,,0.05,4.185625,0.418562,1.93,0.166627,1.0,1.0,0.0,0.0,0.0,100.0,31.90272,0.686144,0.944999
2026-07-21 04:21:12,45367.8,153799,769,169.149,212.5738,3.4,2.340931,,,,0.05,5.638299,0.56383,1.924,0.0,0.0,0.0,0.0,0.0,0.0,100.0,31.97824,0.662028,0.944999
2026-07-21 04:22:12,45427.94,153999,770,52.4574,210.3451,3.4,3.367542,,,,0.05,3.554617,0.355462,1.92995,3.737153,10.0,10.0,7.411111,22.473303,29.884414,70.115586,22.198619,0.823199,0.944673
2026-07-21 04:23:13,45488.46,154199,771,237.2132,211.2469,3.4,8.951078,,,,0.05,7.907106,0.790711,1.92995,0.189515,1.0,2.0,0.0,0.0,0.0,100.0,31.913204,0.636226,0.944673
2026-07-21 04:24:13,45548.96,154399,772,251.5733,210.7917,3.4,5.242583,,,,0.05,8.388743,0.838874,1.93195,0.246698,2.0,2.0,0.0,0.0,0.0,100.0,31.977568,0.620621,0.944673
2026-07-21 04:25:14,45609.57,154599,773,94.5387,209.1769,3.4,4.666734,,,,0.05,4.467656,0.446766,1.932,3.188315,10.0,10.0,6.094272,15.352413,21.446685,78.553315,24.679958,0.701309,0.944673
2026-07-21 04:26:14,45669.69,154799,774,178.2956,208.4536,3.4,3.135484,,,,0.05,6.019831,0.601983,1.92995,0.965602,6.0,7.0,0.0,1.49667,1.49667,98.50333,31.258092,0.714509,0.944673
2026-07-21 04:27:14,45729.93,154999,775,225.2041,207.5245,3.4,3.554099,,,,0.05,7.629349,0.762935,1.92295,0.0,0.0,0.0,0.0,0.0,0.0,100.0,31.65952,0.703962,0.944673
2026-07-21 04:28:15,45790.29,155199,776,166.1246,206.5209,3.4,2.29735,,,,0.05,6.267418,0.626742,1.108127,1.128041,10.0,10.0,3.777634,8.284072,12.061705,87.938295,27.678823,0.676889,0.944673
2026-07-21 04:29:15,45850.48,155399,777,207.9317,206.0349,3.4,3.901837,,,,0.05,6.931056,0.693106,1.927,0.172511,1.0,1.0,0.0,0.0,0.0,100.0,31.869016,0.666287,0.944673
2026-07-21 04:30:15,45910.71,155599,778,230.2537,205.2067,3.4,6.045496,,,,0.05,7.675123,0.767512,1.934,0.870186,4.0,4.0,0.0,0.0,0.0,100.0,32.006775,0.695016,0.944673
2026-07-21 04:31:16,45971.18,155799,779,213.1959,204.0696,3.4,2.055017,,,,0.05,7.106529,0.710653,1.937,0.803033,3.0,3.0,0.0,0.0,0.0,100.0,31.902769,0.57682,0.944673
2026-07-21 04:32:16,46031.36,155999,780,84.2959,202.3777,3.4,2.109388,,,,0.05,4.248788,0.424879,1.322075,2.384219,10.0,10.0,7.388849,15.57703,22.965879,77.034121,24.612376,0.69242,0.944039
2026-07-21 04:33:16,46091.46,156199,781,311.7219,202.9022,3.4,2.781474,,,,0.05,10.39073,1.039073,1.93795,0.133777,1.0,1.0,0.0,0.0,0.0,100.0,31.957913,0.530374,0.944039
2026-07-21 04:34:16,46151.69,156399,782,309.2934,204.3042,3.4,5.031122,,,,0.05,10.315805,1.03158,1.93795,0.0,0.0,0.0,0.0,0.0,0.0,100.0,31.84256,0.531115,0.944039
2026-07-21 04:35:16,46211.72,156599,783,402.046,207.9593,3.4,1.356289,,,,0.05,13.451867,1.345187,1.935,0.0,0.0,0.0,0.0,0.0,0.0,100.0,31.77088,0.623682,0.944039
2026-07-21 04:36:16,46271.74,156799,784,279.8939,209.0497,3.4,1.895589,,,,0.05,9.364153,0.936415,1.935,1.233007,5.0,6.0,0.0,0.32059,0.32059,99.67941,31.638503,0.465177,0.944039
2026-07-21 04:37:16,46332.0,156999,785,317.1639,210.461,3.4,1.788847,,,,0.05,10.771952,1.077195,1.944,0.986122,8.0,8.0,0.0,3.298994,3.298994,96.701006,30.713556,0.647968,0.944039
2026-07-21 04:38:17,46392.2,157199,786,195.9532,210.6728,3.4,5.257222,,,,0.05,7.451261,0.745126,1.756095,2.390363,10.0,10.0,2.766545,12.587581,15.354126,84.645874,26.750511,0.485216,0.944039
2026-07-21 04:39:17,46452.34,157399,787,242.3515,211.3527,3.4,3.68347,,,,0.05,8.187006,0.818701,1.93795,1.021098,5.0,9.0,0.028024,1.913607,1.941631,98.058369,31.18758,0.501202,0.944039
2026-07-21 04:40:17,46512.54,157599,788,269.0845,212.1025,3.4,2.202013,,,,0.05,8.971925,0.897193,1.933,0.404282,2.0,2.0,0.0,0.0,0.0,100.0,31.868357,0.548798,0.944039
2026-07-21 04:41:17,46572.78,157799,789,169.9282,211.6961,3.4,2.728262,,,,0.05,5.664274,0.566427,1.927,0.515957,2.0,3.0,0.0,0.0,0.0,100.0,31.687337,0.719958,0.944039
2026-07-21 04:42:17,46632.99,157999,790,128.824,211.9737,3.4,3.028112,,,,0.05,4.294134,0.429413,1.925,0.105255,1.0,1.0,0.0,0.0,0.0,100.0,31.741243,0.719072,0.943034
2026-07-21 04:43:18,46693.15,158199,791,77.2265,210.1901,3.4,2.466553,,,,0.05,3.219319,0.321932,1.881887,2.608303,10.0,10.0,2.487881,8.184768,10.672649,89.327351,28.185392,0.668384,0.943034
2026-07-21 04:44:18,46753.42,158399,792,57.0492,208.6449,3.4,3.093189,,,,0.05,2.977303,0.29773,0.219608,1.169037,4.0,10.0,8.958041,8.146958,17.104999,82.895001,26.186063,0.713243,0.943034
2026-07-21 04:45:18,46813.73,158599,793,138.6557,207.8477,3.4,2.090243,,,,0.05,5.587285,0.558728,0.386826,0.594007,1.0,10.0,7.295982,8.281382,15.577364,84.422636,26.739706,0.47788,0.943034
2026-07-21 04:46:18,46873.82,158799,794,271.3433,207.657,3.4,3.842952,,,,0.05,9.044777,0.904478,1.939,0.185408,1.0,1.0,0.0,0.0,0.0,100.0,31.772761,0.588095,0.943034
2026-07-21 04:47:18,46934.04,158999,795,240.5094,207.4426,3.4,2.794083,,,,0.05,8.048538,0.804854,1.93695,2.150789,6.0,6.0,0.0,0.598253,0.598253,99.401747,31.536787,0.600407,0.943034
2026-07-21 04:48:19,46994.18,159199,796,75.301,205.1872,3.4,6.06708,,,,0.05,4.416593,0.441659,1.040723,2.746289,10.0,10.0,13.446048,17.676848,31.122897,68.877103,21.684646,0.556621,0.943034
2026-07-21 04:49:19,47054.54,159399,797,340.537,205.4239,3.4,6.758721,,,,0.05,11.351233,1.135123,1.932,0.000518,0.0,0.0,0.0,0.0,0.0,100.0,32.096,0.51309,0.943034
2026-07-21 04:50:19,47114.62,159599,798,288.0894,206.3033,3.4,2.419063,,,,0.05,9.61992,0.961992,1.93495,0.573476,3.0,4.0,0.0,0.0,0.0,100.0,32.158788,0.532566,0.943034
2026-07-21 04:51:20,47175.23,159799,799,257.5192,206.8421,3.4,2.265758,,,,0.05,8.583974,0.858397,1.936,0.058919,1.0,1.0,0.0,0.0,0.0,100.0,32.413563,0.513698,0.943034
2026-07-21 04:52:20,47235.35,159999,800,348.1494,209.1098,3.4,1.103266,,,,0.05,11.606884,1.160688,1.936,0.004368,0.0,0.0,0.0,0.0,0.0,100.0,32.23808,0.571206,0.942569
2026-07-21 04:53:20,47295.57,160199,801,231.4241,210.7521,3.4,4.75023,,,,0.05,8.822731,0.882273,0.626001,0.862752,3.0,10.0,7.415659,8.127785,15.543444,84.456556,27.020959,0.598562,0.942569
2026-07-21 04:54:20,47355.89,160399,802,293.862,210.635,3.4,3.551794,,,,0.05,9.796389,0.979639,1.935,0.049117,0.0,1.0,0.0,0.0,0.0,100.0,32.31488,0.566966,0.942569
2026-07-21 04:55:20,47416.0,160599,803,283.434,209.7721,3.4,7.256706,,,,0.05,10.327395,1.032739,1.947,2.156612,10.0,10.0,4.0715,10.673287,14.744786,85.255214,27.221693,0.586631,0.942569
2026-07-21 04:56:21,47476.35,160799,804,292.6585,208.751,3.4,6.203352,,,,0.05,10.844067,1.084407,0.220227,0.940987,3.0,10.0,8.906157,8.396095,17.302251,82.697749,26.333316,0.541988,0.942569
2026-07-21 04:57:21,47536.66,160999,805,353.9058,208.3804,3.4,3.007433,,,,0.05,11.796859,1.179686,1.934,0.083987,1.0,1.0,0.0,0.0,0.0,100.0,32.128568,0.600723,0.942569
2026-07-21 04:58:21,47597.0,161199,806,286.1223,209.3248,3.4,4.010205,,,,0.05,9.604648,0.960465,1.93195,0.028609,0.0,1.0,0.0,0.0,0.0,100.0,32.03456,0.578115,0.942569
2026-07-21 04:59:22,47657.28,161399,807,220.0032,210.2188,3.4,2.112122,,,,0.05,7.357597,0.73576,1.936,0.983163,5.0,6.0,0.0,0.456658,0.456658,99.543342,31.627797,0.549433,0.942569
2026-07-21 05:00:22,47717.7,161599,808,272.2094,211.2201,3.4,4.801212,,,,0.05,9.073645,0.907365,1.934,1.246093,4.0,4.0,0.0,0.0,0.0,100.0,31.614539,0.53057,0.942569
2026-07-21 05:01:22,47777.88,161799,809,224.353,212.8661,3.4,2.777314,,,,0.05,8.23945,0.823945,0.743665,0.987786,10.0,10.0,4.428416,7.845429,12.273845,87.726155,27.755612,0.523146,0.942569
2026-07-21 05:02:23,47838.26,161999,810,368.8402,215.3256,3.4,5.983552,,,,0.05,12.887896,1.28879,1.92595,0.02546,0.0,1.0,0.0,0.0,0.0,100.0,31.622869,0.606185,0.941961
2026-07-21 05:03:23,47898.53,162199,811,322.8865,217.2099,3.4,2.75423,,,,0.05,10.802877,1.080288,1.927,0.240833,1.0,2.0,0.0,0.0,0.0,100.0,31.731254,0.630459,0.941961
2026-07-21 05:04:23,47958.73,162399,812,356.7763,219.2792,3.4,4.22897,,,,0.05,11.908768,1.190877,1.941,0.950008,4.0,6.0,0.0,0.165918,0.165918,99.834082,31.442765,0.575461,0.941961
2026-07-21 05:05:23,48018.83,162599,813,293.0997,221.3304,3.4,7.384211,,,,0.05,9.777892,0.977789,1.939,0.005212,0.0,0.0,0.0,0.0,0.0,100.0,31.680135,0.529144,0.941961
2026-07-21 05:06:23,48078.67,162799,814,235.5673,222.9142,3.4,2.878343,,,,0.05,7.852244,0.785224,1.92895,0.020327,0.0,1.0,0.0,0.0,0.0,100.0,31.73632,0.631625,0.941961
2026-07-21 05:07:23,48138.65,162999,815,219.6157,225.0506,3.4,2.043901,,,,0.05,7.320524,0.732052,1.93695,0.657607,4.0,4.0,0.0,0.0,0.0,100.0,31.885021,0.598881,0.941961
2026-07-21 05:08:23,48198.6,163199,816,167.7104,224.6163,3.4,2.290204,,,,0.05,6.323428,0.632343,0.791282,1.020743,10.0,10.0,3.934887,7.833601,11.768489,88.231511,27.997845,0.597182,0.941961
2026-07-21 05:09:23,48258.89,163399,817,276.049,225.813,3.4,2.898789,,,,0.05,9.57939,0.957939,1.92995,0.000361,0.0,0.0,0.0,0.0,0.0,100.0,31.89632,0.736674,0.941961
2026-07-21 05:10:24,48319.48,163599,818,262.519,225.3206,3.4,1.978642,,,,0.05,8.835425,0.883542,1.93095,0.164762,1.0,1.0,0.0,0.0,0.0,100.0,32.031799,0.567975,0.941961
2026-07-21 05:11:24,48379.64,163799,819,232.427,225.9259,3.4,2.365705,,,,0.05,8.058278,0.805828,1.93295,1.697138,8.0,8.0,0.0,5.500498,5.500498,94.499502,30.147766,0.522595,0.941961
2026-07-21 05:12:24,48439.57,163999,820,335.6676,227.2422,3.4,2.347481,,,,0.05,11.188921,1.118892,1.93995,0.207046,1.0,1.0,0.0,0.0,0.0,100.0,32.11648,0.525577,0.940929
2026-07-21 05:13:24,48499.7,164199,821,232.4206,227.2927,3.4,1.388872,,,,0.05,8.015072,0.801507,1.714249,1.667242,8.0,8.0,0.0,4.689117,4.689117,95.310883,30.400723,0.48616,0.940929
2026-07-21 05:14:24,48559.67,164399,822,426.3083,228.9139,3.4,2.751569,,,,0.05,14.48801,1.448801,1.937,0.0,0.0,0.0,0.0,0.0,0.0,100.0,32.25088,0.543962,0.940929
2026-07-21 05:15:24,48619.81,164599,823,244.6282,229.2335,3.4,2.590068,,,,0.05,9.726094,0.972609,1.94395,3.109045,10.0,10.0,8.948063,16.960537,25.9086,74.0914,23.43701,0.503491,0.940929
2026-07-21 05:16:24,48679.97,164799,824,377.9643,230.4058,3.4,8.297369,,,,0.05,13.220583,1.322058,1.423225,1.200287,9.0,10.0,0.068287,6.804579,6.872866,93.127134,29.487644,0.511841,0.940929
2026-07-21 05:17:25,48740.15,164999,825,352.2643,231.3494,3.4,3.677998,,,,0.05,11.860719,1.186072,1.92,4e-05,0.0,0.0,0.0,0.0,0.0,100.0,31.78368,0.599289,0.940929
2026-07-21 05:18:25,48800.32,165199,826,226.9028,231.1034,3.4,7.630452,,,,0.05,7.563427,0.756343,1.93,0.218126,1.0,1.0,0.0,0.0,0.0,100.0,31.906669,0.632645,0.940929
2026-07-21 05:19:25,48860.28,165399,827,192.6447,229.4374,3.4,2.559064,,,,0.05,6.421491,0.642149,1.92795,0.251503,1.0,2.0,0.0,0.0,0.0,100.0,31.94253,0.634333,0.940929
2026-07-21 05:20:25,48920.37,165599,828,151.6024,226.4211,3.4,2.456647,,,,0.05,5.053414,0.505341,1.928,0.003035,0.0,0.0,0.0,0.0,0.0,100.0,32.0576,0.692375,0.940929
2026-07-21 05:21:25,48980.56,165799,829,120.0508,223.7388,3.4,9.114079,,,,0.05,4.015229,0.401523,1.928,1.505056,5.0,6.0,0.0,0.275438,0.275438,99.724562,31.776753,0.656823,0.940929
2026-07-21 05:22:25,49040.82,165999,830,238.8004,221.9876,3.4,2.305234,,,,0.05,7.960013,0.796001,1.932,0.0,0.0,0.0,0.0,0.0,0.0,100.0,32.0896,0.684773,0.940089
2026-07-21 05:23:25,49100.94,166199,831,368.9672,221.3439,3.4,7.095537,,,,0.05,12.298907,1.229891,1.935,0.000719,0.0,0.0,0.0,0.0,0.0,100.0,32.04224,0.485794,0.940089
2026-07-21 05:24:25,49161.0,166399,832,230.3791,220.7805,3.4,1.884353,,,,0.05,7.998956,0.799896,1.926967,1.286161,8.0,9.0,0.0,5.70455,5.70455,94.29545,29.903271,0.68878,0.940089
2026-07-21 05:25:25,49220.83,166599,833,423.9176,223.9942,3.4,2.999734,,,,0.05,14.95127,1.495127,1.93495,8e-05,0.0,0.0,0.0,0.0,0.0,100.0,32.08448,0.559264,0.940089
2026-07-21 05:26:26,49281.06,166799,834,180.7207,224.2568,3.4,4.13028,,,,0.05,6.65913,0.665913,1.798528,2.219837,10.0,10.0,2.454574,8.013229,10.467804,89.532196,28.429475,0.582712,0.940089
2026-07-21 05:27:25,49341.02,166999,835,195.0797,224.088,3.4,4.335937,,,,0.05,6.810833,0.681083,1.939,2.305105,8.0,9.0,0.0,5.332589,5.332589,94.667411,29.989032,0.696055,0.940089
2026-07-21 05:28:26,49401.21,167199,836,193.5703,223.743,3.4,4.030043,,,,0.05,6.452343,0.645234,1.9279,0.472886,3.0,3.0,0.0,0.0,0.0,100.0,31.913646,0.663851,0.940089
2026-07-21 05:29:26,49461.71,167399,837,229.31,224.1561,3.4,2.777985,,,,0.05,7.658173,0.765817,1.91795,0.0,0.0,0.0,0.0,0.0,0.0,100.0,32.04736,0.66747,0.940089
2026-07-21 05:30:26,49521.97,167599,838,222.9759,225.009,3.4,3.691562,,,,0.05,7.43253,0.743253,1.927,0.0,0.0,0.0,0.0,0.0,0.0,100.0,31.96032,0.5719,0.940089
2026-07-21 05:31:26,49581.91,167799,839,248.1145,225.4306,3.4,1.91024,,,,0.05,8.27414,0.827414,1.92795,0.001244,0.0,0.0,0.0,0.0,0.0,100.0,31.90272,0.647865,0.940089
2026-07-21 05:32:27,49642.07,167999,840,142.3621,224.5972,3.4,2.814833,,,,0.05,5.108206,0.510821,1.534005,1.193771,9.0,9.0,0.008041,6.336443,6.344484,93.655516,29.635782,0.694331,0.939148
2026-07-21 05:33:27,49702.25,168199,841,131.215,224.3294,3.4,3.348578,,,,0.05,4.992152,0.499215,1.92,2.431204,8.0,9.0,0.0,10.765426,10.765426,89.234574,28.27335,0.681416,0.939148
2026-07-21 05:34:27,49762.48,168399,842,136.5748,224.3077,3.4,1.456447,,,,0.05,5.661871,0.566187,0.64095,2.312801,10.0,10.0,6.771227,11.771028,18.542255,81.457745,25.871654,0.624183,0.939148
2026-07-21 05:35:27,49822.78,168599,843,131.5386,224.5092,3.4,1.415575,,,,0.05,5.56474,0.556474,1.166158,2.505271,8.0,10.0,7.089092,12.385997,19.475089,80.524911,25.51357,0.552371,0.939148
2026-07-21 05:36:28,49883.11,168799,844,78.4001,222.88,3.4,4.553823,,,,0.05,3.14759,0.314759,1.92795,2.85255,10.0,10.0,1.071824,8.005062,9.076887,90.923113,29.086381,0.792303,0.939148
2026-07-21 05:37:28,49943.22,168999,845,211.9208,224.6725,3.4,2.940485,,,,0.05,7.064028,0.706403,1.93,0.228211,1.0,2.0,0.0,0.0,0.0,100.0,32.178534,0.472643,0.939148
2026-07-21 05:38:28,50003.19,169199,846,176.4026,224.3779,3.4,1.507434,,,,0.05,5.880088,0.588009,1.929,0.048818,0.0,1.0,0.0,0.0,0.0,100.0,32.041118,0.547282,0.939148
2026-07-21 05:39:28,50063.07,169399,847,174.5621,223.933,3.4,3.470129,,,,0.05,5.818738,0.581874,1.92995,0.410768,2.0,2.0,0.0,0.0,0.0,100.0,31.953723,0.578423,0.939148
2026-07-21 05:40:28,50123.2,169599,848,209.3339,224.0506,3.4,3.781528,,,,0.05,8.109507,0.810951,0.747954,3.249837,10.0,10.0,4.174467,14.634535,18.809002,81.190998,25.665294,0.488286,0.939148
2026-07-21 05:41:28,50183.3,169799,849,355.5799,226.4324,3.4,4.576959,,,,0.05,11.945428,1.194543,1.93795,0.139813,1.0,1.0,0.0,0.0,0.0,100.0,31.961308,0.585181,0.939148
2026-07-21 05:42:28,50243.44,169999,850,393.1454,228.495,3.4,2.983725,,,,0.05,13.136631,1.313663,1.93195,0.0,0.0,0.0,0.0,0.0,0.0,100.0,32.09344,0.485809,0.938678
2026-07-21 05:43:28,50303.72,170199,851,87.3725,226.4861,3.4,2.554741,,,,0.05,5.135193,0.513519,0.281126,5.613187,10.0,10.0,10.680383,26.289868,36.970251,63.029749,19.703628,0.503329,0.938678
2026-07-21 05:44:28,50363.8,170399,852,229.266,226.98,3.4,3.70382,,,,0.05,8.539752,0.853975,0.535224,0.60314,10.0,10.0,6.252729,8.166263,14.418992,85.581008,27.508015,0.480197,0.938678
2026-07-21 05:45:28,50424.04,170599,853,299.7226,227.7418,3.4,4.227569,,,,0.05,10.173092,1.017309,1.928,0.037209,0.0,1.0,0.0,0.0,0.0,100.0,32.199003,0.482784,0.938678
2026-07-21 05:46:29,50484.28,170799,854,227.5564,228.336,3.4,4.803967,,,,0.05,7.585213,0.758521,1.93,0.117377,1.0,1.0,0.0,0.0,0.0,100.0,32.116322,0.579499,0.938678
2026-07-21 05:47:29,50544.46,170999,855,261.4196,230.1439,3.4,5.077963,,,,0.05,8.925903,0.89259,1.934,1.721145,7.0,8.0,0.0,3.81097,3.81097,96.18903,30.555541,0.508762,0.938678
2026-07-21 05:48:29,50604.8,171199,856,182.0599,230.7352,3.4,1.385623,,,,0.05,6.068663,0.606866,1.934,0.001004,0.0,0.0,0.0,0.0,0.0,100.0,31.86944,0.756068,0.938678
2026-07-21 05:49:30,50665.22,171399,857,165.6672,230.6762,3.4,2.929681,,,,0.05,5.522241,0.552224,1.931,0.643569,4.0,4.0,0.0,0.0,0.0,100.0,31.847233,0.663453,0.938678
2026-07-21 05:50:30,50725.84,171599,858,294.2042,231.3148,3.4,6.25139,,,,0.05,10.273537,1.027354,1.330526,1.33259,10.0,10.0,0.244166,7.589161,7.833327,92.166673,29.295257,0.54213,0.938678
2026-07-21 05:51:31,50786.11,171799,859,249.6009,232.3534,3.4,2.894385,,,,0.05,8.39456,0.839456,1.933,0.092536,1.0,1.0,0.0,0.0,0.0,100.0,32.03666,0.515257,0.938678
2026-07-21 05:52:31,50846.48,171999,860,134.7101,230.3953,3.4,2.291816,,,,0.05,4.490337,0.449034,1.932,0.104404,1.0,1.0,0.0,0.0,0.0,100.0,32.233998,0.594018,0.938085
2026-07-21 05:53:31,50906.67,172199,861,148.2043,230.2503,3.4,6.029917,,,,0.05,4.940142,0.494014,1.92995,0.0,0.0,0.0,0.0,0.0,0.0,100.0,32.18176,0.666045,0.938085
2026-07-21 05:54:31,50966.86,172399,862,25.8071,226.4751,3.4,4.557616,,,,0.05,3.09565,0.309565,0.049005,2.829084,10.0,10.0,17.000119,19.613381,36.6135,63.3865,19.943109,0.594978,0.938085
2026-07-21 05:55:32,51027.12,172599,863,245.7819,225.7781,3.4,1.408554,,,,0.05,8.213334,0.821333,1.93,0.072373,1.0,1.0,0.0,0.0,0.0,100.0,32.029926,0.513398,0.938085
2026-07-21 05:56:32,51087.25,172799,864,186.2393,225.9955,3.4,0.976585,,,,0.05,6.220614,0.622061,1.92695,0.790444,4.0,5.0,0.0,0.0,0.0,100.0,31.933742,0.712661,0.938085
2026-07-21 05:57:32,51147.37,172999,865,293.2657,227.8917,3.4,6.518375,,,,0.05,9.775523,0.977552,1.93295,0.171813,1.0,1.0,0.0,0.0,0.0,100.0,32.12416,0.625937,0.938085
2026-07-21 05:58:32,51207.91,173199,866,362.4514,230.1193,3.4,3.509798,,,,0.05,12.092731,1.209273,1.937,0.194682,1.0,2.0,0.0,0.0,0.0,100.0,32.205244,0.574455,0.938085
2026-07-21 05:59:33,51268.44,173399,867,389.3907,232.6595,3.4,4.210166,,,,0.05,12.979691,1.297969,1.947,0.162052,1.0,1.0,0.0,0.0,0.0,100.0,31.896105,0.583909,0.938085
2026-07-21 06:00:33,51328.68,173599,868,241.0703,233.8145,3.4,7.240495,,,,0.05,8.035678,0.803568,1.939,1.145723,3.0,3.0,0.0,0.0,0.0,100.0,31.711924,0.618689,0.938085
2026-07-21 06:01:34,51389.14,173799,869,385.6094,235.9791,3.4,1.603162,,,,0.05,12.883951,1.288395,1.94595,0.445999,2.0,3.0,0.0,0.0,0.0,100.0,31.656854,0.616618,0.938085
2026-07-21 06:02:34,51449.59,173999,870,472.3655,240.1782,3.4,2.753366,,,,0.05,15.987276,1.598728,1.94595,0.0,0.0,0.0,0.0,0.0,0.0,100.0,31.71584,0.602522,0.937242
2026-07-21 06:03:34,51509.72,174199,871,401.1556,241.8176,3.4,4.198868,,,,0.05,14.130934,1.413093,1.9269,0.0,0.0,0.0,0.0,0.0,0.0,100.0,31.73504,0.665762,0.937242
2026-07-21 06:04:34,51569.74,174399,872,277.3371,242.0753,3.4,3.229705,,,,0.05,10.539863,1.053986,3.8e-05,0.010976,0.0,1.0,0.0,0.0,0.0,100.0,31.836568,0.851884,0.937242
2026-07-21 06:05:34,51629.94,174599,873,317.6131,244.306,3.4,1.538616,,,,0.05,12.0177,1.20177,3.7e-05,8e-05,0.0,0.0,0.0,0.0,0.0,100.0,32.00128,0.9055,0.937242
2026-07-21 06:06:34,51690.05,174799,874,223.7119,244.7602,3.4,6.029661,,,,0.05,8.593486,0.859349,4e-05,0.020819,0.0,1.0,0.0,0.0,0.0,100.0,31.97056,0.880887,0.937242
2026-07-21 06:07:35,51750.36,174999,875,151.2943,244.0211,3.4,1.698151,,,,0.05,5.536313,0.553631,3.8e-05,2.350675,10.0,10.0,0.0,6.933237,6.933237,93.066763,29.304546,0.742505,0.937242
2026-07-21 06:08:35,51810.73,175199,876,264.97,245.0095,3.4,1.702523,,,,0.05,8.838464,0.883846,1.939,0.167669,1.0,1.0,0.0,0.0,0.0,100.0,31.926567,0.570117,0.937242
2026-07-21 06:09:36,51871.07,175399,877,193.7993,244.8682,3.4,2.622642,,,,0.05,6.459977,0.645998,1.929,0.362205,2.0,2.0,0.0,0.0,0.0,100.0,31.86281,0.626835,0.937242
2026-07-21 06:10:36,51931.27,175599,878,191.1051,244.4767,3.4,3.578842,,,,0.05,6.370171,0.637017,1.937,0.203754,1.0,2.0,0.0,0.0,0.0,100.0,31.776917,0.554793,0.937242
2026-07-21 06:11:36,51991.38,175799,879,109.771,243.4425,3.4,2.881997,,,,0.05,5.243832,0.524383,0.659108,1.703127,10.0,10.0,9.456047,15.741372,25.197419,74.802581,23.625047,0.609194,0.937242
2026-07-21 06:12:36,52051.79,175999,880,190.3256,244.5028,3.4,2.554163,,,,0.05,6.436943,0.643694,1.93895,1.530225,6.0,7.0,0.0,1.783562,1.783562,98.216438,31.023042,0.554416,0.936366
2026-07-21 06:13:37,52112.06,176199,881,117.6599,242.5621,3.4,4.073789,,,,0.05,4.335308,0.433531,1.935,3.34537,8.0,8.0,0.0,7.500404,7.500404,92.499596,28.822504,0.735007,0.936366
2026-07-21 06:14:37,52172.39,176399,882,131.4714,240.7839,3.4,3.406576,,,,0.05,4.38238,0.438238,1.9289,0.297157,2.0,2.0,0.0,0.0,0.0,100.0,31.609463,0.70259,0.936366
2026-07-21 06:15:37,52232.65,176599,883,108.3447,237.8469,3.4,3.303668,,,,0.05,3.611491,0.361149,1.93295,0.823795,4.0,5.0,0.0,0.0,0.0,100.0,31.716988,0.843721,0.936366
2026-07-21 06:16:37,52292.99,176799,884,108.0834,236.1288,3.4,2.187438,,,,0.05,3.646945,0.364694,1.926,1.824109,6.0,6.0,0.0,0.871906,0.871906,99.128094,31.293927,0.858174,0.936366
2026-07-21 06:17:37,52352.93,176999,885,175.9944,234.7171,3.4,1.240232,,,,0.05,5.86648,0.586648,1.92795,0.465133,3.0,3.0,0.0,0.0,0.0,100.0,31.828664,0.602269,0.936366
2026-07-21 06:18:37,52412.99,177199,886,176.8746,234.5263,3.4,2.24536,,,,0.05,6.146431,0.614643,1.836848,1.147552,8.0,8.0,0.0,4.415011,4.415011,95.584989,30.301577,0.698911,0.936366
2026-07-21 06:19:38,52473.09,177399,887,288.5898,234.9887,3.4,2.634616,,,,0.05,9.61966,0.961966,1.932,0.017992,0.0,1.0,0.0,0.0,0.0,100.0,32.01408,0.537407,0.936366
2026-07-21 06:20:38,52533.07,177599,888,216.5201,234.4631,3.4,3.856516,,,,0.05,7.217337,0.721734,1.932,0.630834,3.0,3.0,0.0,0.0,0.0,100.0,31.758001,0.505762,0.936366
2026-07-21 06:21:38,52593.15,177799,889,255.5528,235.3193,3.4,2.7945,,,,0.05,8.803744,0.880374,1.937,2.179638,7.0,8.0,0.0,5.243356,5.243356,94.756644,29.949479,0.484084,0.936366
2026-07-21 06:22:38,52653.19,177999,890,299.3211,237.0243,3.4,2.771455,,,,0.05,9.977371,0.997737,1.938,0.0,0.0,0.0,0.0,0.0,0.0,100.0,31.91808,0.574035,0.935326
2026-07-21 06:23:37,52712.99,178199,891,162.8945,237.881,3.4,1.473215,,,,0.05,6.475253,0.647525,0.570515,1.070261,4.0,10.0,8.653654,7.883287,16.536942,83.463058,26.585728,0.471182,0.935326
2026-07-21 06:24:37,52772.91,178399,892,273.8873,240.0493,3.4,1.593704,,,,0.05,9.129576,0.912958,1.93995,0.15169,1.0,1.0,0.0,0.0,0.0,100.0,32.150843,0.541865,0.935326
2026-07-21 06:25:38,52833.33,178599,893,307.3626,241.7364,3.4,2.977034,,,,0.05,10.247879,1.024788,1.949,1.100603,4.0,5.0,0.0,0.0,0.0,100.0,31.848083,0.486962,0.935326
2026-07-21 06:26:38,52893.18,178799,894,358.7583,242.6106,3.4,2.120491,,,,0.05,12.064529,1.206453,1.943,0.017357,0.0,1.0,0.0,0.0,0.0,100.0,32.0064,0.525318,0.935326
2026-07-21 06:27:38,52953.17,178999,895,285.9687,243.0652,3.4,1.590771,,,,0.05,9.890707,0.989071,1.762837,1.606646,9.0,9.0,0.0,6.238321,6.238321,93.761679,29.93026,0.538224,0.935326
2026-07-21 06:28:38,53013.36,179199,896,288.9995,245.2021,3.4,4.373973,,,,0.05,9.633315,0.963332,1.935,0.013221,0.0,1.0,0.0,0.0,0.0,100.0,32.142418,0.46963,0.935326
2026-07-21 06:29:38,53073.64,179399,897,199.2045,243.7888,3.4,4.182511,,,,0.05,6.640149,0.664015,1.931,0.651424,2.0,2.0,0.0,0.0,0.0,100.0,31.995659,0.49364,0.935326
2026-07-21 06:30:38,53133.59,179599,898,221.1511,243.1194,3.4,6.411787,,,,0.05,7.371705,0.73717,1.92895,0.000636,0.0,0.0,0.0,0.0,0.0,100.0,32.20352,0.55038,0.935326
2026-07-21 06:31:38,53193.5,179799,899,272.0377,243.2646,3.4,1.356259,,,,0.05,9.067923,0.906792,1.92895,0.037875,0.0,1.0,0.0,0.0,0.0,100.0,32.038962,0.533488,0.935326
2026-07-21 06:32:38,53253.5,179999,900,343.9796,243.2229,3.4,5.316869,,,,0.05,11.496805,1.14968,1.929,0.000161,0.0,0.0,0.0,0.0,0.0,100.0,31.85792,0.520135,0.934351
2026-07-21 06:33:38,53313.34,180199,901,240.687,243.3155,3.4,2.002888,,,,0.05,8.531577,0.853158,1.9379,2.885701,10.0,10.0,1.068376,7.474601,8.542977,91.457023,28.702331,0.547334,0.934351
2026-07-21 06:34:38,53373.41,180399,902,99.3012,241.3699,3.4,2.267875,,,,0.05,4.93311,0.493311,1.93395,4.932053,10.0,10.0,5.864048,21.479955,27.344003,72.655997,22.544635,0.70239,0.934351
2026-07-21 06:35:38,53433.67,180599,903,322.3048,241.7586,3.4,3.110393,,,,0.05,10.931389,1.093139,1.93195,0.043111,0.0,1.0,0.0,0.0,0.0,100.0,31.651072,0.652809,0.934351
2026-07-21 06:36:38,53493.44,180799,904,261.116,241.4432,3.4,3.639972,,,,0.05,8.807475,0.880747,1.93395,1.181061,6.0,9.0,0.0,1.840094,1.840094,98.159906,30.873191,0.646915,0.934351
2026-07-21 06:37:38,53553.39,180999,905,120.7835,239.112,3.4,3.014736,,,,0.05,6.08186,0.608186,1.261561,3.599661,10.0,10.0,10.165399,23.884261,34.04966,65.95034,20.649063,0.596222,0.934351
2026-07-21 06:38:38,53613.49,181199,906,221.5925,238.4667,3.4,4.770464,,,,0.05,7.387978,0.738798,1.936,0.80257,3.0,5.0,0.0,0.028064,0.028064,99.971936,31.775141,0.557427,0.934351
2026-07-21 06:39:38,53673.43,181399,907,208.0465,238.3471,3.4,4.711025,,,,0.05,7.023431,0.702343,1.942,2.649786,6.0,6.0,0.0,1.675082,1.675082,98.324918,31.065438,0.68033,0.934351
2026-07-21 06:40:38,53733.68,181599,908,383.0417,239.4555,3.4,3.000296,,,,0.05,12.768632,1.276863,1.9389,0.001243,0.0,0.0,0.0,0.0,0.0,100.0,31.9168,0.518113,0.934351
2026-07-21 06:41:39,53794.12,181799,909,323.1162,240.4431,3.4,4.979983,,,,0.05,10.791795,1.079179,1.93,0.0,0.0,0.0,0.0,0.0,0.0,100.0,32.10624,0.479892,0.934351
2026-07-21 06:42:39,53854.21,181999,910,285.0484,239.6052,3.4,1.331203,,,,0.05,9.501612,0.950161,1.928,0.10436,1.0,1.0,0.0,0.0,0.0,100.0,32.062534,0.542344,0.933853
2026-07-21 06:43:39,53914.25,182199,911,236.4909,238.7412,3.4,3.599304,,,,0.05,7.88303,0.788303,1.933,0.337696,2.0,3.0,0.0,0.0,0.0,100.0,31.981366,0.524481,0.933853
2026-07-21 06:44:39,53974.41,182399,912,319.5809,238.3693,3.4,5.053679,,,,0.05,10.696161,1.069616,1.93195,0.003096,0.0,0.0,0.0,0.0,0.0,100.0,32.24704,0.6224,0.933853
2026-07-21 06:45:39,54034.44,182599,913,270.4721,238.143,3.4,1.3205,,,,0.05,9.016229,0.901623,1.93,0.986559,4.0,4.0,0.0,0.0,0.0,100.0,32.094066,0.584068,0.933853
2026-07-21 06:46:39,54094.6,182799,914,212.4612,237.9119,3.4,4.407538,,,,0.05,7.082041,0.708204,1.93895,1.220804,3.0,4.0,0.0,0.0,0.0,100.0,31.984224,0.666995,0.933853
2026-07-21 06:47:39,54154.84,182999,915,270.1967,238.4177,3.4,3.789575,,,,0.05,9.017342,0.901734,1.933,0.096836,1.0,1.0,0.0,0.0,0.0,100.0,32.240342,0.538083,0.933853
2026-07-21 06:48:39,54214.99,183199,916,242.8453,239.1691,3.4,2.517555,,,,0.05,8.094842,0.809484,1.948,1.048135,3.0,3.0,0.0,0.0,0.0,100.0,31.886482,0.694994,0.933853
2026-07-21 06:49:39,54274.88,183399,917,109.7262,237.5059,3.4,3.711752,,,,0.05,4.827766,0.482777,1.116934,3.025349,10.0,10.0,6.060849,13.524672,19.585521,80.414479,25.267287,0.595689,0.933853
2026-07-21 06:50:39,54334.88,183599,918,143.1237,236.3119,3.4,2.725834,,,,0.05,5.41396,0.541396,1.536013,1.333483,10.0,10.0,2.903123,7.535341,10.438463,89.561537,28.55686,0.541644,0.933853
2026-07-21 06:51:40,54395.08,183799,919,272.1617,236.7092,3.4,2.543791,,,,0.05,9.095724,0.909572,1.94195,0.30324,1.0,2.0,0.0,0.0,0.0,100.0,31.959714,0.675086,0.933853
2026-07-21 06:52:39,54454.96,183999,920,277.9535,236.1321,3.4,3.730217,,,,0.05,9.889854,0.988985,0.969784,0.992212,10.0,10.0,2.352088,8.103427,10.455516,89.544484,28.352105,0.528336,0.933045
2026-07-21 06:53:39,54515.01,184199,921,325.3979,237.0619,3.4,1.946278,,,,0.05,10.846598,1.08466,1.9389,0.0,0.0,0.0,0.0,0.0,0.0,100.0,31.95392,0.587798,0.933045
2026-07-21 06:54:40,54575.15,184399,922,195.9152,234.758,3.4,1.86989,,,,0.05,7.28759,0.728759,0.986313,1.015147,10.0,10.0,4.580612,7.598285,12.178896,87.821104,27.899606,0.541878,0.933045
2026-07-21 06:55:40,54635.2,184599,923,278.3915,235.0956,3.4,3.193506,,,,0.05,9.280278,0.928028,1.9339,4e-05,0.0,0.0,0.0,0.0,0.0,100.0,32.01024,0.544157,0.933045
2026-07-21 06:56:40,54695.22,184799,924,85.4874,232.1708,3.4,5.068622,,,,0.05,3.507123,0.350712,1.928,3.136763,9.0,10.0,0.0,11.492597,11.492597,88.507403,27.845571,0.809322,0.933045
2026-07-21 06:57:39,54755.04,184999,925,117.2548,229.8207,3.4,4.002669,,,,0.05,3.908493,0.390849,1.927,0.114126,1.0,1.0,0.0,0.0,0.0,100.0,32.121668,0.660096,0.933045
2026-07-21 06:58:39,54814.99,185199,926,95.1148,228.5028,3.4,4.291498,,,,0.05,3.178961,0.317896,1.926,1.987687,5.0,6.0,0.0,0.167792,0.167792,99.832208,31.604517,0.813172,0.933045
2026-07-21 06:59:39,54874.89,185399,927,71.5534,227.2919,3.4,4.513004,,,,0.05,3.439367,0.343937,1.932,2.422867,10.0,10.0,2.600718,15.093738,17.694456,82.305544,26.074579,0.784305,0.933045
2026-07-21 07:00:39,54934.92,185599,928,267.4937,228.4508,3.4,6.19014,,,,0.05,8.916455,0.891645,1.9349,0.0,0.0,0.0,0.0,0.0,0.0,100.0,31.83104,0.439251,0.933045
2026-07-21 07:01:39,54994.96,185799,929,240.3936,229.6543,3.4,6.083564,,,,0.05,8.013118,0.801312,1.928,0.179961,1.0,1.0,0.0,0.0,0.0,100.0,31.823174,0.489702,0.933045
2026-07-21 07:02:39,55054.96,185999,930,273.8206,230.0045,3.4,4.96911,,,,0.05,9.127355,0.912735,1.934,0.574027,3.0,4.0,0.0,0.0,0.0,100.0,31.946487,0.478761,0.932243
2026-07-21 07:03:39,55114.79,186199,931,262.3122,228.9379,3.4,1.989396,,,,0.05,8.743741,0.874374,1.932,0.010861,0.0,1.0,0.0,0.0,0.0,100.0,32.05504,0.462245,0.932243
2026-07-21 07:04:39,55174.96,186399,932,105.529,227.6894,3.4,6.908921,,,,0.05,4.58983,0.458983,0.280888,1.724955,4.0,10.0,9.0115,8.065873,17.077373,82.922627,26.160105,0.533919,0.932243
2026-07-21 07:05:39,55234.79,186599,933,301.8734,226.469,3.4,2.299412,,,,0.05,10.062446,1.006245,1.934,0.0,0.0,0.0,0.0,0.0,0.0,100.0,31.97824,0.590953,0.932243
2026-07-21 07:06:39,55294.99,186799,934,278.9244,227.451,3.4,1.395517,,,,0.05,9.322295,0.932229,1.93195,1.456854,5.0,5.0,0.0,0.075854,0.075854,99.924146,31.804022,0.604012,0.932243
2026-07-21 07:07:40,55355.06,186999,935,277.8899,228.2791,3.4,2.579423,,,,0.05,9.277414,0.927741,1.931,0.452181,3.0,3.0,0.0,0.0,0.0,100.0,31.693652,0.541041,0.932243
2026-07-21 07:08:40,55415.2,187199,936,157.1606,227.915,3.4,2.309465,,,,0.05,6.226798,0.62268,0.763616,1.173545,4.0,10.0,7.880763,8.077882,15.958645,84.041355,26.536561,0.494195,0.932243
2026-07-21 07:09:40,55475.14,187399,937,174.3112,227.365,3.4,4.479457,,,,0.05,5.841539,0.584154,1.932,0.878292,6.0,6.0,0.0,0.579757,0.579757,99.420243,31.498774,0.610961,0.932243
2026-07-21 07:10:40,55535.11,187599,938,18.562,225.3209,3.4,4.000634,,,,0.05,2.643072,0.264307,0.172371,4.030356,10.0,10.0,14.31506,18.886696,33.201756,66.798244,20.821478,0.681481,0.932243
2026-07-21 07:11:40,55595.2,187799,939,273.1927,225.5717,3.4,2.095262,,,,0.05,9.235563,0.923556,1.931,4.1e-05,0.0,0.0,0.0,0.0,0.0,100.0,31.50848,0.522913,0.932243
2026-07-21 07:12:39,55655.03,187999,940,128.8184,225.4362,3.4,3.11279,,,,0.05,5.271659,0.527166,1.309083,1.721311,6.0,10.0,7.179529,9.083559,16.263088,83.736912,26.274346,0.58644,0.931863
2026-07-21 07:13:40,55715.12,188199,941,226.1454,226.3855,3.4,2.689549,,,,0.05,8.526224,0.852622,0.391495,0.550422,1.0,10.0,7.429547,8.120857,15.550405,84.449595,26.462884,0.49155,0.931863
2026-07-21 07:14:40,55775.12,188399,942,102.9033,226.0488,3.4,1.761687,,,,0.05,6.153658,0.615366,0.879314,2.527134,10.0,10.0,20.081752,24.116719,44.19847,55.80153,17.444095,0.446041,0.931863
2026-07-21 07:15:40,55835.08,188599,943,239.0312,227.1238,3.4,3.494781,,,,0.05,8.195226,0.819523,1.933,1.129484,7.0,8.0,0.008072,3.644656,3.652728,96.347272,30.370287,0.551466,0.931863
2026-07-21 07:16:39,55894.93,188799,944,367.7427,230.0172,3.4,4.790397,,,,0.05,12.258091,1.225809,1.93495,0.399696,2.0,3.0,0.0,0.0,0.0,100.0,31.955079,0.508094,0.931863
2026-07-21 07:17:40,55955.08,188999,945,262.0673,230.5186,3.4,3.547232,,,,0.05,9.046469,0.904647,1.654776,1.163742,8.0,8.0,0.0,5.582554,5.582554,94.417446,29.909692,0.483262,0.931863
2026-07-21 07:18:39,56014.94,189199,946,282.7723,231.5823,3.4,1.934357,,,,0.05,9.425742,0.942574,1.927,0.646962,3.0,4.0,0.0,0.0,0.0,100.0,32.005456,0.50897,0.931863
2026-07-21 07:19:39,56074.82,189399,947,224.1709,232.0784,3.4,2.053182,,,,0.05,7.472364,0.747236,1.926,0.158543,1.0,1.0,0.0,0.0,0.0,100.0,32.012523,0.469334,0.931863
2026-07-21 07:20:39,56134.79,189599,948,92.2741,230.9078,3.4,3.793242,,,,0.05,3.087029,0.308703,1.926,1.622576,4.0,5.0,0.0,0.216156,0.216156,99.783844,31.618488,0.793296,0.931863
2026-07-21 07:21:39,56194.79,189799,949,26.8369,227.6204,3.4,3.225178,,,,0.05,1.952986,0.195299,0.369735,1.217161,2.0,10.0,8.878354,8.24763,17.125984,82.874016,26.166671,0.815444,0.931863
2026-07-21 07:22:39,56254.67,189999,950,76.2475,224.4514,3.4,4.050159,,,,0.05,3.216119,0.321612,1.928,2.523956,10.0,10.0,3.127384,8.141636,11.269019,88.730981,27.975861,0.828322,0.931617
2026-07-21 07:23:39,56314.39,190199,951,155.577,225.1335,3.4,5.393635,,,,0.05,5.1859,0.51859,1.928,4e-05,0.0,0.0,0.0,0.0,0.0,100.0,31.86304,0.76099,0.931617
2026-07-21 07:24:39,56374.4,190399,952,231.3589,225.1544,3.4,4.516842,,,,0.05,7.711963,0.771196,1.93195,0.012816,0.0,1.0,0.0,0.0,0.0,100.0,31.75936,0.498014,0.931617
2026-07-21 07:25:39,56434.38,190599,953,348.6793,225.644,3.4,5.989014,,,,0.05,11.65339,1.165339,1.936,0.195166,1.0,2.0,0.0,0.0,0.0,100.0,31.828799,0.494018,0.931617
2026-07-21 07:26:39,56494.27,190799,954,164.5488,225.0139,3.4,4.521827,,,,0.05,5.563398,0.55634,1.953,2.653281,6.0,7.0,0.0,1.542116,1.542116,98.457884,30.824839,0.692848,0.931617
2026-07-21 07:27:39,56554.37,190999,955,224.8251,224.6479,3.4,1.700336,,,,0.05,7.60183,0.760183,1.939,1.677339,6.0,7.0,0.0,2.044842,2.044842,97.955158,30.864555,0.573545,0.931617
2026-07-21 07:28:39,56614.43,191199,956,265.4355,225.4817,3.4,6.414174,,,,0.05,9.335797,0.93358,1.266506,1.153377,10.0,10.0,0.644045,7.64803,8.292074,91.707926,29.012784,0.423677,0.931617
2026-07-21 07:29:39,56674.42,191399,957,250.7411,226.3324,3.4,4.518724,,,,0.05,8.358036,0.835804,1.932,0.0,0.0,0.0,0.0,0.0,0.0,100.0,31.94112,0.522359,0.931617
2026-07-21 07:30:39,56734.44,191599,958,183.7473,225.2279,3.4,1.608377,,,,0.05,6.87569,0.687569,0.751347,0.805337,10.0,10.0,4.219121,8.208985,12.428106,87.571894,27.789794,0.637614,0.931617
2026-07-21 07:31:39,56794.54,191799,959,182.6101,224.558,3.4,2.959008,,,,0.05,6.087002,0.6087,1.93295,0.911779,2.0,3.0,0.0,0.0,0.0,100.0,31.689023,0.620351,0.931617
2026-07-21 07:32:39,56854.51,191999,960,294.8868,226.1597,3.4,1.04233,,,,0.05,11.094149,1.109415,0.591769,2.158665,10.0,10.0,5.908691,15.247461,21.156153,78.843847,24.947324,0.484223,0.93085
2026-07-21 07:33:39,56914.59,192199,961,437.481,229.0525,3.4,2.180958,,,,0.05,14.623906,1.462391,1.937,0.028956,0.0,1.0,0.0,0.0,0.0,100.0,31.961583,0.708768,0.93085
2026-07-21 07:34:39,56974.41,192399,962,420.1782,232.9962,3.4,1.374465,,,,0.05,14.311688,1.431169,1.9408,0.028088,0.0,1.0,0.0,0.0,0.0,100.0,31.90016,0.645677,0.93085
2026-07-21 07:35:39,57034.61,192599,963,378.2907,234.3213,3.4,1.68424,,,,0.05,13.243962,1.324396,1.577701,1.420217,10.0,10.0,2.311791,8.385753,10.697544,89.302456,28.413439,0.591276,0.93085
2026-07-21 07:36:39,57094.64,192799,964,290.0232,235.3591,3.4,5.210637,,,,0.05,9.667439,0.966744,1.95595,1.138337,4.0,4.0,0.0,0.0,0.0,100.0,31.959433,0.775908,0.93085
2026-07-21 07:37:39,57154.41,192999,965,336.7301,235.7938,3.4,1.662104,,,,0.05,11.244836,1.124484,1.938,0.850917,5.0,5.0,0.0,0.0,0.0,100.0,31.691326,0.57953,0.93085
2026-07-21 07:38:39,57214.57,193199,966,250.256,234.6718,3.4,1.376591,,,,0.05,8.385015,0.838501,1.93,0.058584,1.0,1.0,0.0,0.0,0.0,100.0,31.81184,0.654818,0.93085
2026-07-21 07:39:39,57274.53,193399,967,221.645,232.9944,3.4,3.955746,,,,0.05,7.388167,0.738817,1.932,0.399214,1.0,2.0,0.0,0.0,0.0,100.0,31.588571,0.676257,0.93085
2026-07-21 07:40:39,57334.65,193599,968,102.8524,231.6122,3.4,8.48038,,,,0.05,5.151015,0.515102,1.001395,1.486116,10.0,10.0,11.735185,17.058776,28.793962,71.206038,22.553931,0.620897,0.93085
2026-07-21 07:41:40,57395.07,193799,969,284.4013,230.6001,3.4,5.120163,,,,0.05,9.502429,0.950243,1.928,0.000161,0.0,0.0,0.0,0.0,0.0,100.0,31.72864,0.710896,0.93085
2026-07-21 07:42:40,57455.21,193999,970,251.5509,228.392,3.4,3.202735,,,,0.05,8.385031,0.838503,1.9299,0.752179,4.0,5.0,0.0,0.0,0.0,100.0,31.86906,0.527204,0.930029
2026-07-21 07:43:40,57515.62,194199,971,63.2515,225.0129,3.4,1.766715,,,,0.05,4.298287,0.429829,0.356164,1.493453,10.0,10.0,18.739509,17.045,35.78451,64.21549,20.254409,0.515459,0.930029
2026-07-21 07:44:40,57575.44,194399,972,288.9938,225.1295,3.4,2.686749,,,,0.05,9.64055,0.964055,1.934,0.832868,5.0,5.0,0.0,0.019839,0.019839,99.980161,32.098228,0.555928,0.930029
2026-07-21 07:45:40,57635.42,194599,973,256.7582,224.5209,3.4,4.536135,,,,0.05,8.558607,0.855861,1.936,0.524553,2.0,2.0,0.0,0.0,0.0,100.0,32.035755,0.499111,0.930029
2026-07-21 07:46:40,57695.31,194799,974,192.3691,224.2075,3.4,3.522985,,,,0.05,8.189266,0.818927,1.665408,2.771924,10.0,10.0,12.194253,16.868519,29.062772,70.937228,22.571906,0.540869,0.930029
2026-07-21 07:47:40,57755.35,194999,975,365.323,226.3478,3.4,5.252731,,,,0.05,12.177432,1.217743,1.934,0.000954,0.0,0.0,0.0,0.0,0.0,100.0,32.20992,0.58022,0.930029
2026-07-21 07:48:40,57815.56,195199,976,161.8522,225.3166,3.4,2.96214,,,,0.05,6.421753,0.642175,1.89624,2.715945,10.0,10.0,5.004564,12.207803,17.212367,82.787633,26.288282,0.412765,0.930029
2026-07-21 07:49:40,57875.67,195399,977,266.5886,226.0445,3.4,3.096764,,,,0.05,8.954806,0.895481,1.937,0.530807,3.0,3.0,0.0,0.0,0.0,100.0,32.118747,0.550367,0.930029
2026-07-21 07:50:40,57935.79,195599,978,174.8753,225.8822,3.4,5.205115,,,,0.05,6.251378,0.625138,1.94,1.959591,10.0,10.0,0.031865,7.368756,7.400621,92.599379,29.433138,0.619319,0.930029
2026-07-21 07:51:40,57995.7,195799,979,307.5478,227.86,3.4,4.278163,,,,0.05,10.385254,1.038525,1.935,0.072308,1.0,1.0,0.0,0.0,0.0,100.0,32.005956,0.472619,0.930029
2026-07-21 07:52:40,58055.7,195999,980,69.804,226.6548,3.4,1.732369,,,,0.05,4.211678,0.421168,0.575218,1.142764,10.0,10.0,14.340666,16.468326,30.808991,69.191009,21.831021,0.678946,0.930007
2026-07-21 07:53:40,58115.67,196199,981,140.6915,226.8851,3.4,3.398113,,,,0.05,5.070794,0.507079,1.92695,1.89743,9.0,9.0,0.0,6.450838,6.450838,93.549162,29.639633,0.697973,0.930007
2026-07-21 07:54:40,58175.63,196399,982,239.7708,227.9681,3.4,3.882738,,,,0.05,8.035092,0.803509,1.927,1.012195,6.0,6.0,0.0,0.849802,0.849802,99.150198,31.48941,0.455928,0.930007
2026-07-21 07:55:40,58235.98,196599,983,161.116,228.4958,3.4,3.741389,,,,0.05,5.467375,0.546737,1.912,0.001043,0.0,0.0,0.0,0.0,0.0,100.0,31.90272,0.792791,0.930007
2026-07-21 07:56:41,58296.23,196799,984,108.6955,228.5019,3.4,4.578388,,,,0.05,3.987302,0.39873,1.931,2.283638,8.0,8.0,0.0,6.677931,6.677931,93.322069,29.330767,0.791123,0.930007
2026-07-21 07:57:41,58356.52,196999,985,158.4194,228.3262,3.4,1.623214,,,,0.05,6.144145,0.614414,0.708549,0.653005,10.0,10.0,6.117949,8.018282,14.136231,85.863769,27.347282,0.581696,0.930007
2026-07-21 07:58:41,58416.4,197199,986,72.9155,227.2866,3.4,2.258708,,,,0.05,4.421786,0.442179,0.730005,2.60691,10.0,10.0,15.911465,16.385474,32.296939,67.703061,21.253735,0.588319,0.930007
2026-07-21 07:59:41,58476.35,197399,987,207.2242,226.4729,3.4,1.956443,,,,0.05,6.912104,0.69121,1.93095,0.000641,0.0,0.0,0.0,0.0,0.0,100.0,31.95648,0.669991,0.930007
2026-07-21 08:00:41,58536.36,197599,988,180.864,226.1163,3.4,2.18298,,,,0.05,6.028799,0.60288,1.92495,0.690072,2.0,2.0,0.0,0.0,0.0,100.0,31.848221,0.755291,0.930007
2026-07-21 08:01:40,58595.96,197799,989,172.8216,225.289,3.4,3.103815,,,,0.05,5.760721,0.576072,1.92595,0.015933,0.0,1.0,0.0,0.0,0.0,100.0,32.134552,0.686593,0.930007
2026-07-21 08:02:41,58656.37,197999,990,153.9769,223.8356,3.4,3.095379,,,,0.05,5.138086,0.513809,1.9199,0.110969,1.0,1.0,0.0,0.0,0.0,100.0,32.021099,0.657817,0.929391
2026-07-21 08:03:41,58716.62,198199,991,227.4564,224.4812,3.4,8.838257,,,,0.05,7.649438,0.764944,1.93095,1.676063,6.0,6.0,0.0,1.340301,1.340301,98.659699,31.379181,0.64082,0.929391
2026-07-21 08:04:41,58776.98,198399,992,148.6244,223.2286,3.4,4.256916,,,,0.05,6.337604,0.63376,1.36195,1.960339,10.0,10.0,7.132006,15.76717,22.899176,77.100824,24.338352,0.550466,0.929391
2026-07-21 08:05:42,58837.06,198599,993,183.3949,221.9889,3.4,2.37276,,,,0.05,6.113163,0.611316,1.929,0.019358,0.0,1.0,0.0,0.0,0.0,100.0,31.87072,0.621148,0.929391
2026-07-21 08:06:42,58897.15,198799,994,258.3734,220.9851,3.4,1.091789,,,,0.05,8.612447,0.861245,1.92595,0.678622,4.0,4.0,0.0,0.0,0.0,100.0,31.799483,0.625472,0.929391
2026-07-21 08:07:42,58957.17,198999,995,146.9749,219.5951,3.4,1.898535,,,,0.05,4.91996,0.491996,1.928,2.691779,5.0,6.0,0.0,0.41804,0.41804,99.58196,31.297126,0.741394,0.929391
2026-07-21 08:08:42,59017.07,199199,996,245.6582,219.1617,3.4,1.190715,,,,0.05,8.188607,0.818861,1.927,0.0,0.0,0.0,0.0,0.0,0.0,100.0,31.85152,0.502027,0.929391
2026-07-21 08:09:42,59077.19,199399,997,139.7565,218.5672,3.4,6.921217,,,,0.05,5.510734,0.551073,1.634794,3.048891,10.0,10.0,5.657131,8.429686,14.086817,85.913183,27.051139,0.590265,0.929391
2026-07-21 08:10:42,59137.38,199599,998,234.4413,218.7001,3.4,2.496255,,,,0.05,7.814709,0.781471,1.932,0.133309,1.0,1.0,0.0,0.0,0.0,100.0,32.09874,0.579589,0.929391
2026-07-21 08:11:42,59197.51,199799,999,156.9611,217.5494,3.4,4.29831,,,,0.05,5.619252,0.561925,1.94795,2.10393,8.0,10.0,0.426482,6.365339,6.791821,93.208179,29.61926,0.668711,0.929391
2026-07-21 08:12:42,59257.55,199999,1000,113.0812,215.2404,3.4,2.667472,,,,0.05,4.231641,0.423164,1.933,2.116718,10.0,10.0,0.142857,7.797619,7.940476,92.059524,29.370963,0.727507,0.928703
