wall_time,elapsed_sec,step,episode,ep_reward,ep_reward_ma100,sps,loss,policy_loss,value_loss,entropy,epsilon,embb_mbps_mean,spectral_eff_bps_hz,embb_p5_mbps,urllc_delay_ms_mean,urllc_delay_p95,urllc_delay_p99,urllc_drop_late_pct,urllc_drop_overflow_pct,sla_violation_pct,sla_satisfaction_pct,timely_throughput_mbps,jains_fairness,lam,mu_mean,resilient_shortfall_mean
2026-08-31 14:17:25,0.12,199,1,239.3812,239.3812,1666.3,,,,,1.0,8.525603,0.85256,9e-06,2.529722,10.0,10.0,8.52033,0.0,8.52033,91.47967,68.273104,0.480641,1.0,0.0,0.0
2026-08-31 14:17:25,0.23,399,2,174.3196,206.8504,1711.5,,,,,1.0,6.49507,0.649507,6e-06,1.690808,10.0,10.0,9.480737,0.0,9.480737,90.519263,68.300404,0.573038,1.0,0.0,0.0
2026-08-31 14:17:25,0.33,599,3,132.4846,182.0618,1790.3,,,,,1.0,5.244239,0.524424,6e-06,0.995837,9.0,10.0,12.041018,0.0,12.041018,87.958982,66.480455,0.591467,1.0,0.0,0.0
2026-08-31 14:17:25,0.48,799,4,69.9879,154.0433,1661.8,,,,,1.0,4.633267,0.463327,2e-06,7.294917,10.0,10.0,35.16177,0.0,35.16177,64.83823,46.55556,0.60613,1.0,0.0,0.0
2026-08-31 14:17:27,2.62,999,5,173.8474,158.0041,381.9,0.542174,,,,0.9995,6.77957,0.677957,5e-06,2.559675,10.0,10.0,15.19625,0.0,15.19625,84.80375,64.070604,0.536622,1.0,0.0,0.0
2026-08-31 14:22:20,294.97,1199,6,181.2184,161.8732,4.1,258.571106,,,,0.904362,6.894616,0.689462,9e-06,1.204253,10.0,10.0,11.356766,0.0,11.356766,88.643234,67.627704,0.613637,1.0,0.0,0.0
2026-08-31 14:27:12,586.91,1399,7,103.9972,153.6052,2.4,4269.115234,,,,0.81828,5.448156,0.544816,2e-06,5.862793,10.0,10.0,29.927299,0.0,29.927299,70.072701,50.950105,0.661047,1.0,0.0,0.0
2026-08-31 14:32:04,879.22,1599,8,184.3805,157.4521,1.8,22777.195312,,,,0.740392,7.440236,0.744024,3e-06,3.924474,10.0,10.0,15.820423,0.0,15.820423,84.179577,62.695594,0.656757,1.0,0.0,0.0
2026-08-31 14:36:57,1172.34,1799,9,201.5621,162.3532,1.5,53723.945312,,,,0.669918,7.590748,0.759075,8e-06,0.916849,9.0,10.0,11.858295,0.0,11.858295,88.141705,66.803783,0.613728,1.0,0.0,0.0
2026-08-31 14:41:53,1467.86,1999,10,239.644,170.0823,1.4,159714.25,,,,0.606152,8.532512,0.853251,1e-05,0.224669,1.0,2.0,0.0,0.0,0.0,100.0,76.202853,0.695647,1.0,0.0,0.0
2026-08-31 14:46:45,1760.56,2199,11,259.752,178.2341,1.2,380472.125,,,,0.548455,9.702632,0.970263,4.1e-05,0.564333,4.0,6.0,0.0,0.0,0.0,100.0,75.538763,0.735508,1.0,0.0,0.0
2026-08-31 14:51:40,2055.04,2399,12,141.2907,175.1555,1.2,765187.0,,,,0.49625,5.931189,0.593119,1.3e-05,2.389126,10.0,10.0,16.630844,0.0,16.630844,83.369156,62.271378,0.738845,1.0,0.0,0.0
2026-08-31 14:56:35,2350.65,2599,13,102.7565,169.5863,1.1,1166948.5,,,,0.449014,5.535109,0.553511,3.9e-05,1.667031,10.0,10.0,25.629164,0.0,25.629164,74.370836,55.200112,0.808208,1.0,0.0,0.0
2026-08-31 15:01:29,2643.77,2799,14,150.1201,168.1959,1.1,1897021.625,,,,0.406275,5.385877,0.538588,3.9e-05,1.619368,10.0,10.0,1.146835,0.0,1.146835,98.853165,74.543539,0.841407,1.0,0.0,0.0
2026-08-31 15:06:24,2939.33,2999,15,15.1931,157.9957,1.0,2789477.0,,,,0.367604,3.008014,0.300801,3.9e-05,0.483292,1.0,10.0,35.442995,0.0,35.442995,64.557005,47.675077,0.825459,1.0,0.0,0.0
2026-08-31 15:11:18,3233.21,3199,16,145.0217,157.1848,1.0,4613307.0,,,,0.332613,5.113123,0.511312,4e-05,1.242637,8.0,10.0,0.140417,0.0,0.140417,99.859583,76.188176,0.85269,1.0,0.0,0.0
2026-08-31 15:16:13,3527.84,3399,17,92.8181,153.3985,1.0,4304262.0,,,,0.300953,5.058217,0.505822,3.7e-05,4.27876,10.0,10.0,21.975951,0.0,21.975951,78.024049,57.644414,0.84857,1.0,0.0,0.0
2026-08-31 15:21:08,3823.01,3599,18,132.5834,152.2421,0.9,7825422.0,,,,0.272307,5.06959,0.506959,3.8e-05,0.937149,7.0,8.0,0.0,0.0,0.0,100.0,76.574841,0.915358,1.0,0.0,0.0
2026-08-31 15:26:04,4119.15,3799,19,213.0722,155.4437,0.9,6178757.0,,,,0.246387,9.806346,0.980635,3.8e-05,0.062626,1.0,1.0,0.0,0.0,0.0,100.0,77.320368,0.838501,1.0,0.0,0.0
2026-08-31 15:31:01,4416.41,3999,20,106.6309,153.0031,0.9,6570806.0,,,,0.222935,4.019908,0.401991,3.9e-05,1.50982,10.0,10.0,3.887131,0.0,3.887131,96.112869,73.482006,0.901333,1.0,0.0,0.0
2026-08-31 15:35:59,4713.81,4199,21,-70.259,142.3716,0.9,6265107.0,,,,0.201715,1.382677,0.138268,3.7e-05,5.060746,10.0,10.0,56.097116,0.0,56.097116,43.902884,30.904094,0.895256,1.0,0.0,0.0
2026-08-31 15:40:53,5007.93,4399,22,52.5293,138.2878,0.9,5308910.0,,,,0.182515,2.579453,0.257945,3.8e-05,1.476782,10.0,10.0,11.275566,0.0,11.275566,88.724434,67.614815,0.938255,1.0,0.0,0.0
2026-08-31 15:45:45,5300.38,4599,23,66.578,135.17,0.9,4256691.5,,,,0.165142,4.458278,0.445828,3.6e-05,0.793505,10.0,10.0,32.274209,0.0,32.274209,67.725791,50.526165,0.689832,1.0,0.0,0.0
2026-08-31 15:50:38,5592.78,4799,24,159.3933,136.1793,0.9,2438561.5,,,,0.149423,5.452969,0.545297,1.93395,0.030737,0.0,1.0,0.0,0.0,0.0,100.0,76.832,0.664566,1.0,0.0,0.0
2026-08-31 15:55:30,5885.43,4999,25,84.1187,134.0969,0.8,1887142.5,,,,0.1352,4.211675,0.421168,1.937,1.864518,10.0,10.0,21.435461,0.0,21.435461,78.564539,59.743266,0.689878,1.0,0.0,0.0
2026-08-31 16:00:22,6177.35,5199,26,-29.3626,127.81,0.8,1153311.375,,,,0.122331,3.077283,0.307728,1.922,5.483816,10.0,10.0,61.427477,0.0,61.427477,38.572523,27.294354,0.765118,1.0,0.0,0.0
2026-08-31 16:05:14,6469.62,5399,27,216.7061,131.1024,0.8,803717.125,,,,0.110687,7.263365,0.726337,1.9329,0.367586,3.0,8.0,0.5846,0.0,0.5846,99.4154,72.986923,0.406586,1.0,0.0,0.0
2026-08-31 16:10:07,6762.58,5599,28,112.8159,130.4493,0.8,468991.15625,,,,0.100151,5.259855,0.525985,1.925,5.799938,10.0,10.0,23.294657,0.0,23.294657,76.705343,58.068941,0.652093,1.0,0.0,0.0
2026-08-31 16:15:00,7054.98,5799,29,279.5574,135.591,0.8,470961.75,,,,0.090618,9.471579,0.947158,1.92795,0.909665,10.0,10.0,2.19431,0.0,2.19431,97.80569,73.644572,0.50015,1.0,0.0,0.0
2026-08-31 16:19:53,7347.96,5999,30,160.0245,136.4054,0.8,233714.59375,,,,0.081993,7.445595,0.74456,1.511738,3.454422,10.0,10.0,32.044254,0.0,32.044254,67.955746,50.185586,0.57836,1.0,0.0,0.0
2026-08-31 16:24:45,7640.63,6199,31,293.5199,141.4737,0.8,73660.125,,,,0.074188,9.850402,0.98504,1.925,1.449288,10.0,10.0,1.027626,0.0,1.027626,98.972374,75.390688,0.585002,1.0,0.0,0.0
2026-08-31 16:29:37,7932.56,6399,32,248.2612,144.8108,0.8,9587.750977,,,,0.067127,8.674125,0.867412,3.7e-05,0.386388,3.0,8.0,0.0,0.0,0.0,100.0,76.99456,0.675553,1.0,0.0,0.0
2026-08-31 16:34:30,8224.99,6599,33,102.2398,143.5207,0.8,4255.382812,,,,0.060737,5.509134,0.550913,3.7e-05,1.61392,10.0,10.0,28.025234,0.0,28.025234,71.974766,54.041185,0.715479,1.0,0.0,0.0
2026-08-31 16:39:23,8517.8,6799,34,209.3633,145.4573,0.8,4434.879883,,,,0.054956,7.795173,0.779517,3.8e-05,1.772618,10.0,10.0,2.908497,0.0,2.908497,97.091503,73.188783,0.771189,1.0,0.0,0.0
2026-08-31 16:44:15,8809.77,6999,35,143.6675,145.4062,0.8,4402.710938,,,,0.05,6.268137,0.626814,3.9e-05,3.360291,10.0,10.0,20.54037,0.0,20.54037,79.45963,58.467336,0.766312,1.0,0.0,0.0
2026-08-31 16:49:08,9102.77,7199,36,112.8062,144.5006,0.8,3588.154785,,,,0.05,5.254871,0.525487,3.4e-05,4.000798,10.0,10.0,22.105822,0.0,22.105822,77.894178,57.96298,0.771794,1.0,0.0,0.0
2026-08-31 16:54:01,9395.7,7399,37,72.9253,142.5661,0.8,5576.519043,,,,0.05,4.198116,0.419812,3.8e-05,2.85226,10.0,10.0,26.55654,0.0,26.55654,73.44346,54.561394,0.709357,1.0,0.0,0.0
2026-08-31 16:58:53,9688.32,7599,38,113.952,141.8131,0.8,7010.515137,,,,0.05,5.651907,0.565191,3.9e-05,3.205439,10.0,10.0,25.614822,0.0,25.614822,74.385178,55.581877,0.777676,1.0,0.0,0.0
2026-08-31 17:03:46,9981.64,7799,39,158.6482,142.2448,0.8,2662.987793,,,,0.05,6.666005,0.6666,4e-05,3.023278,10.0,10.0,20.531513,0.0,20.531513,79.468487,59.971746,0.637282,1.0,0.0,0.0
2026-08-31 17:08:40,10275.16,7999,40,216.6001,144.1037,0.8,3977.50293,,,,0.05,7.9935,0.79935,4e-05,2.344881,10.0,10.0,7.896524,0.0,7.896524,92.103476,70.24489,0.763328,1.0,0.0,0.0
2026-08-31 17:13:32,10567.66,8199,41,189.4827,145.2105,0.8,3054.687744,,,,0.05,6.958733,0.695873,4e-05,1.86327,10.0,10.0,7.464835,0.0,7.464835,92.535165,70.852562,0.674455,1.0,0.0,0.0
2026-08-31 17:18:25,10860.35,8399,42,296.6209,148.8155,0.8,3854.479004,,,,0.05,10.711058,1.071106,4e-05,1.912242,8.0,10.0,2.93509,0.0,2.93509,97.06491,74.137465,0.609817,1.0,0.0,0.0
2026-08-31 17:23:18,11153.58,8599,43,141.8916,148.6545,0.8,3887.015137,,,,0.05,7.24218,0.724218,3.9e-05,6.558544,10.0,10.0,38.03129,0.0,38.03129,61.96871,45.106535,0.710196,1.0,0.0,0.0
2026-08-31 17:28:11,11446.4,8799,44,193.8108,149.6808,0.8,5257.013672,,,,0.05,7.924767,0.792477,3.7e-05,4.548328,10.0,10.0,13.415099,0.0,13.415099,86.584901,64.252379,0.787699,1.0,0.0,0.0
2026-08-31 17:33:04,11739.39,8999,45,174.7851,150.2386,0.8,6067.435059,,,,0.05,6.436112,0.643611,3.8e-05,1.552291,10.0,10.0,6.654712,0.0,6.654712,93.345288,71.271578,0.837824,1.0,0.0,0.0
2026-08-31 17:37:57,12032.38,9199,46,243.8523,152.2737,0.8,2634.389648,,,,0.05,9.054511,0.905451,4e-05,1.82734,8.0,10.0,1.31568,0.0,1.31568,98.68432,75.628808,0.810105,1.0,0.0,0.0
2026-08-31 17:42:50,12325.11,9399,47,168.5398,152.6198,0.8,3773.77002,,,,0.05,7.059072,0.705907,3.7e-05,3.307077,10.0,10.0,18.684281,0.0,18.684281,81.315719,60.803654,0.718523,1.0,0.0,0.0
2026-08-31 17:47:43,12617.71,9599,48,167.6527,152.933,0.8,5661.945312,,,,0.05,6.371189,0.637119,3.8e-05,2.007378,10.0,10.0,9.923766,0.0,9.923766,90.076234,67.743264,0.718321,1.0,0.0,0.0
2026-08-31 17:52:35,12910.6,9799,49,126.6768,152.3971,0.8,3236.93457,,,,0.05,5.240002,0.524,3.9e-05,2.687113,10.0,10.0,15.53103,0.0,15.53103,84.46897,62.938839,0.692784,1.0,0.0,0.0
2026-08-31 17:57:28,13202.88,9999,50,48.705,150.3233,0.8,3236.01709,,,,0.05,3.554778,0.355478,3.8e-05,2.284325,10.0,10.0,28.962068,0.0,28.962068,71.037932,53.058806,0.791247,1.0,0.0,0.0
2026-08-31 18:02:20,13494.83,10199,51,126.342,149.8531,0.8,8912.298828,,,,0.05,4.667964,0.466796,4.1e-05,1.875803,8.0,10.0,6.009391,0.0,6.009391,93.990609,68.351212,0.709689,1.0,0.0,0.0
2026-08-31 18:07:13,13787.74,10399,52,-11.6964,146.7464,0.8,1701.962769,,,,0.05,2.497551,0.249755,3.8e-05,6.538871,10.0,10.0,43.75885,0.0,43.75885,56.24115,40.321144,0.922162,1.0,0.0,0.0
2026-08-31 18:12:05,14080.2,10599,53,121.9953,146.2794,0.8,3108.310303,,,,0.05,4.732658,0.473266,3.9e-05,2.210269,10.0,10.0,7.04703,0.0,7.04703,92.95297,70.24485,0.829849,1.0,0.0,0.0
2026-08-31 18:16:57,14372.14,10799,54,105.38,145.522,0.8,3814.130615,,,,0.05,3.769528,0.376953,3.9e-05,2.087837,10.0,10.0,3.363686,0.0,3.363686,96.636314,73.745204,0.834493,1.0,0.0,0.0
2026-08-31 18:21:50,14665.2,10999,55,86.9302,144.4567,0.8,3299.103516,,,,0.05,3.952837,0.395284,3.8e-05,3.811607,10.0,10.0,15.763211,0.0,15.763211,84.236789,62.812798,0.823609,1.0,0.0,0.0
2026-08-31 18:26:43,14958.35,11199,56,29.3385,142.401,0.7,2675.081055,,,,0.05,3.296929,0.329693,3.7e-05,3.749682,10.0,10.0,34.040073,0.0,34.040073,65.959927,48.548918,0.840723,1.0,0.0,0.0
2026-08-31 18:31:35,15250.36,11399,57,59.312,140.9433,0.7,4160.776367,,,,0.05,2.810362,0.281036,4e-05,1.607747,10.0,10.0,12.47082,0.0,12.47082,87.52918,66.398042,0.881482,1.0,0.0,0.0
2026-08-31 18:36:28,15543.39,11599,58,32.5278,139.074,0.7,6816.536133,,,,0.05,3.907971,0.390797,3.9e-05,6.06578,10.0,10.0,42.110543,0.0,42.110543,57.889457,41.499448,0.821353,1.0,0.0,0.0
2026-08-31 18:41:22,15836.8,11799,59,41.8528,137.4262,0.7,2377.28418,,,,0.05,3.771035,0.377103,3.9e-05,1.02861,7.0,10.0,35.408905,0.0,35.408905,64.591095,48.000664,0.747344,1.0,0.0,0.0
2026-08-31 18:46:14,16129.41,11999,60,116.6073,137.0792,0.7,2049.532715,,,,0.05,4.937571,0.493757,4.2e-05,4.21201,10.0,10.0,14.792525,0.0,14.792525,85.207475,63.997353,0.785669,1.0,0.0,0.0
2026-08-31 18:51:07,16422.63,12199,61,183.8849,137.8465,0.7,3755.820068,,,,0.05,6.400069,0.640007,4e-05,2.370914,10.0,10.0,3.859602,0.0,3.859602,96.140398,69.740065,0.755314,1.0,0.0,0.0
2026-08-31 18:56:01,16715.9,12399,62,166.7428,138.3126,0.7,2791.670166,,,,0.05,7.936761,0.793676,3.4e-05,3.02836,10.0,10.0,31.995609,0.0,31.995609,68.004391,50.598061,0.692511,1.0,0.0,0.0
2026-08-31 19:00:53,17008.02,12599,63,238.8811,139.9089,0.7,1728.711304,,,,0.05,8.220389,0.822039,3.8e-05,0.946303,7.0,9.0,0.021554,0.0,0.021554,99.978446,77.185341,0.709365,2.118031,0.0,0.0
2026-08-31 19:05:45,17300.67,12799,64,343.1041,143.0839,0.7,5618.632812,,,,0.05,12.482258,1.248226,4e-05,0.676478,4.0,7.0,0.0,0.0,0.0,100.0,77.14304,0.63338,2.118031,0.0,0.0
2026-08-31 19:10:39,17593.87,12999,65,145.0447,143.114,0.7,1059.468994,,,,0.05,7.64188,0.764188,3.7e-05,2.868008,10.0,10.0,19.190994,0.0,19.190994,80.809006,60.167438,0.800064,2.118031,0.0,0.0
2026-08-31 19:15:31,17886.63,13199,66,300.0022,145.4911,0.7,1405.289307,,,,0.05,12.130876,1.213088,3.9e-05,1.619633,8.0,10.0,4.454521,0.0,4.454521,95.545479,73.165621,0.716405,2.118031,0.0,0.0
2026-08-31 19:20:24,18179.46,13399,67,291.802,147.6749,0.7,4926.502441,,,,0.05,10.326574,1.032657,3.9e-05,1.245732,7.0,9.0,1.071303,0.0,1.071303,98.928697,75.350722,0.612505,2.118031,0.0,0.0
2026-08-31 19:25:18,18472.79,13599,68,232.8534,148.9275,0.7,3264.23999,,,,0.05,9.939863,0.993986,4e-05,1.883954,10.0,10.0,10.748295,0.0,10.748295,89.251705,67.778737,0.706282,2.118031,0.0,0.0
2026-08-31 19:30:10,18764.98,13799,69,146.0447,148.8857,0.7,8543.514648,,,,0.05,6.664556,0.666456,3.7e-05,2.96858,10.0,10.0,12.661288,0.0,12.661288,87.338712,65.594837,0.811607,2.118031,0.0,0.0
2026-08-31 19:35:02,19057.61,13999,70,299.1525,151.0324,0.7,1423.789551,,,,0.05,11.258097,1.12581,4.1e-05,0.675591,5.0,7.0,0.0,0.0,0.0,100.0,76.82944,0.683321,2.118031,0.0,0.0
2026-08-31 19:39:56,19351.08,14199,71,241.5785,152.3077,0.7,1341.360596,,,,0.05,8.384598,0.83846,3.9e-05,0.395232,4.0,7.0,0.0,0.0,0.0,100.0,76.7744,0.724871,2.118031,0.0,0.0
2026-08-31 19:44:49,19643.82,14399,72,289.7612,154.2168,0.7,1585.952759,,,,0.05,10.952528,1.095253,4e-05,0.318947,2.0,4.0,0.0,0.0,0.0,100.0,76.90595,0.783576,2.118031,0.0,0.0
2026-08-31 19:49:41,19936.27,14599,73,146.4168,154.1099,0.7,1437.138062,,,,0.05,5.056404,0.50564,3.8e-05,4.359713,10.0,10.0,1.273483,0.0,1.273483,98.726517,74.223554,0.836799,2.118031,0.0,0.0
2026-08-31 19:54:34,20229.1,14799,74,240.6309,155.2791,0.7,698.972168,,,,0.05,8.768115,0.876812,3.8e-05,2.129548,9.0,10.0,1.095243,0.0,1.095243,98.904757,75.479037,0.713994,2.118031,0.0,0.0
2026-08-31 19:59:26,20521.53,14999,75,223.9985,156.1954,0.7,3938.296387,,,,0.05,7.975803,0.79758,3.9e-05,2.68555,9.0,10.0,1.392832,0.0,1.392832,98.607168,74.708132,0.663025,2.118031,0.0,0.0
2026-08-31 20:04:19,20814.16,15199,76,135.4069,155.9218,0.7,3417.775146,,,,0.05,8.41088,0.841088,3.9e-05,4.104958,10.0,10.0,27.47432,0.0,27.47432,72.52568,53.690013,0.756733,2.118031,0.0,0.0
2026-08-31 20:09:13,21107.74,15399,77,101.1151,155.2101,0.7,1980.629395,,,,0.05,7.436211,0.743621,3.8e-05,1.622212,10.0,10.0,28.572383,0.0,28.572383,71.427617,53.281224,0.559848,2.118031,0.0,0.0
2026-08-31 20:14:05,21400.22,15599,78,303.5079,157.1113,0.7,1019.80542,,,,0.05,10.995782,1.099578,3.9e-05,1.679019,10.0,10.0,2.768727,0.0,2.768727,97.231273,73.129611,0.677211,2.118031,0.0,0.0
2026-08-31 20:18:57,21692.28,15799,79,171.0261,157.2875,0.7,731.932739,,,,0.05,8.684365,0.868437,4e-05,3.526605,10.0,10.0,20.056398,0.0,20.056398,79.943602,59.984668,0.572565,2.118031,0.0,0.0
2026-08-31 20:23:50,21985.07,15999,80,180.0121,157.5715,0.7,2499.570068,,,,0.05,9.111761,0.911176,3.8e-05,2.767276,10.0,10.0,16.362574,0.0,16.362574,83.637426,62.753222,0.716701,2.118031,0.0,0.0
2026-08-31 20:28:43,22277.77,16199,81,98.5269,156.8426,0.7,1739.914062,,,,0.05,5.685217,0.568522,4e-05,1.737443,9.0,10.0,16.381394,0.0,16.381394,83.618606,63.466626,0.645009,2.118031,0.0,0.0
2026-08-31 20:33:35,22569.72,16399,82,213.7181,157.5362,0.7,792.221802,,,,0.05,7.378513,0.737851,4e-05,1.282054,7.0,9.0,0.140192,0.0,0.140192,99.859808,75.833491,0.595895,2.118031,0.0,0.0
2026-08-31 20:38:27,22862.67,16599,83,145.886,157.3958,0.7,1617.248535,,,,0.05,6.573782,0.657378,3.8e-05,3.426462,10.0,10.0,12.224629,0.0,12.224629,87.775371,66.622805,0.712892,2.118031,0.0,0.0
2026-08-31 20:43:20,23155.2,16799,84,110.9309,156.8427,0.7,429.293945,,,,0.05,6.038816,0.603882,3.9e-05,3.749985,10.0,10.0,16.419058,0.0,16.419058,83.580942,62.5924,0.647989,2.118031,0.0,0.0
2026-08-31 20:48:12,23447.32,16999,85,99.8017,156.1716,0.7,522.888428,,,,0.05,7.255536,0.725554,4.2e-05,3.549009,10.0,10.0,27.265298,0.0,27.265298,72.734702,54.312349,0.664081,2.118031,0.0,0.0
2026-08-31 20:53:05,23739.91,17199,86,162.3285,156.2432,0.7,723.768433,,,,0.05,7.15839,0.715839,4.1e-05,3.055271,10.0,10.0,11.492053,0.0,11.492053,88.507947,66.609431,0.63058,2.118031,0.0,0.0
2026-08-31 20:57:58,24032.73,17399,87,47.3767,154.9918,0.7,903.81604,,,,0.05,5.719944,0.571994,3.9e-05,4.277052,10.0,10.0,29.250742,0.0,29.250742,70.749258,52.581089,0.702641,2.118031,0.0,0.0
2026-08-31 21:02:50,24324.98,17599,88,85.6184,154.2035,0.7,877.768494,,,,0.05,4.670915,0.467091,4e-05,2.957766,10.0,10.0,13.399788,0.0,13.399788,86.600212,64.897285,0.738711,2.118031,0.0,0.0
2026-08-31 21:07:43,24618.07,17799,89,246.4949,155.2405,0.7,248.352707,,,,0.05,8.614559,0.861456,3.9e-05,1.621277,8.0,10.0,1.442737,0.0,1.442737,98.557263,75.690493,0.585496,2.118031,0.0,0.0
2026-08-31 21:12:36,24911.24,17999,90,304.4267,156.8981,0.7,255.562943,,,,0.05,11.448065,1.144806,4e-05,0.76302,5.0,9.0,2.661559,0.0,2.661559,97.338441,75.111481,0.590069,2.118031,0.0,0.0
2026-08-31 21:17:28,25203.67,18199,91,83.4014,156.0905,0.7,464.117371,,,,0.05,6.058311,0.605831,4e-05,2.679519,10.0,10.0,21.713859,0.0,21.713859,78.286141,58.982228,0.769809,2.118031,0.0,0.0
2026-08-31 21:22:21,25496.43,18399,92,194.9184,156.5125,0.7,717.701721,,,,0.05,7.978431,0.797843,3.9e-05,3.921482,10.0,10.0,10.744559,0.0,10.744559,89.255441,67.006896,0.566735,2.118031,0.0,0.0
2026-08-31 21:27:14,25789.47,18599,93,-19.5954,154.6189,0.7,566.155029,,,,0.05,3.832123,0.383212,3.9e-05,4.732611,10.0,10.0,31.485188,0.0,31.485188,68.514812,50.308131,0.802147,2.118031,0.0,0.0
2026-08-31 21:32:06,26081.67,18799,94,127.1978,154.3271,0.7,823.623474,,,,0.05,5.702633,0.570263,3.9e-05,1.031896,10.0,10.0,9.801597,0.0,9.801597,90.198403,68.471371,0.647727,2.118031,0.0,0.0
2026-08-31 21:36:59,26374.53,18999,95,153.5077,154.3185,0.7,563.436646,,,,0.05,6.17892,0.617892,4.4e-05,2.123991,10.0,10.0,7.714191,0.0,7.714191,92.285809,70.460906,0.57333,2.118031,0.0,0.0
2026-08-31 21:41:52,26667.55,19199,96,15.5206,152.8727,0.7,453.541931,,,,0.05,4.695842,0.469584,3.7e-05,5.755293,10.0,10.0,29.892477,0.0,29.892477,70.107523,51.388716,0.665909,2.118031,0.0,0.0
2026-08-31 21:46:45,26960.11,19399,97,143.3039,152.7741,0.7,641.061035,,,,0.05,7.196309,0.719631,3.7e-05,3.014433,10.0,10.0,14.100179,0.0,14.100179,85.899821,64.90009,0.644499,2.118031,0.0,0.0
2026-08-31 21:51:37,27252.53,19599,98,347.6712,154.7628,0.7,312.44281,,,,0.05,12.095297,1.20953,3.7e-05,0.37173,3.0,4.0,0.0,0.0,0.0,100.0,77.20704,0.632831,2.118031,0.0,0.0
2026-08-31 21:56:31,27545.7,19799,99,266.6378,155.8929,0.7,325.778809,,,,0.05,11.864826,1.186483,3.9e-05,2.853874,10.0,10.0,19.56753,0.0,19.56753,80.43247,60.022192,0.610557,2.118031,0.0,0.0
2026-08-31 22:01:23,27837.95,19999,100,385.3954,158.1879,0.7,419.15686,,,,0.05,15.563376,1.556338,4e-05,1.971993,9.0,10.0,5.628996,0.0,5.628996,94.371004,72.179404,0.723503,2.118031,0.0,0.0
2026-08-31 22:06:16,28130.9,20199,101,230.391,158.098,0.7,258.312012,,,,0.05,11.773914,1.177391,3.9e-05,2.642935,10.0,10.0,23.342082,0.0,23.342082,76.657918,55.453492,0.62893,2.118031,0.0,0.0
2026-08-31 22:11:09,28423.93,20399,102,209.1206,158.446,0.7,342.282501,,,,0.05,12.034895,1.203489,4e-05,2.051086,10.0,10.0,24.490988,0.0,24.490988,75.509012,56.482163,0.73048,2.118031,0.0,0.0
2026-08-31 22:16:01,28716.09,20599,103,279.8942,159.9201,0.7,1599.774292,,,,0.05,9.678209,0.967821,4e-05,1.411483,8.0,10.0,0.536841,0.0,0.536841,99.463159,75.899344,0.622717,2.118031,0.0,0.0
2026-08-31 22:20:54,29008.87,20799,104,197.7044,161.1973,0.7,453.091644,,,,0.05,7.587657,0.758766,4e-05,2.308279,10.0,10.0,7.493414,0.0,7.493414,92.506586,68.402099,0.586053,2.118031,0.0,0.0
2026-08-31 22:25:47,29302.04,20999,105,156.2841,161.0216,0.7,316.627563,,,,0.05,6.057432,0.605743,3.9e-05,2.016669,10.0,10.0,6.236527,0.0,6.236527,93.763473,71.317482,0.638233,2.118031,0.0,0.0
2026-08-31 22:30:40,29594.82,21199,106,98.5551,160.195,0.7,193.897919,,,,0.05,5.414868,0.541487,3.8e-05,3.102691,10.0,10.0,15.369245,0.0,15.369245,84.630755,63.744078,0.721126,2.118031,0.0,0.0
2026-08-31 22:35:33,29887.88,21399,107,-73.3678,158.4213,0.7,239.066208,,,,0.05,4.505391,0.450539,4e-05,2.785099,10.0,10.0,49.237974,0.0,49.237974,50.762026,36.631094,0.654421,2.118031,0.0,0.0
2026-08-31 22:40:25,30180.65,21599,108,86.0394,157.4379,0.7,244.356171,,,,0.05,4.34144,0.434144,3.6e-05,1.998073,10.0,10.0,10.631484,0.0,10.631484,89.368516,67.84645,0.82489,2.118031,0.0,0.0
2026-08-31 22:45:18,30473.13,21799,109,252.1902,157.9442,0.7,163.063904,,,,0.05,9.030255,0.903025,4.2e-05,0.867008,6.0,8.0,0.071881,0.0,0.071881,99.928119,76.516452,0.752923,2.118031,0.0,0.0
2026-08-31 22:50:10,30765.51,21999,110,-63.6523,154.9112,0.7,161.589996,,,,0.05,4.729815,0.472982,3.9e-05,5.721998,10.0,10.0,48.865366,0.0,48.865366,51.134634,36.310739,0.677742,2.118031,0.0,0.0
2026-08-31 22:55:03,31058.43,22199,111,131.2111,153.6258,0.7,62.060303,,,,0.05,6.03062,0.603062,3.6e-05,2.949626,10.0,10.0,10.337341,0.0,10.337341,89.662659,68.097978,0.73668,2.118031,0.0,0.0
2026-08-31 22:59:56,31350.85,22399,112,253.7479,154.7504,0.7,36.241272,,,,0.05,9.818178,0.981818,3.8e-05,0.791785,5.0,8.0,0.0,0.0,0.0,100.0,75.848082,0.788014,2.118031,0.0,0.0
2026-08-31 23:04:48,31643.13,22599,113,160.0426,155.3233,0.7,2702.599365,,,,0.05,5.512038,0.551204,3.9e-05,0.063922,0.0,2.0,0.0,0.0,0.0,100.0,76.39296,0.790232,2.118031,0.0,0.0
2026-08-31 23:09:41,31936.37,22799,114,-222.5646,151.5964,0.7,101.326973,,,,0.05,2.984156,0.298416,3.9e-05,5.998011,10.0,10.0,73.045189,0.0,73.045189,26.954811,17.650002,0.792175,2.118031,0.0,0.0
2026-08-31 23:14:34,32229.18,22999,115,-86.7083,150.5774,0.7,28.740473,,,,0.05,3.459302,0.34593,3.8e-05,3.348781,10.0,10.0,44.84198,0.0,44.84198,55.15802,40.481665,0.732028,2.118031,0.0,0.0
2026-08-31 23:19:26,32521.45,23199,116,148.73,150.6145,0.7,93.111137,,,,0.05,6.397242,0.639724,3.9e-05,1.941479,10.0,10.0,8.28561,0.0,8.28561,91.71439,68.564414,0.721178,2.118031,0.0,0.0
2026-08-31 23:24:19,32814.24,23399,117,201.6368,151.7027,0.7,30.504335,,,,0.05,6.919137,0.691914,3.9e-05,1.62147,8.0,9.0,0.199293,0.0,0.199293,99.800707,76.923387,0.69731,2.118031,0.0,0.0
2026-08-31 23:29:12,33106.84,23599,118,114.945,151.5263,0.7,66.623093,,,,0.05,5.702671,0.570267,3.8e-05,3.010384,10.0,10.0,13.019257,0.0,13.019257,86.980743,65.501729,0.702208,2.118031,0.0,0.0
2026-08-31 23:34:04,33399.04,23799,119,-106.4007,148.3316,0.7,14.318609,,,,0.05,3.856509,0.385651,3.9e-05,5.146412,10.0,10.0,51.907647,0.0,51.907647,48.092353,33.991211,0.803329,2.118031,0.0,0.0
2026-08-31 23:38:58,33692.78,23999,120,176.7817,149.0331,0.7,60.730171,,,,0.05,6.006124,0.600612,3.7e-05,1.69791,7.0,9.0,0.058481,0.0,0.058481,99.941519,75.877231,0.818665,2.118031,0.0,0.0
2026-08-31 23:43:50,33985.52,24199,121,217.4679,151.9103,0.7,12.954597,,,,0.05,7.573086,0.757309,3.9e-05,0.984674,5.0,9.0,2.003455,0.0,2.003455,97.996545,75.499973,0.766191,2.118031,0.0,0.0
2026-08-31 23:48:42,34277.3,24399,122,207.6768,153.4618,0.7,33.90229,,,,0.05,9.682081,0.968208,3.8e-05,2.880712,10.0,10.0,16.140912,0.0,16.140912,83.859088,61.788295,0.665297,2.118031,0.0,0.0
2026-08-31 23:53:35,34569.76,24599,123,211.0113,154.9062,0.7,38.141842,,,,0.05,9.686912,0.968691,3.7e-05,1.186008,10.0,10.0,12.692616,0.0,12.692616,87.307384,66.389406,0.711806,2.118031,0.0,0.0
2026-08-31 23:58:27,34862.03,24799,124,218.3404,155.4956,0.7,6.246602,,,,0.05,9.075703,0.90757,3.8e-05,1.526712,10.0,10.0,5.942886,0.0,5.942886,94.057114,71.67252,0.797334,2.118031,0.0,0.0
2026-09-01 00:03:19,35154.05,24999,125,159.1259,156.2457,0.7,199.810699,,,,0.05,8.196894,0.819689,4e-05,1.441621,10.0,10.0,18.5755,0.0,18.5755,81.4245,59.410273,0.744273,2.85603,0.0,0.0
2026-09-01 00:08:12,35446.77,25199,126,-90.7864,155.6315,0.7,27.793938,,,,0.05,6.493394,0.649339,3.6e-05,4.997475,10.0,10.0,49.786821,0.0,49.786821,50.213179,36.148019,0.766921,2.85603,0.0,0.0
2026-09-01 00:13:04,35739.04,25399,127,135.518,154.8196,0.7,33.77771,,,,0.05,7.147541,0.714754,3.7e-05,2.590889,10.0,10.0,12.408382,0.0,12.408382,87.591618,66.138969,0.7757,2.85603,0.0,0.0
2026-09-01 00:17:56,36030.91,25599,128,151.807,155.2095,0.7,7.885742,,,,0.05,7.448026,0.744803,3.9e-05,1.841747,10.0,10.0,11.887102,0.0,11.887102,88.112898,67.300466,0.72811,2.85603,0.0,0.0
2026-09-01 00:22:48,36323.55,25799,129,114.2445,153.5564,0.7,9.313585,,,,0.05,7.540666,0.754067,3.8e-05,2.623718,10.0,10.0,18.526652,0.0,18.526652,81.473348,61.013063,0.636196,2.85603,0.0,0.0
2026-09-01 00:27:42,36617.13,25999,130,93.5364,152.8915,0.7,13.088714,,,,0.05,5.767115,0.576711,3.7e-05,2.771097,10.0,10.0,12.99679,0.0,12.99679,87.00321,65.733897,0.786469,2.85603,0.0,0.0
2026-09-01 00:32:34,36909.0,26199,131,-83.3776,149.1225,0.7,5.303578,,,,0.05,4.380431,0.438043,3.5e-05,6.422295,10.0,10.0,38.619614,0.0,38.619614,61.380386,44.301933,0.725939,2.85603,0.0,0.0
2026-09-01 00:37:26,37201.27,26399,132,281.3648,149.4535,0.7,22.866634,,,,0.05,10.367653,1.036765,4e-05,2.127163,8.0,9.0,0.094858,0.0,0.094858,99.905142,76.845165,0.75527,2.85603,0.0,0.0
2026-09-01 00:42:18,37493.58,26599,133,133.3812,149.765,0.7,93.012962,,,,0.05,6.483202,0.64832,3.9e-05,3.602644,10.0,10.0,10.31594,0.0,10.31594,89.68406,67.640306,0.737703,2.85603,0.0,0.0
2026-09-01 00:47:11,37785.7,26799,134,157.4667,149.246,0.7,30.063261,,,,0.05,8.294245,0.829424,3.8e-05,2.331533,10.0,10.0,16.078693,0.0,16.078693,83.921307,62.915227,0.672894,2.85603,0.0,0.0
2026-09-01 00:52:02,38077.68,26999,135,41.2784,148.2221,0.7,3.294066,,,,0.05,7.386672,0.738667,3.6e-05,1.465204,10.0,10.0,29.270616,0.0,29.270616,70.729384,52.612207,0.712137,2.85603,0.0,0.0
2026-09-01 00:56:55,38370.24,27199,136,155.8636,148.6527,0.7,18.238455,,,,0.05,5.228352,0.522835,3.7e-05,0.39126,3.0,6.0,0.0,0.0,0.0,100.0,76.92022,0.771833,2.85603,0.0,0.0
2026-09-01 01:01:48,38663.09,27399,137,175.6977,149.6804,0.7,13.923107,,,,0.05,6.221669,0.622167,4e-05,0.116102,1.0,3.0,0.0,0.0,0.0,100.0,76.821088,0.696816,2.85603,0.0,0.0
2026-09-01 01:06:40,38955.6,27599,138,123.0442,149.7713,0.7,2.350658,,,,0.05,6.085165,0.608517,4e-05,1.402122,10.0,10.0,10.453461,0.0,10.453461,89.546539,68.129763,0.614168,2.85603,0.0,0.0
2026-09-01 01:11:33,39248.54,27799,139,198.8173,150.173,0.7,4.43747,,,,0.05,6.948901,0.69489,3.8e-05,0.315665,2.0,5.0,0.0,0.0,0.0,100.0,76.98688,0.728325,2.85603,0.0,0.0
2026-09-01 01:16:26,39540.98,27999,140,103.7214,149.0442,0.7,6.021403,,,,0.05,6.13654,0.613654,3.7e-05,2.652555,10.0,10.0,14.190517,0.0,14.190517,85.809483,64.494201,0.775188,2.85603,0.0,0.0
2026-09-01 01:21:18,39833.17,28199,141,-126.0591,145.8888,0.7,6.830626,,,,0.05,3.644564,0.364456,3.8e-05,3.417221,10.0,10.0,41.364417,0.0,41.364417,58.635583,42.804179,0.689663,2.85603,0.0,0.0
2026-09-01 01:26:10,40125.49,28399,142,147.402,144.3966,0.7,7.339755,,,,0.05,7.417158,0.741716,4e-05,2.10852,10.0,10.0,10.752832,0.0,10.752832,89.247168,67.778122,0.734138,2.85603,0.0,0.0
2026-09-01 01:31:03,40418.42,28599,143,188.4353,144.862,0.7,8.27826,,,,0.05,7.837691,0.783769,4.1e-05,1.348052,10.0,10.0,6.161399,0.0,6.161399,93.838601,71.507762,0.731865,2.85603,0.0,0.0
2026-09-01 01:35:56,40711.11,28799,144,60.1051,143.525,0.7,25.845873,,,,0.05,4.447267,0.444727,3.8e-05,5.512161,10.0,10.0,13.339336,0.0,13.339336,86.660664,64.619621,0.920933,2.85603,0.0,0.0
2026-09-01 01:40:48,41003.27,28999,145,116.9107,142.9462,0.7,1.395218,,,,0.05,7.635525,0.763552,3.8e-05,3.772883,10.0,10.0,15.491012,0.0,15.491012,84.508988,63.48549,0.740404,2.85603,0.0,0.0
2026-09-01 01:45:41,41296.18,29199,146,88.6315,141.394,0.7,8.540913,,,,0.05,6.73863,0.673863,3.6e-05,3.890765,10.0,10.0,20.041938,0.0,20.041938,79.958062,59.251219,0.789444,2.85603,0.0,0.0
2026-09-01 01:50:34,41589.67,29399,147,-34.9793,139.3588,0.7,8.119568,,,,0.05,6.964702,0.69647,3.8e-05,4.977893,10.0,10.0,42.930284,0.0,42.930284,57.069716,41.267016,0.701232,2.85603,0.0,0.0
2026-09-01 01:55:27,41881.79,29599,148,196.7351,139.6497,0.7,24.848057,,,,0.05,9.059973,0.905997,3.8e-05,3.342807,10.0,10.0,12.122066,0.0,12.122066,87.877934,65.603239,0.799983,2.85603,0.0,0.0
2026-09-01 02:00:19,42173.97,29799,149,124.6836,139.6297,0.7,2.285811,,,,0.05,8.701273,0.870127,4e-05,4.249669,10.0,10.0,22.75464,0.0,22.75464,77.24536,57.31396,0.656614,2.85603,0.0,0.0
2026-09-01 02:05:11,42466.41,29999,150,88.587,140.0286,0.7,7.437886,,,,0.05,7.360661,0.736066,3.9e-05,2.600535,10.0,10.0,22.521997,0.0,22.521997,77.478003,58.061043,0.6594,2.85603,0.0,0.0
2026-09-01 02:10:03,42758.68,30199,151,255.8543,141.3237,0.7,1.978687,,,,0.05,10.229088,1.022909,3.9e-05,2.678603,10.0,10.0,5.232983,0.0,5.232983,94.767017,71.922692,0.659038,2.85603,0.0,0.0
2026-09-01 02:14:55,43050.45,30399,152,238.4726,143.8254,0.7,1.959244,,,,0.05,9.839001,0.9839,3.9e-05,1.489305,10.0,10.0,8.748546,0.0,8.748546,91.251454,69.565995,0.652043,2.85603,0.0,0.0
2026-09-01 02:19:48,43343.61,30599,153,269.0567,145.296,0.7,4.997923,,,,0.05,11.841441,1.184144,3.9e-05,1.944084,10.0,10.0,9.779752,0.0,9.779752,90.220248,68.772035,0.708878,2.85603,0.0,0.0
2026-09-01 02:24:41,43636.55,30799,154,116.4255,145.4064,0.7,12.217941,,,,0.05,7.516112,0.751611,3.9e-05,2.359987,10.0,10.0,19.155121,0.0,19.155121,80.844879,58.198058,0.500125,2.85603,0.0,0.0
2026-09-01 02:29:34,43928.82,30999,155,278.3269,147.3204,0.7,4.476653,,,,0.05,9.283283,0.928328,4.4e-05,0.673073,4.0,7.0,0.0,0.0,0.0,100.0,76.92288,0.515162,2.85603,0.0,0.0
2026-09-01 02:34:27,44221.72,31199,156,50.2907,147.5299,0.7,1.60647,,,,0.05,3.880198,0.38802,4e-05,1.154005,10.0,10.0,11.980783,0.0,11.980783,88.019217,64.517783,0.739637,2.85603,0.0,0.0
2026-09-01 02:39:19,44514.22,31399,157,111.0631,148.0474,0.7,1.847414,,,,0.05,6.8153,0.68153,3.7e-05,0.885862,7.0,10.0,15.642113,0.0,15.642113,84.357887,63.899605,0.687829,2.85603,0.0,0.0
2026-09-01 02:44:11,44806.59,31599,158,-10.7168,147.615,0.7,62.367367,,,,0.05,3.418665,0.341866,3.6e-05,2.744283,10.0,10.0,20.061703,0.0,20.061703,79.938297,59.970227,0.786603,2.85603,0.0,0.0
2026-09-01 02:49:04,45098.97,31799,159,-181.9151,145.3773,0.7,4.429953,,,,0.05,3.287043,0.328704,3.8e-05,4.646394,10.0,10.0,49.261545,0.0,49.261545,50.738455,35.079385,0.793259,2.85603,0.0,0.0
2026-09-01 02:53:57,45392.1,31999,160,166.7312,145.8786,0.7,10.335081,,,,0.05,6.2606,0.62606,1.1e-05,1.417057,10.0,10.0,2.617156,0.0,2.617156,97.382844,74.058903,0.707521,2.85603,0.0,0.0
2026-09-01 02:58:50,45685.23,32199,161,-2.0739,144.019,0.7,613.804565,,,,0.05,5.381142,0.538114,3.4e-05,4.508723,10.0,10.0,28.688265,0.0,28.688265,71.311735,52.655589,0.637333,2.85603,0.0,0.0
2026-09-01 03:03:42,45977.43,32399,162,133.912,143.6907,0.7,19.73674,,,,0.05,7.283339,0.728334,3.8e-05,2.282249,10.0,10.0,14.571852,0.0,14.571852,85.428148,64.818039,0.724306,2.85603,0.0,0.0
2026-09-01 03:08:35,46269.9,32599,163,135.4118,142.656,0.7,1.887587,,,,0.05,7.868759,0.786876,1.901,2.192985,10.0,10.0,17.371056,0.0,17.371056,82.628944,62.366964,0.534244,2.85603,0.0,0.0
2026-09-01 03:13:28,46562.98,32799,164,76.1149,139.9861,0.7,4.883541,,,,0.05,7.772561,0.777256,3.7e-05,3.446447,10.0,10.0,27.376218,0.0,27.376218,72.623782,53.823197,0.687756,2.85603,0.0,0.0
2026-09-01 03:18:20,46855.32,32999,165,158.312,140.1187,0.7,2.226916,,,,0.05,9.725164,0.972516,3.9e-05,1.321021,9.0,10.0,20.427893,0.0,20.427893,79.572107,60.594615,0.764526,2.85603,0.0,0.0
2026-09-01 03:23:13,47147.93,33199,166,176.4671,138.8834,0.7,5.668792,,,,0.05,9.577935,0.957793,3.9e-05,1.123495,7.0,10.0,16.400998,0.0,16.400998,83.599002,63.643468,0.670215,2.85603,0.0,0.0
2026-09-01 03:28:06,47441.16,33399,167,129.82,137.2636,0.7,5.724142,,,,0.05,6.881812,0.688181,3.9e-05,2.685081,10.0,10.0,12.993517,0.0,12.993517,87.006483,65.729655,0.70585,2.85603,0.0,0.0
2026-09-01 03:32:59,47734.15,33599,168,221.4947,137.15,0.7,471.120819,,,,0.05,9.062811,0.906281,3.8e-05,1.580449,10.0,10.0,8.790918,0.0,8.790918,91.209082,69.543333,0.518093,2.85603,0.0,0.0
2026-09-01 03:37:51,48026.57,33799,169,52.4335,136.2139,0.7,7.142457,,,,0.05,6.894758,0.689476,3.7e-05,2.570087,10.0,10.0,26.78179,0.0,26.78179,73.21821,56.074073,0.574651,2.85603,0.0,0.0
2026-09-01 03:42:44,48319.04,33999,170,114.8736,134.3711,0.7,1.762045,,,,0.05,7.356567,0.735657,3.9e-05,2.657142,10.0,10.0,18.671824,0.0,18.671824,81.328176,61.930369,0.629998,2.85603,0.0,0.0
2026-09-01 03:47:37,48611.83,34199,171,257.0834,134.5261,0.7,1.166517,,,,0.05,9.140488,0.914049,4e-05,1.548852,10.0,10.0,2.403925,0.0,2.403925,97.596075,75.176631,0.566628,2.85603,0.0,0.0
2026-09-01 03:52:29,48903.97,34399,172,258.6285,134.2148,0.7,1.889876,,,,0.05,9.164221,0.916422,3.9e-05,0.400891,3.0,8.0,0.187415,0.0,0.187415,99.812585,77.032335,0.571217,2.85603,0.0,0.0
2026-09-01 03:57:21,49196.5,34599,173,21.3008,132.9637,0.7,3.846419,,,,0.05,6.356205,0.635621,1.7e-05,1.947548,10.0,10.0,29.802783,0.0,29.802783,70.197217,52.437427,0.518796,2.85603,0.0,0.0
2026-09-01 04:02:14,49489.58,34799,174,199.3161,132.5505,0.7,8.804846,,,,0.05,7.292928,0.729293,3.8e-05,0.939448,6.0,9.0,2.988191,0.0,2.988191,97.011809,73.779077,0.566791,2.85603,0.0,0.0
2026-09-01 04:07:07,49782.48,34999,175,134.5638,131.6562,0.7,1.848656,,,,0.05,4.715047,0.471505,3.8e-05,1.616019,7.0,10.0,1.29977,0.0,1.29977,98.70023,74.776762,0.715583,2.85603,0.0,0.0
2026-09-01 04:11:59,50074.67,35199,176,-61.4784,129.6873,0.7,8.138741,,,,0.05,2.993961,0.299396,1.4e-05,2.379319,10.0,10.0,26.220585,0.0,26.220585,73.779415,54.758339,0.825948,2.85603,0.0,0.0
2026-09-01 04:16:52,50367.27,35399,177,40.7421,129.0836,0.7,2.814901,,,,0.05,3.232574,0.323257,3.9e-05,1.247171,10.0,10.0,9.764898,0.0,9.764898,90.235102,68.55147,0.801046,2.85603,0.0,0.0
2026-09-01 04:21:45,50659.98,35599,178,99.0009,127.0385,0.7,2.262784,,,,0.05,6.650026,0.665003,1.2e-05,0.962268,8.0,10.0,17.617553,0.0,17.617553,82.382447,62.680615,0.60607,2.85603,0.0,0.0
2026-09-01 04:26:36,50951.61,35799,179,135.7803,126.686,0.7,84.433014,,,,0.05,6.81669,0.681669,1.7e-05,1.443834,10.0,10.0,11.206294,0.0,11.206294,88.793706,67.611773,0.629877,2.85603,0.0,0.0
2026-09-01 04:31:29,51243.76,35999,180,221.4262,127.1002,0.7,4.580493,,,,0.05,11.32806,1.132806,3.7e-05,1.460253,10.0,10.0,18.011587,0.0,18.011587,81.988413,62.393976,0.659694,2.85603,0.0,0.0
2026-09-01 04:36:21,51535.82,36199,181,-11.6272,125.9986,0.7,10.021801,,,,0.05,7.620969,0.762097,7e-06,2.664252,10.0,10.0,41.631754,0.0,41.631754,58.368246,43.627857,0.54562,2.85603,0.0,0.0
2026-09-01 04:41:13,51828.05,36399,182,-173.5977,122.1255,0.7,38.232899,,,,0.05,4.269274,0.426927,3.6e-05,4.306659,10.0,10.0,53.164305,0.0,53.164305,46.835695,32.362447,0.602642,2.85603,0.0,0.0
2026-09-01 04:46:05,52120.07,36599,183,48.272,121.1493,0.7,11.892726,,,,0.05,6.374246,0.637425,3.9e-05,1.945527,10.0,10.0,23.587301,0.0,23.587301,76.412699,58.191537,0.68165,2.85603,0.0,0.0
2026-09-01 04:50:57,52412.45,36799,184,208.8282,122.1283,0.7,1.908069,,,,0.05,7.776221,0.777622,3.9e-05,1.475333,10.0,10.0,3.695717,0.0,3.695717,96.304283,74.166186,0.771618,2.85603,0.0,0.0
2026-09-01 04:55:50,52704.96,36999,185,-82.5473,120.3048,0.7,19.741322,,,,0.05,3.385745,0.338575,3.9e-05,6.011451,10.0,10.0,32.135159,0.0,32.135159,67.864841,49.642983,0.825151,2.85603,0.0,0.0
2026-09-01 05:00:42,52996.74,37199,186,105.1205,119.7327,0.7,7.948462,,,,0.05,5.813351,0.581335,3.9e-05,1.189109,8.0,10.0,11.629181,0.0,11.629181,88.370819,68.153808,0.757789,2.85603,0.0,0.0
2026-09-01 05:05:34,53289.37,37399,187,83.9113,120.0981,0.7,28.899914,,,,0.05,3.780116,0.378012,3.9e-05,1.323916,10.0,10.0,5.257311,0.0,5.257311,94.742689,72.39333,0.763188,2.85603,0.0,0.0
2026-09-01 05:10:27,53582.11,37599,188,98.0382,120.2223,0.7,3.76769,,,,0.05,4.819008,0.481901,3.8e-05,1.368939,10.0,10.0,6.373707,0.0,6.373707,93.626293,71.378599,0.7723,4.012561,0.0,0.0
2026-09-01 05:15:19,53874.6,37799,189,-73.5087,117.0223,0.7,1.956198,,,,0.05,4.778225,0.477823,3.8e-05,4.064629,10.0,10.0,27.234325,0.0,27.234325,72.765675,54.106375,0.683388,4.012561,0.0,0.0
2026-09-01 05:20:11,54166.6,37999,190,97.7352,114.9553,0.7,35.012321,,,,0.05,3.310031,0.331003,1.3e-05,0.025186,0.0,1.0,0.0,0.0,0.0,100.0,77.147866,0.795423,4.012561,0.0,0.0
2026-09-01 05:25:04,54459.15,38199,191,-309.9597,111.0217,0.7,2.32452,,,,0.05,2.229274,0.222927,3.8e-05,5.806168,10.0,10.0,47.120419,0.0,47.120419,52.879581,37.955333,0.847613,4.012561,0.0,0.0
2026-09-01 05:29:57,54752.29,38399,192,-518.6392,103.8862,0.7,3.066867,,,,0.05,1.190157,0.119016,3.5e-05,3.049281,10.0,10.0,69.106164,0.0,69.106164,30.893836,20.804721,0.639165,4.012561,0.0,0.0
2026-09-01 05:34:50,55044.89,38599,193,-210.6574,101.9755,0.7,6.279125,,,,0.05,2.777837,0.277784,3.7e-05,5.583179,10.0,10.0,37.039127,0.0,37.039127,62.960873,45.988478,0.787828,4.012561,0.0,0.0
2026-09-01 05:39:42,55337.23,38799,194,183.1455,102.535,0.7,8.309813,,,,0.05,7.206005,0.720601,4e-05,2.505498,10.0,10.0,3.67603,0.0,3.67603,96.32397,72.585326,0.650934,4.012561,0.0,0.0
2026-09-01 05:44:34,55629.55,38999,195,210.8969,103.1089,0.7,19.806076,,,,0.05,8.823073,0.882307,3.8e-05,2.106411,10.0,10.0,6.33497,0.0,6.33497,93.66503,71.327677,0.687296,4.012561,0.0,0.0
2026-09-01 05:49:27,55921.79,39199,196,337.1588,106.3253,0.7,2.322497,,,,0.05,12.114307,1.211431,3.7e-05,0.832607,6.0,8.0,0.184199,0.0,0.184199,99.815801,76.93578,0.671728,4.012561,0.0,0.0
2026-09-01 05:54:18,56213.48,39399,197,42.0255,105.3125,0.7,3.435162,,,,0.05,5.450225,0.545022,3.9e-05,2.793359,10.0,10.0,15.248576,0.0,15.248576,84.751424,63.591783,0.711231,4.012561,0.0,0.0
2026-09-01 05:59:11,56505.98,39599,198,197.8845,103.8146,0.7,2.175412,,,,0.05,11.110579,1.111058,9e-06,1.560819,10.0,10.0,15.450844,0.0,15.450844,84.549156,64.057522,0.554848,4.012561,0.0,0.0
2026-09-01 06:04:03,56798.61,39799,199,190.3574,103.0518,0.7,13.021395,,,,0.05,6.589513,0.658951,3.8e-05,0.687678,5.0,8.0,0.0,0.0,0.0,100.0,76.537087,0.758615,4.012561,0.0,0.0
2026-09-01 06:08:55,57090.36,39999,200,-50.6356,98.6915,0.7,11.283543,,,,0.05,5.082077,0.508208,1e-05,4.427596,10.0,10.0,26.075569,0.0,26.075569,73.924431,54.6824,0.70473,4.012561,0.0,0.0
2026-09-01 06:13:47,57382.34,40199,201,273.5297,99.1229,0.7,2.781791,,,,0.05,9.545234,0.954523,3.8e-05,0.201745,1.0,4.0,0.0,0.0,0.0,100.0,76.44032,0.769834,4.012561,0.0,0.0
2026-09-01 06:18:40,57674.82,40399,202,57.904,97.6107,0.7,2.345762,,,,0.05,6.663436,0.666344,1.1e-05,1.065296,8.0,10.0,17.440056,0.0,17.440056,82.559944,61.90758,0.740674,4.012561,0.0,0.0
2026-09-01 06:23:32,57967.2,40599,203,292.8852,97.7407,0.7,7.120121,,,,0.05,11.097047,1.109705,4e-05,1.462941,10.0,10.0,3.383765,0.0,3.383765,96.616235,73.543368,0.631073,4.012561,0.0,0.0
2026-09-01 06:28:24,58259.01,40799,204,74.9501,96.5131,0.7,2.322044,,,,0.05,6.553787,0.655379,3.7e-05,0.55875,3.0,10.0,14.371507,0.0,14.371507,85.628493,64.849214,0.764727,4.012561,0.0,0.0
2026-09-01 06:33:16,58551.42,40999,205,37.558,95.3258,0.7,4.009486,,,,0.05,6.049821,0.604982,3.6e-05,3.145231,10.0,10.0,18.025495,0.0,18.025495,81.974505,60.921744,0.74598,4.012561,0.0,0.0
2026-09-01 06:38:08,58843.63,41199,206,53.3417,94.8737,0.7,4.196973,,,,0.05,6.464039,0.646404,3.7e-05,3.825154,10.0,10.0,17.820107,0.0,17.820107,82.179893,61.026561,0.747567,4.012561,0.0,0.0
2026-09-01 06:43:00,59135.37,41399,207,187.6416,97.4838,0.7,10.562754,,,,0.05,7.462414,0.746241,3.8e-05,0.580522,5.0,9.0,4.122221,0.0,4.122221,95.877779,73.86474,0.68621,4.012561,0.0,0.0
2026-09-01 06:47:52,59427.48,41599,208,112.1275,97.7447,0.7,3.61249,,,,0.05,5.105344,0.510534,3.8e-05,1.614586,10.0,10.0,4.871522,0.0,4.871522,95.128478,71.739465,0.707933,4.012561,0.0,0.0
2026-09-01 06:52:45,59719.95,41799,209,191.8916,97.1417,0.7,3.552256,,,,0.05,6.419717,0.641972,1e-05,1.007899,5.0,6.0,0.0,0.0,0.0,100.0,76.488002,0.530548,4.012561,0.0,0.0
2026-09-01 06:57:37,60012.22,41999,210,-141.1101,96.3671,0.7,0.974718,,,,0.05,4.749834,0.474983,7e-06,3.910169,10.0,10.0,35.501314,0.0,35.501314,64.498686,47.671413,0.570922,4.012561,0.0,0.0
2026-09-01 07:02:29,60304.21,42199,211,-14.2012,94.913,0.7,7.438557,,,,0.05,5.446591,0.544659,6e-06,2.230152,10.0,10.0,22.331456,0.0,22.331456,77.668544,58.235356,0.614019,4.012561,0.0,0.0
2026-09-01 07:07:22,60597.21,42399,212,-279.0416,89.5851,0.7,8.540151,,,,0.05,4.685763,0.468576,3.8e-05,5.365505,10.0,10.0,51.411629,0.0,51.411629,48.588371,34.507428,0.680455,4.012561,0.0,0.0
2026-09-01 07:12:15,60890.25,42599,213,-127.2802,86.7119,0.7,8.999492,,,,0.05,5.945101,0.59451,8e-06,3.09258,10.0,10.0,38.170279,0.0,38.170279,61.829721,45.347863,0.564715,4.012561,0.0,0.0
2026-09-01 07:17:07,61182.26,42799,214,-28.2308,88.6552,0.7,11.805035,,,,0.05,5.368885,0.536889,3.7e-05,2.322701,10.0,10.0,23.910394,0.0,23.910394,76.089606,55.541236,0.678253,4.012561,0.0,0.0
2026-09-01 07:22:00,61474.81,42999,215,122.6633,90.7489,0.7,1.135794,,,,0.05,9.504724,0.950472,4e-05,3.547662,10.0,10.0,19.061266,0.0,19.061266,80.938734,61.613681,0.575535,4.012561,0.0,0.0
2026-09-01 07:26:52,61767.11,43199,216,225.7061,91.5187,0.7,2.205626,,,,0.05,7.523537,0.752354,1.93195,0.083203,0.0,2.0,0.0,0.0,0.0,100.0,77.02784,0.535429,4.012561,0.0,0.0
2026-09-01 07:31:44,62058.96,43399,217,6.3605,89.5659,0.7,1.576548,,,,0.05,6.168686,0.616869,4.2e-05,4.378777,10.0,10.0,22.804314,0.0,22.804314,77.195686,57.527993,0.67992,4.012561,0.0,0.0
2026-09-01 07:36:36,62351.61,43599,218,-144.5802,86.9707,0.7,9.938204,,,,0.05,5.360624,0.536062,9e-06,3.04458,10.0,10.0,38.33663,0.0,38.33663,61.66337,45.44726,0.582803,4.012561,0.0,0.0
2026-09-01 07:41:29,62643.89,43799,219,-88.5385,87.1493,0.7,3.661829,,,,0.05,4.575776,0.457578,4e-05,1.317497,10.0,10.0,28.425823,0.0,28.425823,71.574177,53.637482,0.678679,4.012561,0.0,0.0
2026-09-01 07:46:21,62935.72,43999,220,-74.3512,84.638,0.7,5.121221,,,,0.05,4.322399,0.43224,6e-06,4.084399,10.0,10.0,26.012974,0.0,26.012974,73.987026,54.835035,0.774628,4.012561,0.0,0.0
2026-09-01 07:51:13,63228.2,44199,221,190.7176,84.3705,0.7,5.667009,,,,0.05,6.357252,0.635725,4e-05,0.038447,0.0,1.0,0.0,0.0,0.0,100.0,76.70656,0.584907,4.012561,0.0,0.0
2026-09-01 07:56:06,63521.22,44399,222,36.4592,82.6583,0.7,8.743996,,,,0.05,5.288079,0.528808,9e-06,0.570428,4.0,10.0,15.223018,0.0,15.223018,84.776982,64.25081,0.650325,4.012561,0.0,0.0
2026-09-01 08:00:58,63813.62,44599,223,-5.3188,80.495,0.7,2.834614,,,,0.05,5.783907,0.578391,3.9e-05,6.514005,10.0,10.0,22.680979,0.0,22.680979,77.319021,56.472395,0.76536,4.012561,0.0,0.0
2026-09-01 08:05:51,64106.36,44799,224,193.6815,80.2484,0.7,2.282172,,,,0.05,7.384215,0.738421,1.1e-05,1.470139,10.0,10.0,3.608479,0.0,3.608479,96.391521,73.384049,0.520904,4.012561,0.0,0.0
2026-09-01 08:10:44,64398.99,44999,225,-140.91,77.248,0.7,6.588747,,,,0.05,3.650496,0.36505,3.4e-05,6.222419,10.0,10.0,31.664664,0.0,31.664664,68.335336,49.583363,0.810659,4.012561,0.0,0.0
2026-09-01 08:15:36,64691.08,45199,226,131.5029,79.4709,0.7,10.799699,,,,0.05,7.940283,0.794028,8e-06,1.009127,10.0,10.0,12.568215,0.0,12.568215,87.431785,66.450405,0.637867,4.012561,0.0,0.0
2026-09-01 08:20:29,64984.06,45399,227,-182.6871,76.2889,0.7,3.181005,,,,0.05,5.644066,0.564407,7e-06,3.643379,10.0,10.0,43.372331,0.0,43.372331,56.627669,41.472726,0.580751,4.012561,0.0,0.0
2026-09-01 08:25:22,65276.86,45599,228,101.5203,75.786,0.7,4.055756,,,,0.05,7.429474,0.742947,6e-06,2.524986,10.0,10.0,15.389632,0.0,15.389632,84.610368,63.391555,0.691739,4.012561,0.0,0.0
2026-09-01 08:30:14,65568.8,45799,229,330.2166,77.9457,0.7,6.462612,,,,0.05,11.239924,1.123992,3.9e-05,0.070319,1.0,2.0,0.0,0.0,0.0,100.0,76.47068,0.735559,4.012561,0.0,0.0
2026-09-01 08:35:06,65861.55,45999,230,73.7137,77.7475,0.7,4.405722,,,,0.05,9.258597,0.92586,1.2e-05,2.71504,10.0,10.0,24.680816,0.0,24.680816,75.319184,55.178001,0.595409,4.012561,0.0,0.0
2026-09-01 08:40:00,66154.7,46199,231,22.7673,78.809,0.7,10.700217,,,,0.05,6.769618,0.676962,6e-06,5.091468,10.0,10.0,21.936855,0.0,21.936855,78.063145,56.987978,0.710424,4.012561,0.0,0.0
2026-09-01 08:44:52,66446.9,46399,232,31.1146,76.3065,0.7,1.930656,,,,0.05,9.57269,0.957269,9e-06,2.736044,10.0,10.0,30.320358,0.0,30.320358,69.679642,51.849016,0.650608,4.012561,0.0,0.0
2026-09-01 08:49:45,66739.81,46599,233,97.2229,75.9449,0.7,1.69011,,,,0.05,6.742012,0.674201,3.8e-05,1.734148,10.0,10.0,13.42778,0.0,13.42778,86.57222,65.656901,0.684573,4.012561,0.0,0.0
2026-09-01 08:54:37,67032.28,46799,234,208.1036,76.4512,0.7,3.920434,,,,0.05,9.650154,0.965015,1.2e-05,1.255932,10.0,10.0,8.944308,0.0,8.944308,91.055692,69.215777,0.475398,4.012561,0.0,0.0
2026-09-01 08:59:29,67323.92,46999,235,263.8753,78.6772,0.7,21.644199,,,,0.05,12.785066,1.278507,9e-06,1.846043,10.0,10.0,11.177166,0.0,11.177166,88.822834,64.168026,0.536882,4.012561,0.0,0.0
2026-09-01 09:04:21,67616.18,47199,236,181.4456,78.933,0.7,3.683044,,,,0.05,9.344336,0.934434,3.9e-05,2.615776,10.0,10.0,12.579915,0.0,12.579915,87.420085,65.741128,0.638856,4.012561,0.0,0.0
2026-09-01 09:09:13,67908.25,47399,237,371.315,80.8892,0.7,4.02056,,,,0.05,13.024408,1.302441,4.1e-05,0.020161,0.0,1.0,0.0,0.0,0.0,100.0,76.82048,0.620366,4.012561,0.0,0.0
2026-09-01 09:14:05,68200.25,47599,238,-5.8765,79.6,0.7,3.898561,,,,0.05,9.354699,0.93547,4e-05,3.532046,10.0,10.0,35.603571,0.0,35.603571,64.396429,47.510224,0.561159,4.012561,0.0,0.0
2026-09-01 09:18:58,68493.01,47799,239,268.5657,80.2975,0.7,5.268453,,,,0.05,9.424744,0.942474,1.882382,1.493581,10.0,10.0,1.832195,0.0,1.832195,98.167805,74.931513,0.607491,4.012561,0.0,0.0
2026-09-01 09:23:51,68785.77,47999,240,44.6261,79.7065,0.7,11.630016,,,,0.05,5.322675,0.532267,3.8e-05,1.485262,10.0,10.0,13.86211,0.0,13.86211,86.13789,65.591892,0.735219,4.012561,0.0,0.0
2026-09-01 09:28:43,69077.92,48199,241,215.965,83.1268,0.7,3.610751,,,,0.05,7.258672,0.725867,3.7e-05,0.021115,0.0,1.0,0.0,0.0,0.0,100.0,77.2288,0.705948,4.012561,0.0,0.0
2026-09-01 09:33:36,69370.71,48399,242,-174.2041,79.9107,0.7,3.101692,,,,0.05,5.069328,0.506933,3.7e-05,5.179306,10.0,10.0,40.595029,0.0,40.595029,59.404971,42.229065,0.705219,4.012561,0.0,0.0
2026-09-01 09:38:28,69663.34,48599,243,173.7129,79.7635,0.7,5.489595,,,,0.05,8.741881,0.874188,4.1e-05,1.809998,10.0,10.0,9.82257,0.0,9.82257,90.17743,69.596956,0.618512,4.012561,0.0,0.0
2026-09-01 09:43:20,69955.47,48799,244,262.186,81.7843,0.7,3.944748,,,,0.05,9.084545,0.908454,4e-05,0.831307,7.0,10.0,1.076624,0.0,1.076624,98.923376,74.678706,0.546911,4.012561,0.0,0.0
2026-09-01 09:48:13,70248.35,48999,245,239.9612,83.0148,0.7,5.631762,,,,0.05,11.426554,1.142655,3.7e-05,1.842733,10.0,10.0,11.983163,0.0,11.983163,88.016837,67.31614,0.601475,4.012561,0.0,0.0
2026-09-01 09:53:06,70541.15,49199,246,265.0756,84.7792,0.7,71.529083,,,,0.05,10.520119,1.052012,3.7e-05,2.271009,10.0,10.0,5.55159,0.0,5.55159,94.44841,72.856453,0.638964,4.012561,0.0,0.0
2026-09-01 09:57:58,70833.56,49399,247,138.9502,86.5185,0.7,8.74649,,,,0.05,9.416319,0.941632,3.9e-05,3.823562,10.0,10.0,17.676373,0.0,17.676373,82.323627,60.786204,0.658153,4.012561,0.0,0.0
2026-09-01 10:02:51,71126.21,49599,248,361.0737,88.1619,0.7,8.851158,,,,0.05,12.133419,1.213342,3.9e-05,0.440903,4.0,8.0,0.204628,0.0,0.204628,99.795372,76.784498,0.543522,4.012561,0.0,0.0
2026-09-01 10:07:43,71418.5,49799,249,159.0364,88.5054,0.7,4.706507,,,,0.05,8.523243,0.852324,5e-06,2.767303,10.0,10.0,12.17045,0.0,12.17045,87.82955,66.030378,0.699786,4.012561,0.0,0.0
2026-09-01 10:12:36,71710.92,49999,250,226.865,89.8882,0.7,5.111272,,,,0.05,8.217927,0.821793,4.2e-05,1.447906,10.0,10.0,2.567478,0.0,2.567478,97.432522,73.62857,0.602747,5.17136,0.0,0.0
2026-09-01 10:17:30,72004.74,50199,251,-522.1656,82.108,0.7,5.42264,,,,0.05,3.652876,0.365288,3.5e-05,4.095434,10.0,10.0,60.763547,0.0,60.763547,39.236453,27.166475,0.669477,5.17136,0.0,0.0
2026-09-01 10:22:24,72299.03,50399,252,64.9537,80.3728,0.7,19.429737,,,,0.05,11.069353,1.106935,3.7e-05,2.418558,10.0,10.0,24.129706,0.0,24.129706,75.870294,55.078072,0.574232,5.17136,0.0,0.0
2026-09-01 10:27:18,72593.04,50599,253,-201.6158,75.6661,0.7,2.489451,,,,0.05,7.449426,0.744943,3.9e-05,3.983678,10.0,10.0,40.427305,0.0,40.427305,59.572695,43.473764,0.646722,5.17136,0.0,0.0
2026-09-01 10:32:12,72887.6,50799,254,-47.612,74.0257,0.7,5.519239,,,,0.05,6.557245,0.655725,1.1e-05,1.978978,10.0,10.0,23.575802,0.0,23.575802,76.424198,57.029791,0.656911,5.17136,0.0,0.0
2026-09-01 10:37:07,73181.88,50999,255,-10.2395,71.1401,0.7,5.779196,,,,0.05,4.693269,0.469327,8e-06,2.59468,10.0,10.0,15.077513,0.0,15.077513,84.922487,63.834805,0.810237,5.17136,0.0,0.0
2026-09-01 10:42:01,73476.08,51199,256,117.7071,71.8142,0.7,3.265858,,,,0.05,9.010651,0.901065,3.8e-05,1.884285,10.0,10.0,14.323347,0.0,14.323347,85.676653,64.819227,0.588334,5.17136,0.0,0.0
2026-09-01 10:46:56,73770.91,51399,257,231.7501,73.0211,0.7,3.211243,,,,0.05,10.241124,1.024112,3.8e-05,3.636096,10.0,10.0,5.401217,0.0,5.401217,94.598783,70.610226,0.667858,5.17136,0.0,0.0
2026-09-01 10:51:50,74065.63,51599,258,298.6791,76.1151,0.7,8.310849,,,,0.05,10.809924,1.080992,3.9e-05,1.221768,9.0,10.0,0.930373,0.0,0.930373,99.069627,74.194191,0.701466,5.17136,0.0,0.0
2026-09-01 10:56:45,74359.86,51799,259,-127.4835,76.6594,0.7,2.623576,,,,0.05,4.359648,0.435965,3.8e-05,5.683462,10.0,10.0,25.236931,0.0,25.236931,74.763069,54.569386,0.793677,5.17136,0.0,0.0
2026-09-01 11:01:39,74654.39,51999,260,318.5697,78.1778,0.7,11.253689,,,,0.05,11.482477,1.148248,3.9e-05,0.055702,0.0,2.0,0.0,0.0,0.0,100.0,76.6592,0.666437,5.17136,0.0,0.0
2026-09-01 11:06:34,74949.08,52199,261,-58.7771,77.6107,0.7,4.875996,,,,0.05,7.190691,0.719069,1e-05,1.753182,10.0,10.0,26.767272,0.0,26.767272,73.232728,54.645178,0.643672,5.17136,0.0,0.0
2026-09-01 11:11:29,75243.71,52399,262,-24.7827,76.0238,0.7,2.884207,,,,0.05,6.268611,0.626861,3.8e-05,2.747155,10.0,10.0,20.530321,0.0,20.530321,79.469679,58.923015,0.713367,5.17136,0.0,0.0
2026-09-01 11:16:24,75538.83,52599,263,266.3993,77.3337,0.7,3.910166,,,,0.05,9.017497,0.90175,4e-05,0.050567,0.0,1.0,0.0,0.0,0.0,100.0,76.7744,0.656207,5.17136,0.0,0.0
2026-09-01 11:21:18,75833.27,52799,264,182.3407,78.3959,0.7,7.547114,,,,0.05,9.76261,0.976261,4e-05,0.919904,10.0,10.0,10.909577,0.0,10.909577,89.090423,67.55167,0.591155,5.17136,0.0,0.0
2026-09-01 11:26:12,76127.46,52999,265,188.228,78.6951,0.7,27.652615,,,,0.05,11.517525,1.151753,1.8e-05,2.02244,10.0,10.0,14.850358,0.0,14.850358,85.149642,60.94901,0.559836,5.17136,0.0,0.0
2026-09-01 11:31:06,76421.25,53199,266,-272.2867,74.2075,0.7,3.874904,,,,0.05,4.807706,0.480771,3.9e-05,6.138292,10.0,10.0,40.36633,0.0,40.36633,59.63367,42.639799,0.719678,5.17136,0.0,0.0
2026-09-01 11:35:59,76713.78,53399,267,-395.3796,68.9555,0.7,4.917913,,,,0.05,5.083371,0.508337,3.8e-05,4.599765,10.0,10.0,53.023109,0.0,53.023109,46.976891,32.912665,0.642794,5.17136,0.0,0.0
2026-09-01 11:40:51,77006.62,53599,268,320.3172,69.9438,0.7,5.988885,,,,0.05,11.665633,1.166563,3.8e-05,0.381963,3.0,8.0,0.0,0.0,0.0,100.0,77.170052,0.656433,5.17136,0.0,0.0
2026-09-01 11:45:44,77299.28,53799,269,197.5828,71.3953,0.7,5.606611,,,,0.05,8.420491,0.842049,3.9e-05,1.573672,10.0,10.0,5.401255,0.0,5.401255,94.598745,72.592163,0.612703,5.17136,0.0,0.0
2026-09-01 11:50:36,77591.17,53999,270,102.0407,71.2669,0.7,7.564097,,,,0.05,7.385108,0.738511,3.8e-05,1.093752,10.0,10.0,11.221546,0.0,11.221546,88.778454,68.271705,0.636208,5.17136,0.0,0.0
2026-09-01 11:55:28,77883.34,54199,271,122.3841,69.9199,0.7,3.205497,,,,0.05,8.490022,0.849002,1.7e-05,2.444529,10.0,10.0,12.734362,0.0,12.734362,87.265638,65.945247,0.666966,5.17136,0.0,0.0
2026-09-01 12:00:20,78175.66,54399,272,-311.301,64.2206,0.7,5.528422,,,,0.05,8.873644,0.887364,4e-06,5.926521,10.0,10.0,53.463535,0.0,53.463535,46.536465,32.160519,0.564869,5.17136,0.0,0.0
2026-09-01 12:05:13,78468.09,54599,273,70.4427,64.7121,0.7,3.807486,,,,0.05,7.18541,0.718541,7e-06,0.57857,10.0,10.0,14.180076,0.0,14.180076,85.819924,65.117449,0.628258,5.17136,0.0,0.0
2026-09-01 12:10:05,78760.25,54799,274,-120.6723,61.5122,0.7,8.323196,,,,0.05,7.872977,0.787298,3.6e-05,2.219374,10.0,10.0,34.667936,0.0,34.667936,65.332064,46.556086,0.611341,5.17136,0.0,0.0
2026-09-01 12:14:58,79052.77,54999,275,-105.2655,59.1139,0.7,7.005416,,,,0.05,7.151443,0.715144,3.8e-05,1.332777,10.0,10.0,29.734064,0.0,29.734064,70.265936,52.279067,0.660303,5.17136,0.0,0.0
2026-09-01 12:19:50,79344.71,55199,276,-196.1073,57.7676,0.7,3.670469,,,,0.05,7.713542,0.771354,9e-06,2.840588,10.0,10.0,38.421798,0.0,38.421798,61.578202,44.813306,0.634918,5.17136,0.0,0.0
2026-09-01 12:24:42,79636.98,55399,277,16.622,57.5264,0.7,23.569881,,,,0.05,7.670571,0.767057,3.8e-05,1.880874,10.0,10.0,20.534822,0.0,20.534822,79.465178,56.887771,0.70126,5.17136,0.0,0.0
2026-09-01 12:29:34,79929.51,55599,278,287.7883,59.4143,0.7,7.01906,,,,0.05,11.471751,1.147175,3.9e-05,1.070441,7.0,9.0,2.990526,0.0,2.990526,97.009474,74.268833,0.74208,5.17136,0.0,0.0
2026-09-01 12:34:27,80221.71,55799,279,-82.1586,57.2349,0.7,2.816671,,,,0.05,5.62115,0.562115,7e-06,3.381545,10.0,10.0,24.065109,0.0,24.065109,75.934891,55.959905,0.708501,5.17136,0.0,0.0
2026-09-01 12:39:19,80513.99,55999,280,-74.4186,54.2764,0.7,4.938509,,,,0.05,5.38496,0.538496,1.2e-05,3.613054,10.0,10.0,23.242044,0.0,23.242044,76.757956,56.673345,0.583516,5.17136,0.0,0.0
2026-09-01 12:44:11,80806.48,56199,281,68.361,55.0763,0.7,3.076953,,,,0.05,4.989136,0.498914,1.4e-05,3.082279,10.0,10.0,8.393681,0.0,8.393681,91.606319,69.027145,0.757941,5.17136,0.0,0.0
2026-09-01 12:49:03,81098.32,56399,282,65.1806,57.4641,0.7,2.849672,,,,0.05,4.550386,0.455039,3.8e-05,1.555468,10.0,10.0,7.188528,0.0,7.188528,92.811472,70.17403,0.689644,5.17136,0.0,0.0
2026-09-01 12:53:56,81390.77,56599,283,175.793,58.7393,0.7,4.673651,,,,0.05,5.909183,0.590918,3.9e-05,0.016023,0.0,1.0,0.0,0.0,0.0,100.0,76.77184,0.699569,5.17136,0.0,0.0
2026-09-01 12:58:49,81683.75,56799,284,-323.2216,53.4188,0.7,8.760475,,,,0.05,4.065427,0.406543,3.6e-05,5.153979,10.0,10.0,43.532798,0.0,43.532798,56.467202,40.384528,0.719955,5.17136,0.0,0.0
2026-09-01 13:03:41,81976.1,56999,285,-5.8019,54.1863,0.7,4.904888,,,,0.05,5.754129,0.575413,4.1e-05,2.473423,10.0,10.0,17.69218,0.0,17.69218,82.30782,61.908522,0.612339,5.17136,0.0,0.0
2026-09-01 13:08:33,82268.16,57199,286,211.4443,55.2495,0.7,3.67164,,,,0.05,7.105943,0.710594,4e-05,1.406112,10.0,10.0,0.206898,0.0,0.206898,99.793102,75.855965,0.615497,5.17136,0.0,0.0
2026-09-01 13:13:26,82560.96,57399,287,76.6624,55.177,0.7,7.714829,,,,0.05,3.544003,0.3544,8e-06,1.538,10.0,10.0,2.992411,0.0,2.992411,97.007589,74.054453,0.798709,5.17136,0.0,0.0
2026-09-01 13:18:18,82853.13,57599,288,11.8237,54.3149,0.7,8.119927,,,,0.05,4.327267,0.432727,1.1e-05,1.593692,10.0,10.0,11.506015,0.0,11.506015,88.493985,66.616855,0.721397,5.17136,0.0,0.0
2026-09-01 13:23:11,83146.12,57799,289,21.8505,55.2685,0.7,3.647178,,,,0.05,5.150026,0.515003,3.8e-05,2.725419,10.0,10.0,12.972856,0.0,12.972856,87.027144,65.292684,0.686084,5.17136,0.0,0.0
2026-09-01 13:28:04,83439.21,57999,290,-23.5843,54.0553,0.7,4.886706,,,,0.05,6.487215,0.648722,9e-06,4.233858,10.0,10.0,21.588189,0.0,21.588189,78.411811,57.881602,0.570973,5.17136,0.0,0.0
2026-09-01 13:32:58,83733.2,58199,291,-0.6096,57.1488,0.7,5.155327,,,,0.05,7.706764,0.770676,8e-06,2.105981,10.0,10.0,21.49305,0.0,21.49305,78.50695,58.705377,0.540765,5.17136,0.0,0.0
2026-09-01 13:37:53,84028.36,58399,292,256.5171,64.9003,0.7,5.7773,,,,0.05,10.807852,1.080785,1e-05,1.399537,10.0,10.0,5.213025,0.0,5.213025,94.786975,72.027524,0.680368,5.17136,0.0,0.0
2026-09-01 13:42:48,84322.92,58599,293,302.1119,70.028,0.7,5.053194,,,,0.05,11.362588,1.136259,1e-05,2.056722,10.0,10.0,1.816334,0.0,1.816334,98.183666,73.952411,0.583956,5.17136,0.0,0.0
2026-09-01 13:47:43,84618.44,58799,294,-465.8993,63.5376,0.7,4.945134,,,,0.05,6.968564,0.696856,3.9e-05,4.247285,10.0,10.0,62.61474,0.0,62.61474,37.38526,25.853996,0.69225,5.17136,0.0,0.0
2026-09-01 13:52:38,84913.33,58999,295,339.8266,64.8269,0.7,5.794853,,,,0.05,12.685433,1.268543,1.2e-05,0.117423,1.0,2.0,0.0,0.0,0.0,100.0,77.101999,0.675511,5.17136,0.0,0.0
2026-09-01 13:57:31,85206.44,59199,296,241.0934,63.8662,0.7,4.362163,,,,0.05,10.482635,1.048263,8e-06,2.695658,10.0,10.0,7.477925,0.0,7.477925,92.522075,70.29693,0.61526,5.17136,0.0,0.0
2026-09-01 14:02:23,85498.6,59399,297,160.8635,65.0546,0.7,10.215426,,,,0.05,9.967805,0.99678,9e-06,3.908335,10.0,10.0,13.683176,0.0,13.683176,86.316824,65.070911,0.743855,5.17136,0.0,0.0
2026-09-01 14:07:16,85791.18,59599,298,-76.6832,62.3089,0.7,4.415333,,,,0.05,8.30882,0.830882,3.6e-05,5.267503,10.0,10.0,31.367673,0.0,31.367673,68.632327,49.830988,0.644974,5.17136,0.0,0.0
2026-09-01 14:12:09,86083.96,59799,299,3.8506,60.4439,0.7,4.792352,,,,0.05,6.366651,0.636665,4e-05,3.086752,10.0,10.0,18.217054,0.0,18.217054,81.782946,60.495729,0.676694,5.17136,0.0,0.0
2026-09-01 14:17:01,86375.76,59999,300,301.4601,63.9648,0.7,4.054534,,,,0.05,10.126217,1.012622,4.3e-05,0.251045,2.0,4.0,0.0,0.0,0.0,100.0,76.531368,0.489164,5.17136,0.0,0.0
2026-09-01 14:21:53,86668.01,60199,301,30.0949,61.5305,0.7,3.752493,,,,0.05,7.020196,0.70202,1.5e-05,0.280954,1.0,8.0,16.092261,0.0,16.092261,83.907739,63.595358,0.567296,5.17136,0.0,0.0
2026-09-01 14:26:46,86961.14,60399,302,33.1275,61.2827,0.7,3.834144,,,,0.05,6.765154,0.676515,3.9e-05,0.613159,3.0,9.0,16.238361,0.0,16.238361,83.761639,63.420548,0.593802,5.17136,0.0,0.0
2026-09-01 14:31:40,87255.04,60599,303,228.3766,60.6376,0.7,4.50149,,,,0.05,7.624479,0.762448,3.8e-05,0.264699,2.0,3.0,0.0,0.0,0.0,100.0,76.5632,0.607117,5.17136,0.0,0.0
2026-09-01 14:36:35,87550.07,60799,304,81.5417,60.7035,0.7,2.830246,,,,0.05,6.173767,0.617377,1.1e-05,1.178204,10.0,10.0,9.681399,0.0,9.681399,90.318601,68.672081,0.672381,5.17136,0.0,0.0
2026-09-01 14:41:30,87844.86,60999,305,387.3075,64.201,0.7,2.564887,,,,0.05,13.087362,1.308736,4.1e-05,0.012962,0.0,1.0,0.0,0.0,0.0,100.0,76.63232,0.582369,5.17136,0.0,0.0
2026-09-01 14:46:24,88138.81,61199,306,419.9878,67.8675,0.7,4.973678,,,,0.05,14.225157,1.422516,1.923,0.657502,4.0,10.0,0.148844,0.0,0.148844,99.851156,75.657258,0.599187,5.17136,0.0,0.0
2026-09-01 14:51:19,88434.04,61399,307,350.2724,69.4938,0.7,8.27676,,,,0.05,11.742295,1.174229,3.9e-05,0.212487,1.0,2.0,0.0,0.0,0.0,100.0,76.714893,0.615668,5.17136,0.0,0.0
2026-09-01 14:56:14,88729.26,61599,308,141.7585,69.7901,0.7,6.106738,,,,0.05,6.959081,0.695908,1.4e-05,2.498733,10.0,10.0,6.815088,0.0,6.815088,93.184912,69.839464,0.604873,5.17136,0.0,0.0
2026-09-01 15:01:08,89022.87,61799,309,113.9315,69.0105,0.7,4.553321,,,,0.05,10.430524,1.043052,4.2e-05,0.710753,5.0,10.0,19.417766,0.0,19.417766,80.582234,61.442702,0.424725,5.17136,0.0,0.0
2026-09-01 15:06:02,89317.33,61999,310,-30.0746,70.1209,0.7,3.702352,,,,0.05,6.510167,0.651017,1.3e-05,2.045238,10.0,10.0,22.114875,0.0,22.114875,77.885125,58.731994,0.611201,5.17136,0.0,0.0
2026-09-01 15:10:56,89611.53,62199,311,50.934,70.7722,0.7,3.655623,,,,0.05,7.893721,0.789372,1.5e-05,2.343063,10.0,10.0,17.120623,0.0,17.120623,82.879377,62.628951,0.663139,5.17136,0.0,0.0
2026-09-01 15:15:48,89903.56,62399,312,241.1982,75.9746,0.7,4.667953,,,,0.05,9.020674,0.902067,3.9e-05,1.296568,10.0,10.0,2.869633,0.0,2.869633,97.130367,74.336515,0.590541,5.17136,0.0,0.0
2026-09-01 15:20:41,90195.99,62599,313,94.9431,78.1968,0.7,3.321955,,,,0.05,8.722304,0.87223,1.4e-05,0.53315,10.0,10.0,14.231382,0.0,14.231382,85.768618,65.369456,0.595506,6.326288,0.0,0.0
2026-09-01 15:25:34,90488.91,62799,314,134.1546,79.8207,0.7,5.092779,,,,0.05,8.890409,0.889041,3.7e-05,3.300216,10.0,10.0,10.983711,0.0,10.983711,89.016289,67.12674,0.655886,6.326288,0.0,0.0
2026-09-01 15:30:26,90780.95,62999,315,79.4249,79.3883,0.7,3.426054,,,,0.05,7.976831,0.797683,3.3e-05,5.775039,10.0,10.0,13.19707,0.0,13.19707,86.80293,64.3442,0.631671,6.326288,0.0,0.0
2026-09-01 15:35:18,91073.17,63199,316,11.8321,77.2496,0.7,5.557386,,,,0.05,6.842315,0.684232,1.3e-05,0.597254,3.0,10.0,15.493666,0.0,15.493666,84.506334,63.857621,0.712707,6.326288,0.0,0.0
2026-09-01 15:40:10,91365.58,63399,317,97.6884,78.1629,0.7,7.344098,,,,0.05,11.611813,1.161181,1.4e-05,2.228738,10.0,10.0,18.795755,0.0,18.795755,81.204245,60.58978,0.627295,6.326288,0.0,0.0
2026-09-01 15:45:02,91657.56,63599,318,34.92,79.9579,0.7,3.370547,,,,0.05,6.377044,0.637704,1e-05,2.365963,10.0,10.0,12.521504,0.0,12.521504,87.478496,65.541689,0.687528,6.326288,0.0,0.0
2026-09-01 15:49:55,91949.77,63799,319,-164.4737,79.1985,0.7,1.901836,,,,0.05,7.673002,0.7673,3.9e-05,3.007851,10.0,10.0,30.918942,0.0,30.918942,69.081058,51.76865,0.76197,6.326288,0.0,0.0
2026-09-01 15:54:47,92242.29,63999,320,-72.4097,79.2179,0.7,7.729137,,,,0.05,6.996379,0.699638,3.6e-05,3.780371,10.0,10.0,22.341857,0.0,22.341857,77.658143,58.214205,0.738333,6.326288,0.0,0.0
2026-09-01 15:59:39,92534.06,64199,321,-29.7283,77.0135,0.7,3.758066,,,,0.05,8.685083,0.868508,3.7e-05,1.975824,10.0,10.0,23.198455,0.0,23.198455,76.801545,58.123459,0.614463,6.326288,0.0,0.0
2026-09-01 16:04:31,92826.13,64399,322,-97.9986,75.6689,0.7,79.247635,,,,0.05,6.463416,0.646342,3.8e-05,4.192273,10.0,10.0,23.12049,0.0,23.12049,76.87951,57.363808,0.779199,6.326288,0.0,0.0
2026-09-01 16:09:24,93118.89,64599,323,164.9541,77.3716,0.7,2.895256,,,,0.05,7.825805,0.78258,3.8e-05,2.505921,10.0,10.0,5.661628,0.0,5.661628,94.338372,71.785287,0.710815,6.326288,0.0,0.0
2026-09-01 16:14:15,93410.56,64799,324,-224.8111,73.1867,0.7,6.269229,,,,0.05,5.244481,0.524448,3.9e-05,3.778557,10.0,10.0,28.647814,0.0,28.647814,71.352186,52.212584,0.683039,6.326288,0.0,0.0
2026-09-01 16:19:08,93703.04,64999,325,246.6355,77.0621,0.7,2.994606,,,,0.05,8.253607,0.825361,3.6e-05,0.214113,1.0,4.0,0.0,0.0,0.0,100.0,77.131164,0.56731,6.326288,0.0,0.0
2026-09-01 16:24:01,93995.9,65199,326,-217.9799,73.5673,0.7,4.482024,,,,0.05,4.960536,0.496054,1.2e-05,1.67436,10.0,10.0,28.730579,0.0,28.730579,71.269421,53.204321,0.725971,6.326288,0.0,0.0
2026-09-01 16:28:52,94287.52,65399,327,13.6248,75.5304,0.7,5.427351,,,,0.05,4.926745,0.492674,8e-06,1.496612,10.0,10.0,10.546914,0.0,10.546914,89.453086,67.576031,0.673022,6.326288,0.0,0.0
2026-09-01 16:33:45,94579.78,65599,328,193.5498,76.4507,0.7,5.271648,,,,0.05,8.915677,0.891568,1.3e-05,1.32082,10.0,10.0,5.775751,0.0,5.775751,94.224249,71.317064,0.55169,6.326288,0.0,0.0
2026-09-01 16:38:37,94871.91,65799,329,283.3605,75.9822,0.7,2.825891,,,,0.05,12.466676,1.246668,1.2e-05,1.334174,10.0,10.0,6.129313,0.0,6.129313,93.870687,71.100087,0.563825,6.326288,0.0,0.0
2026-09-01 16:43:28,95163.39,65999,330,239.353,77.6386,0.7,3.535765,,,,0.05,13.431769,1.343177,3.9e-05,1.524628,10.0,10.0,12.123138,0.0,12.123138,87.876862,66.135859,0.620066,6.326288,0.0,0.0
2026-09-01 16:48:21,95456.13,66199,331,261.5154,80.026,0.7,6.28791,,,,0.05,10.714444,1.071444,4e-05,1.448917,10.0,10.0,5.08418,0.0,5.08418,94.91582,72.146547,0.513598,6.326288,0.0,0.0
2026-09-01 16:53:14,95748.95,66399,332,-196.6596,77.7483,0.7,4.665094,,,,0.05,6.40881,0.640881,1.1e-05,1.222712,10.0,10.0,31.060276,0.0,31.060276,68.939724,51.245708,0.546208,6.326288,0.0,0.0
2026-09-01 16:58:06,96041.0,66599,333,166.6842,78.4429,0.7,30.469456,,,,0.05,5.729235,0.572924,3.9e-05,0.839606,5.0,8.0,0.0,0.0,0.0,100.0,74.01067,0.749808,6.326288,0.0,0.0
2026-09-01 17:02:59,96333.89,66799,334,159.2451,77.9543,0.7,4.070148,,,,0.05,5.70696,0.570696,4e-05,0.484689,2.0,10.0,0.888815,0.0,0.888815,99.111185,75.390361,0.761833,6.326288,0.0,0.0
2026-09-01 17:07:52,96626.73,66999,335,151.9497,76.8351,0.7,7.941609,,,,0.05,8.769211,0.876921,3.7e-05,2.421446,10.0,10.0,8.760548,0.0,8.760548,91.239452,68.651488,0.607099,6.326288,0.0,0.0
2026-09-01 17:12:44,96919.47,67199,336,-275.3428,72.2672,0.7,3.636416,,,,0.05,4.754995,0.475499,1.6e-05,4.597612,10.0,10.0,32.25914,0.0,32.25914,67.74086,49.933005,0.735027,6.326288,0.0,0.0
2026-09-01 17:17:37,97212.68,67399,337,-5.7805,68.4962,0.7,6.044711,,,,0.05,6.916037,0.691604,3.8e-05,2.395144,10.0,10.0,16.525035,0.0,16.525035,83.474965,62.558044,0.627287,6.326288,0.0,0.0
2026-09-01 17:22:30,97505.31,67599,338,270.6426,71.2614,0.7,2.918146,,,,0.05,9.385197,0.93852,3.9e-05,0.197477,1.0,3.0,0.0,0.0,0.0,100.0,76.304684,0.582357,6.326288,0.0,0.0
2026-09-01 17:27:23,97798.11,67799,339,269.4109,71.2699,0.7,7.896654,,,,0.05,11.426285,1.142628,4.2e-05,4.61464,10.0,10.0,6.393237,0.0,6.393237,93.606763,68.656002,0.614729,6.326288,0.0,0.0
2026-09-01 17:32:16,98091.59,67999,340,289.4628,73.7182,0.7,2.599047,,,,0.05,9.971322,0.997132,3.7e-05,0.007485,0.0,0.0,0.0,0.0,0.0,100.0,76.60824,0.679246,6.326288,0.0,0.0
2026-09-01 17:37:09,98384.06,68199,341,319.9484,74.7581,0.7,5.343695,,,,0.05,10.784838,1.078484,4e-05,0.003227,0.0,0.0,0.0,0.0,0.0,100.0,76.55552,0.551189,6.326288,0.0,0.0
2026-09-01 17:42:02,98676.99,68399,342,256.7139,79.0673,0.7,51.531281,,,,0.05,10.325534,1.032553,3.6e-05,1.63187,8.0,10.0,3.476738,0.0,3.476738,96.523262,73.90923,0.652617,6.326288,0.0,0.0
2026-09-01 17:46:55,98969.86,68599,343,98.9936,78.3201,0.7,6.923356,,,,0.05,10.601841,1.060184,3.6e-05,0.352149,1.0,8.0,16.916045,0.0,16.916045,83.083955,62.959913,0.526512,6.326288,0.0,0.0
2026-09-01 17:51:47,99262.06,68799,344,294.9169,78.6474,0.7,6.854923,,,,0.05,9.86715,0.986715,4.1e-05,0.143283,1.0,4.0,0.0,0.0,0.0,100.0,76.818133,0.603856,6.326288,0.0,0.0
2026-09-01 17:56:40,99555.21,68999,345,-102.514,75.2226,0.7,2.865533,,,,0.05,5.288343,0.528834,3.7e-05,2.095442,10.0,10.0,20.595496,0.0,20.595496,79.404504,59.465981,0.704576,6.326288,0.0,0.0
2026-09-01 18:01:33,99848.58,69199,346,47.3311,73.0452,0.7,6.805776,,,,0.05,9.464552,0.946455,1.884883,2.278505,10.0,10.0,18.773966,0.0,18.773966,81.226034,60.865319,0.531427,6.326288,0.0,0.0
2026-09-01 18:06:25,100140.6,69399,347,162.4811,73.2805,0.7,2.247642,,,,0.05,9.145947,0.914595,4.1e-05,1.841088,10.0,10.0,8.977804,0.0,8.977804,91.022196,68.969467,0.583709,6.326288,0.0,0.0
2026-09-01 18:11:18,100433.41,69599,348,12.7485,69.7972,0.7,3.689459,,,,0.05,8.583351,0.858335,0.039246,1.35259,9.0,10.0,19.869545,0.0,19.869545,80.130455,60.780182,0.43687,6.326288,0.0,0.0
2026-09-01 18:16:11,100726.15,69799,349,120.6684,69.4136,0.7,3.005079,,,,0.05,11.638712,1.163871,0.751421,0.161391,1.0,1.0,17.532176,0.0,17.532176,82.467824,62.877293,0.500447,6.326288,0.0,0.0
2026-09-01 18:21:04,101019.04,69999,350,242.0748,69.5656,0.7,5.502481,,,,0.05,9.013095,0.901309,3.9e-05,3.06476,10.0,10.0,2.358709,0.0,2.358709,97.641291,73.782262,0.691685,6.326288,0.0,0.0
2026-09-01 18:25:57,101311.98,70199,351,321.9713,78.007,0.7,3.730373,,,,0.05,11.990459,1.199046,3.9e-05,1.445786,10.0,10.0,2.990099,0.0,2.990099,97.009901,74.124329,0.592877,6.326288,0.0,0.0
2026-09-01 18:30:49,101604.24,70399,352,-152.1056,75.8364,0.7,3.632675,,,,0.05,6.323663,0.632366,1.2e-05,1.793629,10.0,10.0,26.974865,0.0,26.974865,73.025135,55.08378,0.473979,6.326288,0.0,0.0
2026-09-01 18:35:42,101897.13,70599,353,218.3413,80.036,0.7,4.784588,,,,0.05,8.585646,0.858565,4.2e-05,1.322893,10.0,10.0,3.071775,0.0,3.071775,96.928225,70.545491,0.510414,6.326288,0.0,0.0
2026-09-01 18:40:35,102190.49,70799,354,83.4811,81.3469,0.7,4.231187,,,,0.05,9.894743,0.989474,1.935,2.438125,10.0,10.0,17.266917,0.0,17.266917,82.733083,62.15298,0.460219,6.326288,0.0,0.0
2026-09-01 18:45:27,102482.58,70999,355,-37.8889,81.0704,0.7,3.513505,,,,0.05,6.411503,0.64115,1.3e-05,2.810707,10.0,10.0,18.321094,0.0,18.321094,81.678906,61.233326,0.600116,6.326288,0.0,0.0
2026-09-01 18:50:20,102775.69,71199,356,-32.4772,79.5686,0.7,3.617894,,,,0.05,8.742228,0.874223,0.858168,2.269159,10.0,10.0,23.526968,0.0,23.526968,76.473032,57.277796,0.444011,6.326288,0.0,0.0
2026-09-01 18:55:13,103068.56,71399,357,268.4089,79.9352,0.7,4.146072,,,,0.05,9.32612,0.932612,1.94495,2.700063,10.0,10.0,0.917722,0.0,0.917722,99.082278,75.308617,0.581351,6.326288,0.0,0.0
2026-09-01 19:00:06,103361.26,71599,358,-151.9582,75.4288,0.7,6.018572,,,,0.05,6.801197,0.68012,4.2e-05,2.947089,10.0,10.0,28.367235,0.0,28.367235,71.632765,53.371604,0.593528,6.326288,0.0,0.0
2026-09-01 19:04:59,103654.59,71799,359,-84.5495,75.8581,0.7,5.381453,,,,0.05,4.790266,0.479027,1.91595,6.195512,10.0,10.0,18.185295,0.0,18.185295,81.814705,60.009517,0.748189,6.326288,0.0,0.0
2026-09-01 19:09:52,103947.65,71999,360,294.2992,75.6154,0.7,3.12946,,,,0.05,10.204121,1.020412,4.1e-05,0.708804,7.0,10.0,0.884101,0.0,0.884101,99.115899,75.396291,0.690416,6.326288,0.0,0.0
2026-09-01 19:14:45,104240.34,72199,361,203.7557,78.2408,0.7,3.069296,,,,0.05,10.618714,1.061871,3.9e-05,1.084758,10.0,10.0,9.206726,0.0,9.206726,90.793274,68.891157,0.571225,6.326288,0.0,0.0
2026-09-01 19:19:39,104533.73,72399,362,423.8634,82.7272,0.7,11.56451,,,,0.05,15.023823,1.502382,1.9248,0.189957,1.0,4.0,0.0,0.0,0.0,100.0,76.64896,0.625052,6.326288,0.0,0.0
2026-09-01 19:24:32,104826.98,72599,363,-141.4293,78.6489,0.7,4.463362,,,,0.05,6.374562,0.637456,3.7e-05,2.951098,10.0,10.0,26.240791,0.0,26.240791,73.759209,55.027978,0.820112,6.326288,0.0,0.0
2026-09-01 19:29:24,105119.43,72799,364,360.3582,80.4291,0.7,3.499624,,,,0.05,12.278079,1.227808,1.935,0.242005,2.0,3.0,0.0,0.0,0.0,100.0,76.49152,0.546676,6.326288,0.0,0.0
2026-09-01 19:34:17,105412.43,72999,365,101.5435,79.5623,0.7,3.537991,,,,0.05,7.152874,0.715287,3.8e-05,2.141429,10.0,10.0,8.404179,0.0,8.404179,91.595821,68.129783,0.628025,6.326288,0.0,0.0
2026-09-01 19:39:10,105705.01,73199,366,129.8705,83.5838,0.7,3.143357,,,,0.05,10.195967,1.019597,4.1e-05,0.730073,10.0,10.0,13.268196,0.0,13.268196,86.731804,65.597192,0.573688,6.326288,0.0,0.0
2026-09-01 19:44:02,105997.0,73399,367,79.2725,88.3304,0.7,2.917241,,,,0.05,8.03362,0.803362,1.1e-05,0.907988,10.0,10.0,12.669653,0.0,12.669653,87.330347,65.861282,0.564126,6.326288,0.0,0.0
2026-09-01 19:48:55,106289.93,73599,368,272.3209,87.8504,0.7,2.250502,,,,0.05,9.145232,0.914523,4.3e-05,0.020783,0.0,1.0,0.0,0.0,0.0,100.0,76.36864,0.564777,6.326288,0.0,0.0
2026-09-01 19:53:48,106582.97,73799,369,-330.0252,82.5743,0.7,4.321624,,,,0.05,3.785463,0.378546,3.8e-05,6.465149,10.0,10.0,33.802653,0.0,33.802653,66.197347,48.088058,0.809131,6.326288,0.0,0.0
2026-09-01 19:58:40,106875.44,73999,370,207.3151,83.6271,0.7,5.157283,,,,0.05,8.444754,0.844475,1.909,1.521652,10.0,10.0,3.986927,0.0,3.986927,96.013073,72.934542,0.556366,6.326288,0.0,0.0
2026-09-01 20:03:34,107168.92,74199,371,219.0432,84.5937,0.7,6.231841,,,,0.05,8.495986,0.849599,3.9e-05,1.549941,10.0,10.0,2.604834,0.0,2.604834,97.395166,74.195468,0.669007,6.326288,0.0,0.0
2026-09-01 20:08:27,107462.44,74399,372,104.195,88.7486,0.7,3.563472,,,,0.05,6.414254,0.641425,3.9e-05,1.255365,10.0,10.0,7.277144,0.0,7.277144,92.722856,70.679264,0.612687,6.326288,0.0,0.0
2026-09-01 20:13:20,107754.7,74599,373,0.206,88.0463,0.7,6.0902,,,,0.05,4.448889,0.444889,3.9e-05,2.918645,10.0,10.0,10.760084,0.0,10.760084,89.239916,66.737917,0.774519,6.326288,0.0,0.0
2026-09-01 20:18:12,108047.66,74799,374,-623.8811,83.0142,0.7,2.658611,,,,0.05,2.295695,0.229569,3.7e-05,4.990196,10.0,10.0,54.190961,0.0,54.190961,45.809039,32.084791,0.800303,6.326288,0.0,0.0
2026-09-01 20:23:05,108340.48,74999,375,70.306,84.7699,0.7,2.357733,,,,0.05,4.188062,0.418806,4e-05,1.554649,10.0,10.0,4.463735,0.0,4.463735,95.536265,72.564375,0.831605,6.941802,0.0,0.0
2026-09-01 20:27:58,108632.71,75199,376,-11.3775,86.6172,0.7,4.858777,,,,0.05,3.847073,0.384707,3.8e-05,1.225809,10.0,10.0,9.306102,0.0,9.306102,90.693898,68.509416,0.784712,6.941802,0.0,0.0
2026-09-01 20:32:51,108925.78,75399,377,74.7676,87.1986,0.7,5.181738,,,,0.05,4.441418,0.444142,3.8e-05,1.384139,10.0,10.0,4.472389,0.0,4.472389,95.527611,72.362501,0.766136,6.941802,0.0,0.0
2026-09-01 20:37:43,109218.46,75599,378,31.7607,84.6384,0.7,4.442679,,,,0.05,8.172668,0.817267,3.8e-05,2.628535,10.0,10.0,15.377672,0.0,15.377672,84.622328,63.465972,0.669869,6.941802,0.0,0.0
2026-09-01 20:42:36,109511.0,75799,379,246.7369,87.9273,0.7,33.571926,,,,0.05,9.173993,0.917399,3.8e-05,0.499808,4.0,7.0,0.0,0.0,0.0,100.0,76.47616,0.759733,6.941802,0.0,0.0
2026-09-01 20:47:29,109803.95,75999,380,-117.8459,87.493,0.7,3.392827,,,,0.05,6.964812,0.696481,1.559371,3.842934,10.0,10.0,24.017533,0.0,24.017533,75.982467,55.89616,0.626975,6.941802,0.0,0.0
2026-09-01 20:52:21,110096.11,76199,381,178.9327,88.5988,0.7,3.422534,,,,0.05,11.738714,1.173871,3.9e-05,2.607405,10.0,10.0,12.718413,0.0,12.718413,87.281587,65.567372,0.669482,6.941802,0.0,0.0
2026-09-01 20:57:13,110388.51,76399,382,288.4467,90.8314,0.7,4.526403,,,,0.05,12.000188,1.200019,3.9e-05,1.43564,10.0,10.0,4.094258,0.0,4.094258,95.905742,73.04692,0.684968,6.941802,0.0,0.0
2026-09-01 21:02:06,110681.59,76599,383,-22.95,88.844,0.7,4.318877,,,,0.05,7.09426,0.709426,3.6e-05,2.371994,10.0,10.0,17.152023,0.0,17.152023,82.847977,62.418625,0.724373,6.941802,0.0,0.0
2026-09-01 21:06:59,110973.88,76799,384,211.788,94.1941,0.7,3.843386,,,,0.05,9.867137,0.986714,3.9e-05,1.346255,10.0,10.0,6.260075,0.0,6.260075,93.739925,71.500994,0.608988,6.941802,0.0,0.0
2026-09-01 21:11:51,111266.5,76999,385,149.4118,95.7462,0.7,7.409505,,,,0.05,10.040966,1.004097,4.1e-05,1.035746,10.0,10.0,10.852213,0.0,10.852213,89.147787,64.755211,0.618285,6.941802,0.0,0.0
2026-09-01 21:16:44,111559.64,77199,386,-243.8415,91.1934,0.7,93.570419,,,,0.05,6.48389,0.648389,3.7e-05,2.475509,10.0,10.0,31.640457,0.0,31.640457,68.359543,51.374449,0.672218,6.941802,0.0,0.0
2026-09-01 21:21:38,111852.72,77399,387,184.7205,92.2739,0.7,6.434796,,,,0.05,9.846419,0.984642,1.91495,1.896039,8.0,10.0,7.952687,0.0,7.952687,92.047313,71.244569,0.588457,6.941802,0.0,0.0
2026-09-01 21:26:31,112145.88,77599,388,285.6527,95.0122,0.7,4.15276,,,,0.05,9.522205,0.952221,1.938,0.004223,0.0,0.0,0.0,0.0,0.0,100.0,77.29152,0.592075,6.941802,0.0,0.0
2026-09-01 21:31:24,112439.16,77799,389,-27.63,94.5174,0.7,4.423309,,,,0.05,5.001741,0.500174,4e-05,0.985072,10.0,10.0,13.077,0.0,13.077,86.923,66.366697,0.651965,6.941802,0.0,0.0
2026-09-01 21:36:16,112731.23,77999,390,-301.1365,91.7419,0.7,3.422255,,,,0.05,2.865209,0.286521,3.6e-05,1.720657,10.0,10.0,27.967897,0.0,27.967897,72.032103,53.58691,0.872792,6.941802,0.0,0.0
2026-09-01 21:41:09,113024.17,78199,391,-395.8809,87.7892,0.7,4.308519,,,,0.05,5.908863,0.590886,6e-06,3.112908,10.0,10.0,39.811044,0.0,39.811044,60.188956,43.778693,0.557302,6.941802,0.0,0.0
2026-09-01 21:46:02,113317.36,78399,392,-177.9055,83.445,0.7,6.269478,,,,0.05,4.064244,0.406424,3.8e-05,4.078404,10.0,10.0,21.914844,0.0,21.914844,78.085156,57.874014,0.746334,6.941802,0.0,0.0
2026-09-01 21:50:54,113609.63,78599,393,-143.3578,78.9903,0.7,8.486233,,,,0.05,8.928044,0.892804,1e-05,2.238098,10.0,10.0,29.244076,0.0,29.244076,70.755924,51.798479,0.57573,6.941802,0.0,0.0
2026-09-01 21:55:47,113902.57,78799,394,127.7206,84.9265,0.7,3.593074,,,,0.05,6.540789,0.654079,3.9e-05,3.131384,10.0,10.0,5.328964,0.0,5.328964,94.671036,70.706793,0.645418,6.941802,0.0,0.0
2026-09-01 22:00:40,114195.27,78999,395,8.7899,81.6161,0.7,3.098758,,,,0.05,8.65894,0.865894,1.2e-05,3.682634,10.0,10.0,18.121883,0.0,18.121883,81.878117,60.818734,0.624342,6.941802,0.0,0.0
2026-09-01 22:05:32,114487.42,79199,396,33.5261,79.5404,0.7,3.778621,,,,0.05,8.111988,0.811199,3.9e-05,2.872336,10.0,10.0,14.839507,0.0,14.839507,85.160493,63.808391,0.716756,6.941802,0.0,0.0
2026-09-01 22:10:26,114780.7,79399,397,-510.1593,72.8302,0.7,6.735259,,,,0.05,4.145831,0.414583,3.6e-05,5.379442,10.0,10.0,44.849345,0.0,44.849345,55.150655,39.212897,0.70389,6.941802,0.0,0.0
2026-09-01 22:15:18,115073.43,79599,398,197.7445,75.5745,0.7,6.438768,,,,0.05,8.380095,0.838009,3.9e-05,1.297718,10.0,10.0,4.063363,0.0,4.063363,95.936637,73.159377,0.603323,6.941802,0.0,0.0
2026-09-01 22:20:11,115365.71,79799,399,75.5864,76.2918,0.7,4.184134,,,,0.05,9.277036,0.927704,1.4e-05,1.079828,10.0,10.0,14.178474,0.0,14.178474,85.821526,64.085676,0.641342,6.941802,0.0,0.0
2026-09-01 22:25:04,115658.77,79999,400,312.5501,76.4027,0.7,2.766311,,,,0.05,10.91558,1.091558,1.935,0.270286,2.0,4.0,0.0,0.0,0.0,100.0,76.757268,0.704939,6.941802,0.0,0.0
2026-09-01 22:29:56,115951.46,80199,401,313.3653,79.2354,0.7,4.487139,,,,0.05,10.810741,1.081074,4e-05,0.067866,0.0,2.0,0.0,0.0,0.0,100.0,76.70656,0.721787,6.941802,0.0,0.0
2026-09-01 22:34:48,116243.68,80399,402,213.6224,81.0404,0.7,13.215549,,,,0.05,8.242971,0.824297,3.9e-05,1.275231,10.0,10.0,2.47927,0.0,2.47927,97.52073,73.915755,0.627349,6.941802,0.0,0.0
2026-09-01 22:39:41,116536.62,80599,403,263.7981,81.3946,0.7,3.760008,,,,0.05,8.86989,0.886989,4.1e-05,0.008791,0.0,0.0,0.0,0.0,0.0,100.0,76.73216,0.625512,6.941802,0.0,0.0
2026-09-01 22:44:34,116829.37,80799,404,247.7086,83.0563,0.7,4.031526,,,,0.05,8.343881,0.834388,3.8e-05,0.95704,6.0,8.0,0.097149,0.0,0.097149,99.902851,75.563479,0.633888,6.941802,0.0,0.0
2026-09-01 22:49:27,117122.04,80999,405,138.3376,80.5666,0.7,4.404516,,,,0.05,4.611255,0.461125,3.9e-05,0.701329,4.0,7.0,0.0,0.0,0.0,100.0,76.76032,0.767839,6.941802,0.0,0.0
2026-09-01 22:54:20,117415.27,81199,406,185.6593,78.2233,0.7,2.669382,,,,0.05,6.646174,0.664617,3.8e-05,1.316789,10.0,10.0,1.098718,0.0,1.098718,98.901282,75.094855,0.698581,6.941802,0.0,0.0
2026-09-01 22:59:13,117708.28,81399,407,33.2516,75.0531,0.7,2.625531,,,,0.05,6.722814,0.672281,4.2e-05,1.015893,10.0,10.0,12.157443,0.0,12.157443,87.842557,66.608094,0.616384,6.941802,0.0,0.0
2026-09-01 23:04:06,118001.39,81599,408,31.6988,73.9525,0.7,6.071342,,,,0.05,7.105553,0.710555,4.1e-05,0.838443,10.0,10.0,13.038861,0.0,13.038861,86.961139,66.604251,0.592879,6.941802,0.0,0.0
2026-09-01 23:08:59,118294.52,81799,409,7.9476,72.8926,0.7,3.07236,,,,0.05,7.659119,0.765912,3.8e-05,1.817198,10.0,10.0,15.932991,0.0,15.932991,84.067009,63.783731,0.576902,6.941802,0.0,0.0
2026-09-01 23:13:52,118586.94,81999,410,-368.9975,69.5034,0.7,4.812289,,,,0.05,3.805645,0.380565,3.6e-05,6.077136,10.0,10.0,35.102359,0.0,35.102359,64.897641,48.077706,0.754277,6.941802,0.0,0.0
2026-09-01 23:18:45,118879.74,82199,411,-189.2907,67.1012,0.7,4.708663,,,,0.05,5.208523,0.520852,3.8e-05,2.382088,10.0,10.0,25.069273,0.0,25.069273,74.930727,55.567657,0.510221,6.941802,0.0,0.0
2026-09-01 23:23:37,119172.58,82399,412,132.6042,66.0152,0.7,4.333894,,,,0.05,5.137298,0.51373,3.8e-05,1.53522,10.0,10.0,1.728444,0.0,1.728444,98.271556,74.797691,0.699708,6.941802,0.0,0.0
2026-09-01 23:28:30,119465.13,82599,413,-403.3982,61.0318,0.7,2.628771,,,,0.05,2.413684,0.241368,3.5e-05,6.621867,10.0,10.0,34.387035,0.0,34.387035,65.612965,47.558442,0.904624,6.941802,0.0,0.0
2026-09-01 23:33:23,119758.03,82799,414,178.2528,61.4728,0.7,2.198215,,,,0.05,6.004362,0.600436,4.3e-05,0.004933,0.0,0.0,0.0,0.0,0.0,100.0,76.80768,0.636152,6.941802,0.0,0.0
2026-09-01 23:38:16,120051.31,82999,415,84.5976,61.5245,0.7,4.664723,,,,0.05,6.055876,0.605588,4.1e-05,1.372424,10.0,10.0,7.195455,0.0,7.195455,92.804545,70.595856,0.59752,6.941802,0.0,0.0
2026-09-01 23:43:09,120344.16,83199,416,91.6805,62.323,0.7,3.939072,,,,0.05,4.529884,0.452988,3.9e-05,2.891394,10.0,10.0,3.46221,0.0,3.46221,96.53779,73.018927,0.772796,6.941802,0.0,0.0
2026-09-01 23:48:02,120636.95,83399,417,-190.0077,59.446,0.7,4.040053,,,,0.05,5.552273,0.555227,4.1e-05,1.91595,10.0,10.0,25.848139,0.0,25.848139,74.151861,55.394605,0.552582,6.941802,0.0,0.0
2026-09-01 23:52:55,120930.27,83599,418,-171.3189,57.3837,0.7,6.494413,,,,0.05,4.138683,0.413868,3.8e-05,2.07535,10.0,10.0,21.647341,0.0,21.647341,78.352659,58.87708,0.756071,6.941802,0.0,0.0
2026-09-01 23:57:47,121222.69,83799,419,233.9473,61.3679,0.7,6.657543,,,,0.05,8.711565,0.871156,3.6e-05,1.843848,9.0,10.0,2.097484,0.0,2.097484,97.902516,74.443279,0.672065,6.941802,0.0,0.0
2026-09-02 00:02:41,121515.72,83999,420,-109.996,60.992,0.7,5.555055,,,,0.05,9.668342,0.966834,4.1e-05,3.503706,10.0,10.0,28.735957,0.0,28.735957,71.264043,53.678027,0.574546,6.941802,0.0,0.0
2026-09-02 00:07:33,121808.69,84199,421,-30.7651,60.9816,0.7,2.088714,,,,0.05,5.824648,0.582465,7e-06,2.615527,10.0,10.0,14.785095,0.0,14.785095,85.214905,63.815556,0.793191,6.941802,0.0,0.0
2026-09-02 00:12:26,122100.98,84399,422,147.5744,63.4374,0.7,4.560439,,,,0.05,10.476498,1.04765,3.7e-05,1.346503,10.0,10.0,11.002531,0.0,11.002531,88.997469,65.04775,0.720573,6.941802,0.0,0.0
2026-09-02 00:17:18,122393.67,84599,423,9.9152,61.887,0.7,3.982898,,,,0.05,10.75315,1.075315,3.9e-05,2.106989,10.0,10.0,19.737787,0.0,19.737787,80.262213,60.057079,0.712922,6.941802,0.0,0.0
2026-09-02 00:22:12,122687.03,84799,424,133.8225,65.4733,0.7,4.795843,,,,0.05,8.541142,0.854114,4e-05,1.515919,10.0,10.0,9.053058,0.0,9.053058,90.946942,68.276625,0.656403,6.941802,0.0,0.0
2026-09-02 00:27:05,122979.83,84999,425,96.0124,63.9671,0.7,11.065099,,,,0.05,6.347285,0.634728,3.8e-05,1.528846,10.0,10.0,7.152269,0.0,7.152269,92.847731,70.482088,0.615689,6.941802,0.0,0.0
2026-09-02 00:31:58,123272.9,85199,426,-497.5295,61.1716,0.7,5.779117,,,,0.05,4.528945,0.452895,3.8e-05,3.07479,10.0,10.0,45.627244,0.0,45.627244,54.372756,39.676126,0.695311,6.941802,0.0,0.0
2026-09-02 00:36:50,123565.59,85399,427,157.4599,62.6099,0.7,4.727477,,,,0.05,5.730483,0.573048,1.8e-05,0.3946,3.0,9.0,1.013469,0.0,1.013469,98.986531,74.856976,0.739964,6.941802,0.0,0.0
2026-09-02 00:41:43,123858.61,85599,428,-105.5992,59.6184,0.7,6.502718,,,,0.05,3.861815,0.386182,1.3e-05,2.675983,10.0,10.0,16.365808,0.0,16.365808,83.634192,62.920862,0.802483,6.941802,0.0,0.0
2026-09-02 00:46:36,124151.31,85799,429,153.9167,58.324,0.7,4.061591,,,,0.05,9.968533,0.996853,1.3e-05,2.792627,10.0,10.0,10.180564,0.0,10.180564,89.819436,67.996873,0.666465,6.941802,0.0,0.0
2026-09-02 00:51:29,124444.58,85999,430,-127.3007,54.6575,0.7,9.034698,,,,0.05,6.932346,0.693235,1.3e-05,1.800607,10.0,10.0,24.18485,0.0,24.18485,75.81515,57.09792,0.683379,6.941802,0.0,0.0
2026-09-02 00:56:22,124737.31,86199,431,32.008,52.3624,0.7,6.320778,,,,0.05,9.416123,0.941612,0.697442,0.184925,1.0,10.0,18.00911,0.0,18.00911,81.99089,62.663354,0.519269,6.941802,0.0,0.0
2026-09-02 01:01:14,125029.64,86399,432,-550.9622,48.8194,0.7,4.120482,,,,0.05,6.931238,0.693124,3.9e-05,4.571711,10.0,10.0,54.023388,0.0,54.023388,45.976612,33.226626,0.515112,6.941802,0.0,0.0
2026-09-02 01:06:08,125322.81,86599,433,31.8431,47.471,0.7,3.769741,,,,0.05,7.576882,0.757688,3.9e-05,4.174626,10.0,10.0,14.333389,0.0,14.333389,85.666611,64.13069,0.712281,6.941802,0.0,0.0
2026-09-02 01:11:00,125615.64,86799,434,128.3587,47.1621,0.7,5.023106,,,,0.05,10.796428,1.079643,3.8e-05,0.679176,10.0,10.0,14.211323,0.0,14.211323,85.788677,65.34475,0.607132,6.941802,0.0,0.0
2026-09-02 01:15:53,125908.44,86999,435,238.2287,48.0249,0.7,3.91381,,,,0.05,8.797365,0.879736,4.1e-05,1.532361,10.0,10.0,2.06845,0.0,2.06845,97.93155,74.52111,0.64328,6.941802,0.0,0.0
2026-09-02 01:20:46,126201.1,87199,436,360.6325,54.3846,0.7,3.500271,,,,0.05,12.196135,1.219614,3.9e-05,1.065744,5.0,8.0,0.0,0.0,0.0,100.0,76.283175,0.592546,6.941802,0.0,0.0
2026-09-02 01:25:39,126494.11,87399,437,-178.1701,52.6607,0.7,5.074964,,,,0.05,5.358889,0.535889,3.8e-05,2.448401,10.0,10.0,24.70203,0.0,24.70203,75.29797,56.021662,0.699291,6.941802,0.0,0.0
2026-09-02 01:30:31,126786.67,87599,438,59.6361,50.5507,0.7,5.090428,,,,0.05,6.095964,0.609596,4e-05,1.298935,10.0,10.0,8.256225,0.0,8.256225,91.743775,69.931505,0.704983,7.740181,0.0,0.0
2026-09-02 01:35:24,127079.1,87799,439,-370.395,44.1526,0.7,4.809847,,,,0.05,6.452486,0.645249,1.1e-05,3.680656,10.0,10.0,36.017083,0.0,36.017083,63.982917,47.829934,0.629236,7.740181,0.0,0.0
2026-09-02 01:40:16,127371.39,87999,440,211.2016,43.37,0.7,5.274721,,,,0.05,7.751142,0.775114,3.8e-05,1.120934,8.0,10.0,1.319292,0.0,1.319292,98.680708,73.911586,0.645008,7.740181,0.0,0.0
2026-09-02 01:45:09,127664.2,88199,441,250.8212,42.6787,0.7,7.340364,,,,0.05,8.626142,0.862614,3.9e-05,0.65188,4.0,5.0,0.0,0.0,0.0,100.0,76.466808,0.632746,7.740181,0.0,0.0
2026-09-02 01:50:02,127956.97,88399,442,-92.434,39.1873,0.7,4.960781,,,,0.05,5.690623,0.569062,3.8e-05,1.142108,5.0,10.0,16.919352,0.0,16.919352,83.080648,62.385991,0.685199,7.740181,0.0,0.0
2026-09-02 01:54:54,128249.31,88599,443,-6.8753,38.1286,0.7,5.659445,,,,0.05,6.3133,0.63133,1.5e-05,0.861788,10.0,10.0,11.953168,0.0,11.953168,88.046832,66.863562,0.752549,7.740181,0.0,0.0
2026-09-02 01:59:47,128541.99,88799,444,-598.7319,29.1921,0.7,4.326701,,,,0.05,3.614794,0.361479,3.6e-05,4.392486,10.0,10.0,45.47514,0.0,45.47514,54.52486,39.68559,0.742833,7.740181,0.0,0.0
2026-09-02 02:04:40,128835.17,88999,445,-166.5451,28.5518,0.7,4.487608,,,,0.05,8.262878,0.826288,3.9e-05,1.538049,10.0,10.0,26.679654,0.0,26.679654,73.320346,54.933545,0.500411,7.740181,0.0,0.0
2026-09-02 02:09:33,129128.33,89199,446,64.3524,28.722,0.7,5.73944,,,,0.05,8.712165,0.871217,3.8e-05,0.858051,10.0,10.0,12.760967,0.0,12.760967,87.239033,66.301663,0.534205,7.740181,0.0,0.0
2026-09-02 02:14:26,129420.96,89399,447,-295.9911,24.1373,0.7,4.215973,,,,0.05,7.323867,0.732387,3.9e-05,3.434849,10.0,10.0,33.671957,0.0,33.671957,66.328043,48.828849,0.567035,7.740181,0.0,0.0
2026-09-02 02:19:19,129713.76,89599,448,302.6479,27.0363,0.7,4.768702,,,,0.05,10.289766,1.028977,4e-05,1.00475,8.0,9.0,0.220253,0.0,0.220253,99.779747,76.539587,0.536867,7.740181,0.0,0.0
2026-09-02 02:24:12,130007.09,89799,449,107.2548,26.9021,0.7,3.653027,,,,0.05,6.658189,0.665819,1.1e-05,1.676426,10.0,10.0,6.069037,0.0,6.069037,93.930963,71.053965,0.689116,7.740181,0.0,0.0
2026-09-02 02:29:05,130300.03,89999,450,19.6279,24.6776,0.7,4.270638,,,,0.05,6.394764,0.639476,4.1e-05,1.175703,10.0,10.0,10.852441,0.0,10.852441,89.147559,67.409758,0.730137,7.740181,0.0,0.0
2026-09-02 02:33:58,130592.71,90199,451,-114.37,20.3142,0.7,2.329603,,,,0.05,4.669883,0.466988,3.9e-05,3.78116,10.0,10.0,16.782902,0.0,16.782902,83.217098,62.651922,0.79354,7.740181,0.0,0.0
2026-09-02 02:38:51,130885.76,90399,452,162.7666,23.463,0.7,5.462406,,,,0.05,6.148966,0.614897,3.9e-05,1.475679,8.0,9.0,1.597892,0.0,1.597892,98.402108,74.814005,0.739551,7.740181,0.0,0.0
2026-09-02 02:43:44,131178.97,90599,453,-344.9075,17.8305,0.7,5.838721,,,,0.05,5.667796,0.56678,3.6e-05,5.098642,10.0,10.0,32.898203,0.0,32.898203,67.101797,49.618778,0.779359,7.740181,0.0,0.0
2026-09-02 02:48:36,131471.52,90799,454,219.5379,19.191,0.7,4.488641,,,,0.05,9.866354,0.986635,3.6e-05,1.460772,10.0,10.0,4.196423,0.0,4.196423,95.803577,72.783207,0.728513,7.740181,0.0,0.0
2026-09-02 02:53:29,131763.83,90999,455,-114.6557,18.4234,0.7,5.330714,,,,0.05,8.348248,0.834825,1.3e-05,1.822965,10.0,10.0,23.323003,0.0,23.323003,76.676997,57.432176,0.596612,7.740181,0.0,0.0
2026-09-02 02:58:22,132056.83,91199,456,-118.2858,17.5653,0.7,4.994179,,,,0.05,7.235371,0.723537,3.8e-05,4.380786,10.0,10.0,22.059435,0.0,22.059435,77.940565,57.875524,0.67098,7.740181,0.0,0.0
2026-09-02 03:03:14,132349.69,91399,457,331.73,18.1985,0.7,4.331124,,,,0.05,11.490221,1.149022,3.7e-05,0.125145,1.0,2.0,0.0,0.0,0.0,100.0,76.977329,0.655742,7.740181,0.0,0.0
2026-09-02 03:08:07,132642.25,91599,458,-271.5121,17.003,0.7,4.514799,,,,0.05,5.625487,0.562549,3.6e-05,2.448755,10.0,10.0,28.4786,0.0,28.4786,71.5214,53.383775,0.657026,7.740181,0.0,0.0
2026-09-02 03:13:00,132935.29,91799,459,-373.0898,14.1176,0.7,7.475697,,,,0.05,4.428912,0.442891,3.6e-05,1.635085,10.0,10.0,32.376968,0.0,32.376968,67.623032,48.764749,0.633727,7.740181,0.0,0.0
2026-09-02 03:17:53,133228.08,91999,460,-31.1038,10.8635,0.7,3.680902,,,,0.05,5.286083,0.528608,3.9e-05,1.067199,10.0,10.0,12.352072,0.0,12.352072,87.647928,66.884599,0.728794,7.740181,0.0,0.0
2026-09-02 03:22:45,133520.65,92199,461,-107.7137,7.7488,0.7,3.989838,,,,0.05,4.465977,0.446598,1.2e-05,0.540517,3.0,10.0,15.492887,0.0,15.492887,84.507113,63.77686,0.758606,7.740181,0.0,0.0
2026-09-02 03:27:38,133812.96,92399,462,-72.6534,2.7837,0.7,3.492797,,,,0.05,2.82747,0.282747,7e-06,1.745885,10.0,10.0,10.201829,0.0,10.201829,89.798171,68.07282,0.842053,7.740181,0.0,0.0
2026-09-02 03:32:30,134105.28,92599,463,-635.5939,-2.158,0.7,7.493806,,,,0.05,2.299992,0.229999,1.9e-05,3.693041,10.0,10.0,45.072687,0.0,45.072687,54.927313,39.886513,0.778522,7.740181,0.0,0.0
2026-09-02 03:37:23,134398.0,92799,464,-399.8039,-9.7596,0.7,9.725225,,,,0.05,4.064596,0.40646,1.1e-05,3.431386,10.0,10.0,33.67335,0.0,33.67335,66.32665,48.623798,0.783101,7.740181,0.0,0.0
2026-09-02 03:42:15,134690.58,92999,465,-618.9415,-16.9645,0.7,5.654131,,,,0.05,5.084651,0.508465,5e-06,4.952416,10.0,10.0,48.492416,0.0,48.492416,51.507584,36.995367,0.635839,7.740181,0.0,0.0
2026-09-02 03:47:07,134982.58,93199,466,-35.4293,-18.6175,0.7,3.157254,,,,0.05,7.398,0.7398,3.7e-05,0.35675,1.0,10.0,16.552113,0.0,16.552113,83.447887,63.643221,0.608409,7.740181,0.0,0.0
2026-09-02 03:52:00,135274.81,93399,467,230.6007,-17.1042,0.7,4.937964,,,,0.05,7.959196,0.79592,3.9e-05,0.567135,5.0,9.0,0.195896,0.0,0.195896,99.804104,76.951044,0.732716,7.740181,0.0,0.0
2026-09-02 03:56:52,135567.42,93599,468,232.8308,-17.4991,0.7,3.272927,,,,0.05,7.934831,0.793483,3.9e-05,0.160729,1.0,1.0,0.0,0.0,0.0,100.0,76.88192,0.620129,7.740181,0.0,0.0
2026-09-02 04:01:45,135859.9,93799,469,-115.4838,-15.3537,0.7,6.214159,,,,0.05,6.282775,0.628277,0.185324,1.314364,10.0,10.0,20.015035,0.0,20.015035,79.984965,59.844415,0.500259,7.740181,0.0,0.0
2026-09-02 04:06:37,136152.19,93999,470,-27.4278,-17.7011,0.7,5.438726,,,,0.05,7.768752,0.776875,1.3e-05,2.412155,10.0,10.0,16.613515,0.0,16.613515,83.386485,62.194169,0.698904,7.740181,0.0,0.0
2026-09-02 04:11:30,136445.57,94199,471,319.9289,-16.6922,0.7,4.3296,,,,0.05,11.458143,1.145814,1.5e-05,1.636678,10.0,10.0,0.943618,0.0,0.943618,99.056382,75.14204,0.616384,7.740181,0.0,0.0
2026-09-02 04:16:24,136738.7,94399,472,-114.8747,-18.8829,0.7,3.617651,,,,0.05,12.584789,1.258479,4.2e-05,1.649593,10.0,10.0,31.481419,0.0,31.481419,68.518581,50.671111,0.563901,7.740181,0.0,0.0
2026-09-02 04:21:16,137031.23,94599,473,81.4114,-18.0709,0.7,4.584802,,,,0.05,11.724415,1.172441,1e-05,2.506839,10.0,10.0,16.611552,0.0,16.611552,83.388448,62.162964,0.696562,7.740181,0.0,0.0
2026-09-02 04:26:08,137323.41,94799,474,296.7581,-8.8645,0.7,6.099917,,,,0.05,9.98567,0.998567,4.1e-05,0.539387,3.0,5.0,0.0,0.0,0.0,100.0,76.614493,0.529504,7.740181,0.0,0.0
2026-09-02 04:31:01,137616.1,94999,475,-553.8592,-15.1061,0.7,3.289532,,,,0.05,5.356469,0.535647,3.8e-05,2.720272,10.0,10.0,45.654094,0.0,45.654094,54.345906,39.411983,0.496187,7.740181,0.0,0.0
2026-09-02 04:35:53,137908.62,95199,476,172.2569,-13.2698,0.7,5.563675,,,,0.05,8.977475,0.897747,3.8e-05,1.266911,10.0,10.0,6.326026,0.0,6.326026,93.673974,71.593277,0.645936,7.740181,0.0,0.0
2026-09-02 04:40:46,138201.2,95399,477,282.9311,-11.1882,0.7,5.521693,,,,0.05,9.605066,0.960507,3.8e-05,0.497,4.0,5.0,0.0,0.0,0.0,100.0,77.024343,0.562849,7.740181,0.0,0.0
2026-09-02 04:45:38,138493.4,95599,478,89.8461,-10.6073,0.7,4.098684,,,,0.05,9.729064,0.972906,1.2e-05,0.779823,10.0,10.0,13.142497,0.0,13.142497,86.857503,66.344511,0.708281,7.740181,0.0,0.0
2026-09-02 04:50:31,138785.8,95799,479,-389.9648,-16.9743,0.7,6.782096,,,,0.05,11.537706,1.153771,3.6e-05,2.488132,10.0,10.0,46.778912,0.0,46.778912,53.221088,37.262169,0.532694,7.740181,0.0,0.0
2026-09-02 04:55:23,139078.47,95999,480,410.2898,-11.693,0.7,5.599431,,,,0.05,14.62867,1.462867,4e-05,0.388946,2.0,5.0,0.0,0.0,0.0,100.0,76.93568,0.642687,7.740181,0.0,0.0
2026-09-02 05:00:16,139370.91,96199,481,393.3976,-9.5483,0.7,3.446445,,,,0.05,13.182776,1.318278,1.93195,0.764273,7.0,9.0,0.008342,0.0,0.008342,99.991658,76.04959,0.570122,7.740181,0.0,0.0
2026-09-02 05:05:08,139663.35,96399,482,63.8072,-11.7947,0.7,4.586236,,,,0.05,8.899692,0.889969,4.4e-05,0.663772,10.0,10.0,13.235834,0.0,13.235834,86.764166,65.885898,0.549485,7.740181,0.0,0.0
2026-09-02 05:10:01,139955.83,96599,483,59.2834,-10.9724,0.7,3.737179,,,,0.05,6.873403,0.68734,1.5e-05,1.0545,10.0,10.0,9.639078,0.0,9.639078,90.360922,68.546594,0.706466,7.740181,0.0,0.0
2026-09-02 05:14:53,140248.55,96799,484,-223.1756,-15.322,0.7,4.717329,,,,0.05,6.262431,0.626243,3.7e-05,1.597151,10.0,10.0,26.343888,0.0,26.343888,73.656112,54.889847,0.702263,7.740181,0.0,0.0
2026-09-02 05:19:46,140540.95,96999,485,75.4523,-16.0616,0.7,10.588861,,,,0.05,4.714131,0.471413,4.1e-05,2.054341,10.0,10.0,4.162275,0.0,4.162275,95.837725,70.180522,0.61135,7.740181,0.0,0.0
2026-09-02 05:24:38,140833.55,97199,486,-698.3596,-20.6068,0.7,4.577062,,,,0.05,2.378082,0.237808,3.6e-05,5.450621,10.0,10.0,49.830582,0.0,49.830582,50.169418,35.527458,0.906695,7.740181,0.0,0.0
2026-09-02 05:29:31,141126.16,97399,487,139.7368,-21.0566,0.7,5.060323,,,,0.05,4.657894,0.465789,1.3e-05,0.231614,2.0,3.0,0.0,0.0,0.0,100.0,76.251324,0.799921,7.740181,0.0,0.0
2026-09-02 05:34:23,141418.61,97599,488,148.4456,-22.4287,0.7,3.421361,,,,0.05,5.591099,0.55911,4e-05,0.346906,2.0,8.0,1.519381,0.0,1.519381,98.480619,75.415054,0.731327,7.740181,0.0,0.0
2026-09-02 05:39:16,141711.13,97799,489,-295.0185,-25.1026,0.7,5.589115,,,,0.05,5.100397,0.51004,3.7e-05,1.253313,10.0,10.0,29.04459,0.0,29.04459,70.95541,53.004257,0.589912,7.740181,0.0,0.0
2026-09-02 05:44:08,142003.62,97999,490,-691.012,-29.0013,0.7,3.925323,,,,0.05,3.129997,0.313,6e-06,5.265299,10.0,10.0,50.686415,0.0,50.686415,49.313585,35.192342,0.785533,7.740181,0.0,0.0
2026-09-02 05:49:02,142296.72,98199,491,122.4057,-23.8185,0.7,5.62317,,,,0.05,4.156396,0.41564,1.3e-05,0.654558,4.0,9.0,0.100323,0.0,0.100323,99.899677,76.358876,0.777979,7.740181,0.0,0.0
2026-09-02 05:53:55,142589.78,98399,492,90.3498,-21.1359,0.7,4.788622,,,,0.05,4.123514,0.412351,9e-06,1.425055,10.0,10.0,2.373738,0.0,2.373738,97.626262,74.010793,0.748613,7.740181,0.0,0.0
2026-09-02 05:58:47,142882.12,98599,493,225.325,-17.4491,0.7,4.835569,,,,0.05,7.714626,0.771463,3.9e-05,0.096808,1.0,1.0,0.0,0.0,0.0,100.0,76.913292,0.606785,7.740181,0.0,0.0
2026-09-02 06:03:40,143174.75,98799,494,176.3439,-16.9629,0.7,6.106036,,,,0.05,8.473559,0.847356,9e-06,1.42883,10.0,10.0,4.404378,0.0,4.404378,95.595622,72.805178,0.676609,7.740181,0.0,0.0
2026-09-02 06:08:32,143467.55,98999,495,-803.6493,-25.0872,0.7,4.326854,,,,0.05,2.137385,0.213738,3.7e-05,4.932506,10.0,10.0,56.214948,0.0,56.214948,43.785052,30.720428,0.87832,7.740181,0.0,0.0
2026-09-02 06:13:25,143760.07,99199,496,-380.9855,-29.2324,0.7,3.128572,,,,0.05,4.959789,0.495979,3.5e-05,2.276712,10.0,10.0,34.473864,0.0,34.473864,65.526136,48.434829,0.674826,7.740181,0.0,0.0
2026-09-02 06:18:18,144052.69,99399,497,142.1723,-22.709,0.7,4.053552,,,,0.05,6.999634,0.699963,3.8e-05,1.484163,10.0,10.0,4.327586,0.0,4.327586,95.672414,72.978396,0.762696,7.740181,0.0,0.0
2026-09-02 06:23:10,144345.62,99599,498,138.5489,-23.301,0.7,5.842978,,,,0.05,4.867729,0.486773,9e-06,1.422775,10.0,10.0,0.466861,0.0,0.466861,99.533139,75.693428,0.760142,7.740181,0.0,0.0
2026-09-02 06:28:04,144638.93,99799,499,-140.6198,-25.4631,0.7,6.416407,,,,0.05,4.49484,0.449484,3.7e-05,0.144145,0.0,9.0,17.667035,0.0,17.667035,82.332965,62.297722,0.665184,7.740181,0.0,0.0
2026-09-02 06:32:56,144931.6,99999,500,221.2668,-26.3759,0.7,5.397107,,,,0.05,7.689236,0.768924,3.9e-05,1.368752,9.0,10.0,0.612442,0.0,0.612442,99.387558,75.760226,0.666629,8.902265,0.0,0.0
2026-09-02 06:37:49,145224.12,100199,501,114.2292,-28.3673,0.7,6.099649,,,,0.05,4.541248,0.454125,4e-05,1.33206,10.0,10.0,1.122677,0.0,1.122677,98.877323,75.060064,0.777737,8.902265,0.0,0.0
2026-09-02 06:42:43,145517.76,100399,502,-22.1216,-30.7247,0.7,3.004423,,,,0.05,3.688805,0.368881,3.9e-05,1.232746,10.0,10.0,7.645142,0.0,7.645142,92.354858,70.062713,0.696196,8.902265,0.0,0.0
2026-09-02 06:47:36,145811.04,100599,503,-276.6446,-36.1291,0.7,6.866336,,,,0.05,5.879535,0.587953,1e-05,1.811137,10.0,10.0,25.638502,0.0,25.638502,74.361498,55.704252,0.674913,8.902265,0.0,0.0
2026-09-02 06:52:29,146103.81,100799,504,-16.8336,-38.7745,0.7,9.347335,,,,0.05,4.565907,0.456591,3.9e-05,1.080774,10.0,10.0,8.83444,0.0,8.83444,91.16556,69.402678,0.574894,8.902265,0.0,0.0
2026-09-02 06:57:21,146396.24,100999,505,-3.9517,-40.1974,0.7,3.348054,,,,0.05,5.992283,0.599228,8e-06,0.948702,10.0,10.0,10.396922,0.0,10.396922,89.603078,68.210792,0.714978,8.902265,0.0,0.0
2026-09-02 07:02:14,146689.15,101199,506,238.3179,-39.6709,0.7,3.981618,,,,0.05,8.033507,0.803351,4.1e-05,0.148543,1.0,2.0,0.0,0.0,0.0,100.0,76.864,0.707001,8.902265,0.0,0.0
2026-09-02 07:07:08,146982.79,101399,507,167.6934,-38.3264,0.7,3.736866,,,,0.05,7.36341,0.736341,7e-06,2.385722,10.0,10.0,3.05503,0.0,3.05503,96.94497,73.761606,0.727668,8.902265,0.0,0.0
2026-09-02 07:12:00,147275.27,101599,508,-343.4742,-42.0782,0.7,6.126439,,,,0.05,4.855139,0.485514,3.8e-05,1.433628,10.0,10.0,27.318333,0.0,27.318333,72.681667,54.545164,0.662795,8.902265,0.0,0.0
2026-09-02 07:16:53,147568.02,101799,509,-142.3506,-43.5811,0.7,5.02756,,,,0.05,3.826523,0.382652,3.7e-05,2.727604,10.0,10.0,14.584829,0.0,14.584829,85.415171,64.010005,0.811974,8.902265,0.0,0.0
2026-09-02 07:21:45,147860.63,101999,510,184.0337,-38.0508,0.7,5.373207,,,,0.05,6.182111,0.618211,3.9e-05,0.765225,3.0,5.0,0.0,0.0,0.0,100.0,75.922383,0.623179,8.902265,0.0,0.0
2026-09-02 07:26:39,148154.01,102199,511,-99.274,-37.1507,0.7,4.116896,,,,0.05,3.249918,0.324992,1.1e-05,5.054187,10.0,10.0,11.517486,0.0,11.517486,88.482514,66.046779,0.810138,8.902265,0.0,0.0
2026-09-02 07:31:31,148446.33,102399,512,-67.5576,-39.1523,0.7,4.013313,,,,0.05,5.985859,0.598586,3.8e-05,0.59828,10.0,10.0,13.896918,0.0,13.896918,86.103082,65.277913,0.59624,8.902265,0.0,0.0
2026-09-02 07:36:24,148739.45,102599,513,-585.6299,-40.9746,0.7,4.994247,,,,0.05,4.815735,0.481573,3.7e-05,2.804824,10.0,10.0,40.072292,0.0,40.072292,59.927708,43.706467,0.768337,8.902265,0.0,0.0
2026-09-02 07:41:17,149032.66,102799,514,-117.0635,-43.9278,0.7,5.882494,,,,0.05,7.118406,0.711841,1.1e-05,2.418691,10.0,10.0,18.889426,0.0,18.889426,81.110574,60.935073,0.659804,8.902265,0.0,0.0
2026-09-02 07:46:10,149325.49,102999,515,-452.6145,-49.2999,0.7,3.433774,,,,0.05,6.001991,0.600199,1e-05,0.402847,1.0,10.0,35.228562,0.0,35.228562,64.771438,48.278937,0.646742,8.902265,0.0,0.0
2026-09-02 07:51:04,149618.71,103199,516,252.0925,-47.6958,0.7,3.826572,,,,0.05,9.45287,0.945287,3.9e-05,0.769525,4.0,8.0,0.157291,0.0,0.157291,99.842709,76.375884,0.806761,8.902265,0.0,0.0
2026-09-02 07:55:56,149911.67,103399,517,-116.6001,-46.9617,0.7,4.284825,,,,0.05,3.013374,0.301337,3.9e-05,4.657559,10.0,10.0,12.086051,0.0,12.086051,87.913949,64.8762,0.866069,8.902265,0.0,0.0
2026-09-02 08:00:49,150203.94,103599,518,-7.3128,-45.3216,0.7,2.536421,,,,0.05,5.419652,0.541965,4e-05,2.185172,10.0,10.0,9.752063,0.0,9.752063,90.247937,67.687504,0.683738,8.902265,0.0,0.0
2026-09-02 08:05:42,150496.82,103799,519,-77.6199,-48.4373,0.7,2.988465,,,,0.05,6.59034,0.659034,4e-05,0.502362,2.0,10.0,15.112454,0.0,15.112454,84.887546,64.315252,0.626984,8.902265,0.0,0.0
2026-09-02 08:10:34,150789.26,103999,520,264.2708,-44.6946,0.7,4.699795,,,,0.05,8.809028,0.880903,1.93095,0.3485,3.0,4.0,0.0,0.0,0.0,100.0,76.517597,0.454543,8.902265,0.0,0.0
2026-09-02 08:15:27,151081.75,104199,521,255.4403,-41.8326,0.7,31.586561,,,,0.05,9.00313,0.900313,1.9129,1.544676,7.0,10.0,1.196124,0.0,1.196124,98.803876,74.936176,0.437926,8.902265,0.0,0.0
2026-09-02 08:20:20,151374.95,104399,522,285.3435,-40.4549,0.7,4.229712,,,,0.05,10.242704,1.02427,3.9e-05,0.903767,6.0,9.0,0.661523,0.0,0.661523,99.338477,76.309538,0.625956,8.902265,0.0,0.0
2026-09-02 08:25:13,151667.71,104599,523,-133.2632,-41.8867,0.7,6.093298,,,,0.05,5.649404,0.56494,4.2e-05,0.214449,1.0,10.0,16.917168,0.0,16.917168,83.082832,62.896551,0.627521,8.902265,0.0,0.0
2026-09-02 08:30:05,151960.59,104799,524,254.1023,-40.6839,0.7,5.468677,,,,0.05,8.552634,0.855263,4.1e-05,0.678149,7.0,10.0,0.173692,0.0,0.173692,99.826308,76.034477,0.626646,8.902265,0.0,0.0
2026-09-02 08:34:58,152253.35,104999,525,273.4224,-38.9098,0.7,2.724891,,,,0.05,9.228696,0.92287,1.91395,0.222472,2.0,3.0,0.0,0.0,0.0,100.0,76.942794,0.601339,8.902265,0.0,0.0
2026-09-02 08:39:50,152545.24,105199,526,346.9586,-30.4649,0.7,6.044477,,,,0.05,11.586925,1.158693,4e-05,0.108828,1.0,3.0,0.0,0.0,0.0,100.0,77.18016,0.593519,8.902265,0.0,0.0
2026-09-02 08:44:43,152838.02,105399,527,339.1515,-28.648,0.7,5.707604,,,,0.05,11.516779,1.151678,4.2e-05,0.71364,7.0,9.0,0.074852,0.0,0.074852,99.925148,76.693739,0.554822,8.902265,0.0,0.0
2026-09-02 08:49:36,153131.08,105599,528,-216.5444,-29.7574,0.7,6.410836,,,,0.05,6.977287,0.697729,3.6e-05,1.915299,10.0,10.0,24.137415,0.0,24.137415,75.862585,57.050393,0.697044,8.902265,0.0,0.0
2026-09-02 08:54:28,153423.25,105799,529,-129.6853,-32.5934,0.7,4.661475,,,,0.05,7.028352,0.702835,4e-05,2.946583,10.0,10.0,19.34417,0.0,19.34417,80.65583,60.098383,0.625793,8.902265,0.0,0.0
2026-09-02 08:59:21,153716.27,105999,530,-1023.997,-41.5604,0.7,5.793012,,,,0.05,5.052035,0.505203,3.6e-05,5.198305,10.0,10.0,65.273499,0.0,65.273499,34.726501,23.602129,0.636454,8.902265,0.0,0.0
2026-09-02 09:04:14,154009.17,106199,531,196.0465,-39.92,0.7,5.309691,,,,0.05,6.655887,0.665589,3.8e-05,1.093299,10.0,10.0,0.264748,0.0,0.264748,99.735252,76.014076,0.580173,8.902265,0.0,0.0
2026-09-02 09:09:06,154301.66,106399,532,-202.2449,-36.4329,0.7,4.13314,,,,0.05,6.285429,0.628543,4.1e-05,1.821916,10.0,10.0,21.979704,0.0,21.979704,78.020296,58.570863,0.583444,8.902265,0.0,0.0
2026-09-02 09:13:59,154594.34,106599,533,2.4856,-36.7264,0.7,4.756458,,,,0.05,6.535666,0.653567,1.91695,1.404046,10.0,10.0,10.893753,0.0,10.893753,89.106247,67.999034,0.574256,8.902265,0.0,0.0
2026-09-02 09:18:52,154887.43,106799,534,-147.4566,-39.4846,0.7,5.16909,,,,0.05,6.147089,0.614709,3.9e-05,2.25648,10.0,10.0,18.513659,0.0,18.513659,81.486341,61.412667,0.696346,8.902265,0.0,0.0
2026-09-02 09:23:44,155179.5,106999,535,-145.4882,-43.3218,0.7,3.930957,,,,0.05,3.637441,0.363744,3.7e-05,0.420761,1.0,10.0,14.160737,0.0,14.160737,85.839263,65.269535,0.806186,8.902265,0.0,0.0
2026-09-02 09:28:37,155472.26,107199,536,59.9113,-46.329,0.7,5.985995,,,,0.05,5.152012,0.515201,4e-05,1.759117,10.0,10.0,5.456811,0.0,5.456811,94.543189,71.369001,0.778226,8.902265,0.0,0.0
2026-09-02 09:33:30,155765.43,107399,537,-238.2956,-46.9302,0.7,6.157209,,,,0.05,3.374371,0.337437,3.9e-05,1.079666,9.0,10.0,19.420309,0.0,19.420309,80.579691,60.697869,0.650893,8.902265,0.0,0.0
2026-09-02 09:38:27,156061.75,107599,538,157.051,-45.9561,0.7,6.847031,,,,0.05,5.235033,0.523503,4e-05,0.536897,4.0,5.0,0.0,0.0,0.0,100.0,76.720706,0.659329,8.902265,0.0,0.0
2026-09-02 09:43:21,156356.24,107799,539,249.6804,-39.7553,0.7,6.050269,,,,0.05,9.238201,0.92382,1.5e-05,0.067003,1.0,2.0,0.0,0.0,0.0,100.0,77.2928,0.685996,8.902265,0.0,0.0
2026-09-02 09:48:17,156651.7,107999,540,-385.2141,-45.7195,0.7,7.820667,,,,0.05,6.189259,0.618926,5e-06,3.420664,10.0,10.0,32.278439,0.0,32.278439,67.721561,50.522328,0.673241,8.902265,0.0,0.0
2026-09-02 09:53:10,156944.78,108199,541,280.8709,-45.419,0.7,7.402695,,,,0.05,9.736027,0.973603,3.7e-05,0.044087,0.0,1.0,0.0,0.0,0.0,100.0,77.51936,0.717423,8.902265,0.0,0.0
2026-09-02 09:58:03,157237.81,108399,542,-395.6911,-48.4515,0.7,5.111948,,,,0.05,5.269528,0.526953,1.2e-05,3.388889,10.0,10.0,30.204136,0.0,30.204136,69.795864,51.928278,0.759676,8.902265,0.0,0.0
2026-09-02 10:02:55,157529.98,108599,543,409.5887,-44.2869,0.7,9.557678,,,,0.05,13.796346,1.379635,4e-05,0.072409,1.0,1.0,0.0,0.0,0.0,100.0,77.604136,0.643256,8.902265,0.0,0.0
2026-09-02 10:07:47,157821.87,108799,544,277.7174,-35.5224,0.7,3.624252,,,,0.05,9.912751,0.991275,3.8e-05,0.026219,0.0,1.0,0.0,0.0,0.0,100.0,77.08672,0.724104,8.902265,0.0,0.0
2026-09-02 10:12:40,158114.79,108999,545,-28.3455,-34.1404,0.7,3.714446,,,,0.05,8.299627,0.829963,3.8e-05,0.958221,5.0,10.0,15.677586,0.0,15.677586,84.322414,64.069702,0.639311,8.902265,0.0,0.0
2026-09-02 10:17:32,158406.8,109199,546,256.8912,-32.215,0.7,4.871283,,,,0.05,8.692809,0.869281,3.9e-05,1.052556,8.0,10.0,0.498391,0.0,0.498391,99.501609,75.796064,0.643602,8.902265,0.0,0.0
2026-09-02 10:22:23,158698.39,109399,547,232.54,-26.9297,0.7,6.995944,,,,0.05,7.908614,0.790861,1.6e-05,0.070182,1.0,2.0,0.0,0.0,0.0,100.0,77.075705,0.728035,8.902265,0.0,0.0
2026-09-02 10:27:15,158990.67,109599,548,27.9228,-29.677,0.7,4.935427,,,,0.05,3.998136,0.399814,3.7e-05,1.42232,10.0,10.0,5.277557,0.0,5.277557,94.722443,72.485024,0.7539,8.902265,0.0,0.0
2026-09-02 10:32:07,159282.62,109799,549,-153.4869,-32.2844,0.7,3.730419,,,,0.05,3.788552,0.378855,9e-06,1.636425,10.0,10.0,15.632377,0.0,15.632377,84.367623,64.257965,0.792271,8.902265,0.0,0.0
2026-09-02 10:36:59,159574.53,109999,550,-395.0889,-36.4316,0.7,5.75229,,,,0.05,5.050226,0.505023,1.1e-05,1.89085,10.0,10.0,30.551746,0.0,30.551746,69.448254,51.958195,0.738467,8.902265,0.0,0.0
2026-09-02 10:41:52,159867.04,110199,551,104.8026,-34.2398,0.7,9.974385,,,,0.05,4.835294,0.483529,3.9e-05,1.439729,10.0,10.0,2.470724,0.0,2.470724,97.529276,74.984939,0.661534,8.902265,0.0,0.0
2026-09-02 10:46:44,160158.91,110399,552,141.4034,-34.4535,0.7,2.574373,,,,0.05,4.892716,0.489272,3.9e-05,0.006015,0.0,0.0,0.0,0.0,0.0,100.0,77.45664,0.759605,8.902265,0.0,0.0
2026-09-02 10:51:36,160450.99,110599,553,188.6953,-29.1174,0.7,5.49948,,,,0.05,6.368192,0.636819,3.9e-05,0.498293,3.0,9.0,0.173683,0.0,0.173683,99.826317,77.215752,0.549111,8.902265,0.0,0.0
2026-09-02 10:56:29,160743.74,110799,554,205.6519,-29.2563,0.7,3.907902,,,,0.05,7.58946,0.758946,1.93295,1.413364,10.0,10.0,1.4074,0.0,1.4074,98.5926,75.233491,0.500191,8.902265,0.0,0.0
2026-09-02 11:01:20,161035.32,110999,555,-153.2296,-29.642,0.7,3.996847,,,,0.05,4.546162,0.454616,1e-05,2.988387,10.0,10.0,16.132346,0.0,16.132346,83.867654,63.431109,0.79318,8.902265,0.0,0.0
2026-09-02 11:06:12,161327.34,111199,556,288.997,-25.5692,0.7,3.907809,,,,0.05,9.652489,0.965249,4e-05,0.142032,1.0,3.0,0.0,0.0,0.0,100.0,77.31456,0.571002,8.902265,0.0,0.0
2026-09-02 11:11:05,161619.81,111399,557,-913.8426,-38.0249,0.7,4.502446,,,,0.05,4.287498,0.42875,3.6e-05,4.323586,10.0,10.0,55.592757,0.0,55.592757,44.407243,31.020044,0.683335,8.902265,0.0,0.0
2026-09-02 11:15:57,161911.88,111599,558,-1356.1413,-48.8712,0.7,4.541278,,,,0.05,1.822539,0.182254,3.9e-05,7.791642,10.0,10.0,77.920048,0.0,77.920048,22.079952,13.180941,0.762511,8.902265,0.0,0.0
2026-09-02 11:20:50,162205.09,111799,559,245.7542,-42.6828,0.7,5.737042,,,,0.05,12.168477,1.216848,1.3e-05,1.213102,10.0,10.0,6.509898,0.0,6.509898,93.490102,71.440617,0.616691,8.902265,0.0,0.0
2026-09-02 11:25:43,162497.78,111999,560,84.3685,-41.5281,0.7,4.427239,,,,0.05,13.237369,1.323737,3.9e-05,2.281949,10.0,10.0,17.464648,0.0,17.464648,82.535352,62.03235,0.621519,8.902265,0.0,0.0
2026-09-02 11:30:35,162790.14,112199,561,100.7712,-39.4432,0.7,4.932065,,,,0.05,10.284956,1.028496,4.1e-05,2.900987,10.0,10.0,11.761374,0.0,11.761374,88.238626,66.460953,0.654298,8.902265,0.0,0.0
2026-09-02 11:35:28,163083.14,112399,562,-184.8637,-40.5653,0.7,9.952099,,,,0.05,9.413083,0.941308,4e-05,4.085228,10.0,10.0,26.513639,0.0,26.513639,73.486361,54.437858,0.651877,8.902265,0.0,0.0
2026-09-02 11:40:21,163375.79,112599,563,379.1572,-30.4178,0.7,6.721047,,,,0.05,12.863171,1.286317,1.941,0.085183,1.0,2.0,0.0,0.0,0.0,100.0,76.83072,0.703382,9.54345,0.0,0.0
2026-09-02 11:45:14,163668.76,112799,564,278.3614,-23.6362,0.7,3.231034,,,,0.05,10.317787,1.031779,4e-05,2.529128,10.0,10.0,1.694096,0.0,1.694096,98.305904,74.271164,0.718678,9.54345,0.0,0.0
2026-09-02 11:50:07,163962.11,112999,565,294.8147,-14.4986,0.7,8.636317,,,,0.05,9.924234,0.992423,4e-05,0.229442,1.0,2.0,0.0,0.0,0.0,100.0,76.647054,0.570231,9.54345,0.0,0.0
2026-09-02 11:54:59,164254.56,113199,566,248.2647,-11.6616,0.7,6.2111,,,,0.05,8.27549,0.827549,1.93295,0.005403,0.0,0.0,0.0,0.0,0.0,100.0,76.7616,0.507325,9.54345,0.0,0.0
2026-09-02 11:59:52,164546.93,113399,567,231.9335,-11.6483,0.7,5.933926,,,,0.05,7.731117,0.773112,1.92995,0.064692,1.0,1.0,0.0,0.0,0.0,100.0,77.16608,0.577974,9.54345,0.0,0.0
2026-09-02 12:04:45,164839.73,113599,568,206.0179,-11.9164,0.7,6.207664,,,,0.05,9.321694,0.932169,3.8e-05,1.344483,10.0,10.0,4.006097,0.0,4.006097,95.993903,73.429018,0.752226,9.54345,0.0,0.0
2026-09-02 12:09:36,165131.25,113799,569,408.0575,-6.681,0.7,9.433533,,,,0.05,13.657961,1.365796,4.2e-05,0.113499,1.0,2.0,0.0,0.0,0.0,100.0,77.02749,0.642609,9.54345,0.0,0.0
2026-09-02 12:14:28,165423.6,113999,570,337.9409,-3.0273,0.7,10.15226,,,,0.05,11.264698,1.12647,1.93195,0.66879,5.0,6.0,0.0,0.0,0.0,100.0,77.1725,0.554047,9.54345,0.0,0.0
2026-09-02 12:19:21,165716.34,114199,571,-587.6877,-12.1035,0.7,9.998255,,,,0.05,3.716026,0.371603,3.7e-05,5.715663,10.0,10.0,36.918008,0.0,36.918008,63.081992,45.958734,0.646815,9.54345,0.0,0.0
2026-09-02 12:24:13,166008.31,114399,572,-287.1481,-13.8262,0.7,7.013888,,,,0.05,4.260466,0.426047,3.6e-05,3.410576,10.0,10.0,21.953656,0.0,21.953656,78.046344,57.822163,0.797361,9.54345,0.0,0.0
2026-09-02 12:29:06,166300.92,114599,573,-46.7787,-15.1082,0.7,4.650517,,,,0.05,7.112512,0.711251,4e-05,1.698272,10.0,10.0,13.886476,0.0,13.886476,86.113524,64.622557,0.537535,9.54345,0.0,0.0
2026-09-02 12:33:58,166593.46,114799,574,-678.3472,-24.8592,0.7,3.238116,,,,0.05,3.919609,0.391961,3.7e-05,2.500136,10.0,10.0,42.040925,0.0,42.040925,57.959075,42.673749,0.676462,9.54345,0.0,0.0
2026-09-02 12:38:50,166885.51,114999,575,161.9837,-17.7008,0.7,4.589815,,,,0.05,5.401614,0.540161,3.8e-05,0.159222,1.0,3.0,0.0,0.0,0.0,100.0,76.9984,0.653719,9.54345,0.0,0.0
2026-09-02 12:43:43,167178.12,115199,576,187.8225,-17.5451,0.7,7.029917,,,,0.05,6.292054,0.629205,4.3e-05,0.087372,1.0,2.0,0.0,0.0,0.0,100.0,77.04448,0.598907,9.54345,0.0,0.0
2026-09-02 12:48:35,167470.32,115399,577,238.0106,-17.9943,0.7,6.80678,,,,0.05,7.933686,0.793369,4.1e-05,0.725899,5.0,8.0,0.0,0.0,0.0,100.0,76.636674,0.515136,9.54345,0.0,0.0
2026-09-02 12:53:28,167763.11,115599,578,-15.5789,-19.0486,0.7,4.50999,,,,0.05,5.713462,0.571346,1.927,2.971511,10.0,10.0,10.095172,0.0,10.095172,89.904828,68.011615,0.727417,9.54345,0.0,0.0
2026-09-02 12:58:21,168056.4,115799,579,161.4438,-13.5345,0.7,3.836689,,,,0.05,8.158295,0.81583,3.9e-05,2.16002,10.0,10.0,4.524932,0.0,4.524932,95.475068,71.917753,0.734403,9.54345,0.0,0.0
2026-09-02 13:03:14,168348.82,115999,580,178.4956,-15.8524,0.7,6.798113,,,,0.05,7.995756,0.799576,1.3e-05,1.455597,10.0,10.0,3.447931,0.0,3.447931,96.552069,73.401785,0.67622,9.54345,0.0,0.0
2026-09-02 13:08:06,168641.11,116199,581,-17.5678,-19.9621,0.7,7.001794,,,,0.05,5.615027,0.561503,3.8e-05,1.027343,10.0,10.0,9.83456,0.0,9.83456,90.16544,68.486613,0.704115,9.54345,0.0,0.0
2026-09-02 13:12:59,168933.92,116399,582,269.7931,-17.9022,0.7,9.526778,,,,0.05,8.993104,0.89931,1.93495,0.361782,3.0,5.0,0.0,0.0,0.0,100.0,76.93824,0.625618,9.54345,0.0,0.0
2026-09-02 13:17:51,169225.76,116599,583,287.2525,-15.6225,0.7,3.590427,,,,0.05,9.73288,0.973288,4e-05,0.495962,3.0,8.0,0.42459,0.0,0.42459,99.57541,76.549098,0.60592,9.54345,0.0,0.0
2026-09-02 13:22:43,169518.66,116799,584,215.5655,-11.2351,0.7,5.404706,,,,0.05,7.185516,0.718552,9e-06,0.828062,6.0,6.0,0.0,0.0,0.0,100.0,76.403634,0.58185,9.54345,0.0,0.0
2026-09-02 13:27:36,169811.17,116999,585,-14.404,-12.1337,0.7,4.128332,,,,0.05,6.051074,0.605107,3.5e-05,2.154481,10.0,10.0,10.397258,0.0,10.397258,89.602742,67.614801,0.637173,9.54345,0.0,0.0
2026-09-02 13:32:28,170102.97,117199,586,-355.194,-8.702,0.7,5.647285,,,,0.05,6.145107,0.614511,9e-06,3.17638,10.0,10.0,28.447615,0.0,28.447615,71.552385,53.216967,0.717849,9.54345,0.0,0.0
2026-09-02 13:37:20,170395.54,117399,587,136.7994,-8.7314,0.7,4.30103,,,,0.05,7.952455,0.795245,1.2e-05,2.852715,10.0,10.0,5.561036,0.0,5.561036,94.438964,70.802588,0.644004,9.54345,0.0,0.0
2026-09-02 13:42:13,170688.04,117599,588,-88.0947,-11.0968,0.7,8.950108,,,,0.05,6.821333,0.682133,4e-05,1.162381,10.0,10.0,15.475458,0.0,15.475458,84.524542,64.283137,0.691277,9.54345,0.0,0.0
2026-09-02 13:47:05,170979.87,117799,589,219.6339,-5.9503,0.7,4.317625,,,,0.05,7.341626,0.734163,3.9e-05,0.050131,0.0,1.0,0.0,0.0,0.0,100.0,76.95616,0.653325,9.54345,0.0,0.0
2026-09-02 13:51:57,171272.32,117999,590,-491.9013,-3.9592,0.7,35.490055,,,,0.05,4.389886,0.438989,3.7e-05,3.540496,10.0,10.0,32.927378,0.0,32.927378,67.072622,49.446765,0.801084,9.54345,0.0,0.0
2026-09-02 13:56:49,171564.6,118199,591,-349.6622,-8.6799,0.7,5.49734,,,,0.05,2.997652,0.299765,3.8e-05,3.169854,10.0,10.0,23.067232,0.0,23.067232,76.932768,57.956674,0.832528,9.54345,0.0,0.0
2026-09-02 14:01:42,171857.28,118399,592,-398.526,-13.5686,0.7,3.784515,,,,0.05,2.59063,0.259063,3.7e-05,1.632515,10.0,10.0,25.069126,0.0,25.069126,74.930874,56.350124,0.829647,9.54345,0.0,0.0
2026-09-02 14:06:35,172150.4,118599,593,-260.0821,-18.4227,0.7,4.842482,,,,0.05,3.153969,0.315397,3.8e-05,2.375242,10.0,10.0,18.870649,0.0,18.870649,81.129351,60.989243,0.836238,9.54345,0.0,0.0
2026-09-02 14:11:27,172442.34,118799,594,-648.4562,-26.6707,0.7,6.144406,,,,0.05,1.972259,0.197226,3.6e-05,6.131122,10.0,10.0,37.818393,0.0,37.818393,62.181607,44.979496,0.924393,9.54345,0.0,0.0
2026-09-02 14:16:20,172734.72,118999,595,-217.7424,-20.8116,0.7,3.77788,,,,0.05,4.349148,0.434915,3.5e-05,1.425574,6.0,8.0,18.103161,0.0,18.103161,81.896839,61.712756,0.695783,9.54345,0.0,0.0
2026-09-02 14:21:12,173027.55,119199,596,-383.5861,-20.8376,0.7,4.101475,,,,0.05,2.883154,0.288315,3.9e-05,4.095599,10.0,10.0,24.96447,0.0,24.96447,75.03553,55.370038,0.90712,9.54345,0.0,0.0
2026-09-02 14:26:05,173319.89,119399,597,-147.4176,-23.7335,0.7,4.824521,,,,0.05,2.874156,0.287416,3.7e-05,2.737796,10.0,10.0,12.681572,0.0,12.681572,87.318428,65.316075,0.912853,9.54345,0.0,0.0
2026-09-02 14:30:57,173612.4,119599,598,-355.2169,-28.6712,0.7,3.429562,,,,0.05,2.770462,0.277046,3.7e-05,1.934135,10.0,10.0,23.315655,0.0,23.315655,76.684345,57.288721,0.910639,9.54345,0.0,0.0
2026-09-02 14:35:50,173904.95,119799,599,-67.3047,-27.938,0.7,5.541169,,,,0.05,3.576054,0.357605,3.7e-05,4.735066,10.0,10.0,9.959933,0.0,9.959933,90.040067,66.706492,0.838824,9.54345,0.0,0.0
2026-09-02 14:40:42,174197.31,119999,600,-441.1526,-34.5622,0.7,4.022344,,,,0.05,4.794582,0.479458,3.8e-05,6.46619,10.0,10.0,31.495696,0.0,31.495696,68.504304,49.824214,0.781958,9.54345,0.0,0.0
2026-09-02 14:45:35,174490.08,120199,601,-556.5067,-41.2696,0.7,4.932298,,,,0.05,3.490405,0.34904,3.6e-05,1.29465,8.0,10.0,34.630473,0.0,34.630473,65.369527,48.779932,0.779689,9.54345,0.0,0.0
2026-09-02 14:50:28,174783.06,120399,602,280.7637,-38.2407,0.7,3.319098,,,,0.05,12.70405,1.270405,3.7e-05,1.355395,10.0,10.0,5.340137,0.0,5.340137,94.659863,72.299597,0.68169,9.54345,0.0,0.0
2026-09-02 14:55:20,175074.96,120599,603,-660.2961,-42.0772,0.7,8.00721,,,,0.05,5.363982,0.536398,8e-06,4.377699,10.0,10.0,42.542926,0.0,42.542926,57.457074,41.893853,0.670395,9.54345,0.0,0.0
2026-09-02 15:00:12,175367.41,120799,604,-412.0137,-46.029,0.7,5.80376,,,,0.05,5.765274,0.576527,3.4e-05,6.498051,10.0,10.0,31.00941,0.0,31.00941,68.99059,49.323749,0.597013,9.54345,0.0,0.0
2026-09-02 15:05:04,175659.5,120999,605,-330.6617,-49.2961,0.7,3.389415,,,,0.05,3.775859,0.377586,3.7e-05,3.428659,10.0,10.0,23.525185,0.0,23.525185,76.474815,56.503913,0.842695,9.54345,0.0,0.0
2026-09-02 15:09:56,175951.68,121199,606,-106.5945,-52.7453,0.7,5.701778,,,,0.05,4.685527,0.468553,3.8e-05,2.602012,10.0,10.0,13.393408,0.0,13.393408,86.606592,65.133367,0.746697,9.54345,0.0,0.0
2026-09-02 15:14:49,176244.6,121399,607,200.9592,-52.4126,0.7,4.849884,,,,0.05,6.742493,0.674249,4e-05,0.894235,6.0,9.0,0.100239,0.0,0.100239,99.899761,75.932035,0.611689,9.54345,0.0,0.0
2026-09-02 15:19:41,176536.21,121599,608,81.7869,-48.16,0.7,5.722689,,,,0.05,6.890316,0.689032,3.9e-05,1.259315,10.0,10.0,6.65411,0.0,6.65411,93.34589,70.941059,0.668367,9.54345,0.0,0.0
2026-09-02 15:24:33,176828.26,121799,609,-333.6613,-50.0731,0.7,25.260231,,,,0.05,3.304922,0.330492,3.9e-05,2.278167,10.0,10.0,22.973512,0.0,22.973512,77.026488,57.735724,0.816538,9.54345,0.0,0.0
2026-09-02 15:29:26,177120.89,121999,610,105.7476,-50.856,0.7,4.805057,,,,0.05,8.277281,0.827728,3.8e-05,1.41564,10.0,10.0,7.6881,0.0,7.6881,92.3119,70.599471,0.554104,9.54345,0.0,0.0
2026-09-02 15:34:18,177413.03,122199,611,47.8909,-49.3843,0.7,4.889366,,,,0.05,6.251042,0.625104,1.93095,1.211598,10.0,10.0,7.462835,0.0,7.462835,92.537165,70.720454,0.580682,9.54345,0.0,0.0
2026-09-02 15:39:11,177706.38,122399,612,214.3388,-46.5654,0.7,5.72999,,,,0.05,7.144626,0.714463,3.8e-05,0.008952,0.0,0.0,0.0,0.0,0.0,100.0,77.06496,0.764541,9.54345,0.0,0.0
2026-09-02 15:44:04,177999.18,122599,613,-136.0241,-42.0693,0.7,4.62722,,,,0.05,5.22902,0.522902,3.9e-05,2.175697,10.0,10.0,15.574453,0.0,15.574453,84.425547,63.512038,0.74494,9.54345,0.0,0.0
2026-09-02 15:48:56,178290.88,122799,614,-31.5212,-41.2139,0.7,8.04427,,,,0.05,7.671055,0.767106,1e-05,1.544033,10.0,10.0,13.859792,0.0,13.859792,86.140208,65.482835,0.676428,9.54345,0.0,0.0
2026-09-02 15:53:48,178583.26,122999,615,95.2622,-35.7351,0.7,5.66271,,,,0.05,9.244785,0.924478,4e-05,1.060994,10.0,10.0,9.595067,0.0,9.595067,90.404933,68.688301,0.754291,9.54345,0.0,0.0
2026-09-02 15:58:41,178875.8,123199,616,-235.0131,-40.6062,0.7,5.001721,,,,0.05,5.502737,0.550274,1.3e-05,4.239272,10.0,10.0,20.992022,0.0,20.992022,79.007978,58.502486,0.860784,9.54345,0.0,0.0
2026-09-02 16:03:32,179167.62,123399,617,248.8218,-36.9519,0.7,5.308541,,,,0.05,9.273959,0.927396,3.8e-05,0.01879,0.0,1.0,0.0,0.0,0.0,100.0,76.774209,0.751364,9.54345,0.0,0.0
2026-09-02 16:08:25,179460.44,123599,618,-49.2379,-37.3712,0.7,4.199658,,,,0.05,8.013383,0.801338,4e-05,0.47409,1.0,10.0,15.103699,0.0,15.103699,84.896301,64.529326,0.663387,9.54345,0.0,0.0
2026-09-02 16:13:18,179753.17,123799,619,-1020.8828,-46.8038,0.7,6.573725,,,,0.05,2.465889,0.246589,3.9e-05,5.230878,10.0,10.0,56.737766,0.0,56.737766,43.262234,30.307791,0.833847,9.54345,0.0,0.0
2026-09-02 16:18:11,180045.7,123999,620,190.2578,-47.544,0.7,3.199953,,,,0.05,7.032112,0.703211,1.3e-05,0.010878,0.0,1.0,0.0,0.0,0.0,100.0,76.6016,0.808216,9.54345,0.0,0.0
2026-09-02 16:23:04,180338.83,124199,621,-91.2337,-51.0107,0.7,4.733375,,,,0.05,6.732705,0.673271,3.7e-05,0.764395,4.0,10.0,15.41682,0.0,15.41682,84.58318,63.889123,0.724158,9.54345,0.0,0.0
2026-09-02 16:27:56,180630.78,124399,622,329.886,-50.5653,0.7,7.511065,,,,0.05,11.25529,1.125529,4e-05,0.011358,0.0,1.0,0.0,0.0,0.0,100.0,77.08544,0.72043,9.54345,0.0,0.0
2026-09-02 16:32:48,180923.21,124599,623,228.6777,-46.9459,0.7,4.040736,,,,0.05,7.728836,0.772884,4e-05,0.544543,6.0,7.0,0.0,0.0,0.0,100.0,76.467908,0.765196,9.54345,0.0,0.0
2026-09-02 16:37:40,181215.52,124799,624,-436.9015,-53.8559,0.7,4.798547,,,,0.05,4.630476,0.463048,3.8e-05,3.472762,10.0,10.0,30.356432,0.0,30.356432,69.643568,51.682048,0.829752,9.54345,0.0,0.0
2026-09-02 16:42:32,181507.14,124999,625,193.6336,-54.6538,0.7,7.091485,,,,0.05,9.654725,0.965472,4e-05,1.317755,10.0,10.0,5.054618,0.0,5.054618,94.945382,72.742162,0.817861,10.222699,0.0,0.0
2026-09-02 16:47:25,181799.81,125199,626,151.2035,-56.6113,0.7,3.622372,,,,0.05,8.470653,0.847065,1.2e-05,2.582039,10.0,10.0,5.118084,0.0,5.118084,94.881916,71.78063,0.760914,10.222699,0.0,0.0
2026-09-02 16:52:17,182092.12,125399,627,-261.0982,-62.6138,0.7,5.688838,,,,0.05,5.267315,0.526732,3.8e-05,4.26146,10.0,10.0,20.760288,0.0,20.760288,79.239712,58.759487,0.870938,10.222699,0.0,0.0
2026-09-02 16:57:10,182385.04,125599,628,119.832,-59.2501,0.7,3.506031,,,,0.05,9.144536,0.914454,3.8e-05,1.428743,10.0,10.0,4.782957,0.0,4.782957,95.217043,72.472354,0.886351,10.222699,0.0,0.0
2026-09-02 17:02:03,182678.07,125799,629,225.3863,-55.6994,0.7,5.329178,,,,0.05,8.229874,0.822987,3.8e-05,0.003618,0.0,0.0,0.0,0.0,0.0,100.0,76.76288,0.787255,10.222699,0.0,0.0
2026-09-02 17:06:55,182970.48,125999,630,91.5402,-44.544,0.7,6.058341,,,,0.05,6.760224,0.676022,1.5e-05,1.301156,10.0,10.0,5.530867,0.0,5.530867,94.469133,71.906269,0.709178,10.222699,0.0,0.0
2026-09-02 17:11:48,183263.37,126199,631,-261.6328,-49.1208,0.7,8.334814,,,,0.05,2.471736,0.247174,3.9e-05,2.486305,10.0,10.0,16.570718,0.0,16.570718,83.429282,62.980791,0.903485,10.222699,0.0,0.0
2026-09-02 17:16:41,183556.55,126399,632,-820.0915,-55.2992,0.7,6.914116,,,,0.05,4.764576,0.476458,3.4e-05,1.815336,10.0,10.0,47.115321,0.0,47.115321,52.884679,38.648403,0.544525,10.222699,0.0,0.0
2026-09-02 17:21:34,183848.75,126599,633,136.2069,-53.962,0.7,5.389874,,,,0.05,5.206166,0.520617,3.7e-05,1.871484,10.0,10.0,0.943302,0.0,0.943302,99.056698,75.572717,0.832318,10.222699,0.0,0.0
2026-09-02 17:26:26,184141.52,126799,634,216.6785,-50.3207,0.7,4.459389,,,,0.05,7.30745,0.730745,3.8e-05,0.014452,0.0,1.0,0.0,0.0,0.0,100.0,76.878274,0.759117,10.222699,0.0,0.0
2026-09-02 17:31:20,184434.94,126999,635,-285.3263,-51.7191,0.7,7.682755,,,,0.05,5.528441,0.552844,3.8e-05,1.997175,10.0,10.0,22.278971,0.0,22.278971,77.721029,58.284284,0.764793,10.222699,0.0,0.0
2026-09-02 17:36:12,184726.82,127199,636,-145.7891,-53.7761,0.7,4.019147,,,,0.05,5.447589,0.544759,3.8e-05,0.636669,4.0,10.0,15.317561,0.0,15.317561,84.682439,63.749803,0.638286,10.222699,0.0,0.0
2026-09-02 17:41:04,185019.68,127399,637,237.2951,-49.0202,0.7,9.103066,,,,0.05,7.909835,0.790984,1.911,0.118134,1.0,3.0,0.0,0.0,0.0,100.0,76.71296,0.471051,10.222699,0.0,0.0
2026-09-02 17:45:56,185311.46,127599,638,243.4098,-48.1566,0.7,7.424177,,,,0.05,8.125179,0.812518,3.7e-05,0.066809,0.0,2.0,0.0,0.0,0.0,100.0,76.57856,0.52229,10.222699,0.0,0.0
2026-09-02 17:50:49,185603.96,127799,639,-34.8492,-51.0019,0.7,6.469565,,,,0.05,8.355505,0.835551,3.8e-05,0.674382,10.0,10.0,14.1242,0.0,14.1242,85.8758,65.258113,0.642037,10.222699,0.0,0.0
2026-09-02 17:55:41,185896.64,127999,640,293.4709,-44.215,0.7,3.876457,,,,0.05,9.918686,0.991869,1e-05,0.186866,1.0,4.0,0.0,0.0,0.0,100.0,76.794101,0.564513,10.222699,0.0,0.0
2026-09-02 18:00:34,186188.96,128199,641,87.5864,-46.1479,0.7,7.372683,,,,0.05,6.931334,0.693133,1e-05,1.348603,10.0,10.0,5.997601,0.0,5.997601,94.002399,71.526894,0.502705,10.222699,0.0,0.0
2026-09-02 18:05:26,186481.48,128399,642,8.401,-42.1069,0.7,4.900167,,,,0.05,3.946597,0.39466,3.9e-05,1.401861,10.0,10.0,5.617452,0.0,5.617452,94.382548,71.677353,0.834279,10.222699,0.0,0.0
2026-09-02 18:10:20,186774.83,128599,643,188.7933,-44.3149,0.7,4.104792,,,,0.05,6.293109,0.629311,3.9e-05,0.01862,0.0,1.0,0.0,0.0,0.0,100.0,76.65024,0.760305,10.222699,0.0,0.0
2026-09-02 18:15:12,187067.4,128799,644,173.1224,-45.3608,0.7,6.350737,,,,0.05,8.538812,0.853881,4e-05,1.468072,10.0,10.0,4.11209,0.0,4.11209,95.88791,72.482923,0.744603,10.222699,0.0,0.0
2026-09-02 18:20:05,187360.38,128999,645,18.7169,-44.8902,0.7,6.887266,,,,0.05,7.331967,0.733197,3.8e-05,1.076349,10.0,10.0,9.891969,0.0,9.891969,90.108031,68.149545,0.668768,10.222699,0.0,0.0
2026-09-02 18:24:58,187653.45,129199,646,-98.154,-48.4407,0.7,6.032452,,,,0.05,7.154246,0.715425,4e-05,1.349421,10.0,10.0,15.386936,0.0,15.386936,84.613064,63.603155,0.677004,10.222699,0.0,0.0
2026-09-02 18:29:50,187945.33,129399,647,-38.4615,-51.1507,0.7,6.269189,,,,0.05,7.024884,0.702488,3.9e-05,0.791401,10.0,10.0,12.060696,0.0,12.060696,87.939304,66.71694,0.674375,10.222699,0.0,0.0
2026-09-02 18:34:43,188237.82,129599,648,-258.7028,-54.0169,0.7,3.684682,,,,0.05,9.240677,0.924068,9e-06,1.551038,10.0,10.0,26.284295,0.0,26.284295,73.715705,55.163516,0.503287,10.222699,0.0,0.0
2026-09-02 18:39:35,188530.25,129799,649,194.4145,-50.5379,0.7,5.944134,,,,0.05,6.539158,0.653916,3.8e-05,0.014528,0.0,1.0,0.0,0.0,0.0,100.0,76.91648,0.641767,10.222699,0.0,0.0
2026-09-02 18:44:27,188822.39,129999,650,108.8399,-45.4986,0.7,7.792456,,,,0.05,5.539675,0.553967,3.5e-05,1.871516,10.0,10.0,3.005,0.0,3.005,96.995,73.025677,0.67235,10.222699,0.0,0.0
2026-09-02 18:49:20,189115.15,130199,651,283.1025,-43.7156,0.7,8.731537,,,,0.05,9.463021,0.946302,3.8e-05,0.01051,0.0,1.0,0.0,0.0,0.0,100.0,76.84608,0.57433,10.222699,0.0,0.0
2026-09-02 18:54:13,189408.01,130399,652,256.0776,-42.5689,0.7,4.797129,,,,0.05,9.739406,0.973941,4e-05,1.323211,10.0,10.0,1.921476,0.0,1.921476,98.078524,74.703424,0.581095,10.222699,0.0,0.0
2026-09-02 18:59:06,189701.21,130599,653,-272.1396,-47.1772,0.7,4.784281,,,,0.05,5.986362,0.598636,3.9e-05,1.945121,10.0,10.0,22.283053,0.0,22.283053,77.716947,58.047165,0.663572,10.222699,0.0,0.0
2026-09-02 19:03:59,189994.47,130799,654,-32.7251,-49.561,0.7,4.318403,,,,0.05,6.228614,0.622861,4.2e-05,1.612243,10.0,10.0,11.027937,0.0,11.027937,88.972063,66.766241,0.586477,10.222699,0.0,0.0
2026-09-02 19:08:52,190287.11,130999,655,258.2215,-45.4465,0.7,6.919199,,,,0.05,8.904084,0.890408,9e-06,0.528091,3.0,10.0,0.483309,0.0,0.483309,99.516691,75.728458,0.579603,10.222699,0.0,0.0
2026-09-02 19:13:44,190579.5,131199,656,218.7692,-46.1488,0.7,8.313549,,,,0.05,7.317063,0.731706,4e-05,0.606895,3.0,7.0,0.0,0.0,0.0,100.0,76.6656,0.60547,10.222699,0.0,0.0
2026-09-02 19:18:37,190872.16,131399,657,-339.7584,-40.4079,0.7,5.758792,,,,0.05,6.221184,0.622118,3.7e-05,1.647646,10.0,10.0,25.719066,0.0,25.719066,74.280934,55.398475,0.657849,10.222699,0.0,0.0
2026-09-02 19:23:29,191163.98,131599,658,-646.3402,-33.3099,0.7,6.558142,,,,0.05,5.230914,0.523091,3.9e-05,2.730092,10.0,10.0,39.564431,0.0,39.564431,60.435569,44.012748,0.669498,10.222699,0.0,0.0
2026-09-02 19:28:21,191456.46,131799,659,-250.0468,-38.2679,0.7,5.907119,,,,0.05,4.087798,0.40878,3.9e-05,0.17367,1.0,5.0,18.171161,0.0,18.171161,81.828839,61.843269,0.735228,10.222699,0.0,0.0
2026-09-02 19:33:14,191749.37,131999,660,-264.9766,-41.7614,0.7,6.845811,,,,0.05,3.79332,0.379332,4e-05,4.175358,10.0,10.0,18.862702,0.0,18.862702,81.137298,59.833832,0.842294,10.222699,0.0,0.0
2026-09-02 19:38:06,192041.68,132199,661,197.6693,-40.7924,0.7,4.139345,,,,0.05,7.397144,0.739714,3.7e-05,1.443857,10.0,10.0,1.342192,0.0,1.342192,98.657808,74.576789,0.557376,10.222699,0.0,0.0
2026-09-02 19:43:00,192334.91,132399,662,-158.4488,-40.5283,0.7,4.290208,,,,0.05,5.849814,0.584981,3.9e-05,0.326643,1.0,10.0,16.242481,0.0,16.242481,83.757519,63.304804,0.626067,10.222699,0.0,0.0
2026-09-02 19:47:52,192627.69,132599,663,16.6288,-44.1535,0.7,8.154092,,,,0.05,8.269231,0.826923,3.8e-05,1.030393,10.0,10.0,11.365543,0.0,11.365543,88.634457,66.842838,0.654968,10.222699,0.0,0.0
2026-09-02 19:52:45,192920.54,132799,664,363.4228,-43.3029,0.7,10.785975,,,,0.05,13.241346,1.324135,1.921,1.28997,10.0,10.0,1.741072,0.0,1.741072,98.258928,74.222436,0.619526,10.222699,0.0,0.0
2026-09-02 19:57:38,193213.59,132999,665,347.5774,-42.7753,0.7,8.672421,,,,0.05,11.811226,1.181123,4e-05,0.028443,0.0,1.0,0.0,0.0,0.0,100.0,76.278666,0.611656,10.222699,0.0,0.0
2026-09-02 20:02:31,193505.92,133199,666,-411.6607,-49.3746,0.7,5.009935,,,,0.05,4.891511,0.489151,3.8e-05,3.956017,10.0,10.0,27.715845,0.0,27.715845,72.284155,53.207389,0.788814,10.222699,0.0,0.0
2026-09-02 20:07:23,193798.41,133399,667,51.8455,-51.1754,0.7,5.292202,,,,0.05,7.807926,0.780793,3.9e-05,2.7106,10.0,10.0,9.224456,0.0,9.224456,90.775544,68.004111,0.61508,10.222699,0.0,0.0
2026-09-02 20:12:16,194091.37,133599,668,69.8577,-52.537,0.7,7.904482,,,,0.05,8.941936,0.894194,3.9e-05,0.994846,10.0,10.0,9.848472,0.0,9.848472,90.151528,68.198522,0.684583,10.222699,0.0,0.0
2026-09-02 20:17:09,194383.74,133799,669,-526.6872,-61.8845,0.7,3.967465,,,,0.05,4.48542,0.448542,3.7e-05,1.220463,10.0,10.0,32.249979,0.0,32.249979,67.750021,50.493911,0.747117,10.222699,0.0,0.0
2026-09-02 20:22:01,194676.62,133999,670,86.4244,-64.3997,0.7,5.628254,,,,0.05,9.24601,0.924601,3.9e-05,2.046554,10.0,10.0,9.547847,0.0,9.547847,90.452153,69.056708,0.636741,10.222699,0.0,0.0
2026-09-02 20:26:54,194969.34,134199,671,-266.5486,-61.1883,0.7,6.419561,,,,0.05,7.893495,0.789349,4e-05,3.60228,10.0,10.0,25.237984,0.0,25.237984,74.762016,56.22792,0.632544,10.222699,0.0,0.0
2026-09-02 20:31:46,195261.65,134399,672,-737.5449,-65.6922,0.7,7.597919,,,,0.05,5.065023,0.506502,1.9207,9.022576,10.0,10.0,44.025743,0.0,44.025743,55.974257,39.578906,0.811597,10.222699,0.0,0.0
2026-09-02 20:36:39,195554.27,134599,673,174.1283,-63.4832,0.7,3.828205,,,,0.05,8.994486,0.899449,3.6e-05,1.351771,10.0,10.0,4.837183,0.0,4.837183,95.162817,72.692791,0.652113,10.222699,0.0,0.0
2026-09-02 20:41:31,195846.29,134799,674,117.092,-55.5288,0.7,7.921759,,,,0.05,7.765755,0.776575,4.3e-05,2.128435,10.0,10.0,5.917504,0.0,5.917504,94.082496,71.220391,0.620673,10.222699,0.0,0.0
2026-09-02 20:46:23,196138.5,134999,675,120.3965,-55.9446,0.7,4.542963,,,,0.05,6.924898,0.69249,1.6e-05,1.481878,10.0,10.0,4.29087,0.0,4.29087,95.70913,72.66493,0.653294,10.222699,0.0,0.0
2026-09-02 20:51:16,196431.32,135199,676,175.2507,-56.0704,0.7,4.371659,,,,0.05,9.280224,0.928022,3.9e-05,2.403114,10.0,10.0,5.143429,0.0,5.143429,94.856571,71.410385,0.648627,10.222699,0.0,0.0
2026-09-02 20:56:09,196723.98,135399,677,264.9818,-55.8006,0.7,4.367958,,,,0.05,8.882581,0.888258,4.2e-05,0.01575,0.0,1.0,0.0,0.0,0.0,100.0,76.55808,0.506968,10.222699,0.0,0.0
2026-09-02 21:01:01,197016.65,135599,678,-79.1441,-56.4363,0.7,5.086049,,,,0.05,8.132441,0.813244,4e-05,0.488527,2.0,10.0,15.807256,0.0,15.807256,84.192744,63.666329,0.630945,10.222699,0.0,0.0
2026-09-02 21:05:54,197309.42,135799,679,184.575,-56.205,0.7,5.721071,,,,0.05,9.440732,0.944073,1.9128,1.51643,10.0,10.0,5.044674,0.0,5.044674,94.955326,71.931374,0.608397,10.222699,0.0,0.0
2026-09-02 21:10:46,197601.49,135999,680,327.7323,-54.7126,0.7,2.740252,,,,0.05,10.92441,1.092441,1.923,0.002935,0.0,0.0,0.0,0.0,0.0,100.0,76.76544,0.518308,10.222699,0.0,0.0
2026-09-02 21:15:39,197894.22,136199,681,142.2151,-53.1148,0.7,6.534185,,,,0.05,7.060497,0.70605,1.767002,2.9556,10.0,10.0,3.646164,0.0,3.646164,96.353836,72.52594,0.702017,10.222699,0.0,0.0
2026-09-02 21:20:32,198186.9,136399,682,207.1243,-53.7415,0.7,6.163424,,,,0.05,8.534203,0.85342,4.1e-05,1.616746,10.0,10.0,2.671711,0.0,2.671711,97.328289,74.076076,0.593535,10.222699,0.0,0.0
2026-09-02 21:25:24,198479.01,136599,683,109.9705,-55.5143,0.7,3.15256,,,,0.05,5.074045,0.507404,3.7e-05,3.00465,10.0,10.0,2.357915,0.0,2.357915,97.642085,73.853115,0.657681,10.222699,0.0,0.0
2026-09-02 21:30:17,198772.15,136799,684,-951.0297,-67.1802,0.7,5.529557,,,,0.05,2.8631,0.28631,3.8e-05,5.245598,10.0,10.0,51.34292,0.0,51.34292,48.65708,34.618507,0.734081,10.222699,0.0,0.0
2026-09-02 21:35:10,199064.8,136999,685,169.1359,-65.3449,0.7,5.298023,,,,0.05,5.637864,0.563786,4.1e-05,0.014505,0.0,1.0,0.0,0.0,0.0,100.0,76.59904,0.655645,10.222699,0.0,0.0
2026-09-02 21:40:02,199357.31,137199,686,165.0365,-60.1425,0.7,6.380455,,,,0.05,5.501217,0.550122,3.8e-05,0.015488,0.0,1.0,0.0,0.0,0.0,100.0,76.7744,0.749233,10.222699,0.0,0.0
2026-09-02 21:44:55,199650.08,137399,687,167.8597,-59.8319,0.7,3.027315,,,,0.05,5.649392,0.564939,4e-05,0.015256,0.0,1.0,0.0,0.0,0.0,100.0,76.68608,0.72364,10.222699,0.0,0.0
2026-09-02 21:49:47,199942.27,137599,688,172.3484,-57.2275,0.7,3.402416,,,,0.05,5.759696,0.57597,3.8e-05,0.026062,0.0,1.0,0.0,0.0,0.0,100.0,76.8128,0.683564,10.49366,0.0,0.0
2026-09-02 21:54:39,200234.65,137799,689,-53.1233,-59.9551,0.7,5.165402,,,,0.05,5.375584,0.537558,3.9e-05,2.585762,10.0,10.0,10.431096,0.0,10.431096,89.568904,67.195332,0.715718,10.49366,0.0,0.0
2026-09-02 21:59:32,200527.4,137999,690,18.3814,-54.8523,0.7,5.672316,,,,0.05,6.28466,0.628466,1.6e-05,1.206552,10.0,10.0,8.312145,0.0,8.312145,91.687855,69.540731,0.699542,10.49366,0.0,0.0
2026-09-02 22:04:25,200819.74,138199,691,-630.0707,-57.6563,0.7,3.580817,,,,0.05,4.303136,0.430314,3.9e-05,4.587765,10.0,10.0,36.575099,0.0,36.575099,63.424901,45.769066,0.729374,10.49366,0.0,0.0
2026-09-02 22:09:17,201112.39,138399,692,253.6481,-51.1346,0.7,4.615819,,,,0.05,8.454937,0.845494,1.926,0.008471,0.0,0.0,0.0,0.0,0.0,100.0,76.61184,0.65004,10.49366,0.0,0.0
2026-09-02 22:14:10,201404.9,138599,693,-50.4521,-49.0383,0.7,4.986868,,,,0.05,6.415786,0.641579,4.1e-05,1.018776,10.0,10.0,11.6871,0.0,11.6871,88.3129,66.783287,0.778428,10.49366,0.0,0.0
2026-09-02 22:19:02,201697.39,138799,694,-5.2024,-42.6058,0.7,6.441018,,,,0.05,6.688591,0.668859,4e-05,2.1941,10.0,10.0,9.759677,0.0,9.759677,90.240323,67.646278,0.766973,10.49366,0.0,0.0
2026-09-02 22:23:55,201990.39,138999,695,223.0557,-38.1978,0.7,3.972574,,,,0.05,9.630944,0.963094,3.7e-05,1.184399,10.0,10.0,3.108151,0.0,3.108151,96.891849,73.558153,0.670076,10.49366,0.0,0.0
2026-09-02 22:28:48,202283.23,139199,696,191.2141,-32.4498,0.7,5.304425,,,,0.05,9.035584,0.903558,4.1e-05,3.193309,10.0,10.0,4.503274,0.0,4.503274,95.496726,72.060252,0.750549,10.49366,0.0,0.0
2026-09-02 22:33:41,202575.8,139399,697,-382.2861,-34.7985,0.7,4.93827,,,,0.05,10.607806,1.060781,1.93695,4.975821,10.0,10.0,33.799219,0.0,33.799219,66.200781,47.847416,0.631964,10.49366,0.0,0.0
2026-09-02 22:38:34,202868.81,139599,698,14.9783,-31.0965,0.7,3.825092,,,,0.05,11.544424,1.154442,1e-05,0.929327,7.0,10.0,15.499724,0.0,15.499724,84.500276,63.834566,0.522791,10.49366,0.0,0.0
2026-09-02 22:43:26,203160.88,139799,699,-339.786,-33.8213,0.7,4.000779,,,,0.05,7.338697,0.73387,4e-05,1.498809,10.0,10.0,26.702554,0.0,26.702554,73.297446,54.539218,0.512035,10.49366,0.0,0.0
2026-09-02 22:48:18,203453.54,139999,700,-414.6588,-33.5564,0.7,5.009727,,,,0.05,7.341748,0.734175,3.9e-05,1.356381,10.0,10.0,30.454105,0.0,30.454105,69.545895,51.371279,0.580125,10.49366,0.0,0.0
2026-09-02 22:53:11,203746.19,140199,701,-760.4654,-35.596,0.7,8.57513,,,,0.05,5.964725,0.596473,3.7e-05,3.433528,10.0,10.0,44.637031,0.0,44.637031,55.362969,40.112343,0.567691,10.49366,0.0,0.0
2026-09-02 22:58:03,204038.26,140399,702,-692.5584,-45.3292,0.7,3.978638,,,,0.05,3.578827,0.357883,0.084607,2.996079,10.0,10.0,38.218622,0.0,38.218622,61.781378,44.946355,0.565734,10.49366,0.0,0.0
2026-09-02 23:02:56,204331.07,140599,703,-42.5421,-39.1517,0.7,5.976791,,,,0.05,10.054807,1.005481,4e-05,0.457247,3.0,10.0,16.196759,0.0,16.196759,83.803241,63.329486,0.551015,10.49366,0.0,0.0
2026-09-02 23:07:48,204623.48,140799,704,344.6129,-31.5854,0.7,4.538806,,,,0.05,12.350405,1.23504,3.9e-05,0.615918,5.0,6.0,0.0,0.0,0.0,100.0,76.617503,0.673066,10.49366,0.0,0.0
2026-09-02 23:12:40,204915.29,140999,705,385.6716,-24.4221,0.7,3.741889,,,,0.05,13.467964,1.346796,3.9e-05,0.791919,5.0,9.0,0.040039,0.0,0.040039,99.959961,76.568579,0.708868,10.49366,0.0,0.0
2026-09-02 23:17:33,205207.82,141199,706,387.265,-19.4835,0.7,4.75796,,,,0.05,13.359249,1.335925,4e-05,0.122832,1.0,1.0,0.0,0.0,0.0,100.0,77.062798,0.642653,10.49366,0.0,0.0
2026-09-02 23:22:25,205499.87,141399,707,-347.5262,-24.9683,0.7,4.281725,,,,0.05,6.238647,0.623865,4e-05,3.821056,10.0,10.0,25.419672,0.0,25.419672,74.580328,55.394604,0.780788,10.49366,0.0,0.0
2026-09-02 23:27:17,205792.58,141599,708,-509.2535,-30.8787,0.7,7.628147,,,,0.05,4.76721,0.476721,1.92095,3.134663,10.0,10.0,30.468956,0.0,30.468956,69.531044,51.856155,0.684898,10.49366,0.0,0.0
2026-09-02 23:32:10,206085.41,141799,709,-249.2522,-30.0346,0.7,8.592779,,,,0.05,6.671076,0.667108,0.389461,2.164429,10.0,10.0,22.938259,0.0,22.938259,77.061741,58.189485,0.459839,10.49366,0.0,0.0
2026-09-02 23:37:02,206377.29,141999,710,-926.8598,-40.3607,0.7,4.067,,,,0.05,3.564946,0.356495,0.087461,3.496859,10.0,10.0,48.820794,0.0,48.820794,51.179206,37.108332,0.575183,10.49366,0.0,0.0
2026-09-02 23:41:55,206669.79,142199,711,-673.9274,-47.5789,0.7,3.409783,,,,0.05,4.412088,0.441209,3.8e-05,3.593981,10.0,10.0,37.444774,0.0,37.444774,62.555226,46.641872,0.728668,10.49366,0.0,0.0
2026-09-02 23:46:47,206962.01,142399,712,-250.5511,-52.2278,0.7,6.319062,,,,0.05,4.572458,0.457246,3.8e-05,2.573347,10.0,10.0,18.807712,0.0,18.807712,81.192288,60.674677,0.713775,10.49366,0.0,0.0
2026-09-02 23:51:39,207253.75,142599,713,-531.4484,-56.182,0.7,5.887958,,,,0.05,4.99501,0.499501,1.92895,3.834425,10.0,10.0,32.749353,0.0,32.749353,67.250647,49.652705,0.603747,10.49366,0.0,0.0
2026-09-02 23:56:31,207546.4,142799,714,-326.75,-59.1343,0.7,4.328297,,,,0.05,2.860539,0.286054,1.92,3.679981,10.0,10.0,19.023012,0.0,19.023012,80.976988,60.906208,0.866616,10.49366,0.0,0.0
2026-09-03 00:01:23,207838.27,142999,715,-392.1382,-64.0083,0.7,5.481891,,,,0.05,3.709913,0.370991,0.29091,0.702923,10.0,10.0,23.738557,0.0,23.738557,76.261443,54.544703,0.668815,10.49366,0.0,0.0
2026-09-03 00:06:15,208130.23,143199,716,-1303.6905,-74.6951,0.7,6.343889,,,,0.05,2.185387,0.218539,1.007749,8.786055,10.0,10.0,64.848616,0.0,64.848616,35.151384,23.290335,0.847791,10.49366,0.0,0.0
2026-09-03 00:11:08,208422.79,143399,717,-171.1793,-78.8951,0.7,5.934865,,,,0.05,7.04298,0.704298,1.9309,2.673248,10.0,10.0,16.33878,0.0,16.33878,83.66122,62.41116,0.530616,10.49366,0.0,0.0
2026-09-03 00:16:00,208715.15,143599,718,-555.1031,-83.9538,0.7,7.07049,,,,0.05,5.49429,0.549429,1.931,3.692036,10.0,10.0,32.723876,0.0,32.723876,67.276124,49.147901,0.65022,10.49366,0.0,0.0
2026-09-03 00:20:52,209007.05,143799,719,-93.3986,-74.6789,0.7,5.510357,,,,0.05,10.696726,1.069673,1.9329,3.78452,10.0,10.0,20.427534,0.0,20.427534,79.572466,59.248976,0.583834,10.49366,0.0,0.0
2026-09-03 00:25:44,209299.38,143999,720,-1050.6658,-87.0881,0.7,9.838574,,,,0.05,4.862959,0.486296,3.7e-05,5.336213,10.0,10.0,53.356696,0.0,53.356696,46.643304,32.76719,0.727331,10.49366,0.0,0.0
2026-09-03 00:30:37,209591.89,144199,721,-616.0024,-92.3358,0.7,7.463778,,,,0.05,7.894888,0.789489,3.6e-05,2.990716,10.0,10.0,40.226704,0.0,40.226704,59.773296,43.54717,0.62058,10.49366,0.0,0.0
2026-09-03 00:35:29,209884.08,144399,722,-59.1847,-96.2265,0.7,9.228781,,,,0.05,8.000562,0.800056,3.9e-05,0.956222,10.0,10.0,12.726366,0.0,12.726366,87.273634,66.452307,0.634714,10.49366,0.0,0.0
2026-09-03 00:40:21,210176.27,144599,723,39.9762,-98.1136,0.7,6.66493,,,,0.05,8.774237,0.877424,4e-05,1.085852,10.0,10.0,9.602407,0.0,9.602407,90.397593,69.233618,0.705408,10.49366,0.0,0.0
2026-09-03 00:45:13,210468.54,144799,724,-131.4859,-95.0594,0.7,13.102938,,,,0.05,6.894121,0.689412,4e-05,2.614394,10.0,10.0,14.560985,0.0,14.560985,85.439015,64.230312,0.690182,10.49366,0.0,0.0
2026-09-03 00:50:05,210760.46,144999,725,-48.1493,-97.4772,0.7,4.194011,,,,0.05,8.076145,0.807615,3.7e-05,2.20178,10.0,10.0,12.733492,0.0,12.733492,87.266508,66.494386,0.719423,10.49366,0.0,0.0
2026-09-03 00:54:57,211052.35,145199,726,62.9341,-98.3599,0.7,4.260657,,,,0.05,8.018593,0.801859,1.925,1.073773,10.0,10.0,8.624836,0.0,8.624836,91.375164,69.723753,0.70427,10.49366,0.0,0.0
2026-09-03 00:59:50,211344.94,145399,727,273.6337,-93.0126,0.7,7.638092,,,,0.05,9.254688,0.925469,4.1e-05,0.419363,2.0,6.0,0.0,0.0,0.0,100.0,76.615079,0.680627,10.49366,0.0,0.0
2026-09-03 01:04:42,211637.12,145599,728,126.874,-92.9422,0.7,5.777935,,,,0.05,10.61427,1.061427,3.9e-05,1.684039,10.0,10.0,9.134952,0.0,9.134952,90.865048,68.317729,0.865923,10.49366,0.0,0.0
2026-09-03 01:09:33,211928.69,145799,729,405.0916,-91.1451,0.7,4.127099,,,,0.05,13.94001,1.394001,3.9e-05,0.009873,0.0,0.0,0.0,0.0,0.0,100.0,76.882173,0.790248,10.49366,0.0,0.0
2026-09-03 01:14:26,212221.11,145999,730,-155.5896,-93.6164,0.7,5.063415,,,,0.05,9.460176,0.946018,3.7e-05,2.159036,10.0,10.0,21.216513,0.0,21.216513,78.783487,58.99726,0.752458,10.49366,0.0,0.0
2026-09-03 01:19:18,212513.39,146199,731,262.8565,-88.3715,0.7,4.302372,,,,0.05,13.426313,1.342631,4e-05,2.120105,10.0,10.0,6.613877,0.0,6.613877,93.386123,69.834947,0.73691,10.49366,0.0,0.0
2026-09-03 01:24:10,212805.12,146399,732,369.725,-76.4734,0.7,5.015882,,,,0.05,14.489787,1.448979,3.9e-05,1.399772,10.0,10.0,2.815429,0.0,2.815429,97.184571,73.010855,0.633171,10.49366,0.0,0.0
2026-09-03 01:29:02,213097.38,146599,733,-280.2771,-80.6382,0.7,5.4273,,,,0.05,9.241224,0.924122,3.7e-05,4.169922,10.0,10.0,26.884075,0.0,26.884075,73.115925,53.419345,0.700124,10.49366,0.0,0.0
2026-09-03 01:33:55,213389.76,146799,734,-1134.8915,-94.1539,0.7,5.004728,,,,0.05,5.244472,0.524447,1.619719,5.723293,10.0,10.0,60.83346,0.0,60.83346,39.16654,26.838528,0.663621,10.49366,0.0,0.0
2026-09-03 01:38:47,213681.76,146999,735,-505.5655,-96.3563,0.7,11.38308,,,,0.05,6.412012,0.641201,3.9e-05,0.699215,9.0,10.0,33.278424,0.0,33.278424,66.721576,49.48887,0.471725,10.49366,0.0,0.0
2026-09-03 01:43:39,213974.08,147199,736,-358.9742,-98.4882,0.7,5.240146,,,,0.05,7.640059,0.764006,1e-05,1.374342,10.0,10.0,28.079187,0.0,28.079187,71.920813,53.6604,0.568786,10.49366,0.0,0.0
2026-09-03 01:48:31,214266.38,147399,737,159.3941,-99.2672,0.7,4.005219,,,,0.05,8.229942,0.822994,3.8e-05,1.391678,10.0,10.0,4.487286,0.0,4.487286,95.512714,72.909114,0.615838,10.49366,0.0,0.0
2026-09-03 01:53:23,214558.38,147599,738,-251.4548,-104.2158,0.7,7.078295,,,,0.05,8.179664,0.817966,1.1e-05,5.647451,10.0,10.0,24.160127,0.0,24.160127,75.839873,55.478434,0.588931,10.49366,0.0,0.0
2026-09-03 01:58:15,214850.09,147799,739,-659.3229,-110.4605,0.7,11.358543,,,,0.05,5.720019,0.572002,3.8e-05,4.48606,10.0,10.0,39.969474,0.0,39.969474,60.030526,42.798401,0.600961,10.49366,0.0,0.0
2026-09-03 02:03:07,215142.49,147999,740,59.6494,-112.7988,0.7,4.659704,,,,0.05,7.74015,0.774015,4.1e-05,1.047522,10.0,10.0,8.441332,0.0,8.441332,91.558668,69.868594,0.511705,10.49366,0.0,0.0
2026-09-03 02:08:00,215434.75,148199,741,227.0242,-111.4044,0.7,4.858478,,,,0.05,7.568422,0.756842,1.892,0.013213,0.0,1.0,0.0,0.0,0.0,100.0,76.82176,0.499524,10.49366,0.0,0.0
2026-09-03 02:12:52,215726.69,148399,742,-200.3727,-113.4921,0.7,9.069384,,,,0.05,3.744421,0.374442,3.6e-05,4.088774,10.0,10.0,15.229789,0.0,15.229789,84.770211,62.821436,0.829534,10.49366,0.0,0.0
2026-09-03 02:17:44,216019.15,148599,743,-660.6831,-121.9869,0.7,4.932539,,,,0.05,0.467557,0.046756,3.9e-05,3.583316,10.0,10.0,32.400495,0.0,32.400495,67.599505,49.782215,0.983547,10.49366,0.0,0.0
2026-09-03 02:22:36,216311.58,148799,744,-485.7381,-128.5755,0.7,5.299882,,,,0.05,4.049504,0.40495,4e-05,1.262065,10.0,10.0,28.833128,0.0,28.833128,71.166872,53.175836,0.873325,10.49366,0.0,0.0
2026-09-03 02:27:28,216603.29,148999,745,241.7162,-126.3455,0.7,5.493442,,,,0.05,8.112995,0.8113,4e-05,0.008775,0.0,0.0,0.0,0.0,0.0,100.0,76.8704,0.572183,10.49366,0.0,0.0
2026-09-03 02:32:20,216895.25,149199,746,-996.3719,-135.3277,0.7,5.377958,,,,0.05,1.770305,0.177031,3.6e-05,1.37932,10.0,10.0,50.117357,0.0,50.117357,49.882643,36.168025,0.92097,10.49366,0.0,0.0
2026-09-03 02:37:12,217187.44,149399,747,-89.022,-135.8333,0.7,2.559967,,,,0.05,3.65884,0.365884,4e-05,0.998513,10.0,10.0,9.405751,0.0,9.405751,90.594249,68.909643,0.930276,10.49366,0.0,0.0
2026-09-03 02:42:04,217479.14,149599,748,-116.4895,-134.4111,0.7,13.768961,,,,0.05,5.243801,0.52438,4e-05,0.690397,10.0,10.0,13.034903,0.0,13.034903,86.965097,66.490681,0.850938,10.49366,0.0,0.0
2026-09-03 02:46:56,217770.87,149799,749,142.7824,-134.9275,0.7,4.186907,,,,0.05,4.975946,0.497595,3.9e-05,0.147565,1.0,4.0,0.0,0.0,0.0,100.0,76.602484,0.876294,10.49366,0.0,0.0
2026-09-03 02:51:48,218063.31,149999,750,-494.0796,-140.9567,0.7,4.089536,,,,0.05,5.792891,0.579289,1.906,0.899231,10.0,10.0,31.725356,0.0,31.725356,68.274644,51.047245,0.619588,12.185081,0.0,0.0
2026-09-03 02:56:41,218355.74,150199,751,-242.4624,-146.2123,0.7,13.973601,,,,0.05,6.789787,0.678979,1.932,2.357866,10.0,10.0,18.596567,0.0,18.596567,81.403433,61.131807,0.610524,12.185081,0.0,0.0
2026-09-03 03:01:32,218647.61,150399,752,291.6,-145.8571,0.7,7.986811,,,,0.05,9.836539,0.983654,1.932,0.04483,0.0,1.0,0.0,0.0,0.0,100.0,76.865513,0.625576,12.185081,0.0,0.0
2026-09-03 03:06:25,218940.16,150599,753,-262.0302,-145.756,0.7,6.010912,,,,0.05,7.108286,0.710829,0.357234,1.627132,10.0,10.0,19.705848,0.0,19.705848,80.294152,60.483023,0.556742,12.185081,0.0,0.0
2026-09-03 03:11:18,219233.2,150799,754,-24.8609,-145.6774,0.7,6.117001,,,,0.05,7.552969,0.755297,3.9e-05,2.700849,10.0,10.0,10.652149,0.0,10.652149,89.347851,67.204478,0.655387,12.185081,0.0,0.0
2026-09-03 03:16:10,219525.37,150999,755,-287.2809,-151.1324,0.7,6.804293,,,,0.05,6.086854,0.608685,3.8e-05,2.439933,10.0,10.0,19.23218,0.0,19.23218,80.76782,60.52241,0.692061,12.185081,0.0,0.0
2026-09-03 03:21:02,219817.5,151199,756,-788.1712,-161.2018,0.7,4.57059,,,,0.05,4.085573,0.408557,4.1e-05,2.70854,10.0,10.0,37.993534,0.0,37.993534,62.006466,45.244978,0.695159,12.185081,0.0,0.0
2026-09-03 03:25:55,220110.36,151399,757,-413.6421,-161.9406,0.7,4.488354,,,,0.05,4.324917,0.432492,4.1e-05,1.945785,10.0,10.0,22.729782,0.0,22.729782,77.270218,57.626573,0.728824,12.185081,0.0,0.0
2026-09-03 03:30:48,220403.0,151599,758,-194.5187,-157.4224,0.7,8.997841,,,,0.05,5.461878,0.546188,1.917,1.569256,8.0,10.0,14.492778,0.0,14.492778,85.507222,63.898225,0.478538,12.185081,0.0,0.0
2026-09-03 03:35:40,220694.85,151799,759,159.5976,-153.326,0.7,4.533418,,,,0.05,7.557979,0.755798,1.6e-05,1.999171,10.0,10.0,3.250063,0.0,3.250063,96.749937,72.616461,0.600083,12.185081,0.0,0.0
2026-09-03 03:40:32,220987.63,151999,760,-927.9583,-159.9558,0.7,8.265666,,,,0.05,5.015498,0.50155,3.7e-05,5.999668,10.0,10.0,44.864134,0.0,44.864134,55.135866,38.906498,0.811195,12.185081,0.0,0.0
2026-09-03 03:45:25,221280.35,152199,761,-181.5585,-163.7481,0.7,6.513818,,,,0.05,10.735085,1.073508,3.7e-05,2.940625,10.0,10.0,21.174475,0.0,21.174475,78.825525,58.900775,0.699511,12.185081,0.0,0.0
2026-09-03 03:50:17,221572.57,152399,762,-1140.0498,-173.5641,0.7,5.083212,,,,0.05,6.890526,0.689053,3.9e-05,5.555023,10.0,10.0,55.371047,0.0,55.371047,44.628953,31.539912,0.569973,12.185081,0.0,0.0
2026-09-03 03:55:10,221865.03,152599,763,374.6976,-169.9834,0.7,3.422489,,,,0.05,13.220205,1.322021,3.6e-05,0.264546,1.0,1.0,0.0,0.0,0.0,100.0,76.8448,0.653603,12.185081,0.0,0.0
2026-09-03 04:00:02,222157.47,152799,764,-175.1588,-175.3692,0.7,6.275252,,,,0.05,10.077569,1.007757,1.5e-05,4.095383,10.0,10.0,20.843014,0.0,20.843014,79.156986,59.192218,0.651699,12.185081,0.0,0.0
2026-09-03 04:04:54,222449.31,152999,765,-565.5034,-184.5,0.7,4.790723,,,,0.05,7.028343,0.702834,3.7e-05,4.554424,10.0,10.0,33.05814,0.0,33.05814,66.94186,48.807286,0.595797,12.185081,0.0,0.0
2026-09-03 04:09:46,222741.53,153199,766,-726.1407,-187.6448,0.7,5.366697,,,,0.05,3.674285,0.367429,1.3e-05,3.511696,10.0,10.0,35.017564,0.0,35.017564,64.982436,47.94345,0.772535,12.185081,0.0,0.0
2026-09-03 04:14:39,223034.15,153399,767,-16.3632,-188.3269,0.7,7.76255,,,,0.05,3.884151,0.388415,3.8e-05,3.498291,10.0,10.0,6.258817,0.0,6.258817,93.741183,70.937485,0.786882,12.185081,0.0,0.0
2026-09-03 04:19:32,223326.71,153599,768,-240.2784,-191.4282,0.7,4.028296,,,,0.05,4.124897,0.41249,3.9e-05,2.54474,10.0,10.0,15.518047,0.0,15.518047,84.481953,63.335288,0.725059,12.185081,0.0,0.0
2026-09-03 04:24:23,223618.63,153799,769,-7.5143,-186.2365,0.7,6.213468,,,,0.05,4.028727,0.402873,3.8e-05,2.103506,10.0,10.0,5.764926,0.0,5.764926,94.235074,71.542641,0.815274,12.185081,0.0,0.0
2026-09-03 04:29:16,223910.72,153999,770,169.149,-185.4093,0.7,8.1054,,,,0.05,5.638299,0.56383,4.2e-05,0.012087,0.0,1.0,0.0,0.0,0.0,100.0,76.77952,0.655616,12.185081,0.0,0.0
2026-09-03 04:34:08,224203.13,154199,771,-964.4615,-192.3884,0.7,3.70457,,,,0.05,3.51127,0.351127,4.2e-05,2.374223,10.0,10.0,44.037952,0.0,44.037952,55.962048,40.597756,0.791801,12.185081,0.0,0.0
2026-09-03 04:39:00,224495.13,154399,772,60.8745,-184.4042,0.7,4.560084,,,,0.05,7.401028,0.740103,4.1e-05,1.216412,10.0,10.0,6.785458,0.0,6.785458,93.214542,70.902504,0.6707,12.185081,0.0,0.0
2026-09-03 04:43:52,224787.52,154599,773,77.2113,-185.3734,0.7,3.44047,,,,0.05,8.06513,0.806513,4e-05,1.218069,10.0,10.0,6.762971,0.0,6.762971,93.237029,70.906596,0.68754,12.185081,0.0,0.0
2026-09-03 04:48:45,225079.93,154799,774,-841.6462,-194.9608,0.7,5.182284,,,,0.05,3.770299,0.37703,1.443687,2.904364,10.0,10.0,39.115976,0.0,39.115976,60.884024,44.500711,0.715648,12.185081,0.0,0.0
2026-09-03 04:53:37,225372.06,154999,775,-155.3505,-197.7182,0.7,5.480027,,,,0.05,5.768471,0.576847,1.901,0.628572,10.0,10.0,13.540885,0.0,13.540885,86.459115,65.592708,0.712797,12.185081,0.0,0.0
2026-09-03 04:58:29,225664.31,155199,776,193.2629,-197.5381,0.7,4.842145,,,,0.05,6.536608,0.653661,4.2e-05,0.006194,0.0,0.0,0.0,0.0,0.0,100.0,76.25856,0.803174,12.185081,0.0,0.0
2026-09-03 05:03:22,225957.23,155399,777,-252.0075,-202.708,0.7,12.218905,,,,0.05,5.592091,0.559209,3.9e-05,0.354443,2.0,10.0,17.439984,0.0,17.439984,82.560016,61.866898,0.644027,12.185081,0.0,0.0
2026-09-03 05:08:15,226249.78,155599,778,125.6542,-200.66,0.7,6.375262,,,,0.05,6.566115,0.656612,3.9e-05,1.590712,10.0,10.0,3.151714,0.0,3.151714,96.848286,73.280229,0.753296,12.185081,0.0,0.0
2026-09-03 05:13:06,226541.28,155799,779,-79.3768,-203.2995,0.7,6.351848,,,,0.05,6.60143,0.660143,3.9e-05,1.020363,10.0,10.0,11.603993,0.0,11.603993,88.396007,67.230492,0.711756,12.185081,0.0,0.0
2026-09-03 05:17:58,226833.57,155999,780,-194.0266,-208.5171,0.7,3.289522,,,,0.05,6.720662,0.672066,1.3e-05,3.961302,10.0,10.0,16.405872,0.0,16.405872,83.594128,61.969654,0.657875,12.185081,0.0,0.0
2026-09-03 05:22:51,227126.12,156199,781,-696.383,-216.9031,0.7,8.913681,,,,0.05,4.355988,0.435599,4.2e-05,2.805523,10.0,10.0,33.790212,0.0,33.790212,66.209788,48.938913,0.663244,12.185081,0.0,0.0
2026-09-03 05:27:43,227417.7,156399,782,220.3216,-216.7711,0.7,6.249419,,,,0.05,8.959385,0.895938,7e-06,1.458294,10.0,10.0,2.328599,0.0,2.328599,97.671401,74.453201,0.608984,12.185081,0.0,0.0
2026-09-03 05:32:35,227709.79,156599,783,282.465,-215.0462,0.7,4.02165,,,,0.05,9.415501,0.94155,4e-05,0.004035,0.0,0.0,0.0,0.0,0.0,100.0,76.76672,0.599851,12.185081,0.0,0.0
2026-09-03 05:37:27,228002.22,156799,784,388.5388,-201.6505,0.7,8.930744,,,,0.05,13.110781,1.311078,3.9e-05,0.00433,0.0,0.0,0.0,0.0,0.0,100.0,76.56192,0.649334,12.185081,0.0,0.0
2026-09-03 05:42:20,228294.75,156999,785,-27.6535,-203.6184,0.7,3.841309,,,,0.05,9.640045,0.964004,1.1e-05,2.339903,10.0,10.0,13.07673,0.0,13.07673,86.92327,65.103262,0.55721,12.185081,0.0,0.0
2026-09-03 05:47:11,228586.6,157199,786,34.6591,-204.9222,0.7,5.27254,,,,0.05,12.224688,1.222469,3.8e-05,0.923474,10.0,10.0,13.72772,0.0,13.72772,86.27228,64.824276,0.670559,12.185081,0.0,0.0
2026-09-03 05:52:04,228879.27,157399,787,-604.6965,-212.6477,0.7,6.546041,,,,0.05,7.833732,0.783373,8e-06,3.36209,10.0,10.0,34.900573,0.0,34.900573,65.099427,47.880745,0.48355,12.185081,0.0,0.0
2026-09-03 05:56:57,229171.87,157599,788,-106.9026,-215.4402,0.7,7.316754,,,,0.05,7.984762,0.798476,3.8e-05,2.225892,10.0,10.0,14.573796,0.0,14.573796,85.426204,64.030003,0.618349,12.185081,0.0,0.0
2026-09-03 06:01:49,229463.91,157799,789,-100.6513,-215.9155,0.7,5.60778,,,,0.05,8.294711,0.829471,3.8e-05,2.62893,10.0,10.0,15.137024,0.0,15.137024,84.862976,63.704389,0.736943,12.185081,0.0,0.0
2026-09-03 06:06:41,229756.15,157999,790,-165.3587,-217.7529,0.7,10.291346,,,,0.05,5.647255,0.564725,3.9e-05,2.923204,10.0,10.0,14.492729,0.0,14.492729,85.507271,63.789459,0.777547,12.185081,0.0,0.0
2026-09-03 06:11:33,230048.56,158199,791,51.4465,-210.9378,0.7,5.857402,,,,0.05,4.294134,0.429413,4.2e-05,1.440323,10.0,10.0,3.509095,0.0,3.509095,96.490905,73.061999,0.718377,12.185081,0.0,0.0
2026-09-03 06:16:26,230341.16,158399,792,-721.9926,-220.6942,0.7,5.859695,,,,0.05,2.652362,0.265236,3.7e-05,3.718393,10.0,10.0,33.253911,0.0,33.253911,66.746089,49.046021,0.8793,12.185081,0.0,0.0
2026-09-03 06:21:18,230632.74,158599,793,-682.4646,-227.0143,0.7,4.809429,,,,0.05,2.883281,0.288328,3.6e-05,1.067072,10.0,10.0,31.433529,0.0,31.433529,68.566471,51.148097,0.701418,12.185081,0.0,0.0
2026-09-03 06:26:10,230925.32,158799,794,-403.9782,-231.002,0.7,8.388313,,,,0.05,5.188305,0.51883,8e-06,2.054786,10.0,10.0,23.602702,0.0,23.602702,76.397298,55.919763,0.522936,12.185081,0.0,0.0
2026-09-03 06:31:03,231218.15,158999,795,164.1439,-231.5912,0.7,5.787917,,,,0.05,7.842318,0.784232,1e-05,2.68156,10.0,10.0,1.837389,0.0,1.837389,98.162611,73.743388,0.789115,12.185081,0.0,0.0
2026-09-03 06:35:55,231510.31,159199,796,-494.168,-238.445,0.7,8.821135,,,,0.05,6.825575,0.682558,4e-05,3.510578,10.0,10.0,29.469137,0.0,29.469137,70.530863,52.275402,0.689161,12.185081,0.0,0.0
2026-09-03 06:40:47,231802.43,159399,797,-966.5059,-244.2872,0.7,6.047578,,,,0.05,4.148692,0.414869,3.8e-05,2.21145,10.0,10.0,44.859844,0.0,44.859844,55.140156,40.118341,0.649966,12.185081,0.0,0.0
2026-09-03 06:45:40,232095.13,159599,798,326.8618,-241.1683,0.7,4.492461,,,,0.05,11.177587,1.117759,4e-05,0.054364,1.0,1.0,0.0,0.0,0.0,100.0,76.805536,0.604641,12.185081,0.0,0.0
2026-09-03 06:50:33,232388.35,159799,799,-20.2086,-237.9726,0.7,5.16908,,,,0.05,8.721031,0.872103,3.9e-05,0.819522,10.0,10.0,11.649034,0.0,11.649034,88.350966,67.398416,0.626045,12.185081,0.0,0.0
2026-09-03 06:55:25,232680.4,159999,800,216.0633,-231.6654,0.7,3.739785,,,,0.05,7.33854,0.733854,3.7e-05,0.563917,3.0,6.0,0.0,0.0,0.0,100.0,75.389745,0.794769,12.185081,0.0,0.0
2026-09-03 07:00:18,232972.97,160199,801,302.9122,-221.0316,0.7,6.182842,,,,0.05,10.601257,1.060126,4.1e-05,0.870249,8.0,9.0,0.117799,0.0,0.117799,99.882201,77.018419,0.622123,12.185081,0.0,0.0
2026-09-03 07:05:10,233265.57,160399,802,-299.7775,-217.1038,0.7,4.05346,,,,0.05,7.924209,0.792421,0.805137,1.850527,10.0,10.0,22.097154,0.0,22.097154,77.902846,58.679025,0.587209,12.185081,0.0,0.0
2026-09-03 07:10:02,233557.38,160599,803,236.5796,-214.3126,0.7,4.993437,,,,0.05,9.011789,0.901179,1.3e-05,1.240047,10.0,10.0,1.229637,0.0,1.229637,98.770363,75.53678,0.706535,12.185081,0.0,0.0
2026-09-03 07:14:55,233850.08,160799,804,-475.9646,-222.5183,0.7,5.231606,,,,0.05,8.02492,0.802492,3.9e-05,1.251647,10.0,10.0,29.5467,0.0,29.5467,70.4533,52.893076,0.68826,12.185081,0.0,0.0
2026-09-03 07:19:48,234142.87,160999,805,-491.0881,-231.2859,0.7,5.419168,,,,0.05,7.463139,0.746314,3.7e-05,1.243546,10.0,10.0,29.527093,0.0,29.527093,70.472907,52.777436,0.781103,12.185081,0.0,0.0
2026-09-03 07:24:40,234435.22,161199,806,141.5717,-233.7429,0.7,7.562753,,,,0.05,5.617651,0.561765,3.8e-05,1.358265,10.0,10.0,0.7194,0.0,0.7194,99.2806,75.511866,0.878122,12.185081,0.0,0.0
2026-09-03 07:29:33,234728.31,161399,807,197.8445,-228.2892,0.7,4.503864,,,,0.05,6.809746,0.680975,3.8e-05,0.489437,3.0,4.0,0.0,0.0,0.0,100.0,75.97926,0.809107,12.185081,0.0,0.0
2026-09-03 07:34:26,235021.06,161599,808,-126.8579,-224.4652,0.7,7.54445,,,,0.05,7.395127,0.739513,3.9e-05,0.587332,10.0,10.0,14.258975,0.0,14.258975,85.741025,64.902635,0.583108,12.185081,0.0,0.0
2026-09-03 07:39:18,235312.96,161799,809,-230.2177,-224.2748,0.7,12.059407,,,,0.05,8.915882,0.891588,3.8e-05,3.056171,10.0,10.0,20.95412,0.0,20.95412,79.04588,58.366168,0.575834,12.185081,0.0,0.0
2026-09-03 07:44:10,235605.59,161999,810,-401.3352,-219.0196,0.7,3.415861,,,,0.05,7.490111,0.749011,1.016412,3.667473,10.0,10.0,25.857064,0.0,25.857064,74.142936,54.753449,0.539212,12.185081,0.0,0.0
2026-09-03 07:49:03,235898.15,162199,811,360.7605,-208.6727,0.7,6.623919,,,,0.05,12.827971,1.282797,1.3e-05,0.608271,6.0,8.0,0.0,0.0,0.0,100.0,75.366912,0.636632,12.185081,0.0,0.0
2026-09-03 07:53:55,236190.52,162399,812,161.8994,-204.5482,0.7,5.279145,,,,0.05,10.031804,1.00318,3.9e-05,2.505935,10.0,10.0,5.774719,0.0,5.774719,94.225281,70.342235,0.664896,12.185081,0.0,0.0
2026-09-03 07:58:48,236483.39,162599,813,-65.4012,-199.8877,0.7,6.333615,,,,0.05,10.079539,1.007954,1.3e-05,2.379016,10.0,10.0,14.809961,0.0,14.809961,85.190039,63.418778,0.68153,13.241908,0.0,0.0
2026-09-03 08:03:41,236776.13,162799,814,263.2231,-193.988,0.7,7.630229,,,,0.05,8.796239,0.879624,3.8e-05,0.113127,1.0,2.0,0.0,0.0,0.0,100.0,76.206019,0.597899,13.241908,0.0,0.0
2026-09-03 08:08:33,237068.39,162999,815,183.1939,-188.2347,0.7,4.024199,,,,0.05,7.697145,0.769715,4e-05,1.349928,10.0,10.0,2.022908,0.0,2.022908,97.977092,74.239108,0.570768,13.241908,0.0,0.0
2026-09-03 08:13:26,237360.91,163199,816,-102.9759,-176.2275,0.7,10.097383,,,,0.05,7.273487,0.727349,3.8e-05,0.751091,10.0,10.0,12.263412,0.0,12.263412,87.736588,66.617888,0.579897,13.241908,0.0,0.0
2026-09-03 08:18:18,237653.68,163399,817,-302.2007,-177.5378,0.7,6.394322,,,,0.05,5.805151,0.580515,4.2e-05,1.851018,10.0,10.0,17.963582,0.0,17.963582,82.036418,61.566279,0.534696,13.241908,0.0,0.0
2026-09-03 08:23:10,237945.37,163599,818,270.0674,-169.2861,0.7,5.265856,,,,0.05,9.346157,0.934616,4e-05,0.023105,0.0,1.0,0.0,0.0,0.0,100.0,76.61824,0.747743,13.241908,0.0,0.0
2026-09-03 08:28:03,238238.3,163799,819,115.7094,-167.195,0.7,10.356136,,,,0.05,8.36524,0.836524,1.3e-05,1.340188,10.0,10.0,5.405225,0.0,5.405225,94.594775,71.810501,0.65617,13.241908,0.0,0.0
2026-09-03 08:32:56,238531.27,163999,820,-219.9165,-158.8875,0.7,3.512637,,,,0.05,8.068553,0.806855,1.3e-05,2.259469,10.0,10.0,18.084203,0.0,18.084203,81.915797,61.565278,0.597301,13.241908,0.0,0.0
2026-09-03 08:37:48,238823.47,164199,821,85.4983,-151.8725,0.7,5.112606,,,,0.05,10.994858,1.099486,4e-05,4.001021,10.0,10.0,9.733304,0.0,9.733304,90.266696,67.913919,0.592302,13.241908,0.0,0.0
2026-09-03 08:42:41,239116.24,164399,822,-468.5867,-155.9665,0.7,5.816647,,,,0.05,7.951661,0.795166,1.94185,1.477673,10.0,10.0,26.790115,0.0,26.790115,73.209885,54.868717,0.510751,13.241908,0.0,0.0
2026-09-03 08:47:34,239408.98,164599,823,415.2236,-152.214,0.7,3.896244,,,,0.05,13.85172,1.385172,1.9269,0.007323,0.0,0.0,0.0,0.0,0.0,100.0,77.08416,0.584654,13.241908,0.0,0.0
2026-09-03 08:52:26,239701.21,164799,824,-833.1905,-159.2311,0.7,11.739676,,,,0.05,7.908465,0.790847,4e-05,2.785071,10.0,10.0,41.032043,0.0,41.032043,58.967957,43.219236,0.597004,13.241908,0.0,0.0
2026-09-03 08:57:19,239994.17,164999,825,-152.4551,-160.2741,0.7,8.345436,,,,0.05,11.720885,1.172088,1.34088,1.726046,10.0,10.0,19.131103,0.0,19.131103,80.868897,61.370677,0.545242,13.241908,0.0,0.0
2026-09-03 09:02:12,240286.71,165199,826,352.3727,-157.3797,0.7,7.062744,,,,0.05,11.860719,1.186072,1.931,0.030577,0.0,1.0,0.0,0.0,0.0,100.0,76.60672,0.604374,13.241908,0.0,0.0
2026-09-03 09:07:03,240578.62,165399,827,33.7647,-159.7784,0.7,7.216171,,,,0.05,6.615567,0.661557,3.8e-05,3.650676,10.0,10.0,6.547966,0.0,6.547966,93.452034,70.575468,0.758865,13.241908,0.0,0.0
2026-09-03 09:11:56,240870.92,165599,828,24.1219,-160.806,0.7,5.093751,,,,0.05,5.747228,0.574723,3.7e-05,2.488527,10.0,10.0,5.978912,0.0,5.978912,94.021088,71.337649,0.781336,13.241908,0.0,0.0
2026-09-03 09:16:48,241163.58,165799,829,150.6429,-163.3504,0.7,4.972555,,,,0.05,5.042297,0.50423,3.5e-05,0.082102,1.0,1.0,0.0,0.0,0.0,100.0,77.0018,0.757791,13.241908,0.0,0.0
2026-09-03 09:21:40,241455.64,165999,830,-494.1226,-166.7358,0.7,8.245085,,,,0.05,3.304554,0.330455,3.9e-05,4.313219,10.0,10.0,23.238244,0.0,23.238244,76.761756,57.12708,0.854435,13.241908,0.0,0.0
2026-09-03 09:26:34,241748.7,166199,831,208.723,-167.2771,0.7,7.91614,,,,0.05,6.974933,0.697493,1.3e-05,0.057923,1.0,1.0,0.0,0.0,0.0,100.0,76.96896,0.694064,13.241908,0.0,0.0
2026-09-03 09:31:27,242042.08,166399,832,337.2423,-167.6019,0.7,9.077437,,,,0.05,11.321799,1.13218,4e-05,0.025696,0.0,1.0,0.0,0.0,0.0,100.0,76.763502,0.606332,13.241908,0.0,0.0
2026-09-03 09:36:19,242333.71,166599,833,-187.5399,-166.6746,0.7,3.825789,,,,0.05,7.92203,0.792203,3.8e-05,0.449793,1.0,10.0,15.881577,0.0,15.881577,84.118423,63.712939,0.771813,13.241908,0.0,0.0
2026-09-03 09:41:12,242627.14,166799,834,406.3543,-151.2621,0.7,6.216834,,,,0.05,14.007982,1.400798,1.931,0.024758,0.0,1.0,0.0,0.0,0.0,100.0,76.82816,0.576712,13.241908,0.0,0.0
2026-09-03 09:46:04,242919.53,166999,835,-698.8258,-153.1947,0.7,12.238739,,,,0.05,5.477246,0.547725,1.47713,5.76395,10.0,10.0,33.408243,0.0,33.408243,66.591757,48.344987,0.732559,13.241908,0.0,0.0
2026-09-03 09:50:57,243212.0,167199,836,-457.1978,-154.1769,0.7,4.701646,,,,0.05,6.36563,0.636563,3.9e-05,3.925295,10.0,10.0,25.006226,0.0,25.006226,74.993774,55.646027,0.772198,13.241908,0.0,0.0
2026-09-03 09:55:50,243505.66,167399,837,-107.0505,-156.8414,0.7,9.512753,,,,0.05,6.148175,0.614818,3.8e-05,0.903559,10.0,10.0,11.149576,0.0,11.149576,88.850424,67.567066,0.777553,13.241908,0.0,0.0
2026-09-03 10:00:43,243798.08,167599,838,212.8805,-152.198,0.7,8.783794,,,,0.05,7.440243,0.744024,4e-05,0.005857,0.0,0.0,0.0,0.0,0.0,100.0,76.93312,0.722256,13.241908,0.0,0.0
2026-09-03 10:05:35,244090.43,167799,839,215.8503,-143.4463,0.7,7.40018,,,,0.05,7.239538,0.723954,4e-05,0.010536,0.0,1.0,0.0,0.0,0.0,100.0,76.90496,0.664083,13.241908,0.0,0.0
2026-09-03 10:10:29,244383.81,167999,840,241.0292,-141.6325,0.7,3.685937,,,,0.05,8.101281,0.810128,3.8e-05,0.014438,0.0,1.0,0.0,0.0,0.0,100.0,76.775351,0.653252,13.241908,0.0,0.0
2026-09-03 10:15:22,244676.72,168199,841,-265.9146,-146.5619,0.7,8.231,,,,0.05,5.196556,0.519656,3.9e-05,0.357513,0.0,10.0,15.962002,0.0,15.962002,84.037998,63.560034,0.58905,13.241908,0.0,0.0
2026-09-03 10:20:14,244969.21,168399,842,-504.2824,-149.601,0.7,4.710968,,,,0.05,4.963598,0.49636,1.5e-05,1.716639,10.0,10.0,24.772981,0.0,24.772981,75.227019,56.311042,0.652176,13.241908,0.0,0.0
2026-09-03 10:25:07,245262.1,168599,843,-681.3223,-149.8074,0.7,6.274408,,,,0.05,5.568565,0.556856,4.1e-05,1.311351,10.0,10.0,32.178078,0.0,32.178078,67.821922,50.664888,0.557934,13.241908,0.0,0.0
2026-09-03 10:30:00,245554.94,168799,844,-770.3018,-152.653,0.7,3.957148,,,,0.05,5.008856,0.500886,8e-06,3.813886,10.0,10.0,35.296467,0.0,35.296467,64.703533,47.336486,0.629167,13.241908,0.0,0.0
2026-09-03 10:34:52,245847.67,168999,845,-787.2161,-162.9423,0.7,7.01837,,,,0.05,3.268876,0.326888,4e-05,6.209705,10.0,10.0,34.165077,0.0,34.165077,65.834923,47.967519,0.803619,13.241908,0.0,0.0
2026-09-03 10:39:45,246140.65,169199,846,46.3447,-152.5152,0.7,5.992379,,,,0.05,6.377342,0.637734,1e-05,1.311085,10.0,10.0,5.719039,0.0,5.719039,94.280961,71.875751,0.696818,13.241908,0.0,0.0
2026-09-03 10:44:38,246433.2,169399,847,148.5573,-150.1394,0.7,10.061152,,,,0.05,5.65775,0.565775,3.8e-05,0.856914,9.0,10.0,0.809169,0.0,0.809169,99.190831,75.250705,0.588936,13.241908,0.0,0.0
2026-09-03 10:49:30,246725.57,169599,848,-89.7337,-149.8718,0.7,7.781704,,,,0.05,4.696335,0.469633,4e-05,2.843053,10.0,10.0,9.252265,0.0,9.252265,90.747735,68.144615,0.743058,13.241908,0.0,0.0
2026-09-03 10:54:23,247018.23,169799,849,-748.3189,-158.7828,0.7,4.581389,,,,0.05,7.765348,0.776535,1.1e-05,2.976496,10.0,10.0,37.185796,0.0,37.185796,62.814204,46.091671,0.53744,13.241908,0.0,0.0
2026-09-03 10:59:15,247310.59,169999,850,217.8216,-151.6638,0.7,7.662496,,,,0.05,10.867668,1.086767,3.8e-05,1.344511,10.0,10.0,4.197345,0.0,4.197345,95.802655,72.564796,0.621361,13.241908,0.0,0.0
2026-09-03 11:04:08,247603.35,170199,851,376.2101,-145.4771,0.7,3.867742,,,,0.05,12.576128,1.257613,4e-05,0.007886,0.0,0.0,0.0,0.0,0.0,100.0,76.9344,0.553245,13.241908,0.0,0.0
2026-09-03 11:09:01,247896.2,170399,852,-1511.8211,-163.5113,0.7,9.190603,,,,0.05,4.148687,0.414869,0.356325,5.252765,10.0,10.0,61.922617,0.0,61.922617,38.077383,26.436984,0.58064,13.241908,0.0,0.0
2026-09-03 11:13:54,248188.71,170599,853,-242.4007,-163.315,0.7,4.821374,,,,0.05,8.052139,0.805214,4e-05,0.092284,0.0,1.0,18.183175,0.0,18.183175,81.816825,62.491732,0.509538,13.241908,0.0,0.0
2026-09-03 11:18:46,248481.54,170799,854,299.9876,-160.0665,0.7,4.436807,,,,0.05,10.135009,1.013501,4.1e-05,1.252756,8.0,10.0,0.08124,0.0,0.08124,99.91876,76.403369,0.509121,13.241908,0.0,0.0
2026-09-03 11:23:39,248774.59,170999,855,140.5905,-155.7878,0.7,5.295274,,,,0.05,7.067107,0.706711,3.8e-05,1.379365,10.0,10.0,2.90351,0.0,2.90351,97.09649,74.149924,0.652485,13.241908,0.0,0.0
2026-09-03 11:28:32,249066.75,171199,856,-394.9323,-151.8554,0.7,6.843935,,,,0.05,8.714395,0.871439,3.6e-05,5.404979,10.0,10.0,25.508641,0.0,25.508641,74.491359,54.730282,0.620635,13.241908,0.0,0.0
2026-09-03 11:33:24,249358.75,171399,857,219.1613,-145.5274,0.7,3.522426,,,,0.05,7.305375,0.730537,4.2e-05,1.043126,6.0,9.0,0.0,0.0,0.0,100.0,76.429916,0.613443,13.241908,0.0,0.0
2026-09-03 11:38:16,249651.48,171599,858,-160.8991,-145.1912,0.7,6.266785,,,,0.05,5.192134,0.519213,3.8e-05,0.761142,10.0,10.0,11.799287,0.0,11.799287,88.200713,67.033836,0.725768,13.241908,0.0,0.0
2026-09-03 11:43:09,249943.7,171799,859,-230.5067,-149.0922,0.7,6.227543,,,,0.05,9.992681,0.999268,3.6e-05,2.059868,10.0,10.0,19.965379,0.0,19.965379,80.034621,60.077885,0.677988,13.241908,0.0,0.0
2026-09-03 11:48:01,250236.39,171999,860,147.0472,-138.3422,0.7,3.720329,,,,0.05,8.04302,0.804302,3.7e-05,1.485086,10.0,10.0,4.121995,0.0,4.121995,95.878005,72.977753,0.674148,13.241908,0.0,0.0
2026-09-03 11:52:54,250529.6,172199,861,52.4062,-136.0025,0.7,5.150141,,,,0.05,3.952834,0.395283,4e-05,1.49025,10.0,10.0,3.161124,0.0,3.161124,96.838876,73.898896,0.769699,13.241908,0.0,0.0
2026-09-03 11:57:46,250821.64,172399,862,146.9067,-123.133,0.7,4.5174,,,,0.05,4.919694,0.491969,3.8e-05,0.005119,0.0,0.0,0.0,0.0,0.0,100.0,77.0176,0.734993,13.241908,0.0,0.0
2026-09-03 12:02:39,251114.4,172599,863,-1184.1205,-138.7212,0.7,3.721088,,,,0.05,3.183332,0.318333,4e-05,4.023192,10.0,10.0,48.710621,0.0,48.710621,51.289379,37.431482,0.612756,13.241908,0.0,0.0
2026-09-03 12:07:32,251407.23,172799,864,152.8147,-135.4414,0.7,4.131031,,,,0.05,8.10468,0.810468,3.7e-05,1.342216,10.0,10.0,3.701667,0.0,3.701667,96.298333,73.269787,0.654628,13.241908,0.0,0.0
2026-09-03 12:12:24,251699.3,172999,865,-154.5744,-131.3321,0.7,5.36206,,,,0.05,6.136538,0.613654,3.9e-05,0.693117,10.0,10.0,12.644998,0.0,12.644998,87.355002,66.435318,0.767981,13.241908,0.0,0.0
2026-09-03 12:17:17,251992.51,173199,866,134.2397,-122.7283,0.7,11.348685,,,,0.05,8.670878,0.867088,3.8e-05,1.62324,10.0,10.0,5.081757,0.0,5.081757,94.918243,72.005367,0.737309,13.241908,0.0,0.0
2026-09-03 12:22:10,252285.42,173399,867,154.2972,-121.0217,0.7,6.590469,,,,0.05,11.526652,1.152665,3.7e-05,1.244131,10.0,10.0,7.233195,0.0,7.233195,92.766805,70.837446,0.686345,13.241908,0.0,0.0
2026-09-03 12:27:03,252577.86,173599,868,203.6977,-116.582,0.7,4.95986,,,,0.05,11.660442,1.166044,3.9e-05,1.308048,10.0,10.0,5.656846,0.0,5.656846,94.343154,71.555485,0.67905,13.241908,0.0,0.0
2026-09-03 12:31:55,252870.58,173799,869,-344.66,-119.9534,0.7,4.436064,,,,0.05,6.997017,0.699702,4e-05,3.217948,10.0,10.0,20.762471,0.0,20.762471,79.237529,59.055753,0.778305,13.241908,0.0,0.0
2026-09-03 12:36:48,253163.54,173999,870,62.6593,-121.0183,0.7,4.921028,,,,0.05,11.190235,1.119024,4e-05,2.610087,10.0,10.0,10.327883,0.0,10.327883,89.672117,67.542823,0.771157,13.241908,0.0,0.0
2026-09-03 12:41:41,253456.24,174199,871,444.3948,-106.9298,0.7,4.813094,,,,0.05,15.022172,1.502217,1.92795,0.017691,0.0,1.0,0.0,0.0,0.0,100.0,76.335277,0.63344,13.241908,0.0,0.0
2026-09-03 12:46:34,253749.24,174399,872,378.5469,-103.753,0.7,5.094832,,,,0.05,14.633017,1.463302,4.1e-05,0.006304,0.0,0.0,0.0,0.0,0.0,100.0,76.3392,0.708417,13.241908,0.0,0.0
2026-09-03 12:51:27,254041.9,174599,873,132.6782,-103.1984,0.7,7.828802,,,,0.05,12.315344,1.231534,3.8e-05,1.10007,10.0,10.0,8.163949,0.0,8.163949,91.836051,69.593871,0.676513,13.241908,0.0,0.0
2026-09-03 12:56:19,254334.14,174799,874,396.1548,-90.8203,0.7,7.565221,,,,0.05,13.589893,1.358989,3.7e-05,0.036355,0.0,1.0,0.0,0.0,0.0,100.0,76.68352,0.757304,13.241908,0.0,0.0
2026-09-03 13:01:12,254627.16,174999,875,104.0466,-88.2264,0.7,4.907281,,,,0.05,9.797828,0.979783,4e-05,1.261941,10.0,10.0,6.895746,0.0,6.895746,93.104254,70.613195,0.764022,13.719515,0.0,0.0
2026-09-03 13:06:05,254919.91,175199,876,-632.2191,-96.4812,0.7,5.671034,,,,0.05,5.845074,0.584507,3.9e-05,2.986229,10.0,10.0,29.66232,0.0,29.66232,70.33768,51.853544,0.639359,13.719515,0.0,0.0
2026-09-03 13:10:57,255212.45,175399,877,91.6727,-93.0444,0.7,7.827047,,,,0.05,8.611771,0.861177,3.7e-05,1.289673,10.0,10.0,6.349365,0.0,6.349365,93.650635,71.120974,0.655265,13.719515,0.0,0.0
2026-09-03 13:15:50,255505.43,175599,878,-71.4887,-95.0158,0.7,3.902818,,,,0.05,6.116519,0.611652,4.1e-05,1.061499,10.0,10.0,9.307514,0.0,9.307514,90.692486,68.989602,0.72222,13.719515,0.0,0.0
2026-09-03 13:20:43,255798.33,175799,879,24.7964,-93.9741,0.7,4.239355,,,,0.05,5.559854,0.555985,3.8e-05,1.409371,10.0,10.0,5.62798,0.0,5.62798,94.37202,71.760793,0.768726,13.719515,0.0,0.0
2026-09-03 13:25:35,256090.64,175999,880,-706.1141,-99.095,0.7,4.194736,,,,0.05,5.141142,0.514114,3.7e-05,0.932109,10.0,10.0,31.321031,0.0,31.321031,68.678969,51.525279,0.701985,13.719515,0.0,0.0
2026-09-03 13:30:28,256383.47,176199,881,-283.4262,-94.9654,0.7,4.96411,,,,0.05,6.146878,0.614688,3.9e-05,2.299244,10.0,10.0,17.615163,0.0,17.615163,82.384837,61.828019,0.719274,13.719515,0.0,0.0
2026-09-03 13:35:21,256676.43,176399,882,-882.8811,-105.9974,0.7,4.824042,,,,0.05,3.635573,0.363557,3.6e-05,3.321081,10.0,10.0,36.485108,0.0,36.485108,63.514892,47.107249,0.866887,13.719515,0.0,0.0
2026-09-03 13:40:14,256968.94,176599,883,-120.669,-110.0288,0.7,8.642319,,,,0.05,4.138326,0.413833,3.6e-05,1.089038,10.0,10.0,8.90636,0.0,8.90636,91.09364,68.793471,0.813301,13.719515,0.0,0.0
2026-09-03 13:45:06,257261.42,176799,884,-255.6191,-116.4703,0.7,10.924667,,,,0.05,3.365414,0.336541,1.7e-05,0.678411,10.0,10.0,13.064503,0.0,13.064503,86.935497,65.76545,0.873203,13.719515,0.0,0.0
2026-09-03 13:49:59,257553.92,176999,885,-533.9176,-121.533,0.7,4.654139,,,,0.05,3.437709,0.343771,3.8e-05,3.71539,10.0,10.0,23.787405,0.0,23.787405,76.212595,56.32587,0.921512,13.719515,0.0,0.0
2026-09-03 13:54:51,257845.87,177199,886,-139.7466,-123.277,0.7,6.353348,,,,0.05,5.403911,0.540391,3.8e-05,0.884427,10.0,10.0,11.180871,0.0,11.180871,88.819129,67.411183,0.756441,13.719515,0.0,0.0
2026-09-03 13:59:43,258138.62,177399,887,-264.7669,-119.8777,0.7,4.736945,,,,0.05,5.972037,0.597204,3.9e-05,0.369942,1.0,10.0,15.711401,0.0,15.711401,84.288599,63.942545,0.826509,13.719515,0.0,0.0
2026-09-03 14:04:36,258431.16,177599,888,247.3048,-116.3357,0.7,17.327976,,,,0.05,9.222934,0.922293,3.9e-05,1.202728,10.0,10.0,0.849303,0.0,0.849303,99.150697,75.660242,0.682659,13.719515,0.0,0.0
2026-09-03 14:09:29,258723.74,177799,889,-143.7408,-116.7666,0.7,10.091663,,,,0.05,6.834955,0.683495,3.8e-05,2.499569,10.0,10.0,12.874451,0.0,12.874451,87.125549,65.489755,0.735356,13.719515,0.0,0.0
2026-09-03 14:14:21,259016.62,177999,890,-359.5907,-118.7089,0.7,6.902781,,,,0.05,8.238509,0.823851,3.9e-05,2.080078,10.0,10.0,22.368399,0.0,22.368399,77.631601,58.226219,0.709472,13.719515,0.0,0.0
2026-09-03 14:19:14,259308.98,178199,891,285.8891,-116.3645,0.7,5.54614,,,,0.05,9.973328,0.997333,3.8e-05,0.006204,0.0,0.0,0.0,0.0,0.0,100.0,76.95744,0.697498,13.719515,0.0,0.0
2026-09-03 14:24:06,259601.39,178399,892,-523.843,-114.383,0.7,4.91923,,,,0.05,5.261566,0.526157,3.7e-05,1.667955,10.0,10.0,24.868024,0.0,24.868024,75.131976,56.527695,0.642093,13.719515,0.0,0.0
2026-09-03 14:28:59,259894.09,178599,893,73.6557,-106.8218,0.7,8.235931,,,,0.05,8.455253,0.845525,3.9e-05,1.242895,10.0,10.0,6.797067,0.0,6.797067,93.202933,71.295068,0.662048,13.719515,0.0,0.0
2026-09-03 14:33:51,260185.89,178799,894,-290.9934,-105.6919,0.7,5.392583,,,,0.05,9.835121,0.983512,4e-05,2.156355,10.0,10.0,21.696639,0.0,21.696639,78.303361,58.852202,0.588487,13.719515,0.0,0.0
2026-09-03 14:38:43,260478.47,178999,895,346.3474,-103.8699,0.7,7.97433,,,,0.05,11.716303,1.17163,3.9e-05,1.190309,9.0,10.0,0.163089,0.0,0.163089,99.836911,76.055445,0.616587,13.719515,0.0,0.0
2026-09-03 14:43:36,260771.03,179199,896,-289.0017,-101.8182,0.7,8.055593,,,,0.05,9.251899,0.92519,3.8e-05,2.55426,10.0,10.0,21.061985,0.0,21.061985,78.938015,59.080021,0.673153,13.719515,0.0,0.0
2026-09-03 14:48:28,261063.16,179399,897,229.3901,-89.8593,0.7,5.022827,,,,0.05,9.558363,0.955836,1.6e-05,1.349844,10.0,10.0,2.060211,0.0,2.060211,97.939789,74.836019,0.550739,13.719515,0.0,0.0
2026-09-03 14:53:20,261355.06,179599,898,-291.6048,-96.0439,0.7,3.872573,,,,0.05,6.670101,0.66701,3.8e-05,4.59045,10.0,10.0,18.666422,0.0,18.666422,81.333578,59.552832,0.639507,13.719515,0.0,0.0
2026-09-03 14:58:12,261647.58,179799,899,191.7237,-93.9246,0.7,5.180202,,,,0.05,6.426847,0.642685,3.8e-05,0.026866,0.0,1.0,0.0,0.0,0.0,100.0,76.94464,0.636644,13.719515,0.0,0.0
2026-09-03 15:03:05,261939.7,179999,900,228.4702,-93.8005,0.7,4.157743,,,,0.05,7.638065,0.763806,3.9e-05,0.277687,1.0,2.0,0.0,0.0,0.0,100.0,76.653776,0.689798,13.719515,0.0,0.0
2026-09-03 15:07:57,262232.25,180199,901,331.3402,-93.5162,0.7,5.639572,,,,0.05,11.482291,1.148229,3.9e-05,0.0707,1.0,2.0,0.0,0.0,0.0,100.0,76.54656,0.663485,13.719515,0.0,0.0
2026-09-03 15:12:50,262525.5,180399,902,-726.3918,-97.7824,0.7,4.938294,,,,0.05,8.08928,0.808928,4e-05,5.819357,10.0,10.0,36.018028,0.0,36.018028,63.981972,46.192114,0.716632,13.719515,0.0,0.0
2026-09-03 15:17:43,262817.83,180599,903,-1435.6013,-114.5042,0.7,4.944527,,,,0.05,4.975899,0.49759,3.8e-05,6.283112,10.0,10.0,58.367457,0.0,58.367457,41.632543,29.079991,0.707783,13.719515,0.0,0.0
2026-09-03 15:22:35,263110.61,180799,904,263.8477,-107.1061,0.7,6.037987,,,,0.05,9.895777,0.989578,3.8e-05,1.501295,10.0,10.0,1.354727,0.0,1.354727,98.645273,74.709756,0.738489,13.719515,0.0,0.0
2026-09-03 15:27:28,263403.35,180999,905,-113.7493,-103.3327,0.7,5.925479,,,,0.05,7.689119,0.768912,4e-05,0.86157,10.0,10.0,12.561762,0.0,12.561762,87.438238,66.12059,0.702773,13.719515,0.0,0.0
2026-09-03 15:32:20,263695.18,181199,906,-1092.2259,-115.6707,0.7,9.484426,,,,0.05,5.641928,0.564193,3.8e-05,2.086827,10.0,10.0,45.894744,0.0,45.894744,54.105256,39.409884,0.754369,13.719515,0.0,0.0
2026-09-03 15:37:13,263987.99,181399,907,-231.924,-119.9684,0.7,7.505865,,,,0.05,5.731612,0.573161,3.9e-05,4.307355,10.0,10.0,15.211845,0.0,15.211845,84.788155,63.085479,0.796239,13.719515,0.0,0.0
2026-09-03 15:42:06,264280.75,181599,908,-784.133,-126.5411,0.7,4.573408,,,,0.05,5.625594,0.562559,3.9e-05,8.786112,10.0,10.0,36.028295,0.0,36.028295,63.971705,45.680476,0.855861,13.719515,0.0,0.0
2026-09-03 15:46:58,264573.09,181799,909,340.7091,-120.8318,0.7,11.50801,,,,0.05,11.901387,1.190139,4e-05,0.011851,0.0,1.0,0.0,0.0,0.0,100.0,76.68352,0.586679,13.719515,0.0,0.0
2026-09-03 15:51:51,264866.06,181999,910,302.1457,-113.797,0.7,7.438149,,,,0.05,10.791795,1.079179,3.9e-05,0.009714,0.0,0.0,0.0,0.0,0.0,100.0,76.823073,0.577568,13.719515,0.0,0.0
2026-09-03 15:56:43,265158.66,182199,911,179.7417,-115.6072,0.7,13.207443,,,,0.05,9.20862,0.920862,4e-05,1.566115,10.0,10.0,4.018199,0.0,4.018199,95.981801,72.636266,0.727042,13.719515,0.0,0.0
2026-09-03 16:01:36,265450.87,182399,912,-1.7288,-117.2435,0.7,13.567034,,,,0.05,7.177664,0.717766,4e-05,1.207554,10.0,10.0,8.105274,0.0,8.105274,91.894726,69.89789,0.670311,13.719515,0.0,0.0
2026-09-03 16:06:28,265743.33,182599,913,295.8061,-113.6314,0.7,7.823134,,,,0.05,10.53896,1.053896,4.1e-05,0.886838,8.0,10.0,0.701371,0.0,0.701371,99.298629,76.862992,0.634033,13.719515,0.0,0.0
2026-09-03 16:11:21,266036.13,182799,914,-163.5913,-117.8996,0.7,6.941907,,,,0.05,7.571847,0.757185,3.8e-05,2.640296,10.0,10.0,14.718844,0.0,14.718844,85.281156,64.426509,0.768311,13.719515,0.0,0.0
2026-09-03 16:16:13,266328.42,182999,915,-358.3584,-123.3151,0.7,5.673731,,,,0.05,5.774674,0.577467,3.7e-05,4.315177,10.0,10.0,20.192037,0.0,20.192037,79.807963,59.520623,0.803066,13.719515,0.0,0.0
2026-09-03 16:21:06,266621.63,183199,916,127.4295,-121.011,0.7,11.911263,,,,0.05,8.589265,0.858927,3.7e-05,1.35916,10.0,10.0,5.018129,0.0,5.018129,94.981871,72.748258,0.617578,13.719515,0.0,0.0
2026-09-03 16:25:59,266914.59,183399,917,-441.2958,-122.402,0.7,6.879321,,,,0.05,6.79614,0.679614,3.7e-05,6.034456,10.0,10.0,24.064429,0.0,24.064429,75.935571,55.47689,0.800217,13.719515,0.0,0.0
2026-09-03 16:30:52,267207.02,183599,918,-906.2354,-134.165,0.7,5.71215,,,,0.05,4.291083,0.429108,3.7e-05,5.1513,10.0,10.0,38.295703,0.0,38.295703,61.704297,44.331653,0.768768,13.719515,0.0,0.0
2026-09-03 16:35:45,267500.12,183799,919,-341.0662,-138.7328,0.7,9.175172,,,,0.05,5.34544,0.534544,3.9e-05,1.865974,10.0,10.0,18.340662,0.0,18.340662,81.659338,61.287552,0.785352,13.719515,0.0,0.0
2026-09-03 16:40:37,267792.56,183999,920,4.6629,-136.487,0.7,7.030388,,,,0.05,7.88327,0.788327,3.8e-05,2.849004,10.0,10.0,9.097431,0.0,9.097431,90.902569,68.312085,0.779935,13.719515,0.0,0.0
2026-09-03 16:45:30,268084.73,184199,921,-186.6758,-139.2087,0.7,4.59005,,,,0.05,9.588327,0.958833,1.3e-05,0.226161,0.0,10.0,17.361472,0.0,17.361472,82.638528,62.362911,0.602185,13.719515,0.0,0.0
2026-09-03 16:50:24,268379.63,184399,922,324.8826,-131.274,0.7,5.544213,,,,0.05,10.846598,1.08466,1.937,0.007133,0.0,0.0,0.0,0.0,0.0,100.0,76.62592,0.583315,13.719515,0.0,0.0
2026-09-03 16:55:18,268673.26,184599,923,-340.4726,-138.831,0.7,6.279969,,,,0.05,6.396715,0.639671,3.6e-05,1.905523,10.0,10.0,19.484705,0.0,19.484705,80.515295,60.242815,0.765477,13.719515,0.0,0.0
2026-09-03 17:00:11,268966.29,184799,924,276.3172,-127.7359,0.7,9.539705,,,,0.05,9.210572,0.921057,3.8e-05,0.011341,0.0,1.0,0.0,0.0,0.0,100.0,76.74496,0.654093,13.719515,0.0,0.0
2026-09-03 17:05:06,269261.66,184999,925,-801.3036,-134.2244,0.7,6.618171,,,,0.05,3.165245,0.316525,3.6e-05,3.481513,10.0,10.0,32.974982,0.0,32.974982,67.025018,49.482743,0.864612,13.719515,0.0,0.0
2026-09-03 17:10:00,269555.05,185199,926,13.4357,-137.6138,0.7,5.629395,,,,0.05,3.136268,0.313627,3.8e-05,1.462484,10.0,10.0,3.461666,0.0,3.461666,96.538334,73.746665,0.860765,13.719515,0.0,0.0
2026-09-03 17:14:55,269850.21,185399,927,-629.5065,-144.2465,0.7,5.188449,,,,0.05,2.851818,0.285182,3.8e-05,4.059499,10.0,10.0,26.504703,0.0,26.504703,73.495297,54.534699,0.898924,13.719515,0.0,0.0
2026-09-03 17:19:48,270143.44,185599,928,-731.3961,-151.8017,0.7,7.573862,,,,0.05,2.445116,0.244512,3.6e-05,3.544555,10.0,10.0,29.543226,0.0,29.543226,70.456774,52.035911,0.919111,13.719515,0.0,0.0
2026-09-03 17:24:41,270435.7,185799,929,234.3219,-150.9649,0.7,4.960144,,,,0.05,7.810728,0.781073,3.9e-05,0.014059,0.0,1.0,0.0,0.0,0.0,100.0,76.56832,0.614956,13.719515,0.0,0.0
2026-09-03 17:29:34,270728.7,185999,930,34.3673,-145.68,0.7,9.26946,,,,0.05,6.053011,0.605301,3.9e-05,1.359068,10.0,10.0,5.708411,0.0,5.708411,94.291589,71.43473,0.688926,13.719515,0.0,0.0
2026-09-03 17:34:26,271021.17,186199,931,-79.4321,-148.5615,0.7,7.360607,,,,0.05,7.236986,0.723699,3.9e-05,0.864453,10.0,10.0,10.965884,0.0,10.965884,89.034116,67.776375,0.66122,13.719515,0.0,0.0
2026-09-03 17:39:18,271313.03,186399,932,238.8525,-149.5454,0.7,3.259098,,,,0.05,7.968726,0.796873,4e-05,0.057211,1.0,1.0,0.0,0.0,0.0,100.0,76.807857,0.647673,13.719515,0.0,0.0
2026-09-03 17:44:10,271605.66,186599,933,-878.8762,-156.4588,0.7,6.669692,,,,0.05,4.318869,0.431887,3.7e-05,3.64199,10.0,10.0,37.045261,0.0,37.045261,62.954739,45.878716,0.71818,13.719515,0.0,0.0
2026-09-03 17:49:04,271898.74,186799,934,281.5883,-157.7064,0.7,5.273669,,,,0.05,9.438677,0.943868,3.9e-05,0.013956,0.0,1.0,0.0,0.0,0.0,100.0,76.86144,0.693923,13.719515,0.0,0.0
2026-09-03 17:53:56,272191.17,186999,935,-385.8556,-154.5767,0.7,6.825169,,,,0.05,8.671021,0.867102,5e-06,1.868667,10.0,10.0,23.419617,0.0,23.419617,76.580383,57.475226,0.694432,13.719515,0.0,0.0
2026-09-03 17:58:49,272484.45,187199,936,-15.6801,-150.1616,0.7,4.82323,,,,0.05,8.531252,0.853125,1.5e-05,0.970826,10.0,10.0,9.883984,0.0,9.883984,90.116016,68.211787,0.685206,13.719515,0.0,0.0
2026-09-03 18:03:42,272777.14,187399,937,-464.4712,-153.7358,0.7,5.392915,,,,0.05,5.01828,0.501828,3.7e-05,1.908647,10.0,10.0,22.53408,0.0,22.53408,77.46592,57.877638,0.618974,13.719515,0.0,0.0
2026-09-03 18:08:34,273068.79,187599,938,-171.8661,-157.5832,0.7,4.789744,,,,0.05,5.553525,0.555352,3.8e-05,0.777977,10.0,10.0,11.994647,0.0,11.994647,88.005353,66.666754,0.681826,14.581452,0.0,0.0
2026-09-03 18:13:27,273362.04,187799,939,-1475.8062,-174.4998,0.7,6.945624,,,,0.05,2.254299,0.22543,3.8e-05,5.029904,10.0,10.0,53.332329,0.0,53.332329,46.667671,33.020146,0.730132,14.581452,0.0,0.0
2026-09-03 18:18:19,273654.45,187999,940,218.9917,-174.7202,0.7,4.050433,,,,0.05,7.330003,0.733,1e-05,0.011033,0.0,1.0,0.0,0.0,0.0,100.0,76.10496,0.632295,14.581452,0.0,0.0
2026-09-03 18:23:11,273946.46,188199,941,-644.2999,-178.504,0.7,5.562522,,,,0.05,4.18763,0.418763,3.7e-05,1.544136,10.0,10.0,26.698622,0.0,26.698622,73.301378,54.59117,0.726651,14.581452,0.0,0.0
2026-09-03 18:28:04,274239.28,188399,942,-333.7138,-176.7983,0.7,4.914009,,,,0.05,6.611967,0.661197,4e-05,0.112569,0.0,1.0,18.258455,0.0,18.258455,81.741545,61.402562,0.56617,14.581452,0.0,0.0
2026-09-03 18:32:57,274531.9,188599,943,-1305.9407,-183.0445,0.7,6.608315,,,,0.05,5.660225,0.566022,3.7e-05,1.317651,10.0,10.0,50.436139,0.0,50.436139,49.563861,35.685282,0.556866,14.581452,0.0,0.0
2026-09-03 18:37:49,274824.63,188799,944,-233.2446,-177.674,0.7,4.980939,,,,0.05,6.497503,0.64975,4.1e-05,0.502681,1.0,10.0,14.861086,0.0,14.861086,85.138914,64.310102,0.702479,14.581452,0.0,0.0
2026-09-03 18:42:42,275117.68,188999,945,104.334,-168.7585,0.7,6.754745,,,,0.05,12.127983,1.212798,4.3e-05,1.04883,10.0,10.0,9.062375,0.0,9.062375,90.937625,69.032169,0.592636,14.581452,0.0,0.0
2026-09-03 18:47:35,275409.95,189199,946,-200.1265,-171.2232,0.7,9.447292,,,,0.05,9.108394,0.910839,4.1e-05,0.318288,0.0,10.0,16.308517,0.0,16.308517,83.691483,63.357715,0.525112,14.581452,0.0,0.0
2026-09-03 18:52:27,275702.51,189399,947,-72.1606,-173.4303,0.7,6.538274,,,,0.05,8.022836,0.802284,4.1e-05,1.044392,10.0,10.0,10.811126,0.0,10.811126,89.188874,67.887805,0.607189,14.581452,0.0,0.0
2026-09-03 18:57:20,275995.01,189599,948,120.1154,-171.3318,0.7,4.034489,,,,0.05,6.12532,0.612532,3.8e-05,2.188463,10.0,10.0,2.216441,0.0,2.216441,97.783559,73.562712,0.660539,14.581452,0.0,0.0
2026-09-03 19:02:12,276287.29,189799,949,-572.6267,-169.5749,0.7,5.86796,,,,0.05,2.460965,0.246096,3.9e-05,4.255971,10.0,10.0,22.559479,0.0,22.559479,77.440521,57.179308,0.965521,14.581452,0.0,0.0
2026-09-03 19:07:05,276580.49,189999,950,-639.3277,-178.1464,0.7,4.952318,,,,0.05,1.951556,0.195156,3.7e-05,6.120369,10.0,10.0,24.305602,0.0,24.305602,75.694398,55.262527,0.84442,14.581452,0.0,0.0
2026-09-03 19:11:59,276874.04,190199,951,-893.8601,-190.8471,0.7,5.487852,,,,0.05,2.449576,0.244958,3.8e-05,3.475532,10.0,10.0,33.655419,0.0,33.655419,66.344581,48.890679,0.911538,14.581452,0.0,0.0
2026-09-03 19:16:51,277166.29,190399,952,137.1277,-174.3576,0.7,6.241456,,,,0.05,4.570924,0.457092,3.9e-05,0.00566,0.0,0.0,0.0,0.0,0.0,100.0,76.66176,0.74127,14.581452,0.0,0.0
2026-09-03 19:21:44,277459.38,190599,953,201.1426,-169.9222,0.7,4.611441,,,,0.05,6.724679,0.672468,1.2e-05,0.062549,1.0,1.0,0.0,0.0,0.0,100.0,76.495209,0.634969,14.581452,0.0,0.0
2026-09-03 19:26:37,277752.6,190799,954,129.8574,-171.6235,0.7,8.90585,,,,0.05,9.395898,0.93959,4e-05,1.279551,10.0,10.0,5.355233,0.0,5.355233,94.644767,71.760663,0.649114,14.581452,0.0,0.0
2026-09-03 19:31:30,278045.16,190999,955,-724.9403,-180.2788,0.7,5.973032,,,,0.05,3.052778,0.305278,3.9e-05,6.322827,10.0,10.0,28.625194,0.0,28.625194,71.374806,51.49597,0.913916,14.581452,0.0,0.0
2026-09-03 19:36:23,278337.99,191199,956,-255.9096,-178.8886,0.7,8.416311,,,,0.05,6.827221,0.682722,4.1e-05,2.461334,10.0,10.0,16.156986,0.0,16.156986,83.843014,62.742442,0.604242,14.581452,0.0,0.0
2026-09-03 19:41:15,278630.66,191399,957,-262.3062,-183.7033,0.7,5.821856,,,,0.05,7.63487,0.763487,1.609582,0.255285,0.0,10.0,16.832694,0.0,16.832694,83.167306,62.997728,0.539586,14.581452,0.0,0.0
2026-09-03 19:46:08,278922.75,191599,958,212.7035,-179.9672,0.7,3.920624,,,,0.05,7.090118,0.709012,1.93295,0.005141,0.0,0.0,0.0,0.0,0.0,100.0,76.69248,0.544735,14.581452,0.0,0.0
2026-09-03 19:51:01,279215.84,191799,959,-320.6083,-180.8682,0.7,5.930191,,,,0.05,6.305501,0.63055,4.2e-05,0.18251,0.0,10.0,17.536939,0.0,17.536939,82.463061,62.289387,0.636849,14.581452,0.0,0.0
2026-09-03 19:55:54,279509.08,191999,960,-312.9577,-185.4683,0.7,5.376441,,,,0.05,5.451535,0.545153,1.4e-05,4.172259,10.0,10.0,16.788431,0.0,16.788431,83.211569,61.659372,0.758994,14.581452,0.0,0.0
2026-09-03 20:00:47,279801.93,192199,961,-703.4721,-193.0271,0.7,7.115149,,,,0.05,10.076416,1.007642,3.6e-05,0.525032,10.0,10.0,34.673191,0.0,34.673191,65.326809,48.81621,0.548999,14.581452,0.0,0.0
2026-09-03 20:05:40,280095.0,192399,962,326.393,-191.2322,0.7,5.125103,,,,0.05,12.687319,1.268732,4.3e-05,1.154272,10.0,10.0,2.006834,0.0,2.006834,97.993166,74.521086,0.691912,14.581452,0.0,0.0
2026-09-03 20:10:33,280387.83,192599,963,377.8639,-175.6124,0.7,7.535119,,,,0.05,12.694035,1.269403,1.914,0.87826,7.0,10.0,0.070148,0.0,0.070148,99.929852,75.794714,0.687933,14.581452,0.0,0.0
2026-09-03 20:15:25,280679.81,192799,964,-181.3154,-178.9537,0.7,8.753235,,,,0.05,11.384794,1.138479,3.7e-05,2.365326,10.0,10.0,17.716857,0.0,17.716857,82.283143,61.718621,0.637756,14.581452,0.0,0.0
2026-09-03 20:20:18,280973.16,192999,965,-255.7764,-179.9657,0.7,9.105071,,,,0.05,7.013617,0.701362,3.8e-05,3.336757,10.0,10.0,16.52093,0.0,16.52093,83.47907,61.978145,0.886353,14.581452,0.0,0.0
2026-09-03 20:25:10,281265.57,193199,966,-82.4573,-182.1327,0.7,3.758005,,,,0.05,10.119641,1.011964,3.9e-05,0.646646,10.0,10.0,13.377552,0.0,13.377552,86.622448,65.645636,0.653898,14.581452,0.0,0.0
2026-09-03 20:30:03,281558.05,193399,967,148.3656,-182.192,0.7,5.845622,,,,0.05,8.032018,0.803202,4e-05,1.365713,10.0,10.0,3.374956,0.0,3.374956,96.625044,73.21351,0.670128,14.581452,0.0,0.0
2026-09-03 20:34:56,281851.28,193599,968,-91.1074,-185.14,0.7,11.616899,,,,0.05,5.663353,0.566335,3.7e-05,3.125787,10.0,10.0,9.424513,0.0,9.424513,90.575487,67.274838,0.86295,14.581452,0.0,0.0
2026-09-03 20:39:48,282143.48,193799,969,-823.3124,-189.9266,0.7,4.792328,,,,0.05,4.658168,0.465817,3.6e-05,0.753065,10.0,10.0,33.409588,0.0,33.409588,66.590412,49.630766,0.632619,14.581452,0.0,0.0
2026-09-03 20:44:41,282435.93,193999,970,264.2831,-187.9103,0.7,6.843614,,,,0.05,8.809438,0.880944,1.909,0.006066,0.0,0.0,0.0,0.0,0.0,100.0,76.3904,0.697783,14.581452,0.0,0.0
2026-09-03 20:49:34,282729.3,194199,971,-118.5035,-193.5393,0.7,9.341017,,,,0.05,8.353242,0.835324,1.9e-05,0.695753,10.0,10.0,12.586911,0.0,12.586911,87.413089,66.359816,0.549123,14.581452,0.0,0.0
2026-09-03 20:54:27,283022.04,194399,972,-1227.6459,-209.6012,0.7,5.158818,,,,0.05,4.227149,0.422715,1.3e-05,5.507395,10.0,10.0,46.745611,0.0,46.745611,53.254389,38.184451,0.581802,14.581452,0.0,0.0
2026-09-03 20:59:19,283314.36,194599,973,-109.4769,-212.0228,0.7,5.971017,,,,0.05,9.411571,0.941157,1.93395,0.828176,10.0,10.0,13.562696,0.0,13.562696,86.437304,65.959137,0.5522,14.581452,0.0,0.0
2026-09-03 21:04:12,283606.8,194799,974,-211.0571,-218.0949,0.7,5.46786,,,,0.05,6.209889,0.620989,3.7e-05,2.684293,10.0,10.0,14.203091,0.0,14.203091,85.796909,64.654813,0.707884,14.581452,0.0,0.0
2026-09-03 21:09:04,283898.96,194999,975,-1018.98,-229.3252,0.7,4.425817,,,,0.05,8.019924,0.801992,3.8e-05,2.432056,10.0,10.0,43.125797,0.0,43.125797,56.874203,41.795198,0.726943,14.581452,0.0,0.0
2026-09-03 21:13:56,284191.31,195199,976,312.9026,-219.8739,0.7,6.553098,,,,0.05,10.430087,1.043009,3.9e-05,0.013999,0.0,1.0,0.0,0.0,0.0,100.0,77.174579,0.641573,14.581452,0.0,0.0
2026-09-03 21:18:49,284484.13,195399,977,-743.2641,-228.2233,0.7,6.872336,,,,0.05,5.02948,0.502948,3.8e-05,3.473176,10.0,10.0,30.923855,0.0,30.923855,69.076145,51.099416,0.733754,14.581452,0.0,0.0
2026-09-03 21:23:40,284774.96,195599,978,-105.4433,-228.5629,0.7,4.211757,,,,0.05,8.600171,0.860017,3.8e-05,2.489625,10.0,10.0,12.748693,0.0,12.748693,87.251307,65.948578,0.704657,14.581452,0.0,0.0
2026-09-03 21:28:33,285068.11,195799,979,-500.1203,-233.812,0.7,7.106618,,,,0.05,4.843765,0.484377,3.7e-05,2.338218,10.0,10.0,22.525234,0.0,22.525234,77.474766,58.039298,0.805075,14.581452,0.0,0.0
2026-09-03 21:33:26,285361.27,195999,980,191.9072,-224.8318,0.7,4.51414,,,,0.05,10.21723,1.021723,3.6e-05,1.459607,10.0,10.0,3.552632,0.0,3.552632,96.447368,73.381826,0.677304,14.581452,0.0,0.0
2026-09-03 21:38:18,285653.51,196199,981,-858.9138,-230.5867,0.7,6.467131,,,,0.05,4.275768,0.427577,3.7e-05,0.616262,10.0,10.0,33.898503,0.0,33.898503,66.101497,49.228855,0.705578,14.581452,0.0,0.0
2026-09-03 21:43:12,285947.36,196399,982,-439.0759,-226.1486,0.7,8.587845,,,,0.05,5.040394,0.504039,3.9e-05,2.301799,10.0,10.0,20.560203,0.0,20.560203,79.439797,59.796634,0.677303,14.581452,0.0,0.0
2026-09-03 21:48:06,286240.81,196599,983,-186.5343,-226.8073,0.7,5.887759,,,,0.05,8.007381,0.800738,4e-05,0.502363,1.0,10.0,14.553365,0.0,14.553365,85.446635,64.835834,0.494429,14.581452,0.0,0.0
2026-09-03 21:52:58,286533.5,196799,984,157.6722,-222.6744,0.7,4.873235,,,,0.05,5.330221,0.533022,3.8e-05,0.054178,0.0,1.0,0.0,0.0,0.0,100.0,76.736,0.768813,14.581452,0.0,0.0
2026-09-03 21:57:52,286826.86,196999,985,-589.0251,-223.2255,0.7,5.132719,,,,0.05,3.629821,0.362982,3.7e-05,1.796183,10.0,10.0,23.927765,0.0,23.927765,76.072235,56.748745,0.877861,14.581452,0.0,0.0
2026-09-03 22:02:45,287120.31,197199,986,-335.2629,-225.1806,0.7,12.079788,,,,0.05,5.775766,0.577577,3.9e-05,0.192597,0.0,10.0,17.408211,0.0,17.408211,82.591789,62.631277,0.606519,14.581452,0.0,0.0
2026-09-03 22:07:38,287413.39,197399,987,-1254.4641,-235.0776,0.7,4.755583,,,,0.05,2.635874,0.263587,3.8e-05,5.556728,10.0,10.0,46.219667,0.0,46.219667,53.780333,38.420204,0.796843,14.581452,0.0,0.0
2026-09-03 22:12:32,287707.17,197599,988,196.2254,-235.5884,0.7,3.619763,,,,0.05,6.584585,0.658458,4.1e-05,0.010719,0.0,1.0,0.0,0.0,0.0,100.0,76.6656,0.649248,14.581452,0.0,0.0
2026-09-03 22:17:25,288000.53,197799,989,-257.7998,-236.729,0.7,4.710865,,,,0.05,4.763577,0.476358,3.9e-05,4.989837,10.0,10.0,14.596859,0.0,14.596859,85.403141,63.561878,0.845544,14.581452,0.0,0.0
2026-09-03 22:22:18,288293.52,197999,990,166.4037,-231.469,0.7,3.382176,,,,0.05,5.735064,0.573506,3.9e-05,0.098689,1.0,2.0,0.0,0.0,0.0,100.0,76.769388,0.790762,14.581452,0.0,0.0
2026-09-03 22:27:12,288587.18,198199,991,35.0753,-233.9772,0.7,5.262393,,,,0.05,4.777644,0.477764,1.6e-05,1.428925,10.0,10.0,3.975377,0.0,3.975377,96.024623,72.947374,0.726219,14.581452,0.0,0.0
2026-09-03 22:32:05,288880.38,198399,992,-1093.1111,-239.6698,0.7,5.892312,,,,0.05,7.736781,0.773678,3.9e-05,4.631403,10.0,10.0,47.276786,0.0,47.276786,52.723214,37.06394,0.684576,14.581452,0.0,0.0
2026-09-03 22:36:58,289173.65,198599,993,-778.2822,-248.1892,0.7,7.950068,,,,0.05,3.805782,0.380578,3.8e-05,1.06355,10.0,10.0,30.669136,0.0,30.669136,69.330864,51.865742,0.883153,14.581452,0.0,0.0
2026-09-03 22:41:52,289467.05,198799,994,163.136,-243.6479,0.7,5.28637,,,,0.05,5.437867,0.543787,3.9e-05,1.068277,9.0,9.0,0.0,0.0,0.0,100.0,75.889429,0.618692,14.581452,0.0,0.0
2026-09-03 22:46:45,289760.23,198999,995,-100.3485,-248.1149,0.7,5.755354,,,,0.05,8.598954,0.859895,1.927,0.728414,10.0,10.0,12.264387,0.0,12.264387,87.735613,66.501249,0.63228,14.581452,0.0,0.0
2026-09-03 22:51:38,290053.62,199199,996,-697.2968,-252.1978,0.7,5.331243,,,,0.05,3.826568,0.382657,1.924,4.070151,10.0,10.0,28.278874,0.0,28.278874,71.721126,52.971539,0.806334,14.581452,0.0,0.0
2026-09-03 22:56:32,290347.21,199399,997,244.9066,-252.0427,0.7,4.769115,,,,0.05,8.163552,0.816355,1.93,0.008032,0.0,0.0,0.0,0.0,0.0,100.0,76.49024,0.510098,14.581452,0.0,0.0
2026-09-03 23:01:25,290640.31,199599,998,-1022.4914,-259.3515,0.7,4.527451,,,,0.05,3.04516,0.304516,1.2e-05,6.042142,10.0,10.0,38.967731,0.0,38.967731,61.032269,44.08444,0.74954,14.581452,0.0,0.0
2026-09-03 23:06:18,290933.31,199799,999,49.5765,-260.773,0.7,4.484632,,,,0.05,5.017365,0.501736,4.1e-05,1.446918,10.0,10.0,3.591468,0.0,3.591468,96.408532,73.469095,0.873015,14.581452,0.0,0.0
2026-09-03 23:11:12,291227.35,199999,1000,-808.3227,-271.1409,0.7,7.318073,,,,0.05,2.044083,0.204408,3.7e-05,4.245734,10.0,10.0,30.394196,0.0,30.394196,69.605804,51.673415,0.926853,15.799501,0.0,0.0
