wall_time,elapsed_sec,step,episode,ep_reward,ep_reward_ma100,sps,loss,policy_loss,value_loss,entropy,epsilon,embb_mbps_mean,spectral_eff_bps_hz,embb_p5_mbps,urllc_delay_ms_mean,urllc_delay_p95,urllc_delay_p99,urllc_drop_late_pct,urllc_drop_overflow_pct,sla_violation_pct,sla_satisfaction_pct,timely_throughput_mbps,jains_fairness,lam
2026-08-17 21:27:03,13.0,511,2,452.4166,452.4166,39.3,115.804001,-0.0,231.655869,2.393042,,6.881835,0.688183,6e-06,2.383175,10.0,10.0,14.369657,0.0,14.369657,85.630343,63.80686,0.549202,1.0
2026-08-17 21:27:16,25.7,1023,5,628.3967,540.4066,39.8,263.014862,-0.0,526.077576,2.392999,,9.38032,0.938032,4e-06,2.024238,10.0,10.0,14.493352,0.0,14.493352,85.506648,63.412006,0.554806,1.0
2026-08-17 21:27:29,38.39,1535,7,763.9922,614.9351,40.0,338.401276,0.0,676.850403,2.392837,,10.626303,1.06263,6e-06,2.012518,10.0,10.0,6.116942,0.0,6.116942,93.883058,72.150521,0.527193,1.0
2026-08-17 21:27:41,51.2,2047,10,473.7042,579.6274,40.0,164.182175,-0.0,328.412201,2.39289,,7.666054,0.766605,3e-06,3.461967,10.0,10.0,20.963835,0.0,20.963835,79.036165,58.386172,0.555425,1.0
2026-08-17 21:27:54,63.86,2559,12,436.4237,550.9867,40.1,99.899002,-0.0,199.845871,2.393065,,6.627185,0.662719,6e-06,1.824587,10.0,10.0,14.358914,0.0,14.358914,85.641086,64.952882,0.504263,1.0
2026-08-17 21:28:07,76.68,3071,15,301.3681,509.3836,40.1,53.945,-0.0,107.937866,2.393316,,4.660697,0.46607,6e-06,2.162919,10.0,10.0,11.315666,0.0,11.315666,88.684334,67.099169,0.612382,1.0
2026-08-17 21:28:19,89.3,3583,17,547.5298,514.833,40.1,183.184723,0.0,366.417297,2.393313,,7.20155,0.720155,6e-06,0.82891,6.0,8.0,0.00587,0.0,0.00587,99.99413,76.312525,0.527464,1.0
2026-08-17 21:28:32,101.96,4095,20,622.4008,528.279,40.2,240.592239,0.0,481.23233,2.393307,,8.849289,0.884929,8e-06,1.231338,8.0,10.0,8.798646,0.0,8.798646,91.201354,69.378283,0.541277,1.0
2026-08-17 21:28:45,114.62,4607,23,513.1474,526.5977,40.2,175.732834,0.0,351.513519,2.393284,,7.497588,0.749759,8e-06,1.553763,10.0,10.0,11.067984,0.0,11.067984,88.932016,67.15903,0.578518,1.0
2026-08-17 21:28:57,127.26,5119,25,438.607,517.7987,40.2,129.123169,-0.0,258.294189,2.393177,,6.912872,0.691287,4e-06,2.941042,10.0,10.0,17.516758,0.0,17.516758,82.483242,62.053001,0.565097,1.0
2026-08-17 21:29:10,140.0,5631,28,533.0846,519.1883,40.2,142.765289,0.0,285.57843,2.392913,,7.822194,0.782219,4e-06,1.923864,10.0,10.0,12.61579,0.0,12.61579,87.38421,66.420597,0.511406,1.0
2026-08-17 21:29:23,152.6,6143,30,675.1285,532.1833,40.3,244.821335,0.0,489.690521,2.392604,,9.021825,0.902183,7e-06,1.140269,7.0,10.0,1.220435,0.0,1.220435,98.779565,75.932284,0.545431,1.0
2026-08-17 21:29:35,165.24,6655,33,718.7424,546.534,40.3,287.096161,-0.0,574.240173,2.391975,,10.136411,1.013641,3e-06,3.570973,10.0,10.0,9.69875,0.0,9.69875,90.30125,68.162349,0.550248,1.0
2026-08-17 21:29:48,177.94,7167,35,866.2492,569.3708,40.3,439.948334,0.0,879.944519,2.391715,,12.15589,1.215589,6e-06,1.803039,10.0,10.0,4.192297,0.0,4.192297,95.807703,73.200273,0.554086,1.0
2026-08-17 21:30:01,190.67,7679,38,430.508,560.1133,40.3,111.024323,0.0,222.096466,2.391156,,6.24656,0.624656,6e-06,1.776168,10.0,10.0,9.742832,0.0,9.742832,90.257168,68.095966,0.605306,1.0
2026-08-17 21:30:14,203.48,8191,40,254.1886,540.993,40.3,47.305775,-0.0,94.659363,2.390725,,4.156629,0.415663,5e-06,2.580585,10.0,10.0,12.889683,0.0,12.889683,87.110317,65.862762,0.68203,1.0
2026-08-17 21:30:27,216.31,8703,43,309.4958,527.3755,40.2,68.00695,-0.0,136.061707,2.390243,,4.248973,0.424897,6e-06,1.981937,10.0,10.0,3.208626,0.0,3.208626,96.791374,72.977454,0.720442,1.0
2026-08-17 21:30:39,229.1,9215,46,236.6519,511.2242,40.2,37.575169,0.0,75.198135,2.389893,,3.949675,0.394968,6e-06,2.340165,10.0,10.0,13.355877,0.0,13.355877,86.644123,64.552496,0.701418,1.0
2026-08-17 21:30:52,241.73,9727,48,251.9699,497.5792,40.2,51.066246,-0.0,102.18029,2.389732,,4.827106,0.482711,5e-06,3.323894,10.0,10.0,23.070603,0.0,23.070603,76.929397,57.763768,0.639976,1.0
2026-08-17 21:31:04,254.3,10239,51,517.2615,498.5633,40.3,158.122314,0.0,316.292419,2.389003,,7.333888,0.733389,4e-06,2.284443,10.0,10.0,8.150776,0.0,8.150776,91.849224,69.506591,0.556137,1.0
2026-08-17 21:31:17,266.81,10751,53,863.2338,515.9286,40.3,383.60379,-0.0,767.255371,2.388489,,11.940428,1.194043,7e-06,0.968904,9.0,10.0,3.348823,0.0,3.348823,96.651177,73.803691,0.488641,1.0
2026-08-17 21:31:30,279.37,11263,56,884.0313,532.6605,40.3,378.246735,0.0,756.541199,2.387851,,11.907472,1.190747,6e-06,0.845967,4.0,10.0,1.89227,0.0,1.89227,98.10773,74.86405,0.46917,1.0
2026-08-17 21:31:42,292.02,11775,58,776.1776,543.2482,40.3,291.594696,-0.0,583.237122,2.387071,,10.536084,1.053608,6e-06,1.577646,9.0,10.0,3.385142,0.0,3.385142,96.614858,73.652918,0.49363,1.0
2026-08-17 21:31:55,304.65,12287,61,757.9717,552.1951,40.3,313.306702,-0.0,626.661133,2.386485,,10.072801,1.00728,7e-06,0.987011,6.0,10.0,0.480213,0.0,0.480213,99.519787,75.420546,0.524854,1.0
2026-08-17 21:32:08,317.38,12799,64,760.0551,560.5095,40.3,302.067993,0.0,604.183716,2.385716,,10.072168,1.007217,4e-06,2.926432,10.0,10.0,1.871501,0.0,1.871501,98.128499,74.976553,0.491133,1.068669
2026-08-17 21:32:20,330.08,13311,66,647.786,563.8662,40.3,210.389923,0.0,420.827545,2.385118,,9.789925,0.978992,5e-06,2.759895,10.0,10.0,17.940647,0.0,17.940647,82.059353,61.378101,0.479431,1.068669
2026-08-17 21:32:33,342.77,13823,69,727.3898,569.9227,40.3,275.385468,-0.0,550.818604,2.384592,,10.125696,1.01257,5e-06,1.930377,10.0,10.0,6.264299,0.0,6.264299,93.735701,70.82955,0.512796,1.068669
2026-08-17 21:32:46,355.35,14335,71,546.3501,569.0808,40.3,143.601044,0.0,287.249756,2.383819,,7.532526,0.753253,5e-06,1.163252,8.0,10.0,5.383293,0.0,5.383293,94.616707,72.09957,0.472552,1.068669
2026-08-17 21:32:58,367.98,14847,74,562.5274,568.8548,40.3,155.717178,-0.0,311.482025,2.382925,,7.799191,0.779919,5e-06,1.779141,9.0,10.0,6.251507,0.0,6.251507,93.748493,70.669936,0.523173,1.068669
2026-08-17 21:33:11,380.49,15359,76,479.7018,565.8831,40.4,111.313354,-0.0,222.674362,2.382436,,6.972541,0.697254,4e-06,2.702619,10.0,10.0,10.360676,0.0,10.360676,89.639324,67.516252,0.521535,1.068669
2026-08-17 21:33:23,393.05,15871,79,704.3849,570.3509,40.4,251.223694,-0.0,502.495026,2.381956,,9.48888,0.948888,7e-06,0.842446,5.0,10.0,1.657609,0.0,1.657609,98.342391,75.298576,0.461382,1.068669
2026-08-17 21:33:36,405.72,16383,81,499.031,568.1221,40.4,163.272583,0.0,326.592773,2.381101,,7.461711,0.746171,4e-06,2.860105,10.0,10.0,11.089211,0.0,11.089211,88.910789,67.022984,0.576187,1.068669
2026-08-17 21:33:49,418.38,16895,84,545.2894,567.4302,40.4,139.285507,-0.0,278.618622,2.380286,,7.508575,0.750857,5e-06,1.658912,10.0,10.0,4.777633,0.0,4.777633,95.222367,72.087342,0.525392,1.068669
2026-08-17 21:34:01,431.08,17407,87,703.7246,571.4389,40.4,278.874023,0.0,557.795654,2.379189,,9.684253,0.968425,5e-06,2.005245,10.0,10.0,5.57637,0.0,5.57637,94.42363,72.033306,0.488094,1.068669
2026-08-17 21:34:14,443.8,17919,89,1018.2444,584.2047,40.4,486.212067,-0.0,972.47168,2.378269,,14.296271,1.429627,6e-06,1.456888,9.0,10.0,6.68163,0.0,6.68163,93.31837,70.633276,0.463992,1.068669
2026-08-17 21:34:27,456.5,18431,92,912.1397,593.314,40.4,367.903137,-0.0,735.853821,2.377342,,12.577344,1.257734,6e-06,1.506628,9.0,10.0,4.962982,0.0,4.962982,95.037018,72.046089,0.431775,1.068669
2026-08-17 21:34:39,469.16,18943,94,515.1845,591.2024,40.4,141.532059,0.0,283.111633,2.376387,,6.925052,0.692505,6e-06,1.241079,7.0,10.0,2.85245,0.0,2.85245,97.14755,73.448885,0.526193,1.068669
2026-08-17 21:34:52,481.85,19455,97,359.8787,585.115,40.4,79.659401,-0.0,159.366318,2.375561,,6.034023,0.603402,5e-06,2.02543,10.0,10.0,18.4099,0.0,18.4099,81.5901,61.064727,0.59927,1.068669
2026-08-17 21:35:05,494.66,19967,99,453.891,581.7503,40.4,153.668457,0.0,307.384399,2.374311,,7.477405,0.74774,3e-06,2.283904,10.0,10.0,19.274048,0.0,19.274048,80.725952,60.46767,0.548241,1.068669
2026-08-17 21:35:18,507.49,20479,102,709.206,584.9366,40.4,289.394287,0.0,578.83606,2.373652,,10.207256,1.020726,5e-06,0.974793,6.0,10.0,7.406487,0.0,7.406487,92.593513,69.105553,0.535713,1.068669
2026-08-17 21:35:30,520.19,20991,104,241.1696,576.5521,40.4,49.628349,-0.0,99.304153,2.372575,,5.034688,0.503469,2e-06,2.73704,10.0,10.0,26.10973,0.0,26.10973,73.89027,55.811457,0.578148,1.068669
2026-08-17 21:35:43,532.89,21503,107,426.9173,572.9894,40.4,101.998383,0.0,204.044205,2.371896,,6.25728,0.625728,6e-06,1.925365,10.0,10.0,9.648349,0.0,9.648349,90.351651,68.27322,0.555883,1.068669
2026-08-17 21:35:56,545.55,22015,110,513.3181,571.6016,40.4,167.678253,-0.0,335.403931,2.370775,,7.300474,0.730047,4e-06,1.459277,9.0,10.0,8.30628,0.0,8.30628,91.69372,69.868754,0.551118,1.068669
2026-08-17 21:36:08,558.17,22527,112,702.1875,574.5695,40.4,275.634033,0.0,551.31543,2.369347,,9.683657,0.968366,6e-06,1.510725,9.0,10.0,4.656383,0.0,4.656383,95.343617,72.707867,0.496533,1.068669
2026-08-17 21:36:21,570.71,23039,115,666.7383,576.6177,40.4,245.426559,-0.0,490.900482,2.368248,,9.856913,0.985691,3e-06,2.313469,10.0,10.0,12.553904,0.0,12.553904,87.446096,65.57091,0.571229,1.068669
2026-08-17 21:36:33,583.3,23551,117,665.8541,578.5576,40.4,212.845627,0.0,425.738586,2.367103,,9.223548,0.922355,5e-06,1.987961,10.0,10.0,5.892733,0.0,5.892733,94.107267,72.022332,0.454902,1.068669
2026-08-17 21:36:46,595.97,24063,120,537.3562,577.681,40.4,140.163513,0.0,280.374329,2.365868,,7.792723,0.779272,4e-06,2.754059,10.0,10.0,10.181531,0.0,10.181531,89.818469,67.270381,0.497022,1.068669
2026-08-17 21:36:59,608.66,24575,122,820.6007,582.7418,40.4,344.003937,0.0,688.055176,2.364557,,11.362276,1.136228,4e-06,2.235277,10.0,10.0,6.111744,0.0,6.111744,93.888256,71.294405,0.517003,1.068669
2026-08-17 21:37:12,621.43,25087,125,530.5607,581.6769,40.4,137.352295,0.0,274.751862,2.363669,,7.670167,0.767017,5e-06,1.286594,9.0,10.0,9.795658,0.0,9.795658,90.204342,68.522034,0.510949,1.118043
2026-08-17 21:37:24,634.02,25599,128,505.9599,580.1626,40.4,128.676239,0.0,257.399719,2.361943,,6.672249,0.667225,7e-06,0.717347,3.0,8.0,0.151628,0.0,0.151628,99.848372,76.481654,0.575098,1.118043
2026-08-17 21:37:37,646.9,26111,130,337.6652,575.4077,40.4,66.060112,0.0,132.16745,2.360978,,5.683676,0.568368,3e-06,2.770414,10.0,10.0,17.53371,0.0,17.53371,82.46629,61.529238,0.564179,1.118043
2026-08-17 21:37:50,659.55,26623,133,646.5157,576.7752,40.4,242.195267,0.0,484.437714,2.359524,,8.97328,0.897328,3e-06,2.841427,10.0,10.0,5.77283,0.0,5.77283,94.22717,70.900666,0.573071,1.118043
2026-08-17 21:38:03,672.32,27135,135,534.4362,575.9763,40.4,185.725586,-0.0,371.498322,2.358195,,8.249147,0.824915,3e-06,4.125576,10.0,10.0,15.898039,0.0,15.898039,84.101961,62.753918,0.569835,1.118043
2026-08-17 21:38:15,684.97,27647,138,739.5509,579.0055,40.4,279.335419,-0.0,558.717957,2.356566,,10.584686,1.058469,3e-06,2.87337,10.0,10.0,8.957121,0.0,8.957121,91.042879,67.823058,0.560039,1.118043
2026-08-17 21:38:28,697.5,28159,140,739.1107,581.9165,40.4,272.712189,-0.0,545.471497,2.355716,,10.385114,1.038511,5e-06,1.678554,10.0,10.0,6.06037,0.0,6.06037,93.93963,71.966836,0.490308,1.118043
2026-08-17 21:38:40,710.09,28671,143,686.7981,583.7894,40.4,227.426697,0.0,454.900482,2.355182,,9.553237,0.955324,6e-06,1.330407,9.0,10.0,6.152517,0.0,6.152517,93.847483,71.640791,0.471799,1.118043
2026-08-17 21:38:53,722.67,29183,145,510.6824,582.5068,40.4,140.027344,-0.0,280.101776,2.354359,,6.880455,0.688046,8e-06,1.032368,7.0,10.0,2.470013,0.0,2.470013,97.529987,74.272319,0.570987,1.118043
2026-08-17 21:39:05,735.29,29695,148,286.5105,577.4034,40.4,45.043262,-0.0,90.133583,2.352884,,5.011984,0.501198,3e-06,2.977743,10.0,10.0,17.816212,0.0,17.816212,82.183788,61.493327,0.595785,1.118043
2026-08-17 21:39:18,747.98,30207,151,566.4446,577.2177,40.4,163.999298,0.0,328.045624,2.350974,,8.193849,0.819385,4e-06,1.888596,9.0,10.0,10.021563,0.0,10.021563,89.978437,68.272151,0.480054,1.118043
2026-08-17 21:39:31,760.77,30719,153,585.1771,577.3503,40.4,174.186417,0.0,348.419769,2.347471,,8.640289,0.864029,3e-06,2.199879,10.0,10.0,11.383048,0.0,11.383048,88.616952,67.159989,0.50929,1.118043
2026-08-17 21:39:44,773.33,31231,156,834.2099,581.5611,40.4,349.045227,0.0,698.13739,2.345798,,11.969106,1.196911,4e-06,1.68089,10.0,10.0,9.159989,0.0,9.159989,90.840011,69.160828,0.510963,1.118043
2026-08-17 21:39:56,785.94,31743,158,646.6894,582.6116,40.4,194.085129,-0.0,388.217133,2.343607,,8.956432,0.895643,5e-06,2.074211,10.0,10.0,6.853424,0.0,6.853424,93.146576,71.284383,0.447428,1.118043
2026-08-17 21:40:09,798.44,32255,161,635.5483,583.4519,40.4,199.313156,0.0,398.673187,2.343106,,8.610108,0.861011,6e-06,1.249006,8.0,10.0,2.970553,0.0,2.970553,97.029447,74.455252,0.474248,1.118043
2026-08-17 21:40:21,811.11,32767,163,518.689,582.4399,40.4,128.96019,0.0,257.967194,2.341351,,7.104519,0.710452,6e-06,1.055305,8.0,10.0,4.72252,0.0,4.72252,95.27748,72.777715,0.500285,1.118043
2026-08-17 21:40:34,823.72,33279,166,229.7982,577.0147,40.4,22.108944,0.0,44.264706,2.340865,,3.862866,0.386287,3e-06,2.245997,10.0,10.0,12.026714,0.0,12.026714,87.973286,66.01581,0.651171,1.118043
2026-08-17 21:40:46,836.26,33791,168,701.6431,578.903,40.4,230.122864,0.0,460.29245,2.336627,,9.739006,0.973901,4e-06,1.432488,8.0,10.0,5.279386,0.0,5.279386,94.720614,72.53817,0.429831,1.118043
2026-08-17 21:40:59,849.05,34303,171,415.2132,576.4599,40.4,80.366676,0.0,160.780045,2.334671,,6.877226,0.687723,3e-06,3.418341,10.0,10.0,19.969978,0.0,19.969978,80.030022,59.750388,0.47594,1.118043
2026-08-17 21:41:12,861.82,34815,174,512.5315,575.5197,40.4,163.104599,-0.0,326.255859,2.332702,,7.392627,0.739263,4e-06,1.81604,9.0,10.0,7.142486,0.0,7.142486,92.857514,70.588513,0.577974,1.118043
2026-08-17 21:41:25,874.46,35327,176,433.1878,573.457,40.4,111.965492,0.0,223.977585,2.329661,,5.826872,0.582687,5e-06,1.370545,8.0,10.0,1.596808,0.0,1.596808,98.403192,75.367694,0.624409,1.118043
2026-08-17 21:41:37,887.08,35839,179,359.7853,570.4045,40.4,80.943871,0.0,161.93428,2.327318,,5.120246,0.512025,3e-06,1.838388,9.0,10.0,4.879201,0.0,4.879201,95.120799,71.598585,0.647893,1.118043
2026-08-17 21:41:50,899.87,36351,181,-74.5776,561.3203,40.4,23.455902,-0.0,46.958263,2.32291,,2.482812,0.248281,1e-06,5.175315,10.0,10.0,46.70427,0.0,46.70427,53.29573,38.933941,0.61658,1.118043
2026-08-17 21:42:03,912.68,36863,184,677.6611,562.9361,40.4,223.375732,0.0,446.79776,2.315321,,9.245974,0.924597,5e-06,1.933728,9.0,10.0,3.854547,0.0,3.854547,96.145453,73.321945,0.523794,1.118043
2026-08-17 21:42:15,925.3,37375,186,701.5248,564.8346,40.4,221.949921,-0.0,443.946045,2.310859,,9.885609,0.988561,4e-06,1.692844,10.0,10.0,7.439756,0.0,7.439756,92.560244,69.936841,0.479709,1.118043
2026-08-17 21:42:28,938.04,37887,189,540.7806,564.5095,40.4,126.522583,0.0,253.091293,2.306131,,7.740512,0.774051,5e-06,2.216255,10.0,10.0,7.996298,0.0,7.996298,92.003702,69.582005,0.52955,1.238025
2026-08-17 21:42:40,949.89,38399,192,735.5952,566.7907,40.4,266.543976,0.0,533.133972,2.301469,,10.121987,1.012199,5e-06,1.294345,7.0,10.0,3.135845,0.0,3.135845,96.864155,73.441235,0.498387,1.238025
2026-08-17 21:42:53,962.55,38911,194,546.5131,566.5238,40.4,151.838028,-0.0,303.721985,2.296942,,8.031843,0.803184,3e-06,2.766727,10.0,10.0,9.147442,0.0,9.147442,90.852558,68.157578,0.507435,1.238025
2026-08-17 21:43:05,975.16,39423,197,526.119,565.9991,40.4,138.774979,0.0,277.595795,2.292124,,7.110958,0.711096,5e-06,1.317588,7.0,10.0,2.341448,0.0,2.341448,97.658552,75.015414,0.552186,1.238025
2026-08-17 21:43:18,987.69,39935,199,371.0923,563.5003,40.4,65.445755,0.0,130.937347,2.291693,,6.020856,0.602086,4e-06,2.425736,10.0,10.0,14.618557,0.0,14.618557,85.381443,63.877037,0.496558,1.238025
2026-08-17 21:43:31,1000.31,40447,202,273.3652,559.8277,40.4,40.47123,0.0,80.988182,2.286009,,5.603079,0.560308,1e-06,4.085053,10.0,10.0,25.134063,0.0,25.134063,74.865937,54.975966,0.545379,1.238025
2026-08-17 21:43:43,1012.79,40959,204,629.2179,560.6951,40.4,197.529953,0.0,395.105469,2.278717,,8.523208,0.852321,6e-06,1.075972,5.0,10.0,3.039595,0.0,3.039595,96.960405,74.086878,0.488272,1.238025
2026-08-17 21:43:56,1025.37,41471,207,384.7089,558.5224,40.4,70.526184,-0.0,141.097855,2.27464,,6.089157,0.608916,2e-06,3.460911,10.0,10.0,13.219434,0.0,13.219434,86.780566,64.983235,0.572622,1.238025
2026-08-17 21:44:08,1037.97,41983,209,419.5348,556.8274,40.4,89.67025,0.0,179.385864,2.268249,,6.032882,0.603288,4e-06,2.346982,10.0,10.0,7.035496,0.0,7.035496,92.964504,70.808484,0.564642,1.238025
2026-08-17 21:44:21,1050.6,42495,212,445.6896,555.4884,40.4,96.664604,0.0,193.374405,2.259665,,6.570912,0.657091,4e-06,2.470297,10.0,10.0,8.754066,0.0,8.754066,91.245934,68.863707,0.564288,1.238025
2026-08-17 21:44:33,1063.26,43007,215,448.0681,554.2096,40.4,120.957199,0.0,241.959427,2.251558,,6.749416,0.674942,3e-06,3.142561,10.0,10.0,10.337765,0.0,10.337765,89.662235,67.129734,0.585036,1.238025
2026-08-17 21:44:46,1075.85,43519,217,563.7714,554.3221,40.5,168.441605,0.0,336.92804,2.240999,,8.402985,0.840299,3e-06,3.425822,10.0,10.0,12.611796,0.0,12.611796,87.388204,65.717402,0.519221,1.238025
2026-08-17 21:44:59,1088.44,44031,220,702.1491,556.041,40.5,236.004288,0.0,472.053131,2.228169,,10.268268,1.026827,3e-06,3.146162,10.0,10.0,7.342063,0.0,7.342063,92.657937,69.606891,0.549358,1.238025
2026-08-17 21:45:11,1100.89,44543,222,688.2358,557.5605,40.5,231.378876,0.0,462.802063,2.215345,,9.71433,0.971433,6e-06,2.078187,9.0,10.0,6.031953,0.0,6.031953,93.968047,71.367003,0.501896,1.238025
2026-08-17 21:45:24,1113.35,45055,225,906.3332,561.5238,40.5,354.871704,-0.0,709.787537,2.20514,,12.445844,1.244584,5e-06,1.901617,8.0,10.0,2.521107,0.0,2.521107,97.478893,73.841798,0.469943,1.238025
2026-08-17 21:45:36,1125.89,45567,227,814.4797,564.366,40.5,308.539062,0.0,617.122009,2.193355,,11.500133,1.150013,5e-06,2.476766,10.0,10.0,7.531984,0.0,7.531984,92.468016,70.191857,0.480179,1.238025
2026-08-17 21:45:49,1138.4,46079,230,537.5301,564.0679,40.5,131.796814,0.0,263.63736,2.187165,,7.509219,0.750922,5e-06,1.851173,9.0,10.0,5.534675,0.0,5.534675,94.465325,71.546012,0.543205,1.238025
2026-08-17 21:46:01,1150.86,46591,232,636.6396,564.8654,40.5,199.564392,0.0,399.172272,2.173899,,8.827964,0.882796,4e-06,1.81759,9.0,10.0,5.460777,0.0,5.460777,94.539223,72.252607,0.465593,1.238025
2026-08-17 21:46:14,1163.41,47103,235,839.8324,567.8541,40.5,327.539276,0.0,655.121887,2.166642,,11.414669,1.141467,5e-06,1.655663,7.0,10.0,2.551106,0.0,2.551106,97.448894,74.572942,0.482353,1.238025
2026-08-17 21:46:26,1176.12,47615,238,850.8292,570.8969,40.5,345.805847,-0.0,691.654907,2.162098,,11.709112,1.170911,4e-06,1.959361,9.0,10.0,4.16905,0.0,4.16905,95.83095,72.714097,0.499392,1.238025
2026-08-17 21:46:39,1188.7,48127,240,503.9921,570.1851,40.5,165.572052,0.0,331.187347,2.161938,,7.783268,0.778327,2e-06,2.504749,9.0,10.0,12.784032,0.0,12.784032,87.215968,65.553017,0.508601,1.238025
2026-08-17 21:46:51,1201.27,48639,243,554.8733,570.0239,40.5,140.136612,0.0,280.316437,2.159961,,8.322188,0.832219,2e-06,3.046462,10.0,10.0,11.773579,0.0,11.773579,88.226421,65.701826,0.527873,1.238025
2026-08-17 21:47:04,1213.75,49151,245,729.701,571.6872,40.5,272.113495,-0.0,544.270203,2.160247,,10.031137,1.003114,3e-06,2.41883,9.0,10.0,4.240476,0.0,4.240476,95.759524,73.152994,0.492419,1.238025
2026-08-17 21:47:16,1226.25,49663,248,639.7522,572.3889,40.5,207.279434,0.0,414.602051,2.159267,,9.290121,0.929012,4e-06,2.410541,9.0,10.0,7.389807,0.0,7.389807,92.610193,69.678866,0.530065,1.238025
2026-08-17 21:47:29,1238.78,50175,250,733.0456,574.0283,40.5,255.436066,0.0,510.915344,2.161399,,10.214813,1.021481,4e-06,2.485909,9.0,10.0,6.024199,0.0,6.024199,93.975801,71.055757,0.486083,1.136227
2026-08-17 21:47:41,1251.25,50687,253,721.8394,575.5213,40.5,238.095306,-0.0,476.233887,2.162986,,9.550951,0.955095,5e-06,1.294149,5.0,9.0,0.618594,0.0,0.618594,99.381406,75.419689,0.478191,1.136227
2026-08-17 21:47:54,1263.92,51199,256,521.4057,574.9802,40.5,157.710434,-0.0,315.464111,2.162817,,8.350744,0.835074,1e-06,3.360997,10.0,10.0,18.020684,0.0,18.020684,81.979316,61.434255,0.548177,1.136227
2026-08-17 21:48:07,1276.46,51711,258,750.7887,577.9639,40.5,283.843323,0.0,567.729919,2.165176,,10.198726,1.019873,7e-06,1.085135,5.0,10.0,1.335193,0.0,1.335193,98.664807,75.952583,0.504412,1.136227
2026-08-17 21:48:19,1289.08,52223,261,613.9584,577.8195,40.5,191.976791,0.0,383.99704,2.172693,,8.840021,0.884002,2e-06,3.025375,10.0,10.0,8.440881,0.0,8.440881,91.559119,68.395744,0.535418,1.136227
2026-08-17 21:48:32,1301.62,52735,263,620.6937,576.3865,40.5,185.212692,0.0,370.468933,2.177085,,9.253672,0.925367,3e-06,2.531601,10.0,10.0,13.531145,0.0,13.531145,86.468855,65.228679,0.458999,1.136227
2026-08-17 21:48:44,1314.19,53247,266,511.1947,576.7614,40.5,142.466034,0.0,284.975677,2.180573,,7.310384,0.731038,3e-06,2.31842,9.0,10.0,5.833996,0.0,5.833996,94.166004,71.525468,0.529308,1.136227
2026-08-17 21:48:57,1326.91,53759,268,590.164,578.2988,40.5,224.714722,-0.0,449.473114,2.184017,,9.002051,0.900205,3e-06,2.637759,10.0,10.0,10.390348,0.0,10.390348,89.609652,67.217291,0.546842,1.136227
2026-08-17 21:49:10,1339.51,54271,271,373.01,579.0153,40.5,67.257416,0.0,134.558609,2.188537,,5.208778,0.520878,3e-06,2.154644,9.0,10.0,4.459138,0.0,4.459138,95.540862,72.273153,0.580485,1.136227
2026-08-17 21:49:22,1352.17,54783,273,337.9152,576.9191,40.5,63.432018,-0.0,126.908035,2.199994,,5.827586,0.582759,2e-06,3.345829,10.0,10.0,19.061566,0.0,19.061566,80.938434,60.541452,0.523811,1.136227
2026-08-17 21:49:35,1364.75,55295,276,425.7183,574.9523,40.5,79.505264,0.0,159.054794,2.213314,,5.743118,0.574312,3e-06,2.539708,9.0,10.0,2.612683,0.0,2.612683,97.387317,73.407636,0.57,1.136227
2026-08-17 21:49:48,1377.36,55807,279,543.7378,575.2582,40.5,131.413712,0.0,262.871887,2.223784,,7.440636,0.744064,3e-06,2.469289,9.0,10.0,4.303571,0.0,4.303571,95.696429,71.953967,0.51249,1.136227
2026-08-17 21:50:00,1389.96,56319,281,752.9229,578.4014,40.5,258.571869,-0.0,517.188416,2.234278,,10.425951,1.042595,3e-06,2.096151,9.0,10.0,6.211734,0.0,6.211734,93.788266,71.091516,0.431454,1.136227
2026-08-17 21:50:13,1402.58,56831,284,695.0725,580.0212,40.5,259.864288,0.0,519.773438,2.242779,,10.718449,1.071845,3e-06,2.409179,10.0,10.0,15.967392,0.0,15.967392,84.032608,62.981179,0.510908,1.136227
2026-08-17 21:50:25,1415.2,57343,286,832.9383,581.5993,40.5,340.56134,-0.0,681.167664,2.248863,,11.781535,1.178153,2e-06,2.338503,9.0,10.0,5.807994,0.0,5.807994,94.192006,71.0927,0.482198,1.136227
2026-08-17 21:50:38,1427.87,57855,289,642.7688,580.8396,40.5,191.28389,0.0,382.612885,2.255778,,9.06367,0.906367,5e-06,2.130946,10.0,10.0,7.426408,0.0,7.426408,92.573592,69.654506,0.475053,1.136227
2026-08-17 21:50:51,1440.36,58367,291,582.0753,577.9979,40.5,145.505661,0.0,291.05658,2.262996,,8.041223,0.804122,4e-06,1.414292,7.0,10.0,5.511857,0.0,5.511857,94.488143,71.887182,0.42798,1.136227
2026-08-17 21:51:03,1452.93,58879,294,767.5442,581.3682,40.5,262.315643,0.0,524.676575,2.264891,,10.215584,1.021558,5e-06,0.979542,5.0,8.0,0.115304,0.0,0.115304,99.884696,76.086137,0.459899,1.136227
2026-08-17 21:51:16,1465.66,59391,296,885.6238,587.6826,40.5,356.540771,0.0,713.126892,2.268864,,11.953315,1.195332,4e-06,1.583033,8.0,10.0,1.273487,0.0,1.273487,98.726513,75.190082,0.458545,1.136227
2026-08-17 21:51:28,1478.26,59903,299,598.4966,590.5726,40.5,160.997879,0.0,322.041229,2.274054,,8.823484,0.882348,5e-06,2.23818,10.0,10.0,12.395737,0.0,12.395737,87.604263,65.642746,0.474056,1.136227
2026-08-17 21:51:41,1490.8,60415,302,660.9125,594.8152,40.5,202.489273,0.0,405.024139,2.280163,,9.212173,0.921217,4e-06,1.400818,8.0,10.0,6.036599,0.0,6.036599,93.963401,71.837627,0.469712,1.136227
2026-08-17 21:51:53,1503.26,60927,304,711.6414,599.4119,40.5,244.664658,-0.0,489.375,2.284953,,9.891912,0.989191,3e-06,2.878784,10.0,10.0,5.76957,0.0,5.76957,94.23043,70.371183,0.504402,1.136227
2026-08-17 21:52:06,1515.71,61439,307,666.6954,600.9062,40.5,219.482269,0.0,439.010345,2.290748,,9.565563,0.956556,3e-06,2.505734,10.0,10.0,8.752528,0.0,8.752528,91.247472,67.948346,0.516876,1.136227
2026-08-17 21:52:19,1528.34,61951,309,607.8295,598.3522,40.5,175.042145,0.0,350.130188,2.295135,,9.100162,0.910016,2e-06,3.437938,10.0,10.0,15.361395,0.0,15.361395,84.638605,63.867411,0.500284,1.136227
2026-08-17 21:52:31,1540.98,62463,312,602.7684,595.5396,40.5,175.421494,-0.0,350.889008,2.301122,,8.452536,0.845254,3e-06,2.903283,10.0,10.0,5.659755,0.0,5.659755,94.340245,70.797001,0.511539,1.136227
2026-08-17 21:52:44,1553.45,62975,314,482.6051,592.6038,40.5,110.873787,-0.0,221.793701,2.306653,,7.007021,0.700702,4e-06,2.228485,10.0,10.0,11.090847,0.0,11.090847,88.909153,67.967392,0.499237,0.978437
2026-08-17 21:52:56,1565.92,63487,317,591.4036,590.9382,40.5,166.696472,0.0,333.439178,2.311834,,7.972993,0.797299,5e-06,1.740506,8.0,10.0,2.500831,0.0,2.500831,97.499169,74.026266,0.495579,0.978437
2026-08-17 21:53:09,1578.47,63999,320,945.7196,592.7948,40.5,397.214874,0.0,794.476013,2.312474,,12.833863,1.283386,6e-06,1.31066,8.0,10.0,1.913176,0.0,1.913176,98.086824,74.628507,0.447316,0.978437
2026-08-17 21:53:21,1591.07,64511,322,442.3346,590.7403,40.5,91.179024,0.0,182.404343,2.31509,,6.269426,0.626943,5e-06,1.187609,8.0,10.0,7.814525,0.0,7.814525,92.185475,70.028059,0.544184,0.978437
2026-08-17 21:53:34,1603.69,65023,325,560.3631,589.07,40.5,139.102249,0.0,278.250824,2.315648,,7.902795,0.79028,4e-06,2.566958,10.0,10.0,8.865673,0.0,8.865673,91.134327,68.44504,0.490819,0.978437
2026-08-17 21:53:46,1616.18,65535,327,792.4678,591.5312,40.5,262.430298,0.0,524.906921,2.315869,,10.589888,1.058989,5e-06,1.334175,6.0,9.0,1.387137,0.0,1.387137,98.612863,75.073763,0.456463,0.978437
2026-08-17 21:53:59,1628.73,66047,330,811.9178,594.0251,40.6,251.9776,0.0,504.001556,2.317872,,10.744696,1.07447,7e-06,0.814757,4.0,8.0,0.246542,0.0,0.246542,99.753458,75.979558,0.436955,0.978437
2026-08-17 21:54:11,1641.18,66559,332,878.2625,598.0107,40.6,312.317535,-0.0,624.681458,2.318253,,12.023294,1.202329,6e-06,1.208567,7.0,10.0,5.601842,0.0,5.601842,94.398158,71.663498,0.439814,0.978437
2026-08-17 21:54:24,1653.73,67071,335,677.5358,597.7422,40.6,192.648163,-0.0,385.342712,2.318627,,9.734483,0.973448,4e-06,2.219666,10.0,10.0,11.934611,0.0,11.934611,88.065389,66.137069,0.487023,0.978437
2026-08-17 21:54:36,1666.22,67583,337,750.7492,600.2594,40.6,234.824661,0.0,469.695709,2.318825,,10.877723,1.087772,4e-06,1.213491,8.0,10.0,13.90131,0.0,13.90131,86.09869,65.842972,0.428821,0.978437
2026-08-17 21:54:49,1678.7,68095,340,761.8274,602.4248,40.6,260.874329,0.0,521.795044,2.318121,,10.461626,1.046163,4e-06,2.051827,9.0,10.0,4.870441,0.0,4.870441,95.129559,71.969782,0.496146,0.978437
2026-08-17 21:55:01,1691.3,68607,343,652.1169,601.9087,40.6,189.336319,-0.0,378.718994,2.31735,,8.837232,0.883723,5e-06,1.598924,9.0,10.0,5.025214,0.0,5.025214,94.974786,72.405901,0.448311,0.978437
2026-08-17 21:55:14,1703.99,69119,345,580.142,597.5277,40.6,142.686203,-0.0,285.418732,2.31698,,8.126467,0.812647,4e-06,1.928093,9.0,10.0,8.066236,0.0,8.066236,91.933764,70.034327,0.470581,0.978437
2026-08-17 21:55:27,1716.59,69631,348,576.2577,594.1689,40.6,151.562515,-0.0,303.171356,2.316018,,8.343299,0.83433,3e-06,2.974626,10.0,10.0,10.399132,0.0,10.399132,89.600868,67.159914,0.552695,0.978437
2026-08-17 21:55:39,1729.17,70143,350,925.9075,598.2761,40.6,405.706024,0.0,811.458313,2.314459,,12.811613,1.281161,6e-06,1.214477,7.0,10.0,2.645216,0.0,2.645216,97.354784,74.198628,0.509463,0.978437
2026-08-17 21:55:52,1741.85,70655,353,755.57,602.233,40.6,270.717072,0.0,541.480408,2.313544,,10.650457,1.065046,6e-06,1.815615,10.0,10.0,9.617607,0.0,9.617607,90.382393,68.016106,0.485831,0.978437
2026-08-17 21:56:05,1754.43,71167,355,653.8111,604.2322,40.6,190.900818,0.0,381.84787,2.312135,,9.125883,0.912588,5e-06,1.811547,10.0,10.0,7.358133,0.0,7.358133,92.641867,70.163867,0.463414,0.978437
2026-08-17 21:56:17,1767.03,71679,358,660.3357,603.7435,40.6,197.128983,0.0,394.304199,2.312468,,9.080336,0.908034,4e-06,1.937683,9.0,10.0,6.596689,0.0,6.596689,93.403311,70.35907,0.501701,0.978437
2026-08-17 21:56:30,1779.54,72191,360,529.0115,606.6219,40.6,149.263977,0.0,298.574188,2.311472,,7.236682,0.723668,5e-06,1.492276,9.0,10.0,2.052178,0.0,2.052178,97.947822,74.78374,0.576622,0.978437
2026-08-17 21:56:42,1792.19,72703,363,208.5549,604.4383,40.6,27.249865,0.0,54.545979,2.312519,,4.125657,0.412566,3e-06,3.757516,10.0,10.0,21.773427,0.0,21.773427,78.226573,57.652794,0.620266,0.978437
2026-08-17 21:56:55,1804.81,73215,366,319.101,602.4961,40.6,42.640018,0.0,85.326195,2.307786,,4.404041,0.440404,6e-06,1.895964,9.0,10.0,3.734993,0.0,3.734993,96.265007,72.807336,0.673271,0.978437
2026-08-17 21:57:07,1817.31,73727,368,632.6437,601.8007,40.6,208.916321,0.0,417.878723,2.304075,,8.845556,0.884556,6e-06,1.912699,10.0,10.0,6.177268,0.0,6.177268,93.822732,70.906924,0.542835,0.978437
2026-08-17 21:57:20,1829.82,74239,371,819.8345,603.3316,40.6,354.54422,0.0,709.13446,2.301383,,11.390454,1.139045,6e-06,2.232755,9.0,10.0,2.962099,0.0,2.962099,97.037901,73.156393,0.523685,0.978437
2026-08-17 21:57:33,1842.37,74751,373,774.507,604.4182,40.6,273.528381,0.0,547.102722,2.298693,,10.663171,1.066317,6e-06,2.072393,10.0,10.0,6.178049,0.0,6.178049,93.821951,71.769238,0.499571,0.978437
2026-08-17 21:57:45,1854.9,75263,376,720.4188,606.2488,40.6,204.345703,0.0,408.737335,2.296862,,9.797166,0.979717,5e-06,2.03013,9.0,10.0,5.567356,0.0,5.567356,94.432644,72.147575,0.483671,0.717124
2026-08-17 21:57:58,1867.45,75775,378,448.8529,602.5313,40.6,120.456413,-0.0,240.95874,2.295932,,6.331407,0.633141,6e-06,1.647668,10.0,10.0,9.215744,0.0,9.215744,90.784256,69.118066,0.609272,0.717124
2026-08-17 21:58:10,1880.05,76287,381,409.6113,601.3218,40.6,60.532661,0.0,121.111183,2.293168,,6.283322,0.628332,4e-06,3.627196,10.0,10.0,20.443918,0.0,20.443918,79.556082,58.618312,0.483888,0.717124
2026-08-17 21:58:23,1892.56,76799,384,641.6128,602.6784,40.6,171.278702,-0.0,342.60321,2.290018,,8.954404,0.89544,4e-06,2.643488,10.0,10.0,11.062927,0.0,11.062927,88.937073,66.470123,0.475139,0.717124
2026-08-17 21:58:35,1905.15,77311,386,463.6824,603.9385,40.6,111.926537,0.0,223.898849,2.28859,,6.939646,0.693965,7e-06,3.153256,10.0,10.0,18.505547,0.0,18.505547,81.494453,60.502729,0.553917,0.717124
2026-08-17 21:58:48,1917.76,77823,389,762.5923,605.0993,40.6,319.545471,-0.0,639.136658,2.284329,,10.556914,1.055691,6e-06,1.357119,6.0,10.0,3.553879,0.0,3.553879,96.446121,73.600645,0.605366,0.717124
2026-08-17 21:59:00,1930.17,78335,391,659.8584,606.3535,40.6,248.973816,0.0,497.993164,2.276636,,8.944968,0.894497,7e-06,0.850529,3.0,5.0,0.0,0.0,0.0,100.0,76.366827,0.601624,0.717124
2026-08-17 21:59:13,1942.64,78847,394,605.5717,605.0137,40.6,183.349442,0.0,366.744293,2.270009,,8.102963,0.810296,6e-06,1.630038,6.0,8.0,0.034527,0.0,0.034527,99.965473,75.932805,0.603735,0.717124
2026-08-17 21:59:25,1955.1,79359,396,625.4504,603.8771,40.6,166.001541,0.0,332.04834,2.262188,,8.33013,0.833013,5e-06,2.296984,9.0,10.0,3.516142,0.0,3.516142,96.483858,73.299661,0.493255,0.717124
2026-08-17 21:59:38,1967.69,79871,399,512.7491,602.1366,40.6,104.151031,-0.0,208.347168,2.255396,,7.14775,0.714775,5e-06,2.867045,10.0,10.0,9.577317,0.0,9.577317,90.422683,67.896221,0.48756,0.717124
2026-08-17 21:59:50,1980.17,80383,401,309.2961,600.1228,40.6,36.825657,0.0,73.696312,2.249878,,4.607059,0.460706,5e-06,2.915633,10.0,10.0,12.18251,0.0,12.18251,87.81749,66.169303,0.608474,0.717124
2026-08-17 22:00:03,1992.67,80895,404,436.5579,601.6232,40.6,81.865639,0.0,163.776123,2.242337,,5.826054,0.582605,9e-06,1.607092,8.0,10.0,2.550403,0.0,2.550403,97.449597,74.227012,0.604896,0.717124
2026-08-17 22:00:16,2005.34,81407,407,378.1771,599.7406,40.6,55.191494,0.0,110.42765,2.233303,,5.504908,0.550491,5e-06,2.817189,10.0,10.0,12.211377,0.0,12.211377,87.788623,66.581211,0.571706,0.717124
2026-08-17 22:00:28,2017.88,81919,409,747.9799,601.3686,40.6,241.104401,0.0,482.253326,2.225552,,10.206472,1.020647,6e-06,2.463246,9.0,10.0,6.586523,0.0,6.586523,93.413477,70.37457,0.513374,0.717124
2026-08-17 22:00:41,2030.37,82431,412,879.2552,601.8191,40.6,367.866119,0.0,735.776672,2.220409,,12.014571,1.201457,7e-06,2.264741,9.0,10.0,5.352967,0.0,5.352967,94.647033,71.221986,0.573117,0.717124
2026-08-17 22:00:53,2042.84,82943,414,551.7719,600.8699,40.6,165.417618,-0.0,330.879578,2.217623,,7.832966,0.783297,7e-06,2.275732,10.0,10.0,12.438181,0.0,12.438181,87.561819,65.755598,0.562967,0.717124
2026-08-17 22:01:06,2055.34,83455,417,415.8723,598.6731,40.6,63.312565,0.0,126.669495,2.218229,,5.785242,0.578524,8e-06,2.210041,10.0,10.0,7.841284,0.0,7.841284,92.158716,70.014952,0.610458,0.717124
2026-08-17 22:01:18,2067.8,83967,419,801.6371,601.5026,40.6,284.329712,0.0,568.703735,2.216317,,11.102976,1.110298,9e-06,2.215061,9.0,10.0,8.071066,0.0,8.071066,91.928934,70.129964,0.465942,0.717124
2026-08-17 22:01:30,2080.28,84479,422,649.0554,605.6952,40.6,161.748734,0.0,323.54184,2.218035,,9.30325,0.930325,4e-06,3.367724,10.0,10.0,16.568968,0.0,16.568968,83.431032,62.612973,0.503523,0.717124
2026-08-17 22:01:43,2092.79,84991,424,932.7178,608.0059,40.6,363.83017,0.0,727.704773,2.220485,,12.559639,1.255964,6e-06,1.744483,8.0,10.0,2.614332,0.0,2.614332,97.385668,74.498233,0.469404,0.717124
2026-08-17 22:01:56,2105.47,85503,427,555.5944,609.4097,40.6,115.045853,0.0,230.136139,2.221957,,7.725039,0.772504,4e-06,3.372076,10.0,10.0,8.918285,0.0,8.918285,91.081715,67.96154,0.505457,0.717124
2026-08-17 22:02:08,2118.04,86015,430,649.8741,610.7832,40.6,161.151352,0.0,322.347168,2.223829,,8.624333,0.862433,7e-06,1.570952,7.0,10.0,1.704217,0.0,1.704217,98.295783,74.995516,0.477632,0.717124
2026-08-17 22:02:21,2130.85,86527,432,417.2722,610.624,40.6,79.274757,-0.0,158.594009,2.224849,,6.059805,0.605981,5e-06,2.648261,10.0,10.0,12.629897,0.0,12.629897,87.370103,65.460367,0.578954,0.717124
2026-08-17 22:02:34,2143.34,87039,435,628.8256,613.3144,40.6,175.215118,-0.0,350.474701,2.222475,,8.950858,0.895086,7e-06,2.451367,10.0,10.0,13.118677,0.0,13.118677,86.881323,65.199228,0.462678,0.717124
2026-08-17 22:02:46,2155.93,87551,437,662.472,620.6849,40.6,198.765884,0.0,397.576233,2.223739,,9.010601,0.90106,7e-06,2.183503,9.0,10.0,6.957709,0.0,6.957709,93.042291,70.81279,0.470219,0.666885
2026-08-17 22:02:59,2168.54,88063,440,469.8152,618.6064,40.6,89.994698,0.0,180.03392,2.226594,,6.45768,0.645768,5e-06,2.201307,9.0,10.0,7.198762,0.0,7.198762,92.801238,69.809766,0.545075,0.666885
2026-08-17 22:03:11,2181.16,88575,442,544.0655,617.0318,40.6,161.985184,0.0,324.014771,2.220808,,7.784935,0.778494,4e-06,2.701147,10.0,10.0,12.894411,0.0,12.894411,87.105589,65.501165,0.571144,0.666885
2026-08-17 22:03:24,2193.68,89087,445,649.6216,618.1203,40.6,180.415894,0.0,360.876068,2.21465,,9.044626,0.904463,9e-06,2.879905,10.0,10.0,11.784118,0.0,11.784118,88.215882,66.471791,0.520014,0.666885
2026-08-17 22:03:36,2206.19,89599,448,476.2475,615.5268,40.6,122.255341,-0.0,244.554886,2.209994,,6.871339,0.687134,6e-06,2.582311,10.0,10.0,13.872492,0.0,13.872492,86.127508,65.102175,0.561696,0.666885
2026-08-17 22:03:49,2218.68,90111,450,310.6658,613.1683,40.6,44.942451,-0.0,89.929092,2.209369,,4.23626,0.423626,8e-06,1.812903,8.0,10.0,4.410529,0.0,4.410529,95.589471,72.129359,0.70597,0.666885
2026-08-17 22:04:01,2231.23,90623,453,214.279,610.0499,40.6,22.492443,-0.0,45.029053,2.208401,,3.689749,0.368975,3e-06,3.568863,10.0,10.0,20.59759,0.0,20.59759,79.40241,58.428439,0.656877,0.666885
2026-08-17 22:04:14,2243.75,91135,455,521.2756,611.5517,40.6,149.851944,0.0,299.748291,2.219886,,7.534557,0.753456,6e-06,3.031059,10.0,10.0,16.17774,0.0,16.17774,83.82226,63.826409,0.519172,0.666885
2026-08-17 22:04:27,2256.33,91647,458,497.278,613.7909,40.6,119.278503,0.0,238.601562,2.227856,,6.876587,0.687659,7e-06,1.379782,8.0,10.0,6.52432,0.0,6.52432,93.47568,70.601953,0.544802,0.666885
2026-08-17 22:04:39,2268.94,92159,460,826.9677,615.7684,40.6,306.318024,0.0,612.680725,2.233502,,11.535002,1.1535,6e-06,2.299779,10.0,10.0,10.559357,0.0,10.559357,89.440643,66.91759,0.483455,0.666885
2026-08-17 22:04:52,2281.53,92671,463,785.6516,619.7778,40.6,263.35321,0.0,526.751282,2.241766,,10.797328,1.079733,5e-06,2.38888,10.0,10.0,9.846541,0.0,9.846541,90.153459,66.668822,0.446343,0.666885
2026-08-17 22:05:04,2294.07,93183,465,682.8428,622.4109,40.6,204.084442,-0.0,408.213837,2.248336,,9.300176,0.930018,7e-06,1.726358,7.0,10.0,7.648957,0.0,7.648957,92.351043,70.674412,0.426979,0.666885
2026-08-17 22:05:17,2306.67,93695,468,849.077,626.4447,40.6,317.555054,-0.0,635.155212,2.255567,,11.990164,1.199016,6e-06,2.544822,10.0,10.0,13.028231,0.0,13.028231,86.971769,65.78702,0.461593,0.666885
2026-08-17 22:05:29,2319.25,94207,471,886.7813,630.8319,40.6,349.6026,-0.0,699.250427,2.262318,,11.989299,1.19893,7e-06,1.209314,7.0,10.0,2.383188,0.0,2.383188,97.616812,74.319285,0.49871,0.666885
2026-08-17 22:05:42,2331.76,94719,473,491.6146,630.1103,40.6,111.247978,0.0,222.54129,2.266798,,6.780076,0.678008,5e-06,1.983734,10.0,10.0,8.033087,0.0,8.033087,91.966913,69.439339,0.525532,0.666885
2026-08-17 22:05:54,2344.27,95231,476,209.1737,625.1806,40.6,27.391874,0.0,54.829205,2.272745,,3.470976,0.347098,5e-06,3.221848,10.0,10.0,16.84448,0.0,16.84448,83.15552,62.163127,0.755082,0.666885
2026-08-17 22:06:07,2356.9,95743,478,337.1163,621.6694,40.6,57.978706,0.0,116.002907,2.274889,,5.11892,0.511892,8e-06,2.159597,10.0,10.0,16.523914,0.0,16.523914,83.476086,62.275929,0.584232,0.666885
2026-08-17 22:06:20,2369.42,96255,481,329.0263,615.8963,40.6,40.127861,0.0,80.301331,2.280614,,4.521184,0.452118,7e-06,1.210634,6.0,10.0,5.552109,0.0,5.552109,94.447891,71.879727,0.625324,0.666885
2026-08-17 22:06:32,2381.81,96767,483,508.5249,612.8367,40.6,128.944168,0.0,257.93399,2.283264,,7.254182,0.725418,5e-06,2.114716,10.0,10.0,12.572638,0.0,12.572638,87.427362,66.052622,0.517723,0.666885
2026-08-17 22:06:44,2394.26,97279,486,415.9531,611.621,40.6,108.36515,0.0,216.776031,2.286511,,6.098894,0.609889,5e-06,2.60039,10.0,10.0,13.921037,0.0,13.921037,86.078963,64.396826,0.608227,0.666885
2026-08-17 22:06:57,2406.8,97791,488,470.6928,609.9615,40.6,107.947853,0.0,215.941452,2.287519,,6.390768,0.639077,7e-06,1.765123,9.0,10.0,5.707389,0.0,5.707389,94.292611,71.753462,0.586019,0.666885
2026-08-17 22:07:09,2419.3,98303,491,398.3431,605.5466,40.6,57.235466,-0.0,114.516724,2.289532,,5.390549,0.539055,5e-06,2.045353,9.0,10.0,4.685228,0.0,4.685228,95.314772,71.754315,0.592232,0.666885
2026-08-17 22:07:22,2431.83,98815,494,474.5508,601.7838,40.6,90.838089,-0.0,181.72197,2.289663,,6.369051,0.636905,5e-06,1.624367,8.0,10.0,3.562626,0.0,3.562626,96.437374,73.626987,0.518455,0.666885
2026-08-17 22:07:35,2444.38,99327,496,566.7481,602.4114,40.6,128.887451,0.0,257.820679,2.289139,,7.581745,0.758175,5e-06,1.929329,9.0,10.0,4.26459,0.0,4.26459,95.73541,72.720163,0.496578,0.666885
2026-08-17 22:07:47,2456.99,99839,499,385.9767,600.7224,40.6,54.11945,-0.0,108.284668,2.288463,,5.33166,0.533166,4e-06,2.168903,10.0,10.0,7.35106,0.0,7.35106,92.64894,69.663484,0.5643,0.666885
2026-08-17 22:08:00,2469.54,100351,501,384.7464,597.2729,40.6,54.211533,0.0,108.468788,2.286176,,5.746687,0.574669,5e-06,2.578845,10.0,10.0,14.842537,0.0,14.842537,85.157463,64.219066,0.51527,0.805023
2026-08-17 22:08:12,2482.1,100863,504,470.2831,595.5782,40.6,112.438202,0.0,224.922073,2.283405,,6.944994,0.694499,5e-06,2.289974,10.0,10.0,14.135724,0.0,14.135724,85.864276,64.849031,0.561432,0.805023
2026-08-17 22:08:25,2494.6,101375,506,529.9065,593.5468,40.6,156.381897,0.0,312.809418,2.28161,,7.457141,0.745714,3e-06,2.588873,10.0,10.0,5.942606,0.0,5.942606,94.057394,70.788176,0.587018,0.805023
2026-08-17 22:08:37,2507.09,101887,509,636.8235,592.6966,40.6,169.494583,0.0,339.03476,2.279732,,8.525131,0.852513,7e-06,0.951931,6.0,10.0,2.965596,0.0,2.965596,97.034404,73.823946,0.451392,0.805023
2026-08-17 22:08:50,2519.61,102399,512,595.5451,593.438,40.6,163.652573,-0.0,327.350677,2.277161,,8.137022,0.813702,7e-06,0.588072,2.0,8.0,6.286773,0.0,6.286773,93.713227,71.399678,0.475688,0.805023
2026-08-17 22:09:02,2532.13,102911,514,732.5954,593.2561,40.6,259.597473,-0.0,519.240479,2.275945,,9.692628,0.969263,6e-06,0.818922,4.0,8.0,0.076775,0.0,0.076775,99.923225,76.563081,0.503706,0.805023
2026-08-17 22:09:15,2544.75,103423,517,751.3849,594.6304,40.6,264.529236,0.0,529.103943,2.272925,,10.381909,1.038191,4e-06,1.737933,8.0,10.0,6.051549,0.0,6.051549,93.948451,71.100649,0.495075,0.805023
2026-08-17 22:09:28,2557.34,103935,519,435.7208,592.7806,40.6,90.941841,0.0,181.929062,2.269051,,6.985648,0.698565,2e-06,2.819344,10.0,10.0,22.451353,0.0,22.451353,77.548647,58.100149,0.521091,0.805023
2026-08-17 22:09:40,2569.93,104447,522,456.1577,592.2303,40.6,76.464218,-0.0,152.973785,2.267598,,6.220867,0.622087,7e-06,1.768225,9.0,10.0,4.932698,0.0,4.932698,95.067302,71.950268,0.50725,0.805023
2026-08-17 22:09:53,2582.64,104959,524,364.0772,589.9694,40.6,57.707214,0.0,115.45977,2.266886,,5.243643,0.524364,6e-06,2.236352,10.0,10.0,9.386556,0.0,9.386556,90.613444,68.832415,0.625284,0.805023
2026-08-17 22:10:05,2595.13,105471,527,370.9516,589.9488,40.6,52.932781,-0.0,105.910912,2.267289,,5.177306,0.517731,5e-06,1.332729,7.0,10.0,6.549035,0.0,6.549035,93.450965,71.424229,0.562362,0.805023
2026-08-17 22:10:18,2607.7,105983,529,647.4357,593.044,40.6,196.075989,-0.0,392.197327,2.266896,,9.119583,0.911958,4e-06,1.47158,10.0,10.0,10.953699,0.0,10.953699,89.046301,68.151213,0.478043,0.805023
2026-08-17 22:10:30,2620.25,106495,532,733.9013,596.1258,40.6,262.709991,-0.0,525.465332,2.266227,,10.128917,1.012892,5e-06,1.581067,9.0,10.0,7.681026,0.0,7.681026,92.318974,70.715246,0.528149,0.805023
2026-08-17 22:10:43,2632.7,107007,535,684.4367,597.5328,40.6,183.591904,0.0,367.229156,2.267063,,9.239274,0.923927,6e-06,0.911278,5.0,10.0,5.067883,0.0,5.067883,94.932117,72.357906,0.456554,0.805023
2026-08-17 22:10:55,2645.25,107519,537,485.9052,594.8627,40.6,109.700241,0.0,219.445801,2.266168,,6.533091,0.653309,7e-06,1.609461,9.0,10.0,3.989657,0.0,3.989657,96.010343,73.45574,0.565938,0.805023
2026-08-17 22:11:08,2657.9,108031,540,371.0872,591.6228,40.6,51.80566,0.0,103.656609,2.26436,,5.443504,0.54435,4e-06,1.958812,9.0,10.0,10.59117,0.0,10.59117,89.40883,68.733767,0.593968,0.805023
2026-08-17 22:11:21,2670.35,108543,542,508.7045,588.3805,40.6,93.401016,0.0,186.847275,2.262128,,6.624128,0.662413,8e-06,0.761647,4.0,8.0,0.016797,0.0,0.016797,99.983203,76.887143,0.46141,0.805023
2026-08-17 22:11:33,2682.88,109055,545,566.7541,587.6203,40.6,145.667725,0.0,291.380646,2.26008,,7.977535,0.797753,4e-06,2.450067,10.0,10.0,9.513404,0.0,9.513404,90.486596,67.360505,0.503729,0.805023
2026-08-17 22:11:46,2695.52,109567,547,371.2221,585.5118,40.6,154.220947,-0.0,308.48703,2.257154,,6.937604,0.69376,1e-06,3.609283,10.0,10.0,37.076117,0.0,37.076117,62.923883,47.166951,0.5347,0.805023
2026-08-17 22:11:58,2708.13,110079,550,967.6924,587.5133,40.6,369.221863,0.0,738.488831,2.256005,,13.49186,1.349186,4e-06,2.700434,10.0,10.0,10.568244,0.0,10.568244,89.431756,66.686227,0.520695,0.805023
2026-08-17 22:12:11,2720.71,110591,552,789.8663,586.5557,40.6,348.985107,0.0,698.01532,2.256391,,11.001984,1.100198,7e-06,1.829277,10.0,10.0,5.749914,0.0,5.749914,94.250086,71.992589,0.566653,0.805023
2026-08-17 22:12:23,2733.15,111103,555,676.1793,587.3325,40.7,216.68219,-0.0,433.409485,2.255725,,8.88086,0.888086,7e-06,1.146957,7.0,10.0,0.460998,0.0,0.460998,99.539002,75.904147,0.495576,0.805023
2026-08-17 22:12:36,2745.89,111615,558,907.404,589.7974,40.6,408.622864,0.0,817.290771,2.253596,,12.273382,1.227338,5e-06,1.025393,4.0,9.0,0.060216,0.0,0.060216,99.939784,76.793944,0.548939,0.805023
2026-08-17 22:12:49,2758.41,112127,560,471.5869,587.3969,40.6,136.92688,-0.0,273.898804,2.25151,,7.090655,0.709065,3e-06,3.159449,10.0,10.0,17.143098,0.0,17.143098,82.856902,62.143172,0.554898,0.805023
2026-08-17 22:13:01,2770.82,112639,563,411.9155,584.8491,40.7,72.739662,0.0,145.524277,2.247731,,6.525523,0.652552,4e-06,2.702322,10.0,10.0,20.089341,0.0,20.089341,79.910659,59.964405,0.545479,0.853273
2026-08-17 22:13:13,2783.19,113151,565,508.7576,583.8584,40.7,104.820755,0.0,209.686447,2.246833,,6.65131,0.665131,7e-06,0.968585,4.0,8.0,0.046053,0.0,0.046053,99.953947,76.463156,0.555938,0.853273
2026-08-17 22:13:26,2795.66,113663,568,507.7963,582.9087,40.7,123.671013,0.0,247.386871,2.242274,,6.875667,0.687567,6e-06,2.451256,10.0,10.0,3.895504,0.0,3.895504,96.104496,72.468174,0.613274,0.853273
2026-08-17 22:13:38,2808.14,114175,570,610.5738,584.1883,40.7,166.182236,-0.0,332.409241,2.237831,,8.233862,0.823386,6e-06,1.123133,6.0,10.0,3.375283,0.0,3.375283,96.624717,73.827202,0.535846,0.853273
2026-08-17 22:13:51,2820.76,114687,573,608.6678,584.361,40.7,154.288116,0.0,308.620941,2.234863,,8.14348,0.814348,6e-06,1.508459,8.0,10.0,1.804218,0.0,1.804218,98.195782,74.109954,0.515171,0.853273
2026-08-17 22:14:04,2833.44,115199,576,557.5654,580.4794,40.7,142.564285,0.0,285.173187,2.230373,,7.976025,0.797602,4e-06,2.346453,10.0,10.0,10.168807,0.0,10.168807,89.831193,68.325065,0.544572,0.853273
2026-08-17 22:14:16,2846.09,115711,578,456.4239,580.6203,40.7,122.650658,0.0,245.345947,2.231593,,6.50554,0.650554,5e-06,1.64808,9.0,10.0,7.614124,0.0,7.614124,92.385876,69.295381,0.597122,0.853273
2026-08-17 22:14:29,2858.65,116223,581,270.6078,577.7228,40.7,31.863419,0.0,63.771461,2.231308,,4.334344,0.433434,2e-06,3.194486,10.0,10.0,14.802879,0.0,14.802879,85.197121,64.115192,0.629721,0.853273
2026-08-17 22:14:41,2871.27,116735,583,193.8009,571.7361,40.7,15.454914,-0.0,30.954472,2.232184,,3.81832,0.381832,2e-06,4.329532,10.0,10.0,23.230379,0.0,23.230379,76.769621,56.995632,0.621815,0.853273
2026-08-17 22:14:54,2883.87,117247,586,259.8671,566.2156,40.7,20.488871,-0.0,41.022358,2.230915,,3.989213,0.398921,2e-06,3.284538,10.0,10.0,11.016529,0.0,11.016529,88.983471,65.995793,0.663183,0.853273
2026-08-17 22:15:07,2896.46,117759,588,394.6123,561.3791,40.7,53.708572,0.0,107.461723,2.229052,,5.802503,0.58025,2e-06,3.625417,10.0,10.0,11.452472,0.0,11.452472,88.547528,66.549442,0.61467,0.853273
2026-08-17 22:15:19,2908.97,118271,591,685.1219,561.455,40.7,220.620026,0.0,441.284576,2.226639,,10.186441,1.018644,2e-06,2.810103,10.0,10.0,15.389355,0.0,15.389355,84.610645,63.286377,0.498672,0.853273
2026-08-17 22:15:32,2921.64,118783,593,347.1661,557.4191,40.7,39.610325,0.0,79.265114,2.223238,,6.002169,0.600217,1e-06,4.666759,10.0,10.0,26.383542,0.0,26.383542,73.616458,54.62924,0.526936,0.853273
2026-08-17 22:15:44,2934.15,119295,596,471.1841,554.5127,40.7,81.915306,-0.0,163.875076,2.222849,,6.441182,0.644118,3e-06,2.178092,10.0,10.0,5.3064,0.0,5.3064,94.6936,71.428249,0.518794,0.853273
2026-08-17 22:15:57,2946.64,119807,599,505.2755,553.0443,40.7,111.037537,-0.0,222.119431,2.218199,,7.116747,0.711675,3e-06,2.496495,10.0,10.0,9.372833,0.0,9.372833,90.627167,68.622917,0.50891,0.853273
2026-08-17 22:16:09,2959.15,120319,601,528.8352,552.5312,40.7,118.665077,-0.0,237.374466,2.215928,,7.224688,0.722469,4e-06,1.749514,10.0,10.0,5.743574,0.0,5.743574,94.256426,71.785053,0.508139,0.853273
2026-08-17 22:16:22,2971.76,120831,604,628.3089,553.0517,40.7,212.006424,0.0,424.057098,2.212341,,8.76072,0.876072,4e-06,2.278963,10.0,10.0,7.383928,0.0,7.383928,92.616072,69.691804,0.53838,0.853273
2026-08-17 22:16:34,2984.21,121343,606,701.5895,550.8085,40.7,236.661545,0.0,473.367279,2.209619,,9.718335,0.971833,4e-06,2.005943,10.0,10.0,5.82245,0.0,5.82245,94.17755,71.568086,0.469955,0.853273
2026-08-17 22:16:47,2996.74,121855,609,433.3004,547.5859,40.7,78.994804,0.0,158.033768,2.208138,,6.773061,0.677306,2e-06,2.012162,10.0,10.0,18.448915,0.0,18.448915,81.551085,61.11057,0.524899,0.853273
2026-08-17 22:16:59,3009.29,122367,611,767.8332,548.7261,40.7,252.57785,0.0,505.199799,2.205273,,10.513979,1.051398,4e-06,0.956384,4.0,10.0,4.379756,0.0,4.379756,95.620244,73.328111,0.465304,0.853273
2026-08-17 22:17:12,3021.93,122879,614,762.1209,549.7439,40.7,270.945923,0.0,541.935913,2.203,,10.569023,1.056902,3e-06,2.761609,10.0,10.0,7.938951,0.0,7.938951,92.061049,69.295984,0.536882,0.853273
2026-08-17 22:17:25,3034.48,123391,616,788.0802,552.3346,40.7,253.099213,0.0,506.242432,2.200347,,10.929131,1.092913,2e-06,2.800285,10.0,10.0,7.572719,0.0,7.572719,92.427281,70.193538,0.471058,0.853273
2026-08-17 22:17:37,3046.85,123903,619,575.6878,556.0059,40.7,130.283569,0.0,260.611145,2.199631,,7.680498,0.76805,5e-06,1.484745,9.0,10.0,2.436315,0.0,2.436315,97.563685,74.546131,0.474842,0.853273
2026-08-17 22:17:50,3059.46,124415,622,504.2084,557.857,40.7,97.815941,0.0,195.675797,2.195671,,7.620426,0.762043,2e-06,3.159203,10.0,10.0,18.0446,0.0,18.0446,81.9554,61.329888,0.444813,0.853273
2026-08-17 22:18:02,3071.95,124927,624,518.7932,556.7185,40.7,93.650131,-0.0,187.344131,2.193797,,7.193521,0.719352,3e-06,1.659247,9.0,10.0,6.791745,0.0,6.791745,93.208255,70.56641,0.440224,0.853273
2026-08-17 22:18:15,3084.43,125439,627,587.1513,554.3917,40.7,134.769257,0.0,269.582336,2.191341,,7.84249,0.784249,5e-06,0.76782,3.0,9.0,2.257595,0.0,2.257595,97.742405,74.497462,0.444416,0.980402
2026-08-17 22:18:27,3096.91,125951,629,642.5461,553.0721,40.7,173.513397,-0.0,347.070587,2.189185,,8.696042,0.869604,5e-06,1.169835,7.0,10.0,3.732427,0.0,3.732427,96.267573,73.398481,0.485294,0.980402
2026-08-17 22:18:40,3109.36,126463,632,456.3635,550.4315,40.7,84.377182,0.0,168.798141,2.188617,,6.204461,0.620446,5e-06,1.222906,9.0,10.0,3.468382,0.0,3.468382,96.531618,73.274228,0.584545,0.980402
2026-08-17 22:18:52,3121.92,126975,634,599.7583,551.9406,40.7,169.021057,0.0,338.085785,2.183569,,8.431528,0.843153,4e-06,1.589034,10.0,10.0,6.653218,0.0,6.653218,93.346782,70.542024,0.546666,0.980402
2026-08-17 22:19:05,3134.4,127487,637,536.3376,553.2078,40.7,123.173416,0.0,246.390427,2.179775,,7.799028,0.779903,6e-06,1.56399,10.0,10.0,10.895818,0.0,10.895818,89.104182,67.302078,0.497764,0.980402
2026-08-17 22:19:17,3147.09,127999,640,598.3005,552.7747,40.7,152.957413,-0.0,305.958405,2.179345,,7.926983,0.792698,5e-06,1.636725,9.0,10.0,2.122978,0.0,2.122978,97.877022,74.430111,0.503041,0.980402
2026-08-17 22:19:30,3159.7,128511,642,577.6484,553.9144,40.7,148.57991,0.0,297.203339,2.176418,,8.165097,0.81651,4e-06,2.115844,10.0,10.0,9.558871,0.0,9.558871,90.441129,68.119674,0.505894,0.980402
2026-08-17 22:19:42,3172.09,129023,645,579.9253,552.0877,40.7,154.60463,-0.0,309.252777,2.17552,,7.767762,0.776776,5e-06,1.265725,9.0,10.0,2.347409,0.0,2.347409,97.652591,73.817142,0.488464,0.980402
2026-08-17 22:19:55,3184.51,129535,647,403.6709,549.5258,40.7,67.679947,0.0,135.40329,2.169807,,6.465127,0.646513,1e-06,2.828143,10.0,10.0,18.398311,0.0,18.398311,81.601689,61.160234,0.493448,0.980402
2026-08-17 22:20:07,3196.87,130047,650,547.8191,548.9483,40.7,114.74926,-0.0,229.541946,2.170974,,7.66448,0.766448,3e-06,2.264745,9.0,10.0,6.406085,0.0,6.406085,93.593915,70.425766,0.492688,0.980402
2026-08-17 22:20:19,3209.29,130559,652,719.0155,549.884,40.7,213.064941,-0.0,426.173309,2.171432,,10.128067,1.012807,4e-06,2.190386,10.0,10.0,8.887752,0.0,8.887752,91.112248,68.636362,0.501906,0.980402
2026-08-17 22:20:32,3221.8,131071,655,710.0298,551.8568,40.7,192.446823,0.0,384.937103,2.172251,,10.025985,1.002598,3e-06,2.123078,10.0,10.0,8.381978,0.0,8.381978,91.618022,68.667068,0.50373,0.980402
2026-08-17 22:20:45,3234.35,131583,657,557.6141,554.3399,40.7,151.756317,0.0,303.556061,2.171744,,8.194435,0.819444,3e-06,2.319369,10.0,10.0,12.284211,0.0,12.284211,87.715789,66.128853,0.515107,0.980402
2026-08-17 22:20:57,3246.81,132095,660,636.8809,556.3432,40.7,170.634644,-0.0,341.312775,2.174757,,9.264982,0.926498,2e-06,3.254133,10.0,10.0,14.131747,0.0,14.131747,85.868253,63.730264,0.51473,0.980402
2026-08-17 22:21:10,3259.33,132607,663,635.5151,558.9166,40.7,190.458588,-0.0,380.960663,2.173699,,9.14339,0.914339,2e-06,3.088372,10.0,10.0,12.823124,0.0,12.823124,87.176876,66.467283,0.514153,0.980402
2026-08-17 22:21:22,3271.81,133119,665,705.3669,558.4904,40.7,229.012802,-0.0,458.069092,2.17475,,9.394351,0.939435,4e-06,2.120573,9.0,10.0,2.539064,0.0,2.539064,97.460936,74.001148,0.515953,0.980402
2026-08-17 22:21:35,3284.38,133631,668,699.9621,556.6975,40.7,193.43013,-0.0,386.903717,2.172167,,9.686083,0.968608,4e-06,2.285846,10.0,10.0,8.37995,0.0,8.37995,91.62005,68.692713,0.490277,0.980402
2026-08-17 22:21:47,3296.85,134143,670,734.674,558.5265,40.7,225.001129,-0.0,450.045715,2.172107,,9.805751,0.980575,4e-06,1.296947,7.0,10.0,1.550075,0.0,1.550075,98.449925,74.611894,0.458816,0.980402
2026-08-17 22:21:59,3309.3,134655,673,255.0481,556.9183,40.7,41.524551,0.0,83.092529,2.171291,,4.609469,0.460947,2e-06,3.112933,10.0,10.0,20.058654,0.0,20.058654,79.941346,59.355948,0.601057,0.980402
2026-08-17 22:22:12,3321.64,135167,675,424.1734,553.1436,40.7,69.566917,-0.0,139.177246,2.170273,,5.56171,0.556171,6e-06,0.562113,2.0,4.0,0.0,0.0,0.0,100.0,76.748071,0.599313,0.980402
2026-08-17 22:22:24,3334.2,135679,678,470.5019,551.3581,40.7,84.766159,-0.0,169.575668,2.167843,,6.373584,0.637358,3e-06,1.828002,8.0,10.0,3.201069,0.0,3.201069,96.798931,73.050211,0.562769,0.980402
2026-08-17 22:22:37,3346.78,136191,680,519.7405,547.2283,40.7,128.620758,0.0,257.28479,2.164016,,7.478977,0.747898,5e-06,2.204669,10.0,10.0,10.478175,0.0,10.478175,89.521825,67.695577,0.573531,0.980402
2026-08-17 22:22:50,3359.32,136703,683,537.6089,547.0485,40.7,133.062485,0.0,266.168182,2.160699,,7.598317,0.759832,5e-06,2.371525,10.0,10.0,7.86859,0.0,7.86859,92.13141,69.435444,0.627616,0.980402
2026-08-17 22:23:02,3371.9,137215,686,794.6817,548.4965,40.7,311.611633,0.0,623.266479,2.159438,,11.395551,1.139555,5e-06,2.400015,10.0,10.0,9.231301,0.0,9.231301,90.768699,68.020889,0.58057,0.980402
2026-08-17 22:23:15,3384.48,137727,688,639.8888,550.7227,40.7,151.425095,-0.0,302.89328,2.154455,,9.549891,0.954989,4e-06,1.946643,10.0,10.0,19.075805,0.0,19.075805,80.924195,60.793545,0.4424,0.852121
2026-08-17 22:23:27,3397.18,138239,691,287.9474,547.3139,40.7,30.381418,0.0,60.805763,2.146353,,5.546179,0.554618,3e-06,3.004067,10.0,10.0,31.494103,0.0,31.494103,68.505897,50.495092,0.50899,0.852121
2026-08-17 22:23:40,3409.78,138751,693,916.6621,549.8558,40.7,360.114227,0.0,720.271484,2.151106,,12.343904,1.23439,7e-06,1.182126,6.0,10.0,3.866888,0.0,3.866888,96.133112,73.044101,0.497253,0.852121
2026-08-17 22:23:53,3422.36,139263,696,727.3107,552.4308,40.7,268.600922,-0.0,537.244812,2.148633,,10.106382,1.010638,5e-06,1.926064,9.0,10.0,5.053901,0.0,5.053901,94.946099,71.814511,0.585347,0.852121
2026-08-17 22:24:05,3434.94,139775,698,370.8348,550.6985,40.7,51.372803,0.0,102.788475,2.143392,,5.834639,0.583464,3e-06,2.873204,10.0,10.0,18.232712,0.0,18.232712,81.767288,62.390229,0.501776,0.852121
2026-08-17 22:24:18,3447.41,140287,701,299.9092,547.2014,40.7,27.203636,0.0,54.450184,2.145608,,4.962573,0.496257,3e-06,3.23363,10.0,10.0,19.202231,0.0,19.202231,80.797769,60.825652,0.564142,0.852121
2026-08-17 22:24:30,3459.91,140799,704,232.088,544.7598,40.7,15.181984,0.0,30.406815,2.14237,,3.634865,0.363487,4e-06,2.674574,10.0,10.0,10.884734,0.0,10.884734,89.115266,67.402611,0.652518,0.852121
2026-08-17 22:24:43,3472.53,141311,706,272.1024,544.3741,40.7,49.373329,0.0,98.789268,2.130638,,4.889774,0.488977,3e-06,3.768408,10.0,10.0,24.069351,0.0,24.069351,75.930649,55.666917,0.593852,0.852121
2026-08-17 22:24:55,3485.1,141823,709,558.5987,547.8173,40.7,140.249664,-0.0,280.541718,2.119059,,8.639149,0.863915,4e-06,3.528808,10.0,10.0,22.35482,0.0,22.35482,77.64518,57.38697,0.532089,0.852121
2026-08-17 22:25:08,3497.65,142335,711,561.0757,548.2153,40.7,129.850937,-0.0,259.744049,2.10823,,8.294961,0.829496,6e-06,1.896678,10.0,10.0,16.344402,0.0,16.344402,83.655598,63.937512,0.489607,0.852121
2026-08-17 22:25:20,3510.06,142847,714,577.6967,549.0195,40.7,139.494171,0.0,279.030365,2.101394,,7.891999,0.7892,6e-06,2.439975,10.0,10.0,6.274174,0.0,6.274174,93.725826,71.04447,0.553196,0.852121
2026-08-17 22:25:33,3522.55,143359,716,846.9993,549.2198,40.7,320.827698,-0.0,641.697266,2.092983,,11.758204,1.17582,5e-06,1.731636,9.0,10.0,4.551704,0.0,4.551704,95.448296,72.648562,0.539514,0.852121
2026-08-17 22:25:45,3535.22,143871,719,988.6623,551.2499,40.7,405.481384,0.0,811.004333,2.079165,,13.866952,1.386695,4e-06,1.70703,10.0,10.0,9.531403,0.0,9.531403,90.468597,68.730766,0.521033,0.852121
2026-08-17 22:25:58,3547.87,144383,721,1005.4798,554.4763,40.7,456.887421,-0.0,913.816223,2.069659,,14.283508,1.428351,5e-06,2.412046,10.0,10.0,9.605986,0.0,9.605986,90.394014,67.509669,0.562376,0.852121
2026-08-17 22:26:11,3560.65,144895,724,384.0437,549.826,40.7,60.447445,-0.0,120.93615,2.062888,,6.845215,0.684521,2e-06,3.159177,10.0,10.0,31.215277,0.0,31.215277,68.784723,49.993531,0.535217,0.852121
2026-08-17 22:26:23,3573.3,145407,727,605.3119,547.0113,40.7,145.398987,0.0,290.839203,2.061661,,8.674109,0.867411,4e-06,2.353152,10.0,10.0,13.663339,0.0,13.663339,86.336661,65.098647,0.499626,0.852121
2026-08-17 22:26:36,3585.69,145919,729,483.7328,546.9325,40.7,91.680084,0.0,183.401382,2.060386,,7.112843,0.711284,4e-06,2.060573,10.0,10.0,14.487201,0.0,14.487201,85.512799,64.834926,0.48725,0.852121
2026-08-17 22:26:48,3598.23,146431,732,352.63,548.367,40.7,36.238983,0.0,72.51918,2.060868,,5.78579,0.578579,2e-06,3.665041,10.0,10.0,21.426101,0.0,21.426101,78.573899,57.688823,0.547361,0.852121
2026-08-17 22:27:01,3610.8,146943,734,385.1857,548.8477,40.7,102.265854,-0.0,204.572754,2.052449,,6.269037,0.626904,5e-06,1.380481,10.0,10.0,21.257653,0.0,21.257653,78.742347,59.392381,0.542928,0.852121
2026-08-17 22:27:14,3623.36,147455,737,452.5053,550.0825,40.7,104.598343,0.0,209.237701,2.05076,,6.629776,0.662978,3e-06,2.425872,10.0,10.0,12.626148,0.0,12.626148,87.373852,65.771406,0.55526,0.852121
2026-08-17 22:27:26,3635.95,147967,739,508.409,550.0813,40.7,109.684837,-0.0,219.410599,2.046537,,7.410784,0.741078,4e-06,2.39878,10.0,10.0,13.769388,0.0,13.769388,86.230612,65.20149,0.52916,0.852121
2026-08-17 22:27:39,3648.36,148479,742,568.4351,551.6062,40.7,154.710373,0.0,309.46167,2.045709,,8.005122,0.800512,6e-06,1.528316,10.0,10.0,8.492355,0.0,8.492355,91.507645,69.35586,0.554199,0.852121
2026-08-17 22:27:51,3660.96,148991,744,433.7226,551.2365,40.7,79.209221,0.0,158.459366,2.046062,,6.87828,0.687828,2e-06,3.981105,10.0,10.0,22.125441,0.0,22.125441,77.874559,58.093743,0.537343,0.852121
2026-08-17 22:28:04,3673.48,149503,747,369.5161,550.9482,40.7,45.271141,-0.0,90.58329,2.050355,,5.605014,0.560501,3e-06,2.810059,10.0,10.0,13.9508,0.0,13.9508,86.0492,64.307688,0.524019,0.852121
2026-08-17 22:28:16,3686.08,150015,750,714.0999,553.3437,40.7,211.515732,0.0,423.072174,2.035277,,10.363456,1.036346,2e-06,3.481161,10.0,10.0,13.787308,0.0,13.787308,86.212692,63.285957,0.484216,1.78082
2026-08-17 22:28:29,3698.62,150527,752,609.4713,553.7709,40.7,213.903778,-0.0,427.848053,2.024641,,10.580202,1.05802,3e-06,2.373825,10.0,10.0,21.469768,0.0,21.469768,78.530232,59.628015,0.47111,1.78082
2026-08-17 22:28:41,3711.09,151039,755,301.0108,552.9213,40.7,45.835739,0.0,91.711868,2.019365,,6.420564,0.642056,2e-06,3.494555,10.0,10.0,21.293757,0.0,21.293757,78.706243,58.441571,0.54624,1.78082
2026-08-17 22:28:54,3723.51,151551,757,290.2889,551.9767,40.7,28.65103,0.0,57.342182,2.006186,,4.879151,0.487915,3e-06,3.591125,10.0,10.0,9.86273,0.0,9.86273,90.13727,67.587768,0.573194,1.78082
2026-08-17 22:29:06,3736.05,152063,760,189.7811,549.1717,40.7,42.985897,-0.0,86.011528,1.98651,,4.49884,0.449884,5e-06,1.753226,10.0,10.0,17.176181,0.0,17.176181,82.823819,62.386601,0.634354,1.78082
2026-08-17 22:29:19,3748.55,152575,762,434.1401,548.214,40.7,111.942841,-0.0,223.925537,1.993043,,7.547106,0.754711,4e-06,2.251802,10.0,10.0,15.752455,0.0,15.752455,84.247545,63.246475,0.534397,1.78082
2026-08-17 22:29:31,3761.13,153087,765,414.1873,545.9876,40.7,101.926018,0.0,203.892151,2.005591,,6.377043,0.637704,6e-06,1.22804,9.0,10.0,7.959061,0.0,7.959061,92.040939,69.430813,0.614686,1.78082
2026-08-17 22:29:44,3773.77,153599,768,550.8915,545.5411,40.7,162.56958,0.0,325.179291,2.006578,,7.922265,0.792227,3e-06,2.616907,9.0,10.0,5.641565,0.0,5.641565,94.358435,71.395773,0.549284,1.78082
2026-08-17 22:29:57,3786.41,154111,770,333.5217,541.5504,40.7,64.642128,-0.0,129.324417,2.00791,,6.589549,0.658955,2e-06,3.216747,10.0,10.0,19.067023,0.0,19.067023,80.932977,60.410579,0.545096,1.78082
2026-08-17 22:30:09,3799.05,154623,773,845.6548,542.4931,40.7,298.197998,-0.0,596.436096,2.005414,,11.379538,1.137954,5e-06,0.825928,4.0,8.0,0.158148,0.0,0.158148,99.841852,75.86812,0.474043,1.78082
2026-08-17 22:30:22,3811.58,155135,775,735.3462,545.4893,40.7,233.255051,0.0,466.549896,1.990209,,11.091485,1.109149,4e-06,2.668468,10.0,10.0,11.058911,0.0,11.058911,88.941089,67.059884,0.465396,1.78082
2026-08-17 22:30:34,3824.27,155647,778,540.8311,546.336,40.7,139.478149,-0.0,278.996063,1.988407,,8.336562,0.833656,2e-06,2.843243,10.0,10.0,10.518142,0.0,10.518142,89.481858,66.39422,0.48591,1.78082
2026-08-17 22:30:47,3837.03,156159,780,248.5883,545.1812,40.7,41.921082,0.0,83.88179,1.981343,,4.63603,0.463603,2e-06,2.86691,10.0,10.0,12.097043,0.0,12.097043,87.902957,66.420538,0.597855,1.78082
2026-08-17 22:31:00,3849.49,156671,783,242.671,543.8984,40.7,32.652622,0.0,65.344582,1.966915,,5.185024,0.518502,2e-06,3.190081,10.0,10.0,17.508253,0.0,17.508253,82.491747,61.168214,0.520064,1.78082
2026-08-17 22:31:12,3861.97,157183,785,461.0048,542.034,40.7,124.799347,-0.0,249.637848,1.957476,,7.970836,0.797084,1e-06,3.060605,10.0,10.0,14.510074,0.0,14.510074,85.489926,64.035702,0.492585,1.78082
2026-08-17 22:31:25,3874.44,157695,788,717.3986,541.869,40.7,214.382935,0.0,428.804932,1.953303,,9.671704,0.96717,3e-06,1.560918,7.0,9.0,1.463731,0.0,1.463731,98.536269,75.448719,0.45116,1.78082
2026-08-17 22:31:37,3887.04,158207,791,761.7223,542.6419,40.7,260.448975,-0.0,520.936707,1.93915,,11.00184,1.100184,3e-06,1.849441,8.0,10.0,4.171586,0.0,4.171586,95.828414,73.240362,0.47361,1.78082
2026-08-17 22:31:50,3899.6,158719,793,653.0478,544.3133,40.7,190.992935,-0.0,382.024506,1.931149,,10.368281,1.036828,2e-06,2.874581,10.0,10.0,13.289551,0.0,13.289551,86.710449,65.361734,0.45697,1.78082
2026-08-17 22:32:02,3911.96,159231,796,780.1823,548.4043,40.7,274.809174,0.0,549.656921,1.92804,,11.118261,1.111826,3e-06,2.218262,9.0,10.0,4.846093,0.0,4.846093,95.153907,71.677067,0.47089,1.78082
2026-08-17 22:32:15,3924.44,159743,798,627.7411,549.5946,40.7,149.063828,0.0,298.165985,1.916674,,9.166934,0.916693,2e-06,2.663758,10.0,10.0,7.665604,0.0,7.665604,92.334396,69.164273,0.446086,1.78082
2026-08-17 22:32:27,3937.0,160255,801,828.3098,552.2102,40.7,277.200104,-0.0,554.438354,1.90612,,11.832025,1.183203,3e-06,1.85999,9.0,10.0,3.538415,0.0,3.538415,96.461585,72.207207,0.474033,1.78082
2026-08-17 22:32:40,3949.53,160767,803,757.3134,556.0711,40.7,236.974213,0.0,473.98642,1.899876,,10.275743,1.027574,4e-06,1.992729,8.0,10.0,1.972396,0.0,1.972396,98.027604,74.2889,0.472854,1.78082
2026-08-17 22:32:52,3962.11,161279,806,512.3718,551.5179,40.7,88.980934,0.0,177.99968,1.890606,,7.652975,0.765297,3e-06,1.72058,8.0,10.0,7.345437,0.0,7.345437,92.654563,70.10203,0.492562,1.78082
2026-08-17 22:33:05,3974.64,161791,808,682.58,550.445,40.7,171.208267,0.0,342.454102,1.878583,,9.467769,0.946777,4e-06,1.491785,6.0,9.0,0.719317,0.0,0.719317,99.280683,75.840895,0.482771,1.78082
2026-08-17 22:33:17,3987.1,162303,811,874.3789,552.427,40.7,282.330505,0.0,564.698425,1.870275,,12.162369,1.216237,3e-06,2.118765,8.0,10.0,2.307052,0.0,2.307052,97.692948,74.180133,0.442191,1.78082
2026-08-17 22:33:30,3999.53,162815,814,806.4302,551.4173,40.7,269.920258,0.0,539.877747,1.860304,,12.102054,1.210205,1e-06,2.628318,10.0,10.0,9.904322,0.0,9.904322,90.095678,67.94865,0.447052,1.891305
2026-08-17 22:33:42,4012.02,163327,816,649.4321,553.1957,40.7,200.492981,-0.0,401.023102,1.856483,,9.042667,0.904267,3e-06,2.072323,8.0,10.0,2.736946,0.0,2.736946,97.263054,73.660009,0.514772,1.891305
2026-08-17 22:33:55,4024.53,163839,819,362.2446,552.699,40.7,38.253925,-0.0,76.544846,1.849858,,5.067542,0.506754,3e-06,1.825948,8.0,10.0,2.507475,0.0,2.507475,97.492525,74.427043,0.544204,1.891305
2026-08-17 22:34:07,4036.97,164351,821,771.7727,555.3292,40.7,274.289978,-0.0,548.61676,1.840946,,10.755256,1.075526,4e-06,1.469026,6.0,9.0,1.755758,0.0,1.755758,98.244242,74.716289,0.478107,1.891305
2026-08-17 22:34:20,4049.37,164863,824,608.8189,556.3394,40.7,224.310257,0.0,448.657135,1.830906,,10.054532,1.005453,2e-06,2.912591,10.0,10.0,12.138961,0.0,12.138961,87.861039,65.737189,0.486692,1.891305
2026-08-17 22:34:32,4062.08,165375,826,546.1426,555.6951,40.7,120.1381,-0.0,240.312729,1.826736,,7.656807,0.765681,3e-06,1.992175,8.0,10.0,3.502271,0.0,3.502271,96.497729,73.700011,0.515627,1.891305
2026-08-17 22:34:45,4074.57,165887,829,558.6043,555.1944,40.7,127.830254,0.0,255.69693,1.820858,,7.727079,0.772708,5e-06,1.456684,5.0,9.0,2.447571,0.0,2.447571,97.552429,74.164884,0.491803,1.891305
2026-08-17 22:34:57,4087.15,166399,832,356.4765,553.1836,40.7,60.025509,0.0,120.087234,1.81076,,6.365351,0.636535,1e-06,2.884665,10.0,10.0,13.313627,0.0,13.313627,86.686373,64.926482,0.500264,1.891305
2026-08-17 22:35:10,4099.78,166911,834,262.7779,551.2471,40.7,33.053658,0.0,66.143578,1.813142,,5.417924,0.541792,1e-06,3.629818,10.0,10.0,15.955926,0.0,15.955926,84.044074,62.720586,0.518624,1.891305
2026-08-17 22:35:22,4112.15,167423,837,466.9036,553.2101,40.7,72.313522,0.0,144.663254,1.810797,,6.312334,0.631233,3e-06,2.383402,8.0,10.0,1.699198,0.0,1.699198,98.300802,73.958685,0.480868,1.891305
2026-08-17 22:35:35,4124.7,167935,839,833.7578,559.6096,40.7,271.354218,0.0,542.744568,1.805382,,11.572226,1.157223,4e-06,2.287319,8.0,10.0,2.965326,0.0,2.965326,97.034674,74.246792,0.436202,1.891305
2026-08-17 22:35:48,4137.36,168447,842,531.8163,562.3291,40.7,116.100471,0.0,232.237015,1.803627,,8.924573,0.892457,0.0,3.122712,10.0,10.0,14.436748,0.0,14.436748,85.563252,63.948821,0.436472,1.891305
2026-08-17 22:36:00,4149.92,168959,844,667.4294,565.0573,40.7,172.114487,0.0,344.265228,1.812957,,9.461235,0.946123,2e-06,2.276882,9.0,10.0,4.51679,0.0,4.51679,95.48321,72.507031,0.447001,1.891305
2026-08-17 22:36:13,4162.4,169471,847,551.6159,563.7222,40.7,122.738396,0.0,245.513138,1.81751,,7.831709,0.783171,3e-06,2.212318,8.0,10.0,4.416751,0.0,4.416751,95.583249,71.806109,0.487599,1.891305
2026-08-17 22:36:25,4174.82,169983,849,559.3344,565.8439,40.7,128.89801,-0.0,257.832489,1.822811,,7.9252,0.79252,2e-06,2.640412,8.0,10.0,4.470405,0.0,4.470405,95.529595,72.825873,0.47634,1.891305
2026-08-17 22:36:38,4187.42,170495,852,247.6183,563.6083,40.7,38.810379,-0.0,77.657402,1.832138,,4.533275,0.453328,2e-06,2.314418,9.0,10.0,10.725292,0.0,10.725292,89.274708,67.337243,0.521081,1.891305
2026-08-17 22:36:50,4199.95,171007,855,689.7186,565.4527,40.7,206.675583,0.0,413.387665,1.825404,,9.296997,0.9297,2e-06,2.292635,7.0,10.0,1.238692,0.0,1.238692,98.761308,75.312782,0.480598,1.891305
2026-08-17 22:37:03,4212.61,171519,857,917.0793,569.3351,40.7,354.04425,-0.0,708.124817,1.815756,,12.976558,1.297656,2e-06,2.920939,9.0,10.0,3.632519,0.0,3.632519,96.367481,72.95902,0.466343,1.891305
2026-08-17 22:37:15,4225.19,172031,860,929.4275,572.3463,40.7,393.463837,0.0,786.963928,1.813475,,13.108197,1.31082,3e-06,2.409112,9.0,10.0,4.789263,0.0,4.789263,95.210737,71.659804,0.504692,1.891305
2026-08-17 22:37:28,4237.87,172543,862,1025.8509,575.5889,40.7,449.465515,-0.0,898.967407,1.818474,,14.45104,1.445104,5e-06,1.730781,6.0,8.0,0.241336,0.0,0.241336,99.758664,75.593985,0.50503,1.891305
2026-08-17 22:37:41,4250.4,173055,865,732.6598,578.5825,40.7,210.219543,0.0,420.475342,1.813446,,10.617791,1.061779,3e-06,2.582042,9.0,10.0,5.07466,0.0,5.07466,94.92534,71.375774,0.510111,1.891305
2026-08-17 22:37:53,4262.92,173567,867,522.141,576.1256,40.7,85.771255,0.0,171.578812,1.81516,,7.087223,0.708722,3e-06,2.161892,8.0,10.0,1.339826,0.0,1.339826,98.660174,75.263903,0.50815,1.891305
2026-08-17 22:38:06,4275.51,174079,870,385.5112,572.3595,40.7,45.519821,-0.0,91.075851,1.810416,,6.048906,0.604891,1e-06,2.862187,9.0,10.0,8.320891,0.0,8.320891,91.679109,68.427962,0.514009,1.891305
2026-08-17 22:38:18,4288.18,174591,872,309.1238,567.5699,40.7,27.749933,-0.0,55.536011,1.807164,,4.566408,0.456641,2e-06,2.677503,9.0,10.0,4.402956,0.0,4.402956,95.597044,72.335514,0.604132,1.891305
2026-08-17 22:38:31,4300.73,175103,875,328.2928,565.096,40.7,37.795185,0.0,75.626427,1.802735,,4.878884,0.487888,2e-06,2.637209,9.0,10.0,4.804317,0.0,4.804317,95.195683,70.717463,0.614708,1.458443
2026-08-17 22:38:43,4313.12,175615,878,661.5263,566.6692,40.7,170.636826,0.0,341.309875,1.810585,,9.112427,0.911243,4e-06,2.163441,8.0,10.0,2.999597,0.0,2.999597,97.000403,73.504185,0.454674,1.458443
2026-08-17 22:38:56,4325.67,176127,880,639.8603,567.8798,40.7,177.347763,0.0,354.731903,1.818128,,9.070349,0.907035,3e-06,2.293367,9.0,10.0,6.269263,0.0,6.269263,93.730737,71.190393,0.445192,1.458443
2026-08-17 22:39:08,4338.08,176639,883,717.3993,569.1823,40.7,182.147415,0.0,364.331207,1.818834,,10.155409,1.015541,2e-06,2.620409,9.0,10.0,6.262638,0.0,6.262638,93.737362,70.398773,0.446341,1.458443
2026-08-17 22:39:21,4350.64,177151,885,746.4456,570.2213,40.7,219.138062,0.0,438.312592,1.822689,,10.409615,1.040962,2e-06,1.986602,8.0,10.0,4.096802,0.0,4.096802,95.903198,73.317409,0.422617,1.458443
2026-08-17 22:39:33,4363.21,177663,888,565.3086,571.3108,40.7,98.415703,0.0,196.868088,1.834177,,7.49161,0.749161,2e-06,1.893626,6.0,9.0,0.485317,0.0,0.485317,99.514683,75.50944,0.44445,1.458443
2026-08-17 22:39:46,4375.71,178175,890,777.1853,573.085,40.7,256.350342,0.0,512.737427,1.837199,,11.040609,1.104061,2e-06,2.724851,9.0,10.0,5.381925,0.0,5.381925,94.618075,71.744055,0.440568,1.458443
2026-08-17 22:39:58,4388.31,178687,893,483.8589,572.5602,40.7,145.614059,-0.0,291.264984,1.84291,,7.957193,0.795719,1e-06,3.139272,10.0,10.0,14.438457,0.0,14.438457,85.561543,63.963559,0.524521,1.458443
2026-08-17 22:40:11,4400.89,179199,896,611.1598,572.6888,40.7,164.88588,-0.0,329.808746,1.848829,,9.592423,0.959242,1e-06,2.96243,10.0,10.0,13.195092,0.0,13.195092,86.804908,64.982326,0.461748,1.458443
2026-08-17 22:40:24,4413.47,179711,898,751.3085,574.4254,40.7,231.484756,0.0,463.006653,1.857757,,10.748868,1.074887,2e-06,2.97696,10.0,10.0,6.941412,0.0,6.941412,93.058588,70.137259,0.4507,1.458443
2026-08-17 22:40:36,4426.14,180223,901,675.6472,575.3827,40.7,171.029221,-0.0,342.095795,1.867753,,9.033733,0.903373,3e-06,2.226606,8.0,10.0,1.420205,0.0,1.420205,98.579795,74.844789,0.437813,1.458443
2026-08-17 22:40:49,4438.6,180735,903,648.9226,577.8352,40.7,175.413528,0.0,350.864441,1.868528,,9.277307,0.927731,2e-06,2.661182,10.0,10.0,6.167609,0.0,6.167609,93.832391,71.022193,0.487109,1.458443
2026-08-17 22:41:01,4451.03,181247,906,603.7274,578.3943,40.7,132.879456,-0.0,265.796387,1.874022,,8.561524,0.856152,1e-06,3.045208,10.0,10.0,5.646225,0.0,5.646225,94.353775,70.690756,0.469518,1.458443
2026-08-17 22:41:14,4463.49,181759,908,499.6619,576.2007,40.7,81.085739,-0.0,162.209076,1.880119,,7.212945,0.721295,2e-06,2.994397,9.0,10.0,5.07457,0.0,5.07457,94.92543,72.487294,0.486887,1.458443
2026-08-17 22:41:26,4476.03,182271,911,711.924,576.2197,40.7,202.443832,0.0,404.925385,1.886327,,10.036894,1.003689,3e-06,1.700135,7.0,10.0,4.460639,0.0,4.460639,95.539361,71.859235,0.456484,1.458443
2026-08-17 22:41:39,4488.69,182783,913,526.9564,575.9131,40.7,133.911743,-0.0,267.861298,1.890469,,7.867992,0.786799,2e-06,2.449361,10.0,10.0,8.895588,0.0,8.895588,91.104412,68.726154,0.481393,1.458443
2026-08-17 22:41:51,4501.23,183295,916,238.503,571.9293,40.7,20.881941,-0.0,41.801895,1.900622,,3.807815,0.380782,2e-06,2.705155,10.0,10.0,7.465391,0.0,7.465391,92.534609,69.890467,0.581881,1.458443
2026-08-17 22:42:04,4513.79,183807,919,586.1337,571.4355,40.7,128.845444,0.0,257.728455,1.878095,,8.064559,0.806456,3e-06,2.125043,8.0,10.0,3.834924,0.0,3.834924,96.165076,72.906866,0.437353,1.458443
2026-08-17 22:42:17,4526.34,184319,921,569.6785,570.0786,40.7,154.561874,-0.0,309.160889,1.856833,,8.204936,0.820494,2e-06,2.141601,9.0,10.0,6.02729,0.0,6.02729,93.97271,70.81364,0.431558,1.458443
2026-08-17 22:42:29,4538.87,184831,924,615.247,569.2315,40.7,183.663589,-0.0,367.363983,1.840677,,9.090875,0.909087,2e-06,2.635163,9.0,10.0,8.499812,0.0,8.499812,91.500188,69.224417,0.490169,1.458443
2026-08-17 22:42:42,4551.53,185343,926,544.6032,567.3308,40.7,117.422569,0.0,234.881592,1.822471,,7.910751,0.791075,2e-06,2.708079,9.0,10.0,7.641161,0.0,7.641161,92.358839,69.673169,0.465913,1.458443
2026-08-17 22:42:54,4564.05,185855,929,415.2928,568.9332,40.7,71.16394,-0.0,142.364044,1.808007,,6.58672,0.658672,1e-06,3.378184,10.0,10.0,11.707138,0.0,11.707138,88.292862,65.382949,0.490838,1.458443
2026-08-17 22:43:07,4576.48,186367,931,462.9061,569.3205,40.7,66.335129,0.0,132.706085,1.791092,,7.702326,0.770233,0.0,3.573506,10.0,10.0,17.133323,0.0,17.133323,82.866677,61.609696,0.436519,1.458443
2026-08-17 22:43:19,4589.11,186879,934,726.9492,571.885,40.7,209.763519,0.0,419.562714,1.783962,,10.386729,1.038673,3e-06,2.883824,9.0,10.0,7.584738,0.0,7.584738,92.415262,68.865363,0.450243,1.458443
2026-08-17 22:43:32,4601.75,187391,936,677.5912,573.4635,40.7,184.569626,0.0,369.174622,1.768523,,9.366804,0.93668,3e-06,2.850207,9.0,10.0,5.198568,0.0,5.198568,94.801432,71.877137,0.453134,1.458443
2026-08-17 22:43:45,4614.56,187903,939,111.4242,569.2017,40.7,13.770221,-0.0,27.57583,1.769402,,2.695159,0.269516,1e-06,4.273384,10.0,10.0,15.663727,0.0,15.663727,84.336273,62.040701,0.664223,1.201293
2026-08-17 22:43:57,4627.15,188415,942,429.0278,565.5451,40.7,67.129524,-0.0,134.294617,1.778703,,5.995476,0.599548,4e-06,2.605828,9.0,10.0,4.577194,0.0,4.577194,95.422806,72.57035,0.565239,1.201293
2026-08-17 22:44:10,4639.68,188927,944,626.1196,565.4074,40.7,158.742188,-0.0,317.52005,1.783479,,9.226421,0.922642,2e-06,3.698706,10.0,10.0,11.889823,0.0,11.889823,88.110177,64.912881,0.514944,1.201293
2026-08-17 22:44:22,4652.17,189439,947,639.2833,568.9208,40.7,159.631775,0.0,319.29953,1.799266,,8.857775,0.885778,4e-06,2.343305,8.0,10.0,5.399407,0.0,5.399407,94.600593,71.43811,0.469688,1.201293
2026-08-17 22:44:35,4664.72,189951,949,617.6321,565.9305,40.7,161.32666,0.0,322.689453,1.806477,,9.002693,0.900269,3e-06,3.361326,10.0,10.0,10.168099,0.0,10.168099,89.831901,67.493922,0.495649,1.201293
2026-08-17 22:44:48,4677.36,190463,952,1037.3837,569.0312,40.7,452.061157,0.0,904.158691,1.819283,,14.670841,1.467084,4e-06,2.674944,8.0,10.0,4.559169,0.0,4.559169,95.440831,71.910664,0.536755,1.201293
2026-08-17 22:45:00,4689.87,190975,954,902.5558,574.3484,40.7,325.43338,0.0,650.90332,1.827738,,12.646889,1.264689,2e-06,3.34575,10.0,10.0,7.558511,0.0,7.558511,92.441489,69.853096,0.535209,1.201293
2026-08-17 22:45:13,4702.57,191487,957,539.1255,576.7406,40.7,155.565964,0.0,311.168823,1.845302,,7.761622,0.776162,2e-06,3.078859,9.0,10.0,5.445034,0.0,5.445034,94.554966,70.572797,0.565123,1.201293
2026-08-17 22:45:25,4714.98,191999,960,635.9669,580.7794,40.7,173.177246,0.0,346.391632,1.857216,,8.902459,0.890246,4e-06,2.515728,9.0,10.0,5.976311,0.0,5.976311,94.023689,71.098598,0.491291,1.201293
2026-08-17 22:45:38,4727.44,192511,962,498.1596,583.0399,40.7,100.715149,0.0,201.467697,1.870057,,7.446663,0.744666,2e-06,3.526602,10.0,10.0,11.736395,0.0,11.736395,88.263605,65.879082,0.46725,1.201293
2026-08-17 22:45:50,4740.04,193023,965,700.1863,584.4558,40.7,228.902344,0.0,457.842102,1.870243,,10.584552,1.058455,3e-06,3.230454,10.0,10.0,15.20001,0.0,15.20001,84.79999,63.46484,0.472579,1.201293
2026-08-17 22:46:03,4752.7,193535,967,519.2303,584.0374,40.7,116.0923,0.0,232.222153,1.877611,,8.040676,0.804068,2e-06,3.780186,10.0,10.0,15.037131,0.0,15.037131,84.962869,64.338059,0.48405,1.201293
2026-08-17 22:46:16,4765.36,194047,970,534.0162,583.6006,40.7,111.51619,-0.0,223.070068,1.884397,,7.883034,0.788303,3e-06,2.849705,10.0,10.0,10.706423,0.0,10.706423,89.293577,67.419327,0.491378,1.201293
2026-08-17 22:46:28,4777.92,194559,972,445.4062,579.5846,40.7,67.675766,-0.0,135.38945,1.895674,,6.345867,0.634587,4e-06,2.352925,9.0,10.0,6.62772,0.0,6.62772,93.37228,70.790882,0.55307,1.201293
2026-08-17 22:46:41,4790.56,195071,975,375.0108,573.4481,40.7,63.050076,-0.0,126.138184,1.901756,,5.754222,0.575422,3e-06,3.188636,10.0,10.0,9.465956,0.0,9.465956,90.534044,67.669003,0.575784,1.201293
2026-08-17 22:46:53,4803.08,195583,977,402.231,567.4156,40.7,70.440895,-0.0,140.919968,1.908975,,6.254512,0.625451,2e-06,3.168721,10.0,10.0,12.452321,0.0,12.452321,87.547679,65.930496,0.556377,1.201293
2026-08-17 22:47:06,4815.65,196095,980,405.4504,567.6297,40.7,47.230732,0.0,94.499886,1.921174,,5.610717,0.561072,3e-06,2.236675,8.0,10.0,3.380564,0.0,3.380564,96.619436,73.323502,0.5893,1.201293
2026-08-17 22:47:18,4828.26,196607,983,566.8667,567.2452,40.7,120.455597,-0.0,240.949753,1.92766,,7.834678,0.783468,3e-06,2.406098,8.0,10.0,2.904773,0.0,2.904773,97.095227,73.889184,0.497737,1.201293
2026-08-17 22:47:31,4840.81,197119,985,543.9541,567.8475,40.7,126.929924,-0.0,253.89859,1.936778,,7.760367,0.776037,4e-06,2.473637,9.0,10.0,7.082963,0.0,7.082963,92.917037,70.259872,0.546383,1.201293
2026-08-17 22:47:43,4853.17,197631,988,459.1258,568.9124,40.7,82.719116,0.0,165.477127,1.944731,,6.878619,0.687862,2e-06,3.121668,10.0,10.0,11.283626,0.0,11.283626,88.716374,65.869248,0.486779,1.201293
2026-08-17 22:47:56,4865.84,198143,990,304.7483,568.108,40.7,44.508797,-0.0,89.056725,1.956571,,5.027676,0.502768,2e-06,3.245128,10.0,10.0,13.563391,0.0,13.563391,86.436609,65.503677,0.598375,1.201293
2026-08-17 22:48:09,4878.34,198655,993,360.6483,567.1895,40.7,45.258556,-0.0,90.556633,1.975938,,5.457453,0.545745,2e-06,3.157412,10.0,10.0,9.216497,0.0,9.216497,90.783503,67.745312,0.573503,1.201293
2026-08-17 22:48:21,4890.88,199167,995,470.1339,566.8067,40.7,75.943871,-0.0,151.927719,1.998662,,6.756416,0.675642,3e-06,3.027354,9.0,10.0,8.08704,0.0,8.08704,91.91296,69.099734,0.526145,1.201293
2026-08-17 22:48:34,4903.43,199679,998,705.1351,568.1737,40.7,200.678467,0.0,401.397369,2.021859,,9.936691,0.993669,6e-06,2.273018,9.0,10.0,6.225507,0.0,6.225507,93.774493,70.911299,0.519033,1.201293
2026-08-17 22:48:46,4916.09,200191,1000,749.1406,571.3279,40.7,222.161209,0.0,444.363281,2.042706,,10.818111,1.081811,3e-06,2.66074,10.0,10.0,11.192135,0.0,11.192135,88.807865,67.415524,0.463182,1.175732
2026-08-17 22:48:59,4928.42,200703,1003,791.6737,575.5495,40.7,241.210281,-0.0,482.461914,2.067188,,10.711605,1.071161,4e-06,1.782012,7.0,10.0,2.787284,0.0,2.787284,97.212716,73.668984,0.469654,1.175732
2026-08-17 22:49:11,4940.8,201215,1006,900.1635,577.4101,40.7,316.683014,0.0,633.407715,2.083099,,12.530405,1.25304,5e-06,1.705224,7.0,10.0,3.954832,0.0,3.954832,96.045168,72.50896,0.495541,1.175732
2026-08-17 22:49:24,4953.44,201727,1008,878.7798,580.1032,40.7,300.939514,-0.0,601.921021,2.098152,,12.16367,1.216367,4e-06,2.044959,9.0,10.0,3.348191,0.0,3.348191,96.651809,73.769039,0.482209,1.175732
2026-08-17 22:49:36,4966.03,202239,1011,566.5374,582.7585,40.7,131.845093,0.0,263.732452,2.112937,,8.429126,0.842913,2e-06,3.500798,10.0,10.0,12.449729,0.0,12.449729,87.550271,65.196579,0.509878,1.175732
2026-08-17 22:49:49,4978.32,202751,1013,506.2329,584.9179,40.7,137.817825,0.0,275.678192,2.126456,,7.678902,0.76789,3e-06,2.519274,10.0,10.0,12.10047,0.0,12.10047,87.89953,66.504789,0.53287,1.175732
2026-08-17 22:50:01,4990.62,203263,1016,575.1989,588.7721,40.7,166.03183,0.0,332.106415,2.137157,,8.609296,0.86093,6e-06,2.511886,10.0,10.0,11.894027,0.0,11.894027,88.105973,66.095927,0.564061,1.175732
2026-08-17 22:50:14,5003.36,203775,1018,571.3847,590.1445,40.7,155.735275,0.0,311.513397,2.142649,,8.585078,0.858508,2e-06,3.5356,10.0,10.0,12.47381,0.0,12.47381,87.52619,65.82875,0.520025,1.175732
2026-08-17 22:50:26,5016.0,204287,1021,770.9723,593.7124,40.7,276.123291,0.0,552.289734,2.15773,,10.900776,1.090078,5e-06,2.248762,9.0,10.0,6.523081,0.0,6.523081,93.476919,71.142022,0.536935,1.175732
2026-08-17 22:50:39,5028.58,204799,1024,842.7127,596.6306,40.7,255.671066,0.0,511.385345,2.161185,,12.436098,1.24361,3e-06,2.915073,10.0,10.0,12.312216,0.0,12.312216,87.687784,65.762302,0.489257,1.175732
2026-08-17 22:50:51,5041.31,205311,1026,920.9739,602.5051,40.7,338.354767,0.0,676.752991,2.172516,,12.845721,1.284572,6e-06,2.141417,9.0,10.0,4.539085,0.0,4.539085,95.460915,71.803109,0.490379,1.175732
2026-08-17 22:51:04,5053.74,205823,1029,676.672,600.8153,40.7,191.384476,0.0,382.812592,2.181627,,9.553733,0.955373,5e-06,1.905396,9.0,10.0,6.78635,0.0,6.78635,93.21365,70.600889,0.464412,1.175732
2026-08-17 22:51:17,5066.42,206335,1031,525.0899,598.7127,40.7,111.567223,0.0,223.178268,2.191168,,7.4943,0.74943,5e-06,1.844829,8.0,10.0,7.559114,0.0,7.559114,92.440886,70.093815,0.539644,1.175732
2026-08-17 22:51:29,5079.11,206847,1034,712.3583,600.428,40.7,221.343582,-0.0,442.731171,2.200124,,10.248962,1.024896,5e-06,2.241201,10.0,10.0,9.178191,0.0,9.178191,90.821809,67.930426,0.545792,1.175732
2026-08-17 22:51:42,5091.78,207359,1036,688.784,604.83,40.7,178.680145,-0.0,357.404388,2.204182,,10.005365,1.000537,2e-06,4.230687,10.0,10.0,12.165611,0.0,12.165611,87.834389,65.823194,0.521723,1.175732
2026-08-17 22:51:55,5104.33,207871,1039,667.1322,609.0746,40.7,144.449677,-0.0,288.943634,2.213399,,9.383772,0.938377,3e-06,2.851825,10.0,10.0,8.814617,0.0,8.814617,91.185383,68.64036,0.469005,1.175732
2026-08-17 22:52:07,5116.82,208383,1041,613.3481,610.598,40.7,150.233612,-0.0,300.511627,2.220364,,8.588595,0.858859,6e-06,2.023775,9.0,10.0,6.113261,0.0,6.113261,93.886739,71.625779,0.522632,1.175732
2026-08-17 22:52:19,5129.3,208895,1044,656.5589,609.9896,40.7,201.78273,-0.0,403.609955,2.225372,,9.221174,0.922117,5e-06,1.54735,7.0,10.0,4.61903,0.0,4.61903,95.38097,72.753045,0.531435,1.175732
2026-08-17 22:52:32,5141.79,209407,1047,584.2565,608.2149,40.7,129.773987,0.0,259.592529,2.227382,,8.318707,0.831871,5e-06,2.134448,10.0,10.0,8.188728,0.0,8.188728,91.811272,69.358444,0.492979,1.175732
2026-08-17 22:52:45,5154.37,209919,1049,285.2611,604.5371,40.7,33.848297,0.0,67.741142,2.227549,,4.94228,0.494228,3e-06,3.028481,10.0,10.0,16.000363,0.0,16.000363,83.999637,63.317188,0.552571,1.175732
2026-08-17 22:52:57,5166.95,210431,1052,320.3403,599.9387,40.7,31.88332,0.0,63.811237,2.229896,,4.623601,0.46236,4e-06,2.906174,9.0,10.0,5.93981,0.0,5.93981,94.06019,70.947487,0.589519,1.175732
2026-08-17 22:53:10,5179.55,210943,1054,448.24,598.1437,40.7,88.997627,0.0,178.039764,2.225586,,7.24774,0.724774,3e-06,3.424005,10.0,10.0,18.037662,0.0,18.037662,81.962338,61.778738,0.503022,1.175732
2026-08-17 22:53:22,5192.0,211455,1057,787.2307,597.7329,40.7,259.094055,-0.0,518.232605,2.225151,,10.954367,1.095437,4e-06,2.196553,9.0,10.0,4.531319,0.0,4.531319,95.468681,71.654121,0.49113,1.175732
2026-08-17 22:53:35,5204.47,211967,1059,647.4697,596.6344,40.7,185.746552,0.0,371.537567,2.223965,,9.527434,0.952743,3e-06,2.920999,10.0,10.0,11.29274,0.0,11.29274,88.70726,66.725498,0.517575,1.175732
2026-08-17 22:53:47,5217.11,212479,1062,555.5612,597.0663,40.7,98.429291,-0.0,196.903107,2.22643,,7.528632,0.752863,4e-06,2.575928,9.0,10.0,3.457398,0.0,3.457398,96.542602,73.038913,0.519387,1.175732
2026-08-17 22:54:00,5229.71,212991,1064,641.5156,596.6557,40.7,161.919296,-0.0,323.883118,2.226649,,9.08586,0.908586,4e-06,1.814293,8.0,10.0,6.452733,0.0,6.452733,93.547267,70.686802,0.543088,1.160811
2026-08-17 22:54:12,5242.15,213503,1067,498.9503,592.9014,40.7,133.905487,0.0,267.85553,2.228194,,6.843497,0.68435,7e-06,1.57738,9.0,10.0,3.285579,0.0,3.285579,96.714421,72.768831,0.648,1.160811
2026-08-17 22:54:25,5254.52,214015,1070,484.5134,589.6822,40.7,80.896133,0.0,161.836823,2.227891,,6.64907,0.664907,5e-06,2.269668,9.0,10.0,3.692728,0.0,3.692728,96.307272,73.016326,0.591783,1.160811
2026-08-17 22:54:37,5267.14,214527,1072,322.6592,586.4145,40.7,50.292065,0.0,100.6287,2.228683,,4.421898,0.44219,6e-06,1.747457,9.0,10.0,2.751738,0.0,2.751738,97.248262,73.71239,0.708969,1.160811
2026-08-17 22:54:50,5279.72,215039,1075,364.8166,586.4402,40.7,41.804626,-0.0,83.653885,2.231683,,5.109866,0.510987,3e-06,2.976973,10.0,10.0,4.88843,0.0,4.88843,95.11157,71.217456,0.604649,1.160811
2026-08-17 22:55:02,5292.23,215551,1077,583.019,584.5527,40.7,111.249908,0.0,222.544434,2.230766,,8.33488,0.833488,3e-06,2.90653,10.0,10.0,8.464369,0.0,8.464369,91.535631,68.492474,0.48162,1.160811
2026-08-17 22:55:15,5304.91,216063,1080,861.0965,587.0754,40.7,298.155212,0.0,596.355103,2.232652,,11.850805,1.185081,6e-06,1.744483,8.0,10.0,2.992654,0.0,2.992654,97.007346,73.768218,0.480152,1.160811
2026-08-17 22:55:28,5317.52,216575,1082,684.0605,588.4546,40.7,206.740814,0.0,413.526276,2.231819,,9.910732,0.991073,6e-06,2.179695,9.7,10.0,9.115817,0.0,9.115817,90.884183,68.296119,0.490199,1.160811
2026-08-17 22:55:40,5329.97,217087,1085,586.7263,588.7358,40.7,145.030914,0.0,290.106506,2.233981,,8.241548,0.824155,5e-06,2.539109,9.0,10.0,6.799546,0.0,6.799546,93.200454,70.506262,0.541272,1.160811
2026-08-17 22:55:53,5342.53,217599,1088,882.0104,593.9912,40.7,309.151031,0.0,618.346802,2.235815,,12.087298,1.20873,6e-06,2.254778,9.0,10.0,3.42589,0.0,3.42589,96.57411,73.538429,0.553683,1.160811
2026-08-17 22:56:05,5355.15,218111,1090,696.3085,598.3265,40.7,234.534744,-0.0,469.114258,2.238909,,9.753274,0.975327,6e-06,1.85065,9.0,10.0,5.997787,0.0,5.997787,94.002213,71.384429,0.553347,1.160811
2026-08-17 22:56:18,5367.72,218623,1093,419.829,597.8557,40.7,53.967449,0.0,107.979691,2.239484,,6.330202,0.63302,4e-06,3.177198,10.0,10.0,10.871288,0.0,10.871288,89.128712,67.472853,0.566929,1.160811
2026-08-17 22:56:30,5380.11,219135,1095,508.5089,594.6033,40.7,90.166824,0.0,180.37854,2.244472,,6.830534,0.683053,4e-06,2.557229,9.0,10.0,2.234284,0.0,2.234284,97.765716,73.754572,0.542511,1.160811
2026-08-17 22:56:43,5392.68,219647,1098,397.9011,593.2641,40.7,59.729446,0.0,119.503929,2.251795,,5.423254,0.542325,7e-06,1.830324,8.0,10.0,3.170158,0.0,3.170158,96.829842,72.897149,0.603589,1.160811
2026-08-17 22:56:55,5405.17,220159,1100,275.9,589.3488,40.7,35.471893,0.0,70.988884,2.254739,,5.628547,0.562855,3e-06,3.608078,10.0,10.0,26.31345,0.0,26.31345,73.68655,54.683572,0.537054,1.160811
2026-08-17 22:57:08,5417.81,220671,1103,863.6443,592.4691,40.7,285.396912,0.0,570.839172,2.266092,,11.646775,1.164678,7e-06,1.496062,8.0,10.0,1.936381,0.0,1.936381,98.063619,74.418556,0.494626,1.160811
2026-08-17 22:57:21,5430.41,221183,1105,659.89,593.4747,40.7,157.812347,0.0,315.670135,2.271804,,8.976828,0.897683,8e-06,1.537326,8.0,10.0,3.496604,0.0,3.496604,96.503396,73.701939,0.469989,1.160811
2026-08-17 22:57:33,5443.08,221695,1108,509.3904,596.0924,40.7,90.545441,-0.0,181.136429,2.277469,,7.50902,0.750902,5e-06,3.107074,10.0,10.0,11.697083,0.0,11.697083,88.302917,65.830813,0.50538,1.160811
2026-08-17 22:57:46,5455.59,222207,1111,368.3178,592.8784,40.7,61.91798,0.0,123.881615,2.282688,,6.07483,0.607483,8e-06,2.801546,10.0,10.0,16.355256,0.0,16.355256,83.644744,62.928756,0.574475,1.160811
2026-08-17 22:57:58,5468.15,222719,1113,510.7492,588.8151,40.7,80.365898,-0.0,160.777573,2.289129,,6.816578,0.681658,7e-06,1.301283,7.0,10.0,1.783108,0.0,1.783108,98.216892,75.172687,0.532043,1.160811
2026-08-17 22:58:11,5480.86,223231,1116,380.5021,583.3258,40.7,50.1828,0.0,100.41143,2.291629,,5.330586,0.533059,4e-06,2.629611,9.0,10.0,5.306823,0.0,5.306823,94.693177,71.506459,0.572728,1.160811
2026-08-17 22:58:24,5493.5,223743,1118,637.2164,579.4395,40.7,157.000977,0.0,314.047852,2.295279,,8.64847,0.864847,6e-06,1.653663,9.0,10.0,3.107892,0.0,3.107892,96.892108,74.077393,0.526028,1.160811
2026-08-17 22:58:36,5506.12,224255,1121,449.5236,576.6081,40.7,85.966354,0.0,171.978668,2.297844,,6.816396,0.68164,7e-06,1.717183,10.0,10.0,12.099656,0.0,12.099656,87.900344,66.244962,0.549307,1.160811
2026-08-17 22:58:49,5518.65,224767,1123,286.9014,574.2557,40.7,28.737307,0.0,57.520611,2.299849,,4.350144,0.435014,6e-06,1.778171,9.0,10.0,8.132196,0.0,8.132196,91.867804,70.143756,0.666811,1.160811
2026-08-17 22:59:01,5531.13,225279,1126,479.5043,575.1956,40.7,71.013718,0.0,142.073441,2.300086,,6.856734,0.685673,5e-06,2.750436,10.0,10.0,8.239284,0.0,8.239284,91.760716,69.155699,0.558827,0.903581
2026-08-17 22:59:14,5543.7,225791,1128,592.8225,578.0326,40.7,120.78846,-0.0,241.622925,2.300432,,8.934382,0.893438,7e-06,4.528022,10.0,10.0,19.798719,0.0,19.798719,80.201281,59.803912,0.555956,0.903581
2026-08-17 22:59:26,5556.28,226303,1131,482.6295,579.576,40.7,105.898399,0.0,211.84285,2.302312,,7.302895,0.73029,7e-06,2.740974,10.0,10.0,16.607131,0.0,16.607131,83.392869,62.294012,0.561612,0.903581
2026-08-17 22:59:39,5568.89,226815,1134,694.3831,579.9046,40.7,178.913025,0.0,357.872131,2.304485,,9.916193,0.991619,6e-06,2.228198,10.0,10.0,11.574678,0.0,11.574678,88.425322,66.893159,0.52209,0.903581
2026-08-17 22:59:52,5581.41,227327,1136,915.508,582.661,40.7,362.892914,0.0,725.83197,2.306903,,12.64464,1.264464,9e-06,1.909912,9.0,10.0,2.687512,0.0,2.687512,97.312488,74.20238,0.558194,0.903581
2026-08-17 23:00:04,5593.94,227839,1139,839.1577,583.8786,40.7,310.507538,0.0,621.061218,2.308186,,11.347847,1.134785,8e-06,2.027065,9.0,10.0,2.650356,0.0,2.650356,97.349644,73.401477,0.591664,0.903581
2026-08-17 23:00:17,5606.6,228351,1141,526.5901,581.6801,40.7,111.460098,0.0,222.966354,2.308061,,7.777533,0.777753,7e-06,2.479974,10.0,10.0,13.3749,0.0,13.3749,86.6251,65.333598,0.582164,0.903581
2026-08-17 23:00:29,5619.22,228863,1144,547.6502,581.5035,40.7,128.926804,0.0,257.899841,2.311158,,7.61922,0.761922,1e-05,1.292712,9.0,10.0,6.652376,0.0,6.652376,93.347624,70.143117,0.579172,0.903581
2026-08-17 23:00:42,5631.73,229375,1146,697.9362,580.711,40.7,189.523438,0.0,379.093109,2.311919,,9.527652,0.952765,7e-06,2.022076,10.0,10.0,3.743239,0.0,3.743239,96.256761,72.986452,0.560971,0.903581
2026-08-17 23:00:55,5644.38,229887,1149,590.8455,581.7809,40.7,163.10318,0.0,326.252594,2.311875,,8.389176,0.838918,8e-06,2.667216,10.0,10.0,9.901467,0.0,9.901467,90.098533,67.457099,0.599454,0.903581
2026-08-17 23:01:07,5656.82,230399,1152,595.8264,581.6275,40.7,134.739639,-0.0,269.525543,2.313569,,8.015614,0.801561,9e-06,1.217902,9.0,10.0,3.616552,0.0,3.616552,96.383448,73.908767,0.524051,0.903581
2026-08-17 23:01:20,5669.36,230911,1154,397.2457,578.0869,40.7,65.770073,-0.0,131.58638,2.311796,,6.579239,0.657924,1e-05,3.078237,10.0,10.0,23.038328,0.0,23.038328,76.961672,57.348205,0.602169,0.903581
2026-08-17 23:01:32,5681.83,231423,1157,726.3765,578.5942,40.7,238.861343,-0.0,477.768951,2.312904,,10.088637,1.008864,1e-05,1.368815,10.0,10.0,5.584161,0.0,5.584161,94.415839,71.166327,0.586523,0.903581
2026-08-17 23:01:45,5694.38,231935,1159,359.8707,575.7037,40.7,48.247215,0.0,96.54068,2.312553,,4.864737,0.486474,1e-05,1.235248,9.0,10.0,3.006403,0.0,3.006403,96.993597,74.163042,0.656354,0.903581
2026-08-17 23:01:57,5707.01,232447,1162,406.1983,573.7284,40.7,57.875469,0.0,115.797173,2.311712,,5.620954,0.562095,6e-06,2.463654,10.0,10.0,5.917638,0.0,5.917638,94.082362,70.058529,0.581141,0.903581
2026-08-17 23:02:10,5719.54,232959,1164,317.2241,571.904,40.7,38.06089,0.0,76.167961,2.309137,,5.114529,0.511453,5e-06,3.733466,10.0,10.0,17.061105,0.0,17.061105,82.938895,62.454089,0.559908,0.903581
2026-08-17 23:02:22,5732.27,233471,1167,285.9357,567.6441,40.7,47.536495,-0.0,95.119209,2.310914,,4.773244,0.477324,4e-06,4.224131,10.0,10.0,18.072164,0.0,18.072164,81.927836,60.429932,0.607111,0.903581
2026-08-17 23:02:35,5744.8,233983,1169,485.2688,567.2272,40.7,90.002541,0.0,180.051407,2.316068,,6.638492,0.663849,1e-05,0.854466,5.0,10.0,5.24952,0.0,5.24952,94.75048,72.6459,0.554005,0.903581
2026-08-17 23:02:48,5757.36,234495,1172,437.9594,569.2218,40.7,78.993423,0.0,158.033203,2.317619,,6.233729,0.623373,8e-06,1.698629,10.0,10.0,7.965561,0.0,7.965561,92.034439,68.937608,0.616062,0.903581
2026-08-17 23:03:00,5770.03,235007,1175,228.5524,565.646,40.7,30.05916,0.0,60.164711,2.319536,,4.736766,0.473677,6e-06,3.683567,10.0,10.0,29.506881,0.0,29.506881,70.493119,51.974354,0.600785,0.903581
2026-08-17 23:03:13,5782.58,235519,1177,412.0127,564.0693,40.7,66.747993,0.0,133.542358,2.31856,,6.03076,0.603076,8e-06,1.61443,9.0,10.0,10.900357,0.0,10.900357,89.099643,68.081202,0.588053,0.903581
2026-08-17 23:03:25,5795.02,236031,1180,599.1405,563.9083,40.7,157.76178,0.0,315.569824,2.312711,,8.127411,0.812741,1e-05,1.032545,8.0,10.0,4.241215,0.0,4.241215,95.758785,72.456703,0.577221,0.903581
2026-08-17 23:03:38,5807.55,236543,1182,402.3906,562.4861,40.7,54.772812,-0.0,109.591652,2.301322,,6.372978,0.637298,9e-06,3.279778,10.0,10.0,19.321665,0.0,19.321665,80.678335,60.528841,0.561457,0.903581
2026-08-17 23:03:50,5820.05,237055,1185,696.2055,565.2953,40.7,207.662003,-0.0,415.369843,2.291525,,9.393363,0.939336,1.1e-05,1.184397,9.0,10.0,3.080311,0.0,3.080311,96.919689,73.366737,0.524791,0.903581
2026-08-17 23:04:03,5832.76,237567,1187,655.9128,567.2253,40.7,166.580109,0.0,333.205811,2.27899,,9.120579,0.912058,9e-06,1.506184,9.0,10.0,8.242892,0.0,8.242892,91.757108,69.355208,0.483031,1.102259
2026-08-17 23:04:16,5845.36,238079,1190,647.0881,566.4267,40.7,188.950623,0.0,377.946594,2.267719,,9.251033,0.925103,1e-05,0.915783,6.0,10.0,7.843214,0.0,7.843214,92.156786,70.171865,0.494277,1.102259
2026-08-17 23:04:28,5857.89,238591,1192,707.8099,566.7289,40.7,234.001251,-0.0,468.047577,2.253627,,10.403687,1.040369,8e-06,3.451263,10.0,10.0,11.411597,0.0,11.411597,88.588403,66.559918,0.621061,1.102259
2026-08-17 23:04:41,5870.43,239103,1195,858.3623,574.1983,40.7,293.368225,0.0,586.781372,2.244904,,12.265083,1.226508,1.1e-05,2.581652,10.0,10.0,8.180396,0.0,8.180396,91.819604,69.023994,0.538356,1.102259
2026-08-17 23:04:53,5883.11,239615,1198,782.2244,577.7303,40.7,285.944763,0.0,571.934265,2.236983,,11.582792,1.158279,0.204146,1.711412,10.0,10.0,14.11108,0.0,14.11108,85.88892,64.688831,0.518182,1.102259
2026-08-17 23:05:06,5895.82,240127,1200,313.1204,574.6003,40.7,53.963787,0.0,107.972145,2.22848,,5.982031,0.598203,1.1e-05,3.769137,10.0,10.0,26.451709,0.0,26.451709,73.548291,55.057758,0.578365,1.102259
2026-08-17 23:05:19,5908.47,240639,1203,670.5312,574.9127,40.7,165.454285,0.0,330.953033,2.223105,,8.951462,0.895146,0.294513,1.299043,9.0,10.0,2.608775,0.0,2.608775,97.391225,74.09824,0.461287,1.102259
2026-08-17 23:05:31,5921.11,241151,1205,874.0326,577.4767,40.7,312.804199,-0.0,625.652588,2.210876,,12.663759,1.266376,1.5e-05,1.548422,10.0,10.0,12.270493,0.0,12.270493,87.729507,66.812185,0.489212,1.102259
2026-08-17 23:05:44,5933.65,241663,1208,639.6318,573.4992,40.7,204.97345,0.0,409.991028,2.205791,,9.122513,0.912251,1e-05,1.534015,9.0,10.0,8.251806,0.0,8.251806,91.748194,69.006712,0.614229,1.102259
2026-08-17 23:05:56,5946.13,242175,1210,871.7714,573.1914,40.7,358.620636,-0.0,717.285278,2.19975,,12.133949,1.213395,1.570867,1.096904,9.0,10.0,1.609816,0.0,1.609816,98.390184,75.024507,0.586901,1.102259
2026-08-17 23:06:09,5958.77,242687,1213,522.4736,573.0249,40.7,96.038307,0.0,192.120468,2.192501,,8.439128,0.843913,0.186547,3.242502,10.0,10.0,21.249918,0.0,21.249918,78.750082,58.492345,0.542297,1.102259
2026-08-17 23:06:21,5971.08,243199,1216,709.7911,573.7631,40.7,172.462891,-0.0,344.969574,2.189178,,9.991693,0.999169,1.1e-05,0.932777,5.0,10.0,8.784674,0.0,8.784674,91.215326,69.302952,0.461726,1.102259
2026-08-17 23:06:33,5982.91,243711,1218,407.096,572.8525,40.7,47.785248,0.0,95.614151,2.1828,,6.457465,0.645746,7e-06,2.528018,10.0,10.0,15.862015,0.0,15.862015,84.137985,63.064455,0.574049,1.102259
2026-08-17 23:06:45,5995.01,244223,1221,482.4022,570.6746,40.7,64.467827,-0.0,128.979309,2.183046,,6.656124,0.665612,0.659533,1.024723,7.0,10.0,4.510319,0.0,4.510319,95.489681,72.623533,0.567467,1.102259
2026-08-17 23:06:57,6007.19,244735,1223,825.3361,573.7357,40.7,235.515472,0.0,471.074524,2.178789,,11.400711,1.140071,0.957262,2.782533,10.0,10.0,6.47349,0.0,6.47349,93.52651,70.57624,0.485943,1.102259
2026-08-17 23:07:10,6019.42,245247,1226,720.9661,575.6052,40.7,211.226196,-0.0,422.495941,2.177092,,10.627274,1.062727,0.195341,1.190385,9.0,10.0,12.358097,0.0,12.358097,87.641903,67.084905,0.504132,1.102259
2026-08-17 23:07:22,6031.67,245759,1228,686.865,578.0198,40.7,244.267578,0.0,488.578705,2.177856,,10.131581,1.013158,0.047613,0.985086,9.0,10.0,11.810543,0.0,11.810543,88.189457,66.869518,0.555776,1.102259
2026-08-17 23:07:34,6043.86,246271,1231,555.1299,579.821,40.7,87.828239,-0.0,175.699951,2.173583,,7.693897,0.76939,1.3e-05,2.419725,10.0,10.0,6.648877,0.0,6.648877,93.351123,70.463058,0.495421,1.102259
2026-08-17 23:07:46,6056.04,246783,1233,488.2811,580.6815,40.7,87.54599,0.0,175.13533,2.167708,,7.80603,0.780603,0.44155,3.983079,10.0,10.0,19.80087,0.0,19.80087,80.19913,59.697563,0.542845,1.102259
2026-08-17 23:07:58,6068.28,247295,1236,358.6773,580.2137,40.8,57.055115,0.0,114.153519,2.164338,,6.847205,0.684721,0.328195,4.53482,10.0,10.0,29.506003,0.0,29.506003,70.493997,51.297737,0.588385,1.102259
2026-08-17 23:08:10,6080.31,247807,1239,591.656,580.4616,40.8,182.687271,0.0,365.417877,2.166899,,9.520333,0.952033,0.283661,1.364727,10.0,10.0,22.19136,0.0,22.19136,77.80864,58.498123,0.526992,1.102259
2026-08-17 23:08:23,6092.37,248319,1241,598.9127,581.0112,40.8,152.518005,0.0,305.079407,2.169794,,8.29235,0.829235,0.51171,1.181733,9.0,10.0,5.554175,0.0,5.554175,94.445825,71.704925,0.579583,1.102259
2026-08-17 23:08:35,6104.54,248831,1244,350.8009,579.928,40.8,72.951744,0.0,145.94696,2.173441,,5.946736,0.594674,0.605178,2.532666,10.0,10.0,18.63382,0.0,18.63382,81.36618,60.398162,0.636095,1.102259
2026-08-17 23:08:47,6116.58,249343,1246,804.0814,584.9213,40.8,232.302307,0.0,464.648193,2.179016,,10.860216,1.086022,1.380358,1.779686,10.0,10.0,3.791751,0.0,3.791751,96.208249,73.341387,0.481966,1.102259
2026-08-17 23:08:59,6128.6,249855,1249,418.2794,585.4976,40.8,53.167973,-0.0,106.37957,2.181221,,6.907246,0.690725,0.025166,3.11093,10.0,10.0,19.52994,0.0,19.52994,80.47006,59.849487,0.538459,1.102259
2026-08-17 23:09:11,6140.77,250367,1251,379.6565,584.5928,40.8,83.873474,0.0,167.790558,2.180694,,6.551277,0.655128,0.014351,2.307149,10.0,10.0,16.056247,0.0,16.056247,83.943753,63.692064,0.569983,1.633778
2026-08-17 23:09:23,6152.96,250879,1254,390.5015,581.4465,40.8,115.960556,0.0,231.964706,2.179912,,7.98239,0.798239,0.207935,2.218671,10.0,10.0,25.316718,0.0,25.316718,74.683282,55.652391,0.58963,1.633778
2026-08-17 23:09:35,6165.09,251391,1256,607.1256,580.0264,40.8,182.891815,0.0,365.827301,2.183711,,9.260699,0.92607,0.389693,1.371174,10.0,10.0,11.260383,0.0,11.260383,88.739617,68.272075,0.525175,1.633778
2026-08-17 23:09:47,6177.24,251903,1259,660.6277,578.7159,40.8,193.114685,0.0,386.273041,2.183568,,9.68166,0.968166,0.618554,2.026567,10.0,10.0,8.669611,0.0,8.669611,91.330389,69.186934,0.512705,1.633778
2026-08-17 23:09:59,6189.31,252415,1262,759.8713,577.313,40.8,278.327362,-0.0,556.698425,2.184638,,10.821929,1.082193,0.408042,1.000702,9.0,10.0,6.067395,0.0,6.067395,93.932605,71.973664,0.515567,1.633778
2026-08-17 23:10:12,6201.46,252927,1264,911.6296,577.6415,40.8,322.669373,0.0,645.382446,2.183634,,12.851086,1.285109,1.3e-05,1.701692,10.0,10.0,4.973907,0.0,4.973907,95.026093,72.560788,0.511115,1.633778
2026-08-17 23:10:24,6213.62,253439,1267,578.9713,577.7658,40.8,123.727692,0.0,247.499023,2.181744,,9.29038,0.929038,0.174803,2.734149,10.0,10.0,15.650539,0.0,15.650539,84.349461,62.590811,0.49913,1.633778
2026-08-17 23:10:36,6225.66,253951,1269,651.3749,579.2172,40.8,127.127449,0.0,254.298584,2.184351,,8.690648,0.869065,1.824919,0.980127,8.0,10.0,1.491412,0.0,1.491412,98.508588,75.552611,0.466887,1.633778
2026-08-17 23:10:48,6237.91,254463,1272,536.4684,578.8299,40.8,80.916145,-0.0,161.875931,2.181779,,7.685834,0.768583,0.917631,2.588931,10.0,10.0,6.577363,0.0,6.577363,93.422637,69.412091,0.51092,1.633778
2026-08-17 23:11:00,6250.26,254975,1274,430.183,577.4179,40.8,64.740143,0.0,129.523849,2.178036,,7.408187,0.740819,0.8076,4.285026,10.0,10.0,17.17057,0.0,17.17057,82.82943,62.417298,0.51025,1.633778
2026-08-17 23:11:13,6262.47,255487,1277,429.0847,573.999,40.8,160.418091,-0.0,320.8797,2.176488,,8.120799,0.81208,0.241876,2.374523,10.0,10.0,22.71662,0.0,22.71662,77.28338,57.980747,0.511767,1.633778
2026-08-17 23:11:25,6274.66,255999,1280,820.5233,573.7771,40.8,281.895386,-0.0,563.834351,2.178381,,11.943232,1.194323,0.760127,0.615258,3.0,10.0,5.163764,0.0,5.163764,94.836236,72.298447,0.546336,1.633778
2026-08-17 23:11:37,6286.82,256511,1282,471.4556,569.2819,40.8,119.420082,-0.0,238.883713,2.177611,,6.985463,0.698546,0.032227,1.35704,10.0,10.0,7.0101,0.0,7.0101,92.9899,70.213008,0.614974,1.633778
2026-08-17 23:11:49,6299.23,257023,1285,364.8062,566.1633,40.8,47.84269,-0.0,95.728874,2.174757,,5.7923,0.57923,0.064029,2.331011,10.0,10.0,9.981457,0.0,9.981457,90.018543,67.913274,0.57669,1.633778
2026-08-17 23:12:02,6311.33,257535,1287,537.981,566.2922,40.8,114.371956,-0.0,228.78746,2.177655,,7.497216,0.749722,0.590983,0.857891,6.0,10.0,4.250913,0.0,4.250913,95.749087,72.823267,0.565384,1.633778
2026-08-17 23:12:14,6323.45,258047,1290,332.1103,562.4897,40.8,47.628597,0.0,95.300751,2.177739,,5.085778,0.508578,0.189776,1.057991,6.0,10.0,6.868408,0.0,6.868408,93.131592,70.151041,0.643926,1.633778
2026-08-17 23:12:26,6335.68,258559,1292,367.5577,559.2775,40.8,47.672245,0.0,95.388077,2.17915,,5.660888,0.566089,0.585413,2.086606,10.0,10.0,8.163545,0.0,8.163545,91.836455,69.563791,0.602783,1.633778
2026-08-17 23:12:38,6348.06,259071,1295,333.5868,555.942,40.8,43.58213,0.0,87.207848,2.179485,,5.676997,0.5677,0.531715,3.04829,10.0,10.0,12.612542,0.0,12.612542,87.387458,65.164964,0.580833,1.633778
2026-08-17 23:12:50,6360.27,259583,1297,592.1319,555.7298,40.8,132.87027,0.0,265.784241,2.184408,,8.379902,0.83799,1.024414,3.126156,10.0,10.0,6.171608,0.0,6.171608,93.828392,70.098122,0.543445,1.633778
2026-08-17 23:13:03,6372.36,260095,1300,357.4897,552.7391,40.8,81.440254,0.0,162.924316,2.190532,,7.66947,0.766947,0.244373,3.222624,10.0,10.0,27.96207,0.0,27.96207,72.03793,52.130051,0.512147,1.633778
2026-08-17 23:13:15,6384.43,260607,1303,480.2964,551.6995,40.8,101.85865,-0.0,203.761215,2.195955,,7.500722,0.750072,0.510112,2.480043,10.0,10.0,11.538537,0.0,11.538537,88.461463,66.333243,0.52294,1.633778
2026-08-17 23:13:27,6396.64,261119,1305,685.2191,555.6991,40.8,166.521957,0.0,333.08786,2.197781,,9.754282,0.975428,0.469106,1.82009,10.0,10.0,6.74477,0.0,6.74477,93.25523,70.526203,0.490939,1.633778
2026-08-17 23:13:39,6408.92,261631,1308,492.0795,557.4165,40.8,90.876328,0.0,181.796616,2.198287,,7.290972,0.729097,8e-06,2.91393,10.0,10.0,8.089422,0.0,8.089422,91.910578,68.869988,0.576973,1.633778
2026-08-17 23:13:51,6421.23,262143,1310,418.6479,557.1206,40.8,76.295448,0.0,152.634872,2.19873,,6.673219,0.667322,0.202637,1.562034,9.0,10.0,10.778338,0.0,10.778338,89.221662,67.409381,0.558587,1.633778
2026-08-17 23:14:04,6433.47,262655,1313,386.4797,553.1131,40.8,73.724342,0.0,147.492676,2.199528,,5.99676,0.599676,9e-06,2.137466,10.0,10.0,8.658229,0.0,8.658229,91.341771,68.402901,0.595257,1.905795
2026-08-17 23:14:16,6445.8,263167,1315,336.0057,549.9984,40.8,60.629002,0.0,121.302002,2.199963,,5.576591,0.557659,8e-06,3.87517,10.0,10.0,10.077787,0.0,10.077787,89.922213,67.709463,0.690341,1.905795
2026-08-17 23:14:28,6458.01,263679,1318,355.359,547.9964,40.8,57.952518,0.0,115.949074,2.201722,,5.724596,0.57246,0.710084,2.85428,10.0,10.0,9.348102,0.0,9.348102,90.651898,67.801342,0.646656,1.905795
2026-08-17 23:14:40,6470.23,264191,1320,1042.2715,552.004,40.8,423.10907,0.0,846.262207,2.202445,,14.527765,1.452776,8e-06,1.121142,9.0,10.0,2.510346,0.0,2.510346,97.489654,74.38205,0.510085,1.905795
2026-08-17 23:14:53,6482.5,264703,1323,1190.8899,558.9234,40.8,594.150269,0.0,1188.344604,2.203828,,17.157647,1.715765,1.2e-05,0.873696,6.0,10.0,2.058215,0.0,2.058215,97.941785,74.710208,0.566389,1.905795
2026-08-17 23:15:05,6494.56,265215,1326,954.6572,563.6248,40.8,413.073242,0.0,826.190552,2.204297,,14.725208,1.472521,1.3e-05,1.429991,10.0,10.0,9.61132,0.0,9.61132,90.38868,68.243587,0.588229,1.905795
2026-08-17 23:15:17,6506.84,265727,1328,684.2491,567.2407,40.8,191.084793,0.0,382.213654,2.203107,,11.457645,1.145764,9e-06,3.029115,10.0,10.0,18.206481,0.0,18.206481,81.793519,61.580244,0.526659,1.905795
2026-08-17 23:15:29,6518.95,266239,1331,652.7572,570.1201,40.8,161.035828,0.0,322.115723,2.204122,,10.731394,1.073139,8e-06,2.064858,10.0,10.0,15.95141,0.0,15.95141,84.04859,62.544517,0.498009,1.905795
2026-08-17 23:15:41,6531.09,266751,1333,554.2634,569.8326,40.8,120.209511,0.0,240.463135,2.205564,,9.298169,0.929817,9e-06,1.873807,10.0,10.0,15.444697,0.0,15.444697,84.555303,63.813733,0.525511,1.905795
2026-08-17 23:15:53,6543.23,267263,1336,659.9577,567.8212,40.8,161.399567,-0.0,322.843262,2.206657,,10.661082,1.066108,1.3e-05,2.435703,10.0,10.0,14.446825,0.0,14.446825,85.553175,64.292298,0.514953,1.905795
2026-08-17 23:16:05,6555.27,267775,1338,665.2126,567.6327,40.8,157.512634,0.0,315.069458,2.210201,,9.090833,0.909083,1e-05,0.944033,6.0,10.0,2.716622,0.0,2.716622,97.283378,74.273394,0.496482,1.905795
2026-08-17 23:16:18,6567.39,268287,1341,397.134,565.7368,40.9,48.582359,-0.0,97.208916,2.210036,,6.049667,0.604967,0.147578,1.696584,10.0,10.0,7.25086,0.0,7.25086,92.74914,69.26786,0.526107,1.905795
2026-08-17 23:16:30,6579.52,268799,1344,396.9519,560.8862,40.9,72.236214,0.0,144.516617,2.209843,,7.464559,0.746456,1e-05,2.891894,10.0,10.0,17.984818,0.0,17.984818,82.015182,61.379466,0.534262,1.905795
2026-08-17 23:16:42,6591.51,269311,1346,561.5141,559.5383,40.9,140.85585,0.0,281.755981,2.213645,,8.076801,0.80768,1e-05,1.157483,9.0,10.0,4.678294,0.0,4.678294,95.321706,72.24954,0.679647,1.905795
2026-08-17 23:16:54,6603.79,269823,1349,673.2349,562.0723,40.9,139.958206,-0.0,279.960663,2.212816,,9.677443,0.967744,9e-06,2.20402,10.0,10.0,6.528646,0.0,6.528646,93.471354,70.362716,0.486894,1.905795
2026-08-17 23:17:06,6615.89,270335,1351,659.4194,563.5814,40.9,134.408875,-0.0,268.86203,2.213868,,9.392213,0.939221,9e-06,1.702303,10.0,10.0,6.082478,0.0,6.082478,93.917522,71.706334,0.460395,1.905795
2026-08-17 23:17:18,6628.03,270847,1354,679.3827,566.3962,40.9,213.380096,0.0,426.804504,2.214906,,9.43578,0.943578,1.1e-05,1.421338,9.0,10.0,2.33996,0.0,2.33996,97.66004,74.38864,0.523422,1.905795
2026-08-17 23:17:30,6640.17,271359,1356,425.3955,567.8912,40.9,93.950394,0.0,187.945007,2.210906,,9.019204,0.90192,9e-06,3.79161,10.0,10.0,27.239762,0.0,27.239762,72.760238,53.9044,0.511366,1.905795
2026-08-17 23:17:42,6652.08,271871,1359,651.1393,565.7661,40.9,181.511063,0.0,363.066498,2.218748,,8.93829,0.893829,8e-06,1.650836,9.0,10.0,3.250484,0.0,3.250484,96.749516,73.580661,0.530281,1.905795
2026-08-17 23:17:55,6664.39,272383,1361,462.6567,563.7938,40.9,83.671051,-0.0,167.386475,2.218645,,7.378952,0.737895,7e-06,3.365226,10.0,10.0,11.230393,0.0,11.230393,88.769607,67.575173,0.533829,1.905795
2026-08-17 23:18:07,6676.85,272895,1364,346.9155,562.1691,40.9,44.834911,-0.0,89.714203,2.218967,,7.012928,0.701293,6e-06,3.691955,10.0,10.0,19.990685,0.0,19.990685,80.009315,59.705304,0.580205,1.905795
2026-08-17 23:18:19,6689.11,273407,1367,352.0511,562.0064,40.9,68.118469,0.0,136.281403,2.222992,,5.917608,0.591761,8e-06,1.095297,7.0,10.0,10.315866,0.0,10.315866,89.684134,67.762822,0.596821,1.905795
2026-08-17 23:18:32,6701.43,273919,1369,307.5097,559.974,40.9,39.229408,0.0,78.503372,2.227765,,5.413579,0.541358,9e-06,1.988705,10.0,10.0,10.907661,0.0,10.907661,89.092339,67.249119,0.65882,1.905795
2026-08-17 23:18:44,6713.63,274431,1372,649.4572,562.6635,40.9,158.139832,-0.0,316.324188,2.226021,,9.129953,0.912995,1e-05,1.345948,9.0,10.0,4.872245,0.0,4.872245,95.127755,72.391028,0.538088,1.905795
2026-08-17 23:18:56,6725.83,274943,1374,486.9251,561.1606,40.9,92.235809,0.0,184.516113,2.224435,,6.785358,0.678536,9e-06,1.248537,9.0,10.0,3.212491,0.0,3.212491,96.787509,73.581955,0.540689,1.905795
2026-08-17 23:19:08,6738.14,275455,1377,267.6643,559.342,40.9,46.156643,0.0,92.357719,2.22162,,4.626866,0.462687,1e-05,1.80804,9.0,10.0,8.628484,0.0,8.628484,91.371516,68.910501,0.652232,2.037383
2026-08-17 23:19:20,6750.28,275967,1379,236.8099,558.8411,40.9,42.276863,-0.0,84.598701,2.248697,,4.497188,0.449719,7e-06,1.405205,9.0,10.0,10.613854,0.0,10.613854,89.386146,67.871469,0.641007,2.037383
2026-08-17 23:19:33,6762.49,276479,1382,261.0236,556.6563,40.9,52.002895,0.0,104.051331,2.277101,,5.013915,0.501391,7e-06,2.48594,10.0,10.0,12.378144,0.0,12.378144,87.621856,64.961414,0.645805,2.037383
2026-08-17 23:19:45,6774.67,276991,1384,347.0566,554.1987,40.9,66.481277,0.0,133.008331,2.288841,,6.897549,0.689755,4e-06,2.90429,10.0,10.0,17.558155,0.0,17.558155,82.441845,61.860965,0.571464,2.037383
2026-08-17 23:19:57,6786.77,277503,1387,522.742,554.5998,40.9,85.135941,-0.0,170.31778,2.294632,,7.394358,0.739436,6e-06,0.993903,5.0,10.0,3.933541,0.0,3.933541,96.066459,73.189638,0.568061,2.037383
2026-08-17 23:20:09,6798.94,278015,1390,451.6781,552.1727,40.9,67.390541,0.0,134.82695,2.293481,,7.124924,0.712492,5e-06,1.968935,10.0,10.0,9.403084,0.0,9.403084,90.596916,68.940095,0.53585,2.037383
2026-08-17 23:20:21,6811.03,278527,1392,362.49,546.6426,40.9,46.326466,0.0,92.69873,2.289923,,5.801682,0.580168,5e-06,1.621856,10.0,10.0,7.924228,0.0,7.924228,92.075772,70.224845,0.586423,2.037383
2026-08-17 23:20:33,6823.17,279039,1395,502.7359,543.2783,40.9,105.439255,-0.0,210.924194,2.284123,,7.431372,0.743137,5e-06,2.236448,10.0,10.0,6.163939,0.0,6.163939,93.836061,70.994293,0.537378,2.037383
2026-08-17 23:20:45,6835.31,279551,1397,510.511,543.1175,40.9,97.047676,-0.0,194.140854,2.275437,,8.81144,0.881144,3e-06,2.937224,10.0,10.0,15.863424,0.0,15.863424,84.136576,62.725915,0.482922,2.037383
2026-08-17 23:20:58,6847.51,280063,1400,485.0453,542.4915,40.9,124.14785,-0.0,248.341064,2.26803,,9.253316,0.925332,2e-06,3.070562,10.0,10.0,20.948394,0.0,20.948394,79.051606,57.756552,0.477604,2.037383
2026-08-17 23:21:10,6859.98,280575,1402,415.7981,539.6701,40.9,66.888206,0.0,133.821594,2.258788,,8.756958,0.875696,1e-06,3.508494,10.0,10.0,24.522673,0.0,24.522673,75.477327,56.479684,0.459018,2.037383
2026-08-17 23:21:22,6872.15,281087,1405,706.4152,540.8258,40.9,173.982498,-0.0,348.010101,2.25454,,10.679691,1.067969,4e-06,1.674152,10.0,10.0,9.998492,0.0,9.998492,90.001508,67.150503,0.456976,2.037383
2026-08-17 23:21:35,6884.42,281599,1408,640.7334,541.2749,40.9,123.859528,-0.0,247.764038,2.249035,,8.769266,0.876927,3e-06,2.169845,9.0,10.0,3.109371,0.0,3.109371,96.890629,73.233874,0.476125,2.037383
2026-08-17 23:21:47,6896.46,282111,1410,427.6877,541.5793,40.9,78.057838,-0.0,156.160583,2.245272,,6.674041,0.667404,5e-06,1.072148,9.0,10.0,7.322956,0.0,7.322956,92.677044,70.214957,0.5787,2.037383
2026-08-17 23:21:59,6908.75,282623,1413,805.746,542.373,40.9,225.413177,0.0,450.871155,2.239841,,11.447878,1.144788,5e-06,2.009776,10.0,10.0,5.173289,0.0,5.173289,94.826711,71.557678,0.473624,2.037383
2026-08-17 23:22:11,6920.85,283135,1415,624.9588,545.0239,40.9,132.564713,0.0,265.174103,2.233705,,10.648402,1.06484,2e-06,2.649585,10.0,10.0,16.764505,0.0,16.764505,83.235495,62.856579,0.476127,2.037383
2026-08-17 23:22:22,6932.28,283647,1418,672.498,547.6869,40.9,171.162552,-0.0,342.36969,2.22994,,11.331719,1.133172,2e-06,2.449724,10.0,10.0,15.733995,0.0,15.733995,84.266005,63.021223,0.458937,2.037383
2026-08-17 23:22:35,6944.36,284159,1420,578.3682,550.2983,40.9,117.705307,0.0,235.455185,2.22819,,8.657948,0.865795,3e-06,2.221506,10.0,10.0,8.203003,0.0,8.203003,91.796997,69.38393,0.480096,2.037383
2026-08-17 23:22:47,6956.52,284671,1423,294.1778,550.3807,40.9,59.828869,0.0,119.702232,2.224548,,5.669146,0.566915,3e-06,1.876153,10.0,10.0,13.22732,0.0,13.22732,86.77268,65.367977,0.595962,2.037383
2026-08-17 23:22:59,6968.58,285183,1425,651.8868,552.0469,40.9,174.367844,-0.0,348.780273,2.229611,,9.648609,0.964861,4e-06,0.956803,5.0,10.0,6.520669,0.0,6.520669,93.479331,71.563937,0.485377,2.037383
2026-08-17 23:23:11,6980.68,285695,1428,565.6041,553.3234,40.9,145.762619,-0.0,291.569916,2.234297,,7.645107,0.764511,6e-06,1.21294,7.0,10.0,1.232362,0.0,1.232362,98.767638,75.640943,0.577827,2.037383
2026-08-17 23:23:23,6992.93,286207,1431,444.2451,555.4803,40.9,87.231583,-0.0,174.507874,2.235467,,7.299094,0.729909,3e-06,2.539241,10.0,10.0,10.564531,0.0,10.564531,89.435469,67.679471,0.565415,2.037383
2026-08-17 23:23:35,7005.23,286719,1433,524.0246,556.6004,40.9,76.660072,0.0,153.364899,2.237806,,8.481908,0.848191,3e-06,2.24364,10.0,10.0,11.993249,0.0,11.993249,88.006751,66.152399,0.460886,2.037383
2026-08-17 23:23:48,7017.4,287231,1436,429.8248,554.9073,40.9,60.327251,0.0,120.69928,2.238868,,8.159242,0.815924,3e-06,2.044501,10.0,10.0,18.458295,0.0,18.458295,81.541705,61.246267,0.46199,2.037383
2026-08-17 23:24:00,7029.49,287743,1438,589.6381,556.7797,40.9,110.130402,0.0,220.305618,2.241049,,8.138532,0.813853,4e-06,1.449857,10.0,10.0,2.917001,0.0,2.917001,97.082999,73.63422,0.461749,2.32936
2026-08-17 23:24:12,7041.71,288255,1441,435.3172,554.1708,40.9,66.574097,0.0,133.192993,2.24023,,7.673563,0.767356,3e-06,1.829973,10.0,10.0,12.80867,0.0,12.80867,87.19133,66.18711,0.491621,2.32936
2026-08-17 23:24:24,7053.73,288767,1443,603.5864,553.6476,40.9,131.156937,-0.0,262.358704,2.241385,,8.30964,0.830964,7e-06,0.592569,2.0,10.0,2.529275,0.0,2.529275,97.470725,74.960174,0.500026,2.32936
2026-08-17 23:24:36,7065.9,289279,1446,474.8869,551.9256,40.9,58.462738,0.0,116.970291,2.240924,,6.664598,0.66646,6e-06,0.993024,8.0,10.0,2.966537,0.0,2.966537,97.033463,73.350638,0.504229,2.32936
2026-08-17 23:24:48,7077.97,289791,1448,451.5198,549.3627,40.9,49.301842,0.0,98.648491,2.240475,,6.295529,0.629553,4e-06,1.460505,9.0,10.0,2.582786,0.0,2.582786,97.417214,74.402395,0.502387,2.32936
2026-08-17 23:25:00,7090.15,290303,1451,226.8323,543.0474,40.9,43.525887,0.0,87.096596,2.241174,,4.471821,0.447182,5e-06,1.64543,10.0,10.0,9.958547,0.0,9.958547,90.041453,68.518628,0.612242,2.32936
2026-08-17 23:25:13,7102.31,290815,1454,478.1647,540.0068,40.9,103.473396,0.0,206.991562,2.238652,,7.686521,0.768652,4e-06,1.980165,10.0,10.0,8.891773,0.0,8.891773,91.108227,68.815862,0.536181,2.32936
2026-08-17 23:25:25,7114.44,291327,1456,552.3172,542.3987,40.9,97.24279,-0.0,194.530273,2.234961,,9.909446,0.990945,4e-06,2.037595,10.0,10.0,16.974845,0.0,16.974845,83.025155,63.201483,0.45555,2.32936
2026-08-17 23:25:37,7126.73,291839,1459,626.9694,541.9631,40.9,102.241608,-0.0,204.527832,2.230999,,10.739473,1.073947,2e-06,3.498503,10.0,10.0,15.145193,0.0,15.145193,84.854807,64.252269,0.475477,2.32936
2026-08-17 23:25:49,7138.87,292351,1461,1048.8499,543.7113,41.0,402.088257,0.0,804.22113,2.230032,,14.908781,1.490878,6e-06,0.490453,2.0,10.0,3.772322,0.0,3.772322,96.227678,73.682875,0.456759,2.32936
2026-08-17 23:26:01,7151.03,292863,1464,804.7692,545.3627,41.0,222.523376,0.0,445.091309,2.227757,,11.04396,1.104396,5e-06,0.958662,6.0,10.0,2.729121,0.0,2.729121,97.270879,73.998068,0.434311,2.32936
2026-08-17 23:26:14,7163.35,293375,1466,693.7251,543.5822,41.0,220.414124,0.0,440.872711,2.22308,,10.995807,1.099581,3e-06,1.543136,10.0,10.0,10.970445,0.0,10.970445,89.029555,66.980854,0.442225,2.32936
2026-08-17 23:26:26,7175.72,293887,1469,786.3852,546.2213,41.0,216.179443,0.0,432.40332,2.221956,,10.777905,1.077791,4e-06,1.444935,9.0,10.0,2.076075,0.0,2.076075,97.923925,74.817466,0.495377,2.32936
2026-08-17 23:26:38,7187.95,294399,1472,604.0808,545.1642,41.0,156.691284,0.0,313.426971,2.219511,,9.716059,0.971606,3e-06,1.728164,10.0,10.0,10.402167,0.0,10.402167,89.597833,67.939378,0.479029,2.32936
2026-08-17 23:26:50,7200.21,294911,1474,662.9043,547.7223,41.0,160.684464,-0.0,321.413269,2.217011,,10.073522,1.007352,5e-06,1.761509,10.0,10.0,7.272467,0.0,7.272467,92.727533,70.141377,0.445659,2.32936
2026-08-17 23:27:03,7212.36,295423,1477,773.9552,550.6378,41.0,189.767532,-0.0,379.579315,2.212789,,10.981756,1.098176,3e-06,2.204489,10.0,10.0,4.979764,0.0,4.979764,95.020236,72.244238,0.470125,2.32936
2026-08-17 23:27:15,7224.65,295935,1479,340.1865,545.7863,41.0,128.117111,0.0,256.278412,2.209908,,7.780048,0.778005,3e-06,2.128088,10.0,10.0,20.610652,0.0,20.610652,79.389348,59.126711,0.513193,2.32936
2026-08-17 23:27:27,7236.96,296447,1482,406.8909,542.6456,41.0,105.213669,-0.0,210.471512,2.208357,,6.902511,0.690251,4e-06,1.586486,9.0,10.0,9.723582,0.0,9.723582,90.276418,68.728157,0.527154,2.32936
2026-08-17 23:27:39,7249.11,296959,1484,493.0923,540.7079,41.0,82.75351,0.0,165.551071,2.202941,,7.140889,0.714089,4e-06,1.955097,9.0,10.0,4.145233,0.0,4.145233,95.854767,72.434578,0.529877,2.32936
2026-08-17 23:27:51,7261.17,297471,1487,552.0643,540.6772,41.0,100.264076,0.0,200.572128,2.198658,,7.941494,0.794149,4e-06,1.208302,6.0,10.0,4.709421,0.0,4.709421,95.290579,71.623284,0.428668,2.32936
2026-08-17 23:28:04,7273.43,297983,1489,608.1013,541.8754,41.0,117.160919,-0.0,234.365677,2.192269,,8.972311,0.897231,3e-06,2.637501,10.0,10.0,6.760816,0.0,6.760816,93.239184,70.427643,0.450884,2.32936
2026-08-17 23:28:16,7285.6,298495,1492,516.6608,543.4552,41.0,102.069633,0.0,204.18306,2.189423,,7.310561,0.731056,7e-06,1.558064,9.0,10.0,3.533921,0.0,3.533921,96.466079,73.618183,0.522918,2.32936
2026-08-17 23:28:28,7297.8,299007,1495,576.1687,543.3004,41.0,115.265442,0.0,230.574615,2.186835,,7.780586,0.778059,4e-06,1.257823,8.0,10.0,1.586087,0.0,1.586087,98.413913,75.128972,0.468159,2.32936
2026-08-17 23:28:40,7309.97,299519,1497,461.1706,541.9229,41.0,85.82811,0.0,171.699875,2.182435,,7.404621,0.740462,4e-06,1.505099,9.0,10.0,9.112366,0.0,9.112366,90.887634,68.501723,0.493578,2.32936
2026-08-17 23:28:52,7322.3,300031,1500,420.7556,542.6225,41.0,95.586426,-0.0,191.216415,2.178234,,7.04472,0.704472,3e-06,1.951017,10.0,10.0,9.848346,0.0,9.848346,90.151654,67.096833,0.517788,2.166403
2026-08-17 23:29:05,7334.45,300543,1502,660.3334,541.185,41.0,186.506104,-0.0,373.055634,2.17113,,10.587034,1.058703,4e-06,1.56231,10.0,10.0,10.699634,0.0,10.699634,89.300366,68.11575,0.493415,2.166403
2026-08-17 23:29:17,7346.47,301055,1505,772.7215,544.7294,41.0,227.729828,0.0,455.502991,2.166417,,10.801475,1.080148,3e-06,1.938363,8.0,10.0,2.823725,0.0,2.823725,97.176275,73.825447,0.518715,2.166403
2026-08-17 23:29:29,7358.5,301567,1507,453.6373,545.4692,41.0,71.332809,0.0,142.708908,2.164369,,6.420958,0.642096,4e-06,1.462329,8.0,10.0,3.526751,0.0,3.526751,96.473249,73.29046,0.514768,2.166403
2026-08-17 23:29:41,7370.74,302079,1510,330.0917,544.8651,41.0,31.339626,0.0,62.722481,2.161425,,5.477355,0.547735,2e-06,2.358237,10.0,10.0,8.307738,0.0,8.307738,91.692262,68.868499,0.559996,2.166403
2026-08-17 23:29:53,7382.99,302591,1512,571.8151,544.512,41.0,105.385475,-0.0,210.814041,2.154353,,8.136968,0.813697,3e-06,1.734476,9.0,10.0,4.605819,0.0,4.605819,95.394181,73.351207,0.475724,2.166403
2026-08-17 23:30:06,7395.32,303103,1515,770.6691,545.6125,41.0,185.440979,-0.0,370.924957,2.149244,,11.006812,1.100681,4e-06,1.503401,9.0,10.0,4.505859,0.0,4.505859,95.494141,72.593335,0.432031,2.166403
2026-08-17 23:30:18,7407.51,303615,1518,584.2383,543.8561,41.0,120.125992,0.0,240.29483,2.142591,,8.928265,0.892827,2e-06,3.198225,10.0,10.0,8.915245,0.0,8.915245,91.084755,68.082533,0.475478,2.166403
2026-08-17 23:30:30,7419.81,304127,1520,486.545,539.6053,41.0,104.006317,0.0,208.05542,2.139269,,8.079887,0.807989,3e-06,2.099036,10.0,10.0,11.574056,0.0,11.574056,88.425944,66.922198,0.490933,2.166403
2026-08-17 23:30:42,7431.94,304639,1523,382.4539,537.6401,41.0,60.357979,-0.0,120.758728,2.138453,,6.216422,0.621642,3e-06,1.689002,9.0,10.0,8.443062,0.0,8.443062,91.556938,69.750852,0.494709,2.166403
2026-08-17 23:30:54,7444.17,305151,1525,505.697,536.1833,41.0,97.776733,-0.0,195.596176,2.135277,,8.016386,0.801639,2e-06,2.300508,10.0,10.0,10.0333,0.0,10.0333,89.9667,68.062277,0.4629,2.166403
2026-08-17 23:31:07,7456.47,305663,1528,494.8576,535.7672,41.0,113.686394,0.0,227.415436,2.132038,,8.7736,0.87736,2e-06,2.362879,10.0,10.0,14.672175,0.0,14.672175,85.327825,64.255841,0.482537,2.166403
2026-08-17 23:31:19,7468.59,306175,1530,630.0496,537.7659,41.0,183.332977,-0.0,366.708557,2.130116,,10.400242,1.040024,3e-06,2.003868,10.0,10.0,13.058602,0.0,13.058602,86.941398,66.413022,0.480123,2.166403
2026-08-17 23:31:31,7480.72,306687,1533,471.8897,538.1939,41.0,77.792076,-0.0,155.62674,2.129005,,7.564964,0.756496,3e-06,1.653668,9.0,10.0,9.226413,0.0,9.226413,90.773587,68.752744,0.488489,2.166403
2026-08-17 23:31:43,7492.86,307199,1536,432.6534,534.3152,41.0,77.256607,0.0,154.555771,2.127887,,6.95616,0.695616,3e-06,1.817622,10.0,10.0,8.748836,0.0,8.748836,91.251164,69.525329,0.53171,2.166403
2026-08-17 23:31:55,7505.09,307711,1538,343.9976,533.0406,41.0,99.558922,0.0,199.160355,2.125286,,6.54718,0.654718,3e-06,1.731499,10.0,10.0,13.503202,0.0,13.503202,86.496798,65.123028,0.562467,2.166403
2026-08-17 23:32:08,7517.44,308223,1541,417.4668,533.5673,41.0,74.646179,0.0,149.334839,2.123982,,7.425318,0.742532,2e-06,2.454388,10.0,10.0,13.290281,0.0,13.290281,86.709719,65.21795,0.499235,2.166403
2026-08-17 23:32:20,7529.6,308735,1543,342.6866,531.6143,41.0,46.197926,-0.0,92.438347,2.124693,,6.16961,0.616961,3e-06,2.030295,10.0,10.0,11.599835,0.0,11.599835,88.400165,66.067756,0.528957,2.166403
2026-08-17 23:32:32,7541.71,309247,1546,239.6377,530.6896,41.0,51.063923,-0.0,102.17028,2.121583,,5.227566,0.522757,3e-06,1.992155,10.0,10.0,14.293647,0.0,14.293647,85.706353,64.648452,0.556974,2.166403
2026-08-17 23:32:44,7553.99,309759,1548,825.6568,535.2706,41.0,243.938446,0.0,487.91925,2.117863,,11.24705,1.124705,4e-06,1.473241,8.0,10.0,0.976099,0.0,0.976099,99.023901,75.601734,0.462748,2.166403
2026-08-17 23:32:56,7566.11,310271,1551,853.5633,540.4703,41.0,272.398621,0.0,544.839478,2.113308,,12.447156,1.244716,5e-06,1.072071,6.0,10.0,6.175165,0.0,6.175165,93.824835,70.903527,0.453852,2.166403
2026-08-17 23:33:09,7578.34,310783,1553,726.4973,541.814,41.0,190.700195,-0.0,381.442596,2.109648,,10.724515,1.072452,4e-06,1.420459,10.0,10.0,7.383801,0.0,7.383801,92.616199,70.500674,0.443674,2.166403
2026-08-17 23:33:21,7590.45,311295,1556,496.5442,543.2045,41.0,104.776291,0.0,209.594772,2.109749,,7.634943,0.763494,3e-06,2.401619,10.0,10.0,7.850263,0.0,7.850263,92.149737,69.386305,0.50313,2.166403
2026-08-17 23:33:33,7602.56,311807,1559,522.4272,543.6258,41.0,107.391045,0.0,214.824219,2.106704,,7.66918,0.766918,3e-06,1.78937,8.0,10.0,4.701083,0.0,4.701083,95.298917,71.963377,0.543491,2.166403
2026-08-17 23:33:45,7614.61,312319,1561,474.4296,541.518,41.0,103.988319,0.0,208.018753,2.105594,,7.285709,0.728571,3e-06,1.60354,9.0,10.0,6.555844,0.0,6.555844,93.444156,70.756329,0.506555,2.166403
2026-08-17 23:33:57,7626.83,312831,1564,637.465,542.9718,41.0,133.817093,0.0,267.676239,2.102237,,9.554012,0.955401,4e-06,1.218233,9.0,10.0,7.711823,0.0,7.711823,92.288177,70.45868,0.420932,2.150207
2026-08-17 23:34:09,7639.0,313343,1566,727.4818,546.0601,41.0,180.102173,0.0,360.246338,2.099461,,10.643103,1.06431,4e-06,1.690871,9.0,10.0,5.769822,0.0,5.769822,94.230178,71.762875,0.477767,2.150207
2026-08-17 23:34:21,7651.31,313855,1569,550.1737,547.6971,41.0,75.991951,0.0,152.025833,2.09619,,9.015056,0.901506,2e-06,2.346651,10.0,10.0,11.725648,0.0,11.725648,88.274352,66.097808,0.487516,2.150207
2026-08-17 23:34:34,7663.42,314367,1571,682.6451,551.1635,41.0,168.695496,0.0,337.432922,2.097313,,9.421408,0.942141,6e-06,1.439998,7.0,10.0,1.632219,0.0,1.632219,98.367781,74.533272,0.478095,2.150207
2026-08-17 23:34:46,7675.58,314879,1574,596.0136,553.57,41.0,88.785179,0.0,177.612228,2.093441,,8.811752,0.881175,3e-06,2.409381,9.0,10.0,7.106742,0.0,7.106742,92.893258,69.687796,0.448366,2.150207
2026-08-17 23:34:58,7687.82,315391,1576,551.2763,548.6601,41.0,140.45842,0.0,280.95871,2.093729,,9.315529,0.931553,2e-06,2.311083,10.0,10.0,13.594487,0.0,13.594487,86.405513,64.982081,0.454644,2.150207
2026-08-17 23:35:10,7700.08,315903,1579,568.4743,542.4359,41.0,132.875305,0.0,265.792572,2.097511,,8.240891,0.824089,3e-06,2.210588,9.0,10.0,5.539589,0.0,5.539589,94.460411,70.894566,0.508284,2.150207
2026-08-17 23:35:22,7712.26,316415,1582,634.7846,539.2372,41.0,151.189529,0.0,302.42099,2.096761,,9.344535,0.934453,2e-06,2.150078,9.0,10.0,6.583843,0.0,6.583843,93.416157,70.981263,0.445836,2.150207
2026-08-17 23:35:35,7724.37,316927,1584,736.6625,539.7613,41.0,208.822296,0.0,417.686523,2.095882,,11.474324,1.147432,4e-06,1.413343,9.0,10.0,9.133491,0.0,9.133491,90.866509,69.28843,0.484506,2.150207
2026-08-17 23:35:47,7736.56,317439,1587,509.0408,538.3242,41.0,184.739304,0.0,369.520569,2.098205,,9.264939,0.926494,3e-06,1.967978,10.0,10.0,16.683542,0.0,16.683542,83.316458,62.195948,0.496879,2.150207
2026-08-17 23:35:59,7748.73,317951,1589,478.9858,537.5714,41.0,120.160294,-0.0,240.362595,2.100178,,8.677844,0.867784,2e-06,3.104266,10.0,10.0,16.416402,0.0,16.416402,83.583598,62.468739,0.501798,2.150207
2026-08-17 23:36:11,7760.71,318463,1592,545.7895,536.4297,41.0,101.765671,0.0,203.573395,2.102818,,8.260063,0.826006,2e-06,2.534013,10.0,10.0,7.474182,0.0,7.474182,92.525818,69.399848,0.48152,2.150207
2026-08-17 23:36:23,7772.87,318975,1594,523.7534,535.0151,41.0,125.483635,0.0,251.009323,2.102895,,8.495966,0.849597,3e-06,2.23065,10.0,10.0,11.115351,0.0,11.115351,88.884649,67.868847,0.458056,2.150207
2026-08-17 23:36:35,7784.95,319487,1597,395.758,535.0014,41.0,72.430634,0.0,144.903366,2.10514,,6.158451,0.615845,3e-06,2.082482,9.0,10.0,6.670083,0.0,6.670083,93.329917,71.085585,0.539169,2.150207
2026-08-17 23:36:47,7797.02,319999,1600,507.3912,536.1057,41.0,118.158455,0.0,236.359116,2.110576,,6.841508,0.684151,4e-06,0.890506,4.0,7.0,0.134207,0.0,0.134207,99.865793,76.659601,0.575046,2.150207
2026-08-17 23:36:59,7809.17,320511,1602,565.6457,536.1471,41.0,109.513695,0.0,219.069687,2.114675,,7.885322,0.788532,5e-06,1.595674,8.0,10.0,2.799086,0.0,2.799086,97.200914,74.279922,0.499699,2.150207
2026-08-17 23:37:11,7821.26,321023,1605,559.2445,535.0072,41.0,96.01841,0.0,192.079224,2.11993,,7.934982,0.793498,4e-06,1.48422,8.0,10.0,4.116444,0.0,4.116444,95.883556,72.65551,0.47863,2.150207
2026-08-17 23:37:24,7833.48,321535,1607,565.9143,534.0721,41.0,117.058884,-0.0,234.160263,2.124538,,8.221234,0.822123,4e-06,1.528083,9.0,10.0,5.404352,0.0,5.404352,94.595648,71.670272,0.501604,2.150207
2026-08-17 23:37:36,7845.54,322047,1610,576.3575,533.0419,41.0,90.889107,0.0,181.820755,2.127176,,8.506372,0.850637,3e-06,2.160637,10.0,10.0,6.797365,0.0,6.797365,93.202635,70.783892,0.468855,2.150207
2026-08-17 23:37:48,7857.68,322559,1612,688.1449,535.6694,41.1,141.067047,-0.0,282.176758,2.133682,,9.609482,0.960948,4e-06,0.894434,4.0,10.0,3.272139,0.0,3.272139,96.727861,73.949593,0.464718,2.150207
2026-08-17 23:38:00,7869.95,323071,1615,694.5199,536.1032,41.1,130.390167,0.0,260.82309,2.137079,,9.715247,0.971525,4e-06,1.207408,7.0,10.0,3.946751,0.0,3.946751,96.053249,73.246801,0.446162,2.150207
2026-08-17 23:38:12,7882.14,323583,1617,524.1685,536.7183,41.1,113.96788,0.0,227.978516,2.137977,,7.924533,0.792453,4e-06,1.641274,9.0,10.0,7.211864,0.0,7.211864,92.788136,70.533737,0.505003,2.150207
2026-08-17 23:38:25,7894.37,324095,1620,564.3806,538.8929,41.1,139.224792,0.0,278.492432,2.14262,,8.681861,0.868186,3e-06,1.763038,9.0,10.0,8.178828,0.0,8.178828,91.821172,69.034762,0.451446,2.150207
2026-08-17 23:38:37,7906.35,324607,1623,801.1894,543.3843,41.1,229.427933,0.0,458.898773,2.145365,,11.313733,1.131373,4e-06,1.621219,9.0,10.0,3.786791,0.0,3.786791,96.213209,73.001058,0.48341,2.150207
2026-08-17 23:38:49,7918.67,325119,1625,520.7021,545.5162,41.1,104.265831,0.0,208.574615,2.1473,,8.69673,0.869673,3e-06,2.109428,10.0,10.0,13.73172,0.0,13.73172,86.26828,65.133331,0.458914,1.934545
2026-08-17 23:39:01,7930.76,325631,1628,640.7054,545.4287,41.1,223.611237,0.0,447.265533,2.152724,,9.369644,0.936964,4e-06,1.379095,9.0,10.0,6.820431,0.0,6.820431,93.179569,70.827888,0.49106,1.934545
2026-08-17 23:39:13,7943.13,326143,1630,479.4629,545.3541,41.1,95.682106,0.0,191.407288,2.154102,,7.972557,0.797256,3e-06,2.719825,10.0,10.0,12.750496,0.0,12.750496,87.249504,65.14235,0.504314,1.934545
2026-08-17 23:39:25,7955.27,326655,1633,299.8593,545.676,41.1,35.890522,-0.0,71.824272,2.161357,,4.504553,0.450455,3e-06,2.473857,10.0,10.0,4.789863,0.0,4.789863,95.210137,71.323101,0.618285,1.934545
2026-08-17 23:39:38,7967.53,327167,1635,243.8836,545.7468,41.1,21.726866,-0.0,43.497723,2.199599,,3.558821,0.355882,4e-06,1.464894,7.0,10.0,2.96639,0.0,2.96639,97.03361,73.940218,0.668941,1.934545
2026-08-17 23:39:50,7979.75,327679,1638,325.9125,546.3957,41.1,37.712101,0.0,75.468536,2.21678,,5.738942,0.573894,3e-06,1.899272,10.0,10.0,11.696563,0.0,11.696563,88.303437,66.055957,0.524039,1.934545
2026-08-17 23:40:02,7992.02,328191,1640,333.9084,546.2642,41.1,121.541077,-0.0,243.126419,2.213328,,6.583199,0.65832,4e-06,1.438961,10.0,10.0,16.559365,0.0,16.559365,83.440635,63.469686,0.567503,1.934545
2026-08-17 23:40:14,8004.23,328703,1643,586.7897,546.9047,41.1,122.297646,-0.0,244.639313,2.200839,,8.835114,0.883511,3e-06,2.055433,10.0,10.0,8.251811,0.0,8.251811,91.748189,69.447125,0.503692,1.934545
2026-08-17 23:40:27,8016.46,329215,1646,416.0144,546.548,41.1,92.003685,-0.0,184.050949,2.179294,,8.704089,0.870409,2e-06,3.347184,10.0,10.0,25.343897,0.0,25.343897,74.656103,55.466275,0.492602,1.934545
2026-08-17 23:40:39,8028.6,329727,1648,325.2789,546.1759,41.1,40.526134,0.0,81.095581,2.165758,,5.419825,0.541983,4e-06,2.323594,10.0,10.0,9.252583,0.0,9.252583,90.747417,68.194716,0.574986,1.934545
2026-08-17 23:40:51,8040.69,330239,1651,178.2115,542.9307,41.1,56.521252,-0.0,113.085472,2.148343,,4.163165,0.416317,4e-06,1.775256,10.0,10.0,14.326302,0.0,14.326302,85.673698,64.069776,0.65697,1.934545
2026-08-17 23:41:03,8052.75,330751,1653,513.865,542.9642,41.1,86.089523,0.0,172.221664,2.130867,,7.567386,0.756739,7e-06,1.133334,10.0,10.0,6.523294,0.0,6.523294,93.476706,70.702472,0.513145,1.934545
2026-08-17 23:41:15,8064.88,331263,1656,487.9765,542.9935,41.1,55.725761,0.0,111.493874,2.117545,,7.203937,0.720394,5e-06,1.198296,10.0,10.0,6.643418,0.0,6.643418,93.356582,70.819241,0.489892,1.934545
2026-08-17 23:41:27,8076.98,331775,1658,790.3469,546.739,41.1,210.205521,-0.0,420.453125,2.103626,,11.086613,1.108661,7e-06,0.446009,2.0,10.0,4.429262,0.0,4.429262,95.570738,73.239428,0.479272,1.934545
2026-08-17 23:41:39,8089.09,332287,1661,709.9046,546.7739,41.1,186.9254,-0.0,373.89267,2.092791,,10.513325,1.051333,7e-06,1.797267,10.0,10.0,7.692308,0.0,7.692308,92.307692,69.912044,0.54312,1.934545
2026-08-17 23:41:51,8101.25,332799,1664,507.7504,545.4441,41.1,89.308449,0.0,178.658524,2.081086,,8.550181,0.855018,4e-06,1.64271,10.0,10.0,14.700735,0.0,14.700735,85.299265,64.264379,0.547038,1.934545
2026-08-17 23:42:04,8113.52,333311,1666,365.5182,544.8224,41.1,112.15184,-0.0,224.3452,2.075744,,7.305763,0.730576,5e-06,1.516206,10.0,10.0,19.362012,0.0,19.362012,80.637988,60.66532,0.529211,1.934545
2026-08-17 23:42:16,8125.75,333823,1669,729.7801,544.0627,41.1,205.993027,0.0,412.027496,2.071662,,9.676319,0.967632,6e-06,0.805732,6.0,8.0,0.041788,0.0,0.041788,99.958212,76.165084,0.629927,1.934545
2026-08-17 23:42:28,8138.04,334335,1671,341.5354,541.2285,41.1,173.464325,0.0,346.96994,2.064866,,8.021893,0.802189,5e-06,1.899742,10.0,10.0,25.337179,0.0,25.337179,74.662821,55.913559,0.574732,1.934545
2026-08-17 23:42:40,8150.28,334847,1674,282.503,537.3285,41.1,59.319309,-0.0,118.679832,2.060587,,7.237038,0.723704,5e-06,2.103297,10.0,10.0,27.25718,0.0,27.25718,72.74282,54.2377,0.455947,1.934545
2026-08-17 23:42:52,8162.29,335359,1676,750.3652,539.0485,41.1,194.678299,-0.0,389.39801,2.07046,,10.354561,1.035456,8e-06,0.744088,8.0,10.0,4.009498,0.0,4.009498,95.990502,73.539519,0.499237,1.934545
2026-08-17 23:43:05,8174.43,335871,1679,705.5932,543.1627,41.1,177.537491,-0.0,355.116547,2.078967,,10.008711,1.000871,7e-06,1.715136,10.0,10.0,5.955554,0.0,5.955554,94.044446,71.242769,0.574042,1.934545
2026-08-17 23:43:17,8186.55,336383,1681,428.4665,540.9285,41.1,62.367798,-0.0,124.777298,2.085214,,7.199911,0.719991,5e-06,2.093577,10.0,10.0,12.769951,0.0,12.769951,87.230049,66.077875,0.530517,1.934545
2026-08-17 23:43:29,8198.75,336895,1684,354.2989,538.8154,41.1,60.098141,0.0,120.238136,2.092639,,6.818346,0.681835,6e-06,1.577929,10.0,10.0,17.145339,0.0,17.145339,82.854661,62.051342,0.552902,1.934545
2026-08-17 23:43:41,8210.76,337407,1687,712.9241,541.5022,41.1,174.91156,0.0,349.865051,2.096851,,11.152896,1.11529,6e-06,1.644021,10.0,10.0,13.761882,0.0,13.761882,86.238118,65.03303,0.540187,1.934545
2026-08-17 23:43:53,8222.93,337919,1689,532.8314,541.5903,41.1,99.527832,0.0,199.097733,2.103695,,7.965594,0.796559,8e-06,1.846736,10.0,10.0,6.656304,0.0,6.656304,93.343696,71.01842,0.557379,2.352976
2026-08-17 23:44:05,8235.18,338431,1692,189.3931,539.1859,41.1,40.751343,-0.0,81.544899,2.11059,,5.12667,0.512667,4e-06,2.310307,10.0,10.0,17.333653,0.0,17.333653,82.666347,62.167172,0.593653,2.352976
2026-08-17 23:44:18,8247.36,338943,1694,243.9665,535.7292,41.1,27.279638,0.0,54.601589,2.115554,,5.071129,0.507113,4e-06,1.881606,10.0,10.0,12.208561,0.0,12.208561,87.791439,66.927357,0.636643,2.352976
2026-08-17 23:44:30,8259.56,339455,1697,266.1143,534.0372,41.1,67.747543,0.0,135.537643,2.128102,,7.21832,0.721832,3e-06,3.207797,10.0,10.0,24.148533,0.0,24.148533,75.851467,56.481389,0.639159,2.352976
2026-08-17 23:44:42,8271.83,339967,1699,400.8008,532.0093,41.1,114.098381,0.0,228.239548,2.139073,,8.83521,0.883521,5e-06,1.617862,10.0,10.0,22.932423,0.0,22.932423,77.067577,58.439883,0.489149,2.352976
2026-08-17 23:44:54,8283.83,340479,1702,700.6157,534.2666,41.1,161.278168,0.0,322.599274,2.146393,,10.148627,1.014863,7e-06,0.75515,10.0,10.0,5.618058,0.0,5.618058,94.381942,71.564032,0.519023,2.352976
2026-08-17 23:45:06,8295.92,340991,1704,666.4901,536.4163,41.1,143.571594,0.0,287.186188,2.149572,,10.248983,1.024898,6e-06,0.832543,10.0,10.0,9.545177,0.0,9.545177,90.454823,69.280207,0.468007,2.352976
2026-08-17 23:45:18,8307.92,341503,1707,587.4548,540.0226,41.1,196.786728,0.0,393.616486,2.150972,,9.14677,0.914677,7e-06,0.253354,1.0,10.0,9.015245,0.0,9.015245,90.984755,69.195088,0.467755,2.352976
2026-08-17 23:45:30,8320.09,342015,1710,236.6438,537.6074,41.1,46.954998,-0.0,93.952942,2.147103,,7.672251,0.767225,3e-06,3.174002,10.0,10.0,29.249708,0.0,29.249708,70.750292,52.713397,0.51446,2.352976
2026-08-17 23:45:43,8332.31,342527,1712,502.7105,537.1113,41.1,96.711815,-0.0,193.466675,2.152008,,7.728947,0.772895,6e-06,0.747516,8.0,10.0,7.551957,0.0,7.551957,92.448043,70.358857,0.510453,2.352976
2026-08-17 23:45:55,8344.44,343039,1715,465.4267,535.4959,41.1,70.090569,-0.0,140.224197,2.15322,,7.035406,0.703541,6e-06,0.954751,10.0,10.0,6.072019,0.0,6.072019,93.927981,71.557433,0.575676,2.352976
2026-08-17 23:46:07,8356.76,343551,1717,383.103,528.8384,41.1,77.929672,0.0,155.90242,2.154089,,7.087521,0.708752,4e-06,2.055551,10.0,10.0,12.503593,0.0,12.503593,87.496407,65.567598,0.588957,2.352976
2026-08-17 23:46:19,8369.09,344063,1720,482.3353,525.6141,41.1,99.605316,-0.0,199.253723,2.154913,,8.113277,0.811328,5e-06,1.193896,10.0,10.0,11.325037,0.0,11.325037,88.674963,67.229245,0.505552,2.352976
2026-08-17 23:46:31,8381.31,344575,1722,301.2888,521.6897,41.1,38.677151,0.0,77.397415,2.155672,,5.767283,0.576728,4e-06,1.269339,10.0,10.0,11.903067,0.0,11.903067,88.096933,67.767614,0.533792,2.352976
2026-08-17 23:46:44,8393.54,345087,1725,433.0698,518.1565,41.1,63.959553,-0.0,127.962212,2.155444,,5.815957,0.581596,6e-06,0.753164,9.0,10.0,1.274402,0.0,1.274402,98.725598,75.845645,0.553496,2.352976
2026-08-17 23:46:56,8405.63,345599,1728,379.666,515.9124,41.1,45.50536,-0.0,91.053764,2.152304,,5.825561,0.582556,6e-06,0.977355,10.0,10.0,5.709001,0.0,5.709001,94.290999,71.846311,0.514207,2.352976
2026-08-17 23:47:08,8417.85,346111,1730,196.719,511.2505,41.1,28.387365,-0.0,56.817715,2.149189,,5.365231,0.536523,5e-06,1.986062,10.0,10.0,18.029857,0.0,18.029857,81.970143,61.171393,0.557088,2.352976
2026-08-17 23:47:20,8430.09,346623,1733,385.5787,507.3668,41.1,60.608669,0.0,121.260277,2.14683,,7.77829,0.777829,4e-06,2.38295,10.0,10.0,17.563887,0.0,17.563887,82.436113,61.55622,0.580391,2.352976
2026-08-17 23:47:33,8442.37,347135,1735,306.5087,507.03,41.1,65.814339,0.0,131.671585,2.145209,,7.838026,0.783803,2e-06,3.853971,10.0,10.0,24.563998,0.0,24.563998,75.436002,55.793569,0.557992,2.352976
2026-08-17 23:47:45,8454.45,347647,1738,564.6137,508.6072,41.1,78.680458,0.0,157.403915,2.150303,,8.04745,0.804745,6e-06,1.157548,10.0,10.0,4.053421,0.0,4.053421,95.946579,72.921519,0.519039,2.352976
2026-08-17 23:47:57,8466.6,348159,1740,375.1229,507.4275,41.1,42.801582,-0.0,85.646233,2.153221,,6.205609,0.620561,4e-06,1.302335,10.0,10.0,8.465684,0.0,8.465684,91.534316,70.312526,0.537176,2.352976
2026-08-17 23:48:09,8478.82,348671,1743,72.8194,502.6351,41.1,55.145714,0.0,110.334473,2.152313,,5.624727,0.562473,2e-06,2.741756,10.0,10.0,30.018809,0.0,30.018809,69.981191,52.030669,0.570338,2.352976
2026-08-17 23:48:21,8491.08,349183,1745,181.6129,498.3702,41.1,82.043617,0.0,164.130356,2.156411,,5.19396,0.519396,4e-06,1.524409,10.0,10.0,18.045147,0.0,18.045147,81.954853,62.041869,0.585216,2.352976
2026-08-17 23:48:33,8503.22,349695,1748,421.3348,497.4169,41.1,73.753616,0.0,147.550446,2.160689,,7.266264,0.726626,4e-06,2.039208,10.0,10.0,11.423277,0.0,11.423277,88.576723,66.954685,0.471446,2.352976
2026-08-17 23:48:45,8515.29,350207,1751,909.6607,500.7519,41.1,269.695343,0.0,539.43396,2.163076,,13.318021,1.331802,7e-06,0.342235,1.0,10.0,5.212339,0.0,5.212339,94.787661,72.692769,0.513698,2.994709
2026-08-17 23:48:58,8527.57,350719,1753,618.7884,502.328,41.1,200.127335,0.0,400.297943,2.164325,,11.719982,1.171998,4e-06,1.49802,10.0,10.0,17.357117,0.0,17.357117,82.642883,62.557342,0.522678,2.994709
2026-08-17 23:49:10,8539.7,351231,1756,592.9662,504.0501,41.1,93.753448,-0.0,187.550293,2.169993,,7.83061,0.783061,5e-06,0.617195,4.0,10.0,0.403337,0.0,0.403337,99.596663,75.661656,0.496755,2.994709
2026-08-17 23:49:22,8551.96,351743,1758,659.6216,504.043,41.1,132.961456,0.0,265.96637,2.172634,,9.108459,0.910846,7e-06,0.336417,1.0,10.0,2.368104,0.0,2.368104,97.631896,74.663058,0.476644,2.994709
2026-08-17 23:49:34,8564.29,352255,1761,381.036,500.1262,41.1,88.846245,-0.0,177.735916,2.171258,,9.54991,0.954991,3e-06,1.762702,10.0,10.0,21.803783,0.0,21.803783,78.196217,58.538423,0.519374,2.994709
2026-08-17 23:49:47,8576.44,352767,1763,441.6414,500.0062,41.1,90.285797,-0.0,180.615051,2.172661,,8.203429,0.820343,4e-06,2.045393,10.0,10.0,12.302633,0.0,12.302633,87.697367,67.264999,0.563693,2.994709
2026-08-17 23:49:59,8588.67,353279,1766,297.9617,499.6849,41.1,144.284348,0.0,288.612213,2.175621,,6.736775,0.673677,4e-06,2.081528,10.0,10.0,13.981135,0.0,13.981135,86.018865,64.66581,0.651219,2.994709
2026-08-17 23:50:11,8600.89,353791,1768,209.3251,496.06,41.1,76.040573,0.0,152.124557,2.170604,,7.359292,0.735929,2e-06,3.740233,10.0,10.0,23.419175,0.0,23.419175,76.580825,57.537556,0.57556,2.994709
2026-08-17 23:50:23,8613.02,354303,1771,624.5486,494.5988,41.1,161.011078,0.0,322.065521,2.168364,,8.362171,0.836217,5e-06,0.53518,3.0,10.0,0.834814,0.0,0.834814,99.165186,75.952246,0.574776,2.994709
2026-08-17 23:50:35,8625.1,354815,1774,602.6601,494.783,41.1,132.274506,-0.0,264.592255,2.161477,,8.085713,0.808571,4e-06,0.695554,5.0,10.0,0.612801,0.0,0.612801,99.387199,76.596625,0.511621,2.994709
2026-08-17 23:50:48,8637.36,355327,1776,335.1118,493.2687,41.1,111.312843,0.0,222.668747,2.153041,,7.453352,0.745335,5e-06,1.529799,10.0,10.0,15.045301,0.0,15.045301,84.954699,64.278526,0.53141,2.994709
2026-08-17 23:51:00,8649.61,355839,1779,388.9024,493.3332,41.1,88.771172,-0.0,177.585236,2.144649,,7.059572,0.705957,4e-06,0.771284,10.0,10.0,10.051471,0.0,10.051471,89.948529,69.253458,0.47856,2.994709
2026-08-17 23:51:12,8661.77,356351,1781,396.7028,492.2432,41.1,71.613121,0.0,143.268921,2.134243,,8.084481,0.808448,3e-06,1.399144,10.0,10.0,14.503802,0.0,14.503802,85.496198,64.755048,0.469423,2.994709
2026-08-17 23:51:24,8673.81,356863,1784,566.8972,492.9636,41.1,135.883942,-0.0,271.810455,2.128242,,8.555858,0.855586,5e-06,0.854108,10.0,10.0,5.582847,0.0,5.582847,94.417153,71.833037,0.449416,2.994709
2026-08-17 23:51:36,8685.97,357375,1786,569.8977,492.3621,41.1,128.525375,0.0,257.093109,2.118213,,9.193482,0.919348,4e-06,0.892412,9.0,10.0,8.145196,0.0,8.145196,91.854804,70.051379,0.47434,2.994709
2026-08-17 23:51:48,8698.2,357887,1789,810.1085,495.7443,41.1,218.144516,0.0,436.331268,2.111632,,11.033222,1.103322,4e-06,0.920884,5.0,10.0,1.726181,0.0,1.726181,98.273819,74.863406,0.449299,2.994709
2026-08-17 23:52:01,8710.4,358399,1792,346.8126,494.8859,41.1,40.600636,0.0,81.243309,2.101725,,8.353547,0.835355,2e-06,4.02595,10.0,10.0,19.63081,0.0,19.63081,80.36919,59.591419,0.488869,2.994709
2026-08-17 23:52:13,8722.43,358911,1794,439.978,495.8457,41.1,89.38073,0.0,178.803452,2.099428,,6.78417,0.678417,4e-06,0.59522,4.0,10.0,5.256032,0.0,5.256032,94.743968,71.858009,0.478326,2.994709
2026-08-17 23:52:25,8734.4,359423,1797,527.1986,496.943,41.2,127.50634,-0.0,255.05452,2.092122,,7.839177,0.783918,4e-06,0.963215,7.0,10.0,4.685304,0.0,4.685304,95.314696,73.415579,0.487336,2.994709
2026-08-17 23:52:37,8746.56,359935,1799,623.8155,499.7543,41.2,134.405136,0.0,268.852051,2.088231,,9.188917,0.918892,5e-06,1.063051,9.0,10.0,4.745127,0.0,4.745127,95.254873,72.402747,0.425396,2.994709
2026-08-17 23:52:49,8758.9,360447,1802,-127.8914,496.079,41.2,135.955963,0.0,271.953522,2.079954,,5.310679,0.531068,1e-06,4.223346,10.0,10.0,35.289794,0.0,35.289794,64.710206,46.898564,0.510971,2.994709
2026-08-17 23:53:01,8771.11,360959,1804,356.8278,491.3907,41.2,97.244881,0.0,194.531296,2.076998,,7.50287,0.750287,2e-06,2.02613,10.0,10.0,14.665825,0.0,14.665825,85.334175,64.968001,0.489147,2.994709
2026-08-17 23:53:14,8783.32,361471,1807,701.5026,489.8701,41.2,233.452179,0.0,466.945862,2.074786,,11.346826,1.134683,4e-06,0.84349,10.0,10.0,8.90867,0.0,8.90867,91.09133,68.985591,0.524172,2.994709
2026-08-17 23:53:26,8795.58,361983,1809,319.4469,485.7996,41.2,59.226414,-0.0,118.494217,2.069574,,6.820029,0.682003,3e-06,1.886055,10.0,10.0,13.521897,0.0,13.521897,86.478103,66.472491,0.520238,2.994709
2026-08-17 23:53:38,8807.77,362495,1812,182.4082,482.6582,41.2,46.102703,-0.0,92.24678,2.068727,,4.70156,0.470156,3e-06,1.748832,10.0,10.0,12.040878,0.0,12.040878,87.959122,66.591392,0.56208,2.994709
2026-08-17 23:53:50,8819.96,363007,1815,386.5724,481.2997,41.2,72.349991,-0.0,144.741318,2.06676,,6.889326,0.688933,4e-06,0.936729,10.0,10.0,8.265378,0.0,8.265378,91.734622,69.78121,0.483983,3.332643
2026-08-17 23:54:03,8832.34,363519,1817,215.058,478.706,41.2,47.595486,-0.0,95.232193,2.061054,,7.47665,0.747665,2e-06,0.797823,10.0,10.0,20.723585,0.0,20.723585,79.276415,59.923453,0.468903,3.332643
2026-08-17 23:54:15,8844.64,364031,1820,256.8781,474.9001,41.2,47.872089,-0.0,95.785385,2.060469,,6.472091,0.647209,2e-06,1.73554,10.0,10.0,14.204738,0.0,14.204738,85.795262,64.742282,0.509461,3.332643
2026-08-17 23:54:27,8856.72,364543,1822,681.6985,474.4423,41.2,137.32811,-0.0,274.697357,2.057199,,10.096742,1.009674,5e-06,0.321823,1.0,10.0,5.337539,0.0,5.337539,94.662461,72.126841,0.445368,3.332643
2026-08-17 23:54:39,8868.95,365055,1825,423.1646,473.1722,41.2,79.668739,-0.0,159.378525,2.052669,,8.538689,0.853869,3e-06,1.192307,9.0,10.0,13.179994,0.0,13.179994,86.820006,65.421405,0.459596,3.332643
2026-08-17 23:54:51,8881.24,365567,1827,80.2733,467.1485,41.2,38.955029,-0.0,77.95105,2.049475,,5.036299,0.50363,2e-06,3.073547,10.0,10.0,18.633247,0.0,18.633247,81.366753,61.762651,0.529844,3.332643
2026-08-17 23:55:04,8893.47,366079,1830,114.1746,462.3301,41.2,164.788498,-0.0,329.61792,2.04602,,6.133168,0.613317,2e-06,2.235291,10.0,10.0,20.9766,0.0,20.9766,79.0234,59.134933,0.532497,3.332643
2026-08-17 23:55:16,8905.65,366591,1832,318.4175,460.0015,41.2,58.636417,0.0,117.313698,2.043326,,7.64951,0.764951,3e-06,1.748862,10.0,10.0,15.683569,0.0,15.683569,84.316431,63.960602,0.475979,3.332643
2026-08-17 23:55:28,8917.76,367103,1835,348.4371,457.8011,41.2,61.113461,0.0,122.267822,2.045093,,5.974691,0.597469,4e-06,1.054944,8.0,10.0,6.543466,0.0,6.543466,93.456534,70.280322,0.55192,3.332643
2026-08-17 23:55:40,8929.93,367615,1838,555.3303,457.0066,41.2,104.929085,0.0,209.899002,2.041281,,7.885844,0.788584,3e-06,1.853978,10.0,10.0,2.922344,0.0,2.922344,97.077656,72.967129,0.545973,3.332643
2026-08-17 23:55:52,8942.26,368127,1840,407.986,453.7198,41.2,137.129517,0.0,274.299774,2.037486,,9.852965,0.985297,2e-06,2.358492,10.0,10.0,20.286027,0.0,20.286027,79.713973,59.807489,0.520416,3.332643
2026-08-17 23:56:05,8954.53,368639,1843,484.437,453.4738,41.2,121.023003,0.0,242.086777,2.03856,,9.07798,0.907798,2e-06,3.299991,10.0,10.0,13.226137,0.0,13.226137,86.773863,65.035641,0.478985,3.332643
2026-08-17 23:56:17,8966.74,369151,1845,371.4444,452.3984,41.2,53.515446,0.0,107.071732,2.042112,,7.089149,0.708915,4e-06,1.522869,10.0,10.0,10.294708,0.0,10.294708,89.705292,68.76733,0.454576,3.332643
2026-08-17 23:56:29,8978.97,369663,1848,396.0859,450.9013,41.2,123.105263,-0.0,246.251389,2.043389,,8.091891,0.809189,3e-06,1.860558,10.0,10.0,13.302937,0.0,13.302937,86.697063,65.030091,0.483263,3.332643
2026-08-17 23:56:41,8991.14,370175,1850,382.5822,449.4896,41.2,64.831306,-0.0,129.703476,2.043245,,8.719107,0.871911,3e-06,2.215053,10.0,10.0,16.556477,0.0,16.556477,83.443523,63.333809,0.524845,3.332643
2026-08-17 23:56:53,9003.31,370687,1853,449.8819,450.0309,41.2,93.886726,-0.0,187.814377,2.046113,,8.915248,0.891525,3e-06,1.901752,10.0,10.0,12.949677,0.0,12.949677,87.050323,66.327061,0.567549,3.332643
2026-08-17 23:57:06,9015.51,371199,1856,769.6185,452.6531,41.2,246.886917,0.0,493.814758,2.046002,,12.040341,1.204034,3e-06,1.903845,10.0,10.0,6.746988,0.0,6.746988,93.253012,71.156988,0.543623,3.332643
2026-08-17 23:57:18,9027.58,371711,1858,387.1011,450.8677,41.2,64.142357,0.0,128.325684,2.048319,,7.541464,0.754146,3e-06,2.029661,10.0,10.0,11.366421,0.0,11.366421,88.633579,67.269583,0.555726,3.332643
2026-08-17 23:57:30,9039.75,372223,1861,570.9293,450.9845,41.2,129.808533,0.0,259.658112,2.052555,,7.712976,0.771298,6e-06,0.074871,1.0,1.0,0.347813,0.0,0.347813,99.652187,76.32901,0.550351,3.332643
2026-08-17 23:57:42,9051.83,372735,1863,305.714,448.3825,41.2,67.69368,-0.0,135.428345,2.049515,,6.413199,0.64132,3e-06,1.540095,10.0,10.0,10.961571,0.0,10.961571,89.038429,67.762436,0.531764,3.332643
2026-08-17 23:57:54,9064.17,373247,1866,38.6884,443.0058,41.2,85.33445,-0.0,170.709793,2.044751,,6.542558,0.654256,1e-06,3.844684,10.0,10.0,27.488936,0.0,27.488936,72.511064,53.140963,0.536585,3.332643
2026-08-17 23:58:07,9076.45,373759,1868,381.4609,439.939,41.2,45.847778,-0.0,91.736427,2.04342,,7.445939,0.744594,3e-06,2.329747,10.0,10.0,11.10721,0.0,11.10721,88.89279,67.277824,0.508078,3.332643
2026-08-17 23:58:19,9088.68,374271,1871,334.1059,436.3348,41.2,55.320553,-0.0,110.681984,2.043844,,7.192347,0.719235,3e-06,1.770155,10.0,10.0,12.817972,0.0,12.817972,87.182028,66.078833,0.515844,3.332643
2026-08-17 23:58:31,9100.81,374783,1873,407.6779,435.1699,41.2,96.322083,0.0,192.685394,2.061152,,7.345235,0.734524,4e-06,1.553434,10.0,10.0,8.931434,0.0,8.931434,91.068566,69.090722,0.534958,3.332643
2026-08-17 23:58:43,9112.89,375295,1876,238.7951,431.9141,41.2,63.503345,-0.0,127.048149,2.07293,,5.015911,0.501591,4e-06,2.201836,10.0,10.0,8.009061,0.0,8.009061,91.990939,69.886248,0.555918,3.841854
2026-08-17 23:58:55,9125.04,375807,1879,229.0305,426.1925,41.2,39.169006,-0.0,78.37957,2.077976,,5.950637,0.595064,3e-06,1.625053,10.0,10.0,11.933893,0.0,11.933893,88.066107,66.615639,0.509397,3.841854
2026-08-17 23:59:07,9137.28,376319,1881,23.3954,421.2194,41.2,115.898308,0.0,231.838165,2.077346,,6.970549,0.697055,1e-06,2.143239,10.0,10.0,26.254016,0.0,26.254016,73.745984,55.106052,0.481675,3.841854
2026-08-17 23:59:20,9149.44,376831,1884,556.2904,420.3753,41.2,142.848022,0.0,285.73764,2.0798,,9.182022,0.918202,4e-06,1.246634,10.0,10.0,7.604852,0.0,7.604852,92.395148,69.373355,0.433212,3.841854
2026-08-17 23:59:32,9161.69,377343,1886,445.5191,420.0358,41.2,98.383057,0.0,196.807648,2.076861,,8.506162,0.850616,4e-06,1.262464,10.0,10.0,10.743894,0.0,10.743894,89.256106,67.472149,0.426692,3.841854
2026-08-17 23:59:44,9173.82,377855,1889,493.3634,421.9709,41.2,86.811798,0.0,173.665085,2.074389,,7.602897,0.76029,3e-06,0.957172,10.0,10.0,4.624067,0.0,4.624067,95.375933,72.844775,0.457332,3.841854
2026-08-17 23:59:56,9186.04,378367,1891,441.9798,423.9518,41.2,75.840767,0.0,151.722885,2.067927,,8.575936,0.857594,2e-06,2.374925,10.0,10.0,10.910064,0.0,10.910064,89.089936,66.873974,0.435859,3.841854
2026-08-18 00:00:09,9198.32,378879,1894,333.1362,424.0241,41.2,88.98114,0.0,178.003586,2.064955,,7.582744,0.758274,3e-06,0.631387,8.0,10.0,12.691101,0.0,12.691101,87.308899,65.288107,0.411388,3.841854
2026-08-18 00:00:21,9210.65,379391,1896,121.1565,421.8966,41.2,63.550446,-0.0,127.142021,2.056508,,6.204809,0.620481,2e-06,2.714644,10.0,10.0,18.135718,0.0,18.135718,81.864282,61.335452,0.469394,3.841854
2026-08-18 00:00:33,9222.85,379903,1899,371.1849,419.7405,41.2,46.281536,0.0,92.604156,2.054306,,5.616313,0.561631,3e-06,1.649165,10.0,10.0,3.297929,0.0,3.297929,96.702071,73.294244,0.463753,3.841854
2026-08-18 00:00:45,9235.04,380415,1902,355.0904,419.1313,41.2,92.958038,0.0,185.957001,2.046489,,7.399047,0.739905,2e-06,0.813807,6.0,10.0,10.564902,0.0,10.564902,89.435098,67.208373,0.446006,3.841854
2026-08-18 00:00:57,9247.13,380927,1904,401.1089,419.8896,41.2,93.744286,0.0,187.529343,2.038604,,8.986143,0.898614,2e-06,0.780762,10.0,10.0,14.388808,0.0,14.388808,85.611192,65.260725,0.402692,3.841854
2026-08-18 00:01:10,9259.34,381439,1907,-192.4511,416.183,41.2,380.322388,0.0,760.685364,2.029988,,5.624313,0.562431,1e-06,2.912266,10.0,10.0,31.755859,0.0,31.755859,68.244141,49.775478,0.501899,3.841854
2026-08-18 00:01:22,9271.58,381951,1909,159.6413,412.6407,41.2,48.416199,0.0,96.872978,2.029104,,4.404821,0.440482,3e-06,1.569479,10.0,10.0,9.489137,0.0,9.489137,90.510863,69.186001,0.514433,3.841854
2026-08-18 00:01:34,9283.77,382463,1912,215.602,409.917,41.2,57.222137,0.0,114.484741,2.023303,,4.628782,0.462878,2e-06,1.957123,10.0,10.0,7.624743,0.0,7.624743,92.375257,69.113882,0.461822,3.841854
2026-08-18 00:01:46,9295.79,382975,1914,552.6982,407.5405,41.2,161.322876,-0.0,322.686127,2.018335,,9.178145,0.917814,3e-06,1.441695,10.0,10.0,7.178551,0.0,7.178551,92.821449,70.427829,0.415261,3.841854
2026-08-18 00:01:58,9307.96,383487,1917,328.2562,403.724,41.2,40.661186,0.0,81.36261,2.011752,,7.883215,0.788321,2e-06,3.098434,10.0,10.0,14.593501,0.0,14.593501,85.406499,63.433684,0.429624,3.841854
2026-08-18 00:02:10,9320.17,383999,1920,397.2765,402.6193,41.2,94.37011,0.0,188.780258,2.001591,,8.478727,0.847873,2e-06,2.081503,10.0,10.0,12.948954,0.0,12.948954,87.051046,66.311532,0.443813,3.841854
2026-08-18 00:02:23,9332.35,384511,1922,291.781,401.8819,41.2,128.639786,-0.0,257.319305,1.987205,,8.747829,0.874783,1e-06,2.234457,10.0,10.0,18.485992,0.0,18.485992,81.514008,61.303463,0.443084,3.841854
2026-08-18 00:02:35,9344.54,385023,1925,311.9955,397.704,41.2,93.586922,0.0,187.213242,1.969904,,9.77086,0.977086,1e-06,2.601494,10.0,10.0,21.193448,0.0,21.193448,78.806552,58.956333,0.427212,3.841854
2026-08-18 00:02:47,9356.77,385535,1927,719.0222,401.4789,41.2,180.00235,-0.0,360.043793,1.954283,,10.998539,1.099854,4e-06,0.632627,7.0,10.0,4.829631,0.0,4.829631,95.170369,72.267738,0.390636,3.841854
2026-08-18 00:02:59,9369.08,386047,1930,660.5442,405.2593,41.2,200.731827,0.0,401.502289,1.931228,,12.265308,1.226531,2e-06,1.790392,10.0,10.0,11.570913,0.0,11.570913,88.429087,66.159858,0.434124,3.841854
2026-08-18 00:03:11,9381.29,386559,1932,538.2893,403.1386,41.2,111.886543,0.0,223.811386,1.915065,,10.216755,1.021676,2e-06,1.517578,10.0,10.0,11.372138,0.0,11.372138,88.627862,67.635962,0.398473,3.841854
2026-08-18 00:03:24,9393.64,387071,1935,107.242,397.1551,41.2,79.871597,0.0,159.781052,1.892831,,8.084941,0.808494,1e-06,2.071003,10.0,10.0,24.911437,0.0,24.911437,75.088563,55.91255,0.403949,3.841854
2026-08-18 00:03:36,9405.85,387583,1937,400.0529,396.8709,41.2,198.82225,-0.0,397.682098,1.879436,,10.031766,1.003177,1e-06,1.032965,10.0,10.0,16.844894,0.0,16.844894,83.155106,63.755024,0.3819,4.490073
2026-08-18 00:03:48,9417.89,388095,1940,83.594,394.1639,41.2,54.066021,-0.0,108.169388,1.867485,,6.539994,0.653999,1e-06,1.394238,10.0,10.0,18.063577,0.0,18.063577,81.936423,61.642403,0.404751,4.490073
2026-08-18 00:04:00,9429.89,388607,1943,287.8848,389.9135,41.2,45.595329,0.0,91.227684,1.851276,,9.059095,0.905909,1e-06,2.124213,10.0,10.0,17.393937,0.0,17.393937,82.606063,62.565772,0.377363,4.490073
2026-08-18 00:04:12,9442.12,389119,1945,816.2359,392.7475,41.2,263.859741,-0.0,527.757446,1.897436,,13.576296,1.35763,3e-06,1.013817,10.0,10.0,6.806076,0.0,6.806076,93.193924,71.212754,0.405049,4.490073
2026-08-18 00:04:24,9454.2,389631,1948,901.2062,399.8656,41.2,270.205658,0.0,540.450073,1.936585,,12.579802,1.25798,4e-06,0.398902,3.0,6.0,0.048871,0.0,0.048871,99.951129,76.389453,0.408549,4.490073
2026-08-18 00:04:37,9466.41,390143,1950,589.353,403.3195,41.2,117.035774,0.0,234.110748,1.960357,,8.992876,0.899288,3e-06,1.333647,10.0,10.0,3.916164,0.0,3.916164,96.083836,73.281992,0.413962,4.490073
2026-08-18 00:04:49,9478.63,390655,1953,607.0414,406.7288,41.2,126.431908,0.0,252.903442,1.981655,,8.116308,0.811631,3e-06,0.458616,3.0,7.0,0.012311,0.0,0.012311,99.987689,76.895995,0.443333,4.490073
2026-08-18 00:05:01,9490.68,391167,1955,260.8124,405.3289,41.2,95.585228,-0.0,191.210281,1.991195,,6.587658,0.658766,2e-06,1.194682,10.0,10.0,10.824632,0.0,10.824632,89.175368,67.766756,0.433006,4.490073
2026-08-18 00:05:13,9502.74,391679,1958,316.9398,401.4921,41.2,80.142555,-0.0,160.32515,2.001584,,7.233796,0.72338,2e-06,1.770633,10.0,10.0,10.142753,0.0,10.142753,89.857247,67.756649,0.478435,4.490073
2026-08-18 00:05:25,9514.81,392191,1960,430.4739,399.132,41.2,60.157223,0.0,120.354736,2.014558,,8.455893,0.845589,3e-06,0.823046,7.0,10.0,9.2146,0.0,9.2146,90.7854,69.752702,0.441472,4.490073
2026-08-18 00:05:37,9527.08,392703,1963,304.7492,396.3049,41.2,71.000259,-0.0,142.040939,2.021182,,10.491161,1.049116,1e-06,2.360632,10.0,10.0,21.314706,0.0,21.314706,78.685294,58.641493,0.424499,4.490073
2026-08-18 00:05:49,9539.19,393215,1966,632.4459,400.2629,41.2,151.479568,0.0,302.999817,2.033907,,10.125341,1.012534,3e-06,0.879889,9.0,10.0,5.31948,0.0,5.31948,94.68052,72.91649,0.413183,4.490073
2026-08-18 00:06:02,9551.38,393727,1968,47.3155,395.709,41.2,208.882019,-0.0,417.80484,2.040413,,6.115236,0.611524,1e-06,1.276063,10.0,10.0,18.411204,0.0,18.411204,81.588796,61.563711,0.435924,4.490073
2026-08-18 00:06:14,9563.5,394239,1971,278.885,393.8436,41.2,46.777229,-0.0,93.595474,2.050885,,5.197741,0.519774,4e-06,0.661258,6.0,10.0,5.089953,0.0,5.089953,94.910047,72.180649,0.528156,4.490073
2026-08-18 00:06:26,9575.67,394751,1973,711.9748,397.1323,41.2,158.99115,0.0,318.023315,2.050353,,10.14482,1.014482,4e-06,0.663469,4.0,10.0,2.387698,0.0,2.387698,97.612302,74.616471,0.424563,4.490073
2026-08-18 00:06:38,9588.14,395263,1976,408.0528,396.3895,41.2,65.155624,-0.0,130.35228,2.051795,,7.962743,0.796274,2e-06,1.601245,10.0,10.0,8.730164,0.0,8.730164,91.269836,68.749944,0.436666,4.490073
2026-08-18 00:06:51,9600.38,395775,1978,208.5574,395.4622,41.2,47.835915,0.0,95.712852,2.051269,,5.944935,0.594493,2e-06,1.877157,10.0,10.0,11.098153,0.0,11.098153,88.901847,67.252116,0.478777,4.490073
2026-08-18 00:07:03,9612.48,396287,1981,526.0568,396.392,41.2,123.470123,0.0,246.981308,2.053088,,8.865918,0.886592,4e-06,0.586074,4.0,10.0,5.970294,0.0,5.970294,94.029706,71.950032,0.478102,4.490073
2026-08-18 00:07:15,9624.76,396799,1984,133.2026,393.9274,41.2,44.781025,0.0,89.602943,2.044585,,8.707008,0.870701,1e-06,1.758912,10.0,10.0,22.660764,0.0,22.660764,77.339236,58.332226,0.422945,4.490073
2026-08-18 00:07:27,9637.04,397311,1986,182.5341,393.7855,41.2,117.671432,0.0,235.383774,2.045259,,8.026497,0.80265,2e-06,1.501798,10.0,10.0,18.908442,0.0,18.908442,81.091558,60.668206,0.43692,4.490073
2026-08-18 00:07:39,9649.23,397823,1989,592.1628,395.8514,41.2,91.57769,-0.0,183.196335,2.047933,,8.4679,0.84679,4e-06,1.305698,10.0,10.0,1.995742,0.0,1.995742,98.004258,74.53852,0.452368,4.490073
2026-08-18 00:07:52,9661.34,398335,1991,567.7271,398.4636,41.2,119.311134,0.0,238.663193,2.046404,,8.046569,0.804657,4e-06,0.57329,4.0,10.0,1.905959,0.0,1.905959,98.094041,74.811509,0.455593,4.490073
2026-08-18 00:08:04,9673.46,398847,1994,532.0355,398.1378,41.2,113.167007,0.0,226.374954,2.04692,,7.659612,0.765961,3e-06,0.862244,9.0,10.0,1.726175,0.0,1.726175,98.273825,75.399104,0.51984,4.490073
2026-08-18 00:08:16,9685.58,399359,1996,608.487,400.4714,41.2,135.577545,0.0,271.195953,2.043032,,8.893799,0.88938,3e-06,1.223066,9.0,10.0,2.683166,0.0,2.683166,97.316834,74.13401,0.496898,4.490073
2026-08-18 00:08:28,9697.55,399871,1999,694.1249,406.6845,41.2,194.44545,0.0,388.931763,2.042445,,9.991598,0.99916,6e-06,0.444002,4.0,8.0,1.826964,0.0,1.826964,98.173036,75.086972,0.467719,4.490073
2026-08-18 00:08:40,9709.72,400383,2001,520.3258,410.0716,41.2,92.475502,0.0,184.991806,2.03972,,9.945685,0.994568,3e-06,1.123863,8.0,10.0,9.524989,0.0,9.524989,90.475011,68.756526,0.448951,4.494566
2026-08-18 00:08:52,9721.93,400895,2004,311.6407,408.9747,41.2,50.846962,-0.0,101.734695,2.038632,,7.624628,0.762463,3e-06,0.852208,10.0,10.0,11.767966,0.0,11.767966,88.232034,66.936882,0.431461,4.494566
2026-08-18 00:09:04,9734.07,401407,2007,166.7637,401.5457,41.2,49.077972,-0.0,98.196671,2.036241,,7.728136,0.772814,2e-06,1.560413,10.0,10.0,18.720534,0.0,18.720534,81.279466,61.024453,0.397705,4.494566
2026-08-18 00:09:16,9746.13,401919,2009,187.1928,397.2297,41.2,67.353127,0.0,134.746933,2.034283,,9.284386,0.928439,1e-06,1.219062,10.0,10.0,22.491219,0.0,22.491219,77.508781,58.61873,0.413845,4.494566
2026-08-18 00:09:29,9758.34,402431,2012,372.5797,395.0259,41.2,84.27037,0.0,168.581467,2.036386,,6.799669,0.679967,3e-06,1.379318,10.0,10.0,6.514801,0.0,6.514801,93.485199,71.537975,0.434356,4.494566
2026-08-18 00:09:41,9770.65,402943,2014,-47.7315,387.9523,41.2,151.880997,-0.0,303.802643,2.032488,,6.824453,0.682445,1e-06,3.290798,10.0,10.0,25.104442,0.0,25.104442,74.895558,55.442398,0.459956,4.494566
2026-08-18 00:09:53,9782.96,403455,2017,400.8513,388.1505,41.2,119.33992,-0.0,238.720566,2.036584,,8.624194,0.862419,3e-06,2.560346,10.0,10.0,11.663467,0.0,11.663467,88.336533,65.889453,0.48152,4.494566
2026-08-18 00:10:05,9795.15,403967,2019,323.5781,386.9699,41.2,60.974651,0.0,121.98999,2.03441,,9.816032,0.981603,2e-06,2.203896,10.0,10.0,18.559797,0.0,18.559797,81.440203,61.718677,0.455338,4.494566
2026-08-18 00:10:18,9807.44,404479,2022,505.5829,389.0461,41.2,217.263382,-0.0,434.567474,2.036027,,10.556109,1.055611,2e-06,1.54294,10.0,10.0,12.032627,0.0,12.032627,87.967373,66.33629,0.494832,4.494566
2026-08-18 00:10:30,9819.69,404991,2024,176.9588,388.7224,41.2,164.646393,-0.0,329.333496,2.03626,,8.16058,0.816058,1e-06,0.64436,10.0,10.0,18.856346,0.0,18.856346,81.143654,62.206633,0.474044,4.494566
2026-08-18 00:10:42,9831.87,405503,2027,63.1817,383.1087,41.2,153.077698,-0.0,306.196075,2.034485,,8.236483,0.823648,1e-06,2.622945,10.0,10.0,24.443809,0.0,24.443809,75.556191,56.513908,0.45296,4.494566
2026-08-18 00:10:54,9844.01,406015,2030,557.7625,382.6598,41.2,125.781097,0.0,251.602936,2.037111,,9.908905,0.99089,3e-06,0.849805,9.0,10.0,8.144089,0.0,8.144089,91.855911,69.313007,0.448953,4.494566
2026-08-18 00:11:06,9856.25,406527,2032,441.5333,383.724,41.2,74.729683,0.0,149.500015,2.03248,,9.11657,0.911657,2e-06,3.172247,10.0,10.0,11.585207,0.0,11.585207,88.414793,66.270403,0.44547,4.494566
2026-08-18 00:11:19,9868.35,407039,2035,196.9052,381.804,41.2,120.829849,0.0,241.700424,2.036328,,7.07348,0.707348,3e-06,1.261576,10.0,10.0,15.136902,0.0,15.136902,84.863098,64.273873,0.50882,4.494566
2026-08-18 00:11:30,9880.09,407551,2037,210.0104,379.9371,41.2,134.450455,0.0,268.94162,2.035635,,7.530733,0.753073,2e-06,1.717512,10.0,10.0,15.964403,0.0,15.964403,84.035597,62.975684,0.460464,4.494566
2026-08-18 00:11:43,9892.58,408063,2040,372.7698,377.9958,41.2,50.69939,0.0,101.439491,2.035423,,8.655575,0.865557,3e-06,1.471518,10.0,10.0,12.705846,0.0,12.705846,87.294154,66.51895,0.439626,4.494566
2026-08-18 00:11:55,9905.16,408575,2042,597.0563,378.2674,41.2,103.721527,0.0,207.483795,2.036669,,8.956224,0.895622,3e-06,2.102602,10.0,10.0,3.635087,0.0,3.635087,96.364913,73.105112,0.440691,4.494566
2026-08-18 00:12:08,9917.73,409087,2045,377.5742,373.9421,41.2,94.065811,0.0,188.172394,2.0382,,7.617957,0.761796,3e-06,1.37947,10.0,10.0,8.917393,0.0,8.917393,91.082607,68.649436,0.524234,4.494566
2026-08-18 00:12:20,9930.26,409599,2048,512.6381,375.6003,41.2,89.793205,0.0,179.627197,2.03909,,7.78196,0.778196,3e-06,0.790035,7.0,10.0,3.591262,0.0,3.591262,96.408738,73.380915,0.423297,4.494566
2026-08-18 00:12:33,9942.74,410111,2050,454.14,375.7419,41.2,96.637848,-0.0,193.316452,2.038029,,8.103814,0.810381,4e-06,0.814352,9.0,10.0,6.983269,0.0,6.983269,93.016731,70.635893,0.428343,4.494566
2026-08-18 00:12:46,9955.38,410623,2053,385.3285,374.3232,41.2,95.762924,0.0,191.566635,2.039509,,7.225535,0.722553,3e-06,0.869978,10.0,10.0,7.35427,0.0,7.35427,92.64573,70.335516,0.45424,4.494566
2026-08-18 00:12:58,9967.87,411135,2055,-19.2204,367.8929,41.2,304.184357,0.0,608.409424,2.034244,,8.225187,0.822519,1e-06,1.942039,10.0,10.0,27.879344,0.0,27.879344,72.120656,54.100212,0.459804,4.494566
2026-08-18 00:13:10,9980.31,411647,2058,797.2868,377.1447,41.2,248.71846,-0.0,497.477753,2.041076,,11.459438,1.145944,5e-06,0.232542,1.0,3.0,1.735629,0.0,1.735629,98.264371,74.825442,0.474031,4.494566
2026-08-18 00:13:23,9992.78,412159,2060,219.7737,375.7741,41.2,102.378731,0.0,204.798264,2.040225,,5.9124,0.59124,3e-06,1.137944,9.0,10.0,10.011433,0.0,10.011433,89.988567,68.43518,0.497316,4.494566
2026-08-18 00:13:36,10005.51,412671,2063,223.7984,370.9971,41.2,45.158051,-0.0,90.356895,2.03986,,6.182065,0.618207,2e-06,3.127231,10.0,10.0,10.846362,0.0,10.846362,89.153638,66.794054,0.476931,5.07947
2026-08-18 00:13:48,10018.1,413183,2065,261.3181,370.4158,41.2,49.686035,0.0,99.412964,2.044834,,5.412374,0.541237,4e-06,0.668444,4.0,10.0,5.890041,0.0,5.890041,94.109959,71.989263,0.515932,5.07947
2026-08-18 00:14:01,10030.8,413695,2068,227.3,370.8647,41.2,47.372158,0.0,94.785133,2.040884,,5.272117,0.527212,3e-06,1.533456,10.0,10.0,7.115862,0.0,7.115862,92.884138,70.243075,0.532976,5.07947
2026-08-18 00:14:14,10043.34,414207,2071,500.2518,372.0015,41.2,124.329803,-0.0,248.700302,2.034726,,8.873332,0.887333,3e-06,1.262999,10.0,10.0,6.472346,0.0,6.472346,93.527654,70.620689,0.482428,5.07947
2026-08-18 00:14:26,10055.94,414719,2073,373.5889,373.5868,41.2,227.370041,0.0,454.78067,2.028715,,10.282309,1.028231,2e-06,1.743339,10.0,10.0,14.819518,0.0,14.819518,85.180482,63.869836,0.516597,5.07947
2026-08-18 00:14:39,10068.62,415231,2076,-240.6595,368.6114,41.2,204.948624,0.0,409.937714,2.023779,,7.679919,0.767992,1e-06,2.57186,10.0,10.0,31.999217,0.0,31.999217,68.000783,50.708184,0.465508,5.07947
2026-08-18 00:14:51,10081.26,415743,2078,626.0179,368.0546,41.2,155.475128,-0.0,310.990814,2.028339,,9.638439,0.963844,4e-06,0.755974,8.0,10.0,3.372095,0.0,3.372095,96.627905,73.20805,0.442583,5.07947
2026-08-18 00:15:04,10093.9,416255,2081,591.5885,369.7389,41.2,153.41423,0.0,306.868988,2.026322,,9.984322,0.998432,3e-06,1.303072,10.0,10.0,6.323168,0.0,6.323168,93.676832,71.016582,0.480707,5.07947
2026-08-18 00:15:17,10106.52,416767,2083,-112.07,367.8154,41.2,185.067215,-0.0,370.174866,2.022097,,5.784326,0.578433,2e-06,2.665809,10.0,10.0,21.828259,0.0,21.828259,78.171741,58.879925,0.505751,5.07947
2026-08-18 00:15:29,10119.1,417279,2086,613.4717,372.8084,41.2,95.777489,-0.0,191.595505,2.026125,,8.439216,0.843922,5e-06,1.166904,9.0,10.0,1.241184,0.0,1.241184,98.758816,74.919544,0.448837,5.07947
2026-08-18 00:15:42,10131.65,417791,2088,392.7132,373.5514,41.2,136.973389,-0.0,273.987122,2.017958,,11.025793,1.102579,2e-06,2.061456,10.0,10.0,16.355213,0.0,16.355213,83.644787,62.891808,0.441327,5.07947
2026-08-18 00:15:54,10144.26,418303,2091,564.5209,375.7122,41.2,153.913345,-0.0,307.867096,2.020824,,9.379,0.9379,3e-06,1.56433,10.0,10.0,5.016997,0.0,5.016997,94.983003,71.808762,0.519223,5.07947
2026-08-18 00:16:07,10156.9,418815,2094,231.96,372.4785,41.2,93.41346,-0.0,186.867264,2.017323,,8.293046,0.829305,2e-06,3.372426,10.0,10.0,16.046079,0.0,16.046079,83.953921,62.591713,0.514627,5.07947
2026-08-18 00:16:20,10169.48,419327,2096,410.2893,372.5015,41.2,79.106316,0.0,158.252914,2.014236,,10.80778,1.080778,3e-06,1.485471,10.0,10.0,15.99148,0.0,15.99148,84.00852,63.481557,0.424853,5.07947
2026-08-18 00:16:32,10181.99,419839,2099,260.0,370.2572,41.2,131.377258,-0.0,262.794861,2.016601,,7.190307,0.719031,2e-06,1.762564,10.0,10.0,11.35194,0.0,11.35194,88.64806,66.745629,0.486943,5.07947
2026-08-18 00:16:45,10194.62,420351,2101,317.8583,369.7213,41.2,58.3909,0.0,116.822075,2.013837,,8.090515,0.809052,2e-06,1.7721,10.0,10.0,11.932437,0.0,11.932437,88.067563,66.798032,0.425901,5.07947
2026-08-18 00:16:57,10207.11,420863,2104,494.2824,370.7033,41.2,164.501572,0.0,329.043427,2.014878,,9.633501,0.96335,2e-06,1.76004,10.0,10.0,8.637874,0.0,8.637874,91.362126,68.281016,0.479243,5.07947
2026-08-18 00:17:10,10219.67,421375,2106,599.9339,372.8768,41.2,122.76741,0.0,245.575073,2.012967,,10.316229,1.031623,3e-06,2.067486,10.0,10.0,7.373849,0.0,7.373849,92.626151,69.825064,0.462221,5.07947
2026-08-18 00:17:23,10232.37,421887,2109,789.1872,376.2698,41.2,207.945404,0.0,415.931122,2.015236,,12.461102,1.24611,3e-06,2.498199,10.0,10.0,5.573234,0.0,5.573234,94.426766,71.005453,0.440032,5.07947
2026-08-18 00:17:35,10244.81,422399,2112,672.53,375.2989,41.2,153.059525,0.0,306.159393,2.017086,,11.544542,1.154454,4e-06,0.526147,2.0,10.0,7.425794,0.0,7.425794,92.574206,71.050552,0.41507,5.07947
2026-08-18 00:17:48,10257.37,422911,2114,592.245,377.3504,41.2,137.802567,0.0,275.645569,2.021414,,9.035285,0.903529,6e-06,0.903754,10.0,10.0,3.527425,0.0,3.527425,96.472575,73.507104,0.461505,5.07947
2026-08-18 00:18:00,10269.8,423423,2117,762.7492,379.2686,41.2,208.874725,-0.0,417.789856,2.0199,,10.567683,1.056768,5e-06,0.602026,5.0,10.0,0.842719,0.0,0.842719,99.157281,75.743788,0.445895,5.07947
2026-08-18 00:18:13,10282.39,423935,2119,312.8284,379.3397,41.2,312.101013,0.0,624.242432,2.021444,,7.682341,0.768234,3e-06,0.806621,9.0,10.0,10.440424,0.0,10.440424,89.559576,67.515331,0.462955,5.07947
2026-08-18 00:18:25,10294.91,424447,2122,-127.1744,377.6811,41.2,185.255066,-0.0,370.550537,2.020201,,5.848778,0.584878,2e-06,2.236827,10.0,10.0,22.335866,0.0,22.335866,77.664134,57.894517,0.490809,5.07947
2026-08-18 00:18:38,10307.52,424959,2124,460.553,378.472,41.2,72.243279,-0.0,144.527054,2.024992,,6.89294,0.689294,5e-06,0.416344,1.0,10.0,2.698298,0.0,2.698298,97.301702,74.287258,0.45013,5.07947
2026-08-18 00:18:50,10320.12,425471,2127,315.0222,378.2812,41.2,72.578499,0.0,145.197372,2.018821,,9.309489,0.930949,3e-06,0.954112,10.0,10.0,14.689022,0.0,14.689022,85.310978,64.471916,0.457439,5.274434
2026-08-18 00:19:03,10332.75,425983,2129,240.9372,376.6138,41.2,184.893005,-0.0,369.826355,2.016633,,10.42951,1.042951,1e-06,2.764355,10.0,10.0,20.638441,0.0,20.638441,79.361559,59.233247,0.491132,5.274434
2026-08-18 00:19:16,10345.41,426495,2132,235.844,376.5843,41.2,40.805302,-0.0,81.651016,2.020573,,10.709507,1.070951,1e-06,3.047878,10.0,10.0,21.296296,0.0,21.296296,78.703704,58.293394,0.432973,5.274434
2026-08-18 00:19:28,10358.01,427007,2135,754.5175,381.8391,41.2,210.191452,0.0,420.423431,2.02682,,11.851924,1.185192,3e-06,1.420565,10.0,10.0,5.271819,0.0,5.271819,94.728181,72.303995,0.472245,5.274434
2026-08-18 00:19:41,10370.64,427519,2137,-336.1691,378.2435,41.2,338.212646,-0.0,676.46582,2.025619,,7.397729,0.739773,1e-06,4.571755,10.0,10.0,33.873018,0.0,33.873018,66.126982,48.672975,0.505316,5.274434
2026-08-18 00:19:53,10383.13,428031,2140,381.4045,376.4946,41.2,70.249954,-0.0,140.540558,2.032312,,8.719315,0.871931,2e-06,2.289726,10.0,10.0,10.522934,0.0,10.522934,89.477066,67.465267,0.474965,5.274434
2026-08-18 00:20:06,10395.68,428543,2142,604.8896,378.0883,41.2,167.208221,0.0,334.457123,2.034689,,10.369854,1.036985,3e-06,1.674079,10.0,10.0,7.042466,0.0,7.042466,92.957534,70.03785,0.482318,5.274434
2026-08-18 00:20:18,10408.15,429055,2145,301.7912,376.1726,41.2,110.154724,-0.0,220.350204,2.037841,,7.6393,0.76393,4e-06,1.125525,10.0,10.0,10.58207,0.0,10.58207,89.41793,67.430469,0.466996,5.274434
2026-08-18 00:20:31,10420.71,429567,2147,368.2811,375.4356,41.2,78.13224,0.0,156.305267,2.03913,,8.377983,0.837798,3e-06,0.568965,2.0,10.0,9.91055,0.0,9.91055,90.08945,68.507235,0.45412,5.274434
2026-08-18 00:20:43,10433.29,430079,2150,260.2248,374.7065,41.2,126.966843,0.0,253.974487,2.040443,,7.169729,0.716973,3e-06,0.686312,6.0,10.0,10.681722,0.0,10.681722,89.318278,67.339843,0.447231,5.274434
2026-08-18 00:20:56,10445.99,430591,2152,-246.8511,371.0264,41.2,149.204163,-0.0,298.449036,2.035058,,5.696991,0.569699,2e-06,4.388343,10.0,10.0,26.219461,0.0,26.219461,73.780539,55.255566,0.500323,5.274434
2026-08-18 00:21:09,10458.52,431103,2155,416.2797,371.4774,41.2,92.051361,0.0,184.143478,2.037565,,8.497163,0.849716,3e-06,1.927393,10.0,10.0,8.655556,0.0,8.655556,91.344444,69.232185,0.458813,5.274434
2026-08-18 00:21:21,10471.07,431615,2158,292.8034,370.8545,41.2,102.044907,-0.0,204.130554,2.03673,,9.262945,0.926294,3e-06,0.877707,10.0,10.0,14.813273,0.0,14.813273,85.186727,64.623002,0.442209,5.274434
2026-08-18 00:21:34,10483.6,432127,2160,85.397,367.6974,41.2,239.284622,-0.0,478.610077,2.041987,,4.713106,0.471311,3e-06,1.399065,10.0,10.0,10.301187,0.0,10.301187,89.698813,67.389125,0.550922,5.274434
2026-08-18 00:21:46,10496.19,432639,2163,50.3931,370.1258,41.2,115.11557,0.0,230.272079,2.047271,,2.981073,0.298107,3e-06,0.98639,6.0,10.0,6.620678,0.0,6.620678,93.379322,71.337548,0.657595,5.274434
2026-08-18 00:21:59,10508.7,433151,2165,379.5383,372.3248,41.2,39.217682,-0.0,78.476257,2.044597,,6.743223,0.674322,4e-06,0.813438,9.0,10.0,4.855815,0.0,4.855815,95.144185,72.197412,0.492114,5.274434
2026-08-18 00:22:12,10521.32,433663,2168,705.7156,377.2259,41.2,179.487747,-0.0,359.016357,2.04274,,10.540789,1.054079,4e-06,0.882167,9.0,10.0,2.991011,0.0,2.991011,97.008989,74.215113,0.469285,5.274434
2026-08-18 00:22:24,10533.86,434175,2170,464.4922,376.3439,41.2,159.377258,-0.0,318.795319,2.040097,,10.189059,1.018906,2e-06,2.910413,10.0,10.0,11.317388,0.0,11.317388,88.682612,66.664992,0.467022,5.274434
2026-08-18 00:22:37,10546.37,434687,2173,155.4315,374.6156,41.2,64.198364,0.0,128.437607,2.044213,,7.989506,0.798951,2e-06,1.719954,10.0,10.0,17.085736,0.0,17.085736,82.914264,62.636356,0.460387,5.274434
2026-08-18 00:22:49,10559.0,435199,2176,25.3516,370.8964,41.2,109.913956,-0.0,219.868774,2.042809,,7.586135,0.758614,2e-06,1.687667,10.0,10.0,20.544363,0.0,20.544363,79.455637,60.293701,0.471064,5.274434
2026-08-18 00:23:02,10571.6,435711,2178,-130.9808,366.6688,41.2,216.827026,-0.0,433.694916,2.043453,,7.105951,0.710595,1e-06,2.220667,10.0,10.0,24.850621,0.0,24.850621,75.149379,55.978843,0.490749,5.274434
2026-08-18 00:23:14,10584.19,436223,2181,411.2855,367.6617,41.2,87.351387,0.0,174.743805,2.051616,,6.589321,0.658932,4e-06,0.742116,9.0,10.0,3.588899,0.0,3.588899,96.411101,73.705755,0.490353,5.274434
2026-08-18 00:23:27,10596.67,436735,2183,739.7156,367.8686,41.2,218.459396,-0.0,436.959778,2.049021,,10.936556,1.093656,3e-06,1.001961,10.0,10.0,2.896765,0.0,2.896765,97.103235,74.744483,0.483914,5.274434
2026-08-18 00:23:39,10609.2,437247,2186,388.2842,365.146,41.2,170.928589,-0.0,341.898132,2.047468,,9.66375,0.966375,2e-06,2.022697,10.0,10.0,12.481799,0.0,12.481799,87.518201,65.27114,0.505336,5.274434
2026-08-18 00:23:52,10621.83,437759,2188,453.0997,364.2941,41.2,98.935799,-0.0,197.912613,2.050728,,9.329037,0.932904,3e-06,1.204449,10.0,10.0,9.301019,0.0,9.301019,90.698981,69.276111,0.449723,5.873837
2026-08-18 00:24:05,10634.61,438271,2191,-117.3658,362.048,41.2,279.022369,0.0,558.085754,2.051785,,7.41156,0.741156,2e-06,3.208422,10.0,10.0,23.060586,0.0,23.060586,76.939414,56.560545,0.463389,5.873837
2026-08-18 00:24:17,10647.19,438783,2193,-162.4418,356.4231,41.2,269.198059,0.0,538.437195,2.053159,,6.636505,0.663651,1e-06,1.676879,10.0,10.0,22.275843,0.0,22.275843,77.724157,58.234894,0.451948,5.873837
2026-08-18 00:24:30,10659.68,439295,2196,230.2632,357.8898,41.2,108.758034,-0.0,217.557281,2.060379,,6.434329,0.643433,3e-06,1.644058,10.0,10.0,8.989949,0.0,8.989949,91.010051,67.844784,0.475702,5.873837
2026-08-18 00:24:42,10672.14,439807,2199,197.2174,356.9831,41.2,127.656448,-0.0,255.35408,2.05928,,7.716243,0.771624,3e-06,1.151825,10.0,10.0,13.002021,0.0,13.002021,86.997979,66.021422,0.458178,5.873837
2026-08-18 00:24:55,10684.64,440319,2201,747.7337,356.2981,41.2,173.049133,0.0,346.139465,2.059461,,9.977998,0.9978,5e-06,0.149822,1.0,2.0,0.0,0.0,0.0,100.0,76.287075,0.427294,5.873837
2026-08-18 00:25:07,10697.14,440831,2204,222.9699,349.5157,41.2,108.743584,0.0,217.528366,2.0603,,5.844705,0.58447,4e-06,0.958527,10.0,10.0,7.561638,0.0,7.561638,92.438362,69.613267,0.490771,5.873837
2026-08-18 00:25:20,10709.76,441343,2206,-72.4153,342.898,41.2,134.562637,-0.0,269.166504,2.062214,,4.49523,0.449523,2e-06,2.269311,10.0,10.0,14.269744,0.0,14.269744,85.730256,64.956156,0.540044,5.873837
2026-08-18 00:25:32,10722.24,441855,2209,111.8778,337.9464,41.2,91.546883,-0.0,183.134964,2.059732,,7.344559,0.734456,3e-06,0.828807,10.0,10.0,14.882081,0.0,14.882081,85.117919,64.725144,0.49881,5.873837
2026-08-18 00:25:45,10734.84,442367,2211,761.3378,342.9516,41.2,189.396774,0.0,378.834747,2.060294,,10.45708,1.045708,3e-06,1.46379,10.0,10.0,1.246226,0.0,1.246226,98.753774,74.740851,0.460161,5.873837
2026-08-18 00:25:58,10747.34,442879,2214,-402.5718,335.7565,41.2,509.009186,-0.0,1018.05957,2.059505,,6.794406,0.679441,1e-06,2.499712,10.0,10.0,30.823276,0.0,30.823276,69.176724,50.537157,0.480314,5.873837
2026-08-18 00:26:10,10760.01,443391,2216,-154.5,329.9068,41.2,303.69519,0.0,607.43158,2.061293,,8.115131,0.811513,1e-06,2.289513,10.0,10.0,25.843348,0.0,25.843348,74.156652,55.48872,0.442337,5.873837
2026-08-18 00:26:23,10772.71,443903,2219,189.2874,328.7522,41.2,75.299164,-0.0,150.639557,2.061715,,8.536562,0.853656,3e-06,2.084543,10.0,10.0,15.430925,0.0,15.430925,84.569075,63.643089,0.465263,5.873837
2026-08-18 00:26:36,10785.39,444415,2222,312.4433,325.5521,41.2,98.141632,-0.0,196.324509,2.062336,,8.516963,0.851696,3e-06,1.575517,10.0,10.0,11.166405,0.0,11.166405,88.833595,67.310737,0.496893,5.873837
2026-08-18 00:26:48,10797.92,444927,2224,464.3882,329.7229,41.2,87.08107,0.0,174.203476,2.067132,,8.325414,0.832541,4e-06,1.242968,10.0,10.0,6.051421,0.0,6.051421,93.948579,71.731791,0.457636,5.873837
2026-08-18 00:27:01,10810.41,445439,2227,59.2633,327.5267,41.2,159.877411,-0.0,319.796204,2.069743,,5.560888,0.556089,3e-06,0.988111,10.0,10.0,12.164772,0.0,12.164772,87.835228,66.714798,0.533469,5.873837
2026-08-18 00:27:13,10822.84,445951,2229,34.5964,320.7529,41.2,172.935043,-0.0,345.91156,2.072957,,4.96158,0.496158,3e-06,1.200352,10.0,10.0,11.680847,0.0,11.680847,88.319153,67.172697,0.569309,5.873837
2026-08-18 00:27:26,10835.41,446463,2232,96.7553,317.6399,41.2,114.935135,0.0,229.911728,2.072758,,5.404837,0.540484,3e-06,0.888631,10.0,10.0,10.662319,0.0,10.662319,89.337681,67.779695,0.53423,5.873837
2026-08-18 00:27:38,10848.02,446975,2234,773.8659,323.293,41.2,206.981964,0.0,414.005341,2.06986,,13.317492,1.331749,4e-06,0.931385,9.0,10.0,6.724484,0.0,6.724484,93.275516,71.056012,0.471079,5.873837
2026-08-18 00:27:51,10860.57,447487,2237,690.2992,324.9354,41.2,241.65007,0.0,483.341614,2.072986,,11.723067,1.172307,5e-06,0.648387,10.0,10.0,5.461894,0.0,5.461894,94.538106,71.830756,0.482217,5.873837
2026-08-18 00:28:03,10873.16,447999,2240,-539.7597,318.2058,41.2,649.359009,0.0,1298.759399,2.070056,,5.86736,0.586736,1e-06,3.3771,10.0,10.0,33.047786,0.0,33.047786,66.952214,49.454814,0.497074,5.873837
2026-08-18 00:28:16,10885.32,448511,2242,133.8947,317.7194,41.2,46.079227,-0.0,92.200005,2.077354,,5.05888,0.505888,3e-06,2.36817,10.0,10.0,8.827956,0.0,8.827956,91.172044,68.119122,0.545424,5.873837
2026-08-18 00:28:28,10898.0,449023,2245,184.5793,313.6436,41.2,61.085953,0.0,122.213455,2.077459,,5.255354,0.525535,3e-06,1.925725,10.0,10.0,7.659625,0.0,7.659625,92.340375,70.049693,0.550465,5.873837
2026-08-18 00:28:41,10910.61,449535,2247,139.848,309.3648,41.2,72.152718,-0.0,144.347,2.078163,,5.448547,0.544855,3e-06,1.843283,10.0,10.0,9.40982,0.0,9.40982,90.59018,68.317233,0.557797,5.873837
2026-08-18 00:28:53,10923.26,450047,2250,-49.4072,303.5503,41.2,273.910217,-0.0,547.862,2.076727,,6.167881,0.616788,2e-06,1.207657,10.0,10.0,17.275422,0.0,17.275422,82.724578,61.985714,0.542865,6.478648
2026-08-18 00:29:06,10935.93,450559,2252,-83.3297,296.6322,41.2,104.217354,-0.0,208.476242,2.076723,,7.015143,0.701514,2e-06,2.783117,10.0,10.0,19.043663,0.0,19.043663,80.956337,60.90714,0.495887,6.478648
2026-08-18 00:29:19,10948.47,451071,2255,107.4896,290.7658,41.2,83.712852,-0.0,167.46727,2.078407,,7.256021,0.725602,2e-06,2.221882,10.0,10.0,13.779469,0.0,13.779469,86.220531,65.165487,0.482745,6.478648
2026-08-18 00:29:31,10960.97,451583,2257,129.4007,286.8566,41.2,140.201813,0.0,280.445221,2.080239,,6.651464,0.665146,3e-06,0.491974,2.0,10.0,11.426637,0.0,11.426637,88.573363,67.370647,0.478322,6.478648
2026-08-18 00:29:44,10973.6,452095,2260,420.5881,287.946,41.2,88.898735,-0.0,177.839127,2.082556,,8.199365,0.819936,3e-06,1.535628,10.0,10.0,6.293117,0.0,6.293117,93.706883,70.810371,0.518087,6.478648
2026-08-18 00:29:56,10986.24,452607,2263,-74.4941,285.5335,41.2,233.4729,-0.0,466.987396,2.079471,,7.727598,0.77276,2e-06,2.673858,10.0,10.0,20.364026,0.0,20.364026,79.635974,60.696791,0.466908,6.478648
2026-08-18 00:30:09,10998.74,453119,2265,347.0206,287.1317,41.2,284.222565,0.0,568.486816,2.083439,,8.484568,0.848457,3e-06,0.877614,7.0,10.0,8.970322,0.0,8.970322,91.029678,68.625545,0.452287,6.478648
2026-08-18 00:30:21,11011.31,453631,2268,381.5186,287.2211,41.2,179.639313,0.0,359.320374,2.086945,,8.031725,0.803172,5e-06,0.606855,4.0,10.0,6.971171,0.0,6.971171,93.028829,71.323541,0.476803,6.478648
2026-08-18 00:30:34,11023.93,454143,2270,450.2574,292.201,41.2,92.228951,0.0,184.499649,2.087229,,9.431769,0.943177,6e-06,1.15927,10.0,10.0,8.332193,0.0,8.332193,91.667807,69.572656,0.411869,6.478648
2026-08-18 00:30:47,11036.56,454655,2273,568.0814,293.8733,41.2,106.192902,0.0,212.427597,2.08994,,10.676732,1.067673,5e-06,0.769158,9.0,10.0,7.069894,0.0,7.069894,92.930106,71.049153,0.437916,6.478648
2026-08-18 00:31:00,11049.33,455167,2275,-224.081,288.3967,41.2,441.094818,-0.0,882.231445,2.089747,,6.891598,0.68916,2e-06,2.187733,10.0,10.0,22.773217,0.0,22.773217,77.226783,57.841763,0.557624,6.478648
2026-08-18 00:31:12,11061.88,455679,2278,399.5727,287.3366,41.2,119.919174,0.0,239.880249,2.094908,,6.60105,0.660105,6e-06,0.793999,9.0,10.0,2.930282,0.0,2.930282,97.069718,74.326003,0.611501,6.478648
2026-08-18 00:31:25,11074.5,456191,2280,180.7769,287.3748,41.2,102.924042,-0.0,205.890015,2.096345,,5.801574,0.580157,3e-06,1.154977,10.0,10.0,8.047806,0.0,8.047806,91.952194,70.151807,0.544307,6.478648
2026-08-18 00:31:37,11086.96,456703,2283,631.0214,293.0532,41.2,122.649979,0.0,245.341843,2.094629,,9.902227,0.990223,4e-06,1.357379,10.0,10.0,3.688317,0.0,3.688317,96.311683,73.404575,0.46457,6.478648
2026-08-18 00:31:50,11099.4,457215,2286,570.8039,293.1836,41.2,149.7966,0.0,299.635101,2.09556,,10.387093,1.038709,5e-06,0.618823,6.0,10.0,6.546202,0.0,6.546202,93.453798,71.762406,0.466149,6.478648
2026-08-18 00:32:02,11111.89,457727,2288,13.2378,288.9007,41.2,178.102936,-0.0,356.247833,2.098702,,6.268697,0.62687,3e-06,1.403132,10.0,10.0,14.074846,0.0,14.074846,85.925154,64.900534,0.513317,6.478648
2026-08-18 00:32:15,11124.45,458239,2291,-82.4529,286.1071,41.2,121.689102,-0.0,243.420197,2.099294,,4.993018,0.499302,2e-06,2.661958,10.0,10.0,14.540263,0.0,14.540263,85.459737,64.111133,0.56271,6.478648
2026-08-18 00:32:27,11137.02,458751,2293,119.291,285.1999,41.2,92.498787,-0.0,185.039566,2.099902,,6.688437,0.668844,3e-06,1.501607,10.0,10.0,12.161269,0.0,12.161269,87.838731,67.339262,0.530749,6.478648
2026-08-18 00:32:40,11149.48,459263,2296,57.5935,282.0481,41.2,162.667572,-0.0,325.377197,2.102432,,5.458258,0.545826,3e-06,2.117531,10.0,10.0,11.210841,0.0,11.210841,88.789159,67.264943,0.567196,6.478648
2026-08-18 00:32:52,11161.95,459775,2298,600.7406,282.085,41.2,167.386993,0.0,334.81604,2.102113,,9.327976,0.932798,4e-06,0.591827,3.0,10.0,3.134386,0.0,3.134386,96.865614,74.611683,0.497194,6.478648
2026-08-18 00:33:05,11174.66,460287,2301,771.8573,286.0278,41.2,268.818054,0.0,537.678162,2.101738,,11.903951,1.190395,3e-06,1.537962,10.0,10.0,3.289789,0.0,3.289789,96.710211,73.63252,0.556018,6.478648
2026-08-18 00:33:17,11187.24,460799,2304,0.4729,280.9062,41.2,324.636688,0.0,649.315369,2.100856,,8.155783,0.815578,2e-06,1.940358,10.0,10.0,19.14148,0.0,19.14148,80.85852,61.385224,0.492327,6.478648
2026-08-18 00:33:30,11199.95,461311,2306,387.4249,280.239,41.2,78.602829,-0.0,157.247726,2.103683,,8.685991,0.868599,4e-06,1.064747,10.0,10.0,8.229529,0.0,8.229529,91.770471,70.550252,0.463117,6.478648
2026-08-18 00:33:43,11212.54,461823,2309,181.3798,278.1995,41.2,75.469833,0.0,150.981735,2.103431,,8.674906,0.867491,3e-06,1.288674,10.0,10.0,14.399364,0.0,14.399364,85.600636,65.222885,0.455138,6.478648
2026-08-18 00:33:55,11225.07,462335,2311,-28.9412,278.1023,41.2,271.868347,-0.0,543.778748,2.103879,,7.946361,0.794636,2e-06,1.560815,10.0,10.0,19.238671,0.0,19.238671,80.761329,60.709299,0.451005,6.478648
2026-08-18 00:34:08,11237.65,462847,2314,652.813,276.6576,41.2,240.412842,0.0,480.867767,2.104009,,10.879679,1.087968,4e-06,1.110058,10.0,10.0,5.117301,0.0,5.117301,94.882699,71.768499,0.457265,6.799889
2026-08-18 00:34:20,11250.25,463359,2316,388.7623,278.3475,41.2,177.442352,0.0,354.926788,2.103542,,10.047582,1.004758,3e-06,1.998138,10.0,10.0,10.884332,0.0,10.884332,89.115668,67.780672,0.46407,6.799889
2026-08-18 00:34:33,11262.92,463871,2319,205.0473,278.1599,41.2,98.165115,-0.0,196.372421,2.109172,,5.593355,0.559335,3e-06,1.619225,10.0,10.0,6.847618,0.0,6.847618,93.152382,70.865513,0.525342,6.799889
2026-08-18 00:34:46,11275.51,464383,2321,115.5295,276.7021,41.2,77.779343,-0.0,155.600906,2.111034,,3.596574,0.359657,5e-06,0.739456,8.0,10.0,4.793254,0.0,4.793254,95.206746,73.604861,0.603925,6.799889
2026-08-18 00:34:58,11288.09,464895,2324,6.7913,274.497,41.2,121.18187,-0.0,242.40596,2.11125,,4.490219,0.449022,3e-06,0.974152,10.0,10.0,9.89252,0.0,9.89252,90.10748,69.025419,0.556161,6.799889
2026-08-18 00:35:11,11300.72,465407,2327,-33.831,269.1561,41.2,187.06311,-0.0,374.168427,2.110555,,6.139307,0.613931,3e-06,1.394204,10.0,10.0,14.780414,0.0,14.780414,85.219586,64.783321,0.493521,6.799889
2026-08-18 00:35:24,11313.51,465919,2329,38.241,265.8027,41.2,74.325203,0.0,148.692612,2.110015,,5.708942,0.570894,2e-06,2.276653,10.0,10.0,11.91021,0.0,11.91021,88.08979,66.277821,0.51369,6.799889
2026-08-18 00:35:36,11326.21,466431,2332,-141.6341,266.7929,41.2,141.056213,-0.0,282.154633,2.109862,,7.006797,0.70068,2e-06,1.705357,10.0,10.0,19.611963,0.0,19.611963,80.388037,59.952619,0.511147,6.799889
2026-08-18 00:35:49,11338.8,466943,2334,121.3542,261.7463,41.2,193.062393,-0.0,386.166992,2.110056,,7.967341,0.796734,3e-06,1.07415,10.0,10.0,13.861225,0.0,13.861225,86.138775,65.631795,0.497455,6.799889
2026-08-18 00:36:02,11351.33,467455,2337,431.4011,260.1444,41.2,102.261993,0.0,204.566254,2.113141,,8.058067,0.805807,4e-06,1.39214,10.0,10.0,5.414061,0.0,5.414061,94.585939,71.045138,0.477467,6.799889
2026-08-18 00:36:14,11363.96,467967,2339,474.2398,266.0075,41.2,128.053055,0.0,256.148376,2.113726,,9.54068,0.954068,4e-06,1.578593,10.0,10.0,7.398158,0.0,7.398158,92.601842,69.880505,0.475473,6.799889
2026-08-18 00:36:27,11376.63,468479,2342,358.4691,263.4575,41.2,166.281799,0.0,332.605865,2.113734,,10.081544,1.008154,3e-06,1.554999,10.0,10.0,11.676106,0.0,11.676106,88.323894,66.57436,0.536249,6.799889
2026-08-18 00:36:39,11389.23,468991,2344,381.9829,263.3502,41.2,46.165688,0.0,92.373711,2.116848,,8.743845,0.874385,4e-06,1.374365,10.0,10.0,8.293548,0.0,8.293548,91.706452,70.343322,0.498449,6.799889
2026-08-18 00:36:52,11401.77,469503,2347,234.3957,260.0489,41.2,83.187592,0.0,166.417572,2.119756,,5.125426,0.512543,3e-06,2.209107,10.0,10.0,4.925917,0.0,4.925917,95.074083,71.410958,0.59391,6.799889
2026-08-18 00:37:05,11414.43,470015,2350,194.7908,259.6772,41.2,50.722504,-0.0,101.487366,2.117807,,8.554393,0.855439,2e-06,2.966923,10.0,10.0,13.818274,0.0,13.818274,86.181726,65.176127,0.474271,6.799889
2026-08-18 00:37:17,11427.05,470527,2352,150.2754,257.0771,41.2,57.986534,0.0,116.015404,2.116676,,10.836778,1.083678,2e-06,3.010911,10.0,10.0,19.716293,0.0,19.716293,80.283707,60.905536,0.438148,6.799889
2026-08-18 00:37:30,11439.72,471039,2355,-164.8457,252.8286,41.2,223.552826,-0.0,447.148041,2.119207,,6.867841,0.686784,2e-06,2.704092,10.0,10.0,20.202662,0.0,20.202662,79.797338,60.010881,0.494119,6.799889
2026-08-18 00:37:42,11452.3,471551,2357,-115.3627,248.4964,41.2,400.352722,-0.0,800.747864,2.121577,,6.538989,0.653899,2e-06,1.872691,10.0,10.0,17.942031,0.0,17.942031,82.057969,62.251187,0.512916,6.799889
2026-08-18 00:37:55,11464.85,472063,2360,383.2428,247.386,41.2,93.669647,0.0,187.381821,2.126261,,5.870571,0.587057,4e-06,0.312764,1.0,10.0,1.972397,0.0,1.972397,98.027603,75.270077,0.469005,6.799889
2026-08-18 00:38:08,11477.49,472575,2362,356.6165,244.9529,41.2,121.263817,-0.0,242.570145,2.125826,,6.774041,0.677404,4e-06,0.283182,2.0,4.0,4.677972,0.0,4.677972,95.322028,73.469523,0.484806,6.799889
2026-08-18 00:38:20,11490.09,473087,2365,-107.2257,235.9887,41.2,283.759857,0.0,567.562195,2.123506,,7.724097,0.77241,2e-06,1.764476,10.0,10.0,20.004794,0.0,20.004794,79.995206,60.314027,0.485302,6.799889
2026-08-18 00:38:33,11502.57,473599,2368,625.4959,235.5184,41.2,134.926041,0.0,269.894623,2.126928,,8.899619,0.889962,5e-06,1.246561,10.0,10.0,1.643345,0.0,1.643345,98.356655,75.05857,0.456403,6.799889
2026-08-18 00:38:45,11515.14,474111,2370,401.7743,233.6137,41.2,79.465302,0.0,158.97316,2.127603,,7.54785,0.754785,4e-06,0.978776,10.0,10.0,5.091469,0.0,5.091469,94.908531,71.991578,0.478878,6.799889
2026-08-18 00:38:58,11527.75,474623,2373,-47.7288,225.5089,41.2,233.096344,-0.0,466.235199,2.124826,,8.390336,0.839034,2e-06,3.131583,10.0,10.0,20.378037,0.0,20.378037,79.621963,58.558985,0.447817,6.799889
2026-08-18 00:39:11,11540.34,475135,2375,392.2436,226.3031,41.2,98.283249,-0.0,196.609039,2.126933,,11.533571,1.153357,2e-06,2.009715,10.0,10.0,13.8898,0.0,13.8898,86.1102,64.930996,0.450889,7.12466
2026-08-18 00:39:23,11552.84,475647,2378,337.5388,230.9502,41.2,110.426735,0.0,220.896103,2.131376,,8.700195,0.870019,5e-06,0.372196,1.0,10.0,8.758721,0.0,8.758721,91.241279,68.889901,0.438608,7.12466
2026-08-18 00:39:36,11565.43,476159,2380,-12.0388,226.2243,41.2,206.970795,-0.0,413.984192,2.130546,,6.457273,0.645727,3e-06,1.676652,10.0,10.0,14.157356,0.0,14.157356,85.842644,65.530815,0.521827,7.12466
2026-08-18 00:39:48,11578.01,476671,2383,153.9215,224.6133,41.2,163.489105,-0.0,327.020813,2.129789,,8.942795,0.894279,2e-06,1.757501,10.0,10.0,14.543282,0.0,14.543282,85.456718,63.974577,0.497865,7.12466
2026-08-18 00:40:01,11590.59,477183,2385,372.6128,225.93,41.2,201.586838,0.0,403.216309,2.131111,,8.619302,0.86193,4e-06,0.879124,10.0,10.0,7.733428,0.0,7.733428,92.266572,71.31178,0.454535,7.12466
2026-08-18 00:40:13,11603.27,477695,2388,-343.322,220.1384,41.2,551.358398,0.0,1102.759399,2.131014,,5.110033,0.511003,2e-06,2.127907,10.0,10.0,20.451573,0.0,20.451573,79.548427,60.263483,0.529041,7.12466
2026-08-18 00:40:26,11615.8,478207,2391,-172.2404,210.8708,41.2,167.661896,0.0,335.366455,2.133001,,4.193932,0.419393,2e-06,1.926232,10.0,10.0,13.85449,0.0,13.85449,86.14551,65.447568,0.604381,7.12466
2026-08-18 00:40:39,11628.33,478719,2393,-108.2474,213.15,41.2,92.811432,-0.0,185.665512,2.132167,,5.15783,0.515783,2e-06,2.587489,10.0,10.0,14.247187,0.0,14.247187,85.752813,64.807724,0.54851,7.12466
2026-08-18 00:40:51,11640.85,479231,2396,-434.3543,204.9924,41.2,330.21405,0.0,660.470703,2.131597,,5.396859,0.539686,1e-06,2.534731,10.0,10.0,23.47217,0.0,23.47217,76.52783,57.394987,0.553926,7.12466
2026-08-18 00:41:04,11653.35,479743,2398,135.7918,200.3014,41.2,45.343845,-0.0,90.730362,2.133552,,4.988833,0.498883,3e-06,2.701847,10.0,10.0,7.49205,0.0,7.49205,92.50795,70.459189,0.559707,7.12466
2026-08-18 00:41:16,11666.09,480255,2401,-141.4441,195.8691,41.2,140.139969,0.0,280.322601,2.133276,,5.99291,0.599291,2e-06,2.234041,10.0,10.0,16.907234,0.0,16.907234,83.092766,62.449014,0.560329,7.12466
2026-08-18 00:41:29,11678.65,480767,2403,-777.9301,184.407,41.2,928.161926,0.0,1856.366455,2.130888,,5.009053,0.500905,1e-06,2.052896,10.0,10.0,31.978476,0.0,31.978476,68.021524,50.635063,0.542941,7.12466
2026-08-18 00:41:41,11691.3,481279,2406,-237.318,179.4315,41.2,220.509537,0.0,441.061737,2.132755,,6.262368,0.626237,2e-06,2.132975,10.0,10.0,19.804902,0.0,19.804902,80.195098,59.202288,0.515234,7.12466
2026-08-18 00:41:54,11704.0,481791,2408,15.4433,182.0545,41.2,101.953873,-0.0,203.950394,2.132703,,8.170289,0.817029,3e-06,1.16184,10.0,10.0,16.762509,0.0,16.762509,83.237491,62.768392,0.469826,7.12466
2026-08-18 00:42:07,11716.69,482303,2411,-430.283,173.5888,41.2,284.103271,-0.0,568.249207,2.132837,,5.852282,0.585228,1e-06,1.703664,10.0,10.0,24.264773,0.0,24.264773,75.735227,56.135859,0.531342,7.12466
2026-08-18 00:42:20,11729.42,482815,2414,81.4582,171.4754,41.2,176.274185,-0.0,352.591064,2.134082,,8.021535,0.802154,3e-06,2.158539,10.0,10.0,14.802027,0.0,14.802027,85.197973,64.086703,0.483715,7.12466
2026-08-18 00:42:32,11742.14,483327,2416,464.3882,175.2653,41.2,76.236992,0.0,152.516632,2.132564,,11.2243,1.12243,3e-06,1.768257,10.0,10.0,10.900243,0.0,10.900243,89.099757,67.809129,0.45787,7.12466
2026-08-18 00:42:45,11754.79,483839,2419,-61.5134,174.1462,41.2,197.567627,-0.0,395.177917,2.133823,,7.333524,0.733352,2e-06,2.594201,10.0,10.0,17.362501,0.0,17.362501,82.637499,61.101456,0.481801,7.12466
2026-08-18 00:42:58,11767.51,484351,2421,-645.0451,163.9004,41.2,684.098389,-0.0,1368.23938,2.132482,,6.529766,0.652977,1e-06,2.559264,10.0,10.0,31.512249,0.0,31.512249,68.487751,51.104486,0.523446,7.12466
2026-08-18 00:43:10,11780.09,484863,2424,466.134,161.5046,41.2,152.058121,0.0,304.158936,2.134332,,10.879956,1.087996,3e-06,1.635674,10.0,10.0,9.729565,0.0,9.729565,90.270435,68.328153,0.452195,7.12466
2026-08-18 00:43:23,11792.77,485375,2426,92.4789,157.7845,41.2,599.793152,-0.0,1199.629028,2.134777,,9.015599,0.90156,3e-06,1.83268,10.0,10.0,16.044447,0.0,16.044447,83.955553,63.052026,0.492787,7.12466
2026-08-18 00:43:36,11805.36,485887,2429,417.5515,160.4057,41.2,256.1427,0.0,512.328125,2.135962,,9.24376,0.924376,4e-06,0.352124,1.0,10.0,7.641338,0.0,7.641338,92.358662,69.80876,0.476021,7.12466
2026-08-18 00:43:48,11817.86,486399,2432,354.1954,163.6941,41.2,246.13826,-0.0,492.319244,2.135739,,10.656221,1.065622,3e-06,0.731403,5.0,10.0,12.183719,0.0,12.183719,87.816281,66.298395,0.465904,7.12466
2026-08-18 00:44:01,11830.4,486911,2434,230.7916,167.3118,41.2,67.533043,0.0,135.108795,2.135638,,9.966691,0.996669,2e-06,1.90263,10.0,10.0,14.520802,0.0,14.520802,85.479198,63.970499,0.470958,7.12466
2026-08-18 00:44:13,11842.82,487423,2437,516.5188,168.3642,41.2,113.200127,0.0,226.443069,2.140995,,8.39305,0.839305,4e-06,1.51069,9.0,10.0,3.572473,0.0,3.572473,96.427527,73.356939,0.472693,7.12466
2026-08-18 00:44:26,11855.38,487935,2439,417.9968,165.147,41.2,101.425224,0.0,202.893311,2.143347,,7.661801,0.76618,3e-06,2.185098,10.0,10.0,4.355286,0.0,4.355286,95.644714,72.190392,0.484102,8.038803
2026-08-18 00:44:38,11867.97,488447,2442,534.1099,166.6052,41.2,100.629295,-0.0,201.301483,2.144989,,8.165598,0.81656,4e-06,0.692223,5.0,10.0,2.301878,0.0,2.301878,97.698122,75.094929,0.454613,8.038803
2026-08-18 00:44:51,11880.7,488959,2444,400.0709,166.0749,41.2,168.863144,0.0,337.769196,2.144832,,9.127429,0.912743,4e-06,0.802889,7.0,10.0,7.077209,0.0,7.077209,92.922791,71.004558,0.451251,8.038803
2026-08-18 00:45:03,11893.28,489471,2447,41.1475,167.6601,41.2,138.760025,-0.0,277.562958,2.14594,,7.336254,0.733625,2e-06,2.591324,10.0,10.0,13.040495,0.0,13.040495,86.959505,65.103842,0.513937,8.038803
2026-08-18 00:45:16,11905.77,489983,2449,-47.7392,168.8071,41.2,215.483292,-0.0,431.009491,2.144699,,9.021747,0.902175,2e-06,3.51445,10.0,10.0,18.534925,0.0,18.534925,81.465075,61.398823,0.50064,8.038803
2026-08-18 00:45:28,11918.29,490495,2452,488.5239,171.3897,41.2,119.143921,0.0,238.330795,2.147538,,9.765705,0.97657,4e-06,1.460166,10.0,10.0,6.238967,0.0,6.238967,93.761033,70.823235,0.481542,8.038803
2026-08-18 00:45:41,11930.76,491007,2455,515.2311,174.5698,41.2,92.332733,0.0,184.708481,2.151046,,7.952845,0.795285,6e-06,0.607756,9.0,10.0,2.40513,0.0,2.40513,97.59487,74.710074,0.471341,8.038803
2026-08-18 00:45:54,11943.33,491519,2457,244.8456,169.541,41.2,57.245232,-0.0,114.533501,2.152002,,5.767197,0.57672,7e-06,0.906626,10.0,10.0,5.051046,0.0,5.051046,94.948954,72.047368,0.553316,8.038803
2026-08-18 00:46:06,11955.75,492031,2460,275.7399,170.0687,41.2,55.002308,-0.0,110.047607,2.149753,,9.156171,0.915617,3e-06,1.131172,8.0,10.0,10.259308,0.0,10.259308,89.740692,67.189598,0.414724,8.038803
2026-08-18 00:46:19,11968.35,492543,2462,-63.2641,170.1602,41.2,380.14975,0.0,760.342529,2.151763,,7.101514,0.710151,2e-06,2.02169,10.0,10.0,14.766427,0.0,14.766427,85.233573,64.125055,0.461684,8.038803
2026-08-18 00:46:31,11980.93,493055,2465,-13.1041,168.9104,41.2,241.338455,0.0,482.720032,2.15616,,5.139624,0.513962,4e-06,0.964123,10.0,10.0,9.945928,0.0,9.945928,90.054072,69.050826,0.561431,8.038803
2026-08-18 00:46:44,11993.49,493567,2467,-308.4672,158.2123,41.2,416.006592,0.0,832.056274,2.155594,,5.956845,0.595684,2e-06,2.374829,10.0,10.0,18.730251,0.0,18.730251,81.269749,61.030785,0.526718,8.038803
2026-08-18 00:46:56,12006.05,494079,2470,-111.2001,161.126,41.2,264.151337,-0.0,528.345825,2.157243,,6.327683,0.632768,2e-06,1.882995,10.0,10.0,14.715334,0.0,14.715334,85.284666,64.244496,0.524848,8.038803
2026-08-18 00:47:09,12018.52,494591,2472,439.7911,167.0689,41.2,57.99601,0.0,116.035233,2.160583,,6.518567,0.651857,4e-06,0.883879,9.0,10.0,1.681139,0.0,1.681139,98.318861,75.124534,0.523711,8.038803
2026-08-18 00:47:21,12031.25,495103,2475,-693.0061,158.246,41.2,639.541077,-0.0,1279.125366,2.157681,,3.88306,0.388306,1e-06,2.413752,10.0,10.0,24.399498,0.0,24.399498,75.600502,56.214491,0.612008,8.038803
2026-08-18 00:47:34,12043.69,495615,2478,-168.5172,153.4364,41.2,140.400589,-0.0,280.844391,2.160811,,5.467783,0.546778,3e-06,2.174352,10.0,10.0,14.529909,0.0,14.529909,85.470091,65.159403,0.524271,8.038803
2026-08-18 00:47:46,12056.27,496127,2480,-65.2813,148.1397,41.2,253.388214,0.0,506.81958,2.157915,,9.151035,0.915104,2e-06,2.773554,10.0,10.0,19.176086,0.0,19.176086,80.823914,60.443811,0.475191,8.038803
2026-08-18 00:47:59,12068.76,496639,2483,377.5299,151.3224,41.2,219.131058,-0.0,438.305328,2.160967,,9.333173,0.933317,4e-06,1.590675,10.0,10.0,8.601189,0.0,8.601189,91.398811,69.547096,0.477543,8.038803
2026-08-18 00:48:12,12081.32,497151,2485,363.0479,154.6069,41.2,133.64679,-0.0,267.336884,2.164596,,7.292459,0.729246,4e-06,1.035316,10.0,10.0,4.833705,0.0,4.833705,95.166295,72.208159,0.465066,8.038803
2026-08-18 00:48:24,12093.89,497663,2488,118.5812,154.8251,41.1,224.807404,-0.0,449.658112,2.165153,,7.594097,0.75941,3e-06,1.090045,10.0,10.0,11.370612,0.0,11.370612,88.629388,67.598352,0.47908,8.038803
2026-08-18 00:48:37,12106.48,498175,2490,-30.187,146.7846,41.1,371.470612,-0.0,742.984497,2.164861,,8.873531,0.887353,2e-06,2.116164,10.0,10.0,17.582031,0.0,17.582031,82.417969,61.840142,0.517879,8.038803
2026-08-18 00:48:49,12119.03,498687,2493,396.8649,143.8503,41.1,158.140366,0.0,316.324127,2.170218,,8.171181,0.817118,3e-06,1.11893,10.0,10.0,5.319766,0.0,5.319766,94.680234,72.065865,0.602003,8.038803
2026-08-18 00:49:02,12131.65,499199,2496,234.288,151.5907,41.1,75.872292,0.0,151.78801,2.171589,,6.941828,0.694183,4e-06,0.597821,3.0,10.0,7.183653,0.0,7.183653,92.816347,70.779337,0.567344,8.038803
2026-08-18 00:49:14,12144.22,499711,2498,638.8437,156.6402,41.1,114.342422,0.0,228.728302,2.172707,,8.498995,0.8499,3e-06,0.771912,5.0,9.0,0.19503,0.0,0.19503,99.80497,75.636451,0.465538,8.038803
2026-08-18 00:49:27,12156.8,500223,2501,514.4177,159.9386,41.1,98.996414,0.0,198.036255,2.171309,,10.317203,1.03172,5e-06,1.001754,10.0,10.0,6.437327,0.0,6.437327,93.562673,70.497598,0.47231,8.216425
2026-08-18 00:49:40,12169.49,500735,2503,295.8363,161.4985,41.1,105.838219,-0.0,211.719879,2.172179,,7.818102,0.78181,3e-06,2.197799,10.0,10.0,7.571264,0.0,7.571264,92.428736,69.679707,0.470786,8.216425
2026-08-18 00:49:52,12182.08,501247,2506,166.2191,163.6548,41.1,102.318565,-0.0,204.680588,2.172884,,6.888403,0.68884,5e-06,0.427084,2.0,10.0,8.607284,0.0,8.607284,91.392716,69.417397,0.487479,8.216425
2026-08-18 00:50:05,12194.62,501759,2508,365.4749,168.1428,41.1,92.629089,0.0,185.30162,2.171993,,8.90508,0.890508,4e-06,1.051458,10.0,10.0,7.387146,0.0,7.387146,92.612854,70.683553,0.467413,8.216425
2026-08-18 00:50:17,12207.25,502271,2511,202.8678,169.0966,41.1,155.844528,-0.0,311.732513,2.173318,,6.825388,0.682539,3e-06,1.27347,8.0,10.0,7.427498,0.0,7.427498,92.572502,69.712855,0.526385,8.216425
2026-08-18 00:50:30,12219.81,502783,2513,-368.3921,164.1187,41.1,359.480438,0.0,719.004333,2.171612,,7.972443,0.797244,2e-06,2.301887,10.0,10.0,22.935441,0.0,22.935441,77.064559,58.06975,0.511604,8.216425
2026-08-18 00:50:42,12232.26,503295,2516,346.0833,163.3736,41.1,209.243286,0.0,418.529999,2.170846,,10.567201,1.05672,3e-06,1.363751,10.0,10.0,10.672364,0.0,10.672364,89.327636,67.165352,0.498497,8.216425
2026-08-18 00:50:55,12244.82,503807,2519,585.4131,169.9727,41.1,376.346039,-0.0,752.735474,2.170947,,12.162342,1.216234,5e-06,1.020161,10.0,10.0,7.135884,0.0,7.135884,92.864116,70.834301,0.493036,8.216425
2026-08-18 00:51:08,12257.52,504319,2521,90.9185,167.4117,41.1,79.246918,-0.0,158.537231,2.170078,,9.921759,0.992176,3e-06,2.365009,10.0,10.0,16.025925,0.0,16.025925,83.974075,63.001972,0.50236,8.216425
2026-08-18 00:51:20,12270.16,504831,2524,164.8941,165.2454,41.1,81.254265,-0.0,162.551956,2.171319,,8.918425,0.891843,2e-06,2.068736,10.0,10.0,12.269278,0.0,12.269278,87.730722,65.668272,0.508233,8.216425
2026-08-18 00:51:33,12282.74,505343,2526,-233.4356,158.4085,41.1,165.483688,0.0,331.010864,2.174088,,4.458372,0.445837,4e-06,1.373695,10.0,10.0,13.868755,0.0,13.868755,86.131245,66.013457,0.58351,8.216425
2026-08-18 00:51:45,12295.27,505855,2529,297.2096,155.6998,41.1,56.632214,-0.0,113.307961,2.176595,,3.931031,0.393103,7e-06,0.364608,2.0,8.0,0.131268,0.0,0.131268,99.868732,77.1404,0.657552,8.216425
2026-08-18 00:51:58,12307.78,506367,2531,221.3256,160.1538,41.1,91.742805,0.0,183.52916,2.177669,,5.785336,0.578534,4e-06,0.520949,3.0,10.0,5.201921,0.0,5.201921,94.798079,72.586767,0.572398,8.216425
2026-08-18 00:52:11,12320.34,506879,2534,53.1127,156.6892,41.1,165.62056,-0.0,331.284668,2.177937,,5.796378,0.579638,3e-06,1.99046,10.0,10.0,9.729394,0.0,9.729394,90.270606,68.445567,0.603733,8.216425
2026-08-18 00:52:23,12332.88,507391,2536,4.5817,154.9273,41.1,554.352112,-0.0,1108.747803,2.177057,,8.716557,0.871656,3e-06,1.040478,10.0,10.0,15.558542,0.0,15.558542,84.441458,64.331199,0.481156,8.216425
2026-08-18 00:52:36,12345.39,507903,2539,287.9709,151.4968,41.1,239.199982,0.0,478.443451,2.17385,,11.422225,1.142223,2e-06,2.531389,10.0,10.0,14.323786,0.0,14.323786,85.676214,64.293437,0.485271,8.216425
2026-08-18 00:52:48,12357.79,508415,2542,-91.5772,144.873,41.1,189.104797,-0.0,378.253082,2.174001,,9.184234,0.918423,2e-06,2.256803,10.0,10.0,19.244233,0.0,19.244233,80.755767,61.736784,0.47474,8.216425
2026-08-18 00:53:01,12370.33,508927,2544,22.0219,144.9608,41.1,187.841003,-0.0,375.725555,2.176762,,7.066728,0.706673,3e-06,1.059218,10.0,10.0,12.371275,0.0,12.371275,87.628725,66.448025,0.519143,8.216425
2026-08-18 00:53:13,12382.83,509439,2547,-244.5047,143.3403,41.1,744.051819,-0.0,1488.147095,2.175643,,7.57722,0.757722,3e-06,1.222275,10.0,10.0,19.511974,0.0,19.511974,80.488026,60.826973,0.504766,8.216425
2026-08-18 00:53:26,12395.31,509951,2549,620.7229,148.3546,41.1,163.644547,-0.0,327.332581,2.174517,,10.438788,1.043879,6e-06,0.854542,10.0,10.0,4.100827,0.0,4.100827,95.899173,73.10001,0.488107,8.216425
2026-08-18 00:53:38,12407.76,510463,2552,-252.0081,145.2586,41.1,224.350006,-0.0,448.743469,2.173472,,7.101607,0.710161,3e-06,1.971955,10.0,10.0,18.933264,0.0,18.933264,81.066736,60.734273,0.503352,8.216425
2026-08-18 00:53:51,12420.4,510975,2554,428.3656,143.5348,41.1,77.188286,0.0,154.42009,2.175974,,7.103234,0.710323,5e-06,1.113763,10.0,10.0,2.94364,0.0,2.94364,97.05636,74.402844,0.498308,8.216425
2026-08-18 00:54:03,12433.04,511487,2557,-287.7864,132.9384,41.1,309.50827,-0.0,619.060059,2.175211,,6.127668,0.612767,4e-06,0.92373,10.0,10.0,17.919199,0.0,17.919199,82.080801,61.957459,0.460589,8.216425
2026-08-18 00:54:16,12445.68,511999,2560,275.9037,135.6927,41.1,195.195755,-0.0,390.434937,2.17193,,8.499315,0.849931,3e-06,1.880082,10.0,10.0,9.071477,0.0,9.071477,90.928523,68.787179,0.495037,8.216425
2026-08-18 00:54:28,12458.24,512511,2562,181.4882,133.6333,41.1,149.279892,-0.0,298.602997,2.161132,,10.788986,1.078899,6e-06,0.838663,10.0,10.0,14.770009,0.0,14.770009,85.229991,64.367291,0.456273,8.614383
2026-08-18 00:54:41,12470.8,513023,2565,-331.9848,128.4997,41.1,596.186707,-0.0,1192.416382,2.151044,,6.275751,0.627575,3e-06,1.536329,10.0,10.0,18.574192,0.0,18.574192,81.425808,60.028089,0.550045,8.614383
2026-08-18 00:54:54,12483.37,513535,2567,-204.9497,126.7396,41.1,360.743317,0.0,721.529419,2.14079,,5.335217,0.533522,3e-06,2.292125,10.0,10.0,14.323609,0.0,14.323609,85.676391,64.618696,0.523538,8.614383
2026-08-18 00:55:06,12495.82,514047,2570,53.8685,120.7502,41.1,96.864273,0.0,193.771164,2.130588,,6.486011,0.648601,3e-06,1.730426,10.0,10.0,10.387684,0.0,10.387684,89.612316,67.949376,0.499986,8.614383
2026-08-18 00:55:19,12508.45,514559,2572,-19.6679,116.6659,41.1,259.169098,-0.0,518.380554,2.117276,,7.259504,0.72595,3e-06,1.25798,10.0,10.0,12.884956,0.0,12.884956,87.115044,65.899884,0.498815,8.614383
2026-08-18 00:55:31,12521.11,515071,2575,39.6569,115.012,41.1,135.970016,0.0,271.982178,2.107145,,7.690912,0.769091,2e-06,2.283222,10.0,10.0,12.802253,0.0,12.802253,87.197747,64.617508,0.504739,8.614383
2026-08-18 00:55:44,12533.9,515583,2577,-116.7921,112.6887,41.1,154.601257,-0.0,309.244476,2.098151,,7.634367,0.763437,3e-06,1.951962,10.0,10.0,15.881333,0.0,15.881333,84.118667,63.317269,0.482329,8.614383
2026-08-18 00:55:57,12546.55,516095,2580,650.4331,119.1252,41.1,122.56131,-0.0,245.164505,2.094099,,9.092838,0.909284,5e-06,0.8021,9.0,10.0,1.030078,0.0,1.030078,98.969922,75.242449,0.479094,8.614383
2026-08-18 00:56:09,12559.06,516607,2583,355.5685,123.0192,41.1,130.860001,-0.0,261.761719,2.086177,,7.547712,0.754771,4e-06,0.656537,5.0,10.0,5.07286,0.0,5.07286,94.92714,72.518681,0.483053,8.614383
2026-08-18 00:56:22,12571.72,517119,2585,68.5516,123.3223,41.1,304.690979,-0.0,609.423523,2.078908,,6.474564,0.647456,3e-06,1.684433,10.0,10.0,9.911584,0.0,9.911584,90.088416,67.787401,0.475596,8.614383
2026-08-18 00:56:35,12584.37,517631,2588,105.5413,125.794,41.1,313.956665,0.0,627.954712,2.069386,,9.066572,0.906657,5e-06,0.731932,10.0,10.0,13.044245,0.0,13.044245,86.955755,65.504153,0.42786,8.614383
2026-08-18 00:56:47,12597.05,518143,2590,18.7346,124.7678,41.1,217.962753,-0.0,435.966766,2.063105,,10.668267,1.066827,2e-06,1.876057,10.0,10.0,18.108284,0.0,18.108284,81.891716,62.657272,0.439574,8.614383
2026-08-18 00:57:00,12609.67,518655,2593,234.0682,122.7945,41.1,232.190231,-0.0,464.421692,2.061801,,9.580974,0.958097,4e-06,0.8462,10.0,10.0,10.948021,0.0,10.948021,89.051979,67.487693,0.484536,8.614383
2026-08-18 00:57:12,12622.19,519167,2595,-12.4347,117.9278,41.1,232.617538,0.0,465.276184,2.055624,,8.562156,0.856216,3e-06,0.898017,8.0,10.0,15.115655,0.0,15.115655,84.884345,65.276167,0.452776,8.614383
2026-08-18 00:57:25,12634.65,519679,2598,-10.1647,114.2414,41.1,114.993073,0.0,230.027206,2.053366,,6.835507,0.683551,4e-06,0.546723,3.0,10.0,11.911195,0.0,11.911195,88.088805,67.158612,0.47972,8.614383
2026-08-18 00:57:37,12647.18,520191,2600,663.3313,117.0549,41.1,149.28093,-0.0,298.602844,2.049706,,9.312968,0.931297,4e-06,0.619311,3.0,10.0,0.908831,0.0,0.908831,99.091169,75.97771,0.453737,8.614383
2026-08-18 00:57:50,12659.92,520703,2603,-16.721,114.5437,41.1,611.152588,-0.0,1222.346069,2.045545,,10.318402,1.03184,3e-06,0.99374,10.0,10.0,17.909266,0.0,17.909266,82.090734,62.035278,0.432098,8.614383
2026-08-18 00:58:03,12672.52,521215,2606,174.9911,114.3457,41.1,277.116364,-0.0,554.273621,2.043234,,10.016018,1.001602,3e-06,1.475869,10.0,10.0,13.395477,0.0,13.395477,86.604523,65.560051,0.458583,8.614383
2026-08-18 00:58:15,12685.14,521727,2608,241.8505,115.2615,41.1,213.273941,0.0,426.588684,2.040525,,11.209247,1.120925,4e-06,0.994647,10.0,10.0,13.708296,0.0,13.708296,86.291704,65.695926,0.457995,8.614383
2026-08-18 00:58:28,12697.75,522239,2611,317.1257,120.0812,41.1,99.759354,0.0,199.559555,2.042761,,8.035097,0.80351,3e-06,0.895485,9.0,10.0,6.817916,0.0,6.817916,93.182084,70.689916,0.471077,8.614383
2026-08-18 00:58:41,12710.42,522751,2613,560.4189,126.839,41.1,90.729439,0.0,181.499741,2.042789,,8.967707,0.896771,4e-06,1.436227,10.0,10.0,3.062724,0.0,3.062724,96.937276,73.939764,0.461205,8.614383
2026-08-18 00:58:53,12723.0,523263,2616,-194.345,121.0631,41.1,499.86145,0.0,999.763672,2.039747,,6.335097,0.63351,3e-06,0.841712,9.0,10.0,15.327948,0.0,15.327948,84.672052,63.626849,0.510584,8.614383
2026-08-18 00:59:06,12735.62,523775,2618,374.5547,121.2425,41.1,214.218414,-0.0,428.4776,2.03811,,10.09616,1.009616,4e-06,1.251612,10.0,10.0,8.9562,0.0,8.9562,91.0438,69.089601,0.420973,8.614383
2026-08-18 00:59:19,12748.34,524287,2621,1.1432,122.3262,41.1,243.345245,-0.0,486.731262,2.03908,,5.525686,0.552569,2e-06,2.818011,10.0,10.0,10.078955,0.0,10.078955,89.921045,66.826733,0.492913,8.614383
2026-08-18 00:59:31,12760.85,524799,2624,-506.6607,111.0046,41.1,505.090454,-0.0,1010.22168,2.040023,,2.7551,0.27551,2e-06,1.933937,10.0,10.0,16.741461,0.0,16.741461,83.258539,63.409891,0.613291,8.614383
2026-08-18 00:59:44,12773.34,525311,2626,360.7069,110.594,41.1,52.404324,0.0,104.849419,2.038386,,5.711819,0.571182,5e-06,0.791101,7.0,10.0,1.888969,0.0,1.888969,98.111031,74.787861,0.516426,8.990299
2026-08-18 00:59:56,12785.71,525823,2629,77.4965,111.8462,41.1,151.280151,0.0,302.600983,2.034756,,6.698139,0.669814,3e-06,1.400233,10.0,10.0,9.864063,0.0,9.864063,90.135937,67.863675,0.471573,8.990299
2026-08-18 01:00:08,12798.21,526335,2631,-87.2621,107.0512,41.1,150.140305,0.0,300.321259,2.032166,,5.62971,0.562971,3e-06,0.536893,2.0,10.0,11.075281,0.0,11.075281,88.924719,68.020542,0.550641,8.990299
2026-08-18 01:00:21,12810.73,526847,2634,323.6387,106.9122,41.1,82.137047,0.0,164.314651,2.027606,,8.838324,0.883832,3e-06,1.67073,10.0,10.0,7.636055,0.0,7.636055,92.363945,69.567458,0.455801,8.990299
2026-08-18 01:00:33,12823.3,527359,2636,479.0903,111.8235,41.1,81.175095,0.0,162.390869,2.033894,,8.549012,0.854901,4e-06,0.957461,10.0,10.0,3.710446,0.0,3.710446,96.289554,73.323423,0.499735,8.990299
2026-08-18 01:00:46,12835.88,527871,2639,-126.9484,109.0148,41.1,241.371628,-0.0,482.783997,2.036413,,6.504795,0.65048,2e-06,1.973432,10.0,10.0,13.843134,0.0,13.843134,86.156866,64.760539,0.560333,8.990299
2026-08-18 01:00:59,12848.45,528383,2641,-242.2161,102.8665,41.1,272.476685,-0.0,544.994141,2.038221,,5.735128,0.573513,3e-06,1.614313,10.0,10.0,14.928102,0.0,14.928102,85.071898,64.544464,0.531016,8.990299
2026-08-18 01:01:11,12861.09,528895,2644,-76.4047,105.5356,41.1,434.866608,-0.0,869.774048,2.040621,,7.423734,0.742373,3e-06,1.455212,10.0,10.0,14.169951,0.0,14.169951,85.830049,64.372428,0.468087,8.990299
2026-08-18 01:01:24,12873.63,529407,2647,37.013,107.6282,41.1,383.573486,-0.0,767.187805,2.041276,,8.95347,0.895347,3e-06,1.176667,10.0,10.0,13.891823,0.0,13.891823,86.108177,65.565125,0.46476,8.990299
2026-08-18 01:01:36,12886.17,529919,2649,105.9967,109.7706,41.1,414.407013,0.0,828.854919,2.045229,,7.826415,0.782642,4e-06,1.37825,10.0,10.0,10.680846,0.0,10.680846,89.319154,67.484725,0.501603,8.990299
2026-08-18 01:01:49,12898.57,530431,2652,312.0359,117.2345,41.1,244.297668,-0.0,488.63623,2.044072,,10.310734,1.031073,4e-06,1.122135,10.0,10.0,10.218442,0.0,10.218442,89.781558,68.281086,0.44325,8.990299
2026-08-18 01:02:01,12911.19,530943,2654,-102.7858,114.8487,41.1,481.245758,0.0,962.53241,2.045465,,9.82064,0.982064,3e-06,1.373175,10.0,10.0,18.122601,0.0,18.122601,81.877399,61.835545,0.475863,8.990299
2026-08-18 01:02:14,12923.75,531455,2657,494.9167,121.2123,41.1,279.310181,0.0,558.661377,2.050851,,9.947528,0.994753,6e-06,0.133595,1.0,2.0,5.453275,0.0,5.453275,94.546725,72.066191,0.435913,8.990299
2026-08-18 01:02:27,12936.38,531967,2659,-421.7723,124.7739,41.1,356.803253,-0.0,713.647461,2.047807,,7.138207,0.713821,2e-06,1.651926,10.0,10.0,21.065922,0.0,21.065922,78.934078,59.503608,0.521774,8.990299
2026-08-18 01:02:39,12949.02,532479,2662,339.2846,130.5399,41.1,188.816818,-0.0,377.674805,2.057669,,6.341307,0.634131,5e-06,0.457223,2.0,10.0,3.06672,0.0,3.06672,96.93328,73.965061,0.575097,8.990299
2026-08-18 01:02:52,12961.57,532991,2664,200.502,132.3905,41.1,64.279388,-0.0,128.59993,2.057668,,6.157205,0.615721,4e-06,1.141256,10.0,10.0,6.225995,0.0,6.225995,93.774005,71.79123,0.553776,8.990299
2026-08-18 01:03:04,12974.27,533503,2667,-485.2286,131.8411,41.1,905.538879,-0.0,1811.118774,2.052736,,6.394067,0.639407,2e-06,1.98812,10.0,10.0,21.069359,0.0,21.069359,78.930641,58.888562,0.51867,8.990299
2026-08-18 01:03:17,12986.95,534015,2670,-614.1274,124.8852,41.1,794.020081,0.0,1588.081177,2.051878,,7.348125,0.734813,1e-06,1.957808,10.0,10.0,25.248027,0.0,25.248027,74.751973,56.170182,0.538212,8.990299
2026-08-18 01:03:30,12999.56,534527,2672,-461.4971,115.6264,41.1,695.247925,0.0,1390.536987,2.056822,,7.870716,0.787072,2e-06,2.239242,10.0,10.0,23.24743,0.0,23.24743,76.75257,56.796934,0.547745,8.990299
2026-08-18 01:03:42,13012.27,535039,2675,-255.259,113.6889,41.1,262.893402,-0.0,525.827942,2.055743,,9.650847,0.965085,2e-06,2.494411,10.0,10.0,21.649773,0.0,21.649773,78.350227,58.719474,0.525988,8.990299
2026-08-18 01:03:55,13024.87,535551,2677,-608.3938,114.0554,41.1,587.142883,-0.0,1174.326904,2.05709,,7.504218,0.750422,1e-06,2.33584,10.0,10.0,25.937602,0.0,25.937602,74.062398,55.359544,0.514724,8.990299
2026-08-18 01:04:08,13037.55,536063,2680,-691.0465,102.4836,41.1,639.409729,-0.0,1278.860718,2.0612,,4.799865,0.479987,2e-06,2.868267,10.0,10.0,23.580075,0.0,23.580075,76.419925,56.600922,0.540187,8.990299
2026-08-18 01:04:20,13050.08,536575,2682,254.0637,104.0995,41.1,74.734062,0.0,149.50943,2.065125,,7.020345,0.702034,4e-06,1.769952,10.0,10.0,6.544533,0.0,6.544533,93.455467,70.935206,0.539878,8.990299
2026-08-18 01:04:33,13062.72,537087,2685,268.2719,102.6067,41.1,155.35643,-0.0,310.753815,2.048222,,9.537664,0.953766,4e-06,1.359781,10.0,10.0,9.837103,0.0,9.837103,90.162897,68.083499,0.516032,8.990299
2026-08-18 01:04:45,13075.27,537599,2688,44.8812,99.5135,41.1,134.273544,-0.0,268.587616,2.026246,,11.222999,1.1223,2e-06,2.598801,10.0,10.0,17.463847,0.0,17.463847,82.536153,62.128237,0.463188,9.677135
2026-08-18 01:04:58,13088.0,538111,2690,-538.0117,91.8255,41.1,1133.417236,-0.0,2266.874756,2.008549,,10.366364,1.036636,1e-06,2.062473,10.0,10.0,26.743405,0.0,26.743405,73.256595,54.071117,0.447885,9.677135
2026-08-18 01:05:11,13100.69,538623,2693,-564.3753,81.0166,41.1,441.710266,-0.0,883.460449,1.996861,,7.305847,0.730585,2e-06,3.08347,10.0,10.0,23.19457,0.0,23.19457,76.80543,57.004347,0.471836,9.677135
2026-08-18 01:05:23,13113.28,539135,2695,151.3645,78.3502,41.1,55.654736,0.0,111.349258,1.98919,,5.390086,0.539009,4e-06,1.535582,10.0,10.0,5.709532,0.0,5.709532,94.290468,71.036537,0.503791,9.677135
2026-08-18 01:05:36,13126.03,539647,2698,31.6397,73.3255,41.1,133.631912,-0.0,267.303345,1.976081,,5.831671,0.583167,3e-06,1.06674,9.0,10.0,8.389136,0.0,8.389136,91.610864,68.908453,0.515651,9.677135
2026-08-18 01:05:49,13138.79,540159,2700,-1001.8297,59.3065,41.1,990.126587,-0.0,1980.292236,1.954692,,6.067366,0.606737,1e-06,2.117862,10.0,10.0,29.61547,0.0,29.61547,70.38453,52.035811,0.474772,9.677135
2026-08-18 01:06:02,13151.32,540671,2703,284.9567,61.7446,41.1,79.610558,-0.0,159.260056,1.947083,,8.30815,0.830815,3e-06,1.622215,10.0,10.0,7.288056,0.0,7.288056,92.711944,70.187828,0.429799,9.677135
2026-08-18 01:06:14,13164.12,541183,2705,446.3266,66.6853,41.1,120.772842,0.0,241.584396,1.935585,,9.313472,0.931347,3e-06,1.483424,10.0,10.0,5.421393,0.0,5.421393,94.578607,72.348723,0.42997,9.677135
2026-08-18 01:06:27,13176.63,541695,2708,-193.4013,59.866,41.1,241.340195,0.0,482.718719,1.917138,,8.270994,0.827099,2e-06,2.769568,10.0,10.0,16.897091,0.0,16.897091,83.102909,61.908602,0.464882,9.677135
2026-08-18 01:06:39,13189.26,542207,2711,203.4713,56.7484,41.1,192.572525,-0.0,385.183258,1.909938,,7.693689,0.769369,3e-06,1.453548,10.0,10.0,7.924003,0.0,7.924003,92.075997,70.153974,0.460707,9.677135
2026-08-18 01:06:52,13201.69,542719,2713,306.5869,57.3658,41.1,125.301826,-0.0,250.641708,1.902702,,6.288667,0.628867,4e-06,0.573916,5.0,10.0,3.43547,0.0,3.43547,96.56453,74.038662,0.468797,9.677135
2026-08-18 01:07:04,13214.15,543231,2716,511.6364,59.7248,41.1,159.481964,-0.0,319.001709,1.88854,,11.054175,1.105417,4e-06,1.173794,10.0,10.0,6.017025,0.0,6.017025,93.982975,71.870779,0.431366,9.677135
2026-08-18 01:07:17,13226.69,543743,2718,612.2387,66.4798,41.1,176.139374,-0.0,352.316376,1.881795,,10.871884,1.087188,4e-06,0.348543,1.0,10.0,3.931998,0.0,3.931998,96.068002,74.170428,0.419212,9.677135
2026-08-18 01:07:29,13239.28,544255,2721,-938.1045,57.2298,41.1,1099.846558,-0.0,2199.730469,1.867241,,6.079446,0.607945,1e-06,1.622225,10.0,10.0,28.198791,0.0,28.198791,71.801209,53.282987,0.456085,9.677135
2026-08-18 01:07:42,13251.75,544767,2723,470.7622,65.0221,41.1,91.316994,0.0,182.671326,1.867107,,7.572805,0.757281,3e-06,1.123732,9.0,10.0,2.202663,0.0,2.202663,97.797337,74.458065,0.446144,9.677135
2026-08-18 01:07:55,13264.36,545279,2726,-13.7121,65.997,41.1,94.763847,-0.0,189.564804,1.855828,,6.758287,0.675829,2e-06,1.034615,9.0,10.0,10.624357,0.0,10.624357,89.375643,67.95338,0.426391,9.677135
2026-08-18 01:08:07,13276.86,545791,2728,366.0469,65.2596,41.1,68.554565,-0.0,137.146042,1.845829,,10.292751,1.029275,3e-06,1.504432,10.0,10.0,8.043551,0.0,8.043551,91.956449,70.774128,0.442624,9.677135
2026-08-18 01:08:20,13289.48,546303,2731,-552.1696,66.6679,41.1,684.645081,0.0,1369.326904,1.83544,,9.61808,0.961808,1e-06,2.020193,10.0,10.0,25.4031,0.0,25.4031,74.5969,55.515641,0.446136,9.677135
2026-08-18 01:08:32,13301.97,546815,2734,146.9222,69.8223,41.1,233.487,0.0,467.010651,1.832917,,11.070411,1.107041,2e-06,1.70027,10.0,10.0,13.354962,0.0,13.354962,86.645038,65.548933,0.445326,9.677135
2026-08-18 01:08:45,13314.53,547327,2736,119.1217,71.6663,41.1,140.614853,-0.0,281.266327,1.830327,,9.481285,0.948128,2e-06,1.741859,10.0,10.0,11.946357,0.0,11.946357,88.053643,67.183325,0.3993,9.677135
2026-08-18 01:08:57,13326.97,547839,2739,169.2789,69.5838,41.1,263.393188,0.0,526.822998,1.829763,,9.01607,0.901607,2e-06,0.726749,10.0,10.0,10.278696,0.0,10.278696,89.721304,67.829701,0.403234,9.677135
2026-08-18 01:09:10,13339.73,548351,2741,-116.3214,64.7901,41.1,157.765015,-0.0,315.566528,1.824541,,7.038579,0.703858,2e-06,1.93691,10.0,10.0,13.26271,0.0,13.26271,86.73729,65.773092,0.437804,9.677135
2026-08-18 01:09:23,13352.42,548863,2744,-732.7374,56.277,41.1,1062.206787,0.0,2124.449951,1.817827,,6.626948,0.662695,1e-06,3.657475,10.0,10.0,25.568849,0.0,25.568849,74.431151,54.544602,0.440945,9.677135
2026-08-18 01:09:35,13364.98,549375,2746,-546.6834,51.112,41.1,418.577332,0.0,837.190918,1.813358,,9.709282,0.970928,1e-06,2.311208,10.0,10.0,26.072384,0.0,26.072384,73.927616,55.859021,0.402698,9.677135
2026-08-18 01:09:48,13377.62,549887,2749,301.937,50.1627,41.1,107.438515,0.0,214.913376,1.817049,,9.187904,0.91879,3e-06,0.759735,10.0,10.0,7.914891,0.0,7.914891,92.085109,69.864155,0.379405,9.677135
2026-08-18 01:10:00,13390.17,550399,2752,534.5622,53.1655,41.1,122.746277,0.0,245.528961,1.820251,,9.875184,0.987518,4e-06,1.028805,10.0,10.0,4.150057,0.0,4.150057,95.849943,73.244274,0.37831,10.38214
2026-08-18 01:10:13,13402.78,550911,2754,418.0822,50.9578,41.1,139.289139,0.0,278.614655,1.818819,,11.226001,1.1226,3e-06,1.352295,10.0,10.0,7.730256,0.0,7.730256,92.269744,69.92549,0.424786,10.38214
2026-08-18 01:10:26,13415.37,551423,2757,137.7531,47.1912,41.1,230.582611,-0.0,461.20166,1.822328,,8.389445,0.838945,3e-06,0.763525,9.0,10.0,9.173805,0.0,9.173805,90.826195,68.47758,0.428893,10.38214
2026-08-18 01:10:38,13428.28,551935,2759,-577.5876,38.457,41.1,686.670044,0.0,1373.376465,1.820281,,5.954668,0.595467,2e-06,3.152656,10.0,10.0,20.165807,0.0,20.165807,79.834193,60.49942,0.429711,10.38214
2026-08-18 01:10:51,13440.86,552447,2762,388.3044,40.6778,41.1,105.427147,-0.0,210.890732,1.822198,,9.52202,0.952202,3e-06,1.317526,10.0,10.0,6.536662,0.0,6.536662,93.463338,70.904281,0.415185,10.38214
2026-08-18 01:11:04,13453.51,552959,2764,444.9761,41.4728,41.1,141.789581,-0.0,283.61557,1.820719,,13.412972,1.341297,3e-06,1.022098,10.0,10.0,9.487631,0.0,9.487631,90.512369,68.576855,0.439673,10.38214
2026-08-18 01:11:16,13466.07,553471,2767,115.586,40.6,41.1,149.912506,-0.0,299.861572,1.828594,,7.180144,0.718014,4e-06,0.182608,1.0,10.0,7.955617,0.0,7.955617,92.044383,70.040723,0.45513,10.38214
2026-08-18 01:11:29,13478.63,553983,2769,259.3899,46.8778,41.1,140.338699,0.0,280.713959,1.827939,,7.849431,0.784943,3e-06,0.874325,10.0,10.0,6.197539,0.0,6.197539,93.802461,71.156764,0.459552,10.38214
2026-08-18 01:11:41,13491.15,554495,2772,383.7591,47.2546,41.1,170.693832,-0.0,341.424286,1.831101,,7.047388,0.704739,5e-06,0.485913,5.0,10.0,2.601868,0.0,2.601868,97.398132,73.709257,0.478249,10.38214
2026-08-18 01:11:54,13503.76,555007,2775,-166.4574,39.7359,41.1,195.103195,-0.0,390.242981,1.83014,,4.411366,0.441137,2e-06,1.627503,10.0,10.0,9.704743,0.0,9.704743,90.295257,67.997404,0.471991,10.38214
2026-08-18 01:12:06,13516.3,555519,2777,-274.8026,36.0787,41.1,280.135986,-0.0,560.308594,1.832362,,3.431331,0.343133,4e-06,0.959819,10.0,10.0,10.1527,0.0,10.1527,89.8473,68.611159,0.509048,10.38214
2026-08-18 01:12:19,13528.84,556031,2780,49.2436,34.9222,41.1,148.359528,-0.0,296.755646,1.830176,,6.773086,0.677309,3e-06,1.075938,10.0,10.0,8.866749,0.0,8.866749,91.133251,68.969158,0.438875,10.38214
2026-08-18 01:12:32,13541.5,556543,2782,426.3173,41.5197,41.1,141.692123,-0.0,283.420868,1.83051,,8.441909,0.844191,3e-06,0.933181,10.0,10.0,4.112329,0.0,4.112329,95.887671,73.710546,0.408216,10.38214
2026-08-18 01:12:44,13554.13,557055,2785,48.553,39.0331,41.1,334.757599,0.0,669.551697,1.82458,,9.33346,0.933346,2e-06,1.806791,10.0,10.0,12.540944,0.0,12.540944,87.459056,65.790906,0.407832,10.38214
2026-08-18 01:12:57,13566.82,557567,2787,-485.6194,31.9637,41.1,724.653076,0.0,1449.342651,1.823479,,7.104084,0.710408,1e-06,1.901297,10.0,10.0,19.537613,0.0,19.537613,80.462387,60.948219,0.417693,10.38214
2026-08-18 01:13:10,13579.47,558079,2790,33.4724,31.7673,41.1,214.935959,-0.0,429.908508,1.828813,,7.822015,0.782202,2e-06,2.00164,10.0,10.0,11.111837,0.0,11.111837,88.888163,66.303644,0.426462,10.38214
2026-08-18 01:13:22,13592.03,558591,2792,93.1524,32.653,41.1,315.789032,-0.0,631.614563,1.826156,,7.906745,0.790675,2e-06,2.421119,10.0,10.0,9.91189,0.0,9.91189,90.08811,68.261155,0.408712,10.38214
2026-08-18 01:13:35,13604.64,559103,2795,-1882.0916,10.9524,41.1,3368.1521,-0.0,6736.34082,1.821679,,5.583164,0.558316,0.0,3.367305,10.0,10.0,43.722426,0.0,43.722426,56.277574,40.469111,0.442707,10.38214
2026-08-18 01:13:47,13617.08,559615,2798,-100.3242,10.8649,41.1,302.520935,-0.0,605.078491,1.831046,,7.139011,0.713901,2e-06,2.241905,10.0,10.0,12.574722,0.0,12.574722,87.425278,65.885229,0.442624,10.38214
2026-08-18 01:14:00,13629.77,560127,2800,-1140.1638,-0.757,41.1,1160.569458,-0.0,2321.175537,1.826504,,5.302267,0.530227,1e-06,2.852438,10.0,10.0,29.371884,0.0,29.371884,70.628116,53.06719,0.463906,10.38214
2026-08-18 01:14:13,13642.46,560639,2803,-8.1485,1.6066,41.1,100.042175,0.0,200.121002,1.832209,,7.316087,0.731609,2e-06,2.879119,10.0,10.0,11.559425,0.0,11.559425,88.440575,66.511866,0.457915,10.38214
2026-08-18 01:14:25,13655.07,561151,2805,-1.4834,-4.6155,41.1,443.867523,-0.0,887.771667,1.831312,,8.005947,0.800595,2e-06,2.032907,10.0,10.0,11.40857,0.0,11.40857,88.59143,66.569789,0.446001,10.38214
2026-08-18 01:14:38,13667.56,561663,2808,187.1308,-0.2241,41.1,169.604706,-0.0,339.246124,1.835267,,7.534596,0.75346,2e-06,1.431398,10.0,10.0,7.441503,0.0,7.441503,92.558497,70.312466,0.431898,10.38214
2026-08-18 01:14:50,13680.21,562175,2810,303.8315,-1.4694,41.1,160.397308,0.0,320.831268,1.832682,,9.766544,0.976654,2e-06,1.373623,10.0,10.0,8.214337,0.0,8.214337,91.785663,69.725808,0.414582,10.38214
2026-08-18 01:15:03,13692.68,562687,2813,397.0031,5.3785,41.1,93.719009,-0.0,187.474701,1.833993,,11.185402,1.11854,3e-06,1.213845,10.0,10.0,8.34149,0.0,8.34149,91.65851,69.75441,0.418321,10.792308
2026-08-18 01:15:15,13705.3,563199,2816,-396.8127,-1.3487,41.1,403.055389,0.0,806.1474,1.831778,,9.635078,0.963508,1e-06,1.693828,10.0,10.0,20.445398,0.0,20.445398,79.554602,60.171848,0.411541,10.792308
2026-08-18 01:15:28,13717.89,563711,2818,155.2591,-1.611,41.1,126.126236,0.0,252.289291,1.841256,,7.11602,0.711602,4e-06,0.809699,10.0,10.0,7.259856,0.0,7.259856,92.740144,71.056737,0.436619,10.792308
2026-08-18 01:15:41,13730.39,564223,2821,372.3122,5.432,41.1,173.245483,-0.0,346.52774,1.839325,,9.606876,0.960688,4e-06,0.566567,5.0,10.0,6.264136,0.0,6.264136,93.735864,71.219736,0.390428,10.792308
2026-08-18 01:15:53,13742.86,564735,2823,-115.8009,6.3235,41.1,98.97422,-0.0,197.985168,1.836579,,8.196916,0.819692,2e-06,1.625216,10.0,10.0,13.738042,0.0,13.738042,86.261958,65.448412,0.413688,10.792308
2026-08-18 01:16:05,13755.29,565247,2826,50.5908,6.2907,41.1,199.302277,-0.0,398.641449,1.844238,,6.848267,0.684827,3e-06,1.181235,10.0,10.0,8.530738,0.0,8.530738,91.469262,69.809754,0.460056,10.792308
2026-08-18 01:16:18,13767.88,565759,2828,-671.4732,-0.2274,41.1,567.20282,-0.0,1134.442383,1.838688,,8.621845,0.862184,1e-06,2.016532,10.0,10.0,23.993891,0.0,23.993891,76.006109,57.197434,0.413695,10.792308
2026-08-18 01:16:31,13780.6,566271,2831,-141.1728,-2.0357,41.1,351.043915,-0.0,702.124695,1.842945,,7.769822,0.776982,2e-06,1.562236,10.0,10.0,13.159719,0.0,13.159719,86.840281,65.116118,0.420924,10.792308
2026-08-18 01:16:43,13793.3,566783,2833,-916.2706,-10.0304,41.1,1156.427124,-0.0,2312.891113,1.842415,,5.76194,0.576194,1e-06,2.348193,10.0,10.0,24.928541,0.0,24.928541,75.071459,55.948814,0.428219,10.792308
2026-08-18 01:16:56,13805.88,567295,2836,-111.1555,-17.6463,41.1,127.201088,0.0,254.439194,1.850555,,6.899963,0.689996,3e-06,0.601313,10.0,10.0,11.327214,0.0,11.327214,88.672786,67.73275,0.429229,10.792308
2026-08-18 01:17:09,13818.5,567807,2839,-564.8071,-26.8501,41.1,2122.256592,0.0,4244.550293,1.846043,,10.635781,1.063578,1e-06,0.730321,10.0,10.0,24.237786,0.0,24.237786,75.762214,57.069577,0.433835,10.792308
2026-08-18 01:17:21,13831.13,568319,2841,276.3959,-24.7716,41.1,163.175339,0.0,326.387665,1.849503,,9.113765,0.911376,3e-06,1.010791,10.0,10.0,7.307913,0.0,7.307913,92.692087,70.047855,0.410021,10.792308
2026-08-18 01:17:34,13843.74,568831,2844,320.0712,-22.6263,41.1,134.352036,-0.0,268.741394,1.866323,,6.922629,0.692263,3e-06,0.959637,8.0,10.0,3.913585,0.0,3.913585,96.086415,72.748147,0.412947,10.792308
2026-08-18 01:17:47,13856.35,569343,2846,-603.4028,-28.8477,41.1,863.852783,-0.0,1727.743042,1.871882,,6.496144,0.649614,2e-06,1.714344,10.0,10.0,20.195484,0.0,20.195484,79.804516,60.141266,0.423884,10.792308
2026-08-18 01:17:59,13869.04,569855,2849,-427.5153,-35.4635,41.1,283.697754,-0.0,567.433167,1.881784,,7.802507,0.780251,1e-06,2.889399,10.0,10.0,18.782112,0.0,18.782112,81.217888,60.489489,0.450551,10.792308
2026-08-18 01:18:12,13881.72,570367,2851,-80.5178,-36.1444,41.1,201.850372,0.0,403.738586,1.891971,,6.872031,0.687203,2e-06,2.038351,10.0,10.0,11.201833,0.0,11.201833,88.798167,67.547804,0.449338,10.792308
2026-08-18 01:18:24,13894.24,570879,2854,-12.2675,-36.1654,41.1,137.485123,-0.0,275.008362,1.906416,,5.434234,0.543423,3e-06,0.956518,10.0,10.0,7.817868,0.0,7.817868,92.182132,70.118482,0.466161,10.792308
2026-08-18 01:18:37,13906.91,571391,2856,-471.257,-47.5113,41.1,449.270569,0.0,898.579224,1.903912,,8.673658,0.867366,2e-06,2.208657,10.0,10.0,20.464225,0.0,20.464225,79.535775,60.337906,0.463604,10.792308
2026-08-18 01:18:50,13919.62,571903,2859,335.8431,-43.9856,41.1,294.033264,-0.0,588.104797,1.913859,,11.868461,1.186846,3e-06,0.722003,10.0,10.0,9.911796,0.0,9.911796,90.088204,69.356754,0.428479,10.792308
2026-08-18 01:19:02,13932.14,572415,2862,306.7143,-42.6684,41.1,139.991104,-0.0,280.020599,1.91886,,9.921801,0.99218,3e-06,1.070497,10.0,10.0,7.848101,0.0,7.848101,92.151899,70.257028,0.4565,10.792308
2026-08-18 01:19:15,13944.73,572927,2864,508.0665,-40.0063,41.1,97.969299,0.0,195.977158,1.927573,,7.217656,0.721766,3e-06,0.698703,4.0,10.0,0.894733,0.0,0.894733,99.105267,75.479088,0.449016,10.792308
2026-08-18 01:19:28,13957.44,573439,2867,-84.503,-44.0225,41.1,194.948151,0.0,389.934906,1.930295,,4.672535,0.467253,2e-06,1.531497,10.0,10.0,8.272853,0.0,8.272853,91.727147,69.540682,0.513682,10.792308
2026-08-18 01:19:40,13970.15,573951,2869,595.3138,-43.6736,41.1,125.703575,-0.0,251.445847,1.935127,,9.120157,0.912016,4e-06,0.478395,2.0,10.0,1.908693,0.0,1.908693,98.091307,75.003771,0.430747,10.792308
2026-08-18 01:19:53,13982.71,574463,2872,-339.1927,-45.1221,41.1,587.005249,-0.0,1174.049194,1.931795,,7.935427,0.793543,2e-06,2.082239,10.0,10.0,17.490614,0.0,17.490614,82.509386,61.296435,0.431507,10.792308
2026-08-18 01:20:06,13995.38,574975,2874,-433.4623,-53.2022,41.1,578.853638,-0.0,1157.745972,1.933644,,7.327533,0.732753,2e-06,2.475309,10.0,10.0,18.498197,0.0,18.498197,81.501803,61.171248,0.460913,10.792308
2026-08-18 01:20:18,14007.82,575487,2877,232.1108,-50.8926,41.1,45.575966,-0.0,91.190727,1.939637,,9.145148,0.914515,3e-06,1.205714,10.0,10.0,8.078959,0.0,8.078959,91.921041,69.345437,0.422743,11.35869
2026-08-18 01:20:31,14020.34,575999,2880,285.4096,-42.9719,41.1,39.845032,-0.0,79.728943,1.943863,,7.064579,0.706458,5e-06,1.438002,10.0,10.0,4.71577,0.0,4.71577,95.28423,72.583322,0.455926,11.35869
2026-08-18 01:20:43,14032.84,576511,2882,-443.5554,-51.0145,41.1,275.855774,-0.0,551.750427,1.944046,,4.464389,0.446439,2e-06,1.534503,10.0,10.0,13.714625,0.0,13.714625,86.285375,64.847642,0.507798,11.35869
2026-08-18 01:20:56,14045.37,577023,2885,-726.3371,-59.0528,41.1,667.227844,-0.0,1334.494507,1.938298,,6.495757,0.649576,1e-06,2.445126,10.0,10.0,21.451409,0.0,21.451409,78.548591,58.106621,0.478556,11.35869
2026-08-18 01:21:08,14057.97,577535,2887,-1008.6583,-68.2668,41.1,1217.384277,0.0,2434.807373,1.935619,,6.797559,0.679756,1e-06,1.469686,10.0,10.0,26.25284,0.0,26.25284,73.74716,55.515938,0.508067,11.35869
2026-08-18 01:21:21,14070.58,578047,2890,-1005.8861,-81.562,41.1,1195.024536,-0.0,2390.087891,1.93646,,6.587533,0.658753,1e-06,2.063246,10.0,10.0,26.172954,0.0,26.172954,73.827046,54.893113,0.465229,11.35869
2026-08-18 01:21:33,14083.23,578559,2892,-1179.1576,-98.1445,41.1,1241.580444,-0.0,2483.199707,1.935615,,6.224451,0.622445,1e-06,2.417976,10.0,10.0,28.791804,0.0,28.791804,71.208196,53.230187,0.458629,11.35869
2026-08-18 01:21:46,14095.73,579071,2895,-598.6736,-102.8618,41.1,1188.202637,-0.0,2376.444092,1.937941,,8.51628,0.851628,1e-06,1.977012,10.0,10.0,21.639679,0.0,21.639679,78.360321,58.149149,0.45182,11.35869
2026-08-18 01:21:59,14108.5,579583,2897,-226.8021,-102.7076,41.1,240.29184,0.0,480.622314,1.931481,,10.545001,1.0545,2e-06,3.107825,10.0,10.0,18.040258,0.0,18.040258,81.959742,61.288184,0.448765,11.35869
2026-08-18 01:22:11,14121.19,580095,2900,423.4683,-97.7089,41.1,220.665131,0.0,441.369049,1.939684,,9.041673,0.904167,3e-06,1.299233,10.0,10.0,4.685158,0.0,4.685158,95.314842,71.658247,0.477172,11.35869
2026-08-18 01:22:24,14133.94,580607,2903,344.8082,-94.6309,41.1,177.399628,0.0,354.837982,1.937075,,8.055044,0.805504,3e-06,1.400922,9.0,10.0,4.486979,0.0,4.486979,95.513021,72.43153,0.496023,11.35869
2026-08-18 01:22:37,14146.68,581119,2905,-638.4588,-102.0755,41.1,655.756226,-0.0,1311.551147,1.935053,,6.308498,0.63085,1e-06,2.679923,10.0,10.0,19.84834,0.0,19.84834,80.15166,59.843208,0.507078,11.35869
2026-08-18 01:22:49,14159.19,581631,2908,501.7524,-100.1783,41.1,385.190521,0.0,770.4198,1.938869,,10.330602,1.03306,5e-06,0.559889,5.0,10.0,4.74513,0.0,4.74513,95.25487,73.035079,0.432686,11.35869
2026-08-18 01:23:02,14171.72,582143,2910,-492.6842,-104.0773,41.1,844.329041,0.0,1688.696655,1.930861,,9.063408,0.906341,2e-06,2.687419,10.0,10.0,20.55534,0.0,20.55534,79.44466,59.657926,0.431659,11.35869
2026-08-18 01:23:15,14184.41,582655,2913,-626.184,-115.2883,41.1,759.196228,-0.0,1518.431152,1.936495,,6.294199,0.62942,1e-06,1.143212,10.0,10.0,19.217375,0.0,19.217375,80.782625,61.328828,0.458606,11.35869
2026-08-18 01:23:27,14197.01,583167,2915,379.2423,-107.2782,41.1,76.676788,0.0,153.392319,1.937224,,7.020896,0.70209,3e-06,1.498592,10.0,10.0,3.020069,0.0,3.020069,96.979931,73.916705,0.495804,11.35869
2026-08-18 01:23:40,14209.72,583679,2918,-65.8881,-111.3299,41.1,575.414185,-0.0,1150.867065,1.936401,,8.695563,0.869556,3e-06,0.551677,2.0,10.0,12.414691,0.0,12.414691,87.585309,66.333818,0.445985,11.35869
2026-08-18 01:23:53,14222.39,584191,2920,-120.2779,-114.5377,41.1,1093.543213,-0.0,2187.125,1.933936,,10.470316,1.047032,1e-06,0.708553,10.0,10.0,15.514416,0.0,15.514416,84.485584,63.842745,0.429138,11.35869
2026-08-18 01:24:05,14234.95,584703,2923,-225.6087,-111.9415,41.1,170.464645,-0.0,340.967987,1.93415,,6.184441,0.618444,2e-06,1.895164,10.0,10.0,12.364949,0.0,12.364949,87.635051,65.642327,0.462966,11.35869
2026-08-18 01:24:18,14247.47,585215,2926,183.6766,-103.9635,41.1,121.180908,0.0,242.400635,1.940771,,4.49658,0.449658,5e-06,0.657155,7.0,10.0,2.747802,0.0,2.747802,97.252198,74.42923,0.525731,11.35869
2026-08-18 01:24:30,14260.1,585727,2928,-492.0263,-104.2688,41.1,576.829712,-0.0,1153.69812,1.936206,,4.92831,0.492831,2e-06,1.332602,10.0,10.0,15.105321,0.0,15.105321,84.894679,63.758186,0.483725,11.35869
2026-08-18 01:24:43,14272.69,586239,2931,-96.6079,-102.6822,41.1,169.193878,0.0,338.426605,1.941763,,5.234664,0.523466,3e-06,0.610126,4.0,10.0,8.493065,0.0,8.493065,91.506935,68.662107,0.572172,11.35869
2026-08-18 01:24:55,14285.27,586751,2933,-635.5004,-102.9533,41.1,631.23114,-0.0,1262.500977,1.93349,,6.534352,0.653435,2e-06,2.173175,10.0,10.0,19.854912,0.0,19.854912,80.145088,60.85039,0.48118,11.35869
2026-08-18 01:25:08,14297.81,587263,2936,503.5647,-91.0072,41.1,82.623932,-0.0,165.286667,1.94039,,7.581252,0.758125,5e-06,0.343085,1.0,10.0,1.297553,0.0,1.297553,98.702447,75.694583,0.45636,11.35869
2026-08-18 01:25:21,14310.36,587775,2938,-279.2262,-96.3401,41.1,191.595261,-0.0,383.229218,1.935441,,8.051689,0.805169,3e-06,1.338831,10.0,10.0,14.964446,0.0,14.964446,85.035554,64.43771,0.423228,12.083195
2026-08-18 01:25:33,14322.85,588287,2941,199.6964,-97.0258,41.1,160.639587,0.0,321.317871,1.935568,,9.943492,0.994349,3e-06,1.559731,10.0,10.0,9.195147,0.0,9.195147,90.804853,68.44753,0.422146,12.083195
2026-08-18 01:25:46,14335.32,588799,2944,234.9273,-95.1254,41.1,221.900925,-0.0,443.840668,1.941089,,6.610806,0.661081,5e-06,0.049645,0.0,1.0,4.29631,0.0,4.29631,95.70369,73.481587,0.443526,12.083195
2026-08-18 01:25:58,14347.98,589311,2946,-269.7981,-92.4433,41.1,864.212036,-0.0,1728.462891,1.943337,,6.097211,0.609721,3e-06,1.415426,10.0,10.0,11.992261,0.0,11.992261,88.007739,65.623785,0.480012,12.083195
2026-08-18 01:26:10,14360.25,589823,2949,-1262.2497,-99.422,41.1,1311.567871,0.0,2623.174561,1.944925,,4.561764,0.456176,1e-06,2.610229,10.0,10.0,26.644324,0.0,26.644324,73.355676,54.824444,0.512683,12.083195
2026-08-18 01:26:22,14372.14,590335,2951,-334.6377,-104.282,41.1,638.213806,-0.0,1276.466675,1.954205,,5.234045,0.523404,4e-06,1.182231,10.0,10.0,12.153099,0.0,12.153099,87.846901,66.488657,0.541557,12.083195
2026-08-18 01:26:35,14384.33,590847,2954,240.7623,-102.1908,41.1,203.540024,0.0,407.119232,1.95913,,7.372378,0.737238,4e-06,0.979856,10.0,10.0,5.377738,0.0,5.377738,94.622262,71.553648,0.500096,12.083195
2026-08-18 01:26:47,14396.55,591359,2956,579.4759,-86.3777,41.1,160.905884,-0.0,321.850952,1.959605,,10.414897,1.04149,4e-06,0.991494,10.0,10.0,3.379428,0.0,3.379428,96.620572,73.46961,0.497049,12.083195
2026-08-18 01:26:59,14408.68,591871,2959,200.2264,-87.225,41.1,246.737152,-0.0,493.513489,1.959979,,10.219555,1.021955,3e-06,1.222648,10.0,10.0,8.910595,0.0,8.910595,91.089405,68.778822,0.528246,12.083195
2026-08-18 01:27:11,14420.98,592383,2961,-707.3044,-98.7614,41.1,700.380493,0.0,1400.800171,1.960065,,8.674787,0.867479,2e-06,2.129938,10.0,10.0,22.218537,0.0,22.218537,77.781463,58.717665,0.473938,12.083195
2026-08-18 01:27:23,14433.05,592895,2964,197.2636,-94.8547,41.1,339.435638,-0.0,678.910583,1.96539,,10.099911,1.009991,3e-06,1.871853,10.0,10.0,9.584057,0.0,9.584057,90.415943,68.267437,0.460978,12.083195
2026-08-18 01:27:35,14445.24,593407,2967,-1683.8555,-113.728,41.1,1966.309448,-0.0,3932.658203,1.964426,,6.968237,0.696824,1e-06,2.605782,10.0,10.0,35.873764,0.0,35.873764,64.126236,47.405799,0.476729,12.083195
2026-08-18 01:27:48,14457.38,593919,2969,-193.7563,-118.7314,41.1,529.579407,-0.0,1059.198242,1.968497,,10.088682,1.008868,2e-06,2.345891,10.0,10.0,15.645805,0.0,15.645805,84.354195,63.293713,0.492296,12.083195
2026-08-18 01:28:00,14469.46,594431,2972,97.0232,-122.8775,41.1,73.739532,-0.0,147.518585,1.975797,,6.536023,0.653602,5e-06,1.560712,10.0,10.0,7.003629,0.0,7.003629,92.996371,70.055088,0.488359,12.083195
2026-08-18 01:28:12,14481.69,594943,2974,-1.4662,-129.0146,41.1,65.15155,-0.0,130.342651,1.97763,,5.486038,0.548604,3e-06,2.194534,10.0,10.0,7.342539,0.0,7.342539,92.657461,70.319482,0.525951,12.083195
2026-08-18 01:28:24,14493.87,595455,2977,-46.3881,-120.0974,41.1,157.974335,-0.0,315.98822,1.978207,,7.701772,0.770177,3e-06,1.700418,10.0,10.0,10.546404,0.0,10.546404,89.453596,67.215024,0.487037,12.083195
2026-08-18 01:28:36,14506.05,595967,2979,77.2153,-124.0329,41.1,70.599792,-0.0,141.239151,1.977966,,11.026715,1.102672,4e-06,1.398306,10.0,10.0,12.459638,0.0,12.459638,87.540362,66.769561,0.473641,12.083195
2026-08-18 01:28:49,14518.32,596479,2982,-1674.3527,-140.6393,41.1,2211.797119,0.0,4423.633789,1.978443,,4.350318,0.435032,1e-06,2.644044,10.0,10.0,32.848739,0.0,32.848739,67.151261,49.297161,0.552126,12.083195
2026-08-18 01:29:01,14530.56,596991,2984,-271.9549,-147.0193,41.1,235.811783,-0.0,471.6633,1.986151,,5.774128,0.577413,3e-06,2.09882,10.0,10.0,12.153987,0.0,12.153987,87.846013,66.875309,0.505316,12.083195
2026-08-18 01:29:13,14542.69,597503,2987,304.2045,-138.4556,41.1,79.955124,0.0,159.950058,1.990432,,7.541652,0.754165,4e-06,0.725293,10.0,10.0,4.565689,0.0,4.565689,95.434311,73.158924,0.466359,12.083195
2026-08-18 01:29:25,14554.75,598015,2990,-28.7224,-140.212,41.1,235.689835,-0.0,471.419495,1.990607,,6.307975,0.630798,3e-06,2.440318,10.0,10.0,8.880389,0.0,8.880389,91.119611,68.10664,0.527332,12.083195
2026-08-18 01:29:37,14566.87,598527,2992,-725.1417,-148.6546,41.1,1187.278931,-0.0,2374.597656,1.989582,,8.622834,0.862283,2e-06,2.442297,10.0,10.0,22.697038,0.0,22.697038,77.302962,58.604651,0.464904,12.083195
2026-08-18 01:29:49,14579.01,599039,2995,-127.5891,-151.6233,41.1,219.346893,-0.0,438.733704,1.996215,,6.925458,0.692546,3e-06,1.552611,10.0,10.0,11.043243,0.0,11.043243,88.956757,67.970423,0.532687,12.083195
2026-08-18 01:30:02,14591.35,599551,2997,-643.9837,-156.9,41.1,663.160156,0.0,1326.360352,2.000124,,4.129363,0.412936,3e-06,1.200818,10.0,10.0,15.700012,0.0,15.700012,84.299988,63.600306,0.580767,12.083195
2026-08-18 01:30:14,14603.57,600063,3000,-352.4667,-153.0972,41.1,240.705017,-0.0,481.450012,1.999485,,5.824797,0.58248,4e-06,1.11207,10.0,10.0,13.033644,0.0,13.033644,86.966356,65.86146,0.520739,12.738349
2026-08-18 01:30:26,14615.75,600575,3002,201.5459,-145.615,41.1,144.133743,-0.0,288.307434,1.997365,,11.001452,1.100145,3e-06,2.023691,10.0,10.0,10.524571,0.0,10.524571,89.475429,67.905678,0.457516,12.738349
2026-08-18 01:30:38,14628.02,601087,3005,-624.6892,-154.8812,41.1,685.760193,-0.0,1371.560425,2.003595,,6.607973,0.660797,2e-06,2.72481,10.0,10.0,17.610719,0.0,17.610719,82.389281,61.776298,0.517007,12.738349
2026-08-18 01:30:50,14640.27,601599,3008,-239.7351,-162.6242,41.1,216.894363,-0.0,433.828918,2.009454,,5.512275,0.551228,4e-06,0.815363,6.0,10.0,10.117737,0.0,10.117737,89.882263,68.773667,0.537739,12.738349
2026-08-18 01:31:03,14652.56,602111,3010,-623.5317,-173.0403,41.1,416.28299,0.0,832.60614,2.007046,,7.407902,0.74079,2e-06,2.634166,10.0,10.0,18.596236,0.0,18.596236,81.403764,60.611559,0.510594,12.738349
2026-08-18 01:31:15,14664.87,602623,3013,212.0251,-172.2976,41.1,244.939774,0.0,489.919739,2.009312,,10.322116,1.032212,4e-06,1.521355,10.0,10.0,8.855563,0.0,8.855563,91.144437,69.163038,0.508894,12.738349
2026-08-18 01:31:27,14677.1,603135,3015,892.7126,-157.5946,41.1,286.790314,-0.0,573.620911,2.012944,,12.48825,1.248825,5e-06,0.828869,7.0,10.0,0.719763,0.0,0.719763,99.280237,75.313163,0.473493,12.738349
2026-08-18 01:31:39,14689.22,603647,3018,723.2487,-154.2452,41.1,190.375214,0.0,380.790833,2.019815,,9.554976,0.955498,6e-06,0.191019,1.0,4.0,0.0,0.0,0.0,100.0,76.586682,0.47229,12.738349
2026-08-18 01:31:52,14701.38,604159,3020,-848.2806,-167.1777,41.1,1273.023682,-0.0,2546.087646,2.017078,,5.554328,0.555433,2e-06,2.493649,10.0,10.0,19.917034,0.0,19.917034,80.082966,59.920318,0.517607,12.738349
2026-08-18 01:32:04,14713.52,604671,3023,-60.8681,-168.9423,41.1,177.594009,0.0,355.228485,2.023251,,5.475172,0.547517,5e-06,0.734874,7.0,10.0,7.418667,0.0,7.418667,92.581333,70.910288,0.515163,12.738349
2026-08-18 01:32:16,14725.65,605183,3025,329.4986,-168.2412,41.1,85.858337,-0.0,171.75708,2.020492,,9.590998,0.9591,4e-06,0.888227,10.0,10.0,6.310299,0.0,6.310299,93.689701,71.61035,0.491893,12.738349
2026-08-18 01:32:28,14737.85,605695,3028,606.4552,-166.0142,41.1,384.931793,0.0,769.903992,2.020961,,14.225167,1.422517,5e-06,0.76372,9.0,10.0,6.332428,0.0,6.332428,93.667572,71.348103,0.531142,12.738349
2026-08-18 01:32:40,14749.93,606207,3031,729.596,-157.0537,41.1,426.49939,0.0,853.039246,2.022858,,13.888507,1.388851,5e-06,0.449606,1.0,10.0,4.449274,0.0,4.449274,95.550726,73.036517,0.54199,12.738349
2026-08-18 01:32:52,14762.1,606719,3033,-585.5007,-160.1607,41.1,517.143066,0.0,1034.326538,2.018784,,8.936085,0.893609,2e-06,3.358402,10.0,10.0,19.776798,0.0,19.776798,80.223202,59.885607,0.556473,12.738349
2026-08-18 01:33:04,14774.19,607231,3036,-513.5398,-165.7885,41.1,638.833435,-0.0,1277.707275,2.022821,,8.040826,0.804083,3e-06,1.160448,10.0,10.0,17.522207,0.0,17.522207,82.477793,62.471789,0.48067,12.738349
2026-08-18 01:33:17,14786.54,607743,3038,-888.8601,-178.9403,41.1,690.78656,0.0,1381.613525,2.02178,,5.731881,0.573188,2e-06,3.442939,10.0,10.0,21.046309,0.0,21.046309,78.953691,58.978923,0.514114,12.738349
2026-08-18 01:33:29,14798.75,608255,3041,-120.4396,-180.6302,41.1,275.77533,-0.0,551.591187,2.026492,,6.665189,0.666519,5e-06,0.81099,8.0,10.0,9.621577,0.0,9.621577,90.378423,68.181861,0.483604,12.738349
2026-08-18 01:33:41,14810.99,608767,3043,-10.4061,-175.8781,41.1,169.229431,0.0,338.49942,2.027632,,8.294542,0.829454,4e-06,0.533132,2.0,10.0,9.774622,0.0,9.774622,90.225378,69.110084,0.48073,12.738349
2026-08-18 01:33:53,14823.17,609279,3046,-729.35,-183.5063,41.1,963.483582,0.0,1927.00769,2.0287,,5.834827,0.583483,3e-06,1.099285,10.0,10.0,18.088202,0.0,18.088202,81.911798,61.728836,0.542721,12.738349
2026-08-18 01:34:06,14835.42,609791,3048,-767.179,-192.1096,41.1,570.193298,0.0,1140.427124,2.0243,,7.972573,0.797257,3e-06,1.329991,10.0,10.0,21.045362,0.0,21.045362,78.954638,59.834469,0.542545,12.738349
2026-08-18 01:34:18,14847.58,610303,3051,-410.2875,-177.3916,41.1,225.345245,0.0,450.731049,2.028202,,7.560566,0.756057,4e-06,1.215076,10.0,10.0,15.212925,0.0,15.212925,84.787075,64.085131,0.534351,12.738349
2026-08-18 01:34:30,14859.71,610815,3054,572.4487,-170.6638,41.1,132.630859,0.0,265.302338,2.030829,,9.603799,0.96038,5e-06,0.229893,1.0,10.0,2.311654,0.0,2.311654,97.688346,74.672487,0.472076,12.738349
2026-08-18 01:34:42,14871.83,611327,3056,-244.0953,-161.7032,41.1,227.392487,-0.0,454.825592,2.030493,,6.09605,0.609605,4e-06,1.808198,10.0,10.0,11.317849,0.0,11.317849,88.682151,67.420082,0.490092,12.738349
2026-08-18 01:34:54,14883.82,611839,3059,196.6839,-159.6548,41.1,116.712791,-0.0,233.466232,2.032648,,7.252702,0.72527,4e-06,0.764665,8.0,10.0,5.495377,0.0,5.495377,94.504623,72.248309,0.574834,12.738349
2026-08-18 01:35:06,14896.06,612351,3061,-117.6738,-160.8167,41.1,262.355286,0.0,524.75116,2.028754,,6.811757,0.681176,3e-06,2.598223,10.0,10.0,10.315925,0.0,10.315925,89.684075,67.194749,0.538798,12.738349
2026-08-18 01:35:18,14908.31,612863,3064,-29.2203,-162.9802,41.1,246.023895,-0.0,492.088379,2.029516,,7.167135,0.716714,4e-06,1.392725,10.0,10.0,8.848706,0.0,8.848706,91.151294,69.20032,0.486702,13.102345
2026-08-18 01:35:31,14920.42,613375,3066,201.6587,-164.002,41.1,40.660065,-0.0,81.360748,2.031095,,5.390108,0.539011,4e-06,1.441808,10.0,10.0,3.504069,0.0,3.504069,96.495931,73.844837,0.512906,13.102345
2026-08-18 01:35:43,14932.52,613887,3069,-75.8669,-168.7307,41.1,93.44442,-0.0,186.929428,2.029797,,5.139838,0.513984,4e-06,1.97645,10.0,10.0,7.600501,0.0,7.600501,92.399499,69.612604,0.578173,13.102345
2026-08-18 01:35:55,14944.63,614399,3072,-928.7793,-174.0503,41.1,847.615173,0.0,1695.270874,2.026454,,6.458277,0.645828,3e-06,0.830705,10.0,10.0,21.285772,0.0,21.285772,78.714228,59.485989,0.4906,13.102345
2026-08-18 01:36:07,14956.66,614911,3074,246.5236,-173.1377,41.1,102.083687,-0.0,204.207993,2.03094,,5.481808,0.548181,4e-06,0.568411,3.0,9.0,2.632177,0.0,2.632177,97.367823,74.437314,0.544687,13.102345
2026-08-18 01:36:19,14968.78,615423,3077,-670.5137,-183.566,41.1,577.572937,0.0,1155.186523,2.031034,,4.682008,0.468201,4e-06,1.309601,10.0,10.0,15.37531,0.0,15.37531,84.62469,64.29999,0.553931,13.102345
2026-08-18 01:36:31,14980.87,615935,3079,-801.8363,-190.4263,41.1,967.296326,-0.0,1934.633179,2.028662,,6.1678,0.61678,5e-06,0.388307,1.0,10.0,18.938577,0.0,18.938577,81.061423,61.907693,0.459662,13.102345
2026-08-18 01:36:43,14992.98,616447,3082,637.2107,-184.5601,41.1,173.280869,-0.0,346.602386,2.031745,,10.301161,1.030116,6e-06,0.713829,9.0,10.0,2.198313,0.0,2.198313,97.801687,73.825805,0.448809,13.102345
2026-08-18 01:36:55,15005.04,616959,3084,-270.489,-180.5503,41.1,799.26123,-0.0,1598.56311,2.029537,,8.403295,0.840329,3e-06,2.01494,10.0,10.0,13.938436,0.0,13.938436,86.061564,64.476886,0.489103,13.102345
2026-08-18 01:37:07,15017.2,617471,3087,-128.4779,-180.4233,41.1,496.678131,0.0,993.396912,2.031743,,7.848846,0.784885,4e-06,1.477427,10.0,10.0,11.063221,0.0,11.063221,88.936779,66.836862,0.515794,13.102345
2026-08-18 01:37:20,15029.46,617983,3089,-986.7397,-181.128,41.1,1042.476685,-0.0,2084.993896,2.029831,,7.301732,0.730173,2e-06,2.179152,10.0,10.0,23.354104,0.0,23.354104,76.645896,57.456072,0.491326,13.102345
2026-08-18 01:37:32,15041.83,618495,3092,-68.6696,-180.7031,41.1,132.566437,-0.0,265.173584,2.035777,,5.436416,0.543642,3e-06,2.11018,10.0,10.0,7.578887,0.0,7.578887,92.421113,70.048844,0.568415,13.102345
2026-08-18 01:37:44,15054.13,619007,3095,-1067.4335,-185.7294,41.1,2156.421631,-0.0,4312.883789,2.035213,,3.772391,0.377239,4e-06,0.789779,10.0,10.0,20.324657,0.0,20.324657,79.675343,59.66459,0.609754,13.102345
2026-08-18 01:37:57,15066.37,619519,3097,-1867.2734,-207.1661,41.1,2742.911865,-0.0,5485.864258,2.035572,,3.700189,0.370019,1e-06,1.430385,10.0,10.0,32.114168,0.0,32.114168,67.885832,50.775001,0.6031,13.102345
2026-08-18 01:38:09,15078.57,620031,3100,-395.5941,-214.3228,41.1,310.777039,0.0,621.594727,2.032923,,9.899373,0.989937,3e-06,1.611281,10.0,10.0,17.067722,0.0,17.067722,82.932278,62.029016,0.514966,13.102345
2026-08-18 01:38:21,15090.98,620543,3102,-271.8492,-211.0072,41.1,209.180252,-0.0,418.401184,2.033724,,8.898113,0.889811,3e-06,1.887356,10.0,10.0,14.442807,0.0,14.442807,85.557193,64.749201,0.503473,13.102345
2026-08-18 01:38:33,15103.21,621055,3105,548.1959,-201.2501,41.1,138.559113,0.0,277.158936,2.035053,,11.257365,1.125736,4e-06,1.793855,10.0,10.0,4.755493,0.0,4.755493,95.244507,72.056346,0.482493,13.102345
2026-08-18 01:38:46,15115.42,621567,3107,-41.2716,-200.8576,41.1,61.49892,-0.0,123.038528,2.034392,,9.115211,0.911521,4e-06,1.008652,10.0,10.0,11.097211,0.0,11.097211,88.902789,67.674605,0.458482,13.102345
2026-08-18 01:38:58,15127.53,622079,3110,-26.42,-200.9992,41.1,139.547302,-0.0,279.135345,2.036547,,6.598534,0.659853,3e-06,2.252183,10.0,10.0,8.280483,0.0,8.280483,91.719517,69.257859,0.560596,13.102345
2026-08-18 01:39:10,15139.67,622591,3112,373.4062,-192.5525,41.1,44.893867,0.0,89.828514,2.038979,,6.449283,0.644928,5e-06,1.084925,10.0,10.0,2.031718,0.0,2.031718,97.968282,74.946339,0.520078,13.102345
2026-08-18 01:39:22,15151.86,623103,3115,-746.1136,-203.3721,41.1,787.757324,0.0,1575.555298,2.03536,,7.157578,0.715758,3e-06,1.373229,10.0,10.0,19.476663,0.0,19.476663,80.523337,60.378779,0.531166,13.102345
2026-08-18 01:39:34,15164.08,623615,3118,-1104.7418,-217.4867,41.1,1424.657715,-0.0,2849.356201,2.034171,,8.315602,0.83156,2e-06,1.587942,10.0,10.0,26.071241,0.0,26.071241,73.928759,55.343155,0.500547,13.102345
2026-08-18 01:39:46,15176.24,624127,3120,-372.4308,-226.2916,41.1,442.07254,0.0,884.185852,2.037897,,6.570337,0.657034,3e-06,1.350428,10.0,10.0,13.190361,0.0,13.190361,86.809639,66.182841,0.488562,13.102345
2026-08-18 01:39:59,15188.49,624639,3123,-462.4744,-230.0714,41.1,480.283813,-0.0,960.608398,2.039963,,3.858497,0.38585,3e-06,1.684872,10.0,10.0,11.523386,0.0,11.523386,88.476614,66.289797,0.585624,13.102345
2026-08-18 01:40:11,15200.63,625151,3125,-840.9571,-244.4341,41.1,956.220154,-0.0,1912.481079,2.040437,,4.383608,0.438361,3e-06,2.733371,10.0,10.0,18.158158,0.0,18.158158,81.841842,61.543881,0.597378,13.784808
2026-08-18 01:40:23,15213.06,625663,3128,-2520.4977,-266.2471,41.1,5741.804688,-0.0,11483.650391,2.035465,,4.622586,0.462259,1e-06,3.010582,10.0,10.0,42.194858,0.0,42.194858,57.805142,41.460333,0.524932,13.784808
2026-08-18 01:40:35,15225.21,626175,3130,-560.342,-267.5159,41.1,377.053833,0.0,754.148438,2.037534,,7.003254,0.700325,3e-06,2.31577,10.0,10.0,16.15353,0.0,16.15353,83.84647,63.558831,0.490685,13.784808
2026-08-18 01:40:48,15237.49,626687,3133,-256.9286,-272.4063,41.1,509.043213,-0.0,1018.127258,2.040923,,6.473463,0.647346,5e-06,0.759442,10.0,10.0,10.673653,0.0,10.673653,89.326347,68.127112,0.535064,13.784808
2026-08-18 01:41:00,15249.61,627199,3136,297.1434,-272.289,41.1,91.241547,-0.0,182.523926,2.041395,,7.345265,0.734526,7e-06,1.009012,10.0,10.0,4.020248,0.0,4.020248,95.979752,73.066889,0.505617,13.784808
2026-08-18 01:41:12,15261.66,627711,3138,-293.7902,-270.7913,41.1,650.896484,-0.0,1301.833862,2.042857,,6.3826,0.63826,3e-06,1.554769,10.0,10.0,11.263314,0.0,11.263314,88.736686,66.68876,0.529007,13.784808
2026-08-18 01:41:24,15273.79,628223,3141,256.7659,-260.9603,41.1,122.781174,-0.0,245.603195,2.042368,,8.57019,0.857019,4e-06,1.935097,10.0,10.0,6.038616,0.0,6.038616,93.961384,70.789403,0.511162,13.784808
2026-08-18 01:41:36,15286.03,628735,3143,-1090.8606,-261.7823,41.1,1176.66333,0.0,2353.367432,2.033494,,8.236423,0.823642,2e-06,1.968334,10.0,10.0,24.422586,0.0,24.422586,75.577414,56.544426,0.476819,13.784808
2026-08-18 01:41:48,15298.04,629247,3146,-242.2628,-254.1461,41.1,523.422485,-0.0,1046.88562,2.031118,,8.733696,0.87337,4e-06,0.540432,4.0,10.0,12.94752,0.0,12.94752,87.05248,65.62234,0.493461,13.784808
2026-08-18 01:42:00,15310.2,629759,3148,-365.9135,-246.0136,41.1,1338.595093,0.0,2677.230713,2.02466,,7.639608,0.763961,3e-06,1.240137,10.0,10.0,13.50452,0.0,13.50452,86.49548,66.465257,0.541437,13.784808
2026-08-18 01:42:12,15322.29,630271,3151,-186.3394,-241.8903,41.1,677.642517,-0.0,1355.325439,2.019426,,8.721308,0.872131,5e-06,1.413841,10.0,10.0,12.081363,0.0,12.081363,87.918637,66.053502,0.530727,13.784808
2026-08-18 01:42:25,15334.61,630783,3153,-1138.7777,-251.01,41.1,1228.377075,-0.0,2456.794434,2.010838,,8.436392,0.843639,3e-06,2.474913,10.0,10.0,25.474135,0.0,25.474135,74.525865,55.841473,0.497306,13.784808
2026-08-18 01:42:37,15346.82,631295,3156,3.202,-255.2127,41.1,106.898964,-0.0,213.83812,2.009884,,8.959206,0.895921,4e-06,1.345053,10.0,10.0,9.725391,0.0,9.725391,90.274609,68.563095,0.50337,13.784808
2026-08-18 01:42:49,15358.99,631807,3159,245.1895,-256.2089,41.1,169.031403,-0.0,338.102997,2.00906,,7.419633,0.741963,4e-06,0.917013,10.0,10.0,4.673305,0.0,4.673305,95.326695,72.630131,0.50397,13.784808
2026-08-18 01:43:01,15371.27,632319,3161,-1093.9063,-260.7634,41.1,1575.094482,-0.0,3150.229004,2.004882,,4.29133,0.429133,3e-06,1.263963,10.0,10.0,20.292832,0.0,20.292832,79.707168,59.646096,0.545521,13.784808
2026-08-18 01:43:14,15383.57,632831,3164,-560.3344,-271.3842,41.1,736.377197,-0.0,1472.794312,1.998339,,8.568346,0.856835,2e-06,2.402267,10.0,10.0,17.258456,0.0,17.258456,82.741544,61.116501,0.502957,13.784808
2026-08-18 01:43:26,15395.7,633343,3166,-1121.7635,-277.675,41.1,1916.684814,0.0,3833.409424,1.995759,,6.339045,0.633904,2e-06,2.268089,10.0,10.0,23.320701,0.0,23.320701,76.679299,58.353799,0.460013,13.784808
2026-08-18 01:43:38,15407.84,633855,3169,42.412,-270.9891,41.1,117.96756,-0.0,235.975052,1.996452,,4.983963,0.498396,3e-06,2.280953,10.0,10.0,4.99649,0.0,4.99649,95.00351,71.443505,0.569802,13.784808
2026-08-18 01:43:50,15420.04,634367,3171,-231.5379,-277.0969,41.1,627.416504,-0.0,1254.872925,1.994337,,7.167391,0.716739,7e-06,1.290396,10.0,10.0,11.164173,0.0,11.164173,88.835827,67.758548,0.520969,13.784808
2026-08-18 01:44:02,15432.31,634879,3174,-191.2888,-278.3509,41.1,199.020767,0.0,398.08139,1.992663,,7.169106,0.716911,3e-06,1.869218,10.0,10.0,10.887112,0.0,10.887112,89.112888,67.410882,0.475657,13.784808
2026-08-18 01:44:15,15444.55,635391,3176,-1209.1583,-289.2397,41.1,2178.133789,-0.0,4356.307129,1.988311,,5.827195,0.58272,2e-06,1.080754,10.0,10.0,23.58647,0.0,23.58647,76.41353,57.932511,0.525909,13.784808
2026-08-18 01:44:27,15456.67,635903,3179,-345.1165,-290.4348,41.1,448.414154,0.0,896.868164,1.991575,,6.004612,0.600461,4e-06,1.224202,10.0,10.0,11.740769,0.0,11.740769,88.259231,66.511201,0.530922,13.784808
2026-08-18 01:44:39,15468.9,636415,3182,-396.3613,-296.2351,41.1,649.790833,-0.0,1299.62146,1.990068,,7.417014,0.741701,3e-06,1.360765,10.0,10.0,13.783343,0.0,13.783343,86.216657,64.783761,0.541688,13.784808
2026-08-18 01:44:51,15481.01,636927,3184,-14.2788,-291.4577,41.1,86.430588,-0.0,172.900925,1.987527,,8.270477,0.827048,4e-06,1.188697,10.0,10.0,9.371299,0.0,9.371299,90.628701,68.500819,0.510363,13.784808
2026-08-18 01:45:03,15493.16,637439,3187,-1214.4605,-302.6362,41.1,1880.840332,-0.0,3761.720459,1.984279,,8.866812,0.886681,2e-06,1.15171,10.0,10.0,26.66658,0.0,26.66658,73.33342,54.445171,0.477597,13.784808
2026-08-18 01:45:16,15505.35,637951,3189,-792.5261,-304.2064,41.1,792.015991,-0.0,1584.071777,1.987257,,5.539412,0.553941,3e-06,1.423799,10.0,10.0,16.522206,0.0,16.522206,83.477794,63.253278,0.590093,14.683299
2026-08-18 01:45:28,15517.59,638463,3192,-759.9219,-316.8413,41.1,684.473389,-0.0,1368.986572,1.986722,,7.935666,0.793567,3e-06,1.552677,10.0,10.0,18.172158,0.0,18.172158,81.827842,61.559118,0.453927,14.683299
2026-08-18 01:45:40,15529.72,638975,3194,453.5714,-309.5133,41.1,191.875153,-0.0,383.790009,1.985908,,10.168683,1.016868,3e-06,0.66022,4.0,10.0,4.267089,0.0,4.267089,95.732911,73.562621,0.486564,14.683299
2026-08-18 01:45:52,15541.89,639487,3197,-211.8106,-313.6284,41.1,302.33371,-0.0,604.707153,1.986279,,7.007264,0.700726,3e-06,2.756411,10.0,10.0,10.277164,0.0,10.277164,89.722836,66.478474,0.52474,14.683299
2026-08-18 01:46:04,15554.11,639999,3200,57.194,-315.4057,41.1,127.83474,-0.0,255.709259,1.989209,,7.434067,0.743407,5e-06,0.56081,5.0,10.0,6.862578,0.0,6.862578,93.137422,70.694666,0.484429,14.683299
2026-08-18 01:46:17,15566.35,640511,3202,311.5316,-309.5924,41.1,38.000767,-0.0,76.041298,1.988097,,7.466148,0.746615,4e-06,1.55064,10.0,10.0,3.70782,0.0,3.70782,96.29218,72.734613,0.527965,14.683299
2026-08-18 01:46:29,15578.46,641023,3205,-1714.4843,-314.1148,41.1,2546.346191,-0.0,5092.731934,1.978443,,6.885612,0.688561,1e-06,3.632719,10.0,10.0,30.409814,0.0,30.409814,69.590186,50.791432,0.539513,14.683299
2026-08-18 01:46:41,15590.67,641535,3207,-461.9633,-315.388,41.1,449.604218,-0.0,899.248047,1.981447,,8.915475,0.891547,3e-06,2.482662,10.0,10.0,15.805477,0.0,15.805477,84.194523,63.22829,0.53455,14.683299
2026-08-18 01:46:53,15602.76,642047,3210,-319.4437,-320.9901,41.1,315.106293,-0.0,630.252258,1.98264,,8.404191,0.840419,3e-06,2.319139,10.0,10.0,13.273306,0.0,13.273306,86.726694,65.33454,0.48404,14.683299
2026-08-18 01:47:05,15614.94,642559,3212,-203.2718,-328.8176,41.2,239.409683,0.0,478.858978,1.981263,,7.847637,0.784764,3e-06,1.559366,10.0,10.0,11.180019,0.0,11.180019,88.819981,67.650787,0.492757,14.683299
2026-08-18 01:47:17,15627.1,643071,3215,435.0383,-326.4695,41.2,200.248352,0.0,400.536469,1.987626,,7.679842,0.767984,6e-06,0.365374,1.0,10.0,1.962413,0.0,1.962413,98.037587,75.216792,0.524868,14.683299
2026-08-18 01:47:29,15639.23,643583,3217,-412.5046,-323.5215,41.2,711.044739,-0.0,1422.12915,1.98286,,6.149951,0.614995,3e-06,2.781393,10.0,10.0,12.29789,0.0,12.29789,87.70211,66.253939,0.558346,14.683299
2026-08-18 01:47:42,15651.48,644095,3220,-1570.4667,-341.1988,41.2,3256.882568,-0.0,6513.804688,1.982543,,5.420538,0.542054,2e-06,2.399051,10.0,10.0,26.749861,0.0,26.749861,73.250139,54.185391,0.553915,14.683299
2026-08-18 01:47:54,15663.62,644607,3223,-711.8591,-331.4788,41.2,517.157593,-0.0,1034.354858,1.982772,,4.876266,0.487627,3e-06,1.818408,10.0,10.0,14.881492,0.0,14.881492,85.118508,64.450096,0.560329,14.683299
2026-08-18 01:48:06,15675.8,645119,3225,-73.3521,-330.2748,41.2,189.841934,0.0,379.723572,1.984924,,5.938364,0.593836,3e-06,1.525879,10.0,10.0,7.357493,0.0,7.357493,92.642507,70.339686,0.506492,14.683299
2026-08-18 01:48:18,15687.89,645631,3228,644.6648,-324.7983,41.2,167.636688,0.0,335.313141,1.987669,,9.282045,0.928205,6e-06,0.06381,0.0,1.0,0.529907,0.0,0.529907,99.470093,76.380511,0.48818,14.683299
2026-08-18 01:48:30,15699.92,646143,3230,-526.9422,-330.0531,41.2,416.70697,0.0,833.453613,1.983767,,9.182673,0.918267,5e-06,1.153639,10.0,10.0,16.534729,0.0,16.534729,83.465271,63.5125,0.441853,14.683299
2026-08-18 01:48:42,15712.0,646655,3233,-817.138,-337.7606,41.2,631.213196,0.0,1262.466064,1.983978,,7.750878,0.775088,2e-06,2.539724,10.0,10.0,18.894427,0.0,18.894427,81.105573,60.568808,0.522072,14.683299
2026-08-18 01:48:54,15724.09,647167,3235,-783.091,-346.3637,41.2,606.155273,-0.0,1212.35022,1.983891,,8.30796,0.830796,4e-06,0.842533,10.0,10.0,19.001997,0.0,19.001997,80.998003,61.439626,0.457043,14.683299
2026-08-18 01:49:06,15736.25,647679,3238,-147.27,-331.0928,41.2,300.293518,-0.0,600.626709,1.98432,,9.144533,0.914453,3e-06,2.692241,10.0,10.0,11.778079,0.0,11.778079,88.221921,66.427267,0.55611,14.683299
2026-08-18 01:49:19,15748.48,648191,3240,-150.2378,-329.8757,41.2,310.881378,-0.0,621.802429,1.984042,,8.482272,0.848227,4e-06,1.485357,10.0,10.0,10.920043,0.0,10.920043,89.079957,68.206616,0.512321,14.683299
2026-08-18 01:49:31,15760.49,648703,3243,161.0858,-331.3069,41.2,104.376625,-0.0,208.793015,1.988061,,9.06359,0.906359,4e-06,0.855142,10.0,10.0,7.051295,0.0,7.051295,92.948705,70.756568,0.535224,14.683299
2026-08-18 01:49:43,15772.65,649215,3246,-291.6097,-333.9357,41.2,350.386841,-0.0,700.813416,1.986536,,10.719229,1.071923,3e-06,1.175043,10.0,10.0,14.754549,0.0,14.754549,85.245451,63.19537,0.48503,14.683299
2026-08-18 01:49:55,15785.05,649727,3248,-1772.608,-344.4104,41.2,2272.003418,0.0,4544.046387,1.983828,,9.235979,0.923598,1e-06,2.872493,10.0,10.0,33.40161,0.0,33.40161,66.59839,49.668669,0.449249,14.683299
2026-08-18 01:50:07,15797.19,650239,3251,362.5648,-339.5089,41.2,216.881012,0.0,433.801849,1.99193,,9.208512,0.920851,5e-06,0.979809,9.0,10.0,4.373365,0.0,4.373365,95.626635,72.355966,0.45436,15.320098
2026-08-18 01:50:20,15809.38,650751,3253,133.3236,-331.7358,41.2,329.753082,0.0,659.546082,1.996237,,7.908067,0.790807,4e-06,0.57085,5.0,7.0,5.944776,0.0,5.944776,94.055224,71.586061,0.464372,15.320098
2026-08-18 01:50:32,15821.38,651263,3256,-422.0958,-332.4321,41.2,349.561432,-0.0,699.162781,1.996551,,7.580233,0.758023,4e-06,1.196759,10.0,10.0,12.675753,0.0,12.675753,87.324247,65.834478,0.509394,15.320098
2026-08-18 01:50:43,15833.04,651775,3258,145.0527,-332.997,41.2,80.576927,-0.0,161.193771,1.995654,,8.220386,0.822039,3e-06,1.394515,10.0,10.0,6.242944,0.0,6.242944,93.757056,71.158498,0.480881,15.320098
2026-08-18 01:50:56,15845.82,652287,3261,-1793.3291,-344.6834,41.2,4373.909668,0.0,8747.859375,1.995464,,7.238889,0.723889,1e-06,1.624192,10.0,10.0,30.080988,0.0,30.080988,69.919012,52.046588,0.479488,15.320098
2026-08-18 01:51:09,15858.54,652799,3264,-374.1952,-346.028,41.2,231.311325,-0.0,462.662689,2.001401,,7.853937,0.785394,3e-06,2.438255,10.0,10.0,12.890831,0.0,12.890831,87.109169,65.840024,0.513247,15.320098
2026-08-18 01:51:21,15871.23,653311,3266,-683.4655,-346.6273,41.2,715.825623,-0.0,1431.691284,2.002847,,6.804208,0.680421,3e-06,1.652638,10.0,10.0,15.637562,0.0,15.637562,84.362438,63.500663,0.515476,15.320098
2026-08-18 01:51:34,15884.04,653823,3269,-628.2445,-355.03,41.2,1915.773315,-0.0,3831.58667,2.003749,,9.426122,0.942612,3e-06,0.693387,10.0,10.0,17.07379,0.0,17.07379,82.92621,62.870554,0.474199,15.320098
2026-08-18 01:51:47,15896.69,654335,3271,-227.5232,-366.2324,41.2,349.93811,0.0,699.916321,2.006439,,5.774988,0.577499,3e-06,2.127686,10.0,10.0,9.144361,0.0,9.144361,90.855639,68.673817,0.531127,15.320098
2026-08-18 01:52:00,15909.42,654847,3274,-794.1045,-381.4059,41.2,554.590698,0.0,1109.221558,2.007025,,5.414736,0.541474,2e-06,3.048438,10.0,10.0,15.795896,0.0,15.795896,84.204104,62.341627,0.499429,15.320098
2026-08-18 01:52:12,15922.19,655359,3276,-199.799,-374.9211,41.2,497.747986,-0.0,995.536133,2.008721,,7.23839,0.723839,3e-06,1.898535,10.0,10.0,10.022059,0.0,10.022059,89.977941,68.707094,0.485771,15.320098
2026-08-18 01:52:25,15934.97,655871,3279,-218.0182,-376.4926,41.2,670.987915,-0.0,1342.015991,2.009879,,6.49436,0.649436,4e-06,0.780857,10.0,10.0,9.155026,0.0,9.155026,90.844974,69.313753,0.571565,15.320098
2026-08-18 01:52:38,15947.69,656383,3281,92.6592,-378.861,41.2,143.316483,-0.0,286.673248,2.013487,,5.761271,0.576127,6e-06,0.889304,8.0,10.0,4.419307,0.0,4.419307,95.580693,72.416073,0.542286,15.320098
2026-08-18 01:52:51,15960.45,656895,3284,-1062.6115,-395.5517,41.2,1535.468628,-0.0,3070.977539,2.016101,,2.421844,0.242184,2e-06,1.618817,10.0,10.0,16.1986,0.0,16.1986,83.8014,62.612818,0.700763,15.320098
2026-08-18 01:53:03,15972.98,657407,3287,67.3547,-402.1741,41.2,321.591187,0.0,643.222656,2.014804,,5.526904,0.55269,5e-06,0.426974,1.0,10.0,4.660735,0.0,4.660735,95.339265,72.815421,0.556081,15.320098
2026-08-18 01:53:16,15985.72,657919,3289,-491.6015,-401.2351,41.2,1058.49585,-0.0,2117.031982,2.00979,,9.258453,0.925845,3e-06,1.734919,10.0,10.0,15.617473,0.0,15.617473,84.382527,64.095831,0.487645,15.320098
2026-08-18 01:53:29,15998.39,658431,3292,16.2829,-395.9369,41.2,481.399139,0.0,962.838501,2.010435,,8.988874,0.898887,3e-06,2.200353,10.0,10.0,9.062276,0.0,9.062276,90.937724,68.60979,0.521854,15.320098
2026-08-18 01:53:41,16011.15,658943,3294,-375.2324,-390.8006,41.2,520.080078,-0.0,1040.200439,2.012301,,8.655448,0.865545,3e-06,1.489576,10.0,10.0,13.340112,0.0,13.340112,86.659888,66.327005,0.519785,15.320098
2026-08-18 01:53:54,16023.91,659455,3297,-1072.2268,-400.3185,41.2,1141.328125,-0.0,2282.696533,2.010133,,7.645737,0.764574,2e-06,2.859232,10.0,10.0,21.449041,0.0,21.449041,78.550959,58.922595,0.558795,15.320098
2026-08-18 01:54:07,16036.58,659967,3299,500.0792,-395.2136,41.2,148.502197,-0.0,297.044647,2.013124,,10.200083,1.020008,5e-06,1.000497,10.0,10.0,3.519471,0.0,3.519471,96.480529,73.453307,0.511764,15.320098
2026-08-18 01:54:19,16049.23,660479,3302,-641.8331,-394.3384,41.2,1032.788574,0.0,2065.617432,2.014346,,7.421426,0.742143,3e-06,1.521091,10.0,10.0,15.711669,0.0,15.711669,84.288331,62.797681,0.4814,15.320098
2026-08-18 01:54:32,16061.97,660991,3304,-101.3385,-387.68,41.2,257.904968,-0.0,515.850281,2.015763,,7.488393,0.748839,4e-06,0.992762,10.0,10.0,8.680689,0.0,8.680689,91.319311,69.440082,0.466118,15.320098
2026-08-18 01:54:45,16074.75,661503,3307,-137.4891,-384.9521,41.2,223.943207,-0.0,447.926758,2.017237,,7.029611,0.702961,3e-06,1.807173,10.0,10.0,8.958855,0.0,8.958855,91.041145,68.557525,0.529835,15.320098
2026-08-18 01:54:58,16087.36,662015,3310,-455.4983,-395.2315,41.2,656.79834,0.0,1313.637085,2.017295,,7.364056,0.736406,6e-06,1.023313,10.0,10.0,13.204689,0.0,13.204689,86.795311,65.345825,0.471458,15.320098
2026-08-18 01:55:10,16099.96,662527,3312,-415.4378,-396.9449,41.2,380.364594,-0.0,760.76947,2.015163,,7.558445,0.755844,3e-06,1.360131,10.0,10.0,13.047491,0.0,13.047491,86.952509,65.730605,0.468211,15.780366
2026-08-18 01:55:23,16112.58,663039,3315,92.1723,-397.9901,41.2,73.819313,-0.0,147.679016,2.019797,,7.600732,0.760073,4e-06,1.189968,10.0,10.0,6.42002,0.0,6.42002,93.57998,70.959978,0.447877,15.780366
2026-08-18 01:55:35,16125.26,663551,3317,-531.2914,-402.1262,41.1,1562.065674,0.0,3124.171631,2.017044,,8.189514,0.818951,3e-06,1.33719,10.0,10.0,14.373097,0.0,14.373097,85.626903,64.907307,0.471702,15.780366
2026-08-18 01:55:48,16137.96,664063,3320,-200.4281,-403.8383,41.1,212.35527,-0.0,424.750885,2.017624,,6.709784,0.670978,4e-06,1.41841,10.0,10.0,9.232243,0.0,9.232243,90.767757,68.87686,0.566661,15.780366
2026-08-18 01:56:01,16150.53,664575,3322,-404.0432,-409.8953,41.1,801.46814,0.0,1602.976562,2.01706,,9.379412,0.937941,4e-06,1.004024,10.0,10.0,13.833008,0.0,13.833008,86.166992,65.12299,0.481845,15.780366
2026-08-18 01:56:13,16163.07,665087,3325,521.568,-403.921,41.1,129.883728,0.0,259.807831,2.018766,,11.236409,1.123641,4e-06,0.731138,6.0,10.0,4.259901,0.0,4.259901,95.740099,72.8782,0.486058,15.780366
2026-08-18 01:56:26,16175.62,665599,3328,621.8941,-388.4143,41.1,124.239014,0.0,248.518417,2.019648,,8.200972,0.820097,5e-06,0.451685,4.0,9.0,0.115615,0.0,0.115615,99.884385,76.160164,0.445888,15.780366
2026-08-18 01:56:39,16188.41,666111,3330,-570.2823,-396.5823,41.1,672.703735,-0.0,1345.447876,2.018271,,7.961562,0.796156,2e-06,2.273403,10.0,10.0,14.904956,0.0,14.904956,85.095044,63.199377,0.431663,15.780366
2026-08-18 01:56:51,16201.1,666623,3333,-937.383,-399.251,41.1,1643.021851,-0.0,3286.083984,2.018646,,6.488866,0.648887,2e-06,2.780063,10.0,10.0,18.004887,0.0,18.004887,81.995113,61.035562,0.536843,15.780366
2026-08-18 01:57:04,16213.74,667135,3335,-608.7312,-397.32,41.1,426.34845,-0.0,852.737305,2.021258,,5.451032,0.545103,3e-06,1.403478,10.0,10.0,12.978712,0.0,12.978712,87.021288,65.493895,0.538185,15.780366
2026-08-18 01:57:16,16226.28,667647,3338,-1125.5099,-414.9472,41.1,959.761658,0.0,1919.563721,2.020493,,4.79334,0.479334,2e-06,1.252155,10.0,10.0,18.560864,0.0,18.560864,81.439136,60.587787,0.552438,15.780366
2026-08-18 01:57:29,16238.81,668159,3340,-444.2355,-416.6846,41.1,587.574707,-0.0,1175.189819,2.021263,,6.827155,0.682716,6e-06,1.085142,10.0,10.0,12.021071,0.0,12.021071,87.978929,67.042379,0.454178,15.780366
2026-08-18 01:57:42,16251.52,668671,3343,-634.0239,-421.7401,41.1,489.868683,-0.0,979.777771,2.020567,,6.967775,0.696777,3e-06,1.214575,10.0,10.0,14.451303,0.0,14.451303,85.548697,64.897494,0.501085,15.780366
2026-08-18 01:57:54,16264.3,669183,3345,-2141.0453,-433.2831,41.1,4175.08252,-0.0,8350.205078,2.017658,,5.423283,0.542328,1e-06,3.233287,10.0,10.0,32.106805,0.0,32.106805,67.893195,50.154382,0.471965,15.780366
2026-08-18 01:58:07,16277.09,669695,3348,-107.0657,-433.6671,41.1,383.073029,-0.0,766.186401,2.018292,,12.093221,1.209322,3e-06,1.964423,10.0,10.0,12.701051,0.0,12.701051,87.298949,66.02682,0.460739,15.780366
2026-08-18 01:58:20,16289.88,670207,3351,-515.722,-428.15,41.1,890.851685,-0.0,1781.743774,2.018436,,11.199722,1.119972,2e-06,1.517054,10.0,10.0,17.001256,0.0,17.001256,82.998744,63.029834,0.495969,15.780366
2026-08-18 01:58:33,16302.55,670719,3353,-1091.0295,-420.3875,41.1,898.750488,-0.0,1797.541382,2.018648,,7.926759,0.792676,2e-06,3.114083,10.0,10.0,21.423917,0.0,21.423917,78.576083,58.303852,0.495934,15.780366
2026-08-18 01:58:46,16315.42,671231,3356,-912.852,-425.5601,41.1,687.911072,0.0,1375.862549,2.018114,,9.19063,0.919063,2e-06,2.753183,10.0,10.0,20.258992,0.0,20.258992,79.741008,59.984042,0.512912,15.780366
2026-08-18 01:58:58,16328.14,671743,3358,-289.9937,-425.7416,41.1,1805.401978,-0.0,3610.844482,2.024333,,8.948796,0.89488,4e-06,0.44965,1.0,10.0,11.770867,0.0,11.770867,88.229133,66.884824,0.503015,15.780366
2026-08-18 01:59:11,16340.94,672255,3361,-823.6288,-439.4598,41.1,1493.77356,0.0,2987.587646,2.022983,,7.898365,0.789837,3e-06,1.828467,10.0,10.0,17.682348,0.0,17.682348,82.317652,61.358835,0.567413,15.780366
2026-08-18 01:59:24,16353.67,672767,3363,-649.6689,-445.5438,41.1,578.786499,0.0,1157.613403,2.022436,,6.100918,0.610092,2e-06,2.073175,10.0,10.0,14.454757,0.0,14.454757,85.545243,64.332257,0.50964,15.780366
2026-08-18 01:59:37,16366.38,673279,3366,-1725.7013,-462.5366,41.1,2109.979492,-0.0,4219.999512,2.023188,,4.530204,0.45302,2e-06,3.788069,10.0,10.0,26.131631,0.0,26.131631,73.868369,53.869521,0.585277,15.780366
2026-08-18 01:59:49,16379.13,673791,3368,-1672.7812,-482.9985,41.1,1779.275391,0.0,3558.591064,2.019983,,6.184518,0.618452,2e-06,3.229986,10.0,10.0,26.971914,0.0,26.971914,73.028086,54.947215,0.521025,15.780366
2026-08-18 02:00:02,16391.9,674303,3371,-2038.0556,-495.9179,41.1,3852.337158,0.0,7704.714844,2.021892,,5.42067,0.542067,1e-06,3.175245,10.0,10.0,30.776174,0.0,30.776174,69.223826,50.701258,0.521751,15.780366
2026-08-18 02:00:15,16404.53,674815,3374,-1180.9767,-496.6803,41.1,2087.443359,-0.0,4174.927246,2.024939,,6.844793,0.684479,4e-06,0.720582,10.0,10.0,20.965496,0.0,20.965496,79.034504,59.504398,0.502683,15.780366
2026-08-18 02:00:28,16417.33,675327,3376,-1436.063,-507.3166,41.1,1667.553345,-0.0,3335.146973,2.019421,,8.222789,0.822279,2e-06,5.012762,10.0,10.0,25.476178,0.0,25.476178,74.523822,55.105131,0.476116,16.853435
2026-08-18 02:00:40,16430.03,675839,3379,-697.3649,-509.6655,41.1,1333.367065,0.0,2666.774658,2.02413,,10.674995,1.0675,4e-06,0.952622,10.0,10.0,17.360423,0.0,17.360423,82.639577,62.175156,0.459715,16.853435
2026-08-18 02:00:53,16442.54,676351,3381,460.9028,-496.6469,41.1,390.774261,0.0,781.588989,2.024328,,12.711339,1.271134,4e-06,0.775823,10.0,10.0,5.767825,0.0,5.767825,94.232175,72.366551,0.498816,16.853435
2026-08-18 02:01:05,16455.26,676863,3384,155.4072,-469.8878,41.1,134.441727,-0.0,268.923981,2.02595,,10.290314,1.029031,3e-06,1.823814,10.0,10.0,7.69542,0.0,7.69542,92.30458,69.110198,0.498684,16.853435
2026-08-18 02:01:18,16467.95,677375,3386,-256.474,-466.8491,41.1,336.343689,-0.0,672.727966,2.029299,,5.548788,0.554879,4e-06,1.542528,10.0,10.0,8.267693,0.0,8.267693,91.732307,69.883011,0.557936,16.853435
2026-08-18 02:01:31,16480.64,677887,3389,-1104.7006,-475.3269,41.1,1090.674438,0.0,2181.389404,2.029088,,3.467891,0.346789,3e-06,1.581174,10.0,10.0,16.061383,0.0,16.061383,83.938617,63.038977,0.641581,16.853435
2026-08-18 02:01:44,16493.39,678399,3392,-744.4594,-485.7429,41.1,473.969299,-0.0,947.979126,2.026176,,8.78394,0.878394,2e-06,1.993234,10.0,10.0,16.654025,0.0,16.654025,83.345975,62.532792,0.488226,16.853435
2026-08-18 02:01:56,16506.24,678911,3394,-935.1794,-492.1568,41.1,769.321167,-0.0,1538.682861,2.025446,,9.486809,0.948681,2e-06,2.968386,10.0,10.0,19.823198,0.0,19.823198,80.176802,59.141623,0.518657,16.853435
2026-08-18 02:02:09,16518.77,679423,3397,268.6977,-492.0375,41.1,522.742859,-0.0,1045.526245,2.026923,,10.425614,1.042561,4e-06,1.509694,10.0,10.0,6.331643,0.0,6.331643,93.668357,71.614736,0.509143,16.853435
2026-08-18 02:02:22,16531.43,679935,3399,121.9275,-479.9096,41.1,269.544708,-0.0,539.130066,2.031934,,8.618077,0.861808,5e-06,0.619581,10.0,10.0,6.204754,0.0,6.204754,93.795246,71.732259,0.47263,16.853435
2026-08-18 02:02:34,16544.08,680447,3402,-481.8766,-482.3057,41.1,515.432312,0.0,1030.905273,2.032104,,4.882043,0.488204,5e-06,0.323391,2.0,8.0,9.951698,0.0,9.951698,90.048302,68.393141,0.530193,16.853435
2026-08-18 02:02:47,16556.9,680959,3404,-2057.7044,-499.2236,41.1,3305.367188,0.0,6610.774902,2.027874,,6.96914,0.696914,1e-06,2.288756,10.0,10.0,30.23583,0.0,30.23583,69.76417,52.400494,0.477541,16.853435
2026-08-18 02:03:00,16569.57,681471,3407,-679.9046,-504.1593,41.1,442.6427,0.0,885.325989,2.027996,,8.505746,0.850575,2e-06,2.435131,10.0,10.0,15.925161,0.0,15.925161,84.074839,63.491654,0.477007,16.853435
2026-08-18 02:03:12,16582.14,681983,3409,-104.6831,-493.8183,41.1,270.167236,-0.0,540.375,2.026726,,11.120491,1.112049,5e-06,1.205136,10.0,10.0,11.104712,0.0,11.104712,88.895288,68.067591,0.458816,16.853435
2026-08-18 02:03:25,16594.94,682495,3412,-1246.033,-506.3107,41.1,1832.613892,-0.0,3665.268311,2.0273,,8.515652,0.851565,2e-06,4.116678,10.0,10.0,22.792344,0.0,22.792344,77.207656,57.049968,0.487276,16.853435
2026-08-18 02:03:38,16607.64,683007,3415,-119.6462,-509.9591,41.1,382.206909,0.0,764.454407,2.029463,,7.70955,0.770955,3e-06,1.564208,10.0,10.0,8.323719,0.0,8.323719,91.676281,69.310251,0.479528,16.853435
2026-08-18 02:03:50,16620.31,683519,3417,-65.5726,-499.6757,41.1,741.285339,0.0,1482.611328,2.029863,,8.75618,0.875618,7e-06,0.839175,10.0,10.0,8.54411,0.0,8.54411,91.45589,69.661119,0.459941,16.853435
2026-08-18 02:04:03,16632.91,684031,3420,567.7774,-488.3946,41.1,127.163025,0.0,254.366699,2.032469,,8.770962,0.877096,4e-06,0.853275,5.0,10.0,1.273435,0.0,1.273435,98.726565,75.039184,0.441043,16.853435
2026-08-18 02:04:16,16645.49,684543,3422,253.6566,-474.6404,41.1,422.916901,-0.0,845.874451,2.031829,,10.474169,1.047417,5e-06,1.030321,10.0,10.0,6.396282,0.0,6.396282,93.603718,71.721562,0.445397,16.853435
2026-08-18 02:04:28,16658.02,685055,3425,59.8821,-474.4657,41.1,446.579041,-0.0,893.19873,2.033583,,11.721369,1.172137,4e-06,1.024853,10.0,10.0,9.517329,0.0,9.517329,90.482671,68.517441,0.444705,16.853435
2026-08-18 02:04:41,16670.56,685567,3427,-14.5608,-472.2959,41.1,113.156075,0.0,226.352829,2.033769,,7.256789,0.725679,4e-06,1.161621,10.0,10.0,6.797155,0.0,6.797155,93.202845,70.964682,0.444519,16.853435
2026-08-18 02:04:53,16683.23,686079,3430,-158.2752,-471.9658,41.1,520.695251,-0.0,1041.431274,2.036061,,6.938149,0.693815,4e-06,1.008359,10.0,10.0,8.212947,0.0,8.212947,91.787053,69.109146,0.492433,16.853435
2026-08-18 02:05:06,16696.0,686591,3432,-224.6755,-462.121,41.1,216.130264,-0.0,432.301178,2.032687,,8.424058,0.842406,2e-06,3.373577,10.0,10.0,11.049285,0.0,11.049285,88.950715,66.695037,0.500305,16.853435
2026-08-18 02:05:19,16708.6,687103,3435,68.7004,-457.9828,41.1,274.973114,0.0,549.986938,2.035444,,10.240159,1.024016,4e-06,0.691379,6.0,10.0,8.120961,0.0,8.120961,91.879039,70.092037,0.432157,16.853435
2026-08-18 02:05:31,16721.26,687615,3438,-907.3255,-463.0924,41.1,1364.534302,0.0,2729.109375,2.035553,,5.460284,0.546028,3e-06,1.15956,9.0,10.0,15.359587,0.0,15.359587,84.640413,64.222393,0.530724,17.30404
2026-08-18 02:05:44,16733.91,688127,3440,-205.3338,-465.003,41.1,362.541382,-0.0,725.123535,2.038036,,7.272139,0.727214,6e-06,1.249734,10.0,10.0,8.775522,0.0,8.775522,91.224478,69.611645,0.498391,17.30404
2026-08-18 02:05:57,16746.68,688639,3443,295.6214,-449.9022,41.1,225.176422,-0.0,450.393555,2.035482,,11.436805,1.143681,4e-06,0.583305,2.0,10.0,6.379393,0.0,6.379393,93.620607,71.227613,0.481685,17.30404
2026-08-18 02:06:10,16759.35,689151,3445,257.2388,-439.4045,41.1,315.903595,0.0,631.8479,2.03614,,10.632074,1.063207,3e-06,0.927397,8.0,10.0,6.127743,0.0,6.127743,93.872257,71.330156,0.50322,17.30404
2026-08-18 02:06:22,16772.07,689663,3448,-718.1743,-438.987,41.1,1679.335083,-0.0,3358.710938,2.039236,,8.533553,0.853355,3e-06,1.258629,10.0,10.0,15.412688,0.0,15.412688,84.587312,63.365151,0.553078,17.30404
2026-08-18 02:06:35,16784.74,690175,3450,-816.1857,-451.6846,41.1,1968.294067,0.0,3936.628906,2.038923,,9.437003,0.9437,3e-06,0.747443,10.0,10.0,17.291646,0.0,17.291646,82.708354,63.49741,0.513176,17.30404
2026-08-18 02:06:48,16797.35,690687,3453,295.0001,-446.6165,41.1,294.519928,-0.0,589.080688,2.041988,,11.428421,1.142842,5e-06,0.490778,3.0,10.0,6.316264,0.0,6.316264,93.683736,71.1954,0.481654,17.30404
2026-08-18 02:07:00,16810.01,691199,3456,320.9417,-443.979,41.1,166.6716,-0.0,333.384033,2.041465,,9.812889,0.981289,5e-06,1.160126,10.0,10.0,5.094664,0.0,5.094664,94.905336,72.206333,0.484518,17.30404
2026-08-18 02:07:13,16822.71,691711,3458,-873.3345,-455.8277,41.1,2229.696533,-0.0,4459.434082,2.042868,,7.290784,0.729078,3e-06,0.965371,10.0,10.0,16.286125,0.0,16.286125,83.713875,62.506432,0.49832,17.30404
2026-08-18 02:07:26,16835.53,692223,3461,-1119.8291,-449.8811,41.1,2340.69458,0.0,4681.430176,2.042571,,9.28453,0.928453,2e-06,2.080591,10.0,10.0,21.101589,0.0,21.101589,78.898411,59.106621,0.503293,17.30404
2026-08-18 02:07:38,16848.12,692735,3463,2.993,-445.2316,41.1,257.318573,-0.0,514.67804,2.045245,,8.137015,0.813701,3e-06,1.476928,10.0,10.0,7.1532,0.0,7.1532,92.8468,70.208624,0.49056,17.30404
2026-08-18 02:07:50,16859.91,693247,3466,-946.6705,-451.5038,41.1,2424.300537,-0.0,4848.64209,2.047058,,6.950698,0.69507,2e-06,1.335701,10.0,10.0,16.554785,0.0,16.554785,83.445215,62.246402,0.521535,17.30404
2026-08-18 02:08:03,16872.55,693759,3468,-1149.1654,-460.9628,41.1,1540.766968,-0.0,3081.574951,2.048461,,5.52857,0.552857,3e-06,2.131124,10.0,10.0,18.302406,0.0,18.302406,81.697594,61.868978,0.516815,17.30404
2026-08-18 02:08:15,16885.19,694271,3471,-349.191,-468.8051,41.1,794.102356,-0.0,1588.245728,2.048833,,8.809339,0.880934,4e-06,1.02612,10.0,10.0,11.734823,0.0,11.734823,88.265177,67.193767,0.474716,17.30404
2026-08-18 02:08:28,16897.82,694783,3473,290.3268,-461.7768,41.1,58.213406,-0.0,116.467773,2.048287,,10.163106,1.016311,4e-06,1.877816,10.0,10.0,5.780836,0.0,5.780836,94.219164,72.170874,0.441027,17.30404
2026-08-18 02:08:41,16910.39,695295,3476,61.9086,-445.453,41.1,78.42981,0.0,156.900635,2.050712,,8.8338,0.88338,3e-06,1.298872,10.0,10.0,7.15551,0.0,7.15551,92.84449,70.963147,0.456293,17.30404
2026-08-18 02:08:53,16922.8,695807,3479,-360.3718,-441.9381,41.1,519.357544,-0.0,1038.756104,2.052526,,6.294549,0.629455,4e-06,0.969339,10.0,10.0,9.631126,0.0,9.631126,90.368874,68.609037,0.498064,17.30404
2026-08-18 02:09:05,16935.29,696319,3481,-427.0523,-445.4751,41.1,831.544189,0.0,1663.129517,2.054504,,5.262883,0.526288,5e-06,1.315304,10.0,10.0,9.683549,0.0,9.683549,90.316451,68.670947,0.565847,17.30404
2026-08-18 02:09:18,16947.87,696831,3484,-131.5414,-453.2372,41.1,158.594452,-0.0,317.230042,2.056192,,4.653959,0.465396,4e-06,1.000183,10.0,10.0,5.677374,0.0,5.677374,94.322626,71.102446,0.578083,17.30404
2026-08-18 02:09:31,16960.36,697343,3486,-453.2137,-452.4999,41.1,361.964294,-0.0,723.969666,2.055324,,6.354957,0.635496,4e-06,1.456316,10.0,10.0,10.889808,0.0,10.889808,89.110192,67.568281,0.484472,17.30404
2026-08-18 02:09:43,16972.89,697855,3489,366.0647,-440.6679,41.1,205.757431,0.0,411.556,2.057018,,8.009056,0.800906,5e-06,0.667297,8.0,10.0,2.874081,0.0,2.874081,97.125919,74.600904,0.492166,17.30404
2026-08-18 02:09:56,16985.39,698367,3491,126.4889,-431.5721,41.1,146.990005,-0.0,294.021149,2.057075,,7.90022,0.790022,4e-06,0.855608,10.0,10.0,5.598784,0.0,5.598784,94.401216,72.456701,0.474375,17.30404
2026-08-18 02:10:08,16998.02,698879,3494,-1220.5341,-442.3047,41.1,2528.213867,0.0,5056.46875,2.055715,,6.946115,0.694611,2e-06,1.418232,10.0,10.0,19.874871,0.0,19.874871,80.125129,60.350116,0.522809,17.30404
2026-08-18 02:10:21,17010.66,699391,3496,-1415.824,-454.9606,41.1,1856.115845,-0.0,3712.272705,2.054056,,7.366511,0.736651,2e-06,2.142224,10.0,10.0,22.41905,0.0,22.41905,77.58095,58.642464,0.490611,17.30404
2026-08-18 02:10:33,17023.26,699903,3499,-1680.486,-473.3763,41.1,2423.569336,-0.0,4847.179688,2.056199,,4.576344,0.457634,2e-06,1.858322,10.0,10.0,23.137375,0.0,23.137375,76.862625,57.382541,0.549976,17.30404
2026-08-18 02:10:46,17035.79,700415,3502,37.5503,-470.0847,41.1,254.118317,0.0,508.277832,2.059193,,7.382901,0.73829,4e-06,0.482535,3.0,10.0,5.689739,0.0,5.689739,94.310261,71.161713,0.543262,17.689629
2026-08-18 02:10:59,17048.36,700927,3504,-1233.0482,-464.6891,41.1,2084.51709,-0.0,4169.075195,2.058916,,4.86657,0.486657,2e-06,1.613518,10.0,10.0,17.751498,0.0,17.751498,82.248502,63.319143,0.566155,17.689629
2026-08-18 02:11:11,17060.8,701439,3507,391.6552,-464.3982,41.1,40.367317,-0.0,80.775871,2.06173,,5.100539,0.510054,5e-06,0.146378,1.0,2.0,0.0,0.0,0.0,100.0,77.251811,0.532131,17.689629
2026-08-18 02:11:24,17073.36,701951,3509,103.6654,-464.6948,41.1,138.085968,-0.0,276.213135,2.060283,,5.455078,0.545508,6e-06,0.718453,10.0,10.0,3.687815,0.0,3.687815,96.312185,73.415815,0.523714,17.689629
2026-08-18 02:11:36,17085.79,702463,3512,567.4084,-454.7997,41.1,214.825516,0.0,429.6922,2.059145,,10.593648,1.059365,5e-06,0.949462,10.0,10.0,2.625339,0.0,2.625339,97.374661,74.409626,0.441526,17.689629
2026-08-18 02:11:49,17098.42,702975,3514,-718.936,-463.4396,41.1,1596.123779,0.0,3192.288818,2.058187,,8.483187,0.848319,3e-06,0.830993,8.0,10.0,15.020473,0.0,15.020473,84.979527,64.553922,0.456007,17.689629
2026-08-18 02:12:01,17110.91,703487,3517,-678.3058,-452.2894,41.1,548.811401,-0.0,1097.664062,2.060784,,4.679932,0.467993,3e-06,1.740179,10.0,10.0,11.650823,0.0,11.650823,88.349177,66.232583,0.546404,17.689629
2026-08-18 02:12:14,17123.47,703999,3520,298.3761,-445.5637,41.1,28.874647,-0.0,57.790516,2.061067,,7.091445,0.709145,5e-06,1.479881,10.0,10.0,2.901993,0.0,2.901993,97.098007,73.986384,0.481711,17.689629
2026-08-18 02:12:26,17135.96,704511,3522,-1540.7022,-454.136,41.1,1685.450684,-0.0,3370.942627,2.058878,,5.235936,0.523594,2e-06,2.229621,10.0,10.0,21.502229,0.0,21.502229,78.497771,58.666202,0.537709,17.689629
2026-08-18 02:12:39,17148.63,705023,3525,-2205.5123,-469.9087,41.1,3996.924805,-0.0,7993.890625,2.057424,,4.499767,0.449977,1e-06,3.54246,10.0,10.0,28.798788,0.0,28.798788,71.201212,51.852424,0.551268,17.689629
2026-08-18 02:12:52,17161.41,705535,3527,-2650.0784,-494.1343,41.1,5028.999512,-0.0,10058.040039,2.057402,,5.79851,0.579851,1e-06,2.428645,10.0,10.0,34.29813,0.0,34.29813,65.70187,49.5895,0.526318,17.689629
2026-08-18 02:13:04,17174.08,706047,3530,-1528.9822,-501.4831,41.1,1684.668457,0.0,3369.378174,2.05883,,7.036801,0.70368,2e-06,2.073499,10.0,10.0,23.131136,0.0,23.131136,76.868864,57.740966,0.485827,17.689629
2026-08-18 02:13:17,17186.56,706559,3532,-783.646,-507.3215,41.1,584.602234,0.0,1169.245728,2.061932,,5.300231,0.530023,3e-06,1.905452,10.0,10.0,13.675731,0.0,13.675731,86.324269,65.552675,0.509133,17.689629
2026-08-18 02:13:29,17199.15,707071,3535,-662.6147,-511.7675,41.1,428.219391,0.0,856.47998,2.059635,,6.699433,0.669943,2e-06,2.193683,10.0,10.0,12.962479,0.0,12.962479,87.037521,64.646861,0.50228,17.689629
2026-08-18 02:13:42,17211.6,707583,3537,-91.9249,-513.6133,41.1,297.778534,-0.0,595.598267,2.060211,,8.912113,0.891211,5e-06,1.154302,10.0,10.0,8.584033,0.0,8.584033,91.415967,69.761502,0.529291,17.689629
2026-08-18 02:13:54,17224.11,708095,3540,-549.6455,-508.4837,41.1,455.247864,-0.0,910.536926,2.06098,,6.607276,0.660728,3e-06,0.854687,5.0,10.0,11.756595,0.0,11.756595,88.243405,67.087303,0.515384,17.689629
2026-08-18 02:14:07,17236.67,708607,3543,594.8659,-503.2086,41.1,123.159981,0.0,246.361252,2.064469,,7.856725,0.785672,7e-06,0.052581,0.0,1.0,0.0,0.0,0.0,100.0,76.454407,0.484293,17.689629
2026-08-18 02:14:19,17249.19,709119,3545,-938.7335,-507.6799,41.1,951.724182,-0.0,1903.489624,2.061714,,6.857642,0.685764,3e-06,1.748745,10.0,10.0,16.213507,0.0,16.213507,83.786493,63.407968,0.521048,17.689629
2026-08-18 02:14:32,17261.62,709631,3548,218.0589,-505.6621,41.1,204.700592,-0.0,409.442444,2.063651,,6.909282,0.690928,5e-06,0.811237,9.0,10.0,3.516869,0.0,3.516869,96.483131,73.012787,0.515038,17.689629
2026-08-18 02:14:45,17274.4,710143,3550,-2823.7937,-530.1477,41.1,4811.966309,-0.0,9623.973633,2.062107,,3.753702,0.37537,1e-06,4.088281,10.0,10.0,34.945617,0.0,34.945617,65.054383,47.813615,0.585343,17.689629
2026-08-18 02:14:57,17287.08,710655,3553,-1201.3673,-531.4391,41.1,1603.981323,-0.0,3208.003906,2.063928,,5.87391,0.587391,2e-06,1.927609,10.0,10.0,18.492939,0.0,18.492939,81.507061,60.685951,0.492402,17.689629
2026-08-18 02:15:10,17299.76,711167,3555,-1335.0281,-549.7902,41.1,1854.757324,-0.0,3709.555908,2.060891,,6.636581,0.663658,2e-06,2.488005,10.0,10.0,20.654305,0.0,20.654305,79.345695,59.366602,0.503824,17.689629
2026-08-18 02:15:23,17312.36,711679,3558,-364.1909,-547.0138,41.1,412.046997,-0.0,824.135254,2.06147,,9.651269,0.965127,2e-06,2.526503,10.0,10.0,12.47323,0.0,12.47323,87.52677,65.579002,0.496805,17.689629
2026-08-18 02:15:35,17324.88,712191,3560,39.068,-545.6097,41.1,359.631531,-0.0,719.304321,2.061485,,12.60423,1.260423,4e-06,1.929743,10.0,10.0,10.468513,0.0,10.468513,89.531487,68.284208,0.480917,17.689629
2026-08-18 02:15:48,17337.33,712703,3563,-162.4857,-545.8597,41.1,536.208313,-0.0,1072.457886,2.062202,,10.988679,1.098868,6e-06,1.23522,10.0,10.0,11.142801,0.0,11.142801,88.857199,66.796519,0.453677,18.40245
2026-08-18 02:16:00,17349.76,713215,3566,-777.9047,-549.0838,41.1,531.956848,-0.0,1063.954956,2.062661,,8.378963,0.837896,3e-06,1.111678,10.0,10.0,15.124877,0.0,15.124877,84.875123,63.384955,0.492703,18.40245
2026-08-18 02:16:13,17362.32,713727,3568,-1389.2656,-558.822,41.1,1283.440308,-0.0,2566.921875,2.065217,,6.16435,0.616435,2e-06,1.620257,10.0,10.0,19.828954,0.0,19.828954,80.171046,59.998979,0.475607,18.40245
2026-08-18 02:16:25,17374.76,714239,3571,81.7224,-558.9265,41.1,180.334595,0.0,360.71051,2.066612,,9.117494,0.911749,6e-06,0.709799,10.0,10.0,6.420745,0.0,6.420745,93.579255,71.180974,0.487111,18.40245
2026-08-18 02:16:37,17387.14,714751,3573,519.5879,-548.4177,41.1,204.497971,-0.0,409.037262,2.066446,,9.496352,0.949635,7e-06,0.361723,1.0,10.0,2.039205,0.0,2.039205,97.960795,74.818301,0.483313,18.40245
2026-08-18 02:16:50,17399.53,715263,3576,114.8986,-545.2645,41.1,462.847107,-0.0,925.735535,2.065978,,9.284361,0.928436,3e-06,1.463035,10.0,10.0,6.533598,0.0,6.533598,93.466402,70.625936,0.479876,18.40245
2026-08-18 02:17:02,17412.13,715775,3578,-937.8105,-550.6021,41.1,963.325867,-0.0,1926.692993,2.065719,,7.355107,0.735511,3e-06,1.105651,10.0,10.0,16.007918,0.0,16.007918,83.992082,64.025397,0.468772,18.40245
2026-08-18 02:17:15,17424.65,716287,3581,-470.16,-560.5194,41.1,299.793457,-0.0,599.628235,2.067521,,6.977861,0.697786,3e-06,1.48536,10.0,10.0,10.970803,0.0,10.970803,89.029197,67.623892,0.509843,18.40245
2026-08-18 02:17:27,17437.13,716799,3584,-217.1247,-568.9096,41.1,479.613342,-0.0,959.268005,2.067303,,7.304025,0.730402,3e-06,2.539199,10.0,10.0,8.697229,0.0,8.697229,91.302771,69.277561,0.510001,18.40245
2026-08-18 02:17:40,17449.75,717311,3586,-571.7357,-568.9241,41.1,644.169861,0.0,1288.381104,2.066332,,6.401273,0.640127,2e-06,2.676259,10.0,10.0,11.638107,0.0,11.638107,88.361893,66.324376,0.506378,18.40245
2026-08-18 02:17:52,17462.22,717823,3589,-590.5873,-565.4562,41.1,434.70108,-0.0,869.443542,2.068752,,6.076004,0.6076,3e-06,2.701408,10.0,10.0,11.899123,0.0,11.899123,88.100877,66.574236,0.555752,18.40245
2026-08-18 02:18:05,17474.74,718335,3591,-474.845,-564.1173,41.1,914.528564,-0.0,1829.098511,2.070014,,5.127409,0.512741,3e-06,1.105321,10.0,10.0,9.349035,0.0,9.349035,90.650965,68.691881,0.585002,18.40245
2026-08-18 02:18:18,17487.34,718847,3594,-52.7395,-553.3896,41.1,386.199829,-0.0,772.44104,2.069923,,4.842589,0.484259,6e-06,0.397535,2.0,10.0,4.489122,0.0,4.489122,95.510878,72.855875,0.553449,18.40245
2026-08-18 02:18:30,17499.87,719359,3596,-708.7656,-556.0349,41.1,492.520233,-0.0,985.081848,2.069564,,4.189621,0.418962,3e-06,2.1116,10.0,10.0,11.485069,0.0,11.485069,88.514931,67.565531,0.590523,18.40245
2026-08-18 02:18:43,17512.49,719871,3599,-1583.4749,-565.5294,41.1,1914.463745,-0.0,3828.96875,2.06841,,6.323001,0.6323,2e-06,3.04635,10.0,10.0,22.644714,0.0,22.644714,77.355286,57.258946,0.482298,18.40245
2026-08-18 02:18:55,17525.0,720383,3601,-349.7112,-547.6161,41.1,1339.444946,-0.0,2678.931152,2.068977,,7.215289,0.721529,3e-06,1.433788,10.0,10.0,9.88832,0.0,9.88832,90.11168,69.409168,0.465669,18.40245
2026-08-18 02:19:08,17537.51,720895,3604,267.5552,-543.8699,41.1,201.892502,0.0,403.826385,2.069064,,8.093492,0.809349,4e-06,1.118034,10.0,10.0,4.022933,0.0,4.022933,95.977067,73.253648,0.465409,18.40245
2026-08-18 02:19:20,17550.21,721407,3607,-1361.9913,-552.3326,41.1,1759.671997,-0.0,3519.385254,2.064594,,10.486182,1.048618,2e-06,2.803528,10.0,10.0,23.2903,0.0,23.2903,76.7097,57.853558,0.460704,18.40245
2026-08-18 02:19:33,17562.78,721919,3609,-67.1008,-542.0933,41.1,348.515991,0.0,697.073303,2.067217,,8.355092,0.835509,3e-06,2.516282,10.0,10.0,7.981349,0.0,7.981349,92.018651,69.179055,0.495615,18.40245
2026-08-18 02:19:45,17575.24,722431,3612,-504.6101,-538.0109,41.1,378.70871,0.0,757.45874,2.066096,,8.961337,0.896134,2e-06,2.201673,10.0,10.0,12.884946,0.0,12.884946,87.115054,64.518474,0.464273,18.40245
2026-08-18 02:19:58,17587.83,722943,3614,-2115.5412,-556.2663,41.1,2634.251953,-0.0,5268.54541,2.066133,,7.294462,0.729446,2e-06,1.990647,10.0,10.0,28.638535,0.0,28.638535,71.361465,53.000701,0.436168,18.40245
2026-08-18 02:20:11,17600.43,723455,3617,-902.1368,-557.0514,41.1,1533.510986,0.0,3067.063477,2.070848,,5.809862,0.580986,2e-06,1.085963,10.0,10.0,14.306605,0.0,14.306605,85.693395,64.654963,0.535642,18.40245
2026-08-18 02:20:23,17612.95,723967,3619,-15.3094,-550.7078,41.1,139.473541,-0.0,278.988495,2.07092,,5.499167,0.549917,3e-06,1.493607,10.0,10.0,4.814665,0.0,4.814665,95.185335,72.050412,0.471397,18.40245
2026-08-18 02:20:36,17625.54,724479,3622,518.2847,-528.268,41.1,163.188782,0.0,326.419037,2.073163,,7.746821,0.774682,5e-06,0.260172,1.0,10.0,0.838018,0.0,0.838018,99.161982,75.89242,0.441201,18.40245
2026-08-18 02:20:48,17638.15,724991,3624,-342.6704,-514.9669,41.1,507.335571,0.0,1014.712585,2.071314,,6.948165,0.694817,3e-06,1.959392,10.0,10.0,9.813695,0.0,9.813695,90.186305,68.192206,0.488106,18.40245
2026-08-18 02:21:01,17650.63,725503,3627,-936.3352,-503.9497,41.1,799.912842,-0.0,1599.867065,2.071934,,4.679445,0.467944,2e-06,2.422942,10.0,10.0,13.948099,0.0,13.948099,86.051901,64.710486,0.53491,18.765873
2026-08-18 02:21:13,17662.96,726015,3630,315.6503,-488.9834,41.1,58.972538,-0.0,117.986565,2.074571,,5.316999,0.5317,4e-06,0.71815,9.0,10.0,1.098459,0.0,1.098459,98.901541,76.114989,0.570369,18.765873
2026-08-18 02:21:26,17675.47,726527,3632,-207.3909,-476.6967,41.1,272.040192,0.0,544.121826,2.07212,,5.601849,0.560185,5e-06,1.266175,10.0,10.0,6.91489,0.0,6.91489,93.08511,70.532002,0.553595,18.765873
2026-08-18 02:21:38,17687.93,727039,3635,468.6676,-465.0363,41.1,170.91832,-0.0,341.878021,2.06962,,10.229523,1.022952,3e-06,1.481039,10.0,10.0,3.321352,0.0,3.321352,96.678648,72.855556,0.492517,18.765873
2026-08-18 02:21:51,17700.43,727551,3637,-310.8833,-472.7542,41.1,541.84259,-0.0,1083.726562,2.066718,,14.124475,1.412448,3e-06,1.58991,10.0,10.0,14.03366,0.0,14.03366,85.96634,65.172738,0.522003,18.765873
2026-08-18 02:22:03,17713.02,728063,3640,508.9751,-469.2185,41.1,237.568893,0.0,475.179169,2.068892,,12.467744,1.246774,3e-06,2.001697,10.0,10.0,4.619698,0.0,4.619698,95.380302,71.669997,0.499031,18.765873
2026-08-18 02:22:16,17725.63,728575,3642,-2015.7531,-486.8113,41.1,2762.24707,0.0,5524.535645,2.067952,,8.714582,0.871458,1e-06,2.370053,10.0,10.0,28.097292,0.0,28.097292,71.902708,54.088558,0.459173,18.765873
2026-08-18 02:22:28,17738.24,729087,3645,210.317,-473.6611,41.1,233.30426,-0.0,466.649963,2.071642,,8.717272,0.871727,5e-06,0.87153,10.0,10.0,4.975202,0.0,4.975202,95.024798,72.385038,0.455968,18.765873
2026-08-18 02:22:41,17750.74,729599,3648,394.405,-462.2725,41.1,163.157974,0.0,326.357391,2.07207,,8.127678,0.812768,5e-06,0.770701,10.0,10.0,2.564504,0.0,2.564504,97.435496,74.392809,0.454535,18.765873
2026-08-18 02:22:53,17763.29,730111,3650,-750.3594,-460.4243,41.1,645.84491,0.0,1291.731201,2.068694,,10.052845,1.005284,2e-06,2.266939,10.0,10.0,16.047027,0.0,16.047027,83.952973,62.703482,0.474958,18.765873
2026-08-18 02:23:06,17775.74,730623,3653,-657.7126,-469.6884,41.1,434.94278,-0.0,869.926941,2.069698,,10.553718,1.055372,2e-06,1.756426,10.0,10.0,15.16188,0.0,15.16188,84.83812,63.833002,0.500528,18.765873
2026-08-18 02:23:18,17788.23,731135,3655,-714.4881,-478.0526,41.1,764.078064,0.0,1528.19751,2.071354,,7.022757,0.702276,3e-06,1.765085,10.0,10.0,13.525487,0.0,13.525487,86.474513,66.386249,0.533572,18.765873
2026-08-18 02:23:31,17800.64,731647,3658,-533.1314,-478.5651,41.1,998.809509,0.0,1997.660522,2.074089,,6.704507,0.670451,4e-06,1.346439,10.0,10.0,11.066446,0.0,11.066446,88.933554,67.132522,0.534571,18.765873
2026-08-18 02:23:43,17813.11,732159,3660,-295.3135,-460.9412,41.1,337.102448,-0.0,674.246399,2.07502,,5.382085,0.538209,4e-06,0.585596,3.0,10.0,7.476948,0.0,7.476948,92.523052,70.235636,0.49432,18.765873
2026-08-18 02:23:56,17825.71,732671,3663,-267.745,-456.8196,41.1,298.42807,-0.0,596.897644,2.075896,,4.764886,0.476489,4e-06,1.265507,10.0,10.0,6.65009,0.0,6.65009,93.34991,70.15617,0.524743,18.765873
2026-08-18 02:24:08,17838.24,733183,3665,306.5661,-452.7071,41.1,132.429428,-0.0,264.90036,2.074463,,8.881213,0.888121,4e-06,1.398843,10.0,10.0,4.13228,0.0,4.13228,95.86772,73.373732,0.486829,18.765873
2026-08-18 02:24:21,17850.73,733695,3668,111.0814,-439.136,41.1,756.012939,-0.0,1512.067383,2.074256,,10.868337,1.086834,4e-06,0.706842,9.0,10.0,7.301693,0.0,7.301693,92.698307,69.896086,0.456129,18.765873
2026-08-18 02:24:33,17863.17,734207,3671,-1082.2736,-448.7622,41.1,1223.419922,-0.0,2446.881348,2.074045,,8.142914,0.814291,2e-06,1.491057,10.0,10.0,17.972242,0.0,17.972242,82.027758,62.155886,0.496681,18.765873
2026-08-18 02:24:46,17875.66,734719,3673,277.2956,-445.3335,41.1,267.276611,0.0,534.594727,2.074817,,10.033845,1.003384,4e-06,1.071017,10.0,10.0,4.96036,0.0,4.96036,95.03964,72.198998,0.500186,18.765873
2026-08-18 02:24:58,17888.14,735231,3676,-586.5298,-456.8766,41.1,592.183289,0.0,1184.408081,2.072578,,8.805175,0.880517,2e-06,2.591729,10.0,10.0,13.672394,0.0,13.672394,86.327606,64.074385,0.503083,18.765873
2026-08-18 02:25:11,17900.62,735743,3678,-1221.4921,-471.6281,41.1,1087.292725,-0.0,2174.626953,2.0739,,6.091721,0.609172,2e-06,2.53218,10.0,10.0,18.027699,0.0,18.027699,81.972301,62.229166,0.500977,18.765873
2026-08-18 02:25:23,17913.09,736255,3681,-174.7264,-473.9742,41.1,399.228241,0.0,798.497986,2.076432,,7.610211,0.761021,4e-06,0.260279,1.0,10.0,7.916181,0.0,7.916181,92.083819,70.426801,0.429409,18.765873
2026-08-18 02:25:36,17925.61,736767,3683,178.8499,-472.0401,41.1,268.37439,-0.0,536.790222,2.072397,,12.738197,1.27382,3e-06,1.805307,10.0,10.0,8.360035,0.0,8.360035,91.639965,69.375312,0.487402,18.765873
2026-08-18 02:25:48,17938.25,737279,3686,-835.6231,-478.8136,41.1,640.316345,-0.0,1280.674194,2.073823,,8.872716,0.887272,3e-06,1.310749,10.0,10.0,15.865495,0.0,15.865495,84.134505,62.964189,0.468794,18.765873
2026-08-18 02:26:01,17950.84,737791,3688,-259.514,-479.162,41.1,430.762543,-0.0,861.566589,2.075355,,8.594257,0.859426,3e-06,1.139665,10.0,10.0,9.695218,0.0,9.695218,90.304782,68.58504,0.455146,18.995528
2026-08-18 02:26:14,17963.45,738303,3691,-1366.781,-493.5168,41.1,1905.105835,0.0,3810.253174,2.07706,,8.107981,0.810798,2e-06,1.267682,10.0,10.0,20.372924,0.0,20.372924,79.627076,59.656402,0.483026,18.995528
2026-08-18 02:26:26,17975.92,738815,3694,54.6011,-483.8975,41.1,153.694519,0.0,307.430634,2.079195,,6.649427,0.664943,4e-06,1.418339,10.0,10.0,4.84346,0.0,4.84346,95.15654,71.326578,0.496878,18.995528
2026-08-18 02:26:39,17988.54,739327,3696,-358.3945,-485.4281,41.1,346.960327,-0.0,693.962219,2.077955,,7.237753,0.723775,3e-06,1.296645,10.0,10.0,9.76218,0.0,9.76218,90.23782,68.276775,0.470789,18.995528
2026-08-18 02:26:51,18001.13,739839,3699,726.8685,-481.1156,41.1,186.3974,-0.0,372.836395,2.079978,,10.372057,1.037206,5e-06,0.669794,8.0,10.0,0.670939,0.0,0.670939,99.329061,75.574511,0.447298,18.995528
2026-08-18 02:27:04,18013.8,740351,3701,327.8284,-480.4097,41.1,71.403526,-0.0,142.848663,2.080462,,7.456687,0.745669,4e-06,1.588812,10.0,10.0,2.744608,0.0,2.744608,97.255392,73.928336,0.461348,18.995528
2026-08-18 02:27:17,18026.34,740863,3704,136.5568,-471.8624,41.1,141.401199,0.0,282.844025,2.08147,,5.706156,0.570616,4e-06,0.86932,9.0,10.0,3.167831,0.0,3.167831,96.832169,73.577613,0.516161,18.995528
2026-08-18 02:27:29,18038.88,741375,3706,-317.1587,-466.8722,41.1,512.239136,-0.0,1024.519897,2.078341,,8.593606,0.859361,5e-06,0.907597,10.0,10.0,10.036508,0.0,10.036508,89.963492,68.241173,0.456817,18.995528
2026-08-18 02:27:42,18051.41,741887,3709,-348.553,-473.3077,41.1,263.341888,0.0,526.725403,2.080328,,7.828811,0.782881,3e-06,1.82021,10.0,10.0,10.191421,0.0,10.191421,89.808579,67.305357,0.449384,18.995528
2026-08-18 02:27:54,18063.92,742399,3712,-593.5869,-482.453,41.1,1078.960327,0.0,2157.962158,2.08054,,8.437727,0.843773,2e-06,2.101797,10.0,10.0,13.05621,0.0,13.05621,86.94379,65.436185,0.474447,18.995528
2026-08-18 02:28:07,18076.45,742911,3714,-781.4308,-481.5339,41.1,1203.820435,0.0,2407.682373,2.078995,,10.129965,1.012997,2e-06,2.06556,10.0,10.0,16.26761,0.0,16.26761,83.73239,62.476425,0.456392,18.995528
2026-08-18 02:28:19,18089.01,743423,3717,468.1739,-465.6539,41.1,704.494812,0.0,1409.03125,2.078353,,13.347042,1.334704,4e-06,1.408687,10.0,10.0,5.252485,0.0,5.252485,94.747515,72.334983,0.521443,18.995528
2026-08-18 02:28:32,18101.44,743935,3719,627.1411,-459.4124,41.1,170.225052,0.0,340.491669,2.078373,,12.572282,1.257228,4e-06,1.098345,10.0,10.0,3.356579,0.0,3.356579,96.643421,73.464779,0.463515,18.995528
2026-08-18 02:28:44,18113.93,744447,3722,-1469.2703,-464.6384,41.1,3566.148926,0.0,7132.339355,2.079482,,6.524346,0.652435,2e-06,1.631182,10.0,10.0,20.224837,0.0,20.224837,79.775163,59.301161,0.481776,18.995528
2026-08-18 02:28:57,18126.74,744959,3724,-447.4147,-457.6209,41.1,582.162109,0.0,1164.365845,2.080278,,7.817247,0.781725,3e-06,2.064829,10.0,10.0,11.380458,0.0,11.380458,88.619542,66.941024,0.462408,18.995528
2026-08-18 02:29:10,18139.37,745471,3727,-284.0241,-456.9692,41.1,643.556763,0.0,1287.155151,2.079939,,7.573184,0.757318,3e-06,1.764387,10.0,10.0,9.128171,0.0,9.128171,90.871829,69.24287,0.471477,18.995528
2026-08-18 02:29:22,18152.03,745983,3729,-1229.8358,-472.1709,41.1,1432.7146,0.0,2865.470703,2.079045,,6.963308,0.696331,2e-06,1.80051,10.0,10.0,18.467025,0.0,18.467025,81.532975,61.903352,0.469024,18.995528
2026-08-18 02:29:35,18164.55,746495,3732,-1046.9825,-483.2598,41.1,1288.551025,-0.0,2577.143555,2.079933,,7.079428,0.707943,2e-06,1.708277,10.0,10.0,16.394713,0.0,16.394713,83.605287,62.849941,0.485352,18.995528
2026-08-18 02:29:47,18177.0,747007,3735,-398.7425,-483.6435,41.1,887.462036,-0.0,1774.965698,2.080861,,8.206418,0.820642,3e-06,1.475969,10.0,10.0,10.644045,0.0,10.644045,89.355955,67.13914,0.467349,18.995528
2026-08-18 02:30:00,18189.74,747519,3737,-2843.2186,-507.8052,41.1,6895.271484,0.0,13790.584961,2.07946,,7.036947,0.703695,1e-06,2.458133,10.0,10.0,35.497159,0.0,35.497159,64.502841,48.408715,0.484012,18.995528
2026-08-18 02:30:12,18202.26,748031,3740,-802.3585,-514.5133,41.1,2851.85376,0.0,5703.749023,2.081171,,9.331672,0.933167,3e-06,0.844714,10.0,10.0,15.440009,0.0,15.440009,84.559991,64.444069,0.489268,18.995528
2026-08-18 02:30:25,18214.68,748543,3742,574.42,-504.237,41.1,109.565193,0.0,219.172073,2.084204,,7.515819,0.751582,5e-06,0.128914,1.0,3.0,0.0,0.0,0.0,100.0,76.737312,0.46146,18.995528
2026-08-18 02:30:38,18227.36,749055,3745,-653.0525,-514.4282,41.1,1873.971924,-0.0,3747.985596,2.082007,,7.926456,0.792646,5e-06,1.012447,10.0,10.0,13.23564,0.0,13.23564,86.76436,65.478426,0.444742,18.995528
2026-08-18 02:30:50,18239.97,749567,3747,-515.7254,-520.8503,41.1,1482.536499,0.0,2965.114746,2.081512,,8.653362,0.865336,3e-06,2.123978,10.0,10.0,12.64601,0.0,12.64601,87.35399,65.312471,0.467916,18.995528
2026-08-18 02:31:03,18252.53,750079,3750,-388.6431,-512.5314,41.1,509.335846,-0.0,1018.713318,2.082748,,6.967562,0.696756,3e-06,1.069458,10.0,10.0,9.637225,0.0,9.637225,90.362775,68.633113,0.522527,19.34814
2026-08-18 02:31:15,18265.07,750591,3752,-22.7347,-498.6005,41.1,220.178284,-0.0,440.398254,2.084079,,6.446246,0.644625,3e-06,0.876674,9.0,10.0,5.205055,0.0,5.205055,94.794945,71.763656,0.497016,19.34814
2026-08-18 02:31:28,18277.54,751103,3755,-241.1133,-484.2068,41.1,249.896973,-0.0,499.835663,2.085541,,4.451538,0.445154,4e-06,0.853301,9.0,10.0,6.053627,0.0,6.053627,93.946373,71.107681,0.554818,19.34814
2026-08-18 02:31:40,18290.05,751615,3758,148.2082,-483.1002,41.1,155.304077,0.0,310.649872,2.085388,,5.135661,0.513566,6e-06,0.436837,2.0,10.0,2.533585,0.0,2.533585,97.466415,74.608185,0.513017,19.34814
2026-08-18 02:31:53,18302.5,752127,3760,-768.7288,-478.457,41.1,831.871948,-0.0,1663.785522,2.08277,,7.42163,0.742163,3e-06,2.222562,10.0,10.0,13.721034,0.0,13.721034,86.278966,64.803864,0.459474,19.34814
2026-08-18 02:32:05,18314.93,752639,3763,-604.5021,-488.4186,41.1,606.994995,-0.0,1214.031616,2.081453,,9.100034,0.910003,3e-06,1.205416,10.0,10.0,12.971707,0.0,12.971707,87.028293,65.647731,0.460432,19.34814
2026-08-18 02:32:18,18327.36,753151,3765,265.4826,-486.8004,41.1,375.857513,-0.0,751.756653,2.082528,,10.813512,1.081351,4e-06,0.703107,7.0,10.0,5.565109,0.0,5.565109,94.434891,71.70139,0.439876,19.34814
2026-08-18 02:32:30,18339.9,753663,3768,-2564.6735,-518.1212,41.1,5689.847168,0.0,11379.736328,2.082559,,6.083748,0.608375,1e-06,3.056619,10.0,10.0,31.285164,0.0,31.285164,68.714836,50.602595,0.471457,19.34814
2026-08-18 02:32:43,18352.46,754175,3770,-562.1446,-516.5533,41.1,988.011658,-0.0,1976.065063,2.085935,,6.984812,0.698481,2e-06,1.785107,10.0,10.0,11.319676,0.0,11.319676,88.680324,67.17885,0.487235,19.34814
2026-08-18 02:32:55,18365.07,754687,3773,-262.9608,-512.3999,41.1,446.764252,-0.0,893.570251,2.086764,,6.440639,0.644064,3e-06,2.017777,10.0,10.0,7.914102,0.0,7.914102,92.085898,70.07158,0.495551,19.34814
2026-08-18 02:33:08,18377.58,755199,3776,732.2376,-508.0612,41.1,217.273773,0.0,434.589264,2.08663,,10.684355,1.068436,5e-06,1.156839,10.0,10.0,0.801911,0.0,0.801911,99.198089,76.114446,0.46468,19.34814
2026-08-18 02:33:20,18390.13,755711,3778,-855.5555,-501.2098,41.1,1464.27124,-0.0,2928.584229,2.085288,,9.422027,0.942203,2e-06,1.572788,10.0,10.0,15.934448,0.0,15.934448,84.065552,63.17479,0.43405,19.34814
2026-08-18 02:33:33,18402.8,756223,3781,-504.5338,-484.2,41.1,324.687561,-0.0,649.416809,2.085417,,9.973557,0.997356,2e-06,2.008064,10.0,10.0,13.068983,0.0,13.068983,86.931017,65.862751,0.475938,19.34814
2026-08-18 02:33:46,18415.42,756735,3783,-10.3482,-457.8027,41.1,52.460205,-0.0,104.962151,2.087126,,10.917532,1.091753,4e-06,1.179152,10.0,10.0,8.374066,0.0,8.374066,91.625934,69.800455,0.479973,19.34814
2026-08-18 02:33:58,18428.01,757247,3786,206.7066,-440.4458,41.1,157.352081,-0.0,314.745941,2.088859,,9.101451,0.910145,5e-06,0.894377,9.0,10.0,5.002375,0.0,5.002375,94.997625,72.709657,0.473145,19.34814
2026-08-18 02:34:11,18440.54,757759,3788,-568.6421,-438.2958,41.1,553.559204,0.0,1107.160034,2.079509,,5.697286,0.569729,4e-06,0.501531,2.0,10.0,10.06778,0.0,10.06778,89.93222,68.334173,0.521116,19.34814
2026-08-18 02:34:23,18453.04,758271,3791,-661.6907,-438.2865,41.1,711.992554,0.0,1424.026367,2.063167,,7.161636,0.716164,5e-06,1.205303,10.0,10.0,12.371619,0.0,12.371619,87.628381,66.191379,0.453931,19.34814
2026-08-18 02:34:36,18465.66,758783,3793,-1128.8453,-448.6557,41.1,3672.830322,-0.0,7345.70166,2.041915,,6.631515,0.663152,2e-06,0.522151,1.0,10.0,16.385398,0.0,16.385398,83.614602,63.53685,0.460158,19.34814
2026-08-18 02:34:48,18478.15,759295,3796,225.4268,-440.905,41.1,138.501572,0.0,277.04361,2.023259,,4.926658,0.492666,6e-06,0.0898,1.0,1.0,1.548022,0.0,1.548022,98.451978,76.173693,0.492839,19.34814
2026-08-18 02:35:01,18490.75,759807,3799,-1021.6336,-457.07,41.1,1593.816284,0.0,3187.672607,2.002402,,4.748095,0.474809,2e-06,2.101993,10.0,10.0,14.406018,0.0,14.406018,85.593982,64.127533,0.498775,19.34814
2026-08-18 02:35:13,18503.29,760319,3801,-455.4035,-452.2367,41.1,788.315918,-0.0,1576.671509,1.986527,,5.51472,0.551472,3e-06,1.090917,10.0,10.0,8.979983,0.0,8.979983,91.020017,68.833079,0.529664,19.34814
2026-08-18 02:35:26,18515.78,760831,3804,516.4785,-449.2525,41.1,197.050339,0.0,394.140045,1.968807,,8.865929,0.886593,4e-06,0.412852,1.0,10.0,1.482553,0.0,1.482553,98.517447,74.305143,0.482262,19.34814
2026-08-18 02:35:39,18528.4,761343,3806,-1434.2166,-435.3567,41.1,1480.478882,-0.0,2960.996826,1.953009,,5.372264,0.537226,2e-06,3.059922,10.0,10.0,19.135151,0.0,19.135151,80.864849,60.924305,0.488586,19.34814
2026-08-18 02:35:51,18540.97,761855,3809,-510.7638,-428.4507,41.1,654.736023,0.0,1309.510864,1.941226,,7.771343,0.777134,4e-06,0.519426,3.0,10.0,11.118008,0.0,11.118008,88.881992,67.731656,0.436477,19.34814
2026-08-18 02:36:04,18553.48,762367,3811,-974.6723,-424.8471,41.1,678.379211,-0.0,1356.796997,1.92652,,9.681337,0.968134,2e-06,1.377073,10.0,10.0,17.175813,0.0,17.175813,82.824187,63.01348,0.418388,19.34814
2026-08-18 02:36:16,18566.15,762879,3814,-2478.9455,-445.9947,41.1,5491.42334,0.0,10982.884766,1.915552,,7.960473,0.796047,1e-06,3.257708,10.0,10.0,32.412792,0.0,32.412792,67.587208,49.819878,0.447168,19.642972
2026-08-18 02:36:29,18578.68,763391,3816,70.1188,-445.6842,41.1,286.593292,0.0,573.224792,1.909328,,9.307968,0.930797,3e-06,0.765526,9.0,10.0,6.291643,0.0,6.291643,93.708357,71.343442,0.427357,19.642972
2026-08-18 02:36:41,18591.08,763903,3819,-350.2799,-447.5621,41.1,624.409302,-0.0,1248.856689,1.905176,,7.344512,0.734451,3e-06,1.009809,10.0,10.0,9.187376,0.0,9.187376,90.812624,68.714726,0.467385,19.642972
2026-08-18 02:36:54,18603.61,764415,3822,318.7443,-436.5956,41.1,36.575439,0.0,73.188828,1.897615,,10.715044,1.071504,3e-06,1.370868,10.0,10.0,5.29027,0.0,5.29027,94.70973,72.327981,0.419797,19.642972
2026-08-18 02:37:06,18616.15,764927,3824,-77.1657,-423.4746,41.1,389.444092,-0.0,778.925964,1.89046,,10.382777,1.038278,4e-06,0.491022,3.0,10.0,8.544003,0.0,8.544003,91.455997,70.105342,0.384219,19.642972
2026-08-18 02:37:19,18628.62,765439,3827,-834.133,-432.6332,41.1,1188.057983,-0.0,2376.153809,1.888067,,6.0451,0.60451,2e-06,1.663213,10.0,10.0,13.282955,0.0,13.282955,86.717045,65.300879,0.481365,19.642972
2026-08-18 02:37:31,18641.09,765951,3829,-1256.5046,-450.3941,41.1,1558.646606,-0.0,3117.330811,1.884139,,6.378407,0.637841,2e-06,2.301874,10.0,10.0,17.872418,0.0,17.872418,82.127582,62.302696,0.458395,19.642972
2026-08-18 02:37:44,18653.66,766463,3832,-448.4006,-456.0271,41.1,306.950134,-0.0,613.937805,1.877604,,9.125698,0.91257,2e-06,1.978247,10.0,10.0,11.367786,0.0,11.367786,88.632214,67.279518,0.442593,19.642972
2026-08-18 02:37:56,18666.3,766975,3834,-43.937,-447.0884,41.1,221.265701,-0.0,442.568939,1.877396,,7.952295,0.795229,3e-06,0.801975,9.0,10.0,6.505804,0.0,6.505804,93.494196,71.411217,0.463566,19.642972
2026-08-18 02:38:09,18678.94,767487,3837,6.7354,-442.3194,41.1,56.656803,-0.0,113.351097,1.874419,,6.238364,0.623836,3e-06,1.478347,10.0,10.0,4.928619,0.0,4.928619,95.071381,72.428005,0.488827,19.642972
2026-08-18 02:38:22,18691.46,767999,3840,-457.7393,-444.7256,41.1,817.878906,0.0,1635.795288,1.871181,,6.780131,0.678013,3e-06,1.053274,10.0,10.0,9.655204,0.0,9.655204,90.344796,69.183829,0.476368,19.642972
2026-08-18 02:38:34,18704.05,768511,3842,-1478.8713,-453.7969,41.1,1530.588013,0.0,3061.213379,1.867618,,6.302831,0.630283,2e-06,2.307248,10.0,10.0,19.607805,0.0,19.607805,80.392195,60.153897,0.470423,19.642972
2026-08-18 02:38:47,18716.58,769023,3845,470.7699,-443.1833,41.1,197.080002,0.0,394.197357,1.867191,,9.247917,0.924792,6e-06,0.154481,0.0,10.0,2.258906,0.0,2.258906,97.741094,74.931017,0.43777,19.642972
2026-08-18 02:38:59,18729.02,769535,3847,-342.895,-441.8638,41.1,560.744385,0.0,1121.526001,1.861692,,8.793654,0.879365,2e-06,1.211485,10.0,10.0,10.043203,0.0,10.043203,89.956797,67.873401,0.433913,19.642972
2026-08-18 02:39:12,18741.54,770047,3850,11.4044,-441.2224,41.1,269.833527,0.0,539.704285,1.862177,,9.322571,0.932257,4e-06,0.82865,10.0,10.0,6.964986,0.0,6.964986,93.035014,70.823279,0.413279,19.642972
2026-08-18 02:39:24,18753.95,770559,3852,-381.5299,-437.95,41.1,306.781494,0.0,613.600281,1.863195,,4.400583,0.440058,4e-06,0.734661,10.0,10.0,7.281104,0.0,7.281104,92.718896,70.776932,0.497563,19.642972
2026-08-18 02:39:37,18766.71,771071,3855,-1070.6687,-432.822,41.1,1831.86792,-0.0,3663.773193,1.862813,,3.163533,0.316353,2e-06,0.486574,1.0,10.0,13.003659,0.0,13.003659,86.996341,66.033113,0.540797,19.642972
2026-08-18 02:39:49,18779.29,771583,3857,-739.5839,-436.7207,41.1,487.739044,0.0,975.515259,1.860007,,5.580152,0.558015,2e-06,1.481101,10.0,10.0,11.970179,0.0,11.970179,88.029821,66.65735,0.502624,19.642972
2026-08-18 02:40:02,18791.86,772095,3860,-602.7365,-445.4236,41.1,429.209839,-0.0,858.456848,1.858142,,6.246849,0.624685,2e-06,2.501415,10.0,10.0,11.184805,0.0,11.184805,88.815195,66.710217,0.510536,19.642972
2026-08-18 02:40:15,18804.35,772607,3863,67.4083,-431.1296,41.1,122.948662,-0.0,245.934448,1.856444,,7.305131,0.730513,4e-06,1.100693,10.0,10.0,5.134163,0.0,5.134163,94.865837,72.756836,0.468301,19.642972
2026-08-18 02:40:27,18816.93,773119,3865,-259.927,-433.0579,41.1,415.20694,0.0,830.450989,1.856144,,5.542508,0.554251,3e-06,0.673166,6.0,10.0,6.767299,0.0,6.767299,93.232701,70.986072,0.508399,19.642972
2026-08-18 02:40:40,18829.49,773631,3868,-1006.8993,-438.0808,41.1,1988.604126,-0.0,3977.245361,1.852757,,8.255129,0.825513,2e-06,1.024931,10.0,10.0,16.59,0.0,16.59,83.41,62.376351,0.433354,19.642972
2026-08-18 02:40:52,18842.09,774143,3870,-889.7236,-425.8226,41.1,815.281067,-0.0,1630.599243,1.853889,,6.555139,0.655514,2e-06,1.341992,10.0,10.0,13.874066,0.0,13.874066,86.125934,65.25375,0.454013,19.642972
2026-08-18 02:41:05,18854.52,774655,3873,530.4705,-411.4965,41.1,148.381561,0.0,296.80014,1.850378,,8.940471,0.894047,5e-06,0.275122,1.0,10.0,1.461864,0.0,1.461864,98.538136,75.158406,0.415195,19.642972
2026-08-18 02:41:17,18867.05,775167,3875,404.6257,-407.2972,41.1,213.955002,0.0,427.946991,1.84896,,12.151364,1.215136,3e-06,1.282594,10.0,10.0,5.097801,0.0,5.097801,94.902199,72.217052,0.465594,19.824347
2026-08-18 02:41:30,18879.56,775679,3878,146.0528,-411.0195,41.1,337.559784,0.0,675.156555,1.850069,,10.550304,1.05503,3e-06,1.73049,10.0,10.0,6.908816,0.0,6.908816,93.091184,70.080846,0.422473,19.824347
2026-08-18 02:41:42,18891.99,776191,3880,-35.3954,-407.9468,41.1,506.255646,-0.0,1012.54834,1.852912,,6.910893,0.691089,3e-06,0.652077,8.0,10.0,5.558698,0.0,5.558698,94.441302,72.885983,0.45885,19.824347
2026-08-18 02:41:55,18904.67,776703,3883,-94.4343,-399.5277,41.1,556.96875,-0.0,1113.974487,1.850783,,7.592248,0.759225,3e-06,1.279956,10.0,10.0,6.717904,0.0,6.717904,93.282096,70.621348,0.464998,19.824347
2026-08-18 02:42:07,18917.26,777215,3886,-1790.1481,-420.5857,41.1,4121.338379,-0.0,8242.713867,1.849967,,6.541959,0.654196,1e-06,2.052881,10.0,10.0,23.105227,0.0,23.105227,76.894773,57.718246,0.446071,19.824347
2026-08-18 02:42:20,18929.72,777727,3888,-359.9239,-422.1111,41.1,552.063843,-0.0,1104.164673,1.852345,,8.241454,0.824145,2e-06,0.960962,10.0,10.0,9.773398,0.0,9.773398,90.226602,68.300031,0.433739,19.824347
2026-08-18 02:42:32,18942.19,778239,3891,406.4999,-422.7327,41.1,196.24437,-0.0,392.525787,1.852467,,9.4256,0.94256,3e-06,1.160436,9.0,10.0,3.053126,0.0,3.053126,96.946874,73.893022,0.440391,19.824347
2026-08-18 02:42:45,18954.74,778751,3893,478.1341,-414.8426,41.1,81.869789,0.0,163.776596,1.850869,,8.647437,0.864744,3e-06,0.884326,9.0,10.0,1.947025,0.0,1.947025,98.052975,74.487797,0.437118,19.824347
2026-08-18 02:42:57,18967.24,779263,3896,430.7703,-415.6246,41.1,237.805573,0.0,475.648163,1.851461,,11.904806,1.190481,3e-06,1.064048,10.0,10.0,4.702516,0.0,4.702516,95.297484,72.403078,0.482293,19.824347
2026-08-18 02:43:10,18979.72,779775,3898,725.1794,-388.2153,41.1,313.010284,0.0,626.057617,1.850982,,13.976444,1.397644,4e-06,0.494509,2.0,10.0,3.043331,0.0,3.043331,96.956669,74.297096,0.482296,19.824347
2026-08-18 02:43:23,18992.33,780287,3901,-645.2021,-396.7705,41.1,1168.34082,0.0,2336.71875,1.852866,,9.068666,0.906867,3e-06,1.065889,10.0,10.0,13.339534,0.0,13.339534,86.660466,65.768765,0.468948,19.824347
2026-08-18 02:43:35,19004.9,780799,3904,-833.3953,-409.0485,41.1,904.592712,-0.0,1809.222534,1.85258,,7.517151,0.751715,2e-06,2.663509,10.0,10.0,14.345315,0.0,14.345315,85.654685,64.344631,0.473627,19.824347
2026-08-18 02:43:48,19017.49,781311,3906,-1131.6732,-412.8616,41.1,1467.853882,-0.0,2935.744873,1.851656,,8.44717,0.844717,1e-06,1.03893,10.0,10.0,17.316144,0.0,17.316144,82.683856,62.567885,0.446001,19.824347
2026-08-18 02:44:00,19029.96,781823,3909,46.4286,-405.8202,41.1,430.290741,0.0,860.618591,1.854216,,10.277519,1.027752,5e-06,0.124794,1.0,2.0,6.994103,0.0,6.994103,93.005897,70.88983,0.401656,19.824347
2026-08-18 02:44:13,19042.38,782335,3911,-156.5164,-400.2405,41.1,116.302727,-0.0,232.642624,1.85847,,3.573329,0.357333,4e-06,0.794061,10.0,10.0,4.501076,0.0,4.501076,95.498924,72.70843,0.530118,19.824347
2026-08-18 02:44:25,19054.92,782847,3914,-1684.5969,-411.7551,41.1,2182.474854,-0.0,4364.986816,1.857755,,5.699234,0.569923,1e-06,1.946367,10.0,10.0,21.276009,0.0,21.276009,78.723991,57.578475,0.458531,19.824347
2026-08-18 02:44:38,19067.45,783359,3916,-3150.73,-440.3093,41.1,7332.330078,-0.0,14664.697266,1.851681,,7.984012,0.798401,1e-06,2.327271,10.0,10.0,37.592629,0.0,37.592629,62.407371,46.729046,0.437277,19.824347
2026-08-18 02:44:50,19079.9,783871,3919,757.176,-430.0601,41.1,258.928009,0.0,517.893188,1.857435,,11.197167,1.119717,5e-06,0.121809,1.0,1.0,0.730235,0.0,0.730235,99.269765,76.373136,0.426576,19.824347
2026-08-18 02:45:03,19092.4,784383,3921,752.8749,-425.597,41.1,228.255417,-0.0,456.547943,1.855309,,10.084959,1.008496,4e-06,0.162702,1.0,3.0,0.0,0.0,0.0,100.0,76.985603,0.421653,19.824347
2026-08-18 02:45:15,19104.94,784895,3924,-509.8613,-431.8064,41.1,1680.506226,-0.0,3361.049561,1.855614,,10.192307,1.019231,3e-06,0.503843,3.0,10.0,12.590229,0.0,12.590229,87.409771,66.646613,0.439894,19.824347
2026-08-18 02:45:28,19117.49,785407,3927,43.1019,-420.5527,41.1,352.664642,0.0,705.366394,1.856498,,9.669029,0.966903,3e-06,0.903401,7.0,10.0,6.794742,0.0,6.794742,93.205258,70.461871,0.455298,19.824347
2026-08-18 02:45:40,19129.99,785919,3929,-973.4719,-433.0604,41.1,1752.421509,0.0,3504.880127,1.85747,,5.629192,0.562919,3e-06,1.378917,10.0,10.0,14.073259,0.0,14.073259,85.926741,65.274011,0.490182,19.824347
2026-08-18 02:45:53,19142.58,786431,3932,-967.4502,-436.8696,41.1,1744.234985,-0.0,3488.50708,1.858927,,5.973081,0.597308,2e-06,3.070908,10.0,10.0,14.610688,0.0,14.610688,85.389312,63.454699,0.491662,19.824347
2026-08-18 02:46:05,19155.11,786943,3934,-864.5081,-433.2997,41.1,1336.437622,0.0,2672.912354,1.85763,,7.728312,0.772831,2e-06,1.253888,10.0,10.0,14.598215,0.0,14.598215,85.401785,65.922466,0.407313,19.824347
2026-08-18 02:46:18,19167.56,787455,3937,297.0006,-428.5825,41.1,234.576996,-0.0,469.191132,1.856802,,9.837295,0.98373,3e-06,0.966576,9.0,10.0,4.301187,0.0,4.301187,95.698813,73.172163,0.447131,19.824347
2026-08-18 02:46:30,19180.12,787967,3939,758.0385,-422.7906,41.1,268.386444,0.0,536.810059,1.859246,,11.788907,1.178891,4e-06,0.574476,4.0,10.0,1.234264,0.0,1.234264,98.765736,76.132408,0.471423,20.040609
2026-08-18 02:46:43,19192.69,788479,3942,-681.0875,-421.2452,41.1,2256.302979,-0.0,4512.643066,1.860624,,9.639199,0.96392,2e-06,0.658295,4.0,10.0,13.47397,0.0,13.47397,86.52603,65.631316,0.473603,20.040609
2026-08-18 02:46:55,19205.26,788991,3944,-828.9026,-426.9391,41.1,1211.128662,0.0,2422.294434,1.858393,,10.99048,1.099048,2e-06,1.492752,10.0,10.0,16.144898,0.0,16.144898,83.855102,63.27214,0.459559,20.040609
2026-08-18 02:47:08,19217.81,789503,3947,-139.3633,-414.6649,41.1,374.161255,0.0,748.359741,1.86087,,8.187353,0.818735,5e-06,0.783802,10.0,10.0,7.580167,0.0,7.580167,92.419833,70.021192,0.416257,20.040609
2026-08-18 02:47:21,19230.49,790015,3950,-2117.3896,-436.3848,41.1,2848.899658,0.0,5697.836426,1.862057,,5.089427,0.508943,1e-06,3.146483,10.0,10.0,24.983122,0.0,24.983122,75.016878,56.075299,0.467738,20.040609
2026-08-18 02:47:33,19243.09,790527,3952,-273.9531,-435.5404,41.1,930.479614,-0.0,1860.99646,1.864376,,5.23726,0.523726,4e-06,0.36769,1.0,10.0,6.624928,0.0,6.624928,93.375072,71.568268,0.488765,20.040609
2026-08-18 02:47:46,19255.68,791039,3955,-1336.904,-456.1781,41.1,1704.200928,-0.0,3408.439209,1.864153,,5.390123,0.539012,2e-06,2.033325,10.0,10.0,17.388711,0.0,17.388711,82.611289,62.645575,0.481834,20.040609
2026-08-18 02:47:58,19268.14,791551,3957,483.2105,-454.6243,41.1,74.567825,0.0,149.172974,1.866397,,6.329113,0.632911,4e-06,0.168364,1.0,2.0,0.0,0.0,0.0,100.0,76.950138,0.447194,20.040609
2026-08-18 02:48:11,19280.66,792063,3960,-1136.8953,-467.3588,41.1,1360.140381,0.0,2720.318115,1.864772,,6.456581,0.645658,2e-06,1.653174,10.0,10.0,16.113818,0.0,16.113818,83.886182,62.828121,0.449235,20.040609
2026-08-18 02:48:23,19293.21,792575,3962,-156.9613,-465.7569,41.1,475.16748,-0.0,950.372192,1.860611,,13.849641,1.384964,3e-06,0.847177,10.0,10.0,11.447594,0.0,11.447594,88.552406,67.677485,0.438543,20.040609
2026-08-18 02:48:36,19305.73,793087,3965,-670.7723,-468.9791,41.1,865.237061,-0.0,1730.511353,1.861956,,11.069293,1.106929,2e-06,2.026026,10.0,10.0,14.930549,0.0,14.930549,85.069451,63.997032,0.44769,20.040609
2026-08-18 02:48:48,19318.29,793599,3968,-18.8253,-463.2314,41.1,622.254578,-0.0,1244.546387,1.862387,,11.269974,1.126997,5e-06,1.246515,10.0,10.0,8.271333,0.0,8.271333,91.728667,69.579446,0.482107,20.040609
2026-08-18 02:49:01,19330.6,794111,3970,-76.5076,-456.1822,41.1,219.687256,0.0,439.411865,1.867628,,5.39584,0.539584,3e-06,1.800875,10.0,10.0,4.934294,0.0,4.934294,95.065706,71.64208,0.558945,20.040609
2026-08-18 02:49:13,19342.8,794623,3973,424.3397,-456.6206,41.1,103.591393,0.0,207.220123,1.866771,,8.305203,0.83052,5e-06,0.895464,10.0,10.0,2.194439,0.0,2.194439,97.805561,74.492927,0.430795,20.040609
2026-08-18 02:49:26,19355.41,795135,3975,-1482.5727,-477.7177,41.1,1835.760254,0.0,3671.557861,1.865607,,8.021563,0.802156,2e-06,2.553466,10.0,10.0,20.802352,0.0,20.802352,79.197648,59.569272,0.438325,20.040609
2026-08-18 02:49:38,19367.94,795647,3978,301.1447,-460.0135,41.1,172.053513,-0.0,344.144409,1.868987,,7.219836,0.721984,4e-06,0.805856,8.0,10.0,2.471654,0.0,2.471654,97.528346,73.363902,0.453169,20.040609
2026-08-18 02:49:51,19380.57,796159,3980,-1068.9683,-466.2291,41.1,862.897522,-0.0,1725.832397,1.865431,,6.107671,0.610767,2e-06,2.624466,10.0,10.0,15.375862,0.0,15.375862,84.624138,63.655756,0.488415,20.040609
2026-08-18 02:50:03,19393.28,796671,3983,-220.1469,-465.5903,41.1,324.259033,0.0,648.555359,1.865456,,8.44682,0.844682,3e-06,0.968589,8.0,10.0,8.350167,0.0,8.350167,91.649833,68.963048,0.438753,20.040609
2026-08-18 02:50:16,19405.88,797183,3985,-1389.7341,-467.1893,41.1,1419.52417,0.0,2839.085693,1.864138,,9.592261,0.959226,1e-06,2.175431,10.0,10.0,20.821677,0.0,20.821677,79.178323,59.319079,0.439536,20.040609
2026-08-18 02:50:29,19418.47,797695,3988,-658.9682,-463.3091,41.1,800.015259,-0.0,1600.067749,1.862936,,10.769355,1.076935,2e-06,2.188911,10.0,10.0,14.670784,0.0,14.670784,85.329216,63.786821,0.461785,20.040609
2026-08-18 02:50:41,19431.14,798207,3991,-1686.3294,-476.185,41.1,2155.972412,-0.0,4311.981934,1.86374,,11.004601,1.10046,1e-06,1.819574,10.0,10.0,24.796178,0.0,24.796178,75.203822,56.772174,0.429966,20.040609
2026-08-18 02:50:54,19443.65,798719,3993,-1603.4163,-463.787,41.1,3688.131592,0.0,7376.300293,1.864946,,7.781756,0.778176,1e-06,1.19547,10.0,10.0,21.868821,0.0,21.868821,78.131179,58.089854,0.427894,20.040609
2026-08-18 02:51:06,19456.22,799231,3996,-367.7676,-459.4411,41.1,1756.854004,-0.0,3513.745361,1.864219,,10.512224,1.051222,2e-06,1.654403,10.0,10.0,11.835146,0.0,11.835146,88.164854,66.267005,0.444506,20.040609
2026-08-18 02:51:19,19468.7,799743,3998,-434.8284,-469.5336,41.1,569.568848,-0.0,1139.175049,1.866793,,8.707437,0.870744,2e-06,1.93722,10.0,10.0,10.708229,0.0,10.708229,89.291771,67.305855,0.459001,20.040609
2026-08-18 02:51:31,19481.27,800255,4001,-18.1469,-463.1845,41.1,160.140244,0.0,320.31781,1.866825,,6.722298,0.67223,3e-06,1.364445,10.0,10.0,5.325976,0.0,5.325976,94.674024,71.430918,0.501654,20.540966
2026-08-18 02:51:44,19493.87,800767,4003,357.8411,-454.4488,41.1,130.482239,0.0,261.001801,1.866794,,9.315252,0.931525,4e-06,0.902324,10.0,10.0,3.318655,0.0,3.318655,96.681345,73.716216,0.479858,20.540966
2026-08-18 02:51:57,19506.45,801279,4006,-1917.2957,-469.7354,41.1,5006.819824,-0.0,10013.676758,1.867597,,6.379016,0.637902,1e-06,2.243489,10.0,10.0,29.326498,0.0,29.326498,70.673502,52.769606,0.465917,20.540966
2026-08-18 02:52:09,19519.01,801791,4008,-1770.6599,-487.2146,41.1,4887.308594,0.0,9774.654297,1.86534,,6.558492,0.655849,1e-06,2.073563,10.0,10.0,24.027484,0.0,24.027484,75.972516,56.98275,0.473335,20.540966
2026-08-18 02:52:22,19531.67,802303,4011,-1821.5582,-503.0191,41.1,3143.238037,-0.0,6286.513184,1.867502,,6.555718,0.655572,1e-06,2.408314,10.0,10.0,22.397577,0.0,22.397577,77.602423,57.604327,0.42659,20.540966
2026-08-18 02:52:34,19544.29,802815,4014,-1201.2657,-516.5138,41.1,994.851624,-0.0,1989.740601,1.868029,,7.105073,0.710507,2e-06,2.710445,10.0,10.0,17.345605,0.0,17.345605,82.654395,62.342382,0.442936,20.540966
2026-08-18 02:52:47,19556.85,803327,4016,23.7315,-508.5892,41.1,469.402466,0.0,938.842224,1.864666,,8.303696,0.83037,3e-06,2.507278,10.0,10.0,6.08119,0.0,6.08119,93.91881,70.861786,0.440584,20.540966
2026-08-18 02:53:00,19569.33,803839,4019,-1222.1536,-514.7657,41.1,2490.272949,-0.0,4980.583008,1.866035,,6.586392,0.658639,2e-06,1.731243,10.0,10.0,16.557194,0.0,16.557194,83.442806,62.945344,0.469963,20.540966
2026-08-18 02:53:12,19581.84,804351,4021,89.0896,-516.5297,41.1,246.712463,-0.0,493.462219,1.864404,,9.58449,0.958449,3e-06,1.992804,10.0,10.0,6.222997,0.0,6.222997,93.777003,70.537345,0.428401,20.540966
2026-08-18 02:53:25,19594.44,804863,4024,-840.9308,-499.2922,41.1,992.397339,-0.0,1984.832031,1.866669,,6.45844,0.645844,2e-06,2.607144,10.0,10.0,13.169051,0.0,13.169051,86.830949,64.910403,0.48214,20.540966
2026-08-18 02:53:37,19607.16,805375,4026,-1725.2396,-510.9232,41.1,4537.05127,-0.0,9074.139648,1.865966,,5.753099,0.57531,2e-06,2.08906,10.0,10.0,21.120073,0.0,21.120073,78.879927,59.833911,0.489286,20.540966
2026-08-18 02:53:50,19619.69,805887,4029,492.4725,-503.3688,41.1,91.348038,0.0,182.733444,1.868325,,6.462351,0.646235,6e-06,0.064893,1.0,1.0,0.0,0.0,0.0,100.0,76.934438,0.457807,20.540966
2026-08-18 02:54:03,19632.33,806399,4032,20.858,-510.4826,41.1,199.617859,0.0,399.273071,1.867038,,6.285669,0.628567,3e-06,1.509345,10.0,10.0,4.822723,0.0,4.822723,95.177277,72.815569,0.450835,20.540966
2026-08-18 02:54:15,19644.98,806911,4034,-305.1702,-504.9788,41.1,214.954544,-0.0,429.946442,1.867391,,6.631798,0.66318,2e-06,2.23192,10.0,10.0,8.074062,0.0,8.074062,91.925938,69.137651,0.489515,20.540966
2026-08-18 02:54:28,19657.7,807423,4037,-2137.8179,-521.3116,41.1,5080.898926,-0.0,10161.834961,1.864416,,5.871968,0.587197,1e-06,2.515384,10.0,10.0,27.324615,0.0,27.324615,72.675385,54.340852,0.455644,20.540966
2026-08-18 02:54:40,19670.27,807935,4039,-27.3482,-521.4816,41.1,193.109634,-0.0,386.256653,1.869043,,7.322056,0.732206,3e-06,0.803096,10.0,10.0,5.80465,0.0,5.80465,94.19535,72.382176,0.442197,20.540966
2026-08-18 02:54:53,19682.95,808447,4042,-531.7988,-528.8667,41.1,314.300995,-0.0,628.639343,1.866796,,6.240571,0.624057,2e-06,2.043425,10.0,10.0,9.920653,0.0,9.920653,90.079347,68.701664,0.431157,20.540966
2026-08-18 02:55:06,19695.46,808959,4044,124.0325,-521.9399,41.1,264.774597,0.0,529.586548,1.867449,,7.40191,0.740191,4e-06,0.285302,1.0,10.0,4.136766,0.0,4.136766,95.863234,73.088681,0.42728,20.540966
2026-08-18 02:55:18,19708.03,809471,4047,303.7499,-512.2855,41.1,148.04686,0.0,296.131073,1.867789,,6.706693,0.670669,4e-06,0.933842,7.0,10.0,2.003806,0.0,2.003806,97.996194,74.178706,0.451441,20.540966
2026-08-18 02:55:31,19720.57,809983,4049,82.6246,-500.1708,41.1,70.044792,-0.0,140.126877,1.865001,,6.091742,0.609174,3e-06,1.788231,10.0,10.0,4.137499,0.0,4.137499,95.862501,72.782063,0.440874,20.540966
2026-08-18 02:55:43,19733.18,810495,4052,-583.3963,-508.2591,41.1,730.539612,0.0,1461.116577,1.866433,,4.779512,0.477951,2e-06,1.594922,10.0,10.0,9.387832,0.0,9.387832,90.612168,68.02446,0.482728,20.540966
2026-08-18 02:55:56,19745.74,811007,4055,-1948.6576,-517.5293,41.1,2404.758789,-0.0,4809.554688,1.864152,,6.399589,0.639959,2e-06,2.345809,10.0,10.0,23.449289,0.0,23.449289,76.550711,57.506839,0.417107,20.540966
2026-08-18 02:56:08,19758.29,811519,4057,-441.6943,-517.3922,41.1,389.439362,-0.0,778.915955,1.860836,,8.381416,0.838142,3e-06,1.639283,10.0,10.0,10.557431,0.0,10.557431,89.442569,67.560618,0.405918,20.540966
2026-08-18 02:56:21,19770.9,812031,4060,-540.9928,-527.9669,41.1,343.267303,-0.0,686.571838,1.860946,,9.758487,0.975849,2e-06,0.924452,10.0,10.0,12.169371,0.0,12.169371,87.830629,65.924994,0.427151,20.540966
2026-08-18 02:56:34,19783.57,812543,4062,-1327.9431,-526.9042,41.1,1924.511597,-0.0,3849.060303,1.860233,,6.359402,0.63594,2e-06,1.919579,10.0,10.0,17.52504,0.0,17.52504,82.47496,62.723823,0.449873,21.030702
2026-08-18 02:56:46,19796.21,813055,4065,-2212.5743,-543.9223,41.1,4322.430664,-0.0,8644.898438,1.86029,,5.81205,0.581205,1e-06,1.684147,10.0,10.0,24.736078,0.0,24.736078,75.263922,56.379999,0.489447,21.030702
2026-08-18 02:56:59,19808.72,813567,4067,-19.4646,-534.3702,41.1,475.418152,-0.0,950.873474,1.858738,,8.025018,0.802502,4e-06,0.121383,1.0,2.0,5.759999,0.0,5.759999,94.240001,72.208713,0.428095,21.030702
2026-08-18 02:57:11,19821.26,814079,4070,-1642.7904,-526.0087,41.1,1856.416016,0.0,3712.869141,1.858743,,7.53832,0.753832,1e-06,1.24997,10.0,10.0,20.529128,0.0,20.529128,79.470872,59.284445,0.452088,21.030702
2026-08-18 02:57:24,19833.91,814591,4072,-2174.4724,-548.4546,41.1,5542.908203,-0.0,11085.853516,1.858854,,6.897284,0.689728,1e-06,2.315464,10.0,10.0,26.943295,0.0,26.943295,73.056705,54.968437,0.439515,21.030702
2026-08-18 02:57:37,19846.56,815103,4075,-192.2199,-546.874,41.1,363.512268,-0.0,727.061707,1.85878,,8.664591,0.866459,4e-06,0.515996,2.0,10.0,7.898483,0.0,7.898483,92.101517,70.152797,0.414735,21.030702
2026-08-18 02:57:49,19859.11,815615,4078,354.7587,-546.5138,41.1,263.406097,0.0,526.849365,1.859034,,8.860334,0.886033,7e-06,0.111866,0.0,1.0,2.921462,0.0,2.921462,97.078538,74.494565,0.397216,21.030702
2026-08-18 02:58:02,19871.56,816127,4080,-0.4129,-545.7463,41.1,127.395416,0.0,254.828033,1.860103,,5.543798,0.55438,4e-06,1.11427,10.0,10.0,4.223729,0.0,4.223729,95.776271,72.668728,0.470865,21.030702
2026-08-18 02:58:14,19884.08,816639,4083,-1063.5411,-548.0404,41.1,1849.625244,-0.0,3699.287598,1.859971,,4.210197,0.42102,2e-06,2.236404,10.0,10.0,13.428171,0.0,13.428171,86.571829,66.052587,0.50199,21.030702
2026-08-18 02:58:27,19896.68,817151,4085,-199.5725,-537.4711,41.1,214.209763,0.0,428.456635,1.855891,,8.593889,0.859389,3e-06,0.59951,10.0,10.0,7.858416,0.0,7.858416,92.141584,70.511238,0.381066,21.030702
2026-08-18 02:58:40,19909.4,817663,4088,-2712.0593,-560.1077,41.1,4512.145996,0.0,9024.329102,1.8565,,7.152719,0.715272,0.0,1.264815,10.0,10.0,31.587964,0.0,31.587964,68.412036,50.173414,0.421182,21.030702
2026-08-18 02:58:52,19922.07,818175,4090,-2970.5023,-589.3733,41.1,6845.109863,0.0,13690.256836,1.856169,,4.318398,0.43184,1e-06,2.229624,10.0,10.0,34.565206,0.0,34.565206,65.434794,49.028649,0.470968,21.030702
2026-08-18 02:59:05,19934.58,818687,4093,29.3414,-589.1472,41.1,373.941132,-0.0,747.919373,1.855462,,10.090189,1.009019,3e-06,1.364394,10.0,10.0,7.189389,0.0,7.189389,92.810611,70.539138,0.424809,21.030702
2026-08-18 02:59:17,19947.15,819199,4096,575.1249,-578.8186,41.1,227.515808,0.0,455.068665,1.852939,,13.156125,1.315612,4e-06,1.128346,10.0,10.0,3.742553,0.0,3.742553,96.257447,73.39,0.441958,21.030702
2026-08-18 02:59:30,19959.68,819711,4098,-771.5694,-571.7456,41.1,526.096497,-0.0,1052.230103,1.852937,,8.324401,0.83244,2e-06,1.488401,10.0,10.0,13.060101,0.0,13.060101,86.939899,65.255237,0.416796,21.030702
2026-08-18 02:59:42,19972.25,820223,4101,-791.4755,-584.368,41.1,1500.350952,-0.0,3000.739014,1.852673,,9.750661,0.975066,3e-06,0.736304,10.0,10.0,13.942286,0.0,13.942286,86.057714,64.63688,0.422973,21.030702
2026-08-18 02:59:55,19984.83,820735,4103,-1429.6855,-595.2359,41.1,1509.180908,-0.0,3018.398926,1.85286,,9.028761,0.902876,1e-06,2.1862,10.0,10.0,19.918486,0.0,19.918486,80.081514,60.198269,0.43015,21.030702
2026-08-18 03:00:07,19997.3,821247,4106,-1211.9553,-607.4695,41.1,1816.780518,-0.0,3633.598145,1.850662,,9.855847,0.985585,1e-06,1.264351,10.0,10.0,18.080753,0.0,18.080753,81.919247,61.664868,0.421899,21.030702
2026-08-18 03:00:20,20009.8,821759,4108,764.1094,-596.0131,41.1,265.009216,0.0,530.055481,1.851804,,11.697876,1.169788,4e-06,0.465457,2.0,10.0,0.969191,0.0,0.969191,99.030809,75.39541,0.422327,21.030702
2026-08-18 03:00:33,20022.44,822271,4111,21.4237,-585.0922,41.1,107.052124,-0.0,214.141281,1.851884,,9.009706,0.900971,3e-06,1.035789,10.0,10.0,6.317513,0.0,6.317513,93.682487,71.187221,0.436128,21.030702
2026-08-18 03:00:45,20034.96,822783,4113,-1403.0931,-591.7273,41.1,2433.885254,-0.0,4867.807617,1.850314,,8.762832,0.876283,1e-06,0.423117,1.0,10.0,19.14507,0.0,19.14507,80.85493,61.255115,0.402415,21.030702
2026-08-18 03:00:58,20047.56,823295,4116,-1088.0379,-596.5803,41.1,881.387695,0.0,1762.8125,1.852569,,4.654252,0.465425,2e-06,2.199906,10.0,10.0,13.943671,0.0,13.943671,86.056329,64.71284,0.472031,21.030702
2026-08-18 03:01:10,20060.19,823807,4119,-351.1211,-600.7656,41.1,159.491257,-0.0,319.019501,1.849508,,8.126393,0.812639,3e-06,1.153599,10.0,10.0,9.195185,0.0,9.195185,90.804815,68.937898,0.456408,21.030702
2026-08-18 03:01:23,20072.74,824319,4121,160.8019,-596.5583,41.1,266.583893,-0.0,533.204773,1.84788,,9.713135,0.971314,3e-06,1.095527,10.0,10.0,5.284362,0.0,5.284362,94.715638,71.721762,0.465213,21.030702
2026-08-18 03:01:35,20085.25,824831,4124,-658.7741,-593.0771,41.1,682.263245,-0.0,1364.563354,1.843263,,9.251133,0.925113,2e-06,1.938442,10.0,10.0,13.034804,0.0,13.034804,86.965196,65.197723,0.463953,21.030702
2026-08-18 03:01:48,20097.89,825343,4126,-1407.5308,-598.2552,41.1,1845.764404,-0.0,3691.565674,1.841676,,6.646286,0.664629,2e-06,1.463094,10.0,10.0,17.349469,0.0,17.349469,82.650531,62.04658,0.420806,21.697074
2026-08-18 03:02:01,20110.53,825855,4129,-96.5987,-604.5258,41.1,524.654297,-0.0,1049.345337,1.83935,,7.418625,0.741863,3e-06,0.873253,10.0,10.0,6.230485,0.0,6.230485,93.769515,71.418692,0.398558,21.697074
2026-08-18 03:02:14,20123.32,826367,4131,-2333.7035,-631.9091,41.1,5602.270508,-0.0,11204.578125,1.831727,,8.41811,0.841811,1e-06,1.411815,10.0,10.0,27.06787,0.0,27.06787,72.93213,54.433152,0.403744,21.697074
2026-08-18 03:02:26,20135.89,826879,4134,292.8875,-630.4408,41.1,338.370605,0.0,676.777832,1.830748,,10.328132,1.032813,3e-06,1.052227,10.0,10.0,4.439113,0.0,4.439113,95.560887,72.826047,0.450761,21.697074
2026-08-18 03:02:39,20148.49,827391,4136,-1585.9905,-645.9467,41.1,4886.637695,-0.0,9773.311523,1.828762,,6.530504,0.65305,1e-06,1.44353,10.0,10.0,19.825805,0.0,19.825805,80.174195,60.657565,0.428342,21.697074
2026-08-18 03:02:51,20160.99,827903,4139,-503.7005,-650.0394,41.1,715.703552,-0.0,1431.443604,1.825153,,7.509498,0.75095,2e-06,1.683225,10.0,10.0,10.007202,0.0,10.007202,89.992798,67.424047,0.420988,21.697074
2026-08-18 03:03:04,20173.61,828415,4142,-852.5516,-640.6634,41.1,1205.692871,0.0,2411.422119,1.824578,,6.921657,0.692166,3e-06,1.115882,10.0,10.0,12.651244,0.0,12.651244,87.348756,66.302412,0.43005,21.697074
2026-08-18 03:03:16,20186.14,828927,4144,171.1591,-635.3526,41.1,527.890198,-0.0,1055.816772,1.819982,,9.876008,0.987601,3e-06,1.136238,9.0,10.0,5.128589,0.0,5.128589,94.871411,71.54096,0.406825,21.697074
2026-08-18 03:03:29,20198.82,829439,4147,-1155.127,-650.9689,41.1,1231.710693,-0.0,2463.457764,1.817636,,10.907235,1.090724,1e-06,2.4867,10.0,10.0,18.245461,0.0,18.245461,81.754539,61.488237,0.394558,21.697074
2026-08-18 03:03:42,20211.45,829951,4149,-1217.784,-667.9281,41.1,1834.690552,-0.0,3669.417236,1.812156,,9.840897,0.98409,2e-06,2.469141,10.0,10.0,18.041863,0.0,18.041863,81.958137,61.415348,0.412127,21.697074
2026-08-18 03:03:54,20223.88,830463,4152,372.4759,-668.511,41.1,298.789001,-0.0,597.614197,1.808383,,8.566665,0.856666,4e-06,0.472787,3.0,10.0,2.461669,0.0,2.461669,97.538331,74.644083,0.398364,21.697074
2026-08-18 03:04:07,20236.45,830975,4154,151.088,-674.2519,41.1,61.092457,-0.0,122.221069,1.807918,,6.353941,0.635394,3e-06,0.977232,10.0,10.0,3.254897,0.0,3.254897,96.745103,74.19001,0.427425,21.697074
2026-08-18 03:04:19,20249.08,831487,4157,-1488.1841,-682.6817,41.1,1438.838745,-0.0,2877.713379,1.799409,,5.846929,0.584693,1e-06,1.991377,10.0,10.0,17.528923,0.0,17.528923,82.471077,61.489081,0.421135,21.697074
2026-08-18 03:04:32,20261.68,831999,4160,-571.4661,-680.0624,41.1,743.838257,-0.0,1487.71228,1.789452,,7.281561,0.728156,3e-06,1.112382,10.0,10.0,10.167562,0.0,10.167562,89.832438,68.387764,0.411392,21.697074
2026-08-18 03:04:44,20274.12,832511,4162,-694.729,-675.693,41.1,906.49176,0.0,1813.019165,1.784118,,6.815877,0.681588,2e-06,1.419068,10.0,10.0,11.026854,0.0,11.026854,88.973146,67.055101,0.42882,21.697074
2026-08-18 03:04:57,20286.61,833023,4165,32.7424,-675.8299,41.1,235.63591,-0.0,471.307343,1.775451,,5.791082,0.579108,4e-06,1.025741,10.0,10.0,3.89028,0.0,3.89028,96.10972,73.248185,0.416304,21.697074
2026-08-18 03:05:09,20299.06,833535,4167,-983.7914,-684.1026,41.1,1308.021851,-0.0,2616.079102,1.766383,,7.789167,0.778917,2e-06,2.051105,10.0,10.0,14.612125,0.0,14.612125,85.387875,64.144686,0.36748,21.697074
2026-08-18 03:05:22,20311.76,834047,4170,-544.8761,-672.7054,41.1,873.062134,0.0,1746.159546,1.762973,,8.086217,0.808622,2e-06,1.932515,10.0,10.0,10.472502,0.0,10.472502,89.527498,67.963564,0.391167,21.697074
2026-08-18 03:05:35,20324.38,834559,4172,-294.518,-644.1433,41.1,529.382446,0.0,1058.800049,1.758239,,7.749002,0.7749,3e-06,1.196074,10.0,10.0,7.985037,0.0,7.985037,92.014963,70.137956,0.397225,21.697074
2026-08-18 03:05:47,20336.96,835071,4175,-1851.5696,-670.2307,41.1,2980.508545,0.0,5961.052246,1.754979,,8.157066,0.815707,1e-06,2.010792,10.0,10.0,22.318076,0.0,22.318076,77.681924,58.839372,0.39915,21.697074
2026-08-18 03:06:00,20349.68,835583,4177,-348.4675,-681.2442,41.1,1148.456177,-0.0,2296.947266,1.748134,,10.268976,1.026898,2e-06,1.180423,10.0,10.0,10.161253,0.0,10.161253,89.838747,68.341412,0.38318,21.697074
2026-08-18 03:06:12,20362.15,836095,4180,-455.8968,-680.7045,41.1,254.067963,0.0,508.170807,1.743858,,9.817042,0.981704,2e-06,1.706562,10.0,10.0,11.027831,0.0,11.027831,88.972169,67.375836,0.404758,21.697074
2026-08-18 03:06:25,20374.7,836607,4183,-273.6204,-683.8717,41.1,238.832321,0.0,477.699524,1.743997,,8.246293,0.824629,3e-06,1.144179,10.0,10.0,8.224527,0.0,8.224527,91.775473,70.027612,0.40161,21.697074
2026-08-18 03:06:37,20387.19,837119,4185,224.5524,-671.8915,41.1,101.340881,-0.0,202.716583,1.740858,,7.056209,0.705621,4e-06,0.52644,2.0,10.0,2.862727,0.0,2.862727,97.137273,74.423347,0.419935,21.697074
2026-08-18 03:06:50,20399.85,837631,4188,-1197.6674,-674.1937,41.1,3857.426514,-0.0,7714.887695,1.737537,,8.425867,0.842587,1e-06,2.281405,10.0,10.0,17.452007,0.0,17.452007,82.547993,62.015527,0.401178,22.078144
2026-08-18 03:07:03,20412.42,838143,4190,-1192.0371,-677.469,41.1,2014.531372,0.0,4029.097656,1.739798,,8.250446,0.825045,1e-06,0.949471,10.0,10.0,16.007179,0.0,16.007179,83.992821,63.236261,0.391796,22.078144
2026-08-18 03:07:15,20424.97,838655,4193,-542.1151,-685.8601,41.1,332.406677,0.0,664.848083,1.737855,,7.132685,0.713269,2e-06,1.167863,10.0,10.0,9.856465,0.0,9.856465,90.143535,68.635093,0.391691,22.078144
2026-08-18 03:07:28,20437.56,839167,4195,525.9924,-688.1806,41.1,110.609818,0.0,221.254349,1.735442,,6.958226,0.695823,6e-06,0.035104,0.0,1.0,0.0,0.0,0.0,100.0,76.5165,0.371035,22.078144
2026-08-18 03:07:40,20450.23,839679,4198,-540.0083,-686.7698,41.1,822.590027,-0.0,1645.214844,1.738264,,6.29389,0.629389,2e-06,0.970906,7.0,10.0,8.938245,0.0,8.938245,91.061755,68.399499,0.399152,22.078144
2026-08-18 03:07:53,20462.88,840191,4200,-765.9313,-686.1401,41.1,1146.003174,0.0,2292.041016,1.73429,,9.058091,0.905809,2e-06,1.628935,10.0,10.0,12.989291,0.0,12.989291,87.010709,66.151256,0.393995,22.078144
2026-08-18 03:08:06,20475.61,840703,4203,-964.7955,-694.3944,41.1,1224.376587,-0.0,2448.787842,1.734562,,9.270025,0.927003,2e-06,1.766025,10.0,10.0,14.94707,0.0,14.94707,85.05293,63.64292,0.398605,22.078144
2026-08-18 03:08:18,20488.17,841215,4206,-1233.4432,-685.5549,41.1,2225.782227,-0.0,4451.599121,1.730903,,8.112992,0.811299,2e-06,2.404944,10.0,10.0,16.951925,0.0,16.951925,83.048075,62.908031,0.37484,22.078144
2026-08-18 03:08:31,20500.72,841727,4208,-1364.8851,-696.4643,41.1,1361.209106,-0.0,2722.452881,1.733186,,5.991707,0.599171,2e-06,2.732456,10.0,10.0,16.369162,0.0,16.369162,83.630838,62.632449,0.415228,22.078144
2026-08-18 03:08:43,20513.23,842239,4211,-821.7093,-691.3123,41.1,971.549744,-0.0,1943.134155,1.732312,,5.243452,0.524345,2e-06,1.359392,10.0,10.0,10.922,0.0,10.922,89.078,66.996378,0.40557,22.078144
2026-08-18 03:08:56,20525.82,842751,4213,-686.7754,-703.0122,41.1,393.12085,0.0,786.276367,1.734512,,6.520411,0.652041,2e-06,2.24087,10.0,10.0,10.827893,0.0,10.827893,89.172107,67.901441,0.398775,22.078144
2026-08-18 03:09:09,20538.36,843263,4216,-1016.264,-701.8059,41.1,1988.660278,-0.0,3977.355225,1.735617,,7.073847,0.707385,2e-06,1.351123,10.0,10.0,13.780921,0.0,13.780921,86.219079,64.917695,0.396226,22.078144
2026-08-18 03:09:21,20550.8,843775,4218,-187.6009,-702.1122,41.1,299.609924,-0.0,599.254517,1.734158,,7.981435,0.798144,3e-06,1.134559,10.0,10.0,7.231813,0.0,7.231813,92.768187,70.813551,0.378179,22.078144
2026-08-18 03:09:33,20563.27,844287,4221,-496.4412,-700.3689,41.1,932.561218,-0.0,1865.157104,1.731834,,7.783057,0.778306,3e-06,1.038784,10.0,10.0,9.658414,0.0,9.658414,90.341586,68.533852,0.386829,22.078144
2026-08-18 03:09:46,20575.86,844799,4224,-1639.2276,-716.573,41.1,2018.643066,-0.0,4037.320801,1.732816,,6.722483,0.672248,1e-06,1.666234,10.0,10.0,19.316252,0.0,19.316252,80.683748,61.02112,0.392164,22.078144
2026-08-18 03:09:58,20588.3,845311,4226,339.6563,-712.4113,41.1,134.819077,-0.0,269.672821,1.733967,,8.971005,0.897101,3e-06,0.758769,9.0,10.0,2.912602,0.0,2.912602,97.087398,74.201571,0.410862,22.078144
2026-08-18 03:10:11,20601.0,845823,4229,-1308.1928,-729.7366,41.1,3168.426514,-0.0,6336.887695,1.734527,,7.908513,0.790851,1e-06,1.815704,10.0,10.0,16.940613,0.0,16.940613,83.059387,62.617545,0.396022,22.078144
2026-08-18 03:10:24,20613.56,846335,4231,-1837.7154,-733.2881,41.1,3455.99707,-0.0,6912.028809,1.737021,,4.49327,0.449327,0.0,0.877558,9.0,10.0,19.369129,0.0,19.369129,80.630871,61.102539,0.407559,22.078144
2026-08-18 03:10:36,20626.19,846847,4234,-2449.8296,-760.7978,41.1,4257.804688,-0.0,8515.644531,1.733645,,4.187856,0.418786,1e-06,3.269291,10.0,10.0,24.974749,0.0,24.974749,75.025251,55.504302,0.410847,22.078144
2026-08-18 03:10:49,20638.76,847359,4236,442.438,-745.6838,41.1,79.178322,-0.0,158.391312,1.733137,,5.887034,0.588703,5e-06,0.126912,1.0,3.0,0.0,0.0,0.0,100.0,76.719738,0.411712,22.078144
2026-08-18 03:11:02,20651.38,847871,4239,-91.2544,-744.3948,41.1,113.62291,-0.0,227.280502,1.733989,,6.208675,0.620868,2e-06,2.023746,10.0,10.0,5.274084,0.0,5.274084,94.725916,71.632275,0.405932,22.078144
2026-08-18 03:11:14,20663.93,848383,4241,-920.3655,-739.7011,41.1,772.7453,0.0,1545.525269,1.733109,,6.482774,0.648277,2e-06,1.902899,10.0,10.0,12.961032,0.0,12.961032,87.038968,66.180848,0.383544,22.078144
2026-08-18 03:11:27,20676.49,848895,4244,-739.7012,-740.5085,41.1,1028.36853,-0.0,2056.771729,1.735861,,5.876697,0.58767,2e-06,0.707037,9.0,10.0,10.623563,0.0,10.623563,89.376437,67.682446,0.418392,22.078144
2026-08-18 03:11:39,20688.91,849407,4247,-59.9186,-724.2444,41.1,735.893982,-0.0,1471.822632,1.73296,,7.140112,0.714011,3e-06,0.862985,7.0,10.0,5.367329,0.0,5.367329,94.632671,72.353686,0.388986,22.078144
2026-08-18 03:11:52,20701.46,849919,4249,-1039.5479,-718.6057,41.1,829.110046,0.0,1658.254761,1.732011,,6.541046,0.654105,2e-06,2.500805,10.0,10.0,13.911411,0.0,13.911411,86.088589,64.421221,0.404986,22.078144
2026-08-18 03:12:04,20713.98,850431,4252,55.1648,-714.3764,41.1,319.814789,-0.0,639.664185,1.731138,,10.296895,1.02969,3e-06,1.00337,10.0,10.0,6.37785,0.0,6.37785,93.62215,71.436132,0.395543,22.534164
2026-08-18 03:12:17,20726.42,850943,4254,706.2296,-702.9658,41.1,220.870407,0.0,441.775482,1.733834,,9.708091,0.970809,5e-06,0.242667,1.0,6.0,0.070876,0.0,0.070876,99.929124,76.591235,0.379523,22.534164
2026-08-18 03:12:29,20739.01,851455,4257,-650.1323,-709.2856,41.1,1251.438599,0.0,2502.911865,1.738948,,5.661042,0.566104,3e-06,0.941256,10.0,10.0,9.346074,0.0,9.346074,90.653926,68.66561,0.420744,22.534164
2026-08-18 03:12:42,20751.63,851967,4259,-1477.7747,-727.6418,41.1,1921.340088,0.0,3842.714844,1.738422,,4.490542,0.449054,2e-06,2.778355,10.0,10.0,16.106743,0.0,16.106743,83.893257,62.888219,0.425029,22.534164
2026-08-18 03:12:54,20764.12,852479,4262,-782.8334,-716.2972,41.1,906.947327,-0.0,1813.929565,1.744126,,5.641295,0.56413,3e-06,0.425645,2.0,10.0,10.55308,0.0,10.55308,89.44692,67.651984,0.394953,22.534164
2026-08-18 03:13:07,20776.64,852991,4264,166.9667,-696.9209,41.1,90.216293,-0.0,180.467422,1.741985,,6.169398,0.61694,6e-06,0.240363,1.0,10.0,2.541762,0.0,2.541762,97.458238,74.307197,0.417794,22.534164
2026-08-18 03:13:19,20789.23,853503,4267,-1297.093,-691.6762,41.1,1191.619751,0.0,2383.274414,1.746295,,5.648964,0.564896,2e-06,1.188048,10.0,10.0,14.893298,0.0,14.893298,85.106702,63.867952,0.401426,22.534164
2026-08-18 03:13:32,20801.93,854015,4270,-1115.2528,-690.8161,41.1,889.354187,-0.0,1778.743408,1.74968,,6.317616,0.631762,2e-06,2.617893,10.0,10.0,14.030629,0.0,14.030629,85.969371,65.177169,0.406531,22.534164
2026-08-18 03:13:45,20814.42,854527,4272,-302.2188,-694.0756,41.1,289.877502,-0.0,579.789978,1.750127,,7.149471,0.714947,3e-06,1.638722,10.0,10.0,7.729541,0.0,7.729541,92.270459,70.523647,0.411337,22.534164
2026-08-18 03:13:57,20826.97,855039,4275,-951.8544,-691.3726,41.1,1140.05127,-0.0,2280.137451,1.748771,,11.536092,1.153609,2e-06,2.452201,10.0,10.0,15.823313,0.0,15.823313,84.176687,63.069971,0.414233,22.534164
2026-08-18 03:14:10,20839.69,855551,4277,-624.8999,-698.5125,41.1,1983.80127,-0.0,3967.637451,1.747214,,12.080239,1.208024,2e-06,1.233362,10.0,10.0,13.128772,0.0,13.128772,86.871228,65.163119,0.404771,22.534164
2026-08-18 03:14:23,20852.42,856063,4280,-1996.0771,-710.064,41.1,2538.501709,-0.0,5077.038574,1.751678,,7.962976,0.796298,1e-06,2.428367,10.0,10.0,22.537806,0.0,22.537806,77.462194,58.116708,0.393185,22.534164
2026-08-18 03:14:35,20865.09,856575,4282,-1123.5495,-704.0471,41.1,1664.138306,0.0,3328.311768,1.756059,,8.340802,0.83408,2e-06,1.421651,10.0,10.0,15.410879,0.0,15.410879,84.589121,64.408456,0.379061,22.534164
2026-08-18 03:14:48,20877.78,857087,4285,-82.5515,-709.7973,41.1,388.386139,0.0,776.807434,1.756907,,8.516449,0.851645,4e-06,1.07311,10.0,10.0,6.37992,0.0,6.37992,93.62008,71.371197,0.392989,22.534164
2026-08-18 03:15:01,20890.35,857599,4288,29.9203,-709.7067,41.1,299.786835,-0.0,599.608887,1.759442,,7.340521,0.734052,4e-06,0.338643,1.0,10.0,4.493215,0.0,4.493215,95.506785,72.841705,0.3892,22.534164
2026-08-18 03:15:13,20902.9,858111,4290,-844.1226,-715.0962,41.1,2025.563721,0.0,4051.162598,1.760358,,7.168713,0.716871,2e-06,0.791335,9.0,10.0,11.986642,0.0,11.986642,88.013358,66.807808,0.391689,22.534164
2026-08-18 03:15:26,20915.43,858623,4293,44.566,-693.2724,41.1,642.085876,0.0,1284.206909,1.758682,,11.640053,1.164005,3e-06,0.636906,6.0,10.0,6.715688,0.0,6.715688,93.284312,71.553623,0.401907,22.534164
2026-08-18 03:15:38,20928.02,859135,4295,-183.904,-694.8379,41.1,442.627655,-0.0,885.290527,1.761137,,8.785102,0.87851,3e-06,1.019002,10.0,10.0,7.298047,0.0,7.298047,92.701953,70.956859,0.378227,22.534164
2026-08-18 03:15:51,20940.77,859647,4298,-2476.6691,-714.2866,41.1,4783.715332,-0.0,9567.46582,1.768117,,4.231351,0.423135,1e-06,1.125774,10.0,10.0,24.562851,0.0,24.562851,75.437149,56.782851,0.417989,22.534164
2026-08-18 03:16:03,20953.29,860159,4300,153.3534,-713.9934,41.1,131.936279,0.0,263.907898,1.766695,,5.848346,0.584835,3e-06,0.869239,6.0,10.0,2.634614,0.0,2.634614,97.365386,74.091952,0.419447,22.534164
2026-08-18 03:16:16,20965.98,860671,4303,-1759.5544,-734.6265,41.1,2225.71582,-0.0,4451.468262,1.822695,,4.681706,0.468171,2e-06,3.043592,10.0,10.0,19.073555,0.0,19.073555,80.926445,60.038695,0.453663,22.534164
2026-08-18 03:16:29,20978.55,861183,4305,-732.3878,-742.7766,41.1,881.865723,-0.0,1763.768799,1.867447,,4.225688,0.422569,3e-06,1.321392,10.0,10.0,9.446263,0.0,9.446263,90.553737,68.605259,0.481238,22.534164
2026-08-18 03:16:41,20991.11,861695,4308,-1938.4241,-756.3269,41.1,2543.170654,0.0,5086.379395,1.897949,,4.607851,0.460785,1e-06,3.459807,10.0,10.0,20.687148,0.0,20.687148,79.312852,57.961092,0.465254,22.534164
2026-08-18 03:16:54,21003.66,862207,4311,-1988.5962,-756.7263,41.1,2577.267578,-0.0,5154.57373,1.92181,,4.557801,0.45578,1e-06,1.458633,10.0,10.0,20.518811,0.0,20.518811,79.481189,60.025618,0.490247,22.534164
2026-08-18 03:17:06,21016.3,862719,4313,-1813.6825,-770.4462,41.0,3218.618164,-0.0,6437.274902,1.940227,,3.913775,0.391378,2e-06,2.183176,10.0,10.0,18.553689,0.0,18.553689,81.446311,60.840351,0.502271,22.972037
2026-08-18 03:17:19,21028.9,863231,4316,-1153.8827,-776.5751,41.0,1677.194336,-0.0,3354.427734,1.954359,,4.258654,0.425865,2e-06,1.097429,10.0,10.0,12.652933,0.0,12.652933,87.347067,65.769388,0.535875,22.972037
2026-08-18 03:17:32,21041.38,863743,4318,6.4065,-763.2316,41.0,448.957458,0.0,897.954102,1.958833,,9.571225,0.957122,3e-06,1.566445,10.0,10.0,6.582191,0.0,6.582191,93.417809,71.222336,0.408767,22.972037
2026-08-18 03:17:44,21054.02,864255,4321,-1013.7604,-751.2434,41.0,1110.06958,-0.0,2220.178467,1.963206,,13.14874,1.314874,2e-06,1.335728,10.0,10.0,16.770646,0.0,16.770646,83.229354,62.987119,0.466831,22.972037
2026-08-18 03:17:57,21066.72,864767,4323,879.6947,-742.2518,41.0,374.483124,0.0,749.005615,1.967357,,15.244117,1.524412,5e-06,0.585607,4.0,10.0,1.994611,0.0,1.994611,98.005389,75.543863,0.474737,22.972037
2026-08-18 03:18:10,21079.32,865279,4326,598.9295,-719.8346,41.0,136.925354,0.0,273.890137,1.971356,,10.236817,1.023682,3e-06,0.816413,6.0,10.0,1.5854,0.0,1.5854,98.4146,74.978165,0.469389,22.972037
2026-08-18 03:18:22,21091.8,865791,4328,-1208.8335,-710.1782,41.0,4423.393066,-0.0,8846.825195,1.971058,,8.808119,0.880812,2e-06,1.842381,10.0,10.0,17.648663,0.0,17.648663,82.351337,62.286504,0.490165,22.972037
2026-08-18 03:18:34,21104.25,866303,4331,-1476.3938,-723.02,41.0,2195.469238,-0.0,4390.978027,1.973356,,7.206612,0.720661,2e-06,1.988313,10.0,10.0,17.61653,0.0,17.61653,82.38347,61.573261,0.528742,22.972037
2026-08-18 03:18:47,21116.79,866815,4334,-1153.0987,-738.0985,41.0,1828.491577,-0.0,3657.022705,1.973848,,7.317659,0.731766,3e-06,1.288422,10.0,10.0,14.811179,0.0,14.811179,85.188821,64.599242,0.509608,22.972037
2026-08-18 03:19:00,21129.37,867327,4336,-914.6877,-747.2413,41.0,1607.364258,-0.0,3214.768066,1.971903,,7.879274,0.787927,3e-06,1.984808,10.0,10.0,13.344223,0.0,13.344223,86.655777,64.842109,0.451794,22.972037
2026-08-18 03:19:12,21141.99,867839,4339,-340.5817,-740.0117,41.0,460.533112,0.0,921.105652,1.970758,,8.149352,0.814935,3e-06,1.687619,10.0,10.0,8.454713,0.0,8.454713,91.545287,68.669673,0.463992,22.972037
2026-08-18 03:19:25,21154.5,868351,4341,229.4035,-735.7219,41.0,328.531006,-0.0,657.101379,1.968469,,9.550042,0.955004,5e-06,0.290241,1.0,10.0,4.101196,0.0,4.101196,95.898804,73.123711,0.460563,22.972037
2026-08-18 03:19:37,21166.97,868863,4344,-476.0842,-713.3622,41.0,1443.956909,-0.0,2887.953125,1.967158,,9.123897,0.91239,3e-06,1.232983,10.0,10.0,10.13007,0.0,10.13007,89.86993,68.120315,0.483728,22.972037
2026-08-18 03:19:50,21179.56,869375,4346,959.8362,-674.0588,41.0,427.516571,0.0,855.072449,1.964503,,13.140978,1.314098,5e-06,0.416347,2.0,7.0,0.0,0.0,0.0,100.0,76.620489,0.471135,22.972037
2026-08-18 03:20:02,21192.06,869887,4349,-186.9456,-676.2217,41.0,238.856155,-0.0,477.751678,1.968428,,5.908363,0.590836,4e-06,0.943714,10.0,10.0,5.614097,0.0,5.614097,94.385903,71.833802,0.529729,22.972037
2026-08-18 03:20:15,21204.67,870399,4352,-1454.9067,-696.522,41.0,4494.395996,-0.0,8988.831055,1.965864,,6.690023,0.669002,3e-06,1.194191,10.0,10.0,17.435734,0.0,17.435734,82.564266,62.443202,0.511067,22.972037
2026-08-18 03:20:27,21217.15,870911,4354,-1415.5659,-702.962,41.0,1346.204956,-0.0,2692.449219,1.962234,,8.828721,0.882872,2e-06,2.232198,10.0,10.0,17.865818,0.0,17.865818,82.134182,61.67143,0.474154,22.972037
2026-08-18 03:20:40,21229.75,871423,4357,-294.7475,-697.9947,41.0,291.096619,-0.0,582.232483,1.961099,,7.72449,0.772449,3e-06,2.451865,10.0,10.0,8.255948,0.0,8.255948,91.744052,69.234961,0.487147,22.972037
2026-08-18 03:20:52,21242.2,871935,4359,-28.8334,-683.9862,41.0,172.764145,-0.0,345.567535,1.962452,,6.879836,0.687984,3e-06,2.081734,10.0,10.0,5.300597,0.0,5.300597,94.699403,71.309735,0.494486,22.972037
2026-08-18 03:21:05,21254.85,872447,4362,-1844.2996,-690.3096,41.0,2526.447266,-0.0,5052.933594,1.964587,,5.167564,0.516756,3e-06,2.315886,10.0,10.0,19.498772,0.0,19.498772,80.501228,60.482563,0.562571,22.972037
2026-08-18 03:21:18,21267.45,872959,4364,-744.6186,-705.3969,41.0,881.000305,-0.0,1762.039917,1.963363,,7.101514,0.710151,5e-06,0.237218,1.0,10.0,10.908938,0.0,10.908938,89.091062,68.389719,0.519733,22.972037
2026-08-18 03:21:30,21280.19,873471,4367,-1844.4199,-724.0553,41.0,2216.80542,-0.0,4433.649902,1.961963,,6.825479,0.682548,2e-06,3.199326,10.0,10.0,20.68327,0.0,20.68327,79.31673,58.491713,0.512417,22.972037
2026-08-18 03:21:43,21292.75,873983,4369,-359.25,-713.6169,41.0,1214.117676,-0.0,2428.274658,1.961676,,6.751178,0.675118,4e-06,0.915837,9.0,10.0,7.493476,0.0,7.493476,92.506524,70.819888,0.502673,22.972037
2026-08-18 03:21:56,21305.39,874495,4372,-818.8497,-710.925,41.0,2006.793701,-0.0,4013.626709,1.962552,,6.319696,0.63197,5e-06,0.618657,4.0,10.0,11.094605,0.0,11.094605,88.905395,67.846199,0.532894,22.972037
2026-08-18 03:22:08,21318.09,875007,4375,-2238.9532,-729.8033,41.0,5241.322754,-0.0,10482.68457,1.960318,,7.033382,0.703338,3e-06,0.92022,10.0,10.0,25.470047,0.0,25.470047,74.529953,56.00145,0.499308,23.376057
2026-08-18 03:22:21,21330.79,875519,4377,23.7877,-731.1735,41.0,502.545593,-0.0,1005.130371,1.959562,,8.65982,0.865982,5e-06,0.404141,2.0,10.0,5.224964,0.0,5.224964,94.775036,72.607448,0.454304,23.376057
2026-08-18 03:22:34,21343.49,876031,4380,-136.4063,-725.9498,41.0,186.081497,-0.0,372.202209,1.960188,,7.078904,0.70789,4e-06,1.787822,10.0,10.0,5.82866,0.0,5.82866,94.17134,71.080486,0.517826,23.376057
2026-08-18 03:22:46,21356.15,876543,4382,-2389.9916,-735.7744,41.0,3295.736084,-0.0,6591.51123,1.959629,,6.913546,0.691355,3e-06,1.879069,10.0,10.0,24.378517,0.0,24.378517,75.621483,57.552199,0.55267,23.376057
2026-08-18 03:22:59,21368.65,877055,4385,292.3527,-731.8849,41.0,461.396515,-0.0,922.832214,1.960723,,9.154622,0.915462,6e-06,0.280919,1.0,10.0,3.239999,0.0,3.239999,96.760001,74.244445,0.483767,23.376057
2026-08-18 03:23:11,21381.18,877567,4387,-1965.5512,-728.2034,41.0,4812.284668,0.0,9624.608398,1.960258,,7.253014,0.725301,2e-06,2.298157,10.0,10.0,23.061761,0.0,23.061761,76.938239,57.536291,0.483464,23.376057
2026-08-18 03:23:24,21393.77,878079,4390,-1212.534,-743.2576,41.0,1712.431396,-0.0,3424.9021,1.962005,,7.428918,0.742892,3e-06,1.508932,10.0,10.0,15.012224,0.0,15.012224,84.987776,63.752911,0.471612,23.376057
2026-08-18 03:23:36,21406.28,878591,4392,-955.6289,-736.954,41.0,2614.609375,-0.0,5229.257812,1.959016,,7.510672,0.751067,3e-06,1.505319,10.0,10.0,13.001511,0.0,13.001511,86.998489,66.069572,0.48966,23.376057
2026-08-18 03:23:49,21418.86,879103,4395,-191.8071,-733.835,41.0,300.870026,0.0,601.779297,1.961524,,7.904857,0.790486,4e-06,0.976456,10.0,10.0,6.867721,0.0,6.867721,93.132279,70.564618,0.483316,23.376057
2026-08-18 03:24:02,21431.49,879615,4398,243.0626,-722.8789,41.0,94.21814,0.0,188.475525,1.962453,,7.635811,0.763581,6e-06,0.534978,3.0,10.0,3.009138,0.0,3.009138,96.990862,73.552938,0.467452,23.376057
2026-08-18 03:24:14,21444.08,880127,4400,-3055.5584,-755.1461,41.0,6399.608887,0.0,12799.256836,1.961302,,5.597934,0.559793,1e-06,2.895906,10.0,10.0,42.469002,0.0,42.469002,57.530998,41.829556,0.536349,23.376057
2026-08-18 03:24:27,21456.7,880639,4403,-1184.115,-755.4359,41.0,1545.674072,0.0,3091.387451,1.961317,,8.220958,0.822096,3e-06,1.878688,10.0,10.0,15.44098,0.0,15.44098,84.55902,63.45593,0.5002,23.376057
2026-08-18 03:24:39,21469.23,881151,4405,-1529.3062,-758.5512,41.0,2415.867188,0.0,4831.773438,1.964536,,7.062204,0.70622,4e-06,1.256584,10.0,10.0,17.533335,0.0,17.533335,82.466665,62.462421,0.513115,23.376057
2026-08-18 03:24:52,21481.87,881663,4408,-778.1247,-770.0572,41.0,787.471985,-0.0,1574.983276,1.962436,,7.588956,0.758896,4e-06,2.15023,10.0,10.0,11.718684,0.0,11.718684,88.281316,66.175513,0.48964,23.376057
2026-08-18 03:25:05,21494.47,882175,4410,-1508.2225,-786.6503,41.0,1659.883057,-0.0,3319.80542,1.963062,,8.264763,0.826476,3e-06,2.482423,10.0,10.0,18.448497,0.0,18.448497,81.551503,61.500991,0.487756,23.376057
2026-08-18 03:25:17,21506.91,882687,4413,-109.8134,-772.8666,41.0,731.943298,0.0,1463.925903,1.9626,,10.716331,1.071633,4e-06,1.078994,10.0,10.0,7.844716,0.0,7.844716,92.155284,70.543822,0.557713,23.376057
2026-08-18 03:25:30,21519.59,883199,4416,-1441.387,-781.5658,41.0,4922.821777,-0.0,9845.682617,1.962372,,8.129578,0.812958,3e-06,2.336362,10.0,10.0,20.988312,0.0,20.988312,79.011688,59.115783,0.536727,23.376057
2026-08-18 03:25:42,21532.09,883711,4418,-1478.8949,-789.4074,41.0,3461.887207,-0.0,6923.813965,1.96707,,5.612503,0.56125,5e-06,1.058202,10.0,10.0,16.06782,0.0,16.06782,83.93218,63.688116,0.510323,23.376057
2026-08-18 03:25:55,21544.61,884223,4421,-1120.1503,-800.9364,41.0,1337.449463,-0.0,2674.938232,1.967175,,5.450804,0.54508,4e-06,1.267584,10.0,10.0,13.029541,0.0,13.029541,86.970459,65.054952,0.523744,23.376057
2026-08-18 03:26:08,21557.33,884735,4423,-2756.8702,-818.6671,41.0,5694.426758,-0.0,11388.892578,1.966702,,6.879378,0.687938,1e-06,2.730734,10.0,10.0,38.692016,0.0,38.692016,61.307984,45.181776,0.456023,23.376057
2026-08-18 03:26:20,21569.91,885247,4426,-1208.4607,-825.303,41.0,1208.112305,0.0,2416.263916,1.965599,,11.385082,1.138508,3e-06,1.930335,10.0,10.0,17.594213,0.0,17.594213,82.405787,61.871535,0.503852,23.376057
2026-08-18 03:26:33,21582.52,885759,4428,197.4108,-820.3837,41.0,259.736511,-0.0,519.512329,1.96595,,10.374613,1.037461,4e-06,1.24461,10.0,10.0,5.112308,0.0,5.112308,94.887692,72.858606,0.491473,23.376057
2026-08-18 03:26:45,21595.17,886271,4431,-2449.7828,-826.3658,41.0,4189.554199,0.0,8379.147461,1.968412,,7.716579,0.771658,1e-06,2.016176,10.0,10.0,25.549897,0.0,25.549897,74.450103,55.613662,0.496195,23.376057
2026-08-18 03:26:58,21607.69,886783,4433,113.2419,-821.7487,41.0,134.415512,0.0,268.870361,1.967052,,8.34408,0.834408,5e-06,0.799857,10.0,10.0,4.533208,0.0,4.533208,95.466792,72.877758,0.497577,23.376057
2026-08-18 03:27:10,21620.26,887295,4436,-302.4729,-820.2145,41.0,316.7966,0.0,633.632629,1.970553,,9.484294,0.948429,5e-06,1.455369,10.0,10.0,8.846757,0.0,8.846757,91.153243,68.888534,0.535452,23.376057
2026-08-18 03:27:23,21632.77,887807,4439,-132.4308,-818.8026,41.0,233.300446,0.0,466.64035,1.973299,,12.807453,1.280745,5e-06,0.70266,10.0,10.0,8.873374,0.0,8.873374,91.126626,68.812225,0.548314,24.254717
2026-08-18 03:27:35,21645.29,888319,4441,-881.3838,-829.862,41.0,604.390564,0.0,1208.820679,1.976379,,7.75449,0.775449,4e-06,1.261218,10.0,10.0,11.937654,0.0,11.937654,88.062346,66.45475,0.545083,24.254717
2026-08-18 03:27:48,21657.75,888831,4444,118.0861,-816.7044,41.0,128.622574,0.0,257.284729,1.979041,,6.781457,0.678146,5e-06,1.3611,10.0,10.0,3.554783,0.0,3.554783,96.445217,73.110891,0.525883,24.254717
2026-08-18 03:28:01,21670.41,889343,4446,-1877.0621,-823.5547,41.0,4988.196777,-0.0,9976.432617,1.968416,,8.545853,0.854585,4e-06,1.307035,10.0,10.0,22.172447,0.0,22.172447,77.827553,58.279813,0.469908,24.254717
2026-08-18 03:28:13,21683.12,889855,4449,-1450.2998,-832.6365,41.0,3759.133545,0.0,7518.306152,1.952036,,8.369085,0.836909,3e-06,2.263624,10.0,10.0,17.093091,0.0,17.093091,82.906909,61.858995,0.546619,24.254717
2026-08-18 03:28:26,21695.81,890367,4451,-710.9476,-845.0059,41.0,601.117493,0.0,1202.27356,1.928145,,9.601096,0.96011,4e-06,3.33848,10.0,10.0,12.485128,0.0,12.485128,87.514872,66.29943,0.570434,24.254717
2026-08-18 03:28:39,21708.47,890879,4454,-869.5038,-848.3009,41.0,967.895264,-0.0,1935.828735,1.907421,,10.73072,1.073072,4e-06,2.714297,10.0,10.0,14.233558,0.0,14.233558,85.766442,64.833276,0.576062,24.254717
2026-08-18 03:28:51,21721.08,891391,4456,117.5361,-839.4662,41.0,711.927124,-0.0,1423.891968,1.883834,,11.152735,1.115273,7e-06,0.86276,9.0,10.0,6.005833,0.0,6.005833,93.994167,71.958226,0.502914,24.254717
2026-08-18 03:29:04,21733.7,891903,4459,-1305.4718,-842.873,41.0,2380.035156,0.0,4760.10791,1.870595,,6.176337,0.617634,3e-06,2.328898,10.0,10.0,16.319877,0.0,16.319877,83.680123,62.049423,0.540267,24.254717
2026-08-18 03:29:17,21746.42,892415,4462,-2775.9417,-858.298,41.0,5251.244141,-0.0,10502.525391,1.85465,,5.773705,0.57737,5e-06,2.280242,10.0,10.0,27.884678,0.0,27.884678,72.115322,54.279101,0.59295,24.254717
2026-08-18 03:29:29,21759.21,892927,4464,-97.3915,-845.623,41.0,138.540665,-0.0,277.118011,1.834824,,8.335287,0.833529,6e-06,1.671569,10.0,10.0,6.196584,0.0,6.196584,93.803416,71.990178,0.577975,24.254717
2026-08-18 03:29:42,21771.84,893439,4467,-58.7839,-837.9938,41.0,262.511475,-0.0,525.059326,1.81748,,7.697102,0.76971,5e-06,0.901556,10.0,10.0,5.460663,0.0,5.460663,94.539337,72.281965,0.547386,24.254717
2026-08-18 03:29:55,21784.51,893951,4469,-1278.3236,-843.9093,41.0,1931.41394,-0.0,3862.864014,1.802791,,7.522996,0.7523,5e-06,2.908619,10.0,10.0,15.652914,0.0,15.652914,84.347086,63.423264,0.521606,24.254717
2026-08-18 03:30:07,21797.03,894463,4472,-1146.5978,-845.2126,41.0,1107.258179,-0.0,2214.552002,1.788193,,9.244034,0.924403,7e-06,1.267655,10.0,10.0,15.24108,0.0,15.24108,84.75892,64.351751,0.526426,24.254717
2026-08-18 03:30:20,21809.74,894975,4474,-962.0171,-852.9568,41.0,772.13324,-0.0,1544.302002,1.77755,,8.803036,0.880304,6e-06,2.09992,10.0,10.0,13.437985,0.0,13.437985,86.562015,64.987632,0.533844,24.254717
2026-08-18 03:30:33,21822.36,895487,4477,-1227.3793,-860.2661,41.0,1812.776489,-0.0,3625.588379,1.767169,,6.207165,0.620717,7e-06,2.216879,10.0,10.0,14.203449,0.0,14.203449,85.796551,63.51327,0.599818,24.254717
2026-08-18 03:30:45,21834.98,895999,4480,-544.6284,-849.3201,41.0,678.395386,-0.0,1356.825806,1.752193,,7.699658,0.769966,9e-06,1.928494,10.0,10.0,9.623409,0.0,9.623409,90.376591,68.505731,0.45461,24.254717
2026-08-18 03:30:58,21847.57,896511,4482,-760.0832,-860.3175,41.0,1508.000732,-0.0,3016.036377,1.745936,,11.090844,1.109084,8e-06,1.019904,10.0,10.0,13.045322,0.0,13.045322,86.954678,65.498294,0.504304,24.254717
2026-08-18 03:31:11,21860.36,897023,4485,-1664.5744,-863.8814,41.0,3848.362793,-0.0,7696.760254,1.736458,,9.604284,0.960428,8e-06,2.008053,10.0,10.0,19.59974,0.0,19.59974,80.40026,60.526132,0.530082,24.254717
2026-08-18 03:31:23,21872.94,897535,4487,-354.0956,-849.0452,41.0,569.70929,-0.0,1139.453125,1.729823,,5.634461,0.563446,8e-06,1.857186,10.0,10.0,6.579007,0.0,6.579007,93.420993,70.986543,0.652843,24.254717
2026-08-18 03:31:36,21885.59,898047,4490,-1203.5337,-836.5822,41.0,2086.225098,-0.0,4172.484863,1.726912,,4.201094,0.420109,1e-05,0.987621,10.0,10.0,12.508115,0.0,12.508115,87.491885,66.675972,0.693999,24.254717
2026-08-18 03:31:48,21898.24,898559,4492,-1442.6723,-855.4333,41.0,2694.409424,-0.0,5388.853516,1.721486,,7.223744,0.722374,1e-05,1.685294,10.0,10.0,16.209917,0.0,16.209917,83.790083,63.267144,0.501618,24.254717
2026-08-18 03:32:01,21911.02,899071,4495,-2483.2672,-879.3534,41.0,4004.217285,0.0,8008.46875,1.714628,,8.041281,0.804128,7e-06,3.866849,10.0,10.0,25.652853,0.0,25.652853,74.347147,54.697489,0.523766,24.254717
2026-08-18 03:32:14,21923.52,899583,4497,-624.5492,-876.3953,41.0,1737.2677,-0.0,3474.56958,1.707919,,8.796603,0.87966,1.1e-05,1.949056,10.0,10.0,10.756572,0.0,10.756572,89.243428,67.827533,0.540669,24.254717
2026-08-18 03:32:26,21935.97,900095,4500,172.4961,-867.2733,41.0,88.174561,-0.0,176.383163,1.702154,,6.101387,0.610139,1.1e-05,1.407512,10.0,10.0,2.609619,0.0,2.609619,97.390381,73.762112,0.654916,24.878909
2026-08-18 03:32:39,21948.45,900607,4503,-255.6671,-869.2308,41.0,374.28009,0.0,748.594238,1.702874,,9.20741,0.920741,0.701536,1.498448,10.0,10.0,7.861959,0.0,7.861959,92.138041,69.978577,0.542952,24.878909
2026-08-18 03:32:51,21961.1,901119,4505,-1284.2052,-871.6773,41.0,2243.618164,0.0,4487.270508,1.698229,,8.61073,0.861073,1.2e-05,2.838715,10.0,10.0,15.85511,0.0,15.85511,84.14489,62.801134,0.542624,24.878909
2026-08-18 03:33:04,21973.68,901631,4508,-1046.6081,-882.6951,41.0,840.418457,-0.0,1680.870972,1.703913,,6.708742,0.670874,8e-06,1.884749,10.0,10.0,12.562307,0.0,12.562307,87.437693,65.675805,0.545047,24.878909
2026-08-18 03:33:16,21986.28,902143,4510,-1376.8295,-903.5257,41.0,1416.768433,-0.0,2833.570801,1.700448,,4.415009,0.441501,8e-06,3.348349,10.0,10.0,14.140737,0.0,14.140737,85.859263,64.661818,0.643608,24.878909
2026-08-18 03:33:29,21998.75,902655,4513,-180.547,-898.8298,41.0,824.639587,-0.0,1649.31311,1.693855,,6.489141,0.648914,1.1e-05,1.259045,10.0,10.0,6.188528,0.0,6.188528,93.811472,70.427353,0.542597,24.878909
2026-08-18 03:33:42,22011.38,903167,4515,-2075.1519,-904.8036,41.0,3745.546143,-0.0,7491.126465,1.701327,,6.214776,0.621478,8e-06,2.395616,10.0,10.0,22.330686,0.0,22.330686,77.669314,58.709632,0.602037,24.878909
2026-08-18 03:33:54,22023.91,903679,4518,-321.8913,-900.1942,41.0,191.904144,0.0,383.842194,1.695376,,6.471888,0.647189,1e-05,1.205126,10.0,10.0,6.792977,0.0,6.792977,93.207023,70.909188,0.561647,24.878909
2026-08-18 03:34:07,22036.46,904191,4520,297.9237,-898.8846,41.0,130.457413,-0.0,260.94873,1.694666,,7.2832,0.72832,9e-06,0.535339,2.0,10.0,2.162362,0.0,2.162362,97.837638,75.300759,0.558302,24.878909
2026-08-18 03:34:19,22049.17,904703,4523,-1062.1038,-896.5347,41.0,1233.297974,-0.0,2466.629883,1.698642,,6.9052,0.69052,5e-06,2.708582,10.0,10.0,12.965294,0.0,12.965294,87.034706,65.38206,0.580277,24.878909
2026-08-18 03:34:32,22061.67,905215,4526,-1936.2576,-904.7448,41.0,5136.109375,-0.0,10272.25293,1.695771,,8.448084,0.844808,1.1e-05,1.42414,10.0,10.0,21.315117,0.0,21.315117,78.684883,58.762324,0.560639,24.878909
2026-08-18 03:34:44,22074.26,905727,4528,-803.1872,-909.7544,41.0,1467.018066,-0.0,2934.070068,1.696797,,8.621531,0.862153,8e-06,2.520792,10.0,10.0,12.125199,0.0,12.125199,87.874801,65.881978,0.598261,24.878909
2026-08-18 03:34:57,22086.8,906239,4531,-1640.9692,-916.6456,41.0,4064.947266,0.0,8129.928223,1.695985,,8.209863,0.820986,1.2e-05,1.243492,10.0,10.0,17.939419,0.0,17.939419,82.060581,61.861195,0.506837,24.878909
2026-08-18 03:35:10,22099.48,906751,4533,270.956,-907.687,41.0,304.942352,0.0,609.918579,1.693218,,11.324433,1.132443,1.586479,1.351059,10.0,10.0,4.761064,0.0,4.761064,95.238936,72.186823,0.515325,24.878909
2026-08-18 03:35:22,22112.08,907263,4536,-988.0005,-897.6063,41.0,1787.335571,0.0,3574.705078,1.694997,,8.747931,0.874793,1e-05,0.898081,10.0,10.0,13.099281,0.0,13.099281,86.900719,64.986315,0.527716,24.878909
2026-08-18 03:35:35,22124.82,907775,4538,-2720.2572,-913.5733,41.0,4481.643066,-0.0,8963.320312,1.700842,,10.029554,1.002955,0.174318,3.958327,10.0,10.0,28.23175,0.0,28.23175,71.76825,53.082218,0.537755,24.878909
2026-08-18 03:35:48,22137.45,908287,4541,-1279.2242,-925.5401,41.0,2330.166504,-0.0,4660.366699,1.693611,,9.635684,0.963568,1.2e-05,1.710248,10.0,10.0,16.033205,0.0,16.033205,83.966795,63.138693,0.532626,24.878909
2026-08-18 03:36:00,22150.06,908799,4544,-1498.0052,-940.8193,41.0,1494.402832,0.0,2988.8396,1.698375,,8.103368,0.810337,1e-05,1.824664,10.0,10.0,16.855414,0.0,16.855414,83.144586,63.046795,0.521375,24.878909
2026-08-18 03:36:13,22162.65,909311,4546,-1609.4811,-948.4729,41.0,3111.844727,0.0,6223.723633,1.703577,,6.638488,0.663849,8e-06,1.370654,10.0,10.0,16.770174,0.0,16.770174,83.229826,62.764853,0.527651,24.878909
2026-08-18 03:36:26,22175.34,909823,4549,-653.0991,-955.4496,41.0,719.38147,0.0,1438.796875,1.697771,,8.039842,0.803984,8e-06,2.946854,10.0,10.0,10.53558,0.0,10.53558,89.46442,67.216163,0.553897,24.878909
2026-08-18 03:36:38,22187.92,910335,4551,-806.8867,-961.6794,41.0,1473.132812,-0.0,2946.299561,1.702058,,7.548836,0.754884,1.2e-05,1.899558,10.0,10.0,11.245779,0.0,11.245779,88.754221,66.683105,0.505915,24.878909
2026-08-18 03:36:51,22200.47,910847,4554,237.2843,-934.5398,41.0,73.478165,-0.0,146.990372,1.702037,,8.058214,0.805821,7e-06,0.847945,10.0,10.0,3.234677,0.0,3.234677,96.765323,73.497224,0.435922,24.878909
2026-08-18 03:37:03,22213.05,911359,4556,-355.7518,-939.6309,41.0,1158.052002,0.0,2316.137939,1.701677,,9.696099,0.96961,0.517462,1.856048,10.0,10.0,8.823587,0.0,8.823587,91.176413,69.113423,0.490877,24.878909
2026-08-18 03:37:16,22225.44,911871,4559,-493.7096,-926.9724,41.0,1405.087036,-0.0,2810.208252,1.707628,,10.520733,1.052073,1.2e-05,0.827504,10.0,10.0,10.495553,0.0,10.495553,89.504447,67.499036,0.470901,24.878909
2026-08-18 03:37:28,22238.06,912383,4561,-1722.7565,-936.8761,41.0,2515.565186,-0.0,5031.164551,1.711104,,9.82573,0.982573,9e-06,3.522942,10.0,10.0,20.148416,0.0,20.148416,79.851584,59.770922,0.551832,24.878909
2026-08-18 03:37:41,22250.79,912895,4564,-312.3162,-920.6151,41.0,416.081665,-0.0,832.197571,1.711942,,9.52459,0.952459,1e-05,1.498186,10.0,10.0,8.391749,0.0,8.391749,91.608251,69.296054,0.487541,25.447011
2026-08-18 03:37:54,22263.39,913407,4567,-337.2984,-904.1021,41.0,503.6138,-0.0,1007.261902,1.7153,,12.917346,1.291735,1.3e-05,1.445001,10.0,10.0,10.447402,0.0,10.447402,89.552598,67.65744,0.512744,25.447011
2026-08-18 03:38:06,22276.03,913919,4569,-1558.9047,-901.5543,41.0,5153.912598,-0.0,10307.859375,1.722905,,11.068636,1.106864,1.1e-05,2.584915,10.0,10.0,24.846558,0.0,24.846558,75.153442,56.449242,0.57972,25.447011
2026-08-18 03:38:19,22288.77,914431,4572,-201.2669,-892.0281,41.0,213.884674,-0.0,427.803802,1.721961,,8.852977,0.885298,1.2e-05,1.912232,10.0,10.0,7.138846,0.0,7.138846,92.861154,70.214295,0.536047,25.447011
2026-08-18 03:38:32,22301.36,914943,4574,439.2477,-887.6997,41.0,104.633797,0.0,209.302078,1.724133,,7.137005,0.7137,1.1e-05,0.868918,9.0,10.0,0.974266,0.0,0.974266,99.025734,75.191896,0.554371,25.447011
2026-08-18 03:38:44,22314.1,915455,4577,-916.8369,-886.7305,41.0,1238.396973,0.0,2476.828613,1.737222,,10.143963,1.014396,8e-06,2.709405,10.0,10.0,13.488375,0.0,13.488375,86.511625,64.251569,0.514578,25.447011
2026-08-18 03:38:57,22326.68,915967,4579,-1160.8762,-907.1362,41.0,1910.427979,-0.0,3820.890625,1.737955,,8.029806,0.802981,0.500524,2.178598,10.0,10.0,14.06305,0.0,14.06305,85.93695,65.227726,0.540548,25.447011
2026-08-18 03:39:09,22339.27,916479,4582,-1126.3672,-924.3892,41.0,2248.77417,0.0,4497.583496,1.74562,,4.533701,0.45337,1.1e-05,1.439429,10.0,10.0,11.732878,0.0,11.732878,88.267122,66.936969,0.619617,25.447011
2026-08-18 03:39:22,22351.79,916991,4584,91.98,-911.381,41.0,33.359795,-0.0,66.754448,1.742902,,6.555732,0.655573,1e-05,1.273186,10.0,10.0,3.442864,0.0,3.442864,96.557136,73.652166,0.530438,25.447011
2026-08-18 03:39:34,22364.23,917503,4587,-235.5727,-898.9728,41.0,396.397247,-0.0,792.82959,1.753561,,9.544847,0.954485,1e-05,1.06676,10.0,10.0,7.589096,0.0,7.589096,92.410904,69.851232,0.49662,25.447011
2026-08-18 03:39:47,22376.79,918015,4590,-674.6349,-894.1882,41.0,504.874756,0.0,1009.784851,1.765665,,10.614845,1.061485,1.1e-05,0.874021,10.0,10.0,11.66185,0.0,11.66185,88.33815,66.891685,0.485142,25.447011
2026-08-18 03:40:00,22389.4,918527,4592,-529.484,-890.3362,41.0,2052.796387,-0.0,4105.628418,1.776263,,10.812761,1.081276,8e-06,1.498748,10.0,10.0,10.750111,0.0,10.750111,89.249889,67.210845,0.549455,25.447011
2026-08-18 03:40:12,22401.98,919039,4595,-355.7958,-890.4883,41.0,573.910217,0.0,1147.856079,1.783889,,11.744211,1.174421,1.2e-05,0.878607,9.0,10.0,9.500445,0.0,9.500445,90.499555,68.594544,0.566918,25.447011
2026-08-18 03:40:25,22414.49,919551,4597,602.188,-886.7604,41.0,200.353851,0.0,400.743378,1.783072,,9.480635,0.948063,1e-05,1.170412,9.0,10.0,1.027297,0.0,1.027297,98.972703,75.41445,0.545883,25.447011
2026-08-18 03:40:37,22427.13,920063,4600,-644.765,-888.4473,41.0,1297.193359,-0.0,2594.422607,1.800519,,8.787288,0.878729,1.2e-05,2.348986,10.0,10.0,10.451609,0.0,10.451609,89.548391,66.789882,0.543585,25.447011
2026-08-18 03:40:50,22439.77,920575,4602,-1479.4796,-912.8404,41.0,2576.481934,0.0,5153.0,1.81503,,8.83763,0.883763,8e-06,2.68637,10.0,10.0,16.821039,0.0,16.821039,83.178961,62.579607,0.534764,25.447011
2026-08-18 03:41:03,22452.33,921087,4605,288.2533,-908.0884,41.0,933.320251,-0.0,1866.676636,1.809505,,11.457031,1.145703,9e-06,1.112861,9.0,10.0,4.412943,0.0,4.412943,95.587057,72.156745,0.522576,25.447011
2026-08-18 03:41:15,22464.94,921599,4608,-2289.8904,-916.4383,41.0,3937.571533,-0.0,7875.179688,1.83293,,8.585439,0.858544,0.144253,3.100029,10.0,10.0,23.48552,0.0,23.48552,76.51448,57.153906,0.555732,25.447011
2026-08-18 03:41:28,22477.51,922111,4610,-2286.1982,-925.1446,41.0,3500.550049,0.0,7001.136719,1.834481,,5.924725,0.592472,1e-05,2.205255,10.0,10.0,21.615891,0.0,21.615891,78.384109,58.582695,0.617139,25.447011
2026-08-18 03:41:40,22489.96,922623,4613,493.0762,-917.2663,41.0,200.334015,0.0,400.70459,1.827513,,9.317866,0.931787,1e-05,0.415664,2.0,10.0,1.522236,0.0,1.522236,98.477764,75.094573,0.61898,25.447011
2026-08-18 03:41:53,22502.57,923135,4615,-2932.249,-946.3005,41.0,5286.063477,0.0,10572.164062,1.856168,,7.041656,0.704166,1e-05,3.354004,10.0,10.0,27.889865,0.0,27.889865,72.110135,53.524651,0.543638,25.447011
2026-08-18 03:42:05,22515.17,923647,4618,-2627.6538,-954.134,41.0,4857.589844,-0.0,9715.216797,1.855396,,6.218581,0.621858,1.2e-05,2.62035,10.0,10.0,25.056596,0.0,25.056596,74.943404,55.950164,0.604988,25.447011
2026-08-18 03:42:18,22527.95,924159,4620,-856.0711,-955.2486,41.0,686.311707,0.0,1372.660522,1.855737,,6.69857,0.669857,1.2e-05,3.143681,10.0,10.0,11.312802,0.0,11.312802,88.687198,66.702926,0.57417,25.447011
2026-08-18 03:42:31,22540.68,924671,4623,-645.9541,-943.2639,41.0,1243.058472,-0.0,2486.154297,1.864426,,6.860637,0.686064,8e-06,1.331818,10.0,10.0,9.31987,0.0,9.31987,90.68013,68.067192,0.583909,25.447011
2026-08-18 03:42:44,22553.31,925183,4625,-1502.0818,-954.6922,41.0,3239.080811,0.0,6478.199219,1.879468,,7.296013,0.729601,8e-06,1.535037,10.0,10.0,16.296005,0.0,16.296005,83.703995,63.314371,0.515899,25.937096
2026-08-18 03:42:56,22566.13,925695,4628,-2461.3952,-971.1177,41.0,4110.124023,-0.0,8220.286133,1.895372,,9.426891,0.942689,8e-06,2.818807,10.0,10.0,24.291966,0.0,24.291966,75.708034,55.517936,0.536175,25.937096
2026-08-18 03:43:09,22578.8,926207,4631,-1821.1808,-966.94,41.0,4027.640381,-0.0,8055.318848,1.896664,,8.44711,0.844711,9e-06,2.089101,10.0,10.0,19.380453,0.0,19.380453,80.619547,61.085532,0.532602,25.937096
2026-08-18 03:43:22,22591.4,926719,4633,-360.7529,-970.7854,41.0,2066.118652,0.0,4132.274902,1.891526,,8.206427,0.820643,1.1e-05,0.663176,8.0,10.0,7.544867,0.0,7.544867,92.455133,70.213089,0.530621,25.937096
2026-08-18 03:43:34,22603.85,927231,4636,-328.0779,-972.7021,41.0,1172.855469,-0.0,2345.749268,1.911333,,5.561846,0.556185,1e-05,0.970919,7.0,10.0,5.851689,0.0,5.851689,94.148311,72.313507,0.598632,25.937096
2026-08-18 03:43:47,22616.53,927743,4638,-1167.1369,-960.4735,41.0,2106.780273,0.0,4213.599121,1.925298,,6.096083,0.609608,9e-06,1.863104,10.0,10.0,12.621188,0.0,12.621188,87.378812,65.701728,0.576306,25.937096
2026-08-18 03:43:59,22629.07,928255,4641,-1975.8299,-983.1554,41.0,5095.270508,0.0,10190.580078,1.949785,,5.300228,0.530023,1.3e-05,1.48252,10.0,10.0,21.135166,0.0,21.135166,78.864834,58.712567,0.601898,25.937096
2026-08-18 03:44:12,22641.81,928767,4643,-4169.4636,-1005.1945,41.0,9218.162109,-0.0,18436.363281,1.996222,,4.240418,0.424042,7e-06,5.050739,10.0,10.0,37.898588,0.0,37.898588,62.101412,45.574951,0.582264,25.937096
2026-08-18 03:44:25,22654.32,929279,4646,-1334.2272,-1006.4114,41.0,2774.149414,-0.0,5548.338379,1.97754,,8.436531,0.843653,1e-05,1.170861,10.0,10.0,15.168984,0.0,15.168984,84.831016,64.221729,0.549927,25.937096
2026-08-18 03:44:37,22666.83,929791,4648,-463.8094,-1001.4932,41.0,238.990707,-0.0,478.02121,1.989686,,11.016325,1.101633,0.792526,1.100476,10.0,10.0,10.103706,0.0,10.103706,89.896294,68.621951,0.49392,25.937096
2026-08-18 03:44:50,22679.43,930303,4651,-638.1406,-1005.9566,41.0,1150.747681,-0.0,2301.535645,2.014211,,10.545845,1.054585,1e-05,2.036394,10.0,10.0,11.210012,0.0,11.210012,88.789988,66.903708,0.508241,25.937096
2026-08-18 03:45:02,22691.91,930815,4654,-144.3199,-1009.8304,41.0,1220.213013,0.0,2440.466553,2.022778,,10.039937,1.003994,8e-06,1.154473,10.0,10.0,7.19564,0.0,7.19564,92.80436,70.799989,0.494287,25.937096
2026-08-18 03:45:15,22704.69,931327,4656,-2029.9014,-999.5738,41.0,2327.047607,-0.0,4654.136719,2.077933,,8.869098,0.88691,5e-06,3.208895,10.0,10.0,20.87945,0.0,20.87945,79.12055,59.367742,0.527429,25.937096
2026-08-18 03:45:28,22717.33,931839,4659,-402.667,-991.7593,41.0,646.496704,0.0,1293.03479,2.072018,,9.138454,0.913845,9e-06,1.935247,10.0,10.0,8.942056,0.0,8.942056,91.057944,68.809758,0.550815,25.937096
2026-08-18 03:45:40,22729.9,932351,4661,-1910.6305,-995.5726,41.0,2986.906982,-0.0,5973.856445,2.117828,,5.485142,0.548514,7e-06,2.759953,10.0,10.0,18.414339,0.0,18.414339,81.585661,61.827993,0.614255,25.937096
2026-08-18 03:45:53,22742.44,932863,4664,-96.2038,-988.7534,41.0,93.652351,0.0,187.346909,2.110599,,4.537431,0.453743,1e-05,1.204097,9.0,10.0,3.542488,0.0,3.542488,96.457512,72.98913,0.642999,25.937096
2026-08-18 03:46:05,22755.15,933375,4666,-1057.3865,-984.245,41.0,1743.116821,-0.0,3486.276611,2.145195,,5.782231,0.578223,9e-06,1.390988,10.0,10.0,11.693157,0.0,11.693157,88.306843,67.091947,0.584447,25.937096
2026-08-18 03:46:18,22767.66,933887,4669,-1633.6266,-999.4831,41.0,1964.109863,-0.0,3928.263428,2.190256,,10.369155,1.036916,9e-06,1.543415,10.0,10.0,18.744302,0.0,18.744302,81.255698,60.917968,0.542968,25.937096
2026-08-18 03:46:30,22780.24,934399,4672,-1087.0765,-995.94,41.0,1154.25708,-0.0,2308.55835,2.214543,,12.657893,1.265789,5e-06,2.578813,10.0,10.0,15.978825,0.0,15.978825,84.021175,63.003523,0.569117,25.937096
2026-08-18 03:46:43,22792.72,934911,4674,-1475.6364,-995.9074,41.0,1900.949951,-0.0,3801.94458,2.233372,,10.624812,1.062481,7e-06,1.810305,10.0,10.0,17.741083,0.0,17.741083,82.258917,61.320737,0.512723,25.937096
2026-08-18 03:46:56,22805.46,935423,4677,-2532.4134,-1010.0301,41.0,3670.117188,-0.0,7340.279785,2.269341,,7.184728,0.718473,7e-06,2.343265,10.0,10.0,23.42319,0.0,23.42319,76.57681,57.629581,0.556093,25.937096
2026-08-18 03:47:08,22818.07,935935,4679,-904.5465,-991.5068,41.0,1133.190308,-0.0,2266.426025,2.266669,,4.43946,0.443946,8e-06,1.835182,10.0,10.0,9.845574,0.0,9.845574,90.154426,68.795729,0.674248,25.937096
2026-08-18 03:47:21,22830.61,936447,4682,-1356.7306,-992.9895,41.0,3042.710205,0.0,6085.466309,2.290851,,6.372247,0.637225,8e-06,1.794938,10.0,10.0,14.405674,0.0,14.405674,85.594326,64.149708,0.623819,25.937096
2026-08-18 03:47:33,22843.28,936959,4684,-573.5804,-1000.6995,41.0,973.264343,0.0,1946.574829,2.307057,,12.130358,1.213036,8e-06,1.442986,10.0,10.0,11.083045,0.0,11.083045,88.916955,67.370405,0.554185,25.937096
2026-08-18 03:47:46,22856.0,937471,4687,-1925.587,-995.4575,41.0,2974.727051,-0.0,5949.500977,2.335521,,9.894732,0.989473,7e-06,2.038074,10.0,10.0,20.568949,0.0,20.568949,79.431051,59.757449,0.49377,25.937096
2026-08-18 03:47:59,22868.5,937983,4689,727.9637,-989.3103,41.0,334.203003,-0.0,668.452515,2.324832,,9.653735,0.965373,8e-06,0.41264,2.0,5.0,0.0,0.0,0.0,100.0,76.677392,0.553261,26.803848
2026-08-18 03:48:11,22881.07,938495,4692,-80.5596,-987.0911,41.0,446.929108,-0.0,893.90509,2.343577,,7.72713,0.772713,6e-06,1.596445,10.0,10.0,5.151579,0.0,5.151579,94.848421,71.396328,0.594711,26.803848
2026-08-18 03:48:24,22893.65,939007,4695,-2.8352,-985.7952,41.0,75.489784,0.0,151.026611,2.352507,,9.112577,0.911258,1e-05,2.224908,10.0,10.0,5.49156,0.0,5.49156,94.50844,70.554895,0.514247,26.803848
2026-08-18 03:48:36,22906.12,939519,4697,-141.1676,-978.393,41.0,581.952942,-0.0,1163.953125,2.359847,,12.473991,1.247399,6e-06,1.958414,10.0,10.0,8.103562,0.0,8.103562,91.896438,68.599078,0.556748,26.803848
2026-08-18 03:48:49,22918.7,940031,4700,-743.5221,-987.0091,41.0,833.478088,-0.0,1667.00354,2.365963,,11.463511,1.146351,6e-06,1.930983,10.0,10.0,12.286803,0.0,12.286803,87.713197,65.907381,0.529678,26.803848
2026-08-18 03:49:01,22931.28,940543,4702,754.9943,-960.6885,41.0,361.140045,-0.0,722.327393,2.365827,,11.720638,1.172064,6e-06,1.391687,7.0,10.0,1.041081,0.0,1.041081,98.958919,75.941815,0.467812,26.803848
2026-08-18 03:49:14,22943.91,941055,4705,165.6633,-944.5289,41.0,44.606045,-0.0,89.259453,2.368206,,8.588703,0.85887,8e-06,1.571178,10.0,10.0,3.837077,0.0,3.837077,96.162923,73.07129,0.516908,26.803848
2026-08-18 03:49:27,22956.58,941567,4707,-165.0012,-939.0695,41.0,785.166077,0.0,1570.379517,2.369797,,9.29123,0.929123,9e-06,1.570475,10.0,10.0,6.630002,0.0,6.630002,93.369998,71.274174,0.538836,26.803848
2026-08-18 03:49:39,22969.12,942079,4710,127.054,-929.1039,41.0,135.166397,0.0,270.380219,2.371461,,9.76184,0.976184,8e-06,1.828418,10.0,10.0,4.664932,0.0,4.664932,95.335068,72.836719,0.538441,26.803848
2026-08-18 03:49:52,22981.75,942591,4712,469.8316,-925.5809,41.0,229.94191,0.0,459.931244,2.37168,,9.632174,0.963217,5e-06,1.580583,8.0,10.0,2.096687,0.0,2.096687,97.903313,75.059059,0.506744,26.803848
2026-08-18 03:50:05,22994.47,943103,4715,244.3246,-910.083,41.0,125.649742,0.0,251.346878,2.369897,,5.691918,0.569192,7e-06,1.258184,8.0,10.0,1.566535,0.0,1.566535,98.433465,75.017361,0.653645,26.803848
2026-08-18 03:50:17,23007.19,943615,4718,144.3905,-880.8796,41.0,84.913025,0.0,169.873444,2.369608,,6.397932,0.639793,9e-06,1.216235,9.0,10.0,2.793663,0.0,2.793663,97.206337,73.667961,0.575865,26.803848
2026-08-18 03:50:30,23019.88,944127,4720,-2275.8802,-902.6645,41.0,3146.846436,0.0,6293.740234,2.372123,,5.594574,0.559457,8e-06,2.155113,10.0,10.0,20.247339,0.0,20.247339,79.752661,60.400761,0.556011,26.803848
2026-08-18 03:50:43,23032.51,944639,4723,-1957.1219,-921.6479,41.0,4499.665039,0.0,8999.37793,2.369859,,6.435044,0.643504,6e-06,2.163096,10.0,10.0,20.436467,0.0,20.436467,79.563533,59.78134,0.548925,26.803848
2026-08-18 03:50:55,23045.1,945151,4725,-1117.657,-920.0412,41.0,1341.380615,0.0,2682.808594,2.372194,,7.09645,0.709645,6e-06,2.43604,10.0,10.0,12.68694,0.0,12.68694,87.31306,66.413026,0.581294,26.803848
2026-08-18 03:51:08,23057.65,945663,4728,-864.2713,-917.218,41.0,1139.865234,0.0,2279.777832,2.368813,,8.796455,0.879645,7e-06,1.531084,10.0,10.0,11.154893,0.0,11.154893,88.845107,66.965213,0.597188,26.803848
2026-08-18 03:51:20,23070.29,946175,4730,-1217.0821,-919.7686,41.0,1726.951782,0.0,3453.950928,2.371305,,7.911264,0.791126,6e-06,2.637116,10.0,10.0,13.786134,0.0,13.786134,86.213866,65.025333,0.552134,26.803848
2026-08-18 03:51:33,23082.96,946687,4733,-245.5632,-909.9505,41.0,450.581085,0.0,901.209595,2.371808,,7.189701,0.71897,8e-06,1.714558,10.0,10.0,5.936661,0.0,5.936661,94.063339,71.278727,0.56226,26.803848
2026-08-18 03:51:46,23095.6,947199,4736,-1168.427,-916.1884,41.0,2385.244385,-0.0,4770.536133,2.368622,,6.303639,0.630364,8e-06,1.07391,10.0,10.0,12.240361,0.0,12.240361,87.759639,66.531583,0.552211,26.803848
2026-08-18 03:51:58,23108.24,947711,4738,-1053.4163,-919.1218,41.0,2155.772949,0.0,4311.593262,2.370222,,5.211158,0.521116,8e-06,1.734857,10.0,10.0,11.145846,0.0,11.145846,88.854154,67.139914,0.620207,26.803848
2026-08-18 03:52:11,23120.84,948223,4741,-287.0637,-905.3467,41.0,175.395035,-0.0,350.837555,2.374784,,6.115554,0.611555,7e-06,2.415709,10.0,10.0,6.026931,0.0,6.026931,93.973069,69.967876,0.580375,26.803848
2026-08-18 03:52:24,23133.55,948735,4743,-2922.5261,-931.031,41.0,5748.55127,-0.0,11497.149414,2.358729,,5.648342,0.564834,8e-06,3.206648,10.0,10.0,28.297633,0.0,28.297633,71.702367,54.433687,0.564979,26.803848
2026-08-18 03:52:36,23146.16,949247,4746,-2452.3853,-943.5195,41.0,3524.759277,0.0,7049.565918,2.361215,,6.58551,0.658551,7e-06,3.914144,10.0,10.0,22.367547,0.0,22.367547,77.632453,57.649492,0.573377,26.803848
2026-08-18 03:52:49,23158.76,949759,4748,-159.3133,-930.6859,41.0,1096.763306,-0.0,2193.573975,2.36925,,12.922018,1.292202,6e-06,2.867442,10.0,10.0,8.989534,0.0,8.989534,91.010466,69.487909,0.488536,26.803848
2026-08-18 03:53:01,23171.27,950271,4751,-500.2095,-910.8553,41.0,1090.069458,-0.0,2180.186279,2.369008,,9.567863,0.956786,8e-06,2.053348,10.0,10.0,9.058621,0.0,9.058621,90.941379,68.880489,0.465501,26.870904
2026-08-18 03:53:14,23183.8,950783,4753,-189.6294,-906.5061,41.0,80.528343,-0.0,161.104126,2.372187,,5.743076,0.574308,5e-06,2.02022,10.0,10.0,4.97202,0.0,4.97202,95.02798,71.964012,0.616199,26.870904
2026-08-18 03:53:26,23196.31,951295,4756,-314.9267,-911.3804,41.0,284.591644,-0.0,569.230713,2.370867,,5.122072,0.512207,7e-06,1.788103,10.0,10.0,5.612348,0.0,5.612348,94.387652,71.361816,0.605566,26.870904
2026-08-18 03:53:39,23208.78,951807,4759,266.2121,-906.1616,41.0,116.143593,0.0,232.334595,2.3701,,6.323723,0.632372,5e-06,1.679647,8.0,10.0,1.709045,0.0,1.709045,98.290955,75.006651,0.572244,26.870904
2026-08-18 03:53:52,23221.38,952319,4761,-1262.9642,-905.9491,41.0,1975.561035,-0.0,3951.169189,2.356293,,4.927345,0.492735,8e-06,2.254135,10.0,10.0,12.477877,0.0,12.477877,87.522123,65.887731,0.625901,26.870904
2026-08-18 03:54:04,23233.98,952831,4764,-546.8934,-900.952,41.0,461.158569,0.0,922.364258,2.356034,,5.912194,0.591219,5e-06,2.765317,10.0,10.0,7.85922,0.0,7.85922,92.14078,68.885722,0.542235,26.870904
2026-08-18 03:54:17,23246.62,953343,4766,-2195.8871,-909.1426,41.0,2949.256592,-0.0,5898.560059,2.33367,,8.547624,0.854762,9e-06,2.263305,10.0,10.0,20.988673,0.0,20.988673,79.011327,60.035444,0.508437,26.870904
2026-08-18 03:54:29,23259.29,953855,4769,-704.7375,-914.3845,41.0,381.278717,-0.0,762.604431,2.349641,,8.071668,0.807167,9e-06,1.94665,10.0,10.0,9.956901,0.0,9.956901,90.043099,67.809948,0.523266,26.870904
2026-08-18 03:54:42,23271.94,954367,4771,-1895.0257,-912.5832,41.0,4201.438965,0.0,8402.924805,2.335457,,6.94909,0.694909,7e-06,2.404598,10.0,10.0,21.099922,0.0,21.099922,78.900078,59.63383,0.564029,26.870904
2026-08-18 03:54:55,23284.6,954879,4774,-997.3348,-919.3377,41.0,1010.355896,-0.0,2020.758667,2.34428,,5.539774,0.553977,6e-06,2.583135,10.0,10.0,10.799651,0.0,10.799651,89.200349,66.780461,0.594255,26.870904
2026-08-18 03:55:07,23297.24,955391,4776,-2974.4653,-952.0615,41.0,6310.994629,0.0,12622.035156,2.316078,,3.531922,0.353192,8e-06,3.859795,10.0,10.0,30.265644,0.0,30.265644,69.734356,51.476747,0.704124,26.870904
2026-08-18 03:55:20,23309.79,955903,4779,-615.8172,-947.5987,41.0,537.2229,-0.0,1074.492798,2.349978,,5.998811,0.599881,8e-06,2.204344,10.0,10.0,8.294683,0.0,8.294683,91.705317,69.095156,0.631928,26.870904
2026-08-18 03:55:33,23322.46,956415,4782,-1148.1259,-939.7174,41.0,1511.25769,-0.0,3022.562256,2.341311,,5.998506,0.599851,9e-06,3.117826,10.0,10.0,12.360001,0.0,12.360001,87.639999,66.800601,0.661218,26.870904
2026-08-18 03:55:45,23334.98,956927,4784,477.3621,-926.9119,41.0,173.558731,0.0,347.164856,2.369962,,6.354587,0.635459,9e-06,0.361326,2.0,3.0,0.0,0.0,0.0,100.0,77.246489,0.622429,26.870904
2026-08-18 03:55:58,23347.49,957439,4787,318.2704,-907.3195,41.0,118.310928,0.0,236.669022,2.3579,,5.967962,0.596796,7e-06,1.253502,7.0,10.0,1.14227,0.0,1.14227,98.85773,75.644383,0.591489,26.870904
2026-08-18 03:56:10,23360.27,957951,4789,-711.5009,-917.144,41.0,804.637634,0.0,1609.322021,2.335987,,6.87218,0.687218,7e-06,1.790177,10.0,10.0,9.307802,0.0,9.307802,90.692198,69.609004,0.526695,26.870904
2026-08-18 03:56:22,23372.25,958463,4792,-1136.9249,-918.6333,41.0,833.888062,-0.0,1667.822632,2.324323,,7.289899,0.72899,9e-06,2.53286,10.0,10.0,12.733605,0.0,12.733605,87.266395,64.986744,0.51162,26.870904
2026-08-18 03:56:35,23384.46,958975,4794,-794.3562,-899.3743,41.0,1116.399902,-0.0,2232.846191,2.324644,,9.648783,0.964878,7e-06,2.740279,10.0,10.0,11.617045,0.0,11.617045,88.382955,66.855241,0.516912,26.870904
2026-08-18 03:56:47,23396.68,959487,4797,-109.5733,-887.6778,41.0,689.903076,0.0,1379.853027,2.345629,,7.891992,0.789199,9e-06,1.809645,10.0,10.0,5.499863,0.0,5.499863,94.500137,70.957657,0.549471,26.870904
2026-08-18 03:56:59,23409.01,959999,4800,-2510.9148,-897.8069,41.0,6010.620117,-0.0,12021.286133,2.29986,,5.491901,0.54919,9e-06,3.708349,10.0,10.0,30.469254,0.0,30.469254,69.530746,51.880586,0.522427,26.870904
2026-08-18 03:57:11,23421.22,960511,4802,-1769.1692,-899.4037,41.0,3702.796387,0.0,7405.63916,2.322533,,4.7591,0.47591,8e-06,2.415078,10.0,10.0,17.609619,0.0,17.609619,82.390381,61.610994,0.657923,26.870904
2026-08-18 03:57:24,23433.34,961023,4805,656.2579,-886.3102,41.0,315.954742,0.0,631.956482,2.351282,,9.207461,0.920746,8e-06,1.133453,5.0,8.0,0.297848,0.0,0.297848,99.702152,75.319477,0.483756,26.870904
2026-08-18 03:57:36,23445.48,961535,4807,-692.3086,-885.1644,41.0,1567.688599,-0.0,3135.423828,2.335929,,8.023097,0.80231,8e-06,1.845449,10.0,10.0,9.888714,0.0,9.888714,90.111286,68.85947,0.495089,26.870904
2026-08-18 03:57:48,23457.78,962047,4810,-239.8398,-889.9356,41.0,437.378021,0.0,874.802917,2.342758,,7.035488,0.703549,7e-06,2.01133,10.0,10.0,6.02248,0.0,6.02248,93.97752,70.6653,0.513882,26.870904
2026-08-18 03:58:00,23469.83,962559,4812,-335.4605,-889.7327,41.0,672.580383,0.0,1345.207397,2.331416,,11.184703,1.11847,9e-06,1.534136,9.0,10.0,8.959554,0.0,8.959554,91.040446,69.734949,0.455694,27.171153
2026-08-18 03:58:12,23482.07,963071,4815,-107.0391,-885.866,41.0,456.667694,0.0,913.382263,2.343218,,8.10912,0.810912,8e-06,1.915411,9.0,10.0,5.289594,0.0,5.289594,94.710406,70.983114,0.544428,27.171153
2026-08-18 03:58:25,23494.34,963583,4817,-641.2615,-875.0511,41.0,728.011841,0.0,1456.070557,2.346299,,7.302464,0.730246,1e-05,2.181721,10.0,10.0,9.03405,0.0,9.03405,90.96595,69.449459,0.574718,27.171153
2026-08-18 03:58:37,23506.5,964095,4820,-1014.0557,-882.0685,41.0,1386.595581,0.0,2773.238037,2.343727,,5.199508,0.519951,7e-06,2.329907,10.0,10.0,10.498579,0.0,10.498579,89.501421,67.121729,0.623843,27.171153
2026-08-18 03:58:49,23518.78,964607,4823,-1628.568,-894.9812,41.0,1767.345581,0.0,3534.737549,2.319457,,6.858366,0.685837,7e-06,2.628968,10.0,10.0,16.397103,0.0,16.397103,83.602897,63.31255,0.555128,27.171153
2026-08-18 03:59:01,23531.09,965119,4825,196.6257,-877.4259,41.0,363.113129,0.0,726.273438,2.357877,,9.532848,0.953285,9e-06,1.218261,9.0,10.0,4.115441,0.0,4.115441,95.884559,73.317022,0.50927,27.171153
2026-08-18 03:59:13,23543.3,965631,4828,264.6494,-872.7667,41.0,89.790756,0.0,179.628738,2.36142,,5.280072,0.528007,6e-06,1.958478,8.0,10.0,1.176447,0.0,1.176447,98.823553,73.804609,0.613259,27.171153
2026-08-18 03:59:26,23555.55,966143,4830,-708.3076,-884.2422,41.0,431.245239,0.0,862.537537,2.35421,,6.34832,0.634832,8e-06,2.409379,10.0,10.0,9.006031,0.0,9.006031,90.993969,69.009056,0.551118,27.171153
2026-08-18 03:59:38,23567.7,966655,4833,40.8068,-874.6658,41.0,395.454803,-0.0,790.956787,2.358324,,10.908261,1.090826,9e-06,0.73036,5.0,10.0,5.71319,0.0,5.71319,94.28681,72.295868,0.496982,27.171153
2026-08-18 03:59:50,23579.95,967167,4835,-316.2228,-866.2193,41.0,598.473511,-0.0,1196.994019,2.350287,,12.034889,1.203489,9e-06,2.462819,10.0,10.0,9.164541,0.0,9.164541,90.835459,69.040594,0.537497,27.171153
2026-08-18 04:00:02,23592.08,967679,4838,12.9135,-854.8265,41.0,161.498825,0.0,323.045013,2.368501,,8.166742,0.816674,1e-05,1.063762,7.0,10.0,4.399639,0.0,4.399639,95.600361,72.86694,0.53687,27.171153
2026-08-18 04:00:14,23604.2,968191,4840,-3.4832,-855.7811,41.0,434.596863,0.0,869.241028,2.365675,,7.280534,0.728053,9e-06,1.524478,9.0,10.0,4.261741,0.0,4.261741,95.738259,72.909451,0.581771,27.171153
2026-08-18 04:00:27,23616.34,968703,4843,-1741.8077,-870.8434,41.0,2532.0896,-0.0,5064.226074,2.342328,,5.80203,0.580203,8e-06,3.759282,10.0,10.0,16.385567,0.0,16.385567,83.614433,61.824794,0.567708,27.171153
2026-08-18 04:00:39,23628.54,969215,4846,-612.8406,-870.2255,41.0,854.511414,0.0,1709.069946,2.358243,,8.569551,0.856955,8e-06,2.079239,10.0,10.0,9.424922,0.0,9.424922,90.575078,68.637607,0.56141,27.171153
2026-08-18 04:00:51,23640.64,969727,4848,-424.6423,-869.1771,41.0,511.235992,0.0,1022.519226,2.363455,,8.482208,0.848221,6e-06,2.670566,10.0,10.0,8.035021,0.0,8.035021,91.964979,69.38815,0.553394,27.171153
2026-08-18 04:01:03,23652.74,970239,4851,-541.3501,-871.0326,41.0,1143.741455,0.0,2287.530029,2.350299,,10.230117,1.023012,1e-05,1.383921,9.0,10.0,9.433877,0.0,9.433877,90.566123,68.162122,0.593007,27.171153
2026-08-18 04:01:15,23664.85,970751,4853,-41.3209,-877.4677,41.0,724.657349,0.0,1449.361694,2.352505,,10.517671,1.051767,8e-06,1.754164,10.0,10.0,6.2565,0.0,6.2565,93.7435,71.89616,0.576928,27.171153
2026-08-18 04:01:27,23676.95,971263,4856,298.4197,-868.0359,41.0,236.23172,0.0,472.51059,2.357783,,5.90624,0.590624,8e-06,1.03817,7.0,10.0,1.225155,0.0,1.225155,98.774845,74.547873,0.615332,27.171153
2026-08-18 04:01:39,23689.15,971775,4858,-67.6707,-853.9178,41.0,298.911499,-0.0,597.8703,2.364486,,6.519497,0.65195,8e-06,2.117276,10.0,10.0,4.39746,0.0,4.39746,95.60254,73.519385,0.625665,27.171153
2026-08-18 04:01:52,23701.4,972287,4861,-1971.8761,-876.5191,41.0,2320.946289,0.0,4641.939941,2.363472,,7.741652,0.774165,7e-06,3.407212,10.0,10.0,19.242463,0.0,19.242463,80.757537,59.899733,0.512023,27.171153
2026-08-18 04:02:04,23713.51,972799,4864,-28.5751,-853.9059,41.0,517.427795,-0.0,1034.902344,2.339298,,9.559367,0.955937,7e-06,1.273118,9.0,10.0,5.641599,0.0,5.641599,94.358401,72.351211,0.500344,27.171153
2026-08-18 04:02:16,23725.67,973311,4866,226.219,-828.7818,41.0,430.370575,0.0,860.787903,2.338086,,8.315743,0.831574,8e-06,1.192474,8.0,10.0,3.045973,0.0,3.045973,96.954027,73.68958,0.513548,27.171153
2026-08-18 04:02:28,23737.83,973823,4869,-1395.5295,-847.6678,41.0,1403.873779,0.0,2807.794922,2.362512,,7.817191,0.781719,7e-06,1.703475,10.0,10.0,14.548422,0.0,14.548422,85.451578,63.887484,0.530121,27.171153
2026-08-18 04:02:40,23750.12,974335,4871,-1876.0883,-837.1062,41.0,3347.118896,-0.0,6694.284668,2.353721,,6.673946,0.667395,4e-06,2.77428,10.0,10.0,17.525854,0.0,17.525854,82.474146,61.239063,0.563393,27.171153
2026-08-18 04:02:53,23762.44,974847,4874,-2881.8507,-839.6482,41.0,5390.367188,0.0,10780.78125,2.348899,,6.205243,0.620524,6e-06,3.670686,10.0,10.0,28.055148,0.0,28.055148,71.944852,54.038097,0.58915,27.171153
2026-08-18 04:03:05,23774.74,975359,4876,-727.2097,-838.3596,41.0,955.408997,0.0,1910.864868,2.342362,,10.999416,1.099942,8e-06,1.724868,10.0,10.0,11.575417,0.0,11.575417,88.424583,67.142819,0.502392,27.214399
2026-08-18 04:03:17,23787.0,975871,4879,-685.6613,-838.7566,41.0,552.291931,-0.0,1104.631104,2.365038,,9.177977,0.917798,5e-06,2.815884,10.0,10.0,10.334315,0.0,10.334315,89.665685,67.659203,0.523359,27.214399
2026-08-18 04:03:29,23799.18,976383,4881,-76.0563,-824.4964,41.0,281.097504,-0.0,562.241577,2.327721,,8.482948,0.848295,8e-06,1.568032,10.0,10.0,5.441943,0.0,5.441943,94.558057,72.364955,0.480663,27.214399
2026-08-18 04:03:42,23811.34,976895,4884,-51.9373,-800.4018,41.0,152.3311,0.0,304.709229,2.352038,,6.599949,0.659995,5e-06,2.178121,10.0,10.0,4.453149,0.0,4.453149,95.546851,72.479432,0.58409,27.214399
2026-08-18 04:03:54,23823.75,977407,4887,-1831.2665,-800.5027,41.0,3387.478027,0.0,6775.003418,2.357382,,9.685139,0.968514,5e-06,3.003064,10.0,10.0,19.056133,0.0,19.056133,80.943867,60.386199,0.51539,27.214399
2026-08-18 04:04:06,23836.0,977919,4889,468.8632,-792.2065,41.0,348.060638,0.0,696.167847,2.329018,,12.100325,1.210032,8e-06,0.979222,7.0,10.0,3.331371,0.0,3.331371,96.668629,73.305758,0.451075,27.214399
2026-08-18 04:04:18,23848.31,978431,4892,-2010.2268,-809.028,41.0,2619.396973,0.0,5238.84082,2.351731,,6.821828,0.682183,7e-06,2.035112,10.0,10.0,18.439016,0.0,18.439016,81.560984,61.341261,0.565146,27.214399
2026-08-18 04:04:31,23860.48,978943,4894,-305.3878,-800.4105,41.0,405.016083,-0.0,810.079285,2.35564,,8.412443,0.841244,7e-06,1.636857,10.0,10.0,7.013262,0.0,7.013262,92.986738,69.933012,0.545287,27.214399
2026-08-18 04:04:43,23872.59,979455,4897,293.2591,-777.7196,41.0,285.874207,0.0,571.795471,2.352136,,9.374938,0.937494,7e-06,1.410876,9.0,10.0,3.166595,0.0,3.166595,96.833405,73.531841,0.510532,27.214399
2026-08-18 04:04:55,23884.79,979967,4899,-1536.0737,-751.3857,41.0,2683.534912,-0.0,5367.117188,2.356071,,6.829723,0.682972,9e-06,2.994572,10.0,10.0,15.752414,0.0,15.752414,84.247586,63.876247,0.555547,27.214399
2026-08-18 04:05:07,23896.99,980479,4902,-1188.2408,-749.9258,41.0,873.468506,-0.0,1746.984375,2.367311,,6.624589,0.662459,7e-06,2.740484,10.0,10.0,12.507586,0.0,12.507586,87.492414,64.956316,0.519075,27.214399
2026-08-18 04:05:19,23909.18,980991,4904,-1169.1241,-756.979,41.0,1708.039673,0.0,3416.126221,2.346237,,6.94819,0.694819,8e-06,2.408115,10.0,10.0,12.40638,0.0,12.40638,87.59362,66.218611,0.544525,27.214399
2026-08-18 04:05:31,23921.3,981503,4907,-1185.2942,-762.4505,41.0,1726.100708,-0.0,3452.248047,2.329736,,5.325173,0.532517,9e-06,2.222269,10.0,10.0,12.565115,0.0,12.565115,87.434885,66.039016,0.600436,27.214399
2026-08-18 04:05:44,23933.45,982015,4910,298.914,-758.0182,41.0,224.927353,0.0,449.90097,2.313783,,8.053988,0.805399,8e-06,0.85308,5.0,10.0,2.358087,0.0,2.358087,97.641913,74.208755,0.54681,27.214399
2026-08-18 04:05:56,23945.6,982527,4912,424.912,-733.47,41.0,169.376358,-0.0,338.799957,2.362712,,7.790602,0.77906,7e-06,1.28025,9.0,10.0,1.326396,0.0,1.326396,98.673604,74.187874,0.575437,27.214399
2026-08-18 04:06:08,23957.91,983039,4915,338.1553,-726.0618,41.0,196.055283,-0.0,392.15744,2.344498,,10.45362,1.045362,8e-06,1.072813,9.0,10.0,3.421098,0.0,3.421098,96.578902,72.76637,0.46758,27.214399
2026-08-18 04:06:20,23970.17,983551,4917,-1860.7436,-725.563,41.0,3944.061035,0.0,7888.168945,2.331622,,8.37178,0.837178,8e-06,2.899788,10.0,10.0,20.564361,0.0,20.564361,79.435639,59.475161,0.543168,27.214399
2026-08-18 04:06:33,23982.4,984063,4920,-961.0094,-734.211,41.0,712.172974,0.0,1424.393188,2.363834,,6.941645,0.694164,6e-06,2.676226,10.0,10.0,11.077659,0.0,11.077659,88.922341,66.060824,0.6263,27.214399
2026-08-18 04:06:45,23994.64,984575,4922,-1074.642,-734.3836,41.0,934.040344,-0.0,1868.127808,2.357018,,5.523571,0.552357,5e-06,2.62325,10.0,10.0,11.325814,0.0,11.325814,88.674186,66.100742,0.646311,27.214399
2026-08-18 04:06:57,24006.84,985087,4925,-620.9074,-724.2564,41.0,856.135132,-0.0,1712.317261,2.34964,,7.343932,0.734393,6e-06,2.500092,10.0,10.0,8.901756,0.0,8.901756,91.098244,68.318435,0.519089,27.214399
2026-08-18 04:07:09,24018.84,985599,4928,50.5492,-712.8801,41.0,157.309647,0.0,314.666779,2.3742,,9.924462,0.992446,9e-06,1.365758,10.0,10.0,5.277181,0.0,5.277181,94.722819,71.393398,0.488098,27.214399
2026-08-18 04:07:21,24030.93,986111,4930,-109.1518,-699.2153,41.0,151.987396,-0.0,304.022186,2.369653,,6.188683,0.618868,6e-06,2.283454,10.0,10.0,4.82623,0.0,4.82623,95.17377,71.422524,0.581407,27.214399
2026-08-18 04:07:33,24043.12,986623,4933,-125.6792,-675.1479,41.0,302.559204,0.0,605.165466,2.352843,,9.732923,0.973292,7e-06,1.451986,10.0,10.0,6.334972,0.0,6.334972,93.665028,71.041371,0.510597,27.214399
2026-08-18 04:07:45,24055.3,987135,4935,73.3816,-665.3687,41.0,1403.044189,-0.0,2806.134033,2.286229,,12.065702,1.20657,1e-05,1.05767,9.0,10.0,5.901562,0.0,5.901562,94.098438,70.877119,0.564889,27.214399
2026-08-18 04:07:58,24067.36,987647,4938,-625.6446,-658.0578,41.0,892.623169,-0.0,1785.292603,2.313401,,11.488829,1.148883,7e-06,0.926047,9.0,10.0,10.750936,0.0,10.750936,89.249064,67.846057,0.5239,27.282508
2026-08-18 04:08:10,24079.53,988159,4940,-1424.3657,-666.5656,41.0,1859.581055,-0.0,3719.20874,2.328553,,10.534958,1.053496,8e-06,2.561815,10.0,10.0,16.478614,0.0,16.478614,83.521386,62.821737,0.509575,27.282508
2026-08-18 04:08:22,24091.81,988671,4943,27.098,-647.0388,41.0,62.277096,0.0,124.600967,2.338848,,8.655622,0.865562,8e-06,1.383692,10.0,10.0,4.8179,0.0,4.8179,95.1821,72.169905,0.544737,27.282508
2026-08-18 04:08:34,24103.91,989183,4945,-554.2494,-659.8609,41.0,559.388672,0.0,1118.823853,2.322944,,6.430387,0.643039,8e-06,1.932369,10.0,10.0,7.91772,0.0,7.91772,92.08228,69.387308,0.623655,27.282508
2026-08-18 04:08:46,24116.1,989695,4948,-713.6982,-666.1923,41.0,685.562073,-0.0,1371.170898,2.340168,,6.86735,0.686735,5e-06,1.620265,10.0,10.0,9.273612,0.0,9.273612,90.726388,68.147712,0.463677,27.282508
2026-08-18 04:08:58,24128.22,990207,4951,-1024.4806,-676.4088,41.0,701.925659,-0.0,1403.898438,2.359003,,7.241244,0.724124,7e-06,2.190484,10.0,10.0,11.736228,0.0,11.736228,88.263772,66.306969,0.488863,27.282508
2026-08-18 04:09:11,24140.37,990719,4953,-1922.5391,-694.2225,41.0,4199.564941,0.0,8399.176758,2.319607,,7.130188,0.713019,6e-06,2.30264,10.0,10.0,20.041617,0.0,20.041617,79.958383,60.911357,0.56505,27.282508
2026-08-18 04:09:23,24152.41,991231,4956,646.3722,-680.3235,41.0,301.720886,0.0,603.488464,2.333172,,9.947988,0.994799,7e-06,1.274063,8.0,10.0,0.953023,0.0,0.953023,99.046977,75.448715,0.553583,27.282508
2026-08-18 04:09:35,24164.65,991743,4958,-347.1791,-691.3453,41.0,345.744965,0.0,691.536255,2.315656,,10.986493,1.098649,8e-06,1.402154,10.0,10.0,8.779188,0.0,8.779188,91.220812,69.844242,0.482452,27.282508
2026-08-18 04:09:47,24177.01,992255,4961,-1687.1321,-709.8732,41.0,2069.031494,-0.0,4138.108887,2.298943,,9.116626,0.911663,8e-06,1.288681,10.0,10.0,17.000583,0.0,17.000583,82.999417,62.56349,0.484431,27.282508
2026-08-18 04:09:59,24189.29,992767,4963,-1423.3237,-722.4565,41.0,2330.497559,-0.0,4661.041504,2.311925,,6.73213,0.673213,6e-06,1.941433,10.0,10.0,14.05733,0.0,14.05733,85.94267,65.397496,0.555264,27.282508
2026-08-18 04:10:12,24201.5,993279,4966,-230.2513,-726.0295,41.0,135.313431,0.0,270.674164,2.365246,,7.341036,0.734104,6e-06,2.303116,10.0,10.0,6.228003,0.0,6.228003,93.771997,70.553257,0.520807,27.282508
2026-08-18 04:10:24,24213.65,993791,4968,-26.8347,-730.9962,41.0,385.842773,-0.0,771.731384,2.291232,,10.505077,1.050508,8e-06,0.820174,7.0,10.0,6.010783,0.0,6.010783,93.989217,71.732452,0.502317,27.282508
2026-08-18 04:10:36,24225.93,994303,4971,-317.1047,-736.6105,41.0,616.33905,-0.0,1232.72522,2.356514,,9.253454,0.925345,7e-06,1.688596,10.0,10.0,7.531863,0.0,7.531863,92.468137,69.510605,0.635031,27.282508
2026-08-18 04:10:48,24238.26,994815,4974,-998.3532,-748.0379,41.0,600.980896,-0.0,1202.008667,2.345143,,7.215116,0.721512,6e-06,2.742501,10.0,10.0,11.437843,0.0,11.437843,88.562157,67.155978,0.595856,27.282508
2026-08-18 04:11:01,24250.5,995327,4976,-1907.8131,-744.3572,41.0,3156.414062,0.0,6312.875,2.337382,,6.007148,0.600715,9e-06,3.280959,10.0,10.0,17.708904,0.0,17.708904,82.291096,60.852517,0.566981,27.282508
2026-08-18 04:11:13,24262.65,995839,4979,-1181.3292,-736.5993,41.0,1466.958984,0.0,2933.964844,2.342275,,9.166595,0.916659,5e-06,2.774534,10.0,10.0,13.726079,0.0,13.726079,86.273921,64.693748,0.516324,27.282508
2026-08-18 04:11:25,24274.76,996351,4981,188.6554,-723.5362,41.0,208.433609,-0.0,416.914276,2.353054,,11.704767,1.170477,8e-06,1.799514,10.0,10.0,5.266454,0.0,5.266454,94.733546,72.302709,0.475726,27.282508
2026-08-18 04:11:37,24286.46,996863,4984,337.6962,-711.5165,41.0,141.729752,0.0,283.506775,2.363107,,10.365977,1.036598,5e-06,2.080787,10.0,10.0,3.612105,0.0,3.612105,96.387895,72.45699,0.498287,27.282508
2026-08-18 04:11:49,24298.97,997375,4986,-402.1537,-703.3672,41.0,362.016571,0.0,724.078247,2.255037,,7.244172,0.724417,1e-05,0.929182,7.0,10.0,6.915281,0.0,6.915281,93.084719,70.552046,0.562755,27.282508
2026-08-18 04:12:02,24311.73,997887,4989,-1813.1876,-719.0435,41.0,2853.708984,0.0,5707.464355,2.323132,,3.222074,0.322207,7e-06,2.25003,10.0,10.0,15.765563,0.0,15.765563,84.234437,62.36428,0.749279,27.282508
2026-08-18 04:12:15,24324.44,998399,4992,-1391.5771,-721.275,41.0,1496.440308,-0.0,2992.927246,2.33639,,8.046612,0.804661,6e-06,3.418104,10.0,10.0,14.957059,0.0,14.957059,85.042941,63.669252,0.551975,27.282508
2026-08-18 04:12:27,24337.12,998911,4994,-1788.6649,-728.6274,41.0,2513.2146,-0.0,5026.475098,2.29723,,8.881866,0.888187,9e-06,1.694006,10.0,10.0,17.654142,0.0,17.654142,82.345858,61.655027,0.513119,27.282508
2026-08-18 04:12:40,24349.75,999423,4997,156.2249,-724.1946,41.0,93.379257,-0.0,186.805649,2.356563,,7.633044,0.763304,5e-06,1.448977,8.0,10.0,3.201322,0.0,3.201322,96.798678,73.164693,0.484757,27.282508
2026-08-18 04:12:53,24362.58,999935,4999,-674.848,-701.7178,41.0,510.688538,0.0,1021.423767,2.334932,,8.741391,0.874139,7e-06,2.362616,10.0,10.0,10.151705,0.0,10.151705,89.848295,68.064369,0.489869,27.282508
