step,episode,ep_reward,epsilon,loss
199,1,-168.8108,1.0,
399,2,-79.5875,1.0,
599,3,-172.6976,1.0,
799,4,-124.4392,1.0,
999,5,-400.0,0.9995,0.783003
1199,6,-91.4512,0.9044,1.356784
1399,7,-117.2902,0.8183,2.159844
1599,8,-58.5164,0.7404,3.530275
1799,9,-397.8708,0.6699,1.760026
1999,10,74.2787,0.6062,3.09374
2199,11,-185.5002,0.5485,2.487974
2399,12,-7.7982,0.4963,1.979566
2599,13,28.9333,0.449,6.723534
2799,14,65.4163,0.4063,11.088074
