wall_time,elapsed_sec,step,episode,ep_reward,ep_reward_ma100,sps,loss,policy_loss,value_loss,entropy,epsilon,embb_mbps_mean,spectral_eff_bps_hz,embb_p5_mbps,urllc_delay_ms_mean,urllc_delay_p95,urllc_delay_p99,urllc_drop_late_pct,urllc_drop_overflow_pct,sla_violation_pct,sla_satisfaction_pct,timely_throughput_mbps,jains_fairness,lam,mu_mean,resilient_shortfall_mean
2026-09-03 23:11:16,0.1,199,1,133.9202,133.9202,1929.3,,,,,1.0,5.354553,0.535455,6e-06,0.86812,9.0,10.0,12.867395,0.0,12.867395,87.132605,65.965547,0.584147,1.0,0.0,0.0
2026-09-03 23:11:16,0.27,399,2,66.9134,100.4168,1488.4,,,,,1.0,4.578718,0.457872,2e-06,7.377793,10.0,10.0,36.436219,0.0,36.436219,63.563781,45.073024,0.637827,1.0,0.0,0.0
2026-09-03 23:11:16,0.39,599,3,178.2499,126.3611,1541.1,,,,,1.0,6.866683,0.686668,5e-06,2.791777,10.0,10.0,14.687547,0.0,14.687547,85.312453,64.35915,0.489675,1.0,0.0,0.0
2026-09-03 23:11:16,0.49,799,4,181.7191,140.2006,1616.4,,,,,1.0,6.896622,0.689662,8e-06,1.118478,10.0,10.0,11.383343,0.0,11.383343,88.616657,67.426869,0.578321,1.0,0.0,0.0
2026-09-03 23:11:18,2.39,999,5,134.4153,139.0436,418.0,0.424479,,,,0.9995,6.47287,0.647287,2e-06,6.473995,10.0,10.0,30.682652,0.0,30.682652,69.317348,50.416229,0.548309,1.0,0.0,0.0
2026-09-03 23:16:07,291.44,1199,6,205.1226,150.0567,4.1,204.916992,,,,0.904362,8.058523,0.805852,3e-06,3.983735,10.0,10.0,17.148093,0.0,17.148093,82.851907,62.095563,0.56739,1.0,0.0,0.0
2026-09-03 23:20:59,583.35,1399,7,224.7128,160.7219,2.4,6410.617188,,,,0.81828,8.216659,0.821666,9e-06,1.023095,9.0,10.0,10.831566,0.0,10.831566,89.168434,67.471403,0.560141,1.0,0.0,0.0
2026-09-03 23:25:51,875.23,1599,8,259.513,173.0708,1.8,16584.136719,,,,0.740392,8.980884,0.898088,7e-06,0.364647,2.0,5.0,0.0,0.0,0.0,100.0,75.772504,0.561915,1.0,0.0,0.0
2026-09-03 23:30:43,1166.86,1799,9,309.3757,188.2158,1.5,71660.335938,,,,0.669918,11.170325,1.117033,1e-05,0.572903,3.0,7.0,0.0,0.0,0.0,100.0,76.147446,0.659313,1.0,0.0,0.0
2026-09-03 23:35:35,1459.15,1999,10,137.7712,183.1713,1.4,151956.375,,,,0.606152,5.801486,0.580149,9e-06,2.314647,10.0,10.0,17.747515,0.0,17.747515,82.252485,61.196293,0.703007,1.0,0.0,0.0
2026-09-03 23:40:27,1751.84,2199,11,142.2322,179.4496,1.3,419326.875,,,,0.548455,6.751411,0.675141,3.9e-05,1.841072,10.0,10.0,23.777,0.0,23.777,76.223,56.511535,0.735857,1.0,0.0,0.0
2026-09-03 23:45:19,2043.79,2399,12,165.4434,178.2824,1.2,951347.75,,,,0.49625,5.723998,0.5724,3.9e-05,1.168354,7.0,10.0,0.301002,0.0,0.301002,99.698998,74.973665,0.799339,1.0,0.0,0.0
2026-09-03 23:50:12,2336.43,2599,13,47.7572,168.242,1.1,1667487.5,,,,0.449014,3.998727,0.399873,1.2e-05,0.71615,5.0,10.0,34.741453,0.0,34.741453,65.258547,48.225362,0.727332,1.0,0.0,0.0
2026-09-03 23:55:05,2629.53,2799,14,134.191,165.8098,1.1,2512471.0,,,,0.406275,4.818742,0.481874,4e-05,1.513342,10.0,10.0,1.629835,0.0,1.629835,98.370165,74.758777,0.856271,1.0,0.0,0.0
2026-09-03 23:59:58,2921.97,2999,15,109.3553,162.0462,1.0,3408118.5,,,,0.367604,5.617323,0.561732,3.7e-05,4.251198,10.0,10.0,21.367222,0.0,21.367222,78.632778,58.193006,0.804708,1.0,0.0,0.0
2026-09-04 00:04:50,3214.71,3199,16,152.1655,161.4286,1.0,5876920.0,,,,0.332613,5.651729,0.565173,3.8e-05,0.728826,4.0,5.0,0.0,0.0,0.0,100.0,76.699162,0.876325,1.0,0.0,0.0
2026-09-04 00:09:43,3507.76,3399,17,196.9088,163.5157,1.0,7717530.0,,,,0.300953,8.89748,0.889748,3.8e-05,0.052281,0.0,1.0,0.0,0.0,0.0,100.0,77.34144,0.851711,1.0,0.0,0.0
2026-09-04 00:14:35,3799.71,3599,18,116.8598,160.9237,0.9,8552744.0,,,,0.272307,4.372505,0.43725,3.9e-05,1.472929,10.0,10.0,4.261594,0.0,4.261594,95.738406,73.2255,0.874409,1.0,0.0,0.0
2026-09-04 00:19:28,4092.52,3799,19,-59.7435,149.3096,0.9,14356226.0,,,,0.246387,1.676644,0.167664,3.7e-05,5.426333,10.0,10.0,54.805221,0.0,54.805221,45.194779,31.82844,0.866734,1.0,0.0,0.0
2026-09-04 00:24:21,4385.8,3999,20,72.9498,145.4916,0.9,13604496.0,,,,0.222935,3.257468,0.325747,3.8e-05,1.856796,10.0,10.0,10.811483,0.0,10.811483,89.188517,67.570864,0.908207,1.0,0.0,0.0
2026-09-04 00:29:14,4678.67,4199,21,20.1795,139.5244,0.9,12569691.0,,,,0.201715,2.911345,0.291135,3.6e-05,0.766362,10.0,10.0,32.435488,0.0,32.435488,67.564512,50.395818,0.891467,1.0,0.0,0.0
2026-09-04 00:34:07,4971.21,4399,22,101.1862,137.7817,0.9,10744016.0,,,,0.182515,3.76168,0.376168,3.8e-05,0.035785,0.0,1.0,0.0,0.0,0.0,100.0,76.832,0.912586,1.0,0.0,0.0
2026-09-04 00:39:00,5264.04,4599,23,62.4339,134.5058,0.9,14853245.0,,,,0.165142,2.649641,0.264964,3.7e-05,1.183872,10.0,10.0,7.313666,0.0,7.313666,92.686334,70.583694,0.928736,1.0,0.0,0.0
2026-09-04 00:43:53,5556.92,4799,24,28.5113,130.0893,0.9,5453124.0,,,,0.149423,2.163363,0.216336,3.8e-05,4.188267,10.0,10.0,18.538203,0.0,18.538203,81.461797,60.901511,0.913875,1.0,0.0,0.0
2026-09-04 00:48:45,5849.41,4999,25,162.4996,131.3857,0.9,5459162.0,,,,0.1352,5.557115,0.555712,1.928,0.022382,0.0,1.0,0.0,0.0,0.0,100.0,76.6336,0.612072,1.0,0.0,0.0
2026-09-04 00:53:38,6142.62,5199,26,57.1178,128.5293,0.8,6243691.0,,,,0.122331,5.468349,0.546835,1.9218,5.034243,10.0,10.0,54.260015,0.0,54.260015,45.739985,33.735304,0.638772,1.0,0.0,0.0
2026-09-04 00:58:32,6436.11,5399,27,244.2956,132.8169,0.8,5641026.0,,,,0.110687,8.158331,0.815833,1.926,0.113747,1.0,4.0,0.0,0.0,0.0,100.0,74.881206,0.564041,1.0,0.0,0.0
2026-09-04 01:03:25,6729.01,5599,28,119.6051,132.3451,0.8,2615603.0,,,,0.100151,6.990921,0.699092,1.475908,5.500803,10.0,10.0,45.708716,0.0,45.708716,54.291284,40.19935,0.57826,1.0,0.0,0.0
2026-09-04 01:08:18,7022.0,5799,29,301.679,138.1842,0.8,1757794.5,,,,0.090618,10.110777,1.011078,1.933,1.12721,10.0,10.0,0.909182,0.0,0.909182,99.090818,75.385235,0.582783,1.0,0.0,0.0
2026-09-04 01:13:11,7314.87,5999,30,262.221,142.3187,0.8,1400075.75,,,,0.081993,8.779278,0.877928,1.92995,1.047227,8.0,10.0,0.422264,0.0,0.422264,99.577736,76.010594,0.632007,1.0,0.0,0.0
2026-09-04 01:18:04,7608.24,6199,31,113.7015,141.3956,0.8,664827.5,,,,0.074188,6.149216,0.614922,0.376684,3.164904,10.0,10.0,35.539138,0.0,35.539138,64.460862,48.295901,0.54212,1.0,0.0,0.0
2026-09-04 01:22:57,7901.14,6399,32,235.0708,144.3229,0.8,249736.90625,,,,0.067127,8.036874,0.803687,1.9369,1.615011,10.0,10.0,3.251653,0.0,3.251653,96.748347,73.624276,0.611945,1.0,0.0,0.0
2026-09-04 01:27:50,8194.82,6599,33,146.5124,144.3893,0.8,57314.914062,,,,0.060737,6.547524,0.654752,4.1e-05,3.481282,10.0,10.0,24.801554,0.0,24.801554,75.198446,56.546447,0.741315,1.0,0.0,0.0
2026-09-04 01:32:44,8488.64,6799,34,98.9418,143.0526,0.8,23919.871094,,,,0.054956,4.928329,0.492833,3.4e-05,4.193556,10.0,10.0,24.360164,0.0,24.360164,75.639836,55.891463,0.758028,1.0,0.0,0.0
2026-09-04 01:37:38,8781.88,6999,35,94.9664,141.6787,0.8,47557.195312,,,,0.05,5.413619,0.541362,3.8e-05,4.536988,10.0,10.0,33.039772,0.0,33.039772,66.960228,49.384712,0.675156,1.0,0.0,0.0
2026-09-04 01:42:31,9075.12,7199,36,119.0167,141.0492,0.8,28867.414062,,,,0.05,6.101403,0.61014,4e-05,3.578582,10.0,10.0,30.329013,0.0,30.329013,69.670987,50.894129,0.699453,1.0,0.0,0.0
2026-09-04 01:47:25,9368.98,7399,37,154.3628,141.409,0.8,22977.380859,,,,0.05,6.627149,0.662715,4e-05,2.562079,10.0,10.0,19.807476,0.0,19.807476,80.192524,60.360683,0.674607,1.0,0.0,0.0
2026-09-04 01:52:18,9662.14,7599,38,226.4239,143.6463,0.8,29336.914062,,,,0.05,8.251755,0.825175,4.1e-05,2.795404,10.0,10.0,6.430831,0.0,6.430831,93.569169,70.588702,0.743947,1.0,0.0,0.0
2026-09-04 01:57:11,9955.03,7799,39,182.5255,144.6432,0.8,20892.005859,,,,0.05,6.925604,0.69256,4.1e-05,2.167898,10.0,10.0,11.823598,0.0,11.823598,88.176402,67.491625,0.623826,1.0,0.0,0.0
2026-09-04 02:02:04,10247.86,7999,40,265.2503,147.6583,0.8,25250.564453,,,,0.05,9.399745,0.939974,4e-05,0.739222,5.0,9.0,1.562733,0.0,1.562733,98.437267,75.209736,0.631433,1.0,0.0,0.0
2026-09-04 02:06:57,10541.31,8199,41,168.3898,148.164,0.8,26677.474609,,,,0.05,8.675947,0.867595,3.9e-05,7.059509,10.0,10.0,46.310323,0.0,46.310323,53.689677,38.389163,0.704536,1.0,0.0,0.0
2026-09-04 02:11:50,10834.58,8399,42,209.9068,149.6341,0.8,8102.108887,,,,0.05,8.242452,0.824245,3.7e-05,4.006075,10.0,10.0,13.701831,0.0,13.701831,86.298169,63.99612,0.75303,1.0,0.0,0.0
2026-09-04 02:16:43,11127.75,8599,43,263.3097,152.2777,0.8,15149.855469,,,,0.05,9.675435,0.967544,4e-05,1.436624,10.0,10.0,7.680813,0.0,7.680813,92.319187,70.507436,0.721656,1.0,0.0,0.0
2026-09-04 02:21:37,11421.09,8799,44,273.9461,155.0429,0.8,25598.105469,,,,0.05,10.119989,1.011999,4e-05,2.602803,10.0,10.0,3.377245,0.0,3.377245,96.622755,74.380993,0.790327,1.0,0.0,0.0
2026-09-04 02:26:30,11714.59,8999,45,190.4965,155.8307,0.8,33050.136719,,,,0.05,7.613303,0.76133,3.9e-05,3.168072,10.0,10.0,18.792426,0.0,18.792426,81.207574,61.077079,0.658653,1.0,0.0,0.0
2026-09-04 02:31:24,12008.32,9199,46,173.1504,156.2072,0.8,29858.226562,,,,0.05,6.425481,0.642548,4e-05,1.922695,10.0,10.0,9.251307,0.0,9.251307,90.748693,69.132899,0.674954,1.0,0.0,0.0
2026-09-04 02:36:17,12301.23,9399,47,114.9831,155.3301,0.8,27507.886719,,,,0.05,4.669142,0.466914,3.8e-05,2.357777,10.0,10.0,12.727698,0.0,12.727698,87.272302,65.669875,0.7303,1.0,0.0,0.0
2026-09-04 02:41:10,12594.84,9599,48,51.2894,153.1626,0.8,13195.509766,,,,0.05,3.601785,0.360178,4.2e-05,1.804274,10.0,10.0,27.803251,0.0,27.803251,72.196749,53.86767,0.828885,1.0,0.0,0.0
2026-09-04 02:46:04,12888.01,9799,49,127.6361,152.6417,0.8,25957.878906,,,,0.05,4.468654,0.446865,3.8e-05,1.698217,8.0,10.0,3.092114,0.0,3.092114,96.907886,73.644628,0.730569,1.0,0.0,0.0
2026-09-04 02:50:57,13181.01,9999,50,-8.3242,149.4223,0.8,6612.182617,,,,0.05,2.553657,0.255366,3.9e-05,6.301394,10.0,10.0,42.50279,0.0,42.50279,57.49721,41.259418,0.925871,1.0,0.0,0.0
2026-09-04 02:55:50,13474.8,10199,51,116.269,148.7723,0.8,7818.321777,,,,0.05,4.881577,0.488158,3.9e-05,3.089276,10.0,10.0,10.08761,0.0,10.08761,89.91239,67.897898,0.832733,1.0,0.0,0.0
2026-09-04 03:00:44,13768.51,10399,52,95.2433,147.7429,0.8,26011.957031,,,,0.05,3.620612,0.362061,3.9e-05,2.285994,10.0,10.0,5.644292,0.0,5.644292,94.355708,71.988942,0.856767,1.0,0.0,0.0
2026-09-04 03:05:37,14061.79,10599,53,82.9201,146.5198,0.8,28081.753906,,,,0.05,3.518472,0.351847,3.8e-05,4.010599,10.0,10.0,11.693086,0.0,11.693086,88.306914,66.458336,0.856723,1.0,0.0,0.0
2026-09-04 03:10:30,14354.77,10799,54,32.0485,144.4,0.8,13496.807617,,,,0.05,3.400838,0.340084,3.7e-05,3.701095,10.0,10.0,33.49711,0.0,33.49711,66.50289,48.156496,0.85716,1.0,0.0,0.0
2026-09-04 03:15:23,14647.7,10999,55,60.1405,142.868,0.8,16330.955078,,,,0.05,2.876407,0.287641,3.9e-05,1.326857,10.0,10.0,12.881011,0.0,12.881011,87.118989,65.955184,0.868276,1.0,0.0,0.0
2026-09-04 03:20:16,14940.85,11199,56,24.931,140.762,0.7,7080.004883,,,,0.05,4.025143,0.402514,3.9e-05,5.917649,10.0,10.0,47.144481,0.0,47.144481,52.855519,37.630777,0.824133,1.0,0.0,0.0
2026-09-04 03:25:10,15234.32,11399,57,44.8852,139.0799,0.7,20030.320312,,,,0.05,4.027785,0.402779,3.9e-05,1.173647,8.0,10.0,35.455685,0.0,35.455685,64.544315,47.935068,0.779432,1.0,0.0,0.0
2026-09-04 03:30:03,15527.29,11599,58,124.3484,138.8259,0.7,16496.166016,,,,0.05,4.881751,0.488175,4.2e-05,3.244529,10.0,10.0,9.626061,0.0,9.626061,90.373939,66.593845,0.753232,1.0,0.0,0.0
2026-09-04 03:34:56,15820.45,11799,59,183.711,139.5867,0.7,9819.375,,,,0.05,6.57407,0.657407,4e-05,3.391899,10.0,10.0,5.954244,0.0,5.954244,94.045756,69.825352,0.754216,1.0,0.0,0.0
2026-09-04 03:39:50,16114.36,11999,60,168.2007,140.0636,0.7,17105.929688,,,,0.05,7.712112,0.771211,3.4e-05,2.167277,10.0,10.0,27.74627,0.0,27.74627,72.25373,53.314136,0.65708,1.0,0.0,0.0
2026-09-04 03:44:43,16407.84,12199,61,249.5913,141.8591,0.7,6234.634766,,,,0.05,8.810026,0.881003,4e-05,0.85486,4.0,6.0,0.0,0.0,0.0,100.0,77.20192,0.708126,1.0,0.0,0.0
2026-09-04 03:49:36,16700.77,12399,62,335.4163,144.981,0.7,8550.888672,,,,0.05,12.693474,1.269347,4e-05,0.777046,5.0,7.0,0.0,0.0,0.0,100.0,77.14304,0.642718,1.0,0.0,0.0
2026-09-04 03:54:30,16994.31,12599,63,168.7366,145.3581,0.7,15059.273438,,,,0.05,7.937199,0.79372,3.7e-05,2.996603,10.0,10.0,20.341721,0.0,20.341721,79.658279,59.674717,0.800808,2.123038,0.0,0.0
2026-09-04 03:59:24,17287.91,12799,64,315.4445,148.0157,0.7,15647.321289,,,,0.05,11.890275,1.189028,3.9e-05,0.541237,4.0,5.0,0.0,0.0,0.0,100.0,76.15718,0.764013,2.123038,0.0,0.0
2026-09-04 04:04:16,17580.38,12999,65,278.5074,150.0232,0.7,36866.515625,,,,0.05,9.982512,0.998251,3.9e-05,0.762205,6.0,9.0,1.560232,0.0,1.560232,98.439768,75.513751,0.730218,2.123038,0.0,0.0
2026-09-04 04:09:09,17873.15,13199,66,220.5859,151.0924,0.7,10333.857422,,,,0.05,9.6104,0.96104,3.9e-05,1.723507,10.0,10.0,10.666578,0.0,10.666578,89.333422,67.830033,0.692009,2.123038,0.0,0.0
2026-09-04 04:14:02,18166.31,13399,67,129.4926,150.77,0.7,14464.632812,,,,0.05,6.388333,0.638833,3.7e-05,3.632456,10.0,10.0,14.191645,0.0,14.191645,85.808355,64.731553,0.826097,2.123038,0.0,0.0
2026-09-04 04:18:55,18459.42,13599,68,295.3481,152.8961,0.7,16474.03125,,,,0.05,10.998695,1.09987,4.1e-05,0.380641,3.0,6.0,0.0,0.0,0.0,100.0,76.435201,0.762835,2.123038,0.0,0.0
2026-09-04 04:23:48,18752.37,13799,69,224.8192,153.9385,0.7,26737.525391,,,,0.05,8.956239,0.895624,3.8e-05,1.368412,7.0,9.0,1.173725,0.0,1.173725,98.826275,75.875964,0.747539,2.123038,0.0,0.0
2026-09-04 04:28:41,19045.39,13999,70,292.4094,155.9167,0.7,12751.203125,,,,0.05,11.397108,1.139711,4e-05,2.201808,10.0,10.0,4.391247,0.0,4.391247,95.608753,73.216543,0.686765,2.123038,0.0,0.0
2026-09-04 04:33:34,19338.74,14199,71,110.3467,155.2748,0.7,24547.548828,,,,0.05,4.465218,0.446522,3.8e-05,5.928456,10.0,10.0,5.807149,0.0,5.807149,94.192851,71.181608,0.867655,2.123038,0.0,0.0
2026-09-04 04:38:28,19631.92,14399,72,259.2825,156.7194,0.7,8789.400391,,,,0.05,9.155448,0.915545,3.8e-05,1.745054,8.0,10.0,1.369886,0.0,1.369886,98.630114,74.674724,0.715617,2.123038,0.0,0.0
2026-09-04 04:43:21,19925.21,14599,73,227.7406,157.6923,0.7,13485.074219,,,,0.05,8.429274,0.842927,3.9e-05,3.852971,10.0,10.0,5.214403,0.0,5.214403,94.785597,70.55189,0.619991,2.123038,0.0,0.0
2026-09-04 04:48:14,20218.48,14799,74,75.2932,156.5788,0.7,9594.757812,,,,0.05,6.576116,0.657612,3.8e-05,4.219664,10.0,10.0,27.788969,0.0,27.788969,72.211031,53.4103,0.834884,2.123038,0.0,0.0
2026-09-04 04:53:07,20511.22,14999,75,86.1035,155.6391,0.7,20974.585938,,,,0.05,7.260796,0.72608,3.7e-05,1.479441,10.0,10.0,28.408749,0.0,28.408749,71.591251,53.393548,0.611221,2.123038,0.0,0.0
2026-09-04 04:58:00,20804.16,15199,76,265.6352,157.0864,0.7,8243.256836,,,,0.05,9.687878,0.968788,3.9e-05,1.564528,9.0,10.0,2.18056,0.0,2.18056,97.81944,73.289931,0.686931,2.123038,0.0,0.0
2026-09-04 05:02:53,21097.4,15399,77,199.8268,157.6415,0.7,7309.541016,,,,0.05,8.801089,0.880109,4e-05,2.747166,10.0,10.0,13.613989,0.0,13.613989,86.386011,64.240365,0.586824,2.123038,0.0,0.0
2026-09-04 05:07:46,21390.66,15599,78,210.5693,158.3201,0.7,5195.375977,,,,0.05,10.182122,1.018212,4e-05,2.906767,10.0,10.0,17.866622,0.0,17.866622,82.133378,61.596292,0.661469,2.123038,0.0,0.0
2026-09-04 05:12:39,21683.72,15799,79,98.4788,157.5626,0.7,17675.511719,,,,0.05,5.571385,0.557139,3.8e-05,1.199559,8.0,10.0,15.028083,0.0,15.028083,84.971917,64.503788,0.682763,2.123038,0.0,0.0
2026-09-04 05:17:33,21977.15,15999,80,210.6819,158.2266,0.7,13517.847656,,,,0.05,7.328197,0.73282,3.8e-05,1.064895,6.0,8.0,0.043393,0.0,0.043393,99.956607,76.589343,0.630932,2.123038,0.0,0.0
2026-09-04 05:22:26,22269.93,16199,81,139.8258,157.9994,0.7,11303.068359,,,,0.05,6.259117,0.625912,3.8e-05,2.799819,10.0,10.0,11.333111,0.0,11.333111,88.666889,66.702509,0.774497,2.123038,0.0,0.0
2026-09-04 05:27:19,22563.58,16399,82,119.408,157.5288,0.7,14124.484375,,,,0.05,6.474894,0.647489,3.9e-05,4.117514,10.0,10.0,17.633985,0.0,17.633985,82.366015,60.467946,0.638927,2.123038,0.0,0.0
2026-09-04 05:32:13,22857.01,16599,83,123.6334,157.1204,0.7,7790.672852,,,,0.05,7.207033,0.720703,4.2e-05,2.177975,10.0,10.0,21.704832,0.0,21.704832,78.295168,58.652189,0.66338,2.123038,0.0,0.0
2026-09-04 05:37:05,23149.58,16799,84,175.3593,157.3375,0.7,26564.556641,,,,0.05,7.32167,0.732167,4.1e-05,2.068799,10.0,10.0,9.543147,0.0,9.543147,90.456853,68.788205,0.641293,2.123038,0.0,0.0
2026-09-04 05:41:58,23442.21,16999,85,54.3436,156.1258,0.7,8737.373047,,,,0.05,6.393889,0.639389,3.9e-05,4.035116,10.0,10.0,32.477244,0.0,32.477244,67.522756,48.555284,0.642432,2.123038,0.0,0.0
2026-09-04 05:46:51,23735.45,17199,86,87.5751,155.3287,0.7,6742.07373,,,,0.05,4.699512,0.469951,4e-05,3.903685,10.0,10.0,12.709812,0.0,12.709812,87.290188,65.881334,0.747439,2.123038,0.0,0.0
2026-09-04 05:51:44,24028.47,17399,87,235.2752,156.2476,0.7,6273.80127,,,,0.05,8.62447,0.862447,3.9e-05,2.122072,9.0,10.0,2.607833,0.0,2.607833,97.392167,74.725597,0.62318,2.123038,0.0,0.0
2026-09-04 05:56:37,24321.47,17599,88,323.9851,158.1538,0.7,3778.874512,,,,0.05,11.762322,1.176232,4.2e-05,1.707196,8.0,9.0,2.714624,0.0,2.714624,97.285376,74.829219,0.534889,2.123038,0.0,0.0
2026-09-04 06:01:30,24614.54,17799,89,78.0466,157.2537,0.7,9093.880859,,,,0.05,6.548562,0.654856,4e-05,3.445526,10.0,10.0,25.654737,0.0,25.654737,74.345263,55.916822,0.732334,2.123038,0.0,0.0
2026-09-04 06:06:23,24907.56,17999,90,199.5648,157.7238,0.7,9508.222656,,,,0.05,7.831003,0.7831,3.8e-05,3.493278,10.0,10.0,6.537994,0.0,6.537994,93.462006,69.183612,0.605309,2.123038,0.0,0.0
2026-09-04 06:11:17,25200.99,18199,91,-13.3275,155.8441,0.7,4134.56543,,,,0.05,4.027285,0.402729,3.9e-05,4.349927,10.0,10.0,31.25,0.0,31.25,68.75,50.177156,0.830634,2.123038,0.0,0.0
2026-09-04 06:16:10,25494.18,18399,92,169.1238,155.9885,0.7,9621.671875,,,,0.05,7.398827,0.739883,3.9e-05,1.571262,10.0,10.0,11.166038,0.0,11.166038,88.833962,66.114596,0.606673,2.123038,0.0,0.0
2026-09-04 06:21:03,25787.25,18599,93,132.5459,155.7364,0.7,9171.957031,,,,0.05,6.162711,0.616271,3.9e-05,2.167543,10.0,10.0,10.021627,0.0,10.021627,89.978373,67.982307,0.657468,2.123038,0.0,0.0
2026-09-04 06:25:56,26080.3,18799,94,38.9654,154.4941,0.7,5576.998047,,,,0.05,4.362606,0.436261,3.7e-05,5.0113,10.0,10.0,22.057213,0.0,22.057213,77.942787,58.123211,0.743076,2.123038,0.0,0.0
2026-09-04 06:30:49,26373.45,18999,95,161.9668,154.5728,0.7,4828.033203,,,,0.05,7.606671,0.760667,3.7e-05,2.76424,10.0,10.0,14.536969,0.0,14.536969,85.463031,64.485094,0.633281,2.123038,0.0,0.0
2026-09-04 06:35:42,26666.85,19199,96,328.5811,156.3854,0.7,6030.978516,,,,0.05,12.033759,1.203376,3.7e-05,1.400984,7.0,9.0,0.474154,0.0,0.474154,99.525846,76.451852,0.69313,2.123038,0.0,0.0
2026-09-04 06:40:35,26959.79,19399,97,238.0109,157.2269,0.7,2795.696289,,,,0.05,10.87805,1.087805,3.8e-05,2.82805,10.0,10.0,17.135924,0.0,17.135924,82.864076,62.49621,0.658044,2.123038,0.0,0.0
2026-09-04 06:45:29,27252.89,19599,98,406.7769,159.7733,0.7,5070.089844,,,,0.05,15.770428,1.577043,4e-05,1.436852,7.0,10.0,4.178876,0.0,4.178876,95.821124,70.486232,0.698789,2.123038,0.0,0.0
2026-09-04 06:50:22,27546.18,19799,99,238.9382,160.573,0.7,6492.912109,,,,0.05,11.661551,1.166155,4.1e-05,2.899588,10.0,10.0,23.211689,0.0,23.211689,76.788311,57.314311,0.57936,2.123038,0.0,0.0
2026-09-04 06:55:15,27839.24,19999,100,266.7849,161.6351,0.7,4556.670898,,,,0.05,13.799041,1.379904,4e-05,2.46013,10.0,10.0,28.91522,0.0,28.91522,71.08478,52.867253,0.624016,2.123038,0.0,0.0
2026-09-04 07:00:08,28132.77,20199,101,292.1777,163.2177,0.7,14133.367188,,,,0.05,10.318096,1.03181,4e-05,1.244837,7.0,10.0,0.8623,0.0,0.8623,99.1377,73.702834,0.658675,2.123038,0.0,0.0
2026-09-04 07:05:01,28425.45,20399,102,193.3597,164.4821,0.7,1754.943604,,,,0.05,7.259849,0.725985,3.8e-05,1.877773,10.0,10.0,2.203057,0.0,2.203057,97.796943,73.836671,0.736688,2.123038,0.0,0.0
2026-09-04 07:09:54,28718.83,20599,103,205.2917,164.7525,0.7,4344.550293,,,,0.05,7.335227,0.733523,4e-05,2.660393,9.0,10.0,3.162894,0.0,3.162894,96.837106,72.85832,0.585882,2.123038,0.0,0.0
2026-09-04 07:14:47,29011.82,20799,104,107.4749,164.0101,0.7,3405.345215,,,,0.05,5.893978,0.589398,3.8e-05,2.552373,10.0,10.0,16.556403,0.0,16.556403,83.443597,61.247493,0.725895,2.123038,0.0,0.0
2026-09-04 07:19:41,29305.2,20999,105,-96.7674,161.6983,0.7,3496.081299,,,,0.05,3.729223,0.372922,3.8e-05,2.424643,10.0,10.0,49.023129,0.0,49.023129,50.976871,36.649198,0.687144,2.123038,0.0,0.0
2026-09-04 07:24:34,29598.67,21199,106,75.428,160.4013,0.7,5276.922363,,,,0.05,4.277767,0.427777,3.8e-05,2.790455,10.0,10.0,12.284418,0.0,12.284418,87.715582,66.569402,0.77002,2.123038,0.0,0.0
2026-09-04 07:29:27,29891.49,21399,107,246.9181,160.6234,0.7,3778.407715,,,,0.05,8.954009,0.895401,3.9e-05,1.020209,6.0,9.0,3.137694,0.0,3.137694,96.862306,74.170705,0.733692,2.123038,0.0,0.0
2026-09-04 07:34:21,30185.08,21599,108,-83.0328,157.1979,0.7,4689.410156,,,,0.05,4.49146,0.449146,3.9e-05,5.412156,10.0,10.0,51.295172,0.0,51.295172,48.704828,34.472547,0.662153,2.123038,0.0,0.0
2026-09-04 07:39:15,30478.88,21799,109,181.968,155.9238,0.7,2062.641113,,,,0.05,8.055916,0.805592,3.8e-05,2.510434,10.0,10.0,11.387776,0.0,11.387776,88.612224,65.526189,0.703932,2.123038,0.0,0.0
2026-09-04 07:44:08,30772.0,21999,110,255.3509,157.0996,0.7,9576.083008,,,,0.05,10.34305,1.034305,4.1e-05,2.285134,9.0,10.0,6.870919,0.0,6.870919,93.129081,70.9413,0.659199,2.123038,0.0,0.0
2026-09-04 07:49:01,31065.47,22199,111,282.8859,158.5062,0.7,7739.281738,,,,0.05,9.905565,0.990556,4.1e-05,2.886187,9.0,10.0,3.124895,0.0,3.124895,96.875105,71.984919,0.618499,2.123038,0.0,0.0
2026-09-04 07:53:55,31358.87,22399,112,-176.1887,155.0899,0.7,2303.583984,,,,0.05,3.040195,0.304019,3.9e-05,6.785592,10.0,10.0,62.787325,0.0,62.787325,37.212675,24.937385,0.780029,2.123038,0.0,0.0
2026-09-04 07:58:47,31651.77,22599,113,-84.8667,153.7636,0.7,2789.731445,,,,0.05,3.349115,0.334912,3.8e-05,3.836381,10.0,10.0,43.525144,0.0,43.525144,56.474856,41.342987,0.727003,2.123038,0.0,0.0
2026-09-04 08:03:41,31945.26,22799,114,155.0194,153.9719,0.7,2081.790039,,,,0.05,6.515307,0.651531,4e-05,2.480762,10.0,10.0,9.41766,0.0,9.41766,90.58234,68.189588,0.613656,2.123038,0.0,0.0
2026-09-04 08:08:35,32239.02,22999,115,207.3693,154.952,0.7,1525.926758,,,,0.05,6.976134,0.697613,4e-05,0.470162,3.0,4.0,0.0,0.0,0.0,100.0,76.534037,0.605008,2.123038,0.0,0.0
2026-09-04 08:13:28,32532.16,23199,116,103.1651,154.462,0.7,2295.962158,,,,0.05,5.602585,0.560259,3.9e-05,3.638867,10.0,10.0,15.704926,0.0,15.704926,84.295074,63.40679,0.646198,2.123038,0.0,0.0
2026-09-04 08:18:21,32825.59,23399,117,-113.7349,151.3556,0.7,765.267578,,,,0.05,3.474283,0.347428,3.9e-05,4.782823,10.0,10.0,51.256783,0.0,51.256783,48.743217,34.649795,0.820592,2.123038,0.0,0.0
2026-09-04 08:23:14,33118.85,23599,118,182.2343,152.0093,0.7,905.007874,,,,0.05,6.362683,0.636268,4e-05,2.677907,9.0,10.0,1.903155,0.0,1.903155,98.096845,72.211359,0.75705,2.123038,0.0,0.0
2026-09-04 08:28:07,33411.2,23799,119,220.7432,154.8142,0.7,2600.864746,,,,0.05,8.588698,0.85887,4.1e-05,3.420601,9.0,10.0,8.924181,0.0,8.924181,91.075819,67.321214,0.654801,2.123038,0.0,0.0
2026-09-04 08:33:01,33704.96,23999,120,221.5809,156.3005,0.7,935.477844,,,,0.05,9.378345,0.937834,4.1e-05,3.234671,10.0,10.0,10.038494,0.0,10.038494,89.961506,67.645698,0.663325,2.123038,0.0,0.0
2026-09-04 08:37:54,33998.28,24199,121,242.3151,158.5219,0.7,2799.386963,,,,0.05,10.171406,1.017141,3.9e-05,1.367735,10.0,10.0,12.78934,0.0,12.78934,87.21066,66.281701,0.580556,2.123038,0.0,0.0
2026-09-04 08:42:47,34291.65,24399,122,205.3455,159.5635,0.7,1289.889771,,,,0.05,9.420582,0.942058,4e-05,1.960276,10.0,10.0,8.025976,0.0,8.025976,91.974024,67.613635,0.726993,2.123038,0.0,0.0
2026-09-04 08:47:41,34585.55,24599,123,174.2597,160.6817,0.7,5320.352539,,,,0.05,8.12045,0.812045,4e-05,1.99372,10.0,10.0,14.635041,0.0,14.635041,85.364959,63.930605,0.737188,2.123038,0.0,0.0
2026-09-04 08:52:35,34879.02,24799,124,70.9017,161.1056,0.7,2095.435791,,,,0.05,6.779964,0.677996,3.6e-05,4.190863,10.0,10.0,31.309669,0.0,31.309669,68.690331,50.499617,0.742953,2.123038,0.0,0.0
2026-09-04 08:57:28,35172.37,24999,125,160.6056,161.0867,0.7,719.914001,,,,0.05,7.616579,0.761658,3.8e-05,2.81403,10.0,10.0,16.10641,0.0,16.10641,83.89359,63.069793,0.643994,2.95314,0.0,0.0
2026-09-04 09:02:22,35466.15,25199,126,160.0286,162.1158,0.7,5188.945312,,,,0.05,8.682689,0.868269,4e-05,2.995451,10.0,10.0,17.148688,0.0,17.148688,82.851312,61.793581,0.52443,2.95314,0.0,0.0
2026-09-04 09:07:15,35759.55,25399,127,107.0585,160.7434,0.7,1205.174316,,,,0.05,7.693395,0.769339,4.1e-05,2.650985,10.0,10.0,19.717841,0.0,19.717841,80.282159,60.106614,0.582746,2.95314,0.0,0.0
2026-09-04 09:12:08,36052.02,25599,128,88.549,160.4329,0.7,1398.613525,,,,0.05,7.081673,0.708167,4.2e-05,3.777056,10.0,10.0,20.215758,0.0,20.215758,79.784242,59.644736,0.643964,2.95314,0.0,0.0
2026-09-04 09:17:01,36345.31,25799,129,-103.0684,156.3854,0.7,1193.098755,,,,0.05,5.194329,0.519433,3.9e-05,6.752456,10.0,10.0,44.035921,0.0,44.035921,55.964079,40.132672,0.636767,2.95314,0.0,0.0
2026-09-04 09:21:55,36638.87,25999,130,282.8952,156.5921,0.7,681.471436,,,,0.05,12.935476,1.293548,1.89395,5.049299,10.0,10.0,16.16908,0.0,16.16908,83.83092,63.838288,0.654455,2.95314,0.0,0.0
2026-09-04 09:26:47,36931.71,26199,131,149.9093,156.9542,0.7,1124.705566,,,,0.05,7.905213,0.790521,3.9e-05,4.046565,10.0,10.0,14.208151,0.0,14.208151,85.791849,64.316284,0.680243,2.95314,0.0,0.0
2026-09-04 09:31:42,37225.94,26399,132,142.0972,156.0245,0.7,393.664307,,,,0.05,8.431846,0.843185,4e-05,2.670798,10.0,10.0,18.837946,0.0,18.837946,81.162054,60.749382,0.629189,2.95314,0.0,0.0
2026-09-04 09:36:35,37519.43,26599,133,63.0734,155.1901,0.7,1026.16333,,,,0.05,8.62492,0.862492,3.8e-05,3.008372,10.0,10.0,31.803827,0.0,31.803827,68.196173,50.503214,0.606563,2.95314,0.0,0.0
2026-09-04 09:41:27,37811.82,26799,134,185.6225,156.0569,0.7,612.565063,,,,0.05,6.569307,0.656931,3.7e-05,1.23806,6.0,9.0,1.256031,0.0,1.256031,98.743969,73.703436,0.686948,2.95314,0.0,0.0
2026-09-04 09:46:21,38105.81,26999,135,182.8539,156.9358,0.7,1012.899902,,,,0.05,6.535204,0.65352,4e-05,1.583097,8.0,10.0,1.454237,0.0,1.454237,98.545763,75.884281,0.688003,2.95314,0.0,0.0
2026-09-04 09:51:15,38399.71,27199,136,101.8446,156.764,0.7,970.332886,,,,0.05,5.713231,0.571323,4e-05,2.260747,10.0,10.0,11.647571,0.0,11.647571,88.352429,67.081058,0.638547,2.95314,0.0,0.0
2026-09-04 09:56:08,38692.24,27399,137,192.8041,157.1485,0.7,1301.201172,,,,0.05,6.55194,0.655194,3.8e-05,0.794965,5.0,6.0,0.0,0.0,0.0,100.0,76.88113,0.724043,2.95314,0.0,0.0
2026-09-04 10:01:01,38985.16,27599,138,124.9819,156.134,0.7,911.204834,,,,0.05,7.547464,0.754746,3.8e-05,3.569745,10.0,10.0,17.330823,0.0,17.330823,82.669177,61.494921,0.652309,2.95314,0.0,0.0
2026-09-04 10:05:54,39278.11,27799,139,-136.3467,152.9453,0.7,1111.168579,,,,0.05,3.700497,0.37005,3.8e-05,3.341694,10.0,10.0,42.041456,0.0,42.041456,57.958544,42.334171,0.665081,2.95314,0.0,0.0
2026-09-04 10:10:47,39571.27,27999,140,149.7287,151.7901,0.7,548.887573,,,,0.05,7.792179,0.779218,4.1e-05,2.762344,10.0,10.0,12.529401,0.0,12.529401,87.470599,65.7397,0.703331,2.95314,0.0,0.0
2026-09-04 10:15:40,39864.4,28199,141,166.4271,151.7705,0.7,2450.575195,,,,0.05,7.331888,0.733189,4.1e-05,1.451341,10.0,10.0,6.22318,0.0,6.22318,93.77682,71.235607,0.754112,2.95314,0.0,0.0
2026-09-04 10:20:34,40157.95,28399,142,30.7402,149.9788,0.7,1706.672363,,,,0.05,5.090576,0.509058,4e-05,7.975304,10.0,10.0,20.976106,0.0,20.976106,79.023894,58.384352,0.814916,2.95314,0.0,0.0
2026-09-04 10:25:27,40451.19,28599,143,128.8477,148.6342,0.7,324.492249,,,,0.05,7.589695,0.75897,3.8e-05,3.753113,10.0,10.0,12.599867,0.0,12.599867,87.400133,64.249264,0.752408,2.95314,0.0,0.0
2026-09-04 10:30:21,40744.97,28799,144,69.961,146.5943,0.7,344.957123,,,,0.05,7.160316,0.716032,3.9e-05,5.240883,10.0,10.0,24.610162,0.0,24.610162,75.389838,55.393128,0.774268,2.95314,0.0,0.0
2026-09-04 10:35:15,41039.0,28999,145,-46.7959,144.2214,0.7,578.872253,,,,0.05,6.457781,0.645778,3.9e-05,5.703485,10.0,10.0,40.418564,0.0,40.418564,59.581436,42.838971,0.703778,2.95314,0.0,0.0
2026-09-04 10:40:08,41332.49,29199,146,215.7979,144.6479,0.7,310.791412,,,,0.05,9.167386,0.916739,3.9e-05,3.801544,10.0,10.0,9.317398,0.0,9.317398,90.682602,68.602428,0.762405,2.95314,0.0,0.0
2026-09-04 10:45:02,41626.7,29399,147,123.9351,144.7374,0.7,140.895798,,,,0.05,8.839442,0.883944,4.2e-05,3.508284,10.0,10.0,23.145499,0.0,23.145499,76.854501,56.854237,0.695842,2.95314,0.0,0.0
2026-09-04 10:49:56,41920.1,29599,148,84.9925,145.0744,0.7,827.643677,,,,0.05,7.637158,0.763716,3.9e-05,2.173068,10.0,10.0,22.561992,0.0,22.561992,77.438008,57.875477,0.691665,2.95314,0.0,0.0
2026-09-04 10:54:49,42213.76,29799,149,250.568,146.3038,0.7,146.440887,,,,0.05,10.093614,1.009361,4e-05,3.246646,10.0,10.0,6.032305,0.0,6.032305,93.967695,69.691975,0.664928,2.95314,0.0,0.0
2026-09-04 10:59:43,42507.3,29999,150,168.4291,148.0713,0.7,473.586304,,,,0.05,9.811401,0.98114,3.9e-05,2.912869,10.0,10.0,19.790593,0.0,19.790593,80.209407,60.474395,0.633088,2.95314,0.0,0.0
2026-09-04 11:04:35,42799.8,30199,151,268.7678,149.5963,0.7,709.579407,,,,0.05,11.908343,1.190834,3.9e-05,1.846198,10.0,10.0,8.114582,0.0,8.114582,91.885418,69.852386,0.680985,2.95314,0.0,0.0
2026-09-04 11:09:29,43093.01,30399,152,91.5111,149.559,0.7,396.10498,,,,0.05,6.540494,0.654049,3.6e-05,1.997755,9.0,10.0,17.528822,0.0,17.528822,82.471178,62.783872,0.559428,2.95314,0.0,0.0
2026-09-04 11:14:22,43386.78,30599,153,243.1671,151.1614,0.7,315.540039,,,,0.05,9.120506,0.912051,3.9e-05,1.026408,5.0,9.0,0.445953,0.0,0.445953,99.554047,76.101529,0.655162,2.95314,0.0,0.0
2026-09-04 11:19:16,43680.19,30799,154,20.9175,151.0501,0.7,714.268555,,,,0.05,3.316663,0.331666,3.8e-05,1.613863,10.0,10.0,13.071765,0.0,13.071765,86.928235,65.953522,0.812538,2.95314,0.0,0.0
2026-09-04 11:24:10,43973.9,30999,155,105.2364,151.5011,0.7,213.943542,,,,0.05,6.799375,0.679938,3.7e-05,1.100711,5.0,10.0,15.478496,0.0,15.478496,84.521504,63.600053,0.712274,2.95314,0.0,0.0
2026-09-04 11:29:03,44267.44,31199,156,8.4989,151.3368,0.7,50.86121,,,,0.05,4.388558,0.438856,3.6e-05,2.999496,10.0,10.0,20.800467,0.0,20.800467,79.199533,58.623393,0.712222,2.95314,0.0,0.0
2026-09-04 11:33:56,44560.83,31399,157,-186.1508,149.0264,0.7,227.058182,,,,0.05,3.336742,0.333674,3.8e-05,6.072436,10.0,10.0,48.66108,0.0,48.66108,51.33892,36.219339,0.788092,2.95314,0.0,0.0
2026-09-04 11:38:51,44855.71,31599,158,165.8179,149.4411,0.7,422.605103,,,,0.05,5.993628,0.599363,4e-05,1.670579,10.0,10.0,2.515535,0.0,2.515535,97.484465,74.093177,0.635705,2.95314,0.0,0.0
2026-09-04 11:43:48,45152.62,31799,159,-28.2672,147.3213,0.7,106.367699,,,,0.05,5.309981,0.530998,3.4e-05,4.457871,10.0,10.0,31.813109,0.0,31.813109,68.186891,48.858121,0.685472,2.95314,0.0,0.0
2026-09-04 11:48:48,45452.18,31999,160,151.6409,147.1557,0.7,98.227608,,,,0.05,7.468073,0.746807,3.8e-05,3.350826,10.0,10.0,11.82964,0.0,11.82964,88.17036,65.258297,0.698347,2.95314,0.0,0.0
2026-09-04 11:53:45,45749.06,32199,161,119.9493,145.8593,0.7,113.268967,,,,0.05,7.262864,0.726286,3.9e-05,2.985981,10.0,10.0,16.095338,0.0,16.095338,83.904662,63.397454,0.643982,2.95314,0.0,0.0
2026-09-04 11:58:38,46042.78,32399,162,19.8219,142.7033,0.7,47.612518,,,,0.05,8.178536,0.817854,3.9e-05,5.225545,10.0,10.0,37.956519,0.0,37.956519,62.043481,45.305341,0.637807,2.95314,0.0,0.0
2026-09-04 12:03:32,46335.91,32599,163,138.2142,142.3981,0.7,138.922989,,,,0.05,8.89589,0.889589,3.9e-05,0.660867,4.0,10.0,16.695459,0.0,16.695459,83.304541,61.908906,0.785508,2.95314,0.0,0.0
2026-09-04 12:08:25,46629.15,32799,164,134.0673,140.5844,0.7,34.526779,,,,0.05,8.407416,0.840742,3.9e-05,0.867896,5.0,10.0,16.479201,0.0,16.479201,83.520799,63.411524,0.725641,2.95314,0.0,0.0
2026-09-04 12:13:17,46921.58,32999,165,159.282,139.3921,0.7,107.202286,,,,0.05,8.761606,0.876161,3.9e-05,3.396033,10.0,10.0,15.84559,0.0,15.84559,84.15441,62.756912,0.753074,2.95314,0.0,0.0
2026-09-04 12:18:11,47215.06,33199,166,191.8855,139.1051,0.7,151.684662,,,,0.05,6.582549,0.658255,3.8e-05,1.602885,10.0,10.0,1.155047,0.0,1.155047,98.844953,75.815569,0.600249,2.95314,0.0,0.0
2026-09-04 12:23:04,47508.15,33399,167,50.6515,138.3167,0.7,91.885582,,,,0.05,4.928464,0.492846,3.7e-05,1.468145,9.0,10.0,16.207552,0.0,16.207552,83.792448,63.93899,0.758401,2.95314,0.0,0.0
2026-09-04 12:27:57,47801.1,33599,168,110.3977,136.4672,0.7,26.027702,,,,0.05,7.137833,0.713783,3.9e-05,2.471908,10.0,10.0,17.853851,0.0,17.853851,82.146149,62.514479,0.671909,2.95314,0.0,0.0
2026-09-04 12:32:50,48094.31,33799,169,211.3953,136.3329,0.7,57.428055,,,,0.05,7.449912,0.744991,4e-05,1.421621,9.0,10.0,1.748609,0.0,1.748609,98.251391,76.139759,0.641114,2.95314,0.0,0.0
2026-09-04 12:37:43,48387.36,33999,170,267.1255,136.0801,0.7,122.882782,,,,0.05,8.921509,0.892151,4e-05,0.045002,0.0,1.0,0.0,0.0,0.0,100.0,77.053316,0.529002,2.95314,0.0,0.0
2026-09-04 12:42:35,48679.5,34199,171,-14.0491,134.8361,0.7,180.949188,,,,0.05,5.000665,0.500066,3.8e-05,1.530553,10.0,10.0,27.038075,0.0,27.038075,72.961925,54.611685,0.747895,2.95314,0.0,0.0
2026-09-04 12:47:28,48972.24,34399,172,202.5362,134.2687,0.7,67.987946,,,,0.05,6.769298,0.67693,3.9e-05,0.176853,1.0,3.0,0.0,0.0,0.0,100.0,76.63232,0.574069,2.95314,0.0,0.0
2026-09-04 12:52:21,49265.13,34599,173,122.4097,133.2154,0.7,33.120735,,,,0.05,4.080322,0.408032,3.9e-05,0.514551,4.0,8.0,0.0,0.0,0.0,100.0,76.22272,0.710699,2.95314,0.0,0.0
2026-09-04 12:57:13,49557.08,34799,174,-46.326,131.9992,0.7,45.776978,,,,0.05,3.147292,0.314729,3.9e-05,1.844057,10.0,10.0,23.73838,0.0,23.73838,76.26162,56.817,0.845738,2.95314,0.0,0.0
2026-09-04 13:02:06,49850.02,34999,175,40.4236,131.5424,0.7,32.418953,,,,0.05,3.242747,0.324275,4e-05,1.624341,10.0,10.0,9.658486,0.0,9.658486,90.341514,68.859056,0.801886,2.95314,0.0,0.0
2026-09-04 13:06:58,50142.76,35199,176,80.7343,129.6934,0.7,57.815525,,,,0.05,6.328645,0.632865,3.5e-05,0.2238,0.0,10.0,17.15083,0.0,17.15083,82.84917,63.194313,0.727142,2.95314,0.0,0.0
2026-09-04 13:11:51,50435.19,35399,177,145.8058,129.1532,0.7,39.344009,,,,0.05,8.231622,0.823162,4e-05,1.882639,10.0,10.0,15.098639,0.0,15.098639,84.901361,61.434589,0.634774,2.95314,0.0,0.0
2026-09-04 13:16:44,50728.56,35599,178,199.6345,129.0438,0.7,17.597231,,,,0.05,10.329624,1.032962,3.7e-05,2.067871,10.0,10.0,14.40263,0.0,14.40263,85.59737,65.318306,0.608443,2.95314,0.0,0.0
2026-09-04 13:21:38,51022.03,35799,179,64.6272,128.7053,0.7,25.584948,,,,0.05,6.38463,0.638463,4e-05,2.63943,10.0,10.0,21.485701,0.0,21.485701,78.514299,59.323885,0.605971,2.95314,0.0,0.0
2026-09-04 13:26:31,51315.01,35999,180,-279.2325,123.8062,0.7,27.312912,,,,0.05,4.191638,0.419164,3.6e-05,6.036344,10.0,10.0,68.509607,0.0,68.509607,31.490393,20.269419,0.603664,2.95314,0.0,0.0
2026-09-04 13:31:24,51608.33,36199,181,-30.2264,122.1056,0.7,3345.524902,,,,0.05,5.157243,0.515724,4.2e-05,2.581243,10.0,10.0,32.00624,0.0,32.00624,67.99376,51.718097,0.637067,2.95314,0.0,0.0
2026-09-04 13:36:16,51900.81,36399,182,168.7885,122.5994,0.7,412.322815,,,,0.05,7.142101,0.71421,3.9e-05,1.246659,9.0,10.0,5.215141,0.0,5.215141,94.784859,68.894666,0.744211,2.95314,0.0,0.0
2026-09-04 13:41:10,52194.2,36599,183,-65.3138,120.71,0.7,21.219526,,,,0.05,3.916765,0.391676,3.9e-05,5.421873,10.0,10.0,29.931691,0.0,29.931691,70.068309,51.459638,0.84643,2.95314,0.0,0.0
2026-09-04 13:46:03,52487.79,36799,184,105.4073,120.0104,0.7,121.409958,,,,0.05,5.544521,0.554452,4e-05,2.427136,8.0,10.0,9.350154,0.0,9.350154,90.649846,69.173555,0.798317,2.95314,0.0,0.0
2026-09-04 13:50:56,52780.45,36999,185,70.5735,120.1727,0.7,54.674149,,,,0.05,4.370658,0.437066,3.9e-05,2.830676,10.0,10.0,9.029113,0.0,9.029113,90.970887,69.023458,0.832181,2.95314,0.0,0.0
2026-09-04 13:55:49,53073.85,37199,186,-34.7466,118.9495,0.7,660.426819,,,,0.05,6.487768,0.648777,3.9e-05,3.352828,10.0,10.0,37.344067,0.0,37.344067,62.655933,44.024706,0.759176,2.95314,0.0,0.0
2026-09-04 14:00:43,53367.34,37399,187,-262.0278,113.9765,0.7,19.731636,,,,0.05,5.412835,0.541284,4e-05,5.457572,10.0,10.0,72.585107,0.0,72.585107,27.414893,17.450522,0.716504,2.95314,0.0,0.0
2026-09-04 14:05:36,53660.02,37599,188,85.3641,111.5903,0.7,60.735073,,,,0.05,3.228216,0.322822,4e-05,1.674606,9.0,10.0,1.719906,0.0,1.719906,98.280094,75.791276,0.853116,4.333589,0.0,0.0
2026-09-04 14:10:29,53953.54,37799,189,-378.8237,107.0216,0.7,7.957749,,,,0.05,1.953407,0.195341,3.8e-05,5.511262,10.0,10.0,49.321034,0.0,49.321034,50.678966,36.201652,0.882683,4.333589,0.0,0.0
2026-09-04 14:15:22,54246.52,37999,190,-599.305,99.0329,0.7,24.76693,,,,0.05,0.95794,0.095794,3.5e-05,3.395193,10.0,10.0,72.510384,0.0,72.510384,27.489616,18.111274,0.707286,4.333589,0.0,0.0
2026-09-04 14:20:15,54538.98,38199,191,-530.3774,93.8624,0.7,32.311726,,,,0.05,3.078256,0.307826,1.9089,7.898694,10.0,10.0,72.049669,0.0,72.049669,27.950331,17.711519,0.810521,4.333589,0.0,0.0
2026-09-04 14:25:07,54831.74,38399,192,128.1401,93.4525,0.7,47.870361,,,,0.05,5.787582,0.578758,4e-05,2.940249,10.0,10.0,4.83259,0.0,4.83259,95.16741,72.000305,0.755114,4.333589,0.0,0.0
2026-09-04 14:30:00,55124.49,38599,193,124.5182,93.3723,0.7,46.564514,,,,0.05,5.336586,0.533659,3.8e-05,1.762117,10.0,10.0,2.655795,0.0,2.655795,97.344205,74.108057,0.842222,4.333589,0.0,0.0
2026-09-04 14:34:52,55416.66,38799,194,288.3443,95.8661,0.7,37.101997,,,,0.05,10.991439,1.099144,3.7e-05,0.78631,5.0,8.0,0.15101,0.0,0.15101,99.84899,76.931578,0.767061,4.333589,0.0,0.0
2026-09-04 14:39:45,55709.8,38999,195,-160.8445,92.6379,0.7,74.036369,,,,0.05,6.30217,0.630217,3.9e-05,5.063386,10.0,10.0,39.899133,0.0,39.899133,60.100867,44.834042,0.608645,4.333589,0.0,0.0
2026-09-04 14:44:38,56002.17,39199,196,106.3325,90.4155,0.7,22.709137,,,,0.05,10.952769,1.095277,3.6e-05,2.348552,10.0,10.0,23.301408,0.0,23.301408,76.698592,54.727986,0.64626,4.333589,0.0,0.0
2026-09-04 14:49:31,56295.44,39399,197,204.3259,90.0786,0.7,82.412155,,,,0.05,7.82285,0.782285,3.8e-05,1.887039,10.0,10.0,3.333,0.0,3.333,96.667,73.306191,0.622172,4.333589,0.0,0.0
2026-09-04 14:54:24,56588.74,39599,198,-98.802,85.0228,0.7,13.190904,,,,0.05,5.165116,0.516512,4e-05,4.809319,10.0,10.0,29.663859,0.0,29.663859,70.336141,51.803924,0.741963,4.333589,0.0,0.0
2026-09-04 14:59:18,56881.9,39799,199,22.2419,82.8559,0.7,19.551445,,,,0.05,9.451021,0.945102,4e-05,3.387231,10.0,10.0,30.762404,0.0,30.762404,69.237596,52.772924,0.644549,4.333589,0.0,0.0
2026-09-04 15:04:10,57174.59,39999,200,-6.2742,80.1253,0.7,9.94503,,,,0.05,5.869549,0.586955,4e-05,3.051543,10.0,10.0,21.189368,0.0,21.189368,78.810632,59.71236,0.70676,4.333589,0.0,0.0
2026-09-04 15:09:04,57468.09,40199,201,261.4352,79.8178,0.7,60.383995,,,,0.05,9.961261,0.996126,4e-05,1.504876,10.0,10.0,2.616468,0.0,2.616468,97.383532,73.401066,0.677922,4.333589,0.0,0.0
2026-09-04 15:13:58,57762.56,40399,202,81.5837,78.7001,0.7,9.705742,,,,0.05,7.907342,0.790734,3.8e-05,2.866456,10.0,10.0,17.009915,0.0,17.009915,82.990085,60.862256,0.588689,4.333589,0.0,0.0
2026-09-04 15:18:53,58057.37,40599,203,51.0745,77.1579,0.7,31.033798,,,,0.05,5.373477,0.537348,3.6e-05,3.972357,10.0,10.0,12.813703,0.0,12.813703,87.186297,65.589637,0.692616,4.333589,0.0,0.0
2026-09-04 15:23:48,58352.84,40799,204,21.6234,76.2994,0.7,15.361256,,,,0.05,6.966907,0.696691,3.9e-05,4.538264,10.0,10.0,21.706018,0.0,21.706018,78.293982,58.091391,0.719891,4.333589,0.0,0.0
2026-09-04 15:28:43,58647.34,40999,205,192.1176,79.1882,0.7,59.321529,,,,0.05,6.698654,0.669865,3.8e-05,0.741599,6.0,9.0,0.322334,0.0,0.322334,99.677666,76.794761,0.695836,4.333589,0.0,0.0
2026-09-04 15:33:37,58941.86,41199,206,122.4454,79.6584,0.7,7.057012,,,,0.05,5.579931,0.557993,3.8e-05,1.688078,10.0,10.0,5.406708,0.0,5.406708,94.593292,71.923726,0.657151,4.333589,0.0,0.0
2026-09-04 15:38:32,59236.77,41399,207,58.6337,77.7756,0.7,13.257597,,,,0.05,6.327019,0.632702,3.8e-05,2.685347,10.0,10.0,15.269755,0.0,15.269755,84.730245,65.212559,0.629195,4.333589,0.0,0.0
2026-09-04 15:43:26,59530.77,41599,208,-156.1799,77.0441,0.7,17.345982,,,,0.05,4.849361,0.484936,3.7e-05,3.706138,10.0,10.0,34.907324,0.0,34.907324,65.092676,47.965606,0.624567,4.333589,0.0,0.0
2026-09-04 15:48:21,59825.59,41799,209,-107.4587,74.1498,0.7,20.330843,,,,0.05,5.392918,0.539292,3.8e-05,3.356337,10.0,10.0,31.204386,0.0,31.204386,68.795614,51.514763,0.674785,4.333589,0.0,0.0
2026-09-04 15:53:15,60119.46,41999,210,-310.1157,68.4952,0.7,8.162689,,,,0.05,5.125643,0.512564,3.8e-05,5.369763,10.0,10.0,52.855739,0.0,52.855739,47.144261,33.280379,0.68037,4.333589,0.0,0.0
2026-09-04 15:58:08,60412.13,42199,211,-178.1092,63.8852,0.7,2.666897,,,,0.05,5.553829,0.555383,3.7e-05,3.577646,10.0,10.0,39.946028,0.0,39.946028,60.053972,43.922197,0.615057,4.333589,0.0,0.0
2026-09-04 16:03:01,60705.62,42399,212,2.1445,65.6686,0.7,7.800474,,,,0.05,4.562583,0.456258,3.7e-05,2.521895,10.0,10.0,14.669404,0.0,14.669404,85.330596,63.977591,0.764653,4.333589,0.0,0.0
2026-09-04 16:07:54,60998.48,42599,213,252.3232,69.0405,0.7,12.167658,,,,0.05,8.782821,0.878282,3.9e-05,0.416257,3.0,7.0,0.0,0.0,0.0,100.0,76.754832,0.636549,4.333589,0.0,0.0
2026-09-04 16:12:47,61290.97,42799,214,214.1127,69.6314,0.7,3.610383,,,,0.05,7.435677,0.743568,4e-05,0.743089,6.0,9.0,0.810928,0.0,0.810928,99.189072,76.40606,0.579843,4.333589,0.0,0.0
2026-09-04 16:17:40,61584.31,42999,215,-39.4945,67.1627,0.7,66.438148,,,,0.05,5.85234,0.585234,3.6e-05,4.50728,10.0,10.0,25.045976,0.0,25.045976,74.954024,54.907241,0.695383,4.333589,0.0,0.0
2026-09-04 16:22:32,61876.71,43199,216,-201.0581,64.1205,0.7,44.85157,,,,0.05,4.915154,0.491515,9e-06,3.482763,10.0,10.0,39.847425,0.0,39.847425,60.152575,43.019398,0.653012,4.333589,0.0,0.0
2026-09-04 16:27:25,62169.7,43399,217,-151.5274,63.7426,0.7,75.462769,,,,0.05,4.570319,0.457032,3.7e-05,2.413584,10.0,10.0,33.52202,0.0,33.52202,66.47798,49.773302,0.701068,4.333589,0.0,0.0
2026-09-04 16:32:18,62462.78,43599,218,-210.1067,59.8192,0.7,67.011253,,,,0.05,3.605314,0.360531,8e-06,5.333985,10.0,10.0,36.032934,0.0,36.032934,63.967066,47.327979,0.806339,4.333589,0.0,0.0
2026-09-04 16:37:11,62755.42,43799,219,171.3762,59.3255,0.7,43.746399,,,,0.05,6.331679,0.633168,1.3e-05,1.139195,6.0,9.0,0.81933,0.0,0.81933,99.18067,76.043577,0.742036,4.333589,0.0,0.0
2026-09-04 16:42:03,63047.8,43999,220,34.4639,57.4543,0.7,40.920181,,,,0.05,4.527695,0.45277,1.5e-05,1.069516,8.0,10.0,11.479051,0.0,11.479051,88.520949,66.99122,0.769584,4.333589,0.0,0.0
2026-09-04 16:46:57,63340.9,44199,221,-132.9819,53.7014,0.7,5.642996,,,,0.05,6.225906,0.622591,3.8e-05,6.664739,10.0,10.0,36.936262,0.0,36.936262,63.063738,45.655339,0.761491,4.333589,0.0,0.0
2026-09-04 16:51:48,63632.82,44399,222,199.529,53.6432,0.7,3.666643,,,,0.05,7.025671,0.702567,1.88655,1.391777,9.0,10.0,0.760994,0.0,0.760994,99.239006,75.899752,0.613771,4.333589,0.0,0.0
2026-09-04 16:56:41,63925.74,44599,223,-295.9297,48.9413,0.7,7.407245,,,,0.05,4.122706,0.412271,3.4e-05,7.433654,10.0,10.0,48.139434,0.0,48.139434,51.860566,36.170998,0.827754,4.333589,0.0,0.0
2026-09-04 17:01:34,64218.48,44799,224,95.2884,49.1852,0.7,3.516127,,,,0.05,7.434494,0.743449,3.8e-05,1.737476,10.0,10.0,11.470118,0.0,11.470118,88.529882,67.464189,0.786902,4.333589,0.0,0.0
2026-09-04 17:06:27,64510.94,44999,225,-314.7349,44.4318,0.7,8.486994,,,,0.05,5.706595,0.57066,3.6e-05,4.829774,10.0,10.0,55.995274,0.0,55.995274,44.004726,30.737355,0.654716,4.333589,0.0,0.0
2026-09-04 17:11:20,64803.98,45199,226,75.4655,43.5861,0.7,95.243195,,,,0.05,7.433773,0.743377,3.6e-05,3.301529,10.0,10.0,16.862876,0.0,16.862876,83.137124,60.567425,0.706686,4.333589,0.0,0.0
2026-09-04 17:16:13,65097.01,45399,227,248.4501,45.0001,0.7,14.043381,,,,0.05,9.188663,0.918866,3.8e-05,1.59387,7.0,9.0,0.118832,0.0,0.118832,99.881168,73.717443,0.861425,4.333589,0.0,0.0
2026-09-04 17:21:05,65389.36,45599,228,31.3663,44.4282,0.7,8.29711,,,,0.05,7.542022,0.754202,3.8e-05,4.137773,10.0,10.0,22.342914,0.0,22.342914,77.657086,57.555586,0.658674,4.333589,0.0,0.0
2026-09-04 17:25:58,65682.24,45799,229,-93.3908,44.525,0.7,16.004482,,,,0.05,7.013419,0.701342,4.1e-05,6.478988,10.0,10.0,35.337226,0.0,35.337226,64.662774,46.527807,0.696494,4.333589,0.0,0.0
2026-09-04 17:30:51,65974.88,45999,230,29.145,41.9875,0.7,15.615579,,,,0.05,10.077522,1.007752,9e-06,2.675382,10.0,10.0,28.805511,0.0,28.805511,71.194489,53.35234,0.616739,4.333589,0.0,0.0
2026-09-04 17:35:43,66267.11,46199,231,116.9896,41.6583,0.7,18.669289,,,,0.05,10.109918,1.010992,9e-06,2.286465,9.0,10.0,17.871446,0.0,17.871446,82.128554,61.754525,0.674245,4.333589,0.0,0.0
2026-09-04 17:40:36,66560.02,46399,232,192.3201,42.1605,0.7,16.604239,,,,0.05,9.308495,0.930849,1.3e-05,2.137103,10.0,10.0,9.109234,0.0,9.109234,90.890766,69.158243,0.590596,4.333589,0.0,0.0
2026-09-04 17:45:28,66852.21,46599,233,245.606,43.9859,0.7,9.635262,,,,0.05,13.247119,1.324712,1.2e-05,2.730624,10.0,10.0,13.180463,0.0,13.180463,86.819537,63.647946,0.661733,4.333589,0.0,0.0
2026-09-04 17:50:21,67145.7,46799,234,134.0811,43.4704,0.7,46.350456,,,,0.05,8.293234,0.829323,7e-06,3.451194,10.0,10.0,12.73142,0.0,12.73142,87.26858,65.593702,0.649102,4.333589,0.0,0.0
2026-09-04 17:55:14,67438.85,46999,235,339.1573,45.0335,0.7,77.487633,,,,0.05,13.082399,1.30824,4.1e-05,1.818096,8.0,10.0,2.907558,0.0,2.907558,97.092442,71.857222,0.578876,4.333589,0.0,0.0
2026-09-04 18:00:07,67731.36,47199,236,-149.2397,42.5226,0.7,32.815231,,,,0.05,8.075521,0.807552,3.9e-05,3.855529,10.0,10.0,45.203956,0.0,45.203956,54.796044,39.987453,0.61916,4.333589,0.0,0.0
2026-09-04 18:05:00,68024.41,47399,237,213.2625,42.7272,0.7,37.241402,,,,0.05,9.423431,0.942343,1.1e-05,2.598427,10.0,10.0,7.19091,0.0,7.19091,92.80909,70.514937,0.720125,4.333589,0.0,0.0
2026-09-04 18:09:53,68317.58,47599,238,-395.4329,37.5231,0.7,66.572617,,,,0.05,6.238801,0.62388,1.91085,6.110731,10.0,10.0,68.027392,0.0,68.027392,31.972608,21.763929,0.627291,4.333589,0.0,0.0
2026-09-04 18:14:46,68609.91,47799,239,210.8247,40.9948,0.7,11.802684,,,,0.05,8.006644,0.800664,1e-05,0.913552,7.0,9.0,2.680036,0.0,2.680036,97.319964,75.107736,0.632102,4.333589,0.0,0.0
2026-09-04 18:19:38,68902.63,47999,240,-567.5071,33.8224,0.7,57.411465,,,,0.05,5.857906,0.585791,1.92495,6.756958,10.0,10.0,85.115986,0.0,85.115986,14.884014,7.265477,0.583558,4.333589,0.0,0.0
2026-09-04 18:24:31,69195.28,48199,241,-119.2243,30.9659,0.7,55.054298,,,,0.05,9.364861,0.936486,4.2e-05,1.921069,10.0,10.0,46.470481,0.0,46.470481,53.529519,37.431431,0.536665,4.333589,0.0,0.0
2026-09-04 18:29:23,69487.67,48399,242,-238.0634,28.2779,0.7,142.720734,,,,0.05,10.523525,1.052353,4e-05,2.084144,10.0,10.0,63.202336,0.0,63.202336,36.797664,25.029872,0.586093,4.333589,0.0,0.0
2026-09-04 18:34:17,69780.93,48599,243,211.0202,29.0996,0.7,109.398163,,,,0.05,11.470532,1.147053,3.7e-05,2.331271,10.0,10.0,11.626866,0.0,11.626866,88.373134,66.742665,0.697209,4.333589,0.0,0.0
2026-09-04 18:39:09,70073.57,48799,244,-303.5875,25.3641,0.7,9.672476,,,,0.05,12.768602,1.27686,1.93695,5.806012,10.0,10.0,79.417282,0.0,79.417282,20.582718,11.858775,0.547217,4.333589,0.0,0.0
2026-09-04 18:44:02,70366.3,48999,245,-393.4177,21.8979,0.7,30.483725,,,,0.05,10.173664,1.017366,1.93795,7.705673,10.0,10.0,80.723932,0.0,80.723932,19.276068,11.553728,0.566227,4.333589,0.0,0.0
2026-09-04 18:48:55,70659.86,49199,246,281.8348,22.5583,0.7,69.449715,,,,0.05,12.136924,1.213692,3.9e-05,1.251852,7.0,9.0,5.541599,0.0,5.541599,94.458401,68.429409,0.606629,4.333589,0.0,0.0
2026-09-04 18:53:48,70952.3,49399,247,-419.1524,17.1274,0.7,104.964821,,,,0.05,11.773324,1.177332,1.93795,8.737051,10.0,10.0,88.686131,0.0,88.686131,11.313869,4.546592,0.63422,4.333589,0.0,0.0
2026-09-04 18:58:41,71245.09,49599,248,-387.2603,12.4049,0.7,19151.09375,,,,0.05,8.127369,0.812737,4.2e-05,4.616399,10.0,10.0,73.725425,0.0,73.725425,26.274575,19.807194,0.64036,4.333589,0.0,0.0
2026-09-04 19:03:34,71538.51,49799,249,-384.8124,6.0511,0.7,1221.336304,,,,0.05,3.313295,0.331329,3.8e-05,4.407406,10.0,10.0,55.980119,0.0,55.980119,44.019881,30.722494,0.510048,4.333589,0.0,0.0
2026-09-04 19:08:27,71830.95,49999,250,200.7261,6.374,0.7,588.994385,,,,0.05,9.926835,0.992684,3.7e-05,3.385368,10.0,10.0,8.391853,0.0,8.391853,91.608147,66.970733,0.752759,7.110407,0.0,0.0
2026-09-04 19:13:19,72123.71,50199,251,-297.9554,0.7068,0.7,174.24292,,,,0.05,7.043668,0.704367,3.9e-05,3.62119,10.0,10.0,35.024332,0.0,35.024332,64.975668,47.707732,0.718587,7.110407,0.0,0.0
2026-09-04 19:18:12,72416.49,50399,252,-117.8767,-1.3871,0.7,47.209167,,,,0.05,7.218694,0.721869,7e-06,2.243984,10.0,10.0,21.798882,0.0,21.798882,78.201118,58.562222,0.712913,7.110407,0.0,0.0
2026-09-04 19:23:05,72709.22,50599,253,-394.8292,-7.767,0.7,156.229492,,,,0.05,6.867376,0.686738,3.7e-05,3.458489,10.0,10.0,42.452075,0.0,42.452075,57.547925,42.173859,0.700551,7.110407,0.0,0.0
2026-09-04 19:27:58,73002.24,50799,254,136.0346,-6.6159,0.7,15.113628,,,,0.05,8.718504,0.87185,3.8e-05,1.042383,10.0,10.0,8.594675,0.0,8.594675,91.405325,69.42625,0.567623,7.110407,0.0,0.0
2026-09-04 19:32:52,73295.92,50999,255,228.0761,-5.3875,0.7,28.987343,,,,0.05,9.308943,0.930894,1.4e-05,3.312834,10.0,10.0,1.956504,0.0,1.956504,98.043496,74.031148,0.635778,7.110407,0.0,0.0
2026-09-04 19:37:44,73588.14,51199,256,285.0007,-2.6225,0.7,30.39489,,,,0.05,10.594593,1.059459,1.5e-05,0.28957,2.0,4.0,0.0,0.0,0.0,100.0,76.49408,0.615586,7.110407,0.0,0.0
2026-09-04 19:42:37,73881.0,51399,257,-311.8184,-3.8791,0.7,7.312323,,,,0.05,6.037309,0.603731,4.1e-05,6.089688,10.0,10.0,34.9352,0.0,34.9352,65.0648,47.027752,0.693414,7.110407,0.0,0.0
2026-09-04 19:47:30,74174.65,51599,258,325.8142,-2.2792,0.7,11.957877,,,,0.05,11.520643,1.152064,1.3e-05,0.417415,3.0,6.0,0.0,0.0,0.0,100.0,76.6592,0.621239,7.110407,0.0,0.0
2026-09-04 19:52:23,74467.18,51799,259,-236.7998,-4.3645,0.7,22.7822,,,,0.05,8.05122,0.805122,4e-05,3.284609,10.0,10.0,33.56897,0.0,33.56897,66.43103,48.83636,0.55999,7.110407,0.0,0.0
2026-09-04 19:57:15,74759.86,51999,260,-103.6082,-6.917,0.7,4.986941,,,,0.05,6.345589,0.634559,8e-06,2.888833,10.0,10.0,20.461903,0.0,20.461903,79.538097,58.635998,0.666288,7.110407,0.0,0.0
2026-09-04 20:02:08,75052.58,52199,261,264.3479,-5.473,0.7,9.183038,,,,0.05,8.964581,0.896458,1e-05,1.228593,6.0,8.0,0.0,0.0,0.0,100.0,74.009509,0.608479,7.110407,0.0,0.0
2026-09-04 20:07:01,75344.92,52399,262,106.7546,-4.6037,0.7,11.183722,,,,0.05,9.885403,0.98854,1.1e-05,1.573139,10.0,10.0,12.950529,0.0,12.950529,87.049471,65.927524,0.568827,7.110407,0.0,0.0
2026-09-04 20:11:54,75638.44,52599,263,299.2824,-2.993,0.7,3.594703,,,,0.05,11.003042,1.100304,1.3e-05,1.554329,7.0,10.0,1.133832,0.0,1.133832,98.866168,74.456888,0.570133,7.110407,0.0,0.0
2026-09-04 20:16:47,75931.37,52799,264,-433.7776,-8.6714,0.7,8.971911,,,,0.05,4.660901,0.46609,1e-05,6.918555,10.0,10.0,40.598205,0.0,40.598205,59.401795,42.763043,0.682714,7.110407,0.0,0.0
2026-09-04 20:21:39,76223.77,52999,265,-556.3826,-15.8281,0.7,11.588802,,,,0.05,5.387038,0.538704,3.8e-05,5.254601,10.0,10.0,50.690592,0.0,50.690592,49.309408,34.952681,0.625608,7.110407,0.0,0.0
2026-09-04 20:26:32,76516.53,53199,266,231.5412,-15.4315,0.7,5.652295,,,,0.05,11.734332,1.173433,1.3e-05,2.569726,9.0,10.0,7.735365,0.0,7.735365,92.264635,69.418076,0.604311,7.110407,0.0,0.0
2026-09-04 20:31:25,76809.69,53399,267,228.3714,-13.6543,0.7,11.307755,,,,0.05,8.26648,0.826648,1.6e-05,1.32755,8.0,10.0,0.93461,0.0,0.93461,99.06539,75.33366,0.56551,7.110407,0.0,0.0
2026-09-04 20:36:18,77102.4,53599,268,84.36,-13.9147,0.7,3.000269,,,,0.05,7.514203,0.75142,1.3e-05,1.669952,9.0,10.0,9.774349,0.0,9.774349,90.225651,69.320666,0.60402,7.110407,0.0,0.0
2026-09-04 20:41:11,77395.63,53799,269,0.2247,-16.0264,0.7,33.920219,,,,0.05,8.470291,0.847029,9e-06,2.782647,10.0,10.0,16.962004,0.0,16.962004,83.037996,63.23216,0.598782,7.110407,0.0,0.0
2026-09-04 20:46:04,77688.55,53999,270,-556.8656,-24.2663,0.7,12.81327,,,,0.05,7.570174,0.757017,3.8e-05,6.387597,10.0,10.0,55.155377,0.0,55.155377,44.844623,30.708032,0.617973,7.110407,0.0,0.0
2026-09-04 20:50:57,77981.08,54199,271,-472.586,-28.8517,0.7,26.728287,,,,0.05,9.320967,0.932097,3.9e-05,1.802461,10.0,10.0,52.215063,0.0,52.215063,47.784937,32.518113,0.718317,7.110407,0.0,0.0
2026-09-04 20:55:50,78274.44,54399,272,-270.072,-33.5778,0.7,7.273929,,,,0.05,7.234214,0.723421,3.8e-05,3.1289,10.0,10.0,34.824948,0.0,34.824948,65.175052,47.954152,0.535772,7.110407,0.0,0.0
2026-09-04 21:00:43,78567.43,54599,273,-186.0242,-36.6621,0.7,12.502945,,,,0.05,7.397932,0.739793,3.8e-05,1.554235,10.0,10.0,28.158827,0.0,28.158827,71.841173,53.069935,0.567817,7.110407,0.0,0.0
2026-09-04 21:05:35,78859.46,54799,274,-308.0306,-39.2792,0.7,8.465993,,,,0.05,5.977343,0.597734,4e-05,4.526266,10.0,10.0,34.543788,0.0,34.543788,65.456212,47.508242,0.544508,7.110407,0.0,0.0
2026-09-04 21:10:28,79152.51,54999,275,-11.5839,-39.7992,0.7,8.603061,,,,0.05,7.648304,0.76483,1.7e-05,3.342695,10.0,10.0,16.43952,0.0,16.43952,83.56048,62.611545,0.790598,7.110407,0.0,0.0
2026-09-04 21:15:21,79445.08,55199,276,283.0334,-37.7762,0.7,2.507864,,,,0.05,11.138078,1.113808,3.8e-05,1.878133,8.0,10.0,0.778905,0.0,0.778905,99.221095,75.702443,0.752582,7.110407,0.0,0.0
2026-09-04 21:20:14,79737.94,55399,277,-258.6438,-41.8207,0.7,16.422024,,,,0.05,5.936536,0.593654,3.6e-05,4.057696,10.0,10.0,30.388982,0.0,30.388982,69.611018,51.156439,0.71062,7.110407,0.0,0.0
2026-09-04 21:25:07,80031.05,55599,278,-178.6857,-45.6039,0.7,7.272362,,,,0.05,5.589302,0.55893,3.8e-05,4.384615,10.0,10.0,24.679765,0.0,24.679765,75.320235,53.898462,0.661076,7.110407,0.0,0.0
2026-09-04 21:29:59,80323.45,55799,279,-7.7217,-46.3274,0.7,3.762252,,,,0.05,3.972547,0.397255,8e-06,3.141406,10.0,10.0,9.072899,0.0,9.072899,90.927101,68.444768,0.767796,7.110407,0.0,0.0
2026-09-04 21:34:52,80615.94,55999,280,43.448,-43.1006,0.7,14.394275,,,,0.05,4.573343,0.457334,6e-06,2.674652,10.0,10.0,6.824594,0.0,6.824594,93.175406,70.10564,0.700226,7.110407,0.0,0.0
2026-09-04 21:39:44,80908.66,56199,281,173.9159,-41.0592,0.7,10.469348,,,,0.05,5.919146,0.591915,1.2e-05,0.140101,1.0,3.0,0.0,0.0,0.0,100.0,76.77184,0.693303,7.110407,0.0,0.0
2026-09-04 21:44:37,81201.11,56399,282,-686.6923,-49.614,0.7,2.488306,,,,0.05,4.399827,0.439983,3.6e-05,7.284938,10.0,10.0,57.091048,0.0,57.091048,42.908952,29.308338,0.600478,7.110407,0.0,0.0
2026-09-04 21:49:30,81494.32,56599,283,-60.9074,-49.5699,0.7,12.014648,,,,0.05,5.712047,0.571205,7e-06,2.782076,10.0,10.0,16.56406,0.0,16.56406,83.43594,62.254234,0.586336,7.110407,0.0,0.0
2026-09-04 21:54:24,81787.89,56799,284,173.5116,-48.8889,0.7,23.237808,,,,0.05,6.111409,0.611141,3.9e-05,1.533053,8.0,10.0,0.475531,0.0,0.475531,99.524469,75.198276,0.750418,7.110407,0.0,0.0
2026-09-04 21:59:16,82080.33,56999,285,88.6996,-48.7076,0.7,10.167852,,,,0.05,4.139839,0.413984,9e-06,1.692112,10.0,10.0,2.642023,0.0,2.642023,97.357977,74.347992,0.728805,7.110407,0.0,0.0
2026-09-04 22:04:09,82373.49,57199,286,-90.874,-49.2689,0.7,23.380001,,,,0.05,3.119497,0.31195,9e-06,3.086292,10.0,10.0,13.437828,0.0,13.437828,86.562172,65.206183,0.739628,7.110407,0.0,0.0
2026-09-04 22:09:03,82666.88,57399,287,-8.8056,-46.7367,0.7,7.639774,,,,0.05,6.076522,0.607652,1.3e-05,2.721259,10.0,10.0,13.697372,0.0,13.697372,86.302628,64.725984,0.656082,7.110407,0.0,0.0
2026-09-04 22:13:55,82959.5,57599,288,-133.0021,-48.9204,0.7,3.512899,,,,0.05,6.913629,0.691363,1.1e-05,4.464619,10.0,10.0,24.264743,0.0,24.264743,75.735257,56.496865,0.569288,7.110407,0.0,0.0
2026-09-04 22:18:49,83253.21,57799,289,-64.9825,-45.7819,0.7,13.12765,,,,0.05,7.953105,0.79531,8e-06,2.284031,10.0,10.0,20.984132,0.0,20.984132,79.015868,59.139502,0.547261,7.110407,0.0,0.0
2026-09-04 22:23:42,83546.03,57999,290,202.223,-37.7667,0.7,6.093722,,,,0.05,8.929692,0.892969,6e-06,1.456476,10.0,10.0,3.483135,0.0,3.483135,96.516865,73.375822,0.638441,7.110407,0.0,0.0
2026-09-04 22:28:34,83838.19,58199,291,306.3708,-29.3992,0.7,10.594734,,,,0.05,11.225628,1.122563,1.1e-05,0.558896,4.0,8.0,0.0,0.0,0.0,100.0,74.470909,0.578542,7.110407,0.0,0.0
2026-09-04 22:33:27,84131.08,58399,292,-545.623,-36.1368,0.7,2.574863,,,,0.05,6.980012,0.698001,1.3e-05,5.696862,10.0,10.0,53.171145,0.0,53.171145,46.828855,33.112079,0.609949,7.110407,0.0,0.0
2026-09-04 22:38:20,84424.46,58599,293,331.0609,-34.0714,0.7,2.376938,,,,0.05,12.60148,1.260148,1e-05,1.585176,9.0,10.0,1.517262,0.0,1.517262,98.482738,76.013663,0.584937,7.110407,0.0,0.0
2026-09-04 22:43:13,84717.28,58799,294,220.4768,-34.7501,0.7,3.331217,,,,0.05,9.97382,0.997382,1.4e-05,2.310436,10.0,10.0,4.654373,0.0,4.654373,95.345627,72.024432,0.701399,7.110407,0.0,0.0
2026-09-04 22:48:06,85010.59,58999,295,36.6071,-32.7755,0.7,8.764138,,,,0.05,8.265293,0.826529,3.9e-05,4.318898,10.0,10.0,14.114785,0.0,14.114785,85.885215,64.131771,0.774131,7.110407,0.0,0.0
2026-09-04 22:53:00,85304.08,59199,296,-125.3545,-35.0924,0.7,6.41427,,,,0.05,7.799152,0.779915,1.2e-05,3.911117,10.0,10.0,24.976632,0.0,24.976632,75.023368,55.264795,0.650108,7.110407,0.0,0.0
2026-09-04 22:57:52,85596.61,59399,297,-41.3217,-37.5489,0.7,22.006027,,,,0.05,5.990949,0.599095,9e-06,3.932368,10.0,10.0,15.487169,0.0,15.487169,84.512831,61.70823,0.676799,7.110407,0.0,0.0
2026-09-04 23:02:46,85889.92,59599,298,245.1463,-34.1094,0.7,2.838143,,,,0.05,8.498915,0.849892,4.2e-05,0.416517,4.0,6.0,0.0,0.0,0.0,100.0,76.165734,0.660055,7.110407,0.0,0.0
2026-09-04 23:07:39,86183.29,59799,299,-86.3263,-35.1951,0.7,8.708652,,,,0.05,7.110846,0.711085,1.5e-05,0.635223,5.0,9.0,20.586961,0.0,20.586961,79.413039,60.140152,0.620308,7.110407,0.0,0.0
2026-09-04 23:12:31,86475.83,59999,300,-64.8368,-35.7807,0.7,9.022055,,,,0.05,6.746913,0.674691,8e-06,1.753199,9.0,10.0,18.683042,0.0,18.683042,81.316958,61.485443,0.487856,7.110407,0.0,0.0
2026-09-04 23:17:24,86768.46,60199,301,143.7527,-36.9575,0.7,3.255868,,,,0.05,6.716898,0.67169,3.8e-05,2.183144,7.0,9.0,4.090947,0.0,4.090947,95.909053,72.479095,0.609883,7.110407,0.0,0.0
2026-09-04 23:22:17,87061.51,60399,302,33.1026,-37.4423,0.7,8.91446,,,,0.05,5.563669,0.556367,1.3e-05,1.081399,10.0,10.0,9.327954,0.0,9.327954,90.672046,68.927966,0.644576,7.110407,0.0,0.0
2026-09-04 23:27:10,87354.04,60599,303,364.5442,-34.3076,0.7,28.010803,,,,0.05,13.087362,1.308736,4.1e-05,0.457989,3.0,6.0,0.128614,0.0,0.128614,99.871386,72.286086,0.631614,7.110407,0.0,0.0
2026-09-04 23:32:03,87646.89,60799,304,325.6269,-31.2676,0.7,10.513872,,,,0.05,13.15367,1.315367,3.8e-05,2.682981,10.0,10.0,4.20778,0.0,4.20778,95.79222,73.336165,0.642041,7.110407,0.0,0.0
2026-09-04 23:36:56,87940.27,60999,305,281.292,-30.3759,0.7,26.755152,,,,0.05,10.325017,1.032502,3.9e-05,1.525905,8.0,10.0,1.625542,0.0,1.625542,98.374458,75.533171,0.588788,7.110407,0.0,0.0
2026-09-04 23:41:48,88232.69,61199,306,72.0956,-30.8794,0.7,23.685627,,,,0.05,4.751717,0.475172,3.8e-05,1.673592,10.0,10.0,5.209682,0.0,5.209682,94.790318,70.776304,0.735652,7.110407,0.0,0.0
2026-09-04 23:46:41,88525.79,61399,307,0.8662,-31.457,0.7,7.288751,,,,0.05,9.802835,0.980284,3.8e-05,0.889551,6.0,10.0,20.364933,0.0,20.364933,79.635067,60.321521,0.542207,7.110407,0.0,0.0
2026-09-04 23:51:34,88818.65,61599,308,-132.6913,-31.2222,0.7,6.399542,,,,0.05,6.685249,0.668525,7e-06,2.144969,10.0,10.0,22.888771,0.0,22.888771,77.111229,57.754257,0.620075,7.110407,0.0,0.0
2026-09-04 23:56:27,89111.47,61799,309,-46.0269,-30.6078,0.7,2.090505,,,,0.05,7.744499,0.77445,3.8e-05,2.443677,10.0,10.0,19.038,0.0,19.038,80.962,61.173143,0.671621,7.110407,0.0,0.0
2026-09-05 00:01:20,89404.3,61999,310,216.9112,-25.3376,0.7,3.741538,,,,0.05,9.226081,0.922608,1e-05,1.532163,7.0,10.0,3.417728,0.0,3.417728,96.582272,73.550261,0.5436,7.110407,0.0,0.0
2026-09-05 00:06:13,89697.69,62199,311,51.8768,-23.0377,0.7,53.065971,,,,0.05,8.649007,0.864901,1.3e-05,2.367915,10.0,10.0,14.545273,0.0,14.545273,85.454727,65.102139,0.576821,7.110407,0.0,0.0
2026-09-05 00:11:06,89990.58,62399,312,122.7209,-21.8319,0.7,12.872066,,,,0.05,8.249875,0.824987,7e-06,3.015533,10.0,10.0,7.747513,0.0,7.747513,92.252487,69.337159,0.673595,7.110407,0.0,0.0
2026-09-05 00:15:59,90283.83,62599,313,26.7491,-24.0877,0.7,1.997116,,,,0.05,9.121427,0.912143,1.3e-05,6.659923,10.0,10.0,17.037434,0.0,17.037434,82.962566,60.778809,0.600726,8.267635,0.0,0.0
2026-09-05 00:20:53,90576.87,62799,314,-30.0632,-26.5294,0.7,1.76172,,,,0.05,8.079155,0.807916,1.2e-05,3.45585,10.0,10.0,16.641531,0.0,16.641531,83.358469,62.980191,0.570603,8.267635,0.0,0.0
2026-09-05 00:25:45,90869.06,62999,315,-18.9135,-26.3236,0.7,7.886143,,,,0.05,11.556472,1.155647,1e-05,2.196656,10.0,10.0,20.083619,0.0,20.083619,79.916381,59.665483,0.635368,8.267635,0.0,0.0
2026-09-05 00:30:38,91162.77,63199,316,-34.2054,-24.6551,0.7,4.688876,,,,0.05,6.991254,0.699125,3.8e-05,2.552393,10.0,10.0,15.075243,0.0,15.075243,84.924757,63.558742,0.695144,8.267635,0.0,0.0
2026-09-05 00:35:31,91455.72,63399,317,-130.2751,-24.4426,0.7,4.246495,,,,0.05,8.608208,0.860821,8e-06,3.151603,10.0,10.0,23.263583,0.0,23.263583,76.736417,57.393631,0.695068,8.267635,0.0,0.0
2026-09-05 00:40:24,91748.53,63599,318,-255.5248,-24.8968,0.7,2.179941,,,,0.05,7.090787,0.709079,3.6e-05,4.585299,10.0,10.0,28.248841,0.0,28.248841,71.751159,52.682328,0.701211,8.267635,0.0,0.0
2026-09-05 00:45:17,92041.51,63799,319,-105.9269,-27.6698,0.7,6.01627,,,,0.05,10.050945,1.005095,1e-05,2.385622,10.0,10.0,23.815892,0.0,23.815892,76.184108,57.554355,0.596073,8.267635,0.0,0.0
2026-09-05 00:50:10,92334.62,63999,320,-129.7524,-29.312,0.7,4.964396,,,,0.05,9.01975,0.901975,6e-06,3.948041,10.0,10.0,23.145258,0.0,23.145258,76.854742,57.027812,0.648073,8.267635,0.0,0.0
2026-09-05 00:55:03,92627.54,64199,321,151.9367,-26.4628,0.7,3.714764,,,,0.05,9.440036,0.944004,7e-06,2.410876,10.0,10.0,7.739989,0.0,7.739989,92.260011,68.595156,0.55842,8.267635,0.0,0.0
2026-09-05 00:59:56,92920.47,64399,322,-271.4476,-31.1725,0.7,5.115282,,,,0.05,4.925809,0.492581,1.3e-05,3.936656,10.0,10.0,25.640557,0.0,25.640557,74.359443,55.068257,0.653455,8.267635,0.0,0.0
2026-09-05 01:04:49,93213.5,64599,323,243.7192,-25.7761,0.7,3.068791,,,,0.05,8.236078,0.823608,7e-06,1.182187,5.0,6.0,0.0,0.0,0.0,100.0,76.343651,0.560365,8.267635,0.0,0.0
2026-09-05 01:09:42,93506.34,64799,324,-367.3022,-30.402,0.7,2.749988,,,,0.05,4.800197,0.48002,7e-06,1.521939,10.0,10.0,30.8238,0.0,30.8238,69.1762,51.586437,0.684443,8.267635,0.0,0.0
2026-09-05 01:14:35,93799.07,64999,325,-33.3428,-27.588,0.7,26.113663,,,,0.05,3.177361,0.317736,7e-06,2.216826,10.0,10.0,7.70909,0.0,7.70909,92.29091,69.970721,0.782602,8.267635,0.0,0.0
2026-09-05 01:19:28,94092.55,65199,326,145.3242,-26.8894,0.7,7.151289,,,,0.05,6.069175,0.606917,8e-06,1.586465,10.0,10.0,2.26654,0.0,2.26654,97.73346,74.13456,0.608874,8.267635,0.0,0.0
2026-09-05 01:24:21,94385.65,65399,327,289.5401,-26.4785,0.7,2.878882,,,,0.05,12.463845,1.246384,3.8e-05,1.248062,10.0,10.0,4.017603,0.0,4.017603,95.982397,72.686203,0.585739,8.267635,0.0,0.0
2026-09-05 01:29:14,94678.31,65599,328,191.116,-24.8811,0.7,5.454715,,,,0.05,13.654106,1.365411,3.9e-05,1.244258,10.0,10.0,11.578014,0.0,11.578014,88.421986,67.120815,0.614161,8.267635,0.0,0.0
2026-09-05 01:34:06,94970.67,65799,329,219.2886,-21.7543,0.7,15.921679,,,,0.05,12.410442,1.241044,1e-05,2.147559,10.0,10.0,9.102753,0.0,9.102753,90.897247,68.493125,0.477064,8.267635,0.0,0.0
2026-09-05 01:38:59,95263.84,65999,330,-337.4979,-25.4207,0.7,12.793168,,,,0.05,6.285637,0.628564,3.9e-05,1.836982,10.0,10.0,32.265136,0.0,32.265136,67.734864,50.332787,0.595681,8.267635,0.0,0.0
2026-09-05 01:43:53,95556.87,66199,331,199.8793,-24.5918,0.7,2.334144,,,,0.05,6.696248,0.669625,3.9e-05,0.630138,4.0,6.0,0.0,0.0,0.0,100.0,76.04054,0.646916,8.267635,0.0,0.0
2026-09-05 01:48:45,95848.88,66399,332,162.7625,-24.8874,0.7,3.953959,,,,0.05,5.518868,0.551887,4e-05,1.204824,8.0,9.0,0.188083,0.0,0.188083,99.811917,76.742813,0.727675,8.267635,0.0,0.0
2026-09-05 01:53:37,96141.44,66599,333,89.7405,-26.446,0.7,2.001401,,,,0.05,9.151096,0.91511,1.2e-05,2.909918,10.0,10.0,11.22044,0.0,11.22044,88.77956,65.45928,0.506247,8.267635,0.0,0.0
2026-09-05 01:58:30,96434.59,66799,334,-347.8112,-31.2649,0.7,13.683331,,,,0.05,5.543693,0.554369,6e-06,3.933022,10.0,10.0,30.196889,0.0,30.196889,69.803111,51.334035,0.676646,8.267635,0.0,0.0
2026-09-05 02:03:23,96727.71,66999,335,-24.9512,-34.906,0.7,3.950253,,,,0.05,8.194523,0.819452,1.7e-05,2.445023,10.0,10.0,16.224519,0.0,16.224519,83.775481,62.782767,0.61794,8.267635,0.0,0.0
2026-09-05 02:08:16,97020.55,67199,336,259.6468,-30.8172,0.7,8.31712,,,,0.05,9.366761,0.936676,8e-06,1.369245,7.0,10.0,0.936874,0.0,0.936874,99.063126,75.274244,0.546988,8.267635,0.0,0.0
2026-09-05 02:13:09,97313.55,67399,337,265.417,-30.2956,0.7,25.319851,,,,0.05,9.692817,0.969282,6e-06,2.889664,9.0,10.0,1.284004,0.0,1.284004,98.715996,74.353698,0.659767,8.267635,0.0,0.0
2026-09-05 02:18:02,97606.6,67599,338,309.1728,-23.2496,0.7,2.197934,,,,0.05,10.617132,1.061713,9e-06,0.695175,4.0,8.0,0.285495,0.0,0.285495,99.714505,75.151459,0.583785,8.267635,0.0,0.0
2026-09-05 02:22:55,97899.01,67799,339,300.8822,-22.349,0.7,10.343451,,,,0.05,10.748511,1.074851,1e-05,0.524522,2.0,6.0,0.280894,0.0,0.280894,99.719106,76.340482,0.557733,8.267635,0.0,0.0
2026-09-05 02:27:47,98191.61,67999,340,212.8416,-14.5455,0.7,11.819067,,,,0.05,11.194678,1.119468,3.6e-05,2.939991,10.0,10.0,7.151909,0.0,7.151909,92.848091,69.730756,0.550446,8.267635,0.0,0.0
2026-09-05 02:32:41,98484.92,68199,341,24.6944,-13.1063,0.7,2.497151,,,,0.05,11.938412,1.193841,3.7e-05,1.406585,9.0,10.0,19.259704,0.0,19.259704,80.740296,60.709025,0.546414,8.267635,0.0,0.0
2026-09-05 02:37:33,98777.18,68399,342,274.534,-7.9803,0.7,2.457907,,,,0.05,11.676958,1.167696,1.1e-05,1.719931,9.0,10.0,4.593834,0.0,4.593834,95.406166,72.632015,0.565151,8.267635,0.0,0.0
2026-09-05 02:42:25,99069.85,68599,343,-127.1666,-11.3622,0.7,1.853024,,,,0.05,8.637371,0.863737,8e-06,2.211171,10.0,10.0,22.972477,0.0,22.972477,77.027523,57.629516,0.581832,8.267635,0.0,0.0
2026-09-05 02:47:19,99362.96,68799,344,-77.0148,-9.0965,0.7,2.886521,,,,0.05,9.004686,0.900469,3.9e-05,2.272272,10.0,10.0,21.0013,0.0,21.0013,78.9987,59.189884,0.591631,8.267635,0.0,0.0
2026-09-05 02:52:11,99655.55,68999,345,141.5072,-3.7472,0.7,13.220745,,,,0.05,8.640296,0.86403,1.6e-05,1.927798,10.0,10.0,6.69354,0.0,6.69354,93.30646,71.278206,0.637539,8.267635,0.0,0.0
2026-09-05 02:57:03,99947.52,69199,346,-43.331,-6.9989,0.7,2.013404,,,,0.05,9.531401,0.95314,8e-06,1.392154,10.0,10.0,19.622873,0.0,19.622873,80.377127,60.589993,0.529355,8.267635,0.0,0.0
2026-09-05 03:01:56,100240.52,69399,347,42.3612,-2.3838,0.7,7.838109,,,,0.05,11.767622,1.176762,3.6e-05,0.399608,2.0,10.0,17.616873,0.0,17.616873,82.383127,62.753528,0.56735,8.267635,0.0,0.0
2026-09-05 03:06:49,100533.59,69599,348,197.6245,3.4651,0.7,2.168653,,,,0.05,9.308393,0.930839,5e-06,4.48823,10.0,10.0,5.381634,0.0,5.381634,94.618366,71.130115,0.67495,8.267635,0.0,0.0
2026-09-05 03:11:42,100826.18,69799,349,299.2434,10.3057,0.7,1.940171,,,,0.05,10.931803,1.09318,3.7e-05,1.307856,10.0,10.0,1.679962,0.0,1.679962,98.320038,75.141496,0.639554,8.267635,0.0,0.0
2026-09-05 03:16:35,101118.98,69999,350,-267.565,5.6227,0.7,6.361573,,,,0.05,5.734677,0.573468,3.7e-05,1.662316,10.0,10.0,26.158654,0.0,26.158654,73.841346,55.895871,0.567489,8.267635,0.0,0.0
2026-09-05 03:21:27,101411.45,70199,351,237.8991,10.9813,0.7,2.565272,,,,0.05,8.155483,0.815548,8e-06,0.929076,5.0,10.0,0.251403,0.0,0.251403,99.748597,76.671623,0.569296,8.267635,0.0,0.0
2026-09-05 03:26:20,101704.08,70399,352,134.7284,13.5073,0.7,3.027766,,,,0.05,8.134413,0.813441,1e-05,2.82035,10.0,10.0,6.538961,0.0,6.538961,93.461039,70.442807,0.631587,8.267635,0.0,0.0
2026-09-05 03:31:12,101996.05,70599,353,-88.6377,16.5693,0.7,2.730138,,,,0.05,5.858422,0.585842,8e-06,2.353794,10.0,10.0,16.229538,0.0,16.229538,83.770462,63.008904,0.620068,8.267635,0.0,0.0
2026-09-05 03:36:04,102288.85,70799,354,-110.994,14.099,0.7,2.125794,,,,0.05,9.202081,0.920208,1.1e-05,2.131161,10.0,10.0,23.231114,0.0,23.231114,76.768886,57.535838,0.502567,8.267635,0.0,0.0
2026-09-05 03:40:57,102581.58,70999,355,273.7897,14.5561,0.7,11.638,,,,0.05,9.32921,0.932921,4e-05,1.437137,7.0,9.0,0.173218,0.0,0.173218,99.826782,75.962076,0.646843,8.267635,0.0,0.0
2026-09-05 03:45:49,102873.46,71199,356,-235.8789,9.3473,0.7,2.188991,,,,0.05,6.656324,0.665632,1.2e-05,1.982348,10.0,10.0,26.431439,0.0,26.431439,73.568561,54.550516,0.668652,8.267635,0.0,0.0
2026-09-05 03:50:42,103166.33,71399,357,-140.7897,11.0576,0.7,39.789524,,,,0.05,4.503819,0.450382,1.2e-05,3.232205,10.0,10.0,16.600712,0.0,16.600712,83.399288,61.415668,0.800459,8.267635,0.0,0.0
2026-09-05 03:55:35,103459.18,71599,358,47.7518,8.277,0.7,91.578201,,,,0.05,7.961742,0.796174,3.7e-05,2.95114,10.0,10.0,11.977823,0.0,11.977823,88.022177,67.680334,0.706473,8.267635,0.0,0.0
2026-09-05 04:00:27,103751.44,71799,359,132.5481,11.9705,0.7,20.997517,,,,0.05,8.332739,0.833274,1.4e-05,1.283196,10.0,10.0,6.820724,0.0,6.820724,93.179276,70.705432,0.731224,8.267635,0.0,0.0
2026-09-05 04:05:20,104044.0,71999,360,364.6236,16.6528,0.7,2.530843,,,,0.05,14.380351,1.438035,1.6e-05,0.106716,1.0,2.0,0.0,0.0,0.0,100.0,76.633028,0.690579,8.267635,0.0,0.0
2026-09-05 04:10:13,104336.88,72199,361,-194.1189,12.0681,0.7,4.518413,,,,0.05,7.540535,0.754053,3.7e-05,2.29255,10.0,10.0,25.472344,0.0,25.472344,74.527656,54.813357,0.75442,8.267635,0.0,0.0
2026-09-05 04:15:06,104629.94,72399,362,355.0244,14.5508,0.7,2.610583,,,,0.05,12.354632,1.235463,3.9e-05,0.034685,0.0,1.0,0.0,0.0,0.0,100.0,76.131841,0.609718,8.267635,0.0,0.0
2026-09-05 04:19:58,104922.52,72599,363,69.5505,12.2535,0.7,7.990245,,,,0.05,6.76431,0.676431,1.9e-05,2.312061,10.0,10.0,7.897782,0.0,7.897782,92.102218,69.076528,0.681117,8.267635,0.0,0.0
2026-09-05 04:24:51,105214.92,72799,364,20.3746,16.795,0.7,20.939922,,,,0.05,8.513223,0.851322,4.1e-05,1.65957,10.0,10.0,14.26704,0.0,14.26704,85.73296,64.811498,0.582197,8.267635,0.0,0.0
2026-09-05 04:29:43,105507.51,72999,365,9.2305,22.4511,0.7,4.011117,,,,0.05,7.619296,0.76193,3.7e-05,1.305858,10.0,10.0,13.364202,0.0,13.364202,86.635798,65.358318,0.602051,8.267635,0.0,0.0
2026-09-05 04:34:36,105799.98,73199,366,235.6094,22.4918,0.7,9.903243,,,,0.05,9.111565,0.911156,1.5e-05,1.036191,8.0,10.0,1.79173,0.0,1.79173,98.20827,74.636315,0.635022,8.267635,0.0,0.0
2026-09-05 04:39:28,106092.31,73399,367,-279.5049,17.4131,0.7,4.270529,,,,0.05,6.970201,0.69702,4e-06,5.853748,10.0,10.0,29.693748,0.0,29.693748,70.306252,52.21673,0.677946,8.267635,0.0,0.0
2026-09-05 04:44:21,106385.44,73599,368,241.207,18.9815,0.7,5.915262,,,,0.05,8.429425,0.842943,4e-05,0.812376,8.0,10.0,0.700338,0.0,0.700338,99.299662,75.525126,0.637483,8.267635,0.0,0.0
2026-09-05 04:49:14,106678.31,73799,369,227.2249,21.2515,0.7,1.717815,,,,0.05,8.419368,0.841937,3.9e-05,1.747325,10.0,10.0,1.185981,0.0,1.185981,98.814019,75.391962,0.681071,8.267635,0.0,0.0
2026-09-05 04:54:06,106970.6,73999,370,67.6447,27.4966,0.7,14.257974,,,,0.05,6.50869,0.650869,9e-06,1.482124,10.0,10.0,7.83782,0.0,7.83782,92.16218,68.938071,0.621682,8.267635,0.0,0.0
2026-09-05 04:58:59,107263.26,74199,371,-66.4355,31.5581,0.7,3.81664,,,,0.05,4.702397,0.47024,1.1e-05,4.7198,10.0,10.0,12.623655,0.0,12.623655,87.376345,65.036387,0.757302,8.267635,0.0,0.0
2026-09-05 05:03:52,107556.58,74399,372,-761.6988,26.6419,0.7,2.068001,,,,0.05,3.015632,0.301563,5e-06,5.005779,10.0,10.0,51.267229,0.0,51.267229,48.732771,34.255338,0.753242,8.267635,0.0,0.0
2026-09-05 05:08:45,107849.56,74599,373,18.5657,28.6878,0.7,7.393079,,,,0.05,3.442862,0.344286,4e-05,1.375438,10.0,10.0,5.203526,0.0,5.203526,94.796474,72.096195,0.797835,8.267635,0.0,0.0
2026-09-05 05:13:38,108141.88,74799,374,-59.9025,31.169,0.7,7.491447,,,,0.05,3.747687,0.374769,1.2e-05,2.575839,10.0,10.0,10.528166,0.0,10.528166,89.471834,67.676546,0.777471,8.267635,0.0,0.0
2026-09-05 05:18:30,108434.58,74999,375,43.8662,31.7235,0.7,2.100047,,,,0.05,4.414123,0.441412,3.8e-05,1.350939,10.0,10.0,5.564114,0.0,5.564114,94.435886,71.335129,0.797233,8.847719,0.0,0.0
2026-09-05 05:23:23,108727.78,75199,376,-57.8508,28.3147,0.7,4.150714,,,,0.05,6.182396,0.61824,1.6e-05,2.640762,10.0,10.0,13.925151,0.0,13.925151,86.074849,64.574996,0.761226,8.847719,0.0,0.0
2026-09-05 05:28:16,109020.31,75399,377,268.2977,33.5841,0.7,8.523159,,,,0.05,9.357618,0.935762,3.8e-05,0.469254,4.0,9.0,0.051885,0.0,0.051885,99.948115,75.854592,0.714205,8.847719,0.0,0.0
2026-09-05 05:33:09,109313.32,75599,378,-351.7976,31.853,0.7,12.116169,,,,0.05,6.951285,0.695129,3.7e-05,4.624619,10.0,10.0,32.051261,0.0,32.051261,67.948739,49.654428,0.709102,8.847719,0.0,0.0
2026-09-05 05:38:02,109606.05,75799,379,109.5756,33.026,0.7,1.748925,,,,0.05,10.376175,1.037617,1.3e-05,2.936309,10.0,10.0,10.634001,0.0,10.634001,89.365999,67.181573,0.743276,8.847719,0.0,0.0
2026-09-05 05:42:55,109899.19,75999,380,271.8117,35.3096,0.7,4.834313,,,,0.05,11.93462,1.193462,3.9e-05,1.442594,10.0,10.0,3.751684,0.0,3.751684,96.248316,73.316315,0.73015,8.847719,0.0,0.0
2026-09-05 05:47:47,110191.57,76199,381,-105.1554,32.5189,0.7,6.934913,,,,0.05,6.607011,0.660701,6e-06,2.452612,10.0,10.0,17.133739,0.0,17.133739,82.866261,62.436554,0.645277,8.847719,0.0,0.0
2026-09-05 05:52:40,110484.69,76399,382,173.2628,41.1184,0.7,2.847847,,,,0.05,9.444563,0.944456,8e-06,1.601075,10.0,10.0,5.897798,0.0,5.897798,94.102202,71.72216,0.606243,8.847719,0.0,0.0
2026-09-05 05:57:34,110777.9,76599,383,123.1893,42.9594,0.7,4.458977,,,,0.05,9.1032,0.91032,1.2e-05,1.228138,10.0,10.0,8.503908,0.0,8.503908,91.496092,70.012374,0.64569,8.847719,0.0,0.0
2026-09-05 06:02:26,111070.6,76799,384,-173.2948,39.4914,0.7,3.310419,,,,0.05,7.815352,0.781535,1.2e-05,2.615886,10.0,10.0,23.227942,0.0,23.227942,76.772058,57.374535,0.582169,8.847719,0.0,0.0
2026-09-05 06:07:19,111363.25,76999,385,290.259,41.5069,0.7,3.771667,,,,0.05,9.684916,0.968492,1.88675,0.221902,2.0,3.0,0.0,0.0,0.0,100.0,77.355261,0.592295,8.847719,0.0,0.0
2026-09-05 06:12:12,111656.71,77199,386,291.0822,45.3265,0.7,4.370512,,,,0.05,10.099233,1.009923,7e-06,0.3047,2.0,4.0,0.0,0.0,0.0,100.0,77.29152,0.654276,8.847719,0.0,0.0
2026-09-05 06:17:05,111949.45,77399,387,-70.3876,44.7107,0.7,4.80355,,,,0.05,4.971243,0.497124,3.9e-05,1.012106,10.0,10.0,12.687359,0.0,12.687359,87.312641,66.391252,0.641606,8.847719,0.0,0.0
2026-09-05 06:21:58,112242.54,77599,388,-405.1069,41.9896,0.7,2.562025,,,,0.05,2.3853,0.23853,3.6e-05,1.544835,10.0,10.0,27.220396,0.0,27.220396,72.779604,54.49033,0.869826,8.847719,0.0,0.0
2026-09-05 06:26:51,112535.62,77799,389,-517.7608,37.4619,0.7,3.054625,,,,0.05,5.474675,0.547468,1.1e-05,3.159034,10.0,10.0,37.894772,0.0,37.894772,62.105228,45.595391,0.61761,8.847719,0.0,0.0
2026-09-05 06:31:44,112828.85,77999,390,-224.8642,33.191,0.7,9.126013,,,,0.05,4.548691,0.454869,6e-06,3.592848,10.0,10.0,20.582808,0.0,20.582808,79.417192,58.152359,0.710342,8.847719,0.0,0.0
2026-09-05 06:36:38,113121.95,78199,391,-250.9584,27.6177,0.7,5.009734,,,,0.05,7.866977,0.786698,1.1e-05,1.508478,10.0,10.0,27.645396,0.0,27.645396,72.354604,53.547989,0.607124,8.847719,0.0,0.0
2026-09-05 06:41:30,113414.71,78399,392,97.9407,34.0533,0.7,6.733101,,,,0.05,6.451471,0.645147,3.8e-05,3.151962,10.0,10.0,5.870095,0.0,5.870095,94.129905,70.286764,0.698444,8.847719,0.0,0.0
2026-09-05 06:46:23,113707.64,78599,393,-128.0103,29.4626,0.7,2.664644,,,,0.05,8.276493,0.827649,1.5e-05,3.026875,10.0,10.0,21.214149,0.0,21.214149,78.785851,58.75721,0.610829,8.847719,0.0,0.0
2026-09-05 06:51:17,114001.01,78799,394,33.2067,27.5899,0.7,4.473571,,,,0.05,8.333416,0.833342,5e-06,2.901658,10.0,10.0,11.694822,0.0,11.694822,88.305178,66.197031,0.669225,8.847719,0.0,0.0
2026-09-05 06:56:10,114293.98,78999,395,-678.7994,20.4359,0.7,3.019569,,,,0.05,3.895558,0.389556,3.5e-05,6.362863,10.0,10.0,45.293381,0.0,45.293381,54.706619,38.921961,0.712621,8.847719,0.0,0.0
2026-09-05 07:01:03,114587.02,79199,396,224.8641,23.938,0.7,5.236594,,,,0.05,8.098216,0.809822,1.6e-05,1.189144,8.0,10.0,0.772072,0.0,0.772072,99.227928,75.598408,0.681209,8.847719,0.0,0.0
2026-09-05 07:05:56,114879.98,79399,397,20.5577,24.5568,0.7,4.041667,,,,0.05,9.100526,0.910053,8e-06,1.033546,10.0,10.0,13.12122,0.0,13.12122,86.87878,66.418393,0.63984,8.847719,0.0,0.0
2026-09-05 07:10:48,115172.78,79599,398,311.8459,25.2238,0.7,3.740904,,,,0.05,11.17515,1.117515,7e-06,0.195034,1.0,3.0,0.0,0.0,0.0,100.0,76.606898,0.696259,8.847719,0.0,0.0
2026-09-05 07:15:41,115465.47,79799,399,297.4142,29.0612,0.7,3.108682,,,,0.05,10.654053,1.065405,3.8e-05,0.095733,1.0,1.0,0.0,0.0,0.0,100.0,76.70656,0.749055,8.847719,0.0,0.0
2026-09-05 07:20:33,115757.71,79999,400,146.7083,31.1767,0.7,8.928507,,,,0.05,6.753675,0.675367,3.9e-05,1.551138,10.0,10.0,2.66947,0.0,2.66947,97.33053,74.270148,0.763248,8.847719,0.0,0.0
2026-09-05 07:25:26,116050.43,80199,401,253.1165,32.2703,0.7,2.561066,,,,0.05,8.926995,0.8927,1.3e-05,0.296896,2.0,4.0,0.0,0.0,0.0,100.0,76.73216,0.693906,8.847719,0.0,0.0
2026-09-05 07:30:19,116343.17,80399,402,233.0816,34.2701,0.7,3.698049,,,,0.05,8.419462,0.841946,3.8e-05,0.912831,6.0,10.0,0.512546,0.0,0.512546,99.487454,75.340245,0.669407,8.847719,0.0,0.0
2026-09-05 07:35:12,116636.0,80599,403,81.4926,31.4396,0.7,11.215978,,,,0.05,5.09169,0.509169,3.9e-05,2.245541,9.0,10.0,4.173823,0.0,4.173823,95.826177,70.126934,0.754353,8.847719,0.0,0.0
2026-09-05 07:40:04,116928.32,80799,404,119.7842,29.3812,0.7,33.203907,,,,0.05,4.633299,0.46333,3.8e-05,2.191272,9.0,10.0,0.805282,0.0,0.805282,99.194718,73.192229,0.848283,8.847719,0.0,0.0
2026-09-05 07:44:56,117220.16,80999,405,-16.3281,26.405,0.7,17.320549,,,,0.05,6.701257,0.670126,1.2e-05,1.805896,10.0,10.0,12.313755,0.0,12.313755,87.686245,65.868988,0.663203,8.847719,0.0,0.0
2026-09-05 07:49:48,117512.33,81199,406,-49.7239,25.1868,0.7,8.216736,,,,0.05,6.804691,0.680469,3.8e-05,2.52793,10.0,10.0,14.409451,0.0,14.409451,85.590549,65.331496,0.668234,8.847719,0.0,0.0
2026-09-05 07:54:41,117805.01,81399,407,-35.7215,24.8209,0.7,6.106256,,,,0.05,7.477416,0.747742,3.8e-05,1.837245,10.0,10.0,14.649196,0.0,14.649196,85.350804,64.480506,0.605702,8.847719,0.0,0.0
2026-09-05 07:59:33,118097.72,81599,408,-377.7871,22.3699,0.7,11.626749,,,,0.05,3.585704,0.35857,1.1e-05,4.480925,10.0,10.0,27.709944,0.0,27.709944,72.290056,53.164815,0.762009,8.847719,0.0,0.0
2026-09-05 08:04:26,118390.16,81799,409,-213.7041,20.6932,0.7,4.952101,,,,0.05,3.571386,0.357139,3.8e-05,2.441843,10.0,10.0,18.362674,0.0,18.362674,81.637326,61.448069,0.683329,8.847719,0.0,0.0
2026-09-05 08:09:18,118682.7,81999,410,133.5109,19.8592,0.7,5.41101,,,,0.05,5.039482,0.503948,1.2e-05,1.541113,9.0,10.0,1.054051,0.0,1.054051,98.945949,75.484826,0.700606,8.847719,0.0,0.0
2026-09-05 08:14:11,118975.21,82199,411,-554.2497,13.7979,0.7,9.394775,,,,0.05,2.121009,0.212101,3.5e-05,6.231054,10.0,10.0,35.195652,0.0,35.195652,64.804348,47.019258,0.90266,8.847719,0.0,0.0
2026-09-05 08:19:03,119267.49,82399,412,152.3093,14.0938,0.7,18.279726,,,,0.05,5.573409,0.557341,4.1e-05,0.538668,5.0,8.0,1.068227,0.0,1.068227,98.931773,75.987213,0.759182,8.847719,0.0,0.0
2026-09-05 08:23:55,119559.64,82599,413,27.5351,14.1016,0.7,3.34821,,,,0.05,6.059891,0.605989,4.1e-05,3.18289,10.0,10.0,8.604891,0.0,8.604891,91.395109,68.308403,0.609633,8.847719,0.0,0.0
2026-09-05 08:28:47,119851.27,82799,414,41.5364,14.8176,0.7,2.81981,,,,0.05,4.533839,0.453384,3.9e-05,4.751861,10.0,10.0,5.638979,0.0,5.638979,94.361021,70.813081,0.764225,8.847719,0.0,0.0
2026-09-05 08:33:39,120143.4,82999,415,-277.8525,12.2282,0.7,5.460492,,,,0.05,4.952187,0.495219,1.2e-05,1.939859,10.0,10.0,23.774449,0.0,23.774449,76.225551,57.308449,0.660816,8.847719,0.0,0.0
2026-09-05 08:38:31,120435.79,83199,416,-265.9215,9.9111,0.7,2.79714,,,,0.05,4.227902,0.42279,8e-06,2.260125,10.0,10.0,22.447554,0.0,22.447554,77.552446,58.374748,0.741249,8.847719,0.0,0.0
2026-09-05 08:43:23,120727.54,83399,417,252.2589,13.7364,0.7,3.37595,,,,0.05,8.451606,0.845161,1.1e-05,0.140712,1.0,2.0,0.0,0.0,0.0,100.0,77.0752,0.610246,8.847719,0.0,0.0
2026-09-05 08:48:15,121019.78,83599,418,-213.2661,14.159,0.7,4.573149,,,,0.05,8.963863,0.896386,3.5e-05,3.970874,10.0,10.0,27.181493,0.0,27.181493,72.818507,53.407255,0.648668,8.847719,0.0,0.0
2026-09-05 08:53:08,121312.3,83799,419,-109.3319,14.125,0.7,5.846299,,,,0.05,5.668568,0.566857,3.7e-05,2.747366,10.0,10.0,15.941956,0.0,15.941956,84.058044,62.983179,0.808941,8.847719,0.0,0.0
2026-09-05 08:58:00,121604.58,83999,420,110.8497,16.531,0.7,6.024362,,,,0.05,11.461915,1.146191,3.7e-05,2.153017,10.0,10.0,12.162457,0.0,12.162457,87.837543,65.087273,0.728163,8.847719,0.0,0.0
2026-09-05 09:02:53,121896.86,84199,421,-36.0272,14.6513,0.7,3.021273,,,,0.05,11.35479,1.135479,1.2e-05,2.10473,10.0,10.0,19.565762,0.0,19.565762,80.434238,59.773613,0.701278,8.847719,0.0,0.0
2026-09-05 09:07:45,122189.02,84399,422,76.7921,18.1337,0.7,6.730873,,,,0.05,7.921906,0.792191,4e-05,2.286881,10.0,10.0,9.193519,0.0,9.193519,90.806481,68.271044,0.713411,8.847719,0.0,0.0
2026-09-05 09:12:36,122480.81,84599,423,58.0076,16.2766,0.7,12.055719,,,,0.05,4.570481,0.457048,1.6e-05,1.430521,10.0,10.0,4.588594,0.0,4.588594,95.411406,72.483208,0.724161,8.847719,0.0,0.0
2026-09-05 09:17:29,122773.16,84799,424,-611.5075,13.8346,0.7,10.535349,,,,0.05,3.289435,0.328944,1e-05,2.96819,10.0,10.0,40.263928,0.0,40.263928,59.736072,43.916915,0.784569,8.847719,0.0,0.0
2026-09-05 09:22:20,123064.78,84999,425,157.2208,15.7402,0.7,6.272953,,,,0.05,5.41766,0.541766,1.4e-05,0.035131,0.0,1.0,0.0,0.0,0.0,100.0,77.16864,0.711601,8.847719,0.0,0.0
2026-09-05 09:27:13,123356.87,85199,426,-230.049,11.9865,0.7,6.308537,,,,0.05,3.99534,0.399534,3.8e-05,4.241797,10.0,10.0,19.956199,0.0,19.956199,80.043801,59.437941,0.774071,8.847719,0.0,0.0
2026-09-05 09:32:05,123648.92,85399,427,45.0855,9.5419,0.7,9.709676,,,,0.05,8.53753,0.853753,3.9e-05,2.827614,10.0,10.0,10.939961,0.0,10.939961,89.060039,67.274158,0.699357,8.847719,0.0,0.0
2026-09-05 09:36:57,123940.92,85599,428,-179.7099,5.8337,0.7,9.059595,,,,0.05,9.406597,0.94066,3.9e-05,1.731516,10.0,10.0,25.117398,0.0,25.117398,74.882602,56.413825,0.599171,8.847719,0.0,0.0
2026-09-05 09:41:48,124232.68,85799,429,-35.4458,3.2863,0.7,3.74818,,,,0.05,9.453615,0.945362,4e-05,0.922134,6.0,10.0,17.807039,0.0,17.807039,82.192961,62.251659,0.57889,8.847719,0.0,0.0
2026-09-05 09:46:41,124525.2,85999,430,-522.6013,1.4353,0.7,7.869108,,,,0.05,6.300075,0.630007,3.7e-05,3.513041,10.0,10.0,39.846286,0.0,39.846286,60.153714,44.538323,0.604584,8.847719,0.0,0.0
2026-09-05 09:51:33,124817.65,86199,431,-22.5662,-0.7892,0.7,6.075072,,,,0.05,6.072934,0.607293,1.2e-05,4.618092,10.0,10.0,11.633737,0.0,11.633737,88.366263,66.167616,0.748021,8.847719,0.0,0.0
2026-09-05 09:56:25,125109.56,86399,432,85.1425,-1.5654,0.7,4.570463,,,,0.05,11.584647,1.158465,3.7e-05,1.06862,10.0,10.0,14.079891,0.0,14.079891,85.920109,65.191448,0.558841,8.847719,0.0,0.0
2026-09-05 10:01:17,125401.71,86599,433,214.2027,-0.3207,0.7,3.290539,,,,0.05,7.430644,0.743064,1.1e-05,1.190298,9.0,10.0,0.417013,0.0,0.417013,99.582987,76.130483,0.674603,8.847719,0.0,0.0
2026-09-05 10:06:09,125693.79,86799,434,330.0105,6.4575,0.7,3.995975,,,,0.05,11.350948,1.135095,1.2e-05,0.153326,1.0,2.0,0.0,0.0,0.0,100.0,76.403201,0.607749,8.847719,0.0,0.0
2026-09-05 10:11:02,125986.21,86999,435,-273.624,3.9707,0.7,9.591991,,,,0.05,6.206116,0.620612,8e-06,2.473303,10.0,10.0,25.465033,0.0,25.465033,74.534967,55.866365,0.664317,8.847719,0.0,0.0
2026-09-05 10:15:54,126278.1,87199,436,21.65,1.5908,0.7,4.861686,,,,0.05,6.444465,0.644447,1e-05,1.364025,10.0,10.0,9.507118,0.0,9.507118,90.492882,68.049594,0.643362,8.847719,0.0,0.0
2026-09-05 10:20:46,126569.88,87399,437,-264.6338,-3.7097,0.7,5.342704,,,,0.05,7.937934,0.793793,8e-06,2.665246,10.0,10.0,27.89604,0.0,27.89604,72.10396,53.028221,0.607689,8.847719,0.0,0.0
2026-09-05 10:25:37,126861.6,87599,438,221.7704,-4.5838,0.7,7.43867,,,,0.05,7.422349,0.742235,1e-05,0.788341,4.0,8.0,0.0,0.0,0.0,100.0,76.918919,0.556538,9.568707,0.0,0.0
2026-09-05 10:30:29,127153.48,87799,439,258.4989,-5.0076,0.7,11.25657,,,,0.05,8.662362,0.866236,9e-06,0.110763,1.0,1.0,0.0,0.0,0.0,100.0,74.352646,0.527557,9.568707,0.0,0.0
2026-09-05 10:35:21,127445.07,87999,440,-183.3669,-8.9697,0.7,4.352574,,,,0.05,5.720534,0.572053,1.4e-05,2.481301,10.0,10.0,18.71431,0.0,18.71431,81.28569,60.816904,0.626247,9.568707,0.0,0.0
2026-09-05 10:40:12,127736.84,88199,441,-21.3629,-9.4302,0.7,5.65464,,,,0.05,6.340082,0.634008,1.4e-05,1.249214,10.0,10.0,10.954152,0.0,10.954152,89.045848,67.689852,0.774628,9.568707,0.0,0.0
2026-09-05 10:45:04,128028.83,88399,442,-698.0876,-19.1565,0.7,5.314952,,,,0.05,3.674395,0.367439,7e-06,5.428129,10.0,10.0,42.168735,0.0,42.168735,57.831265,41.19875,0.71364,9.568707,0.0,0.0
2026-09-05 10:49:56,128320.63,88599,443,-294.0406,-20.8252,0.7,36.352165,,,,0.05,6.991045,0.699105,3.9e-05,1.65794,10.0,10.0,25.930366,0.0,25.930366,74.069634,55.483291,0.594654,9.568707,0.0,0.0
2026-09-05 10:54:48,128612.67,88799,444,-20.4101,-20.2592,0.7,15.927577,,,,0.05,7.550219,0.755022,3.7e-05,1.740717,10.0,10.0,12.937301,0.0,12.937301,87.062699,66.378952,0.687278,9.568707,0.0,0.0
2026-09-05 10:59:40,128904.68,88999,445,-451.87,-26.1929,0.7,4.045018,,,,0.05,6.575524,0.657552,3.9e-05,3.431183,10.0,10.0,33.833497,0.0,33.833497,66.166503,48.672628,0.581213,9.568707,0.0,0.0
2026-09-05 11:04:33,129197.29,89199,446,285.6639,-22.903,0.7,3.347757,,,,0.05,9.860256,0.986026,9e-06,0.248147,1.0,3.0,0.0,0.0,0.0,100.0,76.678071,0.605458,9.568707,0.0,0.0
2026-09-05 11:09:25,129489.79,89399,447,72.9743,-22.5968,0.7,4.266747,,,,0.05,6.862649,0.686265,1.1e-05,2.56023,10.0,10.0,6.720421,0.0,6.720421,93.279579,70.19747,0.698284,9.568707,0.0,0.0
2026-09-05 11:14:18,129781.92,89599,448,-60.2974,-25.1761,0.7,4.863889,,,,0.05,6.518509,0.651851,1.4e-05,2.47047,10.0,10.0,13.389527,0.0,13.389527,86.610473,64.839896,0.647881,9.568707,0.0,0.0
2026-09-05 11:19:10,130074.25,89799,449,-121.2629,-29.3811,0.7,4.840869,,,,0.05,5.186253,0.518625,5e-06,2.367133,10.0,10.0,14.630606,0.0,14.630606,85.369394,64.023329,0.66383,9.568707,0.0,0.0
2026-09-05 11:24:02,130366.53,89999,450,181.9472,-24.886,0.7,10.101879,,,,0.05,6.088023,0.608802,1.3e-05,0.884552,5.0,8.0,0.0,0.0,0.0,100.0,76.380613,0.671773,9.568707,0.0,0.0
2026-09-05 11:28:54,130658.84,90199,451,-385.5562,-31.1206,0.7,5.813288,,,,0.05,6.150121,0.615012,4e-06,3.93547,10.0,10.0,29.432163,0.0,29.432163,70.567837,52.052543,0.725514,9.568707,0.0,0.0
2026-09-05 11:33:47,130951.06,90399,452,207.0073,-30.3978,0.7,5.154035,,,,0.05,10.993259,1.099326,3.6e-05,1.518411,10.0,10.0,5.491223,0.0,5.491223,94.508777,71.839851,0.695241,9.568707,0.0,0.0
2026-09-05 11:38:39,131243.45,90599,453,-228.5351,-31.7967,0.7,9.520246,,,,0.05,7.636031,0.763603,1.7e-05,1.834026,10.0,10.0,23.624579,0.0,23.624579,76.375421,57.183849,0.621145,9.568707,0.0,0.0
2026-09-05 11:43:31,131535.56,90799,454,-151.4661,-32.2015,0.7,5.637327,,,,0.05,5.148536,0.514854,3.8e-05,3.44332,10.0,10.0,16.214059,0.0,16.214059,83.785941,62.925468,0.791244,9.568707,0.0,0.0
2026-09-05 11:48:23,131827.59,90999,455,258.2196,-32.3572,0.7,7.614058,,,,0.05,9.80424,0.980424,3.7e-05,0.156449,1.0,2.0,0.0,0.0,0.0,100.0,77.0624,0.748705,9.568707,0.0,0.0
2026-09-05 11:53:15,132119.59,91199,456,-368.8598,-33.687,0.7,15.42079,,,,0.05,4.704313,0.470431,1.4e-05,2.667302,10.0,10.0,26.588867,0.0,26.588867,73.411133,54.613718,0.721901,9.568707,0.0,0.0
2026-09-05 11:58:07,132411.6,91399,457,-479.421,-37.0733,0.7,6.591627,,,,0.05,3.914305,0.39143,1.1e-05,1.218725,10.0,10.0,31.136681,0.0,31.136681,68.863319,51.687174,0.67991,9.568707,0.0,0.0
2026-09-05 12:03:00,132703.9,91599,458,-69.6993,-38.2478,0.7,3.642981,,,,0.05,5.231057,0.523106,1.4e-05,1.288357,10.0,10.0,11.898953,0.0,11.898953,88.101047,67.388498,0.676824,9.568707,0.0,0.0
2026-09-05 12:07:52,132996.4,91799,459,-116.4664,-40.7379,0.7,4.074508,,,,0.05,4.181364,0.418136,1e-05,0.835724,6.0,10.0,12.719562,0.0,12.719562,87.280438,66.193662,0.745405,9.568707,0.0,0.0
2026-09-05 12:12:44,133288.62,91999,460,-56.0756,-44.9449,0.7,6.742758,,,,0.05,3.311034,0.331103,8e-06,1.181877,10.0,10.0,8.173503,0.0,8.173503,91.826497,69.645072,0.801151,9.568707,0.0,0.0
2026-09-05 12:17:36,133580.52,92199,461,-711.7655,-50.1214,0.7,5.841945,,,,0.05,2.209255,0.220926,1.4e-05,3.130427,10.0,10.0,39.982917,0.0,39.982917,60.017083,43.670631,0.786274,9.568707,0.0,0.0
2026-09-05 12:22:28,133872.65,92399,462,-520.2183,-58.8738,0.7,23.105303,,,,0.05,4.057667,0.405767,1.2e-05,3.331788,10.0,10.0,33.728533,0.0,33.728533,66.271467,48.602024,0.754304,9.568707,0.0,0.0
2026-09-05 12:27:21,134164.87,92599,463,-907.8863,-68.6482,0.7,6.45565,,,,0.05,4.855349,0.485535,3.9e-05,6.094008,10.0,10.0,54.464479,0.0,54.464479,45.535521,31.059765,0.56587,9.568707,0.0,0.0
2026-09-05 12:32:12,134456.63,92799,464,-76.5262,-69.6172,0.7,6.488256,,,,0.05,7.396876,0.739688,3.7e-05,0.583914,3.0,10.0,15.584222,0.0,15.584222,84.415778,64.387384,0.632553,9.568707,0.0,0.0
2026-09-05 12:37:04,134748.69,92999,465,257.6013,-67.1335,0.7,8.881409,,,,0.05,8.800085,0.880009,3.9e-05,0.13748,1.0,1.0,0.0,0.0,0.0,100.0,76.591814,0.699395,9.568707,0.0,0.0
2026-09-05 12:41:57,135041.03,93199,466,207.4389,-67.4152,0.7,16.833801,,,,0.05,7.713551,0.771355,3.9e-05,0.641716,5.0,7.0,0.0,0.0,0.0,100.0,76.88192,0.741754,9.568707,0.0,0.0
2026-09-05 12:46:48,135332.64,93399,467,-160.9487,-66.2296,0.7,7.559864,,,,0.05,6.699734,0.669973,3.5e-05,1.807736,9.0,10.0,19.226529,0.0,19.226529,80.773471,60.448867,0.5991,9.568707,0.0,0.0
2026-09-05 12:51:41,135625.26,93599,468,-116.165,-69.8034,0.7,7.403595,,,,0.05,7.685767,0.768577,1.7e-05,2.265062,10.0,10.0,17.211051,0.0,17.211051,82.788949,61.752906,0.697543,9.568707,0.0,0.0
2026-09-05 12:56:33,135917.17,93799,469,295.4762,-69.1208,0.7,5.015184,,,,0.05,11.324142,1.132414,1.5e-05,0.304565,2.0,4.0,0.0,0.0,0.0,100.0,76.09856,0.721045,9.568707,0.0,0.0
2026-09-05 13:01:25,136208.95,93999,470,-309.1894,-72.8892,0.7,7.665998,,,,0.05,9.878946,0.987895,3.7e-05,1.363278,10.0,10.0,31.03669,0.0,31.03669,68.96331,50.923233,0.714918,9.568707,0.0,0.0
2026-09-05 13:06:18,136501.87,94199,471,-19.4296,-72.4191,0.7,9.198034,,,,0.05,10.159408,1.015941,1.1e-05,2.377583,10.0,10.0,15.807497,0.0,15.807497,84.192503,62.701617,0.703597,9.568707,0.0,0.0
2026-09-05 13:11:10,136794.55,94399,472,285.8667,-61.9435,0.7,6.406816,,,,0.05,9.747531,0.974753,3.8e-05,0.867885,4.0,7.0,0.126846,0.0,0.126846,99.873154,76.550536,0.577289,9.568707,0.0,0.0
2026-09-05 13:16:02,137086.38,94599,473,-570.3027,-67.8322,0.7,13.346899,,,,0.05,4.696283,0.469628,1.5e-05,1.933847,10.0,10.0,37.468958,0.0,37.468958,62.531042,46.404325,0.570099,9.568707,0.0,0.0
2026-09-05 13:20:55,137378.88,94799,474,134.16,-65.8915,0.7,8.522499,,,,0.05,8.237066,0.823707,3.8e-05,1.810817,10.0,10.0,5.486317,0.0,5.486317,94.513683,71.512682,0.719216,9.568707,0.0,0.0
2026-09-05 13:25:47,137671.26,94999,475,277.3227,-63.557,0.7,3.776584,,,,0.05,9.633408,0.963341,3.8e-05,1.063455,7.0,9.0,0.129325,0.0,0.129325,99.870675,76.675442,0.590499,9.568707,0.0,0.0
2026-09-05 13:30:39,137963.61,95199,476,48.6335,-62.4921,0.7,6.959902,,,,0.05,10.087138,1.008714,3.9e-05,1.778487,10.0,10.0,12.673418,0.0,12.673418,87.326582,66.258571,0.714429,9.568707,0.0,0.0
2026-09-05 13:35:32,138256.28,95399,477,-383.6187,-69.0113,0.7,3.574115,,,,0.05,10.682406,1.068241,1e-05,3.146416,10.0,10.0,36.253033,0.0,36.253033,63.746967,46.81054,0.606794,9.568707,0.0,0.0
2026-09-05 13:40:24,138548.42,95599,478,325.1099,-62.2422,0.7,10.886284,,,,0.05,14.203269,1.420327,3.8e-05,1.037294,8.0,10.0,1.008219,0.0,1.008219,98.991781,76.17171,0.739994,9.568707,0.0,0.0
2026-09-05 13:45:16,138840.23,95799,479,359.7799,-59.7402,0.7,14.302123,,,,0.05,12.283647,1.228365,1.8e-05,0.738459,4.0,6.0,0.0,0.0,0.0,100.0,76.72448,0.612773,9.568707,0.0,0.0
2026-09-05 13:50:08,139132.75,95999,480,35.6985,-62.1013,0.7,5.054604,,,,0.05,8.843934,0.884393,1.2e-05,0.77344,10.0,10.0,12.225784,0.0,12.225784,87.774216,66.600629,0.580727,9.568707,0.0,0.0
2026-09-05 13:55:01,139424.99,96199,481,21.2605,-60.8371,0.7,3.490658,,,,0.05,6.703103,0.67031,3.8e-05,1.106078,10.0,10.0,9.578896,0.0,9.578896,90.421104,68.555202,0.717301,9.568707,0.0,0.0
2026-09-05 13:59:52,139716.83,96399,482,-313.695,-65.7067,0.7,3.282107,,,,0.05,6.15457,0.615457,1.2e-05,1.680396,10.0,10.0,25.984067,0.0,25.984067,74.015933,55.193591,0.629954,9.568707,0.0,0.0
2026-09-05 14:04:45,140009.56,96599,483,140.4221,-65.5344,0.7,4.110913,,,,0.05,4.680738,0.468074,7e-06,0.152873,1.0,2.0,0.0,0.0,0.0,100.0,76.512,0.569919,9.568707,0.0,0.0
2026-09-05 14:09:38,140302.32,96799,484,-835.2045,-72.1535,0.7,12.361805,,,,0.05,2.218049,0.221805,1.5e-05,4.980749,10.0,10.0,47.422009,0.0,47.422009,52.577991,37.4326,0.896556,9.568707,0.0,0.0
2026-09-05 14:14:30,140594.31,96999,485,136.7565,-73.6885,0.7,8.917618,,,,0.05,4.683232,0.468323,7e-06,0.698929,4.0,6.0,0.0,0.0,0.0,100.0,76.12387,0.759268,9.568707,0.0,0.0
2026-09-05 14:19:22,140886.84,97199,486,146.9971,-75.1294,0.7,6.637358,,,,0.05,5.221424,0.522142,1.4e-05,0.320123,2.0,6.0,0.0,0.0,0.0,100.0,76.57856,0.751254,9.568707,0.0,0.0
2026-09-05 14:24:16,141180.02,97399,487,-433.4583,-78.7601,0.7,4.58752,,,,0.05,5.165597,0.51656,1.2e-05,1.181426,10.0,10.0,30.453582,0.0,30.453582,69.546418,51.879899,0.618755,9.568707,0.0,0.0
2026-09-05 14:29:07,141471.85,97599,488,-953.0617,-84.2396,0.7,5.617392,,,,0.05,3.277621,0.327762,3.6e-05,4.914873,10.0,10.0,54.951518,0.0,54.951518,45.048482,31.899227,0.762366,9.568707,0.0,0.0
2026-09-05 14:34:00,141764.71,97799,489,120.3796,-77.8582,0.7,5.070499,,,,0.05,4.043266,0.404327,1.5e-05,0.207919,1.0,3.0,0.0,0.0,0.0,100.0,76.55296,0.766112,9.568707,0.0,0.0
2026-09-05 14:38:53,142057.11,97999,490,68.665,-74.9229,0.7,10.957786,,,,0.05,4.680657,0.468066,3.8e-05,1.806136,10.0,10.0,3.811708,0.0,3.811708,96.188292,72.903373,0.66106,9.568707,0.0,0.0
2026-09-05 14:43:44,142348.71,98199,491,208.5215,-70.3281,0.7,17.50036,,,,0.05,7.217236,0.721724,3.9e-05,0.37001,3.0,6.0,0.0,0.0,0.0,100.0,76.803655,0.650764,9.568707,0.0,0.0
2026-09-05 14:48:36,142640.61,98399,492,132.8544,-69.979,0.7,5.881182,,,,0.05,8.536662,0.853666,3.8e-05,1.463307,10.0,10.0,6.049366,0.0,6.049366,93.950634,69.355765,0.574794,9.568707,0.0,0.0
2026-09-05 14:53:28,142932.29,98599,493,-1031.0065,-79.0089,0.7,2.923178,,,,0.05,2.579085,0.257909,3.7e-05,5.17533,10.0,10.0,57.977334,0.0,57.977334,42.022666,28.928931,0.865431,9.568707,0.0,0.0
2026-09-05 14:58:20,143224.44,98799,494,-521.8627,-84.5596,0.7,3.45243,,,,0.05,4.424541,0.442454,3.7e-05,2.697399,10.0,10.0,34.335735,0.0,34.335735,65.664265,48.866004,0.670955,9.568707,0.0,0.0
2026-09-05 15:03:12,143516.74,98999,495,79.8573,-76.9731,0.7,5.429695,,,,0.05,8.219619,0.821962,3.8e-05,2.35292,10.0,10.0,8.64686,0.0,8.64686,91.35314,69.634198,0.671393,9.568707,0.0,0.0
2026-09-05 15:08:04,143808.68,99199,496,60.1576,-78.6201,0.7,5.182951,,,,0.05,4.406709,0.440671,1.4e-05,2.035848,10.0,10.0,4.096707,0.0,4.096707,95.903293,72.852631,0.776748,9.568707,0.0,0.0
2026-09-05 15:12:56,144100.47,99399,497,-223.1821,-81.0575,0.7,8.066049,,,,0.05,4.452158,0.445216,3.7e-05,1.44955,8.0,10.0,18.868145,0.0,18.868145,81.131855,61.34617,0.69061,9.568707,0.0,0.0
2026-09-05 15:17:48,144392.16,99599,498,196.091,-82.2151,0.7,6.276645,,,,0.05,6.709298,0.67093,3.9e-05,0.375136,3.0,6.0,0.0,0.0,0.0,100.0,76.458443,0.751973,9.568707,0.0,0.0
2026-09-05 15:22:40,144684.27,99799,499,97.1032,-84.2182,0.7,3.972466,,,,0.05,4.394036,0.439404,1.8e-05,1.443942,10.0,10.0,1.898375,0.0,1.898375,98.101625,74.497239,0.744166,9.568707,0.0,0.0
2026-09-05 15:27:32,144976.61,99999,500,-18.0287,-85.8656,0.7,4.243139,,,,0.05,3.490136,0.349014,1.3e-05,1.729129,10.0,10.0,6.773035,0.0,6.773035,93.226965,70.657173,0.733927,10.57727,0.0,0.0
2026-09-05 15:32:25,145269.39,100199,501,-409.0137,-92.4869,0.7,11.297537,,,,0.05,5.975866,0.597587,1.5e-05,2.738668,10.0,10.0,27.94228,0.0,27.94228,72.05772,53.25249,0.61806,10.57727,0.0,0.0
2026-09-05 15:37:18,145562.35,100399,502,-84.1328,-95.659,0.7,4.105137,,,,0.05,4.592598,0.45926,3.9e-05,1.767672,10.0,10.0,10.539448,0.0,10.539448,89.460552,68.096679,0.63116,10.57727,0.0,0.0
2026-09-05 15:42:11,145855.04,100599,503,-39.9864,-96.8738,0.7,52.341084,,,,0.05,6.337233,0.633723,9e-06,1.228348,10.0,10.0,10.523511,0.0,10.523511,89.476489,67.187106,0.66076,10.57727,0.0,0.0
2026-09-05 15:47:04,146148.23,100799,504,233.834,-95.7333,0.7,6.551746,,,,0.05,8.013792,0.801379,3.9e-05,0.802664,5.0,9.0,0.0,0.0,0.0,100.0,76.864,0.634693,10.57727,0.0,0.0
2026-09-05 15:51:56,146440.71,100999,505,131.3269,-94.2568,0.7,10.456138,,,,0.05,7.493615,0.749361,1e-05,1.976234,10.0,10.0,4.358643,0.0,4.358643,95.641357,72.910676,0.713387,10.57727,0.0,0.0
2026-09-05 15:56:49,146733.74,101199,506,-458.0559,-98.3401,0.7,5.413919,,,,0.05,4.772373,0.477237,1.2e-05,2.136314,10.0,10.0,28.535,0.0,28.535,71.465,53.462051,0.694207,10.57727,0.0,0.0
2026-09-05 16:01:43,147026.87,101399,507,-189.2079,-99.8749,0.7,4.895818,,,,0.05,3.774641,0.377464,9e-06,2.599852,10.0,10.0,14.574811,0.0,14.574811,85.425189,64.06502,0.768424,10.57727,0.0,0.0
2026-09-05 16:06:37,147321.52,101599,508,173.4023,-94.363,0.7,3.835615,,,,0.05,5.859775,0.585978,7e-06,0.236079,2.0,2.0,0.0,0.0,0.0,100.0,76.477051,0.630324,10.57727,0.0,0.0
2026-09-05 16:11:31,147615.09,101799,509,-123.8144,-93.4641,0.7,4.650264,,,,0.05,4.158921,0.415892,3.7e-05,4.116138,10.0,10.0,12.037825,0.0,12.037825,87.962175,65.333716,0.777164,10.57727,0.0,0.0
2026-09-05 16:16:23,147907.35,101999,510,-92.0728,-95.72,0.7,14.691563,,,,0.05,6.056235,0.605623,1.4e-05,1.3353,8.0,10.0,12.877788,0.0,12.877788,87.122212,66.022813,0.649999,10.57727,0.0,0.0
2026-09-05 16:21:15,148199.5,102199,511,-760.5367,-97.7829,0.7,10.441492,,,,0.05,5.018394,0.501839,1.4e-05,2.83537,10.0,10.0,42.697471,0.0,42.697471,57.302529,41.840381,0.648023,10.57727,0.0,0.0
2026-09-05 16:26:07,148491.66,102399,512,-240.6855,-101.7128,0.7,6.73482,,,,0.05,5.939004,0.5939,1.1e-05,2.272271,10.0,10.0,19.50419,0.0,19.50419,80.49581,60.507964,0.791947,10.57727,0.0,0.0
2026-09-05 16:31:00,148784.0,102599,513,-623.7106,-108.2253,0.7,4.574149,,,,0.05,5.768451,0.576845,1.2e-05,0.956171,8.0,10.0,37.837838,0.0,37.837838,62.162162,46.335627,0.659479,10.57727,0.0,0.0
2026-09-05 16:35:52,149076.23,102799,514,264.5297,-105.9953,0.7,5.890132,,,,0.05,9.324861,0.932486,3.9e-05,0.082195,1.0,2.0,0.0,0.0,0.0,100.0,76.368992,0.784137,10.57727,0.0,0.0
2026-09-05 16:40:44,149368.23,102999,515,-137.9457,-104.5963,0.7,9.806982,,,,0.05,2.583296,0.25833,3.9e-05,4.661366,10.0,10.0,10.607153,0.0,10.607153,89.392847,66.098651,0.904696,10.57727,0.0,0.0
2026-09-05 16:45:36,149660.4,103199,516,-40.1195,-102.3382,0.7,11.003008,,,,0.05,5.205771,0.520577,1.1e-05,1.893739,10.0,10.0,9.322685,0.0,9.322685,90.677315,68.592318,0.68067,10.57727,0.0,0.0
2026-09-05 16:50:29,149953.16,103399,517,-128.3205,-106.144,0.7,2.776867,,,,0.05,7.515703,0.75157,1.2e-05,1.877399,8.0,10.0,16.676963,0.0,16.676963,83.323037,62.655058,0.495532,10.57727,0.0,0.0
2026-09-05 16:55:21,150245.44,103599,518,241.1736,-101.5996,0.7,4.346772,,,,0.05,8.110741,0.811074,1.4e-05,0.057769,1.0,1.0,0.0,0.0,0.0,100.0,76.68608,0.554405,10.57727,0.0,0.0
2026-09-05 17:00:13,150537.57,103799,519,248.4485,-98.0218,0.7,29.291763,,,,0.05,8.535486,0.853549,3.9e-05,0.175276,1.0,2.0,0.0,0.0,0.0,100.0,76.6208,0.64539,10.57727,0.0,0.0
2026-09-05 17:05:06,150829.91,103999,520,274.8706,-96.3816,0.7,6.761724,,,,0.05,10.186382,1.018638,3.9e-05,1.345245,8.0,10.0,1.704631,0.0,1.704631,98.295369,75.517316,0.551378,10.57727,0.0,0.0
2026-09-05 17:09:58,151122.35,104199,521,-186.2839,-97.8842,0.7,4.335117,,,,0.05,5.711516,0.571152,4.1e-05,0.565561,4.0,10.0,16.828657,0.0,16.828657,83.171343,62.991134,0.692974,10.57727,0.0,0.0
2026-09-05 17:14:50,151414.82,104399,522,240.785,-96.2443,0.7,4.343398,,,,0.05,8.092003,0.8092,3.9e-05,0.265331,2.0,3.0,0.0,0.0,0.0,100.0,76.4593,0.697946,10.57727,0.0,0.0
2026-09-05 17:19:42,151706.77,104599,523,280.7087,-94.0172,0.7,7.180582,,,,0.05,9.589062,0.958906,4.1e-05,0.137173,1.0,2.0,0.0,0.0,0.0,100.0,76.919038,0.622485,10.57727,0.0,0.0
2026-09-05 17:24:35,151999.12,104799,524,353.4901,-84.3673,0.7,3.620637,,,,0.05,12.020061,1.202006,3.9e-05,0.770439,5.0,8.0,0.0,0.0,0.0,100.0,77.153427,0.596285,10.57727,0.0,0.0
2026-09-05 17:29:27,152291.22,104999,525,195.5992,-83.9835,0.7,1019.666321,,,,0.05,11.476332,1.147633,4e-05,0.867441,7.0,10.0,6.380678,0.0,6.380678,93.619322,71.511012,0.657717,10.57727,0.0,0.0
2026-09-05 17:34:19,152583.31,105199,526,-519.9222,-86.8822,0.7,4.824384,,,,0.05,8.601298,0.86013,4e-05,5.615452,10.0,10.0,37.303277,0.0,37.303277,62.696723,45.491744,0.616463,10.57727,0.0,0.0
2026-09-05 17:39:11,152875.8,105399,527,-187.0906,-89.204,0.7,8.228431,,,,0.05,6.327138,0.632714,9e-06,3.128967,10.0,10.0,18.032841,0.0,18.032841,81.967159,61.262841,0.672089,10.57727,0.0,0.0
2026-09-05 17:44:04,153168.39,105599,528,-1038.3557,-97.7904,0.7,4.461288,,,,0.05,3.795773,0.379577,3.6e-05,6.309841,10.0,10.0,53.938889,0.0,53.938889,46.061111,32.586266,0.726861,10.57727,0.0,0.0
2026-09-05 17:48:56,153460.47,105799,529,197.6808,-95.4592,0.7,5.164502,,,,0.05,6.676297,0.66763,1.2e-05,1.053999,6.0,9.0,0.069934,0.0,0.069934,99.930066,76.638198,0.599792,10.57727,0.0,0.0
2026-09-05 17:53:48,153752.82,105999,530,-273.2552,-92.9657,0.7,3.757,,,,0.05,6.240642,0.624064,4.1e-05,1.872216,10.0,10.0,21.264349,0.0,21.264349,78.735651,59.17273,0.662657,10.57727,0.0,0.0
2026-09-05 17:58:40,154044.54,106199,531,-21.7826,-92.9579,0.7,4.261919,,,,0.05,6.044768,0.604477,3.8e-05,1.596745,10.0,10.0,9.455644,0.0,9.455644,90.544356,69.076213,0.66725,10.57727,0.0,0.0
2026-09-05 18:03:33,154337.37,106399,532,-196.779,-95.7771,0.7,3.41687,,,,0.05,5.263097,0.52631,1.6e-05,2.388762,10.0,10.0,16.831354,0.0,16.831354,83.168646,62.705014,0.705794,10.57727,0.0,0.0
2026-09-05 18:08:25,154629.09,106599,533,-236.4731,-100.2838,0.7,4.340541,,,,0.05,3.655615,0.365561,8e-06,0.694408,3.0,10.0,16.080385,0.0,16.080385,83.919615,63.727668,0.785893,10.57727,0.0,0.0
2026-09-05 18:13:17,154921.12,106799,534,44.0908,-103.143,0.7,3.873734,,,,0.05,4.614892,0.461489,4e-05,1.475723,10.0,10.0,4.596346,0.0,4.596346,95.403654,72.673133,0.778657,10.57727,0.0,0.0
2026-09-05 18:18:09,155213.63,106999,535,-261.5987,-103.0228,0.7,5.281548,,,,0.05,3.329915,0.332991,8e-06,1.448291,8.0,10.0,17.470319,0.0,17.470319,82.529681,62.792337,0.716649,10.57727,0.0,0.0
2026-09-05 18:23:01,155505.74,107199,536,131.1075,-101.9282,0.7,10.659073,,,,0.05,4.380659,0.438066,1.2e-05,0.203522,1.0,2.0,0.0,0.0,0.0,100.0,76.98048,0.747852,10.57727,0.0,0.0
2026-09-05 18:27:54,155798.52,107399,537,259.544,-96.6864,0.7,4.704414,,,,0.05,9.362746,0.936275,1.6e-05,0.180563,1.0,3.0,0.0,0.0,0.0,100.0,77.249193,0.618868,10.57727,0.0,0.0
2026-09-05 18:32:46,156090.66,107599,538,-532.041,-104.2246,0.7,5.207616,,,,0.05,4.949036,0.494904,1.2e-05,2.807338,10.0,10.0,32.186088,0.0,32.186088,67.813912,50.473754,0.734327,10.57727,0.0,0.0
2026-09-05 18:37:39,156382.88,107799,539,261.0829,-104.1987,0.7,34.843506,,,,0.05,9.756026,0.975603,3.7e-05,1.197532,7.0,10.0,1.766784,0.0,1.766784,98.233216,74.267764,0.589493,10.57727,0.0,0.0
2026-09-05 18:42:31,156675.11,107999,540,-811.2208,-110.4772,0.7,16.542461,,,,0.05,5.577792,0.557779,3.7e-05,3.693026,10.0,10.0,46.417718,0.0,46.417718,53.582282,39.273134,0.667233,10.57727,0.0,0.0
2026-09-05 18:47:23,156966.92,108199,541,385.9542,-106.4041,0.7,5.246243,,,,0.05,13.388893,1.338889,3.9e-05,0.487497,3.0,5.0,0.0,0.0,0.0,100.0,77.601508,0.682887,10.57727,0.0,0.0
2026-09-05 18:52:15,157259.4,108399,542,300.1132,-96.4221,0.7,5.165627,,,,0.05,10.900085,1.090008,3.8e-05,0.251231,2.0,3.0,0.0,0.0,0.0,100.0,76.974094,0.637396,10.57727,0.0,0.0
2026-09-05 18:57:08,157552.11,108599,543,-72.5754,-94.2074,0.7,12.685926,,,,0.05,8.530041,0.853004,9e-06,2.26571,10.0,10.0,15.63112,0.0,15.63112,84.36888,63.546609,0.54396,10.57727,0.0,0.0
2026-09-05 19:02:00,157844.32,108799,544,204.1615,-91.9617,0.7,9.107222,,,,0.05,8.059582,0.805958,3.9e-05,0.74609,5.0,9.0,1.771873,0.0,1.771873,98.228127,75.210207,0.645786,10.57727,0.0,0.0
2026-09-05 19:06:52,158136.43,108999,545,257.9998,-84.863,0.7,5.101322,,,,0.05,8.887157,0.888716,3.9e-05,0.445028,3.0,5.0,0.0,0.0,0.0,100.0,76.750072,0.586072,10.57727,0.0,0.0
2026-09-05 19:11:44,158428.07,109199,546,-2.3627,-87.7433,0.7,6.884109,,,,0.05,4.148337,0.414834,3.7e-05,1.431241,10.0,10.0,6.153004,0.0,6.153004,93.846996,71.687115,0.791617,10.57727,0.0,0.0
2026-09-05 19:16:36,158720.14,109399,547,-215.7341,-90.6304,0.7,5.186069,,,,0.05,3.951173,0.395117,3.7e-05,1.937521,10.0,10.0,16.173873,0.0,16.173873,83.826127,63.549043,0.79476,10.57727,0.0,0.0
2026-09-05 19:21:27,159011.81,109599,548,-542.3016,-95.4504,0.7,5.17037,,,,0.05,4.883544,0.488354,1e-05,1.843336,10.0,10.0,32.607367,0.0,32.607367,67.392633,50.716531,0.676817,10.57727,0.0,0.0
2026-09-05 19:26:19,159303.62,109799,549,121.1854,-93.0259,0.7,3.361895,,,,0.05,4.184951,0.418495,3.9e-05,1.041058,9.0,10.0,0.196272,0.0,0.196272,99.803728,77.381064,0.735328,10.57727,0.0,0.0
2026-09-05 19:31:11,159595.49,109999,550,172.1118,-93.1243,0.7,3.445458,,,,0.05,5.737061,0.573706,4e-05,0.709328,4.0,8.0,0.0,0.0,0.0,100.0,77.20073,0.605733,10.57727,0.0,0.0
2026-09-05 19:36:03,159887.55,110199,551,179.94,-87.4693,0.7,4.004457,,,,0.05,6.297793,0.629779,3.9e-05,0.572001,5.0,9.0,0.486312,0.0,0.486312,99.513688,76.996526,0.615101,10.57727,0.0,0.0
2026-09-05 19:40:56,160180.21,110399,552,186.5268,-87.6741,0.7,9.399214,,,,0.05,6.676352,0.667635,3.9e-05,1.360308,9.0,10.0,0.664744,0.0,0.664744,99.335256,76.372416,0.640895,10.57727,0.0,0.0
2026-09-05 19:45:48,160472.64,110599,553,-213.2481,-87.5212,0.7,5.914813,,,,0.05,4.379413,0.437941,3.8e-05,2.628226,10.0,10.0,16.657554,0.0,16.657554,83.342446,63.059334,0.784084,10.57727,0.0,0.0
2026-09-05 19:50:40,160764.76,110799,554,278.7976,-83.2186,0.7,12.846567,,,,0.05,9.357446,0.935745,3.9e-05,0.197146,1.0,2.0,0.0,0.0,0.0,100.0,77.31456,0.654797,10.57727,0.0,0.0
2026-09-05 19:55:34,161058.0,110999,555,-1072.4206,-96.525,0.7,6.412382,,,,0.05,3.611596,0.36116,3.6e-05,5.059155,10.0,10.0,55.316243,0.0,55.316243,44.683757,31.487839,0.684866,10.57727,0.0,0.0
2026-09-05 20:00:26,161350.85,111199,556,-1640.981,-109.2462,0.7,16.957102,,,,0.05,1.862177,0.186218,3.9e-05,8.908405,10.0,10.0,79.491486,0.0,79.491486,20.508514,11.861881,0.749883,10.57727,0.0,0.0
2026-09-05 20:05:19,161643.48,111399,557,68.8155,-103.7639,0.7,6.289802,,,,0.05,11.333716,1.133372,4e-05,2.21154,10.0,10.0,12.674372,0.0,12.674372,87.325628,66.692323,0.640764,10.57727,0.0,0.0
2026-09-05 20:10:12,161936.48,111599,558,-111.5001,-104.1819,0.7,10.471323,,,,0.05,13.989728,1.398973,1.4e-05,2.740273,10.0,10.0,23.801364,0.0,23.801364,76.198636,57.2227,0.622407,10.57727,0.0,0.0
2026-09-05 20:15:04,162228.46,111799,559,41.2243,-102.605,0.7,5.594349,,,,0.05,9.714534,0.971453,1.4e-05,3.069948,10.0,10.0,11.899645,0.0,11.899645,88.100355,66.347777,0.679093,10.57727,0.0,0.0
2026-09-05 20:19:57,162521.63,111999,560,-288.9873,-104.9341,0.7,4.948522,,,,0.05,9.162135,0.916214,4.2e-05,4.024372,10.0,10.0,26.56853,0.0,26.56853,73.43147,54.293921,0.649532,10.57727,0.0,0.0
2026-09-05 20:24:50,162814.13,112199,561,368.9276,-94.1271,0.7,5.370247,,,,0.05,12.863171,1.286317,4e-05,0.728839,4.0,9.0,0.0,0.0,0.0,100.0,75.867806,0.717575,10.57727,0.0,0.0
2026-09-05 20:29:42,163106.41,112399,562,249.4312,-86.4306,0.7,17.666332,,,,0.05,10.228325,1.022832,4e-05,1.924184,10.0,10.0,1.273907,0.0,1.273907,98.726093,75.116371,0.761393,10.57727,0.0,0.0
2026-09-05 20:34:35,163399.41,112599,563,248.1478,-74.8703,0.7,8.845496,,,,0.05,9.528225,0.952822,3.7e-05,2.293861,9.0,10.0,1.506044,0.0,1.506044,98.493956,74.864017,0.600464,11.299407,0.0,0.0
2026-09-05 20:39:27,163691.35,112799,564,244.2204,-71.6628,0.7,2.878139,,,,0.05,8.243331,0.824333,1.8e-05,0.42136,3.0,7.0,0.0,0.0,0.0,100.0,76.428983,0.549962,11.299407,0.0,0.0
2026-09-05 20:44:19,163983.56,112999,565,219.6263,-72.0426,0.7,6.647578,,,,0.05,7.375175,0.737518,4e-05,0.210065,1.0,2.0,0.0,0.0,0.0,100.0,77.16608,0.653564,11.299407,0.0,0.0
2026-09-05 20:49:12,164275.86,113199,566,133.2012,-72.785,0.7,4.971723,,,,0.05,9.027223,0.902722,3.8e-05,1.545724,10.0,10.0,5.555187,0.0,5.555187,94.444813,72.213311,0.782048,11.299407,0.0,0.0
2026-09-05 20:54:04,164567.89,113399,567,385.8187,-67.3173,0.7,4.487443,,,,0.05,13.233062,1.323306,4e-05,0.186325,1.0,2.0,0.0,0.0,0.0,100.0,76.81111,0.661686,11.299407,0.0,0.0
2026-09-05 20:58:56,164859.89,113599,568,304.7799,-63.1078,0.7,5.164647,,,,0.05,11.10197,1.110197,9e-06,0.885538,6.0,10.0,0.428836,0.0,0.428836,99.571164,76.538027,0.662374,11.299407,0.0,0.0
2026-09-05 21:03:47,165151.84,113799,569,-857.1402,-74.634,0.7,5.236334,,,,0.05,3.539176,0.353918,9e-06,5.534412,10.0,10.0,41.270945,0.0,41.270945,58.729055,42.540543,0.711284,11.299407,0.0,0.0
2026-09-05 21:08:40,165444.51,113999,570,-387.1622,-75.4137,0.7,8.642797,,,,0.05,2.954025,0.295402,1.2e-05,3.670417,10.0,10.0,21.181249,0.0,21.181249,78.818751,58.559947,0.842114,11.299407,0.0,0.0
2026-09-05 21:13:33,165737.24,114199,571,-318.6734,-78.4062,0.7,29.51092,,,,0.05,7.209228,0.720923,3.7e-05,2.999743,10.0,10.0,24.101296,0.0,24.101296,75.898704,54.997306,0.633562,11.299407,0.0,0.0
2026-09-05 21:18:25,166029.81,114399,572,-918.1922,-90.4468,0.7,3.834617,,,,0.05,4.059336,0.405934,3.7e-05,2.703444,10.0,10.0,46.01548,0.0,46.01548,53.98452,39.650631,0.685691,11.299407,0.0,0.0
2026-09-05 21:23:19,166323.11,114599,573,43.9779,-84.304,0.7,5.137606,,,,0.05,5.377003,0.5377,3.8e-05,0.836796,5.0,9.0,5.918045,0.0,5.918045,94.081955,71.842334,0.671964,11.299407,0.0,0.0
2026-09-05 21:28:11,166615.39,114799,574,189.7044,-83.7485,0.7,7.887971,,,,0.05,6.323479,0.632348,1.1e-05,0.400662,3.0,7.0,0.0,0.0,0.0,100.0,76.990446,0.603985,11.299407,0.0,0.0
2026-09-05 21:33:04,166907.86,114999,575,233.8884,-84.1829,0.7,4.642455,,,,0.05,7.889295,0.78893,3.8e-05,0.260148,1.0,2.0,0.0,0.0,0.0,100.0,76.973576,0.623599,11.299407,0.0,0.0
2026-09-05 21:37:56,167200.2,115199,576,-22.5085,-84.8943,0.7,6.295621,,,,0.05,5.263702,0.52637,3.9e-05,1.573462,10.0,10.0,7.8745,0.0,7.8745,92.1255,69.817892,0.776754,11.299407,0.0,0.0
2026-09-05 21:42:49,167492.95,115399,577,147.6646,-79.5814,0.7,3.676805,,,,0.05,6.113613,0.611361,3.8e-05,1.560975,10.0,10.0,1.53941,0.0,1.53941,98.46059,74.633964,0.817551,11.299407,0.0,0.0
2026-09-05 21:47:42,167786.33,115599,578,150.8294,-81.3242,0.7,3.163201,,,,0.05,7.806094,0.780609,3.9e-05,1.463271,10.0,10.0,3.56464,0.0,3.56464,96.43536,73.305153,0.695554,11.299407,0.0,0.0
2026-09-05 21:52:34,168078.74,115799,579,-65.0041,-85.5721,0.7,8.29309,,,,0.05,5.342025,0.534202,3.8e-05,1.048713,10.0,10.0,9.906345,0.0,9.906345,90.093655,68.438944,0.696148,11.299407,0.0,0.0
2026-09-05 21:57:27,168371.07,115999,580,256.6205,-83.3629,0.7,2.479907,,,,0.05,8.704027,0.870403,3.6e-05,0.342234,2.0,3.0,0.0,0.0,0.0,100.0,76.93824,0.669201,11.299407,0.0,0.0
2026-09-05 22:02:19,168663.57,116199,581,231.1771,-81.2637,0.7,9.08658,,,,0.05,9.804575,0.980458,1.4e-05,0.715101,4.0,9.0,2.514236,0.0,2.514236,97.485764,74.914307,0.606793,11.299407,0.0,0.0
2026-09-05 22:07:11,168955.31,116399,582,206.0896,-76.0659,0.7,8.369755,,,,0.05,6.995771,0.699577,9e-06,1.338018,8.0,9.0,0.0,0.0,0.0,100.0,76.41406,0.636545,11.299407,0.0,0.0
2026-09-05 22:12:04,169248.47,116599,583,-110.3409,-78.5735,0.7,5.288029,,,,0.05,5.336449,0.533645,3.5e-05,2.56051,10.0,10.0,12.468392,0.0,12.468392,87.531608,66.047516,0.761283,11.299407,0.0,0.0
2026-09-05 22:16:57,169541.18,116799,584,-486.526,-75.0867,0.7,4.34037,,,,0.05,5.376608,0.537661,8e-06,1.776081,10.0,10.0,28.747625,0.0,28.747625,71.252375,52.574233,0.695679,11.299407,0.0,0.0
2026-09-05 22:21:50,169834.1,116999,585,144.2505,-75.0118,0.7,3.86811,,,,0.05,7.301398,0.73014,1.2e-05,1.516608,10.0,10.0,2.787206,0.0,2.787206,97.212794,73.189826,0.706035,11.299407,0.0,0.0
2026-09-05 22:26:43,170127.09,117199,586,-49.128,-76.973,0.7,5.231108,,,,0.05,6.508042,0.650804,4e-05,1.16736,10.0,10.0,10.80155,0.0,10.80155,89.19845,67.782359,0.68765,11.299407,0.0,0.0
2026-09-05 22:31:35,170419.06,117399,587,204.2007,-70.5964,0.7,3.44389,,,,0.05,7.217051,0.721705,9e-06,0.259514,1.0,3.0,0.0,0.0,0.0,100.0,76.589482,0.704315,11.299407,0.0,0.0
2026-09-05 22:36:28,170712.13,117599,588,-598.1009,-67.0468,0.7,4.636368,,,,0.05,4.566153,0.456615,3.6e-05,3.579856,10.0,10.0,32.685804,0.0,32.685804,67.314196,49.547325,0.74162,11.299407,0.0,0.0
2026-09-05 22:41:20,171004.74,117799,589,-429.6044,-72.5467,0.7,7.273516,,,,0.05,3.625153,0.362515,1.6e-05,3.814125,10.0,10.0,23.592693,0.0,23.592693,76.407307,56.754825,0.741938,11.299407,0.0,0.0
2026-09-05 22:46:13,171297.41,117999,590,-494.0365,-78.1737,0.7,4.690702,,,,0.05,3.742613,0.374261,7e-06,1.933004,10.0,10.0,26.526152,0.0,26.526152,73.473848,53.788681,0.724143,11.299407,0.0,0.0
2026-09-05 22:51:06,171590.39,118199,591,-294.3461,-83.2023,0.7,4.115969,,,,0.05,2.834679,0.283468,3.8e-05,2.651221,10.0,10.0,17.107906,0.0,17.107906,82.892094,62.296844,0.828965,11.299407,0.0,0.0
2026-09-05 22:55:58,171882.82,118399,592,-742.1366,-91.9523,0.7,4.193408,,,,0.05,2.003267,0.200327,8e-06,5.647523,10.0,10.0,35.847803,0.0,35.847803,64.152197,46.013853,0.861625,11.299407,0.0,0.0
2026-09-05 23:00:52,172176.29,118599,593,-340.8259,-85.0505,0.7,6.372408,,,,0.05,4.89574,0.489574,3.5e-05,3.768391,10.0,10.0,22.855241,0.0,22.855241,77.144759,57.283961,0.663427,11.299407,0.0,0.0
2026-09-05 23:05:44,172468.63,118799,594,-469.0198,-84.522,0.7,4.253648,,,,0.05,2.353127,0.235313,3.9e-05,4.20604,10.0,10.0,24.058252,0.0,24.058252,75.941748,56.117433,0.866875,11.299407,0.0,0.0
2026-09-05 23:10:36,172760.64,118999,595,-172.4563,-87.0452,0.7,4.664375,,,,0.05,3.022214,0.302221,3.7e-05,2.989104,10.0,10.0,12.02055,0.0,12.02055,87.97945,65.406254,0.841239,11.299407,0.0,0.0
2026-09-05 23:15:29,173053.5,119199,596,-416.0712,-91.8074,0.7,8.071124,,,,0.05,3.044298,0.30443,1.1e-05,1.949401,10.0,10.0,22.639742,0.0,22.639742,77.360258,57.777161,0.813484,11.299407,0.0,0.0
2026-09-05 23:20:21,173345.28,119399,597,-47.1441,-90.0471,0.7,5.003312,,,,0.05,3.554643,0.355464,1e-05,3.693557,10.0,10.0,7.275459,0.0,7.275459,92.724541,69.097815,0.863862,11.299407,0.0,0.0
2026-09-05 23:25:14,173637.87,119599,598,-538.7366,-97.3953,0.7,4.167588,,,,0.05,3.190011,0.319001,3.8e-05,6.520671,10.0,10.0,28.485323,0.0,28.485323,71.514677,52.211197,0.839768,11.299407,0.0,0.0
2026-09-05 23:30:06,173930.47,119799,599,-845.604,-106.8224,0.7,95.75499,,,,0.05,4.747649,0.474765,3.6e-05,5.126414,10.0,10.0,44.371488,0.0,44.371488,55.628512,39.957114,0.627561,11.299407,0.0,0.0
2026-09-05 23:34:58,174222.56,119999,600,204.1889,-104.6002,0.7,11.890739,,,,0.05,12.112775,1.211278,3.7e-05,1.515708,10.0,10.0,6.342347,0.0,6.342347,93.657653,71.520393,0.710113,11.299407,0.0,0.0
2026-09-05 23:39:52,174515.92,120199,601,-836.2729,-108.8728,0.7,2.977568,,,,0.05,5.250824,0.525082,4e-05,6.014403,10.0,10.0,44.596034,0.0,44.596034,55.403966,39.86889,0.643923,11.299407,0.0,0.0
2026-09-05 23:44:44,174808.53,120399,602,-471.1854,-112.7434,0.7,3.431759,,,,0.05,4.644289,0.464429,3.5e-05,5.422402,10.0,10.0,27.317098,0.0,27.317098,72.682902,52.874122,0.769736,11.299407,0.0,0.0
2026-09-05 23:49:37,175101.62,120599,603,-393.4376,-116.2779,0.7,3.759839,,,,0.05,3.838779,0.383878,1.1e-05,3.112467,10.0,10.0,22.612721,0.0,22.612721,77.387279,57.234322,0.807429,11.299407,0.0,0.0
2026-09-05 23:54:30,175394.6,120799,604,-157.5859,-120.1921,0.7,4.438328,,,,0.05,3.918055,0.391805,3.8e-05,2.770241,10.0,10.0,12.500626,0.0,12.500626,87.499374,65.953901,0.797845,11.299407,0.0,0.0
2026-09-05 23:59:22,175686.85,120999,605,190.9769,-119.5956,0.7,3.245967,,,,0.05,6.575671,0.657567,3.7e-05,0.597158,4.0,6.0,0.0,0.0,0.0,100.0,76.214545,0.697962,11.299407,0.0,0.0
2026-09-06 00:04:16,175980.26,121199,606,61.8018,-114.397,0.7,3.499624,,,,0.05,6.74592,0.674592,3.9e-05,1.24545,10.0,10.0,6.300735,0.0,6.300735,93.699265,71.232132,0.643076,11.299407,0.0,0.0
2026-09-06 00:09:08,176272.75,121399,607,-394.8925,-116.4538,0.7,6.685446,,,,0.05,2.93146,0.293146,3.9e-05,2.197098,10.0,10.0,21.580976,0.0,21.580976,78.419024,58.861058,0.824762,11.299407,0.0,0.0
2026-09-06 00:14:00,176564.66,121599,608,64.9762,-117.5381,0.7,68.666985,,,,0.05,7.440296,0.74403,3.7e-05,1.686133,10.0,10.0,6.860941,0.0,6.860941,93.139059,71.006505,0.712311,11.299407,0.0,0.0
2026-09-06 00:18:53,176857.41,121799,609,8.0092,-116.2199,0.7,7.905497,,,,0.05,5.854702,0.58547,3.8e-05,1.669216,10.0,10.0,7.555747,0.0,7.555747,92.444253,70.587506,0.69416,11.299407,0.0,0.0
2026-09-06 00:23:46,177150.37,121999,610,49.7813,-114.8013,0.7,8.021568,,,,0.05,7.263432,0.726343,1.1e-05,1.634275,9.0,10.0,7.52072,0.0,7.52072,92.47928,71.214911,0.649801,11.299407,0.0,0.0
2026-09-06 00:28:39,177443.28,122199,611,-202.3151,-109.2191,0.7,5.265888,,,,0.05,5.154431,0.515443,3.9e-05,2.645553,10.0,10.0,15.735872,0.0,15.735872,84.264128,63.386356,0.732501,11.299407,0.0,0.0
2026-09-06 00:33:32,177736.13,122399,612,-77.6227,-107.5885,0.7,4.296512,,,,0.05,7.250781,0.725078,1.1e-05,1.939603,10.0,10.0,13.136008,0.0,13.136008,86.863992,65.516446,0.666315,11.299407,0.0,0.0
2026-09-06 00:38:24,178028.21,122599,613,32.8082,-101.0233,0.7,5.619328,,,,0.05,7.937922,0.793792,1.3e-05,1.140952,10.0,10.0,8.958507,0.0,8.958507,91.041493,69.180171,0.760779,11.299407,0.0,0.0
2026-09-06 00:43:16,178319.99,122799,614,-337.6269,-107.0449,0.7,4.40994,,,,0.05,5.458369,0.545837,3.9e-05,4.188602,10.0,10.0,22.398945,0.0,22.398945,77.601055,57.466211,0.788775,11.299407,0.0,0.0
2026-09-06 00:48:08,178612.1,122999,615,294.5619,-102.7198,0.7,3.980769,,,,0.05,10.572814,1.057281,3.8e-05,0.239789,1.0,2.0,0.0,0.0,0.0,100.0,76.78208,0.630124,11.299407,0.0,0.0
2026-09-06 00:53:00,178904.83,123199,616,-78.3642,-103.1022,0.7,4.696017,,,,0.05,8.204451,0.820445,4e-05,0.712066,7.0,10.0,14.371317,0.0,14.371317,85.628683,65.102175,0.589603,11.299407,0.0,0.0
2026-09-06 00:57:53,179197.46,123399,617,-1136.3239,-113.1823,0.7,6.599839,,,,0.05,2.612732,0.261273,3.9e-05,5.35288,10.0,10.0,54.033981,0.0,54.033981,45.966019,32.403805,0.830697,11.299407,0.0,0.0
2026-09-06 01:02:45,179489.69,123599,618,242.9675,-113.1643,0.7,4.131855,,,,0.05,8.298575,0.829857,3.9e-05,0.182638,1.0,2.0,0.0,0.0,0.0,100.0,76.6016,0.586635,11.299407,0.0,0.0
2026-09-06 01:07:38,179782.32,123799,619,-128.4134,-116.9329,0.7,6.977299,,,,0.05,7.897744,0.789774,3.7e-05,1.644161,10.0,10.0,16.162391,0.0,16.162391,83.837609,63.04255,0.617839,11.299407,0.0,0.0
2026-09-06 01:12:30,180074.79,123999,620,347.9008,-116.2026,0.7,6.246923,,,,0.05,11.88385,1.188385,4.1e-05,0.199379,1.0,2.0,0.0,0.0,0.0,100.0,77.084856,0.591862,11.299407,0.0,0.0
2026-09-06 01:17:23,180366.94,124199,621,214.8841,-112.191,0.7,4.300822,,,,0.05,7.865652,0.786565,3.9e-05,1.558404,10.0,10.0,0.760078,0.0,0.760078,99.239922,75.771443,0.696692,11.299407,0.0,0.0
2026-09-06 01:22:15,180659.26,124399,622,-437.7602,-118.9764,0.7,4.331967,,,,0.05,8.218052,0.821805,3.8e-05,3.870896,10.0,10.0,30.840517,0.0,30.840517,69.159483,51.350135,0.675827,11.299407,0.0,0.0
2026-09-06 01:27:07,180951.12,124599,623,165.2544,-120.131,0.7,3.83639,,,,0.05,9.156346,0.915635,4e-05,1.369592,10.0,10.0,4.922211,0.0,4.922211,95.077789,72.681329,0.806245,11.299407,0.0,0.0
2026-09-06 01:31:59,181243.11,124799,624,152.8385,-122.1375,0.7,3.632201,,,,0.05,7.961748,0.796175,3.9e-05,2.368528,10.0,10.0,3.811198,0.0,3.811198,96.188802,72.801339,0.741882,11.299407,0.0,0.0
2026-09-06 01:36:51,181535.4,124999,625,-267.365,-126.7671,0.7,3.481339,,,,0.05,5.123547,0.512355,3.8e-05,4.384497,10.0,10.0,18.93046,0.0,18.93046,81.06954,60.053299,0.840005,12.076104,0.0,0.0
2026-09-06 01:41:43,181827.78,125199,626,161.4981,-119.9529,0.7,6.308914,,,,0.05,11.342865,1.134287,3.8e-05,1.550634,10.0,10.0,7.287044,0.0,7.287044,92.712956,70.417586,0.630785,12.076104,0.0,0.0
2026-09-06 01:46:36,182120.23,125399,627,245.4537,-115.6275,0.7,6.854887,,,,0.05,8.419006,0.841901,1.1e-05,0.171733,1.0,2.0,0.0,0.0,0.0,100.0,76.76288,0.592049,12.076104,0.0,0.0
2026-09-06 01:51:29,182413.13,125599,628,86.9322,-104.3746,0.7,3.50953,,,,0.05,7.30409,0.730409,1.2e-05,1.341006,10.0,10.0,5.55084,0.0,5.55084,94.44916,71.924993,0.659782,12.076104,0.0,0.0
2026-09-06 01:56:21,182705.69,125799,629,-336.0147,-109.7115,0.7,3.768517,,,,0.05,2.876682,0.287668,3.9e-05,2.47512,10.0,10.0,17.738698,0.0,17.738698,82.261302,61.941603,0.855757,12.076104,0.0,0.0
2026-09-06 02:01:14,182998.0,125999,630,-1058.9558,-117.5685,0.7,4.068586,,,,0.05,4.288663,0.428866,3.4e-05,2.615326,10.0,10.0,49.061111,0.0,49.061111,50.938889,37.099862,0.56363,12.076104,0.0,0.0
2026-09-06 02:06:06,183290.45,126199,631,145.0083,-115.9006,0.7,4.242495,,,,0.05,6.693348,0.669335,3.7e-05,3.156394,10.0,10.0,2.336666,0.0,2.336666,97.663334,73.615469,0.695581,12.076104,0.0,0.0
2026-09-06 02:10:58,183582.82,126399,632,214.6261,-111.7866,0.7,2.457088,,,,0.05,7.251525,0.725153,1.2e-05,0.221329,1.0,1.0,0.0,0.0,0.0,100.0,76.9344,0.515241,12.076104,0.0,0.0
2026-09-06 02:15:51,183875.05,126599,633,-343.8339,-112.8602,0.7,5.952358,,,,0.05,6.602022,0.660202,3.8e-05,2.293832,10.0,10.0,22.626141,0.0,22.626141,77.373859,57.932184,0.60914,12.076104,0.0,0.0
2026-09-06 02:20:43,184167.17,126799,634,-197.1622,-115.2727,0.7,8.916096,,,,0.05,5.203636,0.520364,3.8e-05,1.554512,8.0,10.0,14.792196,0.0,14.792196,85.207804,64.286833,0.670328,12.076104,0.0,0.0
2026-09-06 02:25:35,184459.1,126999,635,218.0117,-110.4766,0.7,5.462603,,,,0.05,7.58894,0.758894,1.7e-05,1.265126,7.0,9.0,0.387105,0.0,0.387105,99.612895,76.417047,0.579313,12.076104,0.0,0.0
2026-09-06 02:30:27,184751.44,127199,636,229.5161,-109.4925,0.7,9.563162,,,,0.05,7.80238,0.780238,1.9e-05,0.578408,4.0,8.0,0.163806,0.0,0.163806,99.836194,76.367859,0.597444,12.076104,0.0,0.0
2026-09-06 02:35:20,185044.1,127399,637,-84.0247,-112.9282,0.7,3.768788,,,,0.05,8.873064,0.887306,3.8e-05,0.716774,10.0,10.0,14.479389,0.0,14.479389,85.520611,64.951551,0.572928,12.076104,0.0,0.0
2026-09-06 02:40:12,185336.69,127599,638,279.3779,-104.814,0.7,4.562792,,,,0.05,9.769216,0.976922,3.8e-05,0.830146,6.0,9.0,0.141667,0.0,0.141667,99.858333,76.036316,0.677198,12.076104,0.0,0.0
2026-09-06 02:45:05,185628.91,127799,639,52.1278,-106.9036,0.7,5.245811,,,,0.05,7.074329,0.707433,1.1e-05,1.416403,10.0,10.0,6.507397,0.0,6.507397,93.492603,71.327452,0.62072,12.076104,0.0,0.0
2026-09-06 02:49:57,185921.04,127999,640,-52.6796,-99.3182,0.7,8.051198,,,,0.05,3.620676,0.362068,3.9e-05,1.639909,10.0,10.0,6.865218,0.0,6.865218,93.134782,70.637065,0.818485,12.076104,0.0,0.0
2026-09-06 02:54:49,186213.21,128199,641,203.5745,-101.142,0.7,2.929175,,,,0.05,6.788238,0.678824,1.2e-05,0.313043,2.0,4.0,0.0,0.0,0.0,100.0,76.478733,0.721899,12.076104,0.0,0.0
2026-09-06 02:59:42,186506.2,128399,642,160.0677,-102.5424,0.7,3.637319,,,,0.05,8.008736,0.800874,4e-05,1.412554,10.0,10.0,3.282972,0.0,3.282972,96.717028,73.152195,0.735673,12.076104,0.0,0.0
2026-09-06 03:04:34,186798.04,128599,643,-6.4665,-101.8813,0.7,3.289616,,,,0.05,8.000269,0.800027,6e-06,1.046873,10.0,10.0,9.855121,0.0,9.855121,90.144879,68.031251,0.688891,12.076104,0.0,0.0
2026-09-06 03:09:26,187090.12,128799,644,-174.5292,-105.6682,0.7,3.016075,,,,0.05,6.811587,0.681159,3.7e-05,1.528613,10.0,10.0,15.366823,0.0,15.366823,84.633177,63.575795,0.716352,12.076104,0.0,0.0
2026-09-06 03:14:18,187382.42,128999,645,-92.0855,-109.1691,0.7,8.12865,,,,0.05,6.880065,0.688006,3.9e-05,0.818332,10.0,10.0,12.112502,0.0,12.112502,87.887498,66.589148,0.709395,12.076104,0.0,0.0
2026-09-06 03:19:10,187674.68,129199,646,-441.3724,-113.5592,0.7,57.851402,,,,0.05,8.219768,0.821977,1.1e-05,1.732144,10.0,10.0,28.02947,0.0,28.02947,71.97053,53.832892,0.653297,12.076104,0.0,0.0
2026-09-06 03:24:03,187967.38,129399,647,39.6873,-111.005,0.7,3.147416,,,,0.05,7.169599,0.71696,4.1e-05,1.983779,9.0,10.0,8.126039,0.0,8.126039,91.873961,69.690773,0.572282,12.076104,0.0,0.0
2026-09-06 03:28:56,188259.94,129599,648,132.7199,-104.2548,0.7,2.481441,,,,0.05,4.725538,0.472554,1.4e-05,1.207395,8.0,10.0,0.405,0.0,0.405,99.595,75.002674,0.750481,12.076104,0.0,0.0
2026-09-06 03:33:48,188552.4,129799,649,271.0278,-102.7563,0.7,2.616226,,,,0.05,9.174759,0.917476,3.8e-05,0.219768,1.0,2.0,0.0,0.0,0.0,100.0,76.84608,0.639373,12.076104,0.0,0.0
2026-09-06 03:38:40,188844.4,129999,650,238.1217,-102.0962,0.7,3.41494,,,,0.05,9.178706,0.917871,3.7e-05,1.367039,9.0,10.0,1.247128,0.0,1.247128,98.752872,75.209205,0.679694,12.076104,0.0,0.0
2026-09-06 03:43:32,189136.4,130199,651,-389.7237,-107.7929,0.7,5.207496,,,,0.05,6.169857,0.616986,3.9e-05,2.209154,10.0,10.0,23.893776,0.0,23.893776,76.106224,56.862055,0.648531,12.076104,0.0,0.0
2026-09-06 03:48:24,189428.33,130399,652,-94.6395,-110.6045,0.7,2.719188,,,,0.05,6.10879,0.610879,3.8e-05,1.820165,10.0,10.0,11.596043,0.0,11.596043,88.403957,66.107924,0.646359,12.076104,0.0,0.0
2026-09-06 03:53:17,189721.02,130599,653,235.9895,-106.1122,0.7,3.632482,,,,0.05,8.709822,0.870982,3.9e-05,1.513384,10.0,10.0,1.13661,0.0,1.13661,98.86339,75.189155,0.633904,12.076104,0.0,0.0
2026-09-06 03:58:09,190013.19,130799,654,216.2103,-106.738,0.7,3.961568,,,,0.05,7.317063,0.731706,3.9e-05,0.34292,1.0,2.0,0.0,0.0,0.0,100.0,73.433198,0.655804,12.076104,0.0,0.0
2026-09-06 04:03:01,190305.77,130999,655,-463.5312,-100.6491,0.7,5.093461,,,,0.05,5.938272,0.593827,3.7e-05,1.773431,10.0,10.0,26.528905,0.0,26.528905,73.471095,54.75624,0.641504,12.076104,0.0,0.0
2026-09-06 04:07:53,190597.84,131199,656,-865.5959,-92.8953,0.7,3.324394,,,,0.05,5.667717,0.566772,3.9e-05,3.28816,10.0,10.0,43.056346,0.0,43.056346,56.943654,40.871289,0.58286,12.076104,0.0,0.0
2026-09-06 04:12:46,190890.34,131399,657,-298.9252,-96.5727,0.7,2.349354,,,,0.05,4.366055,0.436605,8e-06,0.442836,3.0,8.0,17.796014,0.0,17.796014,82.203986,62.117132,0.651565,12.076104,0.0,0.0
2026-09-06 04:17:39,191183.05,131599,658,-398.5472,-99.4432,0.7,3.875265,,,,0.05,3.459843,0.345984,4e-05,4.448004,10.0,10.0,21.219492,0.0,21.219492,78.780508,58.01655,0.801412,12.076104,0.0,0.0
2026-09-06 04:22:31,191475.38,131799,659,180.4301,-98.0511,0.7,8.020876,,,,0.05,6.686152,0.668615,3.7e-05,1.825002,10.0,10.0,0.815382,0.0,0.815382,99.184618,75.035686,0.689704,12.076104,0.0,0.0
2026-09-06 04:27:23,191767.73,131999,660,-212.0137,-97.2814,0.7,3.603771,,,,0.05,6.173126,0.617313,9e-06,0.679972,4.0,10.0,16.090009,0.0,16.090009,83.909991,62.196518,0.680479,12.076104,0.0,0.0
2026-09-06 04:32:16,192060.56,132199,661,-34.3511,-101.3142,0.7,2.705633,,,,0.05,9.241946,0.924195,8e-06,2.243824,10.0,10.0,12.860258,0.0,12.860258,87.139742,65.150211,0.585714,12.076104,0.0,0.0
2026-09-06 04:37:08,192352.73,132399,662,321.3091,-100.5954,0.7,6.129837,,,,0.05,11.895303,1.18953,3.8e-05,1.631332,10.0,10.0,0.63968,0.0,0.63968,99.36032,75.112651,0.699245,12.076104,0.0,0.0
2026-09-06 04:42:01,192644.95,132599,663,327.1361,-99.8055,0.7,3.489535,,,,0.05,11.816506,1.181651,3.9e-05,1.279393,8.0,10.0,0.769708,0.0,0.769708,99.230292,75.510337,0.633237,12.076104,0.0,0.0
2026-09-06 04:46:53,192937.14,132799,664,-573.666,-107.9844,0.7,6.696769,,,,0.05,4.074371,0.407437,3.6e-05,4.332068,10.0,10.0,29.356232,0.0,29.356232,70.643768,51.968768,0.82839,12.076104,0.0,0.0
2026-09-06 04:51:45,193229.19,132999,665,70.8048,-109.4726,0.7,9.158941,,,,0.05,7.000506,0.700051,3.9e-05,2.773196,10.0,10.0,6.048576,0.0,6.048576,93.951424,70.354363,0.65161,12.076104,0.0,0.0
2026-09-06 04:56:37,193521.69,133199,666,-152.8358,-112.333,0.7,7.192466,,,,0.05,9.040366,0.904037,3.9e-05,2.446249,10.0,10.0,17.686061,0.0,17.686061,82.313939,62.053541,0.665616,12.076104,0.0,0.0
2026-09-06 05:01:29,193813.82,133399,667,-661.8748,-122.8099,0.7,5.998886,,,,0.05,3.334494,0.333449,5e-06,1.548192,10.0,10.0,31.411145,0.0,31.411145,68.588855,51.07041,0.710332,12.076104,0.0,0.0
2026-09-06 05:06:22,194105.89,133599,668,70.9843,-125.1478,0.7,10.563869,,,,0.05,8.213808,0.821381,3.9e-05,1.844308,10.0,10.0,7.321123,0.0,7.321123,92.678877,70.76189,0.734396,12.076104,0.0,0.0
2026-09-06 05:11:14,194397.94,133799,669,-260.6599,-119.183,0.7,5.985199,,,,0.05,7.98228,0.798228,3.6e-05,2.279995,10.0,10.0,21.055785,0.0,21.055785,78.944215,59.372474,0.662871,12.076104,0.0,0.0
2026-09-06 05:16:06,194690.22,133999,670,-991.7851,-125.2293,0.7,2.025333,,,,0.05,4.465535,0.446553,3.8e-05,9.310408,10.0,10.0,47.858913,0.0,47.858913,52.141087,36.636744,0.821202,12.076104,0.0,0.0
2026-09-06 05:20:58,194982.76,134199,671,111.0524,-120.932,0.7,6.8949,,,,0.05,8.191364,0.819136,3.6e-05,1.453365,10.0,10.0,5.669119,0.0,5.669119,94.330881,72.110093,0.695571,12.076104,0.0,0.0
2026-09-06 05:25:51,195275.45,134399,672,60.7864,-111.1422,0.7,6.815677,,,,0.05,6.935698,0.69357,3.8e-05,2.236536,10.0,10.0,6.11337,0.0,6.11337,93.88663,71.109633,0.708545,12.076104,0.0,0.0
2026-09-06 05:30:43,195567.56,134599,673,116.5409,-110.4166,0.7,4.971982,,,,0.05,6.806959,0.680696,1.4e-05,1.511308,10.0,10.0,3.747828,0.0,3.747828,96.252172,73.059157,0.689359,12.076104,0.0,0.0
2026-09-06 05:35:35,195859.65,134799,674,167.9972,-110.6337,0.7,9.281954,,,,0.05,7.758179,0.775818,8e-06,2.227408,10.0,10.0,2.781855,0.0,2.781855,97.218145,73.566392,0.65912,12.076104,0.0,0.0
2026-09-06 05:40:28,196151.89,134999,675,253.9662,-110.4329,0.7,6.892648,,,,0.05,8.816514,0.881651,1.1e-05,0.357119,3.0,5.0,0.0,0.0,0.0,100.0,76.380425,0.596937,12.076104,0.0,0.0
2026-09-06 05:45:20,196444.77,135199,676,-133.1179,-111.539,0.7,7.863841,,,,0.05,8.352147,0.835215,3.9e-05,0.845478,4.0,10.0,15.832344,0.0,15.832344,84.167656,63.320984,0.597285,12.076104,0.0,0.0
2026-09-06 05:50:12,196736.77,135399,677,152.5651,-111.49,0.7,2.91129,,,,0.05,9.00067,0.900067,7e-06,1.576299,10.0,10.0,5.114948,0.0,5.114948,94.885052,71.932026,0.632969,12.076104,0.0,0.0
2026-09-06 05:55:05,197029.0,135599,678,301.5951,-109.9823,0.7,4.310203,,,,0.05,10.921279,1.092128,4e-05,0.25995,1.0,4.0,0.0,0.0,0.0,100.0,76.76544,0.63873,12.076104,0.0,0.0
2026-09-06 05:59:57,197321.19,135799,679,80.6397,-108.5259,0.7,3.733322,,,,0.05,4.588388,0.458839,3.9e-05,3.252212,10.0,10.0,2.626573,0.0,2.626573,97.373427,73.545329,0.853896,12.076104,0.0,0.0
2026-09-06 06:04:49,197613.53,135999,680,134.0485,-109.7516,0.7,3.18451,,,,0.05,7.673961,0.767396,3.6e-05,1.574049,10.0,10.0,4.323405,0.0,4.323405,95.676595,72.832081,0.686034,12.076104,0.0,0.0
2026-09-06 06:09:42,197905.87,136199,681,116.2867,-110.9005,0.7,8.304331,,,,0.05,4.233117,0.423312,3.7e-05,2.569926,10.0,10.0,0.401063,0.0,0.401063,99.598937,75.000702,0.767664,12.076104,0.0,0.0
2026-09-06 06:14:34,198198.39,136399,682,-1192.8455,-124.8899,0.7,4.312686,,,,0.05,2.944638,0.294464,3.8e-05,5.777734,10.0,10.0,53.868611,0.0,53.868611,46.131389,32.645335,0.716121,12.076104,0.0,0.0
2026-09-06 06:19:26,198490.68,136599,683,170.6013,-122.0804,0.7,3.421946,,,,0.05,5.695187,0.569519,1e-05,0.345544,2.0,4.0,0.0,0.0,0.0,100.0,76.350178,0.592956,12.076104,0.0,0.0
2026-09-06 06:24:19,198782.9,136799,684,169.5449,-115.5197,0.7,8.30706,,,,0.05,5.685546,0.568555,3.8e-05,1.061272,7.0,9.0,0.003334,0.0,0.003334,99.996666,76.335542,0.733688,12.076104,0.0,0.0
2026-09-06 06:29:11,199075.11,136999,685,134.4424,-115.6178,0.7,5.680178,,,,0.05,5.717839,0.571784,1.3e-05,1.08298,7.0,10.0,1.916176,0.0,1.916176,98.083824,74.632177,0.708716,12.076104,0.0,0.0
2026-09-06 06:34:03,199367.7,137199,686,170.3194,-113.4233,0.7,12.148842,,,,0.05,5.745298,0.57453,3.8e-05,0.555876,4.0,6.0,0.0,0.0,0.0,100.0,76.318626,0.726217,12.076104,0.0,0.0
2026-09-06 06:38:56,199659.91,137399,687,-101.7522,-116.4829,0.7,4.625718,,,,0.05,5.111222,0.511122,3.6e-05,2.42939,10.0,10.0,10.821637,0.0,10.821637,89.178363,66.951999,0.792358,12.076104,0.0,0.0
2026-09-06 06:43:47,199951.84,137599,688,-15.9652,-110.6615,0.7,4.83451,,,,0.05,5.840516,0.584052,3.7e-05,1.289758,10.0,10.0,7.878889,0.0,7.878889,92.121111,69.836806,0.692459,12.389446,0.0,0.0
2026-09-06 06:48:39,200243.84,137799,689,-897.8952,-115.3444,0.7,3.356677,,,,0.05,3.522799,0.35228,3.7e-05,3.861909,10.0,10.0,40.472597,0.0,40.472597,59.527403,43.231526,0.758967,12.389446,0.0,0.0
2026-09-06 06:53:32,200536.23,137999,690,240.7003,-107.997,0.7,4.281885,,,,0.05,8.519568,0.851957,4e-05,0.271402,1.0,2.0,0.0,0.0,0.0,100.0,76.238081,0.70384,12.389446,0.0,0.0
2026-09-06 06:58:24,200828.69,138199,691,-110.4065,-106.1576,0.7,3.944206,,,,0.05,6.697179,0.669718,2e-05,0.903023,10.0,10.0,12.48834,0.0,12.48834,87.51166,66.468706,0.735225,12.389446,0.0,0.0
2026-09-06 07:03:16,201120.53,138399,692,-75.127,-99.4876,0.7,8.957014,,,,0.05,5.303518,0.530352,4e-05,1.748199,10.0,10.0,9.514518,0.0,9.514518,90.485482,68.583906,0.823415,12.389446,0.0,0.0
2026-09-06 07:08:07,201411.76,138599,693,201.4953,-94.0643,0.7,6.552581,,,,0.05,8.275165,0.827517,1.1e-05,1.448418,10.0,10.0,1.644215,0.0,1.644215,98.355785,74.669647,0.768337,12.389446,0.0,0.0
2026-09-06 07:12:59,201703.66,138799,694,223.9911,-87.1342,0.7,4.051021,,,,0.05,8.401794,0.840179,3.9e-05,1.664359,10.0,10.0,1.117905,0.0,1.117905,98.882095,74.72512,0.74873,12.389446,0.0,0.0
2026-09-06 07:17:51,201995.81,138999,695,-262.1983,-88.0317,0.7,5.59381,,,,0.05,8.068197,0.80682,1.6e-05,3.310932,10.0,10.0,20.562402,0.0,20.562402,79.437598,58.608525,0.727763,12.389446,0.0,0.0
2026-09-06 07:22:44,202288.28,139199,696,-85.0988,-84.7219,0.7,6.286872,,,,0.05,10.653331,1.065333,3.6e-05,0.712818,4.0,10.0,15.667107,0.0,15.667107,84.332893,63.778779,0.605981,12.389446,0.0,0.0
2026-09-06 07:27:36,202580.61,139399,697,-488.6874,-89.1374,0.7,3.986723,,,,0.05,6.684868,0.668487,3.9e-05,1.651072,10.0,10.0,27.541044,0.0,27.541044,72.458956,53.831988,0.654516,12.389446,0.0,0.0
2026-09-06 07:32:29,202872.88,139599,698,-520.9142,-88.9591,0.7,7.695754,,,,0.05,6.77623,0.677623,3.7e-05,1.37479,10.0,10.0,29.383166,0.0,29.383166,70.616834,52.719989,0.643706,12.389446,0.0,0.0
2026-09-06 07:37:22,203165.88,139799,699,-927.1015,-89.7741,0.7,4.726472,,,,0.05,5.244744,0.524474,3.7e-05,3.113388,10.0,10.0,43.758679,0.0,43.758679,56.241321,40.842389,0.600465,12.389446,0.0,0.0
2026-09-06 07:42:14,203458.25,139999,700,-1028.6201,-102.1022,0.7,55.734749,,,,0.05,3.691943,0.369194,3.6e-05,2.993259,10.0,10.0,45.507144,0.0,45.507144,54.492856,37.56779,0.588917,12.389446,0.0,0.0
2026-09-06 07:47:06,203750.08,140199,701,-139.0061,-95.1295,0.7,5.242274,,,,0.05,10.03305,1.003305,4e-05,1.626464,9.0,10.0,17.325208,0.0,17.325208,82.674792,62.376192,0.585417,12.389446,0.0,0.0
2026-09-06 07:51:58,204042.38,140399,702,334.1216,-87.0765,0.7,6.045541,,,,0.05,12.312742,1.231274,1.7e-05,0.472804,2.0,5.0,0.0,0.0,0.0,100.0,76.318717,0.703942,12.389446,0.0,0.0
2026-09-06 07:56:51,204334.97,140599,703,362.6812,-79.5153,0.7,4.692847,,,,0.05,13.162864,1.316286,3.9e-05,1.240758,7.0,10.0,1.518134,0.0,1.518134,98.481866,74.895802,0.696709,12.389446,0.0,0.0
2026-09-06 08:01:43,204627.29,140799,704,372.641,-74.213,0.7,5.965611,,,,0.05,13.324653,1.332465,3.9e-05,0.877802,5.0,9.0,0.519709,0.0,0.519709,99.480291,76.414534,0.672009,12.389446,0.0,0.0
2026-09-06 08:06:35,204918.99,140999,705,-357.6154,-79.6989,0.7,5.215744,,,,0.05,5.088986,0.508899,4e-05,2.49803,10.0,10.0,20.754997,0.0,20.754997,79.245003,60.023212,0.82104,12.389446,0.0,0.0
2026-09-06 08:11:27,205211.75,141199,706,-424.4032,-84.561,0.7,3.380397,,,,0.05,4.263366,0.426337,1.7e-05,2.084679,10.0,10.0,22.180662,0.0,22.180662,77.819338,58.996163,0.74568,12.389446,0.0,0.0
2026-09-06 08:16:20,205504.08,141399,707,-192.3589,-82.5356,0.7,3.335682,,,,0.05,6.757763,0.675776,3.7e-05,1.570184,8.0,10.0,15.864489,0.0,15.864489,84.135511,63.894008,0.591301,12.389446,0.0,0.0
2026-09-06 08:21:13,205797.02,141599,708,-848.3015,-91.6684,0.7,4.660337,,,,0.05,2.527514,0.252751,3.7e-05,3.024793,10.0,10.0,37.709866,0.0,37.709866,62.290134,46.290552,0.743558,12.389446,0.0,0.0
2026-09-06 08:26:07,206091.66,141799,709,-681.8528,-98.567,0.7,7.659021,,,,0.05,4.405429,0.440543,3.8e-05,3.694734,10.0,10.0,33.140834,0.0,33.140834,66.859166,49.578132,0.654365,12.389446,0.0,0.0
2026-09-06 08:31:01,206385.7,141999,710,-235.2338,-101.4172,0.7,8.26942,,,,0.05,3.323658,0.332366,1.3e-05,2.691496,10.0,10.0,13.942077,0.0,13.942077,86.057923,65.176143,0.777879,12.389446,0.0,0.0
2026-09-06 08:35:54,206678.34,142199,711,-377.9773,-103.1738,0.7,4.333968,,,,0.05,3.913231,0.391323,1.1e-05,2.22,10.0,10.0,20.278386,0.0,20.278386,79.721614,60.119988,0.766597,12.389446,0.0,0.0
2026-09-06 08:40:46,206970.73,142399,712,46.539,-101.9322,0.7,6.200189,,,,0.05,2.55772,0.255772,3.8e-05,1.530401,10.0,10.0,1.114896,0.0,1.114896,98.885104,75.336374,0.878667,12.389446,0.0,0.0
2026-09-06 08:45:40,207264.49,142599,713,-352.8617,-105.7889,0.7,3.153862,,,,0.05,3.583899,0.35839,3.5e-05,0.073709,0.0,1.0,18.363821,0.0,18.363821,81.636179,62.070677,0.748255,12.389446,0.0,0.0
2026-09-06 08:50:33,207557.4,142799,714,-1187.3564,-114.2862,0.7,4.25115,,,,0.05,2.024436,0.202444,3.8e-05,4.748088,10.0,10.0,50.449253,0.0,50.449253,49.550747,35.233007,0.761714,12.389446,0.0,0.0
2026-09-06 08:55:26,207850.15,142999,715,96.8017,-116.2638,0.7,2.375167,,,,0.05,6.889237,0.688924,1.2e-05,3.378097,10.0,10.0,4.358119,0.0,4.358119,95.641881,71.934228,0.690984,12.389446,0.0,0.0
2026-09-06 09:00:18,208142.51,143199,716,-379.0673,-119.2708,0.7,5.111365,,,,0.05,3.96392,0.396392,3.9e-05,2.724072,10.0,10.0,20.158815,0.0,20.158815,79.841185,59.87396,0.787745,12.389446,0.0,0.0
2026-09-06 09:05:10,208434.77,143399,717,100.8752,-106.8988,0.7,3.584729,,,,0.05,10.094345,1.009434,1.1e-05,1.17216,10.0,10.0,8.122133,0.0,8.122133,91.877867,69.532164,0.690804,12.389446,0.0,0.0
2026-09-06 09:10:03,208727.41,143599,718,-972.8366,-119.0569,0.7,9.768099,,,,0.05,5.535393,0.553539,3.7e-05,5.617496,10.0,10.0,46.172716,0.0,46.172716,53.827284,38.02918,0.678441,12.389446,0.0,0.0
2026-09-06 09:14:56,209019.98,143799,719,-910.2155,-126.8749,0.7,7.950042,,,,0.05,7.197691,0.719769,3.6e-05,4.097113,10.0,10.0,46.957826,0.0,46.957826,53.042174,38.477234,0.558123,12.389446,0.0,0.0
2026-09-06 09:19:48,209312.12,143999,720,-110.0914,-131.4548,0.7,14.505458,,,,0.05,8.224471,0.822447,4.2e-05,1.961841,10.0,10.0,14.362684,0.0,14.362684,85.637316,64.980059,0.527282,12.389446,0.0,0.0
2026-09-06 09:24:42,209606.03,144199,721,-49.5054,-134.0987,0.7,8.608882,,,,0.05,8.402721,0.840272,4e-05,0.988259,10.0,10.0,11.828064,0.0,11.828064,88.171936,67.093825,0.661795,12.389446,0.0,0.0
2026-09-06 09:29:37,209901.53,144399,722,-6.7899,-129.789,0.7,3.886242,,,,0.05,5.80023,0.580023,4e-05,3.351101,10.0,10.0,7.417892,0.0,7.417892,92.582108,70.162218,0.782742,12.389446,0.0,0.0
2026-09-06 09:34:33,210197.21,144599,723,56.9296,-130.8723,0.7,5.247279,,,,0.05,8.312408,0.831241,3.7e-05,1.15394,10.0,10.0,7.866904,0.0,7.866904,92.133096,70.224523,0.743382,12.389446,0.0,0.0
2026-09-06 09:39:28,210492.68,144799,724,24.2235,-132.1584,0.7,7.315639,,,,0.05,7.500279,0.750028,3.8e-05,1.07281,10.0,10.0,8.031049,0.0,8.031049,91.968951,70.225292,0.771251,12.389446,0.0,0.0
2026-09-06 09:44:23,210787.71,144999,725,260.8085,-126.8767,0.7,4.73229,,,,0.05,8.941388,0.894139,3.8e-05,0.398498,2.0,4.0,0.0,0.0,0.0,100.0,76.678944,0.790584,12.389446,0.0,0.0
2026-09-06 09:49:19,211082.86,145199,726,60.594,-127.8857,0.7,8.796978,,,,0.05,11.575321,1.157532,3.9e-05,2.738959,10.0,10.0,11.344188,0.0,11.344188,88.655812,66.640529,0.689255,12.389446,0.0,0.0
2026-09-06 09:54:14,211378.33,145399,727,431.0362,-126.0299,0.7,5.029686,,,,0.05,15.559933,1.555993,3.9e-05,0.711439,4.0,6.0,0.0,0.0,0.0,100.0,76.695271,0.70374,12.389446,0.0,0.0
2026-09-06 09:59:10,211673.94,145599,728,-237.1122,-129.2703,0.7,3.347411,,,,0.05,10.373585,1.037359,3.7e-05,2.093576,10.0,10.0,22.364388,0.0,22.364388,77.635612,58.128931,0.687734,12.389446,0.0,0.0
2026-09-06 10:04:05,211969.37,145799,729,-186.7151,-127.7773,0.7,13.171174,,,,0.05,13.930058,1.393006,4e-05,2.722563,10.0,10.0,23.678149,0.0,23.678149,76.321851,54.855511,0.790112,12.389446,0.0,0.0
2026-09-06 10:09:00,212264.52,145999,730,282.6427,-114.3614,0.7,6.064957,,,,0.05,13.335456,1.333546,3.9e-05,1.576873,10.0,10.0,4.233259,0.0,4.233259,95.766741,71.968079,0.73528,12.389446,0.0,0.0
2026-09-06 10:13:56,212560.2,146199,731,-345.9366,-119.2708,0.7,3.699016,,,,0.05,8.742518,0.874252,3.8e-05,4.564998,10.0,10.0,24.416333,0.0,24.416333,75.583667,55.342228,0.67251,12.389446,0.0,0.0
2026-09-06 10:18:51,212855.86,146399,732,-1366.7127,-135.0842,0.7,4.929117,,,,0.05,4.846152,0.484615,1.253361,5.079816,10.0,10.0,61.370795,0.0,61.370795,38.629205,26.328173,0.706209,12.389446,0.0,0.0
2026-09-06 10:23:47,213150.93,146599,733,-623.8965,-137.8848,0.7,4.755667,,,,0.05,6.293343,0.629334,3.8e-05,0.716689,8.0,10.0,32.683386,0.0,32.683386,67.316614,49.877302,0.525826,12.389446,0.0,0.0
2026-09-06 10:28:42,213446.32,146799,734,-488.4177,-140.7974,0.7,3.569488,,,,0.05,7.226861,0.722686,3.7e-05,1.418903,10.0,10.0,28.299338,0.0,28.299338,71.700662,53.599733,0.608131,12.389446,0.0,0.0
2026-09-06 10:33:38,213741.93,146999,735,155.5344,-141.4221,0.7,3.439796,,,,0.05,6.940048,0.694005,3.8e-05,1.373806,10.0,10.0,2.117334,0.0,2.117334,97.882666,74.566378,0.710908,12.389446,0.0,0.0
2026-09-06 10:38:33,214037.66,147199,736,-276.206,-146.4794,0.7,7.850314,,,,0.05,7.684362,0.768436,3.8e-05,4.077121,10.0,10.0,20.480449,0.0,20.480449,79.519551,59.269914,0.683731,12.389446,0.0,0.0
2026-09-06 10:43:29,214333.31,147399,737,-629.8522,-151.9376,0.7,4.721568,,,,0.05,4.842845,0.484284,3.6e-05,3.679627,10.0,10.0,31.92979,0.0,31.92979,68.07021,50.389235,0.636618,12.389446,0.0,0.0
2026-09-06 10:48:24,214628.36,147599,738,-51.6439,-155.2479,0.7,7.048196,,,,0.05,7.663386,0.766339,1.3e-05,1.317394,10.0,10.0,11.830175,0.0,11.830175,88.169825,67.187952,0.628303,12.389446,0.0,0.0
2026-09-06 10:53:20,214924.24,147799,739,191.4235,-153.8549,0.7,3.642027,,,,0.05,7.541284,0.754128,1.2e-05,0.731293,4.0,9.0,1.108019,0.0,1.108019,98.891981,75.422929,0.622545,12.389446,0.0,0.0
2026-09-06 10:58:15,215219.78,147999,740,-303.1709,-156.3598,0.7,4.634844,,,,0.05,4.009443,0.400944,3.6e-05,5.118663,10.0,10.0,17.697772,0.0,17.697772,82.302228,60.91359,0.793805,12.389446,0.0,0.0
2026-09-06 11:03:11,215515.23,148199,741,-763.4358,-166.0299,0.7,4.585977,,,,0.05,3.614802,0.36148,3.9e-05,3.726053,10.0,10.0,35.239179,0.0,35.239179,64.760821,47.450132,0.747256,12.389446,0.0,0.0
2026-09-06 11:08:06,215810.84,148399,742,-561.9691,-173.2503,0.7,6.200072,,,,0.05,5.308545,0.530855,8e-06,1.500498,10.0,10.0,29.113417,0.0,29.113417,70.886583,52.912411,0.672575,12.389446,0.0,0.0
2026-09-06 11:13:02,216106.32,148599,743,207.9669,-171.1059,0.7,7.441614,,,,0.05,7.526612,0.752661,4e-05,0.845494,5.0,9.0,0.089918,0.0,0.089918,99.910082,76.209833,0.699515,12.389446,0.0,0.0
2026-09-06 11:17:57,216401.58,148799,744,-1144.5855,-180.8065,0.7,5.374408,,,,0.05,3.845765,0.384576,3.6e-05,1.983368,10.0,10.0,50.908062,0.0,50.908062,49.091938,35.417576,0.638147,12.389446,0.0,0.0
2026-09-06 11:22:53,216697.03,148999,745,-120.1704,-181.0874,0.7,5.389324,,,,0.05,4.199535,0.419954,4e-05,1.147491,10.0,10.0,9.906925,0.0,9.906925,90.093075,68.567016,0.791258,12.389446,0.0,0.0
2026-09-06 11:27:49,216992.89,149199,746,-112.6298,-177.7999,0.7,4.422933,,,,0.05,6.986354,0.698635,1e-05,0.919689,9.0,10.0,12.784646,0.0,12.784646,87.215354,66.419843,0.73135,12.389446,0.0,0.0
2026-09-06 11:32:44,217288.25,149399,747,172.1217,-176.4756,0.7,3.60005,,,,0.05,6.282321,0.628232,1.2e-05,1.144064,9.0,10.0,0.571105,0.0,0.571105,99.428895,75.780493,0.69275,12.389446,0.0,0.0
2026-09-06 11:37:39,217583.84,149599,748,-609.9136,-183.9019,0.7,5.672894,,,,0.05,5.607748,0.560775,3.8e-05,1.19321,10.0,10.0,31.210647,0.0,31.210647,68.789353,51.405114,0.664566,12.389446,0.0,0.0
2026-09-06 11:42:35,217879.56,149799,749,-204.6462,-188.6587,0.7,11.359014,,,,0.05,6.9684,0.69684,3.7e-05,2.091688,10.0,10.0,16.958286,0.0,16.958286,83.041714,62.584662,0.732988,12.389446,0.0,0.0
2026-09-06 11:47:30,218174.7,149999,750,257.0745,-188.4691,0.7,5.89358,,,,0.05,9.743438,0.974344,3.8e-05,0.592641,2.0,8.0,0.613375,0.0,0.613375,99.386625,76.531202,0.663651,13.780394,0.0,0.0
2026-09-06 11:52:26,218470.4,150199,751,-313.0473,-187.7024,0.7,5.373196,,,,0.05,7.12885,0.712885,3.7e-05,0.900628,8.0,10.0,18.859249,0.0,18.859249,81.140751,61.229511,0.612816,13.780394,0.0,0.0
2026-09-06 11:57:21,218765.61,150399,752,-58.41,-187.3401,0.7,4.857757,,,,0.05,7.466251,0.746625,3.9e-05,2.208021,10.0,10.0,10.285867,0.0,10.285867,89.714133,67.437005,0.716687,13.780394,0.0,0.0
2026-09-06 12:02:17,219060.96,150599,753,-338.6612,-193.0866,0.7,4.021,,,,0.05,6.256438,0.625644,3.7e-05,2.275751,10.0,10.0,18.875442,0.0,18.875442,81.124558,60.660652,0.738069,13.780394,0.0,0.0
2026-09-06 12:07:12,219356.7,150799,754,-934.9694,-204.5984,0.7,5.144121,,,,0.05,4.263189,0.426319,3.8e-05,2.817701,10.0,10.0,38.904803,0.0,38.904803,61.095197,44.508117,0.694374,13.780394,0.0,0.0
2026-09-06 12:12:08,219652.59,150999,755,-475.9548,-204.7226,0.7,2.888453,,,,0.05,3.928698,0.39287,3.8e-05,2.028968,10.0,10.0,22.017228,0.0,22.017228,77.982772,58.273701,0.795437,13.780394,0.0,0.0
2026-09-06 12:17:03,219947.82,151199,756,-266.7228,-198.7339,0.7,5.334887,,,,0.05,4.949964,0.494996,3.5e-05,0.823315,3.0,10.0,14.737142,0.0,14.737142,85.262858,64.50542,0.710692,13.780394,0.0,0.0
2026-09-06 12:21:59,220243.17,151399,757,160.5282,-194.1394,0.7,10.851693,,,,0.05,5.503934,0.550393,1.4e-05,0.591772,4.0,6.0,0.0,0.0,0.0,100.0,76.168594,0.693065,13.780394,0.0,0.0
2026-09-06 12:26:54,220538.41,151599,758,-914.5447,-199.2993,0.7,9.244819,,,,0.05,3.203645,0.320365,3.7e-05,6.208464,10.0,10.0,37.054346,0.0,37.054346,62.945654,45.382663,0.863415,13.780394,0.0,0.0
2026-09-06 12:31:49,220833.73,151799,759,-138.4851,-202.4885,0.7,4.804415,,,,0.05,9.462981,0.946298,3.7e-05,2.383449,10.0,10.0,15.391907,0.0,15.391907,84.608093,63.695738,0.665027,13.780394,0.0,0.0
2026-09-06 12:36:45,221129.21,151999,760,-1225.4296,-212.6226,0.7,8.139729,,,,0.05,5.867994,0.586799,3.8e-05,5.654454,10.0,10.0,51.859818,0.0,51.859818,48.140182,34.178722,0.598678,13.780394,0.0,0.0
2026-09-06 12:41:41,221424.97,152199,761,371.8717,-208.5604,0.7,4.294916,,,,0.05,13.315986,1.331599,3.6e-05,0.507254,2.0,3.0,0.0,0.0,0.0,100.0,76.8448,0.60769,13.780394,0.0,0.0
2026-09-06 12:46:36,221720.56,152399,762,-100.975,-212.7833,0.7,4.872629,,,,0.05,8.460441,0.846044,3.8e-05,2.3712,10.0,10.0,12.94225,0.0,12.94225,87.05775,65.786799,0.655307,13.780394,0.0,0.0
2026-09-06 12:51:32,222015.87,152599,763,-457.6105,-220.6307,0.7,4.276812,,,,0.05,5.282392,0.528239,1.5e-05,2.361387,10.0,10.0,22.530335,0.0,22.530335,77.469665,58.135384,0.669269,13.780394,0.0,0.0
2026-09-06 12:56:27,222310.87,152799,764,-698.476,-221.8788,0.7,5.660499,,,,0.05,2.825028,0.282503,3.6e-05,3.88884,10.0,10.0,28.944345,0.0,28.944345,71.055655,52.606001,0.82159,13.780394,0.0,0.0
2026-09-06 13:01:22,222606.83,152999,765,43.8391,-222.1485,0.7,5.849797,,,,0.05,3.228502,0.32285,3.8e-05,3.004669,10.0,10.0,2.021543,0.0,2.021543,97.978457,74.087728,0.86308,13.780394,0.0,0.0
2026-09-06 13:06:18,222902.24,153199,766,-201.3729,-222.6338,0.7,4.090419,,,,0.05,3.774799,0.37748,1e-05,2.788197,10.0,10.0,11.877043,0.0,11.877043,88.122957,66.30202,0.738016,13.780394,0.0,0.0
2026-09-06 13:11:13,223197.54,153399,767,16.3517,-215.8516,0.7,15.209192,,,,0.05,2.942108,0.294211,3.8e-05,1.45145,10.0,10.0,2.778056,0.0,2.778056,97.221944,73.783744,0.887783,13.780394,0.0,0.0
2026-09-06 13:16:08,223492.84,153599,768,164.2435,-214.919,0.7,4.128116,,,,0.05,5.638299,0.56383,3.9e-05,0.394132,1.0,2.0,0.0,0.0,0.0,100.0,76.436481,0.696433,13.780394,0.0,0.0
2026-09-06 13:21:04,223788.4,153799,769,-1194.1358,-224.2537,0.7,4.596189,,,,0.05,3.342293,0.334229,3.6e-05,2.502587,10.0,10.0,47.009388,0.0,47.009388,52.990612,38.398191,0.833791,13.780394,0.0,0.0
2026-09-06 13:26:00,224084.09,153999,770,27.82,-214.0577,0.7,10.380242,,,,0.05,6.376275,0.637627,3.7e-05,1.361376,10.0,10.0,5.986286,0.0,5.986286,94.013714,71.484646,0.772472,13.780394,0.0,0.0
2026-09-06 13:30:55,224379.53,154199,771,49.9374,-214.6688,0.7,5.670063,,,,0.05,7.646468,0.764647,3.8e-05,1.329613,10.0,10.0,6.526375,0.0,6.526375,93.473625,71.101177,0.740398,13.780394,0.0,0.0
2026-09-06 13:35:51,224674.92,154399,772,-997.5602,-225.2523,0.7,5.679799,,,,0.05,3.659986,0.365999,3.8e-05,2.790811,10.0,10.0,39.86631,0.0,39.86631,60.13369,43.871899,0.750608,13.780394,0.0,0.0
2026-09-06 13:40:46,224970.06,154599,773,-152.3743,-227.9415,0.7,6.940258,,,,0.05,6.524174,0.652417,3.9e-05,0.879482,10.0,10.0,12.246192,0.0,12.246192,87.753808,66.526443,0.729946,13.780394,0.0,0.0
2026-09-06 13:45:41,225265.59,154799,774,200.7807,-227.6136,0.7,4.346925,,,,0.05,7.615911,0.761591,1.1e-05,0.457223,2.0,5.0,0.095675,0.0,0.095675,99.904325,75.736619,0.722326,13.780394,0.0,0.0
2026-09-06 13:50:36,225560.84,154999,775,-350.4862,-233.6582,0.7,3.478684,,,,0.05,5.484709,0.548471,3.7e-05,1.739597,9.0,10.0,18.788246,0.0,18.788246,81.211754,60.461881,0.721201,13.780394,0.0,0.0
2026-09-06 13:55:32,225856.59,155199,776,99.172,-231.3353,0.7,4.556116,,,,0.05,5.818081,0.581808,3.9e-05,1.720995,10.0,10.0,2.822156,0.0,2.822156,97.177844,73.598539,0.788123,13.780394,0.0,0.0
2026-09-06 14:00:28,226152.12,155399,777,-145.396,-234.3149,0.7,3.090006,,,,0.05,5.598052,0.559805,8e-06,0.955735,10.0,10.0,11.584027,0.0,11.584027,88.415973,67.303068,0.74298,13.780394,0.0,0.0
2026-09-06 14:05:23,226447.79,155599,778,-290.001,-240.2308,0.7,7.893526,,,,0.05,5.23765,0.523765,1.7e-05,4.724457,10.0,10.0,16.334217,0.0,16.334217,83.665783,62.109857,0.755266,13.780394,0.0,0.0
2026-09-06 14:10:19,226743.57,155799,779,-835.6908,-249.3941,0.7,5.062798,,,,0.05,3.662214,0.366221,3.8e-05,3.009811,10.0,10.0,34.148201,0.0,34.148201,65.851799,48.996973,0.788397,13.780394,0.0,0.0
2026-09-06 14:15:14,227038.65,155999,780,115.8171,-249.5764,0.7,4.523921,,,,0.05,7.751814,0.775181,1.1e-05,1.378072,10.0,10.0,3.958617,0.0,3.958617,96.041383,73.227208,0.634106,13.780394,0.0,0.0
2026-09-06 14:20:10,227334.6,156199,781,-374.5771,-254.4851,0.7,201.212769,,,,0.05,10.401681,1.040168,3.9e-05,2.334988,10.0,10.0,27.912095,0.0,27.912095,72.087905,51.100279,0.564873,13.780394,0.0,0.0
2026-09-06 14:25:06,227630.04,156399,782,-1560.677,-258.1634,0.7,7.385783,,,,0.05,13.451867,1.345187,1.93895,8.716736,10.0,10.0,80.292239,0.0,80.292239,19.707761,10.861044,0.620686,13.780394,0.0,0.0
2026-09-06 14:30:01,227925.58,156599,783,-145.5713,-261.3251,0.7,6.245641,,,,0.05,9.489931,0.948993,3.8e-05,2.222754,10.0,10.0,15.113968,0.0,15.113968,84.886032,63.576805,0.580517,13.780394,0.0,0.0
2026-09-06 14:34:56,228220.6,156799,784,-25.7404,-263.278,0.7,6.730309,,,,0.05,11.519569,1.151957,4e-05,0.814393,10.0,10.0,13.548808,0.0,13.548808,86.451192,65.481496,0.651159,13.780394,0.0,0.0
2026-09-06 14:39:52,228515.88,156999,785,-616.9854,-270.7923,0.7,10.550681,,,,0.05,6.864259,0.686426,3.7e-05,2.033149,10.0,10.0,29.724676,0.0,29.724676,70.275324,52.284541,0.591086,13.780394,0.0,0.0
2026-09-06 14:44:47,228811.2,157199,786,-173.6862,-274.2323,0.7,4.569483,,,,0.05,7.983132,0.798313,4e-05,2.108673,10.0,10.0,15.101748,0.0,15.101748,84.898252,63.855254,0.603889,13.780394,0.0,0.0
2026-09-06 14:49:42,229106.78,157399,787,-47.1883,-273.6867,0.7,4.323629,,,,0.05,7.436487,0.743649,3.8e-05,2.829439,10.0,10.0,10.092464,0.0,10.092464,89.907536,67.571049,0.727951,13.780394,0.0,0.0
2026-09-06 14:54:38,229402.39,157599,788,-111.6612,-274.6436,0.7,11.547246,,,,0.05,4.98706,0.498706,3.9e-05,2.618957,10.0,10.0,9.42086,0.0,9.42086,90.57914,67.780842,0.810313,13.780394,0.0,0.0
2026-09-06 14:59:33,229697.42,157799,789,85.265,-264.812,0.7,4.048218,,,,0.05,4.250353,0.425035,1.3e-05,1.570552,10.0,10.0,1.633227,0.0,1.633227,98.366773,74.523503,0.778884,13.780394,0.0,0.0
2026-09-06 15:04:29,229993.48,157999,790,-711.1251,-274.3303,0.7,5.910548,,,,0.05,2.188851,0.218885,3.7e-05,4.13961,10.0,10.0,28.415282,0.0,28.415282,71.584718,53.047646,0.87627,13.780394,0.0,0.0
2026-09-06 15:09:24,230288.8,158199,791,-791.6498,-281.1427,0.7,6.88534,,,,0.05,3.034794,0.303479,1.4e-05,1.145285,10.0,10.0,31.835625,0.0,31.835625,68.164375,50.814606,0.707882,13.780394,0.0,0.0
2026-09-06 15:14:20,230584.16,158399,792,-422.0093,-284.6115,0.7,4.019128,,,,0.05,4.723769,0.472377,8e-06,2.276565,10.0,10.0,20.64882,0.0,20.64882,79.35118,59.483921,0.572862,13.780394,0.0,0.0
2026-09-06 15:19:15,230879.52,158599,793,198.032,-284.6462,0.7,6.396766,,,,0.05,7.659286,0.765929,7e-06,1.617408,10.0,10.0,0.987951,0.0,0.987951,99.012049,74.70687,0.660273,13.780394,0.0,0.0
2026-09-06 15:24:10,231174.53,158799,794,-511.1066,-291.9972,0.7,8.159496,,,,0.05,5.673488,0.567349,4e-05,1.882868,10.0,10.0,24.909861,0.0,24.909861,75.090139,56.376507,0.688618,13.780394,0.0,0.0
2026-09-06 15:29:06,231470.18,158999,795,-1138.4298,-300.7595,0.7,5.400687,,,,0.05,4.129785,0.412978,3.8e-05,2.321527,10.0,10.0,45.725414,0.0,45.725414,54.274586,39.416463,0.619801,13.780394,0.0,0.0
2026-09-06 15:34:02,231765.9,159199,796,302.7217,-296.8813,0.7,8.36408,,,,0.05,10.832964,1.083296,1.3e-05,0.608712,4.0,9.0,1.088857,0.0,1.088857,98.911143,76.043532,0.634305,13.780394,0.0,0.0
2026-09-06 15:38:57,232061.5,159399,797,-76.9094,-292.7635,0.7,4.599299,,,,0.05,8.273875,0.827387,3.9e-05,0.986867,10.0,10.0,11.595888,0.0,11.595888,88.404112,67.228962,0.665338,13.780394,0.0,0.0
2026-09-06 15:43:52,232356.36,159599,798,213.9674,-285.4147,0.7,6.861663,,,,0.05,7.222032,0.722203,3.7e-05,0.65042,4.0,5.0,0.0,0.0,0.0,100.0,77.186526,0.684329,13.780394,0.0,0.0
2026-09-06 15:48:47,232651.76,159799,799,298.6648,-273.157,0.7,3.824406,,,,0.05,10.888367,1.088837,1.4e-05,0.861732,4.0,8.0,0.0,0.0,0.0,100.0,77.068486,0.653674,13.780394,0.0,0.0
2026-09-06 15:53:42,232946.6,159999,800,-348.978,-266.3606,0.7,4.828991,,,,0.05,7.383245,0.738325,3.7e-05,2.069224,10.0,10.0,20.367234,0.0,20.367234,79.632766,59.987161,0.684843,13.780394,0.0,0.0
2026-09-06 15:58:38,233241.92,160199,801,241.4056,-262.5565,0.7,4.932976,,,,0.05,8.402079,0.840208,1.3e-05,0.674099,4.0,10.0,0.111032,0.0,0.111032,99.888968,76.360105,0.70911,13.780394,0.0,0.0
2026-09-06 16:03:33,233537.2,160399,802,-577.8416,-271.6761,0.7,4.081077,,,,0.05,8.229945,0.822995,3.9e-05,1.505775,10.0,10.0,29.844028,0.0,29.844028,70.155972,52.374223,0.668751,13.780394,0.0,0.0
2026-09-06 16:08:28,233831.93,160599,803,-622.7819,-281.5307,0.7,7.086079,,,,0.05,7.480261,0.748026,3.7e-05,1.227418,10.0,10.0,30.583179,0.0,30.583179,69.416821,51.868357,0.64518,13.780394,0.0,0.0
2026-09-06 16:13:23,234127.02,160799,804,312.2633,-282.1345,0.7,7.467983,,,,0.05,11.139654,1.113965,1e-05,1.026121,9.0,10.0,0.68776,0.0,0.68776,99.31224,75.571613,0.612533,13.780394,0.0,0.0
2026-09-06 16:18:18,234422.25,160999,805,169.5302,-276.863,0.7,3.1666,,,,0.05,7.683386,0.768339,1.4e-05,3.355888,10.0,10.0,2.310952,0.0,2.310952,97.689048,73.923373,0.670581,13.780394,0.0,0.0
2026-09-06 16:23:13,234717.68,161199,806,-159.7127,-274.2161,0.7,3.032385,,,,0.05,7.04592,0.704592,3.8e-05,1.524726,10.0,10.0,13.662344,0.0,13.662344,86.337656,65.336671,0.651254,13.780394,0.0,0.0
2026-09-06 16:28:08,235012.59,161399,807,-300.9374,-275.3019,0.7,5.194011,,,,0.05,5.934726,0.593473,1.3e-05,2.529712,10.0,10.0,17.61118,0.0,17.61118,82.38882,61.42529,0.695229,13.780394,0.0,0.0
2026-09-06 16:33:04,235307.88,161599,808,-377.7094,-270.596,0.7,3.599834,,,,0.05,4.518456,0.451846,3.8e-05,2.376921,10.0,10.0,18.510563,0.0,18.510563,81.489437,60.13707,0.719307,13.780394,0.0,0.0
2026-09-06 16:37:59,235603.33,161799,809,332.5338,-260.4521,0.7,4.132472,,,,0.05,12.298509,1.229851,3.8e-05,1.746439,9.0,10.0,0.686337,0.0,0.686337,99.313663,74.784328,0.658219,13.780394,0.0,0.0
2026-09-06 16:42:54,235898.83,161999,810,142.2259,-256.6775,0.7,5.979822,,,,0.05,8.678665,0.867866,1.2e-05,1.712034,10.0,10.0,3.926473,0.0,3.926473,96.073527,72.440593,0.621444,13.780394,0.0,0.0
2026-09-06 16:47:50,236194.53,162199,811,-148.8468,-254.3862,0.7,3.41273,,,,0.05,10.636161,1.063616,3.9e-05,2.420032,10.0,10.0,17.150586,0.0,17.150586,82.849414,61.651935,0.650045,13.780394,0.0,0.0
2026-09-06 16:52:46,236489.92,162399,812,247.6712,-252.3749,0.7,4.184981,,,,0.05,8.464569,0.846457,9e-06,1.209905,7.0,9.0,0.218146,0.0,0.218146,99.781854,75.86326,0.616009,13.780394,0.0,0.0
2026-09-06 16:57:41,236785.7,162599,813,204.256,-246.8037,0.7,6.738363,,,,0.05,6.866677,0.686668,1e-05,0.777381,4.0,7.0,0.0,0.0,0.0,100.0,76.432534,0.650139,14.884497,0.0,0.0
2026-09-06 17:02:36,237080.64,162799,814,-143.4248,-236.3644,0.7,8.468284,,,,0.05,6.917635,0.691763,3.7e-05,0.782391,10.0,10.0,11.923224,0.0,11.923224,88.076776,66.590568,0.67649,14.884497,0.0,0.0
2026-09-06 17:07:31,237375.81,162999,815,-355.0494,-240.8829,0.7,4.067904,,,,0.05,6.239901,0.62399,3.6e-05,1.779776,8.0,10.0,18.576679,0.0,18.576679,81.423321,61.16066,0.613941,14.884497,0.0,0.0
2026-09-06 17:12:27,237671.26,163199,816,240.8931,-234.6833,0.7,4.283752,,,,0.05,8.480953,0.848095,3.9e-05,0.551005,3.0,6.0,0.0,0.0,0.0,100.0,76.578588,0.754379,14.884497,0.0,0.0
2026-09-06 17:17:22,237966.57,163399,817,61.4991,-235.0771,0.7,5.142994,,,,0.05,7.41227,0.741227,1.2e-05,1.401195,10.0,10.0,5.476873,0.0,5.476873,94.523127,71.84559,0.632055,14.884497,0.0,0.0
2026-09-06 17:22:18,238262.23,163599,818,-194.1564,-227.2903,0.7,5.835489,,,,0.05,7.924084,0.792408,1.2e-05,1.949703,10.0,10.0,14.638166,0.0,14.638166,85.361834,64.138548,0.584146,14.884497,0.0,0.0
2026-09-06 17:27:13,238557.25,163799,819,176.8275,-216.4199,0.7,6.031587,,,,0.05,10.164666,1.016467,3.9e-05,1.781217,10.0,10.0,4.34109,0.0,4.34109,95.65891,72.208203,0.677381,14.884497,0.0,0.0
2026-09-06 17:32:08,238852.4,163999,820,-512.5902,-220.4448,0.7,2.907881,,,,0.05,8.034652,0.803465,4e-05,1.954357,10.0,10.0,25.384667,0.0,25.384667,74.615333,55.514452,0.591125,14.884497,0.0,0.0
2026-09-06 17:37:03,239147.8,164199,821,403.8218,-215.9116,0.7,5.551912,,,,0.05,14.028988,1.402899,3.8e-05,0.204709,1.0,3.0,0.0,0.0,0.0,100.0,77.08416,0.60733,14.884497,0.0,0.0
2026-09-06 17:41:59,239443.47,164399,822,-1014.8853,-225.9925,0.7,4.181856,,,,0.05,7.642995,0.7643,3.7e-05,2.868761,10.0,10.0,41.861007,0.0,41.861007,58.138993,42.446223,0.661513,14.884497,0.0,0.0
2026-09-06 17:46:54,239738.7,164599,823,-170.8852,-228.2707,0.7,8.217203,,,,0.05,11.563568,1.156357,3.8e-05,0.90673,7.0,10.0,16.987244,0.0,16.987244,83.012756,62.682357,0.663332,14.884497,0.0,0.0
2026-09-06 17:51:49,240033.38,164799,824,327.7017,-225.2359,0.7,7.269514,,,,0.05,11.746629,1.174663,3.9e-05,0.455931,2.0,3.0,0.0,0.0,0.0,100.0,76.60672,0.674913,14.884497,0.0,0.0
2026-09-06 17:56:45,240328.93,164999,825,84.0148,-227.0038,0.7,9.723738,,,,0.05,5.529711,0.552971,3.8e-05,1.619652,10.0,10.0,2.937016,0.0,2.937016,97.062984,74.025134,0.800488,14.884497,0.0,0.0
2026-09-06 18:01:40,240624.16,165199,826,10.9646,-227.5001,0.7,8.672199,,,,0.05,5.013657,0.501366,3.7e-05,1.590994,10.0,10.0,4.823044,0.0,4.823044,95.176956,72.511634,0.754801,14.884497,0.0,0.0
2026-09-06 18:06:35,240919.67,165399,827,146.0827,-230.3497,0.7,3.327699,,,,0.05,5.053414,0.505341,9e-06,1.203557,6.0,9.0,0.1695,0.0,0.1695,99.8305,76.139601,0.680644,14.884497,0.0,0.0
2026-09-06 18:11:30,241214.73,165599,828,-527.9703,-233.2582,0.7,4.241122,,,,0.05,2.337484,0.233748,1.7e-05,4.377644,10.0,10.0,20.63131,0.0,20.63131,79.36869,59.177344,0.85886,14.884497,0.0,0.0
2026-09-06 18:16:25,241509.47,165799,829,183.2387,-229.5587,0.7,8.531524,,,,0.05,6.85082,0.685082,3.9e-05,0.708359,5.0,9.0,0.91798,0.0,0.91798,99.08202,76.262412,0.735343,14.884497,0.0,0.0
2026-09-06 18:21:21,241804.98,165999,830,336.0205,-229.0249,0.7,4.579036,,,,0.05,11.635899,1.16359,4e-05,0.941148,6.0,9.0,0.181494,0.0,0.181494,99.818506,76.668037,0.597032,14.884497,0.0,0.0
2026-09-06 18:26:16,242099.99,166199,831,-177.8464,-227.344,0.7,2.598057,,,,0.05,8.932133,0.893213,1e-05,1.140458,9.0,10.0,14.554077,0.0,14.554077,85.445923,64.603881,0.727578,14.884497,0.0,0.0
2026-09-06 18:31:11,242395.04,166399,832,406.688,-209.61,0.7,6.238119,,,,0.05,14.368052,1.436805,3.7e-05,0.386017,2.0,4.0,0.0,0.0,0.0,100.0,76.307528,0.635985,14.884497,0.0,0.0
2026-09-06 18:36:06,242690.05,166599,833,-710.2582,-210.4736,0.7,6.46642,,,,0.05,4.093943,0.409394,3.6e-05,5.307393,10.0,10.0,28.166201,0.0,28.166201,71.833799,52.313432,0.851187,14.884497,0.0,0.0
2026-09-06 18:41:01,242985.51,166799,834,-551.6126,-211.1056,0.7,4.616785,,,,0.05,5.108037,0.510804,3.8e-05,4.268126,10.0,10.0,24.061561,0.0,24.061561,75.938439,56.48427,0.809383,14.884497,0.0,0.0
2026-09-06 18:45:56,243280.48,166999,835,-127.6782,-213.9377,0.7,5.165704,,,,0.05,6.214531,0.621453,1.1e-05,1.011203,10.0,10.0,10.532097,0.0,10.532097,89.467903,68.10712,0.754254,14.884497,0.0,0.0
2026-09-06 18:50:51,243575.77,167199,836,186.5724,-209.3099,0.7,7.346075,,,,0.05,7.439194,0.743919,4e-05,0.815923,5.0,9.0,0.924095,0.0,0.924095,99.075905,76.302093,0.771307,14.884497,0.0,0.0
2026-09-06 18:55:47,243871.4,167399,837,199.33,-201.0181,0.7,4.838029,,,,0.05,7.305886,0.730589,4e-05,1.101944,7.0,10.0,1.208349,0.0,1.208349,98.791651,75.977633,0.681415,14.884497,0.0,0.0
2026-09-06 19:00:42,244165.91,167599,838,235.2501,-198.1492,0.7,7.004127,,,,0.05,8.180138,0.818014,1e-05,1.137854,6.0,9.0,0.253342,0.0,0.253342,99.746658,76.605757,0.674056,14.884497,0.0,0.0
2026-09-06 19:05:36,244460.79,167799,839,-351.8826,-203.5822,0.7,4.086791,,,,0.05,5.274161,0.527416,1.2e-05,0.934792,7.0,10.0,17.57593,0.0,17.57593,82.42407,62.265874,0.69164,14.884497,0.0,0.0
2026-09-06 19:10:30,244754.53,167999,840,-584.6976,-206.3975,0.7,5.6091,,,,0.05,4.631455,0.463145,3.8e-05,1.793688,10.0,10.0,24.323108,0.0,24.323108,75.676892,56.618615,0.775414,14.884497,0.0,0.0
2026-09-06 19:15:25,245049.58,168199,841,-1004.4078,-208.8072,0.7,7.040235,,,,0.05,5.316138,0.531614,3.7e-05,4.746873,10.0,10.0,40.436713,0.0,40.436713,59.563287,42.767252,0.661077,14.884497,0.0,0.0
2026-09-06 19:20:20,245344.19,168399,842,-1114.5598,-214.3331,0.7,3.427293,,,,0.05,4.703301,0.47033,3.6e-05,5.55488,10.0,10.0,42.703566,0.0,42.703566,57.296434,41.537408,0.704472,14.884497,0.0,0.0
2026-09-06 19:25:14,245638.76,168599,843,-816.4731,-224.5775,0.7,3.24363,,,,0.05,2.455098,0.24551,3.5e-05,6.158855,10.0,10.0,30.463708,0.0,30.463708,69.536292,50.775849,0.873478,14.884497,0.0,0.0
2026-09-06 19:30:09,245933.24,168799,844,-31.8752,-213.4504,0.7,6.612224,,,,0.05,5.668916,0.566892,6e-06,1.479253,10.0,10.0,6.856858,0.0,6.856858,93.143142,70.98404,0.660738,14.884497,0.0,0.0
2026-09-06 19:35:03,246227.34,168999,845,138.1492,-210.8672,0.7,2.560249,,,,0.05,4.853842,0.485384,3.8e-05,1.6578,9.0,10.0,0.286963,0.0,0.286963,99.713037,75.794488,0.719427,14.884497,0.0,0.0
2026-09-06 19:39:58,246522.45,169199,846,-140.1824,-211.1427,0.7,3.707896,,,,0.05,3.880902,0.38809,4e-05,3.042346,10.0,10.0,9.05171,0.0,9.05171,90.94829,68.297139,0.798542,14.884497,0.0,0.0
2026-09-06 19:44:53,246816.93,169399,847,-977.579,-222.6398,0.7,3.85996,,,,0.05,7.451108,0.745111,3.8e-05,2.950219,10.0,10.0,40.05471,0.0,40.05471,59.94529,43.77206,0.592247,14.884497,0.0,0.0
2026-09-06 19:49:47,247111.75,169599,848,129.1693,-215.2489,0.7,3.58307,,,,0.05,8.430183,0.843018,3.7e-05,1.47246,10.0,10.0,4.402705,0.0,4.402705,95.597295,72.533326,0.73583,14.884497,0.0,0.0
2026-09-06 19:54:42,247405.94,169799,849,374.8311,-209.4542,0.7,4.461809,,,,0.05,12.989335,1.298934,1.2e-05,0.486698,2.0,5.0,0.0,0.0,0.0,100.0,76.9344,0.579651,14.884497,0.0,0.0
2026-09-06 19:59:36,247700.56,169999,850,-1743.2224,-229.4571,0.7,10.010088,,,,0.05,3.955173,0.395517,3.6e-05,5.83979,10.0,10.0,66.921622,0.0,66.921622,33.078378,21.565997,0.616603,14.884497,0.0,0.0
2026-09-06 20:04:31,247995.05,170199,851,-263.9317,-228.966,0.7,3.240013,,,,0.05,8.705727,0.870573,3.8e-05,1.243336,7.0,10.0,17.456975,0.0,17.456975,82.543025,60.468055,0.600041,14.884497,0.0,0.0
2026-09-06 20:09:25,248289.47,170399,852,277.031,-225.6116,0.7,8.972012,,,,0.05,10.007767,1.000777,1.3e-05,0.927585,8.0,10.0,0.308381,0.0,0.308381,99.691619,76.437721,0.614261,14.884497,0.0,0.0
2026-09-06 20:14:20,248584.62,170599,853,102.2072,-221.2029,0.7,4.219554,,,,0.05,6.404801,0.64048,3.8e-05,1.600177,10.0,10.0,3.136056,0.0,3.136056,96.863944,73.971039,0.741155,14.884497,0.0,0.0
2026-09-06 20:19:14,248878.75,170799,854,-304.44,-214.8976,0.7,3.358303,,,,0.05,6.807472,0.680747,1.4e-05,2.970095,10.0,10.0,17.307116,0.0,17.307116,82.692884,61.42609,0.755102,14.884497,0.0,0.0
2026-09-06 20:24:09,249173.12,170999,855,230.9395,-207.8286,0.7,7.073539,,,,0.05,7.870331,0.787033,3.8e-05,1.002074,5.0,7.0,0.0,0.0,0.0,100.0,75.28863,0.662616,14.884497,0.0,0.0
2026-09-06 20:29:01,249465.09,171199,856,-200.5952,-207.1674,0.7,6.171512,,,,0.05,5.617088,0.561709,1.5e-05,0.90717,10.0,10.0,12.009126,0.0,12.009126,87.990874,66.860713,0.708523,14.884497,0.0,0.0
2026-09-06 20:33:53,249757.84,171399,857,-267.6336,-211.449,0.7,3.979134,,,,0.05,9.731681,0.973168,3.6e-05,1.61183,10.0,10.0,18.751977,0.0,18.751977,81.248023,61.023363,0.668693,14.884497,0.0,0.0
2026-09-06 20:38:45,250049.82,171599,858,153.3108,-200.7704,0.7,5.822896,,,,0.05,8.137997,0.8138,3.7e-05,1.493369,10.0,10.0,3.221349,0.0,3.221349,96.778651,73.730027,0.612462,14.884497,0.0,0.0
2026-09-06 20:43:37,250341.52,171799,859,70.9356,-198.6762,0.7,4.09327,,,,0.05,3.496154,0.349615,3.9e-05,1.202973,10.0,10.0,1.197446,0.0,1.197446,98.802554,75.559259,0.863937,14.884497,0.0,0.0
2026-09-06 20:48:30,250634.08,171999,860,147.1105,-184.9508,0.7,5.648171,,,,0.05,4.940142,0.494014,1.3e-05,1.067788,5.0,8.0,0.0,0.0,0.0,100.0,76.663939,0.653819,14.884497,0.0,0.0
2026-09-06 20:53:22,250926.16,172199,861,-1410.2424,-202.772,0.7,9.817013,,,,0.05,2.686802,0.26868,1.5e-05,3.950796,10.0,10.0,51.27941,0.0,51.27941,48.72059,35.426635,0.656606,14.884497,0.0,0.0
2026-09-06 20:58:14,251218.62,172399,862,162.9316,-200.1329,0.7,4.451904,,,,0.05,7.779221,0.777922,3.7e-05,1.564453,10.0,10.0,2.481667,0.0,2.481667,97.518333,74.22934,0.705562,14.884497,0.0,0.0
2026-09-06 21:03:06,251510.78,172599,863,-209.9756,-197.6565,0.7,14.525353,,,,0.05,7.161436,0.716144,1.4e-05,0.972007,10.0,10.0,13.934795,0.0,13.934795,86.065205,65.467612,0.725578,14.884497,0.0,0.0
2026-09-06 21:07:59,251803.22,172799,864,115.0712,-189.5211,0.7,2.636526,,,,0.05,7.364441,0.736444,3.8e-05,1.478302,10.0,10.0,3.714424,0.0,3.714424,96.285576,73.101225,0.789084,14.884497,0.0,0.0
2026-09-06 21:12:51,252095.3,172999,865,114.0275,-188.8192,0.7,4.38082,,,,0.05,10.07406,1.007406,3.7e-05,1.411019,10.0,10.0,6.214108,0.0,6.214108,93.785892,71.645817,0.708444,14.884497,0.0,0.0
2026-09-06 21:17:43,252387.24,173199,866,160.1869,-185.2036,0.7,4.877443,,,,0.05,10.15318,1.015318,3.8e-05,1.370159,10.0,10.0,5.031835,0.0,5.031835,94.968165,72.041563,0.708945,14.884497,0.0,0.0
2026-09-06 21:22:35,252679.48,173399,867,-358.3912,-188.951,0.7,7.131618,,,,0.05,7.908763,0.790876,1.4e-05,2.189014,10.0,10.0,19.826924,0.0,19.826924,80.173076,59.993836,0.712432,14.884497,0.0,0.0
2026-09-06 21:27:27,252971.25,173599,868,26.1209,-190.3322,0.7,5.088038,,,,0.05,10.503194,1.050319,3.7e-05,1.151298,10.0,10.0,9.703983,0.0,9.703983,90.296017,67.842815,0.81652,14.884497,0.0,0.0
2026-09-06 21:32:19,253263.49,173799,869,445.2176,-173.9387,0.7,2.506693,,,,0.05,15.496102,1.54961,1.5e-05,0.511836,3.0,5.0,0.0,0.0,0.0,100.0,76.34944,0.633041,14.884497,0.0,0.0
2026-09-06 21:37:11,253554.96,173999,870,378.2706,-170.4342,0.7,6.14675,,,,0.05,14.616043,1.461604,1.3e-05,0.374447,2.0,5.0,0.0,0.0,0.0,100.0,76.3392,0.707574,14.884497,0.0,0.0
2026-09-06 21:42:03,253847.32,174199,871,69.0644,-170.2429,0.7,8.429105,,,,0.05,9.449289,0.944929,3.8e-05,1.299052,10.0,10.0,6.782641,0.0,6.782641,93.217359,70.580577,0.752561,14.884497,0.0,0.0
2026-09-06 21:46:55,254139.3,174399,872,379.3443,-156.4739,0.7,11.593763,,,,0.05,13.481469,1.348147,3.7e-05,0.786598,6.0,8.0,0.0,0.0,0.0,100.0,76.46456,0.746392,14.884497,0.0,0.0
2026-09-06 21:51:47,254431.57,174599,873,88.2427,-154.0677,0.7,3.864742,,,,0.05,9.304546,0.930455,1.7e-05,1.304193,10.0,10.0,5.992453,0.0,5.992453,94.007547,71.293224,0.693829,14.884497,0.0,0.0
2026-09-06 21:56:39,254723.63,174799,874,-666.5057,-162.7406,0.7,8.990829,,,,0.05,5.235737,0.523574,3.8e-05,2.378002,10.0,10.0,28.182882,0.0,28.182882,71.817118,53.525514,0.700194,14.884497,0.0,0.0
2026-09-06 22:01:31,255015.33,174999,875,110.0767,-158.1349,0.7,6.300079,,,,0.05,7.969872,0.796987,3.6e-05,1.382147,10.0,10.0,4.425871,0.0,4.425871,95.574129,72.587384,0.689292,15.382392,0.0,0.0
2026-09-06 22:06:24,255307.91,175199,876,-100.823,-160.1349,0.7,4.12241,,,,0.05,5.768185,0.576818,1.4e-05,1.1442,10.0,10.0,9.002814,0.0,9.002814,90.997186,69.243734,0.670042,15.382392,0.0,0.0
2026-09-06 22:11:16,255600.31,175399,877,59.7224,-158.0837,0.7,4.073823,,,,0.05,5.245547,0.524555,1.2e-05,1.457808,10.0,10.0,3.412463,0.0,3.412463,96.587537,73.421635,0.768941,15.382392,0.0,0.0
2026-09-06 22:16:11,255895.51,175599,878,-822.7893,-163.4116,0.7,4.037308,,,,0.05,5.362255,0.536225,3.7e-05,1.980309,10.0,10.0,32.197947,0.0,32.197947,67.802053,50.463253,0.678843,15.382392,0.0,0.0
2026-09-06 22:21:06,256190.17,175799,879,-270.7997,-157.7627,0.7,4.225712,,,,0.05,6.514877,0.651488,7e-06,1.846287,10.0,10.0,14.893972,0.0,14.893972,85.106028,63.876361,0.657129,15.382392,0.0,0.0
2026-09-06 22:26:00,256484.77,175999,880,-1122.4514,-170.1454,0.7,6.132257,,,,0.05,3.359879,0.335988,3.6e-05,3.381279,10.0,10.0,38.811312,0.0,38.811312,61.188688,44.344457,0.825219,15.382392,0.0,0.0
2026-09-06 22:30:55,256779.17,176199,881,-100.7231,-167.4068,0.7,7.475832,,,,0.05,4.335735,0.433574,7e-06,1.249954,10.0,10.0,7.637376,0.0,7.637376,92.362624,69.778167,0.751255,15.382392,0.0,0.0
2026-09-06 22:35:49,257073.79,176399,882,-305.0304,-154.8504,0.7,8.07189,,,,0.05,3.306307,0.330631,1.6e-05,0.766878,10.0,10.0,13.091274,0.0,13.091274,86.908726,65.762675,0.855908,15.382392,0.0,0.0
2026-09-06 22:40:45,257368.9,176599,883,-566.6453,-159.0611,0.7,2.434953,,,,0.05,3.082465,0.308246,3.8e-05,2.77214,10.0,10.0,21.459959,0.0,21.459959,78.540041,58.365876,0.862267,15.382392,0.0,0.0
2026-09-06 22:45:39,257663.56,176799,884,-205.4933,-160.8586,0.7,6.79312,,,,0.05,4.423169,0.442317,3.8e-05,1.021097,10.0,10.0,11.204248,0.0,11.204248,88.795752,67.386392,0.710884,15.382392,0.0,0.0
2026-09-06 22:50:34,257958.48,176999,885,-279.6105,-157.4849,0.7,6.302835,,,,0.05,6.265707,0.626571,3.9e-05,0.623224,3.0,10.0,14.902137,0.0,14.902137,85.097863,64.092705,0.760226,15.382392,0.0,0.0
2026-09-06 22:55:29,258253.35,177199,886,270.788,-153.0401,0.7,4.957889,,,,0.05,9.516614,0.951661,1.3e-05,0.811904,5.0,9.0,0.159556,0.0,0.159556,99.840444,75.445367,0.632814,15.382392,0.0,0.0
2026-09-06 23:00:24,258548.55,177399,887,-115.271,-153.721,0.7,3.232852,,,,0.05,6.346218,0.634622,3.7e-05,1.353146,10.0,10.0,9.783983,0.0,9.783983,90.216017,68.290604,0.695757,15.382392,0.0,0.0
2026-09-06 23:05:19,258843.53,177599,888,-404.23,-156.6467,0.7,6.296946,,,,0.05,7.945465,0.794546,3.9e-05,2.075551,10.0,10.0,21.119251,0.0,21.119251,78.880749,59.317919,0.751264,15.382392,0.0,0.0
2026-09-06 23:10:14,259138.65,177799,889,289.24,-154.6069,0.7,6.466029,,,,0.05,9.977371,0.997737,3.8e-05,0.455588,2.0,2.0,0.0,0.0,0.0,100.0,76.664321,0.64164,15.382392,0.0,0.0
2026-09-06 23:15:09,259433.86,177999,890,-633.079,-153.8264,0.7,4.560802,,,,0.05,5.266072,0.526607,3.7e-05,1.837242,10.0,10.0,25.120356,0.0,25.120356,74.879644,56.321106,0.675471,15.382392,0.0,0.0
2026-09-06 23:20:05,259729.27,178199,891,89.5068,-145.0149,0.7,6.856573,,,,0.05,7.104501,0.71045,3.9e-05,1.468005,10.0,10.0,4.014865,0.0,4.014865,95.985135,73.397039,0.717247,15.382392,0.0,0.0
2026-09-06 23:25:00,260024.49,178399,892,-326.3086,-144.0579,0.7,5.400083,,,,0.05,8.817559,0.881756,4e-05,2.299754,10.0,10.0,19.51102,0.0,19.51102,80.48898,60.44946,0.686358,15.382392,0.0,0.0
2026-09-06 23:29:55,260319.64,178599,893,350.4571,-142.5336,0.7,6.683767,,,,0.05,11.837261,1.183726,3.9e-05,1.353372,9.0,10.0,0.0,0.0,0.0,100.0,76.821078,0.582436,15.382392,0.0,0.0
2026-09-06 23:34:51,260614.89,178799,894,-312.695,-140.5495,0.7,4.166715,,,,0.05,9.006468,0.900647,3.8e-05,2.289454,10.0,10.0,19.153601,0.0,19.153601,80.846399,60.934085,0.640779,15.382392,0.0,0.0
2026-09-06 23:39:46,260909.89,178999,895,279.1463,-126.3737,0.7,5.831492,,,,0.05,9.584839,0.958484,1.4e-05,0.966578,9.0,10.0,0.139563,0.0,0.139563,99.860437,76.180024,0.532037,15.382392,0.0,0.0
2026-09-06 23:44:41,261205.16,179199,896,-186.8199,-131.2692,0.7,2.681095,,,,0.05,6.445931,0.644593,1.1e-05,3.050663,10.0,10.0,12.554747,0.0,12.554747,87.445253,65.633366,0.684304,15.382392,0.0,0.0
2026-09-06 23:49:36,261500.64,179399,897,179.8153,-128.7019,0.7,6.853036,,,,0.05,6.049206,0.604921,3.8e-05,0.328664,2.0,4.0,0.0,0.0,0.0,100.0,76.94464,0.716301,15.382392,0.0,0.0
2026-09-06 23:54:32,261796.72,179599,898,230.1259,-128.5403,0.7,4.580238,,,,0.05,7.682758,0.768276,3.9e-05,0.69945,4.0,6.0,0.0,0.0,0.0,100.0,76.50345,0.636377,15.382392,0.0,0.0
2026-09-06 23:59:28,262092.01,179799,899,328.0675,-128.2463,0.7,5.636528,,,,0.05,11.496805,1.149681,1.1e-05,0.38792,2.0,2.0,0.0,0.0,0.0,100.0,76.015519,0.603734,15.382392,0.0,0.0
2026-09-07 00:04:23,262387.81,179999,900,-629.5818,-131.0523,0.7,4.660457,,,,0.05,6.773674,0.677367,1.7e-05,4.725795,10.0,10.0,27.271966,0.0,27.271966,72.728034,53.158366,0.684445,15.382392,0.0,0.0
2026-09-07 00:09:19,262683.36,180199,901,-1643.4758,-149.9012,0.7,4.711109,,,,0.05,4.612176,0.461218,3.6e-05,6.115745,10.0,10.0,61.854736,0.0,61.854736,38.145264,26.333005,0.729165,15.382392,0.0,0.0
2026-09-07 00:14:14,262978.29,180399,902,266.7519,-141.4552,0.7,3.050668,,,,0.05,9.624338,0.962434,1.1e-05,1.082891,9.0,10.0,0.565029,0.0,0.565029,99.434971,75.263332,0.759814,15.382392,0.0,0.0
2026-09-07 00:19:09,263273.59,180599,903,-175.2624,-136.98,0.7,10.659981,,,,0.05,7.980415,0.798041,1.1e-05,1.448313,10.0,10.0,13.355665,0.0,13.355665,86.644335,64.845705,0.687354,15.382392,0.0,0.0
2026-09-07 00:24:05,263569.07,180799,904,-1322.7951,-153.3306,0.7,4.232703,,,,0.05,6.013196,0.60132,3.8e-05,2.153906,10.0,10.0,48.832435,0.0,48.832435,51.167565,36.378984,0.635199,15.382392,0.0,0.0
2026-09-07 00:29:00,263864.32,180999,905,-208.8555,-157.1145,0.7,6.118917,,,,0.05,5.521709,0.552171,7e-06,3.481711,10.0,10.0,12.455605,0.0,12.455605,87.544395,65.227251,0.7995,15.382392,0.0,0.0
2026-09-07 00:33:55,264159.18,181199,906,-741.4161,-162.9315,0.7,4.027254,,,,0.05,4.161437,0.416144,3.9e-05,8.639894,10.0,10.0,28.810958,0.0,28.810958,71.189042,51.144113,0.89683,15.382392,0.0,0.0
2026-09-07 00:38:50,264453.97,181399,907,344.6719,-156.4754,0.7,15.537762,,,,0.05,12.338485,1.233849,1.2e-05,0.571677,3.0,9.0,0.148559,0.0,0.148559,99.851441,76.513449,0.571295,15.382392,0.0,0.0
2026-09-07 00:43:44,264748.69,181599,908,308.4393,-149.6139,0.7,5.324057,,,,0.05,10.791795,1.07918,3.9e-05,0.469965,2.0,5.0,0.0,0.0,0.0,100.0,76.523996,0.570451,15.382392,0.0,0.0
2026-09-07 00:48:39,265043.59,181799,909,169.1636,-151.2476,0.7,4.616984,,,,0.05,7.973774,0.797377,4.2e-05,1.765496,10.0,10.0,2.50325,0.0,2.50325,97.49675,74.0856,0.740184,15.382392,0.0,0.0
2026-09-07 00:53:34,265338.43,181999,910,-39.1854,-153.0617,0.7,3.050603,,,,0.05,7.174912,0.717491,3.7e-05,1.474502,10.0,10.0,8.315022,0.0,8.315022,91.684978,69.204919,0.628172,15.382392,0.0,0.0
2026-09-07 00:58:29,265632.88,182199,911,295.6388,-148.6169,0.7,4.999393,,,,0.05,10.706224,1.070622,1.5e-05,0.178965,1.0,2.0,0.0,0.0,0.0,100.0,77.37984,0.638497,15.382392,0.0,0.0
2026-09-07 01:03:23,265927.36,182399,912,-205.5342,-153.1489,0.7,7.306043,,,,0.05,6.722242,0.672224,3.8e-05,3.040269,10.0,10.0,13.569038,0.0,13.569038,86.430962,65.213159,0.785425,15.382392,0.0,0.0
2026-09-07 01:08:18,266222.07,182599,913,-327.2511,-158.464,0.7,3.732498,,,,0.05,4.177305,0.41773,3.7e-05,3.706721,10.0,10.0,15.09096,0.0,15.09096,84.90904,63.633549,0.837228,15.382392,0.0,0.0
2026-09-07 01:13:13,266516.87,182799,914,170.9562,-155.3202,0.7,6.654624,,,,0.05,7.563849,0.756385,9e-06,1.486607,10.0,10.0,1.948643,0.0,1.948643,98.051357,75.134833,0.654922,15.382392,0.0,0.0
2026-09-07 01:18:08,266812.19,182999,915,-466.5058,-156.4348,0.7,4.347037,,,,0.05,5.117491,0.511749,3.7e-05,4.47081,10.0,10.0,20.382049,0.0,20.382049,79.617951,58.978317,0.822873,15.382392,0.0,0.0
2026-09-07 01:23:02,267106.64,183199,916,-1078.2302,-169.626,0.7,5.470382,,,,0.05,4.388654,0.438865,3.7e-05,5.117444,10.0,10.0,39.600916,0.0,39.600916,60.399084,43.612247,0.731783,15.382392,0.0,0.0
2026-09-07 01:27:57,267401.55,183399,917,-367.3164,-173.9141,0.7,3.65449,,,,0.05,5.119968,0.511997,3.9e-05,2.552549,10.0,10.0,16.91152,0.0,16.91152,83.08848,62.295278,0.751969,15.382392,0.0,0.0
2026-09-07 01:32:51,267695.56,183599,918,-2.0529,-171.9931,0.7,3.966857,,,,0.05,6.375795,0.63758,7e-06,1.927261,10.0,10.0,6.556557,0.0,6.556557,93.443443,70.362495,0.758584,15.382392,0.0,0.0
2026-09-07 01:37:47,267990.98,183799,919,-243.4324,-176.1957,0.7,4.680896,,,,0.05,9.910055,0.991006,1.1e-05,0.657803,4.0,10.0,17.264172,0.0,17.264172,82.735828,62.4185,0.674195,15.382392,0.0,0.0
2026-09-07 01:42:42,268286.1,183999,920,301.8698,-168.0511,0.7,5.188681,,,,0.05,10.775754,1.077575,1.5e-05,0.17356,1.0,1.0,0.0,0.0,0.0,100.0,76.62592,0.624688,15.382392,0.0,0.0
2026-09-07 01:47:37,268581.33,184199,921,-367.3157,-175.7625,0.7,3.654811,,,,0.05,6.435975,0.643597,7e-06,1.730165,10.0,10.0,18.025314,0.0,18.025314,81.974686,61.436264,0.615728,15.382392,0.0,0.0
2026-09-07 01:52:32,268876.05,184399,922,246.2245,-163.1514,0.7,5.941405,,,,0.05,9.161899,0.91619,1.1e-05,0.973301,7.0,9.0,0.598762,0.0,0.598762,99.401238,76.23025,0.675346,15.382392,0.0,0.0
2026-09-07 01:57:26,269170.6,184599,923,-859.1741,-170.0343,0.7,5.98935,,,,0.05,2.870073,0.287007,3.6e-05,3.838819,10.0,10.0,30.833208,0.0,30.833208,69.166792,51.213497,0.836274,15.382392,0.0,0.0
2026-09-07 02:02:21,269465.59,184799,924,39.6722,-172.9146,0.7,4.424821,,,,0.05,3.089699,0.30897,1e-05,1.485786,10.0,10.0,1.813807,0.0,1.813807,98.186193,75.004398,0.782712,15.382392,0.0,0.0
2026-09-07 02:07:16,269760.21,184999,925,-642.191,-180.1766,0.7,3.890002,,,,0.05,2.824986,0.282499,7e-06,4.428937,10.0,10.0,24.135066,0.0,24.135066,75.864934,56.341678,0.843774,15.382392,0.0,0.0
2026-09-07 02:12:11,270055.25,185199,926,-781.352,-188.0998,0.7,6.374417,,,,0.05,2.648021,0.264802,3.6e-05,2.164131,10.0,10.0,28.006248,0.0,28.006248,71.993752,53.462104,0.840401,15.382392,0.0,0.0
2026-09-07 02:17:05,270349.48,185399,927,241.3666,-187.147,0.7,9.669743,,,,0.05,8.605301,0.86053,3.9e-05,1.038308,5.0,9.0,0.944516,0.0,0.944516,99.055484,75.650473,0.526631,15.382392,0.0,0.0
2026-09-07 02:22:00,270644.8,185599,928,26.9364,-181.5979,0.7,4.695573,,,,0.05,5.688597,0.56886,3.9e-05,1.442348,10.0,10.0,4.901043,0.0,4.901043,95.098957,71.956633,0.708203,15.382392,0.0,0.0
2026-09-07 02:26:55,270939.69,185799,929,-94.0833,-184.3711,0.7,4.9923,,,,0.05,8.126727,0.812673,1e-05,1.123599,10.0,10.0,11.002514,0.0,11.002514,88.997486,67.576888,0.59382,15.382392,0.0,0.0
2026-09-07 02:31:50,271234.03,185999,930,216.6629,-185.5647,0.7,7.659519,,,,0.05,7.833384,0.783338,1e-05,1.413679,8.0,10.0,0.489861,0.0,0.489861,99.510139,75.988505,0.55766,15.382392,0.0,0.0
2026-09-07 02:36:45,271529.26,186199,931,-1027.2768,-194.059,0.7,8.5891,,,,0.05,3.913401,0.39134,3.7e-05,3.719043,10.0,10.0,37.117051,0.0,37.117051,62.882949,46.11582,0.707626,15.382392,0.0,0.0
2026-09-07 02:41:40,271823.89,186399,932,279.9713,-195.3262,0.7,6.543213,,,,0.05,9.902841,0.990284,3.8e-05,1.217386,7.0,9.0,0.519584,0.0,0.519584,99.480416,74.728694,0.668911,15.382392,0.0,0.0
2026-09-07 02:46:35,272119.17,186599,933,-559.3974,-193.8175,0.7,15.662579,,,,0.05,8.078203,0.80782,3.7e-05,2.432081,10.0,10.0,25.865052,0.0,25.865052,74.134948,55.549497,0.653489,15.382392,0.0,0.0
2026-09-07 02:51:29,272413.8,186799,934,-82.661,-189.128,0.7,5.16536,,,,0.05,9.097454,0.909745,1.2e-05,0.992449,10.0,10.0,11.15129,0.0,11.15129,88.84871,67.294896,0.654049,15.382392,0.0,0.0
2026-09-07 02:56:25,272708.95,186999,935,-556.9812,-193.4211,0.7,5.552292,,,,0.05,4.438861,0.443886,3.7e-05,2.206592,10.0,10.0,22.435393,0.0,22.435393,77.564607,58.261292,0.727913,15.382392,0.0,0.0
2026-09-07 03:01:19,273003.67,187199,936,-196.1851,-197.2486,0.7,4.335314,,,,0.05,5.811446,0.581145,5e-06,1.1204,10.0,10.0,11.979594,0.0,11.979594,88.020406,66.613506,0.590898,15.382392,0.0,0.0
2026-09-07 03:06:14,273298.05,187399,937,-1711.9044,-216.361,0.7,8.62746,,,,0.05,2.826463,0.282646,3.7e-05,4.876276,10.0,10.0,63.535282,0.0,63.535282,36.464718,24.068057,0.667757,15.382392,0.0,0.0
2026-09-07 03:11:08,273592.61,187599,938,220.1096,-216.5124,0.7,3.263421,,,,0.05,7.520079,0.752008,9e-06,0.367022,3.0,4.0,0.0,0.0,0.0,100.0,76.10496,0.569791,16.208967,0.0,0.0
2026-09-07 03:16:03,273887.09,187799,939,-686.5662,-219.8592,0.7,4.362823,,,,0.05,4.37512,0.437512,8e-06,1.599722,10.0,10.0,25.629337,0.0,25.629337,74.370663,55.384523,0.669066,16.208967,0.0,0.0
2026-09-07 03:20:57,274181.19,187999,940,-374.7643,-217.7599,0.7,5.889354,,,,0.05,6.901005,0.690101,7e-06,0.448458,3.0,10.0,17.979135,0.0,17.979135,82.020865,61.184523,0.530394,16.208967,0.0,0.0
2026-09-07 03:25:51,274475.48,188199,941,-1481.0008,-222.5258,0.7,3.287344,,,,0.05,5.930178,0.593018,3.7e-05,2.902204,10.0,10.0,51.388935,0.0,51.388935,48.611065,34.779161,0.455391,16.208967,0.0,0.0
2026-09-07 03:30:46,274770.35,188399,942,-278.3969,-214.1642,0.7,2.983464,,,,0.05,7.158769,0.715877,4.1e-05,1.787512,10.0,10.0,15.316598,0.0,15.316598,84.683402,63.702644,0.620631,16.208967,0.0,0.0
2026-09-07 03:35:41,275065.65,188599,943,10.6342,-205.8931,0.7,5.294287,,,,0.05,12.280646,1.228065,4.1e-05,1.125168,10.0,10.0,10.908909,0.0,10.908909,89.091091,66.880117,0.579608,16.208967,0.0,0.0
2026-09-07 03:40:35,275359.77,188799,944,-232.9283,-207.9036,0.7,16.21949,,,,0.05,9.169579,0.916958,3.6e-05,1.95932,9.0,10.0,15.899841,0.0,15.899841,84.100159,63.324516,0.511309,16.208967,0.0,0.0
2026-09-07 03:45:30,275654.76,188999,945,-108.6828,-210.372,0.7,5.267924,,,,0.05,8.190583,0.819058,4e-05,1.685303,10.0,10.0,11.057476,0.0,11.057476,88.942524,67.849163,0.604085,16.208967,0.0,0.0
2026-09-07 03:50:25,275948.99,189199,946,130.2643,-207.6675,0.7,5.999927,,,,0.05,4.807541,0.480754,3.8e-05,1.86242,9.0,10.0,0.473641,0.0,0.473641,99.526359,75.378785,0.754325,16.208967,0.0,0.0
2026-09-07 03:55:19,276243.78,189399,947,-692.9173,-204.8209,0.7,7.150555,,,,0.05,2.737316,0.273732,3.9e-05,4.531641,10.0,10.0,24.254111,0.0,24.254111,75.745889,55.924931,0.900634,16.208967,0.0,0.0
2026-09-07 04:00:14,276538.04,189599,948,-636.9653,-212.4822,0.7,4.095566,,,,0.05,2.179616,0.217962,3.7e-05,5.989411,10.0,10.0,21.920278,0.0,21.920278,78.079722,57.143703,0.808655,16.208967,0.0,0.0
2026-09-07 04:05:09,276832.87,189799,949,-1104.4203,-227.2747,0.7,8.325373,,,,0.05,2.866211,0.286621,3.8e-05,3.240248,10.0,10.0,36.460732,0.0,36.460732,63.539268,46.733974,0.85667,16.208967,0.0,0.0
2026-09-07 04:10:04,277128.15,189999,950,150.3395,-208.3391,0.7,3.907995,,,,0.05,5.095016,0.509502,3.9e-05,0.981508,5.0,8.0,0.113538,0.0,0.113538,99.886462,75.938689,0.73528,16.208967,0.0,0.0
2026-09-07 04:14:58,277422.51,190199,951,184.9228,-203.8506,0.7,5.095241,,,,0.05,7.066552,0.706655,9e-06,1.66892,10.0,10.0,0.794434,0.0,0.794434,99.205566,75.369533,0.623853,16.208967,0.0,0.0
2026-09-07 04:19:53,277717.24,190399,952,60.4292,-206.0166,0.7,4.031517,,,,0.05,7.283975,0.728398,3.8e-05,1.430245,10.0,10.0,4.992648,0.0,4.992648,95.007352,72.058847,0.734939,16.208967,0.0,0.0
2026-09-07 04:24:47,278011.66,190599,953,-855.4418,-215.5931,0.7,5.56821,,,,0.05,2.84831,0.284831,3.9e-05,6.568004,10.0,10.0,29.560243,0.0,29.560243,70.439757,50.836727,0.886419,16.208967,0.0,0.0
2026-09-07 04:29:42,278306.66,190799,954,-414.443,-216.6931,0.7,4.687907,,,,0.05,7.350872,0.735087,1e-05,2.44762,10.0,10.0,19.268603,0.0,19.268603,80.731397,60.189125,0.653081,16.208967,0.0,0.0
2026-09-07 04:34:36,278599.88,190999,955,-304.8053,-222.0506,0.7,3.20277,,,,0.05,8.671981,0.867198,3.9e-05,1.929313,10.0,10.0,17.514105,0.0,17.514105,82.485895,62.194904,0.566359,16.208967,0.0,0.0
2026-09-07 04:39:30,278894.81,191199,956,235.1245,-217.6934,0.7,3.092516,,,,0.05,8.029969,0.802997,9e-06,1.204707,6.0,9.0,0.18359,0.0,0.18359,99.81641,76.419992,0.526018,16.208967,0.0,0.0
2026-09-07 04:44:25,279189.75,191399,957,-314.5157,-218.1622,0.7,3.877929,,,,0.05,7.114185,0.711418,1.1e-05,1.11341,8.0,10.0,16.52905,0.0,16.52905,83.47095,60.399611,0.655446,16.208967,0.0,0.0
2026-09-07 04:49:20,279484.56,191599,958,-418.3098,-223.8784,0.7,9.16844,,,,0.05,5.050252,0.505025,3.9e-05,4.526996,10.0,10.0,18.204464,0.0,18.204464,81.795536,60.599089,0.721199,16.208967,0.0,0.0
2026-09-07 04:54:16,279780.09,191799,959,-776.5933,-232.3537,0.7,4.81283,,,,0.05,10.20123,1.020123,3.6e-05,0.762201,10.0,10.0,33.41489,0.0,33.41489,66.58511,49.693844,0.601929,16.208967,0.0,0.0
2026-09-07 04:59:11,280075.06,191999,960,294.1088,-230.8837,0.7,8.02585,,,,0.05,12.182921,1.218292,4.2e-05,1.726323,10.0,10.0,2.398533,0.0,2.398533,97.601467,74.216137,0.716766,16.208967,0.0,0.0
2026-09-07 05:04:06,280369.94,192199,961,334.9319,-213.432,0.7,5.802108,,,,0.05,12.600781,1.260078,3.9e-05,1.453279,10.0,10.0,1.291066,0.0,1.291066,98.708934,74.893274,0.715161,16.208967,0.0,0.0
2026-09-07 05:09:00,280664.83,192399,962,-289.0177,-217.9515,0.7,4.855099,,,,0.05,12.428136,1.242814,3.7e-05,2.503264,10.0,10.0,19.950004,0.0,19.950004,80.049996,59.946005,0.643915,16.208967,0.0,0.0
2026-09-07 05:13:55,280959.35,192599,963,-295.5613,-218.8073,0.7,5.343814,,,,0.05,4.984397,0.49844,3.8e-05,3.361376,10.0,10.0,14.100475,0.0,14.100475,85.899525,63.907228,0.874167,16.208967,0.0,0.0
2026-09-07 05:18:49,281253.71,192799,964,-91.5283,-220.8733,0.7,3.186024,,,,0.05,10.731521,1.073152,9e-06,0.74211,10.0,10.0,12.68754,0.0,12.68754,87.31246,65.587523,0.610706,16.208967,0.0,0.0
2026-09-07 05:23:44,281548.24,192999,965,148.318,-220.5304,0.7,4.137208,,,,0.05,7.203708,0.720371,3.9e-05,1.494746,10.0,10.0,2.17642,0.0,2.17642,97.82358,74.130607,0.792809,16.208967,0.0,0.0
2026-09-07 05:28:39,281843.6,193199,966,-115.6915,-223.2892,0.7,5.455765,,,,0.05,5.033004,0.5033,3.7e-05,3.131309,10.0,10.0,8.662446,0.0,8.662446,91.337554,67.977738,0.867531,16.208967,0.0,0.0
2026-09-07 05:33:34,282138.16,193399,967,-944.834,-229.1536,0.7,9.33284,,,,0.05,4.418693,0.441869,3.6e-05,0.894786,10.0,10.0,33.640022,0.0,33.640022,66.359978,49.352769,0.661879,16.208967,0.0,0.0
2026-09-07 05:38:29,282433.01,193599,968,263.9474,-226.7753,0.7,8.766422,,,,0.05,9.248713,0.924871,8e-06,0.090122,1.0,1.0,0.0,0.0,0.0,100.0,76.243542,0.664072,16.208967,0.0,0.0
2026-09-07 05:43:23,282727.52,193799,969,-182.443,-233.052,0.7,7.626161,,,,0.05,8.027286,0.802729,7e-06,0.976205,10.0,10.0,12.803668,0.0,12.803668,87.196332,66.195886,0.609437,16.208967,0.0,0.0
2026-09-07 05:48:18,283022.31,193999,970,-1521.993,-252.0546,0.7,7.186419,,,,0.05,4.019036,0.401904,3.8e-05,5.084776,10.0,10.0,55.261317,0.0,55.261317,44.738683,30.590156,0.611918,16.208967,0.0,0.0
2026-09-07 05:53:14,283318.75,194199,971,-127.6601,-254.0218,0.7,5.028612,,,,0.05,9.409456,0.940946,9e-06,0.863153,10.0,10.0,12.61052,0.0,12.61052,87.38948,66.305741,0.63696,16.208967,0.0,0.0
2026-09-07 05:58:09,283613.29,194399,972,-209.7651,-259.9129,0.7,4.343612,,,,0.05,6.405228,0.640523,7e-06,2.827061,10.0,10.0,13.066312,0.0,13.066312,86.933688,65.467424,0.69065,16.208967,0.0,0.0
2026-09-07 06:03:05,283909.26,194599,973,-1199.0283,-272.7856,0.7,4.937585,,,,0.05,8.043371,0.804337,3.8e-05,2.640667,10.0,10.0,44.566027,0.0,44.566027,55.433973,40.486095,0.586965,16.208967,0.0,0.0
2026-09-07 06:08:01,284205.18,194799,974,339.5851,-262.7247,0.7,5.220331,,,,0.05,11.762681,1.176268,3.9e-05,1.162252,9.0,10.0,0.298344,0.0,0.298344,99.701656,76.169703,0.642803,16.208967,0.0,0.0
2026-09-07 06:12:57,284501.48,194999,975,-917.6378,-273.0019,0.7,6.629747,,,,0.05,6.004662,0.600466,4e-06,4.284459,10.0,10.0,34.142017,0.0,34.142017,65.857983,48.284909,0.542003,16.208967,0.0,0.0
2026-09-07 06:17:53,284797.57,195199,976,-157.8927,-273.5726,0.7,6.166276,,,,0.05,8.101977,0.810198,3.8e-05,1.806271,10.0,10.0,12.385298,0.0,12.385298,87.614702,66.37292,0.727948,16.208967,0.0,0.0
2026-09-07 06:22:49,285093.0,195399,977,-549.8648,-279.6684,0.7,5.180326,,,,0.05,4.826684,0.482668,7e-06,2.466558,10.0,10.0,21.643913,0.0,21.643913,78.356087,58.94661,0.699675,16.208967,0.0,0.0
2026-09-07 06:27:44,285388.69,195599,978,235.0449,-269.0901,0.7,5.436814,,,,0.05,9.804649,0.980465,1.1e-05,1.596512,10.0,10.0,1.72052,0.0,1.72052,98.27948,74.821327,0.577306,16.208967,0.0,0.0
2026-09-07 06:32:41,285684.86,195799,979,-839.503,-274.7771,0.7,5.231134,,,,0.05,4.505048,0.450505,3.7e-05,1.360114,10.0,10.0,30.182388,0.0,30.182388,69.817612,52.075544,0.708587,16.208967,0.0,0.0
2026-09-07 06:37:36,285980.6,195999,980,-431.8857,-267.8715,0.7,4.601102,,,,0.05,4.865308,0.486531,9e-06,2.151924,10.0,10.0,18.127437,0.0,18.127437,81.872563,61.560181,0.746008,16.208967,0.0,0.0
2026-09-07 06:42:33,286277.03,196199,981,-239.808,-269.2623,0.7,8.154152,,,,0.05,7.090074,0.709007,8e-06,0.577119,10.0,10.0,13.899955,0.0,13.899955,86.100045,65.315153,0.579896,16.208967,0.0,0.0
2026-09-07 06:47:29,286573.17,196399,982,155.3296,-264.6587,0.7,10.490208,,,,0.05,5.416311,0.541631,3.8e-05,0.254872,1.0,2.0,0.0,0.0,0.0,100.0,76.723397,0.806504,16.208967,0.0,0.0
2026-09-07 06:52:25,286869.75,196599,983,-634.0566,-265.3328,0.7,4.514246,,,,0.05,3.77985,0.377985,7e-06,1.967787,10.0,10.0,23.100075,0.0,23.100075,76.899925,57.466096,0.740203,16.208967,0.0,0.0
2026-09-07 06:57:21,287165.52,196799,984,-378.5699,-267.0636,0.7,3.166213,,,,0.05,5.293857,0.529386,1e-05,0.309723,1.0,10.0,16.512016,0.0,16.512016,83.487984,63.307408,0.622429,16.208967,0.0,0.0
2026-09-07 07:02:18,287462.05,196999,985,-1367.06,-277.9381,0.7,3.675341,,,,0.05,3.038219,0.303822,3.8e-05,5.621186,10.0,10.0,45.171803,0.0,45.171803,54.828197,39.115761,0.716801,16.208967,0.0,0.0
2026-09-07 07:07:14,287758.42,197199,986,184.9141,-278.7968,0.7,6.664043,,,,0.05,6.567776,0.656778,1.1e-05,0.752816,3.0,8.0,0.238751,0.0,0.238751,99.761249,75.451401,0.650026,16.208967,0.0,0.0
2026-09-07 07:12:10,288054.18,197399,987,-190.2215,-279.5463,0.7,9.679495,,,,0.05,3.68225,0.368225,3.9e-05,3.372089,10.0,10.0,9.631657,0.0,9.631657,90.368343,67.355905,0.820881,16.208967,0.0,0.0
2026-09-07 07:17:06,288350.44,197599,988,164.5788,-273.8583,0.7,6.836721,,,,0.05,5.528908,0.552891,1.1e-05,0.493088,2.0,5.0,0.0,0.0,0.0,100.0,76.389584,0.678316,16.208967,0.0,0.0
2026-09-07 07:22:02,288646.37,197799,989,48.42,-276.2665,0.7,3.33412,,,,0.05,3.991304,0.39913,1.2e-05,1.526787,10.0,10.0,2.365541,0.0,2.365541,97.634459,74.1442,0.7567,16.208967,0.0,0.0
2026-09-07 07:26:58,288942.46,197999,990,-526.0915,-275.1966,0.7,10.078442,,,,0.05,5.482154,0.548215,1.4e-05,2.166787,10.0,10.0,21.597441,0.0,21.597441,78.402559,58.703061,0.765998,16.208967,0.0,0.0
2026-09-07 07:31:54,289238.79,198199,991,-723.456,-283.3262,0.7,3.585136,,,,0.05,7.098131,0.709813,1.2e-05,1.301024,10.0,10.0,28.829054,0.0,28.829054,71.170946,53.166969,0.610334,16.208967,0.0,0.0
2026-09-07 07:36:51,289535.1,198399,992,149.7927,-278.5652,0.7,7.410676,,,,0.05,5.351752,0.535175,7e-06,1.181838,9.0,10.0,0.381316,0.0,0.381316,99.618684,75.463967,0.635141,16.208967,0.0,0.0
2026-09-07 07:41:47,289831.06,198599,993,-187.9058,-283.9488,0.7,3.524263,,,,0.05,8.088387,0.808839,3.9e-05,0.913004,10.0,10.0,12.998982,0.0,12.998982,87.001018,65.959552,0.701629,16.208967,0.0,0.0
2026-09-07 07:46:43,290126.9,198799,994,-832.6227,-289.1481,0.7,4.681027,,,,0.05,4.246889,0.424689,1.4e-05,3.92137,10.0,10.0,29.921866,0.0,29.921866,70.078134,51.53923,0.78009,16.208967,0.0,0.0
2026-09-07 07:51:39,290422.9,198999,995,242.0037,-289.5195,0.7,9.480053,,,,0.05,8.171814,0.817181,3.9e-05,0.62326,3.0,4.0,0.0,0.0,0.0,100.0,76.416265,0.555652,16.208967,0.0,0.0
2026-09-07 07:56:35,290719.46,199199,996,-1225.538,-299.9067,0.7,7.420003,,,,0.05,3.640292,0.364029,3.9e-05,6.279755,10.0,10.0,41.856083,0.0,41.856083,58.143917,41.863944,0.713105,16.208967,0.0,0.0
2026-09-07 08:01:30,291014.11,199399,997,30.4501,-301.4004,0.7,10.585989,,,,0.05,5.893507,0.589351,4.1e-05,1.53347,10.0,10.0,4.775304,0.0,4.775304,95.224696,72.586427,0.692036,16.208967,0.0,0.0
2026-09-07 08:06:24,291308.75,199599,998,-874.0367,-312.442,0.7,3.885746,,,,0.05,4.695993,0.469599,7e-06,4.3857,10.0,10.0,31.880127,0.0,31.880127,68.119873,50.358722,0.726307,16.208967,0.0,0.0
2026-09-07 08:11:19,291603.82,199799,999,-568.5285,-321.408,0.7,4.603893,,,,0.05,4.327473,0.432747,7e-06,2.068773,10.0,10.0,21.855745,0.0,21.855745,78.144255,58.765833,0.720335,16.208967,0.0,0.0
2026-09-07 08:16:03,291887.14,199999,1000,-476.6343,-319.8785,0.7,5.851836,,,,0.05,3.646588,0.364659,7e-06,2.554797,10.0,10.0,18.309088,0.0,18.309088,81.690912,61.815627,0.69517,17.335665,0.0,0.0
