wall_time,elapsed_sec,step,episode,ep_reward,ep_reward_ma100,sps,loss,policy_loss,value_loss,entropy,epsilon,embb_mbps_mean,spectral_eff_bps_hz,embb_p5_mbps,urllc_delay_ms_mean,urllc_delay_p95,urllc_delay_p99,urllc_drop_late_pct,urllc_drop_overflow_pct,sla_violation_pct,sla_satisfaction_pct,timely_throughput_mbps,jains_fairness,lam,mu_mean,resilient_shortfall_mean
2026-08-29 04:22:31,13.81,511,2,452.4662,452.4662,37.0,149.625732,0.0,299.299286,2.390865,,7.091754,0.709175,6e-06,1.840926,10.0,10.0,16.950767,0.0,16.950767,83.049233,61.580609,0.548872,1.0,0.0,0.0
2026-08-29 04:22:44,27.26,1023,5,650.1745,551.3204,37.5,278.868774,-0.0,557.785339,2.389485,,9.613762,0.961376,4e-06,2.598196,10.0,10.0,12.585897,0.0,12.585897,87.414103,65.503639,0.58966,1.0,0.0,0.0
2026-08-29 04:22:57,40.56,1535,7,842.2062,648.2823,37.8,398.27124,-0.0,796.590271,2.389768,,11.421024,1.142102,8e-06,1.375375,9.0,10.0,1.675648,0.0,1.675648,98.324352,74.930836,0.514021,1.0,0.0,0.0
2026-08-29 04:23:11,53.99,2047,10,342.4593,571.8266,37.9,81.523193,0.0,163.094131,2.387519,,6.117999,0.6118,4e-06,4.753595,10.0,10.0,25.546344,0.0,25.546344,74.453656,55.128492,0.539083,1.0,0.0,0.0
2026-08-29 04:23:24,67.27,2559,12,394.1184,536.2849,38.0,87.07312,0.0,174.194016,2.388481,,5.781439,0.578144,6e-06,1.313731,9.0,10.0,9.720128,0.0,9.720128,90.279872,68.839633,0.545381,1.0,0.0,0.0
2026-08-29 04:23:37,80.5,3071,15,334.8603,502.7142,38.2,71.616463,0.0,143.280685,2.388194,,4.950269,0.495027,7e-06,1.70578,10.0,10.0,8.796471,0.0,8.796471,91.203529,68.932798,0.620037,1.0,0.0,0.0
2026-08-29 04:23:51,93.66,3583,17,569.2663,512.2216,38.3,197.903839,-0.0,395.855438,2.387514,,8.008003,0.8008,7e-06,1.256506,9.0,10.0,8.031815,0.0,8.031815,91.968185,69.82413,0.522202,1.0,0.0,0.0
2026-08-29 04:24:04,106.84,4095,20,612.2018,524.7191,38.3,257.059692,0.0,514.167114,2.38715,,8.488379,0.848838,1e-05,0.601508,2.0,10.0,5.415681,0.0,5.415681,94.584319,72.196608,0.556681,1.0,0.0,0.0
2026-08-29 04:24:17,120.31,4607,23,534.601,525.8171,38.3,190.792221,-0.0,381.632172,2.385814,,7.950804,0.79508,6e-06,2.084102,10.0,10.0,13.477778,0.0,13.477778,86.522222,65.422623,0.567592,1.0,0.0,0.0
2026-08-29 04:24:31,133.74,5119,25,412.5611,514.4915,38.3,97.469086,0.0,194.985855,2.384484,,6.771398,0.67714,6e-06,2.955168,10.0,10.0,20.527438,0.0,20.527438,79.472562,59.859169,0.561976,1.0,0.0,0.0
2026-08-29 04:24:44,147.13,5631,28,580.1412,520.4597,38.3,180.655487,0.0,361.358673,2.384772,,8.153356,0.815336,6e-06,1.796203,10.0,10.0,8.445337,0.0,8.445337,91.554663,69.571794,0.541639,1.0,0.0,0.0
2026-08-29 04:24:58,160.63,6143,30,722.8422,537.3249,38.2,278.430237,-0.0,556.908142,2.384335,,9.923512,0.992351,7e-06,1.736674,9.0,10.0,5.094335,0.0,5.094335,94.905665,72.105398,0.506864,1.0,0.0,0.0
2026-08-29 04:25:11,174.13,6655,33,725.5556,551.8042,38.2,301.954987,0.0,603.957642,2.382878,,10.145586,1.014559,4e-06,3.29407,10.0,10.0,8.618481,0.0,8.618481,91.381519,69.543043,0.569298,1.0,0.0,0.0
2026-08-29 04:25:24,187.51,7167,35,756.107,566.3972,38.2,353.980804,0.0,708.009277,2.38289,,10.757155,1.075715,8e-06,1.923564,10.0,10.0,6.213723,0.0,6.213723,93.786277,71.178207,0.553544,1.0,0.0,0.0
2026-08-29 04:25:38,200.95,7679,38,327.0231,550.439,38.2,63.748402,-0.0,127.544456,2.382735,,5.003385,0.500339,6e-06,1.728472,10.0,10.0,11.1114,0.0,11.1114,88.8886,67.22071,0.659658,1.0,0.0,0.0
2026-08-29 04:25:51,214.5,8191,40,303.0313,534.976,38.2,71.338928,0.0,142.725494,2.381881,,4.65203,0.465203,5e-06,2.952868,10.0,10.0,10.418023,0.0,10.418023,89.581977,67.394051,0.695055,1.0,0.0,0.0
2026-08-29 04:26:05,227.94,8703,43,268.1214,519.2786,38.2,53.394424,-0.0,106.836487,2.381922,,3.985746,0.398575,7e-06,2.094236,10.0,10.0,7.738265,0.0,7.738265,92.261735,69.528696,0.724974,1.0,0.0,0.0
2026-08-29 04:26:18,241.34,9215,46,208.0305,501.9871,38.2,31.688147,0.0,63.423908,2.380661,,4.057167,0.405717,5e-06,3.170294,10.0,10.0,20.575001,0.0,20.575001,79.424999,58.845438,0.702396,1.0,0.0,0.0
2026-08-29 04:26:31,254.56,9727,48,335.8024,493.2405,38.2,74.740952,0.0,149.529526,2.380835,,5.251115,0.525112,8e-06,2.05665,10.0,10.0,13.547992,0.0,13.547992,86.452008,65.366196,0.602651,1.0,0.0,0.0
2026-08-29 04:26:45,267.82,10239,51,669.8866,502.0728,38.2,246.981186,-0.0,494.009979,2.380992,,9.336914,0.933691,8e-06,1.319323,10.0,10.0,7.584186,0.0,7.584186,92.415814,70.55601,0.513354,1.0,0.0,0.0
2026-08-29 04:26:58,281.08,10751,53,901.7742,521.1062,38.2,412.518341,0.0,825.08429,2.380639,,12.569928,1.256993,7e-06,1.296693,10.0,10.0,5.918391,0.0,5.918391,94.081609,71.606101,0.510239,1.0,0.0,0.0
2026-08-29 04:27:11,294.35,11263,56,800.4747,533.8048,38.3,300.572266,0.0,601.192139,2.381005,,10.805574,1.080557,7e-06,0.973003,7.0,10.0,2.666727,0.0,2.666727,97.333273,73.925096,0.47919,1.0,0.0,0.0
2026-08-29 04:27:25,307.79,11775,58,771.0547,544.12,38.3,305.407898,0.0,610.863403,2.380823,,10.461739,1.046174,7e-06,0.782899,4.0,10.0,2.665358,0.0,2.665358,97.334642,74.491981,0.519537,1.0,0.0,0.0
2026-08-29 04:27:38,321.29,12287,61,753.2721,552.8347,38.2,300.737427,0.0,601.522461,2.379813,,10.01419,1.001419,8e-06,2.195226,9.0,10.0,1.756868,0.0,1.756868,98.243132,74.450712,0.551797,1.0,0.0,0.0
2026-08-29 04:27:52,334.76,12799,64,728.885,559.8767,38.2,265.836487,0.0,531.72052,2.378837,,10.321238,1.032124,6e-06,3.17988,10.0,10.0,10.952591,0.0,10.952591,89.047409,67.025215,0.509873,1.122558,0.0,0.0
2026-08-29 04:28:05,348.15,13311,66,679.9808,564.4961,38.2,234.649506,-0.0,469.346588,2.379211,,9.718528,0.971853,7e-06,1.954178,10.0,10.0,9.830228,0.0,9.830228,90.169772,67.633637,0.464229,1.122558,0.0,0.0
2026-08-29 04:28:18,361.52,13823,69,587.5122,565.3485,38.2,198.495605,0.0,397.038788,2.379005,,8.523298,0.85233,9e-06,1.70767,10.0,10.0,9.363623,0.0,9.363623,90.636377,68.991292,0.525517,1.122558,0.0,0.0
2026-08-29 04:28:32,375.05,14335,71,560.957,565.1917,38.2,152.000351,-0.0,304.048279,2.379153,,7.553846,0.755385,7e-06,1.360403,8.0,10.0,3.419455,0.0,3.419455,96.580545,73.251529,0.508146,1.122558,0.0,0.0
2026-08-29 04:28:45,388.43,14847,74,553.9329,564.8035,38.2,167.576584,-0.0,335.200745,2.379128,,7.660418,0.766042,1e-05,1.70047,9.0,10.0,5.756753,0.0,5.756753,94.243247,70.861412,0.564883,1.122558,0.0,0.0
2026-08-29 04:28:59,401.88,15359,76,508.7631,562.9354,38.2,122.309814,-0.0,244.667191,2.378093,,7.289679,0.728968,6e-06,2.405054,10.0,10.0,9.395656,0.0,9.395656,90.604344,69.193281,0.506394,1.122558,0.0,0.0
2026-08-29 04:29:12,415.32,15871,79,697.4602,567.2749,38.2,254.372208,-0.0,508.791992,2.378739,,9.579143,0.957914,8e-06,1.302537,10.0,10.0,5.040453,0.0,5.040453,94.959547,72.543153,0.501347,1.122558,0.0,0.0
2026-08-29 04:29:26,428.7,16383,81,494.7977,565.01,38.2,148.829041,0.0,297.705627,2.377765,,7.406558,0.740656,8e-06,2.710544,10.0,10.0,12.028646,0.0,12.028646,87.971354,65.991655,0.56644,1.122558,0.0,0.0
2026-08-29 04:29:39,442.09,16895,84,458.1432,561.7716,38.2,96.005577,0.0,192.058716,2.377986,,6.528941,0.652894,9e-06,2.46749,10.0,10.0,7.78297,0.0,7.78297,92.21703,69.681951,0.545485,1.122558,0.0,0.0
2026-08-29 04:29:52,455.4,17407,87,881.0696,571.1628,38.2,372.992096,-0.0,746.031738,2.377953,,12.13348,1.213348,1e-05,1.29962,10.0,10.0,6.789015,0.0,6.789015,93.210985,71.469861,0.480876,1.122558,0.0,0.0
2026-08-29 04:30:06,468.81,17919,89,1050.7168,584.8643,38.2,525.685974,0.0,1051.419556,2.377575,,14.512067,1.451207,7e-06,1.707859,10.0,10.0,5.032074,0.0,5.032074,94.967926,71.6385,0.49006,1.122558,0.0,0.0
2026-08-29 04:30:19,482.1,18431,92,758.1935,589.679,38.2,265.943481,0.0,531.934509,2.378042,,10.172109,1.017211,8e-06,1.145728,7.0,10.0,2.510422,0.0,2.510422,97.489578,74.294329,0.477809,1.122558,0.0,0.0
2026-08-29 04:30:32,495.28,18943,94,373.3483,583.8322,38.2,104.365227,-0.0,208.777985,2.376851,,6.09333,0.609333,6e-06,1.582027,10.0,10.0,16.155863,0.0,16.155863,83.844137,62.518429,0.581327,1.122558,0.0,0.0
2026-08-29 04:30:45,508.55,19455,97,455.8917,580.4654,38.3,160.360291,0.0,320.768127,2.37719,,7.015054,0.701505,8e-06,1.188081,10.0,10.0,11.424827,0.0,11.424827,88.575173,66.50553,0.641395,1.122558,0.0,0.0
2026-08-29 04:30:59,521.94,19967,99,517.4404,578.8493,38.3,174.50441,-0.0,349.056335,2.37573,,8.035103,0.80351,6e-06,1.899114,10.0,10.0,16.161094,0.0,16.161094,83.838906,63.804585,0.538089,1.122558,0.0,0.0
2026-08-29 04:31:12,535.36,20479,102,427.2853,575.0602,38.3,161.8078,0.0,323.663086,2.374063,,7.718533,0.771853,6e-06,2.127037,10.0,10.0,25.225225,0.0,25.225225,74.774775,55.101643,0.576337,1.122558,0.0,0.0
2026-08-29 04:31:26,548.74,20991,104,401.1587,570.8187,38.3,100.612656,-0.0,201.272812,2.37517,,6.00512,0.600512,7e-06,1.448361,10.0,10.0,10.276762,0.0,10.276762,89.723238,68.934365,0.567055,1.122558,0.0,0.0
2026-08-29 04:31:39,562.14,21503,107,313.2916,564.6871,38.3,63.974937,-0.0,127.997337,2.373235,,5.361815,0.536181,7e-06,2.468314,10.0,10.0,17.208755,0.0,17.208755,82.791245,62.410344,0.616049,1.122558,0.0,0.0
2026-08-29 04:31:52,575.54,22015,110,695.4459,567.728,38.3,266.136932,-0.0,532.32135,2.374457,,9.17031,0.917031,9e-06,1.258806,7.0,10.0,0.712292,0.0,0.712292,99.287708,75.595911,0.517971,1.122558,0.0,0.0
2026-08-29 04:32:06,588.99,22527,112,687.6854,570.4543,38.2,286.172516,0.0,572.392517,2.37369,,9.813044,0.981304,8e-06,1.391944,10.0,10.0,8.799506,0.0,8.799506,91.200494,69.419725,0.548604,1.122558,0.0,0.0
2026-08-29 04:32:19,602.42,23039,115,603.0676,571.1791,38.2,190.963638,-0.0,381.974731,2.372491,,8.927815,0.892781,6e-06,2.278065,10.0,10.0,12.742039,0.0,12.742039,87.257961,64.945393,0.545267,1.122558,0.0,0.0
2026-08-29 04:32:33,615.89,23551,117,617.1965,572.1795,38.2,181.201477,-0.0,362.450409,2.37203,,8.743555,0.874355,7e-06,2.588432,10.0,10.0,9.256165,0.0,9.256165,90.743835,69.083393,0.465734,1.122558,0.0,0.0
2026-08-29 04:32:46,629.42,24063,120,651.5043,573.8672,38.2,252.762375,-0.0,505.572174,2.370928,,9.477253,0.947725,4e-06,2.490869,10.0,10.0,10.262781,0.0,10.262781,89.737219,67.517589,0.539851,1.122558,0.0,0.0
2026-08-29 04:33:00,642.88,24575,122,611.3917,574.649,38.2,198.822556,0.0,397.692535,2.370967,,9.160538,0.916054,6e-06,2.281449,10.0,10.0,15.689432,0.0,15.689432,84.310568,63.823858,0.509665,1.122558,0.0,0.0
2026-08-29 04:33:13,656.18,25087,125,506.1383,573.2508,38.2,118.548126,-0.0,237.143707,2.372811,,6.755756,0.675576,9e-06,0.708364,3.0,9.0,1.796703,0.0,1.796703,98.203297,74.894697,0.57294,1.280147,0.0,0.0
2026-08-29 04:33:26,669.41,25599,128,523.3204,572.2522,38.2,139.727737,-0.0,279.502899,2.371453,,7.392123,0.739212,6e-06,1.309423,10.0,10.0,6.709575,0.0,6.709575,93.290425,71.180067,0.548199,1.280147,0.0,0.0
2026-08-29 04:33:40,682.78,26111,130,347.4604,567.8445,38.2,99.380066,0.0,198.807526,2.36967,,5.977445,0.597745,5e-06,2.189387,10.0,10.0,16.774173,0.0,16.774173,83.225827,62.472704,0.613091,1.280147,0.0,0.0
2026-08-29 04:33:53,696.08,26623,133,598.7336,568.4385,38.2,215.716507,0.0,431.480377,2.36848,,8.551568,0.855157,4e-06,3.669628,10.0,10.0,8.064369,0.0,8.064369,91.935631,68.54163,0.617681,1.280147,0.0,0.0
2026-08-29 04:34:06,709.46,27135,135,539.1951,567.8868,38.2,175.133102,0.0,350.313538,2.366602,,8.680017,0.868002,3e-06,4.00672,10.0,10.0,19.301765,0.0,19.301765,80.698235,60.29724,0.578251,1.280147,0.0,0.0
2026-08-29 04:34:20,722.78,27647,138,713.4234,570.5819,38.3,243.137894,0.0,486.323151,2.368192,,10.467121,1.046712,6e-06,2.456164,10.0,10.0,10.577822,0.0,10.577822,89.422178,67.618837,0.553371,1.280147,0.0,0.0
2026-08-29 04:34:33,736.13,28159,140,789.4375,574.5611,38.3,315.269592,0.0,630.586609,2.369705,,10.845151,1.084515,6e-06,1.335071,9.0,10.0,3.043845,0.0,3.043845,96.956155,73.999145,0.517681,1.280147,0.0,0.0
2026-08-29 04:34:46,749.36,28671,143,540.5795,573.9543,38.3,152.670166,0.0,305.387726,2.36928,,7.658083,0.765808,8e-06,0.616368,3.0,10.0,6.788636,0.0,6.788636,93.211364,71.306655,0.533091,1.280147,0.0,0.0
2026-08-29 04:35:00,762.64,29183,145,375.1461,570.4664,38.3,82.088783,0.0,164.22493,2.367894,,5.727726,0.572773,9e-06,1.711164,10.0,10.0,10.087359,0.0,10.087359,89.912641,67.932173,0.590594,1.280147,0.0,0.0
2026-08-29 04:35:13,775.99,29695,148,300.3847,565.8098,38.3,69.719551,0.0,139.486435,2.366655,,5.434048,0.543405,5e-06,2.420803,10.0,10.0,18.146,0.0,18.146,81.854,61.132005,0.576392,1.280147,0.0,0.0
2026-08-29 04:35:26,789.39,30207,151,607.1492,566.5105,38.3,182.670456,-0.0,365.388245,2.366601,,8.746381,0.874638,6e-06,1.724711,10.0,10.0,9.052253,0.0,9.052253,90.947747,68.958332,0.497038,1.280147,0.0,0.0
2026-08-29 04:35:40,802.72,30719,153,607.7091,567.1971,38.3,207.969345,-0.0,415.985992,2.365648,,9.54531,0.954531,5e-06,1.871751,10.0,10.0,17.007527,0.0,17.007527,82.992473,62.750756,0.53459,1.280147,0.0,0.0
2026-08-29 04:35:53,816.07,31231,156,762.5697,570.4,38.3,284.091949,-0.0,568.231201,2.365913,,10.67149,1.067149,6e-06,1.719809,10.0,10.0,5.992698,0.0,5.992698,94.007302,71.550365,0.490224,1.280147,0.0,0.0
2026-08-29 04:36:06,829.42,31743,158,607.7388,571.0022,38.3,186.559082,0.0,373.165466,2.365412,,8.851602,0.88516,6e-06,1.581033,10.0,10.0,10.29389,0.0,10.29389,89.70611,68.885285,0.4875,1.280147,0.0,0.0
2026-08-29 04:36:20,842.67,32255,161,570.152,570.9887,38.3,153.259857,-0.0,306.567047,2.365912,,8.155203,0.81552,7e-06,1.061709,9.0,10.0,7.913319,0.0,7.913319,92.086681,70.32235,0.465933,1.280147,0.0,0.0
2026-08-29 04:36:33,855.9,32767,163,365.701,567.7811,38.3,76.259254,0.0,152.565826,2.365974,,5.316827,0.531683,9e-06,1.131294,9.0,10.0,6.461162,0.0,6.461162,93.538838,70.783809,0.614603,1.280147,0.0,0.0
2026-08-29 04:36:46,869.12,33279,166,350.3851,564.4365,38.3,63.752144,0.0,127.551567,2.363934,,5.459319,0.545932,5e-06,1.564656,10.0,10.0,10.302628,0.0,10.302628,89.697372,67.84149,0.563282,1.280147,0.0,0.0
2026-08-29 04:36:59,882.45,33791,168,700.3439,566.4957,38.3,231.914948,0.0,463.877167,2.362886,,10.224413,1.022441,6e-06,1.983586,10.0,10.0,11.182015,0.0,11.182015,88.817985,67.727388,0.448482,1.280147,0.0,0.0
2026-08-29 04:37:13,895.79,34303,171,317.9246,562.7857,38.3,47.869881,-0.0,95.786987,2.361488,,5.740335,0.574034,5e-06,2.045012,10.0,10.0,19.026156,0.0,19.026156,80.973844,60.88722,0.551314,1.280147,0.0,0.0
2026-08-29 04:37:26,909.11,34815,174,486.1031,561.658,38.3,160.421387,0.0,320.890045,2.362885,,7.110721,0.711072,5e-06,1.603802,9.0,10.0,7.186658,0.0,7.186658,92.813342,70.283544,0.641122,1.280147,0.0,0.0
2026-08-29 04:37:39,922.42,35327,176,375.9084,558.966,38.3,91.069092,-0.0,182.18544,2.363182,,5.465476,0.546548,6e-06,2.173298,10.0,10.0,6.722863,0.0,6.722863,93.277137,70.666956,0.65395,1.280147,0.0,0.0
2026-08-29 04:37:53,935.93,35839,179,114.8828,552.622,38.3,39.297291,0.0,78.641838,2.362658,,3.493151,0.349315,5e-06,2.600216,10.0,10.0,23.411449,0.0,23.411449,76.588551,57.249964,0.689436,1.280147,0.0,0.0
2026-08-29 04:38:06,949.42,36351,181,81.9439,545.9927,38.3,70.578743,-0.0,141.204697,2.360564,,4.012367,0.401237,2e-06,3.433543,10.0,10.0,34.427965,0.0,34.427965,65.572035,49.372309,0.583049,1.280147,0.0,0.0
2026-08-29 04:38:20,962.74,36863,184,793.9259,549.4362,38.3,310.396667,0.0,620.840637,2.364204,,10.770094,1.077009,6e-06,1.289417,9.0,10.0,2.97621,0.0,2.97621,97.02379,73.610746,0.522718,1.280147,0.0,0.0
2026-08-29 04:38:33,976.07,37375,186,653.196,550.8576,38.3,196.933167,-0.0,393.913635,2.365611,,9.242115,0.924212,6e-06,1.502929,10.0,10.0,7.986408,0.0,7.986408,92.013592,70.318665,0.465628,1.280147,0.0,0.0
2026-08-29 04:38:46,989.57,37887,189,501.4462,550.1899,38.3,145.91745,0.0,291.882233,2.366738,,7.490844,0.749084,6e-06,1.967093,10.0,10.0,9.029233,0.0,9.029233,90.970767,68.206494,0.5951,1.668474,0.0,0.0
2026-08-29 04:39:00,1002.94,38399,192,689.7684,552.0509,38.3,238.015305,0.0,476.077942,2.366908,,9.893276,0.989328,6e-06,1.196384,7.0,10.0,6.946854,0.0,6.946854,93.053146,71.23697,0.482816,1.668474,0.0,0.0
2026-08-29 04:39:13,1016.34,38911,194,500.3347,551.3704,38.3,120.826294,-0.0,241.699905,2.365543,,7.492204,0.74922,4e-06,2.981988,10.0,10.0,9.008226,0.0,9.008226,90.991774,68.601703,0.520849,1.668474,0.0,0.0
2026-08-29 04:39:26,1029.58,39423,197,452.7438,550.0896,38.3,103.708412,-0.0,207.464142,2.365908,,5.995782,0.599578,7e-06,0.686612,3.0,6.0,0.673727,0.0,0.673727,99.326273,75.570794,0.566044,1.668474,0.0,0.0
2026-08-29 04:39:40,1043.14,39935,199,182.3733,545.3753,38.3,24.81389,-0.0,49.67506,2.363964,,5.537574,0.553757,3e-06,3.688121,10.0,10.0,28.770362,0.0,28.770362,71.229638,53.008036,0.535239,1.668474,0.0,0.0
2026-08-29 04:39:53,1056.49,40447,202,308.8308,542.381,38.3,53.928791,0.0,107.904846,2.363046,,6.457931,0.645793,6e-06,2.990841,10.0,10.0,22.315747,0.0,22.315747,77.684253,58.212085,0.535376,1.668474,0.0,0.0
2026-08-29 04:40:07,1069.69,40959,204,525.3283,542.1679,38.3,147.953781,0.0,295.954834,2.364198,,7.682085,0.768209,7e-06,1.258837,10.0,10.0,7.055262,0.0,7.055262,92.944738,70.887731,0.516489,1.668474,0.0,0.0
2026-08-29 04:40:20,1082.97,41471,207,229.4205,538.3068,38.3,26.650848,0.0,53.348949,2.362686,,5.285931,0.528593,6e-06,3.365121,10.0,10.0,21.67464,0.0,21.67464,78.32536,58.031474,0.598353,1.668474,0.0,0.0
2026-08-29 04:40:33,1096.25,41983,209,395.0054,536.5592,38.3,85.990463,0.0,172.028183,2.362794,,6.181881,0.618188,7e-06,1.601016,10.0,10.0,9.52738,0.0,9.52738,90.47262,69.198802,0.5758,1.668474,0.0,0.0
2026-08-29 04:40:46,1109.58,42495,212,401.2172,534.9286,38.3,108.771652,0.0,217.59053,2.361512,,6.579328,0.657933,6e-06,3.24698,10.0,10.0,11.73778,0.0,11.73778,88.26222,65.756044,0.621295,1.668474,0.0,0.0
2026-08-29 04:41:00,1122.97,43007,215,304.1489,532.1812,38.3,79.69471,-0.0,159.43663,2.360621,,6.685533,0.668553,3e-06,3.667786,10.0,10.0,24.537341,0.0,24.537341,75.462659,56.36099,0.579091,1.668474,0.0,0.0
2026-08-29 04:41:13,1136.31,43519,217,723.1367,534.4277,38.3,286.754517,0.0,573.556274,2.360928,,10.470219,1.047022,6e-06,2.344482,10.0,10.0,7.327693,0.0,7.327693,92.672307,69.72888,0.548003,1.668474,0.0,0.0
2026-08-29 04:41:27,1149.72,44031,220,570.5875,534.8482,38.3,166.658218,-0.0,333.363617,2.359517,,9.23074,0.923074,5e-06,3.404129,10.0,10.0,14.211954,0.0,14.211954,85.788046,64.190818,0.567505,1.668474,0.0,0.0
2026-08-29 04:41:40,1162.98,44543,222,714.2856,536.9107,38.3,250.242798,0.0,500.532776,2.359741,,10.158749,1.015875,8e-06,1.338514,10.0,10.0,6.127138,0.0,6.127138,93.872862,71.571851,0.500429,1.668474,0.0,0.0
2026-08-29 04:41:53,1176.31,45055,225,843.24,540.3917,38.3,333.176697,-0.0,666.400574,2.358724,,12.004544,1.200454,8e-06,1.732451,10.0,10.0,5.538805,0.0,5.538805,94.461195,71.288717,0.505664,1.668474,0.0,0.0
2026-08-29 04:42:07,1189.7,45567,227,603.1294,541.0966,38.3,183.726181,0.0,367.499512,2.357317,,9.255842,0.925584,7e-06,1.922666,10.0,10.0,12.441831,0.0,12.441831,87.558169,66.823389,0.536993,1.668474,0.0,0.0
2026-08-29 04:42:20,1203.23,46079,230,446.8544,540.0495,38.3,106.237236,0.0,212.521606,2.356771,,7.141904,0.71419,8e-06,2.35334,10.0,10.0,11.946114,0.0,11.946114,88.053886,66.52727,0.554616,1.668474,0.0,0.0
2026-08-29 04:42:33,1216.54,46591,232,796.3033,542.8655,38.3,280.399109,-0.0,560.845337,2.355368,,10.816392,1.081639,1e-05,0.754621,3.0,10.0,3.147234,0.0,3.147234,96.852766,74.349832,0.478529,1.668474,0.0,0.0
2026-08-29 04:42:47,1229.86,47103,235,823.7381,545.9184,38.3,315.106628,0.0,630.260315,2.354268,,11.099707,1.109971,9e-06,1.186691,7.0,10.0,1.039923,0.0,1.039923,98.960077,75.857942,0.524329,1.668474,0.0,0.0
2026-08-29 04:43:00,1243.23,47615,238,709.194,547.6741,38.3,263.033417,0.0,526.113892,2.353129,,9.926067,0.992607,6e-06,1.71437,10.0,10.0,4.892514,0.0,4.892514,95.107486,70.985544,0.549071,1.668474,0.0,0.0
2026-08-29 04:43:14,1256.66,48127,240,355.2925,545.6275,38.3,154.723373,0.0,309.493774,2.352066,,7.708314,0.770831,6e-06,2.98047,10.0,10.0,27.191279,0.0,27.191279,72.808721,54.716611,0.519803,1.668474,0.0,0.0
2026-08-29 04:43:27,1270.03,48639,243,427.1913,544.3808,38.3,101.64077,-0.0,203.328583,2.351823,,7.436413,0.743641,7e-06,3.000905,10.0,10.0,17.159163,0.0,17.159163,82.840837,61.512201,0.585431,1.668474,0.0,0.0
2026-08-29 04:43:40,1283.24,49151,245,747.8367,546.5001,38.3,279.84256,-0.0,559.732117,2.350726,,10.409587,1.040959,9e-06,1.888693,9.0,10.0,4.111944,0.0,4.111944,95.888056,73.151047,0.502202,1.668474,0.0,0.0
2026-08-29 04:43:53,1296.58,49663,248,611.5014,547.1702,38.3,199.409363,0.0,398.865723,2.349517,,9.411574,0.941157,8e-06,2.332326,10.0,10.0,11.858098,0.0,11.858098,88.141902,65.820249,0.554022,1.668474,0.0,0.0
2026-08-29 04:44:07,1309.81,50175,250,582.6116,547.5319,38.3,169.11293,0.0,338.272827,2.348787,,8.861314,0.886131,6e-06,1.922844,10.0,10.0,11.324615,0.0,11.324615,88.675385,67.493669,0.509305,2.071615,0.0,0.0
2026-08-29 04:44:20,1322.97,50687,253,653.6893,548.6042,38.3,241.998734,0.0,484.044434,2.347839,,9.473291,0.947329,9e-06,1.425285,10.0,10.0,6.543092,0.0,6.543092,93.456908,69.957035,0.537144,2.071615,0.0,0.0
2026-08-29 04:44:33,1336.43,51199,256,409.3707,547.2118,38.3,166.529846,0.0,333.106598,2.346009,,8.627418,0.862742,9e-06,2.240807,10.0,10.0,22.426612,0.0,22.426612,77.573388,58.880778,0.558245,2.071615,0.0,0.0
2026-08-29 04:44:47,1349.83,51711,258,643.8036,549.1252,38.3,225.459793,-0.0,450.966522,2.346055,,9.289257,0.928926,1.1e-05,1.591461,10.0,10.0,5.730594,0.0,5.730594,94.269406,72.012972,0.55312,2.071615,0.0,0.0
2026-08-29 04:45:00,1363.33,52223,261,363.4675,546.2581,38.3,95.912216,-0.0,191.871323,2.344891,,7.668957,0.766896,6e-06,2.915946,10.0,10.0,21.444851,0.0,21.444851,78.555149,58.006475,0.58175,2.071615,0.0,0.0
2026-08-29 04:45:14,1376.75,52735,263,364.9367,541.4854,38.3,65.619453,-0.0,131.285797,2.344823,,8.08102,0.808102,6e-06,2.674656,10.0,10.0,23.948349,0.0,23.948349,76.051651,57.093727,0.434351,2.071615,0.0,0.0
2026-08-29 04:45:27,1390.19,53247,266,568.0852,543.7417,38.3,241.648651,0.0,483.344238,2.346191,,8.647071,0.864707,7e-06,1.75485,10.0,10.0,6.326086,0.0,6.326086,93.673914,69.982168,0.632626,2.071615,0.0,0.0
2026-08-29 04:45:40,1403.55,53759,268,292.1041,542.7216,38.3,46.44241,0.0,92.931732,2.345483,,6.155697,0.61557,5e-06,3.359057,10.0,10.0,17.529901,0.0,17.529901,82.470099,62.182538,0.590088,2.071615,0.0,0.0
2026-08-29 04:45:54,1416.93,54271,271,337.0936,542.7439,38.3,76.225151,-0.0,152.497238,2.347018,,5.519996,0.552,8e-06,1.708011,10.0,10.0,8.434738,0.0,8.434738,91.565262,68.499474,0.595814,2.071615,0.0,0.0
2026-08-29 04:46:07,1430.36,54783,273,294.8689,539.9999,38.3,71.4683,-0.0,142.983521,2.345859,,6.338986,0.633899,5e-06,3.560405,10.0,10.0,18.738378,0.0,18.738378,81.261622,61.755872,0.543567,2.071615,0.0,0.0
2026-08-29 04:46:20,1443.15,55295,276,312.8239,537.0061,38.3,38.660454,-0.0,77.367851,2.347179,,4.874103,0.48741,6e-06,2.698717,10.0,10.0,6.185688,0.0,6.185688,93.814312,70.747025,0.650901,2.071615,0.0,0.0
2026-08-29 04:46:33,1456.57,55807,279,495.2658,536.6128,38.3,99.802513,-0.0,199.651978,2.347317,,8.449305,0.844931,6e-06,3.152393,10.0,10.0,15.006915,0.0,15.006915,84.993085,63.369917,0.448438,2.071615,0.0,0.0
2026-08-29 04:46:47,1469.65,56319,281,681.0915,539.2981,38.3,274.978424,0.0,550.003845,2.34849,,10.7858,1.07858,6e-06,2.150324,10.0,10.0,12.616464,0.0,12.616464,87.383536,65.38936,0.491666,2.071615,0.0,0.0
2026-08-29 04:46:59,1482.52,56831,284,744.7189,540.9439,38.3,316.302155,-0.0,632.651306,2.349485,,11.240196,1.12402,6e-06,1.440769,10.0,10.0,8.524524,0.0,8.524524,91.475476,69.32584,0.548763,2.071615,0.0,0.0
2026-08-29 04:47:13,1495.85,57343,286,591.3691,539.6291,38.3,180.582718,0.0,361.212372,2.347151,,9.761984,0.976198,4e-06,4.195257,10.0,10.0,15.080618,0.0,15.080618,84.919382,63.564684,0.538839,2.071615,0.0,0.0
2026-08-29 04:47:26,1509.13,57855,289,565.9218,538.0328,38.3,171.407486,0.0,342.861969,2.350569,,8.733999,0.8734,7e-06,0.911422,9.0,10.0,9.487412,0.0,9.487412,90.512588,68.684613,0.458126,2.071615,0.0,0.0
2026-08-29 04:47:39,1522.38,58367,291,513.864,535.6104,38.3,126.652275,0.0,253.351562,2.350789,,7.660884,0.766088,5e-06,0.969398,5.0,10.0,6.781849,0.0,6.781849,93.218151,71.071088,0.48139,2.071615,0.0,0.0
2026-08-29 04:47:53,1535.69,58879,294,947.0867,541.811,38.3,413.85141,-0.0,827.749817,2.350687,,12.607791,1.260779,8e-06,0.599374,3.0,7.0,0.242633,0.0,0.242633,99.757367,76.255652,0.474897,2.071615,0.0,0.0
2026-08-29 04:48:06,1549.0,59391,296,723.3905,546.0146,38.3,226.674149,0.0,453.395264,2.348861,,10.602269,1.060227,5e-06,1.400196,9.0,10.0,8.296379,0.0,8.296379,91.703621,69.793003,0.444409,2.071615,0.0,0.0
2026-08-29 04:48:19,1562.29,59903,299,463.4108,547.9675,38.3,97.381271,-0.0,194.809509,2.348559,,7.833757,0.783376,8e-06,2.083817,10.0,10.0,13.393793,0.0,13.393793,86.606207,65.422665,0.504457,2.071615,0.0,0.0
2026-08-29 04:48:33,1575.65,60415,302,650.298,552.3902,38.3,203.95813,0.0,407.963196,2.347002,,9.619808,0.961981,8e-06,2.055736,10.0,10.0,7.250765,0.0,7.250765,92.749235,70.213771,0.51149,2.071615,0.0,0.0
2026-08-29 04:48:46,1589.15,60927,304,618.2937,555.2151,38.3,182.148544,0.0,364.343994,2.34576,,9.67744,0.967744,4e-06,3.408203,10.0,10.0,11.833565,0.0,11.833565,88.166435,65.891525,0.505506,2.071615,0.0,0.0
2026-08-29 04:48:59,1602.57,61439,307,511.9013,553.6352,38.3,127.949753,0.0,255.946411,2.34492,,8.653598,0.86536,4e-06,2.758015,10.0,10.0,14.44351,0.0,14.44351,85.55649,63.939407,0.554536,2.071615,0.0,0.0
2026-08-29 04:49:13,1616.0,61951,309,478.6975,549.4045,38.3,116.054062,0.0,232.154984,2.342804,,8.908499,0.89085,6e-06,3.355735,10.0,10.0,19.202746,0.0,19.202746,80.797254,61.149751,0.518973,2.071615,0.0,0.0
2026-08-29 04:49:26,1629.4,62463,312,451.0216,545.9099,38.3,103.618248,0.0,207.283356,2.342752,,7.492905,0.749291,5e-06,2.797865,10.0,10.0,12.250217,0.0,12.250217,87.749783,66.290613,0.528381,2.071615,0.0,0.0
2026-08-29 04:49:40,1642.82,62975,314,310.2557,541.3019,38.3,70.356216,0.0,140.759277,2.341929,,6.129646,0.612965,5e-06,1.730814,10.0,10.0,12.767367,0.0,12.767367,87.232633,66.024144,0.541289,2.502682,0.0,0.0
2026-08-29 04:49:53,1656.11,63487,317,769.7403,541.4666,38.3,283.697754,-0.0,567.442322,2.339683,,10.593027,1.059303,7e-06,1.416883,9.0,10.0,2.718132,0.0,2.718132,97.281868,73.611201,0.472611,2.502682,0.0,0.0
2026-08-29 04:50:06,1669.4,63999,320,671.0168,540.8879,38.3,235.17601,0.0,470.398743,2.336794,,10.908538,1.090854,6e-06,1.398596,10.0,10.0,11.961738,0.0,11.961738,88.038262,66.40739,0.446495,2.502682,0.0,0.0
2026-08-29 04:50:19,1682.57,64511,322,498.7982,539.0761,38.3,117.055992,0.0,234.158737,2.33776,,6.813815,0.681382,6e-06,1.059452,7.0,10.0,1.623923,0.0,1.623923,98.376077,74.969706,0.574214,2.502682,0.0,0.0
2026-08-29 04:50:33,1695.91,65023,325,494.0825,538.1418,38.3,116.060287,0.0,232.167236,2.332732,,8.515454,0.851545,4e-06,3.25953,10.0,10.0,12.551979,0.0,12.551979,87.448021,65.521217,0.492871,2.502682,0.0,0.0
2026-08-29 04:50:46,1709.09,65535,327,816.5076,540.6973,38.3,284.092468,0.0,568.231628,2.33424,,10.770957,1.077096,6e-06,1.152473,6.0,9.0,0.066078,0.0,0.066078,99.933922,75.86971,0.479266,2.502682,0.0,0.0
2026-08-29 04:50:59,1722.23,66047,330,805.0454,543.2084,38.3,255.537247,-0.0,511.121185,2.334736,,10.824014,1.082401,7e-06,0.858068,5.0,9.0,1.58226,0.0,1.58226,98.41774,74.702062,0.451214,2.502682,0.0,0.0
2026-08-29 04:51:12,1735.47,66559,332,685.3626,544.9744,38.4,212.459,-0.0,424.964661,2.332475,,10.843795,1.084379,6e-06,1.058614,9.0,10.0,10.78531,0.0,10.78531,89.21469,67.764705,0.450527,2.502682,0.0,0.0
2026-08-29 04:51:26,1748.8,67071,335,607.5632,544.0755,38.4,159.199677,-0.0,318.446014,2.332387,,9.818934,0.981893,5e-06,2.136246,10.0,10.0,11.348387,0.0,11.348387,88.651613,67.074421,0.487935,2.502682,0.0,0.0
2026-08-29 04:51:39,1762.18,67583,337,648.1056,545.6086,38.4,194.905991,-0.0,389.858612,2.331459,,10.513301,1.05133,4e-06,1.37423,7.0,10.0,11.427979,0.0,11.427979,88.572021,67.391765,0.468356,2.502682,0.0,0.0
2026-08-29 04:51:52,1775.56,68095,340,560.183,546.6289,38.4,174.354935,-0.0,348.7565,2.331176,,9.048453,0.904845,5e-06,1.650174,10.0,10.0,10.046513,0.0,10.046513,89.953487,68.280384,0.476437,2.502682,0.0,0.0
2026-08-29 04:52:06,1789.06,68607,343,559.4486,543.4127,38.3,145.047974,-0.0,290.142578,2.330835,,8.681975,0.868198,5e-06,2.206312,10.0,10.0,8.57596,0.0,8.57596,91.42404,68.93409,0.454555,2.502682,0.0,0.0
2026-08-29 04:52:19,1802.48,69119,345,521.1869,538.1174,38.3,141.782974,0.0,283.612549,2.330189,,8.611814,0.861181,3e-06,2.035025,10.0,10.0,11.032285,0.0,11.032285,88.967715,67.271566,0.481096,2.502682,0.0,0.0
2026-08-29 04:52:33,1815.87,69631,348,565.3459,536.189,38.3,164.229309,0.0,328.505219,2.329648,,8.905288,0.890529,4e-06,2.494371,10.0,10.0,8.927388,0.0,8.927388,91.072612,68.610133,0.560066,2.502682,0.0,0.0
2026-08-29 04:52:46,1829.2,70143,350,765.6247,540.1117,38.3,333.684174,0.0,667.414917,2.328824,,12.125549,1.212555,6e-06,1.367843,10.0,10.0,9.70851,0.0,9.70851,90.29149,68.697619,0.524138,2.502682,0.0,0.0
2026-08-29 04:53:00,1842.63,70655,353,676.6694,542.3195,38.3,227.585648,0.0,455.217865,2.328661,,10.189044,1.018904,6e-06,1.425659,10.0,10.0,7.020629,0.0,7.020629,92.979371,70.108904,0.477775,2.502682,0.0,0.0
2026-08-29 04:53:13,1855.91,71167,355,636.0162,543.5053,38.3,198.000137,-0.0,396.046844,2.328352,,9.578933,0.957893,5e-06,1.021429,9.0,10.0,7.017072,0.0,7.017072,92.982928,70.546619,0.475009,2.502682,0.0,0.0
2026-08-29 04:53:26,1869.26,71679,358,562.6822,544.8592,38.3,162.158295,-0.0,324.363098,2.326138,,8.94317,0.894317,5e-06,2.176516,10.0,10.0,9.18895,0.0,9.18895,90.81105,68.180683,0.506291,2.502682,0.0,0.0
2026-08-29 04:53:39,1882.52,72191,360,350.4494,544.3521,38.3,56.599106,-0.0,113.244728,2.32572,,5.751957,0.575196,5e-06,2.521279,10.0,10.0,7.451222,0.0,7.451222,92.548778,69.974983,0.581752,2.502682,0.0,0.0
2026-08-29 04:53:53,1895.87,72703,363,-18.7611,541.0316,38.3,56.145733,-0.0,112.337929,2.323269,,3.508851,0.350885,3e-06,3.206086,10.0,10.0,22.862171,0.0,22.862171,77.137829,57.177997,0.665836,2.502682,0.0,0.0
2026-08-29 04:54:06,1909.1,73215,366,376.9579,537.8467,38.4,76.731392,0.0,153.509216,2.321935,,5.947186,0.594719,5e-06,2.09095,10.0,10.0,6.631525,0.0,6.631525,93.368475,70.494032,0.591694,2.502682,0.0,0.0
2026-08-29 04:54:19,1922.32,73727,368,651.234,537.4822,38.4,247.997055,0.0,496.040497,2.319455,,9.83361,0.983361,5e-06,2.044302,10.0,10.0,6.627828,0.0,6.627828,93.372172,70.249739,0.546235,2.502682,0.0,0.0
2026-08-29 04:54:33,1935.64,74239,371,691.7412,538.369,38.4,247.676468,-0.0,495.399323,2.319121,,10.451466,1.045147,6e-06,2.131711,10.0,10.0,6.95053,0.0,6.95053,93.04947,70.418284,0.513799,2.502682,0.0,0.0
2026-08-29 04:54:46,1949.02,74751,373,724.8616,539.4456,38.4,242.826202,0.0,485.69873,2.31659,,11.092213,1.109221,4e-06,2.423568,10.0,10.0,8.926595,0.0,8.926595,91.073405,69.33118,0.479899,2.502682,0.0,0.0
2026-08-29 04:54:59,1962.31,75263,376,687.5069,539.8056,38.4,225.256836,0.0,450.560059,2.319188,,9.511021,0.951102,5e-06,0.91723,4.0,10.0,2.640844,0.0,2.640844,97.359156,74.702963,0.508046,2.479515,0.0,0.0
2026-08-29 04:55:13,1975.7,75775,378,99.4604,534.6863,38.4,23.589449,0.0,47.225269,2.318566,,4.904849,0.490485,4e-06,2.410672,10.0,10.0,22.184325,0.0,22.184325,77.815675,58.170049,0.578506,2.479515,0.0,0.0
2026-08-29 04:55:26,1989.11,76287,381,317.0647,532.7956,38.4,45.504539,0.0,91.055321,2.311997,,7.342293,0.734229,3e-06,3.40286,10.0,10.0,19.720716,0.0,19.720716,80.279284,59.048051,0.466098,2.479515,0.0,0.0
2026-08-29 04:55:40,2002.63,76799,384,590.9832,533.4722,38.3,148.13681,0.0,296.319672,2.303269,,9.845556,0.984556,2e-06,3.143238,10.0,10.0,12.606387,0.0,12.606387,87.393613,65.682951,0.485178,2.479515,0.0,0.0
2026-08-29 04:55:53,2016.07,77311,386,270.5869,532.7035,38.3,100.972046,0.0,201.989975,2.29451,,6.542475,0.654248,3e-06,2.651992,10.0,10.0,17.989958,0.0,17.989958,82.010042,60.997619,0.559094,2.479515,0.0,0.0
2026-08-29 04:56:06,2029.36,77823,389,798.2531,534.6987,38.3,367.119049,0.0,734.283875,2.288126,,11.369494,1.136949,6e-06,0.742144,3.0,10.0,2.137653,0.0,2.137653,97.862347,75.050987,0.606503,2.479515,0.0,0.0
2026-08-29 04:56:20,2042.68,78335,391,629.1666,535.5984,38.3,217.310547,0.0,434.666656,2.277665,,8.481544,0.848154,7e-06,0.977146,5.0,9.0,0.410564,0.0,0.410564,99.589436,75.746957,0.562799,2.479515,0.0,0.0
2026-08-29 04:56:33,2056.05,78847,394,512.9628,533.5938,38.3,116.496979,-0.0,233.039291,2.266422,,7.121206,0.712121,4e-06,2.488852,9.0,10.0,2.479059,0.0,2.479059,97.520941,73.3817,0.560664,2.479515,0.0,0.0
2026-08-29 04:56:46,2068.88,79359,396,587.9422,531.5788,38.4,153.487549,-0.0,307.020203,2.255281,,9.142488,0.914249,5e-06,2.18244,10.0,10.0,8.977917,0.0,8.977917,91.022083,69.753209,0.448982,2.479515,0.0,0.0
2026-08-29 04:56:59,2082.2,79871,399,311.4321,529.2874,38.4,31.279306,0.0,62.603485,2.243554,,6.085197,0.60852,2e-06,3.276275,10.0,10.0,12.822576,0.0,12.822576,87.177424,65.456757,0.516279,2.479515,0.0,0.0
2026-08-29 04:57:12,2095.47,80383,401,185.2017,527.3879,38.4,64.624687,-0.0,129.294144,2.238841,,4.727264,0.472726,7e-06,2.414984,10.0,10.0,14.263684,0.0,14.263684,85.736316,64.761718,0.638458,2.479515,0.0,0.0
2026-08-29 04:57:26,2108.91,80895,404,337.5281,527.7593,38.4,50.657215,-0.0,101.359032,2.229958,,5.856482,0.585648,4e-06,3.254546,10.0,10.0,9.502668,0.0,9.502668,90.497332,67.705957,0.569071,2.479515,0.0,0.0
2026-08-29 04:57:39,2122.18,81407,407,352.8254,525.2161,38.4,83.299377,-0.0,166.643173,2.220631,,6.735791,0.673579,4e-06,2.409043,10.0,10.0,13.092602,0.0,13.092602,86.907398,65.867836,0.533535,2.479515,0.0,0.0
2026-08-29 04:57:52,2135.45,81919,409,647.9087,525.6181,38.4,186.191025,0.0,372.426239,2.209,,10.780445,1.078045,4e-06,3.002001,10.0,10.0,13.483278,0.0,13.483278,86.516722,64.822049,0.515038,2.479515,0.0,0.0
2026-08-29 04:58:06,2148.79,82431,412,813.5545,526.128,38.4,305.06308,-0.0,610.170227,2.204637,,12.418066,1.241807,6e-06,2.943356,10.0,10.0,9.286017,0.0,9.286017,90.713983,67.734433,0.529441,2.479515,0.0,0.0
2026-08-29 04:58:19,2162.16,82943,414,214.4922,522.1955,38.4,57.741814,0.0,115.527588,2.198004,,5.506473,0.550647,5e-06,1.932724,10.0,10.0,16.341495,0.0,16.341495,83.658505,63.444527,0.598885,2.479515,0.0,0.0
2026-08-29 04:58:32,2175.53,83455,417,491.4276,521.4082,38.4,125.660011,-0.0,251.363876,2.192461,,8.091195,0.80912,3e-06,2.889862,10.0,10.0,10.144168,0.0,10.144168,89.855832,67.885145,0.530811,2.479515,0.0,0.0
2026-08-29 04:58:46,2188.91,83967,419,492.302,522.6742,38.4,155.752609,0.0,311.54892,2.184862,,10.30362,1.030362,4e-06,2.524556,10.0,10.0,22.52418,0.0,22.52418,77.47582,58.630027,0.470733,2.479515,0.0,0.0
2026-08-29 04:58:59,2202.32,84479,422,710.1274,526.2717,38.4,221.455673,0.0,442.954987,2.181334,,11.090846,1.109085,4e-06,2.772532,10.0,10.0,11.108295,0.0,11.108295,88.891705,67.136399,0.507651,2.479515,0.0,0.0
2026-08-29 04:59:13,2215.82,84991,424,732.5668,526.5939,38.4,261.802216,0.0,523.647949,2.17636,,11.072078,1.107208,4e-06,2.61624,10.0,10.0,8.404398,0.0,8.404398,91.595602,69.473896,0.482336,2.479515,0.0,0.0
2026-08-29 04:59:26,2229.26,85503,427,482.3589,528.2382,38.4,97.544571,0.0,195.132614,2.173831,,8.05632,0.805632,3e-06,3.168247,10.0,10.0,11.061815,0.0,11.061815,88.938185,66.701072,0.476872,2.479515,0.0,0.0
2026-08-29 04:59:40,2242.6,86015,430,514.3762,528.521,38.4,109.037346,0.0,218.118164,2.173681,,7.508784,0.750878,6e-06,1.547047,7.0,10.0,4.755917,0.0,4.755917,95.244083,72.35687,0.481415,2.479515,0.0,0.0
2026-08-29 04:59:53,2256.04,86527,432,204.6598,526.8085,38.4,69.801453,0.0,139.646194,2.164518,,6.354291,0.635429,4e-06,3.039236,10.0,10.0,22.60071,0.0,22.60071,77.39929,57.530596,0.543316,2.479515,0.0,0.0
2026-08-29 05:00:06,2269.52,87039,435,474.0575,530.4002,38.4,105.365524,-0.0,210.774323,2.163504,,9.252398,0.92524,4e-06,2.682715,10.0,10.0,18.198425,0.0,18.198425,81.801575,61.615683,0.463237,2.479515,0.0,0.0
2026-08-29 05:00:20,2282.76,87551,437,616.2181,535.743,38.4,172.862503,-0.0,345.768372,2.168191,,8.732207,0.873221,6e-06,1.818448,9.0,10.0,3.968812,0.0,3.968812,96.031188,72.915154,0.471598,2.886238,0.0,0.0
2026-08-29 05:00:33,2296.08,88063,440,317.1268,530.975,38.4,60.094322,0.0,120.23201,2.168381,,6.174879,0.617488,3e-06,2.755703,10.0,10.0,10.959976,0.0,10.959976,89.040024,65.890837,0.583263,2.886238,0.0,0.0
2026-08-29 05:00:46,2309.42,88575,442,412.8722,528.5718,38.4,146.904739,0.0,293.852783,2.16515,,8.854484,0.885448,3e-06,3.184579,10.0,10.0,17.515203,0.0,17.515203,82.484797,62.733043,0.514024,2.886238,0.0,0.0
2026-08-29 05:01:00,2322.81,89087,445,499.9906,528.5572,38.4,162.534286,0.0,325.111908,2.166072,,9.047166,0.904717,3e-06,2.88699,10.0,10.0,12.896047,0.0,12.896047,87.103953,65.110261,0.520897,2.886238,0.0,0.0
2026-08-29 05:01:13,2336.21,89599,448,150.1003,523.1605,38.4,28.256763,-0.0,56.556896,2.16838,,5.639638,0.563964,4e-06,2.270441,10.0,10.0,19.301792,0.0,19.301792,80.698208,61.559503,0.554938,2.886238,0.0,0.0
2026-08-29 05:01:26,2349.6,90111,450,60.333,518.7605,38.4,31.859806,-0.0,63.763111,2.174952,,3.559251,0.355925,5e-06,1.941087,10.0,10.0,14.662789,0.0,14.662789,85.337211,63.850676,0.702332,2.886238,0.0,0.0
2026-08-29 05:01:40,2363.14,90623,453,-142.8662,512.8044,38.3,50.906643,-0.0,101.856659,2.168653,,4.409987,0.440999,1e-06,4.308497,10.0,10.0,33.418462,0.0,33.418462,66.581538,49.093718,0.588926,2.886238,0.0,0.0
2026-08-29 05:01:53,2376.48,91135,455,574.5011,516.7257,38.3,175.200745,0.0,350.444977,2.174465,,8.490444,0.849044,5e-06,1.082129,5.0,10.0,4.867524,0.0,4.867524,95.132476,73.135115,0.495583,2.886238,0.0,0.0
2026-08-29 05:02:07,2389.91,91647,458,385.5354,517.4927,38.3,73.694305,0.0,147.432053,2.171801,,7.390168,0.739017,5e-06,2.082666,10.0,10.0,12.024583,0.0,12.024583,87.975417,65.801569,0.51163,2.886238,0.0,0.0
2026-08-29 05:02:20,2403.36,92159,460,773.6896,519.9763,38.3,260.748627,0.0,521.540649,2.169278,,13.427869,1.342787,3e-06,2.485892,10.0,10.0,15.858985,0.0,15.858985,84.141015,62.829304,0.462244,2.886238,0.0,0.0
2026-08-29 05:02:34,2416.8,92671,463,447.7806,522.1599,38.3,123.445953,-0.0,246.935349,2.171812,,8.650322,0.865032,4e-06,2.014861,10.0,10.0,14.71746,0.0,14.71746,85.28254,64.228765,0.403942,2.886238,0.0,0.0
2026-08-29 05:02:47,2430.18,93183,465,726.2616,525.4725,38.3,221.995911,0.0,444.035248,2.171813,,10.496861,1.049686,4e-06,1.85084,8.0,10.0,4.91375,0.0,4.91375,95.08625,72.574509,0.414817,2.886238,0.0,0.0
2026-08-29 05:03:00,2443.56,93695,468,850.9581,529.9699,38.3,352.414581,0.0,704.872498,2.167996,,13.621462,1.362146,5e-06,1.75033,9.0,10.0,10.537022,0.0,10.537022,89.462978,67.883588,0.471591,2.886238,0.0,0.0
2026-08-29 05:03:14,2456.91,94207,471,615.1949,533.0804,38.3,174.410049,-0.0,348.863464,2.167983,,9.291939,0.929194,4e-06,1.838037,9.0,10.0,6.208728,0.0,6.208728,93.791272,70.73485,0.48233,2.886238,0.0,0.0
2026-08-29 05:03:27,2470.24,94719,473,119.4788,527.0438,38.3,66.158157,-0.0,132.359665,2.167338,,4.698886,0.469889,4e-06,2.126157,10.0,10.0,16.234908,0.0,16.234908,83.765092,62.683652,0.607688,2.886238,0.0,0.0
2026-08-29 05:03:40,2483.57,95231,476,237.5806,523.7137,38.3,67.761292,0.0,135.565948,2.168121,,4.673185,0.467319,4e-06,1.935188,10.0,10.0,8.506143,0.0,8.506143,91.493857,68.509556,0.633071,2.886238,0.0,0.0
2026-08-29 05:03:54,2496.82,95743,478,-8.6207,516.4847,38.3,68.48262,0.0,137.00853,2.16469,,4.47963,0.447963,2e-06,2.606422,10.0,10.0,24.367241,0.0,24.367241,75.632759,57.008258,0.603179,2.886238,0.0,0.0
2026-08-29 05:04:07,2510.12,96255,481,458.906,512.6413,38.3,88.753479,-0.0,177.550323,2.16806,,6.134836,0.613484,6e-06,1.174297,5.0,9.0,0.813931,0.0,0.813931,99.186069,75.171652,0.548077,2.886238,0.0,0.0
2026-08-29 05:04:20,2523.43,96767,483,45.7577,507.0676,38.3,98.302513,-0.0,196.648224,2.160147,,5.566431,0.556643,1e-06,3.71008,10.0,10.0,26.121982,0.0,26.121982,73.878018,55.102625,0.553764,2.886238,0.0,0.0
2026-08-29 05:04:34,2536.64,97279,486,414.5398,506.7445,38.3,114.038498,0.0,228.120224,2.16108,,6.522954,0.652295,5e-06,2.211779,9.0,10.0,5.996524,0.0,5.996524,94.003476,70.724048,0.622307,2.886238,0.0,0.0
2026-08-29 05:04:47,2549.94,97791,488,471.1484,503.4929,38.4,113.71109,0.0,227.465332,2.157261,,7.124225,0.712423,5e-06,2.039412,9.0,10.0,5.056982,0.0,5.056982,94.943018,72.070974,0.549559,2.886238,0.0,0.0
2026-08-29 05:05:00,2563.29,98303,491,332.0462,498.576,38.4,42.446781,-0.0,84.936638,2.153679,,5.98218,0.598218,4e-06,2.571369,10.0,10.0,8.583437,0.0,8.583437,91.416563,68.524151,0.528533,2.886238,0.0,0.0
2026-08-29 05:05:14,2576.65,98815,494,463.3055,496.1171,38.4,101.109154,0.0,202.261368,2.152964,,6.548116,0.654812,6e-06,1.683311,8.0,10.0,2.78253,0.0,2.78253,97.21747,73.579737,0.527816,2.886238,0.0,0.0
2026-08-29 05:05:27,2590.1,99327,496,319.9196,495.7634,38.3,52.598469,-0.0,105.239891,2.147848,,6.267588,0.626759,4e-06,3.119207,10.0,10.0,11.281134,0.0,11.281134,88.718866,66.865632,0.544749,2.886238,0.0,0.0
2026-08-29 05:05:40,2603.5,99839,499,301.7133,494.5086,38.3,37.792206,-0.0,75.627335,2.146303,,5.293337,0.529334,3e-06,3.059058,10.0,10.0,7.703796,0.0,7.703796,92.296204,69.641049,0.546076,2.886238,0.0,0.0
2026-08-29 05:05:54,2616.98,100351,501,178.0016,488.8102,38.3,34.647682,-0.0,69.338249,2.144161,,6.363133,0.636313,5e-06,2.796132,10.0,10.0,18.919324,0.0,18.919324,81.080676,60.587879,0.515482,3.375118,0.0,0.0
2026-08-29 05:06:07,2630.41,100863,504,415.3085,486.8483,38.3,159.535843,0.0,319.114594,2.144835,,8.075824,0.807582,6e-06,2.452524,10.0,10.0,10.762244,0.0,10.762244,89.237756,66.691928,0.620654,3.375118,0.0,0.0
2026-08-29 05:06:21,2643.98,101375,506,366.1765,484.684,38.3,63.322006,0.0,126.686867,2.142727,,6.906787,0.690679,4e-06,3.583777,10.0,10.0,9.949103,0.0,9.949103,90.050897,68.007635,0.511529,3.375118,0.0,0.0
2026-08-29 05:06:34,2657.31,101887,509,682.5915,484.973,38.3,198.431274,0.0,396.905518,2.147695,,9.052422,0.905242,7e-06,1.129611,5.0,9.0,0.582638,0.0,0.582638,99.417362,75.998119,0.43319,3.375118,0.0,0.0
2026-08-29 05:06:48,2670.72,102399,512,496.4413,485.8437,38.3,154.166229,-0.0,308.375397,2.147306,,7.921773,0.792177,6e-06,1.144427,4.0,10.0,6.289489,0.0,6.289489,93.710511,71.509167,0.536489,3.375118,0.0,0.0
2026-08-29 05:07:01,2684.04,102911,514,850.4886,487.9105,38.3,344.211548,0.0,688.466003,2.146684,,11.429013,1.142901,6e-06,1.546624,6.0,9.0,0.460749,0.0,0.460749,99.539251,76.071273,0.481262,3.375118,0.0,0.0
2026-08-29 05:07:14,2697.41,103423,517,436.2999,488.6389,38.3,101.265694,-0.0,202.574203,2.140741,,8.938373,0.893837,3e-06,3.252922,10.0,10.0,13.982676,0.0,13.982676,86.017324,63.503071,0.511267,3.375118,0.0,0.0
2026-08-29 05:07:28,2710.9,103935,519,97.7787,485.9673,38.3,97.59568,0.0,195.234192,2.141914,,6.164363,0.616436,4e-06,3.378558,10.0,10.0,22.053699,0.0,22.053699,77.946301,58.948737,0.523799,3.375118,0.0,0.0
2026-08-29 05:07:41,2724.19,104447,522,310.4188,483.3906,38.3,48.270954,0.0,96.585037,2.156446,,6.193798,0.61938,8e-06,2.335321,10.0,10.0,9.902569,0.0,9.902569,90.097431,68.428241,0.539857,3.375118,0.0,0.0
2026-08-29 05:07:55,2737.61,104959,524,167.596,482.1455,38.3,29.610489,0.0,59.264248,2.163537,,4.561779,0.456178,5e-06,2.633926,10.0,10.0,11.040276,0.0,11.040276,88.959724,67.437484,0.637107,3.375118,0.0,0.0
2026-08-29 05:08:08,2750.96,105471,527,426.4607,483.0392,38.3,134.546158,0.0,269.135651,2.166821,,6.752412,0.675241,7e-06,2.126703,9.0,10.0,5.609377,0.0,5.609377,94.390623,71.492275,0.543647,3.375118,0.0,0.0
2026-08-29 05:08:21,2764.26,105983,529,408.2472,484.173,38.3,114.187973,0.0,228.419235,2.164611,,8.467236,0.846724,4e-06,2.623066,10.0,10.0,14.077867,0.0,14.077867,85.922133,65.848592,0.493529,3.375118,0.0,0.0
2026-08-29 05:08:35,2777.62,106495,532,793.6356,488.9811,38.3,320.380493,-0.0,640.804382,2.170441,,11.272749,1.127275,6e-06,1.25713,5.0,10.0,3.469525,0.0,3.469525,96.530475,73.445109,0.484058,3.375118,0.0,0.0
2026-08-29 05:08:48,2790.9,107007,535,649.9316,490.5278,38.3,171.928589,0.0,343.900604,2.170732,,9.427635,0.942764,7e-06,1.637301,8.0,10.0,4.163992,0.0,4.163992,95.836008,73.203168,0.459564,3.375118,0.0,0.0
2026-08-29 05:09:01,2804.24,107519,537,197.2515,485.6894,38.3,27.142374,0.0,54.328152,2.170223,,4.453119,0.445312,4e-06,2.965276,10.0,10.0,8.548902,0.0,8.548902,91.451098,69.26435,0.651816,3.375118,0.0,0.0
2026-08-29 05:09:15,2817.61,108031,540,419.2025,482.4342,38.3,64.454567,0.0,128.95256,2.171335,,6.394139,0.639414,6e-06,1.739075,8.0,10.0,4.100123,0.0,4.100123,95.899877,73.52272,0.529615,3.375118,0.0,0.0
2026-08-29 05:09:28,2831.03,108543,542,467.9639,481.2002,38.3,96.979523,-0.0,194.002487,2.172265,,7.26834,0.726834,5e-06,2.284446,10.0,10.0,5.533024,0.0,5.533024,94.466976,72.006753,0.484997,3.375118,0.0,0.0
2026-08-29 05:09:41,2844.47,109055,545,156.1637,477.1026,38.3,180.957214,-0.0,361.957855,2.17072,,6.858225,0.685823,2e-06,3.29411,10.0,10.0,21.473116,0.0,21.473116,78.526884,57.50749,0.489533,3.375118,0.0,0.0
2026-08-29 05:09:55,2857.86,109567,547,404.9966,476.0139,38.3,429.443451,0.0,858.930298,2.171055,,11.180357,1.118036,2e-06,2.984772,10.0,10.0,24.448486,0.0,24.448486,75.551514,57.385533,0.491577,3.375118,0.0,0.0
2026-08-29 05:10:08,2871.27,110079,550,799.461,474.5376,38.3,286.645142,0.0,573.33374,2.172452,,13.145533,1.314553,4e-06,3.122069,10.0,10.0,10.596138,0.0,10.596138,89.403862,67.35353,0.532366,3.375118,0.0,0.0
2026-08-29 05:10:21,2884.55,110591,552,750.7596,474.8113,38.3,286.68924,0.0,573.422058,2.177769,,10.405978,1.040598,5e-06,1.825581,8.0,10.0,1.512655,0.0,1.512655,98.487345,74.999194,0.516707,3.375118,0.0,0.0
2026-08-29 05:10:35,2897.71,111103,555,632.4781,476.502,38.3,191.234207,0.0,382.512024,2.17994,,8.372511,0.837251,7e-06,0.990777,4.0,7.0,0.157979,0.0,0.157979,99.842021,76.552436,0.509897,3.375118,0.0,0.0
2026-08-29 05:10:48,2911.0,111615,558,968.9669,479.6887,38.3,437.477875,-0.0,874.999329,2.18018,,13.403432,1.340343,5e-06,1.363236,6.0,9.0,1.223046,0.0,1.223046,98.776954,74.943232,0.516562,3.375118,0.0,0.0
2026-08-29 05:11:01,2924.42,112127,560,73.6832,474.2426,38.3,35.422043,0.0,70.887619,2.176665,,5.744942,0.574494,2e-06,4.254025,10.0,10.0,21.768491,0.0,21.768491,78.231509,58.757058,0.557981,3.375118,0.0,0.0
2026-08-29 05:11:15,2937.74,112639,563,198.2484,471.1061,38.3,60.93301,0.0,121.909485,2.173152,,5.610586,0.561059,4e-06,2.358761,10.0,10.0,13.288335,0.0,13.288335,86.711665,65.36417,0.563178,3.517649,0.0,0.0
2026-08-29 05:11:28,2951.01,113151,565,514.0351,471.4594,38.3,119.125191,0.0,238.293747,2.167958,,7.118151,0.711815,7e-06,1.774141,8.0,10.0,1.419874,0.0,1.419874,98.580126,75.377886,0.552989,3.517649,0.0,0.0
2026-08-29 05:11:41,2964.38,113663,568,520.155,472.1508,38.3,132.276505,0.0,264.596252,2.162023,,7.477664,0.747766,5e-06,2.153518,9.0,10.0,2.971923,0.0,2.971923,97.028077,73.66093,0.597394,3.517649,0.0,0.0
2026-08-29 05:11:55,2977.78,114175,570,619.228,475.2405,38.3,174.675369,-0.0,349.39389,2.156849,,8.681893,0.868189,7e-06,1.032959,4.0,10.0,2.298469,0.0,2.298469,97.701531,74.730433,0.506711,3.517649,0.0,0.0
2026-08-29 05:12:08,2991.17,114687,573,448.9889,472.033,38.3,79.133842,-0.0,158.31073,2.152093,,7.504824,0.750482,3e-06,2.786192,10.0,10.0,7.187925,0.0,7.187925,92.812075,69.41246,0.510553,3.517649,0.0,0.0
2026-08-29 05:12:21,3004.52,115199,576,487.0669,470.1935,38.3,141.225174,0.0,282.493286,2.146608,,8.043517,0.804352,7e-06,1.834934,9.0,10.0,6.371917,0.0,6.371917,93.628083,71.406981,0.570537,3.517649,0.0,0.0
2026-08-29 05:12:35,3018.01,115711,578,211.2903,467.3184,38.3,82.654305,-0.0,165.351486,2.143561,,5.994973,0.599497,3e-06,3.033372,10.0,10.0,13.693564,0.0,13.693564,86.306436,64.385269,0.595813,3.517649,0.0,0.0
2026-08-29 05:12:48,3031.47,116223,581,83.7321,463.2149,38.3,14.504309,-0.0,29.051435,2.140893,,4.083761,0.408376,2e-06,3.097917,10.0,10.0,13.135031,0.0,13.135031,86.864969,65.009486,0.618707,3.517649,0.0,0.0
2026-08-29 05:13:02,3044.92,116735,583,-57.0679,454.4791,38.3,43.921223,-0.0,87.885277,2.14157,,3.913965,0.391396,2e-06,4.281501,10.0,10.0,20.344232,0.0,20.344232,79.655768,59.484735,0.638647,3.517649,0.0,0.0
2026-08-29 05:13:15,3058.47,117247,586,114.2364,447.5711,38.3,13.785287,-0.0,27.613459,2.144262,,3.831394,0.383139,2e-06,3.300151,10.0,10.0,10.617057,0.0,10.617057,89.382943,66.829829,0.671832,3.517649,0.0,0.0
2026-08-29 05:13:29,3071.95,117759,588,377.9364,444.4968,38.3,62.565193,0.0,125.173317,2.146601,,7.377232,0.737723,1e-06,3.867033,10.0,10.0,10.689675,0.0,10.689675,89.310325,67.041401,0.516662,3.517649,0.0,0.0
2026-08-29 05:13:42,3085.34,118271,591,405.0099,442.4713,38.3,159.77977,0.0,319.602631,2.153953,,9.896289,0.989629,2e-06,3.369009,10.0,10.0,18.798825,0.0,18.798825,81.201175,60.711559,0.48903,3.517649,0.0,0.0
2026-08-29 05:13:56,3098.65,118783,593,176.1479,437.7517,38.3,34.939949,0.0,69.923042,2.157232,,6.332743,0.633274,2e-06,4.054039,10.0,10.0,17.447786,0.0,17.447786,82.552214,61.842761,0.520098,3.517649,0.0,0.0
2026-08-29 05:14:09,3111.89,119295,596,412.2122,436.272,38.3,93.193306,0.0,186.429886,2.163807,,6.406834,0.640683,4e-06,2.052531,9.0,10.0,4.812636,0.0,4.812636,95.187364,72.138504,0.532438,3.517649,0.0,0.0
2026-08-29 05:14:22,3125.11,119807,599,445.3549,435.131,38.3,84.37178,0.0,168.786819,2.163217,,7.398361,0.739836,3e-06,2.498762,10.0,10.0,6.936023,0.0,6.936023,93.063977,70.311718,0.477203,3.517649,0.0,0.0
2026-08-29 05:14:35,3138.31,120319,601,526.1693,435.1809,38.3,144.581635,0.0,289.206573,2.164792,,8.073921,0.807392,3e-06,2.141866,9.0,10.0,4.78936,0.0,4.78936,95.21064,72.205445,0.544975,3.517649,0.0,0.0
2026-08-29 05:14:49,3151.61,120831,604,540.4126,434.9315,38.3,169.88385,0.0,339.811005,2.164907,,9.015945,0.901594,3e-06,2.841893,10.0,10.0,7.802129,0.0,7.802129,92.197871,69.912049,0.497439,3.517649,0.0,0.0
2026-08-29 05:15:02,3164.96,121343,606,411.3295,431.3886,38.3,225.857483,0.0,451.758301,2.166426,,8.787798,0.87878,3e-06,2.250674,10.0,10.0,14.00013,0.0,14.00013,85.99987,64.424977,0.503616,3.517649,0.0,0.0
2026-08-29 05:15:15,3178.18,121855,609,421.1797,428.8337,38.3,99.669044,0.0,199.38147,2.168903,,7.939133,0.793913,4e-06,1.620951,9.0,10.0,10.030417,0.0,10.030417,89.969583,68.374802,0.498844,3.517649,0.0,0.0
2026-08-29 05:15:28,3191.51,122367,611,768.1806,430.1553,38.3,261.859711,0.0,523.762756,2.168051,,11.450655,1.145065,3e-06,2.196164,9.0,10.0,4.902018,0.0,4.902018,95.097982,72.238801,0.479523,3.517649,0.0,0.0
2026-08-29 05:15:42,3204.95,122879,614,736.2639,431.8911,38.3,256.745239,0.0,513.533875,2.168669,,11.03053,1.103053,3e-06,2.640419,10.0,10.0,5.168174,0.0,5.168174,94.831826,71.573298,0.500638,3.517649,0.0,0.0
2026-08-29 05:15:55,3218.36,123391,616,683.4171,435.2208,38.3,201.747147,0.0,403.537659,2.167938,,10.190359,1.019036,4e-06,1.980036,9.0,10.0,4.791055,0.0,4.791055,95.208945,72.74453,0.438059,3.517649,0.0,0.0
2026-08-29 05:16:09,3231.85,123903,619,421.3076,439.6215,38.3,118.042931,0.0,236.129227,2.168384,,7.510445,0.751044,2e-06,2.392538,9.0,10.0,8.090052,0.0,8.090052,91.909948,69.289288,0.476518,3.517649,0.0,0.0
2026-08-29 05:16:22,3245.33,124415,622,470.2512,440.5544,38.3,110.712532,0.0,221.46846,2.16967,,8.040166,0.804017,3e-06,2.241625,9.0,10.0,8.337235,0.0,8.337235,91.662765,69.789642,0.409111,3.517649,0.0,0.0
2026-08-29 05:16:36,3258.83,124927,624,424.3742,438.2858,38.3,62.551704,0.0,125.146805,2.169666,,6.989542,0.698954,3e-06,2.066218,9.0,10.0,6.421211,0.0,6.421211,93.578789,70.595735,0.456835,3.517649,0.0,0.0
2026-08-29 05:16:49,3272.17,125439,627,575.7916,437.1263,38.3,128.091248,-0.0,256.225922,2.170818,,8.576029,0.857603,5e-06,1.269357,7.0,10.0,4.388275,0.0,4.388275,95.611725,72.569383,0.427961,3.491968,0.0,0.0
2026-08-29 05:17:02,3285.5,125951,629,511.9555,434.9973,38.3,129.448013,0.0,258.939453,2.171592,,7.292945,0.729294,4e-06,1.704804,9.0,10.0,2.630208,0.0,2.630208,97.369792,73.940243,0.547386,3.491968,0.0,0.0
2026-08-29 05:17:16,3298.75,126463,632,584.4191,433.9664,38.3,157.340118,0.0,314.723663,2.172057,,8.107396,0.81074,4e-06,1.824495,9.0,10.0,1.635436,0.0,1.635436,98.364564,74.316895,0.546275,3.491968,0.0,0.0
2026-08-29 05:17:29,3312.16,126975,634,426.8918,437.2407,38.3,85.80706,0.0,171.657516,2.169767,,7.821804,0.78218,4e-06,1.769342,10.0,10.0,9.373405,0.0,9.373405,90.626595,68.647747,0.534782,3.491968,0.0,0.0
2026-08-29 05:17:42,3325.39,127487,637,446.9814,438.5399,38.3,101.205971,-0.0,202.455322,2.168971,,7.688017,0.768802,4e-06,2.142255,10.0,10.0,7.769772,0.0,7.769772,92.230228,69.527789,0.489714,3.491968,0.0,0.0
2026-08-29 05:17:55,3338.57,127999,640,710.6003,439.7361,38.3,217.76796,0.0,435.579315,2.170042,,9.546134,0.954613,5e-06,1.452059,7.0,10.0,0.9403,0.0,0.9403,99.0597,75.775522,0.470549,3.491968,0.0,0.0
2026-08-29 05:18:09,3351.83,128511,642,453.3245,441.5634,38.3,104.096916,0.0,208.237228,2.169746,,8.107434,0.810743,3e-06,2.3747,10.0,10.0,9.404444,0.0,9.404444,90.595556,67.888217,0.483791,3.491968,0.0,0.0
2026-08-29 05:18:22,3365.13,129023,645,436.0087,437.941,38.3,86.362808,0.0,172.768997,2.1687,,6.829397,0.68294,4e-06,1.654738,9.0,10.0,4.82814,0.0,4.82814,95.17186,71.559916,0.489535,3.491968,0.0,0.0
2026-08-29 05:18:35,3378.52,129535,647,309.4473,434.7438,38.3,52.295208,-0.0,104.633766,2.167464,,6.651908,0.665191,1e-06,2.733829,10.0,10.0,11.477866,0.0,11.477866,88.522134,67.044024,0.471467,3.491968,0.0,0.0
2026-08-29 05:18:49,3391.86,130047,650,509.4196,434.7084,38.3,109.723999,-0.0,219.491333,2.167051,,8.554762,0.855476,2e-06,2.290545,9.0,10.0,7.728181,0.0,7.728181,92.271819,68.876597,0.459522,3.491968,0.0,0.0
2026-08-29 05:19:02,3405.23,130559,652,807.2608,436.9015,38.3,289.468933,0.0,578.981201,2.16571,,11.992981,1.199298,4e-06,1.748559,9.0,10.0,4.654244,0.0,4.654244,95.345756,72.404701,0.491989,3.491968,0.0,0.0
2026-08-29 05:19:15,3418.58,131071,655,566.3059,439.4503,38.3,144.870468,-0.0,289.784241,2.164704,,9.585481,0.958548,2e-06,2.753563,10.0,10.0,8.907002,0.0,8.907002,91.092998,68.160698,0.482851,3.491968,0.0,0.0
2026-08-29 05:19:29,3431.97,131583,657,462.8991,442.2273,38.3,129.162048,-0.0,258.367371,2.163859,,8.605721,0.860572,3e-06,2.544491,10.0,10.0,11.052378,0.0,11.052378,88.947622,66.664253,0.484749,3.491968,0.0,0.0
2026-08-29 05:19:42,3445.46,132095,660,343.4576,442.2866,38.3,74.346077,0.0,148.735397,2.162449,,8.567926,0.856793,1e-06,4.186582,10.0,10.0,18.0791,0.0,18.0791,81.9209,60.777025,0.533112,3.491968,0.0,0.0
2026-08-29 05:19:56,3458.82,132607,663,627.1058,445.0294,38.3,189.837997,-0.0,379.719269,2.164407,,9.240776,0.924078,4e-06,2.131986,9.0,10.0,4.026959,0.0,4.026959,95.973041,72.79799,0.48739,3.491968,0.0,0.0
2026-08-29 05:20:09,3472.12,133119,665,659.8099,445.1484,38.3,197.734299,-0.0,395.511871,2.163742,,9.654128,0.965413,3e-06,1.902054,8.0,10.0,4.098745,0.0,4.098745,95.901255,72.853754,0.464909,3.491968,0.0,0.0
2026-08-29 05:20:22,3485.46,133631,668,721.9936,444.2328,38.3,225.233902,-0.0,450.511047,2.16247,,10.547328,1.054733,4e-06,2.027123,9.0,10.0,4.106664,0.0,4.106664,95.893336,71.893618,0.460452,3.491968,0.0,0.0
2026-08-29 05:20:36,3498.77,134143,670,528.7696,447.3755,38.3,120.737946,0.0,241.51915,2.163189,,8.057089,0.805709,3e-06,2.300088,10.0,10.0,5.028672,0.0,5.028672,94.971328,72.554609,0.463695,3.491968,0.0,0.0
2026-08-29 05:20:49,3512.13,134655,673,14.4061,442.6053,38.3,118.37175,-0.0,236.786789,2.164301,,4.318199,0.43182,2e-06,2.498933,10.0,10.0,17.842397,0.0,17.842397,82.157603,61.00772,0.575275,3.491968,0.0,0.0
2026-08-29 05:21:02,3525.34,135167,675,434.5587,442.0279,38.3,89.257904,0.0,178.559097,2.164305,,5.765585,0.576559,5e-06,0.928148,4.0,6.0,0.0,0.0,0.0,100.0,76.443751,0.582101,3.491968,0.0,0.0
2026-08-29 05:21:16,3538.67,135679,678,427.6132,439.2027,38.3,101.732475,0.0,203.508163,2.160853,,7.037502,0.70375,2e-06,2.81242,10.0,10.0,6.345986,0.0,6.345986,93.654014,69.630957,0.532423,3.491968,0.0,0.0
2026-08-29 05:21:29,3552.06,136191,680,522.6515,437.1036,38.3,157.317749,0.0,314.67868,2.15842,,8.582223,0.858222,3e-06,2.09319,9.0,10.0,6.541129,0.0,6.541129,93.458871,71.45823,0.526419,3.491968,0.0,0.0
2026-08-29 05:21:42,3565.41,136703,683,553.4913,437.8149,38.3,169.895142,0.0,339.833466,2.159538,,8.27277,0.827277,3e-06,2.334185,9.0,10.0,3.531105,0.0,3.531105,96.468895,72.870154,0.57657,3.491968,0.0,0.0
2026-08-29 05:21:56,3578.78,137215,686,705.2651,439.7238,38.3,236.021378,0.0,472.085846,2.153869,,12.216609,1.221661,2e-06,2.413412,10.0,10.0,11.116119,0.0,11.116119,88.883881,66.083333,0.482833,3.491968,0.0,0.0
2026-08-29 05:22:09,3592.21,137727,688,283.8492,440.5157,38.3,35.50856,0.0,71.060173,2.152617,,8.554621,0.855462,1e-06,3.181422,10.0,10.0,21.544211,0.0,21.544211,78.455789,58.632396,0.431728,3.268558,0.0,0.0
2026-08-29 05:22:23,3605.69,138239,691,272.3063,438.4982,38.3,76.407097,-0.0,152.857208,2.150562,,7.335035,0.733503,2e-06,2.348819,10.0,10.0,17.054056,0.0,17.054056,82.945944,62.306552,0.480881,3.268558,0.0,0.0
2026-08-29 05:22:36,3619.0,138751,693,981.3816,442.1498,38.3,426.34964,0.0,852.74231,2.151399,,13.348707,1.334871,5e-06,1.202524,5.0,9.0,0.283596,0.0,0.283596,99.716404,76.107627,0.481586,3.268558,0.0,0.0
2026-08-29 05:22:49,3632.37,139263,696,442.6967,443.4055,38.3,87.538719,0.0,175.120392,2.147839,,7.784997,0.7785,2e-06,2.62677,10.0,10.0,8.358292,0.0,8.358292,91.641708,69.604369,0.535958,3.268558,0.0,0.0
2026-08-29 05:23:03,3645.82,139775,698,62.7879,439.9047,38.3,36.104698,0.0,72.252304,2.145524,,5.353752,0.535375,1e-06,3.790454,10.0,10.0,21.547555,0.0,21.547555,78.452445,59.355508,0.50006,3.268558,0.0,0.0
2026-08-29 05:23:16,3659.29,140287,701,219.6737,437.1015,38.3,20.296825,0.0,40.636608,2.147826,,4.632453,0.463245,2e-06,2.939785,10.0,10.0,8.458933,0.0,8.458933,91.541067,69.262513,0.570659,3.268558,0.0,0.0
2026-08-29 05:23:30,3672.71,140799,704,-58.2312,435.0182,38.3,42.655781,0.0,85.354507,2.147182,,3.427088,0.342709,1e-06,2.860931,10.0,10.0,19.382052,0.0,19.382052,80.617948,60.389182,0.589484,3.268558,0.0,0.0
2026-08-29 05:23:43,3685.97,141311,706,416.7758,438.5826,38.3,84.235641,-0.0,168.514206,2.145875,,7.785094,0.778509,2e-06,2.730806,10.0,10.0,10.55398,0.0,10.55398,89.44602,67.043629,0.497346,3.268558,0.0,0.0
2026-08-29 05:23:56,3699.45,141823,709,273.1224,442.7425,38.3,67.904808,-0.0,135.852524,2.145186,,8.710848,0.871085,1e-06,3.734351,10.0,10.0,23.372496,0.0,23.372496,76.627504,56.350908,0.459776,3.268558,0.0,0.0
2026-08-29 05:24:10,3712.73,142335,711,608.8005,443.0855,38.3,154.909119,-0.0,309.861176,2.146736,,8.345244,0.834524,4e-06,1.745633,8.0,10.0,1.458277,0.0,1.458277,98.541723,74.978581,0.467668,3.268558,0.0,0.0
2026-08-29 05:24:23,3725.98,142847,714,612.6943,445.3571,38.3,172.712891,0.0,345.468719,2.146744,,8.683316,0.868332,3e-06,1.792727,7.0,10.0,2.277084,0.0,2.277084,97.722916,74.486696,0.523066,3.268558,0.0,0.0
2026-08-29 05:24:36,3739.19,143359,716,997.337,447.5936,38.3,436.741058,-0.0,873.525024,2.144998,,14.387706,1.438771,3e-06,1.757303,8.0,10.0,2.833711,0.0,2.833711,97.166289,74.158171,0.468563,3.268558,0.0,0.0
2026-08-29 05:24:49,3752.45,143871,719,922.3649,452.3394,38.3,361.724884,0.0,723.492615,2.141746,,14.460083,1.446008,3e-06,2.324339,10.0,10.0,6.972976,0.0,6.972976,93.027024,69.731984,0.495757,3.268558,0.0,0.0
2026-08-29 05:25:03,3765.75,144383,721,438.4737,449.4615,38.3,235.263458,-0.0,470.569733,2.140464,,10.49118,1.049118,1e-06,3.409947,10.0,10.0,20.24764,0.0,20.24764,79.75236,58.944537,0.520524,3.268558,0.0,0.0
2026-08-29 05:25:16,3779.1,144895,724,380.5711,444.7577,38.3,64.725075,-0.0,129.492996,2.142177,,8.524973,0.852497,1e-06,2.196843,10.0,10.0,15.541247,0.0,15.541247,84.458753,62.928338,0.451762,3.268558,0.0,0.0
2026-08-29 05:25:29,3792.52,145407,727,344.6437,442.0521,38.3,83.305359,-0.0,166.653519,2.139827,,7.887957,0.788796,2e-06,2.838191,10.0,10.0,15.566243,0.0,15.566243,84.433757,63.696415,0.463123,3.268558,0.0,0.0
2026-08-29 05:25:43,3805.91,145919,729,493.1898,445.7893,38.3,107.039345,-0.0,214.12149,2.140141,,7.414609,0.741461,4e-06,1.793644,9.0,10.0,4.343017,0.0,4.343017,95.656983,72.24811,0.466516,3.268558,0.0,0.0
2026-08-29 05:25:56,3819.4,146431,732,19.2616,443.6061,38.3,31.40604,0.0,62.854847,2.138277,,5.28136,0.528136,1e-06,3.177603,10.0,10.0,23.606181,0.0,23.606181,76.393819,57.029675,0.515867,3.268558,0.0,0.0
2026-08-29 05:26:10,3832.86,146943,734,207.4853,445.7671,38.3,149.256332,-0.0,298.555328,2.132494,,6.801252,0.680125,1e-06,1.817083,10.0,10.0,18.013643,0.0,18.013643,81.986357,61.695118,0.473102,3.268558,0.0,0.0
2026-08-29 05:26:23,3846.3,147455,737,475.2376,445.9304,38.3,121.660851,0.0,243.364334,2.131568,,7.20815,0.720815,3e-06,1.662835,8.0,10.0,3.853611,0.0,3.853611,96.146389,73.200363,0.504078,3.268558,0.0,0.0
2026-08-29 05:26:36,3859.08,147967,739,504.8092,450.521,38.3,123.15361,0.0,246.349731,2.125582,,8.731376,0.873138,4e-06,1.7216,9.0,10.0,8.924445,0.0,8.924445,91.075555,69.433265,0.475644,3.268558,0.0,0.0
2026-08-29 05:26:49,3872.43,148479,742,436.2764,450.7383,38.3,87.559769,0.0,175.161987,2.122351,,7.602131,0.760213,2e-06,2.125759,9.0,10.0,8.408153,0.0,8.408153,91.591847,68.58054,0.479049,3.268558,0.0,0.0
2026-08-29 05:27:03,3885.87,148991,744,187.5366,447.9022,38.3,34.369766,0.0,68.781876,2.116999,,6.148036,0.614804,1e-06,3.510922,10.0,10.0,17.469159,0.0,17.469159,82.530841,61.925217,0.511323,3.268558,0.0,0.0
2026-08-29 05:27:16,3899.33,149503,747,425.8669,448.8404,38.3,79.105896,0.0,158.254074,2.114267,,7.33335,0.733335,2e-06,2.552109,10.0,10.0,8.139087,0.0,8.139087,91.860913,68.830142,0.438646,3.268558,0.0,0.0
2026-08-29 05:27:30,3912.83,150015,750,410.3198,448.3106,38.3,174.649582,0.0,349.341278,2.106321,,10.412383,1.041238,1e-06,3.743749,10.0,10.0,21.437032,0.0,21.437032,78.562968,58.419529,0.454872,3.744174,0.0,0.0
2026-08-29 05:27:43,3926.08,150527,752,700.4669,452.116,38.3,237.858109,0.0,475.758301,2.104522,,11.304204,1.13042,3e-06,2.050231,9.25,10.0,7.968689,0.0,7.968689,92.031311,69.652341,0.429682,3.744174,0.0,0.0
2026-08-29 05:27:56,3939.37,151039,755,154.1147,450.64,38.3,25.352766,0.0,50.747604,2.10355,,5.104268,0.510427,2e-06,3.383039,10.0,10.0,12.721794,0.0,12.721794,87.278206,65.088534,0.524772,3.744174,0.0,0.0
2026-08-29 05:28:10,3952.7,151551,757,317.4657,452.0347,38.3,43.218487,-0.0,86.478783,2.090619,,5.275467,0.527547,2e-06,2.150867,10.0,10.0,4.783133,0.0,4.783133,95.216867,72.577374,0.511818,3.744174,0.0,0.0
2026-08-29 05:28:23,3966.03,152063,760,207.5948,449.9575,38.3,82.711029,0.0,165.463547,2.074488,,5.965995,0.5966,1e-06,2.273309,10.0,10.0,13.025505,0.0,13.025505,86.974495,65.232746,0.532748,3.744174,0.0,0.0
2026-08-29 05:28:36,3979.36,152575,762,249.1893,448.7877,38.3,94.571945,0.0,189.18512,2.061432,,6.965127,0.696513,1e-06,2.337264,10.0,10.0,14.409987,0.0,14.409987,85.590013,64.304667,0.500833,3.744174,0.0,0.0
2026-08-29 05:28:50,3992.71,153087,765,397.4075,445.9358,38.3,98.91748,0.0,197.875977,2.050636,,6.564655,0.656466,3e-06,1.530486,6.0,10.0,5.061889,0.0,5.061889,94.938111,71.464983,0.532965,3.744174,0.0,0.0
2026-08-29 05:29:03,4006.11,153599,768,479.4742,445.7662,38.3,125.12365,0.0,250.28804,2.037261,,8.393758,0.839376,2e-06,3.108953,10.0,10.0,8.14148,0.0,8.14148,91.85852,69.160098,0.484303,3.744174,0.0,0.0
2026-08-29 05:29:16,4019.46,154111,770,347.0536,440.7318,38.3,146.095795,0.0,292.232147,2.028165,,7.520785,0.752079,2e-06,1.900631,9.0,10.0,11.502701,0.0,11.502701,88.497299,66.632771,0.486655,3.744174,0.0,0.0
2026-08-29 05:29:30,4032.85,154623,773,810.8935,444.4777,38.3,287.194427,-0.0,574.429138,2.015282,,11.425831,1.142583,5e-06,1.409345,7.0,10.0,1.589371,0.0,1.589371,98.410629,74.800051,0.439389,3.744174,0.0,0.0
2026-08-29 05:29:43,4046.28,155135,775,696.6708,450.4667,38.3,238.027679,0.0,476.095428,2.00367,,11.263014,1.126301,2e-06,2.589565,9.0,10.0,7.486781,0.0,7.486781,92.513219,69.71895,0.433624,3.744174,0.0,0.0
2026-08-29 05:29:57,4059.74,155647,778,417.0709,451.5332,38.3,74.134148,0.0,148.308273,1.999129,,7.321123,0.732112,2e-06,2.801771,10.0,10.0,7.660988,0.0,7.660988,92.339012,69.448519,0.491472,3.744174,0.0,0.0
2026-08-29 05:30:10,4073.05,156159,780,47.6791,450.334,38.3,26.881832,-0.0,53.803493,1.99148,,3.862031,0.386203,2e-06,2.884622,10.0,10.0,13.38708,0.0,13.38708,86.61292,64.627728,0.559337,3.744174,0.0,0.0
2026-08-29 05:30:23,4086.42,156671,783,408.5317,450.1547,38.3,76.019302,0.0,152.078354,1.9878,,7.26877,0.726877,2e-06,2.739394,9.0,10.0,7.679432,0.0,7.679432,92.320568,69.110834,0.483294,3.744174,0.0,0.0
2026-08-29 05:30:37,4099.8,157183,785,404.1867,450.1141,38.3,164.257462,0.0,328.554596,1.983828,,8.867757,0.886776,1e-06,2.22182,10.0,10.0,13.431788,0.0,13.431788,86.568212,65.710082,0.457527,3.744174,0.0,0.0
2026-08-29 05:30:50,4113.09,157695,788,631.9975,448.4977,38.3,156.364334,0.0,312.768372,1.984825,,8.800283,0.880028,3e-06,1.864755,7.0,10.0,1.703067,0.0,1.703067,98.296933,75.437053,0.456212,3.744174,0.0,0.0
2026-08-29 05:31:03,4126.35,158207,791,752.0017,449.5184,38.3,246.880753,0.0,493.801086,1.979162,,11.353477,1.135348,3e-06,2.219179,9.0,10.0,3.499689,0.0,3.499689,96.500311,73.10318,0.460737,3.744174,0.0,0.0
2026-08-29 05:31:17,4139.7,158719,793,557.3358,453.1193,38.3,150.883774,0.0,301.807129,1.978514,,11.138328,1.113833,1e-06,2.62324,10.0,10.0,14.115546,0.0,14.115546,85.884454,65.448096,0.464011,3.744174,0.0,0.0
2026-08-29 05:31:30,4153.07,159231,796,603.1447,454.9587,38.3,165.483994,0.0,331.007599,1.980628,,9.441864,0.944186,3e-06,2.352739,9.0,10.0,5.765016,0.0,5.765016,94.234984,70.615994,0.488339,3.744174,0.0,0.0
2026-08-29 05:31:43,4166.35,159743,798,673.2184,457.0113,38.3,190.146194,0.0,380.331879,1.973766,,10.727287,1.072729,2e-06,2.509378,9.0,10.0,6.622473,0.0,6.622473,93.377527,70.224206,0.433779,3.744174,0.0,0.0
2026-08-29 05:31:57,4179.64,160255,801,864.5889,464.0955,38.3,304.725372,-0.0,609.490234,1.975273,,12.516946,1.251695,3e-06,2.132547,8.0,10.0,2.448593,0.0,2.448593,97.551407,73.708972,0.493104,3.744174,0.0,0.0
2026-08-29 05:32:10,4193.05,160767,803,594.966,465.9952,38.3,134.160324,0.0,268.360168,1.976311,,8.390397,0.83904,4e-06,1.925682,7.0,10.0,2.353003,0.0,2.353003,97.646997,74.054169,0.475907,3.744174,0.0,0.0
2026-08-29 05:32:23,4206.41,161279,806,507.4052,463.0746,38.3,114.860229,0.0,229.759964,1.975235,,8.481828,0.848183,4e-06,1.945508,9.0,10.0,6.641191,0.0,6.641191,93.358809,70.376528,0.511379,3.744174,0.0,0.0
2026-08-29 05:32:37,4219.81,161791,808,707.0396,462.6374,38.3,188.851181,-0.0,377.741791,1.97121,,10.094061,1.009406,2e-06,2.129815,8.0,10.0,2.003068,0.0,2.003068,97.996932,74.710703,0.450494,3.744174,0.0,0.0
2026-08-29 05:32:50,4233.28,162303,811,784.2091,464.1548,38.3,288.29715,0.0,576.633667,1.969715,,12.016856,1.201686,3e-06,2.266307,9.0,10.0,5.444489,0.0,5.444489,94.555511,71.536563,0.432114,3.744174,0.0,0.0
2026-08-29 05:33:04,4246.67,162815,814,754.1797,462.0069,38.3,255.072113,0.0,510.183594,1.968897,,12.540656,1.254066,3e-06,2.126072,9.0,10.0,9.118178,0.0,9.118178,90.881822,68.830793,0.453773,3.582029,0.0,0.0
2026-08-29 05:33:17,4260.07,163327,816,448.5477,465.7555,38.3,87.894386,0.0,175.828125,1.967726,,6.819897,0.68199,2e-06,2.530998,9.0,10.0,4.316453,0.0,4.316453,95.683547,72.958366,0.514012,3.582029,0.0,0.0
2026-08-29 05:33:30,4273.39,163839,819,423.055,468.0036,38.3,85.770622,0.0,171.580627,1.969115,,6.09653,0.609653,4e-06,1.907288,7.0,10.0,2.281265,0.0,2.281265,97.718735,74.478056,0.551185,3.582029,0.0,0.0
2026-08-29 05:33:44,4286.74,164351,821,843.6468,471.2997,38.3,332.037384,-0.0,664.114136,1.96876,,12.328593,1.232859,4e-06,1.768685,7.0,10.0,2.546464,0.0,2.546464,97.453536,73.877749,0.479215,3.582029,0.0,0.0
2026-08-29 05:33:57,4300.22,164863,824,308.272,469.1809,38.3,63.762867,-0.0,127.565063,1.966482,,8.165998,0.8166,1e-06,3.722114,10.0,10.0,16.578541,0.0,16.578541,83.421459,62.189289,0.527247,3.582029,0.0,0.0
2026-08-29 05:34:10,4313.45,165375,826,585.3449,468.842,38.3,146.125702,0.0,292.290802,1.970174,,7.875942,0.787594,4e-06,1.534021,6.0,9.0,0.45141,0.0,0.45141,99.54859,76.536959,0.495697,3.582029,0.0,0.0
2026-08-29 05:34:24,4326.72,165887,829,425.5152,468.6073,38.3,93.090675,-0.0,186.220734,1.968782,,6.951054,0.695105,4e-06,1.809695,7.0,10.0,5.689244,0.0,5.689244,94.310756,70.345229,0.528817,3.582029,0.0,0.0
2026-08-29 05:34:37,4340.06,166399,832,87.6655,464.6133,38.3,35.267124,-0.0,70.573586,1.966778,,6.339749,0.633975,1e-06,4.125689,10.0,10.0,22.012313,0.0,22.012313,77.987687,58.117929,0.493866,3.582029,0.0,0.0
2026-08-29 05:34:50,4353.36,166911,834,301.7815,465.5182,38.3,63.225845,0.0,126.491142,1.972711,,5.593968,0.559397,2e-06,3.000079,9.0,10.0,7.316169,0.0,7.316169,92.683831,70.012825,0.533139,3.582029,0.0,0.0
2026-08-29 05:35:04,4366.65,167423,837,528.769,469.9686,38.3,104.416153,0.0,208.87178,1.973843,,8.110692,0.811069,1e-06,2.511773,9.0,10.0,4.597873,0.0,4.597873,95.402127,71.611718,0.464816,3.582029,0.0,0.0
2026-08-29 05:35:17,4380.06,167935,839,593.0931,476.4702,38.3,299.824249,0.0,599.687927,1.971315,,10.803062,1.080306,2e-06,2.392685,10.0,10.0,11.721214,0.0,11.721214,88.278786,66.205449,0.453323,3.582029,0.0,0.0
2026-08-29 05:35:30,4393.35,168447,842,550.3011,480.8308,38.3,152.055588,0.0,304.150635,1.973007,,9.394847,0.939485,2e-06,2.047675,8.0,10.0,8.554687,0.0,8.554687,91.445313,69.923149,0.426609,3.582029,0.0,0.0
2026-08-29 05:35:44,4406.68,168959,844,588.8752,482.9402,38.3,146.644913,-0.0,293.329376,1.977277,,9.05894,0.905894,2e-06,2.632071,9.0,10.0,4.84336,0.0,4.84336,95.15664,71.902905,0.470041,3.582029,0.0,0.0
2026-08-29 05:35:57,4420.04,169471,847,492.3448,483.8136,38.3,98.626076,0.0,197.291733,1.978941,,8.176575,0.817657,3e-06,2.669584,9.0,10.0,7.365349,0.0,7.365349,92.634651,69.972034,0.474647,3.582029,0.0,0.0
2026-08-29 05:36:10,4433.46,169983,849,428.5976,486.3381,38.3,65.236984,0.0,130.513626,1.982976,,5.815864,0.581586,3e-06,2.051676,8.0,10.0,0.983247,0.0,0.983247,99.016753,75.750656,0.522303,3.582029,0.0,0.0
2026-08-29 05:36:24,4446.88,170495,852,201.6875,484.2328,38.3,100.703552,-0.0,201.446762,1.982927,,5.513817,0.551382,2e-06,2.714835,9.0,10.0,12.353511,0.0,12.353511,87.646489,65.443424,0.499716,3.582029,0.0,0.0
2026-08-29 05:36:37,4460.29,171007,855,845.2308,488.2316,38.3,322.893982,0.0,645.827637,1.984752,,12.027985,1.202799,3e-06,2.198391,8.0,10.0,2.098601,0.0,2.098601,97.901399,74.590755,0.459964,3.582029,0.0,0.0
2026-08-29 05:36:51,4473.82,171519,857,830.3505,491.2734,38.3,295.943176,0.0,591.925964,1.982051,,12.501382,1.250138,2e-06,2.933035,9.0,10.0,5.432647,0.0,5.432647,94.567353,71.229965,0.493765,3.582029,0.0,0.0
2026-08-29 05:37:04,4487.16,172031,860,987.75,495.7468,38.3,449.252197,0.0,898.544128,1.985934,,14.081671,1.408167,4e-06,1.505782,6.0,10.0,1.360932,0.0,1.360932,98.639068,74.37779,0.500331,3.582029,0.0,0.0
2026-08-29 05:37:17,4500.48,172543,862,932.4797,500.9583,38.3,380.61853,0.0,761.276794,1.987547,,13.490795,1.349079,4e-06,1.840747,7.0,10.0,1.998381,0.0,1.998381,98.001619,74.340292,0.487747,3.582029,0.0,0.0
2026-08-29 05:37:31,4513.92,173055,865,578.8172,502.5346,38.3,131.987503,0.0,264.014801,1.990199,,9.221652,0.922165,3e-06,2.275966,9.0,10.0,6.219166,0.0,6.219166,93.780834,70.50854,0.495613,3.582029,0.0,0.0
2026-08-29 05:37:44,4527.27,173567,867,362.6422,498.4793,38.3,54.280357,-0.0,108.60054,1.9911,,5.995422,0.599542,3e-06,2.300396,9.0,10.0,5.512641,0.0,5.512641,94.487359,72.088253,0.518476,3.582029,0.0,0.0
2026-08-29 05:37:57,4540.56,174079,870,286.9817,493.9864,38.3,33.348248,0.0,66.736351,1.99275,,5.820661,0.582066,1e-06,3.051909,10.0,10.0,8.718461,0.0,8.718461,91.281539,67.864157,0.535937,3.582029,0.0,0.0
2026-08-29 05:38:11,4553.81,174591,872,194.9804,489.1021,38.3,14.469389,0.0,28.978743,1.998274,,3.878022,0.387802,2e-06,2.604542,10.0,10.0,6.055397,0.0,6.055397,93.944603,70.620259,0.619975,3.582029,0.0,0.0
2026-08-29 05:38:24,4567.03,175103,875,448.9113,489.3781,38.3,70.15519,0.0,140.350388,2.000477,,6.957487,0.695749,4e-06,1.960843,9.0,10.0,4.411698,0.0,4.411698,95.588302,72.323498,0.521052,3.245088,0.0,0.0
2026-08-29 05:38:37,4580.32,175615,878,602.9233,490.7048,38.3,140.571198,0.0,281.182526,2.006899,,9.052981,0.905298,2e-06,2.674488,9.0,10.0,5.251671,0.0,5.251671,94.748329,72.042597,0.432677,3.245088,0.0,0.0
2026-08-29 05:38:51,4593.64,176127,880,556.7721,492.0288,38.3,138.945541,0.0,277.931244,2.007837,,8.694708,0.869471,3e-06,1.902118,8.0,10.0,5.648713,0.0,5.648713,94.351287,71.897727,0.435866,3.245088,0.0,0.0
2026-08-29 05:39:04,4607.04,176639,883,760.4394,493.8753,38.3,230.799179,0.0,461.63858,2.011165,,11.265221,1.126522,2e-06,2.347336,9.0,10.0,5.248506,0.0,5.248506,94.751494,71.571061,0.437327,3.245088,0.0,0.0
2026-08-29 05:39:17,4620.47,177151,885,590.6181,494.6619,38.3,130.107239,0.0,260.25473,2.01253,,9.063468,0.906347,2e-06,2.131977,9.0,10.0,5.615833,0.0,5.615833,94.384167,71.720253,0.416554,3.245088,0.0,0.0
2026-08-29 05:39:31,4633.79,177663,888,594.0669,494.7584,38.3,132.103073,-0.0,264.24649,2.017348,,8.20853,0.820853,3e-06,1.923654,7.0,10.0,1.544811,0.0,1.544811,98.455189,74.752044,0.451005,3.245088,0.0,0.0
2026-08-29 05:39:44,4647.2,178175,890,435.5974,494.8454,38.3,158.279205,0.0,316.598694,2.013836,,9.742949,0.974295,1e-06,3.792314,10.0,10.0,18.41497,0.0,18.41497,81.58503,60.783438,0.463871,3.245088,0.0,0.0
2026-08-29 05:39:57,4660.55,178687,893,533.2732,495.7084,38.3,219.84259,0.0,439.725586,2.020205,,9.044332,0.904433,2e-06,2.535887,10.0,10.0,8.72023,0.0,8.72023,91.27977,68.103627,0.526788,3.245088,0.0,0.0
2026-08-29 05:40:11,4674.07,179199,896,407.6884,492.6792,38.3,77.724152,-0.0,155.488708,2.020046,,9.290281,0.929028,1e-06,4.287049,10.0,10.0,17.976474,0.0,17.976474,82.023526,61.414239,0.476357,3.245088,0.0,0.0
2026-08-29 05:40:24,4687.36,179711,898,856.238,496.7084,38.3,288.775513,-0.0,577.591553,2.026007,,11.48402,1.148402,4e-06,1.001613,4.0,7.0,0.057284,0.0,0.057284,99.942716,75.628254,0.421033,3.245088,0.0,0.0
2026-08-29 05:40:38,4700.64,180223,901,653.0781,498.8791,38.3,189.01767,0.0,378.075897,2.027898,,9.244259,0.924426,3e-06,1.761001,7.0,10.0,1.703864,0.0,1.703864,98.296136,74.837065,0.458367,3.245088,0.0,0.0
2026-08-29 05:40:51,4714.07,180735,903,497.8216,500.7628,38.3,96.148735,0.0,192.338043,2.028421,,8.570348,0.857035,2e-06,3.14321,10.0,10.0,9.627514,0.0,9.627514,90.372486,68.982356,0.474092,3.245088,0.0,0.0
2026-08-29 05:41:04,4727.39,181247,906,401.7219,499.6858,38.3,58.658077,-0.0,117.356789,2.031701,,7.576728,0.757673,1e-06,3.319465,10.0,10.0,10.917031,0.0,10.917031,89.082969,66.624937,0.480658,3.245088,0.0,0.0
2026-08-29 05:41:18,4740.67,181759,908,526.5412,496.8786,38.3,113.810875,0.0,227.662506,2.037771,,8.838735,0.883873,2e-06,2.392548,9.0,10.0,8.074388,0.0,8.074388,91.925612,69.549306,0.459906,3.245088,0.0,0.0
2026-08-29 05:41:31,4753.89,182271,911,565.4035,496.8696,38.3,145.367065,0.0,290.774963,2.040936,,9.04653,0.904653,4e-06,1.553847,7.0,10.0,6.603484,0.0,6.603484,93.396516,70.649943,0.47409,3.245088,0.0,0.0
2026-08-29 05:41:44,4767.28,182783,913,363.8473,495.8791,38.3,91.254608,0.0,182.550125,2.045334,,6.436589,0.643659,2e-06,2.478281,10.0,10.0,8.104244,0.0,8.104244,91.895756,69.909607,0.507488,3.245088,0.0,0.0
2026-08-29 05:41:58,4780.71,183295,916,260.0642,495.0452,38.3,31.163738,0.0,62.368488,2.050532,,5.449921,0.544992,1e-06,2.89899,10.0,10.0,9.513093,0.0,9.513093,90.486907,67.968023,0.536034,3.245088,0.0,0.0
2026-08-29 05:42:11,4794.06,183807,919,619.245,494.9666,38.3,151.888031,0.0,303.8172,2.057181,,8.865052,0.886505,3e-06,1.688021,8.0,10.0,3.096086,0.0,3.096086,96.903914,73.816994,0.437578,3.245088,0.0,0.0
2026-08-29 05:42:24,4807.41,184319,921,357.7389,491.9458,38.3,93.154358,0.0,186.34996,2.062015,,6.907882,0.690788,2e-06,2.287974,10.0,10.0,10.278296,0.0,10.278296,89.721704,67.590094,0.447069,3.245088,0.0,0.0
2026-08-29 05:42:38,4820.77,184831,924,603.4582,490.7605,38.3,172.264969,0.0,344.57132,2.068377,,9.794766,0.979477,2e-06,2.183315,9.0,10.0,7.846737,0.0,7.846737,92.153263,68.980728,0.478408,3.245088,0.0,0.0
2026-08-29 05:42:51,4834.2,185343,926,239.2765,487.8656,38.3,58.646275,0.0,117.333939,2.069364,,6.416542,0.641654,1e-06,3.49983,10.0,10.0,15.736922,0.0,15.736922,84.263078,63.252069,0.474619,3.245088,0.0,0.0
2026-08-29 05:43:04,4847.58,185855,929,373.6735,491.4582,38.3,72.69928,0.0,145.440109,2.077317,,7.351504,0.73515,2e-06,2.085908,9.0,10.0,10.845393,0.0,10.845393,89.154607,66.289793,0.472207,3.245088,0.0,0.0
2026-08-29 05:43:18,4861.07,186367,931,324.9272,490.3619,38.3,53.77829,0.0,107.598145,2.07828,,8.484102,0.84841,0.0,3.020587,10.0,10.0,19.88049,0.0,19.88049,80.11951,59.405959,0.424193,3.245088,0.0,0.0
2026-08-29 05:43:31,4874.45,186879,934,693.7671,493.0235,38.3,176.552582,-0.0,353.146881,2.08567,,11.05211,1.105211,4e-06,1.744446,9.0,10.0,8.149854,0.0,8.149854,91.850146,69.370393,0.434049,3.245088,0.0,0.0
2026-08-29 05:43:45,4887.91,187391,936,362.1182,491.4181,38.3,111.980103,-0.0,224.001999,2.089884,,6.883544,0.688354,2e-06,3.36601,10.0,10.0,10.165146,0.0,10.165146,89.834854,67.780828,0.499048,3.245088,0.0,0.0
2026-08-29 05:43:58,4901.37,187903,939,-14.4074,485.7391,38.3,43.376129,-0.0,86.794174,2.095845,,3.005444,0.300544,1e-06,3.6102,10.0,10.0,15.324411,0.0,15.324411,84.675589,63.22412,0.597001,3.229218,0.0,0.0
2026-08-29 05:44:12,4914.66,188415,942,656.8382,485.2549,38.3,180.142929,0.0,360.32785,2.099706,,8.961668,0.896167,3e-06,1.5802,7.0,10.0,0.844083,0.0,0.844083,99.155917,74.503558,0.46848,3.229218,0.0,0.0
2026-08-29 05:44:25,4927.97,188927,944,389.2823,486.3092,38.3,65.715477,0.0,131.472946,2.099981,,8.517478,0.851748,1e-06,3.726305,10.0,10.0,16.02445,0.0,16.02445,83.97555,62.701259,0.481711,3.229218,0.0,0.0
2026-08-29 05:44:38,4941.15,189439,947,514.802,488.7342,38.3,130.50502,-0.0,261.052246,2.110678,,7.710996,0.7711,3e-06,1.535587,7.0,10.0,4.404378,0.0,4.404378,95.595622,72.105743,0.467717,3.229218,0.0,0.0
2026-08-29 05:44:51,4954.49,189951,949,673.955,485.6599,38.3,232.334976,0.0,464.712158,2.11052,,12.03801,1.203801,2e-06,2.589005,10.0,10.0,13.112383,0.0,13.112383,86.887617,65.751636,0.477378,3.229218,0.0,0.0
2026-08-29 05:45:05,4967.74,190463,952,871.6964,489.9499,38.3,325.230743,0.0,650.503845,2.116722,,13.484783,1.348478,2e-06,2.104969,9.0,10.0,6.998228,0.0,6.998228,93.001772,69.748146,0.492071,3.229218,0.0,0.0
2026-08-29 05:45:18,4980.97,190975,954,731.559,496.6376,38.3,225.165085,0.0,450.372559,2.119789,,11.47055,1.147055,2e-06,2.362704,10.0,10.0,7.385945,0.0,7.385945,92.614055,70.50724,0.480777,3.229218,0.0,0.0
2026-08-29 05:45:31,4994.41,191487,957,317.534,497.6162,38.3,57.3937,-0.0,114.829933,2.126807,,6.491402,0.64914,2e-06,2.781428,10.0,10.0,10.711556,0.0,10.711556,89.288444,66.426986,0.530834,3.229218,0.0,0.0
2026-08-29 05:45:45,5007.8,191999,960,472.6167,502.9247,38.3,133.141418,0.0,266.325439,2.13016,,8.94514,0.894514,1e-06,2.270368,10.0,10.0,12.163209,0.0,12.163209,87.836791,66.122502,0.419372,3.229218,0.0,0.0
2026-08-29 05:45:58,5021.15,192511,962,445.5594,503.2125,38.3,76.669746,0.0,153.382187,2.13471,,9.27095,0.927095,1e-06,2.551338,10.0,10.0,15.953466,0.0,15.953466,84.046534,62.974768,0.452607,3.229218,0.0,0.0
2026-08-29 05:46:11,5034.57,193023,965,345.3814,503.9351,38.3,175.096848,-0.0,350.23642,2.136966,,8.801401,0.88014,2e-06,2.825427,10.0,10.0,18.605344,0.0,18.605344,81.394656,61.419188,0.472494,3.229218,0.0,0.0
2026-08-29 05:46:25,5048.01,193535,967,534.9426,503.1965,38.3,123.408943,0.0,246.860641,2.137901,,9.589549,0.958955,2e-06,2.728238,10.0,10.0,11.318845,0.0,11.318845,88.681155,67.192525,0.46044,3.229218,0.0,0.0
2026-08-29 05:46:38,5061.42,194047,970,368.2271,500.7519,38.3,41.929153,0.0,83.901138,2.141406,,6.968946,0.696895,1e-06,2.158552,9.0,10.0,10.067447,0.0,10.067447,89.932553,67.65524,0.473187,3.229218,0.0,0.0
2026-08-29 05:46:52,5074.8,194559,972,293.6942,493.7154,38.3,49.432343,0.0,98.907585,2.145046,,5.785729,0.578573,3e-06,1.634727,10.0,10.0,8.710917,0.0,8.710917,91.289083,69.174843,0.5585,3.229218,0.0,0.0
2026-08-29 05:47:05,5088.27,195071,975,77.2169,485.264,38.3,70.458923,0.0,140.960739,2.144615,,5.621095,0.56211,2e-06,2.922648,10.0,10.0,21.647145,0.0,21.647145,78.352855,58.410853,0.515951,3.229218,0.0,0.0
2026-08-29 05:47:19,5101.74,195583,977,458.2973,485.4622,38.3,86.022362,-0.0,172.087677,2.147599,,6.641524,0.664152,3e-06,1.623597,8.0,10.0,2.620851,0.0,2.620851,97.379149,73.839836,0.538577,3.229218,0.0,0.0
2026-08-29 05:47:32,5115.22,196095,980,387.5109,485.5316,38.3,65.293755,0.0,130.630447,2.146692,,6.790032,0.679003,2e-06,2.609478,10.0,10.0,7.620065,0.0,7.620065,92.379935,69.401337,0.537796,3.229218,0.0,0.0
2026-08-29 05:47:45,5128.41,196607,983,531.9397,487.4045,38.3,114.165573,0.0,228.3741,2.147686,,7.803057,0.780306,4e-06,1.419952,7.0,10.0,3.367943,0.0,3.367943,96.632057,73.2305,0.479054,3.229218,0.0,0.0
2026-08-29 05:47:59,5141.71,197119,985,276.8804,485.2415,38.3,92.313347,0.0,184.669617,2.145886,,6.665705,0.666571,1e-06,2.950629,10.0,10.0,13.96663,0.0,13.96663,86.03337,64.134851,0.509271,3.229218,0.0,0.0
2026-08-29 05:48:12,5155.0,197631,988,229.0184,487.339,38.3,73.274307,-0.0,146.591553,2.146719,,6.813859,0.681386,1e-06,3.218439,10.0,10.0,17.954182,0.0,17.954182,82.045818,61.432705,0.51392,3.229218,0.0,0.0
2026-08-29 05:48:25,5168.27,198143,990,200.5662,487.2698,38.3,39.819321,-0.0,79.681473,2.141567,,4.74042,0.474042,2e-06,2.412443,10.0,10.0,9.922956,0.0,9.922956,90.077044,68.134592,0.558268,3.229218,0.0,0.0
2026-08-29 05:48:39,5181.61,198655,993,294.2102,485.4596,38.3,38.423477,0.0,76.889687,2.136549,,6.111848,0.611185,2e-06,3.068694,10.0,10.0,11.145364,0.0,11.145364,88.854636,66.649361,0.500628,3.229218,0.0,0.0
2026-08-29 05:48:52,5194.94,199167,995,471.2209,485.1237,38.3,115.199158,0.0,230.440964,2.132063,,7.78813,0.778813,3e-06,1.636456,7.0,10.0,6.95959,0.0,6.95959,93.04041,70.589916,0.49782,3.229218,0.0,0.0
2026-08-29 05:49:05,5208.28,199679,998,611.2016,486.8729,38.3,131.386063,-0.0,262.814636,2.124919,,10.262893,1.026289,2e-06,2.063401,10.0,10.0,9.559661,0.0,9.559661,90.440339,68.337979,0.445958,3.229218,0.0,0.0
2026-08-29 05:49:19,5221.62,200191,1000,580.0239,490.7978,38.3,164.031693,-0.0,328.105804,2.121443,,10.211708,1.021171,2e-06,2.008457,9.0,10.0,10.927551,0.0,10.927551,89.072449,67.170654,0.417892,3.495994,0.0,0.0
2026-08-29 05:49:32,5234.83,200703,1003,874.6597,495.2857,38.3,321.494385,0.0,643.031189,2.120614,,13.028269,1.302827,4e-06,1.132772,5.0,10.0,4.62943,0.0,4.62943,95.37057,72.84929,0.458488,3.495994,0.0,0.0
2026-08-29 05:49:45,5248.24,201215,1006,825.0908,499.4334,38.3,259.097595,-0.0,518.237488,2.115686,,12.243685,1.224369,3e-06,1.898718,9.0,10.0,4.770275,0.0,4.770275,95.229725,72.061178,0.447669,3.495994,0.0,0.0
2026-08-29 05:49:58,5261.55,201727,1008,605.8707,498.4875,38.3,200.766586,-0.0,401.575439,2.113,,10.328916,1.032892,2e-06,1.951361,10.0,10.0,8.628529,0.0,8.628529,91.371471,68.803441,0.457659,3.495994,0.0,0.0
2026-08-29 05:50:12,5274.96,202239,1011,254.383,499.4902,38.3,115.279785,0.0,230.601761,2.109863,,7.206996,0.7207,2e-06,2.441112,10.0,10.0,16.166418,0.0,16.166418,83.833582,62.683135,0.490117,3.495994,0.0,0.0
2026-08-29 05:50:25,5288.38,202751,1013,691.9965,503.2355,38.3,229.268478,0.0,458.579193,2.111705,,10.161939,1.016194,3e-06,1.723757,8.0,10.0,3.416462,0.0,3.416462,96.583538,73.495737,0.504333,3.495994,0.0,0.0
2026-08-29 05:50:39,5301.73,203263,1016,350.48,504.6643,38.3,70.710846,-0.0,141.463867,2.108855,,8.037199,0.80372,1e-06,2.4072,10.0,10.0,14.138644,0.0,14.138644,85.861356,64.498159,0.481059,3.495994,0.0,0.0
2026-08-29 05:50:52,5315.13,203775,1018,484.4204,507.0166,38.3,139.928802,-0.0,279.899902,2.114358,,9.220989,0.922099,2e-06,3.08066,10.0,10.0,11.965038,0.0,11.965038,88.034962,66.37146,0.496347,3.495994,0.0,0.0
2026-08-29 05:51:05,5328.36,204287,1021,804.715,511.0897,38.3,299.348145,0.0,598.738708,2.119585,,11.780797,1.17808,3e-06,1.92601,9.0,10.0,3.331168,0.0,3.331168,96.668832,73.510473,0.476275,3.495994,0.0,0.0
2026-08-29 05:51:19,5341.7,204799,1024,845.5967,514.7509,38.3,281.265198,0.0,562.572815,2.119721,,14.10532,1.410532,1e-06,2.711063,10.0,10.0,9.473911,0.0,9.473911,90.526089,68.554608,0.454983,3.495994,0.0,0.0
2026-08-29 05:51:32,5354.92,205311,1026,665.9642,517.94,38.3,206.289658,0.0,412.621796,2.124442,,10.678572,1.067857,3e-06,1.899441,9.0,10.0,7.726959,0.0,7.726959,92.273041,69.696619,0.433302,3.495994,0.0,0.0
2026-08-29 05:51:45,5368.18,205823,1029,688.1735,516.7128,38.3,188.387909,-0.0,376.81842,2.129531,,9.431552,0.943155,5e-06,1.270079,5.0,9.0,0.926101,0.0,0.926101,99.073899,74.944324,0.438007,3.495994,0.0,0.0
2026-08-29 05:51:58,5381.54,206335,1031,379.3439,513.5396,38.3,105.815414,0.0,211.673447,2.130714,,8.504939,0.850494,2e-06,2.600556,10.0,10.0,14.498622,0.0,14.498622,85.501378,64.28075,0.530426,3.495994,0.0,0.0
2026-08-29 05:52:12,5394.9,206847,1034,644.0669,515.8095,38.3,168.76265,0.0,337.567963,2.1329,,10.321087,1.032109,1e-06,2.873839,10.0,10.0,6.820827,0.0,6.820827,93.179173,69.647287,0.470371,3.495994,0.0,0.0
2026-08-29 05:52:25,5408.32,207359,1036,677.4908,522.1076,38.3,165.592148,0.0,331.22699,2.134535,,11.05323,1.105323,2e-06,3.647534,10.0,10.0,9.300213,0.0,9.300213,90.699787,68.229588,0.476949,3.495994,0.0,0.0
2026-08-29 05:52:39,5421.68,207871,1039,532.2913,523.3452,38.3,136.700333,-0.0,273.443451,2.139058,,8.549084,0.854908,3e-06,1.890021,9.0,10.0,6.693293,0.0,6.693293,93.306707,70.918316,0.458205,3.495994,0.0,0.0
2026-08-29 05:52:52,5435.11,208383,1041,565.0239,524.9536,38.3,126.003525,-0.0,252.049881,2.14139,,8.818266,0.881827,3e-06,2.392545,9.0,10.0,5.46527,0.0,5.46527,94.53473,71.684157,0.476121,3.495994,0.0,0.0
2026-08-29 05:53:05,5448.44,208895,1044,573.6271,524.3699,38.3,172.765701,-0.0,345.57428,2.143979,,9.570297,0.95703,4e-06,1.612698,8.0,10.0,7.870601,0.0,7.870601,92.129399,70.06285,0.493357,3.495994,0.0,0.0
2026-08-29 05:53:19,5461.85,209407,1047,204.032,518.8902,38.3,118.688393,-0.0,237.419632,2.142298,,6.136246,0.613625,2e-06,2.69149,10.0,10.0,15.136081,0.0,15.136081,84.863919,63.367794,0.502398,3.495994,0.0,0.0
2026-08-29 05:53:32,5475.27,209919,1049,296.7127,516.284,38.3,32.780693,0.0,65.60408,2.134621,,5.251545,0.525155,3e-06,2.940612,10.0,10.0,6.404719,0.0,6.404719,93.595281,71.202825,0.531873,3.495994,0.0,0.0
2026-08-29 05:53:46,5488.77,210431,1052,251.0471,512.763,38.3,33.864578,0.0,67.771706,2.127352,,5.399597,0.53996,2e-06,3.207406,10.0,10.0,9.443893,0.0,9.443893,90.556107,67.843016,0.508378,3.495994,0.0,0.0
2026-08-29 05:53:59,5502.25,210943,1054,503.634,511.0672,38.3,194.052139,0.0,388.146637,2.118287,,10.318435,1.031843,2e-06,2.578658,10.0,10.0,15.412095,0.0,15.412095,84.587905,64.114187,0.461479,3.495994,0.0,0.0
2026-08-29 05:54:13,5515.61,211455,1057,732.0175,509.7414,38.3,223.568268,0.0,447.178802,2.113738,,10.963075,1.096308,2e-06,2.642053,9.0,10.0,4.411207,0.0,4.411207,95.588793,71.362457,0.485644,3.495994,0.0,0.0
2026-08-29 05:54:26,5528.88,211967,1059,484.7893,508.6397,38.3,118.258339,0.0,236.558884,2.110538,,8.42269,0.842269,2e-06,2.126484,10.0,10.0,8.488122,0.0,8.488122,91.511878,69.391125,0.462572,3.495994,0.0,0.0
2026-08-29 05:54:39,5542.04,212479,1062,505.1212,508.6168,38.3,89.847481,0.0,179.737045,2.104339,,7.75959,0.775959,2e-06,2.228719,9.0,10.0,4.672122,0.0,4.672122,95.327878,72.024828,0.492652,3.495994,0.0,0.0
2026-08-29 05:54:52,5555.19,212991,1064,641.292,507.9594,38.3,178.296188,-0.0,356.634369,2.099566,,9.470737,0.947074,3e-06,1.813917,8.0,10.0,3.320031,0.0,3.320031,96.679969,73.33123,0.510548,3.414517,0.0,0.0
2026-08-29 05:55:05,5568.45,213503,1067,357.5425,503.6927,38.3,70.386269,0.0,140.814453,2.095686,,5.769768,0.576977,2e-06,2.080914,9.0,10.0,4.722545,0.0,4.722545,95.277455,71.980924,0.600768,3.414517,0.0,0.0
2026-08-29 05:55:19,5581.78,214015,1070,507.6265,501.2272,38.3,100.376259,0.0,200.794342,2.091471,,7.001384,0.700138,4e-06,1.523055,7.0,10.0,1.285591,0.0,1.285591,98.714409,75.08185,0.541216,3.414517,0.0,0.0
2026-08-29 05:55:32,5595.16,214527,1072,217.0761,498.9124,38.3,26.507555,-0.0,53.056824,2.085625,,3.702466,0.370247,2e-06,2.465397,9.0,10.0,4.098676,0.0,4.098676,95.901324,72.165842,0.644563,3.414517,0.0,0.0
2026-08-29 05:55:45,5608.6,215039,1075,402.8923,498.7108,38.3,50.790573,0.0,101.622787,2.081986,,5.953525,0.595352,2e-06,2.751808,9.0,10.0,3.168308,0.0,3.168308,96.831692,72.908935,0.502608,3.414517,0.0,0.0
2026-08-29 05:55:59,5622.05,215551,1077,672.8485,497.0028,38.3,194.109482,0.0,388.260406,2.072688,,11.262092,1.126209,2e-06,2.636376,10.0,10.0,9.448038,0.0,9.448038,90.551962,68.419162,0.44455,3.414517,0.0,0.0
2026-08-29 05:56:12,5635.32,216063,1080,761.106,501.5312,38.3,271.851837,0.0,543.745056,2.070611,,10.926801,1.09268,6e-06,1.373707,8.0,10.0,2.127158,0.0,2.127158,97.872842,73.847263,0.4455,3.414517,0.0,0.0
2026-08-29 05:56:26,5648.68,216575,1082,577.3313,501.451,38.3,147.356918,-0.0,294.755096,2.062949,,9.555276,0.955528,2e-06,2.353452,9.0,10.0,8.253769,0.0,8.253769,91.746231,69.139828,0.445736,3.414517,0.0,0.0
2026-08-29 05:56:39,5662.06,217087,1085,674.9331,503.9452,38.3,214.13623,-0.0,428.313721,2.062232,,10.035917,1.003592,2e-06,2.571915,10.0,10.0,4.86181,0.0,4.86181,95.13819,72.133808,0.501956,3.414517,0.0,0.0
2026-08-29 05:56:52,5675.57,217599,1088,786.4831,510.9334,38.3,262.329498,0.0,524.700134,2.056178,,12.346839,1.234684,3e-06,2.197398,9.0,10.0,6.992433,0.0,6.992433,93.007567,71.019418,0.492565,3.414517,0.0,0.0
2026-08-29 05:57:06,5689.04,218111,1090,547.9012,513.3946,38.3,149.169724,0.0,298.380554,2.056106,,8.325592,0.832559,2e-06,2.468052,9.0,10.0,4.615913,0.0,4.615913,95.384087,72.162218,0.476813,3.414517,0.0,0.0
2026-08-29 05:57:19,5702.43,218623,1093,360.0847,511.7078,38.3,51.542034,0.0,103.125145,2.053771,,6.3986,0.63986,2e-06,2.775762,10.0,10.0,7.183193,0.0,7.183193,92.816807,69.632556,0.511064,3.414517,0.0,0.0
2026-08-29 05:57:33,5715.82,219135,1095,504.5764,510.8226,38.3,92.708847,0.0,185.458679,2.049183,,6.898789,0.689879,2e-06,2.689852,8.0,10.0,1.183285,0.0,1.183285,98.816715,75.092347,0.485135,3.414517,0.0,0.0
2026-08-29 05:57:46,5729.12,219647,1098,122.8514,506.5481,38.3,62.457741,0.0,124.956398,2.045666,,4.967538,0.496754,2e-06,2.049479,10.0,10.0,14.836011,0.0,14.836011,85.163989,62.884758,0.508556,3.414517,0.0,0.0
2026-08-29 05:57:59,5742.39,220159,1100,385.1924,504.5113,38.3,111.824821,-0.0,223.690536,2.04491,,7.883125,0.788312,1e-06,2.612356,10.0,10.0,12.543315,0.0,12.543315,87.456685,66.3906,0.455799,3.414517,0.0,0.0
2026-08-29 05:58:12,5755.55,220671,1103,797.7453,507.5653,38.3,272.128662,0.0,544.298279,2.048757,,11.056942,1.105694,5e-06,1.536578,7.0,10.0,1.422508,0.0,1.422508,98.577492,74.420525,0.458695,3.414517,0.0,0.0
2026-08-29 05:58:26,5768.82,221183,1105,660.2415,509.8817,38.3,162.566116,0.0,325.173218,2.049758,,9.682236,0.968224,3e-06,1.929337,9.0,10.0,4.259639,0.0,4.259639,95.740361,73.455479,0.408562,3.414517,0.0,0.0
2026-08-29 05:58:39,5782.14,221695,1108,186.791,509.7327,38.3,36.232124,-0.0,72.505302,2.052666,,6.175907,0.617591,1e-06,3.215432,10.0,10.0,17.046195,0.0,17.046195,82.953805,61.565965,0.464075,3.414517,0.0,0.0
2026-08-29 05:58:52,5795.44,222207,1111,398.7828,505.2683,38.3,114.14077,0.0,228.322617,2.053905,,7.25574,0.725574,3e-06,2.100227,10.0,10.0,8.921173,0.0,8.921173,91.078827,68.869043,0.477231,3.414517,0.0,0.0
2026-08-29 05:59:06,5808.78,222719,1113,387.5621,500.8404,38.3,46.785061,0.0,93.611229,2.055451,,6.135827,0.613583,3e-06,2.097661,9.0,10.0,4.764844,0.0,4.764844,95.235156,72.228315,0.496794,3.414517,0.0,0.0
2026-08-29 05:59:19,5822.23,223231,1116,423.1982,495.1949,38.3,68.913506,0.0,137.868118,2.055156,,6.197734,0.619773,3e-06,2.353301,9.0,10.0,3.081045,0.0,3.081045,96.918955,73.907256,0.507693,3.414517,0.0,0.0
2026-08-29 05:59:32,5835.55,223743,1118,557.3738,491.4438,38.3,159.654785,0.0,319.350647,2.054273,,9.068865,0.906886,3e-06,2.477964,10.0,10.0,8.026177,0.0,8.026177,91.973823,68.982987,0.483283,3.414517,0.0,0.0
2026-08-29 05:59:46,5848.9,224255,1121,373.7259,489.3929,38.3,88.425812,0.0,176.892731,2.055444,,6.482118,0.648212,4e-06,1.78633,9.0,10.0,7.150661,0.0,7.150661,92.849339,70.888666,0.482469,3.414517,0.0,0.0
2026-08-29 05:59:59,5862.35,224767,1123,269.2439,488.4589,38.3,21.470781,0.0,42.982735,2.058534,,4.437311,0.443731,2e-06,2.321859,9.0,10.0,4.236542,0.0,4.236542,95.763458,72.200936,0.594641,3.414517,0.0,0.0
2026-08-29 06:00:13,5875.73,225279,1126,609.6705,491.6858,38.3,154.48848,0.0,309.018127,2.058245,,9.256584,0.925658,2e-06,2.485065,9.0,10.0,6.07135,0.0,6.07135,93.92865,70.180687,0.488257,3.032036,0.0,0.0
2026-08-29 06:00:26,5889.21,225791,1128,512.9304,494.8653,38.3,105.973244,0.0,211.987595,2.055406,,9.459566,0.945957,2e-06,4.290376,10.0,10.0,13.919036,0.0,13.919036,86.080964,65.495039,0.51233,3.032036,0.0,0.0
2026-08-29 06:00:40,5902.76,226303,1131,354.1369,493.9175,38.3,74.096016,0.0,148.233185,2.057487,,7.770889,0.777089,1e-06,3.142425,10.0,10.0,15.629979,0.0,15.629979,84.370021,62.852664,0.510345,3.032036,0.0,0.0
2026-08-29 06:00:53,5916.17,226815,1134,771.7115,495.6054,38.3,276.632874,0.0,553.306946,2.060235,,11.590836,1.159084,4e-06,1.81771,9.0,10.0,5.926645,0.0,5.926645,94.073355,71.026387,0.495853,3.032036,0.0,0.0
2026-08-29 06:01:06,5929.57,227327,1136,867.4883,498.7126,38.3,335.7742,0.0,671.5896,2.060572,,12.47345,1.247345,3e-06,2.870928,9.0,10.0,3.499876,0.0,3.499876,96.500124,73.330339,0.532847,3.032036,0.0,0.0
2026-08-29 06:01:20,5942.82,227839,1139,683.0809,497.939,38.3,221.159424,0.0,442.360077,2.061232,,10.356573,1.035657,2e-06,2.818341,9.0,10.0,5.585271,0.0,5.585271,94.414729,70.795434,0.541433,3.032036,0.0,0.0
2026-08-29 06:01:33,5956.16,228351,1141,401.7422,496.0502,38.3,69.730331,0.0,139.501938,2.064106,,7.09447,0.709447,3e-06,2.241841,9.0,10.0,8.96517,0.0,8.96517,91.03483,68.681585,0.562311,3.032036,0.0,0.0
2026-08-29 06:01:46,5969.33,228863,1144,644.7835,496.5574,38.3,160.953156,0.0,321.947662,2.066911,,8.834902,0.88349,6e-06,1.439526,6.0,9.0,1.296066,0.0,1.296066,98.703934,74.847816,0.489196,3.032036,0.0,0.0
2026-08-29 06:02:00,5982.62,229375,1146,754.276,499.7442,38.3,242.668076,-0.0,485.377441,2.064989,,10.684919,1.068492,3e-06,2.45414,9.0,10.0,2.466363,0.0,2.466363,97.533637,74.150808,0.53115,3.032036,0.0,0.0
2026-08-29 06:02:13,5996.06,229887,1149,431.1785,498.7233,38.3,88.185875,0.0,176.413055,2.064936,,7.339122,0.733912,3e-06,2.876114,10.0,10.0,8.103265,0.0,8.103265,91.896735,68.408785,0.560212,3.032036,0.0,0.0
2026-08-29 06:02:26,6009.31,230399,1152,502.5721,499.6721,38.3,105.536583,0.0,211.114502,2.06673,,7.835227,0.783523,4e-06,1.776414,9.0,10.0,6.011434,0.0,6.011434,93.988566,71.880125,0.503321,3.032036,0.0,0.0
2026-08-29 06:02:40,6022.64,230911,1154,479.9226,495.9089,38.3,134.502228,-0.0,269.045807,2.067747,,8.556266,0.855627,2e-06,2.478965,10.0,10.0,10.801041,0.0,10.801041,89.198959,67.444796,0.530675,3.032036,0.0,0.0
2026-08-29 06:02:53,6035.92,231423,1157,575.1904,495.1301,38.3,144.259415,-0.0,288.560272,2.071798,,8.635157,0.863516,4e-06,2.174228,9.0,10.0,5.130155,0.0,5.130155,94.869845,71.618967,0.55865,3.032036,0.0,0.0
2026-08-29 06:03:06,6049.23,231935,1159,340.4229,493.5561,38.3,34.439625,0.0,68.920753,2.075291,,4.526481,0.452648,6e-06,1.342005,6.0,9.0,0.48024,0.0,0.48024,99.51976,75.135711,0.609151,3.032036,0.0,0.0
2026-08-29 06:03:20,6062.63,232447,1162,334.46,492.8835,38.3,47.81913,0.0,95.67981,2.077583,,6.01774,0.601774,2e-06,3.373282,10.0,10.0,8.798015,0.0,8.798015,91.201985,68.283335,0.530501,3.032036,0.0,0.0
2026-08-29 06:03:33,6076.07,232959,1164,158.2332,489.2004,38.3,30.999006,0.0,62.039684,2.083634,,4.756847,0.475685,2e-06,4.133081,10.0,10.0,13.832169,0.0,13.832169,86.167831,64.107878,0.534271,3.032036,0.0,0.0
2026-08-29 06:03:46,6089.53,233471,1167,252.2175,486.0685,38.3,47.685265,0.0,95.411987,2.073092,,5.355544,0.535554,2e-06,3.079186,10.0,10.0,10.953794,0.0,10.953794,89.046206,67.183356,0.566708,3.032036,0.0,0.0
2026-08-29 06:04:00,6102.86,233983,1169,542.1885,487.8519,38.3,116.763321,0.0,233.567734,2.054454,,7.311792,0.731179,6e-06,1.092668,4.0,8.0,0.497587,0.0,0.497587,99.502413,75.574938,0.478955,3.032036,0.0,0.0
2026-08-29 06:04:13,6116.26,234495,1172,231.3358,487.5646,38.3,54.018932,-0.0,108.07859,2.036402,,5.855817,0.585582,2e-06,3.08568,10.0,10.0,14.329519,0.0,14.329519,85.670481,63.783473,0.587212,3.032036,0.0,0.0
2026-08-29 06:04:27,6129.65,235007,1175,153.6269,482.9085,38.3,44.228561,-0.0,88.497528,2.020124,,5.145461,0.514546,1e-06,3.260128,10.0,10.0,15.812116,0.0,15.812116,84.187884,63.271691,0.565387,3.032036,0.0,0.0
2026-08-29 06:04:40,6142.96,235519,1177,530.253,484.6336,38.3,111.224792,-0.0,222.4897,2.005481,,7.150143,0.715014,4e-06,1.54539,6.0,9.0,0.804155,0.0,0.804155,99.195845,75.458127,0.515556,3.032036,0.0,0.0
2026-08-29 06:04:53,6156.21,236031,1180,520.9651,483.8087,38.3,130.478882,0.0,260.997559,1.989695,,7.923017,0.792302,4e-06,1.880013,9.0,10.0,5.314831,0.0,5.314831,94.685169,71.532837,0.49052,3.032036,0.0,0.0
2026-08-29 06:05:06,6169.45,236543,1182,589.0453,487.3064,38.3,156.322235,-0.0,312.683929,1.973379,,9.067841,0.906784,2e-06,2.476181,9.0,10.0,5.818961,0.0,5.818961,94.181039,71.342029,0.498073,3.032036,0.0,0.0
2026-08-29 06:05:20,6182.71,237055,1185,685.0645,490.4203,38.3,191.320862,-0.0,382.68103,1.96509,,9.295839,0.929584,4e-06,1.65745,7.0,10.0,1.45558,0.0,1.45558,98.54442,74.440787,0.473172,3.032036,0.0,0.0
2026-08-29 06:05:33,6195.95,237567,1187,587.7837,493.0488,38.3,139.61937,0.0,279.277771,1.952233,,9.327221,0.932722,5e-06,1.993481,9.0,10.0,7.12283,0.0,7.12283,92.87717,70.373807,0.43413,2.813091,0.0,0.0
2026-08-29 06:05:46,6209.25,238079,1190,641.6575,492.5277,38.3,174.44075,0.0,348.920349,1.942247,,9.564735,0.956473,2e-06,2.115727,9.0,10.0,4.771519,0.0,4.771519,95.228481,72.064079,0.469374,2.813091,0.0,0.0
2026-08-29 06:06:00,6222.68,238591,1192,852.5387,497.4319,38.3,305.773285,-0.0,611.585144,1.928239,,12.688684,1.268868,2e-06,2.469708,9.0,10.0,4.422912,0.0,4.422912,95.577088,72.79728,0.492766,2.813091,0.0,0.0
2026-08-29 06:06:13,6236.15,239103,1195,896.4676,506.5407,38.3,306.949005,-0.0,613.936401,1.918638,,13.233819,1.323382,3e-06,2.201575,9.0,10.0,4.743065,0.0,4.743065,95.256935,72.067412,0.464151,2.813091,0.0,0.0
2026-08-29 06:06:26,6249.59,239615,1198,581.8116,505.7904,38.3,166.73877,0.0,333.515717,1.908677,,9.675175,0.967517,1e-06,3.011786,10.0,10.0,10.173884,0.0,10.173884,89.826116,66.576866,0.466003,2.813091,0.0,0.0
2026-08-29 06:06:40,6262.98,240127,1200,324.4916,505.1425,38.3,79.613823,0.0,159.26561,1.897832,,6.337522,0.633752,2e-06,2.516868,9.0,10.0,11.097909,0.0,11.097909,88.902091,68.246427,0.470091,2.813091,0.0,0.0
2026-08-29 06:06:53,6276.34,240639,1203,789.0823,507.8853,38.3,240.601273,0.0,481.240326,1.888722,,11.083914,1.108391,3e-06,1.686506,7.0,9.0,2.208031,0.0,2.208031,97.791969,74.509213,0.417838,2.813091,0.0,0.0
2026-08-29 06:07:07,6289.76,241151,1205,920.9553,510.3553,38.3,371.659515,0.0,743.356628,1.879183,,13.191026,1.319103,6e-06,1.217059,5.0,9.0,1.225059,0.0,1.225059,98.774941,74.765609,0.450925,2.813091,0.0,0.0
2026-08-29 06:07:20,6303.13,241663,1208,593.5065,507.5734,38.3,193.023407,0.0,386.08432,1.874701,,9.455698,0.94557,2e-06,1.801201,9.0,10.0,6.691307,0.0,6.691307,93.308693,70.084242,0.516736,2.813091,0.0,0.0
2026-08-29 06:07:33,6316.43,242175,1210,841.496,508.6728,38.3,328.02356,0.0,656.084412,1.865617,,12.071779,1.207178,3e-06,1.838533,7.0,10.0,1.51453,0.0,1.51453,98.48547,75.350196,0.473615,2.813091,0.0,0.0
2026-08-29 06:07:47,6329.85,242687,1213,533.2469,510.8299,38.3,138.209351,0.0,276.455933,1.861822,,9.415933,0.941593,1e-06,3.102175,10.0,10.0,12.609121,0.0,12.609121,87.390879,65.222916,0.429141,2.813091,0.0,0.0
2026-08-29 06:08:00,6343.09,243199,1216,632.1349,512.4251,38.3,152.749847,0.0,305.536865,1.857788,,9.869887,0.986989,2e-06,2.292539,10.0,10.0,8.184013,0.0,8.184013,91.815987,69.417573,0.407281,2.813091,0.0,0.0
2026-08-29 06:08:13,6356.29,243711,1218,434.2422,512.3119,38.3,65.201263,0.0,130.43956,1.851695,,6.605633,0.660563,2e-06,2.151791,8.0,10.0,4.804281,0.0,4.804281,95.195719,72.049269,0.506199,2.813091,0.0,0.0
2026-08-29 06:08:26,6369.5,244223,1221,587.3803,514.7319,38.3,115.425316,0.0,230.887604,1.848689,,8.224951,0.822495,2e-06,1.988902,8.0,10.0,2.273392,0.0,2.273392,97.726608,74.307293,0.457448,2.813091,0.0,0.0
2026-08-29 06:08:40,6382.81,244735,1223,912.5857,518.5084,38.3,307.42041,-0.0,614.877625,1.838846,,13.49983,1.349983,2e-06,2.247977,9.0,10.0,4.131122,0.0,4.131122,95.868878,73.228375,0.416769,2.813091,0.0,0.0
2026-08-29 06:08:53,6396.05,245247,1226,798.7092,522.8132,38.3,319.512604,0.0,639.061951,1.836701,,11.68996,1.168996,4e-06,1.653539,7.0,10.0,2.348385,0.0,2.348385,97.651615,73.980185,0.487561,2.813091,0.0,0.0
2026-08-29 06:09:06,6409.37,245759,1228,571.7715,525.5939,38.3,124.155373,-0.0,248.347412,1.833509,,8.710173,0.871017,2e-06,2.168876,9.0,10.0,6.06713,0.0,6.06713,93.93287,71.822323,0.424836,2.813091,0.0,0.0
2026-08-29 06:09:20,6422.71,246271,1231,624.2409,531.0642,38.3,150.976013,-0.0,301.988617,1.830188,,8.851988,0.885199,2e-06,2.245039,8.0,10.0,2.816205,0.0,2.816205,97.183795,73.490013,0.432647,2.813091,0.0,0.0
2026-08-29 06:09:33,6436.04,246783,1233,406.5073,530.5463,38.3,71.444168,-0.0,142.924805,1.823175,,7.994382,0.799438,1e-06,3.509865,10.0,10.0,13.328898,0.0,13.328898,86.671102,65.427247,0.461922,2.813091,0.0,0.0
2026-08-29 06:09:46,6449.37,247295,1236,517.5576,531.8468,38.3,108.172836,0.0,216.38208,1.820568,,9.013127,0.901313,1e-06,2.499573,10.0,10.0,10.845177,0.0,10.845177,89.154823,66.789509,0.449394,2.813091,0.0,0.0
2026-08-29 06:10:00,6462.75,247807,1239,604.7524,532.5749,38.3,203.885727,0.0,407.807861,1.819913,,10.444624,1.044462,1e-06,2.291349,10.0,10.0,11.644551,0.0,11.644551,88.355449,66.001309,0.459276,2.813091,0.0,0.0
2026-08-29 06:10:13,6476.18,248319,1241,534.8055,535.1541,38.3,123.448021,0.0,246.932495,1.822493,,7.196756,0.719676,3e-06,1.398696,5.0,7.0,0.160859,0.0,0.160859,99.839141,75.751358,0.480081,2.813091,0.0,0.0
2026-08-29 06:10:27,6489.67,248831,1244,377.5464,536.6394,38.3,141.78595,0.0,283.608368,1.824075,,7.832845,0.783284,1e-06,3.035241,10.0,10.0,15.080241,0.0,15.080241,84.919759,63.708833,0.472733,2.813091,0.0,0.0
2026-08-29 06:10:40,6503.06,249343,1246,771.0914,542.3447,38.3,232.831116,0.0,465.698639,1.820045,,10.837022,1.083702,2e-06,2.017091,8.0,10.0,2.329118,0.0,2.329118,97.670882,74.088762,0.424186,2.813091,0.0,0.0
2026-08-29 06:10:53,6516.47,249855,1249,473.856,544.1411,38.3,69.338623,0.0,138.713593,1.817179,,7.598738,0.759874,1e-06,2.341147,9.0,10.0,6.531814,0.0,6.531814,93.468186,70.461605,0.44595,2.813091,0.0,0.0
2026-08-29 06:11:07,6529.92,250367,1251,532.3105,544.752,38.3,139.163193,-0.0,278.36264,1.812529,,8.827199,0.88272,1e-06,2.724083,9.0,10.0,8.692495,0.0,8.692495,91.307505,69.613553,0.468865,2.455296,0.0,0.0
2026-08-29 06:11:20,6543.31,250879,1254,403.557,542.6756,38.3,102.544518,0.0,205.125351,1.816073,,7.83986,0.783986,1e-06,2.673672,10.0,10.0,14.375956,0.0,14.375956,85.624044,64.973543,0.45033,2.455296,0.0,0.0
2026-08-29 06:11:33,6556.54,251391,1256,814.119,545.0165,38.3,253.870514,-0.0,507.777344,1.815552,,11.307974,1.130797,2e-06,1.750251,7.0,9.0,0.930016,0.0,0.930016,99.069984,75.799147,0.4209,2.455296,0.0,0.0
2026-08-29 06:11:47,6569.77,251903,1259,666.6208,542.9361,38.3,187.699158,-0.0,375.434662,1.817229,,9.768171,0.976817,3e-06,1.64559,7.0,10.0,4.195759,0.0,4.195759,95.804241,73.196529,0.430052,2.455296,0.0,0.0
2026-08-29 06:12:00,6583.01,252415,1262,895.735,543.6426,38.3,308.64975,0.0,617.335876,1.818742,,12.461705,1.246171,2e-06,1.605765,7.0,10.0,1.166725,0.0,1.166725,98.833275,75.274123,0.414917,2.455296,0.0,0.0
2026-08-29 06:12:13,6596.17,252927,1264,981.1318,547.3952,38.3,385.190033,0.0,770.416382,1.817102,,13.635969,1.363597,3e-06,1.483913,6.0,10.0,1.500221,0.0,1.500221,98.499779,75.472237,0.424275,2.455296,0.0,0.0
2026-08-29 06:12:26,6609.41,253439,1267,668.8935,551.5403,38.3,138.464951,0.0,276.966217,1.815847,,9.744021,0.974402,1e-06,2.555202,9.0,10.0,5.160736,0.0,5.160736,94.839264,72.042646,0.409878,2.455296,0.0,0.0
2026-08-29 06:12:40,6622.81,253951,1269,618.0275,550.8006,38.3,110.421463,0.0,220.879303,1.819009,,8.34814,0.834814,3e-06,1.520157,6.0,9.0,0.613157,0.0,0.613157,99.386843,75.525917,0.413883,2.455296,0.0,0.0
2026-08-29 06:12:53,6636.17,254463,1272,539.1746,552.6875,38.3,83.066101,0.0,166.168625,1.820892,,8.138789,0.813879,1e-06,2.582126,9.0,10.0,5.361767,0.0,5.361767,94.638233,70.403545,0.438643,2.455296,0.0,0.0
2026-08-29 06:13:07,6649.63,254975,1274,462.0865,552.4642,38.3,92.227448,-0.0,184.491272,1.818896,,8.967958,0.896796,1e-06,3.815253,10.0,10.0,15.203337,0.0,15.203337,84.796663,63.313554,0.427402,2.455296,0.0,0.0
2026-08-29 06:13:20,6663.0,255487,1277,823.2605,552.6497,38.3,290.629944,0.0,581.296387,1.824911,,11.932584,1.193258,4e-06,1.739187,8.0,10.0,3.168877,0.0,3.168877,96.831123,73.449997,0.441413,2.455296,0.0,0.0
2026-08-29 06:13:33,6676.3,255999,1280,773.4863,551.9286,38.3,252.658173,0.0,505.352936,1.829105,,11.165593,1.116559,3e-06,1.73575,7.0,10.0,2.302877,0.0,2.302877,97.697123,74.418967,0.458576,2.455296,0.0,0.0
2026-08-29 06:13:47,6689.63,256511,1282,452.1607,549.7905,38.3,79.672813,0.0,159.382233,1.830526,,6.430335,0.643033,1e-06,2.037917,8.0,10.0,2.469754,0.0,2.469754,97.530246,73.766314,0.495349,2.455296,0.0,0.0
2026-08-29 06:14:00,6702.93,257023,1285,501.2458,547.9212,38.3,72.839798,-0.0,145.716263,1.833177,,7.030973,0.703097,2e-06,2.029194,8.0,10.0,2.112699,0.0,2.112699,97.887301,74.97775,0.484098,2.455296,0.0,0.0
2026-08-29 06:14:13,6716.27,257535,1287,581.5726,549.9435,38.3,130.758621,-0.0,261.554047,1.839504,,7.694918,0.769492,5e-06,1.175165,5.0,8.0,0.247939,0.0,0.247939,99.752061,75.370944,0.453679,2.455296,0.0,0.0
2026-08-29 06:14:26,6729.55,258047,1290,319.9106,546.702,38.3,42.444633,0.0,84.926125,1.842924,,5.231973,0.523197,2e-06,2.010233,9.0,10.0,6.379399,0.0,6.379399,93.620601,70.882338,0.513603,2.455296,0.0,0.0
2026-08-29 06:14:40,6742.89,258559,1292,364.1655,543.5687,38.3,54.735203,-0.0,109.507317,1.845499,,5.830211,0.583021,1e-06,3.097895,10.0,10.0,6.672619,0.0,6.672619,93.327381,70.34987,0.487604,2.455296,0.0,0.0
2026-08-29 06:14:53,6756.16,259071,1295,443.1688,542.6775,38.3,73.109947,-0.0,146.256912,1.850995,,6.39403,0.639403,2e-06,2.52059,9.0,10.0,3.510392,0.0,3.510392,96.489608,72.169652,0.478675,2.455296,0.0,0.0
2026-08-29 06:15:06,6769.52,259583,1297,433.1949,541.3592,38.3,145.720306,0.0,291.477722,1.854743,,8.938013,0.893801,1e-06,2.744352,10.0,10.0,18.32961,0.0,18.32961,81.67039,60.905324,0.441659,2.455296,0.0,0.0
2026-08-29 06:15:20,6782.81,260095,1300,570.3758,541.3267,38.3,128.346848,0.0,256.730957,1.862737,,9.062581,0.906258,1e-06,3.215176,10.0,10.0,9.728231,0.0,9.728231,90.271769,67.362099,0.451184,2.455296,0.0,0.0
2026-08-29 06:15:33,6796.18,260607,1303,608.8487,545.3749,38.3,150.27623,0.0,300.589874,1.870225,,8.743833,0.874383,3e-06,1.894557,8.0,10.0,3.710427,0.0,3.710427,96.289573,72.636088,0.438779,2.455296,0.0,0.0
2026-08-29 06:15:47,6809.67,261119,1305,741.6007,549.8237,38.3,211.673187,0.0,423.383881,1.875753,,10.112905,1.011291,2e-06,1.756352,7.0,9.0,0.615931,0.0,0.615931,99.384069,75.711364,0.432064,2.455296,0.0,0.0
2026-08-29 06:16:00,6823.08,261631,1308,523.0405,552.5437,38.3,117.880371,-0.0,235.798386,1.882182,,8.01975,0.801975,2e-06,2.400266,8.0,10.0,6.333908,0.0,6.333908,93.666092,70.428673,0.498825,2.455296,0.0,0.0
2026-08-29 06:16:13,6836.41,262143,1310,478.348,552.2908,38.3,79.591225,-0.0,159.220123,1.884006,,7.238509,0.723851,3e-06,2.087073,8.0,10.0,5.371612,0.0,5.371612,94.628388,71.633503,0.478308,2.455296,0.0,0.0
2026-08-29 06:16:27,6849.78,262655,1313,436.7754,549.3384,38.3,91.766998,-0.0,183.571808,1.890729,,6.301125,0.630113,2e-06,2.762076,9.0,10.0,3.758559,0.0,3.758559,96.241441,72.329561,0.522633,1.979011,0.0,0.0
2026-08-29 06:16:40,6863.17,263167,1315,415.1695,548.6422,38.3,87.312126,0.0,174.66214,1.894658,,5.907881,0.590788,2e-06,2.173068,8.0,10.0,2.746207,0.0,2.746207,97.253793,73.834257,0.547732,1.979011,0.0,0.0
2026-08-29 06:16:53,6876.56,263679,1318,581.5899,549.4069,38.3,125.438103,0.0,250.914215,1.900736,,8.444641,0.844464,2e-06,2.473214,9.0,10.0,5.261856,0.0,5.261856,94.738144,71.755832,0.470333,1.979011,0.0,0.0
2026-08-29 06:17:07,6889.86,264191,1320,1234.1622,555.3356,38.3,614.780457,-0.0,1229.598999,1.901436,,17.927888,1.792789,5e-06,1.04491,4.0,6.0,0.0,0.0,0.0,100.0,75.953156,0.48667,1.979011,0.0,0.0
2026-08-29 06:17:20,6903.28,264703,1323,1177.5507,563.5357,38.3,597.745605,0.0,1195.529297,1.906395,,17.357326,1.735733,4e-06,1.479042,6.0,9.0,1.534232,0.0,1.534232,98.465768,74.550068,0.492895,1.979011,0.0,0.0
2026-08-29 06:17:34,6916.64,265215,1326,880.1858,567.2613,38.3,329.697906,0.0,659.434021,1.909407,,13.139713,1.313971,1e-06,2.585596,9.0,10.0,5.991646,0.0,5.991646,94.008354,71.29316,0.498992,1.979011,0.0,0.0
2026-08-29 06:17:47,6929.95,265727,1328,940.7767,574.4983,38.3,346.880035,-0.0,693.79834,1.912903,,13.88855,1.388855,1e-06,2.050737,9.0,10.0,5.85968,0.0,5.85968,94.14032,71.478641,0.427169,1.979011,0.0,0.0
2026-08-29 06:18:00,6943.3,266239,1331,656.4625,577.034,38.3,158.142654,-0.0,316.323639,1.916228,,10.716279,1.071628,1e-06,3.023551,10.0,10.0,12.524508,0.0,12.524508,87.475492,64.551048,0.452349,1.979011,0.0,0.0
2026-08-29 06:18:13,6956.59,266751,1333,691.9997,577.2255,38.3,207.652054,-0.0,415.342499,1.920074,,10.998423,1.099842,1e-06,2.486552,10.0,10.0,11.268821,0.0,11.268821,88.731179,66.70573,0.456039,1.979011,0.0,0.0
2026-08-29 06:18:27,6969.73,267263,1336,794.1438,577.5559,38.3,243.01358,0.0,486.065674,1.92497,,11.425359,1.142536,3e-06,1.797239,7.0,10.0,3.610457,0.0,3.610457,96.389543,73.251212,0.471189,1.979011,0.0,0.0
2026-08-29 06:18:40,6982.84,267775,1338,569.4474,577.477,38.3,111.0326,-0.0,222.103806,1.930536,,7.755486,0.775549,5e-06,1.348796,5.0,9.0,1.654743,0.0,1.654743,98.345257,75.102654,0.44099,1.979011,0.0,0.0
2026-08-29 06:18:53,6996.09,268287,1341,406.0376,574.7881,38.3,69.744225,0.0,139.527054,1.92994,,5.959247,0.595925,2e-06,2.447564,9.0,10.0,4.929513,0.0,4.929513,95.070487,70.604645,0.467154,1.979011,0.0,0.0
2026-08-29 06:19:06,7009.26,268799,1344,629.2495,573.2157,38.3,149.618271,0.0,299.275177,1.931918,,9.099883,0.909988,2e-06,1.993163,9.0,10.0,5.182841,0.0,5.182841,94.817159,71.77148,0.489147,1.979011,0.0,0.0
2026-08-29 06:19:19,7022.52,269311,1346,653.7986,574.2747,38.3,173.157074,0.0,346.352814,1.933487,,9.071311,0.907131,3e-06,1.708423,7.0,10.0,1.595379,0.0,1.595379,98.404621,74.406985,0.514787,1.979011,0.0,0.0
2026-08-29 06:19:33,7035.88,269823,1349,749.2889,578.1667,38.3,184.684586,0.0,369.407867,1.935158,,10.160312,1.016031,3e-06,1.97064,8.0,10.0,1.62951,0.0,1.62951,98.37049,73.803911,0.415846,1.979011,0.0,0.0
2026-08-29 06:19:46,7049.32,270335,1351,699.7006,580.118,38.3,197.014938,0.0,394.068634,1.938046,,9.835703,0.98357,2e-06,2.050156,9.0,10.0,3.823007,0.0,3.823007,96.176993,73.64185,0.43977,1.979011,0.0,0.0
2026-08-29 06:20:00,7062.72,270847,1354,722.3909,586.1134,38.3,234.571091,0.0,469.180969,1.939249,,10.903853,1.090385,3e-06,1.703023,8.0,10.0,5.58733,0.0,5.58733,94.41267,71.902829,0.447436,1.979011,0.0,0.0
2026-08-29 06:20:13,7076.24,271359,1356,702.8289,589.2897,38.3,194.299576,0.0,388.637939,1.939308,,10.816342,1.081634,1e-06,3.237927,10.0,10.0,10.540183,0.0,10.540183,89.459817,67.503584,0.442352,1.979011,0.0,0.0
2026-08-29 06:20:27,7089.71,271871,1359,533.8936,586.6512,38.3,115.809593,-0.0,231.658112,1.946598,,7.424761,0.742476,2e-06,2.280234,9.0,10.0,3.195353,0.0,3.195353,96.804647,73.712762,0.485542,1.979011,0.0,0.0
2026-08-29 06:20:40,7103.24,272383,1361,495.3111,585.0019,38.3,101.793236,0.0,203.625351,1.944007,,7.926742,0.792674,2e-06,3.554285,10.0,10.0,11.040791,0.0,11.040791,88.959209,66.844296,0.486209,1.979011,0.0,0.0
2026-08-29 06:20:54,7116.68,272895,1364,561.2693,588.7467,38.3,135.92038,0.0,271.8797,1.946262,,8.148481,0.814848,2e-06,2.278657,9.0,10.0,5.304312,0.0,5.304312,94.695688,72.050226,0.491447,1.979011,0.0,0.0
2026-08-29 06:21:07,7130.1,273407,1367,300.7268,587.7661,38.3,34.618729,0.0,69.276398,1.946885,,4.6902,0.46902,2e-06,2.261424,9.0,10.0,5.71624,0.0,5.71624,94.28376,71.270209,0.568262,1.979011,0.0,0.0
2026-08-29 06:21:20,7143.56,273919,1369,465.5719,588.5462,38.3,70.739769,-0.0,141.518433,1.944461,,6.794945,0.679494,3e-06,2.21312,9.0,10.0,5.302878,0.0,5.302878,94.697122,71.782576,0.512941,1.979011,0.0,0.0
2026-08-29 06:21:34,7156.72,274431,1372,681.2732,591.127,38.3,190.554474,0.0,381.147736,1.938942,,9.489775,0.948977,5e-06,1.660944,7.0,10.0,2.819424,0.0,2.819424,97.180576,73.899436,0.480342,1.979011,0.0,0.0
2026-08-29 06:21:47,7169.94,274943,1374,390.7255,589.4605,38.3,42.420006,0.0,84.878754,1.937089,,5.44473,0.544473,5e-06,1.843971,8.0,10.0,2.678194,0.0,2.678194,97.321806,74.405128,0.516891,1.979011,0.0,0.0
2026-08-29 06:22:00,7183.2,275455,1377,290.7737,588.631,38.3,33.869858,-0.0,67.778442,1.93619,,4.280038,0.428004,2e-06,2.473748,9.0,10.0,5.325909,0.0,5.325909,94.674091,70.67546,0.580399,1.447548,0.0,0.0
2026-08-29 06:22:13,7196.52,275967,1379,366.7327,589.6059,38.3,51.012863,-0.0,102.064804,1.95374,,5.320815,0.532082,3e-06,2.153338,9.0,10.0,5.818065,0.0,5.818065,94.181935,71.036072,0.525001,1.447548,0.0,0.0
2026-08-29 06:22:27,7209.87,276479,1382,347.6569,586.9857,38.3,50.727512,0.0,101.494362,1.966844,,5.854725,0.585472,1e-06,3.326928,10.0,10.0,13.172694,0.0,13.172694,86.827306,64.251977,0.562681,1.447548,0.0,0.0
2026-08-29 06:22:40,7223.19,276991,1384,571.0237,587.5667,38.3,118.598289,-0.0,237.236237,1.983126,,8.225006,0.822501,3e-06,2.260518,9.0,10.0,6.158392,0.0,6.158392,93.841608,71.370223,0.472693,1.447548,0.0,0.0
2026-08-29 06:22:53,7236.52,277503,1387,559.1369,589.6167,38.3,114.333618,-0.0,228.707199,1.9982,,7.444506,0.744451,4e-06,1.305208,5.0,9.0,0.880167,0.0,0.880167,99.119833,75.395275,0.490624,1.447548,0.0,0.0
2026-08-29 06:23:07,7249.81,278015,1390,447.7234,586.3768,38.3,66.86792,0.0,133.775986,2.007026,,6.325086,0.632509,3e-06,1.910655,9.0,10.0,4.87778,0.0,4.87778,95.12222,72.712712,0.471363,1.447548,0.0,0.0
2026-08-29 06:23:20,7263.14,278527,1392,436.7865,582.0698,38.3,60.349636,0.0,120.739525,2.012807,,6.240878,0.624088,2e-06,2.2185,9.0,10.0,3.734838,0.0,3.734838,96.265162,73.691777,0.494286,1.447548,0.0,0.0
2026-08-29 06:23:33,7276.55,279039,1395,645.7474,581.6964,38.3,168.115921,0.0,336.272186,2.017702,,8.694411,0.869441,2e-06,1.806657,8.0,10.0,1.2449,0.0,1.2449,98.7551,74.214011,0.450785,1.447548,0.0,0.0
2026-08-29 06:23:47,7290.0,279551,1397,646.8547,584.1476,38.3,159.447937,0.0,318.936127,2.01304,,10.328566,1.032857,1e-06,3.582569,10.0,10.0,17.291145,0.0,17.291145,82.708855,62.238542,0.435443,1.447548,0.0,0.0
2026-08-29 06:24:00,7303.43,280063,1400,519.4154,582.8939,38.3,108.495552,-0.0,217.031418,2.016021,,9.019339,0.901934,1e-06,3.497341,10.0,10.0,21.888204,0.0,21.888204,78.111796,56.83466,0.425088,1.447548,0.0,0.0
2026-08-29 06:24:14,7316.83,280575,1402,690.128,582.2524,38.3,155.789612,0.0,311.619507,2.014579,,10.633792,1.063379,1e-06,2.691252,10.0,10.0,13.394181,0.0,13.394181,86.605819,65.272533,0.395763,1.447548,0.0,0.0
2026-08-29 06:24:27,7330.21,281087,1405,746.3627,585.4042,38.3,199.408295,0.0,398.856934,2.017001,,10.393686,1.039369,2e-06,1.878807,8.0,10.0,3.283113,0.0,3.283113,96.716887,72.645807,0.416081,1.447548,0.0,0.0
2026-08-29 06:24:40,7343.52,281599,1408,676.469,587.1432,38.3,153.064056,0.0,306.168427,2.015335,,9.307787,0.930779,2e-06,1.972027,8.0,10.0,3.066988,0.0,3.066988,96.933012,73.823767,0.431804,1.447548,0.0,0.0
2026-08-29 06:24:54,7356.83,282111,1410,602.1646,588.3656,38.3,138.13118,-0.0,276.302673,2.014987,,8.566658,0.856666,2e-06,1.515793,9.0,10.0,4.290521,0.0,4.290521,95.709479,72.741268,0.461289,1.447548,0.0,0.0
2026-08-29 06:25:07,7370.19,282623,1413,778.8482,590.4022,38.3,199.711563,0.0,399.463379,2.012267,,11.289458,1.128946,2e-06,2.169434,10.0,10.0,8.370507,0.0,8.370507,91.629493,69.014924,0.394566,1.447548,0.0,0.0
2026-08-29 06:25:20,7383.52,283135,1415,976.2127,596.7601,38.3,353.933807,-0.0,707.907715,2.006465,,14.622657,1.462266,1e-06,2.324684,9.0,10.0,4.140113,0.0,4.140113,95.859887,73.08022,0.409375,1.447548,0.0,0.0
2026-08-29 06:25:34,7396.88,283647,1418,692.5098,600.3406,38.3,161.920563,0.0,323.881287,2.007604,,10.517174,1.051717,1e-06,2.485029,10.0,10.0,9.475858,0.0,9.475858,90.524142,68.369907,0.399255,1.447548,0.0,0.0
2026-08-29 06:25:47,7410.15,284159,1420,549.5704,604.254,38.3,120.158577,-0.0,240.35733,2.008899,,7.630348,0.763035,2e-06,1.948767,9.0,10.0,4.071204,0.0,4.071204,95.928796,72.089146,0.456812,1.447548,0.0,0.0
2026-08-29 06:26:00,7423.53,284671,1423,483.7852,606.5697,38.3,100.611389,-0.0,201.262848,2.003726,,7.679393,0.767939,1e-06,1.908158,10.0,10.0,11.526508,0.0,11.526508,88.473492,67.20923,0.461887,1.447548,0.0,0.0
2026-08-29 06:26:14,7436.86,285183,1425,731.0505,608.4583,38.3,208.335785,0.0,416.711639,2.0041,,10.570768,1.057077,3e-06,1.206667,6.0,10.0,4.662453,0.0,4.662453,95.337547,73.209451,0.4125,1.447548,0.0,0.0
2026-08-29 06:26:27,7450.16,285695,1428,523.1613,611.3765,38.3,130.268311,-0.0,260.576721,2.004567,,7.385232,0.738523,2e-06,1.496055,8.0,10.0,2.004421,0.0,2.004421,97.995579,74.796363,0.493106,1.447548,0.0,0.0
2026-08-29 06:26:40,7463.49,286207,1431,524.8757,615.089,38.3,93.494453,0.0,187.028915,2.000501,,7.992274,0.799227,2e-06,2.049859,10.0,10.0,10.258111,0.0,10.258111,89.741889,68.093304,0.431864,1.447548,0.0,0.0
2026-08-29 06:26:54,7476.95,286719,1433,598.9242,615.7757,38.3,109.530144,0.0,219.100296,2.000197,,8.982111,0.898211,1e-06,2.354261,10.0,10.0,10.568301,0.0,10.568301,89.431699,67.554271,0.40377,1.447548,0.0,0.0
2026-08-29 06:27:07,7490.32,287231,1436,523.5658,615.8017,38.3,93.388306,0.0,186.81665,2.002313,,7.952961,0.795296,2e-06,1.908581,10.0,10.0,9.777482,0.0,9.777482,90.222518,67.573717,0.405698,1.447548,0.0,0.0
2026-08-29 06:27:21,7503.64,287743,1438,612.552,616.0368,38.3,123.231071,0.0,246.502243,2.005142,,8.281852,0.828185,3e-06,1.442094,9.0,10.0,2.008429,0.0,2.008429,97.991571,74.713337,0.408671,1.247945,0.0,0.0
2026-08-29 06:27:34,7517.1,288255,1441,559.9881,614.786,38.3,109.104752,0.0,218.249557,2.002483,,8.673731,0.867373,1e-06,2.04276,10.0,10.0,14.069448,0.0,14.069448,85.930552,65.356675,0.39274,1.247945,0.0,0.0
2026-08-29 06:27:47,7530.4,288767,1443,589.3257,614.8015,38.3,130.047104,-0.0,260.134338,2.006907,,8.079348,0.807935,4e-06,0.903127,4.0,10.0,2.22588,0.0,2.22588,97.77412,74.439864,0.430914,1.247945,0.0,0.0
2026-08-29 06:28:01,7543.68,289279,1446,470.6177,613.0911,38.3,56.327847,-0.0,112.6959,2.010473,,6.299482,0.629948,3e-06,1.077061,6.0,10.0,1.618241,0.0,1.618241,98.381759,74.499416,0.426997,1.247945,0.0,0.0
2026-08-29 06:28:14,7556.89,289791,1448,426.6013,608.8317,38.3,50.754776,0.0,101.54982,2.013416,,5.694307,0.569431,4e-06,1.11258,6.0,10.0,0.778803,0.0,0.778803,99.221197,75.970289,0.462695,1.247945,0.0,0.0
2026-08-29 06:28:27,7570.22,290303,1451,308.0507,602.9475,38.3,53.951874,0.0,107.944046,2.01492,,4.874399,0.48744,1e-06,2.535712,10.0,10.0,9.770059,0.0,9.770059,90.229941,67.863622,0.511375,1.247945,0.0,0.0
2026-08-29 06:28:40,7583.47,290815,1454,634.0312,603.4697,38.3,134.154221,-0.0,268.348785,2.016548,,9.380893,0.938089,1e-06,2.235216,10.0,10.0,10.762523,0.0,10.762523,89.237477,67.975273,0.392874,1.247945,0.0,0.0
2026-08-29 06:28:54,7596.7,291327,1456,747.9531,607.7043,38.3,177.961273,0.0,355.962891,2.016877,,11.094666,1.109467,1e-06,2.78767,10.0,10.0,9.862219,0.0,9.862219,90.137781,67.730495,0.404591,1.247945,0.0,0.0
2026-08-29 06:29:07,7610.1,291839,1459,918.644,608.9999,38.3,280.332733,0.0,560.705872,2.021681,,13.588019,1.358802,2e-06,1.997471,10.0,10.0,6.615804,0.0,6.615804,93.384196,71.424476,0.406664,1.247945,0.0,0.0
2026-08-29 06:29:20,7623.42,292351,1461,990.2323,609.6927,38.3,364.942383,0.0,729.925354,2.028608,,14.149454,1.414945,4e-06,0.712991,3.0,10.0,5.000293,0.0,5.000293,94.999707,72.451136,0.400633,1.247945,0.0,0.0
2026-08-29 06:29:34,7636.75,292863,1464,860.634,612.364,38.3,258.39917,0.0,516.838989,2.033893,,11.842274,1.184227,3e-06,0.932059,4.0,9.0,0.783596,0.0,0.783596,99.216404,75.812739,0.378892,1.247945,0.0,0.0
2026-08-29 06:29:47,7650.24,293375,1466,703.0153,610.9792,38.3,177.691025,-0.0,355.422699,2.031836,,10.497883,1.049788,2e-06,2.238046,10.0,10.0,11.558181,0.0,11.558181,88.441819,66.756768,0.416191,1.247945,0.0,0.0
2026-08-29 06:30:01,7663.6,293887,1469,780.0812,613.4475,38.3,195.114532,0.0,390.269928,2.043408,,10.783102,1.07831,3e-06,0.761838,3.0,5.0,0.0,0.0,0.0,100.0,76.674695,0.425418,1.247945,0.0,0.0
2026-08-29 06:30:14,7677.06,294399,1472,648.9156,613.6153,38.3,162.71196,0.0,325.464813,2.045105,,9.561913,0.956191,1e-06,1.879269,10.0,10.0,9.234598,0.0,9.234598,90.765402,68.158214,0.411153,1.247945,0.0,0.0
2026-08-29 06:30:27,7690.46,294911,1474,835.411,617.627,38.3,262.72641,-0.0,525.493774,2.048113,,11.737155,1.173716,2e-06,1.479525,8.0,10.0,3.701875,0.0,3.701875,96.298125,73.16824,0.39625,1.247945,0.0,0.0
2026-08-29 06:30:41,7703.91,295423,1477,794.787,619.7011,38.3,236.472977,0.0,472.986969,2.050974,,11.076981,1.107698,2e-06,1.499674,7.0,10.0,2.08957,0.0,2.08957,97.91043,73.624985,0.414592,1.247945,0.0,0.0
2026-08-29 06:30:54,7717.37,295935,1479,322.7765,613.803,38.3,42.855797,0.0,85.752563,2.048483,,6.358773,0.635877,1e-06,3.002674,10.0,10.0,25.146275,0.0,25.146275,74.853725,56.444007,0.467891,1.247945,0.0,0.0
2026-08-29 06:31:08,7730.68,296447,1482,592.2844,611.7387,38.3,144.570404,0.0,289.181976,2.05871,,8.278143,0.827814,2e-06,1.376418,8.0,10.0,3.63667,0.0,3.63667,96.36333,73.254477,0.443389,1.247945,0.0,0.0
2026-08-29 06:31:21,7743.95,296959,1484,598.7361,612.0084,38.3,121.899788,0.0,243.840729,2.057773,,8.094771,0.809477,3e-06,1.264186,7.0,10.0,1.420705,0.0,1.420705,98.579295,75.292924,0.408418,1.247945,0.0,0.0
2026-08-29 06:31:34,7757.34,297471,1487,588.7239,611.6532,38.3,112.507973,0.0,225.057129,2.058961,,8.217752,0.821775,2e-06,2.131691,9.0,10.0,5.458758,0.0,5.458758,94.541242,70.809999,0.396682,1.247945,0.0,0.0
2026-08-29 06:31:48,7770.6,297983,1489,657.9599,614.1678,38.3,157.363083,-0.0,314.767303,2.057307,,9.431717,0.943172,2e-06,2.278858,10.0,10.0,6.771131,0.0,6.771131,93.228869,71.039231,0.429818,1.247945,0.0,0.0
2026-08-29 06:32:01,7783.76,298495,1492,523.7283,614.2295,38.3,104.357712,0.0,208.756714,2.06426,,7.205599,0.72056,4e-06,1.387651,9.0,10.0,3.911572,0.0,3.911572,96.088428,73.046812,0.454112,1.247945,0.0,0.0
2026-08-29 06:32:14,7796.94,299007,1495,607.6739,614.2587,38.3,124.902435,0.0,249.846191,2.066142,,8.225338,0.822534,3e-06,1.27739,7.0,10.0,1.321275,0.0,1.321275,98.678725,76.085444,0.411686,1.247945,0.0,0.0
2026-08-29 06:32:27,7810.26,299519,1497,421.5018,613.1256,38.3,54.898605,-0.0,109.838501,2.064568,,6.443779,0.644378,1e-06,2.640613,10.0,10.0,10.432597,0.0,10.432597,89.567403,66.963074,0.450439,1.247945,0.0,0.0
2026-08-29 06:32:40,7823.48,300031,1500,553.7773,614.8879,38.4,125.527496,0.0,251.096298,2.065137,,8.156185,0.815618,1e-06,1.824806,10.0,10.0,10.448952,0.0,10.448952,89.551048,67.952261,0.439701,0.932841,0.0,0.0
2026-08-29 06:32:54,7836.8,300543,1502,894.7772,616.1248,38.4,347.882568,0.0,695.806458,2.067055,,12.794591,1.279459,3e-06,1.498516,8.0,10.0,4.050829,0.0,4.050829,95.949171,72.959737,0.450301,0.932841,0.0,0.0
2026-08-29 06:33:07,7850.24,301055,1505,687.0103,618.2563,38.3,168.144562,0.0,336.330505,2.069174,,9.528935,0.952894,2e-06,1.990044,9.0,10.0,2.594247,0.0,2.594247,97.405753,73.944236,0.44059,0.932841,0.0,0.0
2026-08-29 06:33:20,7863.55,301567,1507,391.1229,616.8445,38.4,49.206615,0.0,98.454697,2.073195,,5.538396,0.55384,3e-06,1.537465,9.0,10.0,5.746781,0.0,5.746781,94.253219,71.630442,0.498002,0.932841,0.0,0.0
2026-08-29 06:33:34,7876.92,302079,1510,433.546,617.1444,38.3,49.851116,0.0,99.743713,2.074212,,6.256221,0.625622,1e-06,2.617611,10.0,10.0,8.177225,0.0,8.177225,91.822775,69.361019,0.47202,0.932841,0.0,0.0
2026-08-29 06:33:47,7890.26,302591,1512,776.3337,616.7665,38.3,193.153961,0.0,386.349487,2.078395,,10.564788,1.056479,3e-06,1.480138,8.0,10.0,2.019269,0.0,2.019269,97.980731,75.209645,0.402985,0.932841,0.0,0.0
2026-08-29 06:34:01,7903.71,303103,1515,746.614,617.5664,38.3,173.674606,-0.0,347.390869,2.0834,,10.246362,1.024636,2e-06,1.842775,9.0,10.0,3.677907,0.0,3.677907,96.322093,72.757314,0.404183,0.932841,0.0,0.0
2026-08-29 06:34:14,7917.22,303615,1518,574.0065,614.3492,38.3,139.467163,0.0,278.976044,2.08591,,8.137018,0.813702,1e-06,3.64734,10.0,10.0,9.762202,0.0,9.762202,90.237798,67.954637,0.473257,0.932841,0.0,0.0
2026-08-29 06:34:28,7930.67,304127,1520,559.4808,610.1326,38.3,120.70137,0.0,241.444534,2.090012,,8.222335,0.822234,1e-06,2.127207,10.0,10.0,12.053854,0.0,12.053854,87.946146,66.294353,0.432722,0.932841,0.0,0.0
2026-08-29 06:34:41,7944.13,304639,1523,533.1259,608.775,38.3,115.172318,0.0,230.386627,2.099278,,7.188578,0.718858,4e-06,1.153812,6.0,10.0,1.60323,0.0,1.60323,98.39677,75.196593,0.470207,0.932841,0.0,0.0
2026-08-29 06:34:54,7957.49,305151,1525,543.3155,608.0279,38.3,95.877449,-0.0,191.79686,2.097952,,8.036767,0.803677,1e-06,2.467802,9.0,10.0,13.13283,0.0,13.13283,86.86717,65.910192,0.425389,0.932841,0.0,0.0
2026-08-29 06:35:08,7970.86,305663,1528,601.8058,608.6542,38.3,99.553429,0.0,199.148895,2.102197,,8.958993,0.895899,1e-06,2.712892,10.0,10.0,14.773714,0.0,14.773714,85.226286,64.543645,0.464567,0.932841,0.0,0.0
2026-08-29 06:35:21,7984.1,306175,1530,697.5522,611.0088,38.3,178.623596,0.0,357.289337,2.106586,,10.220237,1.022024,1e-06,1.715213,9.0,10.0,9.450234,0.0,9.450234,90.549766,68.858533,0.453025,0.932841,0.0,0.0
2026-08-29 06:35:34,7997.43,306687,1533,520.8544,607.9848,38.3,100.659088,-0.0,201.360382,2.110607,,7.52153,0.752153,2e-06,1.686652,9.0,10.0,10.744752,0.0,10.744752,89.255248,67.454563,0.443941,0.932841,0.0,0.0
2026-08-29 06:35:48,8010.81,307199,1536,394.8387,604.1983,38.3,74.011566,0.0,148.065353,2.111058,,6.258971,0.625897,1e-06,2.204735,10.0,10.0,16.334778,0.0,16.334778,83.665222,63.220874,0.501136,0.932841,0.0,0.0
2026-08-29 06:36:01,8024.14,307711,1538,541.0929,605.0876,38.3,121.357338,-0.0,242.756989,2.115997,,7.641501,0.76415,3e-06,1.348176,9.0,10.0,6.045488,0.0,6.045488,93.954512,71.213077,0.500835,0.932841,0.0,0.0
2026-08-29 06:36:14,8037.43,308223,1541,479.8819,604.874,38.3,81.441772,-0.0,162.925888,2.117385,,6.909459,0.690946,2e-06,1.462579,9.0,10.0,9.380103,0.0,9.380103,90.619897,68.287409,0.473239,0.932841,0.0,0.0
2026-08-29 06:36:28,8050.88,308735,1543,363.284,602.6911,38.3,34.948174,-0.0,69.938782,2.121637,,5.542885,0.554289,1e-06,2.399366,10.0,10.0,12.577808,0.0,12.577808,87.422192,65.567932,0.498685,0.932841,0.0,0.0
2026-08-29 06:36:41,8064.22,309247,1546,435.7969,603.8499,38.3,72.681786,0.0,145.406113,2.126791,,6.622169,0.662217,2e-06,2.193611,10.0,10.0,12.855228,0.0,12.855228,87.144772,65.447699,0.483925,0.932841,0.0,0.0
2026-08-29 06:36:54,8077.46,309759,1548,960.3564,609.8119,38.3,340.217773,0.0,680.47821,2.133356,,13.16194,1.316194,3e-06,1.119899,5.0,9.0,1.711956,0.0,1.711956,98.288044,74.743918,0.440806,0.932841,0.0,0.0
2026-08-29 06:37:08,8090.9,310271,1551,872.5136,614.1053,38.3,260.523315,0.0,521.089355,2.136284,,12.388332,1.238833,4e-06,1.338768,9.0,10.0,8.538343,0.0,8.538343,91.461657,69.321895,0.432177,0.932841,0.0,0.0
2026-08-29 06:37:21,8104.28,310783,1553,737.1143,617.1445,38.3,184.216599,-0.0,368.476044,2.142701,,9.970777,0.997078,4e-06,1.04037,6.0,10.0,3.244607,0.0,3.244607,96.755393,73.830219,0.424731,0.932841,0.0,0.0
2026-08-29 06:37:35,8117.71,311295,1556,471.3484,616.1542,38.3,96.982613,0.0,194.008133,2.145101,,6.696892,0.669689,2e-06,2.888898,10.0,10.0,8.616518,0.0,8.616518,91.383482,68.617114,0.550997,0.932841,0.0,0.0
2026-08-29 06:37:48,8131.04,311807,1559,613.8017,616.2038,38.3,138.014069,0.0,276.071136,2.149712,,8.472728,0.847273,2e-06,2.080337,9.0,10.0,4.537699,0.0,4.537699,95.462301,71.967476,0.493623,0.932841,0.0,0.0
2026-08-29 06:38:01,8144.31,312319,1561,517.4865,613.9626,38.3,90.078041,0.0,180.199127,2.152443,,7.667966,0.766797,3e-06,1.571102,10.0,10.0,11.97484,0.0,11.97484,88.02516,66.932095,0.463133,0.932841,0.0,0.0
2026-08-29 06:38:15,8157.65,312831,1564,720.7951,615.9402,38.3,169.782852,0.0,339.608826,2.155932,,9.899445,0.989944,3e-06,1.62177,9.0,10.0,5.877316,0.0,5.877316,94.122684,71.379972,0.451464,0.826768,0.0,0.0
2026-08-29 06:38:28,8170.9,313343,1566,740.155,618.5582,38.3,203.95343,0.0,407.950012,2.157392,,10.4811,1.04811,3e-06,2.011182,10.0,10.0,9.738791,0.0,9.738791,90.261209,68.026345,0.472468,0.826768,0.0,0.0
2026-08-29 06:38:41,8184.07,313855,1569,676.9076,620.9595,38.3,146.130432,0.0,292.304077,2.160703,,9.295163,0.929516,2e-06,1.99794,9.0,10.0,6.217596,0.0,6.217596,93.782404,70.678883,0.47813,0.826768,0.0,0.0
2026-08-29 06:38:54,8197.28,314367,1571,637.9098,623.187,38.4,124.737137,0.0,249.517532,2.162734,,8.751927,0.875193,2e-06,2.044626,8.0,10.0,5.442199,0.0,5.442199,94.557801,71.153572,0.456997,0.826768,0.0,0.0
2026-08-29 06:39:08,8210.71,314879,1574,604.5066,623.4161,38.3,115.424767,0.0,230.892822,2.164551,,8.541899,0.85419,2e-06,2.890398,10.0,10.0,11.300698,0.0,11.300698,88.699302,66.034693,0.459289,0.826768,0.0,0.0
2026-08-29 06:39:21,8224.03,315391,1576,713.3724,618.2082,38.3,208.370026,0.0,416.783417,2.167784,,10.005339,1.000534,3e-06,2.35014,10.0,10.0,9.526916,0.0,9.526916,90.473084,68.57519,0.452413,0.826768,0.0,0.0
2026-08-29 06:39:34,8237.47,315903,1579,569.5512,612.1282,38.3,122.476784,0.0,244.996979,2.170485,,7.978114,0.797811,2e-06,2.799235,10.0,10.0,8.690143,0.0,8.690143,91.309857,68.670545,0.488412,0.826768,0.0,0.0
2026-08-29 06:39:48,8250.99,316415,1582,685.3957,610.1803,38.3,184.385132,-0.0,368.81369,2.171595,,9.59198,0.959198,3e-06,2.153182,10.0,10.0,7.790772,0.0,7.790772,92.209228,69.486323,0.475365,0.826768,0.0,0.0
2026-08-29 06:40:01,8264.41,316927,1584,897.8151,609.7507,38.3,325.881348,0.0,651.806152,2.173901,,12.611816,1.261182,4e-06,1.614627,9.0,10.0,5.858298,0.0,5.858298,94.141702,71.845328,0.492887,0.826768,0.0,0.0
2026-08-29 06:40:15,8277.81,317439,1587,573.9966,608.9261,38.3,147.391617,-0.0,294.826691,2.173039,,8.768665,0.876866,1e-06,2.325035,10.0,10.0,19.861032,0.0,19.861032,80.138968,58.803692,0.473878,0.826768,0.0,0.0
2026-08-29 06:40:28,8291.24,317951,1589,501.5302,607.0214,38.3,87.076591,-0.0,174.196671,2.1745,,7.503246,0.750325,2e-06,2.854752,10.0,10.0,17.47762,0.0,17.47762,82.52238,62.686509,0.504396,0.826768,0.0,0.0
2026-08-29 06:40:42,8304.81,318463,1592,581.2577,604.8925,38.3,92.402161,0.0,184.847824,2.175341,,8.308317,0.830832,2e-06,3.353907,10.0,10.0,11.735113,0.0,11.735113,88.264887,66.555036,0.467392,0.826768,0.0,0.0
2026-08-29 06:40:55,8318.24,318975,1594,549.0601,604.6886,38.3,111.409019,0.0,222.861572,2.176641,,7.915831,0.791583,2e-06,2.213094,10.0,10.0,11.055712,0.0,11.055712,88.944288,67.191148,0.457196,0.826768,0.0,0.0
2026-08-29 06:41:08,8331.55,319487,1597,428.153,604.9098,38.3,98.47934,-0.0,197.002304,2.181113,,5.698281,0.569828,4e-06,1.122982,5.0,9.0,1.173515,0.0,1.173515,98.826485,75.763858,0.59046,0.826768,0.0,0.0
2026-08-29 06:41:22,8345.01,319999,1600,572.9867,604.3471,38.3,130.072037,0.0,260.187714,2.18159,,7.759342,0.775934,3e-06,1.82438,8.0,10.0,0.568429,0.0,0.568429,99.431571,75.917804,0.539365,0.826768,0.0,0.0
2026-08-29 06:41:35,8358.31,320511,1602,576.5021,603.5742,38.3,121.391624,0.0,242.826904,2.183086,,7.749336,0.774934,5e-06,1.220353,8.0,10.0,3.654634,0.0,3.654634,96.345366,73.13654,0.482706,0.826768,0.0,0.0
2026-08-29 06:41:48,8371.5,321023,1605,655.881,602.6401,38.3,161.986588,0.0,324.016846,2.183933,,8.926293,0.892629,4e-06,1.470979,8.0,10.0,3.993982,0.0,3.993982,96.006018,72.949274,0.475547,0.826768,0.0,0.0
2026-08-29 06:42:02,8384.66,321535,1607,517.7999,600.8211,38.3,88.958611,0.0,177.960922,2.184717,,7.342808,0.734281,4e-06,2.007987,10.0,10.0,10.414071,0.0,10.414071,89.585929,67.865919,0.497238,0.826768,0.0,0.0
2026-08-29 06:42:15,8397.92,322047,1610,715.1929,600.7491,38.3,145.980972,-0.0,292.005676,2.18596,,9.719033,0.971903,4e-06,2.189219,10.0,10.0,6.503631,0.0,6.503631,93.496369,70.892412,0.478597,0.826768,0.0,0.0
2026-08-29 06:42:28,8411.09,322559,1612,698.0313,600.7011,38.3,146.408539,0.0,292.86084,2.187367,,9.231918,0.923192,5e-06,0.786685,3.0,5.0,0.0,0.0,0.0,100.0,76.346145,0.443754,0.826768,0.0,0.0
2026-08-29 06:42:41,8424.39,323071,1615,644.1569,601.8038,38.3,131.945786,-0.0,263.935303,2.186871,,8.797805,0.87978,4e-06,1.558034,8.0,10.0,5.296801,0.0,5.296801,94.703199,71.798953,0.467566,0.826768,0.0,0.0
2026-08-29 06:42:55,8437.74,323583,1617,701.9094,603.8698,38.3,215.263641,0.0,430.571014,2.186586,,9.713313,0.971331,3e-06,1.948731,9.0,10.0,6.978375,0.0,6.978375,93.021625,71.092291,0.49263,0.826768,0.0,0.0
2026-08-29 06:43:08,8451.05,324095,1620,593.0596,604.1877,38.3,148.625671,0.0,297.295074,2.186197,,8.52591,0.852591,3e-06,2.158054,10.0,10.0,10.724779,0.0,10.724779,89.275221,66.858292,0.46388,0.826768,0.0,0.0
2026-08-29 06:43:21,8464.33,324607,1623,735.8246,608.5386,38.3,187.452698,0.0,374.949127,2.187102,,10.250938,1.025094,3e-06,1.726027,8.0,10.0,5.31805,0.0,5.31805,94.68195,71.799505,0.483034,0.826768,0.0,0.0
2026-08-29 06:43:35,8477.73,325119,1625,693.7052,610.82,38.3,190.744522,0.0,381.532776,2.186272,,9.870694,0.987069,3e-06,1.954856,10.0,10.0,12.960503,0.0,12.960503,87.039497,65.574997,0.440584,0.720448,0.0,0.0
2026-08-29 06:43:48,8491.16,325631,1628,651.7781,610.525,38.3,182.112976,0.0,364.269714,2.188225,,8.908714,0.890871,5e-06,1.610873,9.0,10.0,4.232846,0.0,4.232846,95.767154,72.009501,0.520495,0.720448,0.0,0.0
2026-08-29 06:44:02,8504.61,326143,1630,481.9928,611.4377,38.3,92.277824,0.0,184.59938,2.186385,,6.869781,0.686978,3e-06,2.699682,10.0,10.0,12.206545,0.0,12.206545,87.793455,66.052032,0.534335,0.720448,0.0,0.0
2026-08-29 06:44:15,8518.0,326655,1633,294.0191,611.4701,38.3,33.216137,0.0,66.476051,2.188819,,3.962965,0.396297,3e-06,2.241873,9.0,10.0,2.786096,0.0,2.786096,97.213904,72.683039,0.664673,0.720448,0.0,0.0
2026-08-29 06:44:28,8531.44,327167,1635,291.7674,610.7205,38.3,23.981754,-0.0,48.007362,2.192609,,4.236893,0.423689,3e-06,2.168833,10.0,10.0,9.261206,0.0,9.261206,90.738794,68.578105,0.581183,0.720448,0.0,0.0
2026-08-29 06:44:42,8544.9,327679,1638,414.353,611.3875,38.3,48.819386,0.0,97.682671,2.19481,,5.752103,0.57521,4e-06,1.648139,10.0,10.0,7.462852,0.0,7.462852,92.537148,70.446066,0.522796,0.720448,0.0,0.0
2026-08-29 06:44:55,8558.35,328191,1640,556.0452,611.2377,38.3,150.531204,-0.0,301.106293,2.193852,,8.31988,0.831988,2e-06,2.805479,10.0,10.0,17.713247,0.0,17.713247,82.286753,62.088729,0.536098,0.720448,0.0,0.0
2026-08-29 06:45:09,8571.72,328703,1643,768.1547,613.3278,38.3,211.078369,-0.0,422.200653,2.195322,,10.697179,1.069718,3e-06,2.167827,9.0,10.0,6.366674,0.0,6.366674,93.633326,71.222408,0.457923,0.720448,0.0,0.0
2026-08-29 06:45:22,8585.09,329215,1646,536.9819,614.2204,38.3,85.195404,0.0,170.434692,2.194586,,8.02704,0.802704,1e-06,2.882491,10.0,10.0,18.178151,0.0,18.178151,81.821849,60.668317,0.497686,0.720448,0.0,0.0
2026-08-29 06:45:35,8598.44,329727,1648,252.3861,612.3764,38.3,24.924591,0.0,49.893051,2.193486,,4.089036,0.408904,2e-06,3.734378,10.0,10.0,17.253787,0.0,17.253787,82.746213,61.759497,0.606136,0.720448,0.0,0.0
2026-08-29 06:45:49,8611.74,330239,1651,401.6915,609.9359,38.3,48.697788,0.0,97.439369,2.1895,,5.764089,0.576409,3e-06,2.42138,10.0,10.0,11.126715,0.0,11.126715,88.873285,66.649978,0.53781,0.720448,0.0,0.0
2026-08-29 06:46:02,8624.93,330751,1653,587.2748,609.3401,38.3,96.799515,-0.0,193.642746,2.185909,,7.85825,0.785825,4e-06,1.341276,8.0,10.0,1.599271,0.0,1.599271,98.400729,74.551477,0.485601,0.720448,0.0,0.0
2026-08-29 06:46:15,8638.23,331263,1656,681.6437,610.9624,38.3,141.072983,-0.0,282.189575,2.179773,,9.192878,0.919288,4e-06,1.670967,9.0,10.0,4.234617,0.0,4.234617,95.765383,72.157227,0.444159,0.720448,0.0,0.0
2026-08-29 06:46:28,8651.59,331775,1658,847.5479,612.5366,38.3,248.44606,0.0,496.935608,2.174001,,11.694615,1.169462,3e-06,2.154112,10.0,10.0,5.366588,0.0,5.366588,94.633412,72.254875,0.457048,0.720448,0.0,0.0
2026-08-29 06:46:42,8664.94,332287,1661,781.0611,612.8835,38.3,227.369812,0.0,454.78302,2.169514,,10.746048,1.074605,4e-06,1.600662,9.0,10.0,5.599256,0.0,5.599256,94.400744,70.740619,0.491841,0.720448,0.0,0.0
2026-08-29 06:46:55,8678.32,332799,1664,702.7462,613.1463,38.3,178.060745,-0.0,356.164764,2.163497,,9.701529,0.970153,3e-06,2.057196,9.0,10.0,8.009249,0.0,8.009249,91.990751,69.866862,0.47376,0.720448,0.0,0.0
2026-08-29 06:47:09,8691.8,333311,1666,513.3589,612.2583,38.3,119.437469,0.0,238.918091,2.157972,,7.724399,0.77244,1e-06,2.374856,10.0,10.0,17.89973,0.0,17.89973,82.10027,61.321533,0.542206,0.720448,0.0,0.0
2026-08-29 06:47:22,8705.18,333823,1669,891.2697,613.3825,38.3,327.512817,0.0,655.068726,2.155597,,12.585203,1.25852,3e-06,1.806535,9.0,10.0,2.285312,0.0,2.285312,97.714688,73.576991,0.557682,0.720448,0.0,0.0
2026-08-29 06:47:36,8718.63,334335,1671,425.4299,607.8746,38.3,52.149555,0.0,104.342117,2.150281,,6.760509,0.676051,1e-06,3.285227,10.0,10.0,25.526987,0.0,25.526987,74.473013,56.482579,0.46438,0.720448,0.0,0.0
2026-08-29 06:47:49,8732.06,334847,1674,675.3346,607.7029,38.3,142.758026,0.0,285.55899,2.147424,,9.57929,0.957929,1e-06,2.589534,10.0,10.0,14.725936,0.0,14.725936,85.274064,63.70963,0.409093,0.720448,0.0,0.0
2026-08-29 06:48:02,8745.4,335359,1676,905.2,611.2592,38.3,296.218597,0.0,592.480103,2.146646,,12.287477,1.228748,4e-06,1.490988,7.0,10.0,1.077071,0.0,1.077071,98.922929,75.603653,0.483489,0.720448,0.0,0.0
2026-08-29 06:48:16,8758.74,335871,1679,681.7292,613.2386,38.3,163.360321,-0.0,326.763519,2.144483,,9.127346,0.912735,4e-06,1.656891,8.0,10.0,2.70337,0.0,2.70337,97.29663,73.554791,0.476701,0.720448,0.0,0.0
2026-08-29 06:48:29,8772.0,336383,1681,512.2297,611.0504,38.3,91.637444,-0.0,183.317703,2.140851,,7.181856,0.718186,3e-06,2.100199,10.0,10.0,9.411259,0.0,9.411259,90.588741,68.778634,0.485335,0.720448,0.0,0.0
2026-08-29 06:48:42,8785.33,336895,1684,645.4139,612.2729,38.3,138.299744,0.0,276.642303,2.140143,,9.373831,0.937383,1e-06,2.454034,10.0,10.0,16.347348,0.0,16.347348,83.652652,62.544832,0.466525,0.720448,0.0,0.0
2026-08-29 06:48:56,8798.65,337407,1687,878.301,615.8072,38.3,271.182922,0.0,542.40863,2.139339,,12.135217,1.213522,3e-06,2.462977,10.0,10.0,6.000548,0.0,6.000548,93.999452,71.050975,0.488432,0.720448,0.0,0.0
2026-08-29 06:49:09,8811.92,337919,1689,505.1498,614.8694,38.3,93.193253,0.0,186.429276,2.138518,,7.296645,0.729664,2e-06,1.863626,10.0,10.0,10.49911,0.0,10.49911,89.50089,67.720378,0.517473,0.792383,0.0,0.0
2026-08-29 06:49:22,8825.32,338431,1692,323.3316,612.8671,38.3,44.538254,0.0,89.119301,2.139729,,4.832237,0.483224,2e-06,2.876129,10.0,10.0,12.071372,0.0,12.071372,87.928628,66.435031,0.572735,0.792383,0.0,0.0
2026-08-29 06:49:36,8838.81,338943,1694,500.8248,611.7498,38.3,94.758156,0.0,189.559113,2.139768,,7.088164,0.708816,2e-06,3.120196,10.0,10.0,6.686738,0.0,6.686738,93.313262,70.240985,0.565291,0.792383,0.0,0.0
2026-08-29 06:49:49,8852.19,339455,1697,714.2593,613.2925,38.3,184.895294,0.0,369.833344,2.138147,,10.617254,1.061725,1e-06,2.916258,10.0,10.0,14.26138,0.0,14.26138,85.73862,63.749465,0.523949,0.792383,0.0,0.0
2026-08-29 06:50:02,8865.55,339967,1699,661.1533,614.0108,38.3,163.249329,-0.0,326.541443,2.139449,,9.484262,0.948426,4e-06,1.505618,10.0,10.0,13.44191,0.0,13.44191,86.55809,66.576453,0.46714,0.792383,0.0,0.0
2026-08-29 06:50:16,8878.97,340479,1702,776.2082,617.0667,38.3,187.62793,0.0,375.298676,2.140819,,10.768136,1.076814,2e-06,1.992091,10.0,10.0,8.524112,0.0,8.524112,91.475888,68.793677,0.459641,0.792383,0.0,0.0
2026-08-29 06:50:29,8892.21,340991,1704,801.5982,620.8167,38.3,212.956772,-0.0,425.95636,2.140887,,10.826547,1.082655,5e-06,0.622587,2.0,10.0,2.513386,0.0,2.513386,97.486614,74.820534,0.410895,0.792383,0.0,0.0
2026-08-29 06:50:42,8905.59,341503,1707,556.3757,623.2999,38.3,120.535019,0.0,241.112793,2.137383,,8.35472,0.835472,1e-06,2.06133,10.0,10.0,18.956247,0.0,18.956247,81.043753,60.563429,0.462642,0.792383,0.0,0.0
2026-08-29 06:50:56,8919.04,342015,1710,649.2777,623.4524,38.3,122.235794,0.0,244.514359,2.138157,,9.138425,0.913842,2e-06,3.144111,10.0,10.0,10.891705,0.0,10.891705,89.108295,67.355983,0.458553,0.792383,0.0,0.0
2026-08-29 06:51:09,8932.49,342527,1712,526.4886,621.2378,38.3,83.753784,-0.0,167.550369,2.139673,,7.417756,0.741776,3e-06,2.057595,10.0,10.0,9.886495,0.0,9.886495,90.113505,67.986198,0.502411,0.792383,0.0,0.0
2026-08-29 06:51:23,8945.8,343039,1715,592.5236,617.9766,38.3,128.917191,-0.0,257.877197,2.140636,,8.150401,0.81504,5e-06,0.971719,7.0,10.0,1.495278,0.0,1.495278,98.504722,74.274993,0.519768,0.792383,0.0,0.0
2026-08-29 06:51:36,8959.17,343551,1717,632.5974,614.4002,38.3,132.658722,0.0,265.360199,2.137652,,8.937556,0.893756,2e-06,2.851856,10.0,10.0,10.192814,0.0,10.192814,89.807186,68.579211,0.480208,0.792383,0.0,0.0
2026-08-29 06:51:49,8972.5,344063,1720,505.5577,610.8495,38.3,73.662895,-0.0,147.368561,2.138177,,7.341158,0.734116,2e-06,2.218454,10.0,10.0,13.651293,0.0,13.651293,86.348707,65.062163,0.449644,0.792383,0.0,0.0
2026-08-29 06:52:03,8985.7,344575,1722,427.1499,608.0908,38.3,74.979919,-0.0,150.002609,2.138733,,5.738139,0.573814,3e-06,1.256433,6.0,10.0,2.742616,0.0,2.742616,97.257384,74.836113,0.524697,0.792383,0.0,0.0
2026-08-29 06:52:16,8998.86,345087,1725,513.9543,605.4295,38.3,92.633629,0.0,185.310059,2.139698,,6.745112,0.674511,4e-06,1.052291,5.0,8.0,0.200874,0.0,0.200874,99.799126,75.858849,0.482002,0.792383,0.0,0.0
2026-08-29 06:52:29,9012.05,345599,1728,399.7993,602.9384,38.3,44.724552,0.0,89.491875,2.138666,,5.560174,0.556017,3e-06,1.637983,10.0,10.0,5.810561,0.0,5.810561,94.189439,71.573578,0.521772,0.792383,0.0,0.0
2026-08-29 06:52:42,9025.31,346111,1730,467.1505,599.2558,38.3,72.164398,0.0,144.371506,2.135576,,6.758987,0.675899,2e-06,3.220657,10.0,10.0,12.72629,0.0,12.72629,87.27371,64.952976,0.507981,0.792383,0.0,0.0
2026-08-29 06:52:56,9038.64,346623,1733,764.7439,598.9553,38.3,216.913315,-0.0,433.869293,2.133324,,10.881037,1.088104,2e-06,2.964357,10.0,10.0,12.133353,0.0,12.133353,87.866647,64.821068,0.498146,0.792383,0.0,0.0
2026-08-29 06:53:09,9052.07,347135,1735,643.363,602.1612,38.3,150.544205,-0.0,301.131042,2.1318,,9.377525,0.937753,1e-06,3.236044,10.0,10.0,13.009056,0.0,13.009056,86.990944,65.775788,0.493537,0.792383,0.0,0.0
2026-08-29 06:53:22,9065.41,347647,1738,571.3793,601.9521,38.3,78.15892,-0.0,156.360519,2.134251,,7.675191,0.767519,3e-06,1.812151,9.0,10.0,3.47674,0.0,3.47674,96.52326,72.925868,0.471718,0.792383,0.0,0.0
2026-08-29 06:53:36,9078.91,348159,1740,419.3206,600.158,38.3,49.730698,-0.0,99.504044,2.13229,,6.322625,0.632262,1e-06,2.870818,10.0,10.0,15.659084,0.0,15.659084,84.340916,63.822208,0.505389,0.792383,0.0,0.0
2026-08-29 06:53:49,9092.27,348671,1743,447.953,598.7503,38.3,57.951519,-0.0,115.945656,2.130726,,6.75089,0.675089,2e-06,2.347953,10.0,10.0,16.157098,0.0,16.157098,83.842902,63.671597,0.496412,0.792383,0.0,0.0
2026-08-29 06:54:03,9105.71,349183,1745,379.6833,595.9675,38.3,62.094887,0.0,124.232338,2.128247,,6.026738,0.602674,1e-06,2.731026,10.0,10.0,20.144652,0.0,20.144652,79.855348,59.80904,0.484947,0.792383,0.0,0.0
2026-08-29 06:54:16,9119.13,349695,1748,784.0735,598.571,38.3,193.387314,-0.0,386.817108,2.124781,,10.625655,1.062565,4e-06,1.545588,9.0,10.0,2.239395,0.0,2.239395,97.760605,75.051198,0.42726,0.792383,0.0,0.0
2026-08-29 06:54:29,9132.53,350207,1751,1081.27,603.3069,38.3,422.084045,-0.0,844.210449,2.118046,,15.189193,1.518919,4e-06,1.437287,9.0,10.0,4.72835,0.0,4.72835,95.27165,72.098237,0.47912,0.939856,0.0,0.0
2026-08-29 06:54:43,9145.92,350719,1753,763.4935,606.7268,38.3,214.307236,0.0,428.656738,2.113146,,11.208999,1.1209,2e-06,2.019401,10.0,10.0,14.098866,0.0,14.098866,85.901134,65.100075,0.453024,0.939856,0.0,0.0
2026-08-29 06:54:56,9159.23,351231,1756,621.3642,607.4027,38.3,119.103508,-0.0,238.249268,2.112869,,8.135558,0.813556,5e-06,0.824209,4.0,9.0,0.210041,0.0,0.210041,99.789959,75.673292,0.467113,0.939856,0.0,0.0
2026-08-29 06:55:09,9172.54,351743,1758,745.5154,605.9101,38.3,188.462158,-0.0,376.966492,2.108993,,10.508014,1.050801,4e-06,1.061327,9.0,10.0,7.354968,0.0,7.354968,92.645032,70.670858,0.429243,0.939856,0.0,0.0
2026-08-29 06:55:23,9185.88,352255,1761,597.9278,605.0193,38.3,153.098846,0.0,306.239746,2.103159,,9.338072,0.933807,1e-06,2.696134,10.0,10.0,21.347059,0.0,21.347059,78.652941,59.328291,0.508253,0.939856,0.0,0.0
2026-08-29 06:55:36,9199.03,352767,1763,684.7122,607.9552,38.3,168.448669,0.0,336.939392,2.102877,,9.602618,0.960262,3e-06,1.374055,9.0,10.0,3.994484,0.0,3.994484,96.005516,73.701999,0.493666,0.939856,0.0,0.0
2026-08-29 06:55:49,9212.4,353279,1766,340.8145,607.0278,38.3,65.064323,-0.0,130.170654,2.100525,,6.069197,0.60692,1e-06,3.048321,10.0,10.0,22.399353,0.0,22.399353,77.600647,58.282287,0.582086,0.939856,0.0,0.0
2026-08-29 06:56:03,9225.8,353791,1768,611.6595,605.3811,38.3,157.253815,-0.0,314.549622,2.099334,,8.926285,0.892629,2e-06,2.779532,10.0,10.0,9.935783,0.0,9.935783,90.064217,68.334534,0.489146,0.939856,0.0,0.0
2026-08-29 06:56:16,9239.09,354303,1771,627.0265,604.1852,38.3,140.091721,0.0,280.225403,2.098845,,8.515915,0.851592,3e-06,1.525309,8.0,10.0,1.52279,0.0,1.52279,98.47721,75.088113,0.499828,0.939856,0.0,0.0
2026-08-29 06:56:29,9252.33,354815,1774,624.1213,604.6864,38.3,164.453384,-0.0,328.94873,2.098115,,8.565576,0.856558,7e-06,0.684306,4.0,8.0,0.33886,0.0,0.33886,99.66114,76.28109,0.48813,0.939856,0.0,0.0
2026-08-29 06:56:43,9265.71,355327,1776,473.8426,603.83,38.3,95.238144,-0.0,190.518234,2.097248,,7.50706,0.750706,1e-06,2.913585,10.0,10.0,20.429885,0.0,20.429885,79.570115,60.194094,0.461485,0.939856,0.0,0.0
2026-08-29 06:56:56,9279.06,355839,1779,563.8424,604.1372,38.3,112.794983,0.0,225.631958,2.099725,,7.598737,0.759874,3e-06,0.961625,4.0,10.0,2.804862,0.0,2.804862,97.195138,74.287386,0.440271,0.939856,0.0,0.0
2026-08-29 06:57:09,9292.45,356351,1781,599.2155,604.6962,38.3,124.327698,0.0,248.697372,2.098911,,8.746858,0.874686,2e-06,2.022157,10.0,10.0,13.582056,0.0,13.582056,86.417944,65.789281,0.422901,0.939856,0.0,0.0
2026-08-29 06:57:23,9305.91,356863,1784,645.2897,605.131,38.3,150.022156,0.0,300.086334,2.100592,,8.912595,0.891259,3e-06,1.849625,10.0,10.0,4.739685,0.0,4.739685,95.260315,71.96194,0.438296,0.939856,0.0,0.0
2026-08-29 06:57:36,9319.18,357375,1786,760.6188,605.7617,38.3,194.435852,-0.0,388.913727,2.10083,,10.381438,1.038144,3e-06,0.892887,4.0,9.0,3.391802,0.0,3.391802,96.608198,74.09591,0.404244,0.939856,0.0,0.0
2026-08-29 06:57:49,9332.56,357887,1789,812.9755,608.6829,38.3,220.797546,0.0,441.637177,2.104003,,11.083619,1.108362,2e-06,1.693696,8.0,10.0,4.375618,0.0,4.375618,95.624382,72.338246,0.436012,0.939856,0.0,0.0
2026-08-29 06:58:03,9345.9,358399,1792,586.9733,610.6042,38.3,124.267601,0.0,248.577301,2.104806,,8.336314,0.833631,2e-06,2.842191,10.0,10.0,9.237157,0.0,9.237157,90.762843,68.291605,0.462784,0.939856,0.0,0.0
2026-08-29 06:58:16,9359.21,358911,1794,465.5157,609.8484,38.3,66.209953,-0.0,132.462067,2.107754,,6.579584,0.657958,3e-06,1.674974,9.0,10.0,7.974498,0.0,7.974498,92.025502,69.920029,0.482933,0.939856,0.0,0.0
2026-08-29 06:58:29,9372.46,359423,1797,736.41,612.4137,38.3,199.17662,0.0,398.395447,2.111002,,9.677693,0.967769,4e-06,0.983907,6.0,9.0,0.169506,0.0,0.169506,99.830494,76.715212,0.439934,0.939856,0.0,0.0
2026-08-29 06:58:43,9385.82,359935,1799,555.7036,614.3379,38.3,105.223846,0.0,210.489914,2.111232,,8.382064,0.838206,2e-06,2.248094,10.0,10.0,15.03544,0.0,15.03544,84.96456,63.343445,0.404731,0.939856,0.0,0.0
2026-08-29 06:58:56,9399.17,360447,1802,275.4105,612.7341,38.3,44.628056,0.0,89.29837,2.113129,,5.167008,0.516701,1e-06,4.289724,10.0,10.0,25.524812,0.0,25.524812,74.475188,54.997688,0.534118,0.939856,0.0,0.0
2026-08-29 06:59:09,9412.43,360959,1804,748.9057,610.6196,38.3,215.09935,0.0,430.240936,2.112091,,10.482574,1.048257,3e-06,1.53228,9.0,10.0,5.281262,0.0,5.281262,94.718738,72.045538,0.449354,0.939856,0.0,0.0
2026-08-29 06:59:23,9425.78,361471,1807,679.3237,608.6877,38.3,174.243774,0.0,348.529755,2.110483,,10.174902,1.01749,2e-06,2.458605,10.0,10.0,14.891524,0.0,14.891524,85.108476,64.028947,0.522401,0.939856,0.0,0.0
2026-08-29 06:59:36,9439.07,361983,1809,430.8132,605.6246,38.3,79.070427,0.0,158.183029,2.108989,,6.229112,0.622911,3e-06,1.562312,10.0,10.0,9.626908,0.0,9.626908,90.373092,69.537617,0.507882,0.939856,0.0,0.0
2026-08-29 06:59:49,9452.33,362495,1812,353.7323,604.4485,38.3,38.084705,0.0,76.211632,2.11118,,5.15865,0.515865,2e-06,2.002054,10.0,10.0,8.783328,0.0,8.783328,91.216672,69.225072,0.517568,0.939856,0.0,0.0
2026-08-29 07:00:03,9465.73,363007,1815,563.5673,603.9461,38.3,91.138596,0.0,182.319382,2.109529,,8.21581,0.821581,2e-06,1.301688,9.0,10.0,11.677076,0.0,11.677076,88.322924,66.746449,0.421863,1.015183,0.0,0.0
2026-08-29 07:00:16,9479.17,363519,1817,522.5096,603.9964,38.3,89.692184,-0.0,179.426544,2.108475,,7.588541,0.758854,3e-06,1.269777,9.0,10.0,9.791255,0.0,9.791255,90.208745,68.137394,0.448416,1.015183,0.0,0.0
2026-08-29 07:00:29,9492.52,364031,1820,521.749,602.0059,38.3,91.262428,0.0,182.567047,2.109378,,7.407411,0.740741,3e-06,1.793001,10.0,10.0,8.731953,0.0,8.731953,91.268047,68.854269,0.461079,1.015183,0.0,0.0
2026-08-29 07:00:43,9505.8,364543,1822,749.9197,602.1036,38.3,186.295227,-0.0,372.632629,2.108534,,10.884755,1.088475,3e-06,1.175903,10.0,10.0,11.518878,0.0,11.518878,88.481122,67.056324,0.412688,1.015183,0.0,0.0
2026-08-29 07:00:56,9519.18,365055,1825,469.4993,600.0295,38.3,69.105934,-0.0,138.254089,2.111002,,6.986244,0.698624,2e-06,1.871735,10.0,10.0,11.319253,0.0,11.319253,88.680747,67.04841,0.473716,1.015183,0.0,0.0
2026-08-29 07:01:10,9532.72,365567,1827,255.345,596.2038,38.3,31.536043,-0.0,63.114361,2.113711,,4.742363,0.474236,1e-06,3.762798,10.0,10.0,21.771973,0.0,21.771973,78.228027,58.842793,0.538772,1.015183,0.0,0.0
2026-08-29 07:01:23,9546.1,366079,1830,563.4545,595.7933,38.3,100.423798,-0.0,200.890015,2.120632,,8.287926,0.828793,2e-06,2.217494,10.0,10.0,10.909209,0.0,10.909209,89.090791,67.260273,0.445911,1.015183,0.0,0.0
2026-08-29 07:01:36,9559.43,366591,1832,562.1891,594.2815,38.3,103.130264,0.0,206.303085,2.12806,,7.784731,0.778473,3e-06,1.003917,6.0,10.0,4.770099,0.0,4.770099,95.229901,72.530691,0.46154,1.015183,0.0,0.0
2026-08-29 07:01:50,9572.83,367103,1835,491.4718,593.5007,38.3,104.605011,0.0,209.252686,2.133034,,6.906195,0.69062,2e-06,2.159628,9.0,10.0,5.938468,0.0,5.938468,94.061532,70.396069,0.554074,1.015183,0.0,0.0
2026-08-29 07:02:03,9586.21,367615,1838,605.9155,592.7059,38.3,124.914223,0.0,249.871078,2.131928,,8.850432,0.885043,2e-06,1.775847,9.0,10.0,11.058774,0.0,11.058774,88.941226,66.883015,0.467715,1.015183,0.0,0.0
2026-08-29 07:02:16,9599.5,368127,1840,822.162,591.9493,38.3,240.779999,-0.0,481.602631,2.131171,,11.619321,1.161932,2e-06,3.302158,10.0,10.0,9.090732,0.0,9.090732,90.909268,68.234346,0.487015,1.015183,0.0,0.0
2026-08-29 07:02:30,9612.78,368639,1843,594.8271,592.1576,38.3,107.436829,-0.0,214.91629,2.131403,,8.759203,0.87592,1e-06,3.549895,10.0,10.0,14.372231,0.0,14.372231,85.627769,64.313683,0.441627,1.015183,0.0,0.0
2026-08-29 07:02:43,9626.04,369151,1845,522.7665,592.37,38.3,84.920471,-0.0,169.883591,2.132421,,7.190744,0.719074,3e-06,1.746429,9.0,10.0,5.142683,0.0,5.142683,94.857317,72.030215,0.463712,1.015183,0.0,0.0
2026-08-29 07:02:56,9639.34,369663,1848,628.3378,592.8408,38.3,164.606262,0.0,329.255127,2.129807,,9.155552,0.915555,2e-06,2.641761,10.0,10.0,10.738224,0.0,10.738224,89.261776,66.895888,0.511116,1.015183,0.0,0.0
2026-08-29 07:03:10,9652.72,370175,1850,660.3197,593.9534,38.3,172.162247,-0.0,344.367035,2.126649,,9.560516,0.956052,2e-06,3.049378,10.0,10.0,9.866675,0.0,9.866675,90.133325,67.962193,0.542189,1.015183,0.0,0.0
2026-08-29 07:03:23,9666.03,370687,1853,663.5823,596.3077,38.3,191.712906,0.0,383.468323,2.125987,,9.827419,0.982742,3e-06,1.809149,10.0,10.0,7.489106,0.0,7.489106,92.510894,70.509064,0.527722,1.015183,0.0,0.0
2026-08-29 07:03:36,9679.51,371199,1856,827.8185,598.856,38.3,274.270111,-0.0,548.582642,2.120053,,12.054406,1.205441,2e-06,2.984643,10.0,10.0,9.239011,0.0,9.239011,90.760989,68.965961,0.516505,1.015183,0.0,0.0
2026-08-29 07:03:50,9692.8,371711,1858,659.3534,599.6845,38.3,177.700348,0.0,355.443115,2.12034,,9.097766,0.909777,5e-06,1.333234,9.0,10.0,3.234519,0.0,3.234519,96.765481,73.867345,0.575318,1.015183,0.0,0.0
2026-08-29 07:04:03,9706.13,372223,1861,451.6572,597.6423,38.3,81.537666,-0.0,163.117676,2.116839,,6.255074,0.625507,5e-06,1.220899,8.0,10.0,4.701353,0.0,4.701353,95.298647,72.609472,0.538857,1.015183,0.0,0.0
2026-08-29 07:04:16,9719.6,372735,1863,465.5534,597.1198,38.3,79.5158,-0.0,159.073837,2.111855,,6.87312,0.687312,2e-06,2.790084,10.0,10.0,11.040915,0.0,11.040915,88.959085,66.861475,0.53221,1.015183,0.0,0.0
2026-08-29 07:04:30,9733.18,373247,1866,442.5414,594.3933,38.3,76.957581,0.0,153.957321,2.108048,,6.831724,0.683172,1e-06,3.440829,10.0,10.0,14.780317,0.0,14.780317,85.219683,63.432322,0.544642,1.015183,0.0,0.0
2026-08-29 07:04:44,9746.62,373759,1868,530.9872,592.7229,38.3,82.139465,0.0,164.321075,2.1073,,7.579997,0.758,2e-06,2.309923,10.0,10.0,7.026379,0.0,7.026379,92.973621,70.880613,0.486918,1.015183,0.0,0.0
2026-08-29 07:04:57,9760.02,374271,1871,530.7003,591.5883,38.3,84.893555,0.0,169.829208,2.104647,,7.52897,0.752897,3e-06,2.404304,10.0,10.0,8.010919,0.0,8.010919,91.989081,69.809669,0.514581,1.015183,0.0,0.0
2026-08-29 07:05:10,9773.39,374783,1873,457.4272,589.1435,38.3,77.39505,0.0,154.832169,2.103099,,6.510024,0.651002,6e-06,1.728515,10.0,10.0,7.450634,0.0,7.450634,92.549366,70.276318,0.55152,1.015183,0.0,0.0
2026-08-29 07:05:24,9786.84,375295,1876,352.7304,586.7402,38.3,43.302784,-0.0,86.64756,2.099465,,5.029179,0.502918,2e-06,2.530836,10.0,10.0,6.31164,0.0,6.31164,93.68836,70.83081,0.583348,1.120136,0.0,0.0
2026-08-29 07:05:37,9800.11,375807,1879,345.2692,582.8346,38.3,44.210892,0.0,88.463638,2.09265,,5.772008,0.577201,2e-06,2.869291,10.0,10.0,16.677154,0.0,16.677154,83.322846,62.432887,0.528177,1.120136,0.0,0.0
2026-08-29 07:05:50,9813.37,376319,1881,675.0671,582.6483,38.3,172.116882,0.0,344.275482,2.086407,,10.04641,1.004641,3e-06,2.387947,10.0,10.0,15.310294,0.0,15.310294,84.689706,63.665177,0.452434,1.120136,0.0,0.0
2026-08-29 07:06:04,9826.61,376831,1884,629.4336,582.4248,38.3,153.089233,0.0,306.220123,2.082733,,8.917203,0.89172,4e-06,1.805782,10.0,10.0,9.62763,0.0,9.62763,90.37237,67.98398,0.473415,1.120136,0.0,0.0
2026-08-29 07:06:17,9839.91,377343,1886,510.6535,582.7114,38.3,80.041245,-0.0,160.124054,2.077937,,7.367241,0.736724,4e-06,1.859816,10.0,10.0,9.242331,0.0,9.242331,90.757669,68.556086,0.473891,1.120136,0.0,0.0
2026-08-29 07:06:30,9853.12,377855,1889,662.0183,586.3914,38.3,128.371307,0.0,256.784088,2.072942,,8.833958,0.883396,4e-06,1.763574,8.0,10.0,1.961628,0.0,1.961628,98.038372,73.90932,0.478906,1.120136,0.0,0.0
2026-08-29 07:06:43,9866.37,378367,1891,620.4361,589.6781,38.3,126.744896,-0.0,253.531158,2.068219,,8.617405,0.861741,3e-06,2.100653,9.0,10.0,5.317715,0.0,5.317715,94.682285,72.062814,0.473454,1.120136,0.0,0.0
2026-08-29 07:06:57,9879.79,378879,1894,399.0994,589.5256,38.3,55.460907,0.0,110.963089,2.063909,,6.753052,0.675305,2e-06,2.250004,10.0,10.0,20.658414,0.0,20.658414,79.341586,58.195364,0.477365,1.120136,0.0,0.0
2026-08-29 07:07:10,9893.14,379391,1896,488.7305,588.8524,38.3,59.470432,-0.0,118.982109,2.062228,,6.888231,0.688823,3e-06,2.342362,10.0,10.0,6.364755,0.0,6.364755,93.635245,70.725623,0.478847,1.120136,0.0,0.0
2026-08-29 07:07:23,9906.59,379903,1899,379.7966,584.9688,38.3,55.408848,-0.0,110.85891,2.060875,,5.409028,0.540903,3e-06,2.709035,10.0,10.0,6.188158,0.0,6.188158,93.811842,70.405692,0.574918,1.120136,0.0,0.0
2026-08-29 07:07:37,9919.98,380415,1902,537.8012,584.977,38.3,82.26535,0.0,164.571899,2.060066,,7.958743,0.795874,3e-06,2.123458,10.0,10.0,12.671847,0.0,12.671847,87.328153,66.06413,0.452375,1.120136,0.0,0.0
2026-08-29 07:07:50,9933.43,380927,1904,663.5137,589.0883,38.3,113.04837,-0.0,226.137939,2.060303,,9.338693,0.933869,4e-06,1.663723,9.0,10.0,6.856123,0.0,6.856123,93.143877,70.599754,0.447191,1.120136,0.0,0.0
2026-08-29 07:08:04,9946.88,381439,1907,152.429,586.5957,38.3,68.755692,-0.0,137.552521,2.056891,,4.243043,0.424304,1e-06,4.059719,10.0,10.0,29.713631,0.0,29.713631,70.286369,51.538835,0.622215,1.120136,0.0,0.0
2026-08-29 07:08:17,9960.25,381951,1909,343.6543,584.1595,38.3,39.720184,0.0,79.481567,2.059975,,4.668523,0.466852,6e-06,1.179428,8.0,10.0,2.900684,0.0,2.900684,97.099316,73.57754,0.569756,1.120136,0.0,0.0
2026-08-29 07:08:31,9973.72,382463,1912,353.2772,580.8758,38.3,35.458332,-0.0,70.957741,2.053948,,5.380579,0.538058,2e-06,3.167919,10.0,10.0,10.855474,0.0,10.855474,89.144526,66.354768,0.505966,1.120136,0.0,0.0
2026-08-29 07:08:44,9987.18,382975,1914,765.2869,580.0532,38.3,194.70842,0.0,389.457916,2.053804,,10.557112,1.055711,3e-06,1.816175,10.0,10.0,5.192616,0.0,5.192616,94.807384,71.593283,0.427293,1.120136,0.0,0.0
2026-08-29 07:08:57,10000.59,383487,1917,516.5768,577.4084,38.3,74.281952,0.0,148.604858,2.047598,,7.95349,0.795349,2e-06,4.053357,10.0,10.0,16.400797,0.0,16.400797,83.599203,61.402994,0.469473,1.120136,0.0,0.0
2026-08-29 07:09:11,10013.98,383999,1920,481.1254,575.1921,38.3,94.978912,0.0,189.998703,2.043622,,7.804719,0.780472,1e-06,3.802336,10.0,10.0,19.313371,0.0,19.313371,80.686629,61.00907,0.520837,1.120136,0.0,0.0
2026-08-29 07:09:24,10027.22,384511,1922,700.0354,577.0589,38.3,174.168152,0.0,348.377167,2.042479,,10.057164,1.005716,5e-06,1.2951,8.0,10.0,8.063803,0.0,8.063803,91.936197,69.405565,0.460568,1.120136,0.0,0.0
2026-08-29 07:09:38,10040.63,385023,1925,756.1809,575.708,38.3,172.967194,0.0,345.975067,2.033972,,10.809523,1.080952,2e-06,2.438728,10.0,10.0,9.365488,0.0,9.365488,90.634512,68.570493,0.436587,1.120136,0.0,0.0
2026-08-29 07:09:51,10053.91,385535,1927,903.5357,580.4891,38.3,290.538605,-0.0,581.117859,2.030971,,12.777711,1.277771,4e-06,1.444693,7.0,10.0,6.176325,0.0,6.176325,93.823675,70.851665,0.457509,1.120136,0.0,0.0
2026-08-29 07:10:04,10067.34,386047,1930,809.3692,581.8294,38.3,214.556198,-0.0,429.152893,2.0247,,12.161382,1.216138,2e-06,2.989744,10.0,10.0,12.802011,0.0,12.802011,87.197989,65.370561,0.502942,1.120136,0.0,0.0
2026-08-29 07:10:18,10080.8,386559,1932,637.151,579.1489,38.3,137.288895,0.0,274.618256,2.022692,,9.293565,0.929356,2e-06,2.298519,10.0,10.0,9.930725,0.0,9.930725,90.069275,67.959402,0.459748,1.120136,0.0,0.0
2026-08-29 07:10:31,10094.22,387071,1935,455.9101,576.8907,38.3,90.44175,0.0,180.923813,2.015513,,7.798584,0.779858,1e-06,3.005441,10.0,10.0,22.538974,0.0,22.538974,77.461026,57.961741,0.482682,1.120136,0.0,0.0
2026-08-29 07:10:44,10107.5,387583,1937,688.9889,578.6583,38.3,169.150681,0.0,338.341614,2.012763,,10.148058,1.014806,3e-06,1.62946,9.0,10.0,10.052817,0.0,10.052817,89.947183,68.375632,0.440788,1.452809,0.0,0.0
2026-08-29 07:10:58,10121.01,388095,1940,457.7504,576.7817,38.3,51.471645,0.0,102.983421,2.006551,,7.067369,0.706737,2e-06,2.819505,10.0,10.0,10.617866,0.0,10.617866,89.382134,67.456365,0.490476,1.452809,0.0,0.0
2026-08-29 07:11:11,10134.35,388607,1943,794.5932,575.9446,38.3,248.225983,0.0,496.492004,2.002307,,12.247142,1.224714,2e-06,1.637834,9.0,10.0,12.450583,0.0,12.450583,87.549417,66.517928,0.421392,1.452809,0.0,0.0
2026-08-29 07:11:25,10147.7,389119,1945,954.8094,580.4412,38.3,318.179962,0.0,636.399841,1.996885,,13.514057,1.351406,2e-06,2.030657,9.0,10.0,3.297331,0.0,3.297331,96.702669,74.03941,0.427841,1.452809,0.0,0.0
2026-08-29 07:11:38,10161.08,389631,1948,832.599,585.5339,38.3,250.51506,0.0,501.070068,1.996791,,11.744612,1.174461,4e-06,1.304625,8.0,10.0,1.917592,0.0,1.917592,98.082408,74.527002,0.477537,1.452809,0.0,0.0
2026-08-29 07:11:51,10174.53,390143,1950,726.6082,587.7917,38.3,167.651382,-0.0,335.34259,1.990963,,9.89702,0.989702,2e-06,1.85551,8.0,10.0,1.413958,0.0,1.413958,98.586042,75.228253,0.415533,1.452809,0.0,0.0
2026-08-29 07:12:05,10187.84,390655,1953,491.529,585.5644,38.3,105.637527,0.0,211.31485,1.989952,,6.730322,0.673032,4e-06,1.246165,7.0,10.0,2.104806,0.0,2.104806,97.895194,74.591592,0.482544,1.452809,0.0,0.0
2026-08-29 07:12:18,10201.14,391167,1955,523.8048,584.1909,38.3,88.382401,0.0,176.804489,1.984584,,7.310112,0.731011,2e-06,2.050149,9.0,10.0,3.744449,0.0,3.744449,96.255551,73.305049,0.451718,1.452809,0.0,0.0
2026-08-29 07:12:31,10214.4,391679,1958,531.1837,581.7407,38.3,88.939095,0.0,177.917816,1.981591,,7.671879,0.767188,2e-06,2.133109,9.0,10.0,5.917048,0.0,5.917048,94.082952,71.204925,0.4659,1.452809,0.0,0.0
2026-08-29 07:12:45,10227.71,392191,1960,637.466,580.0994,38.3,120.471069,0.0,240.981735,1.979704,,9.650244,0.965024,2e-06,2.229547,10.0,10.0,11.307037,0.0,11.307037,88.692963,67.423661,0.436925,1.452809,0.0,0.0
2026-08-29 07:12:58,10240.92,392703,1963,853.6988,583.0726,38.3,240.473633,-0.0,480.986786,1.975526,,12.442652,1.244265,1e-06,2.354809,10.0,10.0,6.944337,0.0,6.944337,93.055663,70.928452,0.423428,1.452809,0.0,0.0
2026-08-29 07:13:11,10254.17,393215,1966,644.6036,583.0259,38.3,138.130936,0.0,276.301422,1.978089,,8.831095,0.883109,3e-06,1.44431,7.0,10.0,1.56322,0.0,1.56322,98.43678,74.018441,0.43367,1.452809,0.0,0.0
2026-08-29 07:13:24,10267.42,393727,1968,254.5563,580.3065,38.3,46.659348,-0.0,93.358246,1.97772,,4.853976,0.485398,1e-06,1.358987,10.0,10.0,15.460836,0.0,15.460836,84.539164,64.68544,0.511517,1.452809,0.0,0.0
2026-08-29 07:13:38,10280.73,394239,1971,561.4008,579.9953,38.3,110.770325,0.0,221.580231,1.97938,,7.728067,0.772807,3e-06,1.416791,7.0,10.0,2.109493,0.0,2.109493,97.890507,74.170973,0.45128,1.452809,0.0,0.0
2026-08-29 07:13:51,10294.02,394751,1973,761.6633,581.286,38.3,198.511276,0.0,397.062103,1.977883,,10.699378,1.069938,2e-06,2.599192,9.0,10.0,3.811909,0.0,3.811909,96.188091,72.914583,0.419248,1.452809,0.0,0.0
2026-08-29 07:14:04,10307.44,395263,1976,534.2877,581.5733,38.3,93.680992,0.0,187.401642,1.98279,,7.503401,0.75034,2e-06,2.347826,9.0,10.0,4.407956,0.0,4.407956,95.592044,72.26453,0.469731,1.452809,0.0,0.0
2026-08-29 07:14:18,10320.91,395775,1978,534.3375,582.6452,38.3,81.709656,0.0,163.458969,1.982821,,7.821438,0.782144,2e-06,2.264437,9.0,10.0,7.442795,0.0,7.442795,92.557205,69.965911,0.450422,1.452809,0.0,0.0
2026-08-29 07:14:31,10334.44,396287,1981,585.4744,583.3604,38.3,92.031944,-0.0,184.103592,1.985227,,8.565689,0.856569,3e-06,1.641734,8.0,10.0,6.35322,0.0,6.35322,93.64678,70.871889,0.445693,1.452809,0.0,0.0
2026-08-29 07:14:45,10347.9,396799,1984,620.1417,585.5638,38.3,103.768135,-0.0,207.575974,1.985266,,9.452908,0.945291,1e-06,3.052894,10.0,10.0,12.984167,0.0,12.984167,87.015833,65.761984,0.417348,1.452809,0.0,0.0
2026-08-29 07:14:58,10361.29,397311,1986,659.1703,587.484,38.3,142.504211,0.0,285.048187,1.98798,,9.520262,0.952026,3e-06,1.914461,9.0,10.0,6.86924,0.0,6.86924,93.13076,70.016042,0.414459,1.452809,0.0,0.0
2026-08-29 07:15:12,10374.75,397823,1989,630.4855,586.1414,38.3,107.361954,-0.0,214.763779,1.993595,,8.684885,0.868488,4e-06,1.849979,9.0,10.0,3.127101,0.0,3.127101,96.872899,73.320859,0.444473,1.452809,0.0,0.0
2026-08-29 07:15:25,10388.04,398335,1991,515.6844,584.8646,38.3,100.159897,0.0,200.359726,1.996601,,7.155918,0.715592,3e-06,1.935375,9.0,10.0,2.59066,0.0,2.59066,97.40934,73.993038,0.500141,1.452809,0.0,0.0
2026-08-29 07:15:38,10401.39,398847,1994,631.7391,585.4682,38.3,153.393066,-0.0,306.826141,2.001061,,8.524538,0.852454,3e-06,1.658366,7.0,10.0,0.913669,0.0,0.913669,99.086331,75.568188,0.529725,1.452809,0.0,0.0
2026-08-29 07:15:52,10414.96,399359,1996,758.2707,588.8577,38.3,196.745773,0.0,393.531586,2.001875,,10.426069,1.042607,3e-06,1.3502,6.0,9.0,0.377145,0.0,0.377145,99.622855,76.154539,0.465094,1.452809,0.0,0.0
2026-08-29 07:16:05,10428.55,399871,1999,732.9142,591.7073,38.3,177.06459,-0.0,354.169342,2.008034,,10.596494,1.059649,5e-06,1.649737,9.0,10.0,5.544998,0.0,5.544998,94.455002,71.866023,0.483432,1.452809,0.0,0.0
2026-08-29 07:16:19,10441.89,400383,2001,693.0856,594.8413,38.3,147.809418,0.0,295.659027,2.008929,,9.881467,0.988147,2e-06,2.441466,10.0,10.0,9.143376,0.0,9.143376,90.856624,69.181805,0.445713,1.010317,0.0,0.0
2026-08-29 07:16:32,10455.22,400895,2004,609.8068,593.0987,38.3,95.466309,-0.0,190.97287,2.012406,,8.685938,0.868594,2e-06,1.778261,8.0,10.0,9.551152,0.0,9.551152,90.448848,67.713465,0.39366,1.010317,0.0,0.0
2026-08-29 07:16:46,10468.68,401407,2007,588.0837,588.1668,38.3,142.023407,0.0,284.087097,2.013679,,8.567848,0.856785,2e-06,2.144729,10.0,10.0,12.139857,0.0,12.139857,87.860143,65.998541,0.444063,1.010317,0.0,0.0
2026-08-29 07:16:59,10482.2,401919,2009,631.489,586.8468,38.3,126.769569,-0.0,253.579453,2.015657,,9.569093,0.956909,2e-06,2.926128,10.0,10.0,18.783271,0.0,18.783271,81.216729,61.241993,0.419148,1.010317,0.0,0.0
2026-08-29 07:17:12,10495.58,402431,2012,516.1841,585.795,38.3,86.811676,0.0,173.663727,2.018879,,7.045353,0.704535,2e-06,2.778256,9.0,10.0,4.280544,0.0,4.280544,95.719456,72.328753,0.453826,1.010317,0.0,0.0
2026-08-29 07:17:26,10509.14,402943,2014,522.0333,583.5601,38.3,100.660408,-0.0,201.36113,2.016018,,8.575512,0.857551,1e-06,4.212155,10.0,10.0,24.002971,0.0,24.002971,75.997029,56.598797,0.464206,1.010317,0.0,0.0
2026-08-29 07:17:39,10522.6,403455,2017,640.486,583.9857,38.3,135.067825,0.0,270.176025,2.019276,,9.225542,0.922554,2e-06,3.520537,10.0,10.0,10.10407,0.0,10.10407,89.89593,67.064328,0.46816,1.010317,0.0,0.0
2026-08-29 07:17:53,10535.89,403967,2019,941.4665,586.5533,38.3,328.34259,-0.0,656.725586,2.020738,,13.254823,1.325482,3e-06,2.112586,9.0,10.0,4.311008,0.0,4.311008,95.688992,72.448705,0.495022,1.010317,0.0,0.0
2026-08-29 07:18:06,10549.29,404479,2022,637.9089,589.5242,38.3,171.834,0.0,343.708405,2.020688,,9.548736,0.954874,1e-06,2.595404,10.0,10.0,11.35243,0.0,11.35243,88.64757,66.999093,0.507702,1.010317,0.0,0.0
2026-08-29 07:18:20,10562.77,404991,2024,565.6998,589.0646,38.3,145.021332,0.0,290.083099,2.021168,,8.841523,0.884152,1e-06,2.302042,10.0,10.0,16.315664,0.0,16.315664,83.684336,63.080834,0.482467,1.010317,0.0,0.0
2026-08-29 07:18:33,10576.2,405503,2027,686.0393,589.6547,38.3,188.023132,0.0,376.086792,2.025709,,9.803172,0.980317,2e-06,2.73497,10.0,10.0,8.611107,0.0,8.611107,91.388893,68.789963,0.45676,1.010317,0.0,0.0
2026-08-29 07:18:47,10589.64,406015,2030,691.3269,590.3268,38.3,163.047653,0.0,326.135803,2.025535,,9.855866,0.985587,2e-06,2.818647,10.0,10.0,9.420834,0.0,9.420834,90.579166,68.007021,0.43778,1.010317,0.0,0.0
2026-08-29 07:19:00,10603.0,406527,2032,691.9538,592.5079,38.3,162.238113,0.0,324.516785,2.028558,,9.554009,0.955401,2e-06,2.248569,9.0,10.0,3.000424,0.0,3.000424,96.999576,73.768727,0.469768,1.010317,0.0,0.0
2026-08-29 07:19:13,10616.49,407039,2035,636.8788,593.2383,38.3,170.333496,-0.0,340.707611,2.030807,,9.250286,0.925029,3e-06,2.099296,9.0,10.0,10.504363,0.0,10.504363,89.495637,66.884433,0.508795,1.010317,0.0,0.0
2026-08-29 07:19:27,10629.95,407551,2037,504.7224,592.2933,38.3,78.696426,0.0,157.433441,2.029128,,7.530016,0.753002,2e-06,3.313644,10.0,10.0,13.609506,0.0,13.609506,86.390494,64.468942,0.469251,1.010317,0.0,0.0
2026-08-29 07:19:40,10643.24,408063,2040,727.4715,593.1152,38.3,156.752731,-0.0,313.546112,2.031747,,9.998725,0.999872,3e-06,1.707991,8.0,10.0,5.30276,0.0,5.30276,94.69724,72.102075,0.447909,1.010317,0.0,0.0
2026-08-29 07:19:53,10656.59,408575,2042,671.5099,592.2241,38.3,147.790833,-0.0,295.622284,2.030293,,9.401838,0.940184,2e-06,3.006955,10.0,10.0,6.538542,0.0,6.538542,93.461458,70.499268,0.499162,1.010317,0.0,0.0
2026-08-29 07:20:07,10670.01,409087,2045,530.4909,589.3992,38.3,101.244225,0.0,202.529114,2.033523,,7.206251,0.720625,2e-06,2.490954,9.0,10.0,3.637006,0.0,3.637006,96.362994,72.742437,0.515662,1.010317,0.0,0.0
2026-08-29 07:20:20,10683.37,409599,2048,605.2408,589.5819,38.3,102.24411,0.0,204.528854,2.031698,,8.283525,0.828352,2e-06,2.67479,9.0,10.0,5.198289,0.0,5.198289,94.801711,71.519827,0.421027,1.010317,0.0,0.0
2026-08-29 07:20:33,10696.52,410111,2050,708.5188,592.0119,38.3,166.377335,0.0,332.79538,2.035956,,9.390539,0.939054,5e-06,1.312357,5.0,9.0,0.266993,0.0,0.266993,99.733007,75.850549,0.427831,1.010317,0.0,0.0
2026-08-29 07:20:47,10709.88,410623,2053,539.2298,590.0401,38.3,123.889221,-0.0,247.819122,2.03378,,7.760982,0.776098,2e-06,2.404114,9.0,10.0,7.731463,0.0,7.731463,92.268537,68.848987,0.466076,1.010317,0.0,0.0
2026-08-29 07:21:00,10723.37,411135,2055,695.5315,591.4384,38.3,212.696213,0.0,425.433075,2.031786,,10.504725,1.050473,1e-06,2.822913,10.0,10.0,15.963429,0.0,15.963429,84.036571,63.809442,0.480345,1.010317,0.0,0.0
2026-08-29 07:21:14,10736.61,411647,2058,676.0949,595.4453,38.3,182.70137,0.0,365.443512,2.037913,,9.191715,0.919171,4e-06,2.137975,9.0,10.0,2.822623,0.0,2.822623,97.177377,72.988894,0.500093,1.010317,0.0,0.0
2026-08-29 07:21:27,10750.06,412159,2060,435.9929,592.3161,38.3,56.35976,-0.0,112.760254,2.036712,,6.503695,0.65037,2e-06,2.82144,10.0,10.0,11.905627,0.0,11.905627,88.094373,66.455192,0.506865,1.010317,0.0,0.0
2026-08-29 07:21:40,10763.57,412671,2063,463.6085,590.159,38.3,70.619392,-0.0,141.279572,2.039415,,6.450436,0.645044,2e-06,2.824386,10.0,10.0,5.60547,0.0,5.60547,94.39453,71.800461,0.516357,1.075246,0.0,0.0
2026-08-29 07:21:54,10776.99,413183,2065,338.4585,589.2354,38.3,28.240543,-0.0,56.521954,2.043248,,4.797214,0.479721,3e-06,2.343632,10.0,10.0,5.718719,0.0,5.718719,94.281281,71.214029,0.566304,1.075246,0.0,0.0
2026-08-29 07:22:07,10790.35,413695,2068,560.458,591.3027,38.3,97.811226,-0.0,195.663376,2.046217,,7.643972,0.764397,5e-06,1.694769,9.0,10.0,3.55582,0.0,3.55582,96.44418,73.180569,0.550558,1.075246,0.0,0.0
2026-08-29 07:22:21,10803.81,414207,2071,792.828,593.5953,38.3,230.929688,0.0,461.900238,2.042533,,11.291218,1.129122,2e-06,2.784566,10.0,10.0,8.471671,0.0,8.471671,91.528329,68.507496,0.52065,1.075246,0.0,0.0
2026-08-29 07:22:34,10817.22,414719,2073,637.1919,594.7421,38.3,205.703247,-0.0,411.447357,2.043184,,10.18831,1.018831,1e-06,3.242593,10.0,10.0,19.890115,0.0,19.890115,80.109885,59.52839,0.551918,1.075246,0.0,0.0
2026-08-29 07:22:48,10830.6,415231,2076,626.7794,595.7924,38.3,132.238663,0.0,264.51828,2.047311,,9.428437,0.942844,3e-06,2.286534,10.0,10.0,14.087211,0.0,14.087211,85.912789,64.377088,0.465169,1.075246,0.0,0.0
2026-08-29 07:23:01,10843.96,415743,2078,772.3837,596.0171,38.3,179.275879,0.0,358.592773,2.050976,,10.647948,1.064795,3e-06,1.724551,8.0,10.0,3.994932,0.0,3.994932,96.005068,72.952126,0.471798,1.075246,0.0,0.0
2026-08-29 07:23:14,10857.36,416255,2081,702.2507,598.3446,38.3,154.068069,0.0,308.177155,2.050395,,9.850536,0.985054,2e-06,3.282571,10.0,10.0,7.445544,0.0,7.445544,92.554456,69.391774,0.497628,1.075246,0.0,0.0
2026-08-29 07:23:28,10870.66,416767,2083,431.1844,600.103,38.3,43.977543,0.0,87.996178,2.054501,,6.32835,0.632835,4e-06,2.33752,9.0,10.0,8.531299,0.0,8.531299,91.468701,69.273056,0.530322,1.075246,0.0,0.0
2026-08-29 07:23:41,10883.93,417279,2086,763.1719,602.1001,38.3,189.502975,-0.0,379.047089,2.057154,,10.60547,1.060547,2e-06,2.616572,9.0,10.0,5.843162,0.0,5.843162,94.156838,70.571191,0.478085,1.075246,0.0,0.0
2026-08-29 07:23:54,10897.28,417791,2088,883.6405,605.3147,38.3,286.468658,-0.0,572.978455,2.058299,,13.098719,1.309872,3e-06,2.435811,10.0,10.0,11.833148,0.0,11.833148,88.166852,66.800852,0.492627,1.075246,0.0,0.0
2026-08-29 07:24:08,10910.69,418303,2091,631.1987,606.7119,38.3,179.559006,-0.0,359.159271,2.062515,,9.054888,0.905489,2e-06,3.228936,10.0,10.0,6.477021,0.0,6.477021,93.522979,69.603319,0.60535,1.075246,0.0,0.0
2026-08-29 07:24:21,10924.12,418815,2094,701.4318,607.6671,38.3,149.424545,0.0,298.89035,2.063055,,10.167794,1.016779,2e-06,2.854934,10.0,10.0,12.065657,0.0,12.065657,87.934343,66.428845,0.457833,1.075246,0.0,0.0
2026-08-29 07:24:34,10937.52,419327,2096,786.7862,607.3133,38.3,204.569412,0.0,409.180145,2.066197,,10.918692,1.091869,4e-06,2.193997,9.0,10.0,5.927879,0.0,5.927879,94.072121,71.182235,0.432033,1.075246,0.0,0.0
2026-08-29 07:24:48,10951.04,419839,2099,499.8096,606.3632,38.3,60.247211,-0.0,120.535789,2.068154,,7.227165,0.722716,2e-06,3.212213,10.0,10.0,9.64981,0.0,9.64981,90.35019,67.394127,0.504207,1.075246,0.0,0.0
2026-08-29 07:25:01,10964.55,420351,2101,597.4945,607.1104,38.3,99.605888,0.0,199.253159,2.06935,,8.552658,0.855266,2e-06,3.036728,10.0,10.0,9.821528,0.0,9.821528,90.178472,68.015463,0.450515,1.075246,0.0,0.0
2026-08-29 07:25:15,10978.0,420863,2104,880.1705,609.6288,38.3,268.808716,0.0,537.658875,2.072602,,12.496732,1.249673,3e-06,2.424805,10.0,10.0,7.02982,0.0,7.02982,92.97018,69.366812,0.485918,1.075246,0.0,0.0
2026-08-29 07:25:28,10991.53,421375,2106,903.7012,612.0626,38.3,267.957214,0.0,535.955933,2.074196,,12.663689,1.266369,2e-06,2.979997,10.0,10.0,6.530714,0.0,6.530714,93.469286,70.311963,0.472813,1.075246,0.0,0.0
2026-08-29 07:25:42,11005.07,421887,2109,927.8586,614.7053,38.3,253.641876,-0.0,507.325287,2.076919,,12.667675,1.266767,3e-06,2.962201,10.0,10.0,4.31553,0.0,4.31553,95.68447,72.009122,0.443585,1.075246,0.0,0.0
2026-08-29 07:25:55,11018.43,422399,2112,799.2913,614.4201,38.3,217.957016,-0.0,435.955658,2.080689,,10.908242,1.090824,5e-06,1.493685,8.0,10.0,4.613324,0.0,4.613324,95.386676,72.28861,0.466895,1.075246,0.0,0.0
2026-08-29 07:26:09,11031.7,422911,2114,673.1153,614.5577,38.3,164.895096,-0.0,329.831848,2.082929,,9.039771,0.903977,5e-06,1.339999,6.0,10.0,2.48006,0.0,2.48006,97.51994,74.285549,0.474755,1.075246,0.0,0.0
2026-08-29 07:26:22,11045.0,423423,2117,886.551,618.9066,38.3,276.77829,-0.0,553.598267,2.083719,,12.051029,1.205103,6e-06,1.378155,6.0,9.0,1.032435,0.0,1.032435,98.967565,75.242915,0.448122,1.075246,0.0,0.0
2026-08-29 07:26:35,11058.51,423935,2119,353.2861,617.784,38.3,97.424049,0.0,194.889755,2.083049,,6.388509,0.638851,1e-06,3.678174,10.0,10.0,25.055508,0.0,25.055508,74.944492,55.128138,0.486949,1.075246,0.0,0.0
2026-08-29 07:26:49,11071.79,424447,2122,394.8779,617.3073,38.3,45.890499,-0.0,91.822708,2.085642,,5.75978,0.575978,4e-06,2.12339,10.0,10.0,8.419482,0.0,8.419482,91.580518,69.230929,0.574734,1.075246,0.0,0.0
2026-08-29 07:27:02,11085.01,424959,2124,567.2175,617.6696,38.3,91.313942,0.0,182.669586,2.084957,,7.691744,0.769174,6e-06,1.574608,8.0,10.0,4.060665,0.0,4.060665,95.939335,72.660502,0.459574,1.075246,0.0,0.0
2026-08-29 07:27:15,11098.42,425471,2127,870.3744,621.0664,38.3,291.230652,0.0,582.50293,2.081041,,12.390285,1.239029,3e-06,2.575178,10.0,10.0,10.595858,0.0,10.595858,89.404142,66.46477,0.490536,0.979744,0.0,0.0
2026-08-29 07:27:29,11111.82,425983,2129,762.9234,624.1213,38.3,201.748016,0.0,403.537598,2.078856,,11.336468,1.133647,2e-06,3.771095,10.0,10.0,17.307692,0.0,17.307692,82.692308,62.097991,0.48777,0.979744,0.0,0.0
2026-08-29 07:27:42,11125.12,426495,2132,823.3942,628.828,38.3,202.988281,0.0,406.018127,2.078789,,11.929587,1.192959,2e-06,3.770172,10.0,10.0,12.710754,0.0,12.710754,87.289246,65.49954,0.48862,0.979744,0.0,0.0
2026-08-29 07:27:55,11138.52,427007,2135,758.2036,632.9573,38.3,220.78746,0.0,441.616516,2.080268,,10.945192,1.094519,3e-06,3.213805,10.0,10.0,11.548144,0.0,11.548144,88.451856,66.175778,0.487783,0.979744,0.0,0.0
2026-08-29 07:28:09,11151.87,427519,2137,587.0238,632.0769,38.3,130.28125,0.0,260.604095,2.079409,,8.998741,0.899874,2e-06,3.79959,10.0,10.0,18.084492,0.0,18.084492,81.915508,61.086628,0.557988,0.979744,0.0,0.0
2026-08-29 07:28:22,11165.1,428031,2140,676.0414,632.543,38.3,187.20546,0.0,374.452545,2.081935,,9.622195,0.96222,3e-06,2.977042,10.0,10.0,8.550317,0.0,8.550317,91.449683,69.140785,0.53547,0.979744,0.0,0.0
2026-08-29 07:28:35,11178.39,428543,2142,627.5829,633.7122,38.3,186.123367,0.0,372.288391,2.082298,,8.967245,0.896724,4e-06,2.552242,10.0,10.0,10.119733,0.0,10.119733,89.880267,66.70348,0.541594,0.979744,0.0,0.0
2026-08-29 07:28:49,11191.77,429055,2145,675.0547,633.8426,38.3,161.184723,0.0,322.411133,2.083595,,9.137038,0.913704,5e-06,2.013222,9.0,10.0,4.244479,0.0,4.244479,95.755521,71.619363,0.506007,0.979744,0.0,0.0
2026-08-29 07:29:02,11205.22,429567,2147,589.8814,633.5371,38.3,133.759232,0.0,267.56015,2.08359,,8.264625,0.826463,5e-06,2.368752,9.0,10.0,8.481974,0.0,8.481974,91.518026,69.505287,0.493373,0.979744,0.0,0.0
2026-08-29 07:29:16,11218.76,430079,2150,395.5493,633.5016,38.3,59.121361,-0.0,118.28434,2.080999,,6.297499,0.62975,2e-06,3.733271,10.0,10.0,17.835997,0.0,17.835997,82.164003,60.720932,0.482058,0.979744,0.0,0.0
2026-08-29 07:29:29,11232.38,430591,2152,404.883,632.6631,38.3,46.328663,0.0,92.698936,2.080436,,6.751901,0.67519,2e-06,4.951853,10.0,10.0,22.971896,0.0,22.971896,77.028104,57.058227,0.531697,0.979744,0.0,0.0
2026-08-29 07:29:43,11245.81,431103,2155,746.7595,636.3327,38.3,177.346802,-0.0,354.735352,2.086649,,10.310185,1.031018,4e-06,2.189475,9.0,10.0,5.290758,0.0,5.290758,94.709242,71.816274,0.473977,0.979744,0.0,0.0
2026-08-29 07:29:56,11259.27,431615,2158,565.7288,636.612,38.3,122.189804,0.0,244.421371,2.088055,,7.980448,0.798045,4e-06,2.257457,9.0,10.0,8.940044,0.0,8.940044,91.059956,68.976272,0.502611,0.979744,0.0,0.0
2026-08-29 07:30:10,11272.87,432127,2160,169.7917,631.6748,38.3,45.026482,-0.0,90.094749,2.089232,,3.150316,0.315032,3e-06,3.332748,10.0,10.0,14.882433,0.0,14.882433,85.117567,62.994034,0.723183,0.979744,0.0,0.0
2026-08-29 07:30:23,11286.31,432639,2163,294.6583,633.0971,38.3,38.069946,-0.0,76.181717,2.091399,,4.022126,0.402213,4e-06,2.742102,9.0,10.0,2.577636,0.0,2.577636,97.422364,72.479466,0.724472,0.979744,0.0,0.0
2026-08-29 07:30:37,11299.7,433151,2165,645.0821,636.1113,38.3,117.585205,-0.0,235.212448,2.102196,,8.899476,0.889948,3e-06,2.672536,10.0,10.0,6.413075,0.0,6.413075,93.586925,71.145143,0.475141,0.979744,0.0,0.0
2026-08-29 07:30:50,11313.05,433663,2168,1001.6647,642.5952,38.3,336.329132,-0.0,672.7005,2.112483,,13.734682,1.373468,5e-06,1.901052,8.0,10.0,1.608961,0.0,1.608961,98.391039,74.24115,0.486833,0.979744,0.0,0.0
2026-08-29 07:31:03,11326.48,434175,2170,666.2508,641.6049,38.3,136.306259,0.0,272.654846,2.116533,,9.836987,0.983699,2e-06,4.003677,10.0,10.0,15.43705,0.0,15.43705,84.56295,63.482648,0.471708,0.979744,0.0,0.0
2026-08-29 07:31:17,11339.83,434687,2173,452.203,640.9611,38.3,81.55426,-0.0,163.150986,2.123449,,6.885929,0.688593,2e-06,3.290434,10.0,10.0,14.845706,0.0,14.845706,85.154294,63.94321,0.499961,0.979744,0.0,0.0
2026-08-29 07:31:30,11353.25,435199,2176,575.4392,641.9043,38.3,108.033737,-0.0,216.109985,2.125238,,8.460601,0.84606,2e-06,3.662585,10.0,10.0,14.258522,0.0,14.258522,85.741478,64.421852,0.490107,0.979744,0.0,0.0
2026-08-29 07:31:44,11366.65,435711,2178,449.1941,639.3958,38.3,81.232582,-0.0,162.507767,2.130361,,7.149076,0.714908,3e-06,2.195615,10.0,10.0,18.949558,0.0,18.949558,81.050442,60.839032,0.564074,0.979744,0.0,0.0
2026-08-29 07:31:57,11380.09,436223,2181,528.9768,637.1238,38.3,118.093758,-0.0,236.230179,2.133354,,7.28136,0.728136,4e-06,2.336087,10.0,10.0,5.55804,0.0,5.55804,94.44196,71.830337,0.540818,0.979744,0.0,0.0
2026-08-29 07:32:10,11393.44,436735,2183,898.3695,637.0721,38.3,312.173462,0.0,624.389587,2.131707,,12.91389,1.291389,3e-06,2.849441,10.0,10.0,9.49384,0.0,9.49384,90.50616,67.928842,0.522887,0.979744,0.0,0.0
2026-08-29 07:32:24,11406.92,437247,2186,723.7298,636.2157,38.3,175.923309,0.0,351.889221,2.130085,,10.533727,1.053373,2e-06,3.185497,10.0,10.0,13.37888,0.0,13.37888,86.62112,65.079328,0.52698,0.979744,0.0,0.0
2026-08-29 07:32:37,11420.33,437759,2188,549.9191,635.3434,38.3,113.142754,-0.0,226.328171,2.132916,,8.485871,0.848587,3e-06,1.712323,10.0,10.0,12.861242,0.0,12.861242,87.138758,65.640363,0.489647,1.304229,0.0,0.0
2026-08-29 07:32:51,11433.88,438271,2191,544.0467,636.2248,38.3,87.982048,0.0,176.006714,2.130729,,8.519501,0.85195,2e-06,3.891007,10.0,10.0,16.310617,0.0,16.310617,83.689383,61.745675,0.457738,1.304229,0.0,0.0
2026-08-29 07:33:04,11447.34,438783,2193,404.1945,633.3769,38.3,66.141121,-0.0,132.324921,2.134178,,6.387857,0.638786,3e-06,2.229141,10.0,10.0,12.622226,0.0,12.622226,87.377774,65.446526,0.497627,1.304229,0.0,0.0
2026-08-29 07:33:18,11460.77,439295,2196,472.2055,633.5214,38.3,81.309372,0.0,162.661499,2.137685,,7.348415,0.734841,2e-06,2.784869,10.0,10.0,12.93506,0.0,12.93506,87.06494,65.125129,0.515832,1.304229,0.0,0.0
2026-08-29 07:33:31,11474.1,439807,2199,666.5803,632.2413,38.3,157.573517,-0.0,315.18985,2.141396,,9.431793,0.943179,4e-06,1.31357,8.0,10.0,6.72888,0.0,6.72888,93.27112,70.291012,0.472361,1.304229,0.0,0.0
2026-08-29 07:33:44,11487.3,440319,2201,637.6639,629.0698,38.3,107.509613,0.0,215.062119,2.144552,,8.475877,0.847588,5e-06,1.098201,7.0,10.0,1.140085,0.0,1.140085,98.859915,75.464093,0.441914,1.304229,0.0,0.0
2026-08-29 07:33:58,11500.61,440831,2204,292.176,623.6656,38.3,45.797348,0.0,91.637619,2.146017,,4.956777,0.495678,4e-06,2.076509,10.0,10.0,13.38327,0.0,13.38327,86.61673,64.826542,0.580998,1.304229,0.0,0.0
2026-08-29 07:34:11,11513.93,441343,2206,325.6518,619.656,38.3,48.229416,0.0,96.501762,2.146563,,5.470802,0.54708,3e-06,2.892068,10.0,10.0,14.510321,0.0,14.510321,85.489679,64.669355,0.535112,1.304229,0.0,0.0
2026-08-29 07:34:24,11527.21,441855,2209,761.5679,622.3564,38.3,229.67836,-0.0,459.399506,2.138948,,10.692842,1.069284,3e-06,1.729026,9.0,10.0,7.262071,0.0,7.262071,92.737929,70.215233,0.471179,1.304229,0.0,0.0
2026-08-29 07:34:37,11540.5,442367,2211,609.4216,623.2126,38.3,161.811035,0.0,323.664642,2.128875,,9.668761,0.966876,2e-06,3.020539,10.0,10.0,19.546807,0.0,19.546807,80.453193,59.556058,0.495708,1.304229,0.0,0.0
2026-08-29 07:34:51,11553.8,442879,2214,413.7101,622.0378,38.3,78.030113,-0.0,156.102631,2.120587,,7.192512,0.719251,2e-06,3.020272,10.0,10.0,20.626187,0.0,20.626187,79.373813,58.375295,0.476321,1.304229,0.0,0.0
2026-08-29 07:35:04,11567.14,443391,2216,575.1556,621.4147,38.3,108.639656,-0.0,217.321579,2.113072,,9.310347,0.931035,2e-06,2.476747,10.0,10.0,19.718584,0.0,19.718584,80.281416,60.62777,0.453716,1.304229,0.0,0.0
2026-08-29 07:35:17,11580.56,443903,2219,578.1223,618.659,38.3,97.397156,0.0,194.836395,2.104104,,8.700122,0.870012,3e-06,2.727593,10.0,10.0,12.26423,0.0,12.26423,87.73577,66.018368,0.476478,1.304229,0.0,0.0
2026-08-29 07:35:31,11593.96,444415,2222,622.2227,618.4352,38.3,148.507324,0.0,297.056488,2.092246,,9.047403,0.90474,3e-06,3.492828,10.0,10.0,10.540516,0.0,10.540516,89.459484,66.983043,0.51448,1.304229,0.0,0.0
2026-08-29 07:35:44,11607.29,444927,2224,576.4776,621.6544,38.3,113.498772,0.0,227.039291,2.087572,,8.006762,0.800676,7e-06,1.777351,10.0,10.0,5.470246,0.0,5.470246,94.529754,71.726269,0.462761,1.304229,0.0,0.0
2026-08-29 07:35:58,11620.71,445439,2227,285.0765,618.8911,38.3,80.367943,0.0,160.777466,2.079008,,4.612003,0.4612,6e-06,1.89352,10.0,10.0,10.470216,0.0,10.470216,89.529784,66.93267,0.682759,1.304229,0.0,0.0
2026-08-29 07:36:11,11634.15,445951,2229,373.5491,615.01,38.3,70.34182,0.0,140.725052,2.070453,,5.772344,0.577234,5e-06,1.661548,10.0,10.0,10.425259,0.0,10.425259,89.574741,68.594526,0.576018,1.304229,0.0,0.0
2026-08-29 07:36:25,11647.63,446463,2232,540.0999,615.0681,38.3,118.341263,0.0,236.723755,2.061738,,8.341038,0.834104,3e-06,3.298381,10.0,10.0,14.259951,0.0,14.259951,85.740049,64.2314,0.558679,1.304229,0.0,0.0
2026-08-29 07:36:38,11660.91,446975,2234,1086.7727,620.5925,38.3,407.078064,0.0,814.197266,2.057583,,15.582068,1.558207,6e-06,0.919202,4.0,10.0,4.208661,0.0,4.208661,95.791339,72.851068,0.526466,1.304229,0.0,0.0
2026-08-29 07:36:51,11674.35,447487,2237,635.4115,621.0918,38.3,125.479454,0.0,250.999908,2.049817,,9.148313,0.914831,6e-06,1.984807,10.0,10.0,8.805958,0.0,8.805958,91.194042,68.563159,0.50416,1.304229,0.0,0.0
2026-08-29 07:37:05,11687.89,447999,2240,227.1342,617.1618,38.3,92.672516,-0.0,185.385864,2.041784,,5.74469,0.574469,2e-06,4.698961,10.0,10.0,32.343056,0.0,32.343056,67.656944,50.0302,0.585753,1.304229,0.0,0.0
2026-08-29 07:37:18,11701.26,448511,2242,358.3274,614.1533,38.3,53.488598,0.0,107.017967,2.038448,,5.537625,0.553762,4e-06,2.723267,10.0,10.0,10.0859,0.0,10.0859,89.9141,67.272101,0.641044,1.304229,0.0,0.0
2026-08-29 07:37:32,11714.71,449023,2245,396.0036,611.8085,38.3,54.113464,-0.0,108.267654,2.036454,,5.813985,0.581399,5e-06,2.308645,10.0,10.0,7.393457,0.0,7.393457,92.606543,68.662942,0.60439,1.304229,0.0,0.0
2026-08-29 07:37:45,11728.22,449535,2247,280.7757,609.4594,38.3,47.322487,0.0,94.685593,2.030908,,5.362401,0.53624,4e-06,3.768722,10.0,10.0,19.361444,0.0,19.361444,80.638556,59.664736,0.679199,1.304229,0.0,0.0
2026-08-29 07:37:58,11741.58,450047,2250,487.4952,608.017,38.3,91.477867,0.0,182.996445,2.035162,,7.586267,0.758627,4e-06,2.298578,10.0,10.0,13.933827,0.0,13.933827,86.066173,64.839503,0.565274,1.869572,0.0,0.0
2026-08-29 07:38:12,11754.94,450559,2252,440.7282,604.8416,38.3,80.569031,-0.0,161.178757,2.034682,,7.846662,0.784666,3e-06,3.607241,10.0,10.0,17.136185,0.0,17.136185,82.863815,62.214774,0.527228,1.869572,0.0,0.0
2026-08-29 07:38:25,11768.23,451071,2255,429.1839,601.8043,38.3,65.399612,-0.0,130.839996,2.038397,,7.126535,0.712653,4e-06,2.758685,10.0,10.0,12.569849,0.0,12.569849,87.430151,65.568884,0.50359,1.869572,0.0,0.0
2026-08-29 07:38:38,11781.52,451583,2257,521.5473,600.0889,38.3,80.449791,0.0,160.940384,2.04018,,7.43533,0.743533,5e-06,1.434882,7.0,10.0,4.937187,0.0,4.937187,95.062813,72.698198,0.570059,1.869572,0.0,0.0
2026-08-29 07:38:52,11794.88,452095,2260,463.269,598.6235,38.3,106.537895,-0.0,213.116531,2.037329,,8.47432,0.847432,3e-06,3.831348,10.0,10.0,19.093579,0.0,19.093579,80.906421,59.772115,0.532288,1.869572,0.0,0.0
2026-08-29 07:39:05,11808.22,452607,2263,683.4914,599.5776,38.3,181.403824,0.0,362.84848,2.041726,,10.078285,1.007829,5e-06,1.564432,10.0,10.0,9.170676,0.0,9.170676,90.829324,69.690203,0.443745,1.869572,0.0,0.0
2026-08-29 07:39:18,11821.6,453119,2265,441.0316,597.673,38.3,93.982574,0.0,188.005997,2.042116,,7.691928,0.769193,2e-06,2.935809,10.0,10.0,15.103915,0.0,15.103915,84.896085,63.661429,0.510477,1.869572,0.0,0.0
2026-08-29 07:39:32,11834.91,453631,2268,632.0015,598.8312,38.3,106.822136,-0.0,213.685257,2.048888,,8.447275,0.844727,6e-06,0.664417,3.0,5.0,0.6808,0.0,0.6808,99.3192,75.342926,0.474995,1.869572,0.0,0.0
2026-08-29 07:39:45,11848.21,454143,2270,709.1756,600.7026,38.3,148.108887,0.0,296.258789,2.050145,,10.676618,1.067662,7e-06,1.693951,10.0,10.0,10.937703,0.0,10.937703,89.062297,67.815574,0.421519,1.869572,0.0,0.0
2026-08-29 07:39:59,11861.65,454655,2273,766.4511,601.9623,38.3,236.024536,0.0,472.090057,2.049711,,11.449941,1.144994,4e-06,1.662458,9.0,10.0,8.547769,0.0,8.547769,91.452231,68.933257,0.491303,1.869572,0.0,0.0
2026-08-29 07:40:12,11875.1,455167,2275,282.3746,595.3713,38.3,70.701584,0.0,141.444199,2.051428,,6.371795,0.637179,3e-06,2.494179,10.0,10.0,21.270077,0.0,21.270077,78.729923,59.63899,0.615015,1.869572,0.0,0.0
2026-08-29 07:40:25,11888.6,455679,2278,450.3016,593.4953,38.3,98.650116,-0.0,197.342194,2.098371,,6.429979,0.642998,5e-06,1.714584,9.0,10.0,3.593924,0.0,3.593924,96.406076,72.833416,0.655567,1.869572,0.0,0.0
2026-08-29 07:40:39,11902.06,456191,2280,555.6016,593.3943,38.3,105.272934,0.0,210.588531,2.133403,,8.231158,0.823116,5e-06,2.233199,10.0,10.0,7.600773,0.0,7.600773,92.399227,70.945907,0.51881,1.869572,0.0,0.0
2026-08-29 07:40:52,11915.48,456703,2283,797.2917,594.5068,38.3,189.835876,-0.0,379.714935,2.159316,,11.164781,1.116478,4e-06,1.888722,9.0,10.0,5.189525,0.0,5.189525,94.810475,71.799121,0.476754,1.869572,0.0,0.0
2026-08-29 07:41:06,11928.8,457215,2286,683.6316,594.4298,38.3,197.560638,-0.0,395.164886,2.18007,,9.338774,0.933877,6e-06,0.784231,3.0,10.0,2.119935,0.0,2.119935,97.880065,74.640827,0.535819,1.869572,0.0,0.0
2026-08-29 07:41:19,11942.27,457727,2288,260.0087,590.1104,38.3,64.09594,-0.0,128.235672,2.189688,,5.190025,0.519002,2e-06,3.133974,10.0,10.0,14.359094,0.0,14.359094,85.640906,65.18542,0.576448,1.869572,0.0,0.0
2026-08-29 07:41:33,11955.61,458239,2291,346.2515,587.2041,38.3,71.112602,0.0,142.26918,2.198679,,6.061051,0.606105,3e-06,2.969538,10.0,10.0,11.978866,0.0,11.978866,88.021134,65.782096,0.587621,1.869572,0.0,0.0
2026-08-29 07:41:46,11968.88,458751,2293,412.4391,586.2813,38.3,111.795677,0.0,223.635284,2.196731,,6.542506,0.654251,4e-06,2.760343,10.0,10.0,9.386282,0.0,9.386282,90.613718,68.627819,0.601525,1.869572,0.0,0.0
2026-08-29 07:41:59,11982.23,459263,2296,456.6797,583.5734,38.3,90.201027,0.0,180.445755,2.18487,,6.71427,0.671427,3e-06,1.81796,10.0,10.0,5.674588,0.0,5.674588,94.325412,72.413518,0.547779,1.869572,0.0,0.0
2026-08-29 07:42:12,11995.48,459775,2298,915.1891,586.0102,38.3,317.277435,-0.0,634.598145,2.16319,,12.786455,1.278645,3e-06,2.171155,9.0,10.0,2.203579,0.0,2.203579,97.796421,74.363359,0.51206,1.869572,0.0,0.0
2026-08-29 07:42:26,12008.7,460287,2301,761.2533,588.3178,38.3,240.351959,0.0,480.746674,2.137498,,11.329372,1.132937,3e-06,1.977555,10.0,10.0,5.822334,0.0,5.822334,94.177666,72.027365,0.511355,1.869572,0.0,0.0
2026-08-29 07:42:39,12021.99,460799,2304,543.8508,587.7039,38.3,124.313736,0.0,248.669632,2.108368,,9.003575,0.900357,2e-06,2.123324,10.0,10.0,14.174909,0.0,14.174909,85.825091,65.332608,0.446758,1.869572,0.0,0.0
2026-08-29 07:42:52,12035.17,461311,2306,624.2648,586.8614,38.3,115.386559,-0.0,230.814728,2.08055,,9.450611,0.945061,2e-06,1.690075,10.0,10.0,8.277395,0.0,8.277395,91.722605,70.242747,0.422639,1.869572,0.0,0.0
2026-08-29 07:43:05,12048.38,461823,2309,658.9554,588.0586,38.3,160.194321,0.0,320.429718,2.053442,,9.797208,0.979721,3e-06,1.175161,9.0,10.0,6.810368,0.0,6.810368,93.189632,70.891768,0.419261,1.869572,0.0,0.0
2026-08-29 07:43:19,12061.66,462335,2311,467.2009,585.7753,38.3,82.05481,-0.0,164.150024,2.020628,,8.48213,0.848213,1e-06,2.433558,10.0,10.0,17.691718,0.0,17.691718,82.308282,62.555383,0.432197,1.869572,0.0,0.0
2026-08-29 07:43:32,12074.97,462847,2314,719.3514,586.2079,38.3,177.361588,0.0,354.763092,1.996218,,11.182489,1.118249,2e-06,2.119122,10.0,10.0,10.065244,0.0,10.065244,89.934756,67.884777,0.411219,1.982808,0.0,0.0
2026-08-29 07:43:45,12088.34,463359,2316,690.2556,588.7505,38.3,159.054474,0.0,318.148438,1.975231,,9.530119,0.953012,2e-06,1.738308,9.0,10.0,1.399582,0.0,1.399582,98.600418,75.151861,0.424025,1.982808,0.0,0.0
2026-08-29 07:43:59,12101.72,463871,2319,269.0143,586.8046,38.3,60.183537,-0.0,120.406166,1.954819,,4.268931,0.426893,2e-06,1.849505,10.0,10.0,5.83037,0.0,5.83037,94.16963,71.726613,0.479554,1.982808,0.0,0.0
2026-08-29 07:44:12,12115.09,464383,2321,255.8011,585.978,38.3,46.673084,-0.0,93.38488,1.93544,,4.146763,0.414676,2e-06,1.511164,9.0,10.0,6.213382,0.0,6.213382,93.786618,72.322124,0.481821,1.982808,0.0,0.0
2026-08-29 07:44:25,12128.55,464895,2324,320.9372,583.5828,38.3,65.086273,-0.0,130.21077,1.911177,,5.195039,0.519504,2e-06,1.391845,10.0,10.0,7.591498,0.0,7.591498,92.408502,70.465386,0.428992,1.982808,0.0,0.0
2026-08-29 07:44:39,12141.89,465407,2327,391.9038,579.5735,38.3,53.582539,0.0,107.202835,1.887869,,6.146317,0.614632,1e-06,1.747101,10.0,10.0,6.546557,0.0,6.546557,93.453443,71.735376,0.421175,1.982808,0.0,0.0
2026-08-29 07:44:52,12155.3,465919,2329,379.5271,576.9969,38.3,46.737789,0.0,93.512955,1.868784,,6.290134,0.629013,1e-06,2.284983,10.0,10.0,9.664301,0.0,9.664301,90.335699,68.203292,0.41054,1.982808,0.0,0.0
2026-08-29 07:45:06,12168.77,466431,2332,408.9899,574.819,38.3,81.405754,-0.0,162.848572,1.853456,,7.933557,0.793356,1e-06,2.260688,10.0,10.0,17.584657,0.0,17.584657,82.415343,61.964561,0.403661,1.982808,0.0,0.0
2026-08-29 07:45:19,12182.18,466943,2334,651.1493,573.6066,38.3,159.132126,0.0,318.301178,1.845891,,9.966822,0.996682,4e-06,0.40983,2.0,9.0,5.57894,0.0,5.57894,94.42106,71.963038,0.386815,1.982808,0.0,0.0
2026-08-29 07:45:32,12195.5,467455,2337,523.7538,571.8217,38.3,73.087227,-0.0,146.211212,1.837728,,7.96987,0.796987,2e-06,2.116797,10.0,10.0,6.496097,0.0,6.496097,93.503903,69.99748,0.387914,1.982808,0.0,0.0
2026-08-29 07:45:46,12208.77,467967,2339,793.2533,575.4424,38.3,185.596634,-0.0,371.229858,1.8294,,11.105937,1.110594,3e-06,0.825583,4.0,7.0,0.0,0.0,0.0,100.0,75.555335,0.38754,1.982808,0.0,0.0
2026-08-29 07:45:59,12222.1,468479,2342,577.2793,573.5834,38.3,109.398499,0.0,218.833496,1.824905,,9.79744,0.979744,1e-06,1.709921,10.0,10.0,13.326995,0.0,13.326995,86.673005,65.291062,0.423751,1.982808,0.0,0.0
2026-08-29 07:46:12,12235.46,468991,2344,519.6561,569.9436,38.3,91.881866,0.0,183.800171,1.821707,,7.385136,0.738514,2e-06,1.705181,9.0,10.0,3.101828,0.0,3.101828,96.898172,74.159156,0.397982,1.982808,0.0,0.0
2026-08-29 07:46:26,12248.81,469503,2347,386.3188,567.4948,38.3,61.038544,-0.0,122.113426,1.816784,,6.001388,0.600139,2e-06,2.372374,10.0,10.0,7.042755,0.0,7.042755,92.957245,69.917542,0.424187,1.982808,0.0,0.0
2026-08-29 07:46:39,12262.19,470015,2350,686.6939,567.3474,38.3,134.027695,0.0,268.091705,1.81629,,10.757024,1.075702,1e-06,2.577882,10.0,10.0,10.213228,0.0,10.213228,89.786772,67.915972,0.366059,1.982808,0.0,0.0
2026-08-29 07:46:53,12275.62,470527,2352,554.5009,565.0246,38.3,113.686577,0.0,227.40947,1.815488,,10.260845,1.026085,1e-06,3.032881,10.0,10.0,18.313233,0.0,18.313233,81.686767,61.699266,0.367821,1.982808,0.0,0.0
2026-08-29 07:47:06,12289.04,471039,2355,510.0595,565.1271,38.3,115.716713,0.0,231.469849,1.820884,,8.496055,0.849606,1e-06,2.010373,10.0,10.0,10.504324,0.0,10.504324,89.495676,67.764819,0.388643,1.982808,0.0,0.0
2026-08-29 07:47:19,12302.41,471551,2357,382.5033,562.9771,38.3,70.126884,0.0,140.290314,1.827327,,6.807033,0.680703,2e-06,1.613099,10.0,10.0,12.949817,0.0,12.949817,87.050183,66.971243,0.389511,1.982808,0.0,0.0
2026-08-29 07:47:33,12315.75,472063,2360,359.6348,557.7718,38.3,52.208511,-0.0,104.453651,1.831454,,5.434258,0.543426,3e-06,0.566566,3.0,10.0,5.10669,0.0,5.10669,94.89331,72.534296,0.411264,1.982808,0.0,0.0
2026-08-29 07:47:46,12329.2,472575,2362,481.4056,553.5488,38.3,98.682213,0.0,197.401108,1.833795,,7.998096,0.79981,1e-06,1.351991,10.0,10.0,10.481192,0.0,10.481192,89.518808,67.944148,0.393816,1.982808,0.0,0.0
2026-08-29 07:47:59,12342.51,473087,2365,632.1536,550.5918,38.3,158.841019,0.0,317.718811,1.838563,,9.549225,0.954923,2e-06,1.204226,8.0,10.0,6.878297,0.0,6.878297,93.121703,71.37208,0.394349,1.982808,0.0,0.0
2026-08-29 07:48:13,12355.82,473599,2368,611.4663,548.7135,38.3,127.696846,-0.0,255.430588,1.844617,,8.551961,0.855196,2e-06,1.144873,7.0,10.0,1.381755,0.0,1.381755,98.618245,74.976114,0.398525,1.982808,0.0,0.0
2026-08-29 07:48:26,12369.15,474111,2370,575.0789,547.7332,38.3,95.528923,0.0,191.094803,1.847749,,8.748126,0.874813,2e-06,1.474592,10.0,10.0,8.275641,0.0,8.275641,91.724359,68.92233,0.367357,1.982808,0.0,0.0
2026-08-29 07:48:39,12382.55,474623,2373,639.3163,545.2608,38.3,160.753693,0.0,321.544434,1.852859,,10.038824,1.003882,1e-06,2.184556,10.0,10.0,9.577261,0.0,9.577261,90.422739,67.570448,0.379839,1.982808,0.0,0.0
2026-08-29 07:48:53,12395.85,475135,2375,726.3159,548.9911,38.3,144.708878,-0.0,289.454926,1.85897,,11.1262,1.11262,2e-06,0.95487,7.0,10.0,8.422022,0.0,8.422022,91.577978,69.759864,0.360675,1.890767,0.0,0.0
2026-08-29 07:49:06,12409.09,475647,2378,448.3598,549.5259,38.3,69.384521,0.0,138.806381,1.866607,,7.514277,0.751428,1e-06,1.690497,10.0,10.0,11.285234,0.0,11.285234,88.714766,67.249947,0.399644,1.890767,0.0,0.0
2026-08-29 07:49:19,12422.3,476159,2380,474.5359,548.5991,38.3,67.879799,-0.0,135.797043,1.872026,,7.457388,0.745739,2e-06,1.476693,10.0,10.0,8.572062,0.0,8.572062,91.427938,69.330707,0.409507,1.890767,0.0,0.0
2026-08-29 07:49:32,12435.56,476671,2383,604.7559,545.9429,38.3,124.282379,0.0,248.602249,1.874471,,9.597515,0.959751,1e-06,2.186065,10.0,10.0,9.986644,0.0,9.986644,90.013356,68.113111,0.422894,1.890767,0.0,0.0
2026-08-29 07:49:46,12448.8,477183,2385,494.6227,543.2599,38.3,138.863556,-0.0,277.76474,1.880705,,8.292283,0.829228,1e-06,1.87095,10.0,10.0,13.014989,0.0,13.014989,86.985011,66.236661,0.395418,1.890767,0.0,0.0
2026-08-29 07:49:59,12462.01,477695,2388,347.5037,538.501,38.3,80.236237,0.0,160.510254,1.889034,,5.199179,0.519918,2e-06,1.379554,10.0,10.0,5.021688,0.0,5.021688,94.978312,72.717785,0.445235,1.890767,0.0,0.0
2026-08-29 07:50:12,12475.44,478207,2391,228.9175,533.2082,38.3,52.593769,-0.0,105.224037,1.824841,,4.481007,0.448101,1e-06,2.382688,10.0,10.0,11.278919,0.0,11.278919,88.721081,67.629659,0.440479,1.890767,0.0,0.0
2026-08-29 07:50:26,12488.77,478719,2393,294.2044,530.28,38.3,47.474632,-0.0,94.984436,1.758568,,5.53163,0.553163,1e-06,2.711251,10.0,10.0,12.553329,0.0,12.553329,87.446671,66.283351,0.414299,1.890767,0.0,0.0
2026-08-29 07:50:39,12502.06,479231,2396,244.8253,525.9678,38.3,53.805363,-0.0,107.645058,1.716517,,4.901161,0.490116,1e-06,2.245975,10.0,10.0,12.90852,0.0,12.90852,87.09148,65.805617,0.409904,1.890767,0.0,0.0
2026-08-29 07:50:52,12515.46,479743,2398,353.1375,523.2234,38.3,44.901897,0.0,89.837326,1.676487,,5.489527,0.548953,2e-06,2.68798,10.0,10.0,5.859822,0.0,5.859822,94.140178,71.770435,0.397882,1.890767,0.0,0.0
2026-08-29 07:51:06,12528.95,480255,2401,294.5037,519.4178,38.3,76.634209,-0.0,153.30127,1.642807,,6.051726,0.605173,1e-06,2.282703,10.0,10.0,16.514979,0.0,16.514979,83.485021,62.088304,0.382449,1.890767,0.0,0.0
2026-08-29 07:51:19,12542.39,480767,2403,140.1089,514.9201,38.3,78.256294,-0.0,156.545013,1.621378,,5.697446,0.569745,0.0,2.018297,10.0,10.0,29.094839,0.0,29.094839,70.905161,53.33257,0.384156,1.890767,0.0,0.0
2026-08-29 07:51:33,12555.79,481279,2406,388.8958,514.8536,38.3,76.874062,-0.0,153.780197,1.603559,,7.626001,0.7626,1e-06,1.385378,10.0,10.0,17.80165,0.0,17.80165,82.19835,61.381296,0.365535,1.890767,0.0,0.0
2026-08-29 07:51:46,12569.23,481791,2408,549.0487,516.2952,38.3,87.787369,0.0,175.606506,1.588766,,9.47442,0.947442,1e-06,1.525076,10.0,10.0,13.751335,0.0,13.751335,86.248665,65.064019,0.378047,1.890767,0.0,0.0
2026-08-29 07:52:00,12582.67,482303,2411,407.2095,512.8997,38.3,72.094154,0.0,144.219879,1.578469,,7.818569,0.781857,1e-06,1.795414,10.0,10.0,17.370512,0.0,17.370512,82.629488,61.75363,0.362816,1.890767,0.0,0.0
2026-08-29 07:52:13,12596.13,482815,2414,592.9102,513.1716,38.3,105.010979,-0.0,210.053421,1.573456,,9.584182,0.958418,1e-06,2.460093,10.0,10.0,10.151257,0.0,10.151257,89.848743,67.324043,0.366831,1.890767,0.0,0.0
2026-08-29 07:52:26,12609.44,483327,2416,699.4825,518.4685,38.3,138.928574,-0.0,277.888519,1.568345,,10.907655,1.090765,2e-06,0.717245,6.0,10.0,8.231934,0.0,8.231934,91.768066,69.939139,0.357093,1.890767,0.0,0.0
2026-08-29 07:52:40,12622.96,483839,2419,289.9136,518.421,38.3,65.009727,-0.0,130.050827,1.568452,,6.817782,0.681778,1e-06,3.091566,10.0,10.0,22.789656,0.0,22.789656,77.210344,56.34102,0.371358,1.890767,0.0,0.0
2026-08-29 07:52:53,12636.3,484351,2421,459.6708,516.5669,38.3,96.351555,0.0,192.734421,1.565732,,9.669718,0.966972,1e-06,2.660133,10.0,10.0,22.826426,0.0,22.826426,77.173574,58.644857,0.366415,1.890767,0.0,0.0
2026-08-29 07:53:06,12649.46,484863,2424,729.3671,513.8439,38.3,177.86351,-0.0,355.758453,1.57167,,10.64353,1.064353,4e-06,0.738274,5.0,10.0,2.049596,0.0,2.049596,97.950404,74.91994,0.377768,1.890767,0.0,0.0
2026-08-29 07:53:20,12662.63,485375,2426,534.5064,512.5265,38.3,146.293701,-0.0,292.618896,1.575179,,9.668947,0.966895,1e-06,1.654555,10.0,10.0,15.101888,0.0,15.101888,84.898112,63.727759,0.371277,1.890767,0.0,0.0
2026-08-29 07:53:33,12675.87,485887,2429,510.5452,513.1099,38.3,123.272423,-0.0,246.576523,1.583549,,9.03427,0.903427,1e-06,0.573397,2.0,10.0,13.809177,0.0,13.809177,86.190823,64.838932,0.360529,1.890767,0.0,0.0
2026-08-29 07:53:46,12689.16,486399,2432,760.9826,514.9653,38.3,186.197372,-0.0,372.426483,1.586702,,12.015468,1.201547,1e-06,1.243366,10.0,10.0,9.940894,0.0,9.940894,90.059106,68.099038,0.349361,1.890767,0.0,0.0
2026-08-29 07:53:59,12702.48,486911,2434,639.9307,516.8727,38.3,112.03566,-0.0,224.103195,1.594153,,9.744064,0.974406,2e-06,1.40816,10.0,10.0,6.980813,0.0,6.980813,93.019187,70.476089,0.358879,1.890767,0.0,0.0
2026-08-29 07:54:13,12715.71,487423,2437,547.7736,517.0607,38.3,84.063225,-0.0,168.158569,1.605875,,7.428625,0.742862,3e-06,0.615825,3.0,9.0,0.170862,0.0,0.170862,99.829138,76.499145,0.373371,1.890767,0.0,0.0
2026-08-29 07:54:26,12729.02,487935,2439,563.3255,513.7102,38.3,87.91243,-0.0,175.85701,1.607875,,8.10258,0.810258,2e-06,1.001254,5.0,10.0,2.586403,0.0,2.586403,97.413597,74.582699,0.364617,2.386895,0.0,0.0
2026-08-29 07:54:39,12742.29,488447,2442,587.772,512.3507,38.3,107.155327,0.0,214.343002,1.61734,,8.00216,0.800216,3e-06,0.393412,2.0,5.0,0.390175,0.0,0.390175,99.609825,76.056577,0.346903,2.386895,0.0,0.0
2026-08-29 07:54:53,12755.65,488959,2444,510.531,511.9568,38.3,120.778648,0.0,241.589706,1.62018,,8.743981,0.874398,2e-06,1.096522,10.0,10.0,10.190142,0.0,10.190142,89.809858,68.797494,0.359872,2.386895,0.0,0.0
2026-08-29 07:55:06,12769.1,489471,2447,538.0752,511.8971,38.3,145.239731,0.0,290.512024,1.62736,,9.44984,0.944984,1e-06,3.219583,10.0,10.0,10.647609,0.0,10.647609,89.352391,67.155502,0.385039,2.386895,0.0,0.0
2026-08-29 07:55:19,12782.52,489983,2449,606.6183,513.9213,38.3,125.642532,0.0,251.317657,1.629648,,10.214199,1.02142,1e-06,1.619663,10.0,10.0,9.908362,0.0,9.908362,90.091638,68.579952,0.357401,2.386895,0.0,0.0
2026-08-29 07:55:33,12795.88,490495,2452,635.8623,515.5579,38.3,126.628029,-0.0,253.288925,1.643028,,9.149067,0.914907,2e-06,1.376097,9.0,10.0,2.374263,0.0,2.374263,97.625737,74.349198,0.36415,2.386895,0.0,0.0
2026-08-29 07:55:46,12809.15,491007,2455,464.7679,513.5397,38.3,69.383301,0.0,138.799637,1.651685,,6.258837,0.625884,6e-06,0.11345,1.0,1.0,0.0,0.0,0.0,100.0,76.267504,0.374739,2.386895,0.0,0.0
2026-08-29 07:55:59,12822.43,491519,2457,512.1354,512.2845,38.3,65.797386,0.0,131.627945,1.658681,,7.680548,0.768055,2e-06,1.398717,10.0,10.0,5.054631,0.0,5.054631,94.945369,71.838048,0.375778,2.386895,0.0,0.0
2026-08-29 07:56:13,12835.79,492031,2460,596.5689,515.3284,38.3,121.660248,-0.0,243.353867,1.66883,,9.683189,0.968319,2e-06,0.842134,7.0,10.0,9.072238,0.0,9.072238,90.927762,68.048065,0.358109,2.386895,0.0,0.0
2026-08-29 07:56:26,12849.05,492543,2462,331.6098,515.388,38.3,65.044022,-0.0,130.121582,1.676813,,6.474837,0.647484,2e-06,1.109541,9.0,10.0,12.564591,0.0,12.564591,87.435409,67.148096,0.368376,2.386895,0.0,0.0
2026-08-29 07:56:39,12862.28,493055,2465,311.4389,510.8867,38.3,85.806122,-0.0,171.646637,1.719617,,5.999859,0.599986,2e-06,1.036869,10.0,10.0,10.454963,0.0,10.454963,89.545037,67.845765,0.395834,2.386895,0.0,0.0
2026-08-29 07:56:53,12875.61,493567,2467,319.4183,507.9866,38.3,53.414173,-0.0,106.863441,1.754616,,6.500475,0.650047,1e-06,1.9545,10.0,10.0,13.96556,0.0,13.96556,86.03444,65.639719,0.410485,2.386895,0.0,0.0
2026-08-29 07:57:06,12888.92,494079,2470,384.3777,507.6933,38.3,75.284286,0.0,150.603867,1.765012,,7.065401,0.70654,1e-06,2.504738,10.0,10.0,11.899489,0.0,11.899489,88.100511,66.400044,0.399407,2.386895,0.0,0.0
2026-08-29 07:57:19,12902.22,494591,2472,289.5426,504.8372,38.3,76.913597,-0.0,153.862686,1.774367,,6.010294,0.601029,1e-06,1.696416,10.0,10.0,13.224882,0.0,13.224882,86.775118,65.420236,0.405438,2.386895,0.0,0.0
2026-08-29 07:57:32,12915.43,495103,2475,195.9919,501.0159,38.3,50.779175,0.0,101.594276,1.796174,,4.539148,0.453915,2e-06,1.269965,9.0,10.0,12.055976,0.0,12.055976,87.944024,66.859169,0.443292,2.386895,0.0,0.0
2026-08-29 07:57:46,12928.71,495615,2478,503.7482,499.8311,38.3,112.776665,0.0,225.589508,1.809012,,7.723657,0.772366,2e-06,1.720274,9.0,10.0,7.065635,0.0,7.065635,92.934365,70.735779,0.369124,2.386895,0.0,0.0
2026-08-29 07:57:59,12942.18,496127,2480,528.526,499.3516,38.3,100.745064,0.0,201.52652,1.819761,,10.707399,1.07074,1e-06,2.730081,10.0,10.0,20.803646,0.0,20.803646,79.196354,59.833629,0.391084,2.386895,0.0,0.0
2026-08-29 07:58:12,12955.46,496639,2483,654.071,503.0416,38.3,131.279434,-0.0,262.595612,1.836759,,9.310784,0.931078,3e-06,1.164756,9.0,10.0,2.598639,0.0,2.598639,97.401361,74.047436,0.392074,2.386895,0.0,0.0
2026-08-29 07:58:26,12968.79,497151,2485,376.7233,503.0733,38.3,65.333916,0.0,130.704712,1.844169,,7.069437,0.706944,2e-06,1.573136,10.0,10.0,12.726042,0.0,12.726042,87.273958,65.707236,0.396355,2.386895,0.0,0.0
2026-08-29 07:58:39,12982.18,497663,2488,634.0069,504.0124,38.3,169.111115,-0.0,338.259186,1.847952,,8.856066,0.885607,3e-06,0.750754,4.0,10.0,2.749966,0.0,2.749966,97.250034,74.152461,0.392714,2.386895,0.0,0.0
2026-08-29 07:58:52,12995.59,498175,2490,493.913,498.0838,38.3,106.729355,0.0,213.495605,1.845018,,9.636797,0.96368,1e-06,2.654205,10.0,10.0,17.402548,0.0,17.402548,82.597452,62.33532,0.431957,2.386895,0.0,0.0
2026-08-29 07:59:06,13008.94,498687,2493,458.0846,496.3105,38.3,111.467819,-0.0,222.972656,1.851137,,6.995264,0.699526,3e-06,1.120917,9.0,10.0,4.10472,0.0,4.10472,95.89528,72.8697,0.448515,2.386895,0.0,0.0
2026-08-29 07:59:19,13022.25,499199,2496,544.8057,499.4872,38.3,86.60994,-0.0,173.256943,1.853299,,7.878666,0.787867,4e-06,0.424717,2.0,10.0,2.839216,0.0,2.839216,97.160784,74.05022,0.435104,2.386895,0.0,0.0
2026-08-29 07:59:33,13035.64,499711,2498,742.1596,503.3255,38.3,154.5159,-0.0,309.068909,1.855338,,10.263268,1.026327,2e-06,1.147718,8.0,10.0,1.252666,0.0,1.252666,98.747334,74.364631,0.375841,2.386895,0.0,0.0
2026-08-29 07:59:46,13049.0,500223,2501,734.271,506.7082,38.3,187.965225,0.0,375.967621,1.857994,,10.613528,1.061353,2e-06,1.211043,10.0,10.0,4.575437,0.0,4.575437,95.424563,72.314752,0.388542,2.307946,0.0,0.0
2026-08-29 07:59:59,13062.33,500735,2503,441.8511,508.319,38.3,73.144951,-0.0,146.327103,1.859817,,7.476608,0.747661,2e-06,1.580453,10.0,10.0,10.016608,0.0,10.016608,89.983392,68.203391,0.399028,2.307946,0.0,0.0
2026-08-29 08:00:12,13075.57,501247,2506,512.9244,508.5733,38.3,105.934166,0.0,211.905624,1.864354,,7.796666,0.779667,3e-06,0.78151,5.0,10.0,6.096414,0.0,6.096414,93.903586,71.333773,0.407536,2.307946,0.0,0.0
2026-08-29 08:00:26,13088.7,501759,2508,655.1023,510.717,38.3,177.448135,-0.0,354.933655,1.868731,,9.177242,0.917724,3e-06,0.680149,4.0,10.0,1.531603,0.0,1.531603,98.468397,75.165433,0.40895,2.307946,0.0,0.0
2026-08-29 08:00:39,13102.02,502271,2511,275.2929,509.1781,38.3,54.931847,-0.0,109.9011,1.870271,,5.889222,0.588922,1e-06,2.629903,10.0,10.0,14.829167,0.0,14.829167,85.170833,63.417649,0.439242,2.307946,0.0,0.0
2026-08-29 08:00:52,13115.31,502783,2513,630.191,510.2645,38.3,171.136292,0.0,342.310028,1.871496,,10.912583,1.091258,2e-06,1.45484,10.0,10.0,13.888511,0.0,13.888511,86.111489,65.774121,0.417162,2.307946,0.0,0.0
2026-08-29 08:01:06,13128.7,503295,2516,683.1153,512.463,38.3,160.640747,0.0,321.31897,1.873041,,11.718996,1.1719,1e-06,1.901556,10.0,10.0,15.38196,0.0,15.38196,84.61804,63.662193,0.399016,2.307946,0.0,0.0
2026-08-29 08:01:19,13141.98,503807,2519,827.075,513.8988,38.3,288.686646,0.0,577.410828,1.877971,,12.522918,1.252292,2e-06,1.822706,10.0,10.0,4.276706,0.0,4.276706,95.723294,72.377537,0.433912,2.307946,0.0,0.0
2026-08-29 08:01:32,13155.33,504319,2521,701.5763,516.5043,38.3,183.464355,-0.0,366.966278,1.878531,,11.998927,1.199893,1e-06,1.691853,10.0,10.0,12.687122,0.0,12.687122,87.312878,65.880475,0.393953,2.307946,0.0,0.0
2026-08-29 08:01:46,13168.69,504831,2524,393.0141,514.1144,38.3,71.165619,-0.0,142.368912,1.883475,,7.310938,0.731094,1e-06,2.327716,10.0,10.0,14.13319,0.0,14.13319,85.86681,64.48811,0.413614,2.307946,0.0,0.0
2026-08-29 08:01:59,13182.09,505343,2526,208.2493,509.1051,38.3,40.221527,-0.0,80.48101,1.897845,,3.470158,0.347016,4e-06,0.618396,4.0,10.0,4.969567,0.0,4.969567,95.030433,73.342576,0.504526,2.307946,0.0,0.0
2026-08-29 08:02:12,13195.41,505855,2529,337.5885,504.8165,38.3,80.939148,0.0,161.916489,1.909741,,4.680121,0.468012,4e-06,0.391125,2.0,4.0,1.080674,0.0,1.080674,98.919326,75.561675,0.495888,2.307946,0.0,0.0
2026-08-29 08:02:26,13208.66,506367,2531,467.3127,506.6659,38.3,74.774773,0.0,149.587875,1.916835,,6.864033,0.686403,3e-06,0.768224,4.0,10.0,3.746752,0.0,3.746752,96.253248,74.019062,0.473326,2.307946,0.0,0.0
2026-08-29 08:02:39,13221.98,506879,2534,484.6115,507.009,38.3,91.541855,0.0,183.122238,1.926245,,7.576659,0.757666,2e-06,1.629485,10.0,10.0,6.485806,0.0,6.485806,93.514194,71.18857,0.475825,2.307946,0.0,0.0
2026-08-29 08:02:52,13235.42,507391,2536,549.8807,506.9518,38.3,167.98027,-0.0,335.999146,1.93084,,9.902056,0.990206,1e-06,1.914145,10.0,10.0,16.328046,0.0,16.328046,83.671954,63.723124,0.430092,2.307946,0.0,0.0
2026-08-29 08:03:06,13248.85,507903,2539,620.895,505.1878,38.3,159.757431,0.0,319.553558,1.934535,,11.331872,1.133187,1e-06,3.398892,10.0,10.0,18.66836,0.0,18.66836,81.33164,60.803836,0.417952,2.307946,0.0,0.0
2026-08-29 08:03:19,13262.2,508415,2542,618.0548,504.5321,38.3,121.004562,-0.0,242.048004,1.944099,,9.586942,0.958694,3e-06,1.252854,9.0,10.0,8.442151,0.0,8.442151,91.557849,69.573785,0.415143,2.307946,0.0,0.0
2026-08-29 08:03:32,13275.52,508927,2544,250.6679,504.4386,38.3,65.591934,-0.0,131.222839,1.948538,,6.91863,0.691863,1e-06,1.857621,10.0,10.0,22.872458,0.0,22.872458,77.127542,58.093065,0.437758,2.307946,0.0,0.0
2026-08-29 08:03:46,13288.78,509439,2547,677.4611,507.7507,38.3,172.083649,0.0,344.20639,1.95533,,10.260054,1.026005,3e-06,1.019267,9.0,10.0,7.543564,0.0,7.543564,92.456436,70.834594,0.408795,2.307946,0.0,0.0
2026-08-29 08:03:59,13301.99,509951,2549,601.3913,509.6403,38.3,132.582153,0.0,265.203461,1.957607,,9.84365,0.984365,2e-06,1.381309,10.0,10.0,9.990868,0.0,9.990868,90.009132,68.127146,0.423196,2.307946,0.0,0.0
2026-08-29 08:04:12,13315.2,510463,2552,520.5924,510.2794,38.3,100.455772,0.0,200.950806,1.963045,,8.37995,0.837995,2e-06,1.436093,10.0,10.0,9.350162,0.0,9.350162,90.649838,68.460135,0.403101,2.307946,0.0,0.0
2026-08-29 08:04:25,13328.41,510975,2554,386.3343,504.9908,38.3,55.242332,0.0,110.524071,1.970308,,6.010875,0.601088,3e-06,0.970582,9.0,10.0,5.660439,0.0,5.660439,94.339561,72.333936,0.450475,2.307946,0.0,0.0
2026-08-29 08:04:39,13341.66,511487,2557,386.3312,501.2416,38.3,68.006943,-0.0,136.053375,1.974667,,7.075621,0.707562,2e-06,1.099362,9.0,10.0,12.728077,0.0,12.728077,87.271923,65.911409,0.389632,2.307946,0.0,0.0
2026-08-29 08:04:52,13354.97,511999,2560,636.9746,502.1729,38.3,140.065659,0.0,280.170868,1.977118,,11.518955,1.151896,1e-06,2.325323,10.0,10.0,16.376794,0.0,16.376794,83.623206,62.830107,0.438053,2.307946,0.0,0.0
2026-08-29 08:05:05,13368.31,512511,2562,691.6254,502.8465,38.3,172.9366,-0.0,345.912903,1.985089,,10.128549,1.012855,5e-06,0.730895,9.0,10.0,4.890686,0.0,4.890686,95.109314,71.9379,0.42228,2.476358,0.0,0.0
2026-08-29 08:05:19,13381.84,513023,2565,64.3879,496.9008,38.3,101.474342,-0.0,202.988388,1.985154,,4.890498,0.48905,1e-06,2.830176,10.0,10.0,24.86177,0.0,24.86177,75.13823,55.40692,0.498596,2.476358,0.0,0.0
2026-08-29 08:05:32,13395.19,513535,2567,424.1571,496.4703,38.3,62.492237,-0.0,125.024246,1.988719,,6.551484,0.655148,2e-06,2.06846,10.0,10.0,6.503528,0.0,6.503528,93.496472,70.544883,0.446951,2.476358,0.0,0.0
2026-08-29 08:05:45,13408.51,514047,2570,473.5257,494.0121,38.3,88.482452,0.0,177.004715,1.990772,,6.833922,0.683392,3e-06,1.249782,8.0,10.0,3.635714,0.0,3.635714,96.364286,73.319047,0.464591,2.476358,0.0,0.0
2026-08-29 08:05:59,13421.88,514559,2572,393.8122,491.0477,38.3,102.98391,-0.0,206.007568,1.987513,,7.900978,0.790098,1e-06,1.524916,10.0,10.0,15.204129,0.0,15.204129,84.795871,63.935321,0.447848,2.476358,0.0,0.0
2026-08-29 08:06:12,13435.31,515071,2575,485.3026,493.2105,38.3,96.742081,0.0,193.523926,1.988013,,8.692678,0.869268,1e-06,2.413834,10.0,10.0,12.956279,0.0,12.956279,87.043721,64.487549,0.444452,2.476358,0.0,0.0
2026-08-29 08:06:26,13448.62,515583,2577,592.298,496.5755,38.3,120.007088,0.0,240.053955,1.989296,,8.822848,0.882285,3e-06,1.423177,10.0,10.0,5.030949,0.0,5.030949,94.969051,72.237753,0.437907,2.476358,0.0,0.0
2026-08-29 08:06:39,13461.97,516095,2580,731.3176,500.6793,38.3,161.727615,-0.0,323.495026,1.989599,,9.850873,0.985087,3e-06,1.253512,9.0,10.0,1.264973,0.0,1.264973,98.735027,75.305623,0.448181,2.476358,0.0,0.0
2026-08-29 08:06:52,13475.31,516607,2583,437.9932,501.1402,38.3,73.804886,0.0,147.649536,1.988087,,6.78648,0.678648,3e-06,1.320835,10.0,10.0,6.264743,0.0,6.264743,93.735257,71.274554,0.459269,2.476358,0.0,0.0
2026-08-29 08:07:06,13488.65,517119,2585,307.8675,500.4236,38.3,72.270393,-0.0,144.580475,1.9847,,6.778011,0.677801,1e-06,1.164416,9.0,10.0,16.469682,0.0,16.469682,83.530318,62.862283,0.431011,2.476358,0.0,0.0
2026-08-29 08:07:19,13501.91,517631,2588,603.9704,502.3734,38.3,144.614502,-0.0,289.268646,1.98254,,10.620166,1.062017,2e-06,1.407674,10.0,10.0,14.742061,0.0,14.742061,85.257939,64.141614,0.393302,2.476358,0.0,0.0
2026-08-29 08:07:32,13515.13,518143,2590,677.1346,502.6333,38.3,134.186691,0.0,268.413055,1.983136,,10.697035,1.069703,3e-06,1.411,10.0,10.0,10.121967,0.0,10.121967,89.878033,68.48925,0.417128,2.476358,0.0,0.0
2026-08-29 08:07:45,13528.31,518655,2593,479.4772,502.1905,38.3,139.215302,-0.0,278.470245,1.982161,,8.766394,0.876639,2e-06,1.081538,10.0,10.0,13.799843,0.0,13.799843,86.200157,65.906905,0.467564,2.476358,0.0,0.0
2026-08-29 08:07:59,13541.62,519167,2595,546.7156,499.7251,38.3,128.889236,-0.0,257.818054,1.97977,,8.854681,0.885468,3e-06,0.756898,5.0,10.0,9.320289,0.0,9.320289,90.679711,69.564968,0.431703,2.476358,0.0,0.0
2026-08-29 08:08:12,13554.9,519679,2598,589.3216,499.8455,38.3,144.900726,-0.0,289.841034,1.978336,,8.721167,0.872117,4e-06,0.638825,3.0,10.0,5.078079,0.0,5.078079,94.921921,72.609835,0.45778,2.476358,0.0,0.0
2026-08-29 08:08:25,13568.27,520191,2600,470.3623,499.3526,38.3,95.603256,0.0,191.246017,1.975513,,8.655541,0.865554,2e-06,1.672912,10.0,10.0,14.966185,0.0,14.966185,85.033815,64.312221,0.41675,2.476358,0.0,0.0
2026-08-29 08:08:38,13581.59,520703,2603,835.3952,503.8434,38.3,266.365265,0.0,532.77002,1.975124,,11.793807,1.179381,5e-06,0.91823,9.0,10.0,2.494002,0.0,2.494002,97.505998,74.553784,0.44143,2.476358,0.0,0.0
2026-08-29 08:08:52,13594.97,521215,2606,591.7762,502.8942,38.3,116.029175,-0.0,232.097763,1.97071,,10.048628,1.004863,2e-06,1.603912,10.0,10.0,13.358337,0.0,13.358337,86.641663,65.077875,0.45907,2.476358,0.0,0.0
2026-08-29 08:09:05,13608.34,521727,2608,662.75,503.9767,38.3,181.149841,0.0,362.339081,1.970068,,11.264993,1.126499,4e-06,0.79667,9.0,10.0,12.969628,0.0,12.969628,87.030372,66.396128,0.444982,2.476358,0.0,0.0
2026-08-29 08:09:19,13621.74,522239,2611,639.2007,505.2681,38.3,176.475052,0.0,352.989502,1.969902,,9.248677,0.924868,3e-06,1.925697,10.0,10.0,5.032874,0.0,5.032874,94.967126,71.997962,0.470947,2.476358,0.0,0.0
2026-08-29 08:09:32,13635.11,522751,2613,627.6737,507.7198,38.3,117.412315,0.0,234.863998,1.968553,,8.424522,0.842452,3e-06,1.145739,8.0,10.0,0.957717,0.0,0.957717,99.042283,75.252893,0.4443,2.476358,0.0,0.0
2026-08-29 08:09:45,13648.54,523263,2616,229.5378,506.4188,38.3,85.664513,-0.0,171.368332,1.965522,,6.654959,0.665496,1e-06,1.283243,10.0,10.0,22.192576,0.0,22.192576,77.807424,57.99016,0.476958,2.476358,0.0,0.0
2026-08-29 08:09:59,13661.85,523775,2618,708.8217,508.693,38.3,174.804596,0.0,349.648499,1.965394,,9.846617,0.984662,3e-06,1.521253,8.0,10.0,2.016493,0.0,2.016493,97.983507,74.691942,0.418403,2.476358,0.0,0.0
2026-08-29 08:10:12,13675.16,524287,2621,81.407,503.1855,38.3,120.001183,-0.0,240.041733,1.96808,,3.983895,0.398389,2e-06,1.809265,10.0,10.0,17.640361,0.0,17.640361,82.359639,61.760144,0.545629,2.476358,0.0,0.0
2026-08-29 08:10:25,13688.54,524799,2624,220.9348,499.2802,38.3,58.752998,-0.0,117.545372,1.968624,,3.944462,0.394446,3e-06,1.568751,10.0,10.0,6.78282,0.0,6.78282,93.21718,71.01207,0.584413,2.476358,0.0,0.0
2026-08-29 08:10:39,13701.78,525311,2626,399.6965,497.5264,38.3,73.483215,0.0,147.005798,1.968224,,5.905872,0.590587,5e-06,0.757557,6.0,10.0,3.877032,0.0,3.877032,96.122968,72.713617,0.494733,2.651595,0.0,0.0
2026-08-29 08:10:52,13715.04,525823,2629,352.2493,494.6557,38.3,64.796791,0.0,129.63298,1.97002,,6.166402,0.61664,3e-06,1.54792,10.0,10.0,8.58218,0.0,8.58218,91.41782,69.353492,0.513132,2.651595,0.0,0.0
2026-08-29 08:11:05,13728.19,526335,2631,445.0977,491.8435,38.3,83.176292,0.0,166.392059,1.973719,,7.327398,0.73274,3e-06,0.629788,3.0,10.0,8.136432,0.0,8.136432,91.863568,70.472537,0.496538,2.651595,0.0,0.0
2026-08-29 08:11:18,13741.51,526847,2634,635.7284,493.7172,38.3,155.768311,0.0,311.576233,1.98001,,9.599833,0.959983,3e-06,1.824213,10.0,10.0,5.888425,0.0,5.888425,94.111575,70.712823,0.478945,2.651595,0.0,0.0
2026-08-29 08:11:32,13754.71,527359,2636,522.9793,494.2017,38.3,103.384766,-0.0,206.80928,1.98714,,7.407585,0.740759,3e-06,1.011811,8.0,10.0,2.495351,0.0,2.495351,97.504649,74.15113,0.521786,2.651595,0.0,0.0
2026-08-29 08:11:45,13767.98,527871,2639,323.4558,491.3887,38.3,86.28627,0.0,172.61235,1.990576,,6.290149,0.629015,2e-06,2.098935,10.0,10.0,11.71538,0.0,11.71538,88.28462,66.263394,0.547874,2.651595,0.0,0.0
2026-08-29 08:11:58,13781.32,528383,2641,268.5248,489.1277,38.3,61.400841,0.0,122.84153,1.992368,,6.48579,0.648579,2e-06,2.298935,10.0,10.0,17.129092,0.0,17.129092,82.870908,62.81261,0.503408,2.651595,0.0,0.0
2026-08-29 08:12:12,13794.79,528895,2644,376.436,489.417,38.3,140.852295,0.0,281.744476,1.994569,,7.855589,0.785559,3e-06,1.111461,10.0,10.0,16.160804,0.0,16.160804,83.839196,63.240864,0.449818,2.651595,0.0,0.0
2026-08-29 08:12:25,13808.16,529407,2647,677.4273,493.9021,38.3,168.67955,-0.0,337.399078,1.999331,,10.092576,1.009258,4e-06,1.374045,10.0,10.0,5.227792,0.0,5.227792,94.772208,71.883136,0.49477,2.651595,0.0,0.0
2026-08-29 08:12:38,13821.55,529919,2649,383.4981,494.795,38.3,119.32843,0.0,238.696884,2.001061,,7.97248,0.797248,3e-06,1.530355,10.0,10.0,16.318866,0.0,16.318866,83.681134,63.336153,0.509574,2.651595,0.0,0.0
2026-08-29 08:12:52,13834.98,530431,2652,594.9488,498.2963,38.3,118.534454,-0.0,237.108963,2.002416,,9.6229,0.96229,3e-06,1.935512,10.0,10.0,9.511518,0.0,9.511518,90.488482,68.678703,0.493921,2.651595,0.0,0.0
2026-08-29 08:13:05,13848.47,530943,2654,602.61,500.791,38.3,184.133301,-0.0,368.306671,2.003618,,10.576882,1.057688,5e-06,0.328177,1.0,10.0,13.687182,0.0,13.687182,86.312818,65.383864,0.435077,2.651595,0.0,0.0
2026-08-29 08:13:19,13861.82,531455,2657,594.4694,503.7907,38.3,181.03688,0.0,362.113861,2.004267,,9.384426,0.938443,6e-06,0.567892,2.0,10.0,8.41436,0.0,8.41436,91.58564,68.876428,0.483437,2.651595,0.0,0.0
2026-08-29 08:13:32,13875.19,531967,2659,371.2419,506.102,38.3,117.765648,-0.0,235.571335,2.001748,,7.149403,0.71494,4e-06,1.355285,10.0,10.0,12.970466,0.0,12.970466,87.029534,66.721648,0.580973,2.651595,0.0,0.0
2026-08-29 08:13:46,13888.62,532479,2662,317.2118,505.3851,38.3,90.517166,0.0,181.074356,2.001038,,5.298214,0.529821,4e-06,1.262652,10.0,10.0,6.649352,0.0,6.649352,93.350648,71.104302,0.625884,2.651595,0.0,0.0
2026-08-29 08:13:59,13902.09,532991,2664,212.2105,502.0168,38.3,105.602318,-0.0,211.244537,1.995308,,6.035873,0.603587,2e-06,2.14346,10.0,10.0,18.466363,0.0,18.466363,81.533637,61.125288,0.551621,2.651595,0.0,0.0
2026-08-29 08:14:12,13915.4,533503,2667,444.1858,502.3865,38.3,112.100861,0.0,224.241577,1.992858,,7.76417,0.776417,7e-06,1.135327,10.0,10.0,10.881166,0.0,10.881166,89.118834,67.374724,0.500721,2.651595,0.0,0.0
2026-08-29 08:14:26,13928.63,534015,2670,302.6083,499.4835,38.3,177.350616,-0.0,354.741028,1.989373,,7.408951,0.740895,5e-06,1.162932,10.0,10.0,18.929415,0.0,18.929415,81.070585,60.769878,0.605314,2.651595,0.0,0.0
2026-08-29 08:14:39,13942.09,534527,2672,239.5611,494.8843,38.3,66.221817,-0.0,132.483307,1.983992,,8.421459,0.842146,1e-06,4.047354,10.0,10.0,30.443769,0.0,30.443769,69.556231,51.381447,0.569006,2.651595,0.0,0.0
2026-08-29 08:14:52,13955.41,535039,2675,544.2811,497.428,38.3,125.026054,-0.0,250.091721,1.980732,,10.408025,1.040802,4e-06,2.057158,10.0,10.0,18.123833,0.0,18.123833,81.876167,61.216937,0.563853,2.651595,0.0,0.0
2026-08-29 08:15:06,13968.79,535551,2677,33.8039,493.1693,38.3,110.888428,-0.0,221.816437,1.979132,,5.014568,0.501457,2e-06,2.003617,10.0,10.0,26.153646,0.0,26.153646,73.846354,55.529025,0.593164,2.651595,0.0,0.0
2026-08-29 08:15:19,13982.2,536063,2680,147.5382,487.351,38.3,98.845337,-0.0,197.730209,1.976632,,5.506471,0.550647,3e-06,3.439414,10.0,10.0,20.618053,0.0,20.618053,79.381947,59.215723,0.550286,2.651595,0.0,0.0
2026-08-29 08:15:33,13995.63,536575,2682,540.524,487.4112,38.3,122.731171,0.0,245.501831,1.974833,,9.003592,0.900359,6e-06,1.854365,10.0,10.0,10.38241,0.0,10.38241,89.61759,67.458301,0.601653,2.651595,0.0,0.0
2026-08-29 08:15:46,14009.02,537087,2685,709.854,489.4043,38.3,158.624695,-0.0,317.288849,1.972413,,10.577471,1.057747,6e-06,1.287422,10.0,10.0,6.423664,0.0,6.423664,93.576336,70.963143,0.540673,2.651595,0.0,0.0
2026-08-29 08:15:59,14022.33,537599,2688,665.9564,488.454,38.3,153.217606,-0.0,306.474548,1.967438,,11.156377,1.115638,4e-06,2.288063,10.0,10.0,13.699432,0.0,13.699432,86.300568,65.175848,0.502798,3.263924,0.0,0.0
2026-08-29 08:16:13,14035.89,538111,2690,104.1533,483.0962,38.3,82.064919,0.0,164.169113,1.964056,,8.8055,0.88055,2e-06,4.50715,10.0,10.0,34.604988,0.0,34.604988,65.395012,47.282214,0.505366,3.263924,0.0,0.0
2026-08-29 08:16:26,14049.45,538623,2693,320.8488,480.827,38.3,92.323212,0.0,184.685776,1.967962,,7.408331,0.740833,4e-06,2.411816,10.0,10.0,15.383048,0.0,15.383048,84.616952,63.019159,0.519979,3.263924,0.0,0.0
2026-08-29 08:16:40,14062.87,539135,2695,171.0672,476.9044,38.3,44.431767,-0.0,88.902885,1.967495,,4.473647,0.447365,5e-06,2.183751,10.0,10.0,10.742081,0.0,10.742081,89.257919,67.003287,0.653096,3.263924,0.0,0.0
2026-08-29 08:16:53,14076.29,539647,2698,257.0295,473.597,38.3,105.752151,-0.0,211.54361,1.965002,,5.792909,0.579291,5e-06,1.915193,10.0,10.0,11.171784,0.0,11.171784,88.828216,65.974114,0.615861,3.263924,0.0,0.0
2026-08-29 08:17:07,14089.69,540159,2700,123.8472,469.7301,38.3,141.179596,-0.0,282.398407,1.960395,,7.631293,0.763129,3e-06,2.619837,10.0,10.0,27.858092,0.0,27.858092,72.141908,54.186722,0.515128,3.263924,0.0,0.0
2026-08-29 08:17:20,14103.17,540671,2703,558.4439,469.9338,38.3,78.958664,0.0,157.956589,1.96294,,8.208095,0.82081,6e-06,2.411146,10.0,10.0,4.85079,0.0,4.85079,95.14921,72.113765,0.4663,3.263924,0.0,0.0
2026-08-29 08:17:33,14116.5,541183,2705,605.2771,469.9204,38.3,118.448853,0.0,236.93692,1.960984,,10.265457,1.026546,5e-06,2.165616,10.0,10.0,9.872974,0.0,9.872974,90.127026,68.052012,0.52843,3.263924,0.0,0.0
2026-08-29 08:17:47,14129.81,541695,2708,417.6752,467.7385,38.3,113.567642,-0.0,227.174469,1.959005,,8.410827,0.841083,3e-06,2.56946,10.0,10.0,13.822996,0.0,13.822996,86.177004,64.604207,0.569891,3.263924,0.0,0.0
2026-08-29 08:18:00,14143.13,542207,2711,455.3344,467.6442,38.3,104.950935,0.0,209.941071,1.959751,,7.57889,0.757889,4e-06,2.005945,10.0,10.0,7.705338,0.0,7.705338,92.294662,69.956307,0.540812,3.263924,0.0,0.0
2026-08-29 08:18:13,14156.36,542719,2713,459.8612,467.1215,38.3,88.921379,-0.0,177.882004,1.962228,,7.770995,0.777099,7e-06,0.936319,9.0,10.0,8.037159,0.0,8.037159,91.962841,70.425704,0.601183,3.263924,0.0,0.0
2026-08-29 08:18:26,14169.54,543231,2716,781.0708,468.9665,38.3,200.131851,-0.0,400.302948,1.961956,,11.779872,1.177987,7e-06,0.948712,10.0,10.0,5.520614,0.0,5.520614,94.479386,72.667033,0.535909,3.263924,0.0,0.0
2026-08-29 08:18:40,14182.78,543743,2718,521.5055,470.8654,38.3,287.767914,0.0,575.575012,1.959991,,9.568699,0.95687,6e-06,1.209595,10.0,10.0,11.964673,0.0,11.964673,88.035327,66.7775,0.53887,3.263924,0.0,0.0
2026-08-29 08:18:53,14196.21,544255,2721,186.2044,469.6131,38.3,90.625587,0.0,181.290314,1.957215,,6.65412,0.665412,3e-06,2.843692,10.0,10.0,19.538077,0.0,19.538077,80.461923,60.047356,0.531999,3.263924,0.0,0.0
2026-08-29 08:19:06,14209.52,544767,2723,510.3454,471.5224,38.3,108.415215,0.0,216.869629,1.959947,,7.708678,0.770868,5e-06,1.007261,9.0,10.0,4.603072,0.0,4.603072,95.396928,72.901838,0.560244,3.263924,0.0,0.0
2026-08-29 08:19:20,14222.91,545279,2726,383.3134,471.5117,38.3,74.543022,-0.0,149.125198,1.95733,,7.187156,0.718716,5e-06,1.833748,10.0,10.0,10.135977,0.0,10.135977,89.864023,68.224271,0.589072,3.263924,0.0,0.0
2026-08-29 08:19:33,14236.35,545791,2728,441.694,473.0332,38.3,145.516891,-0.0,291.07312,1.967514,,10.088675,1.008868,7e-06,2.162245,10.0,10.0,19.642777,0.0,19.642777,80.357223,61.36075,0.527189,3.263924,0.0,0.0
2026-08-29 08:19:47,14249.87,546303,2731,440.912,475.4824,38.3,149.620407,0.0,299.280396,1.979807,,9.552618,0.955262,5e-06,2.328883,10.0,10.0,16.602683,0.0,16.602683,83.397317,62.614514,0.628419,3.263924,0.0,0.0
2026-08-29 08:20:00,14263.27,546815,2734,565.2257,476.0972,38.3,163.001617,0.0,326.04306,1.991371,,10.387322,1.038732,7e-06,2.152712,10.0,10.0,12.347401,0.0,12.347401,87.652599,65.84799,0.575269,3.263924,0.0,0.0
2026-08-29 08:20:14,14276.62,547327,2736,499.2365,475.8043,38.3,149.645905,-0.0,299.331848,2.001318,,9.869905,0.986991,7e-06,1.633162,10.0,10.0,14.936962,0.0,14.936962,85.063038,64.72105,0.468398,3.263924,0.0,0.0
2026-08-29 08:20:27,14290.07,547839,2739,454.7946,473.8116,38.3,151.730347,0.0,303.500885,2.008837,,8.405917,0.840592,5e-06,1.292983,10.0,10.0,10.930778,0.0,10.930778,89.069222,67.382863,0.521996,3.263924,0.0,0.0
2026-08-29 08:20:40,14303.51,548351,2741,95.8366,471.0027,38.3,155.972168,-0.0,311.984619,2.013892,,6.375722,0.637572,3e-06,3.087595,10.0,10.0,23.610705,0.0,23.610705,76.389295,56.798405,0.577093,3.263924,0.0,0.0
2026-08-29 08:20:54,14316.99,548863,2744,207.2417,466.735,38.3,122.370621,-0.0,244.781601,2.018352,,7.526914,0.752691,3e-06,3.271895,10.0,10.0,22.769379,0.0,22.769379,77.230621,57.363362,0.527279,3.263924,0.0,0.0
2026-08-29 08:21:07,14330.38,549375,2746,514.9647,466.9456,38.3,97.209419,0.0,194.459335,2.02454,,9.941921,0.994192,6e-06,1.626159,10.0,10.0,14.662375,0.0,14.662375,85.337625,64.884151,0.473941,3.263924,0.0,0.0
2026-08-29 08:21:21,14343.62,549887,2749,577.8344,468.1431,38.3,92.897293,-0.0,185.835175,2.029255,,9.416599,0.94166,6e-06,1.66641,10.0,10.0,8.530003,0.0,8.530003,91.469997,68.896296,0.470915,3.263924,0.0,0.0
2026-08-29 08:21:34,14356.81,550399,2752,699.6661,469.6917,38.3,161.974121,0.0,323.988922,2.034306,,10.614217,1.061422,7e-06,0.746417,9.0,10.0,5.436028,0.0,5.436028,94.563972,72.314429,0.497464,3.98492,0.0,0.0
2026-08-29 08:21:47,14370.03,550911,2754,645.9282,468.7293,38.3,144.463272,0.0,288.967285,2.037165,,10.501935,1.050194,7e-06,2.031201,10.0,10.0,7.71794,0.0,7.71794,92.28206,69.890461,0.538091,3.98492,0.0,0.0
2026-08-29 08:22:00,14383.42,551423,2757,39.8445,461.7851,38.3,226.844559,-0.0,453.72995,2.041184,,6.453209,0.645321,5e-06,2.14923,10.0,10.0,22.461514,0.0,22.461514,77.538486,57.72088,0.586308,3.98492,0.0,0.0
2026-08-29 08:22:14,14396.75,551935,2759,435.6022,461.7226,38.3,81.34446,-0.0,162.729767,2.042429,,7.804084,0.780408,4e-06,2.46419,10.0,10.0,8.355608,0.0,8.355608,91.644392,69.80029,0.517629,3.98492,0.0,0.0
2026-08-29 08:22:27,14410.04,552447,2762,675.9541,463.3529,38.3,165.587158,0.0,331.215149,2.042082,,11.662174,1.166217,5e-06,1.366099,10.0,10.0,10.028852,0.0,10.028852,89.971148,67.71117,0.555319,3.98492,0.0,0.0
2026-08-29 08:22:40,14423.35,552959,2764,673.058,463.5324,38.3,238.362717,0.0,476.766327,2.043995,,11.979952,1.197995,8e-06,1.244359,10.0,10.0,10.264814,0.0,10.264814,89.735186,67.754927,0.58689,3.98492,0.0,0.0
2026-08-29 08:22:54,14436.69,553471,2767,532.7848,466.1074,38.3,166.124741,-0.0,332.290436,2.047121,,7.534732,0.753473,6e-06,0.38798,2.0,10.0,1.976585,0.0,1.976585,98.023415,74.655015,0.659083,3.98492,0.0,0.0
2026-08-29 08:23:07,14450.06,553983,2769,486.8843,464.6743,38.3,123.71994,0.0,247.480789,2.045146,,8.069911,0.806991,6e-06,1.023505,8.0,10.0,6.149554,0.0,6.149554,93.850446,71.658977,0.611476,3.98492,0.0,0.0
2026-08-29 08:23:20,14463.53,554495,2772,286.5464,460.7086,38.3,94.114563,0.0,188.270065,2.046801,,5.493005,0.549301,6e-06,1.626411,10.0,10.0,6.86711,0.0,6.86711,93.13289,70.439545,0.650771,3.98492,0.0,0.0
2026-08-29 08:23:34,14476.96,555007,2775,-3.2478,452.4054,38.3,119.497513,-0.0,239.035995,2.048433,,3.867694,0.386769,6e-06,1.716935,10.0,10.0,14.910865,0.0,14.910865,85.089135,64.023941,0.686913,3.98492,0.0,0.0
2026-08-29 08:23:47,14490.38,555519,2777,285.9878,448.2495,38.3,42.524155,0.0,85.089294,2.049389,,4.830134,0.483013,5e-06,0.528979,2.0,10.0,4.137815,0.0,4.137815,95.862185,73.344191,0.667005,3.98492,0.0,0.0
2026-08-29 08:24:01,14503.95,556031,2780,301.9559,447.3389,38.3,69.22789,0.0,138.49678,2.04997,,7.36363,0.736363,5e-06,2.474738,10.0,10.0,12.865501,0.0,12.865501,87.134499,65.477375,0.524787,3.98492,0.0,0.0
2026-08-29 08:24:14,14517.21,556543,2782,834.0891,453.5973,38.3,197.480087,0.0,395.001221,2.052144,,11.257883,1.125788,6e-06,0.59579,3.0,10.0,1.142991,0.0,1.142991,98.857009,75.807241,0.484558,3.98492,0.0,0.0
2026-08-29 08:24:28,14530.66,557055,2785,161.7868,451.8393,38.3,126.268555,0.0,252.578125,2.051032,,8.012651,0.801265,2e-06,3.142504,10.0,10.0,22.419959,0.0,22.419959,77.580041,57.637363,0.540495,3.98492,0.0,0.0
2026-08-29 08:24:41,14544.03,557567,2787,271.5843,449.882,38.3,162.049683,-0.0,324.140472,2.055799,,7.717314,0.771731,7e-06,1.611184,10.0,10.0,16.08352,0.0,16.08352,83.91648,64.004537,0.503217,3.98492,0.0,0.0
2026-08-29 08:24:54,14557.33,558079,2790,235.8456,447.3944,38.3,149.158203,-0.0,298.357513,2.055833,,7.358114,0.735811,4e-06,2.309455,10.0,10.0,16.324757,0.0,16.324757,83.675243,62.226259,0.548859,3.98492,0.0,0.0
2026-08-29 08:25:08,14570.71,558591,2792,-189.3359,440.0022,38.3,537.676086,-0.0,1075.393311,2.059545,,5.783596,0.57836,2e-06,4.631681,10.0,10.0,31.52176,0.0,31.52176,68.47824,50.719503,0.546602,3.98492,0.0,0.0
2026-08-29 08:25:21,14584.05,559103,2795,157.791,435.3711,38.3,151.549194,0.0,303.139648,2.062982,,7.32844,0.732844,5e-06,2.165271,10.0,10.0,20.116595,0.0,20.116595,79.883405,59.87844,0.549818,3.98492,0.0,0.0
2026-08-29 08:25:34,14597.33,559615,2798,123.9847,430.4304,38.3,74.625725,-0.0,149.292755,2.064924,,5.99814,0.599814,4e-06,2.481758,10.0,10.0,16.77293,0.0,16.77293,83.22707,61.644142,0.603746,3.98492,0.0,0.0
2026-08-29 08:25:48,14610.76,560127,2800,-234.6225,425.5775,38.3,214.110703,-0.0,428.262756,2.066912,,3.760413,0.376041,3e-06,4.528698,10.0,10.0,26.266323,0.0,26.266323,73.733677,54.85177,0.669612,3.98492,0.0,0.0
2026-08-29 08:26:01,14624.02,560639,2803,549.6377,424.2993,38.3,151.414261,0.0,302.869904,2.069415,,9.122202,0.91222,7e-06,1.884804,10.0,10.0,7.373182,0.0,7.373182,92.626818,69.98867,0.54241,3.98492,0.0,0.0
2026-08-29 08:26:14,14637.36,561151,2805,275.8077,421.0435,38.3,149.826218,-0.0,299.693848,2.070521,,8.01113,0.801113,4e-06,2.65204,10.0,10.0,16.831315,0.0,16.831315,83.168685,62.620562,0.575099,3.98492,0.0,0.0
2026-08-29 08:26:28,14650.67,561663,2808,462.7646,420.4652,38.3,126.156128,0.0,252.353668,2.070952,,8.218454,0.821845,5e-06,2.319857,10.0,10.0,8.306333,0.0,8.306333,91.693667,68.768947,0.531773,3.98492,0.0,0.0
2026-08-29 08:26:41,14663.99,562175,2810,604.4095,422.6459,38.3,146.004898,0.0,292.051208,2.07076,,10.172231,1.017223,4e-06,1.819416,10.0,10.0,8.429599,0.0,8.429599,91.570401,69.436626,0.50823,3.98492,0.0,0.0
2026-08-29 08:26:54,14677.4,562687,2813,607.9461,424.8621,38.3,151.6604,-0.0,303.362244,2.071415,,11.165138,1.116514,4e-06,1.777912,10.0,10.0,11.432902,0.0,11.432902,88.567098,67.170324,0.51252,4.516148,0.0,0.0
2026-08-29 08:27:08,14690.75,563199,2816,124.767,419.74,38.3,97.467957,-0.0,194.977386,2.073504,,8.085056,0.808506,4e-06,2.260307,10.0,10.0,21.845192,0.0,21.845192,78.154808,59.138258,0.493858,4.516148,0.0,0.0
2026-08-29 08:27:21,14704.18,563711,2818,488.6162,417.7099,38.3,96.954384,0.0,193.950302,2.076371,,7.512956,0.751296,7e-06,0.514757,2.0,10.0,3.801223,0.0,3.801223,96.198777,73.507559,0.549127,4.516148,0.0,0.0
2026-08-29 08:27:34,14717.59,564223,2821,479.1087,421.8571,38.3,142.607803,-0.0,285.257111,2.07532,,8.824449,0.882445,5e-06,1.681947,10.0,10.0,8.369252,0.0,8.369252,91.630748,69.212505,0.50237,4.516148,0.0,0.0
2026-08-29 08:27:48,14731.02,564735,2823,182.2497,419.4381,38.3,95.160561,-0.0,190.362671,2.077651,,6.906064,0.690606,5e-06,1.964081,10.0,10.0,15.525618,0.0,15.525618,84.474382,64.114113,0.566881,4.516148,0.0,0.0
2026-08-29 08:28:01,14744.46,565247,2826,396.4586,418.6674,38.3,174.975143,-0.0,349.991882,2.079397,,8.486891,0.848689,6e-06,1.492011,10.0,10.0,10.569867,0.0,10.569867,89.430133,67.744592,0.590694,4.516148,0.0,0.0
2026-08-29 08:28:15,14757.92,565759,2828,33.2592,415.0619,38.3,99.28653,0.0,198.614731,2.083784,,8.288269,0.828827,4e-06,2.427982,10.0,10.0,26.233574,0.0,26.233574,73.766426,55.340099,0.50011,4.516148,0.0,0.0
2026-08-29 08:28:28,14771.23,566271,2831,306.9569,413.2784,38.3,139.181198,-0.0,278.404144,2.087648,,7.417564,0.741756,5e-06,2.018411,10.0,10.0,11.488225,0.0,11.488225,88.511775,65.798982,0.457124,4.516148,0.0,0.0
2026-08-29 08:28:42,14784.64,566783,2833,-88.3948,406.4715,38.3,190.299683,0.0,380.641235,2.092885,,5.681154,0.568115,5e-06,1.857527,10.0,10.0,22.770284,0.0,22.770284,77.229716,58.357443,0.549777,4.516148,0.0,0.0
2026-08-29 08:28:55,14797.92,567295,2836,509.2856,404.2512,38.3,182.551727,0.0,365.145355,2.09507,,8.730792,0.873079,4e-06,0.57414,3.0,10.0,6.148342,0.0,6.148342,93.851658,71.91108,0.570109,4.516148,0.0,0.0
2026-08-29 08:29:08,14811.23,567807,2839,212.5829,401.9971,38.3,506.882141,-0.0,1013.806274,2.098808,,10.306062,1.030606,7e-06,0.890761,10.0,10.0,23.331269,0.0,23.331269,76.668731,57.561579,0.492957,4.516148,0.0,0.0
2026-08-29 08:29:22,14824.63,568319,2841,319.072,402.1091,38.3,64.756409,-0.0,129.55481,2.099929,,7.575473,0.757547,5e-06,1.776799,10.0,10.0,11.665122,0.0,11.665122,88.334878,66.616055,0.485051,4.516148,0.0,0.0
2026-08-29 08:29:35,14838.04,568831,2844,167.7867,397.7473,38.3,175.622864,-0.0,351.287811,2.103427,,6.647202,0.66472,3e-06,1.782901,9.0,10.0,14.854857,0.0,14.854857,85.145143,64.031921,0.433373,4.516148,0.0,0.0
2026-08-29 08:29:48,14851.36,569343,2846,251.7823,393.4937,38.3,153.75032,-0.0,307.542786,2.106876,,7.881168,0.788117,4e-06,2.366496,10.0,10.0,15.31464,0.0,15.31464,84.68536,63.56148,0.525546,4.516148,0.0,0.0
2026-08-29 08:30:02,14864.79,569855,2849,121.5791,389.9148,38.3,71.091499,-0.0,142.225189,2.109563,,6.772767,0.677277,2e-06,3.667723,10.0,10.0,17.554835,0.0,17.554835,82.445165,61.394258,0.54942,4.516148,0.0,0.0
2026-08-29 08:30:15,14878.12,570367,2851,332.9297,387.7769,38.3,56.750771,0.0,113.543846,2.115422,,6.08734,0.608734,4e-06,1.765221,10.0,10.0,6.109193,0.0,6.109193,93.890807,71.359321,0.539017,4.516148,0.0,0.0
2026-08-29 08:30:28,14891.56,570879,2854,199.2094,383.8758,38.3,69.429543,-0.0,138.901535,2.122292,,6.342526,0.634253,5e-06,1.638162,10.0,10.0,12.841903,0.0,12.841903,87.158097,66.056816,0.555771,4.516148,0.0,0.0
2026-08-29 08:30:42,14904.99,571391,2856,311.5211,382.2874,38.3,94.003807,-0.0,188.050095,2.124063,,11.017005,1.1017,2e-06,2.610595,10.0,10.0,22.888709,0.0,22.888709,77.111291,58.158296,0.504132,4.516148,0.0,0.0
2026-08-29 08:30:55,14918.33,571903,2859,874.6894,382.6803,38.3,344.188019,0.0,688.41864,2.13005,,13.02761,1.302761,5e-06,0.960136,7.0,10.0,3.286055,0.0,3.286055,96.713945,74.405319,0.518223,4.516148,0.0,0.0
2026-08-29 08:31:09,14931.78,572415,2862,587.7161,382.6397,38.3,113.861549,0.0,227.765747,2.132715,,9.635952,0.963595,3e-06,2.169708,10.0,10.0,6.538326,0.0,6.538326,93.461674,70.515094,0.49051,4.516148,0.0,0.0
2026-08-29 08:31:22,14945.02,572927,2864,410.9995,380.1222,38.3,82.587387,-0.0,165.217514,2.136873,,6.128354,0.612835,3e-06,1.759534,9.0,10.0,2.86532,0.0,2.86532,97.13468,73.467423,0.530592,4.516148,0.0,0.0
2026-08-29 08:31:35,14958.29,573439,2867,307.1459,376.8016,38.3,108.145325,-0.0,216.333481,2.14166,,5.736958,0.573696,6e-06,1.694612,10.0,10.0,5.837155,0.0,5.837155,94.162845,71.770828,0.576699,4.516148,0.0,0.0
2026-08-29 08:31:48,14971.56,573951,2869,657.4452,377.0994,38.3,145.637466,0.0,291.31781,2.144392,,10.176377,1.017638,5e-06,1.446266,10.0,10.0,5.211678,0.0,5.211678,94.788322,71.898403,0.47664,4.516148,0.0,0.0
2026-08-29 08:32:02,14984.96,574463,2872,-68.0433,374.1236,38.3,157.995926,0.0,316.03476,2.144912,,6.853062,0.685306,2e-06,2.811854,10.0,10.0,26.067242,0.0,26.067242,73.932758,53.909755,0.513647,4.516148,0.0,0.0
2026-08-29 08:32:15,14998.22,574975,2874,360.6926,370.6423,38.3,161.081467,-0.0,322.205902,2.147873,,8.472495,0.847249,4e-06,2.385781,10.0,10.0,12.817019,0.0,12.817019,87.182981,65.876046,0.501794,4.516148,0.0,0.0
2026-08-29 08:32:28,15011.47,575487,2877,530.5859,375.1341,38.3,96.006592,0.0,192.056168,2.149513,,8.535418,0.853542,6e-06,1.438714,10.0,10.0,5.029864,0.0,5.029864,94.970136,71.82245,0.449362,5.12055,0.0,0.0
2026-08-29 08:32:42,15024.7,575999,2880,244.8306,375.373,38.3,58.298229,-0.0,116.639458,2.14997,,5.576875,0.557688,3e-06,1.819169,10.0,10.0,7.22206,0.0,7.22206,92.77794,70.427193,0.52228,5.12055,0.0,0.0
2026-08-29 08:32:55,15038.04,576511,2882,-101.6139,370.3599,38.3,160.361008,-0.0,320.765045,2.151469,,4.808424,0.480842,3e-06,2.204722,10.0,10.0,18.119593,0.0,18.119593,81.880407,60.720429,0.568246,5.12055,0.0,0.0
2026-08-29 08:33:08,15051.38,577023,2885,112.1228,367.9586,38.3,136.884094,0.0,273.811218,2.151003,,7.752466,0.775247,3e-06,2.767196,10.0,10.0,18.470394,0.0,18.470394,81.529606,61.044827,0.560526,5.12055,0.0,0.0
2026-08-29 08:33:22,15064.73,577535,2887,-195.6055,361.5516,38.3,321.800568,-0.0,643.644165,2.151926,,6.269298,0.62693,2e-06,1.690515,10.0,10.0,25.804104,0.0,25.804104,74.195896,55.802231,0.555922,5.12055,0.0,0.0
2026-08-29 08:33:35,15078.12,578047,2890,-76.5075,354.4293,38.3,242.747879,-0.0,485.538818,2.152858,,6.835443,0.683544,2e-06,2.985163,10.0,10.0,23.202659,0.0,23.202659,76.797341,56.41258,0.54741,5.12055,0.0,0.0
2026-08-29 08:33:49,15091.73,578559,2892,-480.8542,344.3909,38.3,342.24115,-0.0,684.52533,2.152912,,5.999174,0.599917,1e-06,3.258255,10.0,10.0,36.100743,0.0,36.100743,63.899257,47.231909,0.504231,5.12055,0.0,0.0
2026-08-29 08:34:02,15105.21,579071,2895,431.9007,345.4754,38.3,197.95195,0.0,395.94696,2.15327,,10.221496,1.02215,3e-06,1.966586,10.0,10.0,13.193741,0.0,13.193741,86.806259,64.718665,0.478973,5.12055,0.0,0.0
2026-08-29 08:34:16,15118.62,579583,2897,738.9513,350.1796,38.3,153.927917,0.0,307.898865,2.151474,,11.643914,1.164391,3e-06,2.642303,10.0,10.0,5.663813,0.0,5.663813,94.336187,71.486001,0.472717,5.12055,0.0,0.0
2026-08-29 08:34:29,15132.06,580095,2900,396.3729,350.379,38.3,106.017876,-0.0,212.078781,2.151271,,8.46607,0.846607,2e-06,3.201009,10.0,10.0,9.8448,0.0,9.8448,90.1552,67.081298,0.552507,5.12055,0.0,0.0
2026-08-29 08:34:42,15145.58,580607,2903,242.8282,346.033,38.3,149.672028,0.0,299.387177,2.155807,,6.974099,0.69741,4e-06,2.126916,10.0,10.0,11.253165,0.0,11.253165,88.746835,67.006713,0.575967,5.12055,0.0,0.0
2026-08-29 08:34:56,15158.94,581119,2905,249.4359,344.6924,38.3,190.16684,-0.0,380.376831,2.157449,,7.931107,0.793111,3e-06,2.300447,10.0,10.0,13.94284,0.0,13.94284,86.05716,64.874811,0.508982,5.12055,0.0,0.0
2026-08-29 08:35:09,15172.31,581631,2908,768.289,346.4258,38.3,195.262726,0.0,390.568695,2.16221,,10.998597,1.09986,5e-06,1.343344,10.0,10.0,2.629428,0.0,2.629428,97.370572,73.969643,0.466819,5.12055,0.0,0.0
2026-08-29 08:35:23,15185.78,582143,2910,-232.8319,338.0714,38.3,265.592499,-0.0,531.228271,2.163265,,6.844997,0.6845,1e-06,2.256745,10.0,10.0,29.024713,0.0,29.024713,70.975287,53.555178,0.47843,5.12055,0.0,0.0
2026-08-29 08:35:36,15199.22,582655,2913,323.4648,335.3613,38.3,92.687759,-0.0,185.418869,2.16785,,6.128094,0.612809,4e-06,1.572224,10.0,10.0,5.677343,0.0,5.677343,94.322657,71.952179,0.561724,5.12055,0.0,0.0
2026-08-29 08:35:49,15212.45,583167,2915,310.6253,334.7552,38.3,145.326492,-0.0,290.69632,2.167033,,7.80797,0.780797,4e-06,2.009625,10.0,10.0,10.831496,0.0,10.831496,89.168504,67.203247,0.521665,5.12055,0.0,0.0
2026-08-29 08:36:02,15225.57,583679,2918,807.8377,339.6614,38.3,252.861984,-0.0,505.767303,2.167491,,11.464335,1.146434,5e-06,0.704028,4.0,9.0,1.894247,0.0,1.894247,98.105753,74.776553,0.46021,5.12055,0.0,0.0
2026-08-29 08:36:16,15238.85,584191,2920,41.475,337.9541,38.3,249.888733,0.0,499.820801,2.166143,,7.523384,0.752338,2e-06,1.957666,10.0,10.0,20.240687,0.0,20.240687,79.759313,59.758208,0.492233,5.12055,0.0,0.0
2026-08-29 08:36:29,15252.2,584703,2923,251.9524,336.0317,38.3,109.207649,-0.0,218.458649,2.167422,,5.829004,0.5829,4e-06,2.017722,10.0,10.0,7.718439,0.0,7.718439,92.281561,69.657287,0.553993,5.12055,0.0,0.0
2026-08-29 08:36:42,15265.45,585215,2926,374.0167,336.7458,38.3,68.515121,-0.0,137.073608,2.168194,,4.884765,0.488476,5e-06,0.407276,2.0,4.0,0.035274,0.0,0.035274,99.964726,75.758996,0.579678,5.12055,0.0,0.0
2026-08-29 08:36:56,15278.82,585727,2928,-80.7957,333.5422,38.3,138.452667,0.0,276.9487,2.168536,,5.474661,0.547466,3e-06,1.950416,10.0,10.0,19.167086,0.0,19.167086,80.832914,60.696368,0.593174,5.12055,0.0,0.0
2026-08-29 08:37:09,15292.18,586239,2931,66.5859,328.7653,38.3,127.608315,-0.0,255.26001,2.169266,,5.153889,0.515389,3e-06,2.005657,10.0,10.0,12.712362,0.0,12.712362,87.287638,65.439847,0.617089,5.12055,0.0,0.0
2026-08-29 08:37:23,15305.64,586751,2933,363.6877,332.0641,38.3,96.966812,-0.0,193.97702,2.169634,,8.028422,0.802842,6e-06,1.326513,10.0,10.0,9.711187,0.0,9.711187,90.288813,69.139211,0.465084,5.12055,0.0,0.0
2026-08-29 08:37:36,15318.92,587263,2936,513.8741,335.7275,38.3,78.574661,-0.0,157.192749,2.171162,,8.634681,0.863468,4e-06,1.04048,8.0,10.0,5.54391,0.0,5.54391,94.45609,71.529266,0.458519,5.12055,0.0,0.0
2026-08-29 08:37:49,15332.31,587775,2938,426.0524,334.5828,38.3,100.456696,0.0,200.956833,2.172221,,8.835401,0.88354,4e-06,1.590457,10.0,10.0,9.322853,0.0,9.322853,90.677147,68.923994,0.436469,5.725605,0.0,0.0
2026-08-29 08:38:03,15345.81,588287,2941,412.2938,331.6072,38.3,155.336075,-0.0,310.715607,2.17266,,8.968634,0.896863,3e-06,1.640183,9.0,10.0,9.019523,0.0,9.019523,90.980477,68.593251,0.460811,5.725605,0.0,0.0
2026-08-29 08:38:16,15359.23,588799,2944,528.6436,330.234,38.3,109.520561,0.0,219.084717,2.179436,,7.413719,0.741372,5e-06,0.914646,7.0,10.0,1.292344,0.0,1.292344,98.707656,75.214287,0.485775,5.725605,0.0,0.0
2026-08-29 08:38:30,15372.73,589311,2946,-268.0926,326.5116,38.3,404.481476,0.0,809.006592,2.183109,,5.338018,0.533802,1e-06,2.76572,10.0,10.0,23.229484,0.0,23.229484,76.770516,56.496147,0.537908,5.725605,0.0,0.0
2026-08-29 08:38:43,15386.13,589823,2949,80.3397,324.1065,38.3,130.800766,-0.0,261.645294,2.188014,,5.190525,0.519052,4e-06,1.858661,10.0,10.0,11.222061,0.0,11.222061,88.777939,66.374936,0.564297,5.725605,0.0,0.0
2026-08-29 08:38:56,15399.59,590335,2951,138.4381,323.7802,38.3,161.621841,-0.0,323.287476,2.189909,,6.420029,0.642003,3e-06,1.894655,10.0,10.0,12.256264,0.0,12.256264,87.743736,66.764695,0.569441,5.725605,0.0,0.0
2026-08-29 08:39:10,15412.87,590847,2954,579.6751,327.0067,38.3,156.781174,0.0,313.606201,2.192627,,8.154653,0.815465,4e-06,0.822201,4.0,10.0,1.350255,0.0,1.350255,98.649745,74.947402,0.490104,5.725605,0.0,0.0
2026-08-29 08:39:23,15426.11,591359,2956,751.9381,333.2876,38.3,250.2276,-0.0,500.499023,2.191626,,11.918133,1.191813,3e-06,1.797291,9.0,10.0,4.120929,0.0,4.120929,95.879071,72.756848,0.536405,5.725605,0.0,0.0
2026-08-29 08:39:36,15439.39,591871,2959,333.057,331.0337,38.3,220.622025,0.0,441.287903,2.192392,,8.842163,0.884216,2e-06,2.044314,10.0,10.0,11.138911,0.0,11.138911,88.861089,66.640263,0.527645,5.725605,0.0,0.0
2026-08-29 08:39:50,15452.74,592383,2961,347.2252,328.4532,38.3,175.537109,-0.0,351.118011,2.190322,,9.973206,0.997321,2e-06,2.795064,10.0,10.0,14.169044,0.0,14.169044,85.830956,65.078915,0.456505,5.725605,0.0,0.0
2026-08-29 08:40:03,15466.01,592895,2964,150.9849,325.7863,38.3,318.69455,-0.0,637.432922,2.189731,,9.453593,0.945359,2e-06,1.55784,10.0,10.0,19.280753,0.0,19.280753,80.719247,60.269588,0.464889,5.725605,0.0,0.0
2026-08-29 08:40:16,15479.38,593407,2967,-206.2935,319.17,38.3,262.126007,0.0,524.295776,2.187773,,9.205067,0.920507,1e-06,3.287084,10.0,10.0,30.442813,0.0,30.442813,69.557187,52.105021,0.463206,5.725605,0.0,0.0
2026-08-29 08:40:30,15492.61,593919,2969,525.1833,319.8232,38.3,136.118423,0.0,272.280609,2.188237,,9.183371,0.918337,3e-06,1.823593,10.0,10.0,5.672376,0.0,5.672376,94.327624,71.290115,0.47473,5.725605,0.0,0.0
2026-08-29 08:40:43,15505.9,594431,2972,287.1583,314.8841,38.3,50.688984,-0.0,101.42173,2.188237,,5.7279,0.57279,4e-06,2.214277,10.0,10.0,5.636171,0.0,5.636171,94.363829,70.856403,0.50901,5.725605,0.0,0.0
2026-08-29 08:40:56,15519.13,594943,2974,315.8124,312.8272,38.3,56.026192,-0.0,112.09613,2.187206,,6.389419,0.638942,3e-06,2.153338,10.0,10.0,6.244631,0.0,6.244631,93.755369,71.061842,0.543168,5.725605,0.0,0.0
2026-08-29 08:41:09,15532.34,595455,2977,462.0408,315.5855,38.3,77.299965,0.0,154.643661,2.186289,,9.70954,0.970954,3e-06,1.993545,10.0,10.0,9.284212,0.0,9.284212,90.715788,68.48393,0.478978,5.725605,0.0,0.0
2026-08-29 08:41:23,15545.71,595967,2979,120.3441,311.6855,38.3,269.762695,0.0,539.569092,2.183865,,9.102115,0.910211,2e-06,2.126807,10.0,10.0,19.845545,0.0,19.845545,80.154455,60.342943,0.451167,5.725605,0.0,0.0
2026-08-29 08:41:36,15559.12,596479,2982,-177.7168,306.0752,38.3,231.147842,-0.0,462.339355,2.183034,,4.282866,0.428287,1e-06,2.253228,10.0,10.0,17.37146,0.0,17.37146,82.62854,61.905789,0.575854,5.725605,0.0,0.0
2026-08-29 08:41:49,15572.45,596991,2984,386.3443,305.5217,38.3,72.330376,0.0,144.704407,2.182946,,6.811887,0.681189,4e-06,1.466003,9.0,10.0,4.940384,0.0,4.940384,95.059616,72.824216,0.460631,5.725605,0.0,0.0
2026-08-29 08:42:03,15585.85,597503,2987,400.9864,305.1225,38.3,108.795593,0.0,217.634796,2.18049,,7.205714,0.720571,3e-06,2.372254,10.0,10.0,5.416869,0.0,5.416869,94.583131,71.027481,0.476623,5.725605,0.0,0.0
2026-08-29 08:42:16,15599.4,598015,2990,193.2919,301.4031,38.3,105.210762,-0.0,210.465088,2.177997,,8.196977,0.819698,2e-06,2.930532,10.0,10.0,15.239097,0.0,15.239097,84.760903,64.394329,0.476889,5.725605,0.0,0.0
2026-08-29 08:42:30,15612.84,598527,2992,269.3549,299.1043,38.3,179.746368,-0.0,359.536285,2.177468,,9.360712,0.936071,3e-06,1.984612,10.0,10.0,14.696488,0.0,14.696488,85.303512,64.453348,0.488924,5.725605,0.0,0.0
2026-08-29 08:42:43,15626.21,599039,2995,341.0435,297.9668,38.3,75.436203,0.0,150.915939,2.176922,,5.806813,0.580681,3e-06,1.73846,9.0,10.0,3.760296,0.0,3.760296,96.239704,73.48499,0.537447,5.725605,0.0,0.0
2026-08-29 08:42:57,15639.65,599551,2997,-106.0428,295.948,38.3,147.930923,0.0,295.905365,2.175379,,4.005373,0.400537,2e-06,2.819525,10.0,10.0,14.827916,0.0,14.827916,85.172084,63.797535,0.572079,5.725605,0.0,0.0
2026-08-29 08:43:10,15653.08,600063,3000,437.94,298.255,38.3,71.984695,0.0,144.012878,2.174225,,9.08554,0.908554,3e-06,2.080523,10.0,10.0,8.990371,0.0,8.990371,91.009629,68.528764,0.422348,6.04863,0.0,0.0
2026-08-29 08:43:23,15666.45,600575,3002,428.9084,297.3944,38.3,183.644806,-0.0,367.333099,2.174783,,11.183326,1.118333,2e-06,3.366855,10.0,10.0,13.931433,0.0,13.931433,86.068567,64.931264,0.475335,6.04863,0.0,0.0
2026-08-29 08:43:37,15679.79,601087,3005,317.7758,294.7938,38.3,85.697639,-0.0,171.438858,2.178675,,6.647004,0.6647,3e-06,2.234039,10.0,10.0,6.375552,0.0,6.375552,93.624448,71.093763,0.491899,6.04863,0.0,0.0
2026-08-29 08:43:50,15693.24,601599,3008,25.7316,288.0545,38.3,105.899414,0.0,211.842407,2.179168,,5.774683,0.577468,2e-06,2.691036,10.0,10.0,13.506908,0.0,13.506908,86.493092,65.36896,0.549757,6.04863,0.0,0.0
2026-08-29 08:44:04,15706.65,602111,3010,332.9117,284.9243,38.3,94.343124,0.0,188.729858,2.180532,,8.75631,0.875631,2e-06,2.076924,10.0,10.0,10.661579,0.0,10.661579,89.338421,67.123959,0.504435,6.04863,0.0,0.0
2026-08-29 08:44:17,15719.95,602623,3013,961.9818,294.1457,38.3,325.641632,0.0,651.326843,2.178591,,13.804145,1.380414,4e-06,0.973824,5.0,9.0,1.689632,0.0,1.689632,98.310368,75.159003,0.469582,6.04863,0.0,0.0
2026-08-29 08:44:30,15733.3,603135,3015,855.5543,298.3452,38.3,206.896881,0.0,413.837128,2.168506,,12.027955,1.202795,3e-06,1.600872,7.0,10.0,1.400896,0.0,1.400896,98.599104,74.796002,0.428262,6.04863,0.0,0.0
2026-08-29 08:44:43,15746.57,603647,3018,585.3352,297.439,38.3,149.085907,0.0,298.214905,2.155225,,8.419448,0.841945,4e-06,1.054447,5.0,10.0,1.672082,0.0,1.672082,98.327918,74.148696,0.454378,6.04863,0.0,0.0
2026-08-29 08:44:57,15759.98,604159,3020,73.302,291.4415,38.3,140.637299,-0.0,281.317322,2.135947,,5.68076,0.568076,1e-06,3.042796,10.0,10.0,12.155567,0.0,12.155567,87.844433,67.237194,0.49392,6.04863,0.0,0.0
2026-08-29 08:45:10,15773.34,604671,3023,445.3033,290.5667,38.3,116.511818,0.0,233.066025,2.119548,,6.884408,0.688441,4e-06,1.344641,6.0,10.0,2.586296,0.0,2.586296,97.413704,74.130938,0.498201,6.04863,0.0,0.0
2026-08-29 08:45:24,15786.79,605183,3025,869.2579,294.3904,38.3,305.96402,0.0,611.970032,2.098419,,14.262332,1.426233,4e-06,1.51707,9.0,10.0,4.667397,0.0,4.667397,95.332603,73.014081,0.494571,6.04863,0.0,0.0
2026-08-29 08:45:37,15800.16,605695,3028,765.3771,299.1787,38.3,262.426514,-0.0,524.894653,2.080172,,13.766898,1.37669,3e-06,1.358569,7.0,10.0,6.83723,0.0,6.83723,93.16277,71.083913,0.496829,6.04863,0.0,0.0
2026-08-29 08:45:50,15813.56,606207,3031,920.1326,308.4125,38.3,343.746674,-0.0,687.534607,2.062463,,14.314227,1.431423,3e-06,1.722262,8.0,10.0,2.737852,0.0,2.737852,97.262148,74.010467,0.511241,6.04863,0.0,0.0
2026-08-29 08:46:04,15826.92,606719,3033,484.8507,310.4011,38.3,182.344147,-0.0,364.729156,2.043597,,10.690284,1.069028,2e-06,2.771496,10.0,10.0,10.181323,0.0,10.181323,89.818677,67.459936,0.514606,6.04863,0.0,0.0
2026-08-29 08:46:17,15840.29,607231,3036,319.4188,310.5758,38.3,107.944611,-0.0,215.92981,2.029186,,8.090673,0.809067,2e-06,2.179104,9.0,10.0,9.884392,0.0,9.884392,90.115608,68.113534,0.432691,6.04863,0.0,0.0
2026-08-29 08:46:31,15853.61,607743,3038,177.2818,304.0077,38.3,75.067284,0.0,150.174881,2.015586,,6.249951,0.624995,1e-06,2.587014,10.0,10.0,9.953866,0.0,9.953866,90.046134,67.918357,0.4905,6.04863,0.0,0.0
2026-08-29 08:46:44,15866.85,608255,3041,466.5463,307.0553,38.3,118.660927,-0.0,237.361923,2.003546,,7.642853,0.764285,3e-06,1.647406,7.0,10.0,3.847482,0.0,3.847482,96.152518,72.8417,0.47966,6.04863,0.0,0.0
2026-08-29 08:46:57,15880.06,608767,3043,589.7347,310.2368,38.3,138.654892,0.0,277.349609,1.99104,,8.526984,0.852698,3e-06,1.963648,8.0,10.0,1.766329,0.0,1.766329,98.233671,75.01827,0.477054,6.04863,0.0,0.0
2026-08-29 08:47:10,15893.4,609279,3046,45.9117,308.3374,38.3,171.521225,0.0,343.082001,1.978097,,5.575001,0.5575,1e-06,2.508846,10.0,10.0,12.315479,0.0,12.315479,87.684521,65.799092,0.554256,6.04863,0.0,0.0
2026-08-29 08:47:24,15906.81,609791,3048,593.9205,316.17,38.3,132.47879,-0.0,264.996918,1.966477,,9.689029,0.968903,2e-06,2.198252,9.0,10.0,4.237912,0.0,4.237912,95.762088,72.756037,0.492603,6.04863,0.0,0.0
2026-08-29 08:47:37,15920.26,610303,3051,497.2031,319.5641,38.3,87.478363,0.0,174.995895,1.958657,,8.644569,0.864457,3e-06,1.485159,6.0,10.0,4.982063,0.0,4.982063,95.017937,72.141114,0.479187,6.04863,0.0,0.0
2026-08-29 08:47:50,15933.47,610815,3054,580.8524,324.1328,38.3,124.140388,0.0,248.319809,1.951665,,8.776556,0.877656,3e-06,1.492714,6.0,10.0,2.617621,0.0,2.617621,97.382379,74.304232,0.435906,6.04863,0.0,0.0
2026-08-29 08:48:04,15946.79,611327,3056,446.0971,330.94,38.3,69.190392,-0.0,138.419693,1.945294,,6.533084,0.653308,4e-06,1.570124,6.0,10.0,1.717118,0.0,1.717118,98.282882,75.243519,0.517182,6.04863,0.0,0.0
2026-08-29 08:48:17,15960.03,611839,3059,536.0979,330.8046,38.3,116.393898,-0.0,232.826569,1.938361,,8.407894,0.840789,3e-06,1.606774,8.0,10.0,3.074341,0.0,3.074341,96.925659,73.133655,0.549111,6.04863,0.0,0.0
2026-08-29 08:48:30,15973.39,612351,3061,364.4824,331.6914,38.3,74.016487,-0.0,148.071579,1.930592,,7.530057,0.753006,2e-06,2.477448,9.0,10.0,7.050791,0.0,7.050791,92.949209,71.220828,0.459134,6.04863,0.0,0.0
2026-08-29 08:48:44,15986.8,612863,3064,294.1139,330.0048,38.3,68.370811,0.0,136.780106,1.924191,,6.108801,0.61088,2e-06,2.411023,9.0,10.0,5.927034,0.0,5.927034,94.072966,71.011191,0.488639,5.694068,0.0,0.0
2026-08-29 08:48:57,16000.07,613375,3066,381.9312,327.7801,38.3,60.879482,-0.0,121.797302,1.916968,,5.447238,0.544724,3e-06,1.767828,7.0,10.0,1.128605,0.0,1.128605,98.871395,75.355441,0.518813,5.694068,0.0,0.0
2026-08-29 08:49:10,16013.49,613887,3069,224.4164,323.9448,38.3,100.687294,-0.0,201.412827,1.911627,,6.15262,0.615262,2e-06,2.419862,10.0,10.0,8.86198,0.0,8.86198,91.13802,68.329699,0.531771,5.694068,0.0,0.0
2026-08-29 08:49:24,16026.88,614399,3072,433.3306,327.0304,38.3,79.825706,-0.0,159.68956,1.907366,,7.402175,0.740217,3e-06,2.037865,8.0,10.0,4.476795,0.0,4.476795,95.523205,72.532791,0.469976,5.694068,0.0,0.0
2026-08-29 08:49:37,16040.28,614911,3074,221.5664,324.3599,38.3,59.052761,-0.0,118.143631,1.90531,,4.326585,0.432659,3e-06,2.19952,8.0,10.0,4.058248,0.0,4.058248,95.941752,72.668892,0.574685,5.694068,0.0,0.0
2026-08-29 08:49:51,16053.65,615423,3077,246.4915,322.0337,38.3,78.12545,-0.0,156.288925,1.901015,,5.74842,0.574842,2e-06,1.997594,8.0,10.0,6.89412,0.0,6.89412,93.10588,70.891037,0.492529,5.694068,0.0,0.0
2026-08-29 08:50:04,16066.96,615935,3079,554.6051,325.7573,38.3,116.74752,0.0,233.533005,1.898213,,8.802762,0.880276,5e-06,1.727771,8.0,10.0,4.08057,0.0,4.08057,95.91943,73.511582,0.430753,5.694068,0.0,0.0
2026-08-29 08:50:17,16080.39,616447,3082,723.1371,329.0241,38.3,194.686142,0.0,389.410217,1.897375,,10.0508,1.00508,4e-06,1.760374,7.0,10.0,0.793224,0.0,0.793224,99.206776,74.74113,0.465187,5.694068,0.0,0.0
2026-08-29 08:50:31,16093.77,616959,3084,553.8094,334.2296,38.3,180.495743,-0.0,361.029388,1.895366,,10.144912,1.014491,2e-06,2.116623,9.0,10.0,7.273505,0.0,7.273505,92.726495,69.675284,0.454497,5.694068,0.0,0.0
2026-08-29 08:50:44,16107.08,617471,3087,503.1926,336.1919,38.3,103.880684,0.0,207.799271,1.894788,,8.981114,0.898111,2e-06,2.848164,9.0,10.0,6.130634,0.0,6.130634,93.869366,69.867771,0.477575,5.694068,0.0,0.0
2026-08-29 08:50:57,16120.36,617983,3089,295.429,340.0302,38.3,39.085773,-0.0,78.20945,1.895325,,6.908832,0.690883,1e-06,2.865427,9.0,10.0,8.445489,0.0,8.445489,91.554511,69.126089,0.479985,5.694068,0.0,0.0
2026-08-29 08:51:11,16133.66,618495,3092,319.6537,338.1338,38.3,83.652573,0.0,167.343063,1.895829,,5.527226,0.552723,3e-06,2.395418,9.0,10.0,3.78116,0.0,3.78116,96.21884,72.785648,0.549982,5.694068,0.0,0.0
2026-08-29 08:51:24,16146.85,619007,3095,-110.4567,334.9034,38.3,203.881775,-0.0,407.801514,1.898336,,3.267942,0.326794,1e-06,2.346215,9.0,10.0,12.652282,0.0,12.652282,87.347718,65.909642,0.640572,5.694068,0.0,0.0
2026-08-29 08:51:37,16160.17,619519,3097,199.847,333.7112,38.3,78.998894,-0.0,158.035812,1.90119,,6.285866,0.628587,2e-06,2.679855,10.0,10.0,9.821696,0.0,9.821696,90.178304,68.290677,0.510608,5.694068,0.0,0.0
2026-08-29 08:51:50,16173.56,620031,3100,752.8556,339.5619,38.3,187.509338,-0.0,375.056732,1.903152,,11.638763,1.163876,3e-06,2.27371,9.0,10.0,3.757978,0.0,3.757978,96.242022,71.954186,0.480068,5.694068,0.0,0.0
2026-08-29 08:52:04,16186.91,620543,3102,696.4079,344.0081,38.3,119.583199,0.0,239.204498,1.905427,,11.574614,1.157461,2e-06,2.568314,9.0,10.0,5.558341,0.0,5.558341,94.441659,71.801562,0.469908,5.694068,0.0,0.0
2026-08-29 08:52:17,16200.21,621055,3105,835.315,351.1455,38.3,168.616089,0.0,337.270355,1.90885,,11.58667,1.158667,4e-06,1.523482,6.0,9.0,0.802103,0.0,0.802103,99.197897,75.265978,0.442083,5.694068,0.0,0.0
2026-08-29 08:52:31,16213.6,621567,3107,526.6266,353.0825,38.3,74.332306,0.0,148.702835,1.911152,,9.226638,0.922664,2e-06,2.322019,9.0,10.0,5.966581,0.0,5.966581,94.033419,71.753162,0.476086,5.694068,0.0,0.0
2026-08-29 08:52:44,16227.11,622079,3110,416.5387,355.2558,38.3,76.97084,0.0,153.979996,1.915396,,6.727346,0.672735,3e-06,2.057823,8.0,10.0,3.331535,0.0,3.331535,96.668465,72.940171,0.540702,5.694068,0.0,0.0
2026-08-29 08:52:57,16240.53,622591,3112,484.5133,356.9857,38.3,87.627014,0.0,175.292343,1.916044,,7.589419,0.758942,4e-06,2.039032,8.0,10.0,3.199979,0.0,3.199979,96.800021,73.856889,0.528902,5.694068,0.0,0.0
2026-08-29 08:53:11,16254.03,623103,3115,241.4648,350.6534,38.3,105.024483,-0.0,210.08728,1.915632,,8.691646,0.869165,1e-06,3.218078,10.0,10.0,14.778142,0.0,14.778142,85.221858,63.625968,0.467473,5.694068,0.0,0.0
2026-08-29 08:53:24,16267.52,623615,3118,416.0043,348.9363,38.3,115.24337,-0.0,230.52507,1.916435,,9.703878,0.970388,2e-06,2.704583,10.0,10.0,11.207701,0.0,11.207701,88.792299,67.711484,0.469358,5.694068,0.0,0.0
2026-08-29 08:53:38,16281.04,624127,3120,92.3533,345.7499,38.3,136.516907,-0.0,273.072113,1.915196,,4.970166,0.497017,2e-06,2.615753,9.0,10.0,10.029355,0.0,10.029355,89.970645,67.64485,0.521333,5.694068,0.0,0.0
2026-08-29 08:53:51,16294.42,624639,3123,239.6596,345.075,38.3,58.777328,0.0,117.592972,1.915889,,4.540195,0.454019,2e-06,2.550191,9.0,10.0,4.071928,0.0,4.071928,95.928072,71.741694,0.573382,5.694068,0.0,0.0
2026-08-29 08:54:05,16307.89,625151,3125,66.3081,339.1636,38.3,112.958992,-0.0,225.956253,1.913799,,4.865562,0.486556,2e-06,3.141497,10.0,10.0,11.354744,0.0,11.354744,88.645256,66.75933,0.563162,5.328793,0.0,0.0
2026-08-29 08:54:18,16321.41,625663,3128,-370.928,336.1348,38.3,701.90387,0.0,1403.845947,1.90973,,4.678632,0.467863,1e-06,3.65639,10.0,10.0,26.980609,0.0,26.980609,73.019391,54.123789,0.526096,5.328793,0.0,0.0
2026-08-29 08:54:32,16334.73,626175,3130,508.5774,337.6136,38.3,63.578453,-0.0,127.195107,1.909835,,8.195573,0.819557,3e-06,2.01491,8.0,10.0,4.236332,0.0,4.236332,95.763668,72.556646,0.455791,5.328793,0.0,0.0
2026-08-29 08:54:45,16347.97,626687,3133,364.2952,335.9507,38.3,120.201714,0.0,240.441605,1.909085,,7.335454,0.733545,4e-06,2.007694,9.0,10.0,7.286228,0.0,7.286228,92.713772,69.962631,0.518919,5.328793,0.0,0.0
2026-08-29 08:54:58,16361.18,627199,3136,523.9137,338.7416,38.3,101.327995,0.0,202.694122,1.906821,,7.345359,0.734536,3e-06,1.731865,7.0,10.0,1.474932,0.0,1.474932,98.525068,75.038759,0.485955,5.328793,0.0,0.0
2026-08-29 08:55:11,16374.44,627711,3138,322.2706,342.9804,38.3,127.197205,0.0,254.432495,1.904353,,7.307444,0.730744,2e-06,2.568091,10.0,10.0,8.410665,0.0,8.410665,91.589335,68.428376,0.520655,5.328793,0.0,0.0
2026-08-29 08:55:25,16387.81,628223,3141,524.8676,347.1078,38.3,135.510651,0.0,271.05954,1.912377,,8.835603,0.88356,3e-06,2.029278,9.0,10.0,5.333725,0.0,5.333725,94.666275,70.644561,0.498638,5.328793,0.0,0.0
2026-08-29 08:55:38,16401.04,628735,3143,377.1245,352.8351,38.3,67.668434,0.0,135.375259,1.919834,,7.924865,0.792486,1e-06,2.535278,10.0,10.0,8.316289,0.0,8.316289,91.683711,69.582214,0.431427,5.328793,0.0,0.0
2026-08-29 08:55:51,16414.4,629247,3146,353.7181,357.1374,38.3,208.52829,0.0,417.095123,1.927215,,8.055307,0.805531,3e-06,2.700955,10.0,10.0,9.551059,0.0,9.551059,90.448941,68.101261,0.535258,5.328793,0.0,0.0
2026-08-29 08:56:05,16427.62,629759,3148,760.1072,369.547,38.3,222.19281,-0.0,444.424286,1.932929,,11.022239,1.102224,3e-06,1.908711,7.0,10.0,1.661679,0.0,1.661679,98.338321,74.86456,0.510566,5.328793,0.0,0.0
2026-08-29 08:56:18,16441.03,630271,3151,590.4026,371.132,38.3,144.223969,0.0,288.486694,1.93806,,8.67009,0.867009,5e-06,1.7306,7.0,10.0,2.325581,0.0,2.325581,97.674419,74.157992,0.518972,5.328793,0.0,0.0
2026-08-29 08:56:31,16454.44,630783,3153,533.4303,369.0768,38.3,131.051239,-0.0,262.141266,1.940142,,10.395547,1.039555,2e-06,2.950813,10.0,10.0,9.17915,0.0,9.17915,90.82085,68.501919,0.477406,5.328793,0.0,0.0
2026-08-29 08:56:45,16467.79,631295,3156,638.0834,371.4939,38.3,152.761017,-0.0,305.560944,1.944993,,9.311862,0.931186,4e-06,1.534182,7.0,10.0,2.084146,0.0,2.084146,97.915854,74.772235,0.472131,5.328793,0.0,0.0
2026-08-29 08:56:58,16481.23,631807,3159,381.2248,372.8779,38.3,54.48959,-0.0,109.018127,1.947556,,5.753181,0.575318,4e-06,1.989399,8.0,10.0,2.327262,0.0,2.327262,97.672738,73.642416,0.538504,5.328793,0.0,0.0
2026-08-29 08:57:12,16494.73,632319,3161,185.8428,372.242,38.3,70.823578,0.0,141.68634,1.959489,,6.434212,0.643421,1e-06,3.116623,10.0,10.0,11.551564,0.0,11.551564,88.448436,65.813599,0.552845,5.328793,0.0,0.0
2026-08-29 08:57:25,16508.25,632831,3164,298.2937,367.542,38.3,139.480179,-0.0,278.999756,1.970379,,7.86757,0.786757,2e-06,2.524596,9.0,10.0,10.984158,0.0,10.984158,89.015842,66.921387,0.475798,5.328793,0.0,0.0
2026-08-29 08:57:39,16521.66,633343,3166,449.0168,374.3605,38.3,72.839737,0.0,145.719101,1.981274,,6.605136,0.660514,4e-06,1.519551,7.0,10.0,2.190066,0.0,2.190066,97.809934,74.805541,0.506625,5.328793,0.0,0.0
2026-08-29 08:57:52,16535.07,633855,3169,363.4218,374.7601,38.3,75.743843,-0.0,151.527451,1.988302,,6.438515,0.643852,2e-06,2.571687,10.0,10.0,4.955575,0.0,4.955575,95.044425,71.753675,0.556135,5.328793,0.0,0.0
2026-08-29 08:58:05,16548.39,634367,3171,442.362,376.0774,38.3,81.72821,-0.0,163.496323,1.994762,,7.247272,0.724727,5e-06,1.788344,8.0,10.0,4.333048,0.0,4.333048,95.666952,73.05901,0.493079,5.328793,0.0,0.0
2026-08-29 08:58:19,16561.67,634879,3174,336.3138,371.3622,38.3,128.81073,-0.0,257.661438,1.999328,,6.932171,0.693217,3e-06,2.082608,9.0,10.0,7.063274,0.0,7.063274,92.936726,70.091904,0.504512,5.328793,0.0,0.0
2026-08-29 08:58:32,16575.03,635391,3176,244.1692,373.3891,38.3,165.20636,-0.0,330.452789,2.003044,,6.873513,0.687351,3e-06,2.078181,10.0,10.0,10.50885,0.0,10.50885,89.49115,68.380712,0.471288,5.328793,0.0,0.0
2026-08-29 08:58:45,16588.35,635903,3179,296.7291,373.8369,38.3,94.819008,0.0,189.678177,2.007815,,5.997785,0.599778,3e-06,2.048253,9.0,10.0,5.900434,0.0,5.900434,94.099566,70.281326,0.565724,5.328793,0.0,0.0
2026-08-29 08:58:59,16601.75,636415,3182,583.7529,375.9343,38.3,122.163055,0.0,244.366318,2.010566,,9.385253,0.938525,3e-06,1.859861,8.0,10.0,4.384269,0.0,4.384269,95.615731,71.79518,0.512406,5.328793,0.0,0.0
2026-08-29 08:59:12,16615.1,636927,3184,646.9993,383.2122,38.3,153.81366,0.0,307.667603,2.013521,,9.964749,0.996475,5e-06,1.41582,7.0,10.0,3.630743,0.0,3.630743,96.369257,72.910584,0.474864,5.328793,0.0,0.0
2026-08-29 08:59:25,16628.58,637439,3187,77.2901,383.3193,38.3,194.108536,0.0,388.257355,2.014699,,7.430411,0.743041,1e-06,2.535642,10.0,10.0,17.84095,0.0,17.84095,82.15905,61.052436,0.518712,5.328793,0.0,0.0
2026-08-29 08:59:39,16641.96,637951,3189,342.833,383.1107,38.3,49.655617,-0.0,99.351585,2.017531,,6.173459,0.617346,3e-06,1.93127,9.0,10.0,4.9403,0.0,4.9403,95.0597,72.274495,0.523044,5.127197,0.0,0.0
2026-08-29 08:59:52,16655.31,638463,3192,577.6927,383.7489,38.3,106.005318,0.0,212.050827,2.009961,,9.803437,0.980344,2e-06,2.50409,9.0,10.0,6.445852,0.0,6.445852,93.554148,70.886882,0.42116,5.127197,0.0,0.0
2026-08-29 09:00:06,16668.73,638975,3194,772.1062,387.2094,38.3,230.53183,0.0,461.103516,1.992112,,11.00754,1.100754,3e-06,2.088724,8.0,10.0,2.143286,0.0,2.143286,97.856714,74.594011,0.462969,5.127197,0.0,0.0
2026-08-29 09:00:19,16682.07,639487,3197,340.7682,386.4942,38.3,61.742077,-0.0,123.52356,1.970203,,6.565893,0.656589,2e-06,2.071562,9.0,10.0,6.06649,0.0,6.06649,93.93351,70.198952,0.515044,5.127197,0.0,0.0
2026-08-29 09:00:32,16695.43,639999,3200,526.7368,386.4751,38.3,64.287949,0.0,128.614853,1.948041,,7.485683,0.748568,3e-06,2.100218,8.0,10.0,1.560354,0.0,1.560354,98.439646,74.645111,0.515988,5.127197,0.0,0.0
2026-08-29 09:00:46,16708.85,640511,3202,548.6067,394.6421,38.3,135.098526,0.0,270.235565,1.925272,,9.323604,0.93236,2e-06,2.309298,9.0,10.0,5.935453,0.0,5.935453,94.064547,70.622097,0.480429,5.127197,0.0,0.0
2026-08-29 09:00:59,16722.36,641023,3205,250.1459,396.3402,38.3,119.932434,-0.0,239.902939,1.903234,,8.624247,0.862425,1e-06,3.601115,10.0,10.0,15.722316,0.0,15.722316,84.277684,62.888458,0.503026,5.127197,0.0,0.0
2026-08-29 09:01:13,16735.76,641535,3207,386.8983,398.8248,38.3,106.139526,-0.0,212.316757,1.885047,,8.615011,0.861501,2e-06,3.290865,10.0,10.0,10.232383,0.0,10.232383,89.767617,67.625008,0.482035,5.127197,0.0,0.0
2026-08-29 09:01:26,16749.13,642047,3210,590.7047,398.9351,38.3,99.527901,0.0,199.093185,1.869227,,9.792846,0.979285,2e-06,2.542442,9.0,10.0,5.921386,0.0,5.921386,94.078614,71.146334,0.45499,5.127197,0.0,0.0
2026-08-29 09:01:39,16762.39,642559,3212,562.1589,397.0373,38.3,128.41777,0.0,256.87262,1.854331,,8.839093,0.883909,3e-06,1.994512,9.0,10.0,3.821536,0.0,3.821536,96.178464,73.736045,0.457112,5.127197,0.0,0.0
2026-08-29 09:01:53,16775.78,643071,3215,403.212,397.7388,38.3,101.102295,0.0,202.24147,1.843818,,5.900369,0.590037,4e-06,1.876869,8.0,10.0,1.91749,0.0,1.91749,98.08251,74.427519,0.533631,5.127197,0.0,0.0
2026-08-29 09:02:06,16789.12,643583,3217,-10.0345,394.1662,38.3,266.367065,-0.0,532.770935,1.839466,,6.072485,0.607248,1e-06,3.300851,10.0,10.0,18.358088,0.0,18.358088,81.641912,61.702661,0.525813,5.127197,0.0,0.0
2026-08-29 09:02:19,16802.42,644095,3220,301.9569,395.6759,38.3,126.123589,0.0,252.28389,1.83589,,7.148545,0.714854,2e-06,2.533933,10.0,10.0,9.663192,0.0,9.663192,90.336808,67.094396,0.502611,5.127197,0.0,0.0
2026-08-29 09:02:33,16815.72,644607,3223,251.1336,400.2502,38.3,61.125938,-0.0,122.288528,1.832405,,4.579504,0.45795,2e-06,2.082191,9.0,10.0,4.04951,0.0,4.04951,95.95049,72.837279,0.541384,5.127197,0.0,0.0
2026-08-29 09:02:46,16829.0,645119,3225,546.3638,400.462,38.3,85.173454,0.0,170.383499,1.829702,,7.85046,0.785046,4e-06,2.026655,8.0,10.0,2.10441,0.0,2.10441,97.89559,75.364916,0.460358,5.127197,0.0,0.0
2026-08-29 09:02:59,16842.17,645631,3228,836.9686,405.9601,38.3,200.330215,0.0,400.69696,1.826731,,11.848566,1.184857,5e-06,1.202677,4.0,7.0,0.819076,0.0,0.819076,99.180924,75.421286,0.442364,5.127197,0.0,0.0
2026-08-29 09:03:12,16855.47,646143,3230,503.7483,407.8395,38.3,117.065681,0.0,234.167831,1.823446,,10.179212,1.017921,2e-06,2.381234,9.0,10.0,9.870595,0.0,9.870595,90.129405,68.337188,0.440955,5.127197,0.0,0.0
2026-08-29 09:03:26,16869.04,646655,3233,322.8461,406.4475,38.3,75.691322,-0.0,151.419113,1.823245,,7.414882,0.741488,2e-06,2.943404,10.0,10.0,9.544759,0.0,9.544759,90.455241,67.55112,0.495633,5.127197,0.0,0.0
2026-08-29 09:03:39,16882.46,647167,3235,563.1718,410.8758,38.3,116.58844,-0.0,233.213287,1.820074,,9.880237,0.988024,2e-06,2.160305,9.0,10.0,6.478104,0.0,6.478104,93.521896,71.165096,0.476216,5.127197,0.0,0.0
2026-08-29 09:03:53,16895.97,647679,3238,298.6197,415.6392,38.3,104.545944,-0.0,209.128281,1.819822,,8.573444,0.857344,2e-06,3.035019,10.0,10.0,13.393296,0.0,13.393296,86.606704,65.443283,0.538064,5.127197,0.0,0.0
2026-08-29 09:04:06,16909.43,648191,3240,792.3968,419.6997,38.3,212.335907,-0.0,424.70816,1.817832,,11.655474,1.165547,3e-06,2.042268,8.0,10.0,2.488933,0.0,2.488933,97.511067,74.39935,0.503122,5.127197,0.0,0.0
2026-08-29 09:04:20,16922.84,648703,3243,681.5507,422.5054,38.3,190.529739,0.0,381.095856,1.818217,,10.860726,1.086073,3e-06,2.128617,9.0,10.0,4.720471,0.0,4.720471,95.279529,71.917208,0.496627,5.127197,0.0,0.0
2026-08-29 09:04:33,16936.34,649215,3246,443.7429,425.0099,38.3,127.054543,0.0,254.145386,1.8151,,10.273444,1.027344,1e-06,3.45916,10.0,10.0,13.056767,0.0,13.056767,86.943233,64.210537,0.453418,5.127197,0.0,0.0
2026-08-29 09:04:47,16949.84,649727,3248,651.1011,428.8273,38.3,131.074356,0.0,262.185028,1.815185,,10.96544,1.096544,2e-06,1.992403,8.0,10.0,6.415457,0.0,6.415457,93.584543,70.912155,0.427983,5.127197,0.0,0.0
2026-08-29 09:05:00,16963.19,650239,3251,561.2108,431.029,38.3,128.166473,0.0,256.369263,1.816481,,8.636435,0.863644,3e-06,1.541682,6.0,9.0,3.306857,0.0,3.306857,96.693143,72.985416,0.452418,4.842848,0.0,0.0
2026-08-29 09:05:13,16976.52,650751,3253,544.6827,437.5363,38.3,110.584717,0.0,221.205765,1.81632,,8.241768,0.824177,3e-06,2.202489,8.0,10.0,3.565869,0.0,3.565869,96.434131,73.400911,0.48625,4.842848,0.0,0.0
2026-08-29 09:05:27,16989.77,651263,3256,559.2988,438.7498,38.3,137.927261,0.0,275.890839,1.8153,,9.61378,0.961378,3e-06,1.878837,9.0,10.0,6.561574,0.0,6.561574,93.438426,70.02651,0.473305,4.842848,0.0,0.0
2026-08-29 09:05:40,17003.18,651775,3258,170.7998,436.1688,38.3,239.058395,-0.0,478.153046,1.813427,,8.461162,0.846116,1e-06,3.431124,10.0,10.0,19.278484,0.0,19.278484,80.721516,60.180093,0.445446,4.842848,0.0,0.0
2026-08-29 09:05:53,17016.42,652287,3261,417.3365,437.1644,38.3,124.039154,0.0,248.114624,1.815506,,8.700255,0.870025,3e-06,2.481979,10.0,10.0,9.725666,0.0,9.725666,90.274334,67.604292,0.468048,4.842848,0.0,0.0
2026-08-29 09:06:07,17029.82,652799,3264,393.5349,440.8424,38.3,65.684158,0.0,131.404617,1.815294,,7.836123,0.783612,2e-06,3.173693,10.0,10.0,8.713198,0.0,8.713198,91.286802,69.18463,0.509836,4.842848,0.0,0.0
2026-08-29 09:06:20,17043.21,653311,3266,444.7953,441.9612,38.3,92.801796,-0.0,185.639877,1.814385,,7.762514,0.776251,3e-06,1.797973,8.0,10.0,5.589293,0.0,5.589293,94.410707,71.619932,0.508221,4.842848,0.0,0.0
2026-08-29 09:06:33,17056.53,653823,3269,449.6307,436.8377,38.3,167.312103,-0.0,334.660492,1.814738,,10.031168,1.003117,2e-06,1.999481,9.0,10.0,11.986141,0.0,11.986141,88.013859,66.557403,0.459656,4.842848,0.0,0.0
2026-08-29 09:06:47,17069.95,654335,3271,358.7063,431.8692,38.3,51.308296,-0.0,102.652855,1.813133,,6.754722,0.675472,2e-06,2.690258,9.0,10.0,6.34762,0.0,6.34762,93.65238,70.783659,0.47995,4.842848,0.0,0.0
2026-08-29 09:07:00,17083.47,654847,3274,169.4135,427.71,38.3,67.702736,0.0,135.441757,1.81409,,5.415694,0.541569,1e-06,3.816734,10.0,10.0,10.702841,0.0,10.702841,89.297159,66.676761,0.53164,4.842848,0.0,0.0
2026-08-29 09:07:14,17096.82,655359,3276,709.3358,434.0704,38.3,136.922714,0.0,273.881683,1.812883,,9.66757,0.966757,4e-06,1.609646,6.0,10.0,0.750428,0.0,0.750428,99.249572,76.079918,0.448694,4.842848,0.0,0.0
2026-08-29 09:07:27,17110.3,655871,3279,343.5108,433.0524,38.3,88.396011,-0.0,176.828262,1.811631,,6.228108,0.622811,3e-06,2.429646,9.0,10.0,5.38265,0.0,5.38265,94.61735,71.554184,0.562237,4.842848,0.0,0.0
2026-08-29 09:07:41,17123.63,656383,3281,347.0737,427.8306,38.3,56.951038,-0.0,113.938332,1.812719,,4.774784,0.477478,4e-06,1.853428,7.0,9.0,0.885106,0.0,0.885106,99.114894,74.743263,0.578879,4.842848,0.0,0.0
2026-08-29 09:07:54,17137.14,656895,3284,-67.9567,419.4973,38.3,155.670059,-0.0,311.376526,1.820339,,2.94366,0.294366,1e-06,3.137541,10.0,10.0,12.3437,0.0,12.3437,87.6563,65.499442,0.698839,4.842848,0.0,0.0
2026-08-29 09:08:07,17150.54,657407,3287,381.2038,414.108,38.3,114.140205,0.0,228.316879,1.823286,,7.213598,0.72136,3e-06,2.103478,9.0,10.0,7.034675,0.0,7.034675,92.965325,69.958254,0.514814,4.842848,0.0,0.0
2026-08-29 09:08:21,17163.92,657919,3289,776.1854,417.0213,38.3,232.470749,-0.0,464.978027,1.825778,,11.197157,1.119716,3e-06,1.851909,8.0,10.0,1.965805,0.0,1.965805,98.034195,74.533106,0.467552,4.842848,0.0,0.0
2026-08-29 09:08:34,17177.43,658431,3292,475.9246,418.5864,38.3,104.407333,0.0,208.851074,1.820138,,9.227917,0.922792,1e-06,2.906349,10.0,10.0,8.905065,0.0,8.905065,91.094935,69.484643,0.508136,4.842848,0.0,0.0
2026-08-29 09:08:48,17190.8,658943,3294,574.13,422.5549,38.3,149.719528,0.0,299.475281,1.811815,,10.396607,1.039661,2e-06,2.544697,10.0,10.0,7.74541,0.0,7.74541,92.25459,70.071487,0.489803,4.842848,0.0,0.0
2026-08-29 09:09:01,17204.12,659455,3297,612.9668,424.0191,38.3,155.856461,0.0,311.748901,1.799463,,9.835362,0.983536,1e-06,2.588798,9.0,10.0,4.552275,0.0,4.552275,95.447725,72.092896,0.471873,4.842848,0.0,0.0
2026-08-29 09:09:14,17217.34,659967,3299,652.7681,424.6494,38.3,147.802933,-0.0,295.641602,1.786484,,9.589562,0.958956,3e-06,1.759886,8.0,10.0,2.70732,0.0,2.70732,97.29268,74.179613,0.463089,4.842848,0.0,0.0
2026-08-29 09:09:28,17230.71,660479,3302,189.2891,426.0832,38.3,111.867302,0.0,223.77005,1.772014,,7.680568,0.768057,1e-06,2.019089,10.0,10.0,16.026529,0.0,16.026529,83.973471,62.595094,0.427132,4.842848,0.0,0.0
2026-08-29 09:09:41,17243.96,660991,3304,551.6011,425.66,38.3,108.933533,0.0,217.902206,1.756952,,8.164412,0.816441,2e-06,2.239254,9.0,10.0,2.626436,0.0,2.626436,97.373564,74.310413,0.449662,4.842848,0.0,0.0
2026-08-29 09:09:54,17257.25,661503,3307,420.0512,424.8885,38.3,81.770691,0.0,163.576248,1.743122,,7.45203,0.745203,3e-06,2.171597,9.0,10.0,5.983501,0.0,5.983501,94.016499,70.859965,0.468563,4.842848,0.0,0.0
2026-08-29 09:10:07,17270.5,662015,3310,465.1418,423.7313,38.3,94.684219,-0.0,189.403015,1.728457,,7.799741,0.779974,2e-06,1.959024,9.0,10.0,4.903703,0.0,4.903703,95.096297,70.904209,0.453155,4.842848,0.0,0.0
2026-08-29 09:10:21,17283.92,662527,3312,498.7499,424.2579,38.3,92.191902,-0.0,184.418076,1.713498,,8.495029,0.849503,2e-06,2.400473,9.0,10.0,6.327095,0.0,6.327095,93.672905,70.613955,0.403656,4.602817,0.0,0.0
2026-08-29 09:10:34,17297.26,663039,3315,515.355,424.0504,38.3,145.644669,-0.0,291.323395,1.703136,,8.596273,0.859627,3e-06,1.715071,9.0,10.0,6.251385,0.0,6.251385,93.748615,70.698406,0.413,4.602817,0.0,0.0
2026-08-29 09:10:48,17310.66,663551,3317,345.6643,423.8623,38.3,125.959,-0.0,251.951767,1.688483,,8.952824,0.895282,1e-06,2.631118,10.0,10.0,14.00889,0.0,14.00889,85.99111,64.750244,0.435159,4.602817,0.0,0.0
2026-08-29 09:11:01,17324.07,664063,3320,433.726,425.2584,38.3,141.121887,0.0,282.277435,1.683424,,7.745948,0.774595,3e-06,1.861112,9.0,10.0,6.486247,0.0,6.486247,93.513753,70.387306,0.48254,4.602817,0.0,0.0
2026-08-29 09:11:14,17337.45,664575,3322,624.4338,427.6834,38.3,177.315689,0.0,354.664856,1.674347,,11.414005,1.1414,2e-06,2.352683,10.0,10.0,8.840404,0.0,8.840404,91.159596,68.900365,0.431113,4.602817,0.0,0.0
2026-08-29 09:11:28,17350.82,665087,3325,838.0254,433.8195,38.3,196.581009,0.0,393.195374,1.668113,,11.593394,1.159339,4e-06,1.38944,6.0,9.0,1.068736,0.0,1.068736,98.931264,74.890688,0.404917,4.602817,0.0,0.0
2026-08-29 09:11:41,17364.2,665599,3328,605.2692,435.5389,38.3,109.897133,-0.0,219.827469,1.660196,,8.58011,0.858011,2e-06,2.08503,9.0,10.0,2.249811,0.0,2.249811,97.750189,73.780022,0.390284,4.602817,0.0,0.0
2026-08-29 09:11:55,17377.68,666111,3330,333.2208,436.6554,38.3,53.278683,0.0,106.590454,1.654495,,9.024182,0.902418,1e-06,2.409483,10.0,10.0,14.627326,0.0,14.627326,85.372674,64.143905,0.41978,4.602817,0.0,0.0
2026-08-29 09:12:08,17391.14,666623,3333,6.2623,434.2531,38.3,183.884628,-0.0,367.802307,1.651885,,5.966626,0.596663,1e-06,3.838759,10.0,10.0,19.582616,0.0,19.582616,80.417384,59.476807,0.480021,4.602817,0.0,0.0
2026-08-29 09:12:21,17404.45,667135,3335,275.1324,431.4584,38.3,60.598316,-0.0,121.229614,1.648938,,6.520418,0.652042,1e-06,2.380439,10.0,10.0,9.583126,0.0,9.583126,90.416874,67.521802,0.442421,4.602817,0.0,0.0
2026-08-29 09:12:35,17417.78,667647,3338,157.3474,425.8005,38.3,89.249184,-0.0,178.531342,1.648783,,5.462056,0.546206,1e-06,2.186784,10.0,10.0,11.205514,0.0,11.205514,88.794486,66.836628,0.469313,4.602817,0.0,0.0
2026-08-29 09:12:48,17431.0,668159,3340,499.1264,425.2537,38.3,83.871559,0.0,167.776062,1.647001,,8.78133,0.878133,2e-06,2.007271,9.0,10.0,6.826601,0.0,6.826601,93.173399,70.607112,0.382388,4.602817,0.0,0.0
2026-08-29 09:13:01,17444.27,668671,3343,262.7612,422.8494,38.3,116.488007,-0.0,233.008942,1.646635,,6.591809,0.659181,1e-06,2.148111,10.0,10.0,10.261334,0.0,10.261334,89.738666,67.185001,0.445038,4.602817,0.0,0.0
2026-08-29 09:13:15,17457.69,669183,3345,91.9401,420.8145,38.3,251.085037,-0.0,502.202881,1.640905,,8.936766,0.893677,1e-06,4.246686,10.0,10.0,23.984106,0.0,23.984106,76.015894,57.392755,0.397241,4.602817,0.0,0.0
2026-08-29 09:13:28,17471.19,669695,3348,748.5703,425.1036,38.3,215.735703,0.0,431.504211,1.639734,,14.278851,1.427885,1e-06,2.639347,10.0,10.0,11.318448,0.0,11.318448,88.681552,66.958644,0.42033,4.602817,0.0,0.0
2026-08-29 09:13:41,17484.57,670207,3351,696.1955,433.1702,38.3,192.717178,-0.0,385.467163,1.640663,,11.681311,1.168131,1e-06,2.180235,9.0,10.0,5.999286,0.0,5.999286,94.000714,71.771266,0.426346,4.602817,0.0,0.0
2026-08-29 09:13:55,17498.08,670719,3353,452.5463,435.6972,38.3,86.773521,-0.0,173.579834,1.6394,,10.208479,1.020848,1e-06,3.659485,10.0,10.0,13.250526,0.0,13.250526,86.749474,64.870642,0.427679,4.602817,0.0,0.0
2026-08-29 09:14:08,17511.55,671231,3356,510.7716,433.2763,38.3,118.524925,-0.0,237.082642,1.639444,,9.461831,0.946183,1e-06,2.552522,10.0,10.0,8.349778,0.0,8.349778,91.650222,69.61973,0.440042,4.602817,0.0,0.0
2026-08-29 09:14:22,17525.05,671743,3358,71.8791,427.031,38.3,245.498352,-0.0,491.02951,1.640155,,7.366582,0.736658,1e-06,2.771167,10.0,10.0,20.593827,0.0,20.593827,79.406173,59.104682,0.482904,4.602817,0.0,0.0
2026-08-29 09:14:35,17538.5,672255,3361,516.5875,423.8438,38.3,159.658875,0.0,319.350525,1.638738,,9.748145,0.974814,2e-06,2.644404,10.0,10.0,8.521687,0.0,8.521687,91.478313,68.57381,0.470955,4.602817,0.0,0.0
2026-08-29 09:14:49,17552.07,672767,3363,295.2837,421.5303,38.3,84.012672,0.0,168.05809,1.637619,,7.489927,0.748993,1e-06,3.366132,10.0,10.0,11.814282,0.0,11.814282,88.185718,65.961778,0.456472,4.602817,0.0,0.0
2026-08-29 09:15:02,17565.57,673279,3366,26.5771,417.6307,38.3,110.115799,-0.0,220.264389,1.639189,,5.576747,0.557675,1e-06,4.19546,10.0,10.0,17.630423,0.0,17.630423,82.369577,61.120528,0.478796,4.602817,0.0,0.0
2026-08-29 09:15:16,17579.03,673791,3368,328.6999,416.0726,38.3,86.500854,-0.0,173.034454,1.637535,,8.011392,0.801139,1e-06,3.172779,10.0,10.0,12.155001,0.0,12.155001,87.844999,65.879201,0.448478,4.602817,0.0,0.0
2026-08-29 09:15:29,17592.51,674303,3371,-327.8206,410.3797,38.3,263.700562,-0.0,527.434021,1.646177,,5.768103,0.57681,0.0,4.038894,10.0,10.0,32.630151,0.0,32.630151,67.369849,49.444771,0.46408,4.602817,0.0,0.0
2026-08-29 09:15:43,17606.0,674815,3374,329.7062,409.5167,38.3,162.215195,-0.0,324.46344,1.653247,,8.316766,0.831677,1e-06,2.730301,10.0,10.0,12.354581,0.0,12.354581,87.645419,65.622318,0.454643,4.602817,0.0,0.0
2026-08-29 09:15:56,17619.31,675327,3376,210.4104,410.6973,38.3,80.722626,-0.0,161.478394,1.657,,10.060163,1.006016,1e-06,3.751801,10.0,10.0,21.636057,0.0,21.636057,78.363943,58.147064,0.427439,5.04715,0.0,0.0
2026-08-29 09:16:09,17632.57,675839,3379,641.6529,414.7173,38.3,157.058289,-0.0,314.149872,1.664415,,12.092301,1.20923,3e-06,1.870867,10.0,10.0,9.711365,0.0,9.711365,90.288635,68.448998,0.386546,5.04715,0.0,0.0
2026-08-29 09:16:23,17645.78,676351,3381,1018.1462,424.2356,38.3,335.103577,-0.0,670.24054,1.668171,,14.54956,1.454956,4e-06,1.110264,5.0,9.0,0.260473,0.0,0.260473,99.739527,76.022786,0.405428,5.04715,0.0,0.0
2026-08-29 09:16:36,17659.06,676863,3384,456.1412,432.5063,38.3,87.678635,0.0,175.390717,1.672099,,8.308517,0.830852,2e-06,2.390476,9.0,10.0,6.368824,0.0,6.368824,93.631176,70.642042,0.431801,5.04715,0.0,0.0
2026-08-29 09:16:49,17672.28,677375,3386,298.8443,430.409,38.3,66.505051,-0.0,133.043625,1.675911,,5.055466,0.505547,2e-06,2.061776,9.0,10.0,3.371108,0.0,3.371108,96.628892,73.414805,0.501158,5.04715,0.0,0.0
2026-08-29 09:17:03,17685.64,677887,3389,72.9847,427.4959,38.3,121.64698,-0.0,243.327499,1.67713,,5.254344,0.525434,1e-06,2.767866,10.0,10.0,13.031627,0.0,13.031627,86.968373,65.144645,0.483661,5.04715,0.0,0.0
2026-08-29 09:17:16,17698.96,678399,3392,553.2367,427.7891,38.3,101.813141,0.0,203.659836,1.677486,,11.611957,1.161196,1e-06,3.145272,10.0,10.0,12.238403,0.0,12.238403,87.761597,65.690808,0.397215,5.04715,0.0,0.0
2026-08-29 09:17:29,17712.54,678911,3394,609.7771,430.6642,38.3,118.697067,0.0,237.427689,1.677444,,12.500356,1.250036,1e-06,3.307618,10.0,10.0,11.759375,0.0,11.759375,88.240625,65.860662,0.431624,5.04715,0.0,0.0
2026-08-29 09:17:43,17725.83,679423,3397,801.6475,433.432,38.3,230.889816,0.0,461.813293,1.683607,,11.65326,1.165326,4e-06,1.372979,8.0,10.0,1.465394,0.0,1.465394,98.534606,75.09881,0.426277,5.04715,0.0,0.0
2026-08-29 09:17:56,17739.15,679935,3399,393.4626,433.5954,38.3,86.212891,-0.0,172.459488,1.68514,,7.294073,0.729407,3e-06,1.331281,5.0,10.0,6.083544,0.0,6.083544,93.916456,71.492391,0.407222,5.04715,0.0,0.0
2026-08-29 09:18:09,17752.56,680447,3402,127.113,431.3293,38.3,137.643829,0.0,275.321442,1.688578,,5.217109,0.521711,2e-06,1.768612,9.0,10.0,10.599453,0.0,10.599453,89.400547,66.839182,0.44994,5.04715,0.0,0.0
2026-08-29 09:18:23,17765.97,680959,3404,226.6695,425.9949,38.3,239.95697,0.0,479.947754,1.690354,,9.143126,0.914313,1e-06,2.675254,10.0,10.0,17.45371,0.0,17.45371,82.54629,62.923135,0.409072,5.04715,0.0,0.0
2026-08-29 09:18:36,17779.36,681471,3407,602.8846,426.1198,38.3,130.162827,-0.0,260.359497,1.692255,,10.569218,1.056922,1e-06,2.26154,10.0,10.0,7.1982,0.0,7.1982,92.8018,70.575485,0.389359,5.04715,0.0,0.0
2026-08-29 09:18:50,17792.84,681983,3409,726.7382,428.0528,38.3,163.020538,-0.0,326.074951,1.693004,,12.043736,1.204374,2e-06,2.507145,10.0,10.0,6.77669,0.0,6.77669,93.22331,70.56654,0.390866,5.04715,0.0,0.0
2026-08-29 09:19:03,17806.29,682495,3412,406.5454,425.7375,38.3,99.479752,0.0,198.993393,1.694848,,9.555983,0.955598,1e-06,3.450594,10.0,10.0,11.927132,0.0,11.927132,88.072868,65.869158,0.407396,5.04715,0.0,0.0
2026-08-29 09:19:17,17819.72,683007,3415,388.3141,425.8083,38.3,109.763496,-0.0,219.560944,1.697895,,7.886458,0.788646,1e-06,2.131632,10.0,10.0,7.519605,0.0,7.519605,92.480395,69.703346,0.401251,5.04715,0.0,0.0
2026-08-29 09:19:30,17832.99,683519,3417,788.0768,431.8307,38.3,199.407806,0.0,398.84967,1.702613,,10.859504,1.08595,4e-06,0.928554,4.0,9.0,0.337761,0.0,0.337761,99.662239,75.936886,0.385754,5.04715,0.0,0.0
2026-08-29 09:19:43,17846.29,684031,3420,602.0946,434.8687,38.3,117.557755,0.0,235.149567,1.703259,,10.119924,1.011992,2e-06,1.445857,8.0,10.0,5.413172,0.0,5.413172,94.586828,71.950603,0.367893,5.04715,0.0,0.0
2026-08-29 09:19:56,17859.5,684543,3422,863.511,439.0136,38.3,252.110489,-0.0,504.255096,1.705482,,11.919196,1.19192,3e-06,1.133425,5.0,9.0,0.088477,0.0,0.088477,99.911523,76.326031,0.393423,5.04715,0.0,0.0
2026-08-29 09:20:10,17872.79,685055,3425,609.2865,441.4723,38.3,116.211754,0.0,232.457626,1.706129,,11.022136,1.102214,1e-06,2.260647,10.0,10.0,7.645993,0.0,7.645993,92.354007,69.51999,0.372247,5.04715,0.0,0.0
2026-08-29 09:20:23,17886.08,685567,3427,648.2411,443.5311,38.3,132.634247,-0.0,265.302643,1.707173,,9.376365,0.937637,2e-06,1.347884,7.0,10.0,1.850144,0.0,1.850144,98.149856,74.758542,0.36454,5.04715,0.0,0.0
2026-08-29 09:20:36,17899.44,686079,3430,424.5618,444.4136,38.3,99.563423,-0.0,199.161041,1.709433,,6.759902,0.67599,2e-06,2.07895,9.0,10.0,3.522447,0.0,3.522447,96.477553,72.270116,0.427825,5.04715,0.0,0.0
2026-08-29 09:20:50,17912.77,686591,3432,702.6195,448.9981,38.3,181.878372,0.0,363.790833,1.703838,,11.201841,1.120184,2e-06,2.252495,9.0,10.0,3.57277,0.0,3.57277,96.42723,73.519873,0.385287,5.04715,0.0,0.0
2026-08-29 09:21:03,17926.14,687103,3435,269.6624,448.7274,38.3,124.13942,0.0,248.312851,1.700642,,8.586007,0.858601,1e-06,1.883101,10.0,10.0,13.472173,0.0,13.472173,86.527827,64.998594,0.386639,5.04715,0.0,0.0
2026-08-29 09:21:16,17939.51,687615,3438,177.5134,444.665,38.3,92.851303,0.0,185.736572,1.698117,,5.475943,0.547594,2e-06,2.19067,10.0,10.0,9.38788,0.0,9.38788,90.61212,69.115092,0.421407,4.883279,0.0,0.0
2026-08-29 09:21:30,17952.9,688127,3440,658.6597,444.7816,38.3,133.535156,0.0,267.104156,1.692373,,10.034854,1.003485,2e-06,1.110624,6.0,10.0,3.112632,0.0,3.112632,96.887368,73.675203,0.3682,4.883279,0.0,0.0
2026-08-29 09:21:43,17966.26,688639,3443,888.4214,452.8929,38.3,262.545013,-0.0,525.123718,1.685694,,13.090053,1.309005,2e-06,1.401099,6.0,9.0,1.558206,0.0,1.558206,98.441794,74.452262,0.377862,4.883279,0.0,0.0
2026-08-29 09:21:56,17979.59,689151,3445,732.6021,456.7906,38.3,247.112915,0.0,494.259491,1.682416,,12.062297,1.20623,3e-06,0.999891,5.0,10.0,4.399568,0.0,4.399568,95.600432,73.189219,0.403092,4.883279,0.0,0.0
2026-08-29 09:22:10,17993.03,689663,3448,37.1744,451.3854,38.3,125.249123,-0.0,250.531784,1.677141,,8.207331,0.820733,0.0,2.579664,10.0,10.0,22.43204,0.0,22.43204,77.56796,58.46191,0.414899,4.883279,0.0,0.0
2026-08-29 09:22:23,18006.36,690175,3450,749.2846,451.1572,38.3,180.206238,0.0,360.445953,1.674507,,13.159564,1.315956,2e-06,1.443965,9.0,10.0,6.242277,0.0,6.242277,93.757723,71.178094,0.393038,4.883279,0.0,0.0
2026-08-29 09:22:36,18019.6,690687,3453,860.6079,456.3556,38.3,233.782867,0.0,467.599182,1.67172,,12.72775,1.272775,3e-06,1.098775,6.0,10.0,1.429095,0.0,1.429095,98.570905,74.791838,0.393456,4.883279,0.0,0.0
2026-08-29 09:22:50,18032.84,691199,3456,604.5518,457.1338,38.3,112.770164,0.0,225.573685,1.66764,,9.139933,0.913993,3e-06,0.965049,5.0,10.0,2.231881,0.0,2.231881,97.768119,74.953984,0.374757,4.883279,0.0,0.0
2026-08-29 09:23:03,18046.13,691711,3458,102.0468,452.6682,38.3,126.846832,-0.0,253.726959,1.664766,,7.677235,0.767723,0.0,3.358565,10.0,10.0,19.745035,0.0,19.745035,80.254965,59.255334,0.381681,4.883279,0.0,0.0
2026-08-29 09:23:16,18059.41,692223,3461,628.1968,456.4487,38.3,149.310623,0.0,298.65451,1.663344,,11.674147,1.167415,2e-06,1.577798,10.0,10.0,8.066279,0.0,8.066279,91.933721,69.483657,0.388227,4.883279,0.0,0.0
2026-08-29 09:23:30,18072.65,692735,3463,434.3169,456.9229,38.3,229.020767,-0.0,458.074799,1.663206,,9.232246,0.923225,1e-06,1.518535,9.0,10.0,8.924965,0.0,8.924965,91.075035,68.378006,0.389964,4.883279,0.0,0.0
2026-08-29 09:23:43,18085.91,693247,3466,336.4886,454.3807,38.3,101.408401,-0.0,202.850067,1.663465,,7.345187,0.734519,1e-06,1.600851,9.0,10.0,8.347192,0.0,8.347192,91.652808,69.904173,0.379,4.883279,0.0,0.0
2026-08-29 09:23:56,18099.25,693759,3468,91.5746,449.6748,38.3,113.098831,-0.0,226.230881,1.661011,,6.833384,0.683338,1e-06,2.129898,10.0,10.0,16.713769,0.0,16.713769,83.286231,62.623382,0.391812,4.883279,0.0,0.0
2026-08-29 09:24:10,18112.61,694271,3471,754.0751,453.1835,38.3,163.527756,0.0,327.088684,1.658869,,11.295242,1.129524,2e-06,1.337618,8.0,10.0,2.211573,0.0,2.211573,97.788427,74.814982,0.369833,4.883279,0.0,0.0
2026-08-29 09:24:23,18125.91,694783,3473,789.1592,461.1754,38.3,193.993484,-0.0,388.020111,1.656398,,12.169292,1.216929,2e-06,2.060914,10.0,10.0,3.349545,0.0,3.349545,96.650455,74.079252,0.366237,4.883279,0.0,0.0
2026-08-29 09:24:36,18139.34,695295,3476,483.0768,462.9866,38.3,94.999146,-0.0,190.031418,1.656151,,8.168102,0.81681,2e-06,1.620259,9.0,10.0,5.118444,0.0,5.118444,94.881556,72.119123,0.380537,4.883279,0.0,0.0
2026-08-29 09:24:50,18152.7,695807,3479,221.8558,462.6938,38.3,107.821999,-0.0,215.677078,1.654255,,6.347261,0.634726,1e-06,1.782175,10.0,10.0,9.996619,0.0,9.996619,90.003381,68.227465,0.391091,4.883279,0.0,0.0
2026-08-29 09:25:03,18166.05,696319,3481,352.0358,460.7506,38.3,75.375679,-0.0,150.784424,1.65292,,4.935158,0.493516,4e-06,0.706353,3.0,9.0,0.719561,0.0,0.719561,99.280439,75.527547,0.435979,4.883279,0.0,0.0
2026-08-29 09:25:16,18179.37,696831,3484,326.7316,455.6482,38.3,64.256531,-0.0,128.546356,1.66446,,5.136241,0.513624,2e-06,1.48847,8.0,10.0,2.096129,0.0,2.096129,97.903871,74.133188,0.420626,4.883279,0.0,0.0
2026-08-29 09:25:30,18192.7,697343,3486,368.4446,454.2951,38.3,84.593803,-0.0,169.221085,1.673977,,7.931948,0.793195,2e-06,1.332347,8.0,10.0,8.745198,0.0,8.745198,91.254802,69.705191,0.363004,4.883279,0.0,0.0
2026-08-29 09:25:43,18206.02,697855,3489,561.93,456.686,38.3,146.182755,-0.0,292.399261,1.686956,,7.865313,0.786531,4e-06,0.86464,4.0,9.0,0.399445,0.0,0.399445,99.600555,76.104805,0.399117,4.883279,0.0,0.0
2026-08-29 09:25:56,18219.53,698367,3491,405.3837,455.1081,38.3,108.658386,-0.0,217.350662,1.694562,,8.206662,0.820666,1e-06,2.134247,10.0,10.0,8.263838,0.0,8.263838,91.736162,70.20821,0.384191,4.883279,0.0,0.0
2026-08-29 09:26:10,18232.87,698879,3494,287.397,454.9959,38.3,137.080612,0.0,274.195312,1.704837,,7.994649,0.799465,1e-06,1.674657,10.0,10.0,12.287435,0.0,12.287435,87.712565,66.844234,0.373566,4.883279,0.0,0.0
2026-08-29 09:26:23,18246.25,699391,3496,199.6518,449.0684,38.3,101.084702,-0.0,202.203644,1.71173,,8.887656,0.888766,1e-06,2.355009,10.0,10.0,18.030606,0.0,18.030606,81.969394,61.43525,0.379821,4.883279,0.0,0.0
2026-08-29 09:26:36,18259.53,699903,3499,168.6553,443.9395,38.3,189.280121,-0.0,378.594696,1.723314,,6.799089,0.679909,1e-06,1.835344,10.0,10.0,12.98491,0.0,12.98491,87.01509,65.623154,0.422945,4.883279,0.0,0.0
2026-08-29 09:26:50,18272.84,700415,3502,149.2078,440.9941,38.3,138.653915,-0.0,277.342438,1.73092,,6.157055,0.615705,1e-06,1.914919,10.0,10.0,12.66629,0.0,12.66629,87.33371,66.345377,0.431519,4.767984,0.0,0.0
2026-08-29 09:27:03,18285.99,700927,3504,405.2245,438.5354,38.3,67.712059,-0.0,135.458893,1.738808,,5.678727,0.567873,2e-06,1.405805,6.0,9.0,0.888174,0.0,0.888174,99.111826,76.423669,0.422051,4.767984,0.0,0.0
2026-08-29 09:27:16,18299.07,701439,3507,311.3398,436.0366,38.3,59.31078,-0.0,118.656509,1.74761,,4.089549,0.408955,5e-06,0.42965,2.0,3.0,0.0,0.0,0.0,100.0,76.999587,0.436636,4.767984,0.0,0.0
2026-08-29 09:27:29,18312.5,701951,3509,587.0949,436.4608,38.3,96.367065,-0.0,192.76915,1.750624,,8.652067,0.865207,2e-06,1.588251,9.0,10.0,2.450386,0.0,2.450386,97.549614,74.090975,0.37785,4.767984,0.0,0.0
2026-08-29 09:27:43,18325.79,702463,3512,731.3752,438.1815,38.3,200.173264,-0.0,400.381653,1.756587,,11.637782,1.163778,4e-06,0.917087,5.0,10.0,3.927506,0.0,3.927506,96.072494,73.311189,0.364742,4.767984,0.0,0.0
2026-08-29 09:27:56,18339.09,702975,3514,232.657,438.8001,38.3,98.684174,-0.0,197.403564,1.761228,,6.851676,0.685168,2e-06,1.234937,8.0,10.0,11.480512,0.0,11.480512,88.519488,67.398457,0.402242,4.767984,0.0,0.0
2026-08-29 09:28:09,18352.38,703487,3517,414.1687,438.7684,38.3,71.111122,0.0,142.257568,1.766583,,5.892176,0.589218,1e-06,1.508328,7.0,10.0,1.389226,0.0,1.389226,98.610774,74.515607,0.424516,4.767984,0.0,0.0
2026-08-29 09:28:23,18365.83,703999,3520,561.9764,440.4528,38.3,79.135338,0.0,158.306122,1.772209,,8.581461,0.858146,2e-06,1.791688,8.0,10.0,2.70515,0.0,2.70515,97.29485,74.312857,0.401874,4.767984,0.0,0.0
2026-08-29 09:28:36,18379.31,704511,3522,72.5639,436.7305,38.3,88.841751,-0.0,177.71904,1.777218,,5.329448,0.532945,1e-06,2.792807,10.0,10.0,13.682498,0.0,13.682498,86.317502,64.788535,0.433522,4.767984,0.0,0.0
2026-08-29 09:28:50,18392.89,705023,3525,-256.3973,429.6702,38.3,259.686768,-0.0,519.40918,1.781357,,4.923818,0.492382,0.0,4.912521,10.0,10.0,26.430682,0.0,26.430682,73.569318,54.379972,0.447147,4.767984,0.0,0.0
2026-08-29 09:29:03,18406.45,705535,3527,61.9636,426.7028,38.3,180.474869,0.0,360.985474,1.787215,,7.483555,0.748355,1e-06,2.860447,10.0,10.0,20.706516,0.0,20.706516,79.293484,59.727377,0.409335,4.767984,0.0,0.0
2026-08-29 09:29:17,18419.92,706047,3530,255.893,427.5676,38.3,69.579071,0.0,139.194016,1.793747,,7.593058,0.759306,1e-06,2.042463,10.0,10.0,13.060105,0.0,13.060105,86.939895,65.773266,0.39628,4.767984,0.0,0.0
2026-08-29 09:29:30,18433.26,706559,3532,312.4081,423.5983,38.3,69.02433,-0.0,138.084641,1.798861,,6.122748,0.612275,1e-06,2.005045,8.0,10.0,6.510818,0.0,6.510818,93.489182,70.714953,0.424052,4.767984,0.0,0.0
2026-08-29 09:29:44,18446.63,707071,3535,417.8548,424.3418,38.3,64.263237,0.0,128.5625,1.801027,,8.222437,0.822244,2e-06,1.762913,9.0,10.0,7.328172,0.0,7.328172,92.671828,70.211502,0.441424,4.767984,0.0,0.0
2026-08-29 09:29:57,18460.1,707583,3537,544.0805,426.3118,38.3,136.220932,-0.0,272.477875,1.799783,,8.545926,0.854593,2e-06,1.768637,8.0,10.0,3.147204,0.0,3.147204,96.852796,73.496558,0.434737,4.767984,0.0,0.0
2026-08-29 09:30:10,18473.28,708095,3540,378.4407,430.7758,38.3,104.406174,0.0,208.848389,1.801921,,7.413083,0.741308,3e-06,0.831414,4.0,9.0,6.774851,0.0,6.774851,93.225149,71.172832,0.416836,4.767984,0.0,0.0
2026-08-29 09:30:23,18486.45,708607,3543,592.3883,432.8877,38.3,117.786522,0.0,235.609161,1.806166,,8.799446,0.879945,4e-06,1.09588,6.0,10.0,2.233395,0.0,2.233395,97.766605,74.363081,0.420647,4.767984,0.0,0.0
2026-08-29 09:30:37,18499.62,709119,3545,334.6607,428.4724,38.3,56.177586,0.0,112.391335,1.808141,,6.453688,0.645369,2e-06,1.321369,7.0,10.0,6.173803,0.0,6.173803,93.826197,71.665258,0.427822,4.767984,0.0,0.0
2026-08-29 09:30:50,18512.9,709631,3548,330.1224,427.0144,38.3,83.309402,0.0,166.655975,1.858705,,6.07752,0.607752,1e-06,1.989224,8.0,10.0,5.375399,0.0,5.375399,94.624601,71.502166,0.464403,4.767984,0.0,0.0
2026-08-29 09:31:03,18526.16,710143,3550,63.0278,421.9034,38.3,121.107628,0.0,242.253204,1.897533,,5.687313,0.568731,1e-06,4.276815,10.0,10.0,15.592891,0.0,15.592891,84.407109,62.386642,0.473178,4.767984,0.0,0.0
2026-08-29 09:31:16,18539.37,710655,3553,369.6042,419.4697,38.3,72.65535,-0.0,145.349289,1.929645,,6.447636,0.644764,2e-06,2.239083,9.0,10.0,5.01989,0.0,5.01989,94.98011,71.737147,0.473101,4.767984,0.0,0.0
2026-08-29 09:31:29,18552.59,711167,3555,319.6516,416.1386,38.3,115.899193,0.0,231.837433,1.952579,,8.110061,0.811006,1e-06,2.931471,10.0,10.0,12.384074,0.0,12.384074,87.615926,65.562202,0.444998,4.767984,0.0,0.0
2026-08-29 09:31:43,18565.9,711679,3558,746.0419,421.7061,38.3,169.976486,0.0,339.992401,1.971201,,11.958748,1.195875,2e-06,2.809459,10.0,10.0,6.513977,0.0,6.513977,93.486023,70.861775,0.460995,4.767984,0.0,0.0
2026-08-29 09:31:56,18579.17,712191,3560,810.3901,424.294,38.3,239.245331,-0.0,478.530365,1.984614,,13.047746,1.304775,2e-06,2.187113,10.0,10.0,5.239339,0.0,5.239339,94.760661,72.105444,0.456412,4.767984,0.0,0.0
2026-08-29 09:32:09,18592.53,712703,3563,674.7045,426.8405,38.3,194.957794,0.0,389.955475,1.994497,,10.710735,1.071073,4e-06,1.517111,7.0,10.0,4.902481,0.0,4.902481,95.097519,71.519419,0.446328,4.635913,0.0,0.0
2026-08-29 09:32:23,18605.91,713215,3566,324.4791,425.4339,38.3,122.441017,-0.0,244.922028,1.999585,,7.842243,0.784224,2e-06,2.630227,10.0,10.0,11.364834,0.0,11.364834,88.635166,65.592832,0.508744,4.635913,0.0,0.0
2026-08-29 09:32:36,18619.24,713727,3568,331.7258,423.7637,38.3,46.406364,-0.0,92.852791,2.003105,,7.506125,0.750613,4e-06,1.692536,9.0,10.0,10.305329,0.0,10.305329,89.694671,67.43249,0.455789,4.635913,0.0,0.0
2026-08-29 09:32:49,18632.56,714239,3571,817.6142,426.7863,38.3,207.31575,-0.0,414.671722,2.011514,,11.526378,1.152638,7e-06,0.907309,3.0,6.0,0.149916,0.0,0.149916,99.850084,75.936807,0.475681,4.635913,0.0,0.0
2026-08-29 09:33:03,18645.97,714751,3573,598.5305,429.3149,38.3,100.260506,-0.0,200.561356,2.017075,,8.795241,0.879524,6e-06,1.553226,7.0,10.0,2.192012,0.0,2.192012,97.807988,74.528215,0.489761,4.635913,0.0,0.0
2026-08-29 09:33:16,18659.48,715263,3576,475.1511,429.7292,38.3,145.969894,-0.0,291.980225,2.021185,,9.076225,0.907623,2e-06,2.471461,9.0,10.0,8.889914,0.0,8.889914,91.110086,68.143748,0.458689,4.635913,0.0,0.0
2026-08-29 09:33:30,18672.91,715775,3578,573.4714,429.2195,38.3,95.540665,0.0,191.121826,2.024494,,9.591273,0.959127,3e-06,2.552655,10.0,10.0,6.754251,0.0,6.754251,93.245749,71.198729,0.44741,4.635913,0.0,0.0
2026-08-29 09:33:43,18686.33,716287,3581,382.0112,424.6594,38.3,75.708321,0.0,151.457199,2.028089,,6.485345,0.648535,3e-06,2.068395,9.0,10.0,4.87808,0.0,4.87808,95.12192,71.906831,0.528027,4.635913,0.0,0.0
2026-08-29 09:33:57,18699.72,716799,3584,339.9922,422.0066,38.3,63.470615,0.0,126.981888,2.032998,,7.525461,0.752546,2e-06,3.50194,10.0,10.0,9.912034,0.0,9.912034,90.087966,68.635147,0.511381,4.635913,0.0,0.0
2026-08-29 09:34:10,18713.08,717311,3586,381.4142,422.4886,38.3,72.852737,0.0,145.746201,2.035918,,6.088727,0.608873,3e-06,2.192448,9.0,10.0,3.349465,0.0,3.349465,96.650535,73.009581,0.530854,4.635913,0.0,0.0
2026-08-29 09:34:23,18726.29,717823,3589,491.2578,427.3385,38.3,112.311478,-0.0,224.663727,2.038558,,7.58704,0.758704,3e-06,2.262983,9.0,10.0,3.947523,0.0,3.947523,96.052477,72.521245,0.531537,4.635913,0.0,0.0
2026-08-29 09:34:36,18739.51,718335,3591,234.8827,426.936,38.3,55.749893,0.0,111.540604,2.040933,,4.85174,0.485174,3e-06,2.049647,9.0,10.0,5.832568,0.0,5.832568,94.167432,71.559109,0.588046,4.635913,0.0,0.0
2026-08-29 09:34:50,18752.79,718847,3594,272.6027,428.0886,38.3,66.790169,0.0,133.621216,2.043925,,4.36209,0.436209,5e-06,1.598011,8.0,10.0,2.635969,0.0,2.635969,97.364031,73.921227,0.593679,4.635913,0.0,0.0
2026-08-29 09:35:03,18766.2,719359,3596,341.3293,426.5106,38.3,48.590092,-0.0,97.221092,2.045348,,5.904243,0.590424,2e-06,2.069565,9.0,10.0,4.83063,0.0,4.83063,95.16937,72.830047,0.550229,4.635913,0.0,0.0
2026-08-29 09:35:17,18779.6,719871,3599,50.2854,424.3859,38.3,99.222122,-0.0,198.485046,2.039852,,6.311579,0.631158,1e-06,3.835089,10.0,10.0,18.763398,0.0,18.763398,81.236602,61.391694,0.480244,4.635913,0.0,0.0
2026-08-29 09:35:30,18792.84,720383,3601,632.2319,429.7888,38.3,110.50351,-0.0,221.047775,2.038191,,8.671749,0.867175,5e-06,1.405462,7.0,10.0,1.189622,0.0,1.189622,98.810378,76.06294,0.445055,4.635913,0.0,0.0
2026-08-29 09:35:43,18806.23,720895,3604,647.7918,428.781,38.3,142.861481,-0.0,285.763611,2.033038,,10.814652,1.081465,2e-06,2.470926,10.0,10.0,7.349098,0.0,7.349098,92.650902,70.222929,0.452003,4.635913,0.0,0.0
2026-08-29 09:35:57,18819.62,721407,3607,429.6823,426.1159,38.3,133.534042,-0.0,267.108643,2.028582,,9.671254,0.967125,1e-06,2.909187,10.0,10.0,12.604227,0.0,12.604227,87.395773,66.122853,0.486602,4.635913,0.0,0.0
2026-08-29 09:36:10,18833.02,721919,3609,597.7752,427.5681,38.3,125.554832,0.0,251.150192,2.026398,,9.468263,0.946826,2e-06,2.20253,9.0,10.0,5.062704,0.0,5.062704,94.937296,71.662972,0.449867,4.635913,0.0,0.0
2026-08-29 09:36:23,18846.37,722431,3612,569.4804,428.1552,38.3,143.357376,-0.0,286.755219,2.022779,,10.450405,1.045041,1e-06,2.63729,9.0,10.0,8.666997,0.0,8.666997,91.333003,67.485524,0.436202,4.635913,0.0,0.0
2026-08-29 09:36:37,18859.81,722943,3614,547.1306,432.9077,38.3,98.320038,0.0,196.680496,2.021369,,8.406376,0.840638,2e-06,2.307552,9.0,10.0,3.644769,0.0,3.644769,96.355231,72.91507,0.430664,4.635913,0.0,0.0
2026-08-29 09:36:50,18873.15,723455,3617,199.7037,429.7389,38.3,151.446228,-0.0,302.932831,2.018743,,5.518765,0.551877,2e-06,2.408628,9.0,10.0,9.380315,0.0,9.380315,90.619685,68.218027,0.509568,4.635913,0.0,0.0
2026-08-29 09:37:03,18886.45,723967,3619,394.0636,430.7267,38.3,96.13308,0.0,192.306503,2.016835,,6.996624,0.699662,3e-06,1.981366,9.0,10.0,5.9404,0.0,5.9404,94.0596,71.250004,0.447576,4.635913,0.0,0.0
2026-08-29 09:37:17,18899.73,724479,3622,529.4269,435.7552,38.3,109.994804,-0.0,220.029938,2.016238,,7.046204,0.70462,5e-06,1.046001,4.0,7.0,0.135158,0.0,0.135158,99.864842,76.078289,0.475409,4.635913,0.0,0.0
2026-08-29 09:37:30,18913.12,724991,3624,463.1,437.0992,38.3,83.552483,0.0,167.145233,2.01302,,7.256685,0.725668,1e-06,2.509429,9.0,10.0,3.534356,0.0,3.534356,96.465644,73.572699,0.483234,4.635913,0.0,0.0
2026-08-29 09:37:43,18926.38,725503,3627,223.8894,442.6163,38.3,81.828438,-0.0,163.697128,2.012478,,4.673576,0.467358,3e-06,2.136274,9.0,10.0,6.186408,0.0,6.186408,93.813592,71.571554,0.562863,4.294076,0.0,0.0
2026-08-29 09:37:56,18939.58,726015,3630,374.6902,443.0661,38.3,102.87841,-0.0,205.797073,2.012332,,4.969212,0.496921,4e-06,0.985569,4.0,7.0,0.037682,0.0,0.037682,99.962318,76.08704,0.587034,4.294076,0.0,0.0
2026-08-29 09:38:10,18952.85,726527,3632,523.6512,446.1986,38.3,128.946503,-0.0,257.933197,2.00935,,8.592661,0.859266,3e-06,1.763307,9.0,10.0,5.262952,0.0,5.262952,94.737048,72.450436,0.462842,4.294076,0.0,0.0
2026-08-29 09:38:23,18966.16,727039,3635,748.8529,447.2706,38.3,189.256866,-0.0,378.553894,2.007828,,12.25233,1.225233,2e-06,1.946701,10.0,10.0,6.717859,0.0,6.717859,93.282141,69.789382,0.482122,4.294076,0.0,0.0
2026-08-29 09:38:36,18979.44,727551,3637,1085.7369,447.9465,38.3,433.736633,0.0,867.513367,2.006277,,16.736766,1.673677,2e-06,2.057246,8.0,10.0,3.156558,0.0,3.156558,96.843442,73.322312,0.488336,4.294076,0.0,0.0
2026-08-29 09:38:50,18992.69,728063,3640,747.1281,450.8563,38.3,161.435883,-0.0,322.911896,2.006311,,11.40684,1.140684,2e-06,2.446513,9.0,10.0,4.383449,0.0,4.383449,95.616551,72.898682,0.442081,4.294076,0.0,0.0
2026-08-29 09:39:03,19005.96,728575,3642,358.7459,451.4553,38.3,93.886421,0.0,187.812943,2.005088,,9.180268,0.918027,1e-06,2.306477,10.0,10.0,15.730198,0.0,15.730198,84.269802,63.608667,0.415874,4.294076,0.0,0.0
2026-08-29 09:39:16,19019.27,729087,3645,538.9371,456.1149,38.3,99.191391,0.0,198.422729,1.997505,,7.851478,0.785148,4e-06,1.683546,9.0,10.0,2.581049,0.0,2.581049,97.418951,73.809671,0.457642,4.294076,0.0,0.0
2026-08-29 09:39:29,19032.56,729599,3648,526.4515,455.847,38.3,128.286163,0.0,256.612091,1.988346,,8.522792,0.852279,4e-06,1.443765,8.0,10.0,4.98225,0.0,4.98225,95.01775,71.943668,0.438694,4.294076,0.0,0.0
2026-08-29 09:39:43,19045.94,730111,3650,767.204,457.4213,38.3,217.159195,0.0,434.357971,1.97904,,13.27793,1.327793,2e-06,1.968632,9.0,10.0,7.983311,0.0,7.983311,92.016689,69.512505,0.437552,4.294076,0.0,0.0
2026-08-29 09:39:56,19059.48,730623,3653,537.9287,454.7841,38.3,163.649796,-0.0,327.33902,1.972176,,10.05502,1.005502,1e-06,3.161889,10.0,10.0,9.332299,0.0,9.332299,90.667701,68.231274,0.481234,4.294076,0.0,0.0
2026-08-29 09:40:10,19072.82,731135,3655,490.1411,455.7509,38.3,151.720673,0.0,303.480682,1.966521,,7.906486,0.790649,2e-06,1.535262,8.0,10.0,4.159882,0.0,4.159882,95.840118,73.186181,0.484236,4.294076,0.0,0.0
2026-08-29 09:40:23,19086.14,731647,3658,474.7699,459.2275,38.3,86.42215,0.0,172.883514,1.960614,,7.572731,0.757273,2e-06,1.90012,9.0,10.0,4.33242,0.0,4.33242,95.66758,72.501125,0.477822,4.294076,0.0,0.0
2026-08-29 09:40:36,19099.57,732159,3660,256.0888,459.5216,38.3,69.045013,-0.0,138.129135,1.955428,,5.337051,0.533705,2e-06,2.069785,9.0,10.0,6.946318,0.0,6.946318,93.053682,70.07666,0.512857,4.294076,0.0,0.0
2026-08-29 09:40:50,19112.85,732671,3663,378.4129,457.2769,38.3,96.255348,-0.0,192.549713,1.950721,,5.542501,0.55425,3e-06,1.505963,7.0,10.0,2.143268,0.0,2.143268,97.856732,74.140579,0.495711,4.294076,0.0,0.0
2026-08-29 09:41:03,19126.12,733183,3665,863.4826,458.6444,38.3,211.045151,-0.0,422.12912,1.940228,,11.917344,1.191734,4e-06,1.04482,4.0,7.0,0.285737,0.0,0.285737,99.714263,76.051448,0.410432,4.294076,0.0,0.0
2026-08-29 09:41:16,19139.43,733695,3668,535.1956,459.9309,38.3,151.478806,0.0,302.996246,1.931422,,9.967157,0.996716,1e-06,1.876712,9.0,10.0,8.984584,0.0,8.984584,91.015416,68.501582,0.437802,4.294076,0.0,0.0
2026-08-29 09:41:30,19152.72,734207,3671,593.5917,461.9837,38.3,228.709747,-0.0,457.457977,1.924081,,10.756146,1.075615,4e-06,1.546406,10.0,10.0,7.668231,0.0,7.668231,92.331769,69.720037,0.483763,4.294076,0.0,0.0
2026-08-29 09:41:43,19165.95,734719,3673,641.7146,460.52,38.3,129.834625,-0.0,259.707581,1.916699,,10.573787,1.057379,2e-06,2.268629,10.0,10.0,6.144713,0.0,6.144713,93.855287,71.042673,0.462333,4.294076,0.0,0.0
2026-08-29 09:41:56,19179.25,735231,3676,387.864,458.3777,38.3,85.364944,-0.0,170.768066,1.909091,,8.063368,0.806337,1e-06,3.754789,10.0,10.0,10.481573,0.0,10.481573,89.518427,66.581886,0.462329,4.294076,0.0,0.0
2026-08-29 09:42:09,19192.51,735743,3678,515.6189,454.8988,38.3,99.411072,-0.0,198.860291,1.907233,,7.473086,0.747309,3e-06,2.09315,8.0,10.0,2.365684,0.0,2.365684,97.634316,74.123557,0.444483,4.294076,0.0,0.0
2026-08-29 09:42:23,19205.87,736255,3681,720.8421,456.0144,38.3,161.415192,0.0,322.868439,1.903181,,11.044419,1.104442,3e-06,1.482021,7.0,10.0,3.485979,0.0,3.485979,96.514021,73.759836,0.422084,4.294076,0.0,0.0
2026-08-29 09:42:36,19219.24,736767,3683,814.558,457.6775,38.3,200.014664,-0.0,400.067291,1.897488,,13.398046,1.339805,2e-06,2.653061,10.0,10.0,6.506856,0.0,6.506856,93.493144,70.40523,0.447479,4.294076,0.0,0.0
2026-08-29 09:42:49,19232.6,737279,3686,522.1792,458.6537,38.3,82.2556,-0.0,164.549103,1.895244,,9.984763,0.998476,1e-06,2.8429,10.0,10.0,10.786802,0.0,10.786802,89.213198,66.638355,0.407916,4.294076,0.0,0.0
2026-08-29 09:43:03,19245.94,737791,3688,433.3062,455.9606,38.3,114.180595,0.0,228.399078,1.894104,,7.729788,0.772979,2e-06,1.873336,9.0,10.0,7.333621,0.0,7.333621,92.666379,69.481053,0.434531,3.877254,0.0,0.0
2026-08-29 09:43:16,19259.41,738303,3691,508.8514,458.3525,38.3,150.042648,-0.0,300.123169,1.893208,,8.628981,0.862898,2e-06,1.999815,9.0,10.0,6.549898,0.0,6.549898,93.450102,70.403762,0.458179,3.877254,0.0,0.0
2026-08-29 09:43:30,19272.76,738815,3694,547.866,462.056,38.3,112.942566,-0.0,225.922958,1.891332,,8.192973,0.819297,2e-06,1.982255,8.0,10.0,3.308334,0.0,3.308334,96.691666,72.777449,0.450205,3.877254,0.0,0.0
2026-08-29 09:43:43,19286.12,739327,3696,620.372,461.6731,38.3,116.059677,0.0,232.157181,1.89102,,8.781374,0.878137,3e-06,1.282343,6.0,10.0,1.524788,0.0,1.524788,98.475212,74.960462,0.42775,3.877254,0.0,0.0
2026-08-29 09:43:56,19299.45,739839,3699,770.1993,460.4909,38.3,160.502274,0.0,321.042389,1.891374,,10.576962,1.057696,4e-06,0.977643,4.0,7.0,0.0,0.0,0.0,100.0,75.813441,0.425357,3.877254,0.0,0.0
2026-08-29 09:44:10,19312.83,740351,3701,448.6245,457.6511,38.3,62.604404,0.0,125.24662,1.890473,,6.287831,0.628783,3e-06,1.719827,8.0,10.0,1.202606,0.0,1.202606,98.797394,75.414903,0.470667,3.877254,0.0,0.0
2026-08-29 09:44:23,19326.14,740863,3704,433.6485,461.6159,38.3,80.205345,-0.0,160.448471,1.889095,,7.025016,0.702502,2e-06,1.354577,6.0,10.0,5.009859,0.0,5.009859,94.990141,72.073089,0.445474,3.877254,0.0,0.0
2026-08-29 09:44:36,19339.46,741375,3706,697.6859,461.0999,38.3,168.628586,0.0,337.294983,1.889913,,10.600754,1.060075,3e-06,1.718092,9.0,10.0,3.847992,0.0,3.847992,96.152008,72.47561,0.418528,3.877254,0.0,0.0
2026-08-29 09:44:50,19352.85,741887,3709,442.391,456.9177,38.3,70.616013,-0.0,141.269882,1.892675,,7.50442,0.750442,1e-06,2.455753,10.0,10.0,6.677227,0.0,6.677227,93.322773,69.665585,0.432763,3.877254,0.0,0.0
2026-08-29 09:45:03,19366.06,742399,3712,778.6532,458.6587,38.3,196.927704,0.0,393.89328,1.893046,,11.802612,1.180261,2e-06,2.311669,9.0,10.0,3.662787,0.0,3.662787,96.337213,73.531177,0.430595,3.877254,0.0,0.0
2026-08-29 09:45:16,19379.28,742911,3714,693.0814,464.5691,38.3,144.012024,0.0,288.06192,1.893746,,11.819482,1.181948,1e-06,2.785345,10.0,10.0,9.627858,0.0,9.627858,90.372142,68.031653,0.404903,3.877254,0.0,0.0
2026-08-29 09:45:29,19392.54,743423,3717,1028.5848,468.5729,38.3,353.414551,-0.0,706.867004,1.895414,,15.216187,1.521619,3e-06,1.384461,6.0,10.0,1.197983,0.0,1.197983,98.802017,75.098947,0.4391,3.877254,0.0,0.0
2026-08-29 09:45:43,19405.65,743935,3719,792.5503,472.1553,38.3,234.052536,0.0,468.143036,1.898321,,11.176354,1.117635,4e-06,0.999934,4.0,8.0,0.597203,0.0,0.597203,99.402797,75.422082,0.410214,3.877254,0.0,0.0
2026-08-29 09:45:56,19418.88,744447,3722,315.8799,471.9492,38.3,104.315216,-0.0,208.668411,1.89885,,7.218668,0.721867,1e-06,2.224102,10.0,10.0,11.522434,0.0,11.522434,88.477566,66.060567,0.431518,3.877254,0.0,0.0
2026-08-29 09:46:09,19432.11,744959,3724,552.6069,476.5595,38.3,108.590599,0.0,217.219223,1.900889,,8.491224,0.849122,2e-06,2.101333,9.0,10.0,4.356054,0.0,4.356054,95.643946,72.631775,0.410266,3.877254,0.0,0.0
2026-08-29 09:46:22,19445.39,745471,3727,478.1706,473.8005,38.3,67.518036,0.0,135.074112,1.902249,,7.092487,0.709249,2e-06,1.919992,8.0,10.0,3.213537,0.0,3.213537,96.786463,73.646205,0.429495,3.877254,0.0,0.0
2026-08-29 09:46:36,19458.64,745983,3729,455.3598,470.4625,38.3,104.837357,0.0,209.712753,1.902379,,8.349237,0.834924,1e-06,2.823813,10.0,10.0,9.129129,0.0,9.129129,90.870871,68.931668,0.433849,3.877254,0.0,0.0
2026-08-29 09:46:49,19471.83,746495,3732,638.5675,472.0174,38.3,160.918549,0.0,321.875214,1.905716,,8.905783,0.890578,3e-06,1.347868,6.0,9.0,0.923952,0.0,0.923952,99.076048,75.356608,0.435722,3.877254,0.0,0.0
2026-08-29 09:47:02,19485.22,747007,3735,158.7378,471.3862,38.3,154.52327,-0.0,309.084686,1.907022,,7.404661,0.740466,1e-06,3.613048,10.0,10.0,20.293437,0.0,20.293437,79.706563,58.981998,0.441179,3.877254,0.0,0.0
2026-08-29 09:47:15,19498.58,747519,3737,628.3445,474.1493,38.3,194.811905,-0.0,389.661957,1.907865,,11.0612,1.10612,1e-06,1.877597,10.0,10.0,9.870005,0.0,9.870005,90.129995,68.88944,0.40301,3.877254,0.0,0.0
2026-08-29 09:47:29,19512.01,748031,3740,420.502,475.087,38.3,124.670883,-0.0,249.379959,1.909924,,8.004304,0.80043,2e-06,1.753213,9.0,10.0,9.259884,0.0,9.259884,90.740116,69.042083,0.459029,3.877254,0.0,0.0
2026-08-29 09:47:42,19525.38,748543,3742,438.7657,475.7902,38.3,76.177429,0.0,152.393036,1.909124,,7.090363,0.709036,3e-06,1.578292,8.0,10.0,4.96434,0.0,4.96434,95.03566,72.205351,0.429278,3.877254,0.0,0.0
2026-08-29 09:47:56,19538.79,749055,3745,712.9177,477.3001,38.3,179.067719,0.0,358.173584,1.907744,,9.939691,0.993969,4e-06,1.047018,5.0,9.0,1.05871,0.0,1.05871,98.94129,74.99992,0.408498,3.877254,0.0,0.0
2026-08-29 09:48:09,19552.2,749567,3747,536.9358,478.6156,38.3,136.491379,0.0,273.020874,1.905078,,8.972663,0.897266,1e-06,2.908385,10.0,10.0,6.794689,0.0,6.794689,93.205311,70.012314,0.414698,3.877254,0.0,0.0
2026-08-29 09:48:22,19565.58,750079,3750,402.5156,479.7668,38.3,57.510883,0.0,115.059868,1.905239,,6.282756,0.628276,3e-06,1.598635,7.0,10.0,3.466452,0.0,3.466452,96.533548,72.866135,0.448482,3.423381,0.0,0.0
2026-08-29 09:48:36,19578.95,750591,3752,423.8069,482.0083,38.3,45.447151,0.0,90.932579,1.913843,,6.256282,0.625628,3e-06,1.323212,6.0,10.0,2.827804,0.0,2.827804,97.172196,73.845468,0.458561,3.423381,0.0,0.0
2026-08-29 09:48:49,19592.3,751103,3755,279.0652,483.1124,38.3,53.387691,-0.0,106.813782,1.920074,,4.352061,0.435206,3e-06,1.64068,8.0,10.0,3.065119,0.0,3.065119,96.934881,73.408633,0.507554,3.423381,0.0,0.0
2026-08-29 09:49:02,19605.51,751615,3758,362.5707,485.2461,38.3,56.865391,-0.0,113.769279,1.924903,,6.012882,0.601288,3e-06,1.276422,8.0,10.0,5.148561,0.0,5.148561,94.851439,71.265027,0.465686,3.423381,0.0,0.0
2026-08-29 09:49:16,19618.72,752127,3760,632.5955,487.5198,38.3,107.519447,0.0,215.077393,1.924832,,10.82717,1.082717,2e-06,1.655474,10.0,10.0,8.785909,0.0,8.785909,91.214091,69.122668,0.394275,3.423381,0.0,0.0
2026-08-29 09:49:29,19631.98,752639,3763,715.7072,491.5634,38.3,138.890701,0.0,277.819916,1.925958,,11.021391,1.102139,2e-06,1.572979,9.0,10.0,3.256525,0.0,3.256525,96.743475,72.90321,0.402297,3.423381,0.0,0.0
2026-08-29 09:49:42,19645.32,753151,3765,541.0377,491.1029,38.3,165.754883,0.0,331.548309,1.926451,,9.918516,0.991852,2e-06,1.644709,8.0,10.0,9.821376,0.0,9.821376,90.178624,68.100365,0.399713,3.423381,0.0,0.0
2026-08-29 09:49:56,19658.7,753663,3768,184.3856,485.633,38.3,114.548965,-0.0,229.136475,1.927373,,7.113009,0.711301,1e-06,2.536721,10.0,10.0,20.299444,0.0,20.299444,79.700556,59.552935,0.420556,3.423381,0.0,0.0
2026-08-29 09:50:09,19671.98,754175,3770,423.77,487.5441,38.3,97.908745,-0.0,195.856064,1.92891,,7.746497,0.77465,2e-06,1.814242,10.0,10.0,8.80953,0.0,8.80953,91.19047,69.741086,0.431961,3.423381,0.0,0.0
2026-08-29 09:50:22,19685.24,754687,3773,586.2437,489.2649,38.3,153.521774,0.0,307.082123,1.928939,,8.743206,0.874321,2e-06,1.439934,7.0,10.0,2.482109,0.0,2.482109,97.517891,74.448695,0.441408,3.423381,0.0,0.0
2026-08-29 09:50:35,19698.55,755199,3776,837.5795,492.0209,38.3,193.106384,0.0,386.251343,1.92877,,11.66078,1.166078,4e-06,1.092332,6.0,9.0,0.318525,0.0,0.318525,99.681475,76.569793,0.393819,3.423381,0.0,0.0
2026-08-29 09:50:49,19711.95,755711,3778,466.2819,495.9581,38.3,70.700226,-0.0,141.439011,1.927595,,10.177407,1.017741,1e-06,2.014588,10.0,10.0,16.808062,0.0,16.808062,83.191938,62.457219,0.399589,3.423381,0.0,0.0
2026-08-29 09:51:02,19725.3,756223,3781,768.529,506.2073,38.3,171.804749,0.0,343.648041,1.927599,,11.822538,1.182254,2e-06,1.874168,9.0,10.0,4.804965,0.0,4.804965,95.195035,72.041205,0.425051,3.423381,0.0,0.0
2026-08-29 09:51:16,19738.62,756735,3783,731.859,512.9063,38.3,148.217484,-0.0,296.473541,1.929038,,11.28353,1.128353,2e-06,1.581678,9.0,10.0,3.705269,0.0,3.705269,96.294731,73.236161,0.423012,3.423381,0.0,0.0
2026-08-29 09:51:29,19752.02,757247,3786,614.9452,516.4968,38.3,123.637764,-0.0,247.314133,1.930159,,8.578171,0.857817,5e-06,0.712155,3.0,7.0,0.778423,0.0,0.778423,99.221577,76.090513,0.44296,3.423381,0.0,0.0
2026-08-29 09:51:42,19765.34,757759,3788,447.7334,517.8501,38.3,64.002113,0.0,128.042816,1.92916,,6.783924,0.678392,2e-06,1.461745,8.0,10.0,2.858207,0.0,2.858207,97.141793,73.71889,0.469482,3.423381,0.0,0.0
2026-08-29 09:51:56,19778.63,758271,3791,521.2635,518.8841,38.3,87.986473,0.0,176.011551,1.930353,,8.362368,0.836237,4e-06,1.276877,8.0,10.0,5.700351,0.0,5.700351,94.299649,71.374099,0.406852,3.423381,0.0,0.0
2026-08-29 09:52:09,19792.04,758783,3793,152.931,514.9726,38.3,116.033218,-0.0,232.105026,1.929308,,5.347008,0.534701,1e-06,1.412538,10.0,10.0,14.137748,0.0,14.137748,85.862252,65.32611,0.462946,3.423381,0.0,0.0
2026-08-29 09:52:22,19805.27,759295,3796,394.1184,515.1294,38.3,73.096992,0.0,146.232635,1.932281,,5.316777,0.531678,5e-06,0.672114,3.0,7.0,0.614689,0.0,0.614689,99.385311,76.494708,0.469728,3.423381,0.0,0.0
2026-08-29 09:52:35,19818.55,759807,3799,205.8316,511.2639,38.3,68.784996,0.0,137.608643,1.932737,,5.342987,0.534299,1e-06,2.455594,10.0,10.0,11.392331,0.0,11.392331,88.607669,66.766474,0.455251,3.423381,0.0,0.0
2026-08-29 09:52:49,19831.74,760319,3801,592.734,513.8446,38.3,133.418121,-0.0,266.874969,1.935647,,8.375866,0.837587,3e-06,1.178622,6.0,10.0,0.731474,0.0,0.731474,99.268526,75.050842,0.472778,3.423381,0.0,0.0
2026-08-29 09:53:02,19845.0,760831,3804,461.3562,515.1569,38.3,117.749023,-0.0,235.536774,1.936376,,7.835641,0.783564,3e-06,1.162398,6.0,10.0,5.343651,0.0,5.343651,94.656349,71.380507,0.465847,3.423381,0.0,0.0
2026-08-29 09:53:15,19858.25,761343,3806,425.8828,518.7855,38.3,86.455269,0.0,172.949295,1.937939,,6.839097,0.68391,2e-06,2.359556,9.0,10.0,5.13786,0.0,5.13786,94.86214,72.35814,0.458792,3.423381,0.0,0.0
2026-08-29 09:53:28,19871.5,761855,3809,451.1416,519.6009,38.3,106.968506,-0.0,213.97583,1.940579,,8.498712,0.849871,1e-06,1.43594,8.0,10.0,10.057358,0.0,10.057358,89.942642,68.223652,0.425604,3.423381,0.0,0.0
2026-08-29 09:53:42,19884.77,762367,3811,381.0798,520.2151,38.3,150.68515,-0.0,301.409058,1.937844,,9.246772,0.924677,1e-06,3.02421,10.0,10.0,17.657064,0.0,17.657064,82.342936,61.670033,0.419196,3.423381,0.0,0.0
2026-08-29 09:53:55,19898.09,762879,3814,666.4084,519.4188,38.3,198.595963,-0.0,397.230713,1.939745,,11.217124,1.121712,1e-06,1.929705,9.0,10.0,8.413313,0.0,8.413313,91.586687,69.334436,0.409326,3.182843,0.0,0.0
2026-08-29 09:54:08,19911.37,763391,3816,532.9517,516.6444,38.3,97.413483,0.0,194.865784,1.94112,,8.729871,0.872987,2e-06,1.53319,10.0,10.0,7.129956,0.0,7.129956,92.870044,70.506324,0.41007,3.182843,0.0,0.0
2026-08-29 09:54:22,19924.67,763903,3819,608.5572,515.9829,38.3,116.503448,0.0,233.045761,1.943485,,8.366273,0.836627,3e-06,1.106783,5.0,10.0,0.697905,0.0,0.697905,99.302095,75.685876,0.438548,3.182843,0.0,0.0
2026-08-29 09:54:35,19937.98,764415,3822,835.3601,521.0918,38.3,203.241241,-0.0,406.521332,1.942916,,11.900231,1.190023,4e-06,1.03965,7.0,10.0,1.425166,0.0,1.425166,98.574834,75.548546,0.372743,3.182843,0.0,0.0
2026-08-29 09:54:48,19951.37,764927,3824,539.669,523.1712,38.3,93.469955,0.0,186.978775,1.943529,,9.042839,0.904284,3e-06,1.399037,9.0,10.0,8.189976,0.0,8.189976,91.810024,70.241587,0.391885,3.182843,0.0,0.0
2026-08-29 09:55:02,19964.79,765439,3827,284.4184,517.8392,38.3,79.32412,-0.0,158.687134,1.944936,,6.313301,0.63133,1e-06,3.166684,10.0,10.0,11.934146,0.0,11.934146,88.065854,65.631445,0.451854,3.182843,0.0,0.0
2026-08-29 09:55:15,19978.2,765951,3829,512.0888,516.9748,38.3,81.590797,0.0,163.22049,1.944366,,8.60552,0.860552,2e-06,2.070033,9.0,10.0,7.901854,0.0,7.901854,92.098146,70.059911,0.420623,3.182843,0.0,0.0
2026-08-29 09:55:28,19991.56,766463,3832,619.0805,518.4141,38.3,129.119247,-0.0,258.277405,1.94496,,10.211922,1.021192,2e-06,1.574031,9.0,10.0,7.194973,0.0,7.194973,92.805027,70.530707,0.440379,3.182843,0.0,0.0
2026-08-29 09:55:42,20004.9,766975,3834,521.0836,517.8902,38.3,104.076927,-0.0,208.19278,1.946462,,7.504757,0.750476,3e-06,1.729292,9.0,10.0,2.262511,0.0,2.262511,97.737489,73.959737,0.465921,3.182843,0.0,0.0
2026-08-29 09:55:55,20018.32,767487,3837,445.9819,518.5299,38.3,97.987022,-0.0,196.012985,1.947248,,6.522903,0.65229,3e-06,1.667917,9.0,10.0,2.365169,0.0,2.365169,97.634831,74.409312,0.467982,3.182843,0.0,0.0
2026-08-29 09:56:09,20031.74,767999,3840,423.9212,519.3692,38.3,66.51532,0.0,133.069565,1.946276,,8.190031,0.819003,2e-06,1.943579,10.0,10.0,10.289666,0.0,10.289666,89.710334,68.560288,0.453187,3.182843,0.0,0.0
2026-08-29 09:56:22,20045.0,768511,3842,383.4798,519.3899,38.3,47.622456,-0.0,95.283875,1.947976,,7.022111,0.702211,2e-06,1.977143,10.0,10.0,8.733255,0.0,8.733255,91.266745,69.235344,0.451402,3.182843,0.0,0.0
2026-08-29 09:56:35,20058.22,769023,3845,767.9147,522.1564,38.3,170.697571,0.0,341.434052,1.946049,,10.692992,1.069299,6e-06,0.445083,2.0,4.0,0.228824,0.0,0.228824,99.771176,75.970644,0.398177,3.182843,0.0,0.0
2026-08-29 09:56:48,20071.48,769535,3847,620.3857,526.0115,38.3,105.28653,-0.0,210.611923,1.942865,,10.358322,1.035832,2e-06,1.916134,10.0,10.0,8.98529,0.0,8.98529,91.01471,68.996854,0.403688,3.182843,0.0,0.0
2026-08-29 09:57:02,20084.71,770047,3850,484.9744,528.1352,38.3,111.217041,0.0,222.472931,1.942598,,7.388179,0.738818,2e-06,1.734456,9.0,10.0,4.745712,0.0,4.745712,95.254288,72.129371,0.434554,3.182843,0.0,0.0
2026-08-29 09:57:15,20098.05,770559,3852,144.7109,526.169,38.3,96.50206,-0.0,193.04303,1.94524,,3.688717,0.368872,4e-06,1.280605,8.0,10.0,8.392325,0.0,8.392325,91.607675,69.465423,0.498409,3.182843,0.0,0.0
2026-08-29 09:57:28,20111.46,771071,3855,195.504,527.6212,38.3,110.294891,-0.0,220.628708,1.946063,,3.512684,0.351268,4e-06,0.97928,5.0,10.0,4.529825,0.0,4.529825,95.470175,72.691874,0.555662,3.182843,0.0,0.0
2026-08-29 09:57:42,20124.88,771583,3857,368.4306,524.9832,38.3,96.620979,0.0,193.280884,1.945881,,6.597996,0.6598,2e-06,2.720213,10.0,10.0,7.972138,0.0,7.972138,92.027862,69.802839,0.494948,3.182843,0.0,0.0
2026-08-29 09:57:55,20138.27,772095,3860,447.1563,522.9768,38.3,115.79406,-0.0,231.627106,1.948948,,7.019083,0.701908,2e-06,2.243566,10.0,10.0,5.231546,0.0,5.231546,94.768454,71.910431,0.475223,3.182843,0.0,0.0
2026-08-29 09:58:09,20151.67,772607,3863,584.3187,524.5232,38.3,143.375473,0.0,286.790009,1.953025,,7.913171,0.791317,4e-06,0.911626,4.0,9.0,0.424127,0.0,0.424127,99.575873,76.221898,0.459962,3.182843,0.0,0.0
2026-08-29 09:58:22,20165.09,773119,3865,395.0308,522.4957,38.3,101.556793,-0.0,203.152695,1.955633,,7.212892,0.721289,2e-06,1.576907,8.0,10.0,7.847117,0.0,7.847117,92.152883,69.610148,0.482384,3.182843,0.0,0.0
2026-08-29 09:58:35,20178.5,773631,3868,445.1211,521.2522,38.3,93.556183,0.0,187.151535,1.9581,,8.01624,0.801624,1e-06,2.626493,10.0,10.0,9.507602,0.0,9.507602,90.492398,67.385274,0.439772,3.182843,0.0,0.0
2026-08-29 09:58:49,20191.86,774143,3870,532.3654,521.1045,38.3,83.667747,0.0,167.374725,1.961292,,7.889338,0.788934,4e-06,1.409735,8.0,10.0,3.267572,0.0,3.267572,96.732428,73.942986,0.452741,3.182843,0.0,0.0
2026-08-29 09:59:02,20205.28,774655,3873,698.0828,526.0883,38.3,127.580902,0.0,255.20108,1.96369,,10.356306,1.035631,4e-06,0.885801,5.0,10.0,3.369218,0.0,3.369218,96.630782,73.693315,0.427807,3.182843,0.0,0.0
2026-08-29 09:59:16,20218.6,775167,3875,961.7302,531.765,38.3,286.88681,0.0,573.812927,1.965668,,14.071014,1.407101,3e-06,1.182285,6.0,10.0,1.076096,0.0,1.076096,98.923904,75.117916,0.424737,2.748777,0.0,0.0
2026-08-29 09:59:29,20232.01,775679,3878,575.2992,532.2237,38.3,104.315475,0.0,208.670319,1.968628,,9.052918,0.905292,1e-06,2.555889,10.0,10.0,7.511487,0.0,7.511487,92.488513,69.859438,0.409578,2.748777,0.0,0.0
2026-08-29 09:59:42,20245.23,776191,3880,555.1007,533.1437,38.3,85.933487,0.0,171.906403,1.97137,,7.511493,0.751149,3e-06,0.92016,4.0,6.0,0.21273,0.0,0.21273,99.78727,76.467755,0.495487,2.748777,0.0,0.0
2026-08-29 09:59:55,20258.5,776703,3883,573.9683,536.6445,38.3,100.488548,0.0,201.016525,1.971369,,8.562701,0.85627,2e-06,1.733569,9.0,10.0,4.543353,0.0,4.543353,95.456647,72.466916,0.431858,2.748777,0.0,0.0
2026-08-29 10:00:09,20271.72,777215,3886,424.7891,537.1455,38.3,120.688011,0.0,241.415482,1.973198,,7.634569,0.763457,2e-06,2.055443,10.0,10.0,10.600858,0.0,10.600858,89.399142,67.509821,0.443622,2.748777,0.0,0.0
2026-08-29 10:00:22,20284.97,777727,3888,541.28,537.3218,38.3,88.29744,0.0,176.634399,1.976243,,8.273977,0.827398,2e-06,2.215393,9.0,10.0,4.896317,0.0,4.896317,95.103683,72.339911,0.459263,2.748777,0.0,0.0
2026-08-29 10:00:35,20298.2,778239,3891,733.8315,537.1715,38.3,152.847198,0.0,305.733978,1.978369,,10.295382,1.029538,3e-06,1.224241,6.0,10.0,0.812062,0.0,0.812062,99.187938,75.394306,0.433567,2.748777,0.0,0.0
2026-08-29 10:00:48,20311.39,778751,3893,921.8028,535.5322,38.3,273.391754,-0.0,546.82312,1.979661,,13.229368,1.322937,4e-06,1.222052,7.0,10.0,1.295643,0.0,1.295643,98.704357,75.311328,0.41742,2.748777,0.0,0.0
2026-08-29 10:01:02,20324.61,779263,3896,860.7663,536.6686,38.3,271.870056,0.0,543.779785,1.982227,,12.964397,1.29644,3e-06,1.404698,8.0,10.0,4.082298,0.0,4.082298,95.917702,72.515887,0.478751,2.748777,0.0,0.0
2026-08-29 10:01:15,20337.83,779775,3898,954.6121,542.6272,38.3,286.689697,0.0,573.419067,1.983175,,13.846318,1.384632,4e-06,1.375672,7.0,10.0,2.160253,0.0,2.160253,97.839747,74.930534,0.47029,2.748777,0.0,0.0
2026-08-29 10:01:28,20351.24,780287,3901,513.8982,542.3769,38.3,134.298172,0.0,268.636078,1.986328,,8.705505,0.870551,3e-06,1.415541,8.0,10.0,9.821626,0.0,9.821626,90.178374,68.115382,0.456324,2.748777,0.0,0.0
2026-08-29 10:01:42,20364.7,780799,3904,492.9503,542.0418,38.3,86.895432,-0.0,173.830582,1.985937,,8.486749,0.848675,1e-06,2.931162,10.0,10.0,10.387648,0.0,10.387648,89.612352,67.103016,0.459995,2.748777,0.0,0.0
2026-08-29 10:01:55,20378.04,781311,3906,649.1783,540.8616,38.3,147.090637,0.0,294.221039,1.988393,,10.399221,1.039922,5e-06,1.194816,8.0,10.0,7.957572,0.0,7.957572,92.042428,70.011013,0.41739,2.748777,0.0,0.0
2026-08-29 10:02:08,20391.4,781823,3909,587.6792,541.3591,38.3,125.331764,0.0,250.703323,1.989733,,8.929654,0.892965,3e-06,1.38841,8.0,10.0,5.183899,0.0,5.183899,94.816101,71.889478,0.428833,2.748777,0.0,0.0
2026-08-29 10:02:22,20404.79,782335,3911,220.1256,538.6589,38.3,65.226227,-0.0,130.492294,1.991806,,3.776226,0.377623,3e-06,1.598267,8.0,10.0,4.882174,0.0,4.882174,95.117826,71.631134,0.585863,2.748777,0.0,0.0
2026-08-29 10:02:35,20418.3,782847,3914,198.8777,535.9,38.3,91.79306,-0.0,183.625946,1.990946,,7.043033,0.704303,1e-06,3.633647,10.0,10.0,24.009166,0.0,24.009166,75.990834,55.365819,0.461369,2.748777,0.0,0.0
2026-08-29 10:02:49,20431.71,783359,3916,638.6665,539.7258,38.3,221.063263,-0.0,442.166351,1.991257,,11.088702,1.10887,1e-06,1.720225,10.0,10.0,12.359331,0.0,12.359331,87.640669,67.171432,0.428216,2.748777,0.0,0.0
2026-08-29 10:03:02,20445.11,783871,3919,791.0943,543.8526,38.3,195.741196,0.0,391.522247,1.99328,,10.827071,1.082707,4e-06,0.771958,3.0,5.0,0.0,0.0,0.0,100.0,76.518677,0.434501,2.748777,0.0,0.0
2026-08-29 10:03:15,20458.4,784383,3921,984.3227,545.061,38.3,308.65683,-0.0,617.353516,1.991416,,13.533493,1.353349,4e-06,1.040325,4.0,7.0,0.082474,0.0,0.082474,99.917526,76.591401,0.425354,2.748777,0.0,0.0
2026-08-29 10:03:29,20471.78,784895,3924,584.7717,545.5568,38.3,110.405075,-0.0,220.850006,1.992497,,10.22034,1.022034,2e-06,1.890848,9.0,10.0,12.74604,0.0,12.74604,87.25396,65.662876,0.427899,2.748777,0.0,0.0
2026-08-29 10:03:42,20485.09,785407,3927,463.2073,544.2529,38.3,97.395699,-0.0,194.831268,1.993762,,7.900306,0.790031,2e-06,2.304502,10.0,10.0,9.778625,0.0,9.778625,90.221375,68.553739,0.480837,2.748777,0.0,0.0
2026-08-29 10:03:55,20498.36,785919,3929,471.1375,542.5472,38.3,91.927155,0.0,183.894211,1.994998,,6.590812,0.659081,3e-06,1.190177,7.0,10.0,1.851273,0.0,1.851273,98.148727,74.635414,0.5328,2.748777,0.0,0.0
2026-08-29 10:04:09,20511.73,786431,3932,350.9673,542.1782,38.3,73.01355,-0.0,146.067001,1.995088,,7.134942,0.713494,1e-06,3.599397,10.0,10.0,14.264896,0.0,14.264896,85.735104,64.471552,0.446919,2.748777,0.0,0.0
2026-08-29 10:04:22,20525.02,786943,3934,621.0647,543.2326,38.3,140.767166,-0.0,281.574249,1.995178,,9.447353,0.944735,3e-06,1.277961,8.0,10.0,6.303477,0.0,6.303477,93.696523,72.211822,0.429471,2.748777,0.0,0.0
2026-08-29 10:04:35,20538.31,787455,3937,716.7164,543.1914,38.3,212.111542,0.0,424.263,1.995979,,10.08358,1.008358,4e-06,1.289888,8.0,10.0,1.313298,0.0,1.313298,98.686702,75.239484,0.470719,2.748777,0.0,0.0
2026-08-29 10:04:49,20551.65,787967,3939,723.8842,542.2846,38.3,258.960083,0.0,517.960083,1.996905,,11.806586,1.180659,3e-06,1.252264,6.0,10.0,9.355996,0.0,9.355996,90.644004,69.01634,0.461087,2.420333,0.0,0.0
2026-08-29 10:05:02,20564.88,788479,3942,783.3182,544.896,38.3,299.128784,0.0,598.297546,1.997491,,12.039732,1.203973,4e-06,1.021649,5.0,10.0,4.378633,0.0,4.378633,95.621367,72.993691,0.488054,2.420333,0.0,0.0
2026-08-29 10:05:15,20578.17,788991,3944,632.9141,546.8921,38.3,119.437531,-0.0,238.914993,1.996439,,10.165442,1.016544,2e-06,2.326408,10.0,10.0,10.170022,0.0,10.170022,89.829978,68.284254,0.430832,2.420333,0.0,0.0
2026-08-29 10:05:28,20591.47,789503,3947,489.5145,546.6987,38.3,101.771957,0.0,203.583893,1.998653,,7.166842,0.716684,4e-06,1.61901,9.0,10.0,4.869155,0.0,4.869155,95.130845,71.65053,0.454164,2.420333,0.0,0.0
2026-08-29 10:05:42,20604.95,790015,3950,278.7596,544.0077,38.3,96.687546,0.0,193.41507,1.999147,,5.357986,0.535799,2e-06,2.768631,10.0,10.0,10.844998,0.0,10.844998,89.155002,67.794489,0.505329,2.420333,0.0,0.0
2026-08-29 10:05:55,20618.33,790527,3952,299.1528,540.7955,38.3,72.241081,-0.0,144.522141,1.999156,,5.887906,0.588791,1e-06,1.891077,10.0,10.0,11.625165,0.0,11.625165,88.374835,66.860293,0.498935,2.420333,0.0,0.0
2026-08-29 10:06:09,20631.7,791039,3955,438.306,537.4766,38.3,76.146858,-0.0,152.333725,2.000465,,6.024752,0.602475,3e-06,1.512447,6.0,10.0,1.624289,0.0,1.624289,98.375711,75.657197,0.497723,2.420333,0.0,0.0
2026-08-29 10:06:22,20645.06,791551,3957,514.4294,538.1346,38.3,87.700233,0.0,175.44043,1.998219,,7.549324,0.754932,3e-06,1.497758,8.0,10.0,4.159087,0.0,4.159087,95.840913,72.956046,0.444436,2.420333,0.0,0.0
2026-08-29 10:06:35,20658.46,792063,3960,580.755,539.6057,38.3,157.599457,0.0,315.238861,1.99739,,9.10198,0.910198,2e-06,2.295076,10.0,10.0,7.940933,0.0,7.940933,92.059067,69.523152,0.456499,2.420333,0.0,0.0
2026-08-29 10:06:49,20671.74,792575,3962,881.1147,541.44,38.3,298.330017,0.0,596.699951,1.995248,,13.832676,1.383268,3e-06,1.972758,10.0,10.0,9.178892,0.0,9.178892,90.821108,68.841768,0.437363,2.420333,0.0,0.0
2026-08-29 10:07:02,20685.02,793087,3965,904.3763,546.0598,38.3,374.351929,0.0,748.743774,1.995338,,13.821355,1.382136,3e-06,1.708267,9.0,10.0,4.868592,0.0,4.868592,95.131408,72.286975,0.475998,2.420333,0.0,0.0
2026-08-29 10:07:15,20698.22,793599,3968,668.3244,544.9565,38.3,149.71846,0.0,299.476837,1.995549,,9.790282,0.979028,3e-06,1.728989,8.0,10.0,2.956075,0.0,2.956075,97.043925,73.991305,0.512939,2.420333,0.0,0.0
2026-08-29 10:07:29,20711.6,794111,3970,423.5825,542.2615,38.3,89.650322,-0.0,179.340561,1.99612,,6.670133,0.667013,3e-06,1.622789,9.0,10.0,5.30247,0.0,5.30247,94.69753,72.065149,0.554262,2.420333,0.0,0.0
2026-08-29 10:07:42,20724.85,794623,3973,592.0236,537.8959,38.3,106.468262,0.0,212.97644,1.99561,,8.91617,0.891617,3e-06,1.941984,9.0,10.0,6.109306,0.0,6.109306,93.890694,70.671906,0.431895,2.420333,0.0,0.0
2026-08-29 10:07:55,20738.12,795135,3975,499.1943,534.9624,38.3,89.921364,-0.0,179.882614,1.994452,,8.345714,0.834571,2e-06,2.625439,10.0,10.0,10.352767,0.0,10.352767,89.647233,67.683388,0.461133,2.420333,0.0,0.0
2026-08-29 10:08:08,20751.45,795647,3978,466.8118,536.4717,38.3,100.028625,-0.0,200.097153,1.9948,,7.158488,0.715849,3e-06,2.173323,10.0,10.0,6.477195,0.0,6.477195,93.522805,70.099555,0.487294,2.420333,0.0,0.0
2026-08-29 10:08:22,20764.69,796159,3980,535.588,536.3015,38.3,88.718643,0.0,177.477158,1.993721,,8.439554,0.843955,2e-06,2.20269,10.0,10.0,6.451381,0.0,6.451381,93.548619,70.730336,0.49404,2.420333,0.0,0.0
2026-08-29 10:08:35,20778.04,796671,3983,564.4094,537.1639,38.3,112.093231,-0.0,224.226349,1.994363,,8.932996,0.8933,2e-06,2.567579,9.0,10.0,8.05845,0.0,8.05845,91.94155,68.074157,0.454194,2.420333,0.0,0.0
2026-08-29 10:08:48,20791.51,797183,3985,599.5572,538.6059,38.3,125.908493,0.0,251.856842,1.993154,,10.268112,1.026811,1e-06,3.415107,10.0,10.0,13.278182,0.0,13.278182,86.721818,65.006033,0.453407,2.420333,0.0,0.0
2026-08-29 10:09:02,20805.04,797695,3988,783.258,540.0528,38.3,212.223145,-0.0,424.486145,1.993561,,12.98567,1.298567,2e-06,2.754024,10.0,10.0,12.83895,0.0,12.83895,87.16105,65.639251,0.448369,2.420333,0.0,0.0
2026-08-29 10:09:15,20818.46,798207,3991,723.7187,545.7026,38.3,180.603851,0.0,361.24762,1.995873,,11.438428,1.143843,2e-06,2.387448,10.0,10.0,11.206017,0.0,11.206017,88.793983,66.723127,0.427434,2.420333,0.0,0.0
2026-08-29 10:09:29,20831.95,798719,3993,273.9559,542.1587,38.3,165.92485,-0.0,331.889587,1.994867,,8.079796,0.80798,1e-06,3.46146,10.0,10.0,26.519196,0.0,26.519196,73.480804,54.362133,0.454724,2.420333,0.0,0.0
2026-08-29 10:09:42,20845.24,799231,3996,806.8437,546.0221,38.3,222.451828,0.0,444.943573,1.99581,,12.014221,1.201422,3e-06,1.99785,10.0,10.0,5.581969,0.0,5.581969,94.418031,71.443737,0.468477,2.420333,0.0,0.0
2026-08-29 10:09:56,20858.7,799743,3998,481.5964,546.4504,38.3,110.701645,-0.0,221.443222,1.99626,,7.538079,0.753808,2e-06,3.014527,10.0,10.0,6.053973,0.0,6.053973,93.946027,70.514709,0.517604,2.420333,0.0,0.0
2026-08-29 10:10:09,20872.06,800255,4001,596.1856,545.2831,38.3,132.376007,0.0,264.791962,1.996679,,8.554101,0.85541,3e-06,1.780988,9.0,10.0,3.054436,0.0,3.054436,96.945564,73.475261,0.524432,2.340555,0.0,0.0
2026-08-29 10:10:22,20885.38,800767,4003,426.9131,544.1829,38.3,202.708908,-0.0,405.457733,1.996144,,8.804423,0.880442,1e-06,1.602135,9.0,10.0,17.078394,0.0,17.078394,82.921606,62.071369,0.49405,2.340555,0.0,0.0
2026-08-29 10:10:36,20898.79,801279,4006,434.2424,544.5001,38.3,177.841812,-0.0,355.723541,1.996316,,7.43211,0.743211,2e-06,2.169076,10.0,10.0,11.110751,0.0,11.110751,88.889249,66.604826,0.496103,2.340555,0.0,0.0
2026-08-29 10:10:49,20912.1,801791,4008,245.908,542.7211,38.3,82.175362,-0.0,164.390579,1.99259,,6.499938,0.649994,1e-06,3.456798,10.0,10.0,21.294825,0.0,21.294825,78.705175,59.46549,0.468849,2.340555,0.0,0.0
2026-08-29 10:11:02,20925.36,802303,4011,463.8065,544.5686,38.3,74.641838,0.0,149.323517,1.992309,,7.51679,0.751679,2e-06,2.514205,10.0,10.0,9.008786,0.0,9.008786,90.991214,68.180695,0.447363,2.340555,0.0,0.0
2026-08-29 10:11:16,20938.66,802815,4014,524.26,546.1854,38.3,87.088043,0.0,174.215912,1.990896,,7.942166,0.794217,2e-06,3.306355,10.0,10.0,7.273862,0.0,7.273862,92.726138,70.309802,0.464108,2.340555,0.0,0.0
2026-08-29 10:11:29,20952.01,803327,4016,551.541,545.3749,38.3,106.96521,0.0,213.9702,1.988629,,8.053025,0.805302,3e-06,1.678549,9.0,10.0,3.999586,0.0,3.999586,96.000414,73.252111,0.471172,2.340555,0.0,0.0
2026-08-29 10:11:42,20965.36,803839,4019,467.6787,542.8946,38.3,88.488686,0.0,177.017136,1.988244,,8.001942,0.800194,2e-06,1.946545,10.0,10.0,10.737767,0.0,10.737767,89.262233,66.75637,0.459428,2.340555,0.0,0.0
2026-08-29 10:11:56,20978.71,804351,4021,735.8922,544.8432,38.3,151.7379,0.0,303.515472,1.984371,,10.597074,1.059707,2e-06,2.354978,9.0,10.0,4.438013,0.0,4.438013,95.561987,71.982496,0.43736,2.340555,0.0,0.0
2026-08-29 10:12:09,20992.12,804863,4024,318.9994,546.1893,38.3,111.672379,-0.0,223.384445,1.984515,,6.165131,0.616513,1e-06,3.81114,10.0,10.0,13.228027,0.0,13.228027,86.771973,64.394441,0.508464,2.340555,0.0,0.0
2026-08-29 10:12:22,21005.57,805375,4026,340.8779,545.3604,38.3,94.966713,-0.0,189.973068,1.981863,,6.109228,0.610923,3e-06,1.490228,9.0,10.0,10.151258,0.0,10.151258,89.848742,69.046321,0.481398,2.340555,0.0,0.0
2026-08-29 10:12:36,21018.95,805887,4029,542.2137,544.9201,38.3,104.832413,0.0,209.704453,1.981713,,7.330854,0.733085,4e-06,1.212393,6.0,9.0,0.4608,0.0,0.4608,99.5392,75.544217,0.475764,2.340555,0.0,0.0
2026-08-29 10:12:49,21032.39,806399,4032,532.3592,541.8679,38.3,93.676224,0.0,187.392029,1.979131,,8.111841,0.811184,2e-06,2.38811,10.0,10.0,6.786549,0.0,6.786549,93.213451,71.247599,0.449141,2.340555,0.0,0.0
2026-08-29 10:13:03,21045.89,806911,4034,508.4865,542.2899,38.3,81.298431,0.0,162.636414,1.977722,,7.161875,0.716187,2e-06,2.207333,9.0,10.0,2.982601,0.0,2.982601,97.017399,73.556393,0.459489,2.340555,0.0,0.0
2026-08-29 10:13:16,21059.32,807423,4037,324.0625,537.8453,38.3,186.767258,0.0,373.574066,1.978185,,7.674962,0.767496,1e-06,2.324575,10.0,10.0,19.890775,0.0,19.890775,80.109225,59.980773,0.453221,2.340555,0.0,0.0
2026-08-29 10:13:30,21072.75,807935,4039,520.3152,535.7298,38.3,80.369026,0.0,160.777588,1.976779,,7.258994,0.725899,3e-06,1.937344,9.0,10.0,2.583714,0.0,2.583714,97.416286,75.046758,0.440689,2.340555,0.0,0.0
2026-08-29 10:13:43,21086.11,808447,4042,413.6495,533.7169,38.3,108.732491,0.0,217.504517,1.976987,,5.95796,0.595796,3e-06,1.697206,9.0,10.0,3.326433,0.0,3.326433,96.673567,73.707668,0.508914,2.340555,0.0,0.0
2026-08-29 10:13:56,21099.48,808959,4044,544.935,534.6889,38.3,109.783203,-0.0,219.605957,1.977232,,8.019222,0.801922,3e-06,1.331669,8.0,10.0,4.884655,0.0,4.884655,95.115345,72.057137,0.463485,2.340555,0.0,0.0
2026-08-29 10:14:10,21112.77,809471,4047,463.3404,534.1096,38.3,97.527245,-0.0,195.094025,1.976663,,6.288169,0.628817,3e-06,1.590045,7.0,10.0,1.038306,0.0,1.038306,98.961694,74.717269,0.495816,2.340555,0.0,0.0
2026-08-29 10:14:23,21126.03,809983,4049,433.563,536.916,38.3,62.979832,-0.0,125.999199,1.97691,,6.219973,0.621997,2e-06,2.215136,9.0,10.0,3.548341,0.0,3.548341,96.451659,72.58962,0.470475,2.340555,0.0,0.0
2026-08-29 10:14:36,21139.36,810495,4052,268.7908,535.6627,38.3,82.590523,0.0,165.220627,1.979206,,5.146515,0.514652,1e-06,2.532715,10.0,10.0,10.645269,0.0,10.645269,89.354731,66.804882,0.502813,2.340555,0.0,0.0
2026-08-29 10:14:50,21152.67,811007,4055,542.1798,539.0262,38.3,143.785583,-0.0,287.610748,1.978931,,8.945036,0.894504,2e-06,1.921168,9.0,10.0,11.09147,0.0,11.09147,88.90853,67.48676,0.401008,2.340555,0.0,0.0
2026-08-29 10:15:03,21165.85,811519,4057,598.2473,539.0813,38.3,117.707001,0.0,235.453598,1.979603,,9.272565,0.927256,2e-06,1.650755,9.0,10.0,8.160474,0.0,8.160474,91.839526,69.549757,0.416864,2.340555,0.0,0.0
2026-08-29 10:15:16,21179.12,812031,4060,470.7112,539.1749,38.3,105.659126,0.0,211.357864,1.980658,,8.570201,0.85702,1e-06,2.465495,10.0,10.0,14.223072,0.0,14.223072,85.776928,64.26678,0.464875,2.340555,0.0,0.0
2026-08-29 10:15:29,21192.33,812543,4062,381.7653,538.7337,38.3,74.797913,-0.0,149.635483,1.983186,,6.637748,0.663775,2e-06,1.687493,10.0,10.0,8.76335,0.0,8.76335,91.23665,69.236099,0.505018,2.297939,0.0,0.0
2026-08-29 10:15:43,21205.76,813055,4065,393.5436,538.1577,38.3,102.550049,0.0,205.139648,1.977726,,7.067885,0.706789,2e-06,1.919441,10.0,10.0,11.680512,0.0,11.680512,88.319488,67.0535,0.507557,2.297939,0.0,0.0
2026-08-29 10:15:56,21219.15,813567,4067,513.9245,539.4861,38.3,83.102654,-0.0,166.244766,1.973058,,8.667269,0.866727,2e-06,1.578579,10.0,10.0,11.780323,0.0,11.780323,88.219677,66.893429,0.442959,2.297939,0.0,0.0
2026-08-29 10:16:09,21232.6,814079,4070,444.1838,537.2639,38.3,84.32766,-0.0,168.694687,1.968633,,7.628677,0.762868,2e-06,2.327388,10.0,10.0,11.160048,0.0,11.160048,88.839952,66.902968,0.474888,2.297939,0.0,0.0
2026-08-29 10:16:23,21246.07,814591,4072,288.8304,534.8227,38.3,132.450287,0.0,264.939819,1.962795,,6.939796,0.69398,1e-06,2.919877,10.0,10.0,19.30455,0.0,19.30455,80.69545,60.526165,0.454175,2.297939,0.0,0.0
2026-08-29 10:16:36,21259.5,815103,4075,719.7628,535.9347,38.3,164.610504,-0.0,329.260162,1.957336,,10.064521,1.006452,4e-06,1.132788,5.0,10.0,2.80515,0.0,2.80515,97.19485,73.895541,0.399231,2.297939,0.0,0.0
2026-08-29 10:16:50,21272.82,815615,4078,624.3117,533.8243,38.3,135.305389,-0.0,270.649841,1.952977,,8.394638,0.839464,6e-06,0.673196,3.0,4.0,0.0,0.0,0.0,100.0,76.267229,0.464286,2.297939,0.0,0.0
2026-08-29 10:17:03,21286.18,816127,4080,335.418,531.7818,38.3,62.996681,0.0,126.032326,1.948175,,4.594605,0.45946,2e-06,1.591065,7.0,10.0,1.190801,0.0,1.190801,98.809199,75.803782,0.558235,2.297939,0.0,0.0
2026-08-29 10:17:17,21299.68,816639,4083,374.5829,532.6834,38.3,88.626686,-0.0,177.292236,1.943238,,6.184587,0.618459,2e-06,2.232862,10.0,10.0,8.540066,0.0,8.540066,91.459934,69.147282,0.50429,2.297939,0.0,0.0
2026-08-29 10:17:30,21313.21,817151,4085,566.3175,533.2257,38.3,100.896751,-0.0,201.83226,1.937924,,9.06392,0.906392,2e-06,2.080118,10.0,10.0,9.016298,0.0,9.016298,90.983702,68.991845,0.424395,2.297939,0.0,0.0
2026-08-29 10:17:43,21326.57,817663,4088,176.1428,528.7963,38.3,143.626022,-0.0,287.290741,1.935115,,5.830354,0.583035,0.0,3.308234,10.0,10.0,23.491226,0.0,23.491226,76.508774,56.866042,0.472467,2.297939,0.0,0.0
2026-08-29 10:17:57,21339.88,818175,4090,366.6956,527.2524,38.3,107.957642,-0.0,215.953888,1.930593,,6.768181,0.676818,1e-06,1.944043,10.0,10.0,12.288623,0.0,12.288623,87.711377,66.0911,0.471315,2.297939,0.0,0.0
2026-08-29 10:18:10,21353.21,818687,4093,922.5146,532.0178,38.3,260.807709,0.0,521.653992,1.927942,,13.237329,1.323733,2e-06,1.822098,7.0,10.0,1.384861,0.0,1.384861,98.615139,74.364441,0.430056,2.297939,0.0,0.0
2026-08-29 10:18:23,21366.47,819199,4096,896.9923,536.7485,38.3,227.872772,0.0,455.784027,1.924326,,12.760869,1.276087,4e-06,1.480978,8.0,10.0,3.506395,0.0,3.506395,96.493605,73.739146,0.410373,2.297939,0.0,0.0
2026-08-29 10:18:37,21379.82,819711,4098,570.5667,538.6193,38.3,96.863129,0.0,193.764694,1.921872,,9.008716,0.900872,2e-06,2.45302,10.0,10.0,8.292664,0.0,8.292664,91.707336,68.459038,0.428376,2.297939,0.0,0.0
2026-08-29 10:18:50,21393.22,820223,4101,760.4177,538.5444,38.3,221.557312,-0.0,443.153046,1.920676,,11.453837,1.145384,2e-06,2.055145,9.0,10.0,6.895626,0.0,6.895626,93.104374,70.028748,0.446846,2.297939,0.0,0.0
2026-08-29 10:19:03,21406.56,820735,4103,584.1611,538.1821,38.3,134.4758,0.0,268.98996,1.917283,,9.770201,0.97702,1e-06,2.753115,10.0,10.0,11.317337,0.0,11.317337,88.682663,66.372017,0.45295,2.297939,0.0,0.0
2026-08-29 10:19:17,21419.87,821247,4106,842.0856,541.7532,38.3,229.125336,0.0,458.288971,1.915381,,12.480571,1.248057,5e-06,1.429651,7.0,10.0,4.745863,0.0,4.745863,95.254137,72.065325,0.435608,2.297939,0.0,0.0
2026-08-29 10:19:30,21433.29,821759,4108,795.2552,548.2587,38.3,195.585114,0.0,391.208496,1.914064,,11.226985,1.122698,3e-06,1.98652,8.0,10.0,2.445748,0.0,2.445748,97.554252,74.240022,0.434076,2.297939,0.0,0.0
2026-08-29 10:19:44,21446.74,822271,4111,681.8184,553.1218,38.3,210.224701,0.0,420.48764,1.911786,,9.929518,0.992952,3e-06,2.101472,9.0,10.0,4.40539,0.0,4.40539,95.59461,72.188889,0.468658,2.297939,0.0,0.0
2026-08-29 10:19:57,21460.17,822783,4113,440.3403,553.8409,38.3,91.451942,0.0,182.942093,1.910297,,8.225794,0.822579,1e-06,1.913422,9.0,10.0,15.291213,0.0,15.291213,84.708787,63.845854,0.424278,2.297939,0.0,0.0
2026-08-29 10:20:10,21473.56,823295,4116,418.1548,553.5509,38.3,97.098076,-0.0,194.234344,1.909721,,6.022831,0.602283,2e-06,2.675112,9.0,10.0,2.604482,0.0,2.604482,97.395518,73.866576,0.512535,2.297939,0.0,0.0
2026-08-29 10:20:24,21487.01,823807,4119,621.6307,553.924,38.3,204.378021,-0.0,408.794098,1.903159,,9.107096,0.91071,2e-06,2.098881,9.0,10.0,4.153896,0.0,4.153896,95.846104,72.398665,0.495149,2.297939,0.0,0.0
2026-08-29 10:20:37,21500.33,824319,4121,670.9742,556.6835,38.3,210.113174,-0.0,420.264313,1.89773,,10.534844,1.053484,2e-06,2.205373,9.8,10.0,6.349922,0.0,6.349922,93.650078,70.492052,0.496604,2.297939,0.0,0.0
2026-08-29 10:20:51,21513.62,824831,4124,620.438,558.4366,38.3,159.712891,-0.0,319.463684,1.894394,,9.039981,0.903998,2e-06,1.960017,9.0,10.0,4.414452,0.0,4.414452,95.585548,71.706638,0.490619,2.297939,0.0,0.0
2026-08-29 10:21:04,21527.08,825343,4126,434.0554,557.4535,38.3,80.422066,0.0,160.881943,1.890509,,7.584524,0.758452,2e-06,2.528775,10.0,10.0,13.007466,0.0,13.007466,86.992534,65.484911,0.436035,2.165376,0.0,0.0
2026-08-29 10:21:17,21540.31,825855,4129,676.3845,557.2365,38.3,149.293777,-0.0,298.625244,1.884819,,9.731614,0.973161,2e-06,1.69997,8.0,10.0,4.542191,0.0,4.542191,95.457809,70.952041,0.418896,2.165376,0.0,0.0
2026-08-29 10:21:31,21553.6,826367,4131,484.8899,552.4681,38.3,192.225754,0.0,384.489105,1.879736,,9.503158,0.950316,1e-06,2.627394,10.0,10.0,19.400279,0.0,19.400279,80.599721,61.399033,0.416702,2.165376,0.0,0.0
2026-08-29 10:21:44,21566.94,826879,4134,582.5339,552.5405,38.3,181.624649,0.0,363.286835,1.876502,,8.768628,0.876863,1e-06,2.398624,9.0,10.0,6.830262,0.0,6.830262,93.169738,70.07871,0.427802,2.165376,0.0,0.0
2026-08-29 10:21:57,21580.16,827391,4136,506.9867,552.0593,38.3,171.021912,-0.0,342.081299,1.87382,,8.163812,0.816381,3e-06,1.783086,8.0,10.0,9.794479,0.0,9.794479,90.205521,68.453804,0.445122,2.165376,0.0,0.0
2026-08-29 10:22:10,21593.44,827903,4139,532.7953,551.6476,38.3,133.717224,0.0,267.471863,1.871397,,8.297966,0.829797,1e-06,2.46295,10.0,10.0,8.141337,0.0,8.141337,91.858663,69.088622,0.439027,2.165376,0.0,0.0
2026-08-29 10:22:24,21606.62,828415,4142,542.6601,552.8263,38.3,125.046837,-0.0,250.131058,1.869102,,7.408025,0.740802,3e-06,1.697455,7.0,10.0,1.247382,0.0,1.247382,98.752618,74.725774,0.458933,2.165376,0.0,0.0
2026-08-29 10:22:37,21619.93,828927,4144,757.0675,554.9842,38.3,174.787659,0.0,349.61261,1.864842,,11.66842,1.166842,1e-06,2.493714,10.0,10.0,8.821958,0.0,8.821958,91.178042,68.665587,0.426425,2.165376,0.0,0.0
2026-08-29 10:22:50,21633.26,829439,4147,835.5343,556.0012,38.3,261.674072,0.0,523.385437,1.864046,,12.437779,1.243778,2e-06,1.889845,8.0,10.0,4.668585,0.0,4.668585,95.331415,72.618583,0.415044,2.165376,0.0,0.0
2026-08-29 10:23:04,21646.7,829951,4149,672.9318,553.5125,38.3,159.31192,-0.0,318.661041,1.859713,,10.367104,1.03671,1e-06,2.572544,10.0,10.0,8.434538,0.0,8.434538,91.565462,69.321817,0.420441,2.165376,0.0,0.0
2026-08-29 10:23:17,21660.13,830463,4152,560.3199,550.508,38.3,112.699455,0.0,225.436111,1.859979,,7.757076,0.775708,3e-06,1.979301,9.0,10.0,1.991063,0.0,1.991063,98.008937,74.51458,0.484201,2.165376,0.0,0.0
2026-08-29 10:23:31,21673.62,830975,4154,368.1088,544.643,38.3,99.573166,0.0,199.183502,1.858695,,5.882756,0.588276,2e-06,2.329649,8.0,10.0,7.028471,0.0,7.028471,92.971529,70.708202,0.488101,2.165376,0.0,0.0
2026-08-29 10:23:44,21687.05,831487,4157,389.6825,543.4009,38.3,101.883469,0.0,203.804077,1.856653,,6.743677,0.674368,2e-06,2.407972,10.0,10.0,10.146815,0.0,10.146815,89.853185,67.368423,0.470655,2.165376,0.0,0.0
2026-08-29 10:23:57,21700.41,831999,4160,557.4565,544.0459,38.3,76.427788,0.0,152.892685,1.855713,,8.835945,0.883595,2e-06,2.328463,10.0,10.0,8.818936,0.0,8.818936,91.181064,68.87034,0.449163,2.165376,0.0,0.0
2026-08-29 10:24:11,21713.92,832511,4162,458.543,542.1396,38.3,78.683571,0.0,157.404297,1.85813,,6.887005,0.688701,3e-06,1.864512,9.0,10.0,5.520997,0.0,5.520997,94.479003,71.737863,0.470132,2.165376,0.0,0.0
2026-08-29 10:24:24,21727.4,833023,4165,476.0621,541.0234,38.3,85.428169,-0.0,170.893478,1.856828,,6.530791,0.653079,3e-06,1.672042,8.0,10.0,1.611632,0.0,1.611632,98.388368,74.432251,0.467967,2.165376,0.0,0.0
2026-08-29 10:24:38,21740.91,833535,4167,516.2561,543.9847,38.3,92.555145,-0.0,185.147385,1.854763,,8.406571,0.840657,1e-06,3.482202,10.0,10.0,11.19563,0.0,11.19563,88.80437,66.691149,0.404251,2.165376,0.0,0.0
2026-08-29 10:24:51,21754.26,834047,4170,629.6554,548.2925,38.3,170.24762,-0.0,340.532379,1.856619,,8.70463,0.870463,3e-06,1.501097,6.0,9.0,0.976128,0.0,0.976128,99.023872,75.671368,0.433033,2.165376,0.0,0.0
2026-08-29 10:25:05,21767.69,834559,4172,542.7083,547.3329,38.3,104.681839,-0.0,209.400787,1.855172,,8.416802,0.84168,2e-06,2.370892,9.0,10.0,7.459301,0.0,7.459301,92.540699,70.582337,0.431011,2.165376,0.0,0.0
2026-08-29 10:25:18,21781.01,835071,4175,644.5686,545.8676,38.3,156.040436,0.0,312.118011,1.857089,,9.604849,0.960485,2e-06,2.494171,9.0,10.0,6.104151,0.0,6.104151,93.895849,71.415473,0.418136,2.165376,0.0,0.0
2026-08-29 10:25:31,21794.39,835583,4177,828.8342,544.3128,38.3,183.675293,0.0,367.387665,1.85461,,13.298911,1.329891,1e-06,2.54772,10.0,10.0,11.539583,0.0,11.539583,88.460417,67.057338,0.413773,2.165376,0.0,0.0
2026-08-29 10:25:45,21807.74,836095,4180,702.0162,545.4852,38.3,157.906219,0.0,315.849579,1.857021,,10.198882,1.019888,2e-06,1.790771,9.0,10.0,3.383424,0.0,3.383424,96.616576,73.806573,0.452706,2.165376,0.0,0.0
2026-08-29 10:25:58,21821.3,836607,4183,599.5681,546.8488,38.3,156.24704,0.0,312.531219,1.856895,,8.96243,0.896243,2e-06,2.105432,9.0,10.0,5.241673,0.0,5.241673,94.758327,71.873283,0.462927,2.165376,0.0,0.0
2026-08-29 10:26:12,21834.69,837119,4185,621.7074,548.3545,38.3,134.696381,-0.0,269.429901,1.856544,,8.560989,0.856099,3e-06,1.403896,6.0,9.0,0.767708,0.0,0.767708,99.232292,75.961892,0.472276,2.165376,0.0,0.0
2026-08-29 10:26:25,21848.17,837631,4188,614.9824,550.9947,38.3,131.226593,0.0,262.490326,1.856339,,9.584842,0.958484,1e-06,2.533325,10.0,10.0,7.826161,0.0,7.826161,92.173839,68.907345,0.430401,1.917577,0.0,0.0
2026-08-29 10:26:39,21861.83,838143,4190,539.1212,550.1752,38.3,85.38958,0.0,170.816269,1.8558,,8.939158,0.893916,1e-06,2.562623,10.0,10.0,12.550504,0.0,12.550504,87.449496,66.220838,0.431316,1.917577,0.0,0.0
2026-08-29 10:26:52,21875.21,838655,4193,428.3026,547.2911,38.3,94.574387,-0.0,189.185898,1.856535,,5.976944,0.597694,3e-06,1.738466,9.0,10.0,3.030184,0.0,3.030184,96.969816,74.086028,0.469806,1.917577,0.0,0.0
2026-08-29 10:27:05,21888.58,839167,4195,509.372,545.146,38.3,105.52948,0.0,211.0961,1.856732,,7.124081,0.712408,3e-06,1.425613,7.0,10.0,2.949058,0.0,2.949058,97.050942,73.518736,0.421335,1.917577,0.0,0.0
2026-08-29 10:27:19,21902.11,839679,4198,578.6923,543.0997,38.3,127.502464,0.0,255.042099,1.858504,,8.840668,0.884067,2e-06,2.326055,9.0,10.0,8.420668,0.0,8.420668,91.579332,68.950973,0.42439,1.917577,0.0,0.0
2026-08-29 10:27:32,21915.51,840191,4200,813.9582,544.9101,38.3,185.506729,0.0,371.050598,1.857158,,12.209964,1.220996,2e-06,2.479248,10.0,10.0,7.112116,0.0,7.112116,92.887884,70.473459,0.429411,1.917577,0.0,0.0
2026-08-29 10:27:46,21929.03,840703,4203,595.6281,545.9713,38.3,123.479607,-0.0,246.996384,1.858383,,9.438978,0.943898,1e-06,3.455927,10.0,10.0,12.253735,0.0,12.253735,87.746265,65.488238,0.422231,1.917577,0.0,0.0
2026-08-29 10:27:59,21942.38,841215,4206,568.8736,548.8724,38.3,119.13755,0.0,238.312286,1.859184,,8.227002,0.8227,5e-06,1.538104,9.0,10.0,4.460935,0.0,4.460935,95.539065,72.950671,0.426327,1.917577,0.0,0.0
2026-08-29 10:28:13,21955.86,841727,4208,304.4911,548.9258,38.3,74.419983,-0.0,148.877151,1.859518,,5.778434,0.577843,1e-06,3.523555,10.0,10.0,14.230757,0.0,14.230757,85.769243,64.261909,0.462053,1.917577,0.0,0.0
2026-08-29 10:28:26,21969.13,842239,4211,353.1012,548.0738,38.3,77.371765,0.0,154.780746,1.860556,,5.219119,0.521912,2e-06,1.889414,9.0,10.0,4.304106,0.0,4.304106,95.695894,72.41068,0.480621,1.917577,0.0,0.0
2026-08-29 10:28:39,21982.44,842751,4213,484.5215,547.7747,38.3,81.358536,-0.0,162.754303,1.861916,,7.79516,0.779516,1e-06,2.534353,10.0,10.0,10.211634,0.0,10.211634,89.788366,67.773123,0.43507,1.917577,0.0,0.0
2026-08-29 10:28:53,21995.75,843263,4216,627.1246,548.2384,38.3,132.389893,-0.0,264.817047,1.86293,,8.880925,0.888092,3e-06,1.488663,8.0,10.0,3.966722,0.0,3.966722,96.033278,73.131292,0.411766,1.917577,0.0,0.0
2026-08-29 10:29:06,22009.03,843775,4218,620.5525,545.6328,38.3,86.740746,0.0,173.518784,1.864473,,9.07483,0.907483,2e-06,2.076017,9.0,10.0,6.333913,0.0,6.333913,93.666087,70.864879,0.385235,1.917577,0.0,0.0
2026-08-29 10:29:19,22022.24,844287,4221,526.1038,541.85,38.3,122.320511,-0.0,244.678299,1.863698,,7.863484,0.786348,3e-06,1.413828,8.0,10.0,5.438208,0.0,5.438208,94.561792,71.713921,0.4598,1.917577,0.0,0.0
2026-08-29 10:29:32,22035.54,844799,4224,617.7434,541.3442,38.3,149.594315,0.0,299.225922,1.864909,,10.071364,1.007136,1e-06,2.145454,10.0,10.0,12.081721,0.0,12.081721,87.918279,66.564141,0.435954,1.917577,0.0,0.0
2026-08-29 10:29:46,22048.82,845311,4226,739.4295,544.5027,38.3,183.612915,0.0,367.263153,1.866582,,10.553863,1.055386,3e-06,1.343911,6.0,10.0,0.505162,0.0,0.505162,99.494838,75.940459,0.472659,1.917577,0.0,0.0
2026-08-29 10:29:59,22062.16,845823,4229,419.3105,542.7756,38.3,78.229897,-0.0,156.497147,1.867862,,7.140807,0.714081,1e-06,2.463861,10.0,10.0,10.846573,0.0,10.846573,89.153427,66.766949,0.451945,1.917577,0.0,0.0
2026-08-29 10:30:12,22075.58,846335,4231,104.507,538.8287,38.3,95.51133,-0.0,191.060043,1.869512,,4.282726,0.428273,0.0,2.240178,10.0,10.0,22.909857,0.0,22.909857,77.090143,57.75068,0.463019,1.917577,0.0,0.0
2026-08-29 10:30:26,22089.1,846847,4234,339.4974,537.5555,38.3,96.882462,-0.0,193.802322,1.870299,,5.768857,0.576886,1e-06,2.649597,10.0,10.0,10.422255,0.0,10.422255,89.577745,67.924287,0.473804,1.917577,0.0,0.0
2026-08-29 10:30:39,22102.41,847359,4236,449.8426,536.6981,38.3,67.167793,0.0,134.373032,1.872182,,6.225806,0.622581,2e-06,1.738417,8.0,10.0,1.744371,0.0,1.744371,98.255629,74.720007,0.497626,1.917577,0.0,0.0
2026-08-29 10:30:53,22115.93,847871,4239,452.781,535.5818,38.3,69.290192,-0.0,138.617874,1.874257,,7.060688,0.706069,2e-06,2.718218,10.0,10.0,8.542564,0.0,8.542564,91.457436,69.435098,0.44371,1.917577,0.0,0.0
2026-08-29 10:31:06,22129.35,848383,4241,445.1233,534.0375,38.3,83.465492,-0.0,166.968536,1.877385,,6.70039,0.670039,2e-06,2.397998,9.0,10.0,6.799743,0.0,6.799743,93.200257,70.84837,0.462976,1.917577,0.0,0.0
2026-08-29 10:31:20,22142.79,848895,4244,469.4635,530.8995,38.3,118.647316,0.0,237.33223,1.879586,,6.8426,0.68426,2e-06,2.025944,9.0,10.0,5.214844,0.0,5.214844,94.785156,71.794357,0.459296,1.917577,0.0,0.0
2026-08-29 10:31:33,22156.2,849407,4247,569.1294,529.3536,38.3,117.534134,-0.0,235.105911,1.88182,,7.869657,0.786966,3e-06,1.822783,8.0,10.0,2.680507,0.0,2.680507,97.319493,73.651836,0.437394,1.917577,0.0,0.0
2026-08-29 10:31:46,22169.58,849919,4249,526.4235,531.8783,38.3,77.471077,0.0,154.979782,1.881458,,8.24505,0.824505,1e-06,3.34959,10.0,10.0,9.598072,0.0,9.598072,90.401928,68.013944,0.449823,1.917577,0.0,0.0
2026-08-29 10:32:00,22182.91,850431,4252,888.1054,532.6909,38.3,268.591675,0.0,537.221008,1.883436,,12.762828,1.276283,3e-06,1.444754,7.0,10.0,1.452421,0.0,1.452421,98.547579,74.901261,0.457397,1.756011,0.0,0.0
2026-08-29 10:32:13,22196.21,850943,4254,689.3535,534.7685,38.3,150.50444,0.0,301.0466,1.885414,,9.383157,0.938316,5e-06,0.939182,4.0,6.0,0.179953,0.0,0.179953,99.820047,76.533625,0.449223,1.756011,0.0,0.0
2026-08-29 10:32:26,22209.48,851455,4257,408.9474,532.8961,38.3,77.275223,-0.0,154.588181,1.886559,,6.139065,0.613907,1e-06,2.462065,10.0,10.0,6.291617,0.0,6.291617,93.708383,70.139489,0.496595,1.756011,0.0,0.0
2026-08-29 10:32:40,22222.73,851967,4259,374.6269,532.3732,38.3,50.085613,0.0,100.208946,1.885818,,6.049643,0.604964,2e-06,2.594327,10.0,10.0,10.116953,0.0,10.116953,89.883047,67.708685,0.44957,1.756011,0.0,0.0
2026-08-29 10:32:53,22235.97,852479,4262,438.9828,532.4206,38.3,79.119423,-0.0,158.276642,1.88955,,6.755754,0.675575,2e-06,1.875463,9.0,10.0,7.968002,0.0,7.968002,92.031998,69.614214,0.461855,1.756011,0.0,0.0
2026-08-29 10:33:06,22249.34,852991,4264,455.7305,534.5189,38.3,58.820759,-0.0,117.679321,1.890052,,6.446847,0.644685,4e-06,1.188063,7.0,10.0,3.180455,0.0,3.180455,96.819545,73.300603,0.501282,1.756011,0.0,0.0
2026-08-29 10:33:20,22262.75,853503,4267,294.5585,532.8264,38.3,68.881889,0.0,137.801636,1.892474,,5.206433,0.520643,1e-06,3.123986,10.0,10.0,11.457702,0.0,11.457702,88.542298,66.225823,0.486512,1.756011,0.0,0.0
2026-08-29 10:33:33,22276.12,854015,4270,526.7431,532.8512,38.3,96.081757,0.0,192.20137,1.893185,,7.947684,0.794768,2e-06,2.618862,10.0,10.0,7.605329,0.0,7.605329,92.394671,69.745027,0.469367,1.756011,0.0,0.0
2026-08-29 10:33:46,22289.48,854527,4272,657.9722,533.9155,38.3,153.923782,-0.0,307.885437,1.89362,,9.939539,0.993954,2e-06,2.839423,10.0,10.0,7.091923,0.0,7.091923,92.908077,70.4458,0.48657,1.756011,0.0,0.0
2026-08-29 10:34:00,22302.93,855039,4275,883.4376,538.0731,38.3,238.852585,-0.0,477.743073,1.89492,,13.440014,1.344001,2e-06,2.483814,10.0,10.0,8.035819,0.0,8.035819,91.964181,69.436559,0.460427,1.756011,0.0,0.0
2026-08-29 10:34:13,22316.42,855551,4277,655.7856,537.2721,38.3,169.163361,0.0,338.364594,1.893735,,10.976725,1.097673,1e-06,2.586461,10.0,10.0,15.136205,0.0,15.136205,84.863795,63.254106,0.435717,1.756011,0.0,0.0
2026-08-29 10:34:27,22329.82,856063,4280,615.2652,540.2347,38.3,100.909264,-0.0,201.856445,1.896168,,9.148873,0.914887,1e-06,2.353182,9.0,10.0,5.405862,0.0,5.405862,94.594138,71.744783,0.439291,1.756011,0.0,0.0
2026-08-29 10:34:40,22343.27,856575,4282,604.8824,542.8748,38.3,100.464333,0.0,200.966629,1.897911,,9.335279,0.933528,2e-06,1.891151,9.0,10.0,9.941987,0.0,9.941987,90.058013,68.426674,0.430546,1.756011,0.0,0.0
2026-08-29 10:34:53,22356.59,857087,4285,609.895,543.5516,38.3,107.404221,-0.0,214.84642,1.899053,,8.337496,0.83375,4e-06,1.274511,6.0,10.0,1.048997,0.0,1.048997,98.951003,75.44567,0.447611,1.756011,0.0,0.0
2026-08-29 10:35:07,22369.88,857599,4288,529.5306,543.5233,38.3,75.177574,-0.0,150.393143,1.899892,,7.541888,0.754189,3e-06,1.162604,6.0,10.0,3.737434,0.0,3.737434,96.262566,73.387144,0.453288,1.756011,0.0,0.0
2026-08-29 10:35:20,22383.24,858111,4290,673.9778,545.1782,38.3,148.008698,-0.0,296.055389,1.900316,,10.138076,1.013808,4e-06,1.405448,8.0,10.0,7.100289,0.0,7.100289,92.899711,70.765224,0.437557,1.756011,0.0,0.0
2026-08-29 10:35:33,22396.52,858623,4293,763.3566,549.5711,38.3,214.969223,0.0,429.976471,1.901288,,11.596312,1.159631,3e-06,1.49174,7.0,10.0,6.513725,0.0,6.513725,93.486275,71.328667,0.455664,1.756011,0.0,0.0
2026-08-29 10:35:47,22409.85,859135,4295,357.8254,547.9462,38.3,93.446854,-0.0,186.931763,1.90272,,6.751997,0.6752,1e-06,2.437152,10.0,10.0,17.438445,0.0,17.438445,82.561555,61.951318,0.442203,1.756011,0.0,0.0
2026-08-29 10:36:00,22423.04,859647,4298,284.0627,546.6504,38.3,113.889847,-0.0,227.81778,1.904239,,4.9023,0.49023,3e-06,1.302212,7.0,10.0,10.012094,0.0,10.012094,89.987906,68.614451,0.512731,1.756011,0.0,0.0
2026-08-29 10:36:13,22436.48,860159,4300,365.3554,544.8546,38.3,76.44577,0.0,152.929596,1.902979,,5.85558,0.585558,2e-06,3.688619,10.0,10.0,9.343405,0.0,9.343405,90.656595,67.508922,0.4954,1.756011,0.0,0.0
2026-08-29 10:36:27,22449.84,860671,4303,213.4049,542.3552,38.3,97.521301,-0.0,195.080719,1.905723,,4.120953,0.412095,1e-06,2.97858,10.0,10.0,11.94877,0.0,11.94877,88.05123,65.033226,0.550894,1.756011,0.0,0.0
2026-08-29 10:36:40,22463.09,861183,4305,270.4333,540.7239,38.3,80.735634,-0.0,161.509354,1.904634,,4.534995,0.4535,2e-06,2.618827,10.0,10.0,9.196794,0.0,9.196794,90.803206,68.685419,0.515272,1.756011,0.0,0.0
2026-08-29 10:36:53,22476.5,861695,4308,243.5558,540.4716,38.3,97.496651,-0.0,195.031403,1.90507,,5.10571,0.510571,1e-06,3.858296,10.0,10.0,16.679988,0.0,16.679988,83.320012,61.435611,0.496607,1.756011,0.0,0.0
2026-08-29 10:37:07,22489.75,862207,4311,225.3235,537.303,38.3,87.497879,-0.0,175.033844,1.903953,,4.551807,0.455181,1e-06,2.604341,10.0,10.0,13.467892,0.0,13.467892,86.532108,65.199491,0.523081,1.756011,0.0,0.0
2026-08-29 10:37:20,22503.04,862719,4313,226.8534,533.5891,38.3,82.802475,-0.0,165.643021,1.903593,,4.327589,0.432759,2e-06,2.179331,9.0,10.0,11.63032,0.0,11.63032,88.36968,66.111249,0.512937,1.695097,0.0,0.0
2026-08-29 10:37:33,22516.23,863231,4316,364.4879,532.5268,38.3,88.252426,-0.0,176.542953,1.904903,,5.425068,0.542507,2e-06,2.229815,10.0,10.0,6.407824,0.0,6.407824,93.592176,70.92235,0.508181,1.695097,0.0,0.0
2026-08-29 10:37:46,22529.58,863743,4318,902.7088,537.7363,38.3,225.402908,-0.0,450.843842,1.901085,,13.273285,1.327328,3e-06,1.542585,8.0,10.0,3.977247,0.0,3.977247,96.022753,72.898521,0.406216,1.695097,0.0,0.0
2026-08-29 10:38:00,22542.99,864255,4321,1069.4947,544.4958,38.3,323.978271,0.0,647.994568,1.899795,,16.689245,1.668925,2e-06,2.149901,10.0,10.0,9.987618,0.0,9.987618,90.012382,68.272709,0.447017,1.695097,0.0,0.0
2026-08-29 10:38:13,22556.39,864767,4323,1025.17,549.6082,38.3,309.883667,0.0,619.805359,1.900209,,14.588531,1.458853,5e-06,1.238284,6.0,9.0,0.402608,0.0,0.402608,99.597392,76.043427,0.438638,1.695097,0.0,0.0
2026-08-29 10:38:27,22569.75,865279,4326,825.0558,553.417,38.3,181.876358,-0.0,363.79071,1.899965,,11.340538,1.134054,3e-06,1.636777,7.0,10.0,1.151192,0.0,1.151192,98.848808,75.372244,0.438595,1.695097,0.0,0.0
2026-08-29 10:38:40,22583.33,865791,4328,470.2214,555.2309,38.3,125.66951,0.0,251.376999,1.898581,,8.642917,0.864292,1e-06,2.987198,10.0,10.0,19.226642,0.0,19.226642,80.773358,60.588881,0.441622,1.695097,0.0,0.0
2026-08-29 10:38:54,22596.71,866303,4331,377.7241,551.8105,38.3,110.723915,-0.0,221.48584,1.900335,,5.973097,0.59731,1e-06,2.118663,10.0,10.0,8.276757,0.0,8.276757,91.723243,68.51718,0.527923,1.695097,0.0,0.0
2026-08-29 10:39:07,22610.12,866815,4334,630.4022,551.8714,38.3,150.898468,-0.0,301.83493,1.899226,,8.884506,0.888451,4e-06,1.404406,7.0,10.0,3.654591,0.0,3.654591,96.345409,72.619413,0.451219,1.695097,0.0,0.0
2026-08-29 10:39:21,22623.65,867327,4336,508.6027,553.6032,38.3,72.819275,-0.0,145.676498,1.897646,,7.815716,0.781572,1e-06,3.178418,10.0,10.0,9.929129,0.0,9.929129,90.070871,67.696876,0.43073,1.695097,0.0,0.0
2026-08-29 10:39:34,22636.89,867839,4339,633.782,556.1952,38.3,92.539352,-0.0,185.116623,1.895999,,9.003826,0.900383,3e-06,1.585798,8.0,10.0,3.71204,0.0,3.71204,96.28796,72.133339,0.431057,1.695097,0.0,0.0
2026-08-29 10:39:47,22650.02,868351,4341,763.8013,558.1701,38.3,167.090286,-0.0,334.218475,1.894598,,10.653474,1.065347,3e-06,1.399519,6.0,10.0,1.454089,0.0,1.454089,98.545911,74.691282,0.424906,1.695097,0.0,0.0
2026-08-29 10:40:00,22663.16,868863,4344,828.355,564.6922,38.3,268.844482,0.0,537.726868,1.894734,,11.815915,1.181591,4e-06,1.136055,5.0,9.0,1.046593,0.0,1.046593,98.953407,75.943623,0.435278,1.695097,0.0,0.0
2026-08-29 10:40:13,22676.35,869375,4346,754.2425,568.5677,38.3,198.5923,-0.0,397.222473,1.893671,,10.658318,1.065832,3e-06,1.434663,8.0,10.0,1.669922,0.0,1.669922,98.330078,74.796337,0.41904,1.695097,0.0,0.0
2026-08-29 10:40:27,22689.73,869887,4349,340.9312,562.7518,38.3,109.045601,-0.0,218.129105,1.895249,,5.607047,0.560705,3e-06,1.50658,10.0,10.0,9.760259,0.0,9.760259,90.239741,67.774019,0.501418,1.695097,0.0,0.0
2026-08-29 10:40:40,22703.06,870399,4352,535.2436,559.1343,38.3,125.820625,0.0,251.679108,1.893188,,8.73566,0.873566,2e-06,2.001027,10.0,10.0,13.043788,0.0,13.043788,86.956212,66.311259,0.433289,1.695097,0.0,0.0
2026-08-29 10:40:53,22716.44,870911,4354,645.7597,559.8863,38.3,124.897163,0.0,249.832184,1.892498,,9.668752,0.966875,1e-06,2.615783,10.0,10.0,8.187641,0.0,8.187641,91.812359,69.43164,0.421202,1.695097,0.0,0.0
2026-08-29 10:41:07,22729.84,871423,4357,565.8795,557.9409,38.3,118.202805,-0.0,236.443466,1.892819,,7.69969,0.769969,3e-06,1.623888,8.0,10.0,2.276182,0.0,2.276182,97.723818,73.723986,0.442479,1.695097,0.0,0.0
2026-08-29 10:41:20,22743.22,871935,4359,420.3808,556.3031,38.3,77.54435,0.0,155.126556,1.893131,,6.528929,0.652893,1e-06,3.073993,10.0,10.0,9.528913,0.0,9.528913,90.471087,68.737076,0.47393,1.695097,0.0,0.0
2026-08-29 10:41:33,22756.57,872447,4362,372.809,551.6103,38.3,116.967857,0.0,233.973618,1.895231,,5.9754,0.59754,2e-06,2.110481,9.0,10.0,8.429454,0.0,8.429454,91.570546,69.485122,0.503315,1.695097,0.0,0.0
2026-08-29 10:41:47,22769.99,872959,4364,461.6534,548.2743,38.3,93.007805,0.0,186.053513,1.895082,,7.235846,0.723585,2e-06,2.217355,9.0,10.0,9.586609,0.0,9.586609,90.413391,68.336844,0.448409,1.695097,0.0,0.0
2026-08-29 10:42:00,22783.51,873471,4367,396.8156,545.4243,38.3,72.753738,-0.0,145.545395,1.896209,,7.111791,0.711179,1e-06,3.698202,10.0,10.0,17.265414,0.0,17.265414,82.734586,62.176339,0.468961,1.695097,0.0,0.0
2026-08-29 10:42:14,22796.84,873983,4369,604.3261,547.0641,38.3,115.205185,0.0,230.448273,1.89509,,7.989951,0.798995,3e-06,1.123593,5.0,8.0,0.090317,0.0,0.090317,99.909683,76.818094,0.41979,1.695097,0.0,0.0
2026-08-29 10:42:27,22810.23,874495,4372,407.8318,546.9609,38.3,91.204315,0.0,182.446579,1.897527,,6.247929,0.624793,2e-06,1.841002,8.0,10.0,7.712944,0.0,7.712944,92.287056,69.728831,0.468049,1.695097,0.0,0.0
2026-08-29 10:42:41,22823.63,875007,4375,480.0941,545.5455,38.3,91.36908,0.0,182.776047,1.894514,,8.419062,0.841906,0.0,2.847923,10.0,10.0,17.860912,0.0,17.860912,82.139088,61.497828,0.411645,1.503288,0.0,0.0
2026-08-29 10:42:54,22836.99,875519,4377,635.8666,545.1945,38.3,149.083405,0.0,298.204681,1.893957,,8.709819,0.870982,4e-06,1.234099,7.0,10.0,1.177472,0.0,1.177472,98.822528,75.886338,0.448877,1.503288,0.0,0.0
2026-08-29 10:43:07,22850.36,876031,4380,545.9497,544.4496,38.3,102.91021,0.0,205.858307,1.894316,,8.143148,0.814315,2e-06,2.426757,10.0,10.0,8.448383,0.0,8.448383,91.551617,69.146654,0.440664,1.503288,0.0,0.0
2026-08-29 10:43:21,22863.65,876543,4382,525.6995,545.366,38.3,73.033348,-0.0,146.104568,1.89341,,8.271941,0.827194,1e-06,2.068985,10.0,10.0,12.024498,0.0,12.024498,87.975502,67.044409,0.453691,1.503288,0.0,0.0
2026-08-29 10:43:34,22876.87,877055,4385,679.7749,545.3999,38.3,146.741791,0.0,293.521454,1.893862,,9.525882,0.952588,4e-06,1.035714,4.0,10.0,3.215197,0.0,3.215197,96.784803,73.102333,0.409582,1.503288,0.0,0.0
2026-08-29 10:43:47,22890.25,877567,4387,475.4861,545.3059,38.3,126.160698,0.0,252.359299,1.894888,,7.699685,0.769968,1e-06,2.55939,10.0,10.0,13.814617,0.0,13.814617,86.185383,65.26473,0.450187,1.503288,0.0,0.0
2026-08-29 10:44:00,22903.55,878079,4390,519.8659,544.6792,38.3,100.200317,0.0,200.438553,1.896254,,8.116179,0.811618,1e-06,2.80581,10.0,10.0,12.418791,0.0,12.418791,87.581209,64.964702,0.413017,1.503288,0.0,0.0
2026-08-29 10:44:14,22916.74,878591,4392,534.6124,544.9555,38.3,109.424446,0.0,218.886765,1.893912,,8.22134,0.822134,2e-06,1.722548,9.0,10.0,8.401443,0.0,8.401443,91.598557,69.967212,0.432217,1.503288,0.0,0.0
2026-08-29 10:44:27,22929.89,879103,4395,588.6298,545.5138,38.3,130.209457,0.0,260.456848,1.897359,,7.883659,0.788366,4e-06,1.284134,6.0,9.0,0.770509,0.0,0.770509,99.229491,75.36723,0.435536,1.503288,0.0,0.0
2026-08-29 10:44:40,22943.13,879615,4398,625.3688,546.3409,38.3,127.469139,-0.0,254.976196,1.89628,,8.909169,0.890917,3e-06,1.480324,7.0,10.0,3.292544,0.0,3.292544,96.707456,71.517937,0.425516,1.503288,0.0,0.0
2026-08-29 10:44:53,22956.46,880127,4400,282.0405,541.5906,38.3,96.698471,-0.0,193.434906,1.898094,,7.052461,0.705246,0.0,3.557413,10.0,10.0,32.568365,0.0,32.568365,67.431635,50.847774,0.423625,1.503288,0.0,0.0
2026-08-29 10:45:07,22969.72,880639,4403,567.3709,538.909,38.3,111.138176,0.0,222.314316,1.898029,,8.682903,0.86829,1e-06,2.433537,10.0,10.0,9.054722,0.0,9.054722,90.945278,68.518383,0.464808,1.503288,0.0,0.0
2026-08-29 10:45:20,22983.06,881151,4405,541.6986,537.5967,38.3,81.537521,-0.0,163.113007,1.898397,,8.055814,0.805581,2e-06,1.959373,10.0,10.0,8.517346,0.0,8.517346,91.482654,69.047917,0.443757,1.503288,0.0,0.0
2026-08-29 10:45:33,22996.41,881663,4408,603.5405,538.0289,38.3,117.830612,-0.0,235.699173,1.897532,,8.679514,0.867951,2e-06,2.084812,9.0,10.0,6.83417,0.0,6.83417,93.16583,70.241571,0.397161,1.503288,0.0,0.0
2026-08-29 10:45:47,23009.87,882175,4410,622.2666,540.5704,38.3,147.114838,0.0,294.267609,1.896683,,9.299427,0.929943,1e-06,3.616517,10.0,10.0,10.445295,0.0,10.445295,89.554705,67.563559,0.468419,1.503288,0.0,0.0
2026-08-29 10:46:00,23023.25,882687,4413,829.5219,544.9688,38.3,309.757477,-0.0,619.552917,1.897082,,12.0898,1.20898,3e-06,1.519546,8.0,10.0,5.034478,0.0,5.034478,94.965522,71.943879,0.458968,1.503288,0.0,0.0
2026-08-29 10:46:14,23036.68,883199,4416,551.4112,544.9084,38.3,105.163109,0.0,210.364136,1.895691,,8.224545,0.822454,2e-06,2.810619,10.0,10.0,10.114419,0.0,10.114419,89.885581,68.617691,0.42627,1.503288,0.0,0.0
2026-08-29 10:46:27,23049.99,883711,4418,308.3195,543.4062,38.3,89.281143,0.0,178.600266,1.89898,,5.215204,0.52152,2e-06,1.452713,7.0,10.0,11.652491,0.0,11.652491,88.347509,67.022275,0.461958,1.503288,0.0,0.0
2026-08-29 10:46:40,23063.45,884223,4421,384.7993,542.4935,38.3,123.276146,0.0,246.590256,1.898055,,6.508266,0.650827,1e-06,2.3442,10.0,10.0,13.252996,0.0,13.252996,86.747004,64.027705,0.464433,1.503288,0.0,0.0
2026-08-29 10:46:54,23076.92,884735,4423,527.7151,542.6081,38.3,152.475525,0.0,304.988983,1.896566,,10.387045,1.038705,0.0,3.3197,10.0,10.0,28.662844,0.0,28.662844,71.337156,53.998302,0.411078,1.503288,0.0,0.0
2026-08-29 10:47:07,23090.31,885247,4426,820.7375,544.5189,38.3,194.172211,-0.0,388.382385,1.898467,,12.262078,1.226208,2e-06,2.237036,10.0,10.0,8.234791,0.0,8.234791,91.765209,69.624922,0.437952,1.503288,0.0,0.0
2026-08-29 10:47:21,23103.63,885759,4428,725.0743,546.3426,38.3,162.967316,-0.0,325.972626,1.898986,,10.687345,1.068734,2e-06,2.191304,9.0,10.0,9.191789,0.0,9.191789,90.808211,69.025584,0.419967,1.503288,0.0,0.0
2026-08-29 10:47:34,23116.97,886271,4431,506.3452,544.9604,38.3,142.753143,0.0,285.54425,1.898711,,7.955119,0.795512,2e-06,1.976591,10.0,10.0,11.433962,0.0,11.433962,88.566038,66.854085,0.457435,1.503288,0.0,0.0
2026-08-29 10:47:47,23130.32,886783,4433,608.9623,542.7616,38.3,147.264801,0.0,294.567596,1.899128,,8.659935,0.865993,2e-06,2.076915,10.0,10.0,5.031964,0.0,5.031964,94.968036,71.94145,0.448316,1.503288,0.0,0.0
2026-08-29 10:48:00,23143.56,887295,4436,797.5661,543.7171,38.3,236.26265,0.0,472.563293,1.89978,,11.451937,1.145194,4e-06,1.149807,6.0,10.0,1.574721,0.0,1.574721,98.425279,74.5173,0.453621,1.503288,0.0,0.0
2026-08-29 10:48:14,23157.02,887807,4439,840.4858,546.1263,38.3,243.395447,-0.0,486.828918,1.901722,,12.572036,1.257204,2e-06,1.677065,9.0,10.0,7.49344,0.0,7.49344,92.50656,69.523195,0.435026,1.630926,0.0,0.0
2026-08-29 10:48:27,23170.36,888319,4441,550.0101,545.4093,38.3,94.016594,-0.0,188.071213,1.900958,,7.758949,0.775895,3e-06,1.661224,9.0,10.0,3.879034,0.0,3.879034,96.120966,72.674467,0.459728,1.630926,0.0,0.0
2026-08-29 10:48:41,23183.7,888831,4444,599.6308,545.2558,38.3,150.248535,-0.0,300.535156,1.903574,,8.217413,0.821741,3e-06,1.503274,8.0,10.0,2.596266,0.0,2.596266,97.403734,73.398734,0.449359,1.630926,0.0,0.0
2026-08-29 10:48:54,23197.2,889343,4446,409.1598,543.9562,38.3,101.369888,0.0,202.777878,1.904776,,7.738451,0.773845,1e-06,3.506931,10.0,10.0,21.168163,0.0,21.168163,78.831837,58.940077,0.434636,1.630926,0.0,0.0
2026-08-29 10:49:08,23210.62,889855,4449,628.394,545.9571,38.3,175.313278,0.0,350.664612,1.902335,,9.281786,0.928179,2e-06,2.575629,10.0,10.0,7.383383,0.0,7.383383,92.616617,70.328095,0.456424,1.630926,0.0,0.0
2026-08-29 10:49:21,23224.06,890367,4451,932.559,550.189,38.3,287.788788,0.0,575.61554,1.898861,,13.170231,1.317023,2e-06,2.601491,9.0,10.0,3.189812,0.0,3.189812,96.810188,74.078335,0.463837,1.630926,0.0,0.0
2026-08-29 10:49:34,23237.47,890879,4454,866.887,553.0709,38.3,246.786026,-0.0,493.610016,1.898609,,12.582351,1.258235,3e-06,2.103816,10.0,10.0,5.046932,0.0,5.046932,94.953068,71.711474,0.436781,1.630926,0.0,0.0
2026-08-29 10:49:48,23250.86,891391,4456,652.8799,551.4602,38.3,125.92347,0.0,251.884872,1.896957,,9.339758,0.933976,2e-06,1.676582,9.0,10.0,5.168836,0.0,5.168836,94.831164,72.01861,0.426948,1.630926,0.0,0.0
2026-08-29 10:50:01,23264.3,891903,4459,259.0961,548.0948,38.3,100.488205,0.0,201.014374,1.898497,,5.624366,0.562437,1e-06,3.19818,10.0,10.0,20.224347,0.0,20.224347,79.775653,59.216879,0.469999,1.630926,0.0,0.0
2026-08-29 10:50:15,23277.7,892415,4462,498.8496,547.3946,38.3,153.444534,-0.0,306.927002,1.897214,,7.781161,0.778116,2e-06,2.006789,10.0,10.0,10.229932,0.0,10.229932,89.770068,68.497844,0.467299,1.630926,0.0,0.0
2026-08-29 10:50:28,23291.05,892927,4464,612.339,550.4731,38.3,137.289261,0.0,274.616455,1.896674,,8.496235,0.849624,3e-06,2.066849,9.0,10.0,2.184057,0.0,2.184057,97.815943,74.794247,0.457577,1.630926,0.0,0.0
2026-08-29 10:50:41,23304.25,893439,4467,595.7201,552.8993,38.3,135.545349,0.0,271.128632,1.896812,,8.341419,0.834142,3e-06,1.290778,6.0,10.0,3.341056,0.0,3.341056,96.658944,73.862734,0.447546,1.630926,0.0,0.0
2026-08-29 10:50:54,23317.54,893951,4469,540.39,553.458,38.3,104.817589,-0.0,209.673096,1.895671,,8.565504,0.85655,1e-06,2.098331,9.0,10.0,12.16816,0.0,12.16816,87.83184,66.278383,0.429352,1.630926,0.0,0.0
2026-08-29 10:51:08,23330.75,894463,4472,716.3834,554.3505,38.3,157.913132,0.0,315.864166,1.895028,,10.365741,1.036574,3e-06,1.745833,9.0,10.0,4.45967,0.0,4.45967,95.54033,72.266349,0.429561,1.630926,0.0,0.0
2026-08-29 10:51:21,23344.05,894975,4474,463.3181,552.7782,38.3,81.819206,0.0,163.676315,1.895327,,7.699941,0.769994,2e-06,2.292762,9.0,10.0,12.3602,0.0,12.3602,87.6398,65.8302,0.475988,1.630926,0.0,0.0
2026-08-29 10:51:34,23357.22,895487,4477,530.4257,552.8214,38.3,102.567787,0.0,205.173462,1.894714,,7.699424,0.769942,2e-06,1.599419,8.0,10.0,5.965452,0.0,5.965452,94.034548,71.079175,0.430321,1.630926,0.0,0.0
2026-08-29 10:51:47,23370.43,895999,4480,636.4117,553.0081,38.3,125.30069,-0.0,250.639206,1.891588,,9.242704,0.92427,3e-06,1.443628,7.0,10.0,5.804413,0.0,5.804413,94.195587,71.444379,0.408887,1.630926,0.0,0.0
2026-08-29 10:52:01,23383.65,896511,4482,722.5795,552.8396,38.3,205.972046,0.0,411.981934,1.892126,,11.478936,1.147894,2e-06,1.576148,9.0,10.0,13.036136,0.0,13.036136,86.963864,65.229831,0.415904,1.630926,0.0,0.0
2026-08-29 10:52:14,23396.92,897023,4485,635.1137,554.9976,38.3,169.42128,-0.0,338.880371,1.890974,,9.302751,0.930275,2e-06,1.755016,8.0,10.0,5.879677,0.0,5.879677,94.120323,71.876684,0.443661,1.630926,0.0,0.0
2026-08-29 10:52:27,23410.25,897535,4487,279.7436,556.75,38.3,66.46553,-0.0,132.968872,1.890569,,4.246181,0.424618,4e-06,1.329258,7.0,10.0,5.323997,0.0,5.323997,94.676003,72.380567,0.549293,1.630926,0.0,0.0
2026-08-29 10:52:41,23423.71,898047,4490,377.7686,557.1327,38.3,97.729393,-0.0,195.496582,1.88985,,5.884743,0.588474,2e-06,1.825887,9.0,10.0,8.635556,0.0,8.635556,91.364444,68.73149,0.468316,1.630926,0.0,0.0
2026-08-29 10:52:54,23437.22,898559,4492,549.1196,558.1255,38.3,78.617409,0.0,157.272583,1.888616,,8.85858,0.885858,1e-06,2.621843,10.0,10.0,13.134093,0.0,13.134093,86.865907,66.270353,0.406945,1.630926,0.0,0.0
2026-08-29 10:53:08,23450.74,899071,4495,541.2091,559.0098,38.3,95.795868,-0.0,191.629501,1.888138,,9.056805,0.905681,1e-06,2.774545,10.0,10.0,16.487308,0.0,16.487308,83.512692,62.413212,0.414034,1.630926,0.0,0.0
2026-08-29 10:53:21,23464.06,899583,4497,649.1188,561.0497,38.3,149.713898,-0.0,299.465546,1.887584,,9.018355,0.901836,4e-06,0.942511,4.0,8.0,0.249505,0.0,0.249505,99.750495,76.061486,0.448089,1.630926,0.0,0.0
2026-08-29 10:53:34,23477.45,900095,4500,539.2303,561.7474,38.3,112.478424,0.0,224.994629,1.88897,,7.398154,0.739815,3e-06,1.502115,7.0,9.0,0.637556,0.0,0.637556,99.362444,75.529803,0.468337,1.514149,0.0,0.0
2026-08-29 10:53:48,23490.78,900607,4503,697.7706,563.0338,38.3,143.834183,-0.0,287.706146,1.888444,,9.696111,0.969611,3e-06,1.368293,7.0,10.0,2.036933,0.0,2.036933,97.963067,74.437326,0.429251,1.514149,0.0,0.0
2026-08-29 10:54:01,23504.2,901119,4505,599.3109,563.7627,38.3,118.058731,0.0,236.155228,1.888451,,8.694248,0.869425,1e-06,2.483662,9.0,10.0,6.650288,0.0,6.650288,93.349712,71.039745,0.421694,1.514149,0.0,0.0
2026-08-29 10:54:14,23517.59,901631,4508,382.8925,558.7105,38.3,74.857529,-0.0,149.752869,1.890563,,5.387399,0.53874,2e-06,1.962116,9.0,10.0,3.43867,0.0,3.43867,96.56133,72.932928,0.498722,1.514149,0.0,0.0
2026-08-29 10:54:28,23530.96,902143,4510,402.1076,555.8381,38.3,61.287323,-0.0,122.612427,1.888969,,5.662083,0.566208,2e-06,2.040714,9.0,10.0,3.805976,0.0,3.805976,96.194024,72.953471,0.479479,1.514149,0.0,0.0
2026-08-29 10:54:41,23544.31,902655,4513,367.3919,555.4225,38.3,83.456718,-0.0,166.951218,1.889026,,6.158631,0.615863,1e-06,2.569786,10.0,10.0,12.572512,0.0,12.572512,87.427488,65.172603,0.461738,1.514149,0.0,0.0
2026-08-29 10:54:54,23557.55,903167,4515,443.9493,556.1158,38.3,89.590561,-0.0,179.218903,1.888841,,6.248596,0.62486,2e-06,1.991705,9.0,10.0,3.968254,0.0,3.968254,96.031746,72.897744,0.470749,1.514149,0.0,0.0
2026-08-29 10:55:08,23570.69,903679,4518,591.3966,557.6399,38.3,113.672455,-0.0,227.382675,1.888073,,7.999171,0.799917,4e-06,1.04401,4.0,8.0,0.452192,0.0,0.452192,99.547808,76.486744,0.446086,1.514149,0.0,0.0
2026-08-29 10:55:21,23583.92,904191,4520,559.3415,558.676,38.3,80.340263,-0.0,160.718277,1.887216,,7.568362,0.756836,4e-06,0.933582,4.0,6.0,0.15598,0.0,0.15598,99.84402,76.849364,0.440242,1.514149,0.0,0.0
2026-08-29 10:55:34,23597.24,904703,4523,523.7924,560.9683,38.3,94.487038,0.0,189.011841,1.888227,,7.813907,0.781391,2e-06,2.647647,9.0,10.0,7.385484,0.0,7.385484,92.614516,69.769722,0.469518,1.514149,0.0,0.0
2026-08-29 10:55:47,23610.59,905215,4526,734.306,563.044,38.3,182.225174,-0.0,364.488098,1.887093,,10.855234,1.085523,2e-06,2.813148,10.0,10.0,6.909886,0.0,6.909886,93.090114,69.889049,0.436403,1.514149,0.0,0.0
2026-08-29 10:56:01,23623.84,905727,4528,489.1571,561.3558,38.3,93.833939,-0.0,187.705643,1.888591,,7.310082,0.731008,1e-06,1.867119,8.0,10.0,6.928582,0.0,6.928582,93.071418,70.105007,0.45057,1.514149,0.0,0.0
2026-08-29 10:56:14,23637.21,906239,4531,781.6667,560.3381,38.3,181.33905,0.0,362.715881,1.888389,,11.118134,1.111813,3e-06,1.406667,6.0,10.0,3.455116,0.0,3.455116,96.544884,73.637915,0.392842,1.514149,0.0,0.0
2026-08-29 10:56:27,23650.55,906751,4533,816.4161,561.9444,38.3,204.434326,0.0,408.906403,1.88778,,11.589213,1.158921,4e-06,1.030439,5.0,10.0,2.727225,0.0,2.727225,97.272775,73.791131,0.413839,1.514149,0.0,0.0
2026-08-29 10:56:41,23664.14,907263,4536,536.617,561.1579,38.3,138.681885,-0.0,277.40155,1.889542,,8.532417,0.853242,1e-06,2.552476,10.0,10.0,12.891002,0.0,12.891002,87.108998,64.223677,0.435799,1.514149,0.0,0.0
2026-08-29 10:56:54,23677.59,907775,4538,756.6161,562.6753,38.3,182.890274,-0.0,365.818329,1.889527,,11.435397,1.14354,2e-06,2.549594,10.0,10.0,11.8219,0.0,11.8219,88.1781,67.167036,0.438534,1.514149,0.0,0.0
2026-08-29 10:57:08,23691.09,908287,4541,620.9189,562.7855,38.3,171.51944,0.0,343.07666,1.889262,,9.36161,0.936161,1e-06,2.077203,9.0,10.0,7.654579,0.0,7.654579,92.345421,69.780412,0.430779,1.514149,0.0,0.0
2026-08-29 10:57:22,23704.65,908799,4544,511.5158,562.6054,38.3,90.635048,-0.0,181.307922,1.891087,,7.835123,0.783512,2e-06,1.785388,10.0,10.0,9.448112,0.0,9.448112,90.551888,68.822567,0.431191,1.514149,0.0,0.0
2026-08-29 10:57:35,23718.06,909311,4546,520.8018,561.0736,38.3,120.095192,0.0,240.228226,1.891716,,8.036321,0.803632,2e-06,1.801958,9.0,10.0,10.463756,0.0,10.463756,89.536244,67.487032,0.434548,1.514149,0.0,0.0
2026-08-29 10:57:48,23731.56,909823,4549,606.9294,559.5093,38.3,157.907837,0.0,315.853485,1.891273,,8.641442,0.864144,2e-06,2.11388,9.0,10.0,3.924154,0.0,3.924154,96.075846,72.18617,0.436653,1.514149,0.0,0.0
2026-08-29 10:58:02,23744.89,910335,4551,608.5417,562.0165,38.3,116.538857,0.0,233.115555,1.891884,,8.511252,0.851125,2e-06,1.86786,8.0,10.0,3.618255,0.0,3.618255,96.381745,73.276882,0.411697,1.514149,0.0,0.0
2026-08-29 10:58:15,23758.12,910847,4554,632.1188,565.4971,38.3,113.500999,-0.0,227.039841,1.892315,,8.400019,0.840002,3e-06,1.377671,6.0,9.0,0.381513,0.0,0.381513,99.618487,75.593504,0.403985,1.514149,0.0,0.0
2026-08-29 10:58:28,23771.23,911359,4556,777.9372,569.6229,38.3,207.41301,0.0,414.863861,1.891533,,10.95182,1.095182,5e-06,1.125062,6.0,9.0,1.429351,0.0,1.429351,98.570649,75.699327,0.418211,1.514149,0.0,0.0
2026-08-29 10:58:41,23784.54,911871,4559,762.1513,575.1103,38.3,196.57074,0.0,393.179352,1.894179,,11.189765,1.118976,2e-06,2.1226,9.0,10.0,8.660882,0.0,8.660882,91.339118,68.847712,0.411301,1.514149,0.0,0.0
2026-08-29 10:58:55,23797.78,912383,4561,653.3673,578.9397,38.3,141.565369,0.0,283.16861,1.892876,,9.912793,0.991279,2e-06,2.988645,10.0,10.0,12.268763,0.0,12.268763,87.731237,66.041138,0.42373,1.514149,0.0,0.0
2026-08-29 10:59:08,23811.02,912895,4564,762.6537,584.1307,38.3,180.721359,0.0,361.480621,1.894863,,10.906688,1.090669,2e-06,2.124505,9.0,10.0,7.040324,0.0,7.040324,92.959676,70.04984,0.418755,1.117581,0.0,0.0
2026-08-29 10:59:21,23824.33,913407,4567,826.4432,590.1418,38.3,208.19957,-0.0,416.437012,1.893759,,12.433792,1.243379,1e-06,2.749086,10.0,10.0,11.751519,0.0,11.751519,88.248481,66.425632,0.422831,1.117581,0.0,0.0
2026-08-29 10:59:35,23837.75,913919,4569,976.611,597.6394,38.3,309.299744,-0.0,618.63739,1.895085,,13.918302,1.39183,3e-06,1.412083,6.0,10.0,1.411472,0.0,1.411472,98.588528,74.728335,0.41348,1.117581,0.0,0.0
2026-08-29 10:59:48,23851.05,914431,4572,485.8822,598.8534,38.3,134.530991,-0.0,269.099915,1.897082,,6.479648,0.647965,4e-06,1.010585,4.0,8.0,0.200797,0.0,0.200797,99.799203,75.959242,0.494249,1.117581,0.0,0.0
2026-08-29 11:00:01,23864.4,914943,4574,664.0223,596.4665,38.3,123.51017,0.0,247.05838,1.902321,,9.255469,0.925547,3e-06,1.920929,8.0,10.0,3.825126,0.0,3.825126,96.174874,72.392788,0.412231,1.117581,0.0,0.0
2026-08-29 11:00:15,23877.83,915455,4577,781.4241,593.5858,38.3,199.962601,-0.0,399.963379,1.908274,,11.122137,1.112214,2e-06,2.312703,9.0,10.0,6.008831,0.0,6.008831,93.991169,71.259721,0.40968,1.117581,0.0,0.0
2026-08-29 11:00:28,23891.13,915967,4579,533.3924,588.668,38.3,100.52961,0.0,201.097488,1.913175,,7.341986,0.734199,3e-06,1.420773,7.0,10.0,3.095045,0.0,3.095045,96.904955,73.664132,0.459502,1.117581,0.0,0.0
2026-08-29 11:00:41,23904.43,916479,4582,282.5541,583.243,38.3,83.416145,-0.0,166.870651,1.918235,,4.273769,0.427377,3e-06,1.821478,9.0,10.0,8.005389,0.0,8.005389,91.994611,69.693264,0.540436,1.117581,0.0,0.0
2026-08-29 11:00:55,23917.78,916991,4584,653.2589,585.0734,38.3,125.048737,-0.0,250.135895,1.920796,,8.868709,0.886871,5e-06,1.325809,6.0,10.0,1.196547,0.0,1.196547,98.803453,75.126392,0.421184,1.117581,0.0,0.0
2026-08-29 11:01:08,23931.23,917503,4587,758.8401,588.8845,38.3,182.446686,0.0,364.931854,1.923892,,10.598763,1.059876,3e-06,1.691655,8.0,10.0,3.573372,0.0,3.573372,96.426628,72.786066,0.415738,1.117581,0.0,0.0
2026-08-29 11:01:21,23944.57,918015,4590,844.1682,591.0222,38.3,236.819412,0.0,473.677338,1.926254,,11.815379,1.181538,4e-06,1.434236,7.0,10.0,3.639371,0.0,3.639371,96.360629,72.454905,0.413119,1.117581,0.0,0.0
2026-08-29 11:01:35,23957.86,918527,4592,829.8084,594.2343,38.3,219.050415,-0.0,438.139404,1.928351,,11.830386,1.183039,2e-06,2.233225,10.0,10.0,6.268094,0.0,6.268094,93.731906,71.274925,0.459738,1.117581,0.0,0.0
2026-08-29 11:01:48,23971.15,919039,4595,831.4826,596.2113,38.3,227.138443,-0.0,454.315491,1.930935,,11.724792,1.172479,3e-06,1.554852,6.0,10.0,3.262097,0.0,3.262097,96.737903,73.687524,0.464042,1.117581,0.0,0.0
2026-08-29 11:02:01,23984.46,919551,4597,662.7734,595.201,38.3,121.430275,0.0,242.8992,1.932288,,9.205999,0.9206,2e-06,1.782109,8.0,10.0,4.451876,0.0,4.451876,95.548124,72.289489,0.446882,1.117581,0.0,0.0
2026-08-29 11:02:15,23997.78,920063,4600,612.6991,593.0444,38.3,149.879318,0.0,299.797333,1.934308,,8.500884,0.850088,2e-06,1.922664,9.0,10.0,3.979212,0.0,3.979212,96.020788,72.195214,0.454753,1.117581,0.0,0.0
2026-08-29 11:02:28,24011.15,920575,4602,742.914,592.9311,38.3,158.628677,0.0,317.296082,1.936097,,10.537674,1.053767,3e-06,1.760985,9.0,10.0,7.165775,0.0,7.165775,92.834225,70.628609,0.428676,1.117581,0.0,0.0
2026-08-29 11:02:41,24024.56,921087,4605,794.8411,597.4702,38.3,185.92305,0.0,371.884827,1.937049,,11.247062,1.124706,2e-06,1.915319,7.0,10.0,1.891719,0.0,1.891719,98.108281,73.828722,0.459279,1.117581,0.0,0.0
2026-08-29 11:02:55,24037.99,921599,4608,516.2841,597.2806,38.3,98.215706,0.0,196.470184,1.938336,,7.826078,0.782608,1e-06,2.88296,10.0,10.0,12.084178,0.0,12.084178,87.915822,66.763995,0.478958,1.117581,0.0,0.0
2026-08-29 11:03:08,24051.27,922111,4610,554.4853,596.3679,38.3,105.914467,0.0,211.867722,1.939573,,7.883032,0.788303,2e-06,1.683875,8.0,10.0,4.252653,0.0,4.252653,95.747347,72.949245,0.502069,1.117581,0.0,0.0
2026-08-29 11:03:22,24064.65,922623,4613,619.7328,596.9064,38.3,132.511673,0.0,265.062164,1.940647,,9.049824,0.904982,3e-06,1.80365,8.0,10.0,5.967082,0.0,5.967082,94.032918,70.877431,0.501706,1.117581,0.0,0.0
2026-08-29 11:03:35,24078.14,923135,4615,494.6706,597.6493,38.3,65.31636,-0.0,130.671539,1.940709,,7.29804,0.729804,1e-06,2.67611,10.0,10.0,9.436622,0.0,9.436622,90.563378,68.411953,0.457341,1.117581,0.0,0.0
2026-08-29 11:03:48,24091.52,923647,4618,491.8703,598.8399,38.3,112.162369,0.0,224.363556,1.940935,,7.088864,0.708886,1e-06,2.656869,10.0,10.0,7.026224,0.0,7.026224,92.973776,70.318535,0.482816,1.117581,0.0,0.0
2026-08-29 11:04:02,24104.93,924159,4620,501.4758,599.2382,38.3,76.234863,0.0,152.508652,1.94664,,6.945421,0.694542,2e-06,2.910864,10.0,10.0,4.772979,0.0,4.772979,95.227021,72.263675,0.484986,1.117581,0.0,0.0
2026-08-29 11:04:15,24118.33,924671,4623,431.3819,599.5838,38.3,85.48819,-0.0,171.015381,1.950219,,6.671124,0.667112,2e-06,2.45026,9.0,10.0,13.441293,0.0,13.441293,86.558707,64.323551,0.467947,1.117581,0.0,0.0
2026-08-29 11:04:29,24131.82,925183,4625,644.5226,599.9858,38.3,138.629776,0.0,277.298523,1.949108,,9.01935,0.901935,3e-06,2.474578,10.0,10.0,8.202391,0.0,8.202391,91.797609,68.645905,0.470285,0.669449,0.0,0.0
2026-08-29 11:04:42,24145.19,925695,4628,668.6705,602.5942,38.3,162.196213,-0.0,324.431427,1.950356,,9.769007,0.976901,1e-06,3.674641,10.0,10.0,16.167758,0.0,16.167758,83.832242,62.662389,0.469996,0.669449,0.0,0.0
2026-08-29 11:04:55,24158.49,926207,4631,755.1162,605.3444,38.3,181.825073,0.0,363.689117,1.948089,,10.32102,1.032102,5e-06,1.780474,9.0,10.0,5.026608,0.0,5.026608,94.973392,72.465665,0.434254,0.669449,0.0,0.0
2026-08-29 11:05:09,24171.74,926719,4633,436.2037,603.3478,38.3,107.220116,0.0,214.479172,1.947289,,6.133764,0.613376,3e-06,2.471105,10.0,10.0,8.734136,0.0,8.734136,91.265864,68.682785,0.550311,0.669449,0.0,0.0
2026-08-29 11:05:22,24185.03,927231,4636,438.19,602.2702,38.3,77.596321,-0.0,155.231583,1.946983,,5.787176,0.578718,5e-06,1.506542,6.0,9.0,1.056722,0.0,1.056722,98.943278,75.141954,0.54968,0.669449,0.0,0.0
2026-08-29 11:05:35,24198.28,927743,4638,486.7059,601.8802,38.3,84.216125,0.0,168.471146,1.944824,,6.71049,0.671049,5e-06,2.118722,10.0,10.0,7.677498,0.0,7.677498,92.322502,70.158859,0.500807,0.669449,0.0,0.0
2026-08-29 11:05:49,24211.62,928255,4641,289.3799,597.9763,38.3,91.756783,0.0,183.552536,1.94858,,4.709897,0.47099,1e-06,3.585928,10.0,10.0,21.459964,0.0,21.459964,78.540036,58.035186,0.573076,0.669449,0.0,0.0
2026-08-29 11:06:02,24225.03,928767,4643,321.8637,596.4401,38.3,80.982765,0.0,162.004456,1.946218,,5.4064,0.54064,1e-06,4.876524,10.0,10.0,26.120319,0.0,26.120319,73.879681,54.611864,0.510303,0.669449,0.0,0.0
2026-08-29 11:06:15,24238.28,929279,4646,773.9553,598.981,38.3,217.038162,-0.0,434.115204,1.943915,,10.716958,1.071696,5e-06,1.905984,9.0,10.0,4.988008,0.0,4.988008,95.011992,72.042437,0.480411,0.669449,0.0,0.0
2026-08-29 11:06:28,24251.55,929791,4648,926.5997,602.9008,38.3,274.825012,-0.0,549.688904,1.944825,,12.870053,1.287005,4e-06,2.23941,9.0,10.0,6.162556,0.0,6.162556,93.837444,71.654362,0.459544,0.669449,0.0,0.0
2026-08-29 11:06:42,24264.99,930303,4651,706.3878,604.0784,38.3,193.442581,-0.0,386.924072,1.945366,,9.791566,0.979157,2e-06,2.585332,9.0,10.0,9.842675,0.0,9.842675,90.157325,68.44954,0.469938,0.669449,0.0,0.0
2026-08-29 11:06:55,24278.44,930815,4654,736.6812,605.1915,38.3,218.644608,-0.0,437.328125,1.945183,,10.320743,1.032074,5e-06,2.007055,9.0,10.0,7.911088,0.0,7.911088,92.088912,69.796621,0.488615,0.669449,0.0,0.0
2026-08-29 11:07:09,24291.99,931327,4656,688.9441,609.2606,38.3,132.746201,-0.0,265.531311,1.945147,,9.434098,0.94341,3e-06,3.775392,10.0,10.0,7.611033,0.0,7.611033,92.388967,69.829943,0.481526,0.669449,0.0,0.0
2026-08-29 11:07:22,24305.57,931839,4659,611.6152,609.703,38.3,138.951141,0.0,277.941162,1.943938,,8.592958,0.859296,3e-06,2.87072,10.0,10.0,10.545837,0.0,10.545837,89.454163,66.540552,0.499496,0.669449,0.0,0.0
2026-08-29 11:07:36,24319.12,932351,4661,364.5617,607.9316,38.3,70.210892,-0.0,140.460693,1.945478,,4.969915,0.496992,3e-06,2.806968,9.0,10.0,5.361082,0.0,5.361082,94.638918,72.471647,0.593832,0.669449,0.0,0.0
2026-08-29 11:07:49,24332.57,932863,4664,340.1161,605.2974,38.3,102.265633,-0.0,204.570145,1.943871,,4.525714,0.452571,5e-06,2.212023,8.0,10.0,1.875073,0.0,1.875073,98.124927,74.012034,0.631429,0.669449,0.0,0.0
2026-08-29 11:08:03,24345.98,933375,4666,581.1521,604.8863,38.3,127.05629,0.0,254.151413,1.941806,,8.196711,0.819671,4e-06,2.395967,10.0,10.0,10.119191,0.0,10.119191,89.880809,68.228531,0.506261,0.669449,0.0,0.0
2026-08-29 11:08:16,24359.45,933887,4669,877.9777,605.3708,38.3,238.498398,0.0,477.035614,1.94126,,12.393362,1.239336,3e-06,2.629518,9.0,10.0,7.79426,0.0,7.79426,92.20574,68.668899,0.476088,0.669449,0.0,0.0
2026-08-29 11:08:30,24372.92,934399,4672,987.4617,609.7313,38.3,301.728912,0.0,603.496582,1.939231,,14.027473,1.402747,2e-06,3.661523,10.0,10.0,13.047064,0.0,13.047064,86.952936,64.890893,0.499642,0.669449,0.0,0.0
2026-08-29 11:08:43,24386.22,934911,4674,697.5428,613.6236,38.3,191.921555,0.0,383.881958,1.94183,,10.127898,1.01279,3e-06,2.602457,10.0,10.0,15.074616,0.0,15.074616,84.925384,63.748888,0.458481,0.669449,0.0,0.0
2026-08-29 11:08:56,24399.48,935423,4677,363.7709,613.4133,38.3,97.659615,-0.0,195.358078,1.942274,,5.435195,0.543519,4e-06,3.101391,10.0,10.0,14.842512,0.0,14.842512,85.157488,63.923909,0.619256,0.669449,0.0,0.0
2026-08-29 11:09:10,24412.81,935935,4679,369.516,611.8313,38.3,54.538635,0.0,109.116104,1.941535,,4.977395,0.497739,4e-06,2.121307,9.0,10.0,2.737038,0.0,2.737038,97.262962,74.627736,0.631288,0.669449,0.0,0.0
2026-08-29 11:09:23,24426.09,936447,4682,681.1333,610.4352,38.3,191.576508,0.0,383.191833,1.941312,,9.868069,0.986807,4e-06,2.501624,10.0,10.0,12.914386,0.0,12.914386,87.085614,65.201609,0.532357,0.669449,0.0,0.0
2026-08-29 11:09:36,24439.43,936959,4684,845.2135,611.6366,38.3,235.984619,-0.0,472.008057,1.940661,,12.269517,1.226952,5e-06,2.554416,10.0,10.0,9.430423,0.0,9.430423,90.569577,68.373775,0.514254,0.669449,0.0,0.0
2026-08-29 11:09:50,24452.88,937471,4687,672.1309,613.2945,38.3,150.321991,0.0,300.682861,1.943372,,9.540299,0.95403,5e-06,2.562465,10.0,10.0,12.342353,0.0,12.342353,87.657647,66.155663,0.517716,0.669449,0.0,0.0
2026-08-29 11:10:03,24466.17,937983,4689,680.5147,614.01,38.3,129.978668,0.0,259.996185,1.941795,,9.115415,0.911542,5e-06,1.961579,7.0,10.0,0.995132,0.0,0.995132,99.004868,75.216879,0.546876,0.819405,0.0,0.0
2026-08-29 11:10:16,24479.47,938495,4692,505.263,611.087,38.3,107.047249,0.0,214.133347,1.942754,,6.979331,0.697933,4e-06,2.710084,10.0,10.0,6.268001,0.0,6.268001,93.731999,69.591252,0.559075,0.819405,0.0,0.0
2026-08-29 11:10:30,24492.81,939007,4695,832.9512,611.0116,38.3,227.505569,0.0,455.05011,1.948149,,11.598808,1.159881,4e-06,2.987238,10.0,10.0,8.357098,0.0,8.357098,91.642902,68.232361,0.47625,0.819405,0.0,0.0
2026-08-29 11:10:43,24506.24,939519,4697,972.0953,615.2325,38.3,326.207214,0.0,652.453552,1.956421,,13.650622,1.365062,4e-06,2.292162,9.0,10.0,3.945298,0.0,3.945298,96.054702,71.582917,0.552236,0.819405,0.0,0.0
2026-08-29 11:10:57,24519.64,940031,4700,836.8409,617.6046,38.3,219.399612,0.0,438.83847,1.962762,,11.683122,1.168312,3e-06,2.50232,9.0,10.0,6.407642,0.0,6.407642,93.592358,70.621411,0.454453,0.819405,0.0,0.0
2026-08-29 11:11:10,24533.02,940543,4702,895.0144,622.4631,38.3,244.884262,-0.0,489.807922,1.970302,,12.106593,1.210659,5e-06,2.371037,9.0,10.0,3.808718,0.0,3.808718,96.191282,73.746576,0.431147,0.819405,0.0,0.0
2026-08-29 11:11:23,24546.41,941055,4705,585.4636,622.0338,38.3,151.005264,0.0,302.050018,1.974845,,7.982014,0.798201,5e-06,2.21228,8.0,10.0,2.570656,0.0,2.570656,97.429344,73.797261,0.526861,0.819405,0.0,0.0
2026-08-29 11:11:37,24559.82,941567,4707,768.4011,620.3922,38.3,160.716446,0.0,321.472473,1.978356,,10.546753,1.054675,5e-06,2.115147,8.0,10.0,4.297756,0.0,4.297756,95.702244,73.203371,0.497909,0.819405,0.0,0.0
2026-08-29 11:11:50,24573.17,942079,4710,714.3359,618.8667,38.3,152.573059,-0.0,305.185791,1.983131,,9.577425,0.957742,4e-06,2.282451,9.0,10.0,3.571636,0.0,3.571636,96.428364,73.873181,0.489308,0.819405,0.0,0.0
2026-08-29 11:12:03,24586.48,942591,4712,666.0064,618.998,38.3,139.735153,0.0,279.510071,1.987563,,9.001277,0.900128,4e-06,1.987016,7.0,10.0,2.030003,0.0,2.030003,97.969997,74.915645,0.527395,0.819405,0.0,0.0
2026-08-29 11:12:17,24599.8,943103,4715,438.5952,620.793,38.3,101.919968,-0.0,203.879761,1.9909,,5.88263,0.588263,6e-06,1.654405,7.0,10.0,1.070124,0.0,1.070124,98.929876,75.355175,0.596352,0.819405,0.0,0.0
2026-08-29 11:12:30,24613.11,943615,4718,408.4314,619.8888,38.3,131.016724,0.0,262.073334,1.994059,,5.549128,0.554913,6e-06,1.904549,9.0,10.0,3.520638,0.0,3.520638,96.479362,72.833853,0.5871,0.819405,0.0,0.0
2026-08-29 11:12:43,24626.49,944127,4720,365.0588,617.416,38.3,88.416367,-0.0,176.87265,1.996084,,6.041933,0.604193,4e-06,3.092375,10.0,10.0,23.582646,0.0,23.582646,76.417354,57.752061,0.510845,0.819405,0.0,0.0
2026-08-29 11:12:57,24639.83,944639,4723,486.1886,616.3207,38.3,107.803673,-0.0,215.647324,1.999136,,7.111926,0.711193,3e-06,3.044183,10.0,10.0,14.097755,0.0,14.097755,85.902245,64.906122,0.525569,0.819405,0.0,0.0
2026-08-29 11:13:10,24653.2,945151,4725,559.9997,616.5168,38.3,104.365837,0.0,208.771759,2.004276,,8.02341,0.802341,3e-06,2.92066,10.0,10.0,9.700305,0.0,9.700305,90.299695,67.873782,0.553478,0.819405,0.0,0.0
2026-08-29 11:13:23,24666.44,945663,4728,595.801,615.311,38.3,118.999031,-0.0,238.038239,2.008666,,8.705289,0.870529,5e-06,2.125484,9.0,10.0,7.371578,0.0,7.371578,92.628422,69.587367,0.590143,0.819405,0.0,0.0
2026-08-29 11:13:37,24679.75,946175,4730,533.247,616.0103,38.3,92.736107,-0.0,185.512497,2.014099,,7.861029,0.786103,3e-06,3.616765,10.0,10.0,12.7867,0.0,12.7867,87.2133,65.946582,0.521615,0.819405,0.0,0.0
2026-08-29 11:13:50,24693.05,946687,4733,613.3715,616.8397,38.3,137.087982,0.0,274.216309,2.017125,,8.300932,0.830093,6e-06,1.632462,7.0,10.0,2.671199,0.0,2.671199,97.328801,73.574682,0.541022,0.819405,0.0,0.0
2026-08-29 11:14:03,24706.51,947199,4736,385.7627,614.3332,38.3,73.891731,-0.0,147.823898,2.021706,,5.859233,0.585923,5e-06,2.70222,10.0,10.0,15.808442,0.0,15.808442,84.191558,62.903476,0.508907,0.819405,0.0,0.0
2026-08-29 11:14:17,24719.86,947711,4738,407.5815,611.1832,38.3,69.313225,-0.0,138.666946,2.024686,,5.39586,0.539586,5e-06,1.808282,7.0,10.0,1.299226,0.0,1.299226,98.700774,74.915127,0.585799,0.819405,0.0,0.0
2026-08-29 11:14:30,24733.35,948223,4741,404.1435,608.8735,38.3,113.07428,0.0,226.189117,2.027797,,6.248865,0.624887,2e-06,3.814284,10.0,10.0,18.19417,0.0,18.19417,81.80583,60.387857,0.533175,0.819405,0.0,0.0
2026-08-29 11:14:44,24746.89,948735,4743,498.6936,611.063,38.3,95.394371,0.0,190.82933,2.029456,,7.372098,0.73721,2e-06,3.631695,10.0,10.0,15.819569,0.0,15.819569,84.180431,63.686298,0.511357,0.819405,0.0,0.0
2026-08-29 11:14:57,24760.4,949247,4746,562.3761,612.9091,38.3,120.816437,0.0,241.673538,2.033081,,8.592967,0.859297,2e-06,4.52881,10.0,10.0,21.024435,0.0,21.024435,78.975565,58.725705,0.5134,0.819405,0.0,0.0
2026-08-29 11:15:11,24773.73,949759,4748,1038.8534,617.8065,38.3,331.11499,-0.0,662.27063,2.033914,,14.231438,1.423144,5e-06,1.930653,9.0,10.0,2.471527,0.0,2.471527,97.528473,74.137194,0.454117,0.819405,0.0,0.0
2026-08-29 11:15:24,24787.12,950271,4751,561.3774,618.0081,38.3,111.394203,0.0,222.829178,2.038899,,7.829161,0.782916,3e-06,2.751611,10.0,10.0,9.418821,0.0,9.418821,90.581179,67.320094,0.502258,0.715885,0.0,0.0
2026-08-29 11:15:37,24800.48,950783,4753,379.4834,615.3118,38.3,55.236843,-0.0,110.514503,2.04091,,5.157099,0.51571,4e-06,2.241212,9.0,10.0,4.280904,0.0,4.280904,95.719096,72.898665,0.605842,0.715885,0.0,0.0
2026-08-29 11:15:51,24813.9,951295,4756,376.8321,613.6878,38.3,85.330589,0.0,170.702042,2.04324,,5.249287,0.524929,4e-06,2.527294,10.0,10.0,5.858704,0.0,5.858704,94.141296,71.205119,0.571296,0.715885,0.0,0.0
2026-08-29 11:16:04,24827.11,951807,4759,516.25,611.8726,38.3,113.417152,-0.0,226.875244,2.046614,,6.823765,0.682376,4e-06,2.040559,8.0,10.0,1.382287,0.0,1.382287,98.617713,74.463907,0.511829,0.715885,0.0,0.0
2026-08-29 11:16:17,24840.55,952319,4761,317.6547,609.056,38.3,76.264549,-0.0,152.570099,2.050208,,4.75035,0.475035,2e-06,3.78654,10.0,10.0,13.087456,0.0,13.087456,86.912544,65.296068,0.606522,0.715885,0.0,0.0
2026-08-29 11:16:31,24853.92,952831,4764,540.0327,610.6274,38.3,105.270035,-0.0,210.5811,2.051668,,7.628833,0.762883,3e-06,3.045826,10.0,10.0,12.33926,0.0,12.33926,87.66074,65.023197,0.464444,0.715885,0.0,0.0
2026-08-29 11:16:44,24867.34,953343,4766,624.4444,612.8508,38.3,146.738297,0.0,293.51767,2.053323,,9.022727,0.902273,3e-06,2.95362,10.0,10.0,15.002792,0.0,15.002792,84.997208,64.709845,0.4947,0.715885,0.0,0.0
2026-08-29 11:16:58,24880.76,953855,4769,615.6602,615.3335,38.3,126.945816,0.0,253.932785,2.057281,,8.739233,0.873923,4e-06,2.453381,10.0,10.0,9.703282,0.0,9.703282,90.296718,67.350675,0.518556,0.715885,0.0,0.0
2026-08-29 11:17:11,24894.28,954367,4771,383.7624,614.7316,38.3,92.478676,-0.0,184.998566,2.060931,,5.704454,0.570445,3e-06,3.421611,10.0,10.0,15.092024,0.0,15.092024,84.907976,64.382574,0.558516,0.715885,0.0,0.0
2026-08-29 11:17:25,24907.77,954879,4774,308.3699,611.9014,38.3,124.17308,0.0,248.387451,2.064252,,4.653282,0.465328,3e-06,2.560909,10.0,10.0,12.337231,0.0,12.337231,87.662769,65.18837,0.621595,0.715885,0.0,0.0
2026-08-29 11:17:38,24921.23,955391,4776,282.0947,609.1289,38.3,92.171906,-0.0,184.385147,2.066834,,4.746698,0.47467,2e-06,3.426975,10.0,10.0,22.822731,0.0,22.822731,77.177269,58.259916,0.614112,0.715885,0.0,0.0
2026-08-29 11:17:52,24934.66,955903,4779,439.3947,608.2849,38.3,92.693085,0.0,185.427536,2.068288,,6.272913,0.627291,3e-06,3.044235,10.0,10.0,10.385866,0.0,10.385866,89.614134,67.849259,0.595357,0.715885,0.0,0.0
2026-08-29 11:18:05,24948.22,956415,4782,455.5449,605.4973,38.3,81.692909,-0.0,163.4272,2.069207,,6.433959,0.643396,4e-06,2.573339,10.0,10.0,8.640827,0.0,8.640827,91.359173,69.557847,0.606113,0.715885,0.0,0.0
2026-08-29 11:18:18,24961.55,956927,4784,479.0544,605.3963,38.3,66.624313,0.0,133.290054,2.071074,,6.370884,0.637088,6e-06,1.297405,5.0,9.0,0.742307,0.0,0.742307,99.257693,76.320784,0.569128,0.715885,0.0,0.0
2026-08-29 11:18:32,24974.92,957439,4787,431.7629,601.8972,38.3,97.374298,0.0,194.790085,2.074168,,5.815135,0.581514,5e-06,2.07746,9.0,10.0,4.049015,0.0,4.049015,95.950985,72.612705,0.557893,0.715885,0.0,0.0
2026-08-29 11:18:45,24988.35,957951,4789,529.0428,599.0235,38.3,105.078438,0.0,210.198395,2.075974,,7.525427,0.752543,4e-06,2.955202,10.0,10.0,11.253563,0.0,11.253563,88.746437,67.168894,0.497587,0.715885,0.0,0.0
2026-08-29 11:18:59,25001.72,958463,4792,568.9328,599.3467,38.3,130.18515,0.0,260.411835,2.077262,,8.202176,0.820218,3e-06,2.875051,10.0,10.0,12.678075,0.0,12.678075,87.321925,65.721772,0.492396,0.715885,0.0,0.0
2026-08-29 11:19:12,25015.06,958975,4794,700.7239,598.7877,38.3,180.75351,0.0,361.548615,2.080115,,9.684483,0.968448,3e-06,2.689812,10.0,10.0,7.132297,0.0,7.132297,92.867703,70.039462,0.50494,0.715885,0.0,0.0
2026-08-29 11:19:25,25028.43,959487,4797,538.3524,597.9621,38.3,146.547943,0.0,293.137543,2.082396,,7.611962,0.761196,5e-06,2.425987,10.0,10.0,10.756881,0.0,10.756881,89.243119,66.664831,0.50762,0.715885,0.0,0.0
2026-08-29 11:19:39,25041.89,959999,4800,203.7632,594.8845,38.3,98.739571,0.0,197.520874,2.08657,,4.446259,0.444626,1e-06,5.176397,10.0,10.0,37.956989,0.0,37.956989,62.043011,44.958068,0.53257,0.715885,0.0,0.0
2026-08-29 11:19:52,25055.12,960511,4802,511.353,594.7901,38.3,81.064377,0.0,162.170456,2.084823,,6.819002,0.6819,5e-06,1.824627,8.0,10.0,2.378243,0.0,2.378243,97.621757,73.653629,0.533259,0.715885,0.0,0.0
2026-08-29 11:20:05,25068.4,961023,4805,669.4821,595.4156,38.3,168.313538,-0.0,336.668793,2.085328,,9.327968,0.932797,3e-06,2.711369,10.0,10.0,10.305577,0.0,10.305577,89.694423,67.709906,0.493078,0.715885,0.0,0.0
2026-08-29 11:20:19,25081.75,961535,4807,514.5286,594.4755,38.3,120.649101,0.0,241.339951,2.087425,,6.958633,0.695863,4e-06,2.271168,9.0,10.0,4.360641,0.0,4.360641,95.639359,72.634622,0.53053,0.715885,0.0,0.0
2026-08-29 11:20:32,25095.02,962047,4810,657.7844,594.7321,38.3,141.985764,0.0,284.013275,2.087231,,9.104837,0.910484,5e-06,2.108893,9.0,10.0,8.2616,0.0,8.2616,91.7384,69.213762,0.420558,0.715885,0.0,0.0
2026-08-29 11:20:45,25108.3,962559,4812,903.6299,595.989,38.3,221.81015,-0.0,443.662018,2.08574,,12.307432,1.230743,4e-06,2.678265,9.0,10.0,5.481468,0.0,5.481468,94.518532,71.719293,0.457891,0.896466,0.0,0.0
2026-08-29 11:20:59,25121.63,963071,4815,556.9864,593.9374,38.3,121.466331,0.0,242.974411,2.087366,,7.834563,0.783456,5e-06,2.314967,10.0,10.0,8.177903,0.0,8.177903,91.822097,69.713052,0.535907,0.896466,0.0,0.0
2026-08-29 11:21:12,25134.83,963583,4817,480.078,592.2045,38.3,82.304199,0.0,164.650146,2.087654,,6.480824,0.648082,5e-06,2.127966,9.0,10.0,3.742169,0.0,3.742169,96.257831,73.433211,0.518097,0.896466,0.0,0.0
2026-08-29 11:21:25,25148.15,964095,4820,349.7394,588.0753,38.3,101.907219,-0.0,203.856216,2.088824,,5.501484,0.550148,1e-06,3.882928,10.0,10.0,15.389846,0.0,15.389846,84.610154,62.691378,0.57366,0.896466,0.0,0.0
2026-08-29 11:21:38,25161.55,964607,4823,573.5526,585.5464,38.3,125.671967,-0.0,251.385666,2.086801,,8.250369,0.825037,3e-06,2.709436,10.0,10.0,11.770678,0.0,11.770678,88.229322,66.599112,0.505764,0.896466,0.0,0.0
2026-08-29 11:21:52,25174.95,965119,4825,638.0397,582.1607,38.3,147.851654,-0.0,295.745056,2.086681,,8.58059,0.858059,6e-06,1.216447,5.0,8.0,0.448401,0.0,0.448401,99.551599,75.579865,0.529763,0.896466,0.0,0.0
2026-08-29 11:22:05,25188.42,965631,4828,391.3049,581.215,38.3,77.407585,0.0,154.856918,2.08768,,5.612749,0.561275,2e-06,3.075722,10.0,10.0,8.712392,0.0,8.712392,91.287608,68.082243,0.5314,0.896466,0.0,0.0
2026-08-29 11:22:19,25201.83,966143,4830,593.5732,580.5105,38.3,142.957291,-0.0,285.956299,2.086518,,8.399427,0.839943,6e-06,2.185228,10.0,10.0,7.909358,0.0,7.909358,92.090642,69.993042,0.515199,0.896466,0.0,0.0
2026-08-29 11:22:32,25215.22,966655,4833,921.4976,581.9112,38.3,280.228882,-0.0,560.499451,2.085183,,12.965859,1.296586,7e-06,1.061796,5.0,10.0,6.940508,0.0,6.940508,93.059492,70.556553,0.494518,0.896466,0.0,0.0
2026-08-29 11:22:46,25228.77,967167,4835,824.4455,584.8217,38.3,187.969559,0.0,375.980804,2.084308,,11.544852,1.154485,3e-06,3.473623,10.0,10.0,11.551089,0.0,11.551089,88.448911,66.629304,0.498236,0.896466,0.0,0.0
2026-08-29 11:22:59,25242.19,967679,4838,566.5895,587.6621,38.3,131.829224,0.0,263.700165,2.08582,,7.518915,0.751891,7e-06,1.506991,7.0,10.0,1.795383,0.0,1.795383,98.204617,74.5063,0.539514,0.896466,0.0,0.0
2026-08-29 11:23:13,25255.68,968191,4840,414.7675,585.2772,38.3,95.051857,-0.0,190.145432,2.086245,,6.260926,0.626093,2e-06,3.376894,10.0,10.0,14.004609,0.0,14.004609,85.995391,65.307749,0.528739,0.896466,0.0,0.0
2026-08-29 11:23:26,25269.24,968703,4843,506.0335,582.7491,38.3,113.71801,0.0,227.477768,2.087112,,7.297753,0.729775,3e-06,3.912721,10.0,10.0,11.957463,0.0,11.957463,88.042537,65.686813,0.530908,0.896466,0.0,0.0
2026-08-29 11:23:39,25282.5,969215,4846,650.3142,580.8106,38.3,192.06926,-0.0,384.180267,2.087003,,9.093625,0.909362,3e-06,2.52242,9.0,10.0,7.329461,0.0,7.329461,92.670539,69.68035,0.531985,0.896466,0.0,0.0
2026-08-29 11:23:53,25295.74,969727,4848,641.0858,578.9233,38.3,161.034622,-0.0,322.110992,2.087063,,9.137688,0.913769,4e-06,2.702756,10.0,10.0,10.748707,0.0,10.748707,89.251293,66.445553,0.523919,0.896466,0.0,0.0
2026-08-29 11:24:06,25308.97,970239,4851,788.8374,578.4969,38.3,267.160431,0.0,534.36261,2.086411,,11.350757,1.135076,5e-06,2.806104,10.0,10.0,7.942012,0.0,7.942012,92.057988,69.960586,0.600133,0.896466,0.0,0.0
2026-08-29 11:24:19,25322.24,970751,4853,696.9426,578.8386,38.3,190.828659,0.0,381.699066,2.088028,,9.535616,0.953562,7e-06,1.204499,5.0,10.0,1.172068,0.0,1.172068,98.827932,75.254651,0.528344,0.896466,0.0,0.0
2026-08-29 11:24:32,25335.56,971263,4856,377.5073,576.4867,38.3,110.571098,0.0,221.18399,2.089657,,5.189674,0.518967,4e-06,2.139701,9.0,10.0,4.43476,0.0,4.43476,95.56524,72.277212,0.621793,0.896466,0.0,0.0
2026-08-29 11:24:46,25348.95,971775,4858,556.2944,574.6205,38.3,139.178421,0.0,278.398651,2.090692,,8.030725,0.803073,4e-06,2.565296,10.0,10.0,11.799255,0.0,11.799255,88.200745,66.557015,0.54874,0.896466,0.0,0.0
2026-08-29 11:24:59,25362.44,972287,4861,629.665,572.9687,38.3,130.998474,0.0,262.038727,2.089423,,9.123467,0.912347,3e-06,2.600145,10.0,10.0,12.873034,0.0,12.873034,87.126966,65.600896,0.483187,0.896466,0.0,0.0
2026-08-29 11:25:13,25375.8,972799,4864,703.642,574.8423,38.3,158.422348,0.0,316.886475,2.089041,,9.346276,0.934628,6e-06,1.747456,8.0,10.0,1.795707,0.0,1.795707,98.204293,74.900873,0.465301,0.896466,0.0,0.0
2026-08-29 11:25:26,25389.2,973311,4866,542.3089,574.7205,38.3,136.576782,-0.0,273.195374,2.090153,,7.778898,0.77789,5e-06,2.322461,10.0,10.0,9.434862,0.0,9.434862,90.565138,67.606337,0.525271,0.896466,0.0,0.0
2026-08-29 11:25:40,25402.62,973823,4869,591.9704,574.4429,38.3,148.015335,-0.0,296.072479,2.090976,,8.281121,0.828112,5e-06,1.954019,9.0,10.0,7.654481,0.0,7.654481,92.345519,69.309649,0.528154,0.896466,0.0,0.0
2026-08-29 11:25:53,25416.19,974335,4871,386.6075,573.3623,38.3,86.568932,-0.0,173.179657,2.090065,,6.521848,0.652185,2e-06,4.010297,10.0,10.0,24.512217,0.0,24.512217,75.487783,56.499956,0.556667,0.896466,0.0,0.0
2026-08-29 11:26:07,25429.61,974847,4874,533.7104,573.7807,38.3,168.249191,0.0,336.540192,2.090423,,8.3467,0.83467,3e-06,2.763202,10.0,10.0,21.035277,0.0,21.035277,78.964723,58.83901,0.545475,0.896466,0.0,0.0
2026-08-29 11:26:20,25443.03,975359,4876,779.2579,576.5585,38.3,180.888153,-0.0,361.818085,2.088966,,11.191549,1.119155,3e-06,2.97505,10.0,10.0,12.689776,0.0,12.689776,87.310224,66.357487,0.485269,0.974931,0.0,0.0
2026-08-29 11:26:33,25456.36,975871,4879,685.4476,579.0991,38.3,136.961395,0.0,273.964569,2.089537,,9.663337,0.966334,4e-06,2.584454,10.0,10.0,8.07071,0.0,8.07071,91.92929,69.530233,0.495079,0.974931,0.0,0.0
2026-08-29 11:26:47,25469.91,976383,4881,553.4016,578.1879,38.3,120.555351,-0.0,241.152496,2.089966,,7.430749,0.743075,5e-06,2.216044,9.0,10.0,2.887422,0.0,2.887422,97.112578,73.785519,0.503409,0.974931,0.0,0.0
2026-08-29 11:27:00,25483.27,976895,4884,640.6576,577.9078,38.3,173.278732,-0.0,346.599274,2.090417,,8.970808,0.897081,4e-06,2.726451,10.0,10.0,6.745947,0.0,6.745947,93.254053,70.070799,0.539611,0.974931,0.0,0.0
2026-08-29 11:27:13,25496.52,977407,4887,714.7655,577.5043,38.3,175.178085,-0.0,350.39801,2.091605,,10.566762,1.056676,3e-06,2.673899,10.0,10.0,15.915681,0.0,15.915681,84.084319,63.32361,0.455825,0.974931,0.0,0.0
2026-08-29 11:27:27,25509.94,977919,4889,739.5163,580.5374,38.3,185.78566,0.0,371.613159,2.09165,,10.373512,1.037351,4e-06,2.316367,10.0,10.0,7.832312,0.0,7.832312,92.167688,68.957485,0.462388,0.974931,0.0,0.0
2026-08-29 11:27:40,25523.19,978431,4892,543.2108,581.5876,38.3,180.919159,0.0,361.880188,2.094148,,7.974147,0.797415,4e-06,2.003761,9.0,10.0,11.411672,0.0,11.411672,88.588328,66.285702,0.5544,0.974931,0.0,0.0
2026-08-29 11:27:53,25536.48,978943,4894,643.6775,583.1573,38.3,119.770599,0.0,239.583038,2.092122,,8.987633,0.898763,5e-06,2.485107,10.0,10.0,7.841503,0.0,7.841503,92.158497,69.961467,0.4958,0.974931,0.0,0.0
2026-08-29 11:28:07,25549.83,979455,4897,578.7324,586.0509,38.3,112.900665,-0.0,225.843185,2.092926,,8.042848,0.804285,6e-06,2.120143,10.0,10.0,6.067892,0.0,6.067892,93.932108,70.682707,0.505603,0.974931,0.0,0.0
2026-08-29 11:28:20,25563.21,979967,4899,477.0723,587.603,38.3,93.297134,0.0,186.636139,2.093729,,7.302715,0.730272,3e-06,3.085999,10.0,10.0,15.899878,0.0,15.899878,84.100122,63.399039,0.53222,0.974931,0.0,0.0
2026-08-29 11:28:33,25576.55,980479,4902,486.1204,584.7246,38.3,99.127907,0.0,198.29776,2.09719,,7.057275,0.705728,3e-06,3.227366,10.0,10.0,11.187721,0.0,11.187721,88.812279,66.48908,0.494487,0.974931,0.0,0.0
2026-08-29 11:28:47,25589.92,980991,4904,419.4125,579.6527,38.3,109.408501,0.0,218.858994,2.09987,,6.233692,0.623369,6e-06,2.687903,10.0,10.0,11.652959,0.0,11.652959,88.347041,66.542859,0.566939,0.974931,0.0,0.0
2026-08-29 11:29:00,25603.16,981503,4907,446.5422,577.0543,38.3,88.339172,-0.0,176.720352,2.100367,,6.625725,0.662572,5e-06,2.221127,10.0,10.0,11.076737,0.0,11.076737,88.923263,66.670058,0.551067,0.974931,0.0,0.0
2026-08-29 11:29:13,25616.31,982015,4910,665.2877,576.3403,38.3,180.816483,0.0,361.675018,2.103412,,8.966226,0.896623,6e-06,1.686292,8.0,10.0,2.470661,0.0,2.470661,97.529339,73.760255,0.533443,0.974931,0.0,0.0
2026-08-29 11:29:27,25629.65,982527,4912,611.5025,575.5659,38.3,135.846878,0.0,271.735901,2.107952,,8.346969,0.834697,5e-06,1.980167,9.0,10.0,3.01191,0.0,3.01191,96.98809,72.958252,0.526985,0.974931,0.0,0.0
2026-08-29 11:29:40,25643.08,983039,4915,734.322,576.793,38.3,193.254807,-0.0,386.551819,2.109606,,10.290478,1.029048,7e-06,1.797022,10.0,10.0,7.312124,0.0,7.312124,92.687876,68.627956,0.458969,0.974931,0.0,0.0
2026-08-29 11:29:53,25656.5,983551,4917,486.1778,578.0092,38.3,100.771812,-0.0,201.585892,2.113187,,7.64078,0.764078,3e-06,3.617372,10.0,10.0,20.004319,0.0,20.004319,79.995681,59.989089,0.543435,0.974931,0.0,0.0
2026-08-29 11:30:07,25669.92,984063,4920,447.1107,579.0791,38.3,128.461151,0.0,256.96463,2.116332,,6.338663,0.633866,3e-06,2.900882,10.0,10.0,6.91017,0.0,6.91017,93.08983,69.368687,0.615125,0.974931,0.0,0.0
2026-08-29 11:30:20,25683.32,984575,4922,399.7262,577.2648,38.3,74.487442,-0.0,149.017258,2.118421,,6.233447,0.623345,2e-06,3.586321,10.0,10.0,13.905199,0.0,13.905199,86.094801,63.767236,0.544411,0.974931,0.0,0.0
2026-08-29 11:30:34,25696.82,985087,4925,701.5138,575.5002,38.3,200.260773,0.0,400.563934,2.119582,,9.506122,0.950612,3e-06,2.678036,9.0,10.0,2.646683,0.0,2.646683,97.353317,72.451172,0.507199,0.974931,0.0,0.0
2026-08-29 11:30:47,25710.24,985599,4928,583.4498,571.4601,38.3,117.983719,0.0,236.009842,2.119887,,8.045657,0.804566,5e-06,2.723257,10.0,10.0,6.278913,0.0,6.278913,93.721087,70.848551,0.513477,0.974931,0.0,0.0
2026-08-29 11:31:00,25723.53,986111,4930,550.5711,569.9904,38.3,105.129936,0.0,210.302322,2.12271,,7.7454,0.77454,5e-06,2.115632,10.0,10.0,7.378789,0.0,7.378789,92.621211,69.447852,0.513004,0.974931,0.0,0.0
2026-08-29 11:31:14,25736.76,986623,4933,902.2346,575.375,38.3,252.983032,-0.0,506.008514,2.12301,,12.48865,1.248865,6e-06,1.417581,8.0,10.0,2.532293,0.0,2.532293,97.467707,74.032889,0.492792,0.974931,0.0,0.0
2026-08-29 11:31:27,25750.03,987135,4935,754.3953,579.2238,38.3,175.714203,-0.0,351.470917,2.12576,,11.001485,1.100149,3e-06,2.57385,10.0,10.0,12.678351,0.0,12.678351,87.321649,65.455921,0.507773,0.974931,0.0,0.0
2026-08-29 11:31:40,25763.25,987647,4938,809.2137,580.5046,38.3,233.720703,-0.0,467.483948,2.126969,,11.486281,1.148628,5e-06,1.823078,9.0,10.0,6.923052,0.0,6.923052,93.076948,70.818721,0.492879,0.947045,0.0,0.0
2026-08-29 11:31:53,25776.58,988159,4940,705.538,579.1079,38.3,158.671127,0.0,317.384796,2.126931,,10.093723,1.009372,3e-06,2.964939,10.0,10.0,12.261554,0.0,12.261554,87.738446,66.419983,0.507216,0.947045,0.0,0.0
2026-08-29 11:32:07,25789.96,988671,4943,583.3264,578.2198,38.3,126.241074,-0.0,252.524704,2.128129,,7.863016,0.786302,7e-06,1.311446,7.0,10.0,2.327584,0.0,2.327584,97.672416,73.821458,0.54813,0.947045,0.0,0.0
2026-08-29 11:32:20,25803.39,989183,4945,486.9598,576.2843,38.3,71.653511,0.0,143.34964,2.131057,,6.987447,0.698745,3e-06,2.646074,10.0,10.0,10.012746,0.0,10.012746,89.987254,67.685903,0.519716,0.947045,0.0,0.0
2026-08-29 11:32:34,25816.78,989695,4948,421.5868,575.4475,38.3,107.969826,0.0,215.9823,2.132249,,6.045501,0.60455,4e-06,2.179238,9.0,10.0,8.751282,0.0,8.751282,91.248718,68.736719,0.488551,0.947045,0.0,0.0
2026-08-29 11:32:47,25830.27,990207,4951,446.5887,571.5839,38.3,122.138618,0.0,244.319931,2.134338,,7.278844,0.727884,4e-06,3.071479,10.0,10.0,23.160477,0.0,23.160477,76.839523,57.820457,0.499528,0.947045,0.0,0.0
2026-08-29 11:33:01,25843.79,990719,4953,654.7162,568.4101,38.3,129.880157,-0.0,259.802979,2.133565,,8.837227,0.883723,4e-06,2.687515,9.0,10.0,4.145994,0.0,4.145994,95.854006,73.117427,0.525062,0.947045,0.0,0.0
2026-08-29 11:33:14,25857.29,991231,4956,750.0347,567.542,38.3,166.35434,0.0,332.751373,2.134982,,10.398214,1.039821,5e-06,1.594201,9.0,10.0,4.882996,0.0,4.882996,95.117004,72.113427,0.534287,0.947045,0.0,0.0
2026-08-29 11:33:28,25870.69,991743,4958,834.6608,566.9385,38.3,174.097626,0.0,348.238007,2.138142,,11.563359,1.156336,5e-06,1.868224,9.0,10.0,7.188199,0.0,7.188199,92.811801,71.239935,0.448631,0.947045,0.0,0.0
2026-08-29 11:33:41,25884.19,992255,4961,491.449,565.9983,38.3,93.474983,-0.0,186.992798,2.141381,,7.808914,0.780891,3e-06,2.737108,10.0,10.0,20.547138,0.0,20.547138,79.452862,59.933204,0.487689,0.947045,0.0,0.0
2026-08-29 11:33:54,25897.59,992767,4963,570.1916,564.0162,38.3,92.715363,-0.0,185.473557,2.141838,,8.020796,0.80208,4e-06,2.721361,10.0,10.0,8.668483,0.0,8.668483,91.331517,69.391245,0.501929,0.947045,0.0,0.0
2026-08-29 11:34:08,25910.89,993279,4966,643.5545,563.3084,38.3,116.450523,0.0,232.943893,2.142334,,8.783467,0.878347,6e-06,1.678741,8.0,10.0,3.596906,0.0,3.596906,96.403094,72.895052,0.490696,0.947045,0.0,0.0
2026-08-29 11:34:21,25924.18,993791,4968,788.6145,564.5345,38.3,188.237152,0.0,376.517181,2.144298,,10.9783,1.09783,5e-06,1.884391,9.0,10.0,5.494835,0.0,5.494835,94.505165,71.658796,0.544484,0.947045,0.0,0.0
2026-08-29 11:34:35,25937.61,994303,4971,524.9367,565.3979,38.3,177.155273,0.0,354.353485,2.146699,,7.800619,0.780062,3e-06,2.925131,10.0,10.0,12.964166,0.0,12.964166,87.035834,65.058276,0.595842,0.947045,0.0,0.0
2026-08-29 11:34:48,25950.88,994815,4974,537.2587,566.6862,38.3,116.443001,0.0,232.928909,2.145173,,7.628911,0.762891,4e-06,2.603603,10.0,10.0,8.76907,0.0,8.76907,91.23093,68.7597,0.523523,0.947045,0.0,0.0
2026-08-29 11:35:01,25964.31,995327,4976,460.635,567.642,38.3,89.411499,-0.0,178.865967,2.148367,,7.357883,0.735788,2e-06,4.48543,10.0,10.0,20.848054,0.0,20.848054,79.151946,58.794234,0.505967,0.947045,0.0,0.0
2026-08-29 11:35:15,25977.66,995839,4979,707.4123,569.8542,38.3,125.783211,0.0,251.609421,2.150073,,10.179238,1.017924,3e-06,3.439027,10.0,10.0,12.801487,0.0,12.801487,87.198513,65.14176,0.485898,0.947045,0.0,0.0
2026-08-29 11:35:28,25990.99,996351,4981,910.7388,573.3616,38.3,223.683182,0.0,447.409393,2.151207,,12.717139,1.271714,4e-06,2.015754,9.0,10.0,4.714793,0.0,4.714793,95.285207,71.889672,0.468864,0.947045,0.0,0.0
2026-08-29 11:35:41,26004.24,996863,4984,709.3713,574.4973,38.3,185.547943,-0.0,371.138977,2.15413,,9.934942,0.993494,6e-06,1.940887,10.0,10.0,7.725223,0.0,7.725223,92.274777,69.083559,0.495362,0.947045,0.0,0.0
2026-08-29 11:35:54,26017.46,997375,4986,296.7071,572.1319,38.3,102.55938,-0.0,205.161865,2.155627,,4.777753,0.477775,6e-06,1.923753,10.0,10.0,14.676392,0.0,14.676392,85.323608,64.184833,0.62932,0.947045,0.0,0.0
2026-08-29 11:36:08,26030.76,997887,4989,305.867,569.0568,38.3,118.780167,-0.0,237.60347,2.157191,,4.559445,0.455944,4e-06,3.148175,10.0,10.0,9.620698,0.0,9.620698,90.379302,67.607043,0.638849,0.947045,0.0,0.0
2026-08-29 11:36:21,26044.12,998399,4992,649.8491,571.6977,38.3,146.557175,-0.0,293.157501,2.157575,,9.980069,0.998007,2e-06,3.550948,10.0,10.0,21.742896,0.0,21.742896,78.257104,58.726396,0.494071,0.947045,0.0,0.0
2026-08-29 11:36:34,26057.5,998911,4994,655.4774,574.1767,38.3,139.401978,-0.0,278.847137,2.158818,,9.078548,0.907855,5e-06,2.062521,9.0,10.0,7.781906,0.0,7.781906,92.218094,69.507161,0.475704,0.947045,0.0,0.0
2026-08-29 11:36:48,26070.92,999423,4997,542.1334,575.5566,38.3,111.106682,0.0,222.256546,2.159473,,7.436512,0.743651,3e-06,3.244062,10.0,10.0,5.671958,0.0,5.671958,94.328042,70.801738,0.48912,0.947045,0.0,0.0
2026-08-29 11:37:01,26084.39,999935,4999,795.1357,578.521,38.3,182.033997,0.0,364.111176,2.159342,,10.795747,1.079575,4e-06,2.310462,9.0,10.0,3.955421,0.0,3.955421,96.044579,72.589184,0.472215,0.947045,0.0,0.0
