wall_time,elapsed_sec,step,episode,ep_reward,ep_reward_ma100,sps,loss,policy_loss,value_loss,entropy,epsilon,embb_mbps_mean,spectral_eff_bps_hz,embb_p5_mbps,urllc_delay_ms_mean,urllc_delay_p95,urllc_delay_p99,urllc_drop_late_pct,urllc_drop_overflow_pct,sla_violation_pct,sla_satisfaction_pct,timely_throughput_mbps,jains_fairness,lam
2026-08-12 07:26:20,0.31,199,1,63.512,63.512,638.1,,,,,1.0,4.562801,0.45628,2e-06,6.407633,10.0,10.0,37.157795,0.0,37.157795,62.842205,45.309377,0.646382,1.0
2026-08-12 07:26:20,0.59,399,2,186.6894,125.1007,681.9,,,,,1.0,6.866683,0.686668,5e-06,2.645347,10.0,10.0,10.202317,0.0,10.202317,89.797683,68.064617,0.489544,1.0
2026-08-12 07:26:20,0.83,599,3,180.9557,143.719,721.3,,,,,1.0,6.892504,0.68925,7e-06,1.030025,10.0,10.0,11.552772,0.0,11.552772,88.447228,67.450847,0.553304,1.0
2026-08-12 07:26:21,1.15,799,4,128.6621,139.9548,697.1,,,,,1.0,6.379545,0.637954,2e-06,6.137578,10.0,10.0,32.408457,0.0,32.408457,67.591543,49.068841,0.586418,1.0
2026-08-12 07:26:22,2.06,999,5,203.441,152.652,484.0,0.542375,,,,0.9995,8.019704,0.80197,2e-06,4.387818,10.0,10.0,17.556222,0.0,17.556222,82.443778,61.051097,0.559763,1.0
2026-08-12 07:27:36,76.85,1199,6,235.4094,166.4449,15.6,511.050354,,,,0.904362,8.516592,0.851659,6e-06,1.136187,9.0,10.0,9.978464,0.0,9.978464,90.021536,68.164904,0.495977,1.0
2026-08-12 07:28:51,151.75,1399,7,258.0173,179.5267,9.2,11362.383789,,,,0.81828,8.917881,0.891788,9e-06,0.317717,2.0,3.0,0.0,0.0,0.0,100.0,76.256,0.542345,1.0
2026-08-12 07:30:06,226.0,1599,8,323.6306,197.5397,7.1,66980.703125,,,,0.740392,11.547474,1.154747,8e-06,0.841539,7.0,10.0,0.173098,0.0,0.173098,99.826902,75.845007,0.589082,1.0
2026-08-12 07:31:20,300.69,1799,9,168.8825,194.3556,6.0,243983.421875,,,,0.669918,6.657334,0.665733,5e-06,2.548466,10.0,10.0,13.974342,0.0,13.974342,86.025658,63.998309,0.656225,1.0
2026-08-12 07:32:35,375.77,1999,10,137.6609,188.6861,5.3,871256.875,,,,0.606152,6.451183,0.645118,1.3e-05,1.756764,10.0,10.0,25.043739,0.0,25.043739,74.956261,55.657566,0.707865,1.0
2026-08-12 07:33:50,450.22,2199,11,198.866,189.6115,4.9,2498972.0,,,,0.548455,6.974455,0.697446,9e-06,1.276896,7.0,9.0,0.0,0.0,0.0,100.0,75.849455,0.761511,1.0
2026-08-12 07:35:05,524.94,2399,12,45.1961,177.5769,4.6,5769967.5,,,,0.49625,3.969438,0.396944,3.9e-05,0.608772,2.0,10.0,34.481312,0.0,34.481312,65.518688,48.426371,0.744114,1.0
2026-08-12 07:36:20,599.99,2599,13,169.0999,176.9248,4.3,9415716.0,,,,0.449014,5.929092,0.592909,4e-05,0.931897,6.0,9.0,0.055164,0.0,0.055164,99.944836,76.140323,0.811379,1.0
2026-08-12 07:37:34,674.79,2799,14,82.2822,170.1647,4.1,17428748.0,,,,0.406275,4.780268,0.478027,3.7e-05,4.338945,10.0,10.0,24.102333,0.0,24.102333,75.897667,55.975539,0.821959,1.0
2026-08-12 07:38:50,750.12,2999,15,168.4116,170.0478,4.0,24299724.0,,,,0.367604,6.200537,0.620054,3.8e-05,0.719856,6.0,7.0,0.0,0.0,0.0,100.0,77.040444,0.86192,1.0
2026-08-12 07:40:05,825.21,3199,16,213.0121,172.7331,3.9,37218600.0,,,,0.332613,9.468752,0.946875,3.8e-05,0.046866,0.0,1.0,0.0,0.0,0.0,100.0,77.32009,0.82738,1.0
2026-08-12 07:41:20,899.98,3399,17,124.4266,169.8915,3.8,47703040.0,,,,0.300953,4.778597,0.47786,3.9e-05,1.47024,10.0,10.0,3.988203,0.0,3.988203,96.011797,73.430817,0.881662,1.0
2026-08-12 07:42:34,974.8,3599,18,-54.3434,157.434,3.7,56176040.0,,,,0.272307,1.858704,0.18587,3.7e-05,5.260148,10.0,10.0,54.750493,0.0,54.750493,45.249507,31.993798,0.866208,1.0
2026-08-12 07:43:49,1049.87,3799,19,67.3314,152.6918,3.6,59468096.0,,,,0.246387,3.034299,0.30343,3.8e-05,1.840186,10.0,10.0,11.49932,0.0,11.49932,88.50068,67.025015,0.916417,1.0
2026-08-12 07:45:05,1124.97,3999,20,39.4806,147.0312,3.6,67294216.0,,,,0.222935,3.598179,0.359818,3.6e-05,1.097505,10.0,10.0,29.176643,0.0,29.176643,70.823357,52.905434,0.869512,1.0
2026-08-12 07:46:19,1199.67,4199,21,98.6809,144.7288,3.5,71327224.0,,,,0.201715,3.811028,0.381103,3.8e-05,0.033203,0.0,1.0,0.0,0.0,0.0,100.0,76.7552,0.936805,1.0
2026-08-12 07:47:34,1274.78,4399,22,55.7503,140.6843,3.5,70953936.0,,,,0.182515,2.495988,0.249599,3.7e-05,1.156279,10.0,10.0,8.186716,0.0,8.186716,91.813284,69.917968,0.936832,1.0
2026-08-12 07:48:50,1350.16,4599,23,17.4864,135.3279,3.4,65892356.0,,,,0.165142,1.719109,0.171911,3.8e-05,4.202841,10.0,10.0,17.39029,0.0,17.39029,82.60971,61.626763,0.938421,1.0
2026-08-12 07:50:04,1424.89,4799,24,59.0006,132.1476,3.4,51067264.0,,,,0.149423,2.283106,0.228311,3.9e-05,0.017738,0.0,1.0,0.0,0.0,0.0,100.0,76.6336,0.966575,1.0
2026-08-12 07:51:20,1500.08,4999,25,64.58,129.4449,3.3,48883844.0,,,,0.1352,2.293529,0.229353,3.9e-05,0.063967,1.0,1.0,0.0,0.0,0.0,100.0,76.55936,0.949272,1.0
2026-08-12 07:52:35,1575.37,5199,26,98.2803,128.2463,3.3,38236876.0,,,,0.122331,3.854188,0.385419,3.7e-05,0.034154,0.0,1.0,0.0,0.0,0.0,100.0,76.9408,0.936174,1.0
2026-08-12 07:53:50,1650.49,5399,27,12.5957,123.9629,3.3,47292168.0,,,,0.110687,2.490996,0.2491,3.7e-05,1.574762,10.0,10.0,27.098989,0.0,27.098989,72.901011,54.46361,0.926304,1.0
2026-08-12 07:55:05,1725.57,5599,28,39.277,120.9384,3.2,30547378.0,,,,0.100151,1.562443,0.156244,3.8e-05,0.017299,0.0,1.0,0.0,0.0,0.0,100.0,76.72832,0.968543,1.0
2026-08-12 07:56:20,1800.86,5799,29,55.8161,118.6928,3.2,19188116.0,,,,0.090618,2.488884,0.248888,3.7e-05,0.011637,0.0,1.0,0.0,0.0,0.0,100.0,76.99456,0.974228,1.0
2026-08-12 07:57:35,1875.79,5999,30,44.5058,116.2199,3.2,25901110.0,,,,0.081993,3.507322,0.350732,3.7e-05,1.449664,10.0,10.0,27.16859,0.0,27.16859,72.83141,54.717609,0.861551,1.0
2026-08-12 07:58:50,1950.76,6199,31,185.8604,118.4664,3.2,13302648.0,,,,0.074188,6.501205,0.650121,1.949,1.41491,10.0,10.0,1.310989,0.0,1.310989,98.689011,75.112689,0.754336,1.0
2026-08-12 08:00:06,2026.05,6399,32,107.5195,118.1243,3.2,10862468.0,,,,0.067127,4.535599,0.45356,1.94495,2.431363,10.0,10.0,13.658707,0.0,13.658707,86.341293,65.141214,0.841876,1.0
2026-08-12 08:01:20,2100.92,6599,33,122.3427,118.2521,3.1,9618494.0,,,,0.060737,5.256916,0.525692,1.945,2.771556,10.0,10.0,17.902135,0.0,17.902135,82.097865,61.63179,0.68334,1.0
2026-08-12 08:02:35,2175.83,6799,34,125.1717,118.4556,3.1,5385314.0,,,,0.054956,6.785536,0.678554,0.4423,1.600517,10.0,10.0,39.174711,0.0,39.174711,60.825289,42.885721,0.572913,1.0
2026-08-12 08:03:51,2251.04,6999,35,63.9346,116.8979,3.1,4230705.0,,,,0.05,6.208592,0.620859,1.934,3.617584,10.0,10.0,61.118312,0.0,61.118312,38.881688,27.680571,0.639596,1.0
2026-08-12 08:05:06,2326.34,7199,36,150.9394,117.8435,3.1,1439554.25,,,,0.05,7.983836,0.798384,1.94,8.058596,10.0,10.0,45.085824,0.0,45.085824,54.914176,38.738289,0.51927,1.0
2026-08-12 08:06:21,2401.27,7399,37,222.9442,120.684,3.1,807161.875,,,,0.05,8.343463,0.834346,1.93695,3.085999,10.0,10.0,14.037528,0.0,14.037528,85.962472,65.811048,0.66661,1.0
2026-08-12 08:07:36,2476.4,7599,38,205.6624,122.9203,3.1,993198.125,,,,0.05,7.234646,0.723465,1.93595,1.312087,10.0,10.0,5.881185,0.0,5.881185,94.118815,72.068866,0.550032,1.0
2026-08-12 08:08:51,2551.57,7799,39,325.1873,128.1067,3.1,351803.5625,,,,0.05,11.386207,1.138621,1.93695,2.457126,10.0,10.0,6.191335,0.0,6.191335,93.808665,70.296904,0.522808,1.0
2026-08-12 08:10:06,2626.51,7999,40,195.3127,129.7868,3.0,289621.9375,,,,0.05,9.417643,0.941764,1.592605,6.116363,10.0,10.0,44.226507,0.0,44.226507,55.773493,40.458801,0.588099,1.0
2026-08-12 08:11:21,2701.45,8199,41,243.4201,132.5583,3.0,258774.296875,,,,0.05,9.804124,0.980412,1.94495,6.388965,10.0,10.0,26.109224,0.0,26.109224,73.890776,54.237511,0.677554,1.0
2026-08-12 08:12:36,2776.65,8399,42,335.0749,137.3802,3.0,120786.640625,,,,0.05,11.926879,1.192688,1.938,3.427059,10.0,10.0,11.786877,0.0,11.786877,88.213123,66.92024,0.614795,1.0
2026-08-12 08:13:51,2851.32,8599,43,302.2126,141.2135,3.0,64808.914062,,,,0.05,10.181501,1.01815,1.94195,0.037427,0.0,1.0,0.0,0.0,0.0,100.0,77.05216,0.799224,1.0
2026-08-12 08:15:06,2926.27,8799,44,139.8717,141.183,3.0,22769.791016,,,,0.05,5.582396,0.55824,3.7e-05,2.859783,10.0,10.0,11.594902,0.0,11.594902,88.405098,66.660671,0.679027,1.0
2026-08-12 08:16:21,3001.66,8999,45,64.8858,139.4875,3.0,23373.585938,,,,0.05,2.674408,0.267441,1.1e-05,1.290863,10.0,10.0,6.223576,0.0,6.223576,93.776424,71.50768,0.837522,1.0
2026-08-12 08:17:36,3076.52,9199,46,64.8568,137.8651,3.0,12399.713867,,,,0.05,2.795842,0.279584,1e-05,1.026984,10.0,10.0,9.413454,0.0,9.413454,90.586546,68.700775,0.854037,1.0
2026-08-12 08:18:51,3151.41,9399,47,48.3642,135.9608,3.0,8827.639648,,,,0.05,3.44482,0.344482,3.8e-05,1.537454,10.0,10.0,26.34431,0.0,26.34431,73.65569,54.92956,0.872685,1.0
2026-08-12 08:20:06,3226.57,9599,48,130.0422,135.8375,3.0,12190.801758,,,,0.05,4.665078,0.466508,3.8e-05,0.272104,1.0,4.0,0.114893,0.0,0.114893,99.885107,75.963489,0.803541,1.0
2026-08-12 08:21:21,3301.57,9799,49,0.118,133.0677,3.0,7531.395996,,,,0.05,3.164971,0.316497,4e-05,5.289056,10.0,10.0,45.986107,0.0,45.986107,54.013893,38.635244,0.862794,1.0
2026-08-12 08:22:36,3376.44,9999,50,114.6814,132.7,3.0,6222.130859,,,,0.05,5.026279,0.502628,3.9e-05,2.081589,10.0,10.0,7.56072,0.0,7.56072,92.43928,70.060997,0.864438,1.0
2026-08-12 08:23:51,3451.72,10199,51,103.712,132.1316,3.0,8288.414062,,,,0.05,4.012843,0.401284,3.9e-05,1.797016,10.0,10.0,5.098605,0.0,5.098605,94.901395,71.777731,0.883042,1.0
2026-08-12 08:25:07,3526.97,10399,52,86.8251,131.2603,2.9,5408.766113,,,,0.05,4.453281,0.445328,3.8e-05,4.143855,10.0,10.0,21.624723,0.0,21.624723,78.375277,58.248962,0.843864,1.0
2026-08-12 08:26:21,3601.89,10599,53,1.0687,128.8039,2.9,1913.157837,,,,0.05,2.665317,0.266532,1.7e-05,3.453469,10.0,10.0,39.189887,0.0,39.189887,60.810113,44.805921,0.863749,1.0
2026-08-12 08:27:37,3676.93,10799,54,77.4758,127.8534,2.9,1608.770752,,,,0.05,3.503982,0.350398,9e-06,0.863365,10.0,10.0,11.542053,0.0,11.542053,88.457947,67.109998,0.837281,1.0
2026-08-12 08:28:52,3752.42,10999,55,63.532,126.6839,2.9,1134.1521,,,,0.05,4.430106,0.443011,1e-06,4.738482,10.0,10.0,31.564517,0.0,31.564517,68.435483,49.413249,0.72098,1.0
2026-08-12 08:30:07,3827.39,11199,56,54.2121,125.3897,2.9,1036.249146,,,,0.05,4.261564,0.426156,8e-06,0.870199,8.0,10.0,33.860162,0.0,33.860162,66.139838,49.641608,0.647025,1.0
2026-08-12 08:31:22,3902.54,11399,57,126.2139,125.4042,2.9,362.763,,,,0.05,4.998874,0.499887,9e-06,3.310693,10.0,10.0,9.51603,0.0,9.51603,90.48397,66.603156,0.723361,1.0
2026-08-12 08:32:37,3977.86,11599,58,162.8938,126.0506,2.9,395.438599,,,,0.05,5.757223,0.575722,1.1e-05,2.499438,10.0,10.0,2.547537,0.0,2.547537,97.452463,74.042797,0.832261,1.0
2026-08-12 08:33:52,4052.7,11799,59,175.2685,126.8848,2.9,704.324097,,,,0.05,7.666098,0.76661,7e-06,1.927732,10.0,10.0,23.445374,0.0,23.445374,76.554626,56.692797,0.607658,1.0
2026-08-12 08:35:07,4127.68,11999,60,264.4138,129.1769,2.9,331.376709,,,,0.05,9.729197,0.97292,3.8e-05,1.424435,7.0,9.0,0.243725,0.0,0.243725,99.756275,76.390663,0.668498,1.0
2026-08-12 08:36:23,4203.18,12199,61,307.2333,132.0959,2.9,454.323029,,,,0.05,12.693474,1.269347,4e-05,0.90482,6.0,9.0,2.865534,0.0,2.865534,97.134466,74.763887,0.664117,1.0
2026-08-12 08:37:38,4278.59,12399,62,224.7091,133.5896,2.9,288.131744,,,,0.05,9.756094,0.975609,1e-05,4.094205,10.0,10.0,28.766507,0.0,28.766507,71.233493,51.094412,0.710679,1.0
2026-08-12 08:38:53,4353.59,12599,63,278.6582,135.8923,2.9,463.162659,,,,0.05,11.679651,1.167965,1.2e-05,1.058811,6.0,9.0,0.146706,0.0,0.146706,99.853294,73.874532,0.77492,2.021689
2026-08-12 08:40:08,4428.87,12799,64,218.9768,137.1905,2.9,1489.09314,,,,0.05,8.784968,0.878497,3.9e-05,1.325136,8.0,10.0,9.281292,0.0,9.281292,90.718708,69.595591,0.750314,2.021689
2026-08-12 08:41:23,4503.83,12999,65,228.4668,138.5948,2.9,689.288757,,,,0.05,10.653157,1.065316,3.9e-05,1.47872,10.0,10.0,10.276337,0.0,10.276337,89.723663,68.083989,0.778397,2.021689
2026-08-12 08:42:38,4578.84,13199,66,144.6108,138.6859,2.9,411.763428,,,,0.05,7.161526,0.716153,3.7e-05,3.007408,10.0,10.0,15.406928,0.0,15.406928,84.593072,63.291497,0.793869,2.021689
2026-08-12 08:43:54,4654.07,13399,67,240.6136,140.2072,2.9,3181.380127,,,,0.05,8.802183,0.880218,4.1e-05,0.708295,4.0,7.0,0.0,0.0,0.0,100.0,76.82944,0.741172,2.021689
2026-08-12 08:45:09,4729.38,13599,68,232.3362,141.5621,2.9,1757.445801,,,,0.05,9.05085,0.905085,3.8e-05,0.419752,2.0,2.0,0.0,0.0,0.0,100.0,76.378881,0.81166,2.021689
2026-08-12 08:46:24,4804.23,13799,69,260.9185,143.2919,2.9,625.879333,,,,0.05,11.400936,1.140094,4e-05,1.717114,10.0,10.0,3.726007,0.0,3.726007,96.273993,73.478341,0.78164,2.021689
2026-08-12 08:47:39,4879.61,13999,70,89.844,142.5283,2.9,262.172546,,,,0.05,7.107149,0.710715,4e-05,7.670883,10.0,10.0,30.751455,0.0,30.751455,69.248545,49.318939,0.685029,2.021689
2026-08-12 08:48:55,4954.96,14199,71,285.5733,144.543,2.9,993.987549,,,,0.05,11.187266,1.118727,4.1e-05,3.545281,10.0,10.0,10.736043,0.0,10.736043,89.263957,67.300112,0.570037,2.021689
2026-08-12 08:50:10,5030.71,14399,72,208.6124,145.4329,2.9,1863.741455,,,,0.05,7.591085,0.759108,3.7e-05,2.2621,9.0,10.0,1.05749,0.0,1.05749,98.94251,74.882505,0.749475,2.021689
2026-08-12 08:51:26,5106.77,14599,73,56.9986,144.2215,2.9,785.660889,,,,0.05,6.934669,0.693467,3.8e-05,4.030265,10.0,10.0,32.548654,0.0,32.548654,67.451346,49.676947,0.843255,2.021689
2026-08-12 08:52:42,5182.16,14799,74,90.7717,143.4992,2.9,1040.324951,,,,0.05,7.459754,0.745975,3.7e-05,2.40507,10.0,10.0,32.27083,0.0,32.27083,67.72917,50.384036,0.551375,2.021689
2026-08-12 08:53:56,5256.92,14999,75,286.8267,145.4102,2.9,1575.600708,,,,0.05,10.916605,1.091661,4.1e-05,3.068725,10.0,10.0,9.181747,0.0,9.181747,90.818253,68.942404,0.615696,2.021689
2026-08-12 08:55:11,5331.8,15199,76,191.2993,146.014,2.9,927.927734,,,,0.05,8.687929,0.868793,4e-05,2.976748,10.0,10.0,14.855417,0.0,14.855417,85.144583,63.679991,0.605429,2.021689
2026-08-12 08:56:27,5407.16,15399,77,166.5481,146.2807,2.8,5640.978516,,,,0.05,8.213183,0.821318,3.8e-05,2.459715,10.0,10.0,11.63342,0.0,11.63342,88.36658,66.724764,0.774317,2.021689
2026-08-12 08:57:42,5482.17,15599,78,102.3659,145.7177,2.8,911.470886,,,,0.05,5.657414,0.565741,3.8e-05,1.797604,10.0,10.0,15.893068,0.0,15.893068,84.106932,63.333739,0.754617,2.021689
2026-08-12 08:58:57,5557.16,15799,79,219.698,146.6541,2.8,308.158905,,,,0.05,7.603938,0.760394,3.8e-05,1.105145,8.0,10.0,0.689275,0.0,0.689275,99.310725,75.466369,0.572915,2.021689
2026-08-12 09:00:12,5632.76,15999,80,113.564,146.2405,2.8,2490.178467,,,,0.05,5.89965,0.589965,3.8e-05,3.212096,10.0,10.0,15.984003,0.0,15.984003,84.015997,63.876132,0.738252,2.021689
2026-08-12 09:01:28,5708.42,16199,81,119.0077,145.9043,2.8,435.668488,,,,0.05,6.704355,0.670435,3.8e-05,2.928158,10.0,10.0,19.734621,0.0,19.734621,80.265379,59.634828,0.692147,2.021689
2026-08-12 09:02:43,5783.35,16399,82,135.2464,145.7743,2.8,490.65741,,,,0.05,7.261685,0.726168,3.9e-05,2.172233,10.0,10.0,18.844544,0.0,18.844544,81.155456,60.788065,0.691584,2.021689
2026-08-12 09:03:58,5858.63,16599,83,182.4042,146.2157,2.8,2218.233643,,,,0.05,6.891501,0.68915,4e-05,1.904651,10.0,10.0,5.72023,0.0,5.72023,94.27977,71.788098,0.665361,2.021689
2026-08-12 09:05:13,5933.73,16799,84,41.5933,144.9701,2.8,1001.947998,,,,0.05,4.784308,0.478431,3.9e-05,4.237253,10.0,10.0,24.978031,0.0,24.978031,75.021969,55.960233,0.812925,2.021689
2026-08-12 09:06:28,6008.77,16999,85,88.4222,144.3049,2.8,992.581055,,,,0.05,5.479088,0.547909,4e-05,4.499766,10.0,10.0,19.329264,0.0,19.329264,80.670736,60.365645,0.69575,2.021689
2026-08-12 09:07:44,6083.96,17199,86,241.7701,145.4382,2.8,396.887512,,,,0.05,8.9637,0.89637,3.9e-05,2.478897,9.0,10.0,5.57098,0.0,5.57098,94.42902,72.424039,0.575622,2.021689
2026-08-12 09:08:59,6159.16,17399,87,312.2882,147.356,2.8,625.828186,,,,0.05,11.243614,1.124361,4e-05,1.790574,7.0,10.0,0.149246,0.0,0.149246,99.850754,76.701718,0.559387,2.021689
2026-08-12 09:10:13,6233.91,17599,88,75.7745,146.5426,2.8,6184.496582,,,,0.05,5.892344,0.589234,3.7e-05,2.686143,10.0,10.0,19.970107,0.0,19.970107,80.029893,60.59153,0.844441,2.021689
2026-08-12 09:11:29,6309.1,17799,89,174.2239,146.8536,2.8,1306.853271,,,,0.05,6.559506,0.655951,3.7e-05,2.809886,10.0,10.0,5.282353,0.0,5.282353,94.717647,71.421137,0.758825,2.021689
2026-08-12 09:12:44,6384.7,17999,90,-7.7752,145.1355,2.8,276.133362,,,,0.05,3.62804,0.362804,3.9e-05,4.471608,10.0,10.0,28.70463,0.0,28.70463,71.29537,52.588679,0.803839,2.021689
2026-08-12 09:13:59,6459.57,18199,91,185.3877,145.5778,2.8,1707.981689,,,,0.05,7.903237,0.790324,3.9e-05,2.157877,10.0,10.0,12.57724,0.0,12.57724,87.42276,66.245642,0.568164,2.021689
2026-08-12 09:15:14,6534.56,18399,92,142.6555,145.5461,2.8,4813.480469,,,,0.05,5.382282,0.538228,3.9e-05,0.825842,6.0,10.0,1.03477,0.0,1.03477,98.96523,74.847429,0.831894,2.021689
2026-08-12 09:16:30,6610.01,18599,93,18.8305,144.1835,2.8,453.837708,,,,0.05,4.625515,0.462551,3.7e-05,4.889777,10.0,10.0,29.051206,0.0,29.051206,70.948794,51.668489,0.756589,2.021689
2026-08-12 09:17:44,6684.85,18799,94,159.118,144.3424,2.8,2827.919678,,,,0.05,8.157006,0.815701,4.1e-05,2.486578,10.0,10.0,18.680662,0.0,18.680662,81.319338,61.369524,0.563245,2.021689
2026-08-12 09:18:59,6759.92,18999,95,377.2872,146.7945,2.8,739.240051,,,,0.05,13.195224,1.319522,4e-05,1.668293,9.0,10.0,2.470241,0.0,2.470241,97.529759,74.262784,0.570321,2.021689
2026-08-12 09:20:15,6835.19,19199,96,191.8373,147.2637,2.8,9073.908203,,,,0.05,9.440794,0.944079,3.8e-05,1.330071,8.0,10.0,12.969119,0.0,12.969119,87.030881,65.584482,0.784304,2.021689
2026-08-12 09:21:30,6910.13,19399,97,329.9089,149.1466,2.8,1891.222656,,,,0.05,14.225345,1.422534,3.8e-05,0.886312,4.0,6.0,0.0,0.0,0.0,100.0,75.514531,0.808946,2.021689
2026-08-12 09:22:45,6985.13,19599,98,243.1882,150.1062,2.8,1658.098022,,,,0.05,11.937649,1.193765,3.9e-05,2.73988,10.0,10.0,23.938882,0.0,23.938882,76.061118,56.248363,0.637514,2.021689
2026-08-12 09:24:00,7060.43,19799,99,219.5346,150.8075,2.8,2144.111328,,,,0.05,11.289629,1.128963,4e-05,1.964523,10.0,10.0,22.343124,0.0,22.343124,77.656876,58.115363,0.71882,2.021689
2026-08-12 09:25:15,7135.35,19999,100,293.3768,152.2332,2.8,679.332214,,,,0.05,10.874877,1.087488,4e-05,1.495676,8.0,10.0,1.234734,0.0,1.234734,98.765266,72.978998,0.686618,2.021689
2026-08-12 09:26:30,7210.15,20199,101,201.2357,153.6104,2.8,1452.310059,,,,0.05,7.443974,0.744397,4e-05,2.037886,10.0,10.0,4.736657,0.0,4.736657,95.263343,71.773039,0.622444,2.021689
2026-08-12 09:27:45,7285.37,20399,102,207.5709,153.8193,2.8,1000.287659,,,,0.05,7.198877,0.719888,4e-05,2.134492,9.0,10.0,1.889652,0.0,1.889652,98.110348,73.924558,0.603607,2.021689
2026-08-12 09:29:00,7360.73,20599,103,107.0777,153.0805,2.8,800.224121,,,,0.05,5.794097,0.57941,3.8e-05,3.048348,10.0,10.0,16.571515,0.0,16.571515,83.428485,61.120164,0.715213,2.021689
2026-08-12 09:30:16,7435.95,20799,104,-129.7436,150.4964,2.8,13245.759766,,,,0.05,2.284655,0.228465,3.6e-05,1.75704,10.0,10.0,48.551479,0.0,48.551479,51.448521,37.210583,0.865136,2.021689
2026-08-12 09:31:31,7511.07,20999,105,91.4925,149.3769,2.8,5625.364258,,,,0.05,4.639881,0.463988,3.6e-05,1.329988,10.0,10.0,8.578243,0.0,8.578243,91.421757,69.265561,0.872901,2.021689
2026-08-12 09:32:46,7586.49,21199,106,221.9439,149.2423,2.8,1456.011108,,,,0.05,9.391239,0.939124,3.9e-05,1.24112,7.0,9.0,11.932265,0.0,11.932265,88.067735,65.734531,0.735505,2.021689
2026-08-12 09:34:01,7661.55,21399,107,-65.8601,146.0035,2.8,1002.586304,,,,0.05,4.904842,0.490484,4e-05,5.176313,10.0,10.0,52.755063,0.0,52.755063,47.244937,33.352724,0.640541,2.021689
2026-08-12 09:35:16,7736.7,21599,108,108.9531,143.8567,2.8,11384.473633,,,,0.05,4.987029,0.498703,3.6e-05,1.809634,10.0,10.0,7.910822,0.0,7.910822,92.089178,69.955861,0.800568,2.021689
2026-08-12 09:36:32,7812.13,21799,109,216.3165,144.3311,2.8,9723.983398,,,,0.05,8.936904,0.89369,3.8e-05,0.423188,2.0,4.0,0.0,0.0,0.0,100.0,76.4544,0.870136,2.021689
2026-08-12 09:37:47,7887.33,21999,110,224.4902,145.1994,2.8,3085.82373,,,,0.05,8.418147,0.841815,3.9e-05,0.994069,4.0,9.0,0.234577,0.0,0.234577,99.765423,75.327773,0.822813,2.021689
2026-08-12 09:39:02,7962.65,22199,111,-154.1926,141.6688,2.8,2728.191406,,,,0.05,3.495303,0.34953,1.000751,7.46282,10.0,10.0,63.85745,0.0,63.85745,36.14255,24.330817,0.737429,2.021689
2026-08-12 09:40:18,8038.32,22399,112,-60.7089,140.6097,2.8,2662.807861,,,,0.05,3.648411,0.364841,4e-05,2.725302,10.0,10.0,42.224872,0.0,42.224872,57.775128,42.572625,0.670569,2.021689
2026-08-12 09:41:33,8113.41,22599,113,158.4798,140.5035,2.8,1494.482666,,,,0.05,6.551505,0.65515,4.1e-05,1.32019,10.0,10.0,8.889925,0.0,8.889925,91.110075,69.280977,0.659902,2.021689
2026-08-12 09:42:48,8188.52,22799,114,153.2469,141.2132,2.8,10291.457031,,,,0.05,5.499788,0.549979,3.9e-05,0.032196,0.0,1.0,0.0,0.0,0.0,100.0,76.291842,0.901035,2.021689
2026-08-12 09:44:04,8264.18,22999,115,128.549,140.8146,2.8,6048.563965,,,,0.05,5.386606,0.538661,3.8e-05,2.926159,10.0,10.0,7.744371,0.0,7.744371,92.255629,69.506548,0.815217,2.021689
2026-08-12 09:45:19,8339.36,23199,116,-128.8109,137.3963,2.8,3073.996582,,,,0.05,3.054966,0.305497,3.9e-05,4.669718,10.0,10.0,54.705863,0.0,54.705863,45.294137,32.70021,0.836803,2.021689
2026-08-12 09:46:34,8414.6,23399,117,160.3388,137.7554,2.8,3875.376221,,,,0.05,6.448967,0.644897,3.7e-05,2.564414,10.0,10.0,8.267611,0.0,8.267611,91.732389,66.704654,0.686917,2.021689
2026-08-12 09:47:50,8490.02,23599,118,188.3508,140.1824,2.8,2512.407471,,,,0.05,9.250176,0.925018,1.914,4.807501,10.0,10.0,22.730746,0.0,22.730746,77.269254,56.393691,0.599568,2.021689
2026-08-12 09:49:05,8565.37,23799,119,233.9416,141.8485,2.8,716.550293,,,,0.05,10.028427,1.002843,4.2e-05,2.977328,10.0,10.0,15.499342,0.0,15.499342,84.500658,63.631575,0.618703,2.021689
2026-08-12 09:50:20,8640.37,23999,120,217.971,143.6334,2.8,1776.491211,,,,0.05,9.654276,0.965428,3.7e-05,1.760162,10.0,10.0,13.469749,0.0,13.469749,86.530251,65.754295,0.659465,2.021689
2026-08-12 09:51:35,8715.65,24199,121,167.3562,144.3201,2.8,12653.666016,,,,0.05,7.158365,0.715836,3.8e-05,1.480491,10.0,10.0,3.463492,0.0,3.463492,96.536508,73.561137,0.876865,2.021689
2026-08-12 09:52:51,8791.17,24399,122,167.3855,145.4365,2.8,3592.775146,,,,0.05,8.437461,0.843746,4e-05,1.798923,10.0,10.0,18.805527,0.0,18.805527,81.194473,58.374355,0.736066,2.021689
2026-08-12 09:54:06,8866.29,24599,123,66.7257,145.9289,2.8,3661.123047,,,,0.05,7.083812,0.708381,3.8e-05,4.536589,10.0,10.0,34.5132,0.0,34.5132,65.4868,47.915281,0.703599,2.021689
2026-08-12 09:55:21,8941.61,24799,124,82.0145,146.159,2.8,14509.826172,,,,0.05,4.702204,0.47022,3.7e-05,2.890923,10.0,10.0,14.585554,0.0,14.585554,85.414446,64.83937,0.852935,2.021689
2026-08-12 09:56:37,9017.2,24999,125,167.0221,147.1834,2.8,1752.596558,,,,0.05,8.212086,0.821209,3.9e-05,2.039221,10.0,10.0,17.321254,0.0,17.321254,82.678746,60.812861,0.718501,2.981619
2026-08-12 09:57:52,9092.65,25199,126,104.0716,147.2414,2.8,1160.43335,,,,0.05,7.693099,0.76931,4.1e-05,3.00244,10.0,10.0,21.033806,0.0,21.033806,78.966194,59.40654,0.557,2.981619
2026-08-12 09:59:08,9167.97,25399,127,79.2278,147.9077,2.8,710.734009,,,,0.05,7.622294,0.762229,4e-05,3.983994,10.0,10.0,25.440948,0.0,25.440948,74.559052,56.116452,0.629566,2.981619
2026-08-12 10:00:23,9243.56,25599,128,-92.2848,146.5921,2.8,1906.628052,,,,0.05,5.870675,0.587067,0.837542,8.399086,10.0,10.0,46.057699,0.0,46.057699,53.942301,38.151321,0.518798,2.981619
2026-08-12 10:01:38,9318.74,25799,129,261.5706,148.6496,2.8,14134.110352,,,,0.05,11.432431,1.143243,4e-05,3.395388,10.0,10.0,2.720919,0.0,2.720919,97.279081,72.247188,0.741155,2.981619
2026-08-12 10:02:54,9394.05,25999,130,131.7845,149.5224,2.8,6423.944336,,,,0.05,6.705936,0.670594,3.9e-05,3.129352,10.0,10.0,10.405876,0.0,10.405876,89.594124,66.319717,0.801883,2.981619
2026-08-12 10:04:09,9469.51,26199,131,116.7968,148.8318,2.8,1608.413818,,,,0.05,7.880184,0.788018,3.8e-05,2.290498,10.0,10.0,19.089697,0.0,19.089697,80.910303,59.013165,0.751802,2.981619
2026-08-12 10:05:24,9544.9,26399,132,23.0086,147.9867,2.8,3020.885254,,,,0.05,8.852642,0.885264,0.853389,4.092923,10.0,10.0,39.6775,0.0,39.6775,60.3225,43.290944,0.534165,2.981619
2026-08-12 10:06:40,9619.99,26599,133,185.8336,148.6216,2.8,1196.71521,,,,0.05,7.564128,0.756413,1.919,3.881782,10.0,10.0,7.363168,0.0,7.363168,92.636832,70.368912,0.553299,2.981619
2026-08-12 10:07:55,9695.4,26799,134,187.9081,149.2489,2.8,615.277039,,,,0.05,6.535204,0.65352,4.2e-05,1.314073,7.0,9.0,0.437102,0.0,0.437102,99.562898,75.386078,0.671261,2.981619
2026-08-12 10:09:10,9770.82,26999,135,79.7804,149.4074,2.8,4204.562012,,,,0.05,4.861396,0.48614,4e-05,1.237706,10.0,10.0,10.251664,0.0,10.251664,89.748336,68.144411,0.683818,2.981619
2026-08-12 10:10:25,9845.84,27199,136,157.8905,149.4769,2.8,28687.785156,,,,0.05,5.735846,0.573585,3.8e-05,0.199392,2.0,2.0,0.0,0.0,0.0,100.0,76.218882,0.839535,2.981619
2026-08-12 10:11:41,9921.3,27399,137,101.258,148.26,2.8,10724.851562,,,,0.05,6.404312,0.640431,3.7e-05,2.740679,10.0,10.0,15.524939,0.0,15.524939,84.475061,63.008305,0.782512,2.981619
2026-08-12 10:12:57,9997.01,27599,138,-139.8585,144.8048,2.8,16038.826172,,,,0.05,3.635326,0.363533,3.8e-05,3.404393,10.0,10.0,41.097604,0.0,41.097604,58.902396,42.904238,0.772144,2.981619
2026-08-12 10:14:12,10072.31,27799,139,74.4742,142.2977,2.8,2611.741211,,,,0.05,8.426614,0.842661,1.9279,4.599751,10.0,10.0,31.015731,0.0,31.015731,68.984269,51.408874,0.63592,2.981619
2026-08-12 10:15:27,10147.6,27999,140,140.943,141.754,2.8,1403.829346,,,,0.05,8.88339,0.888339,4.3e-05,3.392116,10.0,10.0,20.770091,0.0,20.770091,79.229909,57.837766,0.689829,2.981619
2026-08-12 10:16:43,10223.31,28199,141,-12.8285,139.1915,2.8,1130.7854,,,,0.05,6.166915,0.616692,4e-05,8.239584,10.0,10.0,34.60057,0.0,34.60057,65.39943,47.119734,0.77828,2.981619
2026-08-12 10:17:58,10298.38,28399,142,122.3598,137.0644,2.8,644.100098,,,,0.05,8.752362,0.875236,1.93295,4.365246,10.0,10.0,23.353862,0.0,23.353862,76.646138,56.827613,0.656593,2.981619
2026-08-12 10:19:14,10373.97,28599,143,-7.5826,133.9664,2.8,6399.162109,,,,0.05,4.984573,0.498457,3.6e-05,5.658469,10.0,10.0,26.212784,0.0,26.212784,73.787216,55.003262,0.7995,2.981619
2026-08-12 10:20:29,10449.75,28799,144,-90.298,131.6647,2.8,25632.65625,,,,0.05,5.160357,0.516036,3.8e-05,4.430017,10.0,10.0,38.545164,0.0,38.545164,61.454836,44.515429,0.823502,2.981619
2026-08-12 10:21:45,10525.15,28999,145,147.9028,132.4949,2.8,17842.53125,,,,0.05,5.698473,0.569847,3.8e-05,1.677548,10.0,10.0,3.892057,0.0,3.892057,96.107943,73.482887,0.87591,2.981619
2026-08-12 10:23:00,10600.38,29199,146,129.4111,133.1404,2.8,11163.15625,,,,0.05,8.662694,0.866269,1.5e-05,2.306887,10.0,10.0,17.197791,0.0,17.197791,82.802209,61.871525,0.762832,2.981619
2026-08-12 10:24:16,10676.0,29399,147,-26.4975,132.3918,2.8,2901.878662,,,,0.05,8.621561,0.862156,1.92095,7.467755,10.0,10.0,48.67851,0.0,48.67851,51.32149,36.376146,0.60346,2.981619
2026-08-12 10:25:31,10751.16,29599,148,117.4127,132.2655,2.8,1127.251099,,,,0.05,10.716946,1.071695,1.94395,7.58126,10.0,10.0,33.681202,0.0,33.681202,66.318798,48.157093,0.580449,2.981619
2026-08-12 10:26:46,10826.29,29799,149,227.7416,134.5417,2.8,1298.448975,,,,0.05,9.987273,0.998727,1.928,3.030557,10.0,10.0,11.939505,0.0,11.939505,88.060495,66.820968,0.547237,2.981619
2026-08-12 10:28:01,10901.82,29999,150,304.4282,136.4392,2.8,862.453247,,,,0.05,12.120503,1.21205,1.922,1.669384,10.0,10.0,9.430416,0.0,9.430416,90.569584,69.037914,0.589367,2.981619
2026-08-12 10:29:17,10977.12,30199,151,135.2182,136.7543,2.8,659.429932,,,,0.05,7.385424,0.738542,3.9e-05,1.348597,6.0,10.0,14.625071,0.0,14.625071,85.374929,64.679576,0.478587,2.981619
2026-08-12 10:30:32,11052.19,30399,152,269.1186,138.5772,2.8,2298.95874,,,,0.05,9.153823,0.915382,4.4e-05,0.281333,2.0,7.0,0.0,0.0,0.0,100.0,76.92288,0.518582,2.981619
2026-08-12 10:31:47,11127.64,30599,153,58.6666,139.1532,2.7,1466.595947,,,,0.05,4.259289,0.425929,3.8e-05,0.893355,10.0,10.0,11.423615,0.0,11.423615,88.576385,67.250825,0.771539,2.981619
2026-08-12 10:33:03,11203.13,30799,154,105.4457,139.4329,2.7,771.847778,,,,0.05,6.728471,0.672847,4e-05,0.826082,7.0,10.0,16.066181,0.0,16.066181,83.933819,63.585446,0.66599,2.981619
2026-08-12 10:34:18,11278.36,30999,155,0.4584,138.8022,2.7,984.881714,,,,0.05,3.975224,0.397522,3.6e-05,2.595794,10.0,10.0,19.989994,0.0,19.989994,80.010006,59.916181,0.752094,2.981619
2026-08-12 10:35:34,11353.98,31199,156,-208.5034,136.175,2.7,648.251404,,,,0.05,3.824927,0.382493,3.9e-05,5.41421,10.0,10.0,54.433238,0.0,54.433238,45.566762,31.533941,0.75984,2.981619
2026-08-12 10:36:49,11429.48,31399,157,195.3717,136.8666,2.7,455.767609,,,,0.05,7.774457,0.777446,4.1e-05,1.657556,10.0,10.0,6.078931,0.0,6.078931,93.921069,71.375182,0.52983,2.981619
2026-08-12 10:38:04,11504.82,31599,158,-58.2994,134.6546,2.7,334.294739,,,,0.05,6.17604,0.617604,4e-05,6.698329,10.0,10.0,41.0294,0.0,41.0294,58.9706,41.999348,0.595725,2.981619
2026-08-12 10:39:20,11580.3,31799,159,155.0258,134.4522,2.7,1680.564209,,,,0.05,7.874284,0.787428,3.8e-05,2.582769,10.0,10.0,13.203243,0.0,13.203243,86.796757,65.599198,0.643375,2.981619
2026-08-12 10:40:35,11655.87,31999,160,131.8683,133.1268,2.7,1692.644775,,,,0.05,7.299403,0.72994,3.9e-05,1.350586,10.0,10.0,14.056185,0.0,14.056185,85.943815,62.511959,0.558256,2.981619
2026-08-12 10:41:51,11731.1,32199,161,-18.6988,129.8674,2.7,2941.262451,,,,0.05,8.491958,0.849196,1.9129,5.824402,10.0,10.0,46.173858,0.0,46.173858,53.826142,38.493094,0.578934,2.981619
2026-08-12 10:43:07,11807.0,32399,162,186.7753,129.4881,2.7,471.127747,,,,0.05,10.536395,1.053639,4.5e-05,1.66317,9.0,10.0,20.559118,0.0,20.559118,79.440882,60.438379,0.661186,2.981619
2026-08-12 10:44:22,11882.45,32599,163,207.0928,128.7724,2.7,336.362732,,,,0.05,10.492899,1.04929,4.1e-05,1.6462,10.0,10.0,17.219634,0.0,17.219634,82.780366,62.967173,0.577662,2.981619
2026-08-12 10:45:37,11957.87,32799,164,166.4588,128.2473,2.7,312.129456,,,,0.05,8.92216,0.892216,4e-05,2.721568,10.0,10.0,16.298274,0.0,16.298274,83.701726,63.042794,0.634427,2.981619
2026-08-12 10:46:53,12032.98,32999,165,229.7711,128.2603,2.7,891.353088,,,,0.05,8.904304,0.89043,1.91595,2.310584,10.0,10.0,6.304014,0.0,6.304014,93.695986,71.784607,0.484877,2.981619
2026-08-12 10:48:08,12108.51,33199,166,73.4393,127.5486,2.7,2795.080078,,,,0.05,6.561097,0.65611,4.5e-05,3.096552,10.0,10.0,20.556887,0.0,20.556887,79.443113,59.449267,0.518474,2.981619
2026-08-12 10:49:24,12184.02,33399,167,116.2717,126.3052,2.7,2666.237305,,,,0.05,8.02087,0.802087,1.93395,3.467894,10.0,10.0,21.071429,0.0,21.071429,78.928571,59.641219,0.557893,2.981619
2026-08-12 10:50:39,12259.22,33599,168,125.5379,125.2372,2.7,842.821167,,,,0.05,9.399425,0.939943,1.934,6.301034,10.0,10.0,27.078737,0.0,27.078737,72.921263,54.49634,0.504913,2.981619
2026-08-12 10:51:54,12334.59,33799,169,272.5997,125.354,2.7,1343.649292,,,,0.05,9.09833,0.909833,1.928,0.809384,4.0,8.0,0.0,0.0,0.0,100.0,77.17632,0.454902,2.981619
2026-08-12 10:53:10,12409.99,33999,170,31.8604,124.7742,2.7,296.250732,,,,0.05,6.782266,0.678227,4.6e-05,1.756849,10.0,10.0,29.04862,0.0,29.04862,70.95138,53.019266,0.537271,2.981619
2026-08-12 10:54:24,12484.84,34199,171,210.9947,124.0284,2.7,281.191589,,,,0.05,7.038639,0.703864,1.90195,0.503633,4.0,7.0,0.0,0.0,0.0,100.0,76.63232,0.537304,2.981619
2026-08-12 10:55:40,12560.33,34399,172,133.1041,123.2733,2.7,5436.484375,,,,0.05,4.590846,0.459085,1.901,1.479707,7.0,10.0,1.034442,0.0,1.034442,98.965558,75.191112,0.701389,2.981619
2026-08-12 10:56:55,12635.87,34599,173,-70.4973,121.9983,2.7,1173.891846,,,,0.05,3.147292,0.314729,1.923,3.032497,10.0,10.0,27.645926,0.0,27.645926,72.354074,52.960492,0.847674,2.981619
2026-08-12 10:58:11,12710.99,34799,174,8.3171,121.1738,2.7,454.02655,,,,0.05,3.965958,0.396596,3.9e-05,5.033606,10.0,10.0,19.145717,0.0,19.145717,80.854283,59.641288,0.737357,2.981619
2026-08-12 10:59:26,12786.42,34999,175,84.8442,119.154,2.7,1753.357422,,,,0.05,6.373407,0.637341,1.278526,1.33701,7.0,10.0,17.584334,0.0,17.584334,82.415666,62.795315,0.541226,2.981619
2026-08-12 11:00:41,12861.85,35199,176,113.4934,118.3759,2.7,368.62616,,,,0.05,8.223531,0.822353,1.89585,4.249042,10.0,10.0,22.076583,0.0,22.076583,77.923417,58.60213,0.483999,2.981619
2026-08-12 11:01:56,12936.87,35399,177,222.9071,118.9395,2.7,924.772705,,,,0.05,11.276802,1.12768,4e-05,2.997403,10.0,10.0,17.824001,0.0,17.824001,82.175999,62.239507,0.575196,2.981619
2026-08-12 11:03:12,13012.21,35599,178,48.917,118.405,2.7,1129.985352,,,,0.05,8.642933,0.864293,1.91095,4.521593,10.0,10.0,35.852556,0.0,35.852556,64.147444,48.134571,0.45629,2.981619
2026-08-12 11:04:27,13087.92,35799,179,-189.9492,114.3085,2.7,305.59024,,,,0.05,4.291065,0.429107,3.7e-05,7.078249,10.0,10.0,53.373378,0.0,53.373378,46.626622,32.346525,0.596991,2.981619
2026-08-12 11:05:43,13163.11,35999,180,85.2099,114.025,2.7,389.989929,,,,0.05,6.045948,0.604595,4.2e-05,3.581026,10.0,10.0,15.968269,0.0,15.968269,84.031731,64.052694,0.579002,2.981619
2026-08-12 11:06:58,13238.38,36199,181,235.0521,115.1854,2.7,422.429443,,,,0.05,8.981,0.8981,1.917,3.702393,10.0,10.0,5.362771,0.0,5.362771,94.637229,71.945699,0.650972,2.981619
2026-08-12 11:08:15,13315.48,36399,182,-145.7709,112.3753,2.7,302.801392,,,,0.05,4.079799,0.40798,4.2e-05,7.563139,10.0,10.0,44.715986,0.0,44.715986,55.284014,39.236913,0.78917,2.981619
2026-08-12 11:09:30,13390.7,36599,183,160.8443,112.1597,2.7,770.390381,,,,0.05,6.320922,0.632092,4e-05,3.072824,9.0,10.0,3.462528,0.0,3.462528,96.537472,73.223552,0.757271,2.981619
2026-08-12 11:10:45,13465.72,36799,184,24.6034,111.9898,2.7,3683.443359,,,,0.05,3.671479,0.367148,3.9e-05,3.807311,10.0,10.0,14.152132,0.0,14.152132,85.847868,65.448242,0.761171,2.981619
2026-08-12 11:12:01,13541.48,36999,185,2.0772,111.1263,2.7,459.0802,,,,0.05,6.092845,0.609284,1.9109,4.411981,10.0,10.0,30.684275,0.0,30.684275,69.315725,52.594681,0.780529,2.981619
2026-08-12 11:13:16,13616.71,37199,186,-100.8011,107.7006,2.7,485.438446,,,,0.05,4.094272,0.409427,3.8e-05,5.248978,10.0,10.0,37.73213,0.0,37.73213,62.26787,46.054453,0.784757,2.981619
2026-08-12 11:14:31,13691.81,37399,187,20.7707,104.7854,2.7,1240.567017,,,,0.05,3.652851,0.365285,1.8979,3.384537,10.0,10.0,15.985007,0.0,15.985007,84.014993,64.38663,0.791668,2.981619
2026-08-12 11:15:47,13767.29,37599,188,-410.5695,99.922,2.7,581.544739,,,,0.05,2.170557,0.217056,4e-05,6.186791,10.0,10.0,60.774537,0.0,60.774537,39.225463,26.76374,0.902361,4.72068
2026-08-12 11:17:03,13843.02,37799,189,-647.9152,91.7006,2.7,500.903625,,,,0.05,1.12377,0.112377,3.8e-05,3.761078,10.0,10.0,72.247882,0.0,72.247882,27.752118,17.59567,0.648228,4.72068
2026-08-12 11:18:18,13918.71,37999,190,-441.7906,87.3605,2.7,1212.14624,,,,0.05,3.003165,0.300317,3.8e-05,8.314013,10.0,10.0,56.387058,0.0,56.387058,43.612942,30.068063,0.817516,4.72068
2026-08-12 11:19:34,13994.14,38199,191,76.9949,86.2765,2.7,238.694946,,,,0.05,7.589761,0.758976,4.3e-05,3.792425,10.0,10.0,15.662651,0.0,15.662651,84.337349,63.895281,0.55475,4.72068
2026-08-12 11:20:49,14069.54,38399,192,120.5619,86.0556,2.7,491.570557,,,,0.05,9.485308,0.948531,3.8e-05,4.299931,10.0,10.0,17.16449,0.0,17.16449,82.83551,62.898613,0.636725,4.72068
2026-08-12 11:22:04,14144.63,38599,193,91.3378,86.7807,2.7,1728.203857,,,,0.05,12.314104,1.23141,3.7e-05,3.662687,10.0,10.0,27.274688,0.0,27.274688,72.725312,52.547165,0.655744,4.72068
2026-08-12 11:23:20,14220.15,38799,194,-36.8359,84.8211,2.7,448.498596,,,,0.05,6.878149,0.687815,3.9e-05,4.215512,10.0,10.0,25.412067,0.0,25.412067,74.587933,55.581534,0.615384,4.72068
2026-08-12 11:24:35,14295.77,38999,195,124.3002,82.2913,2.7,320.158936,,,,0.05,10.383126,1.038313,3.7e-05,3.378836,10.0,10.0,19.396983,0.0,19.396983,80.603017,60.684715,0.596155,4.72068
2026-08-12 11:25:51,14370.93,39199,196,171.4174,82.0871,2.7,1040.828125,,,,0.05,8.964258,0.896426,3.9e-05,3.489437,10.0,10.0,10.150576,0.0,10.150576,89.849424,66.140421,0.535958,4.72068
2026-08-12 11:27:06,14446.23,39399,197,-207.2664,76.7153,2.7,508.778748,,,,0.05,6.319129,0.631913,4e-05,4.866667,10.0,10.0,42.213696,0.0,42.213696,57.786304,41.016624,0.666093,4.72068
2026-08-12 11:28:21,14521.9,39599,198,204.545,76.3289,2.7,185.874115,,,,0.05,9.685944,0.968594,3.9e-05,3.695618,10.0,10.0,9.072489,0.0,9.072489,90.927511,69.054165,0.704517,4.72068
2026-08-12 11:29:37,14596.97,39799,199,-8.1789,74.0517,2.7,260.592346,,,,0.05,6.097716,0.609772,4e-05,4.001062,10.0,10.0,20.692129,0.0,20.692129,79.307871,57.96266,0.735699,4.72068
2026-08-12 11:30:52,14671.99,39999,200,295.4087,74.0721,2.7,549.470459,,,,0.05,10.848943,1.084894,4e-05,2.158757,8.0,10.0,1.371482,0.0,1.371482,98.628518,75.552004,0.594713,4.72068
2026-08-12 11:32:07,14747.51,40199,201,75.0419,72.8101,2.7,183.668427,,,,0.05,8.147991,0.814799,3.7e-05,3.121262,10.0,10.0,17.523955,0.0,17.523955,82.476045,62.610457,0.628947,4.72068
2026-08-12 11:33:22,14822.92,40399,202,-109.3854,69.6406,2.7,2833.013184,,,,0.05,5.714523,0.571452,3.6e-05,4.30452,10.0,10.0,29.888129,0.0,29.888129,70.111871,52.087501,0.743437,4.72068
2026-08-12 11:34:38,14897.97,40599,203,-107.1136,67.4986,2.7,479.282135,,,,0.05,6.641022,0.664102,3.7e-05,5.8295,10.0,10.0,32.680151,0.0,32.680151,67.319849,49.440126,0.692976,4.72068
2026-08-12 11:35:53,14973.27,40799,204,187.3327,70.6694,2.7,213.408142,,,,0.05,7.789351,0.778935,3.8e-05,2.275661,9.0,10.0,5.095869,0.0,5.095869,94.904131,72.675347,0.725205,4.72068
2026-08-12 11:37:08,15048.65,40999,205,113.9129,70.8936,2.7,397.930786,,,,0.05,5.367377,0.536738,4.2e-05,2.129111,10.0,10.0,4.933019,0.0,4.933019,95.066981,71.738741,0.691972,4.72068
2026-08-12 11:38:23,15123.67,41199,206,114.5721,69.8199,2.7,100.23793,,,,0.05,6.402186,0.640219,3.9e-05,3.640964,10.0,10.0,8.379805,0.0,8.379805,91.620195,69.468346,0.559047,4.72068
2026-08-12 11:39:39,15199.13,41399,207,-362.635,66.8521,2.7,220.356964,,,,0.05,5.052005,0.505201,3.7e-05,5.215442,10.0,10.0,54.66873,0.0,54.66873,45.33127,32.408585,0.525792,4.72068
2026-08-12 11:40:54,15274.61,41599,208,-96.319,64.7994,2.7,104.401093,,,,0.05,5.446692,0.544669,3.8e-05,3.2383,10.0,10.0,27.973473,0.0,27.973473,72.026527,53.993914,0.691715,4.72068
2026-08-12 11:42:10,15349.96,41799,209,-351.7517,59.1187,2.7,197.225311,,,,0.05,4.993584,0.499358,3.8e-05,5.495883,10.0,10.0,53.093925,0.0,53.093925,46.906075,33.162975,0.674355,4.72068
2026-08-12 11:43:25,15425.63,41999,210,-220.4077,54.6698,2.7,328.817596,,,,0.05,6.02253,0.602253,3.7e-05,3.859274,10.0,10.0,42.519698,0.0,42.519698,57.480302,41.176156,0.64697,4.72068
2026-08-12 11:44:41,15501.19,42199,211,-56.5296,55.6464,2.7,121.304016,,,,0.05,4.930606,0.493061,3.7e-05,2.845462,10.0,10.0,20.343199,0.0,20.343199,79.656801,59.582507,0.743946,4.72068
2026-08-12 11:45:56,15576.26,42399,212,211.0221,58.3637,2.7,4076.128418,,,,0.05,8.69532,0.869532,3.9e-05,2.071385,9.0,10.0,4.605362,0.0,4.605362,95.394638,73.311961,0.624001,4.72068
2026-08-12 11:47:11,15651.51,42599,213,65.1874,57.4308,2.7,362.839172,,,,0.05,7.446165,0.744617,4.1e-05,3.18151,9.0,10.0,17.714115,0.0,17.714115,82.285885,63.393068,0.605399,4.72068
2026-08-12 11:48:27,15727.24,42799,214,-119.6314,54.702,2.7,185.708817,,,,0.05,5.606151,0.560615,3.6e-05,5.523906,10.0,10.0,30.896168,0.0,30.896168,69.103832,49.357512,0.698793,4.72068
2026-08-12 11:49:42,15802.4,42999,215,-213.6869,51.2796,2.7,200.803284,,,,0.05,5.518617,0.551862,3.8e-05,3.587809,10.0,10.0,40.21806,0.0,40.21806,59.78194,42.816855,0.713283,4.72068
2026-08-12 11:50:57,15877.56,43199,216,-181.866,50.7491,2.7,190.017853,,,,0.05,4.45705,0.445705,3.7e-05,2.854017,10.0,10.0,33.5768,0.0,33.5768,66.4232,49.260818,0.713568,4.72068
2026-08-12 11:52:13,15953.01,43399,217,-173.153,47.4142,2.7,355.998108,,,,0.05,3.615287,0.361529,3.9e-05,4.421925,10.0,10.0,29.767132,0.0,29.767132,70.232868,51.887545,0.804393,4.72068
2026-08-12 11:53:28,16028.3,43599,218,186.2767,47.3934,2.7,498.510376,,,,0.05,6.595949,0.659595,3.8e-05,2.332947,8.0,10.0,0.528977,0.0,0.528977,99.471023,76.120814,0.716823,4.72068
2026-08-12 11:54:43,16103.28,43799,219,-25.6081,44.7979,2.7,945.547546,,,,0.05,4.817634,0.481763,3.6e-05,1.882925,10.0,10.0,17.936643,0.0,17.936643,82.063357,60.913429,0.774586,4.72068
2026-08-12 11:55:58,16178.85,43999,220,-217.2308,40.4459,2.7,137.299652,,,,0.05,5.966448,0.596645,3.8e-05,6.237737,10.0,10.0,42.323182,0.0,42.323182,57.676818,41.479229,0.743588,4.72068
2026-08-12 11:57:14,16254.06,44199,221,82.272,39.5951,2.7,696.06665,,,,0.05,7.077509,0.707751,3.9e-05,2.996303,10.0,10.0,13.419812,0.0,13.419812,86.580188,65.838523,0.642551,4.72068
2026-08-12 11:58:29,16329.55,44399,222,-305.2974,34.8682,2.7,239.543915,,,,0.05,3.664373,0.366437,3.4e-05,6.591428,10.0,10.0,43.607329,0.0,43.607329,56.392671,40.112483,0.832913,4.72068
2026-08-12 11:59:45,16405.05,44599,223,51.1384,34.7124,2.7,83.877136,,,,0.05,7.536798,0.75368,3.8e-05,3.251233,10.0,10.0,16.686077,0.0,16.686077,83.313923,62.393253,0.731408,4.72068
2026-08-12 12:01:00,16480.77,44799,224,-284.2861,31.0494,2.7,132.283951,,,,0.05,5.038965,0.503897,3.6e-05,4.316662,10.0,10.0,45.91689,0.0,45.91689,54.08311,39.154025,0.713484,4.72068
2026-08-12 12:02:16,16556.24,44999,225,78.4217,30.1634,2.7,66.813477,,,,0.05,8.402956,0.840296,3.6e-05,2.958731,10.0,10.0,18.366221,0.0,18.366221,81.633779,61.043774,0.726747,4.72068
2026-08-12 12:03:31,16631.77,45199,226,263.4435,31.7571,2.7,211.769379,,,,0.05,10.602897,1.06029,3.8e-05,2.842532,9.0,10.0,1.543148,0.0,1.543148,98.456852,74.970704,0.821581,4.72068
2026-08-12 12:04:47,16707.46,45399,227,19.5595,31.1604,2.7,725.762573,,,,0.05,6.678987,0.667899,3.8e-05,4.072959,10.0,10.0,17.954545,0.0,17.954545,82.045455,61.212585,0.766271,4.72068
2026-08-12 12:06:02,16782.87,45599,228,-58.3879,31.4994,2.7,716.489258,,,,0.05,5.309081,0.530908,3.9e-05,5.930254,10.0,10.0,22.646276,0.0,22.646276,77.353724,57.210247,0.805226,4.72068
2026-08-12 12:07:18,16858.4,45799,229,-62.1322,28.2623,2.7,510.206909,,,,0.05,7.829355,0.782936,3.8e-05,2.779054,10.0,10.0,29.156635,0.0,29.156635,70.843365,52.817554,0.755061,4.72068
2026-08-12 12:08:34,16934.2,45999,230,76.9922,27.7144,2.7,84.112541,,,,0.05,6.767142,0.676714,3.8e-05,1.985455,9.0,10.0,12.995595,0.0,12.995595,87.004405,66.02291,0.710881,4.72068
2026-08-12 12:09:49,17009.62,46199,231,175.8785,28.3052,2.7,546.015564,,,,0.05,8.90174,0.890174,4.1e-05,2.041203,10.0,10.0,6.99352,0.0,6.99352,93.00648,70.769344,0.680291,4.72068
2026-08-12 12:11:05,17085.14,46399,232,209.6344,30.1715,2.7,171.212769,,,,0.05,10.504062,1.050406,3.8e-05,2.467737,10.0,10.0,7.185559,0.0,7.185559,92.814441,70.25417,0.7342,4.72068
2026-08-12 12:12:21,17161.23,46599,233,119.1823,29.505,2.7,160.421402,,,,0.05,8.279302,0.82793,3.9e-05,3.531993,10.0,10.0,13.071058,0.0,13.071058,86.928942,65.099165,0.748884,4.72068
2026-08-12 12:13:36,17236.66,46799,234,324.3917,30.8698,2.7,128.734848,,,,0.05,12.803725,1.280372,4.1e-05,0.731319,4.0,9.0,1.626233,0.0,1.626233,98.373767,75.545874,0.6335,4.72068
2026-08-12 12:14:52,17312.3,46999,235,-116.8939,28.9031,2.7,261.843323,,,,0.05,8.147188,0.814719,3.9e-05,4.010681,10.0,10.0,37.029108,0.0,37.029108,62.970892,46.378027,0.692113,4.72068
2026-08-12 12:16:08,17388.3,47199,236,183.5545,29.1597,2.7,283.858521,,,,0.05,8.580842,0.858084,3.7e-05,3.078873,10.0,10.0,6.857029,0.0,6.857029,93.142971,69.712647,0.726962,4.72068
2026-08-12 12:17:23,17463.85,47399,237,39.7865,28.545,2.7,97.05687,,,,0.05,5.724354,0.572435,3.8e-05,1.182816,10.0,10.0,13.838841,0.0,13.838841,86.161159,65.368263,0.750705,4.72068
2026-08-12 12:18:39,17539.51,47599,238,199.0647,31.9342,2.7,139.030853,,,,0.05,7.367802,0.73678,3.7e-05,1.378791,9.0,10.0,0.291705,0.0,0.291705,99.708295,76.488471,0.733132,4.72068
2026-08-12 12:19:55,17615.34,47799,239,-195.4231,29.2352,2.7,114.113251,,,,0.05,3.741253,0.374125,7e-06,7.277255,10.0,10.0,32.847708,0.0,32.847708,67.152292,49.020318,0.754746,4.72068
2026-08-12 12:21:10,17690.62,47999,240,235.8401,30.1842,2.7,85.455338,,,,0.05,8.149257,0.814926,3.9e-05,0.670057,4.0,6.0,0.0,0.0,0.0,100.0,77.020148,0.691923,4.72068
2026-08-12 12:22:25,17765.81,48199,241,225.693,32.5694,2.7,45.608932,,,,0.05,7.920649,0.792065,4e-05,0.279063,2.0,3.0,0.0,0.0,0.0,100.0,76.624479,0.656536,4.72068
2026-08-12 12:23:41,17841.33,48399,242,198.6608,33.3324,2.7,129.832397,,,,0.05,11.095428,1.109543,3.7e-05,1.346438,10.0,10.0,11.432975,0.0,11.432975,88.567025,67.580715,0.648244,4.72068
2026-08-12 12:24:56,17916.47,48599,243,296.9171,36.3774,2.7,39.158852,,,,0.05,11.24201,1.124201,3.7e-05,0.957964,5.0,9.0,0.40508,0.0,0.40508,99.59492,76.617203,0.712039,4.72068
2026-08-12 12:26:11,17991.35,48799,244,158.6889,38.8673,2.7,57.740131,,,,0.05,7.133805,0.71338,3.8e-05,3.230665,10.0,10.0,4.470174,0.0,4.470174,95.529826,71.739698,0.794603,4.72068
2026-08-12 12:27:26,18066.4,48999,245,297.9021,40.3673,2.7,143.496674,,,,0.05,11.806443,1.180644,3.9e-05,0.72475,4.0,6.0,0.0,0.0,0.0,100.0,76.93952,0.701416,4.72068
2026-08-12 12:28:41,18141.83,49199,246,81.6383,39.8896,2.7,89.524437,,,,0.05,6.790476,0.679048,3.6e-05,3.427645,10.0,10.0,12.342099,0.0,12.342099,87.657901,65.879476,0.822164,4.72068
2026-08-12 12:29:56,18216.76,49399,247,174.4982,41.8995,2.7,82.451202,,,,0.05,7.653819,0.765382,4.2e-05,2.563874,10.0,10.0,4.043652,0.0,4.043652,95.956348,73.032697,0.676765,4.72068
2026-08-12 12:31:12,18292.16,49599,248,-466.8115,36.0573,2.7,254.121002,,,,0.05,3.210685,0.321068,3.5e-05,4.643943,10.0,10.0,59.802859,0.0,59.802859,40.197141,27.966711,0.712331,4.72068
2026-08-12 12:32:27,18367.52,49799,249,139.2318,35.1722,2.7,117.667847,,,,0.05,9.668762,0.966876,3.7e-05,3.886935,10.0,10.0,15.637771,0.0,15.637771,84.362229,63.997587,0.692416,4.72068
2026-08-12 12:33:42,18442.83,49999,250,-115.5442,30.9725,2.7,69.451553,,,,0.05,6.996289,0.699629,3.9e-05,3.537256,10.0,10.0,33.992734,0.0,33.992734,66.007266,48.535719,0.706133,6.517182
2026-08-12 12:34:58,18517.96,50199,251,-166.6453,27.9538,2.7,58.214775,,,,0.05,6.451721,0.645172,3.9e-05,2.964382,10.0,10.0,26.435845,0.0,26.435845,73.564155,54.344543,0.764209,6.517182
2026-08-12 12:36:13,18593.54,50399,252,-60.3586,24.6591,2.7,203.011963,,,,0.05,6.027366,0.602737,3.7e-05,3.164432,10.0,10.0,18.343057,0.0,18.343057,81.656943,61.01945,0.778489,6.517182
2026-08-12 12:37:28,18668.63,50599,253,93.7609,25.01,2.7,72.069344,,,,0.05,8.654072,0.865407,3.8e-05,2.085788,10.0,10.0,11.549042,0.0,11.549042,88.450958,66.660838,0.688895,6.517182
2026-08-12 12:38:43,18743.76,50799,254,146.8047,25.4236,2.7,182.116455,,,,0.05,8.135185,0.813518,3.8e-05,3.636227,10.0,10.0,4.59795,0.0,4.59795,95.40205,72.383041,0.779846,6.517182
2026-08-12 12:39:59,18819.14,50999,255,165.3613,27.0726,2.7,267.723877,,,,0.05,6.880029,0.688003,3.9e-05,1.258685,8.0,10.0,1.541139,0.0,1.541139,98.458861,75.325125,0.75368,6.517182
2026-08-12 12:41:14,18894.3,51199,256,-251.3174,26.6445,2.7,1078.830444,,,,0.05,3.619277,0.361928,3.8e-05,6.505686,10.0,10.0,28.299454,0.0,28.299454,71.700546,51.855924,0.818446,6.517182
2026-08-12 12:42:29,18969.24,51399,257,220.9611,26.9004,2.7,302.846497,,,,0.05,11.12014,1.112014,3.9e-05,1.160359,8.0,9.0,4.132576,0.0,4.132576,95.867424,73.494303,0.773179,6.517182
2026-08-12 12:43:44,19044.59,51599,258,-157.1146,25.9122,2.7,417.649933,,,,0.05,6.362465,0.636246,1.4e-05,1.799456,10.0,10.0,26.489856,0.0,26.489856,73.510144,54.898715,0.720578,6.517182
2026-08-12 12:45:00,19119.93,51799,259,-143.4004,22.928,2.7,466.263916,,,,0.05,6.95194,0.695194,3.9e-05,3.802014,10.0,10.0,27.066716,0.0,27.066716,72.933284,54.35959,0.626142,6.517182
2026-08-12 12:46:14,19194.77,51999,260,255.1501,24.1608,2.7,509.32074,,,,0.05,8.564878,0.856488,1.933,0.234073,2.0,4.0,0.0,0.0,0.0,100.0,76.692045,0.573792,6.517182
2026-08-12 12:47:29,19269.79,52199,261,52.7454,24.8752,2.7,1250.418945,,,,0.05,6.962029,0.696203,4e-05,1.751754,10.0,10.0,9.232722,0.0,9.232722,90.767278,68.829861,0.848644,6.517182
2026-08-12 12:48:45,19345.1,52399,262,247.5478,25.4829,2.7,680.001221,,,,0.05,11.390471,1.139047,4e-05,2.797727,10.0,10.0,7.136278,0.0,7.136278,92.863722,70.639114,0.629373,6.517182
2026-08-12 12:50:00,19420.04,52599,263,-364.3776,19.7682,2.7,309.899689,,,,0.05,4.585423,0.458542,3.9e-05,6.91452,10.0,10.0,39.045141,0.0,39.045141,60.954859,44.145016,0.753362,6.517182
2026-08-12 12:51:15,19495.46,52799,264,-473.8356,13.3653,2.7,681.747437,,,,0.05,3.233338,0.323334,3.8e-05,3.519393,10.0,10.0,43.739691,0.0,43.739691,56.260309,41.087065,0.84402,6.517182
2026-08-12 12:52:31,19570.93,52999,265,319.3253,14.2608,2.7,240.742477,,,,0.05,11.828091,1.182809,4.1e-05,0.481262,4.0,6.0,0.0,0.0,0.0,100.0,77.2928,0.680216,6.517182
2026-08-12 12:53:46,19645.94,53199,266,158.7895,15.1143,2.7,127.466599,,,,0.05,7.596372,0.759637,3.9e-05,1.837882,10.0,10.0,4.309775,0.0,4.309775,95.690225,73.393288,0.681228,6.517182
2026-08-12 12:55:01,19721.01,53399,267,80.3136,14.7548,2.7,125.542656,,,,0.05,7.298107,0.729811,3.8e-05,1.167115,10.0,10.0,10.112248,0.0,10.112248,89.887752,68.639655,0.647549,6.517182
2026-08-12 12:56:16,19796.36,53599,268,-3.1821,13.4676,2.7,129.782593,,,,0.05,8.54961,0.854961,4e-05,2.556001,10.0,10.0,18.739008,0.0,18.739008,81.260992,61.107382,0.659807,6.517182
2026-08-12 12:57:31,19871.45,53799,269,-409.5042,6.6465,2.7,160.181915,,,,0.05,5.756757,0.575676,3.8e-05,6.296987,10.0,10.0,44.726511,0.0,44.726511,55.273489,39.463963,0.689267,6.517182
2026-08-12 12:58:46,19946.4,53999,270,66.2285,6.9902,2.7,844.249634,,,,0.05,9.258049,0.925805,3.9e-05,2.170402,10.0,10.0,16.138078,0.0,16.138078,83.861922,63.628996,0.746041,6.517182
2026-08-12 13:00:01,20021.66,54199,271,-304.0148,1.8401,2.7,1559.221436,,,,0.05,4.817855,0.481785,3.6e-05,2.477883,10.0,10.0,34.866707,0.0,34.866707,65.133293,48.490667,0.794582,6.517182
2026-08-12 13:01:16,20096.71,54399,272,-198.8666,-1.4796,2.7,279.977173,,,,0.05,7.247974,0.724797,3.8e-05,1.485353,10.0,10.0,30.180075,0.0,30.180075,69.819925,52.009024,0.683755,6.517182
2026-08-12 13:02:31,20171.36,54599,273,-268.063,-3.4553,2.7,129.71637,,,,0.05,6.435933,0.643593,4.1e-05,3.576125,10.0,10.0,34.36547,0.0,34.36547,65.63453,48.260446,0.668112,6.517182
2026-08-12 13:03:46,20246.51,54799,274,35.6333,-3.1821,2.7,139.360474,,,,0.05,7.159373,0.715937,3.8e-05,2.478367,10.0,10.0,12.754082,0.0,12.754082,87.245918,65.81709,0.820677,6.517182
2026-08-12 13:05:01,20321.38,54999,275,267.7264,-1.3533,2.7,164.368195,,,,0.05,11.292268,1.129227,3.8e-05,0.827493,6.0,9.0,0.101741,0.0,0.101741,99.898259,75.9832,0.847551,6.517182
2026-08-12 13:06:16,20396.28,55199,276,-224.7124,-4.7353,2.7,432.400543,,,,0.05,5.240203,0.52402,3.6e-05,4.627803,10.0,10.0,29.601002,0.0,29.601002,70.398998,51.668846,0.75262,6.517182
2026-08-12 13:07:31,20471.62,55399,277,-156.9196,-8.5336,2.7,77.662758,,,,0.05,5.26166,0.526166,3.8e-05,3.818081,10.0,10.0,24.558009,0.0,24.558009,75.441991,56.463105,0.728463,6.517182
2026-08-12 13:08:47,20546.98,55599,278,4.7117,-8.9757,2.7,88.941681,,,,0.05,3.984434,0.398443,3.8e-05,2.978421,10.0,10.0,9.149478,0.0,9.149478,90.850522,67.875626,0.860983,6.517182
2026-08-12 13:10:01,20621.8,55799,279,34.0741,-6.7354,2.7,127.90126,,,,0.05,4.474532,0.447453,3.8e-05,1.470123,10.0,10.0,7.547453,0.0,7.547453,92.452547,70.162177,0.796445,6.517182
2026-08-12 13:11:16,20696.88,55999,280,171.8922,-5.8686,2.7,70.985039,,,,0.05,5.919146,0.591915,3.9e-05,0.120227,1.0,2.0,0.0,0.0,0.0,100.0,76.77184,0.755522,6.517182
2026-08-12 13:12:32,20772.42,56199,281,-486.4413,-13.0835,2.7,138.10614,,,,0.05,4.176457,0.417646,3.6e-05,6.803115,10.0,10.0,47.219311,0.0,47.219311,52.780689,36.972967,0.72734,6.517182
2026-08-12 13:13:47,20847.64,56399,282,-133.356,-12.9594,2.7,551.754028,,,,0.05,5.037608,0.503761,3.8e-05,3.065328,10.0,10.0,21.630616,0.0,21.630616,78.369384,58.865184,0.757579,6.517182
2026-08-12 13:15:03,20922.93,56599,283,136.5668,-13.2022,2.7,104.807785,,,,0.05,6.755225,0.675523,3.9e-05,2.912348,10.0,10.0,4.770327,0.0,4.770327,95.229673,72.09223,0.753381,6.517182
2026-08-12 13:16:18,20998.34,56799,284,43.1275,-13.0169,2.7,192.818817,,,,0.05,4.715961,0.471596,3.9e-05,2.990556,10.0,10.0,7.557415,0.0,7.557415,92.442585,69.333746,0.809654,6.517182
2026-08-12 13:17:33,21073.26,56999,285,-90.2411,-13.9401,2.7,83.942459,,,,0.05,4.502718,0.450272,3.9e-05,2.677049,10.0,10.0,17.600958,0.0,17.600958,82.399042,61.832511,0.798559,6.517182
2026-08-12 13:18:48,21148.41,57199,286,-21.2113,-13.1442,2.7,121.915176,,,,0.05,6.185746,0.618575,3.8e-05,2.74794,10.0,10.0,15.622183,0.0,15.622183,84.377817,61.98868,0.711205,6.517182
2026-08-12 13:20:04,21224.37,57399,287,-98.7411,-14.3393,2.7,71.288361,,,,0.05,7.403563,0.740356,3.8e-05,4.268096,10.0,10.0,25.37286,0.0,25.37286,74.62714,54.819545,0.659328,6.517182
2026-08-12 13:21:06,21286.28,57599,288,-135.6488,-11.5901,2.7,656.526306,,,,0.05,7.140296,0.71403,3.8e-05,2.959305,10.0,10.0,26.587242,0.0,26.587242,73.412758,54.805517,0.675326,6.517182
2026-08-12 13:22:07,21347.75,57799,289,178.7464,-3.3235,2.7,130.415802,,,,0.05,8.147861,0.814786,3.8e-05,1.459861,10.0,10.0,2.705769,0.0,2.705769,97.294231,73.962542,0.854204,6.517182
2026-08-12 13:23:09,21409.14,57999,290,279.4336,3.8887,2.7,78.293793,,,,0.05,10.316551,1.031655,4e-05,1.854992,8.0,10.0,0.609888,0.0,0.609888,99.390112,75.585461,0.610715,6.517182
2026-08-12 13:24:10,21470.25,58199,291,-490.9264,-1.7905,2.7,337.158478,,,,0.05,6.329908,0.632991,3.9e-05,5.022785,10.0,10.0,52.120194,0.0,52.120194,47.879806,34.143104,0.69892,6.517182
2026-08-12 13:25:12,21532.85,58399,292,264.2415,-0.3537,2.7,304.864471,,,,0.05,11.214413,1.121441,4e-05,0.988197,6.0,9.0,1.094418,0.0,1.094418,98.905582,76.349979,0.777763,6.517182
2026-08-12 13:26:14,21594.4,58599,293,154.3053,0.276,2.7,179.51297,,,,0.05,9.390973,0.939097,4.1e-05,3.399173,10.0,10.0,7.931889,0.0,7.931889,92.068111,69.098771,0.739961,6.517182
2026-08-12 13:27:15,21655.89,58799,294,8.9409,0.7338,2.7,569.696289,,,,0.05,7.095357,0.709536,3.9e-05,5.446147,10.0,10.0,15.729569,0.0,15.729569,84.270431,62.814271,0.768633,6.517182
2026-08-12 13:28:17,21717.28,58999,295,-216.0435,-2.6697,2.7,225.708618,,,,0.05,7.627953,0.762795,3.6e-05,3.141333,10.0,10.0,33.931433,0.0,33.931433,66.068567,48.621185,0.737845,6.517182
2026-08-12 13:29:18,21778.87,59199,296,-150.5403,-5.8892,2.7,330.02002,,,,0.05,5.753511,0.575351,4e-05,3.861598,10.0,10.0,24.966586,0.0,24.966586,75.033414,55.240467,0.791905,6.517182
2026-08-12 13:30:20,21839.95,59399,297,235.0141,-1.4664,2.7,271.183624,,,,0.05,8.665507,0.866551,4.2e-05,0.445886,4.0,7.0,0.0,0.0,0.0,100.0,76.579184,0.698065,6.517182
2026-08-12 13:31:20,21900.81,59599,298,-21.3076,-3.725,2.7,133.081177,,,,0.05,7.696229,0.769623,3.7e-05,0.474471,3.0,6.0,17.835478,0.0,17.835478,82.164522,62.205429,0.651474,6.517182
2026-08-12 13:32:21,21961.41,59799,299,-45.0297,-4.0935,2.7,90.269958,,,,0.05,6.945865,0.694587,3.9e-05,1.01955,6.0,9.0,18.975069,0.0,18.975069,81.024931,59.111986,0.607318,6.517182
2026-08-12 13:33:23,22023.61,59999,300,191.2446,-5.1351,2.7,59.504616,,,,0.05,6.624188,0.662419,3.8e-05,1.136618,5.0,7.0,0.0,0.0,0.0,100.0,76.174981,0.738958,6.517182
2026-08-12 13:34:24,22084.85,60199,301,31.787,-5.5677,2.7,93.733353,,,,0.05,6.10306,0.610306,4.1e-05,1.857924,10.0,10.0,11.295243,0.0,11.295243,88.704757,67.346218,0.618319,6.517182
2026-08-12 13:35:26,22146.55,60399,302,259.2529,-1.8813,2.7,1086.751221,,,,0.05,9.688771,0.968877,4.1e-05,0.263559,2.0,4.0,0.0,0.0,0.0,100.0,76.63232,0.693034,6.517182
2026-08-12 13:36:28,22208.56,60599,303,135.7448,0.5473,2.7,8982.163086,,,,0.05,6.464572,0.646457,3.8e-05,0.189902,1.0,2.0,0.0,0.0,0.0,100.0,76.53632,0.937301,6.517182
2026-08-12 13:37:30,22270.84,60799,304,229.213,0.9661,2.7,18352.011719,,,,0.05,10.132616,1.013262,3.9e-05,1.646365,9.0,10.0,1.570524,0.0,1.570524,98.429476,74.246556,0.823037,6.517182
2026-08-12 13:38:32,22331.93,60999,305,26.4943,0.0919,2.7,21220.470703,,,,0.05,5.399613,0.539961,3.8e-05,3.729738,10.0,10.0,10.399442,0.0,10.399442,89.600558,67.4739,0.805808,6.517182
2026-08-12 13:39:32,22392.8,61199,306,17.6444,-0.8774,2.7,36012.921875,,,,0.05,9.498148,0.949815,3.8e-05,0.497774,1.0,1.0,19.052832,0.0,19.052832,80.947168,61.346164,0.701711,6.517182
2026-08-12 13:40:34,22454.21,61399,307,-190.4752,0.8442,2.7,10474.878906,,,,0.05,3.906506,0.390651,3.6e-05,2.193729,10.0,10.0,22.515909,0.0,22.515909,77.484091,58.371702,0.761149,6.517182
2026-08-12 13:41:35,22515.43,61599,308,-11.646,1.691,2.7,5089.012695,,,,0.05,7.365338,0.736534,1.941,2.278438,10.0,10.0,17.032867,0.0,17.032867,82.967133,62.623285,0.622564,6.517182
2026-08-12 13:42:36,22576.08,61799,309,165.5877,6.8644,2.7,2748.889648,,,,0.05,9.120667,0.912067,1.93095,2.18531,10.0,10.0,8.541008,0.0,8.541008,91.458992,68.927374,0.478518,6.517182
2026-08-12 13:43:38,22637.92,61999,310,-11.5837,8.9526,2.7,1327.853027,,,,0.05,9.201047,0.920105,1.926,5.202281,10.0,10.0,22.756261,0.0,22.756261,77.243739,57.638124,0.531933,6.517182
2026-08-12 13:44:40,22699.93,62199,311,-7.9003,9.4389,2.7,679.374146,,,,0.05,8.829206,0.882921,1.852996,4.390806,10.0,10.0,20.548768,0.0,20.548768,79.451232,58.474795,0.706543,6.517182
2026-08-12 13:45:41,22761.74,62399,312,-50.8623,6.8201,2.7,1614.35083,,,,0.05,8.993259,0.899326,1.911,6.85066,10.0,10.0,25.783628,0.0,25.783628,74.216372,54.275578,0.584794,6.517182
2026-08-12 13:46:43,22823.35,62599,313,-65.3881,5.5143,2.7,9706.800781,,,,0.05,5.920299,0.59203,3.7e-05,0.650231,1.0,10.0,16.852671,0.0,16.852671,83.147329,62.417966,0.850875,7.614513
2026-08-12 13:47:44,22884.68,62799,314,-30.7508,6.4031,2.7,11702.352539,,,,0.05,10.505567,1.050557,4e-05,2.439687,10.0,10.0,17.625428,0.0,17.625428,82.374572,60.787151,0.786443,7.614513
2026-08-12 13:48:46,22946.52,62999,315,-61.3658,7.9263,2.7,8844.0,,,,0.05,5.596522,0.559652,3.8e-05,3.389068,10.0,10.0,16.100747,0.0,16.100747,83.899253,62.816636,0.821944,7.614513
2026-08-12 13:49:48,23008.01,63199,316,-203.674,7.7082,2.7,6984.584961,,,,0.05,7.631657,0.763166,3.9e-05,1.420209,10.0,10.0,28.347765,0.0,28.347765,71.652235,51.901572,0.768542,7.614513
2026-08-12 13:50:49,23069.59,63399,317,-418.9388,5.2504,2.7,4556.398438,,,,0.05,7.384485,0.738448,3.9e-05,4.767497,10.0,10.0,42.272735,0.0,42.272735,57.727265,41.567545,0.685156,7.614513
2026-08-12 13:51:51,23131.18,63599,318,-246.672,0.9209,2.7,6118.351074,,,,0.05,9.268811,0.926881,1.93695,3.519525,10.0,10.0,34.906642,0.0,34.906642,65.093358,48.910745,0.560675,7.614513
2026-08-12 13:52:52,23192.72,63799,319,-221.7237,-1.0403,2.8,1746.711914,,,,0.05,7.614759,0.761476,1.94095,5.86955,10.0,10.0,30.428824,0.0,30.428824,69.571176,51.741369,0.625766,7.614513
2026-08-12 13:53:53,23253.78,63999,320,132.5565,2.4576,2.8,4119.462402,,,,0.05,6.76123,0.676123,3.8e-05,2.358471,10.0,10.0,5.043423,0.0,5.043423,94.956577,72.616934,0.796417,7.614513
2026-08-12 13:54:55,23315.16,64199,321,-292.7402,-1.2925,2.8,8430.443359,,,,0.05,3.979211,0.397921,3.9e-05,4.038213,10.0,10.0,27.619933,0.0,27.619933,72.380067,53.552173,0.851688,7.614513
2026-08-12 13:55:55,23375.46,64399,322,227.9794,4.0403,2.8,1105.685303,,,,0.05,7.717283,0.771728,4.1e-05,1.301786,7.0,10.0,0.49114,0.0,0.49114,99.50886,75.689354,0.554388,7.614513
2026-08-12 13:56:57,23437.32,64599,323,-350.0646,0.0282,2.8,2015.033447,,,,0.05,4.466802,0.44668,3.6e-05,2.177456,10.0,10.0,31.807963,0.0,31.807963,68.192037,50.931033,0.728885,7.614513
2026-08-12 13:57:58,23498.26,64799,324,-72.7078,2.144,2.8,8937.972656,,,,0.05,2.375112,0.237511,3.9e-05,1.700413,10.0,10.0,9.512707,0.0,9.512707,90.487293,68.091544,0.949732,7.614513
2026-08-12 13:58:59,23559.57,64999,325,112.8477,2.4883,2.8,3517.94043,,,,0.05,5.482854,0.548285,4e-05,1.434794,10.0,10.0,3.56266,0.0,3.56266,96.43734,73.019496,0.80657,7.614513
2026-08-12 14:00:01,23620.97,65199,326,236.3605,2.2174,2.8,3477.994629,,,,0.05,12.398107,1.239811,1.93995,1.51935,10.0,10.0,7.84445,0.0,7.84445,92.15555,69.768274,0.512755,7.614513
2026-08-12 14:01:02,23682.17,65399,327,72.2496,2.7443,2.8,1815.600952,,,,0.05,13.088527,1.308853,4e-05,2.889184,10.0,10.0,21.10262,0.0,21.10262,78.89738,59.445213,0.580066,7.614513
2026-08-12 14:02:03,23743.44,65599,328,268.7622,6.0158,2.8,448.861694,,,,0.05,10.561244,1.056124,4e-05,1.415776,9.0,10.0,2.784273,0.0,2.784273,97.215727,73.696371,0.531228,7.614513
2026-08-12 14:03:04,23804.81,65799,329,-260.9563,4.0276,2.8,1141.131104,,,,0.05,6.725542,0.672554,3.9e-05,1.59533,10.0,10.0,30.462867,0.0,30.462867,69.537133,51.618951,0.546084,7.614513
2026-08-12 14:04:05,23865.26,65999,330,157.1484,4.8292,2.8,210.331329,,,,0.05,5.339835,0.533983,3.9e-05,0.013748,0.0,1.0,0.0,0.0,0.0,100.0,76.72172,0.747481,7.614513
2026-08-12 14:05:06,23926.87,66199,331,157.2483,4.6429,2.8,435.281494,,,,0.05,5.334341,0.533434,4e-05,0.194225,1.0,4.0,0.0,0.0,0.0,100.0,76.559591,0.823594,7.614513
2026-08-12 14:06:07,23987.46,66399,332,118.0145,3.7267,2.8,202.14418,,,,0.05,8.620891,0.862089,4.1e-05,3.012795,10.0,10.0,9.956306,0.0,9.956306,90.043694,67.682734,0.492111,7.614513
2026-08-12 14:07:08,24048.55,66599,333,-282.0933,-0.2861,2.8,244.990799,,,,0.05,4.484669,0.448467,3.8e-05,3.961704,10.0,10.0,27.772869,0.0,27.772869,72.227131,53.466465,0.771239,7.614513
2026-08-12 14:08:09,24109.67,66799,334,-50.4743,-4.0348,2.8,303.137634,,,,0.05,6.819396,0.68194,3.8e-05,2.352304,10.0,10.0,16.314674,0.0,16.314674,83.685326,62.678736,0.692211,7.614513
2026-08-12 14:09:10,24170.85,66999,335,264.4727,-0.2211,2.8,159.049683,,,,0.05,9.239824,0.923982,3.9e-05,0.32152,3.0,6.0,0.0,0.0,0.0,100.0,76.496998,0.653622,7.614513
2026-08-12 14:10:12,24231.97,67199,336,225.2108,0.1955,2.8,245.141479,,,,0.05,8.416738,0.841674,4e-05,1.498128,8.0,10.0,0.699757,0.0,0.699757,99.300243,74.550644,0.82519,7.614513
2026-08-12 14:11:13,24293.27,67399,337,270.504,2.5027,2.8,513.0271,,,,0.05,9.283049,0.928305,3.7e-05,0.387839,2.0,5.0,0.0,0.0,0.0,100.0,76.66688,0.636745,7.614513
2026-08-12 14:12:13,24353.6,67599,338,247.9606,2.9916,2.8,1317.316895,,,,0.05,9.318016,0.931802,4e-05,0.046699,0.0,1.0,0.0,0.0,0.0,100.0,76.55552,0.801416,7.614513
2026-08-12 14:13:16,24416.73,67799,339,200.6649,6.9525,2.8,182.555878,,,,0.05,11.060245,1.106025,4.1e-05,3.008999,10.0,10.0,8.43255,0.0,8.43255,91.56745,69.035113,0.535402,7.614513
2026-08-12 14:14:18,24478.23,67999,340,54.5823,5.1399,2.8,192.015625,,,,0.05,12.539006,1.253901,8e-06,2.44699,9.0,10.0,20.235534,0.0,20.235534,79.764466,59.327775,0.544571,7.614513
2026-08-12 14:15:20,24540.45,68199,341,288.4404,5.7674,2.8,144.742188,,,,0.05,11.624641,1.162464,4e-05,2.572495,10.0,10.0,3.501174,0.0,3.501174,96.498826,73.444879,0.599865,7.614513
2026-08-12 14:16:22,24602.13,68399,342,-143.907,2.3417,2.8,1279.787964,,,,0.05,8.097198,0.80972,3.7e-05,2.377242,10.0,10.0,24.437031,0.0,24.437031,75.562969,56.29487,0.614456,7.614513
2026-08-12 14:17:24,24664.27,68599,343,-75.9675,-1.3871,2.8,1797.897339,,,,0.05,7.336396,0.73364,3.9e-05,2.237138,10.0,10.0,18.783969,0.0,18.783969,81.216031,60.855712,0.808718,7.614513
2026-08-12 14:18:25,24725.66,68799,344,65.0054,-2.324,2.8,2137.608887,,,,0.05,9.735611,0.973561,4e-05,3.130753,10.0,10.0,15.251651,0.0,15.251651,84.748349,62.675424,0.677677,7.614513
2026-08-12 14:19:27,24787.02,68999,345,-114.3119,-6.4461,2.8,166.160248,,,,0.05,8.943009,0.894301,0.039273,3.308384,10.0,10.0,25.554599,0.0,25.554599,74.445401,56.386683,0.42958,7.614513
2026-08-12 14:20:28,24848.24,69199,346,-60.7559,-7.8701,2.8,2012.331543,,,,0.05,7.753916,0.775392,3.6e-05,0.338389,2.0,10.0,16.796479,0.0,16.796479,83.203521,63.251491,0.823185,7.614513
2026-08-12 14:21:30,24910.55,69399,347,168.7838,-7.9272,2.8,1141.547607,,,,0.05,7.083058,0.708306,3.9e-05,1.330283,9.0,10.0,3.080898,0.0,3.080898,96.919102,71.939553,0.838391,7.614513
2026-08-12 14:22:32,24971.98,69599,348,241.7073,-0.842,2.8,233.294434,,,,0.05,12.099974,1.209997,1.93795,2.675679,10.0,10.0,7.665135,0.0,7.665135,92.334865,70.123426,0.579749,7.614513
2026-08-12 14:23:33,25033.23,69799,349,-274.4796,-4.9791,2.8,314.656525,,,,0.05,4.901729,0.490173,9e-06,1.653518,10.0,10.0,27.692998,0.0,27.692998,72.307002,54.260259,0.550779,7.614513
2026-08-12 14:24:34,25094.61,69999,350,222.7239,-1.5964,2.8,267.470886,,,,0.05,8.426738,0.842674,3.9e-05,1.417281,10.0,10.0,2.069494,0.0,2.069494,97.930506,74.335895,0.613528,7.614513
2026-08-12 14:25:35,25155.8,70199,351,68.5415,0.7554,2.8,201.267487,,,,0.05,8.558499,0.85585,3.9e-05,2.637973,10.0,10.0,11.445262,0.0,11.445262,88.554738,66.668985,0.607436,7.614513
2026-08-12 14:26:37,25217.17,70399,352,-125.7424,0.1016,2.8,629.327271,,,,0.05,4.548731,0.454873,3.7e-05,2.492758,10.0,10.0,17.576726,0.0,17.576726,82.423274,61.817891,0.830273,7.614513
2026-08-12 14:27:38,25278.51,70599,353,-263.6563,-3.4726,2.8,133.335556,,,,0.05,9.353722,0.935372,4.1e-05,4.126617,10.0,10.0,35.299593,0.0,35.299593,64.700407,48.273834,0.496866,7.614513
2026-08-12 14:28:40,25340.14,70799,354,246.4284,-2.4763,2.8,70.679947,,,,0.05,8.311035,0.831104,4e-05,0.994451,6.0,8.0,0.0,0.0,0.0,100.0,76.352376,0.682506,7.614513
2026-08-12 14:29:42,25402.17,70999,355,-292.605,-7.056,2.8,84.91951,,,,0.05,7.002988,0.700299,3.8e-05,3.356969,10.0,10.0,33.434954,0.0,33.434954,66.565046,49.117493,0.722009,7.614513
2026-08-12 14:30:43,25463.65,71199,356,-252.9728,-7.0726,2.8,463.343079,,,,0.05,3.826947,0.382695,3.7e-05,6.212311,10.0,10.0,24.16614,0.0,24.16614,75.83386,55.345965,0.832121,7.614513
2026-08-12 14:31:45,25525.42,71399,357,239.4486,-6.8877,2.8,1861.966675,,,,0.05,9.048057,0.904806,3.7e-05,1.749474,10.0,10.0,1.714923,0.0,1.714923,98.285077,74.918507,0.806653,7.614513
2026-08-12 14:32:46,25586.83,71599,358,101.5059,-4.3015,2.8,71.298279,,,,0.05,10.86294,1.086294,1.93095,3.058032,10.0,10.0,14.437896,0.0,14.437896,85.562104,64.420727,0.554729,7.614513
2026-08-12 14:33:47,25647.71,71799,359,276.5015,-0.1025,2.8,1066.155029,,,,0.05,13.047447,1.304745,4.2e-05,0.153619,1.0,3.0,0.0,0.0,0.0,100.0,76.64896,0.817515,7.614513
2026-08-12 14:34:49,25709.15,71999,360,-264.7529,-5.3015,2.8,522.25647,,,,0.05,8.812782,0.881278,3.7e-05,4.233659,10.0,10.0,34.755517,0.0,34.755517,65.244483,46.394252,0.735502,7.614513
2026-08-12 14:35:50,25769.94,72199,361,337.3103,-2.4558,2.8,437.123291,,,,0.05,11.673671,1.167367,4.1e-05,1.591166,6.0,10.0,0.137218,0.0,0.137218,99.862782,76.398017,0.585641,7.614513
2026-08-12 14:36:51,25831.68,72399,362,53.3349,-4.398,2.8,895.768311,,,,0.05,6.877683,0.687768,3.8e-05,2.549198,10.0,10.0,9.685263,0.0,9.685263,90.314737,67.329752,0.716392,7.614513
2026-08-12 14:37:52,25892.91,72599,363,19.6477,-0.5577,2.8,1609.855469,,,,0.05,8.620451,0.862045,4.1e-05,0.890707,9.0,10.0,14.256984,0.0,14.256984,85.743016,64.794839,0.604283,7.614513
2026-08-12 14:38:54,25954.24,72799,364,-30.765,3.873,2.8,1347.660645,,,,0.05,6.226317,0.622632,3.7e-05,1.163638,10.0,10.0,13.734964,0.0,13.734964,86.265036,64.90524,0.811868,7.614513
2026-08-12 14:39:55,26015.48,72999,365,251.3671,3.1934,2.8,689.47052,,,,0.05,9.150749,0.915075,4e-05,0.279172,1.0,2.0,0.0,0.0,0.0,100.0,75.767722,0.6742,7.614513
2026-08-12 14:40:56,26076.85,73199,366,-655.6473,-4.951,2.8,1082.619141,,,,0.05,6.664314,0.666431,4e-05,7.906722,10.0,10.0,54.440483,0.0,54.440483,45.559517,32.147597,0.643157,7.614513
2026-08-12 14:41:58,26138.89,73399,367,225.1675,-3.5024,2.8,417.870575,,,,0.05,8.064901,0.80649,4e-05,0.994978,6.0,9.0,0.058362,0.0,0.058362,99.941638,76.20706,0.742543,7.614513
2026-08-12 14:43:00,26200.72,73599,368,211.2144,-1.3585,2.8,252.982956,,,,0.05,8.425355,0.842535,3.9e-05,1.56664,9.0,10.0,1.668358,0.0,1.668358,98.331642,75.080272,0.693521,7.614513
2026-08-12 14:44:01,26261.54,73799,369,50.7028,3.2436,2.8,111.850189,,,,0.05,6.476606,0.647661,3.9e-05,1.695405,10.0,10.0,8.732905,0.0,8.732905,91.267095,69.494209,0.638175,7.614513
2026-08-12 14:45:04,26324.2,73999,370,-136.0971,1.2204,2.8,135.861084,,,,0.05,5.141377,0.514138,3.9e-05,4.450309,10.0,10.0,18.917164,0.0,18.917164,81.082836,60.248614,0.717023,7.614513
2026-08-12 14:46:05,26385.64,74199,371,-772.262,-3.4621,2.8,256.371124,,,,0.05,2.503616,0.250362,3.7e-05,5.094599,10.0,10.0,55.086459,0.0,55.086459,44.913541,31.205212,0.8138,7.614513
2026-08-12 14:47:07,26446.97,74399,372,-4.1394,-1.5149,2.8,56.909977,,,,0.05,4.426124,0.442612,4e-05,3.287437,10.0,10.0,9.260709,0.0,9.260709,90.739291,67.808895,0.732974,7.614513
2026-08-12 14:48:08,26508.6,74599,373,-65.5816,0.51,2.8,102.292679,,,,0.05,3.876601,0.38766,3.8e-05,2.461256,10.0,10.0,11.830585,0.0,11.830585,88.169415,65.230659,0.787087,7.614513
2026-08-12 14:49:10,26570.39,74799,374,21.083,0.3645,2.8,206.463684,,,,0.05,4.541378,0.454138,3.8e-05,1.616084,10.0,10.0,7.248585,0.0,7.248585,92.751415,70.121143,0.758229,7.614513
2026-08-12 14:50:12,26632.02,74999,375,-61.6943,-2.9297,2.8,513.695557,,,,0.05,8.186875,0.818688,3.8e-05,3.281111,10.0,10.0,19.444398,0.0,19.444398,80.555602,59.024158,0.676018,8.523168
2026-08-12 14:51:13,26693.72,75199,376,246.7002,1.7844,2.8,466.627197,,,,0.05,9.364623,0.936462,3.8e-05,0.621856,4.0,5.0,0.0,0.0,0.0,100.0,76.393726,0.716695,8.523168
2026-08-12 14:52:14,26754.27,75399,377,-160.9547,1.744,2.8,128.882217,,,,0.05,7.129282,0.712928,3.7e-05,4.234264,10.0,10.0,21.792448,0.0,21.792448,78.207552,56.741615,0.729598,8.523168
2026-08-12 14:53:16,26816.52,75599,378,8.7019,1.7839,2.8,618.828003,,,,0.05,10.673248,1.067325,3.8e-05,3.112797,10.0,10.0,15.530448,0.0,15.530448,84.469552,63.418174,0.796416,8.523168
2026-08-12 14:54:18,26877.97,75799,379,220.9889,3.6531,2.8,911.831055,,,,0.05,11.263913,1.126391,3.9e-05,2.019194,10.0,10.0,3.931286,0.0,3.931286,96.068714,73.092774,0.826886,8.523168
2026-08-12 14:55:19,26939.84,75999,380,-134.3868,0.5903,2.8,473.587952,,,,0.05,7.848584,0.784858,3.7e-05,2.778136,10.0,10.0,21.008278,0.0,21.008278,78.991722,59.300328,0.73567,8.523168
2026-08-12 14:56:22,27002.24,76199,381,120.0648,6.6553,2.8,208.721634,,,,0.05,9.764459,0.976446,3.9e-05,3.44865,10.0,10.0,9.621936,0.0,9.621936,90.378064,67.28428,0.669663,8.523168
2026-08-12 14:57:24,27064.28,76399,382,22.6757,8.2157,2.8,914.117188,,,,0.05,8.15884,0.815884,4e-05,2.080752,10.0,10.0,12.668919,0.0,12.668919,87.331081,66.824046,0.777065,8.523168
2026-08-12 14:58:25,27125.69,76599,383,-280.1661,4.0483,2.8,581.197388,,,,0.05,6.581725,0.658173,3.7e-05,3.637625,10.0,10.0,28.179109,0.0,28.179109,71.820891,54.016104,0.728855,8.523168
2026-08-12 14:59:26,27186.45,76799,384,103.9898,4.657,2.8,5039.236328,,,,0.05,7.942849,0.794285,3.9e-05,2.448569,9.0,10.0,7.7148,0.0,7.7148,92.2852,68.767141,0.773703,8.523168
2026-08-12 15:00:27,27247.54,76999,385,252.4613,8.084,2.8,711.619995,,,,0.05,9.296592,0.929659,4e-05,0.069011,1.0,1.0,0.0,0.0,0.0,100.0,77.270593,0.790641,8.523168
2026-08-12 15:01:29,27309.1,77199,386,-130.1527,6.9946,2.8,1111.332275,,,,0.05,5.088724,0.508872,4e-05,3.013428,10.0,10.0,17.006566,0.0,17.006566,82.993434,62.346934,0.683738,8.523168
2026-08-12 15:02:29,27369.9,77399,387,-393.6377,4.0456,2.8,260.069031,,,,0.05,2.62139,0.262139,3.6e-05,1.70209,10.0,10.0,27.916173,0.0,27.916173,72.083827,53.924281,0.885655,8.523168
2026-08-12 15:03:31,27431.36,77599,388,-533.8591,0.0635,2.8,184.974747,,,,0.05,5.590743,0.559074,3.7e-05,3.149901,10.0,10.0,40.805902,0.0,40.805902,59.194098,43.364574,0.588044,8.523168
2026-08-12 15:04:33,27492.96,77799,389,-301.8469,-4.7424,2.8,444.23877,,,,0.05,4.625559,0.462556,3.8e-05,3.748742,10.0,10.0,25.848879,0.0,25.848879,74.151121,54.660456,0.745735,8.523168
2026-08-12 15:05:34,27554.8,77999,390,-283.8606,-10.3754,2.8,418.003296,,,,0.05,8.312419,0.831242,3.8e-05,1.821235,10.0,10.0,31.090132,0.0,31.090132,68.909868,50.466528,0.591272,8.523168
2026-08-12 15:06:36,27616.51,78199,391,65.4203,-4.8119,2.8,102.435226,,,,0.05,8.660314,0.866031,7e-06,3.347815,10.0,10.0,11.36207,0.0,11.36207,88.63793,66.08546,0.63282,8.523168
2026-08-12 15:07:37,27677.54,78399,392,-180.2562,-9.2569,2.8,221.567719,,,,0.05,7.910646,0.791065,3.8e-05,3.786529,10.0,10.0,24.175898,0.0,24.175898,75.824102,56.065812,0.644073,8.523168
2026-08-12 15:08:39,27739.65,78599,393,-96.9277,-11.7692,2.8,1720.582397,,,,0.05,6.488448,0.648845,3.9e-05,3.343194,10.0,10.0,15.970725,0.0,15.970725,84.029275,62.951201,0.80294,8.523168
2026-08-12 15:09:41,27801.76,78799,394,-681.1624,-18.6702,2.8,1250.272095,,,,0.05,2.943346,0.294335,3.5e-05,7.051451,10.0,10.0,45.121442,0.0,45.121442,54.878558,39.259485,0.807822,8.523168
2026-08-12 15:10:43,27863.57,78999,395,125.4209,-15.2556,2.8,1133.368774,,,,0.05,7.451799,0.74518,3.9e-05,2.852944,10.0,10.0,5.718992,0.0,5.718992,94.281008,71.151957,0.70668,8.523168
2026-08-12 15:11:45,27925.77,79199,396,-30.2329,-14.0525,2.8,1034.113281,,,,0.05,8.653747,0.865375,3.8e-05,2.295066,10.0,10.0,14.980529,0.0,14.980529,85.019471,63.632548,0.740054,8.523168
2026-08-12 15:12:47,27987.69,79399,397,263.9839,-13.7628,2.8,140.151215,,,,0.05,10.217377,1.021738,3.9e-05,1.014208,5.0,7.0,0.0,0.0,0.0,100.0,76.400654,0.802678,8.523168
2026-08-12 15:13:49,28048.94,79599,398,268.248,-10.8673,2.8,250.591827,,,,0.05,10.386341,1.038634,3.8e-05,0.622023,4.0,6.0,0.0,0.0,0.0,100.0,76.70656,0.812133,8.523168
2026-08-12 15:14:50,28110.15,79799,399,178.3916,-8.6331,2.8,244.04866,,,,0.05,7.941659,0.794166,3.9e-05,2.179205,10.0,10.0,3.290121,0.0,3.290121,96.709879,73.467709,0.738417,8.523168
2026-08-12 15:15:50,28170.89,79999,400,171.0772,-8.8347,2.8,1028.623901,,,,0.05,8.118941,0.811894,3.9e-05,0.361865,2.0,9.0,1.52468,0.0,1.52468,98.47532,72.275647,0.799369,8.523168
2026-08-12 15:16:52,28232.65,80199,401,95.19,-8.2007,2.8,181.013123,,,,0.05,7.183207,0.718321,3.8e-05,2.138637,10.0,10.0,7.148839,0.0,7.148839,92.851161,70.119626,0.746242,8.523168
2026-08-12 15:17:53,28293.7,80399,402,28.4398,-10.5088,2.8,2190.402832,,,,0.05,5.320315,0.532031,3.9e-05,4.085718,10.0,10.0,7.774017,0.0,7.774017,92.225983,66.773256,0.815472,8.523168
2026-08-12 15:18:55,28355.34,80599,403,72.817,-11.1381,2.8,88.495224,,,,0.05,6.437712,0.643771,3.8e-05,3.320225,10.0,10.0,7.604328,0.0,7.604328,92.395672,69.370093,0.731252,8.523168
2026-08-12 15:19:57,28417.3,80799,404,-49.1187,-13.9214,2.8,47.504032,,,,0.05,7.991454,0.799145,1.3e-05,4.068701,10.0,10.0,17.638353,0.0,17.638353,82.361647,61.235444,0.59301,8.523168
2026-08-12 15:20:59,28479.27,80999,405,-37.9107,-14.5655,2.8,87.047737,,,,0.05,7.179165,0.717917,3.8e-05,1.950962,10.0,10.0,14.660007,0.0,14.660007,85.339993,65.132706,0.705827,8.523168
2026-08-12 15:22:00,28540.88,81199,406,-118.1664,-15.9236,2.8,52.481606,,,,0.05,7.405945,0.740595,3.8e-05,2.211283,10.0,10.0,20.117764,0.0,20.117764,79.882236,57.6999,0.652419,8.523168
2026-08-12 15:23:02,28602.59,81399,407,-517.2085,-19.1909,2.8,56.441055,,,,0.05,4.807596,0.48076,3.6e-05,6.873509,10.0,10.0,38.319121,0.0,38.319121,61.680879,44.250183,0.708691,8.523168
2026-08-12 15:24:03,28663.41,81599,408,-225.7297,-21.3318,2.8,47.996201,,,,0.05,5.150904,0.51509,3.8e-05,2.253231,10.0,10.0,22.004679,0.0,22.004679,77.995321,58.272659,0.639357,8.523168
2026-08-12 15:25:05,28725.9,81799,409,68.1016,-22.3066,2.8,25.422821,,,,0.05,5.107618,0.510762,3.8e-05,2.381088,10.0,10.0,5.421787,0.0,5.421787,94.578213,71.87092,0.724191,8.523168
2026-08-12 15:26:07,28787.0,81999,410,-607.8344,-28.2691,2.8,36.224941,,,,0.05,2.801461,0.280146,3.5e-05,6.113456,10.0,10.0,40.482502,0.0,40.482502,59.517498,42.187062,0.852143,8.523168
2026-08-12 15:27:08,28848.16,82199,411,172.3647,-26.4665,2.8,46.60321,,,,0.05,5.89477,0.589477,4.1e-05,0.284205,2.0,3.0,0.0,0.0,0.0,100.0,76.80768,0.749178,8.523168
2026-08-12 15:28:10,28910.08,82399,412,63.8486,-25.3194,2.9,12.624063,,,,0.05,6.002578,0.600258,4.1e-05,1.649566,10.0,10.0,6.400773,0.0,6.400773,93.599227,71.227467,0.704217,8.523168
2026-08-12 15:29:11,28971.64,82599,413,-43.0057,-25.0955,2.9,89.791504,,,,0.05,4.487148,0.448715,3.9e-05,4.433117,10.0,10.0,10.571215,0.0,10.571215,89.428785,67.052489,0.789577,8.523168
2026-08-12 15:30:13,29032.95,82799,414,-285.3801,-27.6418,2.9,36.702496,,,,0.05,5.347758,0.534776,1.7e-05,2.1258,10.0,10.0,26.121867,0.0,26.121867,73.878133,54.558886,0.661006,8.523168
2026-08-12 15:31:14,29094.65,82999,415,-281.4345,-29.8425,2.9,143.737366,,,,0.05,4.627625,0.462763,3.8e-05,3.23084,10.0,10.0,24.786638,0.0,24.786638,75.213362,56.226741,0.733967,8.523168
2026-08-12 15:32:15,29155.11,83199,416,64.4099,-27.1617,2.9,1208.252686,,,,0.05,8.559448,0.855945,3.6e-05,1.511454,9.0,10.0,10.773063,0.0,10.773063,89.226937,66.845934,0.750891,8.523168
2026-08-12 15:33:17,29217.36,83399,417,-374.9215,-26.7215,2.9,56.125393,,,,0.05,8.174247,0.817425,3.5e-05,3.490491,10.0,10.0,31.951402,0.0,31.951402,68.048598,50.773193,0.798712,8.523168
2026-08-12 15:34:18,29278.32,83599,418,-287.5687,-27.1305,2.9,44.09557,,,,0.05,9.436845,0.943685,3.7e-05,4.603197,10.0,10.0,33.177859,0.0,33.177859,66.822141,48.863769,0.732294,8.523168
2026-08-12 15:35:19,29339.44,83799,419,95.6558,-23.9567,2.9,23.734253,,,,0.05,11.964924,1.196492,3.7e-05,3.452829,10.0,10.0,14.557736,0.0,14.557736,85.442264,62.472364,0.725884,8.523168
2026-08-12 15:36:20,29400.69,83999,420,-35.593,-25.6382,2.9,18.296989,,,,0.05,12.087472,1.208747,3.9e-05,2.748567,10.0,10.0,21.124008,0.0,21.124008,78.875992,59.116678,0.703416,8.523168
2026-08-12 15:37:22,29462.27,84199,421,2.0452,-22.6903,2.9,142.145279,,,,0.05,8.098734,0.809873,4e-05,3.087859,10.0,10.0,13.818705,0.0,13.818705,86.181295,64.606152,0.708184,8.523168
2026-08-12 15:38:23,29523.8,84399,422,32.1787,-24.6483,2.9,113.205048,,,,0.05,6.184632,0.618463,3.8e-05,1.767859,10.0,10.0,8.358214,0.0,8.358214,91.641786,68.626064,0.712683,8.523168
2026-08-12 15:39:25,29585.46,84599,423,-624.8887,-27.3966,2.9,102.523064,,,,0.05,4.579596,0.45796,3.8e-05,2.927392,10.0,10.0,44.264393,0.0,44.264393,55.735607,40.381223,0.769336,8.523168
2026-08-12 15:40:27,29646.94,84799,424,61.995,-26.0495,2.9,153.983307,,,,0.05,5.485149,0.548515,3.6e-05,1.416889,8.0,10.0,6.25,0.0,6.25,93.75,71.865847,0.738421,8.523168
2026-08-12 15:41:29,29709.5,84999,425,-318.407,-30.3621,2.9,28.189617,,,,0.05,4.152638,0.415264,3.8e-05,4.493684,10.0,10.0,26.31902,0.0,26.31902,73.68098,54.509539,0.78629,8.523168
2026-08-12 15:42:30,29770.41,85199,426,46.0451,-32.2652,2.9,111.371193,,,,0.05,9.67474,0.967474,3.9e-05,2.789728,10.0,10.0,13.092139,0.0,13.092139,86.907861,65.353221,0.593704,8.523168
2026-08-12 15:43:31,29831.85,85399,427,-188.3966,-34.8717,2.9,338.513367,,,,0.05,9.541482,0.954148,3.9e-05,1.691482,10.0,10.0,25.971957,0.0,25.971957,74.028043,55.713193,0.681822,8.523168
2026-08-12 15:44:33,29893.64,85599,428,-179.6261,-39.3556,2.9,117.503677,,,,0.05,8.262422,0.826242,3.7e-05,1.863636,9.0,10.0,25.074948,0.0,25.074948,74.925052,57.136017,0.629418,8.523168
2026-08-12 15:45:35,29955.68,85799,429,-498.4637,-41.7307,2.9,126.41877,,,,0.05,5.415245,0.541524,3.7e-05,4.027639,10.0,10.0,39.076062,0.0,39.076062,60.923938,45.05071,0.691617,8.523168
2026-08-12 15:46:37,30017.64,85999,430,-206.8362,-45.3705,2.9,133.875946,,,,0.05,8.129861,0.812986,4e-05,5.068084,10.0,10.0,26.993193,0.0,26.993193,73.006807,54.226167,0.697019,8.523168
2026-08-12 15:47:39,30079.36,86199,431,-28.7149,-47.2301,2.9,412.61618,,,,0.05,7.148901,0.71489,3.8e-05,0.713936,10.0,10.0,13.981733,0.0,13.981733,86.018267,65.521959,0.743358,8.523168
2026-08-12 15:48:41,30141.14,86399,432,54.8714,-47.8616,2.9,357.509644,,,,0.05,7.659469,0.765947,3.9e-05,2.921424,10.0,10.0,10.217644,0.0,10.217644,89.782356,68.660091,0.733824,8.523168
2026-08-12 15:49:42,30202.92,86599,433,211.8624,-42.922,2.9,104.62748,,,,0.05,7.408803,0.74088,3.9e-05,0.23208,1.0,6.0,0.0,0.0,0.0,100.0,76.856382,0.789455,8.523168
2026-08-12 15:50:44,30264.4,86799,434,-296.4751,-45.382,2.9,150.555954,,,,0.05,4.048758,0.404876,3.8e-05,2.7942,10.0,10.0,24.828366,0.0,24.828366,75.171634,56.285289,0.806818,8.523168
2026-08-12 15:51:45,30325.46,86999,435,-7.5859,-48.1026,2.9,307.026123,,,,0.05,5.450539,0.545054,4e-05,1.121392,10.0,10.0,10.063624,0.0,10.063624,89.936376,68.69057,0.760817,8.523168
2026-08-12 15:52:46,30386.61,87199,436,-299.4134,-53.3489,2.9,63.912384,,,,0.05,5.198204,0.51982,4e-05,1.532295,10.0,10.0,26.721173,0.0,26.721173,73.278827,55.014938,0.825236,8.523168
2026-08-12 15:53:48,30448.47,87399,437,206.7632,-53.9863,2.9,120.032234,,,,0.05,7.138702,0.71387,3.8e-05,0.060358,1.0,1.0,0.0,0.0,0.0,100.0,76.93824,0.78637,8.523168
2026-08-12 15:54:49,30509.88,87599,438,188.0987,-54.5849,2.9,99.867065,,,,0.05,7.472424,0.747242,3.9e-05,0.072616,1.0,2.0,0.0,0.0,0.0,100.0,76.71296,0.84187,9.687361
2026-08-12 15:55:51,30571.01,87799,439,-196.931,-58.5608,2.9,1069.114258,,,,0.05,5.602092,0.560209,3.8e-05,1.575514,9.0,10.0,18.769411,0.0,18.769411,81.230589,59.506922,0.800659,9.687361
2026-08-12 15:56:53,30633.07,87999,440,-45.7433,-59.5641,2.9,8.928514,,,,0.05,6.405635,0.640563,1.799012,1.267071,10.0,10.0,12.867126,0.0,12.867126,87.132874,66.200687,0.704942,9.687361
2026-08-12 15:57:54,30694.42,88199,441,-855.5728,-71.0042,2.9,16.547646,,,,0.05,3.83554,0.383554,3.9e-05,4.940543,10.0,10.0,50.358957,0.0,50.358957,49.641043,35.922614,0.682447,9.687361
2026-08-12 15:58:55,30755.45,88399,442,-254.4105,-72.1093,2.9,14.471687,,,,0.05,8.050381,0.805038,1.937,1.551498,10.0,10.0,25.757197,0.0,25.757197,74.242803,55.671328,0.391098,9.687361
2026-08-12 15:59:56,30816.76,88599,443,5.2409,-71.2972,2.9,11.465496,,,,0.05,8.3921,0.83921,1.938,1.207483,10.0,10.0,12.764294,0.0,12.764294,87.235706,66.330278,0.53747,9.687361
2026-08-12 16:00:58,30878.06,88799,444,-472.7446,-76.6747,2.9,15.124413,,,,0.05,6.882462,0.688246,3.9e-05,3.067988,10.0,10.0,35.177444,0.0,35.177444,64.822556,47.697402,0.568042,9.687361
2026-08-12 16:01:59,30939.01,88999,445,270.9935,-72.8216,2.9,58.411991,,,,0.05,9.192921,0.919292,1.943,0.076788,1.0,2.0,0.0,0.0,0.0,100.0,76.71168,0.540514,9.687361
2026-08-12 16:03:00,31000.54,89199,446,17.3976,-72.0401,2.9,27.644669,,,,0.05,6.964225,0.696422,1.93795,2.777702,10.0,10.0,10.163929,0.0,10.163929,89.836071,67.613444,0.575662,9.687361
2026-08-12 16:04:01,31061.75,89399,447,-30.5255,-74.0332,2.9,11.137196,,,,0.05,6.484449,0.648445,1.92995,1.42946,10.0,10.0,11.528105,0.0,11.528105,88.471895,66.813569,0.553839,9.687361
2026-08-12 16:05:04,31124.5,89599,448,-238.2286,-78.8325,2.9,34.474125,,,,0.05,5.333548,0.533355,1.9269,3.791648,10.0,10.0,21.05913,0.0,21.05913,78.94087,58.851636,0.666357,9.687361
2026-08-12 16:06:05,31185.88,89799,449,175.5568,-74.3322,2.9,21.86286,,,,0.05,6.066783,0.606678,1.937,1.717192,9.0,10.0,0.37362,0.0,0.37362,99.62638,76.011658,0.621126,9.687361
2026-08-12 16:07:07,31247.42,89999,450,-360.462,-80.164,2.9,70.030785,,,,0.05,6.180613,0.618061,1.94595,4.630462,10.0,10.0,28.058418,0.0,28.058418,71.941582,52.088437,0.689032,9.687361
2026-08-12 16:08:09,31309.07,90199,451,208.1069,-78.7684,2.9,10.550135,,,,0.05,10.845365,1.084536,1.937,1.395962,10.0,10.0,5.951745,0.0,5.951745,94.048255,71.466635,0.572793,9.687361
2026-08-12 16:09:10,31370.49,90399,452,-217.5789,-79.6867,2.9,6.555858,,,,0.05,8.219859,0.821986,1.941,1.782926,10.0,10.0,23.762871,0.0,23.762871,76.237129,57.018304,0.530805,9.687361
2026-08-12 16:10:12,31432.21,90599,453,-178.0858,-78.831,2.9,11.217117,,,,0.05,7.074575,0.707457,1.943,4.076267,10.0,10.0,20.625946,0.0,20.625946,79.374054,58.888467,0.666276,9.687361
2026-08-12 16:11:14,31494.26,90799,454,319.6727,-78.0986,2.9,15.852197,,,,0.05,11.08777,1.108777,1.93595,0.130571,1.0,3.0,0.0,0.0,0.0,100.0,77.0624,0.600458,9.687361
2026-08-12 16:12:15,31555.5,90999,455,-442.6502,-79.5991,2.9,10.226866,,,,0.05,5.522218,0.552222,1.939,3.438571,10.0,10.0,31.701091,0.0,31.701091,68.298909,50.609997,0.662692,9.687361
2026-08-12 16:13:17,31617.73,91199,456,-487.7722,-81.947,2.9,6.011908,,,,0.05,3.787869,0.378787,0.214369,0.94796,10.0,10.0,31.043701,0.0,31.043701,68.956299,51.744969,0.605061,9.687361
2026-08-12 16:14:19,31679.11,91399,457,-73.1237,-85.0728,2.9,34.083565,,,,0.05,5.3051,0.53051,1.9279,0.746609,10.0,10.0,12.003519,0.0,12.003519,87.996481,67.095226,0.611232,9.687361
2026-08-12 16:15:21,31741.37,91599,458,-177.5293,-87.8631,2.9,272.303711,,,,0.05,4.035857,0.403586,1.702549,0.404816,0.0,10.0,15.265812,0.0,15.265812,84.734188,64.251673,0.741594,9.687361
2026-08-12 16:16:23,31803.11,91799,459,-58.6804,-91.2149,2.9,25.61397,,,,0.05,3.276571,0.327657,4.2e-05,1.112166,10.0,10.0,8.250422,0.0,8.250422,91.749578,69.582262,0.844183,9.687361
2026-08-12 16:17:25,31865.18,91999,460,-677.7242,-95.3447,2.9,14.575761,,,,0.05,2.209498,0.22095,0.944619,2.982695,10.0,10.0,38.746902,0.0,38.746902,61.253098,44.855222,0.832368,9.687361
2026-08-12 16:18:27,31926.98,92199,461,-563.0454,-104.3482,2.9,5.256334,,,,0.05,3.858217,0.385822,1.929,3.360771,10.0,10.0,35.457601,0.0,35.457601,64.542399,47.316833,0.746949,9.687361
2026-08-12 16:19:28,31988.46,92399,462,-618.6984,-111.0685,2.9,26.04015,,,,0.05,4.288049,0.428805,0.395913,5.412555,10.0,10.0,39.170538,0.0,39.170538,60.829462,44.108557,0.594214,9.687361
2026-08-12 16:20:29,32049.81,92599,463,-95.4311,-112.2193,2.9,10.672651,,,,0.05,7.376446,0.737645,1.376802,0.341415,1.0,10.0,16.306405,0.0,16.306405,83.693595,63.827588,0.568813,9.687361
2026-08-12 16:21:31,32111.6,92799,464,107.0432,-110.8412,2.9,18.514717,,,,0.05,8.800085,0.880009,1.929,0.488446,5.0,9.0,8.041703,0.0,8.041703,91.958297,70.902463,0.629831,9.687361
2026-08-12 16:22:33,32173.06,92999,465,238.8858,-110.9661,2.9,16.651669,,,,0.05,7.974118,0.797412,4.1e-05,0.04084,0.0,1.0,0.0,0.0,0.0,100.0,76.88192,0.600995,9.687361
2026-08-12 16:23:34,32234.6,93199,466,-201.6456,-106.426,2.9,10.413433,,,,0.05,5.382137,0.538214,0.177014,0.524324,7.0,10.0,19.056131,0.0,19.056131,80.943869,60.742207,0.584369,9.687361
2026-08-12 16:24:36,32296.08,93399,467,-158.2191,-110.2599,2.9,14.780845,,,,0.05,7.526211,0.752621,1.924,2.180138,10.0,10.0,19.893249,0.0,19.893249,80.106751,59.741194,0.588554,9.687361
2026-08-12 16:25:38,32357.93,93599,468,252.1215,-109.8508,2.9,13.269094,,,,0.05,8.649059,0.864906,3.8e-05,0.014432,0.0,1.0,0.0,0.0,0.0,100.0,76.09856,0.733625,9.687361
2026-08-12 16:26:40,32419.96,93799,469,-323.6215,-113.5941,2.9,20.016071,,,,0.05,9.011094,0.901109,3.7e-05,1.198896,10.0,10.0,30.317375,0.0,30.317375,69.682625,51.454268,0.739326,9.687361
2026-08-12 16:27:41,32481.2,93999,470,-19.3049,-112.4262,2.9,10.418177,,,,0.05,10.35823,1.035823,3.9e-05,2.436123,10.0,10.0,16.933846,0.0,16.933846,83.066154,61.95081,0.671978,9.687361
2026-08-12 16:28:42,32542.65,94199,471,220.9936,-102.4936,2.9,11.749874,,,,0.05,7.422706,0.742271,4.1e-05,0.010482,0.0,1.0,0.0,0.0,0.0,100.0,76.6912,0.656675,9.687361
2026-08-12 16:29:44,32604.57,94399,472,-582.9462,-108.2817,2.9,30.820873,,,,0.05,4.098868,0.409887,0.632851,2.440075,10.0,10.0,36.617277,0.0,36.617277,63.382723,46.532465,0.522577,9.687361
2026-08-12 16:30:45,32665.72,94599,473,26.4239,-107.3616,2.9,20.670605,,,,0.05,4.323495,0.43235,3.8e-05,1.351874,10.0,10.0,5.395045,0.0,5.395045,94.604955,72.259143,0.717384,9.687361
2026-08-12 16:31:46,32726.9,94799,474,261.7937,-104.9545,2.9,36.445427,,,,0.05,8.941223,0.894122,3.8e-05,0.260923,3.0,4.0,0.0,0.0,0.0,100.0,77.196109,0.679997,9.687361
2026-08-12 16:32:48,32788.52,94999,475,-89.2217,-105.2298,2.9,10.852551,,,,0.05,5.12604,0.512604,3.9e-05,0.7569,10.0,10.0,12.593857,0.0,12.593857,87.406143,66.766557,0.874995,9.687361
2026-08-12 16:33:50,32850.54,95199,476,-428.7863,-111.9847,2.9,11.467724,,,,0.05,10.50385,1.050385,0.333448,2.48807,10.0,10.0,38.181032,0.0,38.181032,61.818968,45.449792,0.511328,9.687361
2026-08-12 16:34:52,32912.49,95399,477,361.6889,-106.7582,2.9,11.700215,,,,0.05,12.522423,1.252242,4.3e-05,0.009883,0.0,0.0,0.0,0.0,0.0,100.0,76.93568,0.692883,9.687361
2026-08-12 16:35:53,32973.72,95599,478,313.7452,-103.7078,2.9,11.392526,,,,0.05,10.622232,1.062223,4e-05,0.251414,2.0,5.0,0.0,0.0,0.0,100.0,76.72448,0.66928,9.687361
2026-08-12 16:36:56,33036.09,95799,479,-25.1785,-106.1695,2.9,9.066484,,,,0.05,7.620332,0.762033,3.9e-05,0.675897,10.0,10.0,12.958696,0.0,12.958696,87.041304,66.088159,0.727249,9.687361
2026-08-12 16:37:58,33098.04,95999,480,-10.4374,-104.93,2.9,13.865458,,,,0.05,5.747339,0.574734,1.943,1.022723,10.0,10.0,9.590598,0.0,9.590598,90.409402,68.596192,0.68771,9.687361
2026-08-12 16:39:00,33160.21,96199,481,-331.94,-109.45,2.9,7.846004,,,,0.05,5.523357,0.552336,3.7e-05,1.644587,10.0,10.0,25.672781,0.0,25.672781,74.327219,55.418983,0.841586,9.687361
2026-08-12 16:40:02,33222.09,96399,482,60.2103,-109.0747,2.9,12.99774,,,,0.05,2.076291,0.207629,4e-05,0.009787,0.0,0.0,0.0,0.0,0.0,100.0,76.512,0.869299,9.687361
2026-08-12 16:41:04,33283.93,96599,483,-737.5122,-113.6481,2.9,11.151459,,,,0.05,2.083308,0.208331,3.7e-05,3.241021,10.0,10.0,41.499892,0.0,41.499892,58.500108,42.464024,0.908516,9.687361
2026-08-12 16:42:05,33345.0,96799,484,126.2068,-113.426,2.9,10.436812,,,,0.05,4.206892,0.420689,1.929,0.406932,3.0,5.0,0.0,0.0,0.0,100.0,76.710694,0.830199,9.687361
2026-08-12 16:43:06,33406.62,96999,485,152.8278,-114.4223,2.9,33.480957,,,,0.05,5.21297,0.521297,4.2e-05,0.009059,0.0,0.0,0.0,0.0,0.0,100.0,76.57856,0.679906,9.687361
2026-08-12 16:44:07,33467.73,97199,486,-438.8512,-117.5093,2.9,37.231728,,,,0.05,4.91199,0.491199,0.699801,1.085926,10.0,10.0,30.279962,0.0,30.279962,69.720038,52.166578,0.5815,9.687361
2026-08-12 16:45:10,33530.5,97399,487,-862.5488,-122.1984,2.9,10.827854,,,,0.05,3.006684,0.300668,4.2e-05,5.465176,10.0,10.0,49.783413,0.0,49.783413,50.216587,36.00109,0.824046,9.687361
2026-08-12 16:46:11,33591.84,97599,488,122.1454,-115.6383,2.9,589.016846,,,,0.05,4.156396,0.41564,4.1e-05,0.25709,2.0,6.0,0.0,0.0,0.0,100.0,75.011709,0.807227,9.687361
2026-08-12 16:47:13,33653.87,97799,489,-119.3619,-113.8135,2.9,472.582977,,,,0.05,5.167229,0.516723,3.8e-05,3.353758,10.0,10.0,14.63582,0.0,14.63582,85.36418,62.832331,0.684313,9.687361
2026-08-12 16:48:15,33715.77,97999,490,95.4981,-110.0199,2.9,12.76857,,,,0.05,7.724855,0.772485,4.1e-05,1.832161,9.0,10.0,7.474334,0.0,7.474334,92.525666,71.190964,0.548302,9.687361
2026-08-12 16:49:17,33777.24,98199,491,146.1162,-109.2129,2.9,16.518827,,,,0.05,8.304663,0.830466,4.4e-05,1.309955,10.0,10.0,5.532085,0.0,5.532085,94.467915,72.020712,0.526406,9.687361
2026-08-12 16:50:18,33838.79,98399,492,-1008.8253,-117.4986,2.9,10.469999,,,,0.05,2.058037,0.205804,3.7e-05,5.002374,10.0,10.0,55.694054,0.0,55.694054,44.305946,31.204031,0.912744,9.687361
2026-08-12 16:51:20,33900.83,98599,493,-531.2759,-121.8421,2.9,10.631109,,,,0.05,4.089362,0.408936,3.8e-05,1.668867,10.0,10.0,34.141024,0.0,34.141024,65.858976,48.91055,0.598201,9.687361
2026-08-12 16:52:22,33962.09,98799,494,140.8015,-113.6225,2.9,15.035288,,,,0.05,6.68062,0.668062,7e-06,1.464433,10.0,10.0,3.007531,0.0,3.007531,96.992469,73.965407,0.689438,9.687361
2026-08-12 16:53:24,34024.27,98999,495,73.9317,-114.1374,2.9,18.727386,,,,0.05,4.146636,0.414664,3.8e-05,1.432069,10.0,10.0,2.739475,0.0,2.739475,97.260525,73.967183,0.842707,9.687361
2026-08-12 16:54:25,34085.86,99199,496,-226.197,-116.097,2.9,18.590979,,,,0.05,4.222505,0.422251,1.3e-05,0.093957,0.0,1.0,18.043427,0.0,18.043427,81.956573,62.02252,0.672568,9.687361
2026-08-12 16:55:27,34147.5,99399,497,226.8972,-116.4679,2.9,6.802143,,,,0.05,7.589134,0.758913,1.9038,0.264887,2.0,3.0,0.0,0.0,0.0,100.0,76.630088,0.638247,9.687361
2026-08-12 16:56:29,34209.5,99599,498,108.0166,-118.0702,2.9,7.019326,,,,0.05,4.966917,0.496692,4.1e-05,1.508715,10.0,10.0,2.265372,0.0,2.265372,97.734628,74.211716,0.678338,9.687361
2026-08-12 16:57:31,34271.2,99799,499,-42.6688,-120.2808,2.9,17.166977,,,,0.05,3.32907,0.332907,1.93295,1.187244,10.0,10.0,7.52151,0.0,7.52151,92.47849,70.110742,0.709036,9.687361
2026-08-12 16:58:32,34332.91,99999,500,-362.7187,-125.6188,2.9,9.917041,,,,0.05,4.768294,0.476829,3.9e-05,1.746015,10.0,10.0,26.369172,0.0,26.369172,73.630828,54.942975,0.673995,10.801948
2026-08-12 16:59:34,34394.17,100199,501,-40.7272,-126.9779,2.9,11.229176,,,,0.05,4.415072,0.441507,4e-05,1.13196,10.0,10.0,8.197349,0.0,8.197349,91.802651,69.929267,0.602743,10.801948
2026-08-12 17:00:35,34455.85,100399,502,-27.2416,-127.5347,2.9,16.943676,,,,0.05,5.8699,0.58699,3.8e-05,1.005939,10.0,10.0,9.48082,0.0,9.48082,90.51918,68.862091,0.666722,10.801948
2026-08-12 17:01:38,34517.98,100599,503,238.7377,-125.8755,2.9,9.152526,,,,0.05,7.957922,0.795792,1.931,0.006078,0.0,0.0,0.0,0.0,0.0,100.0,76.864,0.529669,10.801948
2026-08-12 17:02:39,34579.8,100799,504,143.8918,-123.9454,2.9,14.808441,,,,0.05,7.491754,0.749175,4.2e-05,1.473198,10.0,10.0,3.87269,0.0,3.87269,96.12731,73.55051,0.59884,10.801948
2026-08-12 17:03:41,34641.03,100999,505,-454.4488,-128.1108,2.9,11.778481,,,,0.05,4.724965,0.472497,1.928,1.385809,10.0,10.0,27.371667,0.0,27.371667,72.628333,54.246405,0.662385,10.801948
2026-08-12 17:04:42,34702.57,101199,506,-193.3154,-128.8623,2.9,29.530035,,,,0.05,4.250976,0.425098,1.932,2.505737,10.0,10.0,15.140839,0.0,15.140839,84.859161,63.560625,0.698091,10.801948
2026-08-12 17:05:44,34764.5,101399,507,152.3353,-122.1669,2.9,7.771729,,,,0.05,5.077843,0.507784,1.934,0.025171,0.0,1.0,0.0,0.0,0.0,100.0,76.533974,0.613514,10.801948
2026-08-12 17:06:46,34826.08,101599,508,-115.318,-121.0627,2.9,20.686417,,,,0.05,4.135763,0.413576,1.4e-05,4.418886,10.0,10.0,11.557512,0.0,11.557512,88.442488,65.748997,0.666043,10.801948
2026-08-12 17:07:47,34887.08,101799,509,-121.904,-122.9628,2.9,9.721722,,,,0.05,5.76562,0.576562,3.8e-05,0.596995,10.0,10.0,13.674714,0.0,13.674714,86.325286,65.455376,0.580792,10.801948
2026-08-12 17:08:49,34949.04,101999,510,-728.6749,-124.1712,2.9,9.32954,,,,0.05,4.627259,0.462726,9e-06,2.779064,10.0,10.0,40.145584,0.0,40.145584,59.854416,43.715728,0.654676,10.801948
2026-08-12 17:09:51,35011.34,102199,511,-195.4007,-127.8489,2.9,17.168606,,,,0.05,6.947429,0.694743,4e-05,2.284402,10.0,10.0,18.986055,0.0,18.986055,81.013945,60.875437,0.685606,10.801948
2026-08-12 17:10:52,35072.7,102399,512,-587.7212,-134.3646,2.9,21.160955,,,,0.05,5.673446,0.567345,0.800074,0.455304,1.0,10.0,34.778111,0.0,34.778111,65.221889,48.583662,0.553288,10.801948
2026-08-12 17:11:54,35133.99,102599,513,150.2871,-132.4316,2.9,6.059664,,,,0.05,5.130048,0.513005,3.9e-05,0.003731,0.0,0.0,0.0,0.0,0.0,100.0,76.49536,0.82981,10.801948
2026-08-12 17:12:56,35195.95,102799,514,-210.8375,-131.6862,2.9,6.811378,,,,0.05,3.221015,0.322101,3.9e-05,5.388575,10.0,10.0,14.814132,0.0,14.814132,85.185868,62.100125,0.830986,10.801948
2026-08-12 17:13:57,35257.39,102999,515,-107.7756,-129.9496,2.9,6.60132,,,,0.05,5.671311,0.567131,4e-05,4.169552,10.0,10.0,13.342467,0.0,13.342467,86.657533,64.274908,0.539318,10.801948
2026-08-12 17:14:59,35319.12,103199,516,-141.045,-132.0042,2.9,32.378338,,,,0.05,6.86689,0.686689,4e-05,0.340266,0.0,10.0,15.947304,0.0,15.947304,84.052696,63.667801,0.503372,10.801948
2026-08-12 17:16:00,35380.55,103399,517,230.3146,-125.9518,2.9,11.189114,,,,0.05,7.678518,0.767852,1.9299,0.005976,0.0,0.0,0.0,0.0,0.0,100.0,76.68608,0.517289,10.801948
2026-08-12 17:17:03,35443.27,103599,518,265.551,-120.4206,2.9,12.259991,,,,0.05,8.851701,0.88517,1.919,0.011126,0.0,1.0,0.0,0.0,0.0,100.0,76.6208,0.486679,10.801948
2026-08-12 17:18:04,35504.85,103799,519,36.2993,-121.0142,2.9,11.892787,,,,0.05,1.829854,0.182985,3.9e-05,0.006915,0.0,0.0,0.0,0.0,0.0,100.0,76.81664,0.984251,10.801948
2026-08-12 17:19:06,35566.37,103999,520,-346.2665,-124.1209,2.9,23.379112,,,,0.05,1.320678,0.132068,3.6e-05,0.175413,0.0,10.0,17.41984,0.0,17.41984,82.58016,62.536083,0.976228,10.801948
2026-08-12 17:20:08,35628.55,104199,521,177.7576,-122.3638,2.9,17.100412,,,,0.05,5.935548,0.593555,4.1e-05,0.017453,0.0,1.0,0.0,0.0,0.0,100.0,76.64128,0.68698,10.801948
2026-08-12 17:21:10,35689.94,104399,522,201.9444,-120.6661,2.9,10.701571,,,,0.05,6.858172,0.685817,4.1e-05,0.013125,0.0,1.0,0.0,0.0,0.0,100.0,76.94848,0.71331,10.801948
2026-08-12 17:22:11,35751.36,104599,523,298.1943,-111.4353,2.9,10.342343,,,,0.05,9.969952,0.996995,1.94095,0.011078,0.0,1.0,0.0,0.0,0.0,100.0,77.18016,0.696867,10.801948
2026-08-12 17:23:13,35813.09,104799,524,345.5034,-108.6002,2.9,7.972724,,,,0.05,11.51678,1.151678,1.94,0.010313,0.0,1.0,0.0,0.0,0.0,100.0,76.95232,0.537281,10.801948
2026-08-12 17:24:14,35874.28,104999,525,-281.9586,-108.2357,2.9,13.47947,,,,0.05,7.010766,0.701077,3.8e-05,1.899628,10.0,10.0,23.15089,0.0,23.15089,76.84911,57.727143,0.682703,10.801948
2026-08-12 17:25:16,35936.52,105199,526,-191.9014,-110.6152,2.9,17.223909,,,,0.05,6.034524,0.603452,4e-05,2.276797,10.0,10.0,17.434517,0.0,17.434517,82.565483,62.397644,0.658949,10.801948
2026-08-12 17:26:17,35997.63,105399,527,-1006.71,-118.7983,2.9,17.835545,,,,0.05,2.706791,0.270679,3.6e-05,5.280857,10.0,10.0,50.776788,0.0,50.776788,49.223212,35.055492,0.813837,10.801948
2026-08-12 17:27:19,36059.08,105599,528,200.2889,-114.9992,2.9,10.367065,,,,0.05,6.676297,0.66763,1.93095,0.585166,4.0,5.0,0.0,0.0,0.0,100.0,76.606001,0.486475,10.801948
2026-08-12 17:28:21,36120.95,105799,529,-329.2225,-113.3068,2.9,8.503312,,,,0.05,6.190746,0.619075,4.1e-05,1.791674,10.0,10.0,24.097488,0.0,24.097488,75.902512,56.911464,0.562696,10.801948
2026-08-12 17:29:22,36182.67,105999,530,-15.7984,-111.3964,2.9,5.746447,,,,0.05,6.309099,0.63091,3.8e-05,0.992375,10.0,10.0,9.646617,0.0,9.646617,90.353383,68.923673,0.590737,10.801948
2026-08-12 17:30:24,36244.78,106199,531,-213.3179,-113.2424,2.9,16.906805,,,,0.05,6.094695,0.609469,4e-05,2.324191,10.0,10.0,18.598356,0.0,18.598356,81.401644,61.308061,0.567796,10.801948
2026-08-12 17:31:26,36306.35,106399,532,-255.4883,-116.346,2.9,15.300985,,,,0.05,3.63512,0.363512,3.7e-05,0.247695,0.0,10.0,16.708603,0.0,16.708603,83.291397,63.357302,0.763845,10.801948
2026-08-12 17:32:27,36367.75,106599,533,23.2321,-118.2323,2.9,6.023056,,,,0.05,5.344607,0.534461,1.934,2.687027,10.0,10.0,6.51495,0.0,6.51495,93.48505,70.472051,0.675602,10.801948
2026-08-12 17:33:29,36429.72,106799,534,-307.1907,-118.3395,2.9,15.653323,,,,0.05,2.952884,0.295288,4e-05,0.103998,0.0,1.0,18.677456,0.0,18.677456,81.322544,62.042764,0.709821,10.801948
2026-08-12 17:34:31,36491.16,106999,535,134.1428,-116.9222,2.9,10.371876,,,,0.05,4.471425,0.447143,1.93595,0.011922,0.0,1.0,0.0,0.0,0.0,100.0,76.98048,0.737513,10.801948
2026-08-12 17:35:32,36552.68,107199,536,269.7809,-111.2302,2.9,11.925892,,,,0.05,9.196729,0.919673,1.93595,0.005498,0.0,0.0,0.0,0.0,0.0,100.0,77.2928,0.496128,10.801948
2026-08-12 17:36:34,36614.26,107399,537,-536.95,-118.6674,2.9,14.551014,,,,0.05,5.307253,0.530725,3.8e-05,3.271395,10.0,10.0,32.56209,0.0,32.56209,67.43791,50.349365,0.719366,10.801948
2026-08-12 17:37:36,36675.95,107599,538,292.6808,-117.6216,2.9,12.33828,,,,0.05,9.756026,0.975603,1.90685,0.016578,0.0,1.0,0.0,0.0,0.0,100.0,77.51936,0.490445,10.801948
2026-08-12 17:38:38,36738.16,107799,539,-594.3126,-121.5954,2.9,85.243645,,,,0.05,5.730314,0.573031,1.937,3.25997,10.0,10.0,35.847592,0.0,35.847592,64.152408,47.686666,0.616077,10.801948
2026-08-12 17:39:39,36799.8,107999,540,376.0655,-117.3773,2.9,90.080795,,,,0.05,12.815166,1.281517,3.9e-05,0.01935,0.0,1.0,0.0,0.0,0.0,100.0,76.469763,0.68372,10.801948
2026-08-12 17:40:42,36861.98,108199,541,-1026.8054,-119.0896,2.9,79.193619,,,,0.05,10.993731,1.099373,1.936,6.856769,10.0,10.0,63.302006,0.0,63.302006,36.697994,27.061898,0.507842,10.801948
2026-08-12 17:41:44,36924.33,108399,542,-175.6097,-118.3016,2.9,12.862196,,,,0.05,8.786736,0.878674,1.936,2.366829,10.0,10.0,20.744134,0.0,20.744134,79.255866,59.80879,0.467091,10.801948
2026-08-12 17:42:46,36986.47,108599,543,139.1852,-116.9622,2.9,13.448275,,,,0.05,5.100039,0.510004,3.9e-05,0.790018,7.0,10.0,0.480056,0.0,0.480056,99.519944,76.428124,0.697169,10.801948
2026-08-12 17:43:47,37047.68,108799,544,26.0605,-111.9741,2.9,23.070227,,,,0.05,1.174192,0.117419,3.9e-05,0.008235,0.0,0.0,0.0,0.0,0.0,100.0,77.25184,0.983546,10.801948
2026-08-12 17:44:49,37109.28,108999,545,-72.2449,-115.4065,2.9,11.861693,,,,0.05,1.22947,0.122947,3.7e-05,1.408832,10.0,10.0,4.766879,0.0,4.766879,95.233121,72.739731,0.978524,10.801948
2026-08-12 17:45:50,37170.92,109199,546,-224.6965,-117.8274,2.9,14.810479,,,,0.05,3.117232,0.311723,3.7e-05,0.641399,10.0,10.0,14.816833,0.0,14.816833,85.183167,64.821136,0.923737,10.801948
2026-08-12 17:46:52,37232.83,109399,547,-574.6249,-123.2684,2.9,14.539406,,,,0.05,5.543236,0.554324,1.37164,3.626245,10.0,10.0,34.4333,0.0,34.4333,65.5667,48.527825,0.685797,10.801948
2026-08-12 17:47:53,37293.61,109599,548,53.5671,-120.3505,2.9,39.490311,,,,0.05,5.182154,0.518215,1.929,1.511998,10.0,10.0,4.837539,0.0,4.837539,95.162461,73.101495,0.617306,10.801948
2026-08-12 17:48:56,37355.99,109799,549,171.7487,-120.3885,2.9,15.731416,,,,0.05,5.753275,0.575327,1.927,0.010262,0.0,1.0,0.0,0.0,0.0,100.0,77.45664,0.532634,10.801948
2026-08-12 17:49:57,37417.61,109999,550,191.0458,-114.8735,2.9,15.596727,,,,0.05,6.368192,0.636819,1.93295,0.01808,0.0,1.0,0.0,0.0,0.0,100.0,77.3824,0.426826,10.801948
2026-08-12 17:50:59,37479.34,110199,551,136.1181,-115.5934,2.9,24.723152,,,,0.05,5.320364,0.532036,1.934,1.135132,9.0,10.0,1.173662,0.0,1.173662,98.826338,76.354894,0.600007,10.801948
2026-08-12 17:52:01,37541.49,110399,552,-216.1375,-115.5789,2.9,19.356251,,,,0.05,3.620858,0.362086,1.934,2.567747,10.0,10.0,15.436486,0.0,15.436486,84.563514,63.880416,0.824,10.801948
2026-08-12 17:53:03,37603.18,110599,553,216.2371,-111.6357,2.9,10.826321,,,,0.05,7.223965,0.722397,1.94995,0.006242,0.0,0.0,0.0,0.0,0.0,100.0,77.31456,0.792717,10.801948
2026-08-12 17:54:04,37664.76,110799,554,-971.0895,-124.5433,2.9,14.680761,,,,0.05,3.26325,0.326325,0.486884,5.28769,10.0,10.0,50.012493,0.0,50.012493,49.987507,35.772329,0.704813,10.801948
2026-08-12 17:55:06,37726.4,110999,555,-1558.8906,-135.7057,2.9,22.623945,,,,0.05,1.886504,0.18865,3.9e-05,9.559564,10.0,10.0,74.906878,0.0,74.906878,25.093122,15.776235,0.733126,10.801948
2026-08-12 17:56:07,37787.4,111199,556,202.5183,-128.8028,2.9,9.754655,,,,0.05,11.167559,1.116756,4.1e-05,1.207357,10.0,10.0,5.93696,0.0,5.93696,94.06304,71.820593,0.672984,10.801948
2026-08-12 17:57:09,37849.66,111399,557,-97.4991,-129.0466,2.9,12.7667,,,,0.05,8.048962,0.804896,1.954,2.418511,10.0,10.0,15.782732,0.0,15.782732,84.217268,63.408146,0.703431,10.801948
2026-08-12 17:58:10,37910.64,111599,558,29.5154,-126.9761,2.9,16.700438,,,,0.05,7.232446,0.723245,1.961,2.186457,10.0,10.0,8.806037,0.0,8.806037,91.193963,68.978904,0.702648,10.801948
2026-08-12 17:59:12,37972.61,111799,559,-265.5952,-129.0453,2.9,8.166862,,,,0.05,9.085788,0.908579,1.969,4.073978,10.0,10.0,25.206254,0.0,25.206254,74.793746,55.345227,0.589334,10.801948
2026-08-12 18:00:14,38034.12,111999,560,366.8808,-118.5992,2.9,14.296104,,,,0.05,12.581693,1.258169,1.95095,0.00853,0.0,0.0,0.0,0.0,0.0,100.0,76.83072,0.60603,10.801948
2026-08-12 18:01:16,38095.97,112199,561,215.6362,-110.8124,2.9,7.3507,,,,0.05,10.317787,1.031779,4.3e-05,1.76754,10.0,10.0,3.351508,0.0,3.351508,96.648492,72.728102,0.722622,10.801948
2026-08-12 18:02:17,38157.47,112399,562,307.9688,-101.5458,2.9,14.174978,,,,0.05,10.273645,1.027365,1.941,0.597524,5.0,6.0,0.0,0.0,0.0,100.0,76.10498,0.482018,10.801948
2026-08-12 18:03:19,38219.28,112599,563,248.2647,-98.1088,2.9,11.162031,,,,0.05,8.27549,0.827549,1.936,0.003535,0.0,0.0,0.0,0.0,0.0,100.0,76.7616,0.502462,11.480413
2026-08-12 18:04:20,38280.78,112799,564,238.0892,-96.7983,2.9,13.613514,,,,0.05,7.938073,0.793807,1.932,0.022742,0.0,1.0,0.0,0.0,0.0,100.0,77.16608,0.555074,11.480413
2026-08-12 18:05:23,38342.97,112999,565,203.6933,-97.1503,2.9,16.208935,,,,0.05,11.595612,1.159561,1.93895,1.257082,10.0,10.0,6.350442,0.0,6.350442,93.649558,71.621893,0.704326,11.480413
2026-08-12 18:06:24,38404.29,113199,566,407.5083,-91.0587,2.9,26.146967,,,,0.05,13.615698,1.36157,1.93395,0.015036,0.0,1.0,0.0,0.0,0.0,100.0,77.03936,0.651002,11.480413
2026-08-12 18:07:25,38465.7,113399,567,334.9913,-86.1266,2.9,8.819711,,,,0.05,11.19768,1.119768,4.1e-05,0.065468,1.0,1.0,0.0,0.0,0.0,100.0,77.30688,0.58923,11.480413
2026-08-12 18:08:27,38527.41,113599,568,-815.7697,-96.8055,2.9,223.269394,,,,0.05,3.718007,0.371801,0.743125,5.951743,10.0,10.0,40.645076,0.0,40.645076,59.354924,43.235331,0.640774,11.480413
2026-08-12 18:09:29,38589.07,113799,569,-474.1618,-98.3109,2.9,15.185648,,,,0.05,4.252601,0.42526,1.93195,3.962326,10.0,10.0,26.56146,0.0,26.56146,73.43854,54.590035,0.765997,11.480413
2026-08-12 18:10:31,38651.13,113999,570,-142.2618,-99.5405,2.9,12.753868,,,,0.05,7.569904,0.75699,1.93,2.372608,10.0,10.0,16.430576,0.0,16.430576,83.569424,62.830389,0.506202,11.480413
2026-08-12 18:11:32,38712.86,114199,571,-885.5633,-110.6061,2.9,9.43461,,,,0.05,4.062494,0.406249,1.183897,2.324254,10.0,10.0,44.085504,0.0,44.085504,55.914496,41.123262,0.641042,11.480413
2026-08-12 18:12:34,38774.19,114399,572,163.3135,-103.1435,3.0,14.01795,,,,0.05,5.443785,0.544378,1.926,0.02437,0.0,1.0,0.0,0.0,0.0,100.0,76.9984,0.638226,11.480413
2026-08-12 18:13:36,38836.42,114599,573,188.6309,-101.5214,3.0,7.61305,,,,0.05,6.287698,0.62877,1.9239,0.012244,0.0,1.0,0.0,0.0,0.0,100.0,77.04448,0.596649,11.480413
2026-08-12 18:14:38,38898.0,114799,574,226.2454,-101.8769,3.0,12.190676,,,,0.05,7.933685,0.793368,1.93,1.348673,10.0,10.0,0.594991,0.0,0.594991,99.405009,75.840389,0.496642,11.480413
2026-08-12 18:15:39,38959.9,114999,575,-90.8256,-101.8929,3.0,6.788594,,,,0.05,5.9872,0.59872,1.93095,2.705881,10.0,10.0,12.075008,0.0,12.075008,87.924992,66.461074,0.715381,11.480413
2026-08-12 18:16:41,39021.21,115199,576,85.7241,-96.7478,3.0,32.057213,,,,0.05,8.262885,0.826289,1.932,2.835393,10.0,10.0,7.395498,0.0,7.395498,92.604502,69.759249,0.728259,11.480413
2026-08-12 18:17:42,39082.86,115399,577,116.5877,-99.1988,3.0,400.669067,,,,0.05,8.045599,0.80456,4.2e-05,1.375103,10.0,10.0,5.588716,0.0,5.588716,94.411284,71.718548,0.695651,11.480413
2026-08-12 18:18:44,39144.72,115599,578,-647.9158,-108.8154,3.0,463.097595,,,,0.05,5.915993,0.591599,3.9e-05,3.881197,10.0,10.0,37.710556,0.0,37.710556,62.289444,43.678994,0.683693,11.480413
2026-08-12 18:19:45,39205.76,115799,579,39.737,-108.1663,3.0,60.587662,,,,0.05,9.027154,0.902715,3.8e-05,2.930856,10.0,10.0,9.867239,0.0,9.867239,90.132761,69.377915,0.633289,11.480413
2026-08-12 18:20:47,39267.53,115999,580,221.2759,-105.8492,3.0,644.395874,,,,0.05,9.839488,0.983949,1.93695,0.042644,0.0,1.0,3.012088,0.0,3.012088,96.987912,70.359351,0.564975,11.480413
2026-08-12 18:21:49,39329.79,116199,581,-483.5667,-107.3654,3.0,684.1698,,,,0.05,7.136517,0.713652,3.9e-05,4.743191,10.0,10.0,31.169155,0.0,31.169155,68.830845,48.855659,0.598074,11.480413
2026-08-12 18:22:51,39391.73,116399,582,-556.8962,-113.5365,3.0,799.394653,,,,0.05,6.932687,0.693269,3.8e-05,5.979516,10.0,10.0,34.320934,0.0,34.320934,65.679066,48.947662,0.606315,11.480413
2026-08-12 18:23:53,39453.48,116599,583,-971.7149,-115.8785,3.0,210.343353,,,,0.05,5.465586,0.546559,3.8e-05,5.188363,10.0,10.0,50.778359,0.0,50.778359,49.221641,34.743744,0.725528,11.480413
2026-08-12 18:24:55,39515.3,116799,584,-294.3512,-120.0841,3.0,261.350311,,,,0.05,7.634614,0.763461,3.9e-05,4.026215,10.0,10.0,23.740574,0.0,23.740574,76.259426,56.846429,0.754129,11.480413
2026-08-12 18:25:57,39577.09,116999,585,-62.6638,-122.239,3.0,31.158865,,,,0.05,6.403592,0.640359,4e-05,0.837711,10.0,10.0,11.215715,0.0,11.215715,88.784285,67.647205,0.703462,11.480413
2026-08-12 18:26:59,39638.93,117199,586,219.9023,-115.6515,3.0,18.798361,,,,0.05,7.347469,0.734747,1.926,0.031935,0.0,1.0,0.0,0.0,0.0,100.0,76.95616,0.665301,11.480413
2026-08-12 18:28:00,39700.61,117399,587,-645.9015,-113.485,3.0,71.183228,,,,0.05,5.19665,0.519665,1.75899,4.776393,10.0,10.0,35.263149,0.0,35.263149,64.736851,46.860962,0.645546,11.480413
2026-08-12 18:29:03,39763.09,117599,588,-513.6137,-119.8426,3.0,11.109709,,,,0.05,3.563158,0.356316,1.405859,3.812069,10.0,10.0,27.193012,0.0,27.193012,72.806988,54.337175,0.721757,11.480413
2026-08-12 18:30:04,39824.76,117799,589,-520.4588,-123.8536,3.0,19.41048,,,,0.05,3.026758,0.302676,0.868332,1.485417,10.0,10.0,26.683445,0.0,26.683445,73.316555,55.01494,0.716788,11.480413
2026-08-12 18:31:06,39886.76,117999,590,-350.4697,-128.3132,3.0,14.469131,,,,0.05,4.095664,0.409566,1.92795,2.283804,10.0,10.0,20.782778,0.0,20.782778,79.217222,59.331003,0.689613,11.480413
2026-08-12 18:32:09,39949.03,118199,591,-1210.9311,-141.8837,3.0,114.965736,,,,0.05,2.67995,0.267995,4.2e-05,8.175035,10.0,10.0,56.829775,0.0,56.829775,43.170225,30.213452,0.873687,11.480413
2026-08-12 18:33:11,40010.99,118399,592,-530.7185,-137.1026,3.0,49.997215,,,,0.05,4.913241,0.491324,0.690581,4.235043,10.0,10.0,29.331115,0.0,29.331115,70.668885,51.200506,0.607685,11.480413
2026-08-12 18:34:12,40072.83,118599,593,-1519.0639,-146.9805,3.0,159.863373,,,,0.05,3.715148,0.371515,1.89285,6.650334,10.0,10.0,74.662676,0.0,74.662676,25.337324,15.210239,0.717277,11.480413
2026-08-12 18:35:15,40135.14,118799,594,-1572.529,-164.1138,3.0,74.902061,,,,0.05,3.522715,0.352271,1.90895,7.869516,10.0,10.0,78.372046,0.0,78.372046,21.627954,12.622963,0.81578,11.480413
2026-08-12 18:36:16,40196.61,118999,595,-1373.3662,-178.5868,3.0,26.700119,,,,0.05,3.583758,0.358376,1.928,8.895112,10.0,10.0,68.680464,0.0,68.680464,31.319536,20.441687,0.838469,11.480413
2026-08-12 18:37:19,40259.72,119199,596,-1590.3365,-192.2282,3.0,26.179535,,,,0.05,5.823651,0.582365,1.93,9.07449,10.0,10.0,79.156928,0.0,79.156928,20.843072,11.969954,0.649621,11.480413
2026-08-12 18:38:21,40321.62,119399,597,-1063.5523,-205.1327,3.0,12.982891,,,,0.05,6.495889,0.649589,3.8e-05,4.531761,10.0,10.0,53.439118,0.0,53.439118,46.560882,32.588632,0.679264,11.480413
2026-08-12 18:39:23,40383.11,119599,598,-680.6836,-213.0197,3.0,9.169062,,,,0.05,5.381792,0.538179,3.6e-05,3.333201,10.0,10.0,37.486286,0.0,37.486286,62.513714,45.155032,0.613953,11.480413
2026-08-12 18:40:25,40445.42,119799,599,0.2276,-212.5907,3.0,24.815132,,,,0.05,13.163157,1.316316,1.2e-05,2.116281,10.0,10.0,13.256436,0.0,13.256436,86.743564,65.582065,0.613399,11.480413
2026-08-12 18:41:27,40507.15,119999,600,-1088.2517,-219.8461,3.0,39.5331,,,,0.05,5.457802,0.54578,3.6e-05,5.285144,10.0,10.0,52.698656,0.0,52.698656,47.301344,33.164782,0.605748,11.480413
2026-08-12 18:42:28,40568.78,120199,601,-1102.8729,-230.4675,3.0,47.568981,,,,0.05,5.976272,0.597627,4e-05,8.410135,10.0,10.0,56.385913,0.0,56.385913,43.614087,29.561659,0.558459,11.480413
2026-08-12 18:43:30,40630.53,120399,602,-1256.669,-242.7618,3.0,41.245243,,,,0.05,4.324324,0.432432,4e-05,6.759312,10.0,10.0,59.828203,0.0,59.828203,40.171797,27.781188,0.749681,11.480413
2026-08-12 18:44:31,40691.62,120599,603,-913.2713,-254.2819,3.0,19.396019,,,,0.05,5.615024,0.561502,3.8e-05,8.258655,10.0,10.0,47.193992,0.0,47.193992,52.806008,36.584894,0.650589,11.480413
2026-08-12 18:45:33,40753.34,120799,604,-226.9306,-257.9901,3.0,25.884396,,,,0.05,6.792835,0.679283,3.7e-05,6.114094,10.0,10.0,22.050888,0.0,22.050888,77.949112,58.239894,0.641639,11.480413
2026-08-12 18:46:34,40814.46,120999,605,-254.841,-255.994,3.0,153.980865,,,,0.05,6.873304,0.68733,3.9e-05,4.896619,10.0,10.0,21.519177,0.0,21.519177,78.480823,57.59045,0.641683,11.480413
2026-08-12 18:47:35,40875.35,121199,606,-1344.3181,-267.5041,3.0,21.41324,,,,0.05,4.482131,0.448213,4e-05,8.73796,10.0,10.0,64.418891,0.0,64.418891,35.581109,23.504962,0.702354,11.480413
2026-08-12 18:48:36,40936.84,121399,607,-1217.5108,-281.2025,3.0,123.416405,,,,0.05,8.240738,0.824074,4e-05,7.89082,10.0,10.0,60.351087,0.0,60.351087,39.648913,27.54613,0.545457,11.480413
2026-08-12 18:49:38,40998.23,121599,608,-548.0737,-285.5301,3.0,20.967979,,,,0.05,3.412018,0.341202,3.8e-05,2.865683,10.0,10.0,28.524024,0.0,28.524024,71.475976,54.550085,0.836913,11.480413
2026-08-12 18:50:39,41059.82,121799,609,59.2761,-283.7183,3.0,19.485407,,,,0.05,2.165964,0.216596,3.8e-05,0.012523,0.0,1.0,0.0,0.0,0.0,100.0,77.06496,0.946559,11.480413
2026-08-12 18:51:41,41121.17,121999,610,-273.0795,-279.1623,3.0,16.592939,,,,0.05,1.111829,0.111183,3.9e-05,0.657162,10.0,10.0,13.214737,0.0,13.214737,86.785263,66.025299,0.959771,11.480413
2026-08-12 18:52:42,41182.71,122199,611,-300.9181,-280.2175,3.0,15.855588,,,,0.05,0.472941,0.047294,3.8e-05,0.602101,10.0,10.0,13.735288,0.0,13.735288,86.264712,65.796735,0.993462,11.480413
2026-08-12 18:53:44,41244.7,122399,612,-135.3181,-275.6935,3.0,15.666081,,,,0.05,1.417998,0.1418,4e-05,1.189158,10.0,10.0,7.737044,0.0,7.737044,92.262956,70.068863,0.97912,11.480413
2026-08-12 18:54:46,41306.35,122599,613,-427.1873,-281.4682,3.0,10.349192,,,,0.05,0.583868,0.058387,3.9e-05,3.919744,10.0,10.0,19.591775,0.0,19.591775,80.408225,59.53508,0.983736,11.480413
2026-08-12 18:55:48,41368.25,122799,614,46.2241,-278.8976,3.0,14.22234,,,,0.05,2.266829,0.226683,3.8e-05,0.00762,0.0,0.0,0.0,0.0,0.0,100.0,76.767144,0.976306,11.480413
2026-08-12 18:56:49,41429.83,122999,615,-302.5148,-280.845,3.0,12.327486,,,,0.05,0.88337,0.088337,4e-05,0.539163,9.0,10.0,14.349679,0.0,14.349679,85.650321,65.079206,0.98707,11.480413
2026-08-12 18:57:51,41491.88,123199,616,-1141.4738,-290.8493,3.0,10.366193,,,,0.05,1.145217,0.114522,3.9e-05,5.236047,10.0,10.0,51.462047,0.0,51.462047,48.537953,34.523593,0.922816,11.480413
2026-08-12 18:58:53,41553.71,123399,617,224.6529,-290.9059,3.0,9.786208,,,,0.05,7.549492,0.754949,1.929,0.009759,0.0,0.0,0.0,0.0,0.0,100.0,76.6016,0.554493,11.480413
2026-08-12 18:59:54,41614.75,123599,618,-172.0084,-295.2815,3.0,11.904607,,,,0.05,5.899997,0.59,1.934,0.493743,1.0,10.0,15.29506,0.0,15.29506,84.70494,64.155814,0.634797,11.480413
2026-08-12 19:00:56,41676.68,123799,619,280.6351,-292.8381,3.0,11.545351,,,,0.05,9.4661,0.94661,1.942,0.011358,0.0,1.0,0.0,0.0,0.0,100.0,77.08544,0.734962,11.480413
2026-08-12 19:01:58,41737.99,123999,620,192.8929,-287.4465,3.0,9.412614,,,,0.05,6.518568,0.651857,1.9399,0.080688,1.0,1.0,0.0,0.0,0.0,100.0,77.12896,0.662346,11.480413
2026-08-12 19:02:59,41799.92,124199,621,-516.3883,-294.388,3.0,18.191822,,,,0.05,5.786002,0.5786,4.1e-05,3.592263,10.0,10.0,30.349801,0.0,30.349801,69.650199,51.808759,0.763917,11.480413
2026-08-12 19:04:01,41861.55,124399,622,76.1107,-295.6463,3.0,17.35412,,,,0.05,5.361521,0.536152,1.952,1.422447,10.0,10.0,3.803376,0.0,3.803376,96.196624,73.672888,0.865454,11.480413
2026-08-12 19:05:03,41922.93,124599,623,153.6708,-297.0916,3.0,11.61138,,,,0.05,6.891196,0.68912,1.95595,1.858141,10.0,10.0,2.414754,0.0,2.414754,97.585246,74.090637,0.761517,11.480413
2026-08-12 19:06:04,41984.67,124799,624,-251.8745,-303.0653,3.0,532.1427,,,,0.05,5.523421,0.552342,3.8e-05,4.448699,10.0,10.0,18.540141,0.0,18.540141,81.459859,60.422374,0.794805,11.480413
2026-08-12 19:07:07,42047.04,124999,625,166.7736,-298.578,3.0,166.195465,,,,0.05,11.853944,1.185394,4e-05,1.507406,10.0,10.0,6.920023,0.0,6.920023,93.079977,70.669492,0.619616,13.805299
2026-08-12 19:08:07,42107.77,125199,626,247.0169,-294.1888,3.0,29.126961,,,,0.05,8.461515,0.846152,1.4e-05,0.786663,5.0,9.0,0.078371,0.0,0.078371,99.921629,76.707116,0.57106,13.805299
2026-08-12 19:09:09,42169.81,125399,627,135.8345,-282.7634,3.0,17.108551,,,,0.05,6.905709,0.690571,1e-05,1.97113,10.0,10.0,2.529918,0.0,2.529918,97.470082,73.80063,0.62738,13.805299
2026-08-12 19:10:11,42231.37,125599,628,-240.2193,-287.1685,3.0,10.722008,,,,0.05,3.049964,0.304996,1e-06,4.385606,10.0,10.0,12.950643,0.0,12.950643,87.049357,65.049466,0.748391,13.805299
2026-08-12 19:11:12,42292.72,125799,629,-1187.6414,-295.7527,3.0,17.216909,,,,0.05,3.792986,0.379299,1.4e-05,2.18399,10.0,10.0,46.871475,0.0,46.871475,53.128525,38.787988,0.69022,13.805299
2026-08-12 19:12:14,42354.14,125999,630,127.0101,-294.3246,3.0,16.343737,,,,0.05,6.044965,0.604496,3.7e-05,3.908695,10.0,10.0,2.220414,0.0,2.220414,97.779586,73.487294,0.631588,13.805299
2026-08-12 19:13:15,42415.86,126199,631,192.6983,-290.2644,3.0,12.910207,,,,0.05,6.438096,0.64381,1.93895,0.015074,0.0,1.0,0.0,0.0,0.0,100.0,76.9344,0.621967,13.805299
2026-08-12 19:14:17,42477.89,126399,632,-430.6856,-292.0164,3.0,26.226608,,,,0.05,5.577549,0.557755,1.94,1.956565,10.0,10.0,21.818303,0.0,21.818303,78.181697,58.709756,0.533622,13.805299
2026-08-12 19:15:19,42539.49,126599,633,-269.5171,-294.9439,3.0,17.257738,,,,0.05,4.947265,0.494726,1.94195,0.458538,1.0,10.0,15.320908,0.0,15.320908,84.679092,64.181391,0.613241,13.805299
2026-08-12 19:16:20,42600.74,126799,634,172.1144,-290.1508,3.0,47.257282,,,,0.05,5.737146,0.573715,1.94,0.007458,0.0,0.0,0.0,0.0,0.0,100.0,76.71296,0.586629,13.805299
2026-08-12 19:17:23,42663.4,126999,635,184.5856,-289.6464,3.0,39.108406,,,,0.05,6.244406,0.624441,1.938,0.010514,0.0,1.0,0.0,0.0,0.0,100.0,76.57856,0.549579,13.805299
2026-08-12 19:18:24,42724.81,127199,636,-199.2793,-294.337,3.0,21.620514,,,,0.05,5.926997,0.5927,1.94495,0.607701,10.0,10.0,13.735659,0.0,13.735659,86.264341,65.513379,0.686889,13.805299
2026-08-12 19:19:26,42786.29,127399,637,148.5859,-287.4816,3.0,13.051512,,,,0.05,4.972427,0.497243,1.94095,0.009367,0.0,0.0,0.0,0.0,0.0,100.0,76.8,0.745643,13.805299
2026-08-12 19:20:27,42847.52,127599,638,44.2102,-289.9664,3.0,19.186543,,,,0.05,6.874169,0.687417,1.93595,1.273701,10.0,10.0,5.962615,0.0,5.962615,94.037385,71.481268,0.476905,13.805299
2026-08-12 19:21:29,42909.07,127799,639,-42.6274,-284.4495,3.0,8.651795,,,,0.05,4.152426,0.415243,1.928,1.280219,10.0,10.0,6.160322,0.0,6.160322,93.839678,71.203029,0.752165,13.805299
2026-08-12 19:22:30,42970.46,127999,640,196.6698,-286.2435,3.0,17.337404,,,,0.05,6.555659,0.655566,1.93195,0.018035,0.0,1.0,0.0,0.0,0.0,100.0,76.65024,0.691208,13.805299
2026-08-12 19:23:31,43031.53,128199,641,139.4163,-274.5812,3.0,7.555274,,,,0.05,8.574647,0.857465,1.935,1.381358,10.0,10.0,4.398513,0.0,4.398513,95.601487,72.3088,0.642048,13.805299
2026-08-12 19:24:32,43092.39,128399,642,-25.3594,-273.0787,3.0,35.504799,,,,0.05,7.391936,0.739194,1.938,1.065451,10.0,10.0,9.128214,0.0,9.128214,90.871786,69.080021,0.603435,13.805299
2026-08-12 19:25:34,43154.4,128599,643,-191.9524,-276.3901,3.0,16.135172,,,,0.05,7.042192,0.704219,1.934,0.495107,1.0,10.0,14.758385,0.0,14.758385,85.241615,64.348244,0.662308,13.805299
2026-08-12 19:26:35,43215.1,128799,644,-230.7394,-278.9581,3.0,160.824463,,,,0.05,6.815176,0.681518,4.2e-05,1.805819,10.0,10.0,15.859222,0.0,15.859222,84.140778,63.606873,0.645293,13.805299
2026-08-12 19:27:36,43276.14,128999,645,-541.1118,-283.6468,3.0,484.296021,,,,0.05,7.837822,0.783782,3.9e-05,1.567882,10.0,10.0,27.282728,0.0,27.282728,72.717272,54.435801,0.752955,13.805299
2026-08-12 19:28:37,43337.92,129199,646,193.9353,-279.4605,3.0,177.508957,,,,0.05,6.770696,0.67707,3.8e-05,0.70832,5.0,9.0,0.412371,0.0,0.412371,99.587629,75.99087,0.716797,13.805299
2026-08-12 19:29:39,43399.87,129399,647,-41.9549,-274.1338,3.0,10.241829,,,,0.05,5.363966,0.536397,3.5e-05,3.357577,10.0,10.0,8.02,0.0,8.02,91.98,69.105505,0.737166,13.805299
2026-08-12 19:30:41,43461.82,129599,648,267.1233,-271.9982,3.0,19.096472,,,,0.05,9.124679,0.912468,3.9e-05,0.501986,4.0,6.0,0.0,0.0,0.0,100.0,76.689303,0.662172,13.805299
2026-08-12 19:31:43,43523.36,129799,649,92.5867,-272.7898,3.0,14.768581,,,,0.05,9.940883,0.994088,4.1e-05,2.59757,10.0,10.0,7.233008,0.0,7.233008,92.766992,70.451821,0.595303,13.805299
2026-08-12 19:32:45,43585.62,129999,650,-509.4238,-279.7945,3.0,13.06489,,,,0.05,5.91973,0.591973,3.8e-05,1.934151,10.0,10.0,24.89693,0.0,24.89693,75.10307,56.076422,0.641254,13.805299
2026-08-12 19:33:47,43647.51,130199,651,-228.4043,-283.4397,3.0,14.97253,,,,0.05,6.626859,0.662686,7e-06,2.184695,10.0,10.0,15.706456,0.0,15.706456,84.293544,63.139896,0.615247,13.805299
2026-08-12 19:34:49,43708.97,130399,652,158.1751,-279.6966,3.0,6.462216,,,,0.05,8.942763,0.894276,1e-05,1.457976,10.0,10.0,3.571488,0.0,3.571488,96.428512,73.347259,0.631717,13.805299
2026-08-12 19:35:51,43770.95,130599,653,215.9744,-279.6992,3.0,43.34203,,,,0.05,7.317063,0.731706,3.9e-05,0.1348,1.0,2.0,0.0,0.0,0.0,100.0,76.277761,0.585274,13.805299
2026-08-12 19:36:52,43832.58,130799,654,-592.1319,-275.9097,3.0,18.672438,,,,0.05,5.639294,0.563929,4e-05,1.601299,10.0,10.0,27.529491,0.0,27.529491,72.470509,54.084052,0.649173,13.805299
2026-08-12 19:37:54,43894.08,130999,655,-949.5097,-269.8159,3.0,13.138832,,,,0.05,5.542392,0.554239,0.798742,2.79249,10.0,10.0,40.644146,0.0,40.644146,59.355854,43.354517,0.483394,13.805299
2026-08-12 19:38:55,43955.74,131199,656,-389.3052,-275.7341,3.0,19.389748,,,,0.05,4.120006,0.412001,0.414233,0.052186,0.0,1.0,18.613298,0.0,18.613298,81.386702,61.498271,0.613229,13.805299
2026-08-12 19:39:56,44016.87,131399,657,-383.5948,-278.595,3.0,12.278757,,,,0.05,4.775757,0.477576,1.92895,4.095102,10.0,10.0,19.51019,0.0,19.51019,80.48981,59.297695,0.649621,13.805299
2026-08-12 19:40:59,44079.02,131599,658,176.5897,-277.1243,3.0,23.484131,,,,0.05,7.395186,0.739519,1.93,1.73414,10.0,10.0,1.761627,0.0,1.761627,98.238373,73.801094,0.538263,13.805299
2026-08-12 19:42:00,44139.94,131799,659,-452.29,-278.9913,3.0,21.469042,,,,0.05,7.039912,0.703991,1.825792,4.191374,10.0,10.0,24.186117,0.0,24.186117,75.813883,56.03464,0.490913,13.805299
2026-08-12 19:43:01,44201.42,131999,660,-135.6759,-284.0168,3.0,11.395144,,,,0.05,9.004699,0.90047,1.937,2.557306,10.0,10.0,14.942124,0.0,14.942124,85.057876,63.759408,0.580389,13.805299
2026-08-12 19:44:02,44262.68,132199,661,365.141,-282.5218,3.0,9.464971,,,,0.05,12.189293,1.218929,1.943,0.726196,4.0,5.0,0.0,0.0,0.0,100.0,75.953814,0.605347,13.805299
2026-08-12 19:45:04,44324.22,132399,662,306.6489,-282.535,3.0,13.624075,,,,0.05,10.266849,1.026685,1.9419,0.008519,0.0,0.0,0.0,0.0,0.0,100.0,76.33024,0.651671,13.805299
2026-08-12 19:46:05,44385.73,132599,663,-656.2265,-291.5799,3.0,52.132996,,,,0.05,3.834176,0.383418,3.6e-05,3.927689,10.0,10.0,28.308393,0.0,28.308393,71.691607,52.796106,0.795973,13.805299
2026-08-12 19:47:07,44447.33,132799,664,59.5463,-293.3653,3.0,18.885593,,,,0.05,7.770521,0.777052,1.5e-05,2.611561,10.0,10.0,6.492462,0.0,6.492462,93.507538,70.43438,0.612218,13.805299
2026-08-12 19:48:08,44508.22,132999,665,8.69,-295.3153,3.0,14.876427,,,,0.05,8.816932,0.881693,1.9098,1.043141,10.0,10.0,9.43491,0.0,9.43491,90.56509,68.576198,0.599834,13.805299
2026-08-12 19:49:10,44570.77,133199,666,-776.568,-307.1561,3.0,19.400797,,,,0.05,4.179443,0.417944,3.9e-05,0.764891,10.0,10.0,32.580834,0.0,32.580834,67.419166,50.329347,0.679848,13.805299
2026-08-12 19:50:12,44632.15,133399,667,96.3277,-309.5427,3.0,9.235971,,,,0.05,7.741912,0.774191,8e-06,1.411916,10.0,10.0,5.041263,0.0,5.041263,94.958737,72.503627,0.665699,13.805299
2026-08-12 19:51:14,44693.97,133599,668,-410.9509,-305.4946,3.0,23.632343,,,,0.05,4.166152,0.416615,6e-06,2.289293,10.0,10.0,19.574624,0.0,19.574624,80.425376,60.468181,0.819175,13.805299
2026-08-12 19:52:15,44755.51,133799,669,-1039.6443,-311.1494,3.0,50.280228,,,,0.05,1.428531,0.142853,3.8e-05,6.150722,10.0,10.0,39.658756,0.0,39.658756,60.341244,43.765055,0.939056,13.805299
2026-08-12 19:53:17,44816.93,133999,670,34.0602,-309.3862,3.0,56.333912,,,,0.05,5.475427,0.547543,3.6e-05,1.381352,10.0,10.0,4.516697,0.0,4.516697,95.483303,72.968054,0.85066,13.805299
2026-08-12 19:54:18,44878.38,134199,671,16.3956,-300.3666,3.0,169.131134,,,,0.05,5.569138,0.556914,8e-06,1.59547,10.0,10.0,5.148975,0.0,5.148975,94.851025,72.37038,0.819353,13.805299
2026-08-12 19:55:19,44939.85,134399,672,116.8257,-300.8314,3.0,64.256424,,,,0.05,6.618833,0.661883,1.6e-05,1.580397,10.0,10.0,2.787061,0.0,2.787061,97.212939,73.770423,0.793005,13.805299
2026-08-12 19:56:20,45000.84,134599,673,73.3536,-301.9842,3.0,32.095432,,,,0.05,5.690432,0.569043,8e-06,1.760497,10.0,10.0,3.435624,0.0,3.435624,96.564376,73.340269,0.800076,13.805299
2026-08-12 19:57:23,45063.13,134799,674,202.3479,-302.2232,3.0,52.339733,,,,0.05,7.479462,0.747946,1.6e-05,0.021484,0.0,1.0,0.0,0.0,0.0,100.0,76.55808,0.790425,13.805299
2026-08-12 19:58:24,45124.72,134999,675,-291.1718,-304.2267,3.0,48.047531,,,,0.05,4.725349,0.472535,3.9e-05,0.435434,1.0,10.0,15.417552,0.0,15.417552,84.582448,63.933212,0.88775,13.805299
2026-08-12 19:59:26,45186.39,135199,676,175.175,-303.3322,3.0,21.819231,,,,0.05,9.250411,0.925041,3e-06,1.548357,10.0,10.0,3.71616,0.0,3.71616,96.28384,72.371074,0.724379,13.805299
2026-08-12 20:00:28,45248.06,135399,677,293.5825,-301.5622,3.0,35.371613,,,,0.05,10.708723,1.070872,1.5e-05,0.017158,0.0,1.0,0.0,0.0,0.0,100.0,76.76544,0.630152,13.805299
2026-08-12 20:01:29,45309.74,135599,678,151.6369,-293.5667,3.0,36.943356,,,,0.05,7.770005,0.777001,4e-06,2.163129,10.0,10.0,2.995361,0.0,2.995361,97.004639,73.188724,0.689642,13.805299
2026-08-12 20:02:31,45371.56,135799,679,148.879,-292.4753,3.0,11.562456,,,,0.05,8.612821,0.861282,8e-06,1.359747,10.0,10.0,3.453391,0.0,3.453391,96.546609,74.072739,0.720021,13.805299
2026-08-12 20:03:32,45432.48,135999,680,73.8817,-293.9492,3.0,17.063374,,,,0.05,5.504848,0.550485,8e-06,2.466592,10.0,10.0,3.507629,0.0,3.507629,96.492371,72.456358,0.696798,13.805299
2026-08-12 20:04:33,45493.68,136199,681,-1406.321,-303.1767,3.0,12.533004,,,,0.05,3.4128,0.34128,2e-06,5.720781,10.0,10.0,56.953156,0.0,56.953156,43.046844,29.450183,0.711658,13.805299
2026-08-12 20:05:36,45556.19,136399,682,161.2113,-295.9957,3.0,42.86747,,,,0.05,5.541716,0.554172,4.1e-05,0.53705,3.0,7.0,0.0,0.0,0.0,100.0,75.680042,0.753183,13.805299
2026-08-12 20:06:37,45617.59,136599,683,119.2343,-285.0862,3.0,163.576355,,,,0.05,4.32433,0.432433,3.8e-05,0.149483,1.0,3.0,0.0,0.0,0.0,100.0,76.7744,0.838422,13.805299
2026-08-12 20:07:39,45679.11,136799,684,165.7472,-280.4852,3.0,11.79209,,,,0.05,5.702367,0.570237,3.9e-05,0.248589,2.0,3.0,0.0,0.0,0.0,100.0,76.217181,0.763446,13.805299
2026-08-12 20:08:40,45740.82,136999,685,171.0825,-278.1477,3.0,9.939764,,,,0.05,5.833604,0.58336,9e-06,0.426319,4.0,6.0,0.0,0.0,0.0,100.0,76.80344,0.724637,13.805299
2026-08-12 20:09:42,45802.91,137199,686,-199.836,-282.3451,3.0,99.174957,,,,0.05,6.461172,0.646117,4e-06,5.013255,10.0,10.0,15.264449,0.0,15.264449,84.735551,63.576887,0.663709,13.805299
2026-08-12 20:10:44,45864.52,137399,687,-19.0362,-276.0765,3.0,7.986318,,,,0.05,6.887772,0.688777,1.3e-05,1.296284,10.0,10.0,7.776848,0.0,7.776848,92.223152,69.922584,0.718604,13.805299
2026-08-12 20:11:46,45925.92,137599,688,-925.3227,-280.1935,3.0,13.481743,,,,0.05,3.618378,0.361838,5e-06,3.26458,10.0,10.0,37.276112,0.0,37.276112,62.723888,45.933511,0.751763,14.133944
2026-08-12 20:12:48,45988.12,137799,689,243.7808,-272.5511,3.0,11.379211,,,,0.05,8.519568,0.851957,1.3e-05,0.034559,0.0,1.0,0.0,0.0,0.0,100.0,76.55805,0.728551,14.133944
2026-08-12 20:13:49,46049.78,137999,690,-111.584,-270.1623,3.0,5.466957,,,,0.05,6.91118,0.691118,1.1e-05,2.666092,10.0,10.0,11.700426,0.0,11.700426,88.299574,66.144557,0.718043,14.133944
2026-08-12 20:14:51,46110.99,138199,691,-93.4713,-258.9877,3.0,7.736373,,,,0.05,7.249406,0.724941,8e-06,2.57544,10.0,10.0,11.038842,0.0,11.038842,88.961158,66.79336,0.764231,14.133944
2026-08-12 20:15:52,46172.23,138399,692,160.1117,-252.0794,3.0,4.817842,,,,0.05,9.831491,0.983149,7e-06,1.42609,10.0,10.0,4.410169,0.0,4.410169,95.589831,72.576844,0.741985,14.133944
2026-08-12 20:16:53,46233.66,138599,693,87.3607,-236.0151,3.0,3.416132,,,,0.05,10.29342,1.029342,8e-06,2.800585,10.0,10.0,7.207237,0.0,7.207237,92.792763,69.665708,0.747974,14.133944
2026-08-12 20:17:55,46294.99,138799,694,-393.9552,-224.2294,3.0,15.183361,,,,0.05,8.785564,0.878556,3e-06,3.980166,10.0,10.0,22.831714,0.0,22.831714,77.168286,57.018908,0.684778,14.133944
2026-08-12 20:18:56,46356.56,138999,695,-140.5409,-211.9012,3.0,3.917297,,,,0.05,10.499077,1.049908,9e-06,0.693687,5.0,10.0,14.719716,0.0,14.719716,85.280284,64.483494,0.759269,14.133944
2026-08-12 20:19:58,46418.15,139199,696,-601.4313,-202.0121,3.0,8.007832,,,,0.05,6.767988,0.676799,6e-06,1.335071,10.0,10.0,28.317486,0.0,28.317486,71.682514,53.224299,0.62216,14.133944
2026-08-12 20:21:00,46480.72,139399,697,-660.8084,-197.9847,3.0,17.638781,,,,0.05,6.787342,0.678734,4e-06,1.243093,10.0,10.0,30.661276,0.0,30.661276,69.338724,51.737973,0.718117,14.133944
2026-08-12 20:22:02,46542.27,139599,698,-1037.5502,-201.5533,3.0,16.91116,,,,0.05,5.558712,0.555871,7e-06,2.689127,10.0,10.0,42.694618,0.0,42.694618,57.305382,41.780698,0.58716,14.133944
2026-08-12 20:23:03,46603.75,139799,699,-940.1945,-210.9576,3.0,21.742634,,,,0.05,2.428685,0.242868,1e-05,2.898226,10.0,10.0,35.862347,0.0,35.862347,64.137653,46.839613,0.849023,14.133944
2026-08-12 20:24:05,46665.14,139999,700,-323.2284,-203.3073,3.0,9.890791,,,,0.05,6.18663,0.618663,9e-06,0.230692,0.0,10.0,16.908318,0.0,16.908318,83.091682,62.802177,0.714975,14.133944
2026-08-12 20:25:05,46725.86,140199,701,241.5884,-189.8627,3.0,16.483025,,,,0.05,10.509524,1.050952,3.9e-05,0.036248,0.0,1.0,0.0,0.0,0.0,100.0,76.66457,0.830156,14.133944
2026-08-12 20:26:06,46786.82,140399,702,204.6521,-175.2495,3.0,10.611752,,,,0.05,8.321017,0.832102,3.9e-05,0.023043,0.0,1.0,0.0,0.0,0.0,100.0,76.712406,0.879761,14.133944
2026-08-12 20:27:08,46847.92,140599,703,242.4647,-163.6921,3.0,25.930847,,,,0.05,9.34108,0.934108,3.8e-05,0.028891,0.0,1.0,0.0,0.0,0.0,100.0,77.08928,0.846235,14.133944
2026-08-12 20:28:09,46909.05,140799,704,-429.015,-165.713,3.0,16.293186,,,,0.05,6.696686,0.669669,4e-06,2.659697,10.0,10.0,21.771784,0.0,21.771784,78.228216,59.284175,0.771183,14.133944
2026-08-12 20:29:12,46972.78,140999,705,-567.2571,-168.8371,3.0,12.624878,,,,0.05,4.532562,0.453256,3e-06,1.712374,10.0,10.0,24.835223,0.0,24.835223,75.164777,56.949852,0.68864,14.133944
2026-08-12 20:30:14,47034.24,141199,706,-260.097,-157.9949,3.0,6.902811,,,,0.05,7.933403,0.79334,7e-06,0.931099,5.0,10.0,17.370528,0.0,17.370528,82.629472,62.679013,0.491826,14.133944
2026-08-12 20:31:15,47095.5,141399,707,-1092.8206,-156.748,3.0,7.509896,,,,0.05,3.315373,0.331537,6e-06,2.64083,10.0,10.0,42.517399,0.0,42.517399,57.482601,42.526366,0.615857,14.133944
2026-08-12 20:32:17,47157.13,141599,708,-835.9221,-159.6265,3.0,9.589125,,,,0.05,3.423465,0.342346,3.8e-05,3.905092,10.0,10.0,33.683583,0.0,33.683583,66.316417,49.33409,0.733769,14.133944
2026-08-12 20:33:18,47218.66,141799,709,-276.1973,-162.9812,3.0,18.501606,,,,0.05,2.933591,0.293359,3.8e-05,2.229406,10.0,10.0,13.192752,0.0,13.192752,86.807248,65.735697,0.902407,14.133944
2026-08-12 20:34:19,47279.71,141999,710,-509.2161,-165.3426,3.0,11.918888,,,,0.05,1.677437,0.167744,3.9e-05,2.222506,10.0,10.0,19.958192,0.0,19.958192,80.041808,60.433539,0.94069,14.133944
2026-08-12 20:35:21,47341.68,142199,711,39.0634,-161.9428,3.0,12.787612,,,,0.05,1.677671,0.167767,3.8e-05,1.099855,8.0,8.0,0.0,0.0,0.0,100.0,76.642635,0.978907,14.133944
2026-08-12 20:36:22,47402.72,142399,712,-420.8584,-164.7982,3.0,12.467861,,,,0.05,3.469416,0.346942,3.8e-05,0.060169,0.0,1.0,18.412002,0.0,18.412002,81.587998,62.057612,0.635098,14.133944
2026-08-12 20:37:25,47465.11,142599,713,-1399.7754,-174.5241,3.0,11.611073,,,,0.05,2.214509,0.221451,1.0685,5.30478,10.0,10.0,52.07022,0.0,52.07022,47.92978,33.474732,0.750631,14.133944
2026-08-12 20:38:26,47526.17,142799,714,53.7474,-174.4488,3.0,13.293702,,,,0.05,6.987021,0.698702,1.931,3.109444,10.0,10.0,5.848616,0.0,5.848616,94.151384,70.722129,0.54551,14.133944
2026-08-12 20:39:28,47587.94,142999,715,-469.8299,-176.122,3.0,5.184432,,,,0.05,5.995496,0.59955,1e-05,2.230726,10.0,10.0,22.84966,0.0,22.84966,77.15034,57.742802,0.616074,14.133944
2026-08-12 20:40:29,47649.13,143199,716,19.9591,-164.5077,3.0,9.207893,,,,0.05,10.148563,1.014856,3.9e-05,1.447679,10.0,10.0,9.514882,0.0,9.514882,90.485118,68.470765,0.683624,14.133944
2026-08-12 20:41:30,47710.71,143399,717,-1106.4487,-177.8187,3.0,6.639215,,,,0.05,6.028609,0.602861,4e-06,5.994903,10.0,10.0,45.950772,0.0,45.950772,54.049228,38.630528,0.614356,14.133944
2026-08-12 20:42:32,47772.88,143599,718,-758.6184,-183.6848,3.0,8.793233,,,,0.05,7.122603,0.71226,1.099871,3.158522,10.0,10.0,34.667445,0.0,34.667445,65.332555,48.0213,0.470722,14.133944
2026-08-12 20:43:34,47834.68,143799,719,-73.8432,-187.2296,3.0,8.953929,,,,0.05,8.216684,0.821668,3.9e-05,0.819481,10.0,10.0,11.073418,0.0,11.073418,88.926582,67.775957,0.528515,14.133944
2026-08-12 20:44:36,47896.27,143999,720,-91.1912,-190.0704,3.0,7.960546,,,,0.05,8.806185,0.880618,1.89785,0.703832,10.0,10.0,12.896845,0.0,12.896845,87.103155,66.298316,0.555656,14.133944
2026-08-12 20:45:37,47957.67,144199,721,-192.2543,-186.8291,3.0,9.200631,,,,0.05,6.651016,0.665102,4.1e-05,3.864517,10.0,10.0,14.246457,0.0,14.246457,85.753543,64.431709,0.583941,14.133944
2026-08-12 20:46:39,48019.36,144399,722,3.0909,-187.5593,3.0,4.510337,,,,0.05,8.479964,0.847996,1.1e-05,1.717611,10.0,10.0,8.663888,0.0,8.663888,91.336112,69.092365,0.670639,14.133944
2026-08-12 20:47:40,48080.51,144599,723,-15.2749,-189.2487,3.0,9.963389,,,,0.05,8.866168,0.886617,1.926,1.250393,10.0,10.0,10.160721,0.0,10.160721,89.839279,68.596357,0.692068,14.133944
2026-08-12 20:48:42,48142.16,144799,724,42.9489,-186.3005,3.0,7.264832,,,,0.05,10.89933,1.089933,1.9309,2.985012,10.0,10.0,9.915944,0.0,9.915944,90.084056,68.226405,0.662121,14.133944
2026-08-12 20:49:43,48203.58,144999,725,9.3598,-187.8746,3.0,6.843884,,,,0.05,14.406028,1.440603,1.936,2.592232,10.0,10.0,15.32148,0.0,15.32148,84.67852,63.747501,0.576663,14.133944
2026-08-12 20:50:44,48264.52,145199,726,466.6677,-185.6781,3.0,9.284697,,,,0.05,15.896275,1.589628,1.94,0.052286,1.0,1.0,0.0,0.0,0.0,100.0,76.87023,0.615366,14.133944
2026-08-12 20:51:45,48325.89,145399,727,-269.3871,-189.7303,3.0,5.413568,,,,0.05,12.486484,1.248648,1.936,1.96004,10.0,10.0,23.235706,0.0,23.235706,76.764294,57.413058,0.583936,14.133944
2026-08-12 20:52:47,48387.39,145599,728,111.4519,-186.2136,3.0,7.21498,,,,0.05,14.200862,1.420086,1.94795,2.755812,10.0,10.0,11.16491,0.0,11.16491,88.83509,66.357124,0.678545,14.133944
2026-08-12 20:53:49,48449.32,145799,729,264.7839,-171.6894,3.0,5.631492,,,,0.05,14.810407,1.481041,1.941,1.276667,10.0,10.0,6.256322,0.0,6.256322,93.743678,70.543474,0.596923,14.133944
2026-08-12 20:54:50,48510.92,145999,730,-472.3693,-177.6832,3.0,9.359965,,,,0.05,9.927888,0.992789,0.727966,3.831697,10.0,10.0,27.544386,0.0,27.544386,72.455614,52.994548,0.634825,14.133944
2026-08-12 20:55:52,48572.78,146199,731,-1404.2182,-193.6523,3.0,10.875967,,,,0.05,4.258467,0.425847,3.8e-05,5.577638,10.0,10.0,54.653259,0.0,54.653259,45.346741,31.663326,0.755881,14.133944
2026-08-12 20:56:51,48631.67,146399,732,-833.5698,-197.6812,3.0,7.806249,,,,0.05,6.822021,0.682202,1.3e-05,2.923421,10.0,10.0,36.873865,0.0,36.873865,63.126135,46.696823,0.441132,14.133944
2026-08-12 20:57:51,48691.67,146599,733,-563.1497,-200.6175,3.0,7.921038,,,,0.05,7.656935,0.765694,1.93295,1.326271,10.0,10.0,28.082523,0.0,28.082523,71.917477,53.672286,0.504381,14.133944
2026-08-12 20:58:51,48751.31,146799,734,111.7083,-201.2216,3.0,7.851696,,,,0.05,8.865063,0.886506,1.93595,2.317793,10.0,10.0,5.685558,0.0,5.685558,94.314442,71.28331,0.585786,14.133944
2026-08-12 20:59:50,48810.6,146999,735,-508.7455,-208.1549,3.0,8.428561,,,,0.05,8.108368,0.810837,1.53388,5.838043,10.0,10.0,27.061732,0.0,27.061732,72.938268,53.470064,0.553646,14.133944
2026-08-12 21:00:51,48871.53,147199,736,-840.0747,-214.5628,3.0,5.846606,,,,0.05,5.59799,0.559799,0.237636,3.961652,10.0,10.0,36.113876,0.0,36.113876,63.886124,46.619528,0.520837,14.133944
2026-08-12 21:01:51,48931.37,147399,737,-48.5707,-216.5344,3.0,24.199833,,,,0.05,7.601735,0.760174,4.1e-05,1.499053,10.0,10.0,9.863748,0.0,9.863748,90.136252,67.727911,0.580027,14.133944
2026-08-12 21:02:50,48990.66,147599,738,221.719,-214.7593,3.0,4.919729,,,,0.05,7.568422,0.756842,4e-05,0.531941,3.0,6.0,0.0,0.0,0.0,100.0,76.801366,0.626867,14.133944
2026-08-12 21:03:50,49050.38,147799,739,-541.8663,-219.7517,3.0,5.823616,,,,0.05,5.451548,0.545155,1.929,4.020659,10.0,10.0,25.413554,0.0,25.413554,74.586446,55.245315,0.587693,14.133944
2026-08-12 21:04:50,49110.11,147999,740,-1082.0696,-232.5391,3.0,7.834735,,,,0.05,5.474679,0.547468,4e-06,6.268468,10.0,10.0,44.679142,0.0,44.679142,55.320858,39.365905,0.567942,14.133944
2026-08-12 21:05:50,49169.97,148199,741,-854.9843,-242.4831,3.0,4.573795,,,,0.05,4.865547,0.486555,1e-05,2.608971,10.0,10.0,35.78698,0.0,35.78698,64.21302,47.280024,0.616909,14.133944
2026-08-12 21:06:49,49229.48,148399,742,249.3173,-239.7363,3.0,13.703555,,,,0.05,8.326904,0.83269,1.927,0.015436,0.0,1.0,0.0,0.0,0.0,100.0,76.8704,0.580698,14.133944
2026-08-12 21:07:48,49288.76,148599,743,-1329.1065,-251.1079,3.0,11.639772,,,,0.05,3.844369,0.384437,0.434035,1.179446,10.0,10.0,51.184392,0.0,51.184392,48.815608,35.439421,0.61566,14.133944
2026-08-12 21:08:49,49349.16,148799,744,-122.2968,-250.0234,3.0,18.368494,,,,0.05,5.922767,0.592277,1.92895,0.959816,10.0,10.0,10.572937,0.0,10.572937,89.427063,67.895899,0.550338,14.133944
2026-08-12 21:09:48,49408.72,148999,745,-140.8019,-246.0203,3.0,8.201912,,,,0.05,8.252876,0.825288,1.939,2.008751,10.0,10.0,13.70778,0.0,13.70778,86.29222,65.343237,0.623846,14.133944
2026-08-12 21:10:48,49467.96,149199,746,101.6647,-246.943,3.0,9.154833,,,,0.05,6.538176,0.653818,1.93095,1.477048,10.0,10.0,3.401655,0.0,3.401655,96.598345,73.656281,0.633474,14.133944
2026-08-12 21:11:48,49527.95,149399,747,-718.1813,-253.7053,3.0,7.645974,,,,0.05,6.01579,0.601579,1.926,0.918696,10.0,10.0,31.670387,0.0,31.670387,68.329613,51.003622,0.598182,14.133944
2026-08-12 21:12:47,49587.84,149599,748,-298.3607,-259.3601,3.0,8.84722,,,,0.05,6.792998,0.6793,1.92295,2.089413,10.0,10.0,18.036059,0.0,18.036059,81.963941,61.512892,0.601629,14.133944
2026-08-12 21:13:47,49647.37,149799,749,292.0233,-257.3658,3.0,7.848755,,,,0.05,9.836539,0.983654,1.93095,0.008611,0.0,0.0,0.0,0.0,0.0,100.0,77.00352,0.593076,14.133944
2026-08-12 21:14:46,49706.71,149999,750,-361.6537,-255.8881,3.0,19.905697,,,,0.05,7.172522,0.717252,0.359418,1.833516,10.0,10.0,20.728408,0.0,20.728408,79.271592,59.760597,0.555836,15.633965
2026-08-12 21:15:45,49765.54,150199,751,-190.0087,-255.5041,3.0,6.324542,,,,0.05,7.519837,0.751984,1.9259,2.613678,10.0,10.0,13.617368,0.0,13.617368,86.382632,65.003131,0.546792,15.633965
2026-08-12 21:16:46,49825.94,150399,752,-458.0688,-261.6666,3.0,8.031574,,,,0.05,6.480094,0.648009,1.932,2.873852,10.0,10.0,20.780823,0.0,20.780823,79.219177,58.922894,0.646679,15.633965
2026-08-12 21:17:45,49885.1,150599,753,-1045.0376,-274.2767,3.0,14.641373,,,,0.05,4.436481,0.443648,3.9e-05,2.95456,10.0,10.0,38.256529,0.0,38.256529,61.743471,45.048812,0.692619,15.633965
2026-08-12 21:18:44,49944.74,150799,754,-604.4988,-274.4004,3.0,6.007483,,,,0.05,4.505594,0.450559,1.927,1.82736,10.0,10.0,24.091327,0.0,24.091327,75.908673,56.601811,0.721265,15.633965
2026-08-12 21:19:44,50004.74,150999,755,-348.8436,-268.3937,3.0,8.369079,,,,0.05,5.628801,0.56288,1.927,2.456225,10.0,10.0,16.456056,0.0,16.456056,83.543944,61.970576,0.420743,15.633965
2026-08-12 21:20:44,50064.17,151199,756,-15.2426,-264.6531,3.0,12.452595,,,,0.05,8.251474,0.825147,1.941,3.010316,10.0,10.0,8.832818,0.0,8.832818,91.167182,68.447118,0.528657,15.633965
2026-08-12 21:21:43,50123.49,151399,757,-1102.6344,-271.8435,3.0,6.206852,,,,0.05,4.45394,0.445394,1.2e-05,6.206915,10.0,10.0,40.165576,0.0,40.165576,59.834424,43.115004,0.781734,15.633965
2026-08-12 21:22:42,50182.85,151599,758,-306.5129,-276.6745,3.0,20.110624,,,,0.05,11.35431,1.135431,1.94995,3.867136,10.0,10.0,21.031449,0.0,21.031449,78.968551,58.795358,0.532813,15.633965
2026-08-12 21:23:42,50242.28,151799,759,-1480.2966,-286.9546,3.0,7.622842,,,,0.05,6.42845,0.642845,1.1e-05,5.936333,10.0,10.0,55.51443,0.0,55.51443,44.48557,31.317748,0.610628,15.633965
2026-08-12 21:24:42,50301.95,151999,760,401.5531,-281.5823,3.0,10.450422,,,,0.05,13.389033,1.338903,1.935,0.018289,0.0,1.0,0.0,0.0,0.0,100.0,76.8448,0.548012,15.633965
2026-08-12 21:25:41,50361.62,152199,761,-285.1037,-288.0847,3.0,9.212871,,,,0.05,10.341505,1.034151,1.934,4.206687,10.0,10.0,19.631596,0.0,19.631596,80.368404,60.037664,0.577881,15.633965
2026-08-12 21:26:41,50421.58,152399,762,-577.5861,-296.9271,3.0,8.181936,,,,0.05,6.897253,0.689725,1.106003,3.680736,10.0,10.0,25.248423,0.0,25.248423,74.751577,55.395567,0.524654,15.633965
2026-08-12 21:27:41,50481.61,152599,763,-878.4162,-299.149,3.0,7.175014,,,,0.05,3.7588,0.37588,9e-06,3.75579,10.0,10.0,32.478732,0.0,32.478732,67.521268,49.860254,0.734192,15.633965
2026-08-12 21:28:41,50541.24,152799,764,-285.558,-302.6,3.0,5.948347,,,,0.05,4.460486,0.446049,3.9e-05,4.708927,10.0,10.0,13.833795,0.0,13.833795,86.166205,64.551673,0.669227,15.633965
2026-08-12 21:29:41,50601.16,152999,765,-395.6893,-306.6438,3.0,6.432398,,,,0.05,4.39719,0.439719,4.1e-05,2.466519,10.0,10.0,17.419441,0.0,17.419441,82.580559,61.925113,0.647423,15.633965
2026-08-12 21:30:40,50660.75,153199,766,-152.7075,-300.4052,3.0,9.39884,,,,0.05,4.18927,0.418927,1.92495,4.610964,10.0,10.0,9.284688,0.0,9.284688,90.715312,66.877198,0.712205,15.633965
2026-08-12 21:31:40,50720.0,153399,767,169.149,-299.677,3.0,7.102196,,,,0.05,5.638299,0.56383,1.928,0.016988,0.0,1.0,0.0,0.0,0.0,100.0,76.77952,0.663791,15.633965
2026-08-12 21:32:39,50779.76,153599,768,-1279.4373,-308.3618,3.0,7.16401,,,,0.05,3.159822,0.315982,9e-06,2.645907,10.0,10.0,44.087976,0.0,44.087976,55.912024,40.753566,0.734263,15.633965
2026-08-12 21:33:39,50839.22,153799,769,-3.5672,-298.0011,3.0,8.976413,,,,0.05,6.700646,0.670065,1.93695,1.277995,10.0,10.0,6.677011,0.0,6.677011,93.322989,71.00706,0.704457,15.633965
2026-08-12 21:34:38,50898.62,153999,770,27.3019,-298.0687,3.0,18.714804,,,,0.05,8.10194,0.810194,1.937,1.20327,10.0,10.0,7.017895,0.0,7.017895,92.982105,70.80986,0.655501,15.633965
2026-08-12 21:35:38,50958.42,154199,771,-1234.4085,-310.5767,3.0,52.453438,,,,0.05,3.563067,0.356307,3.8e-05,3.184141,10.0,10.0,43.046457,0.0,43.046457,56.953543,41.402599,0.818392,15.633965
2026-08-12 21:36:38,51018.17,154399,772,-225.5942,-314.0009,3.0,9.066883,,,,0.05,5.864955,0.586496,1.696182,0.70181,10.0,10.0,13.003654,0.0,13.003654,86.996346,65.951457,0.671498,15.633965
2026-08-12 21:37:37,51077.75,154599,773,224.5689,-312.4887,3.0,13.83326,,,,0.05,7.51268,0.751268,1.932,0.006362,0.0,0.0,0.0,0.0,0.0,100.0,76.25856,0.720279,15.633965
2026-08-12 21:38:37,51137.61,154799,774,-372.7203,-318.2394,3.0,6.965499,,,,0.05,5.487835,0.548784,3.9e-05,0.363389,1.0,10.0,17.396275,0.0,17.396275,82.603725,62.22384,0.715794,15.633965
2026-08-12 21:39:36,51196.61,154999,775,101.9007,-314.3087,3.0,8.340492,,,,0.05,6.655501,0.66555,1.933,1.552691,10.0,10.0,3.228667,0.0,3.228667,96.771333,73.272781,0.686635,15.633965
2026-08-12 21:40:35,51255.91,155199,776,-154.5913,-317.6064,3.0,8.635718,,,,0.05,6.076147,0.607615,1.9369,0.925312,10.0,10.0,11.081531,0.0,11.081531,88.918469,67.726025,0.726331,15.633965
2026-08-12 21:41:36,51316.06,155399,777,-350.3274,-324.0455,3.0,8.312602,,,,0.05,6.673197,0.66732,1.939,4.368633,10.0,10.0,17.870653,0.0,17.870653,82.129347,60.995292,0.575168,15.633965
2026-08-12 21:42:35,51375.46,155599,778,-903.1081,-334.5929,3.0,8.164726,,,,0.05,4.323357,0.432336,1.562695,2.303139,10.0,10.0,32.774251,0.0,32.774251,67.225749,49.656899,0.651863,15.633965
2026-08-12 21:43:35,51435.39,155799,779,157.7803,-334.5039,3.0,7.018901,,,,0.05,8.831225,0.883123,1.93895,1.444919,10.0,10.0,3.571072,0.0,3.571072,96.428928,73.44805,0.553352,15.633965
2026-08-12 21:44:34,51494.79,155999,780,241.9134,-332.8236,3.0,8.841381,,,,0.05,8.06378,0.806378,1.938,0.00802,0.0,0.0,0.0,0.0,0.0,100.0,76.76672,0.590554,15.633965
2026-08-12 21:45:33,51553.87,156199,781,370.9494,-315.0509,3.0,10.346481,,,,0.05,12.429577,1.242958,1.942,0.006587,0.0,0.0,0.0,0.0,0.0,100.0,76.56192,0.670077,15.633965
2026-08-12 21:46:33,51613.63,156399,782,-195.4157,-318.6171,3.0,9.349002,,,,0.05,9.449373,0.944937,1.93795,2.433346,10.0,10.0,15.499708,0.0,15.499708,84.500292,63.195028,0.465719,15.633965
2026-08-12 21:47:33,51673.14,156599,783,-61.3203,-320.4227,3.0,26.716988,,,,0.05,11.636915,1.163691,1.94595,0.66369,10.0,10.0,13.361536,0.0,13.361536,86.638464,65.679458,0.623418,15.633965
2026-08-12 21:48:32,51732.75,156799,784,-764.5514,-329.7257,3.0,8.308746,,,,0.05,7.58921,0.758921,1.9459,3.659025,10.0,10.0,31.771659,0.0,31.771659,68.228341,50.238874,0.48916,15.633965
2026-08-12 21:49:33,51792.93,156999,785,-217.5232,-333.6117,3.0,10.490381,,,,0.05,8.335742,0.833574,1.93895,2.160557,10.0,10.0,15.263809,0.0,15.263809,84.736191,63.403252,0.51324,15.633965
2026-08-12 21:50:32,51852.42,157199,786,-205.3697,-333.6671,3.0,11.772057,,,,0.05,8.690185,0.869018,3.8e-05,3.25463,10.0,10.0,15.947966,0.0,15.947966,84.052034,63.166772,0.649015,15.633965
2026-08-12 21:51:32,51911.95,157399,787,-289.0923,-336.3676,3.0,9.683119,,,,0.05,5.664273,0.566427,1.93195,3.465679,10.0,10.0,14.956242,0.0,14.956242,85.043758,63.159495,0.704497,15.633965
2026-08-12 21:52:31,51971.64,157599,788,13.4054,-326.9804,3.0,12.799952,,,,0.05,4.294134,0.429413,1.92795,1.407443,10.0,10.0,3.937482,0.0,3.937482,96.062518,72.722065,0.713953,15.633965
2026-08-12 21:53:31,52031.43,157799,789,-895.6038,-338.3742,3.0,19.038404,,,,0.05,3.23973,0.323973,1.92995,3.818809,10.0,10.0,32.014263,0.0,32.014263,67.985737,50.169586,0.718857,15.633965
2026-08-12 21:54:30,52090.87,157999,790,-884.6539,-346.1049,3.0,10.583193,,,,0.05,2.871462,0.287146,0.311076,0.964563,10.0,10.0,30.996396,0.0,30.996396,69.003604,51.476098,0.702993,15.633965
2026-08-12 21:55:30,52150.06,158199,791,-580.8024,-350.9782,3.0,15.541878,,,,0.05,5.053357,0.505336,0.543853,1.861167,10.0,10.0,23.522642,0.0,23.522642,76.477358,57.261933,0.449708,15.633965
2026-08-12 21:56:29,52209.43,158399,792,78.9636,-351.7897,3.0,14.776633,,,,0.05,8.518368,0.851837,1.94095,4.558239,10.0,10.0,6.034512,0.0,6.034512,93.965488,70.509518,0.535711,15.633965
2026-08-12 21:57:29,52269.84,158599,793,-605.4422,-358.7177,3.0,6.73436,,,,0.05,6.432283,0.643228,1.939,1.751916,10.0,10.0,25.848633,0.0,25.848633,74.151367,55.604721,0.559845,15.633965
2026-08-12 21:58:29,52329.02,158799,794,-1255.8889,-367.3371,3.0,11.179144,,,,0.05,3.978239,0.397824,3.8e-05,2.328214,10.0,10.0,44.110793,0.0,44.110793,55.889207,40.74345,0.588642,15.633965
2026-08-12 21:59:28,52388.56,158999,795,299.6689,-362.935,3.0,11.298854,,,,0.05,9.988962,0.998896,1.941,0.001232,0.0,0.0,0.0,0.0,0.0,100.0,76.88064,0.550552,15.633965
2026-08-12 22:00:27,52447.81,159199,796,-340.2491,-360.3231,3.0,10.744654,,,,0.05,8.965136,0.896514,3.9e-05,2.781991,10.0,10.0,22.035841,0.0,22.035841,77.964159,59.320278,0.622882,15.633965
2026-08-12 22:01:27,52507.26,159399,797,103.4642,-352.6804,3.0,46.754902,,,,0.05,7.522894,0.752289,3.7e-05,2.262464,10.0,10.0,4.061435,0.0,4.061435,95.938565,72.543889,0.683494,15.633965
2026-08-12 22:02:26,52566.87,159599,798,303.7093,-339.2678,3.0,10.834763,,,,0.05,10.12668,1.012668,1.938,0.042026,0.0,2.0,0.0,0.0,0.0,100.0,77.14816,0.546518,15.633965
2026-08-12 22:03:26,52626.33,159799,799,-388.0827,-333.7467,3.0,16.076963,,,,0.05,7.224255,0.722425,0.787763,1.830358,10.0,10.0,19.357838,0.0,19.357838,80.642162,60.762641,0.601997,15.633965
2026-08-12 22:04:26,52686.25,159999,800,231.1132,-328.2033,3.0,6.349782,,,,0.05,8.237676,0.823768,1.93595,1.327032,10.0,10.0,0.556817,0.0,0.556817,99.443183,76.078516,0.623073,15.633965
2026-08-12 22:05:27,52747.02,160199,801,-668.7293,-337.3065,3.0,10.670593,,,,0.05,8.389779,0.838978,1.952,1.204065,10.0,10.0,29.711144,0.0,29.711144,70.288856,52.934581,0.583543,15.633965
2026-08-12 22:06:26,52806.34,160399,802,-707.7995,-346.431,3.0,21.965393,,,,0.05,7.176679,0.717668,0.307146,1.183726,10.0,10.0,29.678677,0.0,29.678677,70.321323,52.647088,0.603142,15.633965
2026-08-12 22:07:25,52865.9,160599,803,279.4816,-346.0608,3.0,14.081636,,,,0.05,10.195679,1.019568,1.94,1.468338,10.0,10.0,0.900916,0.0,0.900916,99.099084,75.417701,0.602447,15.633965
2026-08-12 22:08:25,52925.57,160799,804,224.1293,-339.5294,3.0,13.144604,,,,0.05,7.470976,0.747098,1.934,0.331727,2.0,3.0,0.0,0.0,0.0,100.0,76.485645,0.599772,15.633965
2026-08-12 22:09:24,52984.86,160999,805,-224.8011,-336.1048,3.0,31.185595,,,,0.05,7.354116,0.735412,1.93595,0.534955,10.0,10.0,14.248947,0.0,14.248947,85.751053,65.009157,0.591946,15.633965
2026-08-12 22:10:24,53044.22,161199,806,-370.7165,-337.211,3.0,10.379379,,,,0.05,7.733152,0.773315,1.92,2.272979,10.0,10.0,19.756024,0.0,19.756024,80.243976,59.836305,0.536428,15.633965
2026-08-12 22:11:23,53103.51,161399,807,-417.9699,-330.4625,3.0,10.174396,,,,0.05,5.608253,0.560825,0.989238,2.907035,10.0,10.0,18.8059,0.0,18.8059,81.1941,59.50312,0.591573,15.633965
2026-08-12 22:12:23,53163.09,161599,808,358.1458,-318.5218,3.0,14.483665,,,,0.05,12.462876,1.246288,1.928,0.080209,1.0,3.0,0.0,0.0,0.0,100.0,76.04118,0.603011,15.633965
2026-08-12 22:13:22,53222.71,161799,809,93.6296,-314.8235,3.0,10.618855,,,,0.05,10.241734,1.024173,1.94095,2.800196,10.0,10.0,6.924626,0.0,6.924626,93.075374,69.501966,0.635365,15.633965
2026-08-12 22:14:21,53281.85,161999,810,-192.8122,-311.6595,3.0,10.534499,,,,0.05,9.757684,0.975768,1.941,2.340319,10.0,10.0,15.858453,0.0,15.858453,84.141547,62.630219,0.611153,15.633965
2026-08-12 22:15:21,53341.77,162199,811,248.559,-309.5645,3.0,8.439398,,,,0.05,8.288328,0.828833,1.94,0.022066,0.0,1.0,0.0,0.0,0.0,100.0,76.27904,0.58059,15.633965
2026-08-12 22:16:21,53401.48,162399,812,219.3231,-303.1627,3.0,10.779405,,,,0.05,7.310771,0.731077,1.941,0.027798,0.0,1.0,0.0,0.0,0.0,100.0,76.43648,0.609196,15.633965
2026-08-12 22:17:21,53461.02,162599,813,-164.5722,-290.8107,3.0,12.905185,,,,0.05,6.901256,0.690126,1.94095,0.808963,10.0,10.0,11.686428,0.0,11.686428,88.313572,67.017818,0.542336,16.693362
2026-08-12 22:18:20,53520.45,162799,814,-415.7686,-295.5059,3.0,9.544171,,,,0.05,5.625887,0.562589,1.046636,0.194495,0.0,10.0,17.300368,0.0,17.300368,82.699632,62.495431,0.539627,16.693362
2026-08-12 22:19:20,53580.26,162999,815,235.3973,-288.4536,3.0,10.089275,,,,0.05,8.488491,0.848849,1.919,0.464371,4.0,9.0,0.994019,0.0,0.994019,99.005981,75.856652,0.699351,16.693362
2026-08-12 22:20:20,53639.95,163199,816,63.7514,-288.0157,3.0,14.77122,,,,0.05,7.552581,0.755258,1.9349,1.378433,10.0,10.0,4.94868,0.0,4.94868,95.05132,72.233072,0.610441,16.693362
2026-08-12 22:21:20,53700.02,163399,817,-325.1261,-280.2024,3.0,11.826155,,,,0.05,7.778083,0.777808,1.93585,2.168147,10.0,10.0,17.111988,0.0,17.111988,82.888012,62.379697,0.486722,16.693362
2026-08-12 22:22:19,53759.54,163599,818,173.6249,-270.88,3.0,18.419579,,,,0.05,9.6599,0.96599,1.946,1.492858,10.0,10.0,3.53484,0.0,3.53484,96.46516,73.301554,0.625331,16.693362
2026-08-12 22:23:19,53819.15,163799,819,-632.3691,-276.4653,3.0,12.023027,,,,0.05,7.420534,0.742053,1.94795,1.60489,10.0,10.0,25.741024,0.0,25.741024,74.258976,55.721465,0.516512,16.693362
2026-08-12 22:24:18,53878.91,163999,820,351.4007,-272.0393,3.0,9.251019,,,,0.05,11.780672,1.178067,1.93895,0.004998,0.0,0.0,0.0,0.0,0.0,100.0,77.08416,0.632761,16.693362
2026-08-12 22:25:19,53939.31,164199,821,-1123.9683,-281.3565,3.0,16.211128,,,,0.05,6.973311,0.697331,1.95395,2.778615,10.0,10.0,40.496047,0.0,40.496047,59.503953,43.842184,0.602476,16.693362
2026-08-12 22:26:19,53999.01,164399,822,-210.7782,-283.4952,3.0,13.883295,,,,0.05,11.194011,1.119401,1.786566,0.320446,1.0,10.0,16.265945,0.0,16.265945,83.734055,63.587212,0.544087,16.693362
2026-08-12 22:27:19,54059.03,164599,823,354.3369,-279.7991,3.0,11.348218,,,,0.05,11.860719,1.186072,1.929,0.015907,0.0,1.0,0.0,0.0,0.0,100.0,76.60672,0.597773,16.693362
2026-08-12 22:28:18,54118.11,164799,824,40.5095,-279.8235,3.0,17.540905,,,,0.05,6.896891,0.689689,1.93195,2.562576,10.0,10.0,5.210084,0.0,5.210084,94.789916,71.535529,0.682583,16.693362
2026-08-12 22:29:18,54178.66,164999,825,-111.1534,-281.0286,3.0,11.040409,,,,0.05,6.069442,0.606944,1.472477,3.162143,10.0,10.0,9.093933,0.0,9.093933,90.906067,68.700127,0.6504,16.693362
2026-08-12 22:30:18,54238.44,165199,826,145.6671,-284.2386,3.0,11.598125,,,,0.05,5.053414,0.505341,1.92895,0.679483,6.0,10.0,0.207721,0.0,0.207721,99.792279,76.807488,0.687404,16.693362
2026-08-12 22:31:18,54297.95,165399,827,-675.2657,-288.2974,3.0,10.126713,,,,0.05,3.637953,0.363795,1.93095,4.372321,10.0,10.0,24.224562,0.0,24.224562,75.775438,56.452905,0.717758,16.693362
2026-08-12 22:32:17,54357.74,165599,828,205.5256,-287.3566,3.0,13.852601,,,,0.05,6.850854,0.685085,1.932,0.016538,0.0,1.0,0.0,0.0,0.0,100.0,76.934578,0.691911,16.693362
2026-08-12 22:33:17,54417.55,165799,829,337.2787,-286.6317,3.0,8.036481,,,,0.05,11.787354,1.178735,1.935,0.943597,6.0,9.0,0.97574,0.0,0.97574,99.02426,76.115374,0.484366,16.693362
2026-08-12 22:34:17,54477.13,165999,830,-276.523,-284.6732,3.0,15.654773,,,,0.05,8.049869,0.804987,1.934,0.421397,1.0,10.0,15.672851,0.0,15.672851,84.327149,63.824666,0.691538,16.693362
2026-08-12 22:35:16,54536.85,166199,831,393.8342,-266.6927,3.0,15.583868,,,,0.05,14.210036,1.421004,1.93295,0.45435,4.0,8.0,0.058312,0.0,0.058312,99.941688,76.774178,0.590413,16.693362
2026-08-12 22:36:16,54596.06,166399,832,-914.3406,-267.5004,3.0,14.177456,,,,0.05,5.78357,0.578357,1.935,6.249305,10.0,10.0,32.968771,0.0,32.968771,67.031229,48.800849,0.652401,16.693362
2026-08-12 22:37:16,54656.43,166599,833,-663.5997,-268.5049,3.0,11.589102,,,,0.05,6.262314,0.626231,1.93995,4.112733,10.0,10.0,25.877841,0.0,25.877841,74.122159,55.18704,0.71797,16.693362
2026-08-12 22:38:15,54715.82,166799,834,-119.8771,-270.8208,3.0,8.564527,,,,0.05,6.060314,0.606031,1.928,1.028607,10.0,10.0,9.245544,0.0,9.245544,90.754456,68.956003,0.726727,16.693362
2026-08-12 22:39:15,54775.09,166999,835,185.2183,-263.8811,3.0,12.380525,,,,0.05,6.241149,0.624115,1.924,0.009623,0.0,0.0,0.0,0.0,0.0,100.0,77.01376,0.687931,16.693362
2026-08-12 22:40:14,54834.83,167199,836,190.0154,-253.5802,3.0,11.811964,,,,0.05,6.372924,0.637292,1.93,0.010702,0.0,1.0,0.0,0.0,0.0,100.0,76.90496,0.706629,16.693362
2026-08-12 22:41:14,54894.5,167399,837,236.7179,-250.7273,3.0,9.812051,,,,0.05,7.912138,0.791214,1.92995,0.010434,0.0,1.0,0.0,0.0,0.0,100.0,76.79744,0.621511,16.693362
2026-08-12 22:42:14,54954.2,167599,838,-387.9578,-256.8241,3.0,17.927803,,,,0.05,5.123737,0.512374,1.907698,0.320008,0.0,10.0,16.224579,0.0,16.224579,83.775421,63.369155,0.578463,16.693362
2026-08-12 22:43:13,55013.92,167799,839,-638.4375,-257.7898,3.1,12.901621,,,,0.05,4.852182,0.485218,1.917,1.766869,10.0,10.0,23.679957,0.0,23.679957,76.320043,57.237096,0.659297,16.693362
2026-08-12 22:44:13,55073.08,167999,840,-903.3228,-256.0024,3.1,8.266495,,,,0.05,5.178868,0.517887,0.81936,0.955319,10.0,10.0,31.873742,0.0,31.873742,68.126258,50.933807,0.588214,16.693362
2026-08-12 22:45:14,55134.13,168199,841,-1056.4049,-258.0166,3.1,12.638621,,,,0.05,5.235586,0.523559,1.20112,4.082911,10.0,10.0,36.747599,0.0,36.747599,63.252401,45.977836,0.586303,16.693362
2026-08-12 22:46:13,55192.99,168399,842,-1048.4433,-270.9942,3.1,9.033747,,,,0.05,3.065394,0.306539,1.933,6.59778,10.0,10.0,35.029448,0.0,35.029448,64.970552,47.272151,0.80962,16.693362
2026-08-12 22:47:13,55253.07,168599,843,-24.3971,-257.9471,3.1,10.399673,,,,0.05,6.408032,0.640803,1.929,1.214492,10.0,10.0,6.61898,0.0,6.61898,93.38102,71.198059,0.539568,16.693362
2026-08-12 22:48:12,55312.64,168799,844,113.7838,-255.5863,3.1,10.485088,,,,0.05,5.716126,0.571613,1.93,1.348828,10.0,10.0,1.808535,0.0,1.808535,98.191465,74.609649,0.547944,16.693362
2026-08-12 22:49:12,55372.56,168999,845,-301.4319,-257.1926,3.1,11.304861,,,,0.05,5.509509,0.550951,1.93,2.788524,10.0,10.0,14.556941,0.0,14.556941,85.443059,63.920399,0.563906,16.693362
2026-08-12 22:50:12,55432.4,169199,846,-1104.202,-269.2512,3.1,47.654827,,,,0.05,7.951228,0.795123,1.023952,2.776681,10.0,10.0,40.348273,0.0,40.348273,59.651727,43.789645,0.494957,16.693362
2026-08-12 22:51:12,55492.36,169399,847,126.7156,-260.8023,3.1,22.296135,,,,0.05,10.535586,1.053559,1.936,1.377273,10.0,10.0,5.790133,0.0,5.790133,94.209867,71.524804,0.586614,16.693362
2026-08-12 22:52:11,55551.88,169599,848,393.3957,-253.8847,3.1,28.845098,,,,0.05,13.136632,1.313663,1.934,0.226897,1.0,5.0,0.0,0.0,0.0,100.0,76.154313,0.508252,16.693362
2026-08-12 22:53:12,55612.18,169799,849,-1868.231,-275.4872,3.1,10.879712,,,,0.05,4.023835,0.402383,0.356325,4.252792,10.0,10.0,61.847956,0.0,61.847956,38.152044,26.456112,0.587481,16.693362
2026-08-12 22:54:11,55671.39,169999,850,-367.8336,-275.549,3.1,14.231192,,,,0.05,8.016351,0.801635,0.754619,0.124178,0.0,1.0,18.140067,0.0,18.140067,81.859933,62.524699,0.47883,16.693362
2026-08-12 22:55:11,55731.43,170199,851,232.2205,-271.3268,3.1,12.478883,,,,0.05,10.173092,1.017309,1.93195,1.975305,10.0,10.0,2.800298,0.0,2.800298,97.199702,74.341073,0.493854,16.693362
2026-08-12 22:56:11,55791.2,170399,852,106.4705,-265.6814,3.1,7.821294,,,,0.05,7.247319,0.724732,1.93095,1.496481,10.0,10.0,3.55464,0.0,3.55464,96.44536,73.365232,0.54304,16.693362
2026-08-12 22:57:11,55851.0,170599,853,-363.7993,-258.869,3.1,12.939424,,,,0.05,6.74597,0.674597,1.943,4.903806,10.0,10.0,17.202224,0.0,17.202224,82.797776,61.650002,0.629042,16.693362
2026-08-12 22:58:10,55910.7,170799,854,190.4818,-250.9192,3.1,7.60162,,,,0.05,6.349395,0.634939,1.934,0.019846,0.0,1.0,0.0,0.0,0.0,100.0,76.68736,0.632215,16.693362
2026-08-12 22:59:10,55970.74,170999,855,-218.8462,-249.6192,3.1,11.182116,,,,0.05,5.373674,0.537367,1.928,0.797854,10.0,10.0,11.246378,0.0,11.246378,88.753622,67.423934,0.602888,16.693362
2026-08-12 23:00:10,56030.62,171199,856,-473.4622,-254.2014,3.1,11.322861,,,,0.05,9.465698,0.94657,4.3e-05,2.870905,10.0,10.0,23.73708,0.0,23.73708,76.26292,57.158939,0.555248,16.693362
2026-08-12 23:01:10,56090.74,171399,857,153.0347,-241.6447,3.1,4.276205,,,,0.05,8.104675,0.810467,1.933,1.458318,10.0,10.0,3.011587,0.0,3.011587,96.988413,73.900563,0.491468,16.693362
2026-08-12 23:02:10,56150.2,171599,858,43.1132,-238.1484,3.1,7.913375,,,,0.05,3.886724,0.388672,1.931,1.577288,10.0,10.0,2.366697,0.0,2.366697,97.633303,74.567611,0.699731,16.693362
2026-08-12 23:03:10,56210.17,171799,859,148.2043,-221.8634,3.1,18.645784,,,,0.05,4.940142,0.494014,1.93095,0.017174,0.0,1.0,0.0,0.0,0.0,100.0,76.992096,0.651341,16.693362
2026-08-12 23:04:09,56269.81,171999,860,-1544.5192,-241.3242,3.1,8.422232,,,,0.05,3.443937,0.344394,4e-05,4.492977,10.0,10.0,49.873721,0.0,49.873721,50.126279,35.770852,0.615137,16.693362
2026-08-12 23:05:09,56329.47,172199,861,89.8871,-237.5742,3.1,12.150416,,,,0.05,8.136648,0.813665,1.932,1.307642,10.0,10.0,4.813333,0.0,4.813333,95.186667,72.497862,0.511309,16.693362
2026-08-12 23:06:09,56389.18,172399,862,-242.8835,-234.2272,3.1,17.711021,,,,0.05,5.991552,0.599155,1.933,0.791026,10.0,10.0,12.649991,0.0,12.649991,87.350009,66.430324,0.714647,16.693362
2026-08-12 23:07:09,56449.0,172599,863,48.2958,-224.9601,3.1,11.973118,,,,0.05,8.903561,0.890356,1.937,3.135897,10.0,10.0,6.86661,0.0,6.86661,93.13339,70.217306,0.650642,16.693362
2026-08-12 23:08:08,56508.47,172799,864,112.9894,-220.9746,3.1,13.786505,,,,0.05,11.752263,1.175226,1.94,1.27876,10.0,10.0,7.228216,0.0,7.228216,92.771784,70.775157,0.585211,16.693362
2026-08-12 23:09:08,56568.58,172999,865,152.7373,-215.4904,3.1,11.470314,,,,0.05,11.912278,1.191228,1.94695,1.263543,10.0,10.0,6.250104,0.0,6.250104,93.749896,71.121587,0.617971,16.693362
2026-08-12 23:10:08,56628.18,173199,866,-445.554,-218.4188,3.1,10.966744,,,,0.05,7.013241,0.701324,4e-05,3.171877,10.0,10.0,19.786829,0.0,19.786829,80.213171,59.53919,0.758548,16.693362
2026-08-12 23:11:07,56687.79,173399,867,-183.5061,-221.9454,3.1,13.334134,,,,0.05,3.889397,0.38894,3.7e-05,1.17121,10.0,10.0,8.999581,0.0,8.999581,91.000419,68.824778,0.931636,16.693362
2026-08-12 23:12:07,56747.3,173599,868,410.51,-205.0459,3.1,8.315487,,,,0.05,15.273502,1.52735,3.8e-05,0.131309,1.0,2.0,0.0,0.0,0.0,100.0,76.239921,0.748586,16.693362
2026-08-12 23:13:07,56807.0,173799,869,415.5203,-200.855,3.1,14.369923,,,,0.05,14.65692,1.465692,1.94495,0.029561,0.0,1.0,0.0,0.0,0.0,100.0,76.3392,0.654306,16.693362
2026-08-12 23:14:06,56866.74,173999,870,-151.5655,-202.6437,3.1,12.781361,,,,0.05,1.270241,0.127024,3.8e-05,1.272034,10.0,10.0,5.662526,0.0,5.662526,94.337474,71.454224,0.975813,16.693362
2026-08-12 23:15:06,56926.63,174199,871,365.8216,-186.6414,3.1,10.269066,,,,0.05,14.050011,1.405001,3.7e-05,1.003383,6.0,9.0,0.822915,0.0,0.822915,99.177085,76.055945,0.768522,16.693362
2026-08-12 23:16:05,56985.72,174399,872,-52.4822,-184.9103,3.1,9.315916,,,,0.05,3.465279,0.346528,4e-05,1.386318,10.0,10.0,4.556535,0.0,4.556535,95.443465,72.450134,0.883875,16.693362
2026-08-12 23:17:06,57046.06,174599,873,-854.3218,-195.6992,3.1,11.107446,,,,0.05,0.900526,0.090053,3.8e-05,1.544767,10.0,10.0,26.559679,0.0,26.559679,73.440321,54.888851,0.975308,16.693362
2026-08-12 23:18:06,57105.93,174799,874,13.6274,-191.8357,3.1,11.267739,,,,0.05,5.550783,0.555078,3.7e-05,1.485844,10.0,10.0,4.390838,0.0,4.390838,95.609162,72.619335,0.882127,16.693362
2026-08-12 23:19:05,57165.31,174999,875,-190.2019,-194.7567,3.1,14.760121,,,,0.05,2.106855,0.210685,4.1e-05,1.156531,10.0,10.0,7.559233,0.0,7.559233,92.440767,70.3713,0.941747,17.223654
2026-08-12 23:20:04,57224.61,175199,876,-68.499,-193.8958,3.1,9.116587,,,,0.05,2.469066,0.246907,3.8e-05,1.527802,10.0,10.0,4.31434,0.0,4.31434,95.68566,72.778063,0.893298,17.223654
2026-08-12 23:21:04,57283.98,175399,877,-1023.5611,-200.6282,3.1,10.511431,,,,0.05,1.070431,0.107043,3.7e-05,1.014973,10.0,10.0,30.685392,0.0,30.685392,69.314608,52.062315,0.970083,17.223654
2026-08-12 23:22:03,57343.29,175599,878,-397.039,-195.5675,3.1,14.063893,,,,0.05,2.851556,0.285156,3.9e-05,3.115445,10.0,10.0,13.894589,0.0,13.894589,86.105411,64.683616,0.897791,17.223654
2026-08-12 23:23:02,57402.68,175799,879,-1118.9004,-208.3343,3.1,10.372595,,,,0.05,0.6628,0.06628,3.6e-05,3.559315,10.0,10.0,33.459873,0.0,33.459873,66.540127,48.882504,0.975075,17.223654
2026-08-12 23:24:01,57461.12,175999,880,-176.444,-212.5178,3.1,9.7073,,,,0.05,4.368442,0.436844,3.7e-05,1.057974,10.0,10.0,8.864452,0.0,8.864452,91.135548,68.890718,0.616904,17.223654
2026-08-12 23:25:01,57521.44,176199,881,-339.76,-219.6249,3.1,9.801504,,,,0.05,3.705844,0.370584,1.93195,0.660127,10.0,10.0,13.171589,0.0,13.171589,86.828411,65.765822,0.808979,17.223654
2026-08-12 23:26:00,57580.66,176399,882,-786.4831,-225.5356,3.1,23.226337,,,,0.05,3.551156,0.355116,1.93195,4.155667,10.0,10.0,26.43899,0.0,26.43899,73.56101,54.133714,0.856181,17.223654
2026-08-12 23:26:59,57639.8,176599,883,-255.2941,-227.4753,3.1,13.067739,,,,0.05,5.666446,0.566645,1.9299,1.945148,10.0,10.0,13.234705,0.0,13.234705,86.765295,65.858891,0.556253,17.223654
2026-08-12 23:27:59,57699.27,176799,884,-359.7723,-223.4276,3.1,6.729423,,,,0.05,6.143285,0.614328,1.932,1.52364,9.0,10.0,16.242012,0.0,16.242012,83.757988,63.532264,0.704246,17.223654
2026-08-12 23:28:58,57758.74,176999,885,152.836,-219.724,3.1,13.734993,,,,0.05,9.619659,0.961966,1.94,1.793577,10.0,10.0,4.32463,0.0,4.32463,95.67537,73.084679,0.540815,17.223654
2026-08-12 23:29:58,57818.32,177199,886,-274.9612,-220.4199,3.1,64.915794,,,,0.05,6.859335,0.685934,1.93395,2.614662,10.0,10.0,14.137598,0.0,14.137598,85.862402,64.553259,0.536088,17.223654
2026-08-12 23:30:57,57877.72,177399,887,-571.5821,-223.2448,3.1,72.74295,,,,0.05,8.547315,0.854732,1.93895,2.824127,10.0,10.0,24.41986,0.0,24.41986,75.58014,56.181727,0.512485,17.223654
2026-08-12 23:31:56,57936.76,177599,888,174.6083,-221.6328,3.1,13.174433,,,,0.05,9.977371,0.997737,1.938,2.508329,9.0,10.0,4.755575,0.0,4.755575,95.244425,73.3125,0.573403,17.223654
2026-08-12 23:32:57,57997.57,177799,889,-770.3539,-220.3803,3.1,10.344673,,,,0.05,6.046698,0.60467,0.674579,2.112267,10.0,10.0,27.476012,0.0,27.476012,72.523988,54.507439,0.482777,17.223654
2026-08-12 23:33:57,58056.98,177999,890,51.4248,-211.0195,3.1,15.855384,,,,0.05,8.562494,0.856249,1.93995,2.912286,10.0,10.0,6.48185,0.0,6.48185,93.51815,71.053484,0.537495,17.223654
2026-08-12 23:34:56,58116.25,178199,891,-472.5755,-209.9372,3.1,17.231129,,,,0.05,9.804098,0.98041,1.952,3.029723,10.0,10.0,22.710501,0.0,22.710501,77.289499,58.222688,0.56239,17.223654
2026-08-12 23:35:55,58175.55,178399,892,201.3936,-208.7129,3.1,99.065994,,,,0.05,12.059937,1.205994,1.944,2.55556,10.0,10.0,5.378599,0.0,5.378599,94.621401,69.98137,0.536707,17.223654
2026-08-12 23:36:55,58235.25,178599,893,-454.6977,-207.2054,3.1,20.710833,,,,0.05,9.498858,0.949886,1.94195,3.717119,10.0,10.0,22.14822,0.0,22.14822,77.85178,58.53392,0.553342,17.223654
2026-08-12 23:37:55,58294.99,178799,894,165.848,-192.9881,3.1,33.168438,,,,0.05,9.628932,0.962893,1.936,1.609084,10.0,10.0,3.675151,0.0,3.675151,96.324849,73.517799,0.469963,17.223654
2026-08-12 23:38:54,58354.8,178999,895,-438.5842,-200.3706,3.1,14.068054,,,,0.05,6.430606,0.643061,1.93095,5.488437,10.0,10.0,18.967843,0.0,18.967843,81.032157,60.267382,0.50412,17.223654
2026-08-12 23:39:54,58414.36,179199,896,198.8193,-194.9799,3.1,26.280983,,,,0.05,7.179759,0.717976,1.929,1.637929,8.0,9.0,0.841748,0.0,0.841748,99.158252,74.652129,0.55281,17.223654
2026-08-12 23:40:54,58474.84,179399,897,112.5994,-194.8886,3.1,22.285114,,,,0.05,8.28133,0.828133,1.93195,5.505891,10.0,10.0,4.502536,0.0,4.502536,95.497464,71.317618,0.525702,17.223654
2026-08-12 23:41:54,58534.52,179599,898,330.3501,-194.6222,3.1,9.886822,,,,0.05,11.424153,1.142415,4.2e-05,0.57382,4.0,8.0,0.322732,0.0,0.322732,99.677268,76.089654,0.538351,17.223654
2026-08-12 23:42:54,58594.06,179799,899,-905.9703,-199.801,3.1,17.981697,,,,0.05,8.304214,0.830421,1.945,6.314091,10.0,10.0,34.089538,0.0,34.089538,65.910462,47.559425,0.59048,17.223654
2026-08-12 23:43:53,58653.25,179999,900,-1643.1997,-218.5442,3.1,18.853806,,,,0.05,4.870603,0.48706,1.938247,5.21076,10.0,10.0,52.456871,0.0,52.456871,47.543129,33.612812,0.710309,17.223654
2026-08-12 23:44:52,58712.49,180199,901,170.6206,-210.1507,3.1,15.869209,,,,0.05,10.306501,1.03065,1.931,2.440552,10.0,10.0,4.305618,0.0,4.305618,95.694382,72.356557,0.660627,17.223654
2026-08-12 23:45:51,58771.71,180399,902,-259.6603,-205.6693,3.1,17.06716,,,,0.05,8.063689,0.806369,1.933,2.800893,10.0,10.0,14.682187,0.0,14.682187,85.317813,63.877459,0.650508,17.223654
2026-08-12 23:46:51,58831.53,180599,903,-1385.9848,-222.3239,3.1,17.067659,,,,0.05,6.152512,0.615251,1.246799,2.096481,10.0,10.0,45.876383,0.0,45.876383,54.123617,39.624126,0.593762,17.223654
2026-08-12 23:47:51,58890.96,180799,904,-458.1272,-229.1465,3.1,13.724091,,,,0.05,6.743616,0.674362,1.934,5.685817,10.0,10.0,19.813916,0.0,19.813916,80.186084,59.536167,0.607432,17.223654
2026-08-12 23:48:51,58951.22,180999,905,-1183.2681,-238.7312,3.1,10.089509,,,,0.05,6.102135,0.610214,1.943,9.708589,10.0,10.0,40.566242,0.0,40.566242,59.433758,42.305358,0.722829,17.223654
2026-08-12 23:49:51,59011.06,181199,906,367.908,-231.3449,3.1,14.066437,,,,0.05,12.265088,1.226509,1.94195,0.149397,1.0,5.0,0.0,0.0,0.0,100.0,76.108564,0.509166,17.223654
2026-08-12 23:50:50,59070.41,181399,907,322.7304,-223.9379,3.1,24.281357,,,,0.05,10.791795,1.079179,1.93595,0.352966,4.0,6.0,0.0,0.0,0.0,100.0,74.519224,0.472405,17.223654
2026-08-12 23:51:50,59130.28,181599,908,23.4474,-227.2849,3.1,13.245036,,,,0.05,9.501612,0.950161,1.939,4.191546,10.0,10.0,7.948068,0.0,7.948068,92.051932,69.575092,0.569602,17.223654
2026-08-12 23:52:50,59190.07,181799,909,-92.413,-229.1453,3.1,32.972313,,,,0.05,6.950134,0.695013,1.934,1.704608,10.0,10.0,8.857704,0.0,8.857704,91.142296,69.484132,0.619323,17.223654
2026-08-12 23:53:49,59249.37,181999,910,313.264,-224.0846,3.1,10.035944,,,,0.05,10.605061,1.060506,1.933,0.048045,0.0,1.0,0.0,0.0,0.0,100.0,77.340764,0.596181,17.223654
2026-08-12 23:54:49,59309.31,182199,911,-268.2062,-229.2522,3.1,16.011486,,,,0.05,4.809875,0.480988,1.93995,3.404238,10.0,10.0,12.344677,0.0,12.344677,87.655323,66.374865,0.845304,17.223654
2026-08-12 23:55:48,59368.43,182399,912,-367.8388,-235.1239,3.1,8.212489,,,,0.05,4.155292,0.415529,1.93995,2.744726,10.0,10.0,14.561948,0.0,14.561948,85.438052,64.508839,0.795847,17.223654
2026-08-12 23:56:48,59428.55,182599,913,147.7091,-232.001,3.1,20.388332,,,,0.05,6.830607,0.683061,1.93795,1.54429,10.0,10.0,1.657257,0.0,1.657257,98.342743,75.419956,0.75024,17.223654
2026-08-12 23:57:47,59487.83,182799,914,-585.4227,-233.6976,3.1,10.176771,,,,0.05,5.005981,0.500598,1.9629,4.956407,10.0,10.0,21.516881,0.0,21.516881,78.483119,58.168675,0.821678,17.223654
2026-08-12 23:58:46,59546.77,182999,915,-1117.245,-247.224,3.1,7.039484,,,,0.05,3.742787,0.374279,1.01591,3.881759,10.0,10.0,35.914234,0.0,35.914234,64.085766,47.05187,0.735373,17.223654
2026-08-12 23:59:45,59605.87,183199,916,-445.8129,-252.3196,3.1,11.877024,,,,0.05,4.229396,0.42294,1.33033,1.533738,10.0,10.0,16.260244,0.0,16.260244,83.739756,63.599571,0.800345,17.223654
2026-08-13 00:00:44,59664.8,183399,917,-40.1561,-249.4699,3.1,15.205881,,,,0.05,7.194312,0.719431,1.94495,3.388081,10.0,10.0,7.589256,0.0,7.589256,92.410744,69.281062,0.709697,17.223654
2026-08-13 00:01:44,59724.14,183599,918,-437.0776,-255.577,3.1,24.980139,,,,0.05,5.323014,0.532301,1.01396,0.206527,0.0,10.0,17.374893,0.0,17.374893,82.625107,62.315905,0.795943,17.223654
2026-08-13 00:02:43,59783.21,183799,919,323.9968,-246.0133,3.1,34.64447,,,,0.05,10.846598,1.08466,1.931,0.004226,0.0,0.0,0.0,0.0,0.0,100.0,76.62592,0.591072,17.223654
2026-08-13 00:03:42,59842.44,183999,920,-462.3428,-254.1507,3.1,18.634558,,,,0.05,4.271321,0.427132,0.9841,1.307583,6.0,10.0,16.804702,0.0,16.804702,83.195298,62.940631,0.76784,17.223654
2026-08-13 00:04:41,59901.67,184199,921,266.5176,-240.2459,3.1,7.250301,,,,0.05,9.014303,0.90143,1.938,0.012523,0.0,1.0,0.0,0.0,0.0,100.0,76.658767,0.636116,17.223654
2026-08-13 00:05:41,59961.03,184399,922,-926.1081,-247.3992,3.1,13.78837,,,,0.05,2.886098,0.28861,1.936,3.810959,10.0,10.0,29.541477,0.0,29.541477,70.458523,52.034019,0.834827,17.223654
2026-08-13 00:06:40,60020.86,184599,923,15.1141,-250.7914,3.1,7.625735,,,,0.05,3.346387,0.334639,1.93195,1.408433,10.0,10.0,2.663458,0.0,2.663458,97.336542,74.378575,0.785378,17.223654
2026-08-13 00:07:40,60080.22,184799,924,-716.3373,-258.3599,3.1,12.770994,,,,0.05,2.807739,0.280774,1.931,4.725562,10.0,10.0,23.712985,0.0,23.712985,76.287015,56.672636,0.849056,17.223654
2026-08-13 00:08:40,60140.02,184999,925,-883.267,-266.081,3.1,6.706794,,,,0.05,2.262924,0.226292,1.792417,1.894519,10.0,10.0,27.612449,0.0,27.612449,72.387551,54.214717,0.926774,17.223654
2026-08-13 00:09:39,60199.85,185199,926,241.7857,-265.1198,3.1,11.818857,,,,0.05,8.059691,0.805969,1.9309,0.022685,0.0,1.0,0.0,0.0,0.0,100.0,76.56832,0.513913,17.223654
2026-08-13 00:10:39,60259.6,185399,927,-4.6545,-258.4137,3.1,10.566852,,,,0.05,6.481337,0.648134,1.935,1.330523,10.0,10.0,5.965833,0.0,5.965833,94.034167,71.218517,0.525505,17.223654
2026-08-13 00:11:38,60318.86,185599,928,-144.8237,-261.9172,3.1,7.086137,,,,0.05,7.581657,0.758166,1.932,0.868176,10.0,10.0,10.969214,0.0,10.969214,89.030786,67.693879,0.496546,17.223654
2026-08-13 00:12:39,60378.94,185799,929,246.6385,-262.8236,3.1,12.329676,,,,0.05,8.228116,0.822812,1.9319,0.32541,3.0,4.0,0.0,0.0,0.0,100.0,76.409572,0.443777,17.223654
2026-08-13 00:13:38,60438.68,185999,930,-1206.527,-272.1237,3.1,12.261065,,,,0.05,4.478631,0.447863,0.382838,5.520143,10.0,10.0,39.294122,0.0,39.294122,60.705878,43.852817,0.555788,17.223654
2026-08-13 00:14:38,60498.22,186199,931,287.4677,-273.1873,3.1,11.902425,,,,0.05,9.582256,0.958226,1.934,0.006845,0.0,0.0,0.0,0.0,0.0,100.0,76.86144,0.596644,17.223654
2026-08-13 00:15:37,60557.92,186399,932,-617.2907,-270.2168,3.1,21.467049,,,,0.05,9.133116,0.913312,1.935,3.412866,10.0,10.0,25.968193,0.0,25.968193,74.031807,54.826149,0.599503,17.223654
2026-08-13 00:16:37,60617.53,186599,933,-132.9978,-264.9108,3.1,7.926186,,,,0.05,9.190858,0.919086,1.93295,1.37975,10.0,10.0,11.902968,0.0,11.902968,88.097032,66.256009,0.540582,17.223654
2026-08-13 00:17:37,60677.02,186799,934,-719.0794,-270.9028,3.1,8.094928,,,,0.05,5.570384,0.557038,0.893888,4.308008,10.0,10.0,26.003178,0.0,26.003178,73.996822,54.51819,0.517137,17.223654
2026-08-13 00:18:36,60736.43,186999,935,-238.0395,-275.1354,3.1,8.411121,,,,0.05,5.835,0.5835,1.934,0.785729,10.0,10.0,12.145187,0.0,12.145187,87.854813,66.455542,0.599846,17.223654
2026-08-13 00:19:35,60795.87,187199,936,-1808.6991,-295.1225,3.1,14.123469,,,,0.05,2.581782,0.258178,0.172068,4.850819,10.0,10.0,55.316655,0.0,55.316655,44.683345,31.549958,0.682776,17.223654
2026-08-13 00:20:35,60855.5,187399,937,215.293,-295.3368,3.1,10.079066,,,,0.05,7.188002,0.7188,1.931,0.010293,0.0,1.0,0.0,0.0,0.0,100.0,76.10496,0.552975,17.223654
2026-08-13 00:21:35,60915.01,187599,938,-820.516,-299.6624,3.1,17.636166,,,,0.05,5.0699,0.50699,1.371786,1.962495,10.0,10.0,27.697516,0.0,27.697516,72.302484,53.74166,0.599731,18.189246
2026-08-13 00:22:34,60974.6,187799,939,-442.7567,-297.7056,3.1,6.696455,,,,0.05,7.260126,0.726013,0.550021,2.601615,9.0,10.0,18.347636,0.0,18.347636,81.652364,60.588561,0.50613,18.189246
2026-08-13 00:23:34,61034.68,187999,940,-1655.5987,-305.2283,3.1,10.621379,,,,0.05,5.946002,0.5946,0.87251,1.418785,10.0,10.0,50.337169,0.0,50.337169,49.662831,35.692731,0.44777,18.189246
2026-08-13 00:24:34,61094.32,188199,941,-331.1892,-297.9762,3.1,22.103209,,,,0.05,7.082436,0.708244,1.933,1.167467,8.0,10.0,15.103914,0.0,15.103914,84.896086,64.186619,0.598814,18.189246
2026-08-13 00:25:33,61153.89,188399,942,-34.1263,-287.833,3.1,7.831066,,,,0.05,12.182341,1.218234,1.937,1.453475,10.0,10.0,11.596768,0.0,11.596768,88.403232,67.10337,0.520647,18.189246
2026-08-13 00:26:33,61213.63,188599,943,-334.455,-290.9336,3.1,12.176392,,,,0.05,9.261383,0.926138,1.92695,0.833046,8.0,10.0,17.387154,0.0,17.387154,82.612846,62.515268,0.451744,18.189246
2026-08-13 00:27:33,61273.55,188799,944,-139.6964,-293.4684,3.1,13.163356,,,,0.05,8.340323,0.834032,1.93695,1.127548,10.0,10.0,10.767848,0.0,10.767848,89.232152,67.903896,0.523735,18.189246
2026-08-13 00:28:33,61333.28,188999,945,-24.9187,-290.7033,3.1,10.939287,,,,0.05,6.821412,0.682141,1.92595,3.082103,10.0,10.0,6.642651,0.0,6.642651,93.357349,70.282694,0.4864,18.189246
2026-08-13 00:29:33,61393.38,189199,946,-1069.9697,-290.3609,3.1,10.275112,,,,0.05,3.16052,0.316052,1.925,5.591533,10.0,10.0,32.476834,0.0,32.476834,67.523166,49.076492,0.779547,18.189246
2026-08-13 00:30:33,61453.4,189399,947,-1274.93,-304.3774,3.1,7.055719,,,,0.05,1.979619,0.197962,0.479917,6.749416,10.0,10.0,37.215397,0.0,37.215397,62.784603,45.425981,0.821608,18.189246
2026-08-13 00:31:33,61513.07,189599,948,-1248.2257,-320.7936,3.1,7.286853,,,,0.05,3.113778,0.311378,1.92695,3.170059,10.0,10.0,37.35356,0.0,37.35356,62.64644,45.963306,0.817934,18.189246
2026-08-13 00:32:32,61572.51,189799,949,126.1528,-300.8498,3.1,25.278927,,,,0.05,5.188256,0.518826,1.93095,1.457244,8.0,10.0,1.68136,0.0,1.68136,98.31864,72.795485,0.705087,18.189246
2026-08-13 00:33:32,61632.14,189999,950,97.8229,-296.1932,3.1,8.196737,,,,0.05,7.324328,0.732433,1.93495,2.713041,10.0,10.0,4.044087,0.0,4.044087,95.955913,72.952102,0.491375,18.189246
2026-08-13 00:34:32,61692.2,190199,951,11.1543,-298.4039,3.1,22.848177,,,,0.05,10.192075,1.019207,1.942,2.046105,10.0,10.0,8.80397,0.0,8.80397,91.19603,69.134526,0.525965,18.189246
2026-08-13 00:35:32,61751.96,190399,952,-1263.2803,-312.1014,3.1,22.226631,,,,0.05,5.133017,0.513302,1.954,9.909653,10.0,10.0,39.840757,0.0,39.840757,60.159243,42.416959,0.761249,18.189246
2026-08-13 00:36:31,61811.53,190599,953,-424.1418,-312.7048,3.1,10.706161,,,,0.05,7.415162,0.741516,1.937,2.411584,10.0,10.0,18.169499,0.0,18.169499,81.830501,61.100003,0.552882,18.189246
2026-08-13 00:37:31,61871.58,190799,954,-360.904,-318.2186,3.1,11.63423,,,,0.05,8.451204,0.84512,1.679699,0.319052,1.0,10.0,16.881247,0.0,16.881247,83.118753,62.919538,0.51486,18.189246
2026-08-13 00:38:30,61930.44,190999,955,237.3965,-313.6562,3.1,13.074385,,,,0.05,7.913216,0.791322,1.932,0.257833,2.0,6.0,0.0,0.0,0.0,100.0,76.518221,0.504584,18.189246
2026-08-13 00:39:29,61989.67,191199,956,-443.1239,-313.3528,3.1,13.958379,,,,0.05,6.931883,0.693188,1.028485,0.665489,7.0,10.0,18.422812,0.0,18.422812,81.577188,61.630736,0.649072,18.189246
2026-08-13 00:40:29,62049.52,191399,957,-767.8733,-322.5619,3.1,5.36801,,,,0.05,5.869444,0.586944,1.93395,4.521186,10.0,10.0,26.779236,0.0,26.779236,73.220764,53.999042,0.619287,18.189246
2026-08-13 00:41:29,62109.33,191599,958,-946.6485,-332.4595,3.1,8.468971,,,,0.05,10.301285,1.030128,0.817013,1.797778,10.0,10.0,35.179175,0.0,35.179175,64.820825,48.38957,0.491219,18.189246
2026-08-13 00:42:29,62169.08,191799,959,218.0145,-331.7614,3.1,9.069851,,,,0.05,10.885899,1.08859,1.9469,2.613355,10.0,10.0,3.096925,0.0,3.096925,96.903075,73.732204,0.742658,18.189246
2026-08-13 00:43:28,62228.5,191999,960,317.8703,-313.1375,3.1,11.168942,,,,0.05,11.333634,1.133363,1.94795,1.240063,9.0,10.0,0.601273,0.0,0.601273,99.398727,75.833083,0.700947,18.189246
2026-08-13 00:44:27,62287.85,192199,961,-320.1921,-317.2383,3.1,10.025492,,,,0.05,13.084214,1.308421,1.9469,2.09776,10.0,10.0,19.970002,0.0,19.970002,80.029998,60.060471,0.570181,18.189246
2026-08-13 00:45:27,62347.71,192399,962,-472.6251,-319.5357,3.1,8.89527,,,,0.05,8.517455,0.851746,1.95595,4.327101,10.0,10.0,20.623732,0.0,20.623732,79.376268,58.842871,0.8038,18.189246
2026-08-13 00:46:26,62406.76,192599,963,-179.7429,-321.8161,3.1,21.702612,,,,0.05,10.617811,1.061781,1.937,0.609359,10.0,10.0,13.845357,0.0,13.845357,86.154643,65.348396,0.597226,18.189246
2026-08-13 00:47:26,62466.41,192799,964,106.0456,-321.8856,3.1,10.152683,,,,0.05,7.821885,0.782189,1.934,1.533885,10.0,10.0,3.814586,0.0,3.814586,96.185414,72.897467,0.689777,18.189246
2026-08-13 00:48:24,62523.96,192999,965,-390.9922,-327.3229,3.1,10.479666,,,,0.05,6.578427,0.657843,1.93195,8.034476,10.0,10.0,17.405286,0.0,17.405286,82.594714,60.063972,0.728849,18.189246
2026-08-13 00:49:22,62581.95,193199,966,-1069.7227,-333.5645,3.1,16.250042,,,,0.05,4.597687,0.459769,0.978634,0.73616,10.0,10.0,33.636682,0.0,33.636682,66.363318,49.397734,0.64174,18.189246
2026-08-13 00:50:20,62639.95,193399,967,264.2838,-329.0866,3.1,5.407067,,,,0.05,8.809461,0.880946,1.93295,0.020476,0.0,1.0,0.0,0.0,0.0,100.0,76.3904,0.714255,18.189246
2026-08-13 00:51:18,62698.09,193599,968,-233.6487,-335.5282,3.1,13.062212,,,,0.05,8.375846,0.837585,1.93195,0.654168,10.0,10.0,13.253856,0.0,13.253856,86.746144,65.842576,0.516406,18.189246
2026-08-13 00:52:15,62755.56,193799,969,-1680.585,-356.4893,3.1,14.262197,,,,0.05,4.369322,0.436932,0.354967,5.195721,10.0,10.0,50.161554,0.0,50.161554,49.838446,35.493242,0.526211,18.189246
2026-08-13 00:53:14,62814.28,193999,970,-217.0154,-357.1438,3.1,11.818646,,,,0.05,8.822895,0.882289,1.93495,0.63014,10.0,10.0,13.380223,0.0,13.380223,86.619777,66.05142,0.556136,18.189246
2026-08-13 00:54:12,62872.06,194199,971,-329.5294,-364.0973,3.1,13.519571,,,,0.05,6.812124,0.681212,3.9e-05,2.651465,10.0,10.0,15.163703,0.0,15.163703,84.836297,63.901733,0.595932,18.189246
2026-08-13 00:55:10,62930.12,194399,972,-1359.8408,-377.1709,3.1,16.675295,,,,0.05,7.745115,0.774512,3.9e-05,2.905567,10.0,10.0,44.342543,0.0,44.342543,55.657457,40.786328,0.575579,18.189246
2026-08-13 00:56:08,62988.15,194599,973,307.6716,-365.551,3.1,7.360818,,,,0.05,10.274272,1.027427,4e-05,0.935143,6.0,8.0,0.0,0.0,0.0,100.0,77.22624,0.633858,18.189246
2026-08-13 00:57:06,63046.11,194799,974,-1080.2638,-376.4899,3.1,16.139275,,,,0.05,5.869261,0.586926,1.935,6.540412,10.0,10.0,34.944072,0.0,34.944072,65.055928,47.363368,0.48468,18.189246
2026-08-13 00:58:04,63104.36,194999,975,-224.5172,-376.833,3.1,7.177119,,,,0.05,8.625772,0.862577,1.94,2.632834,10.0,10.0,13.638098,0.0,13.638098,86.361902,65.332498,0.563232,18.189246
2026-08-13 00:59:02,63162.76,195199,976,-742.1389,-383.5694,3.1,12.639214,,,,0.05,5.703466,0.570347,1.93695,5.112695,10.0,10.0,25.99398,0.0,25.99398,74.00602,54.786944,0.677205,18.189246
2026-08-13 01:00:00,63220.4,195399,977,179.7241,-371.5366,3.1,11.044322,,,,0.05,10.319831,1.031983,1.936,1.384841,10.0,10.0,3.704197,0.0,3.704197,96.295803,73.401295,0.470415,18.189246
2026-08-13 01:00:59,63279.58,195599,978,-1119.1044,-378.7572,3.1,7.064187,,,,0.05,4.243962,0.424396,0.571796,0.557452,10.0,10.0,34.233603,0.0,34.233603,65.766397,49.014275,0.663439,18.189246
2026-08-13 01:01:57,63337.46,195799,979,-623.6516,-373.8047,3.1,9.873795,,,,0.05,5.184527,0.518453,1.93,2.067075,10.0,10.0,21.711601,0.0,21.711601,78.288399,58.698532,0.67331,18.189246
2026-08-13 01:02:55,63395.81,195999,980,-279.2781,-374.8331,3.1,10.156167,,,,0.05,8.07845,0.807845,1.92895,0.721927,8.0,10.0,14.373344,0.0,14.373344,85.626656,65.05194,0.436373,18.189246
2026-08-13 01:03:53,63453.66,196199,981,160.4346,-369.8311,3.1,10.895532,,,,0.05,5.39299,0.539299,1.93,0.216063,1.0,5.0,0.0,0.0,0.0,100.0,76.736,0.760238,18.189246
2026-08-13 01:04:51,63511.84,196399,982,-780.0038,-369.7663,3.1,8.069507,,,,0.05,3.956005,0.3956,1.93,2.116847,10.0,10.0,24.797258,0.0,24.797258,75.202742,56.144556,0.786551,18.189246
2026-08-13 01:05:49,63569.7,196599,983,-452.5052,-371.7384,3.1,15.44838,,,,0.05,5.994495,0.599449,0.964737,0.384529,3.0,10.0,17.219626,0.0,17.219626,82.780374,62.77577,0.593669,18.189246
2026-08-13 01:06:47,63627.86,196799,984,-1663.6784,-384.7775,3.1,27.89263,,,,0.05,3.861114,0.386111,0.727243,6.807513,10.0,10.0,49.279698,0.0,49.279698,50.720302,35.452668,0.58488,18.189246
2026-08-13 01:07:45,63685.41,196999,985,181.8681,-384.4872,3.1,13.402108,,,,0.05,6.188249,0.618825,3.8e-05,0.018633,0.0,1.0,0.0,0.0,0.0,100.0,76.6656,0.742894,18.189246
2026-08-13 01:08:43,63743.87,197199,986,-469.3939,-386.4315,3.1,12.449401,,,,0.05,5.498964,0.549896,1.89285,4.300378,10.0,10.0,17.939817,0.0,17.939817,82.060183,61.10156,0.745032,18.189246
2026-08-13 01:09:41,63801.58,197399,987,149.1436,-379.2243,3.1,8.423792,,,,0.05,5.552492,0.555249,1.9289,1.79007,10.0,10.0,0.536559,0.0,0.536559,99.463441,75.793995,0.678237,18.189246
2026-08-13 01:10:39,63859.45,197599,988,-53.5342,-381.5057,3.1,11.569519,,,,0.05,4.905491,0.490549,1.932,1.344185,10.0,10.0,5.686975,0.0,5.686975,94.313025,71.677781,0.687554,18.189246
2026-08-13 01:11:37,63917.56,197799,989,-628.4821,-380.087,3.1,11.155252,,,,0.05,7.507323,0.750732,1.933,3.656685,10.0,10.0,23.813332,0.0,23.813332,76.186668,56.150799,0.646015,18.189246
2026-08-13 01:12:35,63975.68,197999,990,-935.5612,-389.9568,3.1,7.278904,,,,0.05,6.357621,0.635762,1.342005,0.996349,10.0,10.0,31.214654,0.0,31.214654,68.785346,51.382629,0.545616,18.189246
2026-08-13 01:13:33,64033.81,198199,991,155.0879,-383.6802,3.1,8.964014,,,,0.05,5.356178,0.535618,1.93,1.147781,8.0,9.0,0.195675,0.0,0.195675,99.804325,75.834474,0.685734,18.189246
2026-08-13 01:14:32,64092.01,198399,992,-232.4286,-388.0184,3.1,14.937399,,,,0.05,7.870099,0.78701,1.92995,0.674467,10.0,10.0,12.778603,0.0,12.778603,87.221397,66.148627,0.668978,18.189246
2026-08-13 01:15:29,64149.75,198599,993,-959.8977,-393.0704,3.1,10.492271,,,,0.05,4.664257,0.466426,1.927,3.764009,10.0,10.0,30.560993,0.0,30.560993,69.439007,50.968304,0.744879,18.189246
2026-08-13 01:16:27,64207.87,198799,994,244.6047,-392.2828,3.1,10.630326,,,,0.05,8.15349,0.815349,1.931,0.001222,0.0,0.0,0.0,0.0,0.0,100.0,76.49024,0.512824,18.189246
2026-08-13 01:17:26,64266.57,198999,995,-1413.0551,-402.0276,3.1,11.789651,,,,0.05,4.252027,0.425203,1.706321,5.950682,10.0,10.0,42.89669,0.0,42.89669,57.10331,41.169028,0.67024,18.189246
2026-08-13 01:18:24,64324.51,199199,996,-29.5449,-404.3112,3.1,11.950245,,,,0.05,7.03601,0.703601,1.93895,1.56083,10.0,10.0,6.791655,0.0,6.791655,93.208345,70.814204,0.611707,18.189246
2026-08-13 01:19:22,64382.84,199399,997,-1486.1415,-420.2986,3.1,10.560286,,,,0.05,5.749956,0.574996,1.935,6.44243,10.0,10.0,46.409971,0.0,46.409971,53.590029,37.97713,0.670077,18.189246
2026-08-13 01:20:21,64440.97,199599,998,-899.0083,-432.5922,3.1,11.138365,,,,0.05,4.290687,0.429069,1.933,3.531695,10.0,10.0,28.581868,0.0,28.581868,71.418132,52.836178,0.711716,18.189246
2026-08-13 01:21:19,64499.23,199799,999,-878.0873,-432.3134,3.1,12.099242,,,,0.05,3.388072,0.338807,1.658661,4.341452,10.0,10.0,27.397283,0.0,27.397283,72.602717,53.684338,0.798834,18.189246
2026-08-13 01:22:17,64557.26,199999,1000,-663.7417,-422.5188,3.1,17.010426,,,,0.05,5.6567,0.56567,1.9409,4.381357,10.0,10.0,23.371405,0.0,23.371405,76.628595,56.805831,0.657606,19.666355
