wall_time,elapsed_sec,step,episode,ep_reward,ep_reward_ma100,sps,loss,policy_loss,value_loss,entropy,epsilon,embb_mbps_mean,spectral_eff_bps_hz,embb_p5_mbps,urllc_delay_ms_mean,urllc_delay_p95,urllc_delay_p99,urllc_drop_late_pct,urllc_drop_overflow_pct,sla_violation_pct,sla_satisfaction_pct,timely_throughput_mbps,jains_fairness,lam,mu_mean,resilient_shortfall_mean
2026-08-30 02:27:25,14.26,511,2,617.4178,617.4178,35.8,275.701599,0.0,551.45105,2.392527,,8.940518,0.894052,1.2e-05,1.982953,10.0,10.0,11.814196,0.0,11.814196,88.185804,66.153469,0.535662,1.0,0.0,0.0
2026-08-30 02:27:39,27.76,1023,5,346.4555,481.9366,36.9,73.475822,-0.0,146.999496,2.392548,,6.088749,0.608875,5e-06,3.40923,10.0,10.0,23.864115,0.0,23.864115,76.135885,57.377296,0.546101,1.0,0.0,0.0
2026-08-30 02:27:53,41.58,1535,7,355.4464,439.7732,36.9,82.162399,-0.0,164.37265,2.392594,,5.137302,0.51373,7e-06,1.654401,10.0,10.0,7.785101,0.0,7.785101,92.214899,69.828602,0.58883,1.0,0.0,0.0
2026-08-30 02:28:06,55.46,2047,10,433.6776,438.2493,36.9,106.697563,0.0,213.442978,2.392279,,5.85998,0.585998,7e-06,0.996715,7.0,10.0,3.067793,0.0,3.067793,96.932207,73.843483,0.563137,1.0,0.0,0.0
2026-08-30 02:28:20,69.42,2559,12,639.9812,478.5957,36.9,257.018555,0.0,514.084961,2.391912,,9.071233,0.907123,7e-06,1.27059,9.0,10.0,9.24701,0.0,9.24701,90.75299,68.796626,0.517327,1.0,0.0,0.0
2026-08-30 02:28:34,83.34,3071,15,515.6772,484.776,36.8,173.677917,0.0,347.403656,2.391502,,7.560258,0.756026,1e-05,1.037507,9.0,10.0,10.77854,0.0,10.77854,89.22146,67.708337,0.577709,1.0,0.0,0.0
2026-08-30 02:28:48,97.33,3583,17,538.3783,492.4334,36.8,179.20668,0.0,358.461182,2.391621,,7.871551,0.787155,7e-06,3.157533,10.0,10.0,12.625572,0.0,12.625572,87.374428,65.973822,0.568679,1.0,0.0,0.0
2026-08-30 02:29:02,111.34,4095,20,498.8092,493.2304,36.8,128.443787,-0.0,256.935394,2.391354,,7.676001,0.7676,6e-06,2.644568,10.0,10.0,17.203618,0.0,17.203618,82.796382,62.021121,0.507211,1.0,0.0,0.0
2026-08-30 02:29:16,125.4,4607,23,576.5973,502.4934,36.7,181.022522,0.0,362.092865,2.390588,,7.977883,0.797788,1e-05,1.484719,9.0,10.0,5.768061,0.0,5.768061,94.231939,72.483565,0.552536,1.0,0.0,0.0
2026-08-30 02:29:30,139.41,5119,25,703.3909,522.5831,36.7,278.143921,-0.0,556.335632,2.390542,,9.869748,0.986975,5e-06,2.683702,10.0,10.0,10.265811,0.0,10.265811,89.734189,67.536694,0.52383,1.0,0.0,0.0
2026-08-30 02:29:44,153.48,5631,28,879.038,554.9881,36.7,456.453003,0.0,912.953796,2.389977,,12.221693,1.222169,6e-06,1.730734,10.0,10.0,3.994683,0.0,3.994683,96.005317,72.974245,0.604899,1.0,0.0,0.0
2026-08-30 02:29:58,167.47,6143,30,504.1547,550.752,36.7,147.22699,0.0,294.50177,2.389338,,7.166711,0.716671,9e-06,2.100127,10.0,10.0,8.939282,0.0,8.939282,91.060718,69.236556,0.583126,1.0,0.0,0.0
2026-08-30 02:30:12,181.47,6655,33,304.1403,531.7819,36.7,58.551224,0.0,117.150223,2.388872,,4.631386,0.463139,1.1e-05,1.616271,10.0,10.0,10.11921,0.0,10.11921,89.88079,67.28667,0.66578,1.0,0.0,0.0
2026-08-30 02:30:26,195.39,7167,35,306.4163,515.6843,36.7,70.112099,0.0,140.271957,2.388336,,4.538896,0.45389,8e-06,2.988139,10.0,10.0,8.51386,0.0,8.51386,91.48614,69.853087,0.733415,1.0,0.0,0.0
2026-08-30 02:30:40,209.35,7679,38,225.6454,496.3484,36.7,34.61441,0.0,69.276566,2.387271,,3.772118,0.377212,1.2e-05,2.94412,10.0,10.0,12.776477,0.0,12.776477,87.223523,65.223808,0.754271,1.0,0.0,0.0
2026-08-30 02:30:54,223.33,8191,40,195.1141,477.5213,36.7,31.633587,0.0,63.314899,2.386332,,4.309075,0.430907,9e-06,2.907276,10.0,10.0,26.670101,0.0,26.670101,73.329899,54.584969,0.670637,1.0,0.0,0.0
2026-08-30 02:31:08,237.22,8703,43,450.5329,475.9337,36.7,121.082001,0.0,242.211716,2.38548,,6.334899,0.63349,7e-06,2.769686,10.0,10.0,7.46993,0.0,7.46993,92.53007,69.503571,0.618198,1.0,0.0,0.0
2026-08-30 02:31:22,251.01,9215,46,808.0363,494.3839,36.7,343.621887,0.0,687.291443,2.383626,,11.131613,1.113161,1.1e-05,0.700406,4.0,10.0,3.638747,0.0,3.638747,96.361253,73.77767,0.495554,1.0,0.0,0.0
2026-08-30 02:31:36,264.9,9727,48,856.6908,513.4526,36.7,381.483948,0.0,763.015564,2.38315,,11.805544,1.180554,9e-06,1.127122,9.0,10.0,5.66401,0.0,5.66401,94.33599,72.260138,0.498028,1.0,0.0,0.0
2026-08-30 02:31:50,278.86,10239,51,759.8261,525.7713,36.7,272.796204,0.0,545.640076,2.38216,,10.342586,1.034259,0.956956,1.376168,10.0,10.0,5.240573,0.0,5.240573,94.759427,71.919501,0.517169,1.0,0.0,0.0
2026-08-30 02:32:04,292.63,10751,53,831.3418,540.3223,36.7,368.734406,0.0,737.516418,2.380369,,11.050021,1.105002,1.88535,0.326487,2.0,3.0,0.0,0.0,0.0,100.0,76.882949,0.532256,1.0,0.0,0.0
2026-08-30 02:32:18,306.6,11263,56,740.2008,549.4077,36.7,274.448517,0.0,548.944641,2.380463,,9.807413,0.980741,1.5e-05,2.572063,9.0,10.0,2.071476,0.0,2.071476,97.928524,73.840975,0.540722,1.0,0.0,0.0
2026-08-30 02:32:31,320.53,11775,58,633.6851,553.0719,36.7,195.540085,-0.0,391.127747,2.37942,,9.463258,0.946326,8e-06,3.128906,10.0,10.0,17.584322,0.0,17.584322,82.415678,61.697384,0.486701,1.0,0.0,0.0
2026-08-30 02:32:45,334.48,12287,61,679.0225,558.3199,36.7,240.367828,0.0,480.783203,2.37799,,9.362026,0.936203,9e-06,2.092215,10.0,10.0,6.837055,0.0,6.837055,93.162945,70.150995,0.496418,1.0,0.0,0.0
2026-08-30 02:32:59,348.35,12799,64,624.1254,560.9521,36.7,222.69632,0.0,445.440155,2.375957,,8.806237,0.880624,1.2e-05,1.17028,9.0,10.0,6.911244,0.0,6.911244,93.088756,71.160081,0.513333,1.122176,0.0,0.0
2026-08-30 02:33:13,362.23,13311,66,589.3822,562.0455,36.7,180.360718,0.0,360.768951,2.375966,,8.219382,0.821938,8e-06,1.810981,10.0,10.0,7.16773,0.0,7.16773,92.83227,69.895076,0.516238,1.122176,0.0,0.0
2026-08-30 02:33:27,376.22,13823,69,458.4741,558.2096,36.7,115.084549,0.0,230.216599,2.374831,,6.699092,0.669909,1.3e-05,2.388582,10.0,10.0,10.347021,0.0,10.347021,89.652979,67.724887,0.567185,1.122176,0.0,0.0
2026-08-30 02:33:41,389.91,14335,71,628.9674,560.7366,36.8,202.399139,0.0,404.845734,2.373311,,8.419179,0.841918,1.2e-05,0.957053,5.0,10.0,3.036916,0.0,3.036916,96.963084,74.864275,0.473514,1.122176,0.0,0.0
2026-08-30 02:33:55,403.7,14847,74,616.7252,562.6673,36.8,223.788803,-0.0,447.625061,2.372906,,8.701021,0.870102,0.48948,2.221926,10.0,10.0,6.161716,0.0,6.161716,93.838284,70.341208,0.56349,1.122176,0.0,0.0
2026-08-30 02:34:08,417.5,15359,76,465.1752,559.4175,36.8,125.016647,0.0,250.080719,2.371122,,6.79696,0.679696,1.2e-05,1.966887,10.0,10.0,9.794855,0.0,9.794855,90.205145,68.800991,0.558101,1.122176,0.0,0.0
2026-08-30 02:34:22,431.39,15871,79,550.2206,559.1209,36.8,158.039413,-0.0,316.126221,2.370217,,7.805656,0.780566,1.1e-05,2.634437,10.0,10.0,8.803858,0.0,8.803858,91.196142,69.099149,0.533478,1.122176,0.0,0.0
2026-08-30 02:34:36,445.22,16383,81,1005.0427,573.0559,36.8,464.49469,0.0,929.036743,2.368646,,13.739358,1.373936,1e-05,0.611668,2.0,10.0,5.031173,0.0,5.031173,94.968827,72.740759,0.50077,1.122176,0.0,0.0
2026-08-30 02:34:50,459.19,16895,84,920.6687,583.5896,36.8,381.339661,0.0,762.726685,2.367884,,13.066637,1.306664,0.734499,2.015769,10.0,10.0,10.085681,0.0,10.085681,89.914319,67.622765,0.477043,1.122176,0.0,0.0
2026-08-30 02:35:04,473.15,17407,87,649.0753,585.5157,36.8,203.676575,-0.0,407.400482,2.366677,,8.485623,0.848562,9e-06,0.732362,4.0,7.0,0.001311,0.0,0.001311,99.998689,76.016214,0.514059,1.122176,0.0,0.0
2026-08-30 02:35:18,487.08,17919,89,269.6296,576.4904,36.8,58.88834,-0.0,117.824028,2.367571,,5.185423,0.518542,7e-06,2.017283,10.0,10.0,22.329016,0.0,22.329016,77.670984,57.856087,0.636679,1.122176,0.0,0.0
2026-08-30 02:35:32,501.05,18431,92,440.0725,572.701,36.8,165.602356,0.0,331.252014,2.36483,,7.328847,0.732885,1.2e-05,1.853201,10.0,10.0,18.775075,0.0,18.775075,81.224925,60.793113,0.633864,1.122176,0.0,0.0
2026-08-30 02:35:46,515.01,18943,94,710.7638,576.4324,36.8,275.443665,0.0,550.93457,2.3617,,9.628805,0.962881,1.865,0.86082,6.0,10.0,2.427816,0.0,2.427816,97.572184,74.426235,0.549671,1.122176,0.0,0.0
2026-08-30 02:36:00,529.14,19455,97,224.0281,567.1586,36.8,66.727455,0.0,133.502182,2.363246,,5.63082,0.563082,9e-06,3.134371,10.0,10.0,35.233595,0.0,35.233595,64.766405,47.687515,0.602289,1.122176,0.0,0.0
2026-08-30 02:36:14,543.18,19967,99,470.5113,564.6805,36.8,109.237175,0.0,218.52153,2.35864,,6.350869,0.635087,8e-06,1.349637,10.0,10.0,3.290782,0.0,3.290782,96.709218,74.041623,0.574576,1.122176,0.0,0.0
2026-08-30 02:36:28,557.13,20479,102,332.6304,558.8792,36.8,72.605453,-0.0,145.258087,2.359211,,5.551629,0.555163,1e-05,1.916069,10.0,10.0,16.222057,0.0,16.222057,83.777943,63.021213,0.61617,1.122176,0.0,0.0
2026-08-30 02:36:42,571.07,20991,104,766.346,563.9394,36.8,311.595184,-0.0,623.237427,2.354304,,10.439493,1.043949,1.2e-05,1.121406,9.0,10.0,5.242596,0.0,5.242596,94.757404,72.322935,0.512985,1.122176,0.0,0.0
2026-08-30 02:36:56,584.95,21503,107,581.9396,564.368,36.8,234.008255,-0.0,468.063568,2.353096,,8.486438,0.848644,1e-05,2.128352,10.0,10.0,10.094031,0.0,10.094031,89.905969,67.53545,0.62301,1.122176,0.0,0.0
2026-08-30 02:37:10,598.77,22015,110,644.9418,566.2418,36.8,206.446152,-0.0,412.939362,2.352333,,9.251109,0.925111,0.896972,2.099751,10.0,10.0,11.187824,0.0,11.187824,88.812176,67.598632,0.523723,1.122176,0.0,0.0
2026-08-30 02:37:24,612.69,22527,112,523.2438,565.2645,36.8,148.384171,-0.0,296.815338,2.35021,,7.76616,0.776616,1e-05,2.947785,10.0,10.0,12.878331,0.0,12.878331,87.121669,65.620488,0.484438,1.122176,0.0,0.0
2026-08-30 02:37:37,626.53,23039,115,719.0209,568.6814,36.8,307.963257,0.0,615.97345,2.347919,,10.05811,1.005811,1.1e-05,2.55655,10.0,10.0,7.459932,0.0,7.459932,92.540068,70.089684,0.585787,1.122176,0.0,0.0
2026-08-30 02:37:51,640.29,23551,117,568.9775,568.6878,36.8,165.366196,-0.0,330.779358,2.347601,,8.406722,0.840672,8e-06,1.359076,10.0,10.0,12.878354,0.0,12.878354,87.121646,66.003147,0.503091,1.122176,0.0,0.0
2026-08-30 02:38:05,654.09,24063,120,499.4331,567.2143,36.8,108.681892,0.0,217.410675,2.344272,,6.608739,0.660874,1.2e-05,0.720681,5.0,10.0,1.285839,0.0,1.285839,98.714161,75.597935,0.592962,1.122176,0.0,0.0
2026-08-30 02:38:19,667.93,24575,122,430.0472,564.3566,36.8,109.453018,-0.0,218.952988,2.347426,,6.77478,0.677478,7e-06,1.979379,10.0,10.0,15.864481,0.0,15.864481,84.135519,63.314766,0.544074,1.122176,0.0,0.0
2026-08-30 02:38:33,681.87,25087,125,519.9082,563.4495,36.8,192.934387,0.0,385.91571,2.347391,,7.498745,0.749874,1e-05,2.173902,10.0,10.0,8.546301,0.0,8.546301,91.453699,68.420926,0.627107,1.292472,0.0,0.0
2026-08-30 02:38:47,695.84,25599,128,573.8479,563.6575,36.8,202.909622,0.0,405.866211,2.348122,,8.596479,0.859648,0.632319,4.547987,10.0,10.0,13.157056,0.0,13.157056,86.842944,65.176648,0.634564,1.292472,0.0,0.0
2026-08-30 02:39:01,709.79,26111,130,598.0978,564.3328,36.8,229.004257,0.0,458.055481,2.3476,,9.35661,0.935661,1e-05,3.645885,10.0,10.0,17.234979,0.0,17.234979,82.765021,61.58172,0.613625,1.292472,0.0,0.0
2026-08-30 02:39:15,723.68,26623,133,681.2003,566.5802,36.8,236.803726,0.0,473.654358,2.34602,,9.799911,0.979991,1e-05,1.63234,10.0,10.0,8.913302,0.0,8.913302,91.086698,69.246903,0.525768,1.292472,0.0,0.0
2026-08-30 02:39:29,737.61,27135,135,736.1449,569.7796,36.8,271.668549,0.0,543.383972,2.344696,,10.316858,1.031686,1.2e-05,1.465968,10.0,10.0,7.014947,0.0,7.014947,92.985053,70.911747,0.489497,1.292472,0.0,0.0
2026-08-30 02:39:42,751.42,27647,138,463.1326,567.8046,36.8,124.58387,0.0,249.214554,2.340819,,6.508273,0.650827,1.5e-05,0.735751,7.0,10.0,5.460415,0.0,5.460415,94.539585,72.06744,0.605884,1.292472,0.0,0.0
2026-08-30 02:39:56,765.33,28159,140,293.3184,562.814,36.8,70.844093,0.0,141.735092,2.345636,,5.432133,0.543213,0.359161,2.746584,10.0,10.0,19.125144,0.0,19.125144,80.874856,60.537948,0.632114,1.292472,0.0,0.0
2026-08-30 02:40:10,779.29,28671,143,464.657,561.0612,36.8,108.734619,0.0,217.516159,2.345766,,7.058252,0.705825,0.019619,1.905273,10.0,10.0,11.710592,0.0,11.710592,88.289408,66.665487,0.507319,1.292472,0.0,0.0
2026-08-30 02:40:24,793.12,29183,145,607.0659,561.8683,36.8,182.485718,0.0,365.01828,2.342259,,8.995486,0.899549,0.550979,2.154699,10.0,10.0,12.269377,0.0,12.269377,87.730623,66.673654,0.520931,1.292472,0.0,0.0
2026-08-30 02:40:38,806.94,29695,148,675.5528,563.8284,36.8,259.342987,0.0,518.732849,2.342382,,10.11705,1.011705,0.231717,1.230687,10.0,10.0,12.856419,0.0,12.856419,87.143581,65.81592,0.536376,1.292472,0.0,0.0
2026-08-30 02:40:52,820.75,30207,151,679.52,565.7892,36.8,228.670792,-0.0,457.388397,2.34078,,9.54132,0.954132,0.5551,1.696498,10.0,10.0,7.290577,0.0,7.290577,92.709423,70.902689,0.495591,1.292472,0.0,0.0
2026-08-30 02:41:06,834.64,30719,153,677.3479,567.6485,36.8,232.575882,-0.0,465.198547,2.338496,,9.269988,0.926999,1.863,1.178652,9.0,10.0,4.667968,0.0,4.667968,95.332032,73.243569,0.493412,1.292472,0.0,0.0
2026-08-30 02:41:19,848.54,31231,156,538.3878,567.1689,36.8,132.754135,0.0,265.554993,2.336457,,7.59112,0.759112,0.69781,1.017633,9.0,10.0,6.936247,0.0,6.936247,93.063753,70.851371,0.467964,1.292472,0.0,0.0
2026-08-30 02:41:33,862.4,31743,158,226.5801,561.6755,36.8,27.445671,0.0,54.93808,2.336891,,3.848572,0.384857,0.905058,1.640968,10.0,10.0,10.52666,0.0,10.52666,89.47334,67.091336,0.721195,1.292472,0.0,0.0
2026-08-30 02:41:47,876.29,32255,161,493.9731,560.6008,36.8,117.214615,0.0,234.475906,2.333564,,7.16702,0.716702,1.1e-05,1.307784,9.0,10.0,8.496503,0.0,8.496503,91.503497,69.624777,0.475639,1.292472,0.0,0.0
2026-08-30 02:42:01,890.33,32767,163,566.1543,560.6876,36.8,189.776764,0.0,379.600189,2.333648,,9.224816,0.922482,0.131104,2.933133,10.0,10.0,21.121924,0.0,21.121924,78.878076,59.174228,0.496629,1.292472,0.0,0.0
2026-08-30 02:42:15,904.24,33279,166,429.343,558.6669,36.8,126.175674,0.0,252.397949,2.329883,,6.318109,0.631811,9e-06,1.266334,8.0,10.0,7.991987,0.0,7.991987,92.008013,70.093304,0.617809,1.292472,0.0,0.0
2026-08-30 02:42:29,918.16,33791,168,435.5322,556.8013,36.8,109.443481,0.0,218.933517,2.32737,,6.14013,0.614013,0.560192,1.774407,10.0,10.0,4.86944,0.0,4.86944,95.13056,73.094926,0.650091,1.292472,0.0,0.0
2026-08-30 02:42:43,932.05,34303,171,350.4459,553.7213,36.8,73.368484,0.0,146.783493,2.326097,,5.090304,0.50903,0.596642,1.959838,10.0,10.0,5.961064,0.0,5.961064,94.038936,71.610912,0.721962,1.292472,0.0,0.0
2026-08-30 02:42:57,946.16,34815,174,-102.3742,544.0729,36.8,48.020515,-0.0,96.087624,2.329621,,2.424864,0.242486,1.1e-05,3.08219,10.0,10.0,43.625344,0.0,43.625344,56.374656,40.408283,0.678632,1.292472,0.0,0.0
2026-08-30 02:43:11,960.08,35327,176,475.7011,543.082,36.8,151.81015,-0.0,303.666718,2.32082,,7.133247,0.713325,0.710575,2.556306,10.0,10.0,10.818377,0.0,10.818377,89.181623,67.986972,0.605826,1.292472,0.0,0.0
2026-08-30 02:43:25,973.96,35839,179,694.73,545.2484,36.8,239.663818,0.0,479.374023,2.319031,,9.630915,0.963091,1.575734,1.658048,10.0,10.0,5.16194,0.0,5.16194,94.83806,72.085717,0.531566,1.292472,0.0,0.0
2026-08-30 02:43:39,987.79,36351,181,601.8798,546.046,36.8,172.14978,-0.0,344.345947,2.319138,,8.678155,0.867816,1.618286,2.002981,10.0,10.0,9.172057,0.0,9.172057,90.827943,68.520773,0.521316,1.292472,0.0,0.0
2026-08-30 02:43:53,1001.6,36863,184,563.5675,546.2893,36.8,174.749207,0.0,349.544769,2.318077,,7.966828,0.796683,1.501847,1.064261,9.0,10.0,6.853452,0.0,6.853452,93.146548,70.734838,0.595991,1.292472,0.0,0.0
2026-08-30 02:44:06,1015.41,37375,186,638.7743,547.5563,36.8,205.380646,0.0,410.807617,2.317033,,9.072591,0.907259,0.876153,1.930184,10.0,10.0,7.538736,0.0,7.538736,92.461264,70.258965,0.526401,1.292472,0.0,0.0
2026-08-30 02:44:20,1029.24,37887,189,525.4388,547.2574,36.8,127.819275,-0.0,255.684845,2.314524,,7.586338,0.758634,1.855718,2.132217,10.0,10.0,7.2655,0.0,7.2655,92.7345,70.238041,0.593508,1.632424,0.0,0.0
2026-08-30 02:44:34,1043.13,38399,192,346.0267,544.5743,36.8,62.69236,0.0,125.431007,2.314397,,5.772344,0.577234,0.104176,1.786281,10.0,10.0,11.870796,0.0,11.870796,88.129204,66.564486,0.514766,1.632424,0.0,0.0
2026-08-30 02:44:48,1057.27,38911,194,212.2386,540.2015,36.8,36.442013,0.0,72.930351,2.316222,,5.72582,0.572582,0.122079,3.910955,10.0,10.0,27.836467,0.0,27.836467,72.163533,52.943367,0.585073,1.632424,0.0,0.0
2026-08-30 02:45:02,1071.19,39423,197,489.793,539.5468,36.8,137.18718,-0.0,274.420502,2.307719,,7.420901,0.74209,0.898823,1.475179,10.0,10.0,9.478874,0.0,9.478874,90.521126,68.831822,0.550963,1.632424,0.0,0.0
2026-08-30 02:45:16,1085.21,39935,199,360.2674,537.2484,36.8,71.510162,-0.0,143.066513,2.309714,,6.170062,0.617006,1.414467,2.666085,10.0,10.0,13.902922,0.0,13.902922,86.097078,64.625261,0.591042,1.632424,0.0,0.0
2026-08-30 02:45:30,1099.29,40447,202,258.1399,533.7153,36.8,27.608692,-0.0,55.263538,2.307652,,5.058727,0.505873,0.81113,3.142517,10.0,10.0,16.303075,0.0,16.303075,83.696925,62.780173,0.645944,1.632424,0.0,0.0
2026-08-30 02:45:44,1113.28,40959,204,419.9827,532.2937,36.8,94.135895,0.0,188.317871,2.3038,,6.582052,0.658205,1.121771,1.614375,10.0,10.0,9.952434,0.0,9.952434,90.047566,68.029629,0.587317,1.632424,0.0,0.0
2026-08-30 02:45:58,1127.37,41471,207,374.2268,530.3422,36.8,87.186966,0.0,174.420013,2.304365,,6.314101,0.63141,1.098762,3.068726,10.0,10.0,13.624705,0.0,13.624705,86.375295,64.486142,0.613915,1.632424,0.0,0.0
2026-08-30 02:46:12,1141.41,41983,209,446.6915,529.3221,36.8,124.852058,0.0,249.750229,2.305795,,8.020859,0.802086,0.816986,3.18197,10.0,10.0,20.361643,0.0,20.361643,79.638357,59.605677,0.571251,1.632424,0.0,0.0
2026-08-30 02:46:26,1155.52,42495,212,632.0712,530.56,36.8,239.908264,0.0,479.86261,2.304518,,9.15086,0.915086,1.763036,2.35198,10.0,10.0,6.769367,0.0,6.769367,93.230633,70.002014,0.602954,1.632424,0.0,0.0
2026-08-30 02:46:41,1169.57,43007,215,614.9613,531.5648,36.8,197.793045,0.0,395.632172,2.303542,,9.380602,0.93806,0.918605,2.307512,10.0,10.0,11.936499,0.0,11.936499,88.063501,66.729248,0.580149,1.632424,0.0,0.0
2026-08-30 02:46:54,1183.45,43519,217,811.9672,534.8637,36.8,316.278839,0.0,632.603699,2.301235,,11.157997,1.1158,1.9058,1.556523,9.0,10.0,3.566505,0.0,3.566505,96.433495,73.106984,0.484504,1.632424,0.0,0.0
2026-08-30 02:47:08,1197.37,44031,220,762.8084,537.5142,36.8,287.012207,0.0,574.070435,2.300206,,11.468657,1.146866,1.048059,2.057914,10.0,10.0,12.268293,0.0,12.268293,87.731707,66.107955,0.504862,1.632424,0.0,0.0
2026-08-30 02:47:22,1211.34,44543,222,596.2844,538.1897,36.8,177.443604,-0.0,354.933197,2.299404,,8.065184,0.806518,1.47604,1.46439,9.0,10.0,2.825606,0.0,2.825606,97.174394,74.484042,0.555538,1.632424,0.0,0.0
2026-08-30 02:47:36,1225.24,45055,225,522.641,538.013,36.8,142.074142,0.0,284.194305,2.30058,,8.06849,0.806849,1.556475,2.034682,10.0,10.0,11.474295,0.0,11.474295,88.525705,66.934778,0.519137,1.632424,0.0,0.0
2026-08-30 02:47:50,1239.13,45567,227,851.9657,541.5406,36.8,335.571503,0.0,671.188904,2.295758,,11.583921,1.158392,1.916,0.788558,3.0,10.0,3.384811,0.0,3.384811,96.615189,73.926042,0.502314,1.632424,0.0,0.0
2026-08-30 02:48:04,1253.13,46079,230,773.809,544.1213,36.8,285.625549,0.0,571.297058,2.297748,,10.506766,1.050677,1.893,1.607665,9.0,10.0,2.9411,0.0,2.9411,97.0589,73.378503,0.52618,1.632424,0.0,0.0
2026-08-30 02:48:18,1267.17,46591,232,437.4973,542.9497,36.8,183.100952,0.0,366.247894,2.300021,,7.963606,0.796361,0.19209,2.850034,10.0,10.0,20.51267,0.0,20.51267,79.48733,59.702163,0.577226,1.632424,0.0,0.0
2026-08-30 02:48:32,1281.16,47103,235,543.7596,542.9585,36.8,183.480316,0.0,367.006653,2.300548,,8.502929,0.850293,0.735972,2.758809,10.0,10.0,12.384078,0.0,12.384078,87.615922,65.547403,0.557311,1.632424,0.0,0.0
2026-08-30 02:48:46,1295.09,47615,238,562.3339,543.1668,36.8,169.131104,-0.0,338.308197,2.299097,,8.57999,0.857999,1.364025,2.417194,10.0,10.0,11.229227,0.0,11.229227,88.770773,67.044627,0.551549,1.632424,0.0,0.0
2026-08-30 02:49:00,1309.13,48127,240,685.3394,544.6793,36.8,279.409515,0.0,558.86499,2.296822,,9.834837,0.983484,1.16564,2.093725,10.0,10.0,6.367229,0.0,6.367229,93.632771,70.430131,0.537573,1.632424,0.0,0.0
2026-08-30 02:49:14,1323.07,48639,243,629.0097,545.567,36.8,211.17215,0.0,422.390228,2.296587,,9.329802,0.93298,1.267421,1.955424,10.0,10.0,10.037423,0.0,10.037423,89.962577,67.491389,0.555986,1.632424,0.0,0.0
2026-08-30 02:49:28,1337.04,49151,245,666.8045,546.8298,36.8,217.987564,0.0,436.021057,2.297085,,9.369289,0.936929,1.268065,1.452769,9.0,10.0,6.023038,0.0,6.023038,93.976962,72.137472,0.497218,1.632424,0.0,0.0
2026-08-30 02:49:42,1350.99,49663,248,529.4114,546.6503,36.8,184.032593,0.0,368.111145,2.297619,,8.095707,0.809571,0.779578,2.106877,10.0,10.0,10.592556,0.0,10.592556,89.407444,66.556409,0.59379,1.632424,0.0,0.0
2026-08-30 02:49:56,1365.02,50175,250,590.2553,547.0952,36.8,215.029633,0.0,430.105194,2.296222,,9.225698,0.92257,0.441525,1.405121,10.0,10.0,12.431127,0.0,12.431127,87.568873,67.186739,0.556481,1.953489,0.0,0.0
2026-08-30 02:50:10,1378.97,50687,253,536.1806,546.985,36.8,163.66478,-0.0,327.375488,2.297143,,8.556142,0.855614,1.086367,2.281821,10.0,10.0,11.586573,0.0,11.586573,88.413427,66.72834,0.578399,1.953489,0.0,0.0
2026-08-30 02:50:24,1392.87,51199,256,465.4672,546.1698,36.8,132.100845,0.0,264.247711,2.300876,,8.524961,0.852496,0.54346,3.021199,10.0,10.0,18.931103,0.0,18.931103,81.068897,61.223968,0.538251,1.953489,0.0,0.0
2026-08-30 02:50:38,1406.72,51711,258,354.6926,543.5425,36.8,64.179855,-0.0,128.405685,2.29892,,6.756301,0.67563,0.237378,2.368601,10.0,10.0,16.110094,0.0,16.110094,83.889906,62.862406,0.516465,1.953489,0.0,0.0
2026-08-30 02:50:52,1420.67,52223,261,596.8744,546.0467,36.8,233.255203,0.0,466.556366,2.298163,,9.438539,0.943854,1.148733,2.27226,10.0,10.0,10.337024,0.0,10.337024,89.662976,67.092006,0.615312,1.953489,0.0,0.0
2026-08-30 02:51:05,1434.56,52735,263,323.6918,545.7292,36.8,57.268799,-0.0,114.583519,2.296146,,5.496291,0.549629,9e-06,2.722506,10.0,10.0,9.894039,0.0,9.894039,90.105961,67.96196,0.63933,1.953489,0.0,0.0
2026-08-30 02:51:20,1448.64,53247,266,213.4415,543.5268,36.8,56.43026,0.0,112.906448,2.296582,,5.143721,0.514372,0.062181,2.792844,10.0,10.0,18.588183,0.0,18.588183,81.411817,60.789767,0.596854,1.953489,0.0,0.0
2026-08-30 02:51:34,1462.75,53759,268,446.6183,541.5932,36.8,92.519409,0.0,185.084763,2.297432,,6.502021,0.650202,1.614174,2.822848,10.0,10.0,5.518678,0.0,5.518678,94.481322,71.407311,0.587619,1.953489,0.0,0.0
2026-08-30 02:51:48,1476.72,54271,271,400.7539,540.444,36.8,69.312805,0.0,138.671585,2.298954,,5.903091,0.590309,1.135902,2.372329,10.0,10.0,5.558343,0.0,5.558343,94.441657,70.726407,0.583483,1.953489,0.0,0.0
2026-08-30 02:52:02,1490.72,54783,273,622.1227,541.2814,36.7,190.259827,0.0,380.565643,2.298879,,9.733994,0.973399,0.49914,2.735331,10.0,10.0,12.219612,0.0,12.219612,87.780388,66.351302,0.485242,1.953489,0.0,0.0
2026-08-30 02:52:16,1504.74,55295,276,543.555,541.7289,36.7,166.949661,0.0,333.945312,2.298877,,9.587914,0.958791,0.563105,2.12257,10.0,10.0,18.586338,0.0,18.586338,81.413662,61.256061,0.513734,1.953489,0.0,0.0
2026-08-30 02:52:30,1518.81,55807,279,915.4757,545.1177,36.7,404.947571,0.0,809.941101,2.298317,,12.502208,1.250221,1.87675,2.047342,9.0,10.0,1.880492,0.0,1.880492,98.119508,74.163908,0.572531,1.953489,0.0,0.0
2026-08-30 02:52:44,1532.88,56319,281,539.1186,543.4749,36.7,146.041794,-0.0,292.129547,2.29726,,8.916165,0.891616,0.104771,3.114895,10.0,10.0,14.208107,0.0,14.208107,85.791893,64.019148,0.532186,1.953489,0.0,0.0
2026-08-30 02:52:58,1546.86,56831,284,527.7732,539.9623,36.7,119.279724,0.0,238.605423,2.298928,,8.15713,0.815713,1.1e-05,1.204505,7.0,10.0,9.54076,0.0,9.54076,90.45924,68.457899,0.461919,1.953489,0.0,0.0
2026-08-30 02:53:12,1560.8,57343,286,672.1814,541.6425,36.7,212.88562,0.0,425.8172,2.297245,,9.070266,0.907027,1.88495,1.28188,7.0,10.0,2.191833,0.0,2.191833,97.808167,74.817701,0.466949,1.953489,0.0,0.0
2026-08-30 02:53:26,1574.73,57855,289,954.4162,548.1453,36.7,414.858459,0.0,829.762878,2.296721,,12.765688,1.276569,1.90995,1.173051,6.0,10.0,1.121047,0.0,1.121047,98.878953,75.16707,0.521131,1.953489,0.0,0.0
2026-08-30 02:53:39,1588.57,58367,291,544.3515,550.5247,36.7,135.156464,-0.0,270.358856,2.296475,,8.711014,0.871101,0.052484,1.94915,10.0,10.0,12.708399,0.0,12.708399,87.291601,66.404244,0.492475,1.953489,0.0,0.0
2026-08-30 02:53:53,1602.32,58879,294,566.825,553.9365,36.7,144.674789,0.0,289.395508,2.295912,,8.497916,0.849792,1.115012,1.861488,10.0,10.0,8.750219,0.0,8.750219,91.249781,69.294906,0.479922,1.953489,0.0,0.0
2026-08-30 02:54:07,1616.25,59391,296,690.4455,558.8898,36.7,228.365982,0.0,456.777893,2.296231,,9.950221,0.995022,1.092706,3.223341,10.0,10.0,7.372659,0.0,7.372659,92.627341,69.895205,0.529841,1.953489,0.0,0.0
2026-08-30 02:54:21,1630.12,59903,299,594.4665,560.3291,36.7,181.252136,0.0,362.550201,2.296796,,9.399295,0.93993,0.540156,2.228111,10.0,10.0,12.545683,0.0,12.545683,87.454317,64.980863,0.549074,1.953489,0.0,0.0
2026-08-30 02:54:35,1644.13,60415,302,435.9125,556.6079,36.7,98.627174,0.0,197.300278,2.296494,,8.076039,0.807604,0.348593,3.667667,10.0,10.0,18.681718,0.0,18.681718,81.318282,60.630813,0.569634,1.953489,0.0,0.0
2026-08-30 02:54:49,1658.12,60927,304,580.9482,553.8504,36.7,147.974213,0.0,295.994324,2.294693,,9.261555,0.926156,0.930853,3.137423,10.0,10.0,13.326356,0.0,13.326356,86.673644,66.096997,0.532665,1.953489,0.0,0.0
2026-08-30 02:55:03,1672.1,61439,307,432.4866,550.577,36.7,99.28875,0.0,198.623398,2.294566,,6.91833,0.691833,0.609807,2.212981,10.0,10.0,10.216164,0.0,10.216164,89.783836,67.26823,0.55075,1.953489,0.0,0.0
2026-08-30 02:55:17,1686.0,61951,309,351.1441,545.7751,36.7,72.053192,0.0,144.152206,2.291364,,6.026165,0.602616,1.1e-05,2.250732,10.0,10.0,11.406844,0.0,11.406844,88.593156,67.221333,0.551952,1.953489,0.0,0.0
2026-08-30 02:55:31,1699.95,62463,312,924.8827,547.6219,36.7,387.815582,0.0,775.67688,2.286593,,12.672628,1.267263,1.2e-05,1.376919,8.0,10.0,3.371512,0.0,3.371512,96.628488,72.773849,0.492754,1.953489,0.0,0.0
2026-08-30 02:55:45,1713.83,62975,314,512.8678,546.4137,36.7,123.810455,0.0,247.666611,2.285245,,7.936498,0.79365,0.236723,1.230029,9.0,10.0,8.69551,0.0,8.69551,91.30449,69.34852,0.49828,2.185639,0.0,0.0
2026-08-30 02:55:59,1727.91,63487,317,528.4363,544.9079,36.7,127.043793,0.0,254.133286,2.28489,,7.471174,0.747117,9e-06,2.004495,9.0,10.0,4.026715,0.0,4.026715,95.973285,72.456492,0.550604,2.185639,0.0,0.0
2026-08-30 02:56:13,1741.98,63999,320,574.5488,544.4121,36.7,177.116119,-0.0,354.277802,2.277851,,8.734455,0.873445,0.874243,2.013506,10.0,10.0,8.173365,0.0,8.173365,91.826635,70.035424,0.525444,2.185639,0.0,0.0
2026-08-30 02:56:27,1755.87,64511,322,808.6799,546.6051,36.7,278.473053,0.0,556.991638,2.27562,,10.713008,1.071301,1.886,1.086756,5.0,10.0,1.005879,0.0,1.005879,98.994121,75.238722,0.4635,2.185639,0.0,0.0
2026-08-30 02:56:41,1769.71,65023,325,844.5009,550.4653,36.7,281.791931,0.0,563.629272,2.271791,,11.83231,1.183231,1e-05,1.039465,5.0,10.0,5.331031,0.0,5.331031,94.668969,72.211043,0.445656,2.185639,0.0,0.0
2026-08-30 02:56:55,1783.73,65535,327,630.9441,550.4851,36.7,187.812286,0.0,375.669952,2.269183,,9.905546,0.990555,1.2e-05,1.610413,10.0,10.0,11.250155,0.0,11.250155,88.749845,66.747055,0.486673,2.185639,0.0,0.0
2026-08-30 02:57:08,1797.56,66047,330,603.4267,550.3521,36.7,145.224792,-0.0,290.494965,2.268224,,9.662591,0.966259,0.011225,1.47226,9.0,10.0,12.348318,0.0,12.348318,87.651682,66.702102,0.464792,2.185639,0.0,0.0
2026-08-30 02:57:22,1811.55,66559,332,773.6831,553.4372,36.7,259.894409,0.0,519.834106,2.262954,,11.11372,1.111372,0.107507,2.138192,9.0,10.0,6.591737,0.0,6.591737,93.408263,71.249591,0.512763,2.185639,0.0,0.0
2026-08-30 02:57:36,1825.41,67071,335,558.1002,553.516,36.7,137.668777,0.0,275.382782,2.26092,,8.764712,0.876471,1.1e-05,1.747664,10.0,10.0,10.181459,0.0,10.181459,89.818541,67.932735,0.467988,2.185639,0.0,0.0
2026-08-30 02:57:50,1839.45,67583,337,520.9901,548.6755,36.7,119.177879,-0.0,238.400925,2.258511,,8.681616,0.868162,0.139779,2.849903,10.0,10.0,13.648505,0.0,13.648505,86.351495,65.057668,0.46592,2.185639,0.0,0.0
2026-08-30 02:58:04,1853.46,68095,340,480.845,544.2772,36.7,132.541443,0.0,265.127991,2.255699,,7.7693,0.77693,8e-06,2.534414,10.0,10.0,10.359768,0.0,10.359768,89.640232,66.959999,0.570559,2.185639,0.0,0.0
2026-08-30 02:58:18,1867.4,68607,343,719.1771,544.9782,36.7,246.214844,-0.0,492.474701,2.250627,,10.14107,1.014107,1.1e-05,2.040619,10.0,10.0,5.118599,0.0,5.118599,94.881401,72.338571,0.547906,2.185639,0.0,0.0
2026-08-30 02:58:32,1881.33,69119,345,771.1977,549.9939,36.7,340.636169,0.0,681.317261,2.245238,,11.831753,1.183175,1.6e-05,1.586976,10.0,10.0,9.468316,0.0,9.468316,90.531684,68.468877,0.565939,2.185639,0.0,0.0
2026-08-30 02:58:46,1895.25,69631,348,663.0634,552.2238,36.7,181.448761,0.0,362.942444,2.245383,,9.704538,0.970454,1.722749,1.559296,10.0,10.0,6.836263,0.0,6.836263,93.163737,70.116835,0.481685,2.185639,0.0,0.0
2026-08-30 02:59:00,1909.14,70143,350,555.2628,550.6688,36.7,146.703461,-0.0,293.451813,2.244967,,8.645755,0.864576,1e-05,2.040923,10.0,10.0,9.702,0.0,9.702,90.298,67.962127,0.502263,2.185639,0.0,0.0
2026-08-30 02:59:14,1923.03,70655,353,570.7539,554.1361,36.7,193.033676,-0.0,386.112213,2.242455,,8.176049,0.817605,0.157437,1.803062,10.0,10.0,4.396534,0.0,4.396534,95.603466,72.574638,0.568535,2.185639,0.0,0.0
2026-08-30 02:59:28,1937.08,71167,355,107.3044,550.504,36.7,44.154861,-0.0,88.35463,2.245497,,4.572159,0.457216,0.281438,3.55803,10.0,10.0,22.041923,0.0,22.041923,77.958077,58.049639,0.648978,2.185639,0.0,0.0
2026-08-30 02:59:42,1951.04,71679,358,181.9394,548.9971,36.7,22.317446,0.0,44.680191,2.264961,,3.76441,0.376441,8e-06,2.254984,10.0,10.0,9.8825,0.0,9.8825,90.1175,68.028273,0.729365,2.185639,0.0,0.0
2026-08-30 02:59:56,1964.94,72191,360,562.0789,546.9544,36.7,181.483826,-0.0,363.013184,2.27641,,8.228682,0.822868,9e-06,1.593284,10.0,10.0,5.662475,0.0,5.662475,94.337525,71.382837,0.54412,2.185639,0.0,0.0
2026-08-30 03:00:10,1978.88,72703,363,713.7511,548.2725,36.7,289.966492,0.0,579.978699,2.287099,,10.610122,1.061012,1.2e-05,2.906555,10.0,10.0,6.847251,0.0,6.847251,93.152749,69.951336,0.602502,2.185639,0.0,0.0
2026-08-30 03:00:24,1992.8,73215,366,652.8968,548.3521,36.7,187.367142,0.0,374.780212,2.295695,,9.914631,0.991463,9e-06,2.206514,10.0,10.0,9.107772,0.0,9.107772,90.892228,68.582231,0.515217,2.185639,0.0,0.0
2026-08-30 03:00:38,2006.7,73727,368,717.9117,550.2988,36.7,234.895004,0.0,469.836029,2.300823,,10.795553,1.079555,7e-06,2.519295,10.0,10.0,9.45431,0.0,9.45431,90.54569,68.92825,0.477498,2.185639,0.0,0.0
2026-08-30 03:00:52,2020.59,74239,371,556.0122,548.6687,36.7,166.665344,0.0,333.376801,2.306038,,7.662679,0.766268,8e-06,1.170223,6.0,10.0,2.371834,0.0,2.371834,97.628166,74.258585,0.583707,2.185639,0.0,0.0
2026-08-30 03:01:06,2034.76,74751,373,134.4857,544.3238,36.7,11.379652,0.0,22.805515,2.310605,,5.3132,0.53132,5e-06,3.417364,10.0,10.0,25.066192,0.0,25.066192,74.933808,55.813719,0.54807,2.185639,0.0,0.0
2026-08-30 03:01:20,2048.78,75263,376,494.1511,544.271,36.7,103.169357,-0.0,206.384933,2.310697,,8.479377,0.847938,4e-06,3.522354,10.0,10.0,14.211981,0.0,14.211981,85.788019,63.749141,0.463398,2.263894,0.0,0.0
2026-08-30 03:01:34,2062.81,75775,378,351.4252,543.4847,36.7,101.402206,0.0,202.850616,2.310129,,7.939593,0.793959,5e-06,3.5368,10.0,10.0,22.333288,0.0,22.333288,77.666712,57.798007,0.529116,2.263894,0.0,0.0
2026-08-30 03:01:48,2076.68,76287,381,541.5938,543.7016,36.7,172.709991,0.0,345.466125,2.307383,,8.055687,0.805569,7e-06,1.216501,6.0,10.0,5.84708,0.0,5.84708,94.15292,71.743751,0.612684,2.263894,0.0,0.0
2026-08-30 03:02:02,2090.63,76799,384,843.4677,546.3978,36.7,392.669403,0.0,785.384888,2.303481,,11.516027,1.151603,7e-06,0.851286,4.0,7.0,0.037774,0.0,0.037774,99.962226,76.26525,0.593028,2.263894,0.0,0.0
2026-08-30 03:02:15,2104.53,77311,386,583.8416,546.2552,36.7,193.188553,-0.0,386.423157,2.302444,,7.877135,0.787713,8e-06,0.978292,5.0,8.0,0.169587,0.0,0.169587,99.830413,75.966353,0.610487,2.263894,0.0,0.0
2026-08-30 03:02:29,2118.49,77823,389,519.8264,544.6415,36.7,117.56707,0.0,235.180161,2.30101,,7.260167,0.726017,5e-06,1.782184,9.0,10.0,3.394407,0.0,3.394407,96.605593,73.178725,0.551271,2.263894,0.0,0.0
2026-08-30 03:02:43,2132.46,78335,391,481.8096,542.0981,36.7,115.194679,0.0,230.435303,2.297478,,7.682299,0.76823,5e-06,2.568946,10.0,10.0,9.787846,0.0,9.787846,90.212154,68.354296,0.466708,2.263894,0.0,0.0
2026-08-30 03:02:57,2146.51,78847,394,329.3998,540.7608,36.7,44.470135,0.0,88.986153,2.294273,,5.663963,0.566396,5e-06,2.670355,10.0,10.0,8.996167,0.0,8.996167,91.003833,68.21398,0.580125,2.263894,0.0,0.0
2026-08-30 03:03:11,2160.47,79359,396,253.05,540.3581,36.7,66.269958,-0.0,132.585754,2.291787,,5.146949,0.514695,9e-06,2.196146,10.0,10.0,12.479178,0.0,12.479178,87.520822,66.933819,0.610814,2.263894,0.0,0.0
2026-08-30 03:03:25,2174.41,79871,399,300.6636,538.7182,36.7,34.627029,0.0,69.299858,2.290151,,5.467002,0.5467,7e-06,2.861284,10.0,10.0,10.524231,0.0,10.524231,89.475769,67.279552,0.59113,2.263894,0.0,0.0
2026-08-30 03:03:39,2188.4,80383,401,551.9591,538.1671,36.7,144.87178,-0.0,289.789337,2.288075,,8.525784,0.852578,6e-06,2.202816,9.0,10.0,8.966911,0.0,8.966911,91.033089,69.387524,0.514666,2.263894,0.0,0.0
2026-08-30 03:03:53,2202.28,80895,404,753.637,538.948,36.7,271.356628,0.0,542.758972,2.286469,,11.006986,1.100699,5e-06,2.257055,10.0,10.0,6.681401,0.0,6.681401,93.318599,70.377526,0.569714,2.263894,0.0,0.0
2026-08-30 03:04:07,2216.14,81407,407,716.5406,539.3182,36.7,233.67276,0.0,467.391205,2.284737,,10.397259,1.039726,7e-06,2.195531,10.0,10.0,5.999778,0.0,5.999778,94.000222,71.186629,0.515671,2.263894,0.0,0.0
2026-08-30 03:04:21,2230.05,81919,409,194.5578,534.4903,36.7,44.971195,0.0,89.988075,2.284051,,4.788484,0.478848,8e-06,2.024194,10.0,10.0,15.007188,0.0,15.007188,84.992812,64.468192,0.657359,2.263894,0.0,0.0
2026-08-30 03:04:35,2244.01,82431,412,688.044,535.9868,36.7,227.00766,0.0,454.060944,2.280755,,10.256718,1.025672,7e-06,2.408727,10.0,10.0,7.426278,0.0,7.426278,92.573722,70.591396,0.489423,2.263894,0.0,0.0
2026-08-30 03:04:49,2258.01,82943,414,477.6826,538.4979,36.7,129.455505,-0.0,258.956635,2.280535,,9.075813,0.907581,5e-06,2.734257,10.0,10.0,18.658809,0.0,18.658809,81.341191,61.299219,0.482261,2.263894,0.0,0.0
2026-08-30 03:05:03,2271.99,83455,417,803.2318,541.5904,36.7,259.489288,0.0,519.024109,2.276478,,11.391554,1.139155,5e-06,1.727197,9.0,10.0,4.831957,0.0,4.831957,95.168043,72.372106,0.474533,2.263894,0.0,0.0
2026-08-30 03:05:17,2285.88,83967,419,639.5242,542.3241,36.7,192.984039,-0.0,386.01358,2.275512,,9.662483,0.966248,5e-06,2.371644,10.0,10.0,7.782811,0.0,7.782811,92.217189,70.014986,0.504179,2.263894,0.0,0.0
2026-08-30 03:05:31,2299.82,84479,422,608.4034,544.1147,36.7,139.798721,0.0,279.642883,2.271961,,8.567413,0.856741,6e-06,1.942992,9.0,10.0,3.801896,0.0,3.801896,96.198104,72.921555,0.470098,2.263894,0.0,0.0
2026-08-30 03:05:45,2313.7,84991,424,476.7482,544.5269,36.7,102.543388,-0.0,205.132187,2.270201,,6.865076,0.686508,6e-06,1.386648,8.0,10.0,4.371613,0.0,4.371613,95.628387,72.865506,0.552865,2.263894,0.0,0.0
2026-08-30 03:05:59,2327.72,85503,427,387.7032,544.8995,36.7,124.52594,-0.0,249.097214,2.266747,,7.826411,0.782641,4e-06,3.021077,10.0,10.0,17.652761,0.0,17.652761,82.347239,61.374731,0.47954,2.263894,0.0,0.0
2026-08-30 03:06:13,2341.77,86015,430,555.9714,551.4829,36.7,155.765732,0.0,311.576752,2.264177,,8.923851,0.892385,6e-06,2.091399,10.0,10.0,10.909989,0.0,10.909989,89.090011,67.369403,0.472896,2.263894,0.0,0.0
2026-08-30 03:06:27,2355.71,86527,432,503.6719,551.7626,36.7,116.54541,-0.0,233.136093,2.26365,,7.14737,0.714737,5e-06,2.019799,9.0,10.0,4.161013,0.0,4.161013,95.838987,72.112974,0.510964,2.263894,0.0,0.0
2026-08-30 03:06:41,2369.69,87039,435,320.5922,548.0213,36.7,60.82954,0.0,121.704346,2.26336,,6.174931,0.617493,3e-06,2.755466,10.0,10.0,13.276523,0.0,13.276523,86.723477,64.847986,0.586004,2.263894,0.0,0.0
2026-08-30 03:06:55,2383.58,87551,437,568.3805,547.6863,36.7,143.401367,-0.0,286.8479,2.257961,,9.610342,0.961034,7e-06,2.59897,10.0,10.0,13.968192,0.0,13.968192,86.031808,65.167175,0.510482,2.283779,0.0,0.0
2026-08-30 03:07:08,2397.54,88063,440,507.9964,547.1306,36.7,159.821167,-0.0,319.687469,2.257232,,8.251045,0.825105,7e-06,2.026751,10.0,10.0,10.322229,0.0,10.322229,89.677771,67.430431,0.555325,2.283779,0.0,0.0
2026-08-30 03:07:22,2411.47,88575,442,261.6375,543.3592,36.7,33.120377,0.0,66.285942,2.259564,,5.011727,0.501173,7e-06,1.552986,9.0,10.0,10.65569,0.0,10.65569,89.34431,68.111732,0.614707,2.283779,0.0,0.0
2026-08-30 03:07:36,2425.37,89087,445,55.3345,538.6581,36.7,23.412024,-0.0,46.869259,2.260678,,3.6345,0.36345,4e-06,2.55617,10.0,10.0,19.226268,0.0,19.226268,80.773732,59.654384,0.680569,2.283779,0.0,0.0
2026-08-30 03:07:50,2439.36,89599,448,188.61,537.084,36.7,59.229706,0.0,118.504631,2.260818,,5.583475,0.558347,4e-06,3.647453,10.0,10.0,21.127154,0.0,21.127154,78.872846,59.236062,0.566259,2.283779,0.0,0.0
2026-08-30 03:08:04,2453.23,90111,450,564.6887,540.6085,36.7,178.534531,-0.0,357.114349,2.263643,,8.001165,0.800117,8e-06,0.771983,3.0,9.0,3.396648,0.0,3.396648,96.603352,73.382016,0.547056,2.283779,0.0,0.0
2026-08-30 03:08:18,2467.1,90623,453,635.1293,542.0618,36.7,223.021011,0.0,446.087311,2.264739,,9.29748,0.929748,7e-06,1.666765,8.0,10.0,5.482069,0.0,5.482069,94.517931,70.890103,0.500384,2.283779,0.0,0.0
2026-08-30 03:08:32,2481.01,91135,455,788.8193,546.3474,36.7,256.151611,0.0,512.348633,2.270349,,12.428025,1.242802,5e-06,2.203131,10.0,10.0,13.357717,0.0,13.357717,86.642283,65.757654,0.450623,2.283779,0.0,0.0
2026-08-30 03:08:46,2494.93,91647,458,528.8922,549.0549,36.7,143.121414,-0.0,286.288269,2.271967,,8.558589,0.855859,7e-06,1.95083,9.0,10.0,10.761063,0.0,10.761063,89.238937,67.303878,0.439417,2.283779,0.0,0.0
2026-08-30 03:09:00,2508.94,92159,460,699.7455,551.8525,36.7,218.761688,0.0,437.568848,2.272874,,10.937532,1.093753,5e-06,2.073746,10.0,10.0,10.920065,0.0,10.920065,89.079935,67.206424,0.449892,2.283779,0.0,0.0
2026-08-30 03:09:14,2522.77,92671,463,909.5228,557.2055,36.7,400.689117,0.0,801.423706,2.273875,,12.771519,1.277152,7e-06,0.901381,4.0,9.0,3.002012,0.0,3.002012,96.997988,74.447881,0.501585,2.283779,0.0,0.0
2026-08-30 03:09:28,2536.66,93183,465,514.1995,557.8806,36.7,126.593765,0.0,253.233063,2.27665,,8.108269,0.810827,5e-06,1.836303,10.0,10.0,8.958578,0.0,8.958578,91.041422,68.82831,0.510202,2.283779,0.0,0.0
2026-08-30 03:09:41,2550.53,93695,468,74.7276,552.3071,36.7,44.780102,-0.0,89.605812,2.280535,,3.221408,0.322141,5e-06,2.15823,10.0,10.0,14.846167,0.0,14.846167,85.153833,63.370052,0.738947,2.283779,0.0,0.0
2026-08-30 03:09:55,2564.41,94207,471,379.0738,549.9482,36.7,67.2967,0.0,134.638931,2.276451,,5.807327,0.580733,8e-06,1.525524,9.0,10.0,5.785857,0.0,5.785857,94.214143,70.906924,0.552476,2.283779,0.0,0.0
2026-08-30 03:10:09,2578.19,94719,473,114.5096,542.9737,36.7,47.665775,-0.0,95.377075,2.276103,,4.078636,0.407864,6e-06,2.076315,10.0,10.0,17.263198,0.0,17.263198,82.736802,62.447944,0.656627,2.283779,0.0,0.0
2026-08-30 03:10:23,2591.85,95231,476,557.1177,540.9168,36.7,143.50206,0.0,287.049561,2.271482,,7.644882,0.764488,8e-06,1.178077,7.0,10.0,2.282648,0.0,2.282648,97.717352,73.725773,0.502272,2.283779,0.0,0.0
2026-08-30 03:10:37,2605.76,95743,478,120.067,536.1546,36.7,48.018673,0.0,96.082695,2.267416,,5.135056,0.513506,3e-06,3.076731,10.0,10.0,23.57329,0.0,23.57329,76.42671,57.623853,0.599292,2.283779,0.0,0.0
2026-08-30 03:10:50,2619.54,96255,481,382.6247,534.7544,36.7,66.937256,-0.0,133.919662,2.257395,,5.543807,0.554381,7e-06,1.896168,9.0,10.0,3.646264,0.0,3.646264,96.353736,72.826464,0.646211,2.283779,0.0,0.0
2026-08-30 03:11:04,2633.33,96767,483,468.9145,530.9239,36.7,111.92585,0.0,223.896713,2.250673,,6.630642,0.663064,6e-06,1.972843,9.0,10.0,3.5263,0.0,3.5263,96.4737,73.212515,0.5674,2.283779,0.0,0.0
2026-08-30 03:11:18,2647.23,97279,486,424.2628,527.4284,36.7,73.972061,0.0,147.988998,2.243436,,6.198884,0.619888,6e-06,1.991235,9.0,10.0,4.406929,0.0,4.406929,95.593071,72.59648,0.544959,2.283779,0.0,0.0
2026-08-30 03:11:32,2661.22,97791,488,564.8253,528.7017,36.7,138.400604,0.0,276.845978,2.237868,,7.497552,0.749755,5e-06,1.477707,6.0,9.0,0.66635,0.0,0.66635,99.33365,75.735361,0.504797,2.283779,0.0,0.0
2026-08-30 03:11:46,2675.23,98303,491,287.0257,526.1344,36.7,35.332752,0.0,70.710167,2.233302,,4.896851,0.489685,4e-06,2.448061,10.0,10.0,8.027421,0.0,8.027421,91.972579,69.024416,0.580823,2.283779,0.0,0.0
2026-08-30 03:12:00,2688.66,98815,494,360.0021,524.1111,36.8,56.342457,0.0,112.729393,2.224121,,5.829939,0.582994,6e-06,2.16196,10.0,10.0,7.809413,0.0,7.809413,92.190587,68.911339,0.546481,2.283779,0.0,0.0
2026-08-30 03:12:14,2702.71,99327,496,307.7916,520.3356,36.8,45.062653,0.0,90.169601,2.21487,,6.436693,0.643669,4e-06,3.25629,10.0,10.0,16.466881,0.0,16.466881,83.533119,62.75453,0.516249,2.283779,0.0,0.0
2026-08-30 03:12:28,2716.7,99839,499,494.0408,518.9859,36.8,150.521378,0.0,301.086945,2.208874,,7.777522,0.777752,6e-06,2.322069,10.0,10.0,7.262033,0.0,7.262033,92.737967,69.720759,0.644485,2.283779,0.0,0.0
2026-08-30 03:12:41,2730.13,100351,501,558.4358,517.9022,36.8,141.545639,-0.0,283.135315,2.201992,,7.996313,0.799631,6e-06,1.951431,9.0,10.0,4.675755,0.0,4.675755,95.324245,72.567187,0.462305,2.416349,0.0,0.0
2026-08-30 03:12:55,2744.12,100863,504,645.4719,519.0628,36.8,197.205048,0.0,394.45401,2.195245,,8.73,0.873,7e-06,0.820657,3.0,6.0,1.735416,0.0,1.735416,98.264584,74.627756,0.448024,2.416349,0.0,0.0
2026-08-30 03:13:09,2758.12,101375,506,588.0132,519.0404,36.8,196.935699,0.0,393.915222,2.191401,,8.503021,0.850302,6e-06,1.073775,4.0,7.0,4.548211,0.0,4.548211,95.451789,72.793232,0.550983,2.416349,0.0,0.0
2026-08-30 03:13:23,2772.07,101887,509,803.4227,521.7128,36.8,301.535248,0.0,603.114258,2.18795,,11.190376,1.119038,5e-06,1.443068,6.0,10.0,2.805241,0.0,2.805241,97.194759,73.336756,0.469775,2.416349,0.0,0.0
2026-08-30 03:13:37,2786.15,102399,512,259.9096,519.6572,36.8,74.682632,0.0,149.40892,2.182607,,7.672997,0.7673,2e-06,4.551339,10.0,10.0,26.645218,0.0,26.645218,73.354782,54.617928,0.509203,2.416349,0.0,0.0
2026-08-30 03:13:51,2800.01,102911,514,476.176,520.8721,36.8,87.089027,-0.0,174.221558,2.175302,,6.455818,0.645582,6e-06,1.583339,7.0,10.0,1.545812,0.0,1.545812,98.454188,74.920688,0.524066,2.416349,0.0,0.0
2026-08-30 03:14:05,2814.01,103423,517,323.4322,518.1377,36.8,43.838524,0.0,87.720512,2.17312,,5.109294,0.510929,6e-06,2.167176,9.0,10.0,5.729204,0.0,5.729204,94.270796,71.259985,0.61921,2.416349,0.0,0.0
2026-08-30 03:14:19,2827.98,103935,519,299.5598,517.8963,36.8,45.86784,0.0,91.779114,2.171682,,4.830263,0.483026,3e-06,2.722647,9.0,10.0,6.125887,0.0,6.125887,93.874113,71.520448,0.577749,2.416349,0.0,0.0
2026-08-30 03:14:33,2841.83,104447,522,529.2085,521.054,36.8,133.242432,0.0,266.528137,2.16346,,8.39599,0.839599,5e-06,1.890153,9.0,10.0,9.10366,0.0,9.10366,90.89634,69.300402,0.493104,2.416349,0.0,0.0
2026-08-30 03:14:47,2855.7,104959,524,638.2565,522.9704,36.8,220.484802,0.0,441.012756,2.157624,,9.736235,0.973623,5e-06,2.0421,10.0,10.0,8.058856,0.0,8.058856,91.941144,70.463791,0.495395,2.416349,0.0,0.0
2026-08-30 03:15:01,2869.59,105471,527,716.2431,526.1253,36.8,210.733063,0.0,421.509277,2.158166,,10.198146,1.019815,6e-06,1.508191,8.0,10.0,4.851291,0.0,4.851291,95.148709,72.515948,0.467123,2.416349,0.0,0.0
2026-08-30 03:15:14,2883.46,105983,529,574.5812,525.6499,36.8,139.38092,0.0,278.804901,2.152966,,7.687366,0.768737,7e-06,1.448644,7.0,10.0,1.01329,0.0,1.01329,98.98671,75.667316,0.499242,2.416349,0.0,0.0
2026-08-30 03:15:28,2897.5,106495,532,288.8916,523.1032,36.8,37.778522,-0.0,75.600075,2.151649,,5.436168,0.543617,3e-06,2.947472,10.0,10.0,10.389434,0.0,10.389434,89.610566,67.397637,0.612381,2.416349,0.0,0.0
2026-08-30 03:15:42,2911.36,107007,535,468.9459,518.6379,36.8,81.262001,0.0,162.566986,2.149391,,6.169885,0.616988,8e-06,1.292961,6.0,9.0,0.458547,0.0,0.458547,99.541453,76.464447,0.48579,2.416349,0.0,0.0
2026-08-30 03:15:56,2925.43,107519,537,558.2501,518.8292,36.8,137.576767,0.0,275.196564,2.151286,,8.177829,0.817783,4e-06,2.703932,10.0,10.0,5.974774,0.0,5.974774,94.025226,71.477249,0.476563,2.416349,0.0,0.0
2026-08-30 03:16:10,2939.47,108031,540,-63.9505,512.912,36.8,134.692734,-0.0,269.428558,2.153864,,5.488885,0.548888,1e-06,4.177756,10.0,10.0,39.11608,0.0,39.11608,60.88392,44.349753,0.515214,2.416349,0.0,0.0
2026-08-30 03:16:24,2953.4,108543,542,967.1472,515.8617,36.8,390.536102,0.0,781.115173,2.147491,,14.189553,1.418955,5e-06,2.397264,10.0,10.0,6.744135,0.0,6.744135,93.255865,70.939785,0.504322,2.416349,0.0,0.0
2026-08-30 03:16:38,2967.4,109055,545,776.7471,514.085,36.8,303.715515,0.0,607.47406,2.150036,,11.744373,1.174437,5e-06,2.289821,10.0,10.0,7.44163,0.0,7.44163,92.55837,69.806131,0.537096,2.416349,0.0,0.0
2026-08-30 03:16:52,2981.3,109567,547,716.4356,515.8058,36.8,244.809128,-0.0,489.661285,2.151902,,9.655778,0.965578,7e-06,1.718378,8.0,10.0,0.871629,0.0,0.871629,99.128371,75.235538,0.510548,2.416349,0.0,0.0
2026-08-30 03:17:06,2995.16,110079,550,770.0438,517.838,36.8,286.71524,0.0,573.473572,2.153735,,10.330799,1.03308,6e-06,1.21985,5.0,7.0,0.041474,0.0,0.041474,99.958526,76.64479,0.530084,2.416349,0.0,0.0
2026-08-30 03:17:20,3009.19,110591,552,626.6412,517.2,36.8,290.49881,0.0,581.04071,2.155434,,10.290693,1.029069,4e-06,2.997763,10.0,10.0,11.606791,0.0,11.606791,88.393209,66.668668,0.519181,2.416349,0.0,0.0
2026-08-30 03:17:34,3023.19,111103,555,264.5814,513.9011,36.8,59.45816,-0.0,118.959404,2.154115,,6.202699,0.62027,3e-06,3.145427,10.0,10.0,17.263365,0.0,17.263365,82.736635,61.505317,0.565321,2.416349,0.0,0.0
2026-08-30 03:17:48,3037.16,111615,558,364.6452,513.1884,36.7,65.285873,0.0,130.614853,2.155566,,5.874699,0.58747,6e-06,1.603083,8.0,10.0,7.071409,0.0,7.071409,92.928591,70.56183,0.575718,2.416349,0.0,0.0
2026-08-30 03:18:02,3051.07,112127,560,487.3158,512.2521,36.8,109.355568,0.0,218.754196,2.152922,,6.924344,0.692434,5e-06,2.297359,9.0,10.0,3.527081,0.0,3.527081,96.472919,73.473564,0.577301,2.416349,0.0,0.0
2026-08-30 03:18:16,3065.06,112639,563,540.5843,513.3331,36.7,130.502838,0.0,261.048676,2.149456,,7.856136,0.785614,7e-06,2.002424,9.0,10.0,4.772604,0.0,4.772604,95.227396,72.445589,0.58009,2.270834,0.0,0.0
2026-08-30 03:18:30,3078.93,113151,565,671.7153,516.5388,36.8,215.618546,0.0,431.28009,2.150559,,8.987769,0.898777,6e-06,1.189626,5.0,9.0,0.709474,0.0,0.709474,99.290526,75.83867,0.501986,2.270834,0.0,0.0
2026-08-30 03:18:44,3093.0,113663,568,429.8054,511.588,36.7,79.000923,0.0,158.044876,2.151537,,7.196422,0.719642,5e-06,2.772624,10.0,10.0,10.666997,0.0,10.666997,89.333003,67.00298,0.557529,2.270834,0.0,0.0
2026-08-30 03:18:58,3106.89,114175,570,580.4454,512.2638,36.7,167.189743,0.0,334.422516,2.151403,,7.896146,0.789615,6e-06,1.54493,6.0,9.0,0.97672,0.0,0.97672,99.02328,75.535523,0.594539,2.270834,0.0,0.0
2026-08-30 03:19:12,3120.99,114687,573,184.0763,508.8202,36.7,19.760403,-0.0,39.563946,2.157047,,4.646594,0.464659,2e-06,3.489066,10.0,10.0,15.337594,0.0,15.337594,84.662406,63.270189,0.604385,2.270834,0.0,0.0
2026-08-30 03:19:26,3135.04,115199,576,52.2881,503.5976,36.7,22.0005,-0.0,44.044262,2.163201,,3.896952,0.389695,2e-06,4.474997,10.0,10.0,21.449213,0.0,21.449213,78.550787,58.207968,0.63974,2.270834,0.0,0.0
2026-08-30 03:19:40,3149.11,115711,578,217.6971,497.6878,36.7,17.83238,0.0,35.708138,2.168824,,4.287273,0.428727,2e-06,3.676814,10.0,10.0,9.981466,0.0,9.981466,90.018534,66.971804,0.646686,2.270834,0.0,0.0
2026-08-30 03:19:54,3163.03,116223,581,268.7619,491.9304,36.7,37.026783,-0.0,74.097107,2.177198,,4.85807,0.485807,2e-06,3.453686,10.0,10.0,9.4364,0.0,9.4364,90.5636,67.389224,0.638816,2.270834,0.0,0.0
2026-08-30 03:20:08,3176.99,116735,583,520.6772,490.8277,36.7,130.602173,0.0,261.247925,2.178493,,8.623437,0.862344,2e-06,3.161488,10.0,10.0,11.376212,0.0,11.376212,88.623788,67.57897,0.503983,2.270834,0.0,0.0
2026-08-30 03:20:22,3191.05,117247,586,327.392,488.0674,36.7,83.085815,-0.0,166.215408,2.18918,,8.154314,0.815431,2e-06,4.407411,10.0,10.0,24.630227,0.0,24.630227,75.369773,55.044848,0.531382,2.270834,0.0,0.0
2026-08-30 03:20:36,3204.97,117759,588,343.4364,483.7649,36.7,57.843117,-0.0,115.73008,2.192227,,6.014501,0.60145,2e-06,2.972556,10.0,10.0,10.534566,0.0,10.534566,89.465434,67.40157,0.532364,2.270834,0.0,0.0
2026-08-30 03:20:50,3218.91,118271,591,390.652,482.0904,36.7,61.829472,0.0,123.702812,2.193574,,6.289512,0.628951,3e-06,2.306451,10.0,10.0,7.905095,0.0,7.905095,92.094905,69.554873,0.534383,2.270834,0.0,0.0
2026-08-30 03:21:04,3232.8,118783,593,559.128,482.4718,36.7,139.830673,0.0,279.7052,2.193079,,7.897734,0.789773,4e-06,1.869996,9.0,10.0,3.914049,0.0,3.914049,96.085951,73.23889,0.500768,2.270834,0.0,0.0
2026-08-30 03:21:18,3246.69,119295,596,545.6614,483.12,36.7,155.130478,0.0,310.30484,2.193487,,8.465006,0.846501,3e-06,2.386577,10.0,10.0,7.845215,0.0,7.845215,92.154785,69.09397,0.546023,2.270834,0.0,0.0
2026-08-30 03:21:31,3260.55,119807,599,650.8096,482.4363,36.7,216.943604,0.0,433.931061,2.193017,,9.80207,0.980207,4e-06,2.274093,10.0,10.0,7.055544,0.0,7.055544,92.944456,70.287409,0.499993,2.270834,0.0,0.0
2026-08-30 03:21:45,3274.47,120319,601,340.1072,478.1254,36.7,118.808197,0.0,237.660309,2.195749,,7.210305,0.721031,4e-06,2.582728,10.0,10.0,17.986207,0.0,17.986207,82.013793,61.719858,0.515881,2.270834,0.0,0.0
2026-08-30 03:21:59,3288.46,120831,604,671.2327,478.2071,36.7,205.266205,0.0,410.576324,2.195755,,9.664664,0.966466,5e-06,1.132047,5.0,10.0,4.859729,0.0,4.859729,95.140271,72.435886,0.49732,2.270834,0.0,0.0
2026-08-30 03:22:13,3302.41,121343,606,757.7803,480.2322,36.7,261.778168,-0.0,523.60022,2.193092,,11.23826,1.123826,3e-06,2.802012,10.0,10.0,7.181199,0.0,7.181199,92.818801,70.688731,0.526127,2.270834,0.0,0.0
2026-08-30 03:22:27,3316.37,121855,609,697.7016,481.5017,36.7,200.63765,-0.0,401.319153,2.192875,,10.330089,1.033009,2e-06,2.965659,10.0,10.0,6.50348,0.0,6.50348,93.49652,70.469285,0.504526,2.270834,0.0,0.0
2026-08-30 03:22:41,3329.91,122367,611,692.0405,487.3491,36.7,186.485428,-0.0,373.01474,2.193759,,9.284009,0.928401,6e-06,1.156478,6.0,10.0,1.043825,0.0,1.043825,98.956175,75.887665,0.454493,2.270834,0.0,0.0
2026-08-30 03:22:55,3343.62,122879,614,334.4683,488.8744,36.8,62.830742,-0.0,125.705345,2.192986,,6.84995,0.684995,2e-06,2.877473,10.0,10.0,16.594897,0.0,16.594897,83.405103,62.129632,0.47478,2.270834,0.0,0.0
2026-08-30 03:23:08,3357.54,123391,616,542.9415,488.683,36.8,113.901909,-0.0,227.847702,2.194095,,7.857899,0.78579,4e-06,2.060285,9.0,10.0,5.568132,0.0,5.568132,94.431868,71.763265,0.429507,2.270834,0.0,0.0
2026-08-30 03:23:22,3371.43,123903,619,503.4603,486.5801,36.8,103.823814,-0.0,207.691483,2.192932,,7.178554,0.717855,4e-06,1.568804,8.0,10.0,4.204302,0.0,4.204302,95.795698,72.291489,0.462662,2.270834,0.0,0.0
2026-08-30 03:23:36,3385.42,124415,622,680.7134,486.8583,36.8,189.093842,0.0,378.231537,2.192333,,9.491014,0.949101,5e-06,1.363999,7.0,10.0,3.510864,0.0,3.510864,96.489136,73.62926,0.450283,2.270834,0.0,0.0
2026-08-30 03:23:50,3399.34,124927,624,365.589,483.335,36.8,52.272694,0.0,104.589233,2.19247,,5.353329,0.535333,5e-06,1.899574,9.0,10.0,3.900052,0.0,3.900052,96.099948,72.814523,0.611345,2.270834,0.0,0.0
2026-08-30 03:24:04,3413.4,125439,627,625.3674,484.0286,36.7,176.156723,0.0,352.357269,2.190937,,8.730879,0.873088,4e-06,1.903088,9.0,10.0,2.758179,0.0,2.758179,97.241821,73.609399,0.554401,2.272645,0.0,0.0
2026-08-30 03:24:18,3427.33,125951,629,500.2745,487.6865,36.7,109.810516,-0.0,219.664795,2.18834,,8.358425,0.835842,6e-06,1.762164,10.0,10.0,11.46901,0.0,11.46901,88.53099,66.771572,0.519951,2.272645,0.0,0.0
2026-08-30 03:24:32,3441.25,126463,632,499.6009,487.741,36.7,91.713165,0.0,183.470047,2.18599,,6.901281,0.690128,4e-06,2.011155,9.0,10.0,2.971791,0.0,2.971791,97.028209,73.852491,0.504353,2.272645,0.0,0.0
2026-08-30 03:24:46,3455.21,126975,634,633.6513,490.5632,36.7,182.662567,-0.0,365.368866,2.18718,,9.189897,0.91899,5e-06,1.643995,9.0,10.0,5.742865,0.0,5.742865,94.257135,71.319018,0.483263,2.272645,0.0,0.0
2026-08-30 03:25:00,3469.1,127487,637,543.8694,490.586,36.7,129.664856,0.0,259.373444,2.187332,,7.891131,0.789113,4e-06,2.100704,10.0,10.0,5.515971,0.0,5.515971,94.484029,72.016429,0.463131,2.272645,0.0,0.0
2026-08-30 03:25:14,3483.05,127999,640,368.9342,485.8407,36.7,70.013588,-0.0,140.070908,2.186588,,6.96874,0.696874,3e-06,2.506293,10.0,10.0,14.499957,0.0,14.499957,85.500043,63.987061,0.487547,2.272645,0.0,0.0
2026-08-30 03:25:28,3496.99,128511,642,427.7344,484.2796,36.7,72.495102,0.0,145.033936,2.186388,,6.813665,0.681367,3e-06,2.206095,9.0,10.0,7.872501,0.0,7.872501,92.127499,68.998266,0.502966,2.272645,0.0,0.0
2026-08-30 03:25:42,3510.95,129023,645,574.5023,484.8263,36.7,123.257683,-0.0,246.559082,2.185451,,9.056825,0.905683,3e-06,2.319582,10.0,10.0,9.716064,0.0,9.716064,90.283936,67.737618,0.492557,2.272645,0.0,0.0
2026-08-30 03:25:56,3524.85,129535,647,772.7337,487.7356,36.7,302.199677,0.0,604.443054,2.18591,,11.409771,1.140977,4e-06,1.78138,10.0,10.0,6.70417,0.0,6.70417,93.29583,70.086156,0.500179,2.272645,0.0,0.0
2026-08-30 03:26:10,3538.73,130047,650,627.5957,490.7175,36.7,196.678619,-0.0,393.40097,2.186887,,9.096237,0.909624,4e-06,2.290007,9.0,10.0,5.238865,0.0,5.238865,94.761135,70.791475,0.504521,2.272645,0.0,0.0
2026-08-30 03:26:24,3552.69,130559,652,518.1188,493.3682,36.7,142.883301,0.0,285.810364,2.188744,,8.977511,0.897751,3e-06,2.869986,10.0,10.0,14.305128,0.0,14.305128,85.694872,64.430285,0.488728,2.272645,0.0,0.0
2026-08-30 03:26:38,3566.65,131071,655,456.5238,494.9268,36.7,108.901848,-0.0,217.847565,2.193184,,8.458193,0.845819,2e-06,3.718582,10.0,10.0,17.046811,0.0,17.046811,82.953189,62.074744,0.564895,2.272645,0.0,0.0
2026-08-30 03:26:52,3580.59,131583,657,678.7577,496.1948,36.7,204.928162,-0.0,409.900208,2.194354,,9.451719,0.945172,4e-06,2.516211,9.0,10.0,3.820661,0.0,3.820661,96.179339,73.009333,0.490702,2.272645,0.0,0.0
2026-08-30 03:27:05,3594.57,132095,660,661.4043,495.2725,36.7,183.064835,-0.0,366.173645,2.199123,,9.666213,0.966621,4e-06,1.973473,9.0,10.0,6.179871,0.0,6.179871,93.820129,69.766979,0.476552,2.272645,0.0,0.0
2026-08-30 03:27:20,3608.58,132607,663,722.6206,495.3333,36.7,214.629654,0.0,429.303314,2.199905,,9.821359,0.982136,3e-06,1.942784,9.0,10.0,1.865465,0.0,1.865465,98.134535,74.667323,0.455423,2.272645,0.0,0.0
2026-08-30 03:27:33,3622.48,133119,665,356.0744,496.9485,36.7,109.841339,0.0,219.726791,2.205606,,6.525621,0.652562,2e-06,2.602049,10.0,10.0,12.472712,0.0,12.472712,87.527288,65.243346,0.515961,2.272645,0.0,0.0
2026-08-30 03:27:47,3636.33,133631,668,297.1616,493.0396,36.7,84.45591,0.0,168.956009,2.209568,,5.056982,0.505698,4e-06,1.307996,7.0,10.0,7.734904,0.0,7.734904,92.265096,70.497599,0.593856,2.272645,0.0,0.0
2026-08-30 03:28:01,3650.28,134143,670,414.3507,492.4063,36.7,83.363953,0.0,166.772141,2.212112,,5.819028,0.581903,4e-06,1.520981,7.0,10.0,2.670834,0.0,2.670834,97.329166,73.807539,0.567717,2.272645,0.0,0.0
2026-08-30 03:28:15,3664.26,134655,673,395.4693,488.3287,36.7,86.783607,-0.0,173.611481,2.213427,,6.837716,0.683772,2e-06,2.638673,10.0,10.0,11.247035,0.0,11.247035,88.752965,66.663285,0.572129,2.272645,0.0,0.0
2026-08-30 03:28:29,3678.17,135167,675,591.2937,487.8464,36.7,170.332748,-0.0,340.709808,2.214818,,8.744714,0.874471,4e-06,1.679031,9.0,10.0,5.502394,0.0,5.502394,94.497606,71.542476,0.560727,2.272645,0.0,0.0
2026-08-30 03:28:43,3692.18,135679,678,698.2231,488.7446,36.7,251.071213,0.0,502.186829,2.219568,,10.126671,1.012667,3e-06,1.833648,9.0,10.0,3.827835,0.0,3.827835,96.172165,72.393008,0.561767,2.272645,0.0,0.0
2026-08-30 03:28:57,3706.32,136191,680,619.9112,490.1762,36.7,158.742569,-0.0,317.529541,2.219743,,10.786465,1.078647,2e-06,2.468758,10.0,10.0,17.129714,0.0,17.129714,82.870286,62.149678,0.464089,2.272645,0.0,0.0
2026-08-30 03:29:11,3720.29,136703,683,193.7525,488.2367,36.7,26.795427,0.0,53.635342,2.224279,,6.764428,0.676443,1e-06,3.008974,10.0,10.0,28.272682,0.0,28.272682,71.727318,52.336781,0.464268,2.272645,0.0,0.0
2026-08-30 03:29:25,3734.22,137215,686,671.1772,489.3888,36.7,245.166565,0.0,490.377594,2.223477,,10.295555,1.029555,4e-06,1.478354,9.0,10.0,8.948422,0.0,8.948422,91.051578,69.134029,0.470434,2.272645,0.0,0.0
2026-08-30 03:29:39,3748.17,137727,688,822.5478,492.5775,36.7,369.399231,-0.0,738.842896,2.222209,,11.660124,1.166012,4e-06,1.275266,7.0,10.0,2.621125,0.0,2.621125,97.378875,74.596274,0.509659,2.261659,0.0,0.0
2026-08-30 03:29:53,3762.17,138239,691,393.3232,493.3048,36.7,68.400291,0.0,136.844986,2.220047,,7.008339,0.700834,3e-06,2.598427,10.0,10.0,11.890646,0.0,11.890646,88.109354,66.020533,0.50026,2.261659,0.0,0.0
2026-08-30 03:30:07,3776.15,138751,693,79.2809,488.4138,36.7,22.053837,0.0,44.15213,2.222895,,4.823401,0.48234,1e-06,3.263226,10.0,10.0,25.501501,0.0,25.501501,74.498499,56.641986,0.532019,2.261659,0.0,0.0
2026-08-30 03:30:21,3790.05,139263,696,221.0174,485.544,36.7,13.725964,-0.0,27.496382,2.222682,,4.140057,0.414006,2e-06,2.596232,10.0,10.0,8.811913,0.0,8.811913,91.188087,68.841898,0.603608,2.261659,0.0,0.0
2026-08-30 03:30:35,3804.16,139775,698,104.1009,483.9687,36.7,56.075954,-0.0,112.196251,2.216986,,4.788281,0.478828,2e-06,3.336978,10.0,10.0,22.921584,0.0,22.921584,77.078416,57.650442,0.554208,2.261659,0.0,0.0
2026-08-30 03:30:49,3818.15,140287,701,446.9267,487.8846,36.7,118.165245,0.0,236.374954,2.223014,,8.041938,0.804194,2e-06,3.200233,10.0,10.0,14.105101,0.0,14.105101,85.894899,63.590339,0.516006,2.261659,0.0,0.0
2026-08-30 03:31:03,3832.17,140799,704,437.8282,490.3768,36.7,93.033623,0.0,186.111816,2.228487,,8.846355,0.884635,1e-06,3.210006,10.0,10.0,20.626683,0.0,20.626683,79.373317,60.302673,0.436145,2.261659,0.0,0.0
2026-08-30 03:31:17,3846.02,141311,706,523.3747,489.9636,36.7,113.315414,0.0,226.675537,2.235662,,7.568503,0.75685,3e-06,2.009984,10.0,10.0,4.7723,0.0,4.7723,95.2277,72.306458,0.485658,2.261659,0.0,0.0
2026-08-30 03:31:31,3859.99,141823,709,714.0096,490.7524,36.7,237.591797,0.0,475.228424,2.241121,,10.30333,1.030333,4e-06,1.402379,7.0,10.0,2.704841,0.0,2.704841,97.295159,74.09151,0.513929,2.261659,0.0,0.0
2026-08-30 03:31:45,3873.92,142335,711,978.6362,492.6506,36.7,425.090668,0.0,850.226196,2.243654,,14.654786,1.465479,3e-06,1.871915,10.0,10.0,8.404039,0.0,8.404039,91.595961,69.709749,0.466238,2.261659,0.0,0.0
2026-08-30 03:31:59,3887.83,142847,714,944.5155,496.8068,36.7,446.411713,0.0,892.868347,2.246206,,14.095718,1.409572,3e-06,1.992978,10.0,10.0,5.309688,0.0,5.309688,94.690312,70.900284,0.515425,2.261659,0.0,0.0
2026-08-30 03:32:13,3901.95,143359,716,341.1533,493.2209,36.7,105.365135,0.0,210.775253,2.248851,,8.637568,0.863757,1e-06,3.740912,10.0,10.0,26.992807,0.0,26.992807,73.007193,53.864334,0.489819,2.261659,0.0,0.0
2026-08-30 03:32:27,3915.9,143871,719,524.7196,489.3729,36.7,103.8181,0.0,207.681229,2.25162,,8.907939,0.890794,2e-06,1.988757,10.0,10.0,12.730786,0.0,12.730786,87.269214,65.522241,0.462535,2.261659,0.0,0.0
2026-08-30 03:32:41,3929.92,144383,721,400.2979,488.2339,36.7,72.011086,0.0,144.067245,2.253977,,7.412015,0.741201,2e-06,2.608996,10.0,10.0,14.542105,0.0,14.542105,85.457895,64.897096,0.447701,2.261659,0.0,0.0
2026-08-30 03:32:55,3943.93,144895,724,364.5893,491.1325,36.7,60.778084,0.0,121.601318,2.25739,,6.220925,0.622092,2e-06,2.470471,10.0,10.0,9.8035,0.0,9.8035,90.1965,67.042275,0.489295,2.261659,0.0,0.0
2026-08-30 03:33:09,3957.95,145407,727,302.7196,490.369,36.7,98.057884,-0.0,196.160995,2.261349,,6.412826,0.641283,2e-06,2.024622,10.0,10.0,16.235699,0.0,16.235699,83.764301,63.436412,0.525974,2.261659,0.0,0.0
2026-08-30 03:33:23,3971.95,145919,729,220.4936,491.4288,36.7,67.200226,0.0,134.445709,2.262603,,6.085842,0.608584,1e-06,2.125252,10.0,10.0,21.005237,0.0,21.005237,78.994763,59.746805,0.491068,2.261659,0.0,0.0
2026-08-30 03:33:37,3985.96,146431,732,419.8062,490.0557,36.7,81.629791,0.0,163.304886,2.265265,,7.031991,0.703199,3e-06,1.906872,9.0,10.0,9.652919,0.0,9.652919,90.347081,68.481235,0.514824,2.261659,0.0,0.0
2026-08-30 03:33:51,3999.97,146943,734,534.8254,494.2033,36.7,140.780579,0.0,281.606506,2.266956,,8.220827,0.822083,5e-06,1.312049,8.0,10.0,7.291991,0.0,7.291991,92.708009,70.704311,0.482294,2.261659,0.0,0.0
2026-08-30 03:34:05,4014.02,147455,737,416.7378,494.5444,36.7,69.182861,-0.0,138.411087,2.268139,,7.588801,0.75888,2e-06,2.788373,10.0,10.0,13.987526,0.0,13.987526,86.012474,64.132205,0.489087,2.261659,0.0,0.0
2026-08-30 03:34:19,4028.07,147967,739,216.9567,492.0248,36.7,27.316788,0.0,54.678963,2.269394,,5.567993,0.556799,2e-06,3.248784,10.0,10.0,18.43986,0.0,18.43986,81.56014,61.014773,0.517953,2.261659,0.0,0.0
2026-08-30 03:34:33,4042.08,148479,742,597.6122,493.7583,36.7,140.899094,0.0,281.843567,2.268239,,9.185752,0.918575,2e-06,2.718272,10.0,10.0,7.883201,0.0,7.883201,92.116799,68.831998,0.470604,2.261659,0.0,0.0
2026-08-30 03:34:47,4056.25,148991,744,616.3806,494.2739,36.7,230.021027,0.0,460.087372,2.266593,,11.079179,1.107918,2e-06,2.32079,10.0,10.0,18.352309,0.0,18.352309,81.647691,61.561506,0.436675,2.261659,0.0,0.0
2026-08-30 03:35:01,4070.25,149503,747,445.7163,495.8608,36.7,110.382172,0.0,220.809677,2.266802,,8.48391,0.848391,2e-06,2.818186,10.0,10.0,16.847868,0.0,16.847868,83.152132,61.884966,0.486614,2.261659,0.0,0.0
2026-08-30 03:35:15,4084.23,150015,750,263.9305,494.9001,36.7,35.723557,-0.0,71.492455,2.266992,,4.94345,0.494345,2e-06,2.896636,10.0,10.0,10.406279,0.0,10.406279,89.593721,68.219375,0.554294,2.922826,0.0,0.0
2026-08-30 03:35:29,4098.26,150527,752,213.7564,493.9597,36.7,55.57312,-0.0,111.191566,2.266438,,4.868483,0.486848,3e-06,1.810561,10.0,10.0,10.731068,0.0,10.731068,89.268932,67.368967,0.564601,2.922826,0.0,0.0
2026-08-30 03:35:43,4112.12,151039,755,400.0967,493.0203,36.7,118.455467,-0.0,236.956161,2.261659,,7.184364,0.718436,2e-06,1.994375,10.0,10.0,9.808393,0.0,9.808393,90.191607,67.804828,0.527847,2.922826,0.0,0.0
2026-08-30 03:35:57,4125.99,151551,757,272.8899,490.1648,36.7,69.083,-0.0,138.211212,2.260555,,6.35025,0.635025,3e-06,1.720093,10.0,10.0,13.693385,0.0,13.693385,86.306615,65.604036,0.566414,2.922826,0.0,0.0
2026-08-30 03:36:11,4139.85,152063,760,413.2676,487.8428,36.7,103.344414,-0.0,206.733963,2.256853,,6.650293,0.665029,3e-06,1.808356,9.0,10.0,6.097585,0.0,6.097585,93.902415,70.527926,0.565079,2.922826,0.0,0.0
2026-08-30 03:36:25,4153.82,152575,762,295.6674,484.9193,36.7,91.31179,-0.0,182.668655,2.254089,,7.335801,0.73358,1e-06,3.720056,10.0,10.0,17.855498,0.0,17.855498,82.144502,61.438311,0.506282,2.922826,0.0,0.0
2026-08-30 03:36:38,4167.57,153087,765,712.654,484.0116,36.7,226.874496,-0.0,453.794037,2.252647,,9.972969,0.997297,5e-06,1.037616,6.0,10.0,2.232259,0.0,2.232259,97.767741,74.466511,0.468879,2.922826,0.0,0.0
2026-08-30 03:36:52,4181.4,153599,768,844.4145,489.8567,36.7,304.98114,-0.0,610.007263,2.248714,,12.191745,1.219174,4e-06,1.422621,8.0,10.0,4.451878,0.0,4.451878,95.548122,72.533673,0.456098,2.922826,0.0,0.0
2026-08-30 03:37:06,4195.41,154111,770,573.4319,490.8292,36.7,141.887161,-0.0,283.819244,2.246076,,9.156888,0.915689,2e-06,2.556191,10.0,10.0,8.508612,0.0,8.508612,91.491388,68.484238,0.444833,2.922826,0.0,0.0
2026-08-30 03:37:20,4209.43,154623,773,303.5033,490.6299,36.7,49.36132,-0.0,98.76757,2.24637,,5.323239,0.532324,3e-06,2.293108,10.0,10.0,7.306288,0.0,7.306288,92.693712,69.533012,0.57907,2.922826,0.0,0.0
2026-08-30 03:37:34,4223.47,155135,775,23.7344,487.8717,36.7,19.85688,-0.0,39.758602,2.242119,,4.0086,0.40086,1e-06,3.712659,10.0,10.0,19.601179,0.0,19.601179,80.398821,60.091769,0.548843,2.922826,0.0,0.0
2026-08-30 03:37:48,4237.44,155647,778,509.2873,487.6725,36.7,127.765785,0.0,255.576294,2.236099,,8.641663,0.864166,2e-06,2.695427,10.0,10.0,9.630693,0.0,9.630693,90.369307,67.750605,0.492862,2.922826,0.0,0.0
2026-08-30 03:38:02,4251.5,156159,780,512.7292,486.4172,36.7,179.817383,0.0,359.679413,2.232179,,9.188247,0.918825,4e-06,1.670064,9.0,10.0,11.600275,0.0,11.600275,88.399725,67.667516,0.467144,2.922826,0.0,0.0
2026-08-30 03:38:16,4265.44,156671,783,649.3107,485.7479,36.7,181.237747,-0.0,362.520081,2.228623,,9.019733,0.901973,3e-06,1.710515,8.0,10.0,1.911278,0.0,1.911278,98.088722,74.677898,0.486097,2.922826,0.0,0.0
2026-08-30 03:38:30,4279.46,157183,785,669.7061,486.6991,36.7,188.947632,0.0,377.939728,2.22316,,11.290469,1.129047,3e-06,2.048371,10.0,10.0,11.190837,0.0,11.190837,88.809163,67.367653,0.493203,2.922826,0.0,0.0
2026-08-30 03:38:44,4293.44,157695,788,661.3241,490.4234,36.7,217.659058,0.0,435.362549,2.221963,,10.550555,1.055056,3e-06,2.143333,9.0,10.0,8.66054,0.0,8.66054,91.33946,68.814083,0.487821,2.922826,0.0,0.0
2026-08-30 03:38:58,4307.48,158207,791,594.9244,491.6832,36.7,134.968964,-0.0,269.982269,2.21714,,9.22655,0.922655,2e-06,2.270968,10.0,10.0,7.180549,0.0,7.180549,92.819451,69.827772,0.466528,2.922826,0.0,0.0
2026-08-30 03:39:12,4321.31,158719,793,778.6529,493.8873,36.7,267.312347,0.0,534.668945,2.213217,,11.284123,1.128412,3e-06,1.787842,8.0,10.0,3.674622,0.0,3.674622,96.325378,72.20877,0.474523,2.922826,0.0,0.0
2026-08-30 03:39:26,4335.18,159231,796,812.1099,502.6479,36.7,269.874664,0.0,539.793579,2.212339,,11.313289,1.131329,4e-06,1.515409,7.0,10.0,2.149925,0.0,2.149925,97.850075,73.9676,0.488333,2.922826,0.0,0.0
2026-08-30 03:39:40,4349.08,159743,798,436.11,497.3375,36.7,72.103889,0.0,144.251968,2.209446,,7.3866,0.73866,4e-06,1.86781,10.0,10.0,8.510333,0.0,8.510333,91.489667,69.444727,0.515766,2.922826,0.0,0.0
2026-08-30 03:39:54,4362.91,160255,801,632.6087,495.8961,36.7,153.041122,-0.0,306.126373,2.206418,,9.170161,0.917016,5e-06,1.186113,5.0,10.0,2.879622,0.0,2.879622,97.120378,73.584186,0.541814,2.922826,0.0,0.0
2026-08-30 03:40:08,4376.82,160767,803,707.5569,495.8073,36.7,197.70932,-0.0,395.462738,2.204575,,10.059661,1.005966,3e-06,2.068528,8.0,10.0,3.408825,0.0,3.408825,96.591175,73.269572,0.459147,2.922826,0.0,0.0
2026-08-30 03:40:22,4390.79,161279,806,742.6022,495.5329,36.7,254.017227,0.0,508.078522,2.203739,,11.992084,1.199208,4e-06,2.099029,10.0,10.0,10.539999,0.0,10.539999,89.460001,67.638647,0.452312,2.922826,0.0,0.0
2026-08-30 03:40:36,4404.72,161791,808,720.3746,496.4702,36.7,253.937439,-0.0,507.918945,2.203208,,10.768435,1.076844,4e-06,1.808837,9.0,10.0,5.766077,0.0,5.766077,94.233923,71.496381,0.516009,2.922826,0.0,0.0
2026-08-30 03:40:49,4418.57,162303,811,396.4045,497.7885,36.7,66.017792,0.0,132.079575,2.199888,,5.45049,0.545049,3e-06,1.696402,8.0,10.0,1.437043,0.0,1.437043,98.562957,74.801367,0.575225,2.922826,0.0,0.0
2026-08-30 03:41:03,4432.42,162815,814,657.014,500.7122,36.7,217.174576,0.0,434.393127,2.198356,,9.029678,0.902968,5e-06,1.301904,7.0,10.0,1.212314,0.0,1.212314,98.787686,75.312255,0.497812,2.786896,0.0,0.0
2026-08-30 03:41:17,4446.4,163327,816,600.7958,501.847,36.7,276.147766,-0.0,552.339478,2.197832,,10.342066,1.034207,4e-06,2.143256,10.0,10.0,10.60232,0.0,10.60232,89.39768,67.04255,0.515437,2.786896,0.0,0.0
2026-08-30 03:41:31,4460.42,163839,819,411.2659,500.5538,36.7,88.221535,0.0,176.486954,2.193955,,7.492907,0.749291,2e-06,3.147172,10.0,10.0,11.309883,0.0,11.309883,88.690117,67.451075,0.575253,2.786896,0.0,0.0
2026-08-30 03:41:45,4474.29,164351,821,611.5895,499.9525,36.7,175.662949,-0.0,351.369843,2.197446,,8.097139,0.809714,6e-06,1.048541,5.0,8.0,0.095567,0.0,0.095567,99.904433,76.555434,0.537263,2.786896,0.0,0.0
2026-08-30 03:41:59,4488.19,164863,824,282.9517,498.484,36.7,35.469307,0.0,70.982506,2.19453,,5.973135,0.597313,2e-06,2.079783,10.0,10.0,12.071754,0.0,12.071754,87.928246,65.018013,0.54196,2.786896,0.0,0.0
2026-08-30 03:42:13,4502.18,165375,826,21.9762,492.8993,36.7,20.067936,-0.0,40.179695,2.191253,,5.182733,0.518273,1e-06,4.488628,10.0,10.0,26.709635,0.0,26.709635,73.290365,55.179904,0.555842,2.786896,0.0,0.0
2026-08-30 03:42:27,4516.13,165887,829,423.6726,495.2953,36.7,69.546906,-0.0,139.137695,2.194163,,6.003341,0.600334,3e-06,2.227577,9.0,10.0,2.723282,0.0,2.723282,97.276718,73.233612,0.523585,2.786896,0.0,0.0
2026-08-30 03:42:41,4529.99,166399,832,709.2594,501.865,36.7,199.63118,0.0,399.306152,2.189851,,10.487128,1.048713,2e-06,2.346699,9.0,10.0,5.609128,0.0,5.609128,94.390872,71.799388,0.462391,2.786896,0.0,0.0
2026-08-30 03:42:55,4543.86,166911,834,430.5421,503.9934,36.7,203.362946,-0.0,406.769714,2.191154,,9.524083,0.952408,2e-06,2.565941,10.0,10.0,20.450667,0.0,20.450667,79.549333,59.344797,0.433347,2.786896,0.0,0.0
2026-08-30 03:43:09,4557.78,167423,837,625.6401,507.5622,36.7,169.000488,-0.0,338.044891,2.195089,,8.658228,0.865823,4e-06,1.603573,7.0,10.0,1.987227,0.0,1.987227,98.012773,74.848786,0.48406,2.786896,0.0,0.0
2026-08-30 03:43:23,4571.72,167935,839,556.9869,507.9253,36.7,130.30336,-0.0,260.650665,2.196621,,8.487639,0.848764,3e-06,2.433226,9.0,10.0,6.349237,0.0,6.349237,93.650763,71.154685,0.477377,2.786896,0.0,0.0
2026-08-30 03:43:37,4585.74,168447,842,531.029,509.9617,36.7,130.067825,0.0,260.179596,2.197149,,8.373023,0.837302,3e-06,2.265558,9.0,10.0,7.422905,0.0,7.422905,92.577095,70.026926,0.489544,2.786896,0.0,0.0
2026-08-30 03:43:51,4599.78,168959,844,189.0991,508.4183,36.7,58.187473,0.0,116.418945,2.199949,,4.459846,0.445985,3e-06,2.135999,9.0,10.0,10.947438,0.0,10.947438,89.052562,67.35504,0.554416,2.786896,0.0,0.0
2026-08-30 03:44:05,4613.91,169471,847,492.682,509.4386,36.7,129.162125,0.0,258.368103,2.192504,,7.581715,0.758171,3e-06,1.925632,9.0,10.0,6.016111,0.0,6.016111,93.983889,71.29059,0.506964,2.786896,0.0,0.0
2026-08-30 03:44:19,4627.9,169983,849,956.6675,513.414,36.7,384.774109,0.0,769.591919,2.183948,,13.131623,1.313162,3e-06,2.116608,8.0,10.0,1.637503,0.0,1.637503,98.362497,74.751768,0.4675,2.786896,0.0,0.0
2026-08-30 03:44:33,4641.89,170495,852,844.3997,516.4014,36.7,299.179596,0.0,598.402771,2.177868,,11.812044,1.181204,3e-06,2.593339,9.0,10.0,2.904874,0.0,2.904874,97.095126,73.184953,0.497176,2.786896,0.0,0.0
2026-08-30 03:44:47,4655.79,171007,855,1045.3266,520.3465,36.7,488.334259,0.0,976.712036,2.174942,,14.959881,1.495988,5e-06,0.999934,5.0,9.0,0.735323,0.0,0.735323,99.264677,75.663707,0.512682,2.786896,0.0,0.0
2026-08-30 03:45:01,4669.86,171519,857,789.8503,524.844,36.7,310.127411,0.0,620.298279,2.171462,,11.437939,1.143794,3e-06,1.991627,9.0,10.0,3.394397,0.0,3.394397,96.605603,73.055863,0.511866,2.786896,0.0,0.0
2026-08-30 03:45:15,4683.83,172031,860,539.4984,523.5266,36.7,115.724144,-0.0,231.491699,2.170336,,7.744709,0.774471,3e-06,1.579146,8.0,10.0,3.633407,0.0,3.633407,96.366593,73.425066,0.512343,2.786896,0.0,0.0
2026-08-30 03:45:29,4697.82,172543,862,367.8057,519.6269,36.7,49.06958,0.0,98.182442,2.164066,,6.276362,0.627636,3e-06,2.454992,9.0,10.0,8.011875,0.0,8.011875,91.988125,69.972991,0.501204,2.786896,0.0,0.0
2026-08-30 03:45:43,4711.75,173055,865,260.5563,515.2554,36.7,20.936178,0.0,41.915577,2.160936,,4.869731,0.486973,2e-06,2.809382,10.0,10.0,7.778753,0.0,7.778753,92.221247,68.758046,0.582113,2.786896,0.0,0.0
2026-08-30 03:45:57,4725.6,173567,867,207.2159,510.4072,36.7,16.464916,0.0,32.973083,2.162577,,4.14244,0.414244,3e-06,2.653729,10.0,10.0,8.157618,0.0,8.157618,91.842382,69.385144,0.625246,2.786896,0.0,0.0
2026-08-30 03:46:10,4739.37,174079,870,565.2431,512.7149,36.7,131.266754,0.0,262.576691,2.158583,,8.12714,0.812714,4e-06,1.681303,8.0,10.0,3.502826,0.0,3.502826,96.497174,73.03941,0.510324,2.786896,0.0,0.0
2026-08-30 03:46:24,4753.14,174591,872,635.3922,513.6394,36.7,156.984344,-0.0,314.01178,2.154119,,9.141905,0.91419,4e-06,2.005649,9.0,10.0,3.942192,0.0,3.942192,96.057808,73.575382,0.45383,2.786896,0.0,0.0
2026-08-30 03:46:38,4767.08,175103,875,531.8368,513.9232,36.7,116.288414,-0.0,232.619781,2.147332,,8.925429,0.892543,3e-06,2.171704,10.0,10.0,10.552282,0.0,10.552282,89.447718,67.152548,0.440673,2.562413,0.0,0.0
2026-08-30 03:46:52,4781.0,175615,878,677.6747,513.8928,36.7,197.451019,-0.0,394.944885,2.142285,,10.473545,1.047355,3e-06,2.478898,10.0,10.0,8.609633,0.0,8.609633,91.390367,69.290333,0.44922,2.562413,0.0,0.0
2026-08-30 03:47:06,4794.83,176127,880,582.2787,516.0597,36.7,119.17305,0.0,238.388916,2.140592,,7.78534,0.778534,3e-06,1.569588,6.0,9.0,0.662054,0.0,0.662054,99.337946,75.61929,0.453477,2.562413,0.0,0.0
2026-08-30 03:47:20,4808.69,176639,883,724.642,517.0525,36.7,237.489258,-0.0,475.02124,2.135755,,9.986305,0.99863,3e-06,1.469064,6.0,10.0,1.215031,0.0,1.215031,98.784969,74.712248,0.448847,2.562413,0.0,0.0
2026-08-30 03:47:34,4822.77,177151,885,424.6299,516.296,36.7,136.058365,0.0,272.159271,2.126734,,9.064628,0.906463,1e-06,4.035276,10.0,10.0,20.016651,0.0,20.016651,79.983349,59.685827,0.523055,2.562413,0.0,0.0
2026-08-30 03:47:48,4836.73,177663,888,459.9098,515.8991,36.7,127.922752,0.0,255.888062,2.127479,,8.215661,0.821566,2e-06,2.339246,10.0,10.0,12.433636,0.0,12.433636,87.566364,65.123724,0.502341,2.562413,0.0,0.0
2026-08-30 03:48:02,4850.71,178175,890,615.9592,515.7222,36.7,178.12529,0.0,356.29306,2.124047,,9.929314,0.992931,2e-06,3.698101,10.0,10.0,10.631822,0.0,10.631822,89.368178,67.38366,0.488678,2.562413,0.0,0.0
2026-08-30 03:48:16,4864.7,178687,893,748.3617,517.7671,36.7,208.359924,0.0,416.762299,2.122161,,10.142371,1.014237,4e-06,1.473679,7.0,10.0,1.233596,0.0,1.233596,98.766404,75.073822,0.44115,2.562413,0.0,0.0
2026-08-30 03:48:30,4878.66,179199,896,674.6942,520.8247,36.7,196.603012,0.0,393.248322,2.11549,,9.611413,0.961141,3e-06,2.22364,9.0,10.0,3.711765,0.0,3.711765,96.288235,73.696875,0.489769,2.562413,0.0,0.0
2026-08-30 03:48:44,4892.68,179711,898,506.5764,521.6131,36.7,93.637932,0.0,187.318069,2.109958,,8.076234,0.807623,2e-06,2.877007,10.0,10.0,8.577293,0.0,8.577293,91.422707,69.379303,0.514141,2.562413,0.0,0.0
2026-08-30 03:48:58,4906.59,180223,901,411.3011,519.9811,36.7,61.949986,0.0,123.942116,2.107341,,6.890201,0.68902,1e-06,2.838023,10.0,10.0,8.639293,0.0,8.639293,91.360707,67.868501,0.510023,2.562413,0.0,0.0
2026-08-30 03:49:12,4920.57,180735,903,649.9909,518.7537,36.7,180.809937,0.0,361.661987,2.105638,,9.965514,0.996551,4e-06,1.841976,9.0,10.0,7.469974,0.0,7.469974,92.530026,70.624939,0.493342,2.562413,0.0,0.0
2026-08-30 03:49:25,4934.47,181247,906,577.2706,518.2504,36.7,156.756683,0.0,313.555389,2.10046,,8.614969,0.861497,4e-06,1.893072,8.0,10.0,5.121533,0.0,5.121533,94.878467,70.728114,0.489146,2.562413,0.0,0.0
2026-08-30 03:49:39,4948.36,181759,908,198.2664,515.0519,36.7,15.373792,0.0,30.789539,2.097765,,4.128203,0.41282,2e-06,2.936391,10.0,10.0,9.476214,0.0,9.476214,90.523786,68.922999,0.590055,2.562413,0.0,0.0
2026-08-30 03:49:53,4962.29,182271,911,411.9211,514.6059,36.7,80.919067,-0.0,161.879715,2.079045,,6.527259,0.652726,3e-06,2.144994,9.0,10.0,6.722333,0.0,6.722333,93.277667,70.56002,0.498118,2.562413,0.0,0.0
2026-08-30 03:50:07,4976.4,182783,913,697.7122,514.7954,36.7,186.950516,0.0,373.94223,2.059757,,9.429951,0.942995,5e-06,1.751696,8.0,10.0,1.211203,0.0,1.211203,98.788797,75.353862,0.431627,2.562413,0.0,0.0
2026-08-30 03:50:21,4990.4,183295,916,380.9888,511.9913,36.7,119.609634,0.0,239.260162,2.044855,,7.106439,0.710644,3e-06,2.71129,10.0,10.0,11.989522,0.0,11.989522,88.010478,65.33646,0.511243,2.562413,0.0,0.0
2026-08-30 03:50:35,5004.48,183807,919,577.6539,510.5416,36.7,144.903336,0.0,289.84726,2.029063,,8.890648,0.889065,3e-06,2.473036,9.0,10.0,7.526896,0.0,7.526896,92.473104,69.941069,0.485253,2.562413,0.0,0.0
2026-08-30 03:50:49,5018.57,184319,921,257.9106,509.56,36.7,66.876534,-0.0,133.793488,2.021124,,5.561155,0.556115,3e-06,2.951416,10.0,10.0,13.329451,0.0,13.329451,86.670549,65.360375,0.529133,2.562413,0.0,0.0
2026-08-30 03:51:04,5032.59,184831,924,435.5621,510.944,36.7,73.8246,-0.0,147.689407,2.010512,,7.747467,0.774747,3e-06,2.813927,9.0,10.0,11.964364,0.0,11.964364,88.035636,64.429479,0.481147,2.562413,0.0,0.0
2026-08-30 03:51:18,5046.58,185343,926,551.361,512.3141,36.7,130.490143,-0.0,261.020233,1.997971,,9.44951,0.944951,3e-06,3.08638,10.0,10.0,13.389299,0.0,13.389299,86.610701,65.625032,0.445958,2.562413,0.0,0.0
2026-08-30 03:51:31,5060.48,185855,929,661.879,514.9782,36.7,177.337875,0.0,354.715485,1.987296,,9.748769,0.974877,5e-06,2.082198,9.0,10.0,6.353159,0.0,6.353159,93.646841,70.328185,0.456457,2.562413,0.0,0.0
2026-08-30 03:51:46,5074.58,186367,931,141.7553,510.4828,36.7,51.746601,-0.0,103.532936,1.986525,,4.407856,0.440786,2e-06,3.841892,10.0,10.0,15.32567,0.0,15.32567,84.67433,63.71585,0.615436,2.562413,0.0,0.0
2026-08-30 03:51:59,5088.53,186879,934,294.7767,506.4483,36.7,41.29895,0.0,82.637566,1.983307,,4.510687,0.451069,4e-06,2.369406,9.0,10.0,3.988647,0.0,3.988647,96.011353,72.38733,0.632572,2.562413,0.0,0.0
2026-08-30 03:52:13,5102.41,187391,936,545.2407,505.7016,36.7,135.185989,-0.0,270.411682,1.984599,,8.95505,0.895505,2e-06,3.017175,10.0,10.0,10.220151,0.0,10.220151,89.779849,67.307784,0.529971,2.562413,0.0,0.0
2026-08-30 03:52:27,5116.3,187903,939,600.7539,509.7716,36.7,125.828583,0.0,251.696945,1.98878,,8.726499,0.87265,4e-06,2.041523,8.0,10.0,5.085665,0.0,5.085665,94.914335,71.448054,0.455765,2.485537,0.0,0.0
2026-08-30 03:52:41,5130.08,188415,942,512.7591,508.1874,36.7,128.721085,0.0,257.482178,2.000707,,7.534439,0.753444,4e-06,1.952555,8.0,10.0,4.845396,0.0,4.845396,95.154604,71.381168,0.526477,2.485537,0.0,0.0
2026-08-30 03:52:55,5143.98,188927,944,895.7849,508.9198,36.7,371.546143,0.0,743.132263,1.99781,,13.757555,1.375756,4e-06,2.391225,9.0,10.0,9.085866,0.0,9.085866,90.914134,69.173179,0.514272,2.485537,0.0,0.0
2026-08-30 03:53:09,5157.93,189439,947,794.353,512.9301,36.7,275.184784,-0.0,550.409546,1.998843,,12.080558,1.208056,3e-06,3.047979,10.0,10.0,8.450247,0.0,8.450247,91.549753,68.434246,0.571477,2.485537,0.0,0.0
2026-08-30 03:53:23,5171.86,189951,949,727.7445,519.4148,36.7,242.723389,-0.0,485.486908,2.006824,,10.174796,1.01748,4e-06,2.245186,8.0,10.0,2.545412,0.0,2.545412,97.454588,73.401699,0.537227,2.485537,0.0,0.0
2026-08-30 03:53:37,5185.8,190463,952,468.8722,521.8933,36.7,122.026985,0.0,244.094193,2.010761,,7.375382,0.737538,4e-06,2.196041,9.0,10.0,7.353786,0.0,7.353786,92.646214,69.544634,0.56821,2.485537,0.0,0.0
2026-08-30 03:53:51,5199.84,190975,954,425.6453,525.1087,36.7,94.483849,0.0,189.008041,2.017323,,7.804803,0.78048,4e-06,2.813765,10.0,10.0,13.83588,0.0,13.83588,86.16412,65.161197,0.478161,2.485537,0.0,0.0
2026-08-30 03:54:05,5214.0,191487,957,482.9551,525.469,36.7,93.92733,0.0,187.895004,2.017568,,8.8574,0.88574,3e-06,3.509594,10.0,10.0,15.929541,0.0,15.929541,84.070459,63.355716,0.487599,2.485537,0.0,0.0
2026-08-30 03:54:19,5228.0,191999,960,547.2928,526.5637,36.7,163.484283,0.0,327.008942,2.01867,,9.574458,0.957446,3e-06,3.268263,10.0,10.0,13.835626,0.0,13.835626,86.164374,64.763999,0.481437,2.485537,0.0,0.0
2026-08-30 03:54:33,5242.04,192511,962,503.3699,526.3636,36.7,113.448578,-0.0,226.937653,2.024566,,7.711997,0.7712,3e-06,2.472589,9.0,10.0,6.304719,0.0,6.304719,93.695281,70.601137,0.512983,2.485537,0.0,0.0
2026-08-30 03:54:47,5255.98,193023,965,451.3657,523.7372,36.7,67.386009,-0.0,134.812653,2.03163,,7.129506,0.712951,5e-06,2.072417,9.0,10.0,7.415948,0.0,7.415948,92.584052,69.979912,0.516133,2.485537,0.0,0.0
2026-08-30 03:55:01,5270.07,193535,967,289.3024,516.8438,36.7,32.788498,-0.0,65.617867,2.043465,,4.858845,0.485884,5e-06,2.008015,9.0,10.0,6.029931,0.0,6.029931,93.970069,71.273848,0.640845,2.485537,0.0,0.0
2026-08-30 03:55:15,5284.14,194047,970,278.8715,510.1874,36.7,88.983643,-0.0,178.008423,2.056782,,6.298758,0.629876,3e-06,3.122042,10.0,10.0,15.987851,0.0,15.987851,84.012149,62.853511,0.569339,2.485537,0.0,0.0
2026-08-30 03:55:29,5298.05,194559,972,418.5217,510.9611,36.7,61.21376,-0.0,122.468773,2.062495,,5.860439,0.586044,5e-06,1.820889,8.0,10.0,2.318761,0.0,2.318761,97.681239,74.10201,0.610685,2.485537,0.0,0.0
2026-08-30 03:55:43,5312.02,195071,975,452.3631,510.2375,36.7,84.508553,0.0,169.058487,2.069123,,7.101404,0.71014,3e-06,2.577207,9.0,10.0,6.796148,0.0,6.796148,93.203852,70.087725,0.554729,2.485537,0.0,0.0
2026-08-30 03:55:57,5325.95,195583,977,481.0021,511.0446,36.7,115.256783,0.0,230.555206,2.082107,,7.355919,0.735592,4e-06,2.395145,9.0,10.0,6.605215,0.0,6.605215,93.394785,70.810072,0.537916,2.485537,0.0,0.0
2026-08-30 03:56:11,5339.92,196095,980,383.2955,511.2316,36.7,82.176247,0.0,164.394333,2.091846,,6.908146,0.690815,3e-06,2.669836,10.0,10.0,11.663763,0.0,11.663763,88.336237,66.128607,0.509447,2.485537,0.0,0.0
2026-08-30 03:56:25,5353.89,196607,983,284.2809,511.0472,36.7,45.256458,-0.0,90.55497,2.102652,,5.915739,0.591574,2e-06,3.050132,10.0,10.0,13.660326,0.0,13.660326,86.339674,64.675709,0.571216,2.485537,0.0,0.0
2026-08-30 03:56:39,5367.93,197119,985,233.1865,511.1742,36.7,36.095558,0.0,72.233208,2.104386,,4.483213,0.448321,2e-06,2.231349,8.0,10.0,8.677772,0.0,8.677772,91.322228,68.935825,0.605431,2.485537,0.0,0.0
2026-08-30 03:56:53,5381.9,197631,988,474.2074,511.7182,36.7,92.981163,0.0,186.004501,2.108828,,7.14717,0.714717,3e-06,2.559098,9.0,10.0,5.832861,0.0,5.832861,94.167139,70.42754,0.519401,2.485537,0.0,0.0
2026-08-30 03:57:07,5395.83,198143,990,539.1479,511.7614,36.7,148.393478,0.0,296.829163,2.110914,,8.571017,0.857102,6e-06,2.068193,9.0,10.0,8.453838,0.0,8.453838,91.546162,69.919058,0.521183,2.485537,0.0,0.0
2026-08-30 03:57:21,5409.81,198655,993,720.5629,514.7997,36.7,218.222443,-0.0,436.487061,2.108735,,10.677529,1.067753,4e-06,2.094308,9.0,10.0,6.343194,0.0,6.343194,93.656806,70.911059,0.468597,2.485537,0.0,0.0
2026-08-30 03:57:35,5423.81,199167,995,720.6792,519.8369,36.7,215.981155,-0.0,432.004608,2.114135,,10.577863,1.057786,4e-06,1.965724,9.0,10.0,6.499133,0.0,6.499133,93.500867,71.254203,0.438699,2.485537,0.0,0.0
2026-08-30 03:57:49,5437.76,199679,998,871.8,522.5788,36.7,305.151764,0.0,610.345886,2.118045,,12.539207,1.253921,5e-06,1.339894,6.0,10.0,4.753283,0.0,4.753283,95.246717,72.614066,0.500447,2.485537,0.0,0.0
2026-08-30 03:58:03,5451.68,200191,1000,904.3561,525.4585,36.7,311.366821,-0.0,622.776001,2.116424,,13.066873,1.306687,4e-06,1.502769,8.0,10.0,3.982047,0.0,3.982047,96.017953,72.971114,0.478973,2.411307,0.0,0.0
2026-08-30 03:58:17,5465.7,200703,1003,420.183,525.2032,36.7,64.733475,0.0,129.509399,2.122527,,7.450544,0.745054,2e-06,3.365603,10.0,10.0,11.997109,0.0,11.997109,88.002891,65.770903,0.50427,2.411307,0.0,0.0
2026-08-30 03:58:31,5479.65,201215,1006,429.6902,526.8608,36.7,138.136841,-0.0,276.316132,2.123204,,7.524387,0.752439,4e-06,2.047038,9.0,10.0,11.222429,0.0,11.222429,88.777571,66.789424,0.516841,2.411307,0.0,0.0
2026-08-30 03:58:44,5493.5,201727,1008,604.5623,530.7688,36.7,216.764877,-0.0,433.572266,2.125247,,9.773674,0.977367,4e-06,2.445583,10.0,10.0,10.577211,0.0,10.577211,89.422789,67.433147,0.549772,2.411307,0.0,0.0
2026-08-30 03:58:58,5507.35,202239,1011,511.4722,531.8826,36.7,116.564606,0.0,233.171707,2.124838,,8.261222,0.826122,2e-06,3.017008,10.0,10.0,9.731943,0.0,9.731943,90.268057,67.649973,0.527832,2.411307,0.0,0.0
2026-08-30 03:59:12,5521.3,202751,1013,630.9499,535.4632,36.7,208.780319,0.0,417.603241,2.129734,,10.645433,1.064543,3e-06,2.489311,10.0,10.0,12.348363,0.0,12.348363,87.651637,66.65477,0.509224,2.411307,0.0,0.0
2026-08-30 03:59:26,5535.16,203263,1016,785.17,539.1822,36.7,221.732132,0.0,443.506836,2.127848,,11.752083,1.175208,4e-06,2.341856,9.0,10.0,6.271396,0.0,6.271396,93.728604,70.813178,0.477001,2.411307,0.0,0.0
2026-08-30 03:59:40,5549.08,203775,1018,900.7633,545.2332,36.7,322.354767,0.0,644.752136,2.129053,,13.132481,1.313248,4e-06,1.921719,9.0,10.0,5.151331,0.0,5.151331,94.848669,72.069962,0.475301,2.411307,0.0,0.0
2026-08-30 03:59:54,5562.96,204287,1021,675.0715,544.8574,36.7,195.497879,0.0,391.038361,2.130646,,10.194103,1.01941,3e-06,2.247304,9.0,10.0,7.363044,0.0,7.363044,92.636956,69.918456,0.455539,2.411307,0.0,0.0
2026-08-30 04:00:08,5576.98,204799,1024,584.6773,542.26,36.7,138.090805,0.0,276.224335,2.135541,,7.956668,0.795667,5e-06,1.687492,8.0,10.0,1.991424,0.0,1.991424,98.008576,74.494015,0.474994,2.411307,0.0,0.0
2026-08-30 04:00:22,5590.95,205311,1026,500.1861,541.5275,36.7,140.983704,0.0,282.010162,2.138357,,8.920567,0.892057,3e-06,2.436998,10.0,10.0,13.646306,0.0,13.646306,86.353694,64.635889,0.561682,2.411307,0.0,0.0
2026-08-30 04:00:36,5604.97,205823,1029,654.2332,545.0348,36.7,168.584,0.0,337.210815,2.140314,,9.881876,0.988188,2e-06,3.379399,10.0,10.0,7.828329,0.0,7.828329,92.171671,68.342514,0.507767,2.411307,0.0,0.0
2026-08-30 04:00:50,5619.0,206335,1031,703.0945,551.8284,36.7,180.657394,0.0,361.357727,2.147269,,10.659993,1.065999,2e-06,3.471857,10.0,10.0,9.353119,0.0,9.353119,90.646881,67.752144,0.481822,2.411307,0.0,0.0
2026-08-30 04:01:04,5633.09,206847,1034,539.5394,552.1309,36.7,130.341156,0.0,260.725433,2.155531,,8.030588,0.803059,4e-06,1.543168,8.0,10.0,5.948767,0.0,5.948767,94.051233,71.713613,0.487851,2.411307,0.0,0.0
2026-08-30 04:01:18,5647.07,207359,1036,685.2617,553.8563,36.7,187.8078,0.0,375.658783,2.159292,,9.309689,0.930969,4e-06,1.660664,7.0,10.0,0.924868,0.0,0.924868,99.075132,75.611241,0.520862,2.411307,0.0,0.0
2026-08-30 04:01:32,5661.1,207871,1039,530.092,552.6641,36.7,95.137306,0.0,190.317886,2.164064,,8.440739,0.844074,4e-06,2.073299,10.0,10.0,9.004346,0.0,9.004346,90.995654,68.883768,0.498372,2.411307,0.0,0.0
2026-08-30 04:01:46,5675.16,208383,1041,221.548,548.1825,36.7,54.811459,-0.0,109.666252,2.166881,,5.494201,0.54942,2e-06,2.757575,10.0,10.0,16.244816,0.0,16.244816,83.755184,63.527573,0.519947,2.411307,0.0,0.0
2026-08-30 04:02:00,5689.08,208895,1044,339.2744,544.962,36.7,40.11623,0.0,80.275719,2.162842,,5.144,0.5144,3e-06,2.399872,9.0,10.0,4.809167,0.0,4.809167,95.190833,72.593924,0.538396,2.411307,0.0,0.0
2026-08-30 04:02:14,5702.99,209407,1047,233.6988,541.3498,36.7,38.31654,0.0,76.676064,2.149014,,5.797192,0.579719,2e-06,3.378165,10.0,10.0,17.440918,0.0,17.440918,82.559082,61.64459,0.514056,2.411307,0.0,0.0
2026-08-30 04:02:28,5716.76,209919,1049,844.8053,542.0113,36.7,280.609955,0.0,561.26239,2.125519,,12.060191,1.206019,4e-06,2.206667,9.0,10.0,4.988664,0.0,4.988664,95.011336,71.745582,0.46718,2.411307,0.0,0.0
2026-08-30 04:02:42,5730.68,210431,1052,664.4326,540.5345,36.7,183.41423,0.0,366.870514,2.102854,,9.942153,0.994215,3e-06,2.799368,10.0,10.0,6.331379,0.0,6.331379,93.668621,70.136639,0.529801,2.411307,0.0,0.0
2026-08-30 04:02:55,5744.56,210943,1054,445.5373,540.6288,36.7,74.951591,0.0,149.944901,2.085844,,7.226201,0.72262,4e-06,2.429548,10.0,10.0,9.050027,0.0,9.050027,90.949973,68.958299,0.524962,2.411307,0.0,0.0
2026-08-30 04:03:09,5758.52,211455,1057,530.9019,539.6117,36.7,113.551147,0.0,227.143555,2.063033,,8.094724,0.809472,3e-06,2.183109,9.0,10.0,6.272978,0.0,6.272978,93.727022,70.411199,0.548442,2.411307,0.0,0.0
2026-08-30 04:03:23,5772.45,211967,1059,655.0098,539.0862,36.7,199.552292,0.0,399.145355,2.039097,,8.78481,0.878481,6e-06,1.33978,5.0,9.0,0.641302,0.0,0.641302,99.358698,75.83873,0.581959,2.411307,0.0,0.0
2026-08-30 04:03:37,5786.39,212479,1062,351.6296,535.1765,36.7,51.692364,-0.0,103.425163,2.021623,,5.503557,0.550356,4e-06,2.30758,9.0,10.0,5.675191,0.0,5.675191,94.324809,70.62531,0.657195,2.411307,0.0,0.0
2026-08-30 04:03:51,5800.36,212991,1064,436.8205,532.341,36.7,84.035698,0.0,168.111435,2.0016,,5.99804,0.599804,5e-06,2.285125,9.0,10.0,2.169477,0.0,2.169477,97.830523,74.470173,0.640832,2.295657,0.0,0.0
2026-08-30 04:04:05,5814.29,213503,1067,296.8816,531.3457,36.7,31.100981,0.0,62.241688,1.986324,,4.367425,0.436743,3e-06,2.426131,9.0,10.0,3.358119,0.0,3.358119,96.641881,72.387816,0.66662,2.295657,0.0,0.0
2026-08-30 04:04:19,5828.32,214015,1070,535.3086,530.1287,36.7,89.519028,0.0,179.077515,1.972617,,7.626425,0.762642,3e-06,3.020756,9.0,10.0,4.386274,0.0,4.386274,95.613726,71.770759,0.494856,2.295657,0.0,0.0
2026-08-30 04:04:33,5842.27,214527,1072,810.3551,532.2243,36.7,277.939178,0.0,555.917358,1.951256,,11.975597,1.19756,5e-06,2.474538,9.0,10.0,6.984459,0.0,6.984459,93.015541,70.217191,0.491028,2.295657,0.0,0.0
2026-08-30 04:04:47,5856.23,215039,1075,653.7739,534.6494,36.7,195.605606,0.0,391.250092,1.944015,,9.490745,0.949075,7e-06,1.980622,8.0,10.0,4.485184,0.0,4.485184,95.514816,71.492092,0.471165,2.295657,0.0,0.0
2026-08-30 04:05:01,5870.28,215551,1077,601.0701,534.5442,36.7,157.434433,0.0,314.907593,1.936954,,8.870344,0.887034,3e-06,3.011858,9.0,10.0,6.256525,0.0,6.256525,93.743475,70.490516,0.516193,2.295657,0.0,0.0
2026-08-30 04:05:15,5884.13,216063,1080,795.8803,539.6735,36.7,285.024323,0.0,570.087219,1.929045,,10.930469,1.093047,5e-06,2.405274,8.0,10.0,2.310772,0.0,2.310772,97.689228,74.02013,0.57392,2.295657,0.0,0.0
2026-08-30 04:05:29,5898.02,216575,1082,830.692,547.7606,36.7,292.891357,0.0,585.821106,1.918237,,11.764454,1.176445,5e-06,2.394829,9.0,10.0,4.886456,0.0,4.886456,95.113544,72.191117,0.540669,2.295657,0.0,0.0
2026-08-30 04:05:43,5911.96,217087,1085,405.4839,547.5787,36.7,56.03072,0.0,112.099808,1.918261,,6.188563,0.618856,2e-06,3.153853,9.0,10.0,6.090643,0.0,6.090643,93.909357,70.630517,0.559339,2.295657,0.0,0.0
2026-08-30 04:05:57,5925.95,217599,1088,442.645,544.9126,36.7,60.70166,-0.0,121.441505,1.909427,,6.466199,0.64662,3e-06,2.436724,8.0,10.0,4.431188,0.0,4.431188,95.568812,73.0147,0.555345,2.295657,0.0,0.0
2026-08-30 04:06:11,5939.96,218111,1090,472.1161,545.3283,36.7,86.332993,0.0,172.704132,1.907048,,6.606671,0.660667,4e-06,2.579389,9.0,10.0,3.190277,0.0,3.190277,96.809723,73.563092,0.53265,2.295657,0.0,0.0
2026-08-30 04:06:25,5954.06,218623,1093,158.1741,540.6537,36.7,16.228146,0.0,32.494282,1.899457,,4.793017,0.479302,3e-06,3.622889,10.0,10.0,18.336792,0.0,18.336792,81.663208,59.700141,0.59729,2.295657,0.0,0.0
2026-08-30 04:06:39,5968.15,219135,1095,722.71,542.3109,36.7,223.371628,0.0,446.781464,1.911156,,10.102878,1.010288,5e-06,2.418988,9.0,10.0,3.587198,0.0,3.587198,96.412802,73.29733,0.503054,2.295657,0.0,0.0
2026-08-30 04:06:53,5982.13,219647,1098,660.6256,543.6069,36.7,170.717102,-0.0,341.472626,1.920565,,9.244187,0.924419,6e-06,2.164576,9.0,10.0,3.405337,0.0,3.405337,96.594663,73.046927,0.478049,2.295657,0.0,0.0
2026-08-30 04:07:07,5996.07,220159,1100,573.8235,547.4541,36.7,129.541687,-0.0,259.122101,1.936161,,8.864444,0.886444,4e-06,2.558909,10.0,10.0,9.105356,0.0,9.105356,90.894644,68.592104,0.456051,2.295657,0.0,0.0
2026-08-30 04:07:21,6010.19,220671,1103,282.1493,545.3488,36.7,58.104477,-0.0,116.247948,1.949621,,6.006128,0.600613,2e-06,3.256139,10.0,10.0,15.88624,0.0,15.88624,84.11376,62.391685,0.54647,2.295657,0.0,0.0
2026-08-30 04:07:35,6024.14,221183,1105,543.8868,541.221,36.7,85.163826,-0.0,170.366653,1.949955,,7.162477,0.716248,5e-06,1.649545,6.0,9.0,0.317547,0.0,0.317547,99.682453,76.590684,0.499934,2.295657,0.0,0.0
2026-08-30 04:07:49,6038.11,221695,1108,392.5778,536.7027,36.7,40.864853,0.0,81.768883,1.958941,,5.935087,0.593509,4e-06,2.968776,9.0,10.0,5.384605,0.0,5.384605,94.615395,71.227165,0.573638,2.295657,0.0,0.0
2026-08-30 04:08:03,6052.03,222207,1111,574.6439,531.9959,36.7,137.655365,-0.0,275.349915,1.958645,,7.824106,0.782411,5e-06,1.906539,7.0,10.0,1.354024,0.0,1.354024,98.645976,75.218917,0.504978,2.295657,0.0,0.0
2026-08-30 04:08:17,6066.0,222719,1113,461.606,528.7135,36.7,104.795311,-0.0,209.629883,1.962716,,7.56235,0.756235,5e-06,2.493794,10.0,10.0,10.280774,0.0,10.280774,89.719226,67.726634,0.543778,2.295657,0.0,0.0
2026-08-30 04:08:31,6079.88,223231,1116,427.7331,527.5958,36.7,63.10807,0.0,126.255592,1.972754,,5.861264,0.586126,5e-06,1.975448,8.0,10.0,1.949316,0.0,1.949316,98.050684,74.670485,0.565769,2.295657,0.0,0.0
2026-08-30 04:08:45,6093.73,223743,1118,349.6628,527.4144,36.7,41.651951,0.0,83.343407,1.975071,,5.211593,0.521159,2e-06,2.557499,9.0,10.0,4.126234,0.0,4.126234,95.873766,72.334497,0.623073,2.295657,0.0,0.0
2026-08-30 04:08:59,6107.7,224255,1121,591.6814,530.7256,36.7,147.176987,0.0,294.393524,1.977445,,9.282881,0.928288,2e-06,3.072686,10.0,10.0,9.831439,0.0,9.831439,90.168561,66.707214,0.531929,2.295657,0.0,0.0
2026-08-30 04:09:13,6121.62,224767,1123,514.6022,533.7995,36.7,118.809883,-0.0,237.659225,1.973272,,8.518681,0.851868,2e-06,3.616709,10.0,10.0,12.049795,0.0,12.049795,87.950205,67.364338,0.546176,2.295657,0.0,0.0
2026-08-30 04:09:26,6135.54,225279,1126,615.3217,534.3003,36.7,123.964035,-0.0,247.967575,1.974933,,9.443341,0.944334,3e-06,2.857911,9.0,10.0,9.259862,0.0,9.259862,90.740138,67.742208,0.493899,1.912298,0.0,0.0
2026-08-30 04:09:40,6149.49,225791,1128,875.1075,536.6974,36.7,334.614777,0.0,669.269165,1.98106,,12.336754,1.233675,4e-06,2.175618,9.0,10.0,3.780297,0.0,3.780297,96.219703,73.476481,0.526196,1.912298,0.0,0.0
2026-08-30 04:09:54,6163.53,226303,1131,866.2786,540.0419,36.7,347.238647,0.0,694.516968,1.983181,,12.143005,1.214301,4e-06,1.930827,8.0,10.0,2.472651,0.0,2.472651,97.527349,73.825876,0.566789,1.912298,0.0,0.0
2026-08-30 04:10:08,6177.52,226815,1134,669.3877,539.959,36.7,184.191757,0.0,368.423248,1.986802,,9.687957,0.968796,5e-06,2.236966,9.0,10.0,5.793364,0.0,5.793364,94.206636,71.146387,0.554619,1.912298,0.0,0.0
2026-08-30 04:10:22,6191.51,227327,1136,401.4212,538.1504,36.7,60.576588,0.0,121.192993,1.991038,,5.95467,0.595467,5e-06,1.900968,9.0,10.0,5.669323,0.0,5.669323,94.330677,71.1027,0.586238,1.912298,0.0,0.0
2026-08-30 04:10:36,6205.53,227839,1139,757.9033,538.483,36.7,210.701248,0.0,421.442474,1.999243,,10.370785,1.037079,4e-06,1.443022,6.0,10.0,1.158258,0.0,1.158258,98.841742,74.823131,0.495926,1.912298,0.0,0.0
2026-08-30 04:10:50,6219.51,228351,1141,638.466,540.6214,36.7,180.00058,-0.0,360.041168,2.000079,,9.320791,0.932079,3e-06,2.592947,9.0,10.0,6.310326,0.0,6.310326,93.689674,71.13927,0.555034,1.912298,0.0,0.0
2026-08-30 04:11:04,6233.48,228863,1144,482.9749,540.852,36.7,92.685471,0.0,185.411011,2.003547,,6.95631,0.695631,5e-06,1.913247,9.0,10.0,4.840806,0.0,4.840806,95.159194,72.652295,0.541566,1.912298,0.0,0.0
2026-08-30 04:11:18,6247.47,229375,1146,477.5583,539.468,36.7,88.912651,-0.0,177.865463,2.00833,,7.74132,0.774132,3e-06,2.645081,10.0,10.0,11.471288,0.0,11.471288,88.528712,67.260876,0.494854,1.912298,0.0,0.0
2026-08-30 04:11:33,6261.6,229887,1149,667.0238,538.6547,36.7,218.151306,-0.0,436.342865,2.012224,,9.250934,0.925093,6e-06,1.511965,7.0,10.0,1.993249,0.0,1.993249,98.006751,74.516886,0.558094,1.912298,0.0,0.0
2026-08-30 04:11:46,6275.54,230399,1152,508.8219,536.9959,36.7,95.940269,-0.0,191.920853,2.015661,,7.003177,0.700318,7e-06,1.760541,9.0,10.0,2.829118,0.0,2.829118,97.170882,73.116703,0.556741,1.912298,0.0,0.0
2026-08-30 04:12:00,6289.39,230911,1154,358.3333,535.5135,36.7,36.448589,0.0,72.93766,2.023902,,4.794914,0.479491,4e-06,1.911593,8.0,10.0,1.04356,0.0,1.04356,98.95644,74.714224,0.589485,1.912298,0.0,0.0
2026-08-30 04:12:14,6302.85,231423,1157,382.2328,535.2228,36.7,54.92252,-0.0,109.885521,2.023997,,6.113018,0.611302,2e-06,3.143974,10.0,10.0,8.912572,0.0,8.912572,91.087428,68.568608,0.533158,1.912298,0.0,0.0
2026-08-30 04:12:28,6316.79,231935,1159,220.6303,530.9292,36.7,24.499708,-0.0,49.040157,2.037029,,4.37085,0.437085,2e-06,3.772057,10.0,10.0,12.021378,0.0,12.021378,87.978622,66.158949,0.553529,1.912298,0.0,0.0
2026-08-30 04:12:42,6330.68,232447,1162,394.3114,529.0996,36.7,54.033802,0.0,108.108452,2.042438,,5.910502,0.59105,4e-06,1.954998,9.0,10.0,6.458394,0.0,6.458394,93.541606,71.357642,0.557672,1.912298,0.0,0.0
2026-08-30 04:12:55,6344.52,232959,1164,535.3251,532.4702,36.7,110.664192,0.0,221.369308,2.046297,,7.170265,0.717027,6e-06,1.207305,5.0,9.0,0.586271,0.0,0.586271,99.413729,75.815173,0.519867,1.912298,0.0,0.0
2026-08-30 04:13:09,6358.55,233471,1167,188.5801,530.2368,36.7,25.437592,-0.0,50.916214,2.051638,,4.905073,0.490507,1e-06,3.47864,10.0,10.0,19.808098,0.0,19.808098,80.191902,59.10043,0.58572,1.912298,0.0,0.0
2026-08-30 04:13:23,6372.44,233983,1169,387.5767,527.1354,36.7,63.743027,0.0,127.526878,2.04126,,6.095055,0.609506,4e-06,2.215609,9.0,10.0,7.977935,0.0,7.977935,92.022065,69.835797,0.552164,1.912298,0.0,0.0
2026-08-30 04:13:37,6386.27,234495,1172,485.1061,528.1766,36.7,81.642662,-0.0,163.326004,2.034036,,6.676978,0.667698,5e-06,1.498443,7.0,10.0,2.749425,0.0,2.749425,97.250575,73.853733,0.559268,1.912298,0.0,0.0
2026-08-30 04:13:51,6400.23,235007,1175,493.1492,527.3316,36.7,106.367355,-0.0,212.775253,2.026897,,7.622328,0.762233,3e-06,2.642114,10.0,10.0,8.913945,0.0,8.913945,91.086055,68.155965,0.562638,1.912298,0.0,0.0
2026-08-30 04:14:05,6414.13,235519,1177,686.347,531.6159,36.7,200.826691,-0.0,401.693695,2.015597,,9.324914,0.932491,6e-06,1.695322,8.0,10.0,1.704062,0.0,1.704062,98.295938,74.29377,0.503242,1.912298,0.0,0.0
2026-08-30 04:14:19,6428.04,236031,1180,680.782,534.0681,36.7,185.617355,0.0,371.274994,2.014862,,9.203154,0.920315,5e-06,1.685875,7.0,10.0,1.822968,0.0,1.822968,98.177032,73.928198,0.501985,1.912298,0.0,0.0
2026-08-30 04:14:33,6441.91,236543,1182,662.6736,535.1813,36.7,184.250275,0.0,368.54068,2.007099,,9.730191,0.973019,6e-06,1.745257,8.0,10.0,6.803751,0.0,6.803751,93.196249,71.047077,0.459416,1.912298,0.0,0.0
2026-08-30 04:14:47,6455.86,237055,1185,698.5379,535.5478,36.7,237.472305,-0.0,474.98468,2.003082,,10.317416,1.031742,4e-06,2.68688,9.0,10.0,6.042035,0.0,6.042035,93.957965,71.059448,0.592941,1.912298,0.0,0.0
2026-08-30 04:15:01,6469.78,237567,1187,853.2194,542.6625,36.7,295.382874,-0.0,590.805603,1.993825,,12.277538,1.227754,4e-06,2.939666,10.0,10.0,5.876426,0.0,5.876426,94.123574,71.421889,0.537295,1.49391,0.0,0.0
2026-08-30 04:15:15,6483.6,238079,1190,854.5218,548.2599,36.7,288.599548,-0.0,577.238953,1.994013,,12.013944,1.201394,7e-06,2.032677,8.0,10.0,5.59308,0.0,5.59308,94.40692,71.269804,0.499766,1.49391,0.0,0.0
2026-08-30 04:15:29,6497.61,238591,1192,360.6817,546.4143,36.7,82.559196,0.0,165.158157,1.988035,,6.849735,0.684974,2e-06,4.117417,10.0,10.0,22.107477,0.0,22.107477,77.892523,57.909975,0.574159,1.49391,0.0,0.0
2026-08-30 04:15:42,6511.38,239103,1195,647.4471,546.8813,36.7,149.012802,-0.0,298.065338,1.986722,,8.597253,0.859725,1e-05,1.680247,7.0,10.0,1.611647,0.0,1.611647,98.388353,75.179171,0.461879,1.49391,0.0,0.0
2026-08-30 04:15:56,6525.23,239615,1198,814.5245,549.8989,36.7,280.40274,0.0,560.845032,1.976515,,11.22779,1.122779,9e-06,1.983251,8.0,10.0,3.809872,0.0,3.809872,96.190128,72.738655,0.48404,1.49391,0.0,0.0
2026-08-30 04:16:10,6539.16,240127,1200,823.6992,549.1781,36.7,342.827026,-0.0,685.693604,1.978836,,11.599844,1.159984,8e-06,1.529751,7.0,10.0,4.322808,0.0,4.322808,95.677192,72.07111,0.566066,1.49391,0.0,0.0
2026-08-30 04:16:24,6553.21,240639,1203,716.9024,548.4036,36.7,265.989227,-0.0,532.017883,1.972307,,9.910811,0.991081,8e-06,1.79616,8.0,10.0,3.101169,0.0,3.101169,96.898831,74.036048,0.625684,1.49391,0.0,0.0
2026-08-30 04:16:38,6567.25,241151,1205,724.9845,548.376,36.7,256.128143,-0.0,512.295654,1.969695,,10.775322,1.077532,6e-06,3.145365,10.0,10.0,10.128395,0.0,10.128395,89.871605,66.701054,0.537664,1.49391,0.0,0.0
2026-08-30 04:16:52,6581.27,241663,1208,673.4102,550.4214,36.7,178.616959,0.0,357.273285,1.967699,,9.836721,0.983672,6e-06,2.639677,10.0,10.0,10.234478,0.0,10.234478,89.765522,67.579156,0.463796,1.49391,0.0,0.0
2026-08-30 04:17:06,6595.25,242175,1210,620.0535,552.3654,36.7,130.220917,-0.0,260.48114,1.9655,,9.257944,0.925794,5e-06,2.834066,10.0,10.0,11.783924,0.0,11.783924,88.216076,65.814942,0.470014,1.49391,0.0,0.0
2026-08-30 04:17:20,6609.33,242687,1213,448.3016,552.0189,36.7,51.859035,-0.0,103.757347,1.963896,,6.362018,0.636202,1e-05,1.820808,7.0,10.0,5.05977,0.0,5.05977,94.94023,72.069967,0.590164,1.49391,0.0,0.0
2026-08-30 04:17:34,6623.35,243199,1216,764.8074,554.194,36.7,219.164581,-0.0,438.368408,1.962644,,10.408996,1.0409,7e-06,2.441334,9.0,10.0,2.805991,0.0,2.805991,97.194009,74.007404,0.501314,1.49391,0.0,0.0
2026-08-30 04:17:48,6637.34,243711,1218,753.3946,556.6943,36.7,218.691254,0.0,437.4216,1.954878,,10.653482,1.065348,7e-06,2.815217,9.0,10.0,6.489162,0.0,6.489162,93.510838,71.00867,0.485763,1.49391,0.0,0.0
2026-08-30 04:18:02,6651.39,244223,1221,778.9228,559.9699,36.7,296.178162,0.0,592.395508,1.958016,,11.423894,1.142389,8e-06,1.873724,9.0,10.0,7.911214,0.0,7.911214,92.088786,70.038399,0.567156,1.49391,0.0,0.0
2026-08-30 04:18:16,6665.28,244735,1223,641.5939,563.4928,36.7,139.932236,0.0,279.903717,1.962034,,8.618452,0.861845,8e-06,2.586579,9.0,10.0,2.250998,0.0,2.250998,97.749002,74.244521,0.448319,1.49391,0.0,0.0
2026-08-30 04:18:30,6679.07,245247,1226,509.0926,565.795,36.7,108.618919,0.0,217.277008,1.958173,,7.52079,0.752079,7e-06,3.207727,10.0,10.0,9.049721,0.0,9.049721,90.950279,67.759716,0.548442,1.49391,0.0,0.0
2026-08-30 04:18:44,6693.02,245759,1228,411.424,565.724,36.7,62.387966,0.0,124.815063,1.956455,,7.32693,0.732693,4e-06,4.330473,10.0,10.0,19.135557,0.0,19.135557,80.864443,59.821057,0.556323,1.49391,0.0,0.0
2026-08-30 04:18:58,6706.82,246271,1231,720.6836,568.4072,36.7,210.026459,0.0,420.09201,1.95446,,10.546718,1.054672,5e-06,2.546372,9.0,10.0,9.024293,0.0,9.024293,90.975707,67.86305,0.498949,1.49391,0.0,0.0
2026-08-30 04:19:12,6720.72,246783,1233,563.1022,569.2282,36.7,166.858475,0.0,333.756073,1.956681,,8.264312,0.826431,8e-06,2.355365,9.0,10.0,9.30664,0.0,9.30664,90.69336,68.979559,0.546779,1.49391,0.0,0.0
2026-08-30 04:19:26,6734.62,247295,1236,415.9937,569.5552,36.7,114.452019,0.0,228.943359,1.966065,,6.252196,0.62522,7e-06,2.453208,9.0,10.0,7.996708,0.0,7.996708,92.003292,68.785652,0.619901,1.49391,0.0,0.0
2026-08-30 04:19:39,6748.54,247807,1239,602.5621,572.738,36.7,180.95726,0.0,361.953857,1.966892,,8.842534,0.884253,4e-06,3.055994,10.0,10.0,9.704271,0.0,9.704271,90.295729,67.871644,0.510455,1.49391,0.0,0.0
2026-08-30 04:19:53,6762.42,248319,1241,670.6941,577.1131,36.7,199.814362,0.0,399.668121,1.969381,,9.60717,0.960717,9e-06,2.755956,10.0,10.0,8.062574,0.0,8.062574,91.937426,69.361196,0.533057,1.49391,0.0,0.0
2026-08-30 04:20:07,6776.32,248831,1244,456.3122,576.9341,36.7,96.89077,-0.0,193.820953,1.971033,,6.910493,0.691049,4e-06,3.4231,10.0,10.0,9.227451,0.0,9.227451,90.772549,67.900561,0.533925,1.49391,0.0,0.0
2026-08-30 04:20:21,6790.33,249343,1246,464.3088,576.1857,36.7,108.548279,0.0,217.136032,1.9734,,7.684525,0.768452,9e-06,3.051971,10.0,10.0,16.036533,0.0,16.036533,83.963467,63.73669,0.574246,1.49391,0.0,0.0
2026-08-30 04:20:35,6804.31,249855,1249,526.7798,574.2479,36.7,152.35614,0.0,304.751953,1.983017,,8.359883,0.835988,6e-06,2.684441,10.0,10.0,13.649635,0.0,13.649635,86.350365,65.090539,0.550394,1.49391,0.0,0.0
2026-08-30 04:20:49,6818.27,250367,1251,798.9743,575.0309,36.7,248.549622,0.0,497.139008,1.988856,,11.004352,1.100435,9e-06,2.440943,9.0,10.0,4.303463,0.0,4.303463,95.696537,72.848228,0.493933,1.461851,0.0,0.0
2026-08-30 04:21:03,6832.32,250879,1254,657.0863,572.8837,36.7,184.375717,0.0,368.791321,1.994336,,9.480316,0.948032,8e-06,1.93548,9.0,10.0,8.112079,0.0,8.112079,91.887921,69.641167,0.496516,1.461851,0.0,0.0
2026-08-30 04:21:17,6846.23,251391,1256,928.7618,573.1278,36.7,326.936523,-0.0,653.913025,1.998214,,12.760892,1.276089,9e-06,2.282845,9.0,10.0,4.932648,0.0,4.932648,95.067352,71.857754,0.502633,1.461851,0.0,0.0
2026-08-30 04:21:31,6860.24,251903,1259,825.1171,577.1771,36.7,300.557678,0.0,601.155396,2.002169,,11.36299,1.136299,7e-06,2.207285,8.0,10.0,3.62697,0.0,3.62697,96.37303,72.933403,0.507396,1.461851,0.0,0.0
2026-08-30 04:21:45,6874.09,252415,1262,659.4757,579.475,36.7,142.33989,-0.0,284.719879,2.005652,,9.153129,0.915313,1e-05,2.111078,9.0,10.0,5.494248,0.0,5.494248,94.505752,71.832296,0.458992,1.461851,0.0,0.0
2026-08-30 04:21:59,6888.04,252927,1264,585.5497,579.2849,36.7,104.589561,-0.0,209.219345,2.01129,,7.936078,0.793608,7e-06,2.469184,9.0,10.0,3.213324,0.0,3.213324,96.786676,72.874023,0.460583,1.461851,0.0,0.0
2026-08-30 04:22:13,6901.91,253439,1267,499.4788,579.1649,36.7,75.824318,0.0,151.688919,2.014474,,7.679502,0.76795,5e-06,3.53852,10.0,10.0,10.089544,0.0,10.089544,89.910456,67.041001,0.524031,1.461851,0.0,0.0
2026-08-30 04:22:27,6915.9,253951,1269,452.4076,577.3795,36.7,112.420853,0.0,224.88208,2.018528,,7.760978,0.776098,3e-06,4.27971,10.0,10.0,19.167187,0.0,19.167187,80.832813,60.197246,0.484905,1.461851,0.0,0.0
2026-08-30 04:22:41,6929.86,254463,1272,819.447,577.7223,36.7,263.339874,0.0,526.720276,2.025107,,11.549852,1.154985,6e-06,2.063518,8.0,10.0,2.947195,0.0,2.947195,97.052805,73.656736,0.532961,1.461851,0.0,0.0
2026-08-30 04:22:55,6943.95,254975,1274,743.9554,576.1542,36.7,238.250687,0.0,476.541992,2.030807,,10.279744,1.027974,9e-06,1.770397,8.0,10.0,2.156101,0.0,2.156101,97.843899,74.774664,0.576728,1.461851,0.0,0.0
2026-08-30 04:23:09,6958.01,255487,1277,414.579,573.5493,36.7,42.90707,-0.0,85.854759,2.030824,,6.039209,0.603921,5e-06,3.465482,10.0,10.0,7.015022,0.0,7.015022,92.984978,69.679427,0.558399,1.461851,0.0,0.0
2026-08-30 04:23:23,6971.96,255999,1280,510.8752,572.8112,36.7,92.43763,0.0,184.916,2.036754,,7.020255,0.702026,6e-06,2.030962,8.0,10.0,3.616493,0.0,3.616493,96.383507,72.49841,0.561593,1.461851,0.0,0.0
2026-08-30 04:23:37,6985.97,256511,1282,473.7284,572.5467,36.7,87.603104,-0.0,175.247009,2.040239,,6.48723,0.648723,8e-06,1.552081,6.0,10.0,3.272677,0.0,3.272677,96.727323,72.816033,0.565314,1.461851,0.0,0.0
2026-08-30 04:23:51,6999.9,257023,1285,333.0752,569.3351,36.7,54.023163,0.0,108.087196,2.043443,,4.944809,0.494481,6e-06,2.55868,9.0,10.0,6.651505,0.0,6.651505,93.348495,70.15829,0.656521,1.461851,0.0,0.0
2026-08-30 04:24:05,7013.95,257535,1287,352.9256,565.8334,36.7,52.174629,-0.0,104.39016,2.045234,,5.755036,0.575504,3e-06,4.10766,10.0,10.0,12.503585,0.0,12.503585,87.496415,65.565597,0.560278,1.461851,0.0,0.0
2026-08-30 04:24:19,7027.9,258047,1290,528.08,565.7188,36.7,91.429329,0.0,182.899582,2.046158,,7.346367,0.734637,3e-06,3.497213,10.0,10.0,4.97231,0.0,4.97231,95.02769,70.189932,0.522326,1.461851,0.0,0.0
2026-08-30 04:24:33,7041.91,258559,1292,494.8988,563.8152,36.7,129.480377,-0.0,259.001709,2.048246,,8.697498,0.86975,3e-06,3.101773,10.0,10.0,22.233196,0.0,22.233196,77.766804,57.269858,0.502653,1.461851,0.0,0.0
2026-08-30 04:24:47,7055.86,259071,1295,472.1743,563.236,36.7,76.043312,0.0,152.12764,2.050469,,7.485473,0.748547,3e-06,3.649763,10.0,10.0,13.910823,0.0,13.910823,86.089177,64.145792,0.516958,1.461851,0.0,0.0
2026-08-30 04:25:00,7069.54,259583,1297,735.6253,568.3768,36.7,195.006165,0.0,390.053314,2.049515,,9.854976,0.985498,6e-06,1.919075,8.0,10.0,2.165599,0.0,2.165599,97.834401,73.725989,0.481309,1.461851,0.0,0.0
2026-08-30 04:25:14,7083.42,260095,1300,589.2806,570.8768,36.7,129.471191,0.0,258.983398,2.050855,,8.227946,0.822795,4e-06,2.689174,9.0,10.0,5.334281,0.0,5.334281,94.665719,71.585134,0.5608,1.461851,0.0,0.0
2026-08-30 04:25:28,7097.19,260607,1303,532.5143,573.865,36.7,103.816925,-0.0,207.67485,2.05,,7.598989,0.759899,7e-06,2.423016,9.0,10.0,6.449533,0.0,6.449533,93.550467,70.446213,0.545775,1.461851,0.0,0.0
2026-08-30 04:25:42,7111.04,261119,1305,440.6899,569.8238,36.7,75.029732,0.0,150.100479,2.050477,,6.499656,0.649966,6e-06,2.798648,9.0,10.0,8.006792,0.0,8.006792,91.993208,69.127781,0.584878,1.461851,0.0,0.0
2026-08-30 04:25:56,7124.99,261631,1308,330.5718,566.4852,36.7,39.378742,-0.0,78.798508,2.051353,,4.772736,0.477274,3e-06,3.722584,10.0,10.0,5.184397,0.0,5.184397,94.815603,71.449028,0.65367,1.461851,0.0,0.0
2026-08-30 04:26:10,7139.01,262143,1310,449.4232,566.5241,36.7,93.107758,0.0,186.256653,2.056736,,6.345798,0.63458,4e-06,3.019851,10.0,10.0,4.558833,0.0,4.558833,95.441167,71.945417,0.644962,1.461851,0.0,0.0
2026-08-30 04:26:24,7152.88,262655,1313,782.8184,569.0433,36.7,228.071655,0.0,456.184418,2.054623,,10.640349,1.064035,5e-06,2.309185,9.0,10.0,3.179294,0.0,3.179294,96.820706,73.163831,0.52552,1.21135,0.0,0.0
2026-08-30 04:26:38,7166.72,263167,1315,1356.3564,576.0567,36.7,737.064026,0.0,1474.169189,2.055854,,19.317492,1.931749,7e-06,1.091175,4.0,7.0,0.235208,0.0,0.235208,99.764792,76.172867,0.593355,1.21135,0.0,0.0
2026-08-30 04:26:52,7180.69,263679,1318,1053.5675,583.0761,36.7,515.788513,0.0,1031.618164,2.058319,,15.232336,1.523234,6e-06,2.128349,8.0,10.0,3.789752,0.0,3.789752,96.210248,73.043824,0.58318,1.21135,0.0,0.0
2026-08-30 04:27:06,7194.7,264191,1320,852.9799,587.2377,36.7,309.966339,0.0,619.973816,2.055387,,12.476009,1.247601,5e-06,3.215319,10.0,10.0,12.444335,0.0,12.444335,87.555665,66.290491,0.544964,1.21135,0.0,0.0
2026-08-30 04:27:20,7208.72,264703,1323,780.5088,592.074,36.7,239.572739,0.0,479.186615,2.057037,,11.340768,1.134077,5e-06,2.445837,10.0,10.0,11.041747,0.0,11.041747,88.958253,66.772038,0.48495,1.21135,0.0,0.0
2026-08-30 04:27:34,7222.69,265215,1326,627.5855,592.9967,36.7,143.76358,-0.0,287.568329,2.057788,,9.52625,0.952625,4e-06,3.172117,10.0,10.0,15.771325,0.0,15.771325,84.228675,62.603208,0.518532,1.21135,0.0,0.0
2026-08-30 04:27:48,7236.68,265727,1328,703.0614,591.9238,36.7,211.611938,-0.0,423.265045,2.057781,,10.304361,1.030436,5e-06,2.901806,10.0,10.0,11.925416,0.0,11.925416,88.074584,66.06277,0.490018,1.21135,0.0,0.0
2026-08-30 04:28:02,7250.63,266239,1331,789.6172,593.2822,36.7,240.901154,-0.0,481.843475,2.058866,,10.789572,1.078957,6e-06,1.680581,7.0,10.0,1.448073,0.0,1.448073,98.551927,74.374132,0.537919,1.21135,0.0,0.0
2026-08-30 04:28:15,7264.5,266751,1333,514.1324,592.4128,36.7,88.651558,0.0,177.344299,2.05931,,6.847211,0.684721,6e-06,1.927662,7.0,10.0,1.975044,0.0,1.975044,98.024956,73.87441,0.464538,1.21135,0.0,0.0
2026-08-30 04:28:29,7278.44,267263,1336,413.2289,588.5863,36.7,54.275333,0.0,108.591774,2.055454,,6.495787,0.649579,4e-06,3.41577,10.0,10.0,13.933088,0.0,13.933088,86.066912,64.371596,0.5267,1.21135,0.0,0.0
2026-08-30 04:28:43,7292.39,267775,1338,646.5873,586.7453,36.7,166.48497,0.0,333.011078,2.05679,,8.861415,0.886142,7e-06,2.103312,8.0,10.0,3.019871,0.0,3.019871,96.980129,73.712764,0.616447,1.21135,0.0,0.0
2026-08-30 04:28:57,7306.2,268287,1341,717.3014,589.8635,36.7,177.784454,0.0,355.610046,2.05623,,9.686648,0.968665,8e-06,2.250162,8.0,10.0,2.910615,0.0,2.910615,97.089385,72.73539,0.537485,1.21135,0.0,0.0
2026-08-30 04:29:11,7320.08,268799,1344,686.9986,592.307,36.7,156.951996,-0.0,313.945068,2.053454,,9.587286,0.958729,5e-06,2.579291,10.0,10.0,6.998903,0.0,6.998903,93.001097,70.960319,0.448472,1.21135,0.0,0.0
2026-08-30 04:29:25,7334.01,269311,1346,745.3255,595.0391,36.7,214.325378,0.0,428.691864,2.05587,,10.096883,1.009688,8e-06,1.860029,7.0,9.0,0.833722,0.0,0.833722,99.166278,75.626845,0.498256,1.21135,0.0,0.0
2026-08-30 04:29:39,7347.93,269823,1349,599.0925,599.4483,36.7,148.014114,0.0,296.069244,2.050825,,9.180419,0.918042,3e-06,3.15247,10.0,10.0,15.649676,0.0,15.649676,84.350324,63.071212,0.507193,1.21135,0.0,0.0
2026-08-30 04:29:53,7361.83,270335,1351,729.885,599.52,36.7,201.09845,-0.0,402.237946,2.051629,,10.040129,1.004013,5e-06,2.705297,10.0,10.0,6.300582,0.0,6.300582,93.699418,71.573003,0.491956,1.21135,0.0,0.0
2026-08-30 04:30:07,7375.73,270847,1354,459.0076,597.5038,36.7,87.576584,-0.0,175.194244,2.053518,,6.371449,0.637145,3e-06,3.204483,10.0,10.0,4.988586,0.0,4.988586,95.011414,71.797874,0.581849,1.21135,0.0,0.0
2026-08-30 04:30:21,7389.73,271359,1356,535.8259,597.1239,36.7,109.171844,-0.0,218.384674,2.049056,,8.409129,0.840913,2e-06,3.949941,10.0,10.0,17.222956,0.0,17.222956,82.777044,61.837647,0.541131,1.21135,0.0,0.0
2026-08-30 04:30:35,7403.59,271871,1359,496.8521,599.2709,36.7,101.798256,-0.0,203.637619,2.055106,,6.882378,0.688238,6e-06,2.170464,8.0,10.0,4.872737,0.0,4.872737,95.127263,72.050745,0.548593,1.21135,0.0,0.0
2026-08-30 04:30:48,7417.48,272383,1361,269.4054,596.5261,36.7,32.189877,-0.0,64.420898,2.057234,,4.352033,0.435203,3e-06,3.167529,10.0,10.0,10.937113,0.0,10.937113,89.062887,67.496358,0.686314,1.21135,0.0,0.0
2026-08-30 04:31:02,7431.36,272895,1364,602.1546,598.6219,36.7,125.762375,0.0,251.565964,2.06065,,8.086964,0.808696,6e-06,1.869034,7.0,10.0,2.913484,0.0,2.913484,97.086516,73.670239,0.536341,1.21135,0.0,0.0
2026-08-30 04:31:16,7445.17,273407,1367,650.6567,599.382,36.7,156.224701,-0.0,312.490692,2.064545,,8.571292,0.857129,8e-06,1.505467,6.0,9.0,0.548568,0.0,0.548568,99.451432,76.004918,0.514973,1.21135,0.0,0.0
2026-08-30 04:31:30,7458.95,273919,1369,298.755,597.7535,36.7,35.787891,0.0,71.617119,2.066914,,4.628593,0.462859,8e-06,2.414008,10.0,10.0,9.262538,0.0,9.262538,90.737462,68.201482,0.622417,1.21135,0.0,0.0
2026-08-30 04:31:44,7472.79,274431,1372,325.8966,596.7351,36.7,44.5802,-0.0,89.20179,2.069374,,4.584755,0.458476,5e-06,2.222216,8.0,10.0,4.419555,0.0,4.419555,95.580445,72.194491,0.620509,1.21135,0.0,0.0
2026-08-30 04:31:58,7486.59,274943,1374,334.9821,596.5883,36.7,44.854046,-0.0,89.74926,2.058284,,5.206997,0.5207,7e-06,2.495658,10.0,10.0,10.512815,0.0,10.512815,89.487185,67.644972,0.629619,1.21135,0.0,0.0
2026-08-30 04:32:12,7500.57,275455,1377,326.7123,593.9386,36.7,41.733543,0.0,83.508125,2.051896,,5.596647,0.559665,2e-06,4.422668,10.0,10.0,20.397773,0.0,20.397773,79.602227,58.566922,0.636415,0.977963,0.0,0.0
2026-08-30 04:32:25,7514.43,275967,1379,606.6517,594.8591,36.7,130.212784,0.0,260.466644,2.053983,,8.18219,0.818219,5e-06,1.929217,8.0,10.0,3.257665,0.0,3.257665,96.742335,73.493167,0.519435,0.977963,0.0,0.0
2026-08-30 04:32:39,7528.4,276479,1382,559.3146,594.299,36.7,105.44989,0.0,210.940872,2.054427,,7.517597,0.75176,6e-06,2.16637,9.0,10.0,3.277435,0.0,3.277435,96.722565,72.970475,0.549036,0.977963,0.0,0.0
2026-08-30 04:32:53,7542.28,276991,1384,463.1177,590.1791,36.7,70.55793,0.0,141.156982,2.055742,,6.46303,0.646303,5e-06,2.919114,10.0,10.0,6.807241,0.0,6.807241,93.192759,71.09883,0.572226,0.977963,0.0,0.0
2026-08-30 04:33:07,7556.17,277503,1387,456.1622,586.078,36.7,79.932182,0.0,159.905579,2.061043,,6.25041,0.625041,5e-06,2.285721,8.0,10.0,3.297509,0.0,3.297509,96.702491,73.512519,0.600858,0.977963,0.0,0.0
2026-08-30 04:33:21,7570.16,278015,1390,683.0623,586.2147,36.7,175.19986,0.0,350.440918,2.06024,,9.491301,0.94913,5e-06,2.843645,10.0,10.0,8.839545,0.0,8.839545,91.160455,67.896008,0.493767,0.977963,0.0,0.0
2026-08-30 04:33:35,7584.18,278527,1392,663.3792,588.8343,36.7,164.04892,-0.0,328.139008,2.058795,,9.926654,0.992665,3e-06,3.665884,10.0,10.0,18.814091,0.0,18.814091,81.185909,60.607529,0.497905,0.977963,0.0,0.0
2026-08-30 04:33:49,7598.23,279039,1395,493.4659,586.1899,36.7,80.84861,0.0,161.73851,2.064424,,8.067939,0.806794,2e-06,4.823733,10.0,10.0,25.320607,0.0,25.320607,74.679393,54.169592,0.480341,0.977963,0.0,0.0
2026-08-30 04:34:03,7612.23,279551,1397,798.8426,587.7937,36.7,229.264175,-0.0,458.569733,2.06906,,11.01378,1.101378,4e-06,2.631918,9.0,10.0,7.438792,0.0,7.438792,92.561208,69.378947,0.468175,0.977963,0.0,0.0
2026-08-30 04:34:17,7626.27,280063,1400,645.5931,589.4199,36.7,131.121628,0.0,262.28476,2.075083,,8.721744,0.872174,4e-06,2.619687,9.0,10.0,4.142461,0.0,4.142461,95.857539,71.805959,0.486758,0.977963,0.0,0.0
2026-08-30 04:34:31,7640.16,280575,1402,599.7116,590.6414,36.7,119.527336,-0.0,239.096268,2.079396,,8.153172,0.815317,6e-06,2.179812,9.0,10.0,3.569383,0.0,3.569383,96.430617,73.355083,0.590221,0.977963,0.0,0.0
2026-08-30 04:34:45,7654.06,281087,1405,753.8378,591.5095,36.7,194.623947,-0.0,389.28952,2.082039,,10.377141,1.037714,8e-06,2.082124,9.0,10.0,5.859019,0.0,5.859019,94.140981,70.778928,0.525141,0.977963,0.0,0.0
2026-08-30 04:34:59,7667.95,281599,1408,737.8747,593.8001,36.7,167.097626,-0.0,334.236877,2.080761,,10.580999,1.0581,4e-06,3.140724,10.0,10.0,10.671097,0.0,10.671097,89.328903,67.104035,0.483945,0.977963,0.0,0.0
2026-08-30 04:35:13,7681.7,282111,1410,895.9498,599.1762,36.7,305.620941,0.0,611.283569,2.083905,,12.83918,1.283918,6e-06,2.327887,9.0,10.0,8.623344,0.0,8.623344,91.376656,69.239759,0.488681,0.977963,0.0,0.0
2026-08-30 04:35:26,7695.49,282623,1413,678.6175,602.1401,36.7,171.813354,0.0,343.668518,2.090475,,9.300029,0.930003,5e-06,2.274119,9.0,10.0,5.172886,0.0,5.172886,94.827114,71.64477,0.475816,0.977963,0.0,0.0
2026-08-30 04:35:40,7709.25,283135,1415,420.0198,604.134,36.7,82.420151,0.0,164.882187,2.09442,,6.211531,0.621153,4e-06,2.448653,10.0,10.0,10.434482,0.0,10.434482,89.565518,67.47114,0.609232,0.977963,0.0,0.0
2026-08-30 04:35:54,7723.21,283647,1418,662.3689,606.8146,36.7,186.756638,-0.0,373.555115,2.091788,,9.276651,0.927665,5e-06,2.106184,9.0,10.0,6.30623,0.0,6.30623,93.69377,71.187797,0.537667,0.977963,0.0,0.0
2026-08-30 04:36:08,7737.06,284159,1420,642.8821,607.8901,36.7,154.097809,-0.0,308.237457,2.092699,,8.776629,0.877663,7e-06,2.218199,9.0,10.0,4.971253,0.0,4.971253,95.028747,73.017113,0.522516,0.977963,0.0,0.0
2026-08-30 04:36:22,7750.94,284671,1423,528.3401,611.2877,36.7,118.355988,0.0,236.75383,2.092964,,7.442112,0.744211,4e-06,2.749484,9.0,10.0,6.323995,0.0,6.323995,93.676005,71.014232,0.652955,0.977963,0.0,0.0
2026-08-30 04:36:36,7764.95,285183,1425,589.7281,613.3092,36.7,109.886436,0.0,219.814697,2.091569,,8.461015,0.846101,5e-06,3.034902,10.0,10.0,11.85245,0.0,11.85245,88.14755,67.090639,0.488832,0.977963,0.0,0.0
2026-08-30 04:36:50,7778.88,285695,1428,604.3246,614.5014,36.7,113.474983,0.0,226.991745,2.089216,,8.781591,0.878159,4e-06,2.926794,10.0,10.0,14.204075,0.0,14.204075,85.795925,63.46764,0.470099,0.977963,0.0,0.0
2026-08-30 04:37:04,7792.77,286207,1431,557.7727,615.1477,36.7,115.864799,0.0,231.771439,2.091911,,7.617289,0.761729,5e-06,2.03985,9.0,10.0,4.965818,0.0,4.965818,95.034182,71.772513,0.486137,0.977963,0.0,0.0
2026-08-30 04:37:18,7806.6,286719,1433,573.9033,614.0232,36.7,114.770691,0.0,229.58316,2.088788,,7.914178,0.791418,5e-06,2.588778,9.0,10.0,6.583983,0.0,6.583983,93.416017,70.495165,0.51688,0.977963,0.0,0.0
2026-08-30 04:37:32,7820.66,287231,1436,618.7869,613.4033,36.7,147.859924,-0.0,295.761627,2.088871,,8.534122,0.853412,7e-06,1.991832,9.0,10.0,7.131792,0.0,7.131792,92.868208,71.28968,0.495298,0.977963,0.0,0.0
2026-08-30 04:37:45,7834.53,287743,1438,537.165,612.1482,36.7,109.382057,0.0,218.805862,2.087225,,7.141469,0.714147,7e-06,1.699741,7.0,10.0,2.074901,0.0,2.074901,97.925099,74.261203,0.527372,0.926162,0.0,0.0
2026-08-30 04:37:59,7848.36,288255,1441,467.1513,609.8343,36.7,48.41927,0.0,96.880249,2.085334,,6.171102,0.61711,7e-06,2.177002,8.0,10.0,1.590058,0.0,1.590058,98.409942,74.56364,0.516279,0.926162,0.0,0.0
2026-08-30 04:38:13,7862.29,288767,1443,341.536,604.7175,36.7,37.71574,0.0,75.473145,2.083195,,4.862168,0.486217,6e-06,2.162,9.0,10.0,6.515404,0.0,6.515404,93.484596,70.956609,0.598717,0.926162,0.0,0.0
2026-08-30 04:38:27,7876.1,289279,1446,452.2808,600.6951,36.7,87.659554,0.0,175.36087,2.087861,,6.494472,0.649447,5e-06,2.492897,10.0,10.0,9.243337,0.0,9.243337,90.756663,68.651779,0.608148,0.926162,0.0,0.0
2026-08-30 04:38:41,7889.98,289791,1448,715.2762,604.241,36.7,163.371475,0.0,326.784637,2.083592,,9.797027,0.979703,5e-06,2.159688,9.0,10.0,6.723014,0.0,6.723014,93.276986,71.551082,0.476519,0.926162,0.0,0.0
2026-08-30 04:38:55,7904.08,290303,1451,698.1027,604.7476,36.7,154.288666,0.0,308.618927,2.080335,,10.116826,1.011683,4e-06,4.031749,10.0,10.0,16.247315,0.0,16.247315,83.752685,62.165487,0.513068,0.926162,0.0,0.0
2026-08-30 04:39:09,7917.92,290815,1454,1062.6342,607.2287,36.7,410.580933,-0.0,821.203552,2.083472,,14.535943,1.453594,6e-06,1.360985,5.0,10.0,1.534663,0.0,1.534663,98.465337,75.046529,0.480894,0.926162,0.0,0.0
2026-08-30 04:39:23,7931.83,291327,1456,901.4428,608.0061,36.7,295.311371,0.0,590.664368,2.082568,,12.136331,1.213633,7e-06,1.734418,8.0,10.0,3.699578,0.0,3.699578,96.300422,73.405997,0.435043,0.926162,0.0,0.0
2026-08-30 04:39:37,7945.75,291839,1459,947.9259,610.3163,36.7,328.382446,-0.0,656.806519,2.080316,,12.873874,1.287387,6e-06,2.005345,8.0,10.0,2.929434,0.0,2.929434,97.070566,72.892544,0.461075,0.926162,0.0,0.0
2026-08-30 04:39:51,7959.79,292351,1461,732.6005,610.3925,36.7,191.452835,0.0,382.947174,2.075126,,10.315233,1.031523,4e-06,2.871645,10.0,10.0,11.284064,0.0,11.284064,88.715936,67.51322,0.480407,0.926162,0.0,0.0
2026-08-30 04:40:05,7973.79,292863,1464,728.0025,610.9384,36.7,202.03772,0.0,404.117065,2.082045,,10.013684,1.001368,5e-06,2.122176,8.0,10.0,2.967457,0.0,2.967457,97.032543,73.449549,0.515371,0.926162,0.0,0.0
2026-08-30 04:40:19,7987.85,293375,1466,679.5462,611.5334,36.7,165.620056,-0.0,331.281708,2.080328,,9.592524,0.959252,5e-06,2.793448,10.0,10.0,10.230061,0.0,10.230061,89.769939,67.851293,0.459631,0.926162,0.0,0.0
2026-08-30 04:40:33,8001.84,293887,1469,860.9362,615.6597,36.7,256.03302,0.0,512.107605,2.078411,,11.56398,1.156398,6e-06,2.393638,9.0,10.0,4.103941,0.0,4.103941,95.896059,71.798109,0.467829,0.926162,0.0,0.0
2026-08-30 04:40:47,8015.94,294399,1472,568.8338,613.7,36.7,150.226227,0.0,300.494049,2.079102,,8.593704,0.85937,6e-06,2.83268,10.0,10.0,16.214453,0.0,16.214453,83.785547,62.950085,0.548257,0.926162,0.0,0.0
2026-08-30 04:41:01,8029.84,294911,1474,398.515,610.1512,36.7,44.238026,0.0,88.517784,2.086699,,5.872986,0.587299,6e-06,2.203095,10.0,10.0,11.360196,0.0,11.360196,88.639804,67.016974,0.541199,0.926162,0.0,0.0
2026-08-30 04:41:15,8043.77,295423,1477,560.3804,607.9657,36.7,123.276291,0.0,246.59436,2.088918,,7.675599,0.76756,5e-06,2.567678,9.0,10.0,5.026288,0.0,5.026288,94.973712,71.879217,0.576104,0.926162,0.0,0.0
2026-08-30 04:41:29,8057.64,295935,1479,611.924,607.669,36.7,140.536423,-0.0,281.114594,2.087332,,8.19658,0.819658,9e-06,1.677466,7.0,10.0,2.836164,0.0,2.836164,97.163836,73.402551,0.467034,0.926162,0.0,0.0
2026-08-30 04:41:42,8071.52,296447,1482,601.4338,608.5925,36.7,122.785423,0.0,245.612625,2.088678,,8.23012,0.823012,5e-06,2.973717,10.0,10.0,6.888038,0.0,6.888038,93.111962,69.722416,0.474753,0.926162,0.0,0.0
2026-08-30 04:41:56,8085.32,296959,1484,623.2669,610.7109,36.7,143.637589,-0.0,287.316986,2.089919,,8.608494,0.860849,8e-06,2.52719,10.0,10.0,7.19332,0.0,7.19332,92.80668,70.57865,0.495556,0.926162,0.0,0.0
2026-08-30 04:42:10,8099.19,297471,1487,571.6953,609.221,36.7,105.713745,0.0,211.469391,2.095131,,7.591036,0.759104,6e-06,1.905882,8.0,10.0,1.956155,0.0,1.956155,98.043845,75.198262,0.505289,0.926162,0.0,0.0
2026-08-30 04:42:24,8113.09,297983,1489,621.7695,609.8077,36.7,122.232651,0.0,244.507233,2.096303,,8.490687,0.849069,7e-06,1.792266,8.0,10.0,5.107492,0.0,5.107492,94.892508,71.804705,0.463959,0.926162,0.0,0.0
2026-08-30 04:42:38,8127.08,298495,1492,426.2572,609.9103,36.7,54.884037,0.0,109.810112,2.101821,,6.086325,0.608633,6e-06,2.698894,10.0,10.0,8.128867,0.0,8.128867,91.871133,68.380632,0.580923,0.926162,0.0,0.0
2026-08-30 04:42:52,8140.94,299007,1495,734.9061,611.2337,36.7,238.313599,-0.0,476.66925,2.102711,,10.335128,1.033513,8e-06,1.83475,9.0,10.0,8.547482,0.0,8.547482,91.452518,68.854065,0.532307,0.926162,0.0,0.0
2026-08-30 04:43:06,8155.01,299519,1497,821.2027,612.7388,36.7,278.21463,0.0,556.471252,2.10095,,11.39959,1.139959,6e-06,2.833867,10.0,10.0,5.412513,0.0,5.412513,94.587487,71.598618,0.546477,0.926162,0.0,0.0
2026-08-30 04:43:20,8169.0,300031,1500,597.8076,614.1538,36.7,119.4925,0.0,239.0271,2.105279,,8.004275,0.800428,4e-06,2.357242,9.0,10.0,1.866938,0.0,1.866938,98.133062,74.236856,0.516198,0.611234,0.0,0.0
2026-08-30 04:43:34,8182.99,300543,1502,376.2298,613.273,36.7,37.500053,0.0,75.04229,2.10922,,5.135749,0.513575,5e-06,2.431375,9.0,10.0,5.592809,0.0,5.592809,94.407191,71.630653,0.646675,0.611234,0.0,0.0
2026-08-30 04:43:48,8197.06,301055,1505,515.5019,613.1602,36.7,79.085152,0.0,158.212463,2.107716,,6.963595,0.69636,4e-06,2.714458,9.0,10.0,6.023497,0.0,6.023497,93.976503,70.747666,0.544144,0.611234,0.0,0.0
2026-08-30 04:44:02,8211.02,301567,1507,774.1509,612.912,36.7,204.481567,0.0,409.005341,2.11079,,10.423087,1.042309,5e-06,2.033297,9.0,10.0,4.843421,0.0,4.843421,95.156579,72.622974,0.447843,0.611234,0.0,0.0
2026-08-30 04:44:16,8225.02,302079,1510,744.1468,613.7826,36.7,170.719604,0.0,341.481445,2.111398,,10.113313,1.011331,5e-06,3.035948,10.0,10.0,9.226227,0.0,9.226227,90.773773,68.115135,0.505755,0.611234,0.0,0.0
2026-08-30 04:44:30,8238.91,302591,1512,600.3651,610.4986,36.7,132.972275,0.0,265.986755,2.110763,,8.172117,0.817212,4e-06,2.958964,10.0,10.0,8.296454,0.0,8.296454,91.703546,69.128634,0.529965,0.611234,0.0,0.0
2026-08-30 04:44:44,8252.87,303103,1515,524.3542,607.491,36.7,112.940239,0.0,225.92276,2.113769,,7.314155,0.731415,4e-06,2.692519,9.0,10.0,10.696081,0.0,10.696081,89.303919,66.78336,0.520549,0.611234,0.0,0.0
2026-08-30 04:44:58,8266.7,303615,1518,547.9192,606.3754,36.7,112.46064,0.0,224.963608,2.116517,,7.2499,0.72499,5e-06,2.035147,9.0,10.0,2.609893,0.0,2.609893,97.390107,73.397887,0.523387,0.611234,0.0,0.0
2026-08-30 04:45:12,8280.6,304127,1520,600.8742,606.5287,36.7,140.389603,-0.0,280.821503,2.115035,,8.609448,0.860945,4e-06,2.889577,10.0,10.0,16.315871,0.0,16.315871,83.684129,63.515361,0.51633,0.611234,0.0,0.0
2026-08-30 04:45:26,8294.62,304639,1523,703.6962,608.5708,36.7,213.09285,0.0,426.228119,2.120671,,9.949969,0.994997,6e-06,2.524839,10.0,10.0,12.800306,0.0,12.800306,87.199694,65.351573,0.511439,0.611234,0.0,0.0
2026-08-30 04:45:40,8308.57,305151,1525,549.9554,609.5463,36.7,106.580551,0.0,213.203491,2.119613,,7.660276,0.766028,5e-06,2.507029,10.0,10.0,10.411176,0.0,10.411176,89.588824,68.488284,0.538792,0.611234,0.0,0.0
2026-08-30 04:45:53,8322.53,305663,1528,505.46,606.4065,36.7,102.272972,-0.0,204.588455,2.125666,,7.032444,0.703244,4e-06,2.445319,10.0,10.0,11.200968,0.0,11.200968,88.799032,66.72791,0.572921,0.611234,0.0,0.0
2026-08-30 04:46:07,8336.52,306175,1530,489.6197,603.8631,36.7,124.587112,0.0,249.216751,2.126545,,6.965836,0.696584,5e-06,2.644759,10.0,10.0,11.811429,0.0,11.811429,88.188571,66.28249,0.594751,0.611234,0.0,0.0
2026-08-30 04:46:21,8350.44,306687,1533,536.0816,605.0781,36.7,114.842484,0.0,229.727493,2.126584,,7.510767,0.751077,7e-06,2.40185,10.0,10.0,11.349585,0.0,11.349585,88.650415,66.56211,0.557138,0.611234,0.0,0.0
2026-08-30 04:46:35,8364.37,307199,1536,441.8,604.3874,36.7,57.523552,-0.0,115.089653,2.127362,,6.114527,0.611453,8e-06,1.771834,9.0,10.0,8.870652,0.0,8.870652,91.129348,68.836816,0.557363,0.611234,0.0,0.0
2026-08-30 04:46:49,8378.34,307711,1538,350.5354,603.1554,36.7,45.241245,0.0,90.525116,2.131428,,5.134328,0.513433,5e-06,2.549961,10.0,10.0,12.501965,0.0,12.501965,87.498035,64.936183,0.613111,0.611234,0.0,0.0
2026-08-30 04:47:03,8392.32,308223,1541,660.4816,606.4295,36.7,168.639175,0.0,337.320892,2.127488,,9.09603,0.909603,5e-06,2.322827,9.0,10.0,8.653552,0.0,8.653552,91.346448,68.785888,0.528219,0.611234,0.0,0.0
2026-08-30 04:47:17,8406.18,308735,1543,1023.6729,613.137,36.7,372.598572,0.0,745.239624,2.12543,,13.85755,1.385755,6e-06,1.443042,6.0,9.0,2.340782,0.0,2.340782,97.659218,74.305074,0.483766,0.611234,0.0,0.0
2026-08-30 04:47:31,8420.17,309247,1546,790.3221,615.7594,36.7,223.376785,0.0,446.796112,2.126343,,10.814322,1.081432,6e-06,2.013532,10.0,10.0,8.621657,0.0,8.621657,91.378343,68.489047,0.472719,0.611234,0.0,0.0
2026-08-30 04:47:45,8434.04,309759,1548,604.6322,616.8567,36.7,136.514481,0.0,273.071533,2.129132,,8.255859,0.825586,6e-06,2.485338,10.0,10.0,8.352865,0.0,8.352865,91.647135,69.366206,0.504314,0.611234,0.0,0.0
2026-08-30 04:47:59,8447.91,310271,1551,520.0664,617.3357,36.7,112.643517,-0.0,225.329636,2.129812,,7.030595,0.70306,4e-06,2.653443,9.0,10.0,3.55023,0.0,3.55023,96.44977,72.567635,0.623192,0.611234,0.0,0.0
2026-08-30 04:48:13,8461.71,310783,1553,602.9345,616.0087,36.7,122.053688,-0.0,244.150055,2.13371,,8.061936,0.806194,6e-06,2.578517,9.0,10.0,4.707182,0.0,4.707182,95.292818,72.628188,0.511359,0.611234,0.0,0.0
2026-08-30 04:48:26,8475.52,311295,1556,640.2473,616.5184,36.7,123.167183,-0.0,246.37706,2.135066,,8.916189,0.891619,7e-06,1.82445,10.0,10.0,10.780118,0.0,10.780118,89.219882,67.526334,0.495092,0.611234,0.0,0.0
2026-08-30 04:48:40,8489.42,311807,1559,729.2651,618.4859,36.7,189.317001,0.0,378.676727,2.136528,,9.971275,0.997127,5e-06,2.685023,10.0,10.0,9.879974,0.0,9.879974,90.120026,67.76028,0.498196,0.611234,0.0,0.0
2026-08-30 04:48:54,8503.34,312319,1561,701.5419,621.0944,36.7,187.749054,-0.0,375.540924,2.140177,,9.712964,0.971296,6e-06,2.063558,10.0,10.0,8.755388,0.0,8.755388,91.244612,68.279501,0.531118,0.611234,0.0,0.0
2026-08-30 04:49:08,8517.34,312831,1564,702.7444,624.8162,36.7,192.933914,-0.0,385.910736,2.14526,,9.518423,0.951842,7e-06,2.025311,8.0,10.0,3.553343,0.0,3.553343,96.446657,72.581247,0.500031,0.582919,0.0,0.0
2026-08-30 04:49:22,8531.44,313343,1566,623.0298,626.5522,36.7,110.026329,0.0,220.095581,2.146019,,8.417878,0.841788,4e-06,2.962101,10.0,10.0,7.389208,0.0,7.389208,92.610792,69.389811,0.469925,0.582919,0.0,0.0
2026-08-30 04:49:36,8545.5,313855,1569,599.7648,624.7217,36.7,104.239113,-0.0,208.52124,2.150808,,8.365586,0.836559,4e-06,3.018112,10.0,10.0,14.001685,0.0,14.001685,85.998315,64.271536,0.486211,0.582919,0.0,0.0
2026-08-30 04:49:50,8559.5,314367,1571,725.5932,618.4141,36.7,200.177444,0.0,400.39801,2.155376,,9.744605,0.97446,4e-06,2.18225,9.0,10.0,3.68712,0.0,3.68712,96.31288,72.843134,0.492785,0.582919,0.0,0.0
2026-08-30 04:50:04,8573.5,314879,1574,578.3465,613.6619,36.7,105.268776,-0.0,210.580719,2.158302,,7.925158,0.792516,4e-06,2.388859,9.0,10.0,7.837884,0.0,7.837884,92.162116,69.474402,0.468354,0.582919,0.0,0.0
2026-08-30 04:50:19,8587.66,315391,1576,745.7678,612.5897,36.7,229.754044,-0.0,459.55127,2.158893,,10.465875,1.046588,5e-06,2.553294,10.0,10.0,9.954701,0.0,9.954701,90.045299,68.115487,0.535208,0.582919,0.0,0.0
2026-08-30 04:50:33,8601.65,315903,1579,835.6092,613.1407,36.7,324.438232,0.0,648.919739,2.162577,,11.585907,1.158591,5e-06,1.616208,8.0,10.0,8.979541,0.0,8.979541,91.020459,68.736528,0.508049,0.582919,0.0,0.0
2026-08-30 04:50:47,8615.74,316415,1582,531.94,612.1843,36.7,130.598892,-0.0,261.241058,2.163923,,7.950752,0.795075,2e-06,3.490898,10.0,10.0,24.223015,0.0,24.223015,75.776985,56.329104,0.518404,0.582919,0.0,0.0
2026-08-30 04:51:01,8629.7,316927,1584,582.3727,610.9774,36.7,109.993263,0.0,220.029861,2.166949,,7.929393,0.792939,5e-06,2.638383,10.0,10.0,7.853669,0.0,7.853669,92.146331,69.512796,0.487883,0.582919,0.0,0.0
2026-08-30 04:51:15,8643.65,317439,1587,647.8377,609.5596,36.7,156.488495,0.0,313.020386,2.169068,,8.96639,0.896639,7e-06,2.626653,10.0,10.0,10.893118,0.0,10.893118,89.106882,67.201964,0.469682,0.582919,0.0,0.0
2026-08-30 04:51:29,8657.57,317951,1589,463.2888,609.0512,36.7,68.722649,-0.0,137.488693,2.169963,,6.519987,0.651999,4e-06,3.165884,10.0,10.0,12.080363,0.0,12.080363,87.919637,66.838783,0.526895,0.582919,0.0,0.0
2026-08-30 04:51:42,8671.35,318463,1592,411.2882,609.0318,36.7,75.299965,-0.0,150.643478,2.177803,,5.439115,0.543912,6e-06,1.285852,5.0,9.0,0.552966,0.0,0.552966,99.447034,76.014344,0.635079,0.582919,0.0,0.0
2026-08-30 04:51:56,8685.27,318975,1594,622.1374,608.7873,36.7,138.351471,0.0,276.746552,2.180406,,8.420944,0.842094,5e-06,1.819459,8.0,10.0,4.732058,0.0,4.732058,95.267942,72.683667,0.522118,0.582919,0.0,0.0
2026-08-30 04:52:10,8699.14,319487,1597,627.5911,607.8902,36.7,123.846283,0.0,247.736237,2.183591,,8.395769,0.839577,6e-06,1.33388,8.0,10.0,3.831223,0.0,3.831223,96.168777,72.602065,0.475245,0.582919,0.0,0.0
2026-08-30 04:52:24,8712.99,319999,1600,607.008,607.0902,36.7,138.153732,0.0,276.351135,2.184139,,8.213151,0.821315,6e-06,1.629693,9.0,10.0,5.08168,0.0,5.08168,94.91832,72.61054,0.522765,0.582919,0.0,0.0
2026-08-30 04:52:38,8726.92,320511,1602,552.7033,605.164,36.7,94.96743,-0.0,189.978561,2.185067,,7.539252,0.753925,4e-06,2.69086,10.0,10.0,7.967357,0.0,7.967357,92.032643,69.670828,0.494852,0.582919,0.0,0.0
2026-08-30 04:52:52,8740.85,321023,1605,773.2982,606.9061,36.7,180.626984,-0.0,361.297668,2.185468,,10.392338,1.039234,5e-06,1.408936,6.0,10.0,4.223956,0.0,4.223956,95.776044,72.235468,0.485208,0.582919,0.0,0.0
2026-08-30 04:53:06,8754.77,321535,1607,673.4914,606.3421,36.7,141.805145,-0.0,283.654022,2.186209,,9.00797,0.900797,5e-06,1.425808,7.0,10.0,3.266033,0.0,3.266033,96.733967,73.669635,0.462185,0.582919,0.0,0.0
2026-08-30 04:53:20,8768.65,322047,1610,557.3358,607.3254,36.7,110.812973,0.0,221.669678,2.18665,,7.620042,0.762004,5e-06,1.705622,9.0,10.0,7.343476,0.0,7.343476,92.656524,70.209925,0.513015,0.582919,0.0,0.0
2026-08-30 04:53:34,8782.63,322559,1612,719.5543,609.1627,36.7,202.743225,0.0,405.530182,2.187223,,9.85772,0.985772,4e-06,2.001641,9.0,10.0,9.184365,0.0,9.184365,90.815635,69.205661,0.443609,0.582919,0.0,0.0
2026-08-30 04:53:48,8796.6,323071,1615,758.9051,611.7832,36.7,248.65329,0.0,497.350342,2.187771,,10.514279,1.051428,5e-06,1.877266,9.0,10.0,5.69873,0.0,5.69873,94.30127,71.438433,0.532772,0.582919,0.0,0.0
2026-08-30 04:54:01,8810.53,323583,1617,682.2328,615.9115,36.7,152.285233,-0.0,304.614258,2.188974,,9.287264,0.928726,4e-06,1.921647,9.0,10.0,8.259064,0.0,8.259064,91.740936,69.437367,0.48157,0.582919,0.0,0.0
2026-08-30 04:54:15,8824.48,324095,1620,688.7974,616.7779,36.7,182.534973,-0.0,365.113739,2.189652,,9.595515,0.959551,5e-06,1.848899,10.0,10.0,11.946132,0.0,11.946132,88.053868,66.223668,0.468525,0.582919,0.0,0.0
2026-08-30 04:54:29,8838.33,324607,1623,575.1797,616.0232,36.7,127.838486,0.0,255.720749,2.188834,,8.047003,0.8047,5e-06,2.551462,10.0,10.0,12.190832,0.0,12.190832,87.809168,65.840954,0.535182,0.582919,0.0,0.0
2026-08-30 04:54:43,8852.23,325119,1625,391.3277,616.9489,36.7,57.532887,0.0,115.109596,2.190986,,5.342625,0.534262,5e-06,2.166135,10.0,10.0,6.262077,0.0,6.262077,93.737923,70.245251,0.599376,0.495411,0.0,0.0
2026-08-30 04:54:57,8866.07,325631,1628,286.6257,616.5562,36.7,31.523722,-0.0,63.091316,2.193693,,3.836919,0.383692,4e-06,1.891758,9.0,10.0,2.844532,0.0,2.844532,97.155468,73.259821,0.706636,0.495411,0.0,0.0
2026-08-30 04:55:11,8879.93,326143,1630,384.7164,617.0535,36.7,38.10886,0.0,76.261856,2.206726,,5.442806,0.544281,4e-06,2.409729,10.0,10.0,13.205527,0.0,13.205527,86.794473,65.429387,0.546032,0.495411,0.0,0.0
2026-08-30 04:55:25,8893.92,326655,1633,498.3625,618.77,36.7,112.868668,-0.0,225.781647,2.21558,,6.812631,0.681263,4e-06,1.763636,9.0,10.0,6.257736,0.0,6.257736,93.742264,71.09364,0.564328,0.495411,0.0,0.0
2026-08-30 04:55:39,8907.91,327167,1635,540.8703,618.1122,36.7,114.583923,-0.0,229.212326,2.224272,,7.669184,0.766918,3e-06,2.929406,10.0,10.0,14.991193,0.0,14.991193,85.008807,64.565993,0.536335,0.495411,0.0,0.0
2026-08-30 04:55:53,8921.94,327679,1638,714.2411,619.6615,36.7,179.937073,-0.0,359.918793,2.231814,,9.965884,0.996588,3e-06,2.468098,10.0,10.0,13.27711,0.0,13.27711,86.72289,64.390497,0.481655,0.495411,0.0,0.0
2026-08-30 04:56:07,8935.99,328191,1640,465.5598,619.6859,36.7,60.131176,0.0,120.307144,2.23959,,6.659085,0.665908,5e-06,2.917247,10.0,10.0,15.665511,0.0,15.665511,84.334489,63.956795,0.534028,0.495411,0.0,0.0
2026-08-30 04:56:21,8950.1,328703,1643,301.4221,618.1385,36.7,30.432291,0.0,60.909512,2.246463,,4.434106,0.443411,3e-06,3.142151,10.0,10.0,15.724597,0.0,15.724597,84.275403,62.762923,0.636638,0.495411,0.0,0.0
2026-08-30 04:56:35,8964.06,329215,1646,496.1887,616.2698,36.7,81.537209,-0.0,163.119339,2.246348,,6.733988,0.673399,5e-06,1.622372,9.0,10.0,5.763095,0.0,5.763095,94.236905,70.804534,0.559839,0.495411,0.0,0.0
2026-08-30 04:56:49,8978.03,329727,1648,564.0515,615.2765,36.7,87.059769,-0.0,174.164444,2.245423,,7.53137,0.753137,5e-06,1.992804,9.0,10.0,4.754713,0.0,4.754713,95.245287,71.955603,0.494379,0.495411,0.0,0.0
2026-08-30 04:57:03,8991.96,330239,1651,731.8838,617.6607,36.7,164.36171,0.0,328.768311,2.2446,,9.762121,0.976212,6e-06,1.467681,7.0,10.0,3.431707,0.0,3.431707,96.568293,73.517443,0.465969,0.495411,0.0,0.0
2026-08-30 04:57:17,9005.93,330751,1653,898.3131,618.6554,36.7,290.950256,0.0,581.945374,2.243911,,12.216173,1.221617,7e-06,1.801311,9.0,10.0,3.583689,0.0,3.583689,96.416311,73.353627,0.508565,0.495411,0.0,0.0
2026-08-30 04:57:31,9019.91,331263,1656,666.3924,618.8634,36.7,139.686035,0.0,279.416901,2.242229,,9.167898,0.91679,3e-06,2.654011,10.0,10.0,10.031941,0.0,10.031941,89.968059,67.46145,0.535195,0.495411,0.0,0.0
2026-08-30 04:57:45,9033.72,331775,1658,623.6428,619.1027,36.7,162.239273,0.0,324.523376,2.241745,,8.798355,0.879835,5e-06,2.308241,10.0,10.0,17.96087,0.0,17.96087,82.03913,61.475006,0.492801,0.495411,0.0,0.0
2026-08-30 04:57:59,9047.59,332287,1661,686.7095,618.4314,36.7,229.966766,0.0,459.978363,2.242043,,9.446681,0.944668,5e-06,1.845336,9.0,10.0,3.81973,0.0,3.81973,96.18027,72.661297,0.59669,0.495411,0.0,0.0
2026-08-30 04:58:12,9061.42,332799,1664,695.5487,618.0081,36.7,235.16217,0.0,470.369141,2.240579,,10.118871,1.011887,4e-06,2.634024,10.0,10.0,14.554475,0.0,14.554475,85.445525,64.501456,0.593963,0.495411,0.0,0.0
2026-08-30 04:58:26,9075.31,333311,1666,569.8297,614.7469,36.7,104.984375,0.0,210.01355,2.23989,,8.139954,0.813995,4e-06,2.540734,10.0,10.0,20.853031,0.0,20.853031,79.146969,58.75127,0.425851,0.495411,0.0,0.0
2026-08-30 04:58:40,9089.16,333823,1669,726.8202,615.229,36.7,213.680603,-0.0,427.406006,2.23989,,9.842301,0.98423,5e-06,2.238777,10.0,10.0,8.001147,0.0,8.001147,91.998853,69.740122,0.474283,0.495411,0.0,0.0
2026-08-30 04:58:54,9103.06,334335,1671,869.9214,619.728,36.7,278.681,-0.0,557.406799,2.238805,,11.709454,1.170945,5e-06,1.606601,9.0,10.0,3.421525,0.0,3.421525,96.578475,73.656885,0.517539,0.495411,0.0,0.0
2026-08-30 04:59:08,9116.99,334847,1674,568.934,618.7936,36.7,118.518585,0.0,237.081955,2.238889,,7.701274,0.770127,4e-06,2.002361,10.0,10.0,7.262098,0.0,7.262098,92.737902,70.158097,0.523196,0.495411,0.0,0.0
2026-08-30 04:59:22,9130.89,335359,1676,582.0511,618.1853,36.7,105.498573,0.0,211.041901,2.237818,,7.90974,0.790974,4e-06,2.380572,10.0,10.0,9.402383,0.0,9.402383,90.597617,68.777846,0.500938,0.495411,0.0,0.0
2026-08-30 04:59:36,9144.87,335871,1679,789.7114,620.799,36.7,204.346176,-0.0,408.737091,2.23731,,11.103997,1.1104,4e-06,2.141554,10.0,10.0,13.330673,0.0,13.330673,86.669327,64.455495,0.500333,0.495411,0.0,0.0
2026-08-30 04:59:50,9158.92,336383,1681,762.4094,622.5258,36.7,197.943726,-0.0,395.93219,2.23667,,10.169683,1.016968,4e-06,2.173073,9.0,10.0,3.642533,0.0,3.642533,96.357467,73.306029,0.528794,0.495411,0.0,0.0
2026-08-30 05:00:04,9172.92,336895,1684,403.3344,620.5159,36.7,53.618259,0.0,107.28125,2.236438,,5.696733,0.569673,3e-06,2.875769,10.0,10.0,13.334371,0.0,13.334371,86.665629,65.393916,0.583198,0.495411,0.0,0.0
2026-08-30 05:00:18,9186.95,337407,1687,406.8337,619.0066,36.7,48.621155,-0.0,97.28701,2.235155,,5.709865,0.570986,3e-06,3.438247,10.0,10.0,11.168686,0.0,11.168686,88.831314,66.884471,0.579253,0.495411,0.0,0.0
2026-08-30 05:00:32,9201.03,337919,1689,490.079,618.1683,36.7,113.169952,0.0,226.384598,2.234376,,7.038544,0.703854,3e-06,3.315758,10.0,10.0,12.925033,0.0,12.925033,87.074967,65.238017,0.651525,0.623987,0.0,0.0
2026-08-30 05:00:46,9215.01,338431,1692,692.7036,618.9075,36.7,159.41777,0.0,318.880188,2.232774,,10.039388,1.003939,2e-06,3.296603,10.0,10.0,19.935702,0.0,19.935702,80.064298,60.447875,0.504603,0.623987,0.0,0.0
2026-08-30 05:01:00,9228.88,338943,1694,781.0548,621.3464,36.7,220.119598,0.0,440.283905,2.235935,,10.492028,1.049203,6e-06,0.953671,4.0,10.0,2.718572,0.0,2.718572,97.281428,74.285526,0.489423,0.623987,0.0,0.0
2026-08-30 05:01:14,9242.87,339455,1697,778.5103,624.46,36.7,182.031906,-0.0,364.108551,2.236182,,10.654459,1.065446,5e-06,1.74942,10.0,10.0,9.503793,0.0,9.503793,90.496207,68.357355,0.466236,0.623987,0.0,0.0
2026-08-30 05:01:28,9256.7,339967,1699,828.6361,629.331,36.7,221.648758,0.0,443.342285,2.238292,,10.951884,1.095188,6e-06,0.473279,2.0,3.0,0.0,0.0,0.0,100.0,76.90674,0.42495,0.623987,0.0,0.0
2026-08-30 05:01:42,9270.64,340479,1702,488.3498,629.6917,36.7,76.880066,0.0,153.804855,2.235796,,7.372291,0.737229,2e-06,3.564929,10.0,10.0,24.263518,0.0,24.263518,75.736482,55.816762,0.494573,0.623987,0.0,0.0
2026-08-30 05:01:55,9284.56,340991,1704,636.9608,628.9085,36.7,117.478142,0.0,235.001053,2.238168,,8.568,0.8568,5e-06,2.07413,9.0,10.0,5.787731,0.0,5.787731,94.212269,72.400587,0.508289,0.623987,0.0,0.0
2026-08-30 05:02:10,9298.62,341503,1707,512.7286,627.0548,36.7,73.00222,0.0,146.04921,2.238407,,7.113069,0.711307,4e-06,2.330681,10.0,10.0,9.332595,0.0,9.332595,90.667405,68.061813,0.532364,0.623987,0.0,0.0
2026-08-30 05:02:23,9312.54,342015,1710,579.3449,622.2219,36.7,125.575264,0.0,251.195312,2.239003,,8.19805,0.819805,5e-06,1.75593,10.0,10.0,8.089285,0.0,8.089285,91.910715,69.031534,0.574749,0.623987,0.0,0.0
2026-08-30 05:02:37,9326.46,342527,1712,647.4862,619.6823,36.7,144.551331,-0.0,289.14743,2.238273,,8.813991,0.881399,4e-06,1.801228,10.0,10.0,6.148357,0.0,6.148357,93.851643,71.546045,0.485883,0.623987,0.0,0.0
2026-08-30 05:02:51,9340.51,343039,1715,484.4572,615.0476,36.7,81.733627,0.0,163.512009,2.23764,,6.748544,0.674854,4e-06,2.78013,10.0,10.0,10.613953,0.0,10.613953,89.386047,67.503515,0.49519,0.623987,0.0,0.0
2026-08-30 05:03:05,9354.4,343551,1717,430.1862,612.0235,36.7,68.377129,0.0,136.799026,2.238271,,5.688965,0.568897,6e-06,1.100822,6.0,9.0,0.322315,0.0,0.322315,99.677685,76.374769,0.57762,0.623987,0.0,0.0
2026-08-30 05:03:19,9368.31,344063,1720,470.8687,609.4521,36.7,68.552467,0.0,137.149704,2.238539,,6.212904,0.62129,5e-06,1.199707,6.0,10.0,1.089241,0.0,1.089241,98.910759,75.490306,0.503274,0.623987,0.0,0.0
2026-08-30 05:03:33,9382.24,344575,1722,416.2128,606.8188,36.7,43.962017,-0.0,87.968758,2.236177,,5.899424,0.589942,4e-06,2.167909,10.0,10.0,10.94777,0.0,10.94777,89.05223,67.072542,0.555472,0.623987,0.0,0.0
2026-08-30 05:03:47,9396.23,345087,1725,519.5764,603.4052,36.7,86.479568,-0.0,173.00383,2.234564,,7.325468,0.732547,2e-06,3.1192,10.0,10.0,12.474727,0.0,12.474727,87.525273,65.19358,0.543582,0.623987,0.0,0.0
2026-08-30 05:04:01,9410.26,345599,1728,736.0732,605.0776,36.7,202.8526,0.0,405.749817,2.231199,,10.58759,1.058759,2e-06,3.284595,10.0,10.0,16.821941,0.0,16.821941,83.178059,62.344935,0.552357,0.623987,0.0,0.0
2026-08-30 05:04:15,9424.03,346111,1730,627.5398,607.3679,36.7,137.196533,0.0,274.437714,2.232752,,8.441999,0.8442,4e-06,1.858974,9.0,10.0,3.615717,0.0,3.615717,96.384283,72.680012,0.507455,0.623987,0.0,0.0
2026-08-30 05:04:29,9437.88,346623,1733,488.75,606.6515,36.7,64.277481,0.0,128.599609,2.232294,,6.629115,0.662912,4e-06,2.231163,9.0,10.0,5.323461,0.0,5.323461,94.676539,72.080965,0.535872,0.623987,0.0,0.0
2026-08-30 05:04:43,9451.88,347135,1735,441.6602,604.9489,36.7,58.521774,0.0,117.088097,2.227433,,6.582489,0.658249,1e-06,3.730373,10.0,10.0,19.656938,0.0,19.656938,80.343062,60.314337,0.53055,0.623987,0.0,0.0
2026-08-30 05:04:57,9465.7,347647,1738,480.5228,603.7398,36.7,88.47216,-0.0,176.988892,2.228589,,6.811658,0.681166,4e-06,1.444172,9.0,10.0,10.490448,0.0,10.490448,89.509552,67.250733,0.529539,0.623987,0.0,0.0
2026-08-30 05:05:11,9479.71,348159,1740,390.7139,601.4143,36.7,46.590637,0.0,93.225769,2.224737,,5.935595,0.593559,2e-06,3.631611,10.0,10.0,20.348456,0.0,20.348456,79.651544,59.965188,0.475484,0.623987,0.0,0.0
2026-08-30 05:05:25,9493.67,348671,1743,992.6411,605.6237,36.7,304.715393,0.0,609.47522,2.221434,,13.441631,1.344163,5e-06,1.118493,5.0,10.0,1.773437,0.0,1.773437,98.226563,75.429917,0.483121,0.623987,0.0,0.0
2026-08-30 05:05:39,9507.58,349183,1745,914.63,608.5523,36.7,288.001556,-0.0,576.047424,2.215307,,13.011896,1.30119,3e-06,2.066727,10.0,10.0,15.643932,0.0,15.643932,84.356068,63.697554,0.496901,0.623987,0.0,0.0
2026-08-30 05:05:52,9521.48,349695,1748,767.1176,611.9609,36.7,209.439026,0.0,418.922333,2.213745,,10.377397,1.03774,4e-06,1.492243,8.0,10.0,2.450114,0.0,2.450114,97.549886,73.75912,0.478497,0.623987,0.0,0.0
2026-08-30 05:06:06,9535.39,350207,1751,674.1755,611.3536,36.7,149.421494,-0.0,298.887268,2.213512,,8.847903,0.88479,6e-06,0.567636,3.0,5.0,0.0,0.0,0.0,100.0,76.343817,0.467916,0.715094,0.0,0.0
2026-08-30 05:06:20,9549.46,350719,1753,680.4856,609.9465,36.7,162.101974,-0.0,324.248108,2.208133,,9.907561,0.990756,4e-06,1.459263,10.0,10.0,15.216071,0.0,15.216071,84.783929,64.422061,0.486265,0.715094,0.0,0.0
2026-08-30 05:06:34,9563.51,351231,1756,659.5911,610.5643,36.7,173.825592,0.0,347.695282,2.20492,,9.339987,0.933999,3e-06,2.517578,10.0,10.0,13.25452,0.0,13.25452,86.74548,65.936061,0.540885,0.715094,0.0,0.0
2026-08-30 05:06:48,9577.55,351743,1758,552.8675,612.3307,36.7,159.441498,0.0,318.927063,2.203926,,7.961378,0.796138,4e-06,2.286188,10.0,10.0,10.558024,0.0,10.558024,89.441976,68.0055,0.618652,0.715094,0.0,0.0
2026-08-30 05:07:02,9591.56,352255,1761,486.2448,612.0381,36.7,127.540245,0.0,255.124496,2.200674,,7.289675,0.728968,2e-06,2.943989,10.0,10.0,17.630462,0.0,17.630462,82.369538,61.336544,0.58703,0.715094,0.0,0.0
2026-08-30 05:07:16,9605.53,352767,1763,627.6917,610.5735,36.7,155.537888,-0.0,311.119812,2.202062,,8.74632,0.874632,4e-06,2.304252,10.0,10.0,8.13808,0.0,8.13808,91.86192,70.531686,0.536252,0.715094,0.0,0.0
2026-08-30 05:07:30,9619.45,353279,1766,640.8383,609.5404,36.7,115.50383,0.0,231.051682,2.201211,,8.586504,0.85865,4e-06,1.580074,8.0,10.0,0.883992,0.0,0.883992,99.116008,75.389176,0.524598,0.715094,0.0,0.0
2026-08-30 05:07:44,9633.21,353791,1768,547.7251,609.014,36.7,130.882996,0.0,261.810028,2.202055,,7.674248,0.767425,7e-06,1.296276,9.0,10.0,6.387575,0.0,6.387575,93.612425,71.930572,0.537192,0.715094,0.0,0.0
2026-08-30 05:07:58,9647.04,354303,1771,517.8141,608.9486,36.7,90.903305,-0.0,181.850632,2.200755,,7.57922,0.757922,2e-06,2.063776,10.0,10.0,16.836008,0.0,16.836008,83.163992,62.924168,0.499796,0.715094,0.0,0.0
2026-08-30 05:08:12,9661.02,354815,1774,584.2585,609.312,36.7,114.996231,0.0,230.036484,2.201142,,7.976702,0.79767,3e-06,1.824993,9.0,10.0,6.872059,0.0,6.872059,93.127941,70.526098,0.474554,0.715094,0.0,0.0
2026-08-30 05:08:26,9674.9,355327,1776,664.783,609.9511,36.7,171.911652,0.0,343.86734,2.202512,,9.185761,0.918576,4e-06,1.376711,9.0,10.0,8.159691,0.0,8.159691,91.840309,69.855982,0.441908,0.715094,0.0,0.0
2026-08-30 05:08:40,9688.85,355839,1779,614.2514,609.0567,36.7,122.777908,0.0,245.599854,2.201834,,8.400094,0.840009,3e-06,1.825808,9.0,10.0,5.629544,0.0,5.629544,94.370456,71.83455,0.47894,0.715094,0.0,0.0
2026-08-30 05:08:54,9702.86,356351,1781,833.9156,611.8963,36.7,225.370193,-0.0,450.784424,2.202582,,11.154821,1.115482,3e-06,1.541068,7.0,10.0,0.384916,0.0,0.384916,99.615084,75.833197,0.445868,0.715094,0.0,0.0
2026-08-30 05:09:08,9716.82,356863,1784,728.4219,614.1259,36.7,162.57103,-0.0,325.186096,2.201358,,10.11326,1.011326,2e-06,2.581647,10.0,10.0,10.586366,0.0,10.586366,89.413634,66.656884,0.473769,0.715094,0.0,0.0
2026-08-30 05:09:22,9730.72,357375,1786,557.9305,614.809,36.7,108.051903,0.0,216.147858,2.202743,,7.471894,0.747189,4e-06,2.171157,9.0,10.0,3.707278,0.0,3.707278,96.292722,73.213413,0.492959,0.715094,0.0,0.0
2026-08-30 05:09:36,9744.59,357887,1789,532.2226,614.7704,36.7,97.032967,0.0,194.10997,2.201936,,7.263012,0.726301,3e-06,1.801348,8.0,10.0,6.778341,0.0,6.778341,93.221659,70.841282,0.513465,0.715094,0.0,0.0
2026-08-30 05:09:50,9758.57,358399,1792,743.7894,617.7903,36.7,172.726715,-0.0,345.497498,2.203191,,9.894545,0.989454,6e-06,1.094142,6.0,9.0,0.290737,0.0,0.290737,99.709263,76.427001,0.44616,0.715094,0.0,0.0
2026-08-30 05:10:04,9772.69,358911,1794,387.0425,618.1554,36.7,73.847282,-0.0,147.738602,2.201826,,6.290265,0.629027,1e-06,4.142191,10.0,10.0,26.00961,0.0,26.00961,73.99039,53.925119,0.499089,0.715094,0.0,0.0
2026-08-30 05:10:18,9786.67,359423,1797,471.1916,616.2625,36.7,96.608536,-0.0,193.261078,2.200193,,6.783547,0.678355,2e-06,3.088858,10.0,10.0,13.127011,0.0,13.127011,86.872989,65.476055,0.509056,0.715094,0.0,0.0
2026-08-30 05:10:32,9800.57,359935,1799,814.2772,614.1685,36.7,241.448929,0.0,482.941895,2.20167,,11.427731,1.142773,4e-06,1.726669,10.0,10.0,8.276144,0.0,8.276144,91.723856,69.864616,0.503105,0.715094,0.0,0.0
2026-08-30 05:10:45,9814.54,360447,1802,539.7371,611.6627,36.7,111.46402,0.0,222.972,2.197915,,7.891954,0.789195,2e-06,2.879014,10.0,10.0,14.205581,0.0,14.205581,85.794419,65.065441,0.563145,0.715094,0.0,0.0
2026-08-30 05:10:59,9828.38,360959,1804,436.2365,609.9787,36.7,75.933182,0.0,151.910355,2.19943,,6.038365,0.603836,5e-06,1.675671,10.0,10.0,6.528927,0.0,6.528927,93.471073,71.353782,0.544076,0.715094,0.0,0.0
2026-08-30 05:11:13,9842.22,361471,1807,438.085,609.1589,36.7,51.895554,0.0,103.835098,2.199534,,6.082562,0.608256,4e-06,2.034011,10.0,10.0,7.984007,0.0,7.984007,92.015993,69.276603,0.537149,0.715094,0.0,0.0
2026-08-30 05:11:27,9856.2,361983,1809,565.3142,608.7827,36.7,87.22953,0.0,174.50296,2.194891,,8.027833,0.802783,3e-06,1.808214,10.0,10.0,12.923095,0.0,12.923095,87.076905,65.96123,0.464165,0.715094,0.0,0.0
2026-08-30 05:11:41,9870.18,362495,1812,476.1596,607.1418,36.7,80.195816,0.0,160.435501,2.193174,,6.787295,0.67873,3e-06,2.012124,10.0,10.0,10.993882,0.0,10.993882,89.006118,66.766208,0.53199,0.715094,0.0,0.0
2026-08-30 05:11:55,9884.13,363007,1815,655.9206,606.4084,36.7,149.736252,0.0,299.516266,2.188574,,9.090852,0.909085,4e-06,1.666457,10.0,10.0,8.241948,0.0,8.241948,91.758052,69.159706,0.468246,0.809959,0.0,0.0
2026-08-30 05:12:09,9898.15,363519,1817,680.5826,606.1988,36.7,152.886642,0.0,305.816986,2.185173,,9.461801,0.94618,4e-06,1.699905,9.0,10.0,9.12797,0.0,9.12797,90.87203,69.137162,0.467964,0.809959,0.0,0.0
2026-08-30 05:12:23,9912.18,364031,1820,409.8165,603.2695,36.7,45.134399,-0.0,90.312462,2.183264,,5.990184,0.599018,2e-06,3.010529,10.0,10.0,11.987259,0.0,11.987259,88.012741,65.867609,0.537079,0.809959,0.0,0.0
2026-08-30 05:12:37,9926.12,364543,1822,339.767,600.4369,36.7,42.289585,-0.0,84.622849,2.183779,,5.534778,0.553478,2e-06,3.166796,10.0,10.0,20.098208,0.0,20.098208,79.901792,60.281002,0.574854,0.809959,0.0,0.0
2026-08-30 05:12:51,9940.08,365055,1825,550.3205,599.9424,36.7,81.544212,0.0,163.132004,2.178954,,7.954739,0.795474,3e-06,2.617394,10.0,10.0,12.247233,0.0,12.247233,87.752767,66.144733,0.468486,0.809959,0.0,0.0
2026-08-30 05:13:05,9954.06,365567,1827,525.7439,597.9439,36.7,82.030075,0.0,164.103714,2.178179,,7.100024,0.710002,4e-06,1.742289,8.0,10.0,3.462515,0.0,3.462515,96.537485,73.089559,0.517116,0.809959,0.0,0.0
2026-08-30 05:13:19,9968.01,366079,1830,553.9278,597.6997,36.7,111.78611,0.0,223.615707,2.17451,,7.438056,0.743806,3e-06,2.142194,8.0,10.0,2.404114,0.0,2.404114,97.595886,73.047642,0.589995,0.809959,0.0,0.0
2026-08-30 05:13:33,9981.96,366591,1832,784.5745,598.0878,36.7,231.381516,-0.0,462.806396,2.168424,,11.095773,1.109577,3e-06,2.51235,10.0,10.0,11.296964,0.0,11.296964,88.703036,66.791318,0.48973,0.809959,0.0,0.0
2026-08-30 05:13:47,9995.91,367103,1835,737.8753,597.1105,36.7,180.039673,0.0,360.12265,2.165783,,10.2293,1.02293,2e-06,3.308329,10.0,10.0,7.534616,0.0,7.534616,92.465384,69.176285,0.483691,0.809959,0.0,0.0
2026-08-30 05:14:01,10009.86,367615,1838,526.8227,597.0593,36.7,81.306114,-0.0,162.655533,2.165091,,7.509241,0.750924,3e-06,2.544643,10.0,10.0,11.612953,0.0,11.612953,88.387047,66.648484,0.465247,0.809959,0.0,0.0
2026-08-30 05:14:15,10023.65,368127,1840,514.03,596.3759,36.7,76.400551,0.0,152.84436,2.162905,,7.193122,0.719312,3e-06,2.408465,10.0,10.0,8.690653,0.0,8.690653,91.309347,69.366817,0.489394,0.809959,0.0,0.0
2026-08-30 05:14:28,10037.49,368639,1843,727.4065,597.1715,36.7,199.45134,0.0,398.945892,2.160578,,10.440552,1.044055,3e-06,2.499746,10.0,10.0,11.976247,0.0,11.976247,88.023753,66.047359,0.549728,0.809959,0.0,0.0
2026-08-30 05:14:42,10051.41,369151,1845,657.5829,599.1145,36.7,172.824829,-0.0,345.692841,2.159875,,9.385274,0.938527,3e-06,3.240155,10.0,10.0,9.543246,0.0,9.543246,90.456754,68.925176,0.590002,0.809959,0.0,0.0
2026-08-30 05:14:56,10065.23,369663,1848,777.3252,602.7749,36.7,239.598282,-0.0,479.239746,2.158442,,10.928878,1.092888,5e-06,1.904392,9.0,10.0,3.683213,0.0,3.683213,96.316787,73.37597,0.520172,0.809959,0.0,0.0
2026-08-30 05:15:10,10079.19,370175,1850,738.1827,603.9353,36.7,220.715302,0.0,441.473724,2.156565,,10.579231,1.057923,2e-06,2.595492,10.0,10.0,8.648179,0.0,8.648179,91.351821,69.651632,0.541961,0.809959,0.0,0.0
2026-08-30 05:15:24,10093.13,370687,1853,650.4874,604.1643,36.7,149.048599,-0.0,298.140381,2.158538,,8.742828,0.874283,5e-06,0.827846,4.0,7.0,0.27118,0.0,0.27118,99.72882,76.312092,0.561167,0.809959,0.0,0.0
2026-08-30 05:15:38,10107.06,371199,1856,475.5862,602.8501,36.7,72.75602,-0.0,145.555176,2.157176,,6.499233,0.649923,3e-06,1.767347,9.0,10.0,4.921741,0.0,4.921741,95.078259,72.220563,0.555072,0.809959,0.0,0.0
2026-08-30 05:15:52,10121.03,371711,1858,423.8068,601.5611,36.7,52.88274,-0.0,105.808617,2.156945,,6.277066,0.627707,1e-06,3.099325,10.0,10.0,13.084751,0.0,13.084751,86.915249,64.350556,0.535679,0.809959,0.0,0.0
2026-08-30 05:16:06,10135.07,372223,1861,514.6806,598.9749,36.7,76.982727,-0.0,154.008606,2.157664,,7.407987,0.740799,2e-06,3.044803,10.0,10.0,11.534496,0.0,11.534496,88.465504,65.944341,0.540302,0.809959,0.0,0.0
2026-08-30 05:16:20,10149.14,372735,1863,547.2203,597.7122,36.7,94.710426,-0.0,189.464035,2.158869,,7.609536,0.760954,3e-06,2.361746,9.0,10.0,6.085984,0.0,6.085984,93.914016,71.435489,0.517407,0.809959,0.0,0.0
2026-08-30 05:16:34,10163.11,373247,1866,566.6851,597.8057,36.7,104.625809,0.0,209.294785,2.158282,,7.703596,0.77036,4e-06,2.09965,9.0,10.0,4.642959,0.0,4.642959,95.357041,72.090504,0.524717,0.809959,0.0,0.0
2026-08-30 05:16:48,10177.11,373759,1868,380.7623,594.4178,36.7,56.883656,0.0,113.810501,2.159311,,5.366184,0.536618,5e-06,2.349025,10.0,10.0,7.332794,0.0,7.332794,92.667206,70.625367,0.585533,0.809959,0.0,0.0
2026-08-30 05:17:02,10191.13,374271,1871,454.5668,591.3744,36.7,50.208912,0.0,100.461014,2.159311,,6.184319,0.618432,4e-06,1.864083,9.0,10.0,4.419103,0.0,4.419103,95.580897,73.049041,0.521307,0.809959,0.0,0.0
2026-08-30 05:17:16,10205.08,374783,1873,404.0397,588.5925,36.7,56.606049,-0.0,113.255272,2.158905,,6.43137,0.643137,1e-06,3.302058,10.0,10.0,20.932665,0.0,20.932665,79.067335,59.212204,0.525097,0.809959,0.0,0.0
2026-08-30 05:17:30,10219.02,375295,1876,758.4574,589.2891,36.7,224.115036,0.0,448.273346,2.164103,,10.109301,1.01093,4e-06,1.757944,8.0,10.0,2.669383,0.0,2.669383,97.330617,73.225954,0.458559,0.804409,0.0,0.0
2026-08-30 05:17:44,10232.83,375807,1879,644.429,589.9816,36.7,167.648682,-0.0,335.340729,2.167997,,8.698319,0.869832,5e-06,1.590817,9.0,10.0,4.809285,0.0,4.809285,95.190715,71.895349,0.461772,0.804409,0.0,0.0
2026-08-30 05:17:58,10246.71,376319,1881,523.9131,591.3074,36.7,86.878159,0.0,173.799713,2.169645,,7.286218,0.728622,3e-06,1.991761,10.0,10.0,8.212523,0.0,8.212523,91.787477,69.600404,0.467547,0.804409,0.0,0.0
2026-08-30 05:18:11,10260.56,376831,1884,654.2846,594.984,36.7,128.375793,0.0,256.795013,2.171562,,8.965684,0.896568,3e-06,1.813289,8.0,10.0,3.107079,0.0,3.107079,96.892921,73.171605,0.480845,0.804409,0.0,0.0
2026-08-30 05:18:25,10274.44,377343,1886,593.4326,597.0712,36.7,120.591743,0.0,241.226959,2.173303,,8.108948,0.810895,3e-06,1.654633,8.0,10.0,5.73303,0.0,5.73303,94.26697,71.409226,0.44916,0.804409,0.0,0.0
2026-08-30 05:18:39,10288.38,377855,1889,421.6661,596.3042,36.7,43.856678,-0.0,87.756828,2.173773,,6.382601,0.63826,1e-06,2.767541,10.0,10.0,15.638392,0.0,15.638392,84.361608,62.190556,0.467521,0.804409,0.0,0.0
2026-08-30 05:18:53,10302.28,378367,1891,435.3702,595.2492,36.7,59.104748,0.0,118.253014,2.175743,,5.91965,0.591965,3e-06,2.033714,9.0,10.0,3.118934,0.0,3.118934,96.881066,73.526481,0.530457,0.804409,0.0,0.0
2026-08-30 05:19:07,10316.14,378879,1894,519.3777,593.3006,36.7,93.531204,-0.0,187.105911,2.17505,,7.08216,0.708216,3e-06,1.924369,9.0,10.0,5.344055,0.0,5.344055,94.655945,71.41361,0.481747,0.804409,0.0,0.0
2026-08-30 05:19:21,10330.03,379391,1896,609.8751,594.7437,36.7,99.983131,0.0,200.00975,2.174537,,8.484983,0.848498,4e-06,1.450204,9.0,10.0,8.420291,0.0,8.420291,91.579709,69.380738,0.435665,0.804409,0.0,0.0
2026-08-30 05:19:35,10343.95,379903,1899,472.2271,596.4518,36.7,92.972595,0.0,185.988663,2.173565,,7.368769,0.736877,1e-06,2.193088,10.0,10.0,19.422316,0.0,19.422316,80.577684,59.697268,0.502686,0.804409,0.0,0.0
2026-08-30 05:19:49,10357.93,380415,1902,258.7609,594.0775,36.7,51.205727,0.0,102.45491,2.172803,,4.181509,0.418151,1e-06,2.210403,10.0,10.0,14.839766,0.0,14.839766,85.160234,64.357424,0.588297,0.804409,0.0,0.0
2026-08-30 05:20:03,10371.81,380927,1904,341.694,591.8539,36.7,51.246269,0.0,102.535965,2.171378,,4.615741,0.461574,4e-06,1.723698,9.0,10.0,3.259033,0.0,3.259033,96.740967,73.282794,0.536706,0.804409,0.0,0.0
2026-08-30 05:20:17,10385.7,381439,1907,554.8117,590.0832,36.7,96.452904,0.0,192.949142,2.166626,,7.619042,0.761904,2e-06,2.254241,10.0,10.0,7.070866,0.0,7.070866,92.929134,69.607901,0.448659,0.804409,0.0,0.0
2026-08-30 05:20:31,10399.66,381951,1909,674.5995,587.8461,36.7,139.969147,-0.0,279.981598,2.164868,,9.276937,0.927694,2e-06,2.11504,9.0,10.0,4.66191,0.0,4.66191,95.33809,71.663508,0.444541,0.804409,0.0,0.0
2026-08-30 05:20:44,10413.54,382463,1912,529.6131,586.4783,36.7,84.543861,-0.0,169.130966,2.16202,,7.643618,0.764362,2e-06,3.468993,10.0,10.0,12.522907,0.0,12.522907,87.477093,65.609624,0.469857,0.804409,0.0,0.0
2026-08-30 05:20:58,10427.42,382975,1914,611.2761,586.3546,36.7,122.539635,0.0,245.122513,2.161919,,8.747606,0.874761,2e-06,2.527649,10.0,10.0,10.666347,0.0,10.666347,89.333653,67.508936,0.485757,0.804409,0.0,0.0
2026-08-30 05:21:12,10441.38,383487,1917,720.6186,586.6937,36.7,155.740341,0.0,311.523895,2.160534,,10.592989,1.059299,2e-06,1.852141,10.0,10.0,14.100921,0.0,14.100921,85.899079,64.369366,0.450496,0.804409,0.0,0.0
2026-08-30 05:21:26,10455.16,383999,1920,884.5231,588.5834,36.7,243.585922,0.0,487.214996,2.158001,,12.125007,1.212501,3e-06,1.524455,7.0,10.0,1.062352,0.0,1.062352,98.937648,75.987227,0.438246,0.804409,0.0,0.0
2026-08-30 05:21:40,10469.11,384511,1922,846.3137,591.3483,36.7,285.655243,0.0,571.353638,2.156971,,12.064972,1.206497,4e-06,2.000356,9.0,10.0,8.362244,0.0,8.362244,91.637756,68.824744,0.485592,0.804409,0.0,0.0
2026-08-30 05:21:54,10483.09,385023,1925,860.9814,592.6899,36.7,262.437012,-0.0,524.917114,2.15456,,12.323775,1.232377,2e-06,2.120315,10.0,10.0,7.450067,0.0,7.450067,92.549933,69.561317,0.493837,0.804409,0.0,0.0
2026-08-30 05:22:08,10497.16,385535,1927,608.5576,590.0762,36.7,110.394814,-0.0,220.832672,2.152337,,8.910331,0.891033,2e-06,2.875664,10.0,10.0,14.396915,0.0,14.396915,85.603085,64.73337,0.450199,0.804409,0.0,0.0
2026-08-30 05:22:22,10511.13,386047,1930,566.6827,590.0537,36.7,165.176544,-0.0,330.396088,2.150495,,8.553137,0.855314,2e-06,2.165253,10.0,10.0,16.32702,0.0,16.32702,83.67298,63.15839,0.479993,0.804409,0.0,0.0
2026-08-30 05:22:36,10525.08,386559,1932,554.8236,589.7815,36.7,102.999763,-0.0,206.042526,2.149652,,7.976285,0.797629,3e-06,2.198115,10.0,10.0,13.184525,0.0,13.184525,86.815475,65.927944,0.479972,0.804409,0.0,0.0
2026-08-30 05:22:50,10539.1,387071,1935,540.5949,587.2903,36.7,72.848244,-0.0,145.739441,2.147811,,7.494866,0.749487,2e-06,2.322551,10.0,10.0,7.505657,0.0,7.505657,92.494343,69.425535,0.47452,0.804409,0.0,0.0
2026-08-30 05:23:04,10553.11,387583,1937,960.4251,589.2705,36.7,337.270111,-0.0,674.58313,2.145774,,13.922846,1.392285,3e-06,1.698332,9.0,10.0,9.891686,0.0,9.891686,90.108314,68.718185,0.449181,0.836505,0.0,0.0
2026-08-30 05:23:18,10567.1,388095,1940,889.2504,594.1296,36.7,273.088165,-0.0,546.219299,2.147355,,12.284805,1.228481,4e-06,1.506075,7.0,9.0,0.509909,0.0,0.509909,99.490091,75.926073,0.454628,0.836505,0.0,0.0
2026-08-30 05:23:32,10580.97,388607,1943,802.8395,598.0897,36.7,235.083221,0.0,470.209381,2.147164,,11.00953,1.100953,4e-06,1.488837,8.0,10.0,1.553686,0.0,1.553686,98.446314,74.906249,0.486776,0.836505,0.0,0.0
2026-08-30 05:23:46,10594.71,389119,1945,695.1732,600.1406,36.7,165.3909,0.0,330.824738,2.14633,,9.424113,0.942411,3e-06,1.471807,7.0,10.0,1.157645,0.0,1.157645,98.842355,75.701375,0.460387,0.836505,0.0,0.0
2026-08-30 05:23:59,10608.44,389631,1948,446.6878,597.6805,36.7,81.328316,0.0,162.69957,2.147193,,6.084201,0.60842,3e-06,1.591899,9.0,10.0,4.718983,0.0,4.718983,95.281017,72.208069,0.484761,0.836505,0.0,0.0
2026-08-30 05:24:13,10622.2,390143,1950,535.0973,595.2209,36.7,94.459244,-0.0,188.961502,2.150662,,7.170903,0.71709,3e-06,1.82233,8.0,10.0,2.406169,0.0,2.406169,97.593831,74.374581,0.492716,0.836505,0.0,0.0
2026-08-30 05:24:27,10636.0,390655,1953,624.3661,593.6794,36.7,117.540825,0.0,235.12471,2.153335,,8.826401,0.88264,2e-06,1.880647,9.0,10.0,6.9341,0.0,6.9341,93.0659,70.275263,0.475562,0.836505,0.0,0.0
2026-08-30 05:24:41,10649.96,391167,1955,713.2097,592.5252,36.7,155.087189,0.0,310.217499,2.156407,,10.091194,1.009119,3e-06,2.099966,10.0,10.0,9.0971,0.0,9.0971,90.9029,69.123461,0.466352,0.836505,0.0,0.0
2026-08-30 05:24:55,10663.8,391679,1958,844.6387,596.0881,36.7,192.658279,0.0,385.359741,2.158526,,11.679904,1.16799,2e-06,1.675092,8.0,10.0,3.992858,0.0,3.992858,96.007142,73.204276,0.447831,0.836505,0.0,0.0
2026-08-30 05:25:09,10677.7,392191,1960,468.544,594.4039,36.7,75.302132,-0.0,150.647491,2.161711,,7.02605,0.702605,1e-06,2.02074,10.0,10.0,14.249979,0.0,14.249979,85.750021,64.581583,0.474602,0.836505,0.0,0.0
2026-08-30 05:25:22,10691.46,392703,1963,395.8551,593.2352,36.7,49.166115,0.0,98.375572,2.167245,,5.272034,0.527203,5e-06,0.894589,4.0,9.0,1.687441,0.0,1.687441,98.312559,75.004767,0.55186,0.836505,0.0,0.0
2026-08-30 05:25:36,10705.36,393215,1966,657.4636,594.0163,36.7,149.885529,0.0,299.814453,2.1699,,8.865423,0.886542,3e-06,1.537035,8.0,10.0,2.065175,0.0,2.065175,97.934825,74.519638,0.469781,0.836505,0.0,0.0
2026-08-30 05:25:50,10719.21,393727,1968,750.152,595.043,36.7,174.634308,-0.0,349.312103,2.173846,,10.184795,1.01848,3e-06,2.146516,9.0,10.0,2.799387,0.0,2.799387,97.200613,74.064163,0.42732,0.836505,0.0,0.0
2026-08-30 05:26:04,10733.16,394239,1971,459.8079,594.7965,36.7,64.852921,0.0,129.749405,2.178185,,6.331849,0.633185,3e-06,2.128964,10.0,10.0,4.912258,0.0,4.912258,95.087742,71.579621,0.530953,0.836505,0.0,0.0
2026-08-30 05:26:18,10747.04,394751,1973,619.7833,596.6925,36.7,126.935196,0.0,253.914062,2.183269,,8.744672,0.874467,4e-06,1.498043,8.0,10.0,6.284389,0.0,6.284389,93.715611,71.838192,0.487248,0.836505,0.0,0.0
2026-08-30 05:26:32,10761.08,395263,1976,561.8327,597.6021,36.7,85.07074,0.0,170.185165,2.184112,,8.076496,0.80765,2e-06,2.230761,9.0,10.0,10.616523,0.0,10.616523,89.383477,67.52676,0.460834,0.836505,0.0,0.0
2026-08-30 05:26:46,10775.02,395775,1978,562.6766,599.0668,36.7,97.879417,0.0,195.802567,2.186203,,8.172516,0.817252,1e-06,2.696674,10.0,10.0,14.022858,0.0,14.022858,85.977142,64.598059,0.449439,0.836505,0.0,0.0
2026-08-30 05:27:00,10788.87,396287,1981,721.9534,601.0905,36.7,164.339951,0.0,328.723694,2.190314,,9.762604,0.97626,4e-06,1.298133,7.0,10.0,2.637198,0.0,2.637198,97.362802,73.987088,0.44379,0.836505,0.0,0.0
2026-08-30 05:27:14,10802.64,396799,1984,692.0402,600.6502,36.7,144.160767,-0.0,288.365387,2.19292,,9.216629,0.921663,4e-06,1.363463,7.0,10.0,1.113731,0.0,1.113731,98.886269,75.456053,0.429382,0.836505,0.0,0.0
2026-08-30 05:27:28,10816.6,397311,1986,461.1801,598.9866,36.7,71.522278,-0.0,143.088455,2.194935,,6.18707,0.618707,3e-06,1.69451,8.0,10.0,1.372744,0.0,1.372744,98.627256,75.17082,0.578953,0.836505,0.0,0.0
2026-08-30 05:27:41,10830.36,397823,1989,738.7372,601.4865,36.7,210.609055,-0.0,421.262024,2.195053,,10.146962,1.014696,4e-06,1.082797,4.0,9.0,0.309169,0.0,0.309169,99.690831,76.022517,0.540378,0.836505,0.0,0.0
2026-08-30 05:27:55,10844.16,398335,1991,690.0538,603.9704,36.7,157.245071,-0.0,314.534058,2.195122,,9.318587,0.931859,6e-06,0.841038,4.0,7.0,0.0,0.0,0.0,100.0,76.386563,0.479753,0.836505,0.0,0.0
2026-08-30 05:28:09,10858.16,398847,1994,781.2958,606.9781,36.7,203.672333,0.0,407.38858,2.196058,,10.985574,1.098557,4e-06,1.462088,8.0,10.0,4.219379,0.0,4.219379,95.780621,72.483173,0.508663,0.836505,0.0,0.0
2026-08-30 05:28:23,10872.1,399359,1996,671.9335,609.7903,36.7,124.578995,0.0,249.201889,2.194838,,9.370717,0.937072,3e-06,1.793219,10.0,10.0,7.166732,0.0,7.166732,92.833268,70.634486,0.42344,0.836505,0.0,0.0
2026-08-30 05:28:37,10886.04,399871,1999,537.0662,605.2346,36.7,93.578873,-0.0,187.20166,2.196082,,7.813101,0.78131,2e-06,1.506095,8.0,10.0,13.355932,0.0,13.355932,86.644068,64.961829,0.418981,0.836505,0.0,0.0
2026-08-30 05:28:51,10900.02,400383,2001,682.097,602.9093,36.7,166.979813,-0.0,334.00351,2.194673,,9.464751,0.946475,2e-06,2.420212,10.0,10.0,16.690033,0.0,16.690033,83.309967,63.119915,0.429616,0.317715,0.0,0.0
2026-08-30 05:29:05,10914.01,400895,2004,600.9005,601.2471,36.7,117.33477,-0.0,234.713455,2.19558,,8.064353,0.806435,2e-06,1.922302,9.0,10.0,8.454769,0.0,8.454769,91.545231,69.280997,0.442649,0.317715,0.0,0.0
2026-08-30 05:29:19,10927.95,401407,2007,480.3422,599.3088,36.7,76.606415,0.0,153.256744,2.195394,,6.579902,0.65799,2e-06,2.87117,10.0,10.0,13.358052,0.0,13.358052,86.641948,64.997415,0.481435,0.317715,0.0,0.0
2026-08-30 05:29:33,10941.92,401919,2009,678.1261,599.2852,36.7,141.724335,-0.0,283.492523,2.193122,,9.281826,0.928183,2e-06,3.609561,10.0,10.0,14.939024,0.0,14.939024,85.060976,63.957087,0.450314,0.317715,0.0,0.0
2026-08-30 05:29:47,10955.92,402431,2012,728.6131,599.9754,36.7,195.571457,0.0,391.186798,2.193653,,9.962874,0.996287,2e-06,2.616671,10.0,10.0,8.694488,0.0,8.694488,91.305512,68.05308,0.4903,0.317715,0.0,0.0
2026-08-30 05:30:01,10969.77,402943,2014,904.3536,603.4902,36.7,318.552429,-0.0,637.148743,2.19292,,12.59416,1.259416,3e-06,2.105583,9.0,10.0,5.899283,0.0,5.899283,94.100717,71.855598,0.525902,0.317715,0.0,0.0
2026-08-30 05:30:14,10983.51,403455,2017,637.133,604.9991,36.7,183.61821,0.0,367.280273,2.192647,,8.849622,0.884962,2e-06,1.520789,9.0,10.0,10.157938,0.0,10.157938,89.842062,67.939445,0.518496,0.317715,0.0,0.0
2026-08-30 05:30:28,10997.32,403967,2019,544.4832,604.167,36.7,96.305565,0.0,192.654907,2.188512,,7.757885,0.775788,1e-06,3.233727,10.0,10.0,18.601502,0.0,18.601502,81.398498,62.078507,0.470959,0.317715,0.0,0.0
2026-08-30 05:30:42,11011.12,404479,2022,751.5828,605.2745,36.7,220.705597,0.0,441.454987,2.189103,,10.116593,1.011659,3e-06,1.658653,9.0,10.0,3.513794,0.0,3.513794,96.486206,72.634636,0.456324,0.317715,0.0,0.0
2026-08-30 05:30:56,11024.93,404991,2024,798.6559,607.7838,36.7,194.801666,-0.0,389.647034,2.184958,,10.817316,1.081732,2e-06,2.549924,10.0,10.0,7.954404,0.0,7.954404,92.045596,69.194704,0.456271,0.317715,0.0,0.0
2026-08-30 05:31:10,11038.8,405503,2027,589.9235,608.5049,36.7,133.535034,0.0,267.11377,2.184453,,8.089532,0.808953,2e-06,2.073629,9.0,10.0,4.597342,0.0,4.597342,95.402658,72.04297,0.519271,0.317715,0.0,0.0
2026-08-30 05:31:24,11052.64,406015,2030,641.8736,609.081,36.7,154.42308,-0.0,308.889801,2.181981,,8.792799,0.87928,2e-06,2.224776,10.0,10.0,11.403131,0.0,11.403131,88.596869,66.75429,0.495934,0.317715,0.0,0.0
2026-08-30 05:31:38,11066.62,406527,2032,616.6607,608.5998,36.7,109.868454,0.0,219.780518,2.180824,,8.342439,0.834244,2e-06,2.355336,10.0,10.0,10.803414,0.0,10.803414,89.196586,67.665103,0.462833,0.317715,0.0,0.0
2026-08-30 05:31:51,11080.49,407039,2035,706.2887,609.5202,36.7,156.792633,0.0,313.628906,2.182226,,9.501459,0.950146,4e-06,1.613226,9.0,10.0,3.513596,0.0,3.513596,96.486404,73.382464,0.478629,0.317715,0.0,0.0
2026-08-30 05:32:05,11094.39,407551,2037,675.2666,607.9337,36.7,162.019653,0.0,324.082916,2.180368,,9.143497,0.91435,2e-06,2.419285,9.0,10.0,2.852014,0.0,2.852014,97.147986,73.899992,0.521086,0.317715,0.0,0.0
2026-08-30 05:32:19,11108.36,408063,2040,553.2225,606.1817,36.7,94.122658,-0.0,188.288925,2.180514,,7.311149,0.731115,3e-06,1.607789,8.0,10.0,3.06347,0.0,3.06347,96.93653,72.602564,0.482014,0.317715,0.0,0.0
2026-08-30 05:32:33,11122.28,408575,2042,625.5579,606.858,36.7,106.531822,0.0,213.107224,2.17903,,8.284713,0.828471,3e-06,1.979115,9.0,10.0,4.488227,0.0,4.488227,95.511773,72.688614,0.436931,0.317715,0.0,0.0
2026-08-30 05:32:47,11136.16,409087,2045,649.1642,608.0274,36.7,149.264328,-0.0,298.572235,2.17918,,8.626143,0.862614,4e-06,1.114626,5.0,10.0,1.878426,0.0,1.878426,98.121574,74.524971,0.457152,0.317715,0.0,0.0
2026-08-30 05:33:01,11150.14,409599,2048,501.6727,605.6062,36.7,100.151352,0.0,200.346191,2.174226,,7.065551,0.706555,1e-06,2.841326,10.0,10.0,16.374124,0.0,16.374124,83.625876,62.991557,0.469704,0.317715,0.0,0.0
2026-08-30 05:33:15,11164.1,410111,2050,888.4408,610.6202,36.7,287.582733,0.0,575.208984,2.176424,,12.250232,1.225023,4e-06,1.125127,5.0,10.0,2.566855,0.0,2.566855,97.433145,73.834469,0.473955,0.317715,0.0,0.0
2026-08-30 05:33:29,11178.0,410623,2053,492.3903,610.8322,36.7,90.419792,-0.0,180.883087,2.175362,,6.691896,0.66919,2e-06,2.078616,10.0,10.0,7.863041,0.0,7.863041,92.136959,69.725984,0.523492,0.317715,0.0,0.0
2026-08-30 05:33:43,11191.88,411135,2055,507.1581,607.761,36.7,70.318665,0.0,140.680832,2.175018,,6.739473,0.673947,2e-06,2.286927,9.0,10.0,4.05523,0.0,4.05523,95.94477,73.279995,0.484812,0.317715,0.0,0.0
2026-08-30 05:33:57,11205.71,411647,2058,439.3877,606.7575,36.7,71.70092,0.0,143.445389,2.177438,,5.869778,0.586978,3e-06,1.884973,9.0,10.0,4.140665,0.0,4.140665,95.859335,71.898148,0.538377,0.317715,0.0,0.0
2026-08-30 05:34:10,11219.57,412159,2060,371.3274,606.1084,36.7,43.415195,0.0,86.873985,2.179769,,4.957971,0.495797,3e-06,1.94075,10.0,10.0,5.159964,0.0,5.159964,94.840036,71.757875,0.576467,0.317715,0.0,0.0
2026-08-30 05:34:24,11233.34,412671,2063,683.7718,608.5653,36.7,170.329605,0.0,340.70282,2.180581,,9.143784,0.914378,5e-06,1.191037,7.0,10.0,1.753399,0.0,1.753399,98.246601,73.888857,0.510489,0.166914,0.0,0.0
2026-08-30 05:34:38,11247.2,413183,2065,873.2999,611.6451,36.7,287.848419,-0.0,575.740356,2.177191,,12.066824,1.206682,3e-06,1.839845,9.0,10.0,6.351475,0.0,6.351475,93.648525,71.600516,0.544078,0.166914,0.0,0.0
2026-08-30 05:34:52,11261.27,413695,2068,593.4185,612.8177,36.7,123.942177,0.0,247.927887,2.1767,,8.144326,0.814433,1e-06,3.52063,10.0,10.0,26.220807,0.0,26.220807,73.779193,53.542181,0.525845,0.166914,0.0,0.0
2026-08-30 05:35:06,11275.08,414207,2071,745.3861,613.7124,36.7,171.961761,-0.0,343.967133,2.179815,,10.059809,1.005981,4e-06,1.222294,7.0,10.0,5.024952,0.0,5.024952,94.975048,72.22719,0.470373,0.166914,0.0,0.0
2026-08-30 05:35:20,11288.97,414719,2073,750.8365,614.4149,36.7,177.900482,0.0,355.844574,2.180479,,10.138425,1.013842,3e-06,1.79134,9.0,10.0,4.829797,0.0,4.829797,95.170203,72.074154,0.475205,0.166914,0.0,0.0
2026-08-30 05:35:34,11302.88,415231,2076,576.2819,616.0796,36.7,109.99926,0.0,220.042099,2.179327,,7.693864,0.769386,1e-06,3.081773,10.0,10.0,9.487879,0.0,9.487879,90.512121,67.955861,0.533272,0.166914,0.0,0.0
2026-08-30 05:35:48,11316.74,415743,2078,573.1984,618.4139,36.7,83.26989,-0.0,166.583481,2.184883,,7.529562,0.752956,5e-06,1.434691,7.0,10.0,0.821476,0.0,0.821476,99.178524,75.684294,0.474102,0.166914,0.0,0.0
2026-08-30 05:36:02,11330.63,416255,2081,826.9125,621.1798,36.7,201.392349,0.0,402.828339,2.181788,,11.330669,1.133067,2e-06,2.588944,10.0,10.0,10.396566,0.0,10.396566,89.603434,66.898761,0.472349,0.166914,0.0,0.0
2026-08-30 05:36:15,11344.47,416767,2083,896.2721,624.8851,36.7,318.94812,0.0,637.93988,2.183034,,12.541358,1.254136,4e-06,2.008473,10.0,10.0,4.835437,0.0,4.835437,95.164563,72.682699,0.536614,0.166914,0.0,0.0
2026-08-30 05:36:29,11358.42,417279,2086,601.9516,625.3653,36.7,131.307251,0.0,262.658142,2.18259,,8.104768,0.810477,2e-06,3.274884,10.0,10.0,6.290528,0.0,6.290528,93.709472,69.921726,0.569956,0.166914,0.0,0.0
2026-08-30 05:36:43,11372.22,417791,2088,809.3903,625.6135,36.7,190.288849,0.0,380.621338,2.182598,,10.933547,1.093355,4e-06,2.424027,10.0,10.0,7.797793,0.0,7.797793,92.202207,69.564248,0.429776,0.166914,0.0,0.0
2026-08-30 05:36:57,11385.94,418303,2091,721.7748,625.4525,36.7,170.5681,-0.0,341.179901,2.184537,,9.610444,0.961044,4e-06,1.981886,8.0,10.0,2.221903,0.0,2.221903,97.778097,74.240107,0.459168,0.166914,0.0,0.0
2026-08-30 05:37:11,11399.72,418815,2094,581.045,625.9947,36.7,99.695145,-0.0,199.43396,2.183416,,7.727246,0.772725,3e-06,2.314907,10.0,10.0,7.192242,0.0,7.192242,92.807758,69.53021,0.477956,0.166914,0.0,0.0
2026-08-30 05:37:25,11413.65,419327,2096,652.0629,627.375,36.7,108.359924,-0.0,216.763504,2.182844,,8.809474,0.880947,3e-06,2.249484,10.0,10.0,8.923274,0.0,8.923274,91.076726,68.868825,0.47666,0.166914,0.0,0.0
2026-08-30 05:37:38,11427.51,419839,2099,925.6751,629.3577,36.7,270.227509,0.0,540.498657,2.183392,,12.620583,1.262058,3e-06,2.282285,9.0,10.0,4.743425,0.0,4.743425,95.256575,71.224846,0.508558,0.166914,0.0,0.0
2026-08-30 05:37:52,11441.37,420351,2101,952.4269,632.3062,36.7,295.849884,0.0,591.743469,2.184374,,12.835805,1.28358,2e-06,2.743483,10.0,10.0,4.047879,0.0,4.047879,95.952121,72.341691,0.479311,0.166914,0.0,0.0
2026-08-30 05:38:06,11455.19,420863,2104,877.2993,633.3059,36.7,236.469543,0.0,472.982819,2.186695,,11.671658,1.167166,5e-06,1.441447,8.0,10.0,2.369708,0.0,2.369708,97.630292,74.293226,0.425849,0.166914,0.0,0.0
2026-08-30 05:38:20,11469.11,421375,2106,764.3146,633.5672,36.7,207.954102,-0.0,415.951965,2.188489,,10.135844,1.013584,5e-06,1.44141,7.0,10.0,4.931496,0.0,4.931496,95.068504,72.563325,0.487957,0.166914,0.0,0.0
2026-08-30 05:38:34,11482.93,421887,2109,710.5691,634.168,36.7,178.363129,-0.0,356.77005,2.189494,,9.495263,0.949526,6e-06,0.775666,3.0,6.0,0.622454,0.0,0.622454,99.377546,76.017276,0.46509,0.166914,0.0,0.0
2026-08-30 05:38:48,11496.83,422399,2112,868.6397,638.0986,36.7,247.357269,0.0,494.758301,2.188156,,11.746316,1.174632,5e-06,0.879164,4.0,7.0,0.196416,0.0,0.196416,99.803584,76.012778,0.431882,0.166914,0.0,0.0
2026-08-30 05:39:02,11510.88,422911,2114,360.4116,637.4646,36.7,48.650326,-0.0,97.344429,2.18893,,5.009993,0.500999,1e-06,4.111611,10.0,10.0,26.737517,0.0,26.737517,73.262483,53.80901,0.578125,0.166914,0.0,0.0
2026-08-30 05:39:16,11524.83,423423,2117,485.5054,637.1729,36.7,70.73317,0.0,141.5103,2.197935,,6.395151,0.639515,5e-06,1.546091,9.0,10.0,3.760569,0.0,3.760569,96.239431,73.073881,0.545647,0.166914,0.0,0.0
2026-08-30 05:39:30,11538.74,423935,2119,651.7795,638.2185,36.7,123.430382,-0.0,246.904785,2.200981,,8.650219,0.865022,5e-06,1.765757,10.0,10.0,9.165044,0.0,9.165044,90.834956,68.708513,0.459533,0.166914,0.0,0.0
2026-08-30 05:39:44,11552.69,424447,2122,833.8709,640.8903,36.7,248.190811,0.0,496.42569,2.203015,,11.38274,1.138274,2e-06,2.386464,10.0,10.0,12.235948,0.0,12.235948,87.764052,65.368068,0.504612,0.166914,0.0,0.0
2026-08-30 05:39:58,11566.67,424959,2124,906.7781,646.1505,36.7,255.840683,0.0,511.725494,2.205741,,12.40784,1.240784,2e-06,2.668354,10.0,10.0,12.648129,0.0,12.648129,87.351871,66.352177,0.449094,0.166914,0.0,0.0
2026-08-30 05:40:11,11580.56,425471,2127,856.746,650.1723,36.7,250.534988,0.0,501.114166,2.209649,,11.458962,1.145896,3e-06,2.680818,10.0,10.0,5.769829,0.0,5.769829,94.230171,70.983961,0.490209,0.0,0.0,0.0
2026-08-30 05:40:25,11594.43,425983,2129,665.9527,652.7914,36.7,152.990768,-0.0,306.025726,2.209346,,9.011649,0.901165,1e-06,4.424875,10.0,10.0,21.037729,0.0,21.037729,78.962271,59.188917,0.514044,0.0,0.0,0.0
2026-08-30 05:40:39,11608.28,426495,2132,779.6325,653.0032,36.7,223.902298,0.0,447.848846,2.21213,,10.473755,1.047376,2e-06,2.953948,10.0,10.0,8.407286,0.0,8.407286,91.592714,68.999144,0.518451,0.0,0.0,0.0
2026-08-30 05:40:53,11622.05,427007,2135,726.4703,653.8236,36.7,213.95813,-0.0,427.96051,2.213284,,9.737996,0.9738,4e-06,2.05647,10.0,10.0,4.561224,0.0,4.561224,95.438776,72.033337,0.497409,0.0,0.0,0.0
2026-08-30 05:41:07,11635.86,427519,2137,616.2124,654.7466,36.7,152.867035,0.0,305.77832,2.212737,,8.208998,0.8209,2e-06,2.298164,10.0,10.0,7.578846,0.0,7.578846,92.421154,69.102891,0.530841,0.0,0.0,0.0
2026-08-30 05:41:21,11649.72,428031,2140,631.325,654.517,36.7,144.83313,-0.0,289.71051,2.212894,,8.314964,0.831496,4e-06,1.273725,6.0,10.0,5.954758,0.0,5.954758,94.045242,71.033713,0.501488,0.0,0.0,0.0
2026-08-30 05:41:35,11663.61,428543,2142,615.6069,654.7387,36.7,129.007782,-0.0,258.059784,2.21169,,8.120978,0.812098,4e-06,1.375743,8.0,10.0,6.000922,0.0,6.000922,93.999078,72.099261,0.465547,0.0,0.0,0.0
2026-08-30 05:41:49,11677.57,429055,2145,472.7634,655.2497,36.7,70.186371,0.0,140.416901,2.207702,,6.165792,0.616579,1e-06,4.696775,10.0,10.0,19.966079,0.0,19.966079,80.033921,58.52632,0.493038,0.0,0.0,0.0
2026-08-30 05:42:02,11691.56,429567,2147,646.8739,657.3647,36.7,113.393578,0.0,226.831329,2.20906,,8.594469,0.859447,2e-06,3.600883,10.0,10.0,12.992402,0.0,12.992402,87.007598,66.128671,0.462919,0.0,0.0,0.0
2026-08-30 05:42:16,11705.46,430079,2150,683.8999,659.0099,36.7,163.270157,0.0,326.584564,2.213017,,9.050221,0.905022,5e-06,1.429072,9.0,10.0,8.764692,0.0,8.764692,91.235308,68.994161,0.486897,0.0,0.0,0.0
2026-08-30 05:42:30,11719.4,430591,2152,536.8409,658.2796,36.7,104.320206,0.0,208.684723,2.215344,,7.088397,0.70884,4e-06,1.159401,6.0,10.0,2.940238,0.0,2.940238,97.059762,74.133906,0.508004,0.0,0.0,0.0
2026-08-30 05:42:44,11733.36,431103,2155,208.5078,655.6424,36.7,32.155064,0.0,64.354462,2.216544,,2.714945,0.271494,2e-06,2.94133,10.0,10.0,14.452821,0.0,14.452821,85.547179,63.697871,0.69638,0.0,0.0,0.0
2026-08-30 05:42:58,11747.23,431615,2158,390.2832,656.9576,36.7,46.629025,0.0,93.302444,2.219874,,5.135662,0.513566,3e-06,1.537327,9.0,10.0,1.71626,0.0,1.71626,98.28374,74.545991,0.616538,0.0,0.0,0.0
2026-08-30 05:43:12,11761.15,432127,2160,787.5663,661.4163,36.7,179.622269,0.0,359.288971,2.221194,,10.488109,1.048811,4e-06,1.572488,9.0,10.0,4.100768,0.0,4.100768,95.899232,72.952072,0.44315,0.0,0.0,0.0
2026-08-30 05:43:26,11774.93,432639,2163,945.1581,665.3198,36.7,282.981903,0.0,566.00824,2.222155,,13.077924,1.307792,3e-06,2.031866,8.0,10.0,1.792157,0.0,1.792157,98.207843,73.46902,0.492505,0.0,0.0,0.0
2026-08-30 05:43:40,11788.8,433151,2165,692.4391,665.4982,36.7,141.268539,-0.0,282.581543,2.223551,,9.149464,0.914946,2e-06,3.049747,10.0,10.0,14.424004,0.0,14.424004,85.575996,65.689375,0.455482,0.0,0.0,0.0
2026-08-30 05:43:54,11802.76,433663,2168,510.2082,665.3042,36.7,88.565361,0.0,177.175217,2.225044,,6.69789,0.669789,2e-06,2.937732,10.0,10.0,17.506255,0.0,17.506255,82.493745,61.617477,0.512297,0.0,0.0,0.0
2026-08-30 05:44:08,11816.77,434175,2170,615.9384,665.3508,36.7,107.995087,0.0,216.034668,2.224669,,8.090376,0.809038,2e-06,3.460245,10.0,10.0,19.406403,0.0,19.406403,80.593597,60.347069,0.495919,0.0,0.0,0.0
2026-08-30 05:44:22,11830.68,434687,2173,565.7288,663.8019,36.7,111.061325,0.0,222.167221,2.228909,,7.506239,0.750624,4e-06,1.257854,7.0,10.0,3.469377,0.0,3.469377,96.530623,73.441816,0.520048,0.0,0.0,0.0
2026-08-30 05:44:36,11844.61,435199,2176,718.4847,662.1415,36.7,204.352142,0.0,408.748871,2.22877,,9.575346,0.957535,4e-06,2.230503,10.0,10.0,4.312286,0.0,4.312286,95.687714,73.30049,0.520333,0.0,0.0,0.0
2026-08-30 05:44:50,11858.63,435711,2178,885.8375,662.5367,36.7,284.959808,0.0,569.964111,2.225965,,12.058719,1.205872,2e-06,2.655654,10.0,10.0,11.604701,0.0,11.604701,88.395299,66.363402,0.538327,0.0,0.0,0.0
2026-08-30 05:45:03,11872.54,436223,2181,750.8546,661.4355,36.7,188.384552,0.0,376.813629,2.226405,,10.066006,1.006601,3e-06,2.087177,10.0,10.0,8.223684,0.0,8.223684,91.776316,69.158692,0.479878,0.0,0.0,0.0
2026-08-30 05:45:17,11886.55,436735,2183,568.9707,661.0396,36.7,92.507317,-0.0,185.059158,2.226522,,7.473772,0.747377,2e-06,2.796235,10.0,10.0,18.805567,0.0,18.805567,81.194433,60.374457,0.49181,0.0,0.0,0.0
2026-08-30 05:45:31,11900.55,437247,2186,592.4621,661.2974,36.7,87.693253,-0.0,175.430984,2.223756,,7.841363,0.784136,2e-06,3.508515,10.0,10.0,11.47513,0.0,11.47513,88.52487,65.445073,0.46168,0.0,0.0,0.0
2026-08-30 05:45:46,11914.57,437759,2188,471.7145,660.4663,36.7,63.252121,0.0,126.548744,2.225215,,6.194742,0.619474,3e-06,2.221073,9.0,10.0,8.251873,0.0,8.251873,91.748127,69.365594,0.520054,0.150842,0.0,0.0
2026-08-30 05:45:59,11928.53,438271,2191,604.6036,661.1064,36.7,106.204552,-0.0,212.453598,2.224917,,8.086221,0.808622,2e-06,2.559889,10.0,10.0,10.495002,0.0,10.495002,89.504998,66.501705,0.486209,0.150842,0.0,0.0
2026-08-30 05:46:13,11942.41,438783,2193,747.8868,658.981,36.7,167.05896,0.0,334.162415,2.225416,,9.951943,0.995194,6e-06,0.936292,4.0,8.0,3.62866,0.0,3.62866,96.37134,73.620179,0.444065,0.150842,0.0,0.0
2026-08-30 05:46:27,11956.23,439295,2196,544.114,655.5296,36.7,76.2621,0.0,152.568695,2.224855,,7.209442,0.720944,5e-06,1.414735,8.0,10.0,2.776654,0.0,2.776654,97.223346,73.454048,0.472182,0.150842,0.0,0.0
2026-08-30 05:46:41,11970.17,439807,2199,316.377,650.665,36.7,44.76173,0.0,89.567955,2.224865,,4.223153,0.422315,3e-06,2.130615,10.0,10.0,10.68351,0.0,10.68351,89.31649,67.718724,0.610459,0.150842,0.0,0.0
2026-08-30 05:46:55,11983.97,440319,2201,512.205,648.8353,36.7,96.950157,0.0,193.944748,2.222,,6.933821,0.693382,3e-06,2.441275,10.0,10.0,16.534824,0.0,16.534824,83.465176,62.90453,0.532195,0.150842,0.0,0.0
2026-08-30 05:47:09,11997.75,440831,2204,841.2095,652.7806,36.7,226.710892,0.0,453.466217,2.22144,,11.199991,1.119999,4e-06,1.688268,7.0,10.0,2.89199,0.0,2.89199,97.10801,73.211287,0.463417,0.150842,0.0,0.0
2026-08-30 05:47:23,12011.78,441343,2206,613.6226,653.5658,36.7,133.788528,0.0,267.621307,2.212564,,8.262164,0.826216,2e-06,3.92452,10.0,10.0,21.096844,0.0,21.096844,78.903156,58.276105,0.481234,0.150842,0.0,0.0
2026-08-30 05:47:37,12025.65,441855,2209,574.8575,653.0707,36.7,111.458878,0.0,222.961914,2.207826,,7.749188,0.774919,2e-06,3.14091,10.0,10.0,21.80884,0.0,21.80884,78.19116,57.547145,0.48852,0.150842,0.0,0.0
2026-08-30 05:47:51,12039.6,442367,2211,718.2845,653.1215,36.7,138.257965,0.0,276.559967,2.201508,,9.634589,0.963459,5e-06,2.621807,10.0,10.0,7.197432,0.0,7.197432,92.802568,70.555455,0.462945,0.150842,0.0,0.0
2026-08-30 05:48:05,12053.69,442879,2214,679.3628,651.4687,36.7,139.642532,-0.0,279.328888,2.19178,,9.047729,0.904773,3e-06,3.030518,10.0,10.0,10.768151,0.0,10.768151,89.231849,66.648855,0.519101,0.150842,0.0,0.0
2026-08-30 05:48:19,12067.66,443391,2216,668.458,653.4678,36.7,132.138809,-0.0,264.321289,2.184264,,8.810377,0.881038,4e-06,2.900021,10.0,10.0,8.360388,0.0,8.360388,91.639612,69.566298,0.479216,0.150842,0.0,0.0
2026-08-30 05:48:32,12081.56,443903,2219,486.665,654.3759,36.7,105.292114,-0.0,210.627808,2.178615,,6.430848,0.643085,7e-06,1.815894,10.0,10.0,6.932293,0.0,6.932293,93.067707,69.860673,0.557337,0.150842,0.0,0.0
2026-08-30 05:48:47,12095.59,444415,2222,332.3354,651.1247,36.7,67.574242,-0.0,135.191864,2.169201,,4.493249,0.449325,6e-06,2.188766,10.0,10.0,14.695222,0.0,14.695222,85.304778,64.364698,0.669301,0.150842,0.0,0.0
2026-08-30 05:49:01,12109.62,444927,2224,439.6779,648.0199,36.7,71.742638,0.0,143.528809,2.176888,,5.800625,0.580063,5e-06,1.78059,9.0,10.0,5.619895,0.0,5.619895,94.380105,71.735678,0.59367,0.150842,0.0,0.0
2026-08-30 05:49:15,12123.57,445439,2227,822.974,651.6516,36.7,253.810242,0.0,507.664062,2.178796,,11.23068,1.123068,5e-06,2.094003,9.0,10.0,6.532903,0.0,6.532903,93.467097,70.531986,0.53631,0.150842,0.0,0.0
2026-08-30 05:49:28,12137.53,445951,2229,1069.1864,656.1456,36.7,384.361725,-0.0,768.76709,2.18052,,14.902511,1.490251,7e-06,1.377957,8.0,10.0,3.604063,0.0,3.604063,96.395937,73.151929,0.512332,0.150842,0.0,0.0
2026-08-30 05:49:42,12151.47,446463,2232,581.7905,656.3452,36.7,109.750374,0.0,219.544342,2.179837,,7.788898,0.77889,3e-06,2.78187,10.0,10.0,17.005415,0.0,17.005415,82.994585,60.978619,0.527542,0.150842,0.0,0.0
2026-08-30 05:49:56,12165.48,446975,2234,380.1631,654.5201,36.7,58.675144,0.0,117.393852,2.178226,,5.176772,0.517677,2e-06,3.726451,10.0,10.0,20.768458,0.0,20.768458,79.231542,59.87666,0.593209,0.150842,0.0,0.0
2026-08-30 05:50:10,12179.35,447487,2237,388.0923,651.1815,36.7,52.587173,-0.0,105.21804,2.1845,,5.118432,0.511843,3e-06,2.400513,10.0,10.0,5.416129,0.0,5.416129,94.583871,70.854933,0.623119,0.150842,0.0,0.0
2026-08-30 05:50:24,12193.24,447999,2240,449.8621,648.7597,36.7,45.038025,0.0,90.119766,2.185943,,6.017523,0.601752,3e-06,3.11885,10.0,10.0,9.733882,0.0,9.733882,90.266118,67.757424,0.598605,0.150842,0.0,0.0
2026-08-30 05:50:38,12207.19,448511,2242,444.3847,648.5917,36.7,63.454647,-0.0,126.953079,2.189106,,5.966134,0.596613,3e-06,2.600049,10.0,10.0,11.983687,0.0,11.983687,88.016313,65.963221,0.609175,0.150842,0.0,0.0
2026-08-30 05:50:52,12221.12,449023,2245,543.6794,646.6411,36.7,103.167984,-0.0,206.379761,2.1894,,7.243187,0.724319,3e-06,2.536019,10.0,10.0,11.235304,0.0,11.235304,88.764696,66.6153,0.528484,0.150842,0.0,0.0
2026-08-30 05:51:06,12235.04,449535,2247,618.42,645.9248,36.7,123.310844,0.0,246.665482,2.189893,,8.25335,0.825335,2e-06,2.995259,10.0,10.0,12.443281,0.0,12.443281,87.556719,66.117085,0.501288,0.150842,0.0,0.0
2026-08-30 05:51:20,12248.95,450047,2250,509.8996,643.2108,36.7,81.732544,0.0,163.508896,2.190193,,6.763137,0.676314,3e-06,2.257829,9.0,10.0,7.813058,0.0,7.813058,92.186942,70.209606,0.515063,0.34455,0.0,0.0
2026-08-30 05:51:34,12262.84,450559,2252,605.5585,642.5471,36.7,108.901863,0.0,217.847565,2.191694,,8.082421,0.808242,4e-06,1.473799,8.0,10.0,1.99372,0.0,1.99372,98.00628,74.682355,0.539263,0.34455,0.0,0.0
2026-08-30 05:51:48,12276.84,451071,2255,588.7536,643.064,36.7,104.103264,0.0,208.25029,2.188027,,8.200015,0.820002,2e-06,3.811138,10.0,10.0,19.198015,0.0,19.198015,80.801985,60.288353,0.4906,0.34455,0.0,0.0
2026-08-30 05:52:02,12290.7,451583,2257,772.3598,643.9666,36.7,177.870392,0.0,355.784637,2.192699,,10.245534,1.024553,6e-06,1.082719,5.0,9.0,0.575633,0.0,0.575633,99.424367,76.03057,0.443318,0.34455,0.0,0.0
2026-08-30 05:52:16,12304.73,452095,2260,539.8206,643.3558,36.7,83.750641,0.0,167.54512,2.191834,,7.38641,0.738641,3e-06,2.167085,10.0,10.0,12.632156,0.0,12.632156,87.367844,66.035654,0.505235,0.34455,0.0,0.0
2026-08-30 05:52:30,12318.68,452607,2263,705.3511,645.6059,36.7,149.69725,0.0,299.438385,2.194856,,9.510495,0.951049,6e-06,1.717229,10.0,10.0,8.509043,0.0,8.509043,91.490957,69.320888,0.446439,0.34455,0.0,0.0
2026-08-30 05:52:43,12332.53,453119,2265,788.96,646.7142,36.7,178.087509,0.0,356.218933,2.196356,,10.536068,1.053607,7e-06,0.996966,5.0,10.0,2.44219,0.0,2.44219,97.55781,74.344045,0.412009,0.34455,0.0,0.0
2026-08-30 05:52:57,12346.45,453631,2268,654.5129,645.9732,36.7,186.469193,-0.0,372.982269,2.193787,,9.314709,0.931471,3e-06,1.969714,10.0,10.0,16.232187,0.0,16.232187,83.767813,62.673115,0.548812,0.34455,0.0,0.0
2026-08-30 05:53:11,12360.44,454143,2270,486.0203,641.7899,36.7,110.300636,0.0,220.645218,2.196977,,6.665366,0.666537,6e-06,1.782661,10.0,10.0,8.96323,0.0,8.96323,91.03677,70.061485,0.623505,0.34455,0.0,0.0
2026-08-30 05:53:25,12374.28,454655,2273,450.0412,639.919,36.7,77.284729,-0.0,154.613449,2.199923,,6.167009,0.616701,3e-06,1.708666,10.0,10.0,7.699179,0.0,7.699179,92.300821,70.245605,0.600531,0.34455,0.0,0.0
2026-08-30 05:53:39,12388.09,455167,2275,716.0305,641.6344,36.7,155.841003,-0.0,311.726044,2.201824,,9.489121,0.948912,4e-06,1.464466,7.0,10.0,0.563882,0.0,0.563882,99.436118,76.244674,0.45255,0.34455,0.0,0.0
2026-08-30 05:53:53,12402.01,455679,2278,935.0106,643.4687,36.7,259.611267,-0.0,519.266602,2.2022,,12.707953,1.270795,4e-06,1.427875,9.0,10.0,5.946666,0.0,5.946666,94.053334,71.4134,0.470776,0.34455,0.0,0.0
2026-08-30 05:54:07,12415.86,456191,2280,496.2216,640.4444,36.7,113.048813,-0.0,226.141754,2.206071,,6.75327,0.675327,5e-06,1.191446,8.0,10.0,7.569323,0.0,7.569323,92.430677,70.691926,0.513703,0.34455,0.0,0.0
2026-08-30 05:54:21,12429.86,456703,2283,372.2088,638.2672,36.7,64.282204,-0.0,128.608551,2.206935,,5.148569,0.514857,2e-06,2.673874,10.0,10.0,8.390277,0.0,8.390277,91.609723,69.531115,0.582392,0.34455,0.0,0.0
2026-08-30 05:54:35,12443.86,457215,2286,511.2929,636.9614,36.7,119.137566,0.0,238.31926,2.206209,,7.037803,0.70378,2e-06,2.409898,10.0,10.0,12.309855,0.0,12.309855,87.690145,66.103293,0.551221,0.34455,0.0,0.0
2026-08-30 05:54:49,12457.89,457727,2288,403.0596,634.8254,36.7,65.195984,-0.0,130.436142,2.208583,,5.403144,0.540314,4e-06,2.146594,10.0,10.0,5.661721,0.0,5.661721,94.338279,71.735207,0.592804,0.34455,0.0,0.0
2026-08-30 05:55:03,12471.8,458239,2291,627.2017,634.0345,36.7,160.060501,0.0,320.165192,2.208925,,8.393871,0.839387,4e-06,1.253496,6.0,10.0,2.45145,0.0,2.45145,97.54855,74.816853,0.506158,0.34455,0.0,0.0
2026-08-30 05:55:17,12485.66,458751,2293,1002.9958,637.3118,36.7,376.883545,0.0,753.811218,2.205613,,13.832449,1.383245,3e-06,1.711225,9.0,10.0,1.854203,0.0,1.854203,98.145797,74.756555,0.547947,0.34455,0.0,0.0
2026-08-30 05:55:31,12499.65,459263,2296,698.589,638.7655,36.7,180.505829,0.0,361.055756,2.20447,,9.474477,0.947448,2e-06,2.370246,10.0,10.0,8.830578,0.0,8.830578,91.169422,68.608604,0.505118,0.34455,0.0,0.0
2026-08-30 05:55:45,12513.68,459775,2298,632.7505,638.8374,36.7,118.445,-0.0,236.934067,2.203571,,8.829661,0.882966,3e-06,1.954689,10.0,10.0,13.424583,0.0,13.424583,86.575417,66.812743,0.468768,0.34455,0.0,0.0
2026-08-30 05:55:59,12527.63,460287,2301,656.6419,638.9122,36.7,128.563156,-0.0,257.17038,2.203902,,8.916251,0.891625,4e-06,1.746728,10.0,10.0,8.894837,0.0,8.894837,91.105163,69.104759,0.445432,0.34455,0.0,0.0
2026-08-30 05:56:12,12541.53,460799,2304,725.6691,641.1522,36.7,173.449036,-0.0,346.942108,2.202441,,9.959174,0.995917,3e-06,1.869087,10.0,10.0,11.918769,0.0,11.918769,88.081231,67.130704,0.438872,0.34455,0.0,0.0
2026-08-30 05:56:26,12555.36,461311,2306,720.7964,639.4757,36.7,160.084854,0.0,320.213715,2.200987,,9.778737,0.977874,3e-06,1.720151,10.0,10.0,7.062777,0.0,7.062777,92.937223,70.321159,0.477806,0.34455,0.0,0.0
2026-08-30 05:56:40,12569.26,461823,2309,796.2366,642.5142,36.7,219.702316,-0.0,439.448639,2.19982,,10.818535,1.081854,2e-06,2.399839,10.0,10.0,10.226592,0.0,10.226592,89.773408,67.656923,0.470383,0.34455,0.0,0.0
2026-08-30 05:56:54,12583.07,462335,2311,564.1337,643.0839,36.7,105.194046,0.0,210.432114,2.200874,,7.503768,0.750377,3e-06,2.174038,10.0,10.0,3.975775,0.0,3.975775,96.024225,73.015806,0.477341,0.34455,0.0,0.0
2026-08-30 05:57:08,12596.88,462847,2314,251.2733,641.2028,36.7,50.169147,-0.0,100.382355,2.202986,,3.337426,0.333743,3e-06,1.43752,8.0,10.0,3.510866,0.0,3.510866,96.489134,74.201331,0.635475,0.199505,0.0,0.0
2026-08-30 05:57:22,12610.82,463359,2316,355.6061,641.0456,36.7,45.766129,0.0,91.576347,2.204565,,4.69871,0.469871,4e-06,1.362554,9.0,10.0,5.453455,0.0,5.453455,94.546545,72.797923,0.559405,0.199505,0.0,0.0
2026-08-30 05:57:36,12624.8,463871,2319,426.9938,638.4778,36.7,76.885872,0.0,153.815903,2.207766,,5.743279,0.574328,3e-06,2.349636,10.0,10.0,11.906545,0.0,11.906545,88.093455,66.85919,0.538044,0.199505,0.0,0.0
2026-08-30 05:57:50,12638.66,464383,2321,472.8801,634.4736,36.7,54.285828,0.0,108.615845,2.209489,,6.317124,0.631712,3e-06,1.520892,9.0,10.0,5.314245,0.0,5.314245,94.685755,72.168918,0.500635,0.199505,0.0,0.0
2026-08-30 05:58:04,12652.6,464895,2324,481.8695,633.3581,36.7,71.281517,0.0,142.607254,2.210845,,6.470525,0.647053,1e-06,2.740791,10.0,10.0,10.853917,0.0,10.853917,89.146083,66.887091,0.505688,0.199505,0.0,0.0
2026-08-30 05:58:18,12666.6,465407,2327,675.4628,632.6589,36.7,178.379822,-0.0,356.803894,2.211788,,9.229471,0.922947,2e-06,2.466095,10.0,10.0,12.463229,0.0,12.463229,87.536771,65.593964,0.502661,0.199505,0.0,0.0
2026-08-30 05:58:31,12680.45,465919,2329,665.6825,631.8073,36.7,151.640915,0.0,303.326141,2.215114,,8.934323,0.893432,5e-06,1.282599,7.0,10.0,3.714956,0.0,3.714956,96.285044,72.997776,0.499226,0.199505,0.0,0.0
2026-08-30 05:58:45,12694.41,466431,2332,664.4767,632.6893,36.7,135.444565,-0.0,270.933441,2.215469,,8.950649,0.895065,3e-06,2.37276,10.0,10.0,6.890714,0.0,6.890714,93.109286,69.502051,0.491871,0.199505,0.0,0.0
2026-08-30 05:58:59,12708.37,466943,2334,814.9773,635.1071,36.7,217.302521,-0.0,434.649323,2.21335,,11.047215,1.104721,3e-06,1.909839,9.0,10.0,5.124036,0.0,5.124036,94.875964,71.335466,0.485959,0.199505,0.0,0.0
2026-08-30 05:59:13,12722.4,467455,2337,712.2092,633.96,36.7,169.762924,0.0,339.570129,2.213834,,9.597563,0.959756,3e-06,2.021068,10.0,10.0,4.749458,0.0,4.749458,95.250542,71.526974,0.535752,0.199505,0.0,0.0
2026-08-30 05:59:27,12736.32,467967,2339,488.4306,629.8816,36.7,85.635788,-0.0,171.315842,2.213454,,6.441776,0.644178,3e-06,2.241093,9.0,10.0,2.007809,0.0,2.007809,97.992191,75.289695,0.572161,0.199505,0.0,0.0
2026-08-30 05:59:41,12750.32,468479,2342,548.7832,629.3499,36.7,85.320038,0.0,170.684311,2.211775,,7.317589,0.731759,2e-06,2.907272,10.0,10.0,9.559867,0.0,9.559867,90.440133,67.569651,0.511319,0.199505,0.0,0.0
2026-08-30 05:59:55,12764.16,468991,2344,835.0466,629.6065,36.7,215.457153,0.0,430.958496,2.209301,,11.314025,1.131403,2e-06,3.022613,10.0,10.0,14.709952,0.0,14.709952,85.290048,64.703681,0.434832,0.199505,0.0,0.0
2026-08-30 06:00:09,12778.14,469503,2347,546.1284,627.85,36.7,94.463074,0.0,188.970322,2.208688,,7.464841,0.746484,2e-06,3.165833,10.0,10.0,13.617687,0.0,13.617687,86.382313,65.068015,0.488482,0.199505,0.0,0.0
2026-08-30 06:00:23,12792.04,470015,2350,538.6076,627.4257,36.7,107.848595,0.0,215.741318,2.206454,,7.40964,0.740964,2e-06,2.519611,10.0,10.0,13.412305,0.0,13.412305,86.587695,65.690689,0.528673,0.199505,0.0,0.0
2026-08-30 06:00:37,12805.83,470527,2352,555.6528,626.4616,36.7,86.290474,0.0,172.625137,2.209566,,7.28689,0.728689,4e-06,1.288822,7.0,10.0,1.57166,0.0,1.57166,98.42834,75.597575,0.443231,0.199505,0.0,0.0
2026-08-30 06:00:51,12819.69,471039,2355,441.919,621.624,36.7,81.32888,-0.0,162.701935,2.208853,,5.818803,0.58188,4e-06,1.331108,6.0,9.0,2.098852,0.0,2.098852,97.901148,74.831508,0.527613,0.199505,0.0,0.0
2026-08-30 06:01:05,12833.76,471551,2357,597.3916,618.0737,36.7,119.345352,-0.0,238.734863,2.20776,,8.172338,0.817234,2e-06,2.659486,10.0,10.0,14.706434,0.0,14.706434,85.293566,64.599508,0.486107,0.199505,0.0,0.0
2026-08-30 06:01:19,12847.68,472063,2360,694.0181,616.2408,36.7,176.680481,-0.0,353.405182,2.210391,,9.275361,0.927536,5e-06,1.295897,7.0,10.0,2.018095,0.0,2.018095,97.981905,74.482779,0.473092,0.199505,0.0,0.0
2026-08-30 06:01:32,12861.54,472575,2362,630.9535,614.9072,36.7,130.391525,0.0,260.82724,2.210105,,8.451434,0.845143,3e-06,1.631694,7.0,10.0,1.48542,0.0,1.48542,98.51458,74.703388,0.487453,0.199505,0.0,0.0
2026-08-30 06:01:46,12875.57,473087,2365,712.4758,614.9263,36.7,141.13678,-0.0,282.317749,2.209046,,9.516893,0.951689,2e-06,2.62577,10.0,10.0,7.812439,0.0,7.812439,92.187561,69.378745,0.450946,0.199505,0.0,0.0
2026-08-30 06:02:00,12889.47,473599,2368,768.3474,613.9234,36.7,202.045624,0.0,404.135468,2.210466,,10.534531,1.053453,3e-06,2.733667,10.0,10.0,7.569922,0.0,7.569922,92.430078,69.603746,0.465471,0.199505,0.0,0.0
2026-08-30 06:02:14,12903.33,474111,2370,731.6403,617.6357,36.7,148.685867,0.0,297.416016,2.213518,,9.705868,0.970587,5e-06,0.898884,4.0,10.0,5.154048,0.0,5.154048,94.845952,72.468677,0.435521,0.199505,0.0,0.0
2026-08-30 06:02:28,12917.32,474623,2373,521.9147,617.9998,36.7,79.292572,0.0,158.629395,2.212443,,7.00073,0.700073,3e-06,2.33415,10.0,10.0,9.691092,0.0,9.691092,90.308908,68.019439,0.535178,0.199505,0.0,0.0
2026-08-30 06:02:42,12931.19,475135,2375,618.6229,617.6682,36.7,104.731735,0.0,209.507721,2.212371,,8.200522,0.820052,5e-06,1.830816,9.0,10.0,5.630399,0.0,5.630399,94.369601,71.401899,0.517052,0.0,0.0,0.0
2026-08-30 06:02:56,12945.04,475647,2378,697.0698,616.3002,36.7,152.541306,0.0,305.126801,2.209896,,9.354455,0.935445,3e-06,2.385741,10.0,10.0,7.918575,0.0,7.918575,92.081425,70.015281,0.516954,0.0,0.0,0.0
2026-08-30 06:03:10,12958.89,476159,2380,470.6383,611.9388,36.7,99.724174,-0.0,199.492523,2.208992,,6.144952,0.614495,2e-06,2.752463,10.0,10.0,16.290919,0.0,16.290919,83.709081,63.454021,0.520246,0.0,0.0,0.0
2026-08-30 06:03:24,12972.78,476671,2383,359.9557,606.9709,36.7,78.552284,0.0,157.148788,2.210961,,4.686924,0.468692,3e-06,2.176558,9.0,10.0,4.982514,0.0,4.982514,95.017486,72.208436,0.605209,0.0,0.0,0.0
2026-08-30 06:03:38,12986.69,477183,2385,388.0661,604.192,36.7,46.937943,-0.0,93.920151,2.213347,,5.062085,0.506209,2e-06,3.395685,10.0,10.0,13.076405,0.0,13.076405,86.923595,66.420935,0.558791,0.0,0.0,0.0
2026-08-30 06:03:52,13000.7,477695,2388,379.6313,600.192,36.7,64.006859,-0.0,128.05809,2.218988,,4.951262,0.495126,3e-06,2.952138,10.0,10.0,13.632754,0.0,13.632754,86.367246,64.687831,0.623951,0.0,0.0,0.0
2026-08-30 06:04:06,13014.66,478207,2391,410.1758,597.0291,36.7,58.08601,-0.0,116.21669,2.233548,,5.353068,0.535307,3e-06,2.777669,10.0,10.0,6.379898,0.0,6.379898,93.620102,71.186865,0.580584,0.0,0.0,0.0
2026-08-30 06:04:20,13028.72,478719,2393,457.561,595.4425,36.7,66.457535,0.0,132.959991,2.246094,,5.992152,0.599215,3e-06,3.10746,10.0,10.0,10.221989,0.0,10.221989,89.778011,67.95169,0.617994,0.0,0.0,0.0
2026-08-30 06:04:34,13042.75,479231,2396,394.5703,593.075,36.7,72.518852,-0.0,145.082794,2.254147,,5.166996,0.5167,1e-06,3.271025,10.0,10.0,27.508475,0.0,27.508475,72.491525,53.493857,0.598143,0.0,0.0,0.0
2026-08-30 06:04:48,13056.73,479743,2398,542.4897,592.3438,36.7,85.329857,-0.0,170.705032,2.265746,,7.119,0.7119,3e-06,2.283468,10.0,10.0,13.03823,0.0,13.03823,86.96177,64.93936,0.516573,0.0,0.0,0.0
2026-08-30 06:05:02,13070.72,480255,2401,601.3454,593.6296,36.7,106.199059,0.0,212.443588,2.273798,,7.910239,0.791024,3e-06,2.035916,10.0,10.0,16.306519,0.0,16.306519,83.693481,62.418915,0.511273,0.0,0.0,0.0
2026-08-30 06:05:16,13084.75,480767,2403,544.5549,592.6065,36.7,102.577118,0.0,205.19986,2.281319,,7.17003,0.717003,5e-06,2.467463,10.0,10.0,13.276908,0.0,13.276908,86.723092,65.087131,0.536494,0.0,0.0,0.0
2026-08-30 06:05:30,13098.71,481279,2406,643.9648,592.2071,36.7,130.578674,0.0,261.203094,2.287192,,8.444792,0.844479,4e-06,2.502046,10.0,10.0,12.468747,0.0,12.468747,87.531253,65.470536,0.47669,0.0,0.0,0.0
2026-08-30 06:05:44,13112.76,481791,2408,800.8313,594.847,36.7,191.935699,0.0,383.917206,2.291027,,10.68682,1.068682,3e-06,2.7725,10.0,10.0,12.539372,0.0,12.539372,87.460628,66.458556,0.502448,0.0,0.0,0.0
2026-08-30 06:05:58,13126.65,482303,2411,700.6956,599.7689,36.7,155.570465,0.0,311.186829,2.29512,,9.264479,0.926448,4e-06,1.765432,10.0,10.0,9.739118,0.0,9.739118,90.260882,67.397115,0.47563,0.0,0.0,0.0
2026-08-30 06:06:12,13140.72,482815,2414,422.3446,600.0895,36.7,61.47237,-0.0,122.990662,2.296006,,5.50644,0.550644,1e-06,4.786942,10.0,10.0,30.775459,0.0,30.775459,69.224541,51.248394,0.57179,0.0,0.0,0.0
2026-08-30 06:06:25,13154.54,483327,2416,820.1767,600.4156,36.7,188.262894,-0.0,376.571747,2.297363,,11.020032,1.102003,3e-06,2.352589,10.0,10.0,6.868771,0.0,6.868771,93.131229,70.973721,0.451611,0.0,0.0,0.0
2026-08-30 06:06:39,13168.36,483839,2419,816.2042,599.1261,36.7,239.366516,0.0,478.779022,2.299514,,10.878862,1.087886,6e-06,1.462603,9.0,10.0,2.821347,0.0,2.821347,97.178653,72.694182,0.514135,0.0,0.0,0.0
2026-08-30 06:06:53,13182.16,484351,2421,624.1781,598.4435,36.7,167.635147,0.0,335.316284,2.299262,,8.240957,0.824096,5e-06,1.966431,10.0,10.0,10.287141,0.0,10.287141,89.712859,68.558557,0.542638,0.0,0.0,0.0
2026-08-30 06:07:07,13195.94,484863,2424,665.7343,599.9987,36.7,157.133881,0.0,314.313751,2.29957,,8.780988,0.878099,5e-06,1.345474,10.0,10.0,15.058029,0.0,15.058029,84.941971,63.406617,0.475362,0.0,0.0,0.0
2026-08-30 06:07:21,13209.82,485375,2426,875.5789,602.5951,36.7,246.432495,0.0,492.91098,2.299025,,11.664213,1.166421,5e-06,1.832785,10.0,10.0,9.168912,0.0,9.168912,90.831088,68.422379,0.502298,0.0,0.0,0.0
2026-08-30 06:07:35,13223.87,485887,2429,740.0936,604.3388,36.7,150.270706,0.0,300.587402,2.298968,,9.761887,0.976189,3e-06,2.580389,10.0,10.0,6.534847,0.0,6.534847,93.465153,70.402586,0.484154,0.0,0.0,0.0
2026-08-30 06:07:49,13237.72,486399,2432,622.7196,603.3811,36.7,99.935127,0.0,199.916245,2.299798,,8.181051,0.818105,5e-06,1.562233,8.0,10.0,1.215015,0.0,1.215015,98.784985,75.38124,0.499667,0.0,0.0,0.0
2026-08-30 06:08:03,13251.63,486911,2434,622.5029,600.7478,36.7,98.128616,0.0,196.303223,2.299435,,8.151682,0.815168,4e-06,1.674165,9.0,10.0,2.673372,0.0,2.673372,97.326628,74.092,0.507849,0.0,0.0,0.0
2026-08-30 06:08:16,13265.5,487423,2437,608.0748,599.32,36.7,129.029846,0.0,258.105682,2.299054,,7.950089,0.795009,4e-06,1.627793,7.0,10.0,4.790205,0.0,4.790205,95.209795,72.414461,0.479746,0.0,0.0,0.0
2026-08-30 06:08:30,13279.54,487935,2439,640.0888,600.0312,36.7,157.025131,0.0,314.096252,2.299026,,8.634568,0.863457,7e-06,1.787862,10.0,10.0,8.562691,0.0,8.562691,91.437309,69.463338,0.515273,0.296391,0.0,0.0
2026-08-30 06:08:44,13293.55,488447,2442,625.1219,600.3578,36.7,150.871628,0.0,301.789215,2.297738,,8.566718,0.856672,3e-06,3.526228,10.0,10.0,14.884056,0.0,14.884056,85.115944,63.012372,0.559395,0.296391,0.0,0.0
2026-08-30 06:08:58,13307.46,488959,2444,830.114,603.9417,36.7,214.091354,-0.0,428.228668,2.297394,,10.992762,1.099276,6e-06,1.979336,10.0,10.0,4.81274,0.0,4.81274,95.18726,72.659586,0.474784,0.296391,0.0,0.0
2026-08-30 06:09:12,13321.34,489471,2447,602.6696,603.9224,36.7,98.367249,0.0,196.780457,2.298014,,7.953463,0.795346,6e-06,1.294933,9.0,10.0,3.579744,0.0,3.579744,96.420256,73.192083,0.512989,0.296391,0.0,0.0
2026-08-30 06:09:26,13335.2,489983,2449,425.7051,600.7006,36.7,40.642673,0.0,81.331314,2.298365,,5.625897,0.56259,9e-06,1.112577,9.0,10.0,3.49135,0.0,3.49135,96.50865,73.507497,0.624311,0.296391,0.0,0.0
2026-08-30 06:09:40,13349.03,490495,2452,704.7898,602.3073,36.7,124.966682,0.0,249.979324,2.297612,,9.40488,0.940488,4e-06,1.497953,9.0,10.0,6.978207,0.0,6.978207,93.021793,70.03257,0.473658,0.296391,0.0,0.0
2026-08-30 06:09:54,13362.93,491007,2455,558.9044,604.7326,36.7,131.610184,0.0,263.266327,2.298142,,7.677175,0.767717,5e-06,1.991739,10.0,10.0,16.705032,0.0,16.705032,83.294968,62.395015,0.490839,0.296391,0.0,0.0
2026-08-30 06:10:08,13376.79,491519,2457,477.7737,604.3883,36.7,79.070267,0.0,158.186508,2.299,,6.418456,0.641846,5e-06,1.63202,9.0,10.0,5.747097,0.0,5.747097,94.252903,71.53387,0.56223,0.296391,0.0,0.0
2026-08-30 06:10:22,13390.79,492031,2460,424.6107,600.2223,36.7,82.613129,-0.0,165.272247,2.299406,,5.838104,0.58381,4e-06,2.071054,10.0,10.0,13.225706,0.0,13.225706,86.774294,65.528454,0.567441,0.296391,0.0,0.0
2026-08-30 06:10:36,13404.77,492543,2462,473.3224,598.8193,36.7,74.809921,0.0,149.665817,2.298684,,6.457991,0.645799,4e-06,2.975024,10.0,10.0,14.86257,0.0,14.86257,85.13743,63.966549,0.535585,0.296391,0.0,0.0
2026-08-30 06:10:50,13418.66,493055,2465,531.2358,598.3831,36.7,106.356682,0.0,212.759308,2.297234,,7.041665,0.704167,4e-06,2.152933,9.0,10.0,4.885741,0.0,4.885741,95.114259,72.365662,0.580452,0.296391,0.0,0.0
2026-08-30 06:11:04,13432.68,493567,2467,345.7764,594.658,36.7,53.230869,0.0,106.507622,2.294292,,4.84978,0.484978,5e-06,2.330073,10.0,10.0,16.512131,0.0,16.512131,83.487869,62.756648,0.616313,0.296391,0.0,0.0
2026-08-30 06:11:18,13446.63,494079,2470,355.2538,591.4169,36.7,71.85701,-0.0,143.759628,2.280745,,4.831521,0.483152,4e-06,1.968017,10.0,10.0,10.372291,0.0,10.372291,89.627709,67.616656,0.629853,0.296391,0.0,0.0
2026-08-30 06:11:32,13460.67,494591,2472,722.8337,591.9607,36.7,162.024673,0.0,324.094452,2.254787,,9.790257,0.979026,3e-06,3.035158,10.0,10.0,16.699998,0.0,16.699998,83.300002,63.0637,0.492765,0.296391,0.0,0.0
2026-08-30 06:11:46,13474.65,495103,2475,700.7437,594.1015,36.7,183.552277,0.0,367.149017,2.223494,,9.560616,0.956062,3e-06,2.312073,10.0,10.0,12.44016,0.0,12.44016,87.55984,65.457489,0.497645,0.296391,0.0,0.0
2026-08-30 06:12:00,13488.61,495615,2478,631.1,597.0891,36.7,140.497726,0.0,281.039246,2.189925,,8.301272,0.830127,4e-06,1.47807,9.0,10.0,3.032851,0.0,3.032851,96.967149,73.459355,0.499369,0.296391,0.0,0.0
2026-08-30 06:12:13,13502.57,496127,2480,563.5546,598.3279,36.7,102.497955,0.0,205.038971,2.15272,,7.711618,0.771162,3e-06,2.564148,10.0,10.0,14.158551,0.0,14.158551,85.841449,64.958884,0.484475,0.296391,0.0,0.0
2026-08-30 06:12:27,13516.47,496639,2483,660.0046,596.6982,36.7,154.454483,0.0,308.951324,2.118344,,8.817821,0.881782,3e-06,2.447587,10.0,10.0,8.00456,0.0,8.00456,91.99544,68.972023,0.490264,0.296391,0.0,0.0
2026-08-30 06:12:41,13530.43,497151,2485,596.8214,591.9745,36.7,129.293304,-0.0,258.628357,2.08688,,8.234029,0.823403,3e-06,2.291392,10.0,10.0,12.92763,0.0,12.92763,87.07237,66.235115,0.57167,0.296391,0.0,0.0
2026-08-30 06:12:55,13544.25,497663,2488,578.5133,591.9418,36.7,117.306267,-0.0,234.653671,2.057231,,7.935536,0.793554,4e-06,1.604757,10.0,10.0,7.963335,0.0,7.963335,92.036665,70.073671,0.605703,0.296391,0.0,0.0
2026-08-30 06:13:09,13558.06,498175,2490,604.1804,594.1819,36.7,104.824936,0.0,209.690475,2.030264,,7.978427,0.797843,5e-06,1.5963,8.0,10.0,0.814254,0.0,0.814254,99.185746,74.876248,0.542684,0.296391,0.0,0.0
2026-08-30 06:13:23,13571.97,498687,2493,820.8035,598.5091,36.7,187.150116,0.0,374.340302,2.00309,,10.977506,1.097751,4e-06,1.681989,10.0,10.0,5.214289,0.0,5.214289,94.785711,70.818805,0.468379,0.296391,0.0,0.0
2026-08-30 06:13:37,13585.86,499199,2496,730.3849,601.3143,36.7,166.42662,0.0,332.892792,1.977576,,9.739019,0.973902,3e-06,2.130332,10.0,10.0,8.140331,0.0,8.140331,91.859669,69.559544,0.483688,0.296391,0.0,0.0
2026-08-30 06:13:51,13599.77,499711,2498,503.5776,601.9062,36.7,88.541016,0.0,177.121262,1.961231,,6.794148,0.679415,5e-06,1.26431,10.0,10.0,10.266848,0.0,10.266848,89.733152,67.956203,0.504823,0.296391,0.0,0.0
2026-08-30 06:14:05,13613.72,500223,2501,669.3076,603.1625,36.7,169.111389,0.0,338.261566,1.939835,,9.011193,0.901119,5e-06,1.809144,10.0,10.0,8.568574,0.0,8.568574,91.431426,69.196761,0.479362,0.376728,0.0,0.0
2026-08-30 06:14:19,13627.78,500735,2503,576.8319,602.7466,36.7,135.649582,0.0,271.337616,1.922748,,7.720485,0.772049,4e-06,1.698015,9.0,10.0,4.656796,0.0,4.656796,95.343204,71.996948,0.510438,0.376728,0.0,0.0
2026-08-30 06:14:33,13641.81,501247,2506,418.2759,601.8304,36.7,64.433853,0.0,128.905838,1.906923,,6.075169,0.607517,2e-06,3.568144,10.0,10.0,23.69708,0.0,23.69708,76.30292,56.689656,0.535953,0.376728,0.0,0.0
2026-08-30 06:14:47,13655.76,501759,2508,906.7855,604.8426,36.7,306.198761,-0.0,612.435303,1.887833,,12.485336,1.248534,3e-06,1.827427,9.0,10.0,10.001821,0.0,10.001821,89.998179,68.119286,0.522133,0.376728,0.0,0.0
2026-08-30 06:15:01,13669.75,502271,2511,750.337,606.4585,36.7,221.548065,0.0,443.133545,1.870692,,10.408615,1.040861,3e-06,2.276148,10.0,10.0,14.395207,0.0,14.395207,85.604793,64.458709,0.501051,0.376728,0.0,0.0
2026-08-30 06:15:15,13683.83,502783,2513,866.6868,607.4017,36.7,297.692383,0.0,595.421875,1.856915,,12.257752,1.225775,4e-06,2.37391,10.0,10.0,13.777309,0.0,13.777309,86.222691,64.966923,0.505201,0.376728,0.0,0.0
2026-08-30 06:15:29,13697.8,503295,2516,746.4136,609.4677,36.7,225.095947,0.0,450.228729,1.8424,,10.559938,1.055994,3e-06,2.639295,10.0,10.0,14.862728,0.0,14.862728,85.137272,63.639971,0.479591,0.376728,0.0,0.0
2026-08-30 06:15:43,13711.79,503807,2519,388.9023,606.3032,36.7,69.525246,0.0,139.087173,1.834458,,5.505239,0.550524,3e-06,2.541342,10.0,10.0,17.829427,0.0,17.829427,82.170573,62.151342,0.535272,0.376728,0.0,0.0
2026-08-30 06:15:57,13725.63,504319,2521,243.8081,600.8517,36.7,44.398132,0.0,88.832787,1.826138,,3.211753,0.321175,7e-06,1.078489,8.0,10.0,1.686164,0.0,1.686164,98.313836,75.423301,0.728799,0.376728,0.0,0.0
2026-08-30 06:16:10,13739.52,504831,2524,426.5836,598.5724,36.7,87.723831,-0.0,175.483932,1.813255,,5.726657,0.572666,5e-06,1.263544,7.0,10.0,5.863947,0.0,5.863947,94.136053,71.602618,0.581178,0.376728,0.0,0.0
2026-08-30 06:16:24,13753.35,505343,2526,497.2691,598.6849,36.7,89.929192,-0.0,179.89444,1.802461,,6.748578,0.674858,4e-06,2.238398,10.0,10.0,8.597344,0.0,8.597344,91.402656,69.289114,0.612413,0.376728,0.0,0.0
2026-08-30 06:16:38,13767.22,505855,2529,608.4554,600.269,36.7,158.555405,0.0,317.146729,1.795828,,8.187012,0.818701,4e-06,2.11826,10.0,10.0,7.125785,0.0,7.125785,92.874215,70.08686,0.537988,0.376728,0.0,0.0
2026-08-30 06:16:52,13781.18,506367,2531,853.7669,601.6464,36.7,264.242432,0.0,528.52063,1.788262,,11.824638,1.182464,3e-06,2.759805,10.0,10.0,20.251732,0.0,20.251732,79.748268,60.971958,0.484155,0.376728,0.0,0.0
2026-08-30 06:17:06,13795.19,506879,2534,652.0222,598.8165,36.7,135.516769,-0.0,271.069153,1.780769,,9.227933,0.922793,2e-06,3.194657,10.0,10.0,23.545844,0.0,23.545844,76.454156,56.921666,0.487661,0.376728,0.0,0.0
2026-08-30 06:17:20,13809.08,507391,2536,573.9802,599.5941,36.7,94.551727,0.0,189.139099,1.782355,,7.843963,0.784396,3e-06,1.960597,10.0,10.0,12.330198,0.0,12.330198,87.669802,66.564358,0.526151,0.376728,0.0,0.0
2026-08-30 06:17:34,13823.04,507903,2539,547.576,601.3477,36.7,98.889297,0.0,197.814224,1.781229,,7.76909,0.776909,3e-06,2.056562,10.0,10.0,22.727893,0.0,22.727893,77.272107,57.832481,0.527579,0.376728,0.0,0.0
2026-08-30 06:17:48,13837.01,508415,2542,803.945,604.2743,36.7,224.254089,0.0,448.543701,1.775933,,10.730934,1.073093,6e-06,1.050138,9.0,10.0,2.634917,0.0,2.634917,97.365083,74.182673,0.450462,0.376728,0.0,0.0
2026-08-30 06:18:02,13851.0,508927,2544,607.1879,606.3156,36.7,120.634712,-0.0,241.304733,1.76513,,8.6157,0.86157,2e-06,2.802775,10.0,10.0,18.548787,0.0,18.548787,81.451213,60.630905,0.514304,0.376728,0.0,0.0
2026-08-30 06:18:16,13864.92,509439,2547,598.2048,606.0256,36.7,122.961342,-0.0,245.958008,1.765893,,8.029703,0.80297,4e-06,2.145043,10.0,10.0,7.584912,0.0,7.584912,92.415088,69.702917,0.48941,0.376728,0.0,0.0
2026-08-30 06:18:30,13878.84,509951,2549,411.4993,600.1106,36.7,61.462257,0.0,122.959854,1.766917,,5.731377,0.573138,4e-06,1.035879,5.0,10.0,14.481606,0.0,14.481606,85.518394,64.695651,0.506662,0.376728,0.0,0.0
2026-08-30 06:18:44,13892.83,510463,2552,625.3337,599.3781,36.7,152.685242,0.0,305.40567,1.758923,,8.424058,0.842406,3e-06,1.991325,10.0,10.0,6.546867,0.0,6.546867,93.453133,70.208443,0.470521,0.376728,0.0,0.0
2026-08-30 06:18:58,13906.75,510975,2554,794.5623,600.9962,36.7,207.756088,0.0,415.547363,1.759391,,11.225401,1.12254,3e-06,2.140683,10.0,10.0,21.083189,0.0,21.083189,78.916811,59.533795,0.470386,0.376728,0.0,0.0
2026-08-30 06:19:12,13920.63,511487,2557,585.8422,600.2882,36.7,154.08078,0.0,308.196869,1.764901,,8.010514,0.801051,5e-06,1.001931,10.0,10.0,10.325133,0.0,10.325133,89.674867,67.15769,0.497955,0.376728,0.0,0.0
2026-08-30 06:19:26,13934.61,511999,2560,300.5101,596.0366,36.7,53.964176,0.0,107.963554,1.760232,,4.459094,0.445909,2e-06,3.254187,10.0,10.0,21.88842,0.0,21.88842,78.11158,58.3379,0.568714,0.376728,0.0,0.0
2026-08-30 06:19:40,13948.59,512511,2562,501.9308,593.8479,36.7,70.239197,-0.0,140.513626,1.761768,,6.877277,0.687728,2e-06,3.111657,10.0,10.0,11.697405,0.0,11.697405,88.302595,65.617531,0.49179,0.960866,0.0,0.0
2026-08-30 06:19:53,13962.49,513023,2565,570.4492,591.5901,36.7,116.51622,0.0,233.067749,1.765794,,7.956789,0.795679,3e-06,2.290333,10.0,10.0,7.094465,0.0,7.094465,92.905535,70.11406,0.500414,0.960866,0.0,0.0
2026-08-30 06:20:07,13976.34,513535,2567,449.0636,590.4394,36.7,76.979118,-0.0,153.993652,1.770734,,7.037236,0.703724,3e-06,2.324918,10.0,10.0,17.051156,0.0,17.051156,82.948844,62.205072,0.523162,0.960866,0.0,0.0
2026-08-30 06:20:21,13990.39,514047,2570,493.7339,592.864,36.7,87.731506,0.0,175.498535,1.776422,,7.837484,0.783748,2e-06,3.029538,10.0,10.0,18.992827,0.0,18.992827,81.007173,59.800345,0.533714,0.960866,0.0,0.0
2026-08-30 06:20:35,14004.31,514559,2572,742.4984,596.7329,36.7,157.338913,0.0,314.71344,1.781381,,10.07792,1.007792,4e-06,1.575538,9.0,10.0,3.520869,0.0,3.520869,96.479131,73.78125,0.445374,0.960866,0.0,0.0
2026-08-30 06:20:49,14018.18,515071,2575,681.8244,599.2812,36.7,174.306091,0.0,348.647919,1.786084,,9.127506,0.912751,4e-06,1.356949,8.0,10.0,2.517913,0.0,2.517913,97.482087,73.762513,0.474745,0.960866,0.0,0.0
2026-08-30 06:21:03,14032.11,515583,2577,499.9981,599.5524,36.7,76.011238,0.0,152.058304,1.791673,,6.937945,0.693794,4e-06,1.528792,10.0,10.0,6.70912,0.0,6.70912,93.29088,71.121919,0.467473,0.960866,0.0,0.0
2026-08-30 06:21:17,14046.14,516095,2580,471.4946,599.4486,36.7,88.748901,0.0,177.533646,1.792162,,7.567959,0.756796,3e-06,2.015839,10.0,10.0,21.137712,0.0,21.137712,78.862288,58.880532,0.457869,0.960866,0.0,0.0
2026-08-30 06:21:31,14060.13,516607,2583,792.941,600.6234,36.7,200.56842,0.0,401.172699,1.793476,,11.651371,1.165137,2e-06,2.351587,10.0,10.0,18.937814,0.0,18.937814,81.062186,60.912572,0.431495,0.960866,0.0,0.0
2026-08-30 06:21:45,14073.97,517119,2585,764.7998,601.6146,36.7,169.541992,-0.0,339.119934,1.796907,,10.733004,1.0733,5e-06,1.192814,10.0,10.0,8.818892,0.0,8.818892,91.181108,69.46147,0.4383,0.960866,0.0,0.0
2026-08-30 06:21:59,14087.86,517631,2588,472.8715,599.6985,36.7,102.836311,-0.0,205.708618,1.799423,,7.281137,0.728114,3e-06,1.483423,10.0,10.0,17.158576,0.0,17.158576,82.841424,62.643625,0.494071,0.960866,0.0,0.0
2026-08-30 06:22:13,14101.78,518143,2590,591.7677,597.4664,36.7,141.16481,0.0,282.365448,1.791705,,8.448151,0.844815,4e-06,1.45778,9.0,10.0,9.674827,0.0,9.674827,90.325173,68.579801,0.489553,0.960866,0.0,0.0
2026-08-30 06:22:26,14115.45,518655,2593,722.1902,597.5662,36.7,165.884918,0.0,331.805603,1.788517,,9.730332,0.973033,4e-06,1.155575,7.0,10.0,1.754067,0.0,1.754067,98.245933,74.595538,0.466285,0.960866,0.0,0.0
2026-08-30 06:22:40,14129.26,519167,2595,678.5819,599.4678,36.7,158.501572,-0.0,317.038879,1.786595,,10.147567,1.014757,3e-06,1.662556,10.0,10.0,16.906062,0.0,16.906062,83.093938,63.044962,0.437021,0.960866,0.0,0.0
2026-08-30 06:22:54,14142.99,519679,2598,809.2664,602.0726,36.7,248.415527,0.0,496.866791,1.786483,,11.364567,1.136457,3e-06,1.695647,10.0,10.0,7.521515,0.0,7.521515,92.478485,69.843393,0.475116,0.960866,0.0,0.0
2026-08-30 06:23:08,14156.93,520191,2600,742.4279,601.1464,36.7,185.031754,-0.0,370.099091,1.779592,,10.995647,1.099565,2e-06,2.542022,10.0,10.0,19.377656,0.0,19.377656,80.622344,60.759634,0.469821,0.960866,0.0,0.0
2026-08-30 06:23:22,14170.77,520703,2603,744.939,603.1345,36.7,230.213821,0.0,460.463379,1.787301,,10.557275,1.055728,4e-06,1.092059,9.0,10.0,7.698117,0.0,7.698117,92.301883,69.766297,0.503233,0.960866,0.0,0.0
2026-08-30 06:23:36,14184.65,521215,2606,698.5219,604.7337,36.7,185.601761,-0.0,371.239227,1.785127,,9.555128,0.955513,4e-06,2.555859,10.0,10.0,5.316699,0.0,5.316699,94.683301,71.899147,0.49749,0.960866,0.0,0.0
2026-08-30 06:23:49,14198.53,521727,2608,513.552,604.3126,36.7,121.375938,0.0,242.787628,1.78762,,7.424859,0.742486,3e-06,1.66945,10.0,10.0,10.181543,0.0,10.181543,89.818457,67.692047,0.537391,0.960866,0.0,0.0
2026-08-30 06:24:04,14212.59,522239,2611,551.7009,605.4105,36.7,115.084404,0.0,230.204544,1.786563,,8.244262,0.824426,2e-06,1.989715,10.0,10.0,16.592768,0.0,16.592768,83.407232,62.507627,0.446092,0.960866,0.0,0.0
2026-08-30 06:24:17,14226.52,522751,2613,590.6887,605.3434,36.7,131.755081,0.0,263.545959,1.789427,,8.151583,0.815158,2e-06,2.882552,10.0,10.0,5.53539,0.0,5.53539,94.46461,70.845237,0.484953,0.960866,0.0,0.0
2026-08-30 06:24:31,14240.56,523263,2616,125.6321,599.6596,36.7,84.042892,-0.0,168.121811,1.800982,,3.025626,0.302563,2e-06,2.556481,10.0,10.0,22.472867,0.0,22.472867,77.527133,57.856386,0.639138,0.960866,0.0,0.0
2026-08-30 06:24:45,14254.43,523775,2618,369.2323,597.0424,36.7,62.113144,-0.0,124.26239,1.805253,,5.15651,0.515651,4e-06,1.534617,10.0,10.0,5.481691,0.0,5.481691,94.518309,72.097415,0.573816,0.960866,0.0,0.0
2026-08-30 06:24:59,14268.44,524287,2621,440.2566,594.3202,36.7,70.130165,0.0,140.296555,1.81146,,6.255839,0.625584,4e-06,1.202001,10.0,10.0,8.308174,0.0,8.308174,91.691826,69.332154,0.512255,0.960866,0.0,0.0
2026-08-30 06:25:13,14282.49,524799,2624,427.1138,590.9078,36.7,57.612446,-0.0,115.261246,1.817721,,6.404652,0.640465,3e-06,1.724688,10.0,10.0,12.174491,0.0,12.174491,87.825509,66.478766,0.590436,0.960866,0.0,0.0
2026-08-30 06:25:27,14296.4,525311,2626,626.9682,589.8611,36.7,127.471741,0.0,254.97998,1.824722,,8.848535,0.884854,3e-06,1.92803,10.0,10.0,6.339562,0.0,6.339562,93.660438,70.46591,0.475015,1.281049,0.0,0.0
2026-08-30 06:25:41,14310.3,525823,2629,680.4339,591.4463,36.7,179.057175,0.0,358.15097,1.831367,,9.711844,0.971184,4e-06,1.758835,10.0,10.0,7.075311,0.0,7.075311,92.924689,70.340201,0.489378,1.281049,0.0,0.0
2026-08-30 06:25:55,14324.25,526335,2631,379.6973,589.0571,36.7,64.773788,-0.0,129.584335,1.837675,,5.918572,0.591857,3e-06,2.114407,10.0,10.0,11.053169,0.0,11.053169,88.946831,66.424752,0.559766,1.281049,0.0,0.0
2026-08-30 06:26:09,14338.11,526847,2634,365.3192,585.7395,36.7,78.8526,-0.0,157.741928,1.836664,,6.078546,0.607855,2e-06,2.088147,10.0,10.0,14.801238,0.0,14.801238,85.198762,64.182841,0.550384,1.281049,0.0,0.0
2026-08-30 06:26:23,14351.92,527359,2636,528.9137,586.3223,36.7,116.543648,0.0,233.12413,1.841537,,8.106593,0.810659,3e-06,2.259012,10.0,10.0,13.180497,0.0,13.180497,86.819503,65.765761,0.487141,1.281049,0.0,0.0
2026-08-30 06:26:37,14365.85,527871,2639,553.5672,588.2584,36.7,127.580833,0.0,255.198593,1.846522,,9.060205,0.906021,3e-06,1.917991,10.0,10.0,19.131935,0.0,19.131935,80.868065,60.199064,0.463813,1.281049,0.0,0.0
2026-08-30 06:26:51,14379.82,528383,2641,621.4969,590.5927,36.7,114.232513,0.0,228.501999,1.848679,,8.632115,0.863212,3e-06,1.827784,9.0,10.0,4.633139,0.0,4.633139,95.366861,72.733136,0.484725,1.281049,0.0,0.0
2026-08-30 06:27:05,14393.72,528895,2644,558.5676,592.3821,36.7,125.825531,0.0,251.688095,1.851981,,8.911598,0.89116,2e-06,1.656868,10.0,10.0,18.10686,0.0,18.10686,81.89314,61.886071,0.474386,1.281049,0.0,0.0
2026-08-30 06:27:19,14407.66,529407,2647,752.6581,595.8069,36.7,195.462784,-0.0,390.962616,1.852683,,10.976994,1.097699,3e-06,1.652749,9.0,10.0,9.052954,0.0,9.052954,90.947046,68.532763,0.489361,1.281049,0.0,0.0
2026-08-30 06:27:33,14421.62,529919,2649,630.9387,597.5407,36.7,123.084618,0.0,246.206406,1.858622,,9.509935,0.950994,5e-06,0.391075,2.0,10.0,13.697404,0.0,13.697404,86.302596,65.924398,0.408027,1.281049,0.0,0.0
2026-08-30 06:27:46,14435.54,530431,2652,476.4895,598.3599,36.7,121.754166,-0.0,243.545486,1.857968,,8.005595,0.80056,1e-06,1.740763,10.0,10.0,18.710745,0.0,18.710745,81.289255,60.574472,0.488917,1.281049,0.0,0.0
2026-08-30 06:28:00,14449.34,530943,2654,499.1981,597.927,36.7,130.991318,-0.0,262.019928,1.865309,,7.066242,0.706624,5e-06,0.756757,4.0,10.0,4.214679,0.0,4.214679,95.785321,73.642532,0.581822,1.281049,0.0,0.0
2026-08-30 06:28:14,14463.22,531455,2657,381.5751,595.7293,36.7,69.75415,0.0,139.5457,1.869599,,5.652746,0.565275,4e-06,1.523528,10.0,10.0,7.668754,0.0,7.668754,92.331246,69.723377,0.548975,1.281049,0.0,0.0
2026-08-30 06:28:28,14477.26,531967,2659,416.1561,594.4453,36.7,81.176216,0.0,162.390015,1.87911,,7.078397,0.70784,2e-06,2.118583,10.0,10.0,19.055405,0.0,19.055405,80.944595,60.938987,0.500903,1.281049,0.0,0.0
2026-08-30 06:28:42,14491.19,532479,2662,488.5274,592.8909,36.7,147.805847,0.0,295.649414,1.885603,,8.048793,0.804879,1e-06,2.671622,10.0,10.0,18.295421,0.0,18.295421,81.704579,60.539857,0.535462,1.281049,0.0,0.0
2026-08-30 06:28:56,14505.02,532991,2664,492.2752,589.8053,36.7,119.6595,-0.0,239.356934,1.896457,,8.440303,0.84403,1e-06,1.883668,10.0,10.0,21.888295,0.0,21.888295,78.111705,59.140101,0.530028,1.281049,0.0,0.0
2026-08-30 06:29:10,14518.87,533503,2667,510.7982,587.9064,36.7,125.305077,-0.0,250.648224,1.903159,,9.334065,0.933407,1e-06,3.349068,10.0,10.0,26.387354,0.0,26.387354,73.612646,53.991577,0.547837,1.281049,0.0,0.0
2026-08-30 06:29:24,14532.79,534015,2670,633.8471,590.0214,36.7,144.591049,0.0,289.220276,1.90896,,10.228738,1.022874,2e-06,2.154662,10.0,10.0,21.39052,0.0,21.39052,78.60948,58.485187,0.481108,1.281049,0.0,0.0
2026-08-30 06:29:38,14546.75,534527,2672,160.7454,583.4271,36.7,67.264351,-0.0,134.567001,1.915074,,4.381207,0.438121,1e-06,2.763527,10.0,10.0,27.186837,0.0,27.186837,72.813163,54.380765,0.555636,1.281049,0.0,0.0
2026-08-30 06:29:52,14560.65,535039,2675,412.8592,579.3936,36.7,83.642105,-0.0,167.322617,1.92023,,6.274955,0.627496,2e-06,2.019379,10.0,10.0,10.675799,0.0,10.675799,89.324201,67.211624,0.50336,1.281049,0.0,0.0
2026-08-30 06:30:05,14574.53,535551,2677,647.5081,579.6269,36.7,147.080368,-0.0,294.199188,1.922303,,9.754923,0.975492,2e-06,2.172042,10.0,10.0,12.374829,0.0,12.374829,87.625171,66.207056,0.557849,1.281049,0.0,0.0
2026-08-30 06:30:19,14588.51,536063,2680,767.7625,580.6472,36.7,158.539902,0.0,317.118225,1.921782,,11.198011,1.119801,3e-06,1.348901,9.0,10.0,9.562007,0.0,9.562007,90.437993,68.020289,0.460584,1.281049,0.0,0.0
2026-08-30 06:30:33,14602.5,536575,2682,724.1927,579.1333,36.7,167.308716,0.0,334.655884,1.922825,,11.770389,1.177039,1e-06,3.26959,10.0,10.0,24.701968,0.0,24.701968,75.298032,56.6338,0.455596,1.281049,0.0,0.0
2026-08-30 06:30:47,14616.46,537087,2685,531.1772,577.0442,36.7,124.814056,-0.0,249.666626,1.925842,,9.189582,0.918958,1e-06,3.476516,10.0,10.0,25.277272,0.0,25.277272,74.722728,54.63659,0.461952,1.281049,0.0,0.0
2026-08-30 06:31:01,14630.55,537599,2688,413.389,574.9509,36.7,62.780426,0.0,125.599487,1.931734,,6.39245,0.639245,4e-06,1.911299,10.0,10.0,11.045592,0.0,11.045592,88.954408,67.205033,0.520569,2.183163,0.0,0.0
2026-08-30 06:31:15,14644.54,538111,2690,274.4872,571.4707,36.7,57.549019,-0.0,115.13678,1.937091,,5.107781,0.510778,3e-06,2.252756,10.0,10.0,10.796475,0.0,10.796475,89.203525,66.681296,0.588614,2.183163,0.0,0.0
2026-08-30 06:31:29,14658.5,538623,2693,196.4166,567.3541,36.7,100.022598,-0.0,200.083939,1.937064,,5.92891,0.592891,1e-06,1.795357,10.0,10.0,22.746181,0.0,22.746181,77.253819,56.773503,0.53488,2.183163,0.0,0.0
2026-08-30 06:31:43,14672.49,539135,2695,547.5839,566.4291,36.7,83.464943,0.0,166.968628,1.936977,,9.343197,0.93432,2e-06,2.377662,10.0,10.0,15.208004,0.0,15.208004,84.791996,64.546058,0.419563,2.183163,0.0,0.0
2026-08-30 06:31:57,14686.44,539647,2698,677.1906,566.9498,36.7,153.628723,0.0,307.296234,1.939841,,9.429409,0.942941,3e-06,1.792223,10.0,10.0,2.98365,0.0,2.98365,97.01635,73.475095,0.473642,2.183163,0.0,0.0
2026-08-30 06:32:11,14700.44,540159,2700,479.5516,563.4441,36.7,89.593864,0.0,179.226486,1.938078,,9.040686,0.904069,2e-06,3.532791,10.0,10.0,17.979862,0.0,17.979862,82.020138,61.118999,0.491814,2.183163,0.0,0.0
2026-08-30 06:32:25,14714.24,540671,2703,626.1233,563.6787,36.7,167.925827,0.0,335.890503,1.94243,,9.065917,0.906592,3e-06,1.595671,9.0,10.0,5.712778,0.0,5.712778,94.287222,71.228962,0.504689,2.183163,0.0,0.0
2026-08-30 06:32:39,14728.01,541183,2705,488.6433,564.3081,36.7,70.322861,-0.0,140.684631,1.945528,,7.325944,0.732594,4e-06,1.566759,10.0,10.0,6.386892,0.0,6.386892,93.613108,71.769735,0.508086,2.183163,0.0,0.0
2026-08-30 06:32:53,14741.75,541695,2708,626.1581,563.5217,36.7,129.298187,-0.0,258.635284,1.945657,,9.76201,0.976201,3e-06,1.436487,10.0,10.0,8.70197,0.0,8.70197,91.29803,69.714601,0.495751,2.183163,0.0,0.0
2026-08-30 06:33:06,14755.45,542207,2711,848.0,566.4127,36.7,245.052338,0.0,490.143646,1.948057,,12.33662,1.233662,5e-06,0.577672,2.0,10.0,4.382676,0.0,4.382676,95.617324,73.438978,0.480202,2.183163,0.0,0.0
2026-08-30 06:33:20,14769.28,542719,2713,268.0914,564.3159,36.7,134.773865,-0.0,269.586639,1.945874,,6.990482,0.699048,1e-06,2.251889,10.0,10.0,23.247187,0.0,23.247187,76.752813,57.181193,0.504455,2.183163,0.0,0.0
2026-08-30 06:33:34,14783.3,543231,2716,480.1972,564.8717,36.7,104.781235,0.0,209.601425,1.947648,,7.621614,0.762161,3e-06,2.280373,10.0,10.0,8.754116,0.0,8.754116,91.245884,68.89682,0.508775,2.183163,0.0,0.0
2026-08-30 06:33:48,14797.19,543743,2718,446.3494,564.602,36.7,96.826332,0.0,193.69165,1.949019,,7.130731,0.713073,3e-06,1.147547,9.0,10.0,8.527631,0.0,8.527631,91.472369,69.455893,0.518308,2.183163,0.0,0.0
2026-08-30 06:34:02,14811.08,544255,2721,560.5195,564.8949,36.7,126.550377,0.0,253.139694,1.947101,,8.463155,0.846316,3e-06,2.181505,10.0,10.0,7.420301,0.0,7.420301,92.579699,70.830051,0.52474,2.183163,0.0,0.0
2026-08-30 06:34:16,14825.07,544767,2723,641.9288,567.8564,36.7,181.989258,0.0,364.017487,1.948021,,11.781482,1.178148,1e-06,1.953452,10.0,10.0,20.103033,0.0,20.103033,79.896967,60.636574,0.48176,2.183163,0.0,0.0
2026-08-30 06:34:30,14839.1,545279,2726,582.6498,570.1303,36.7,204.170029,0.0,408.379028,1.949252,,10.468724,1.046872,2e-06,2.170499,10.0,10.0,15.525079,0.0,15.525079,84.474921,63.261786,0.551784,2.183163,0.0,0.0
2026-08-30 06:34:44,14853.13,545791,2728,519.6122,568.0981,36.7,97.484016,0.0,195.007034,1.95042,,9.233636,0.923364,2e-06,2.897125,10.0,10.0,16.579162,0.0,16.579162,83.420838,62.68572,0.453666,2.183163,0.0,0.0
2026-08-30 06:34:58,14867.0,546303,2731,665.2135,567.7428,36.7,189.556122,0.0,379.151337,1.954625,,10.502173,1.050217,4e-06,0.798131,9.0,10.0,10.192097,0.0,10.192097,89.807903,68.45165,0.449045,2.183163,0.0,0.0
2026-08-30 06:35:12,14880.99,546815,2734,524.7584,566.6794,36.7,100.897255,-0.0,201.833603,1.954828,,8.172502,0.81725,3e-06,1.648176,10.0,10.0,8.890136,0.0,8.890136,91.109864,68.31229,0.504387,2.183163,0.0,0.0
2026-08-30 06:35:26,14894.99,547327,2736,172.0679,562.7645,36.7,98.495354,-0.0,197.0298,1.954496,,6.11609,0.611609,1e-06,4.060256,10.0,10.0,26.925973,0.0,26.925973,73.074027,54.464098,0.503753,2.183163,0.0,0.0
2026-08-30 06:35:40,14908.89,547839,2739,440.3683,560.5682,36.7,87.367989,0.0,174.775055,1.95356,,9.145468,0.914547,1e-06,3.291203,10.0,10.0,22.900467,0.0,22.900467,77.099533,57.406414,0.492812,2.183163,0.0,0.0
2026-08-30 06:35:54,14922.71,548351,2741,598.6853,560.5868,36.7,100.799828,0.0,201.638931,1.964088,,9.531213,0.953121,3e-06,1.342262,10.0,10.0,10.965988,0.0,10.965988,89.034012,67.925444,0.445781,2.183163,0.0,0.0
2026-08-30 06:36:07,14936.55,548863,2744,658.5753,561.3874,36.7,121.920197,-0.0,243.879837,1.971882,,9.950588,0.995059,4e-06,1.591821,10.0,10.0,7.360608,0.0,7.360608,92.639392,70.377033,0.459125,2.183163,0.0,0.0
2026-08-30 06:36:21,14950.54,549375,2746,835.173,563.6974,36.7,226.036331,0.0,452.112213,1.977371,,11.971779,1.197178,5e-06,1.003873,9.0,10.0,5.1832,0.0,5.1832,94.8168,72.35828,0.464409,2.183163,0.0,0.0
2026-08-30 06:36:35,14964.45,549887,2749,598.1802,561.4711,36.7,159.255264,0.0,318.550171,1.982236,,8.938933,0.893893,3e-06,1.42542,10.0,10.0,7.161847,0.0,7.161847,92.838153,70.501268,0.508236,2.183163,0.0,0.0
2026-08-30 06:36:49,14978.44,550399,2752,168.5431,555.8527,36.7,106.278801,-0.0,212.597321,1.9863,,6.190776,0.619078,1e-06,3.017591,10.0,10.0,23.466261,0.0,23.466261,76.533739,57.134989,0.515412,2.66688,0.0,0.0
2026-08-30 06:37:03,14992.41,550911,2754,668.2105,557.499,36.7,133.698212,0.0,267.436249,1.990656,,9.929309,0.992931,3e-06,2.005967,10.0,10.0,5.834298,0.0,5.834298,94.165702,71.212574,0.468394,2.66688,0.0,0.0
2026-08-30 06:37:17,15006.39,551423,2757,867.8893,559.4849,36.7,295.203522,0.0,590.446899,1.993639,,13.753854,1.375385,3e-06,1.188401,10.0,10.0,9.006207,0.0,9.006207,90.993793,68.692844,0.517766,2.66688,0.0,0.0
2026-08-30 06:37:31,15020.36,551935,2759,530.0801,559.0173,36.7,122.861298,-0.0,245.762558,1.998302,,9.21425,0.921425,4e-06,0.743957,3.0,10.0,11.413802,0.0,11.413802,88.586198,67.276354,0.531976,2.66688,0.0,0.0
2026-08-30 06:37:45,15034.21,552447,2762,537.6791,560.2114,36.7,152.279221,0.0,304.59848,2.001678,,7.63158,0.763158,5e-06,0.867437,9.0,10.0,2.825162,0.0,2.825162,97.174838,73.352161,0.562982,2.66688,0.0,0.0
2026-08-30 06:37:59,15048.08,552959,2764,525.0558,556.3941,36.7,120.404823,0.0,240.849716,2.003178,,7.760025,0.776003,4e-06,0.575825,3.0,10.0,4.197729,0.0,4.197729,95.802271,73.331931,0.547452,2.66688,0.0,0.0
2026-08-30 06:38:13,15062.06,553471,2767,257.5727,551.4664,36.7,77.027359,-0.0,154.094833,2.005886,,4.761086,0.476109,3e-06,1.685535,10.0,10.0,8.091121,0.0,8.091121,91.908879,68.844466,0.576659,2.66688,0.0,0.0
2026-08-30 06:38:27,15075.87,553983,2769,137.7076,544.1766,36.7,74.82431,-0.0,149.688766,2.007223,,3.802123,0.380212,4e-06,1.606205,10.0,10.0,11.586926,0.0,11.586926,88.413074,67.259101,0.606043,2.66688,0.0,0.0
2026-08-30 06:38:41,15089.7,554495,2772,366.5004,540.3775,36.7,92.023941,0.0,184.088058,2.008981,,6.179155,0.617915,4e-06,0.975693,9.0,10.0,7.347501,0.0,7.347501,92.652499,70.294974,0.543339,2.66688,0.0,0.0
2026-08-30 06:38:54,15103.47,555007,2775,531.7378,541.8059,36.7,115.454521,0.0,230.949249,2.010232,,8.582935,0.858294,3e-06,1.754282,10.0,10.0,9.366839,0.0,9.366839,90.633161,69.253839,0.474023,2.66688,0.0,0.0
2026-08-30 06:39:08,15117.29,555519,2777,673.3885,546.1017,36.7,179.931274,0.0,359.902802,2.012927,,10.33019,1.033019,4e-06,1.351096,10.0,10.0,8.094976,0.0,8.094976,91.905024,69.737629,0.441943,2.66688,0.0,0.0
2026-08-30 06:39:22,15131.22,556031,2780,181.4205,543.65,36.7,89.816025,0.0,179.672333,2.014243,,7.202708,0.720271,1e-06,3.196316,10.0,10.0,27.062215,0.0,27.062215,72.937785,54.812564,0.487916,2.66688,0.0,0.0
2026-08-30 06:39:36,15145.0,556543,2782,577.3735,544.4511,36.7,151.643967,-0.0,303.328339,2.019834,,8.589279,0.858928,4e-06,1.550405,10.0,10.0,5.886529,0.0,5.886529,94.113471,71.402336,0.486955,2.66688,0.0,0.0
2026-08-30 06:39:50,15158.94,557055,2785,383.2377,542.1989,36.7,112.088928,0.0,224.218246,2.019773,,7.826929,0.782693,2e-06,2.645318,10.0,10.0,15.744111,0.0,15.744111,84.255889,62.465857,0.486107,2.66688,0.0,0.0
2026-08-30 06:40:04,15173.0,557567,2787,-176.2589,531.8986,36.7,281.4617,0.0,562.963867,2.022144,,4.636315,0.463632,0.0,3.831438,10.0,10.0,39.167702,0.0,39.167702,60.832298,44.756237,0.535435,2.66688,0.0,0.0
2026-08-30 06:40:18,15186.96,558079,2790,459.764,529.9761,36.7,110.898315,-0.0,221.837112,2.024301,,8.261499,0.82615,2e-06,2.103587,10.0,10.0,12.584366,0.0,12.584366,87.415634,65.61198,0.505679,2.66688,0.0,0.0
2026-08-30 06:40:32,15201.0,558591,2792,13.1618,524.3679,36.7,123.135849,-0.0,246.31221,2.025986,,5.561631,0.556163,1e-06,3.818624,10.0,10.0,30.562681,0.0,30.562681,69.437319,51.716633,0.54409,2.66688,0.0,0.0
2026-08-30 06:40:46,15215.11,559103,2795,243.6008,521.3281,36.7,78.359299,-0.0,156.759201,2.029973,,5.487266,0.548727,2e-06,3.711266,10.0,10.0,13.858247,0.0,13.858247,86.141753,64.286134,0.584332,2.66688,0.0,0.0
2026-08-30 06:41:00,15229.07,559615,2798,635.8063,519.6467,36.7,175.092865,0.0,350.226379,2.031804,,9.383104,0.93831,4e-06,1.776453,10.0,10.0,4.837123,0.0,4.837123,95.162877,71.656192,0.503501,2.66688,0.0,0.0
2026-08-30 06:41:14,15243.06,560127,2800,343.5901,517.0108,36.7,112.442902,-0.0,224.926468,2.033281,,7.230755,0.723075,2e-06,2.264894,10.0,10.0,15.426353,0.0,15.426353,84.573647,64.197344,0.522348,2.66688,0.0,0.0
2026-08-30 06:41:28,15257.18,560639,2803,568.0779,516.7095,36.7,129.694885,0.0,259.430634,2.042835,,9.204395,0.920439,3e-06,2.279081,10.0,10.0,9.511439,0.0,9.511439,90.488561,67.974636,0.454639,2.66688,0.0,0.0
2026-08-30 06:41:42,15271.17,561151,2805,711.4027,519.7085,36.7,181.597336,0.0,363.235657,2.048548,,10.750223,1.075022,3e-06,1.701278,10.0,10.0,7.083157,0.0,7.083157,92.916843,70.616235,0.473311,2.66688,0.0,0.0
2026-08-30 06:41:56,15285.05,561663,2808,572.6901,519.1821,36.7,171.206985,0.0,342.454987,2.051118,,10.251322,1.025132,3e-06,1.767752,10.0,10.0,14.557237,0.0,14.557237,85.442763,64.335093,0.47216,2.66688,0.0,0.0
2026-08-30 06:42:10,15298.9,562175,2810,479.6245,516.0327,36.7,86.574379,-0.0,173.189804,2.052027,,8.461622,0.846162,3e-06,1.701932,10.0,10.0,12.582159,0.0,12.582159,87.417841,66.774373,0.461027,2.66688,0.0,0.0
2026-08-30 06:42:24,15312.79,562687,2813,514.045,515.3147,36.7,86.517792,0.0,173.076614,2.051269,,8.057247,0.805725,5e-06,0.78761,8.0,10.0,6.447486,0.0,6.447486,93.552514,71.440877,0.446939,3.200019,0.0,0.0
2026-08-30 06:42:38,15326.68,563199,2816,516.4422,517.4741,36.7,119.523682,-0.0,239.088333,2.048778,,8.997298,0.89973,3e-06,2.33747,10.0,10.0,10.477441,0.0,10.477441,89.522559,67.565737,0.490054,3.200019,0.0,0.0
2026-08-30 06:42:52,15340.57,563711,2818,305.6749,515.5115,36.7,77.096367,-0.0,154.233688,2.047887,,6.318902,0.63189,3e-06,1.387282,10.0,10.0,10.984355,0.0,10.984355,89.015645,67.672505,0.546952,3.200019,0.0,0.0
2026-08-30 06:43:05,15354.47,564223,2821,356.0629,513.3676,36.7,146.55011,-0.0,293.141052,2.042365,,9.076391,0.907639,2e-06,1.865789,10.0,10.0,19.368935,0.0,19.368935,80.631065,60.406331,0.499112,3.200019,0.0,0.0
2026-08-30 06:43:19,15368.38,564735,2823,363.7353,512.5144,36.7,88.308884,0.0,176.658524,2.037569,,8.863611,0.886361,2e-06,1.95094,10.0,10.0,19.082715,0.0,19.082715,80.917285,61.352085,0.442235,3.200019,0.0,0.0
2026-08-30 06:43:33,15382.27,565247,2826,167.8835,509.2559,36.7,116.302292,-0.0,232.645386,2.039874,,6.224113,0.622411,1e-06,2.776435,10.0,10.0,19.300422,0.0,19.300422,80.699578,59.311974,0.463549,3.200019,0.0,0.0
2026-08-30 06:43:47,15396.13,565759,2828,249.5251,504.3261,36.7,63.587723,-0.0,127.216164,2.036089,,6.222723,0.622272,2e-06,1.544141,10.0,10.0,13.987097,0.0,13.987097,86.012903,65.518042,0.502659,3.200019,0.0,0.0
2026-08-30 06:44:01,15409.98,566271,2831,617.1769,503.6796,36.7,326.455872,0.0,652.952332,2.029702,,10.440104,1.04401,4e-06,0.597648,2.0,10.0,8.478322,0.0,8.478322,91.521678,69.122625,0.500942,3.200019,0.0,0.0
2026-08-30 06:44:15,15423.95,566783,2833,423.5204,502.9149,36.7,198.033646,0.0,396.107666,2.019193,,9.826816,0.982682,3e-06,1.104092,10.0,10.0,18.863149,0.0,18.863149,81.136851,62.075349,0.44371,3.200019,0.0,0.0
2026-08-30 06:44:29,15437.84,567295,2836,474.1859,502.9418,36.7,87.646851,-0.0,175.333878,2.00893,,7.508309,0.750831,3e-06,1.866188,10.0,10.0,6.413247,0.0,6.413247,93.586753,70.382004,0.457232,3.200019,0.0,0.0
2026-08-30 06:44:43,15451.7,567807,2839,294.4228,497.9566,36.7,140.017761,-0.0,280.075409,1.994323,,6.852375,0.685237,2e-06,1.3476,9.0,10.0,13.797846,0.0,13.797846,86.202154,65.006018,0.419759,3.200019,0.0,0.0
2026-08-30 06:44:57,15465.64,568319,2841,309.3399,493.402,36.7,66.332352,0.0,132.704269,1.978672,,8.379374,0.837937,1e-06,3.549102,10.0,10.0,19.607142,0.0,19.607142,80.392858,59.876182,0.495621,3.200019,0.0,0.0
2026-08-30 06:45:11,15479.64,568831,2844,344.46,492.1179,36.7,84.245071,-0.0,168.529495,1.967251,,7.097544,0.709754,2e-06,2.981268,10.0,10.0,12.216184,0.0,12.216184,87.783816,66.048053,0.47739,3.200019,0.0,0.0
2026-08-30 06:45:24,15493.43,569343,2846,263.8676,488.8389,36.7,51.86768,-0.0,103.774529,1.958374,,5.01192,0.501192,3e-06,1.601372,10.0,10.0,7.709982,0.0,7.709982,92.290018,70.430888,0.516917,3.200019,0.0,0.0
2026-08-30 06:45:38,15507.18,569855,2849,421.4646,485.8316,36.7,112.280807,0.0,224.600571,1.947912,,8.676652,0.867665,2e-06,2.020258,10.0,10.0,13.827699,0.0,13.827699,86.172301,64.747569,0.477963,3.200019,0.0,0.0
2026-08-30 06:45:52,15521.01,570367,2851,624.0018,485.2858,36.7,138.481461,0.0,277.001709,1.939579,,12.243617,1.224362,1e-06,2.388021,10.0,10.0,17.703981,0.0,17.703981,82.296019,63.224193,0.459476,3.200019,0.0,0.0
2026-08-30 06:46:06,15534.84,570879,2854,795.3134,485.1463,36.7,232.374527,-0.0,464.787689,1.932122,,12.333928,1.233393,3e-06,1.214427,9.0,10.0,5.743865,0.0,5.743865,94.256135,71.45144,0.481344,3.200019,0.0,0.0
2026-08-30 06:46:20,15548.71,571391,2856,651.5609,484.2376,36.7,123.047241,0.0,246.132919,1.921965,,9.171952,0.917195,3e-06,2.472666,10.0,10.0,3.375241,0.0,3.375241,96.624759,73.53248,0.439276,3.200019,0.0,0.0
2026-08-30 06:46:34,15562.66,571903,2859,277.9234,479.5675,36.7,80.582718,-0.0,161.20369,1.912348,,4.55785,0.455785,2e-06,2.09143,9.0,10.0,4.627034,0.0,4.627034,95.372966,71.41625,0.561504,3.200019,0.0,0.0
2026-08-30 06:46:47,15576.56,572415,2862,559.9035,478.1813,36.7,143.492676,-0.0,287.023407,1.902522,,7.865501,0.78655,5e-06,1.102132,7.0,10.0,2.354665,0.0,2.354665,97.645335,74.569654,0.465108,3.200019,0.0,0.0
2026-08-30 06:47:02,15590.59,572927,2864,527.9535,478.3253,36.7,172.195435,0.0,344.428619,1.888204,,9.48023,0.948023,2e-06,2.337442,10.0,10.0,12.33128,0.0,12.33128,87.66872,65.644377,0.45338,3.200019,0.0,0.0
2026-08-30 06:47:16,15604.69,573439,2867,120.8214,474.0165,36.7,99.648216,-0.0,199.333908,1.873524,,7.139396,0.71394,1e-06,3.520271,10.0,10.0,26.727436,0.0,26.727436,73.272564,54.160761,0.501584,3.200019,0.0,0.0
2026-08-30 06:47:30,15618.7,573951,2869,617.2416,474.282,36.7,131.900406,-0.0,263.838135,1.865722,,9.577161,0.957716,4e-06,1.725554,10.0,10.0,6.783221,0.0,6.783221,93.216779,70.322136,0.414352,3.200019,0.0,0.0
2026-08-30 06:47:44,15632.69,574463,2872,543.4332,478.46,36.7,100.243217,0.0,200.523575,1.856942,,8.013945,0.801395,6e-06,1.639661,10.0,10.0,4.247369,0.0,4.247369,95.752631,72.405197,0.460408,3.200019,0.0,0.0
2026-08-30 06:47:58,15646.73,574975,2874,200.1513,476.7692,36.7,63.384144,-0.0,126.805199,1.845423,,4.997192,0.499719,2e-06,2.843949,10.0,10.0,11.894586,0.0,11.894586,88.105414,66.306997,0.54101,3.200019,0.0,0.0
2026-08-30 06:48:12,15660.77,575487,2877,29.1097,472.6578,36.7,138.127701,-0.0,276.292053,1.832558,,5.335453,0.533545,1e-06,3.309421,10.0,10.0,21.158083,0.0,21.158083,78.841917,58.309609,0.53078,3.645109,0.0,0.0
2026-08-30 06:48:26,15674.66,575999,2880,365.4747,472.0414,36.7,81.009285,0.0,162.054977,1.820006,,9.370987,0.937099,2e-06,2.755477,10.0,10.0,17.884584,0.0,17.884584,82.115416,61.687264,0.512128,3.645109,0.0,0.0
2026-08-30 06:48:40,15688.6,576511,2882,-92.2838,464.8489,36.7,232.598282,0.0,465.233002,1.821656,,6.011082,0.601108,1e-06,3.100701,10.0,10.0,29.616745,0.0,29.616745,70.383255,51.689885,0.539518,3.645109,0.0,0.0
2026-08-30 06:48:53,15702.49,577023,2885,42.3917,458.4684,36.7,145.919373,0.0,291.875183,1.821938,,6.965754,0.696575,1e-06,3.093064,10.0,10.0,26.527125,0.0,26.527125,73.472875,54.281153,0.493667,3.645109,0.0,0.0
2026-08-30 06:49:07,15716.37,577535,2887,51.3373,455.1848,36.7,211.84584,0.0,423.728119,1.821367,,7.187247,0.718725,1e-06,3.140347,10.0,10.0,26.928431,0.0,26.928431,73.071569,54.621908,0.531648,3.645109,0.0,0.0
2026-08-30 06:49:21,15730.34,578047,2890,534.8074,456.8797,36.7,96.526176,0.0,193.088669,1.81588,,11.330936,1.133094,2e-06,2.997266,10.0,10.0,16.527828,0.0,16.527828,83.472172,61.229306,0.445044,3.645109,0.0,0.0
2026-08-30 06:49:35,15744.19,578559,2892,707.2732,458.6633,36.7,157.034454,0.0,314.105225,1.815719,,10.662487,1.066249,3e-06,3.120111,10.0,10.0,5.928926,0.0,5.928926,94.071074,70.91284,0.478582,3.645109,0.0,0.0
2026-08-30 06:49:49,15758.1,579071,2895,403.4219,457.1619,36.7,90.837952,-0.0,181.712204,1.814921,,7.982578,0.798258,3e-06,4.092626,10.0,10.0,11.479029,0.0,11.479029,88.520971,65.207782,0.57661,3.645109,0.0,0.0
2026-08-30 06:50:03,15771.99,579583,2897,339.923,454.3461,36.7,114.100098,-0.0,228.236725,1.826665,,7.167042,0.716704,4e-06,2.407212,10.0,10.0,11.578076,0.0,11.578076,88.421924,66.61476,0.553505,3.645109,0.0,0.0
2026-08-30 06:50:17,15785.93,580095,2900,446.1665,453.2221,36.7,235.163223,0.0,470.363098,1.832189,,8.81388,0.881388,4e-06,2.312155,10.0,10.0,12.080738,0.0,12.080738,87.919262,66.28215,0.551241,3.645109,0.0,0.0
2026-08-30 06:50:31,15799.84,580607,2903,636.8258,452.0638,36.7,124.573364,0.0,249.183273,1.827484,,10.318103,1.03181,6e-06,2.225307,10.0,10.0,8.334358,0.0,8.334358,91.665642,69.088147,0.446998,3.645109,0.0,0.0
2026-08-30 06:50:45,15813.78,581119,2905,15.7239,445.9116,36.7,140.439743,-0.0,280.915955,1.822728,,6.442099,0.64421,5e-06,2.315492,10.0,10.0,25.575217,0.0,25.575217,74.424783,56.132933,0.509837,3.645109,0.0,0.0
2026-08-30 06:50:59,15827.69,581631,2908,403.958,445.1863,36.7,107.340118,0.0,214.716583,1.817207,,5.889839,0.588984,5e-06,2.236024,9.0,10.0,3.036627,0.0,3.036627,96.963373,73.307012,0.617374,3.645109,0.0,0.0
2026-08-30 06:51:13,15841.72,582143,2910,431.5379,444.5097,36.7,136.314331,0.0,272.66507,1.820089,,8.603372,0.860337,6e-06,2.340782,10.0,10.0,11.958852,0.0,11.958852,88.041148,66.0993,0.492494,3.645109,0.0,0.0
2026-08-30 06:51:27,15855.57,582655,2913,857.9926,449.2739,36.7,233.218719,0.0,466.473938,1.824805,,11.996663,1.199666,6e-06,1.174103,5.0,10.0,2.667834,0.0,2.667834,97.332166,73.35311,0.443617,3.645109,0.0,0.0
2026-08-30 06:51:40,15869.46,583167,2915,78.1048,445.8934,36.7,139.75206,-0.0,279.540588,1.823997,,5.43973,0.543973,5e-06,2.493776,10.0,10.0,18.524465,0.0,18.524465,81.475535,61.661309,0.544674,3.645109,0.0,0.0
2026-08-30 06:51:54,15883.37,583679,2918,346.4625,444.4727,36.7,98.681465,0.0,197.399429,1.824981,,5.47669,0.547669,5e-06,2.036698,9.0,10.0,4.266256,0.0,4.266256,95.733744,72.371148,0.612228,3.645109,0.0,0.0
2026-08-30 06:52:08,15897.22,584191,2920,198.4942,441.5349,36.7,85.721619,-0.0,171.479691,1.82291,,5.124457,0.512446,5e-06,2.282258,10.0,10.0,10.627795,0.0,10.627795,89.372205,67.342468,0.594069,3.645109,0.0,0.0
2026-08-30 06:52:22,15911.06,584703,2923,219.5344,438.6223,36.7,71.487137,-0.0,143.010681,1.820552,,5.367531,0.536753,5e-06,2.039515,10.0,10.0,10.284409,0.0,10.284409,89.715591,66.881211,0.684407,3.645109,0.0,0.0
2026-08-30 06:52:36,15924.98,585215,2926,195.3605,434.2374,36.7,88.500267,0.0,177.036819,1.814578,,6.456656,0.645666,4e-06,3.335569,10.0,10.0,16.499141,0.0,16.499141,83.500859,62.592015,0.593947,3.645109,0.0,0.0
2026-08-30 06:52:50,15938.98,585727,2928,567.4978,438.3049,36.7,77.57103,0.0,155.178253,1.809362,,7.878211,0.787821,6e-06,2.063315,9.0,10.0,2.311578,0.0,2.311578,97.688422,74.45132,0.485184,3.645109,0.0,0.0
2026-08-30 06:53:04,15953.02,586239,2931,483.1138,439.0075,36.7,72.493416,0.0,145.022903,1.803254,,9.150861,0.915086,5e-06,2.517409,10.0,10.0,11.723198,0.0,11.723198,88.276802,65.899579,0.460252,3.645109,0.0,0.0
2026-08-30 06:53:18,15967.05,586751,2933,695.2295,439.4847,36.7,142.449097,0.0,284.934174,1.799583,,10.385628,1.038563,6e-06,2.927371,9.0,10.0,5.420968,0.0,5.420968,94.579032,71.358116,0.463533,3.645109,0.0,0.0
2026-08-30 06:53:32,15981.13,587263,2936,389.3752,435.7008,36.7,112.319176,0.0,224.67424,1.794077,,6.979386,0.697939,6e-06,1.97267,7.0,10.0,7.708915,0.0,7.708915,92.291085,69.741236,0.526871,3.645109,0.0,0.0
2026-08-30 06:53:46,15995.3,587775,2938,509.8372,433.5573,36.7,95.17408,0.0,190.383911,1.787552,,7.636398,0.76364,5e-06,2.793095,9.0,10.0,4.029167,0.0,4.029167,95.970833,72.107783,0.481048,4.229457,0.0,0.0
2026-08-30 06:54:00,16009.38,588287,2941,-155.8904,426.6866,36.7,262.735931,-0.0,525.507507,1.782175,,4.832379,0.483238,3e-06,4.389833,10.0,10.0,24.875882,0.0,24.875882,75.124118,55.655183,0.619218,4.229457,0.0,0.0
2026-08-30 06:54:14,16023.38,588799,2944,141.6083,423.9688,36.7,91.358597,0.0,182.752762,1.778728,,5.382906,0.538291,5e-06,3.542692,10.0,10.0,13.352682,0.0,13.352682,86.647318,64.613796,0.623142,4.229457,0.0,0.0
2026-08-30 06:54:28,16037.37,589311,2946,433.8574,425.5625,36.7,95.537338,0.0,191.110168,1.774272,,6.61404,0.661404,7e-06,2.280382,9.0,10.0,3.331174,0.0,3.331174,96.668826,72.622101,0.618492,4.229457,0.0,0.0
2026-08-30 06:54:42,16051.28,589823,2949,677.4164,430.3725,36.7,189.840424,0.0,379.716248,1.769419,,9.498197,0.94982,7e-06,2.066655,7.0,10.0,1.887927,0.0,1.887927,98.112073,74.103965,0.540977,4.229457,0.0,0.0
2026-08-30 06:54:56,16065.13,590335,2951,756.2688,432.4593,36.7,266.074127,-0.0,532.183533,1.762468,,12.183578,1.218358,7e-06,2.954072,9.0,10.0,6.518729,0.0,6.518729,93.481271,70.993254,0.629704,4.229457,0.0,0.0
2026-08-30 06:55:10,16079.0,590847,2954,178.4666,427.4721,36.7,118.979195,-0.0,237.993607,1.761124,,7.535738,0.753574,5e-06,3.580026,10.0,10.0,18.727586,0.0,18.727586,81.272414,60.211633,0.55429,4.229457,0.0,0.0
2026-08-30 06:55:24,16092.92,591359,2956,798.6504,430.6631,36.7,210.992249,0.0,422.019623,1.75694,,11.948347,1.194835,8e-06,2.982858,10.0,10.0,5.117142,0.0,5.117142,94.882858,71.760121,0.511217,4.229457,0.0,0.0
2026-08-30 06:55:38,16106.83,591871,2959,27.7241,424.6791,36.7,205.276062,0.0,410.587219,1.754169,,8.142024,0.814202,4e-06,3.842315,10.0,10.0,28.023361,0.0,28.023361,71.976639,52.825826,0.506069,4.229457,0.0,0.0
2026-08-30 06:55:52,16120.81,592383,2961,418.4017,423.9767,36.7,185.491119,-0.0,371.017242,1.750724,,10.206754,1.020675,7e-06,2.993624,10.0,10.0,16.002559,0.0,16.002559,83.997441,63.129517,0.527531,4.229457,0.0,0.0
2026-08-30 06:56:06,16134.72,592895,2964,398.6949,421.702,36.7,75.140686,0.0,150.316315,1.746965,,7.482347,0.748235,7e-06,2.687155,10.0,10.0,8.273137,0.0,8.273137,91.726863,68.620043,0.489876,4.229457,0.0,0.0
2026-08-30 06:56:20,16148.67,593407,2967,280.3461,416.0255,36.7,58.63467,-0.0,117.304283,1.747154,,5.760452,0.576045,6e-06,3.51134,10.0,10.0,8.151426,0.0,8.151426,91.848574,69.340534,0.563561,4.229457,0.0,0.0
2026-08-30 06:56:34,16162.59,593919,2969,414.0138,417.4847,36.7,58.52739,0.0,117.089661,1.743896,,7.090977,0.709098,8e-06,2.621047,9.0,10.0,6.234169,0.0,6.234169,93.765831,70.738162,0.549959,4.229457,0.0,0.0
2026-08-30 06:56:48,16176.62,594431,2972,586.7678,418.5504,36.7,118.648834,0.0,237.33252,1.74261,,10.375467,1.037547,7e-06,3.333764,10.0,10.0,10.079018,0.0,10.079018,89.920982,67.709552,0.522243,4.229457,0.0,0.0
2026-08-30 06:57:02,16190.7,594943,2974,75.2157,414.8391,36.7,208.160141,0.0,416.355042,1.738449,,6.57582,0.657582,6e-06,3.148308,10.0,10.0,20.112095,0.0,20.112095,79.887905,59.6467,0.561293,4.229457,0.0,0.0
2026-08-30 06:57:16,16204.7,595455,2977,235.5513,411.5894,36.7,78.635452,-0.0,157.30571,1.73992,,5.316859,0.531686,5e-06,3.400381,10.0,10.0,8.635266,0.0,8.635266,91.364734,68.76516,0.604328,4.229457,0.0,0.0
2026-08-30 06:57:30,16218.86,595967,2979,449.7261,409.6674,36.7,78.641777,0.0,157.318283,1.736726,,7.288534,0.728853,5e-06,3.040998,9.0,10.0,5.362897,0.0,5.362897,94.637103,72.207974,0.483796,4.229457,0.0,0.0
2026-08-30 06:57:44,16232.9,596479,2982,330.567,407.1466,36.7,97.384865,-0.0,194.804443,1.735588,,7.14209,0.714209,5e-06,3.643183,10.0,10.0,10.62193,0.0,10.62193,89.37807,66.533226,0.560923,4.229457,0.0,0.0
2026-08-30 06:57:58,16246.94,596991,2984,528.3035,407.2335,36.7,133.609009,0.0,267.252686,1.733916,,9.581645,0.958164,6e-06,3.039952,10.0,10.0,9.599731,0.0,9.599731,90.400269,68.500221,0.478202,4.229457,0.0,0.0
2026-08-30 06:58:12,16260.96,597503,2987,283.6339,403.4177,36.7,86.136681,-0.0,172.308029,1.733644,,7.470229,0.747023,3e-06,3.509563,10.0,10.0,13.765174,0.0,13.765174,86.234826,64.462852,0.542779,4.229457,0.0,0.0
2026-08-30 06:58:26,16275.0,598015,2990,262.4812,400.7949,36.7,83.645241,-0.0,167.32515,1.733616,,5.073019,0.507302,6e-06,2.955009,9.0,10.0,6.014764,0.0,6.014764,93.985236,70.488039,0.606355,4.229457,0.0,0.0
2026-08-30 06:58:40,16288.91,598527,2992,179.9757,400.874,36.7,99.31765,-0.0,198.669968,1.733304,,5.534979,0.553498,4e-06,3.855347,10.0,10.0,12.149149,0.0,12.149149,87.850851,65.788681,0.581833,4.229457,0.0,0.0
2026-08-30 06:58:54,16302.78,599039,2995,665.0461,403.1208,36.7,163.434448,-0.0,326.903503,1.730222,,10.60838,1.060838,6e-06,3.240504,10.0,10.0,7.011658,0.0,7.011658,92.988342,69.42245,0.453647,4.229457,0.0,0.0
2026-08-30 06:59:08,16316.83,599551,2997,421.9486,401.3534,36.7,106.857536,0.0,213.74971,1.731907,,9.489185,0.948918,3e-06,4.319893,10.0,10.0,14.501724,0.0,14.501724,85.498276,64.824502,0.515714,4.229457,0.0,0.0
2026-08-30 06:59:22,16330.77,600063,3000,283.059,397.5982,36.7,78.533859,-0.0,157.102371,1.732417,,5.25901,0.525901,7e-06,2.614093,9.0,10.0,5.926195,0.0,5.926195,94.073805,70.781506,0.599564,4.498025,0.0,0.0
2026-08-30 06:59:36,16344.77,600575,3002,254.7556,391.7941,36.7,108.043594,-0.0,216.121735,1.727617,,6.602225,0.660222,6e-06,3.615681,10.0,10.0,11.34949,0.0,11.34949,88.65051,66.786648,0.587113,4.498025,0.0,0.0
2026-08-30 06:59:50,16358.82,601087,3005,640.6143,392.2184,36.7,174.881149,-0.0,349.796814,1.725743,,10.414216,1.041422,5e-06,3.356262,10.0,10.0,6.298716,0.0,6.298716,93.701284,70.469689,0.557759,4.498025,0.0,0.0
2026-08-30 07:00:04,16372.77,601599,3008,1015.7,400.69,36.7,319.569153,-0.0,639.172729,1.721809,,14.183756,1.418376,7e-06,2.757706,9.0,10.0,2.618715,0.0,2.618715,97.381285,73.952796,0.524197,4.498025,0.0,0.0
2026-08-30 07:00:18,16386.7,602111,3010,801.7031,402.0249,36.7,201.85817,0.0,403.750824,1.724137,,10.752403,1.07524,7e-06,2.107852,7.0,9.0,0.708275,0.0,0.708275,99.291725,74.892032,0.45994,4.498025,0.0,0.0
2026-08-30 07:00:32,16400.66,602623,3013,274.1447,396.0875,36.7,126.638756,-0.0,253.311966,1.722796,,6.976914,0.697691,6e-06,3.191566,10.0,10.0,11.592894,0.0,11.592894,88.407106,66.266667,0.53405,4.498025,0.0,0.0
2026-08-30 07:00:46,16414.69,603135,3015,190.5407,392.6921,36.7,55.194363,-0.0,110.423195,1.723375,,5.203163,0.520316,6e-06,3.132864,10.0,10.0,9.482378,0.0,9.482378,90.517622,68.153923,0.587025,4.498025,0.0,0.0
2026-08-30 07:01:00,16428.69,603647,3018,566.1142,392.9764,36.7,147.705154,0.0,295.444733,1.721723,,8.491814,0.849181,6e-06,2.913228,9.0,10.0,3.674394,0.0,3.674394,96.325606,72.169824,0.526423,4.498025,0.0,0.0
2026-08-30 07:01:14,16442.61,604159,3020,1075.4303,398.4802,36.7,447.562073,0.0,895.15863,1.723005,,16.613831,1.661383,6e-06,2.606388,8.0,10.0,4.443495,0.0,4.443495,95.556505,73.193585,0.584157,4.498025,0.0,0.0
2026-08-30 07:01:27,16456.54,604671,3023,786.6258,403.7707,36.7,257.426575,-0.0,514.887634,1.724853,,13.21135,1.321135,6e-06,2.775186,9.0,10.0,8.080276,0.0,8.080276,91.919724,69.606067,0.558122,4.498025,0.0,0.0
2026-08-30 07:01:41,16470.45,605183,3025,699.6872,409.3905,36.7,234.919815,-0.0,469.874115,1.724231,,12.0099,1.20099,4e-06,3.809779,10.0,10.0,8.023315,0.0,8.023315,91.976685,68.906379,0.592298,4.498025,0.0,0.0
2026-08-30 07:01:55,16484.35,605695,3028,523.2984,410.9585,36.7,156.511215,-0.0,313.056946,1.725869,,9.975626,0.997563,5e-06,3.410443,10.0,10.0,10.20708,0.0,10.20708,89.79292,66.999941,0.50978,4.498025,0.0,0.0
2026-08-30 07:02:09,16498.34,606207,3031,301.0546,408.6516,36.7,57.703857,-0.0,115.442276,1.728112,,7.176532,0.717653,5e-06,3.979618,10.0,10.0,11.697367,0.0,11.697367,88.302633,66.476096,0.490168,4.498025,0.0,0.0
2026-08-30 07:02:23,16512.31,606719,3033,331.0501,405.2282,36.7,87.902153,-0.0,175.838898,1.729572,,6.341675,0.634167,6e-06,2.932711,9.0,10.0,6.93858,0.0,6.93858,93.06142,69.914508,0.591636,4.498025,0.0,0.0
2026-08-30 07:02:37,16526.26,607231,3036,411.5203,407.5292,36.7,132.68602,-0.0,265.406708,1.732675,,7.610294,0.761029,5e-06,3.164501,9.0,10.0,7.576673,0.0,7.576673,92.423327,69.319077,0.548863,4.498025,0.0,0.0
2026-08-30 07:02:51,16540.23,607743,3038,347.8954,405.2345,36.7,155.479248,-0.0,310.993896,1.770056,,7.521007,0.752101,5e-06,3.162344,10.0,10.0,9.954687,0.0,9.954687,90.045313,67.923557,0.539196,4.498025,0.0,0.0
2026-08-30 07:03:05,16554.27,608255,3041,347.5999,404.8781,36.7,172.075226,0.0,344.186493,1.801748,,6.73666,0.673666,3e-06,3.238901,10.0,10.0,7.430889,0.0,7.430889,92.569111,69.747161,0.624355,4.498025,0.0,0.0
2026-08-30 07:03:19,16568.23,608767,3043,506.3563,411.7042,36.7,110.961021,0.0,221.958603,1.828296,,9.337161,0.933716,4e-06,2.798248,10.0,10.0,8.327323,0.0,8.327323,91.672677,69.185127,0.513053,4.498025,0.0,0.0
2026-08-30 07:03:33,16582.18,609279,3046,620.9541,413.3161,36.7,118.612617,0.0,237.262329,1.854638,,8.671555,0.867156,4e-06,2.255372,8.0,10.0,1.758776,0.0,1.758776,98.241224,74.992858,0.495099,4.498025,0.0,0.0
2026-08-30 07:03:47,16596.26,609791,3048,417.215,417.3567,36.7,76.926277,-0.0,153.89003,1.873513,,7.362328,0.736233,4e-06,2.474095,9.0,10.0,6.57881,0.0,6.57881,93.42119,70.982672,0.473879,4.498025,0.0,0.0
2026-08-30 07:04:01,16610.22,610303,3051,507.4341,419.995,36.7,98.963142,0.0,197.964096,1.890929,,7.481699,0.74817,4e-06,2.078698,9.0,10.0,2.724271,0.0,2.724271,97.275729,73.341041,0.559726,4.498025,0.0,0.0
2026-08-30 07:04:15,16624.19,610815,3054,445.5505,418.0924,36.7,100.79615,-0.0,201.630356,1.903144,,7.840864,0.784086,3e-06,3.118586,10.0,10.0,7.152309,0.0,7.152309,92.847691,69.977249,0.587254,4.498025,0.0,0.0
2026-08-30 07:04:29,16638.21,611327,3056,325.2122,417.9087,36.7,98.028694,-0.0,196.095673,1.914195,,7.083035,0.708304,3e-06,2.491105,10.0,10.0,9.699955,0.0,9.699955,90.300045,68.355361,0.47021,4.498025,0.0,0.0
2026-08-30 07:04:43,16652.13,611839,3059,296.0585,415.1885,36.7,90.898842,-0.0,181.836151,1.923674,,5.789867,0.578987,3e-06,2.572617,10.0,10.0,6.25069,0.0,6.25069,93.74931,71.101054,0.518163,4.498025,0.0,0.0
2026-08-30 07:04:57,16665.97,612351,3061,321.886,411.2933,36.7,60.67144,0.0,121.381523,1.931975,,5.672055,0.567206,3e-06,2.557551,9.0,10.0,5.187718,0.0,5.187718,94.812282,71.856472,0.535965,4.498025,0.0,0.0
2026-08-30 07:05:11,16679.78,612863,3064,188.5936,407.4523,36.7,101.694633,0.0,203.428055,1.939284,,6.717113,0.671711,2e-06,2.744435,10.0,10.0,15.097919,0.0,15.097919,84.902081,63.118398,0.518977,4.244995,0.0,0.0
2026-08-30 07:05:25,16693.61,613375,3066,409.9617,406.7557,36.7,74.137497,0.0,148.313919,1.946129,,6.332449,0.633245,3e-06,1.735541,7.0,10.0,3.433817,0.0,3.433817,96.566183,73.957153,0.500003,4.244995,0.0,0.0
2026-08-30 07:05:38,16707.4,613887,3069,200.6074,403.6213,36.7,99.268349,-0.0,198.575775,1.953647,,4.560162,0.456016,3e-06,2.21565,9.0,10.0,6.940096,0.0,6.940096,93.059904,70.181233,0.590237,4.244995,0.0,0.0
2026-08-30 07:05:52,16721.27,614399,3072,114.6121,399.603,36.7,80.119385,0.0,160.277893,1.956494,,6.200701,0.62007,2e-06,2.413629,10.0,10.0,16.81056,0.0,16.81056,83.18944,62.946331,0.454219,4.244995,0.0,0.0
2026-08-30 07:06:06,16735.12,614911,3074,706.7264,403.6136,36.7,147.233078,0.0,294.505371,1.961511,,9.979355,0.997936,7e-06,1.162017,6.0,10.0,2.029788,0.0,2.029788,97.970212,74.561486,0.421317,4.244995,0.0,0.0
2026-08-30 07:06:20,16749.11,615423,3077,687.6603,406.9295,36.7,179.305893,-0.0,358.651093,1.964988,,10.191134,1.019113,3e-06,2.389846,9.0,10.0,3.624724,0.0,3.624724,96.375276,71.663777,0.49293,4.244995,0.0,0.0
2026-08-30 07:06:34,16763.1,615935,3079,374.5482,407.0377,36.7,170.415863,-0.0,340.871063,1.967523,,9.20339,0.920339,2e-06,2.745555,10.0,10.0,14.815228,0.0,14.815228,85.184772,63.666097,0.473923,4.244995,0.0,0.0
2026-08-30 07:06:48,16777.03,616447,3082,441.9178,409.778,36.7,113.201805,-0.0,226.443039,1.971594,,8.568949,0.856895,2e-06,3.027274,10.0,10.0,9.756798,0.0,9.756798,90.243202,67.483654,0.482464,4.244995,0.0,0.0
2026-08-30 07:07:02,16791.08,616959,3084,270.9957,409.9927,36.7,47.454132,-0.0,94.947777,1.975532,,6.763902,0.67639,2e-06,3.26002,10.0,10.0,11.869654,0.0,11.869654,88.130346,67.070894,0.488961,4.244995,0.0,0.0
2026-08-30 07:07:16,16805.0,617471,3087,78.2215,404.6032,36.7,124.571404,-0.0,249.182404,1.979507,,4.354647,0.435465,3e-06,2.687249,10.0,10.0,12.187315,0.0,12.187315,87.812685,66.223314,0.600908,4.244995,0.0,0.0
2026-08-30 07:07:30,16819.05,617983,3089,-118.9394,399.1786,36.7,201.982147,-0.0,404.003967,1.982928,,3.548713,0.354871,1e-06,2.03287,10.0,10.0,18.23562,0.0,18.23562,81.76438,61.37456,0.60777,4.244995,0.0,0.0
2026-08-30 07:07:44,16833.08,618495,3092,322.8591,397.6653,36.7,135.319412,-0.0,270.678528,1.985369,,8.585497,0.85855,2e-06,2.614437,10.0,10.0,14.732719,0.0,14.732719,85.267281,63.731875,0.519431,4.244995,0.0,0.0
2026-08-30 07:07:58,16847.05,619007,3095,618.1174,400.9022,36.7,139.149857,0.0,278.339417,1.985078,,11.406155,1.140615,2e-06,2.853137,10.0,10.0,10.465444,0.0,10.465444,89.534556,67.164622,0.490475,4.244995,0.0,0.0
2026-08-30 07:08:12,16860.91,619519,3097,773.6396,405.5452,36.7,178.657455,0.0,357.354645,1.986524,,12.503766,1.250377,2e-06,2.49532,10.0,10.0,7.135333,0.0,7.135333,92.864667,70.250555,0.464038,4.244995,0.0,0.0
2026-08-30 07:08:26,16874.74,620031,3100,688.4284,408.9849,36.7,122.870361,-0.0,245.780472,1.987808,,10.246677,1.024668,4e-06,1.918846,9.0,10.0,3.647498,0.0,3.647498,96.352502,72.33399,0.442978,4.244995,0.0,0.0
2026-08-30 07:08:40,16888.63,620543,3102,354.928,409.8955,36.7,72.994514,0.0,146.028809,1.989159,,7.578135,0.757814,2e-06,3.146307,10.0,10.0,10.804251,0.0,10.804251,89.195749,67.413054,0.513838,4.244995,0.0,0.0
2026-08-30 07:08:54,16902.57,621055,3105,420.5125,409.886,36.7,105.867844,0.0,211.775543,1.992717,,6.413426,0.641343,4e-06,1.871458,9.0,10.0,3.297859,0.0,3.297859,96.702141,73.22493,0.556826,4.244995,0.0,0.0
2026-08-30 07:09:07,16916.47,621567,3107,426.2388,407.9084,36.7,69.722801,-0.0,139.485458,1.993043,,8.781442,0.878144,3e-06,2.511935,10.0,10.0,11.251349,0.0,11.251349,88.748651,67.027536,0.513933,4.244995,0.0,0.0
2026-08-30 07:09:21,16930.43,622079,3110,94.3255,400.8985,36.7,133.688141,-0.0,267.416168,1.994332,,9.030197,0.90302,1e-06,3.284157,10.0,10.0,27.456209,0.0,27.456209,72.543791,53.205023,0.472159,4.244995,0.0,0.0
2026-08-30 07:09:35,16944.45,622591,3112,515.7988,399.5409,36.7,79.116074,0.0,158.272079,1.996906,,9.010956,0.901096,3e-06,2.613162,10.0,10.0,8.420288,0.0,8.420288,91.579712,69.765839,0.459085,4.244995,0.0,0.0
2026-08-30 07:09:49,16958.44,623103,3115,61.1256,397.3729,36.7,122.772591,0.0,245.585159,1.998968,,4.12044,0.412044,2e-06,3.125717,10.0,10.0,12.069585,0.0,12.069585,87.930415,64.98591,0.56702,4.244995,0.0,0.0
2026-08-30 07:10:03,16972.47,623615,3118,27.9194,392.053,36.7,125.812164,-0.0,251.664352,2.001388,,4.371557,0.437156,1e-06,3.729395,10.0,10.0,15.030198,0.0,15.030198,84.969802,63.052973,0.575882,4.244995,0.0,0.0
2026-08-30 07:10:17,16986.56,624127,3120,-264.0156,384.1334,36.7,431.508789,-0.0,863.057617,2.001927,,4.487118,0.448712,1e-06,3.875201,10.0,10.0,28.398504,0.0,28.398504,71.601496,52.314653,0.555571,4.244995,0.0,0.0
2026-08-30 07:10:31,17000.51,624639,3123,121.1116,384.1363,36.7,248.793854,-0.0,497.627747,2.002481,,6.523931,0.652393,1e-06,2.735293,10.0,10.0,17.623667,0.0,17.623667,82.376333,61.694856,0.487059,4.244995,0.0,0.0
2026-08-30 07:10:45,17014.47,625151,3125,310.4421,381.0683,36.7,83.478516,0.0,166.997086,2.002718,,7.783337,0.778334,3e-06,2.414709,10.0,10.0,12.840545,0.0,12.840545,87.159455,66.020779,0.478855,4.659035,0.0,0.0
2026-08-30 07:10:59,17028.32,625663,3128,465.7368,380.2913,36.7,146.26767,-0.0,292.575439,2.004909,,7.717193,0.771719,6e-06,1.220059,8.0,10.0,5.067092,0.0,5.067092,94.932908,72.293035,0.512316,4.659035,0.0,0.0
2026-08-30 07:11:13,17042.32,626175,3130,279.5487,381.0853,36.7,124.647758,0.0,249.335602,2.004145,,6.262071,0.626207,3e-06,2.156923,9.0,10.0,8.377346,0.0,8.377346,91.622654,69.056538,0.492798,4.659035,0.0,0.0
2026-08-30 07:11:27,17056.15,626687,3133,504.6328,385.8405,36.7,140.222031,0.0,280.484161,2.00443,,8.502268,0.850227,3e-06,2.576413,10.0,10.0,6.061002,0.0,6.061002,93.938998,70.62244,0.49348,4.659035,0.0,0.0
2026-08-30 07:11:41,17070.01,627199,3136,280.6013,384.9918,36.7,128.433197,-0.0,256.906464,2.002881,,9.015657,0.901566,2e-06,3.870868,10.0,10.0,17.745676,0.0,17.745676,82.254324,61.280632,0.490233,4.659035,0.0,0.0
2026-08-30 07:11:55,17083.81,627711,3138,379.0774,389.7054,36.7,49.64912,0.0,99.338333,2.004597,,7.938848,0.793885,4e-06,1.762072,9.0,10.0,9.7189,0.0,9.7189,90.2811,68.30539,0.468277,4.659035,0.0,0.0
2026-08-30 07:12:09,17097.72,628223,3141,292.3051,392.2045,36.7,330.598419,-0.0,661.236938,2.005079,,9.032292,0.903229,2e-06,2.694052,10.0,10.0,16.102836,0.0,16.102836,83.897164,62.803837,0.548209,4.659035,0.0,0.0
2026-08-30 07:12:22,17111.55,628735,3143,567.3747,397.3649,36.7,159.808334,-0.0,319.656799,2.005888,,9.798272,0.979827,4e-06,1.781913,9.0,10.0,6.552016,0.0,6.552016,93.447984,70.654356,0.497726,4.659035,0.0,0.0
2026-08-30 07:12:36,17125.5,629247,3146,429.4805,396.3116,36.7,119.5317,0.0,239.103561,2.007947,,8.71188,0.871188,3e-06,2.360703,10.0,10.0,9.858266,0.0,9.858266,90.141734,67.311332,0.517306,4.659035,0.0,0.0
2026-08-30 07:12:51,17139.57,629759,3148,489.5337,394.1342,36.7,129.260437,0.0,258.561005,2.006861,,10.557944,1.055794,2e-06,2.992122,10.0,10.0,12.84369,0.0,12.84369,87.15631,66.294341,0.488072,4.659035,0.0,0.0
2026-08-30 07:13:04,17153.54,630271,3151,573.4577,395.8346,36.7,150.05629,0.0,300.152771,2.009931,,8.17648,0.817648,4e-06,1.456217,7.0,10.0,1.947076,0.0,1.947076,98.052924,74.133373,0.485283,4.659035,0.0,0.0
2026-08-30 07:13:18,17167.53,630783,3153,98.4098,393.4195,36.7,107.699333,-0.0,215.438873,2.009966,,5.171522,0.517152,3e-06,2.868467,10.0,10.0,13.24568,0.0,13.24568,86.75432,65.631213,0.532766,4.659035,0.0,0.0
2026-08-30 07:13:32,17181.55,631295,3156,197.818,390.936,36.7,98.628082,-0.0,197.296371,2.010343,,8.12876,0.812876,2e-06,2.95859,10.0,10.0,17.774041,0.0,17.774041,82.225959,61.018291,0.488977,4.659035,0.0,0.0
2026-08-30 07:13:47,17195.64,631807,3159,63.4124,385.2018,36.7,205.417938,-0.0,410.876068,2.010308,,7.188149,0.718815,1e-06,3.426672,10.0,10.0,20.737562,0.0,20.737562,79.262438,58.831031,0.495702,4.659035,0.0,0.0
2026-08-30 07:14:00,17209.52,632319,3161,418.652,389.2311,36.7,103.698006,0.0,207.436234,2.01147,,6.551583,0.655158,3e-06,2.053126,9.0,10.0,3.535386,0.0,3.535386,96.464614,72.610869,0.503032,4.659035,0.0,0.0
2026-08-30 07:14:14,17223.44,632831,3164,434.0342,389.5319,36.7,106.187134,0.0,212.414505,2.011821,,7.504844,0.750484,6e-06,2.231077,10.0,10.0,5.953786,0.0,5.953786,94.046214,70.999932,0.55424,4.659035,0.0,0.0
2026-08-30 07:14:28,17237.23,633343,3166,303.0895,388.2474,36.7,82.601311,0.0,165.242889,2.013428,,6.911483,0.691148,2e-06,2.751508,10.0,10.0,9.796069,0.0,9.796069,90.203931,68.975079,0.461486,4.659035,0.0,0.0
2026-08-30 07:14:42,17251.12,633855,3169,-34.1911,379.3256,36.7,227.99675,0.0,456.033783,2.013946,,5.691749,0.569175,1e-06,2.485162,10.0,10.0,20.04223,0.0,20.04223,79.95777,60.088729,0.5469,4.659035,0.0,0.0
2026-08-30 07:14:56,17264.91,634367,3171,365.9876,382.2044,36.7,67.038651,0.0,134.117615,2.015546,,6.632645,0.663265,4e-06,2.12131,9.0,10.0,5.955958,0.0,5.955958,94.044042,71.035184,0.514681,4.659035,0.0,0.0
2026-08-30 07:15:10,17278.75,634879,3174,239.1645,381.1314,36.7,81.642426,-0.0,163.32518,2.016093,,7.332697,0.73327,2e-06,2.75138,10.0,10.0,13.576458,0.0,13.576458,86.423542,64.13865,0.516476,4.659035,0.0,0.0
2026-08-30 07:15:24,17292.65,635391,3176,709.1865,386.2383,36.7,144.327728,0.0,288.69577,2.015766,,10.347093,1.034709,4e-06,2.302972,9.0,10.0,3.062019,0.0,3.062019,96.937981,73.262641,0.499694,4.659035,0.0,0.0
2026-08-30 07:15:38,17306.6,635903,3179,453.2981,388.576,36.7,188.709488,-0.0,377.45932,2.017395,,10.002031,1.000203,4e-06,2.219977,10.0,10.0,12.696847,0.0,12.696847,87.303153,65.353688,0.492931,4.659035,0.0,0.0
2026-08-30 07:15:51,17320.53,636415,3182,0.5094,386.6275,36.7,166.223053,0.0,332.48645,2.017366,,6.19142,0.619142,2e-06,3.630466,10.0,10.0,19.939682,0.0,19.939682,80.060318,59.462327,0.562148,4.659035,0.0,0.0
2026-08-30 07:16:05,17334.44,636927,3184,336.2721,384.3152,36.7,49.286678,-0.0,98.613731,2.018588,,7.600448,0.760045,3e-06,2.128452,10.0,10.0,10.358692,0.0,10.358692,89.641308,67.923792,0.48873,4.659035,0.0,0.0
2026-08-30 07:16:19,17348.33,637439,3187,597.1598,385.4557,36.7,121.806366,0.0,243.653076,2.017244,,10.191276,1.019128,3e-06,2.579971,9.0,10.0,7.040281,0.0,7.040281,92.959719,70.22119,0.44274,4.659035,0.0,0.0
2026-08-30 07:16:33,17362.36,637951,3189,540.4626,383.908,36.7,157.846329,0.0,315.733002,2.016762,,9.35468,0.935468,3e-06,3.569244,10.0,10.0,7.054165,0.0,7.054165,92.945835,69.542029,0.52719,4.933498,0.0,0.0
2026-08-30 07:16:47,17376.23,638463,3192,354.3981,383.5582,36.7,64.630287,-0.0,129.300903,2.016674,,7.19018,0.719018,4e-06,1.949319,10.0,10.0,7.805368,0.0,7.805368,92.194632,68.895298,0.510016,4.933498,0.0,0.0
2026-08-30 07:17:01,17390.15,638975,3194,497.5421,383.4353,36.7,59.830662,-0.0,119.70166,2.016729,,7.607565,0.760756,4e-06,2.210567,9.0,10.0,3.55436,0.0,3.55436,96.44564,73.086865,0.5142,4.933498,0.0,0.0
2026-08-30 07:17:15,17404.2,639487,3197,164.7015,386.6412,36.7,223.44931,0.0,446.938934,2.015696,,8.364456,0.836446,2e-06,3.635645,10.0,10.0,18.966215,0.0,18.966215,81.033785,59.18075,0.550809,4.933498,0.0,0.0
2026-08-30 07:17:29,17418.25,639999,3200,409.2992,389.3181,36.7,132.782303,0.0,265.604889,2.014085,,9.888961,0.988896,2e-06,3.324823,10.0,10.0,13.768314,0.0,13.768314,86.231686,65.229761,0.528845,4.933498,0.0,0.0
2026-08-30 07:17:43,17432.21,640511,3202,236.7057,387.3466,36.7,85.296402,-0.0,170.633118,2.01544,,8.217263,0.821726,2e-06,3.786462,10.0,10.0,15.810058,0.0,15.810058,84.189942,62.653934,0.493425,4.933498,0.0,0.0
2026-08-30 07:17:57,17446.14,641023,3205,518.7445,385.7599,36.7,147.82077,0.0,295.681824,2.01457,,9.552935,0.955293,3e-06,2.299599,9.0,10.0,8.468093,0.0,8.468093,91.531907,69.185802,0.485209,4.933498,0.0,0.0
2026-08-30 07:18:11,17459.9,641535,3207,520.1221,383.3984,36.7,137.647873,0.0,275.336029,2.014683,,8.16276,0.816276,5e-06,1.665773,9.0,10.0,3.801968,0.0,3.801968,96.198032,73.482804,0.519434,4.933498,0.0,0.0
2026-08-30 07:18:25,17473.79,642047,3210,183.1997,383.4457,36.7,102.945412,-0.0,205.931107,2.013912,,5.718818,0.571882,2e-06,3.121851,10.0,10.0,10.472765,0.0,10.472765,89.527235,67.146081,0.587047,4.933498,0.0,0.0
2026-08-30 07:18:39,17487.66,642559,3212,-42.5204,375.034,36.7,378.424347,-0.0,756.888977,2.014065,,6.257981,0.625798,2e-06,3.092953,10.0,10.0,21.031369,0.0,21.031369,78.968631,59.326904,0.552751,4.933498,0.0,0.0
2026-08-30 07:18:53,17501.61,643071,3215,87.3963,375.6307,36.7,121.594757,0.0,243.229767,2.012307,,5.994353,0.599435,3e-06,2.959375,10.0,10.0,15.42269,0.0,15.42269,84.57731,63.275095,0.546905,4.933498,0.0,0.0
2026-08-30 07:19:06,17515.52,643583,3217,224.3699,373.6904,36.7,63.95293,-0.0,127.946121,2.01307,,5.608292,0.560829,3e-06,2.759933,10.0,10.0,8.672681,0.0,8.672681,91.327319,68.884058,0.524476,4.933498,0.0,0.0
2026-08-30 07:19:20,17529.42,644095,3220,665.1499,376.355,36.7,117.923958,-0.0,235.888184,2.013165,,8.96747,0.896747,5e-06,1.453326,6.0,9.0,0.463332,0.0,0.463332,99.536668,76.452862,0.473113,4.933498,0.0,0.0
2026-08-30 07:19:34,17543.34,644607,3223,575.9561,379.3111,36.7,160.467331,-0.0,320.974945,2.013495,,10.686931,1.068693,4e-06,1.950857,9.0,10.0,8.660084,0.0,8.660084,91.339916,69.323921,0.477783,4.933498,0.0,0.0
2026-08-30 07:19:48,17557.33,645119,3225,353.4095,378.705,36.7,76.047066,-0.0,152.134384,2.012778,,9.490761,0.949076,3e-06,2.693294,10.0,10.0,15.014516,0.0,15.014516,84.985484,63.652511,0.464648,4.933498,0.0,0.0
2026-08-30 07:20:02,17571.26,645631,3228,327.6599,376.1139,36.7,99.707771,-0.0,199.455795,2.012359,,8.339468,0.833947,3e-06,2.409675,10.0,10.0,12.574234,0.0,12.574234,87.425766,65.849049,0.483477,4.933498,0.0,0.0
2026-08-30 07:20:16,17585.21,646143,3230,413.338,379.4952,36.7,125.75676,0.0,251.553711,2.00942,,9.356868,0.935687,2e-06,2.884367,10.0,10.0,11.967604,0.0,11.967604,88.032396,66.718487,0.530294,4.933498,0.0,0.0
2026-08-30 07:20:30,17599.25,646655,3233,305.796,380.1976,36.7,132.987961,-0.0,266.016083,2.008045,,9.163867,0.916387,3e-06,3.36783,10.0,10.0,15.836671,0.0,15.836671,84.163329,63.328376,0.572032,4.933498,0.0,0.0
2026-08-30 07:20:44,17613.18,647167,3235,688.2424,382.5828,36.7,159.914352,-0.0,319.868866,2.007643,,10.724525,1.072452,3e-06,2.156854,9.0,10.0,4.964581,0.0,4.964581,95.035419,71.777341,0.501197,4.933498,0.0,0.0
2026-08-30 07:20:58,17627.06,647679,3238,635.0291,385.6274,36.7,172.268753,0.0,344.577637,2.006617,,11.40689,1.140689,3e-06,2.37245,9.0,10.0,9.048866,0.0,9.048866,90.951134,68.359349,0.509275,4.933498,0.0,0.0
2026-08-30 07:21:12,17641.0,648191,3240,59.4654,380.939,36.7,141.509964,0.0,283.060028,2.005687,,10.242903,1.02429,1e-06,3.587408,10.0,10.0,28.98253,0.0,28.98253,71.01747,52.328311,0.465823,4.933498,0.0,0.0
2026-08-30 07:21:26,17654.83,648703,3243,677.4357,384.877,36.7,152.386993,-0.0,304.814117,2.006629,,10.192129,1.019213,4e-06,1.857816,8.0,10.0,3.848846,0.0,3.848846,96.151154,72.513343,0.457254,4.933498,0.0,0.0
2026-08-30 07:21:40,17668.62,649215,3246,423.7847,386.4901,36.7,152.548569,0.0,305.137268,2.006964,,7.807555,0.780755,4e-06,2.068753,8.0,10.0,6.77591,0.0,6.77591,93.22409,69.69817,0.471515,4.933498,0.0,0.0
2026-08-30 07:21:53,17682.52,649727,3248,412.3992,388.8143,36.7,133.186539,-0.0,266.413177,2.00532,,8.096254,0.809625,3e-06,2.52526,10.0,10.0,8.319436,0.0,8.319436,91.680564,69.204989,0.512177,4.933498,0.0,0.0
2026-08-30 07:22:07,17696.46,650239,3251,489.425,387.0581,36.7,93.812233,0.0,187.664536,2.003146,,8.597335,0.859734,3e-06,2.135931,9.0,10.0,6.483699,0.0,6.483699,93.516301,70.085322,0.469617,5.209364,0.0,0.0
2026-08-30 07:22:21,17710.4,650751,3253,-107.2047,381.7666,36.7,423.863098,0.0,847.766235,2.001177,,8.18138,0.818138,1e-06,4.446982,10.0,10.0,27.512414,0.0,27.512414,72.487586,53.176411,0.484246,5.209364,0.0,0.0
2026-08-30 07:22:35,17724.33,651263,3256,414.0316,383.0763,36.7,89.623093,0.0,179.28624,2.002516,,8.605917,0.860592,3e-06,3.005225,10.0,10.0,9.554202,0.0,9.554202,90.445798,68.022209,0.487915,5.209364,0.0,0.0
2026-08-30 07:22:49,17738.27,651775,3258,169.1478,382.2202,36.7,73.639198,0.0,147.318405,2.000095,,6.904164,0.690416,3e-06,3.305612,10.0,10.0,14.133881,0.0,14.133881,85.866119,64.361568,0.540335,5.209364,0.0,0.0
2026-08-30 07:23:03,17752.26,652287,3261,489.128,380.7053,36.7,216.885025,0.0,433.810028,1.999508,,9.289061,0.928906,4e-06,1.894585,8.0,10.0,7.696114,0.0,7.696114,92.303886,69.73717,0.513665,5.209364,0.0,0.0
2026-08-30 07:23:17,17766.28,652799,3264,341.5112,373.9635,36.7,114.964027,-0.0,229.968018,1.998312,,8.737275,0.873728,2e-06,3.268729,10.0,10.0,12.572203,0.0,12.572203,87.427797,66.436854,0.503216,5.209364,0.0,0.0
2026-08-30 07:23:31,17780.31,653311,3266,108.8937,367.0354,36.7,90.482887,-0.0,181.005692,1.996169,,6.239337,0.623934,3e-06,3.562022,10.0,10.0,14.606778,0.0,14.606778,85.393222,63.406462,0.506371,5.209364,0.0,0.0
2026-08-30 07:23:45,17794.37,653823,3269,107.6488,365.3704,36.7,134.881638,0.0,269.803131,1.99248,,6.431178,0.643118,2e-06,4.250402,10.0,10.0,15.091848,0.0,15.091848,84.908152,63.271923,0.517098,5.209364,0.0,0.0
2026-08-30 07:23:59,17808.27,654335,3271,544.6203,368.9112,36.7,196.658615,0.0,393.357025,1.989059,,8.870164,0.887016,5e-06,1.924974,9.0,10.0,5.014358,0.0,5.014358,94.985642,72.267852,0.515906,5.209364,0.0,0.0
2026-08-30 07:24:13,17822.13,654847,3274,235.3998,365.6041,36.7,86.24485,0.0,172.529434,1.986868,,5.707171,0.570717,7e-06,2.653802,10.0,10.0,8.086282,0.0,8.086282,91.913718,69.247418,0.580557,5.209364,0.0,0.0
2026-08-30 07:24:27,17836.02,655359,3276,-27.5042,354.5747,36.7,217.743073,-0.0,435.525879,1.986364,,3.57836,0.357836,4e-06,3.022482,10.0,10.0,11.686312,0.0,11.686312,88.313688,65.899174,0.690771,5.209364,0.0,0.0
2026-08-30 07:24:41,17849.88,655871,3279,74.4361,347.4528,36.7,179.334152,-0.0,358.707977,1.983767,,4.072687,0.407269,4e-06,2.295759,10.0,10.0,9.254881,0.0,9.254881,90.745119,69.022857,0.670652,5.209364,0.0,0.0
2026-08-30 07:24:55,17863.7,656383,3281,305.6839,343.5128,36.7,150.159256,-0.0,300.358063,1.978033,,8.406938,0.840694,3e-06,3.554298,10.0,10.0,13.141557,0.0,13.141557,86.858443,64.67185,0.510237,5.209364,0.0,0.0
2026-08-30 07:25:08,17877.47,656895,3284,717.1885,345.4517,36.7,281.986664,0.0,564.012878,1.977436,,10.922125,1.092213,5e-06,1.829055,9.0,10.0,3.799234,0.0,3.799234,96.200766,72.816582,0.506482,5.209364,0.0,0.0
2026-08-30 07:25:22,17891.32,657407,3287,428.1295,346.7224,36.7,128.633972,0.0,257.307465,1.976399,,10.383454,1.038345,3e-06,3.217342,10.0,10.0,13.769611,0.0,13.769611,86.230389,65.321768,0.538176,5.209364,0.0,0.0
2026-08-30 07:25:36,17905.34,657919,3289,179.3988,345.2059,36.7,98.074593,-0.0,196.188721,1.976532,,8.314513,0.831451,2e-06,4.157371,10.0,10.0,17.428014,0.0,17.428014,82.571986,61.479376,0.555007,5.209364,0.0,0.0
2026-08-30 07:25:50,17919.25,658431,3292,508.3523,346.1742,36.7,140.545807,0.0,281.131165,1.97743,,9.932501,0.99325,3e-06,2.956653,10.0,10.0,9.213309,0.0,9.213309,90.786691,68.321149,0.550061,5.209364,0.0,0.0
2026-08-30 07:26:04,17933.15,658943,3294,419.2089,346.8874,36.7,154.833237,-0.0,309.706055,1.979038,,8.835334,0.883533,5e-06,1.954806,9.0,10.0,9.724106,0.0,9.724106,90.275894,67.816979,0.490705,5.209364,0.0,0.0
2026-08-30 07:26:18,17947.15,659455,3297,241.7702,345.8291,36.7,162.982513,-0.0,326.004608,1.978912,,6.8983,0.68983,5e-06,1.619395,8.0,10.0,10.84466,0.0,10.84466,89.15534,67.080526,0.500334,5.209364,0.0,0.0
2026-08-30 07:26:32,17961.07,659967,3299,419.6969,344.9625,36.7,89.73584,-0.0,179.51123,1.977875,,7.667767,0.766777,3e-06,3.228602,10.0,10.0,6.519263,0.0,6.519263,93.480737,70.76513,0.521779,5.209364,0.0,0.0
2026-08-30 07:26:46,17974.98,660479,3302,385.8324,342.6113,36.7,105.124725,0.0,210.289017,1.978226,,8.169768,0.816977,7e-06,1.83239,10.0,10.0,9.222704,0.0,9.222704,90.777296,67.951565,0.500298,5.209364,0.0,0.0
2026-08-30 07:27:00,17989.03,660991,3304,353.5101,341.9742,36.7,80.065559,-0.0,160.170609,1.974717,,8.282828,0.828283,2e-06,3.045631,10.0,10.0,11.172299,0.0,11.172299,88.827701,66.866005,0.469437,5.209364,0.0,0.0
2026-08-30 07:27:14,18003.04,661503,3307,426.3473,341.1633,36.7,78.214287,0.0,156.468002,1.971328,,7.652158,0.765216,5e-06,2.501024,10.0,10.0,6.467489,0.0,6.467489,93.532511,70.125659,0.460528,5.209364,0.0,0.0
2026-08-30 07:27:28,18016.99,662015,3310,217.8213,338.8861,36.7,214.035385,0.0,428.110077,1.966084,,8.046347,0.804635,3e-06,2.677212,10.0,10.0,15.283431,0.0,15.283431,84.716569,64.017791,0.46453,5.209364,0.0,0.0
2026-08-30 07:27:42,18030.85,662527,3312,358.6156,339.2201,36.7,120.811646,-0.0,241.662506,1.961073,,8.127795,0.812779,4e-06,3.050783,10.0,10.0,9.964764,0.0,9.964764,90.035236,67.760606,0.57426,5.512377,0.0,0.0
2026-08-30 07:27:56,18044.74,663039,3315,333.8597,339.5981,36.7,167.121674,-0.0,334.28183,1.92369,,7.99558,0.799558,6e-06,2.405838,10.0,10.0,10.154861,0.0,10.154861,89.845139,67.401557,0.558342,5.512377,0.0,0.0
2026-08-30 07:28:10,18058.63,663551,3317,812.6183,344.5054,36.7,170.996872,0.0,342.031372,1.881782,,13.296842,1.329684,4e-06,3.348624,10.0,10.0,7.317886,0.0,7.317886,92.682114,69.826272,0.48925,5.512377,0.0,0.0
2026-08-30 07:28:23,18072.49,664063,3320,754.7322,350.1668,36.7,183.286148,0.0,366.609222,1.845834,,10.243813,1.024381,6e-06,2.031091,7.0,10.0,1.07657,0.0,1.07657,98.92343,74.889905,0.449403,5.512377,0.0,0.0
2026-08-30 07:28:37,18086.5,664575,3322,315.7436,349.2246,36.7,106.546127,0.0,213.128372,1.805701,,9.044061,0.904406,5e-06,3.246472,10.0,10.0,14.146777,0.0,14.146777,85.853223,63.884534,0.431436,5.512377,0.0,0.0
2026-08-30 07:28:51,18100.45,665087,3325,95.6694,348.1752,36.7,295.079987,-0.0,590.195496,1.774979,,7.439667,0.743967,4e-06,3.409273,10.0,10.0,17.068311,0.0,17.068311,82.931689,61.056868,0.546831,5.512377,0.0,0.0
2026-08-30 07:29:05,18114.37,665599,3328,-197.1173,345.058,36.7,251.573593,0.0,503.182037,1.743212,,5.768467,0.576847,7e-06,4.269659,10.0,10.0,23.502407,0.0,23.502407,76.497593,57.03706,0.592947,5.512377,0.0,0.0
2026-08-30 07:29:19,18128.27,666111,3330,-104.8754,336.9419,36.7,151.809799,-0.0,303.65387,1.713288,,5.177551,0.517755,8e-06,3.504375,10.0,10.0,18.495828,0.0,18.495828,81.504172,59.738122,0.594831,5.512377,0.0,0.0
2026-08-30 07:29:33,18142.28,666623,3333,131.579,331.3811,36.7,181.986206,-0.0,364.006165,1.688156,,6.227196,0.62272,9e-06,3.465884,10.0,10.0,12.443684,0.0,12.443684,87.556316,64.557685,0.544279,5.512377,0.0,0.0
2026-08-30 07:29:47,18156.19,667135,3335,136.3229,328.9989,36.7,73.213593,-0.0,146.460388,1.660158,,8.307766,0.830777,1.2e-05,3.465011,10.0,10.0,18.35002,0.0,18.35002,81.64998,61.25628,0.443123,5.512377,0.0,0.0
2026-08-30 07:30:01,18170.18,667647,3338,-282.7771,321.7519,36.7,493.257263,-0.0,986.547363,1.642617,,5.39512,0.539512,9e-06,3.745478,10.0,10.0,25.237391,0.0,25.237391,74.762609,55.104942,0.531547,5.512377,0.0,0.0
2026-08-30 07:30:15,18184.27,668159,3340,190.1053,320.943,36.7,315.247833,0.0,630.528015,1.61804,,11.636728,1.163673,9e-06,4.983412,10.0,10.0,24.831529,0.0,24.831529,75.168471,56.638895,0.492284,5.512377,0.0,0.0
2026-08-30 07:30:29,18198.23,668671,3343,250.2084,322.6629,36.7,84.467293,0.0,168.966599,1.600404,,10.82348,1.082348,1.2e-05,3.690477,10.0,10.0,20.596469,0.0,20.596469,79.403531,59.055436,0.561552,5.512377,0.0,0.0
2026-08-30 07:30:43,18212.19,669183,3345,255.2661,326.4049,36.7,187.301743,-0.0,374.635315,1.592142,,10.673925,1.067393,1e-05,4.994559,10.0,10.0,20.609862,0.0,20.609862,79.390138,59.434411,0.502211,5.512377,0.0,0.0
2026-08-30 07:30:57,18226.24,669695,3348,-58.3077,322.5933,36.7,154.097916,0.0,308.227386,1.577121,,9.512184,0.951218,1.1e-05,5.328964,10.0,10.0,28.578707,0.0,28.578707,71.421293,51.545884,0.568101,5.512377,0.0,0.0
2026-08-30 07:31:11,18240.08,670207,3351,515.5701,321.5678,36.7,183.60585,0.0,367.243011,1.564858,,9.929934,0.992993,0.612366,3.064621,10.0,10.0,8.883224,0.0,8.883224,91.116776,68.639995,0.523777,5.512377,0.0,0.0
2026-08-30 07:31:25,18254.1,670719,3353,-406.3929,309.7675,36.7,476.743591,0.0,953.518372,1.560855,,5.789687,0.578969,9e-06,5.002564,10.0,10.0,31.113756,0.0,31.113756,68.886244,50.729329,0.644982,5.512377,0.0,0.0
2026-08-30 07:31:39,18268.0,671231,3356,84.2243,303.7254,36.7,251.977554,-0.0,503.986145,1.551343,,7.729972,0.772997,0.819064,4.525826,10.0,10.0,17.9486,0.0,17.9486,82.0514,59.70876,0.591642,5.512377,0.0,0.0
2026-08-30 07:31:53,18282.11,671743,3358,-408.7556,296.0886,36.7,360.645752,-0.0,721.322449,1.547143,,4.969422,0.496942,0.162556,5.068344,10.0,10.0,29.187091,0.0,29.187091,70.812909,51.964789,0.659508,5.512377,0.0,0.0
2026-08-30 07:32:07,18296.27,672255,3361,-347.5742,288.4077,36.7,302.524933,-0.0,605.080688,1.540121,,6.087957,0.608796,0.156632,5.395692,10.0,10.0,29.860998,0.0,29.860998,70.139002,50.579213,0.568384,5.512377,0.0,0.0
2026-08-30 07:32:21,18310.35,672767,3363,-426.9915,279.8754,36.7,488.762695,-0.0,977.556091,1.534358,,5.83875,0.583875,0.426241,4.862995,10.0,10.0,32.009571,0.0,32.009571,67.990429,50.380332,0.572159,5.512377,0.0,0.0
2026-08-30 07:32:35,18324.46,673279,3366,-451.8232,274.4139,36.7,487.576965,0.0,975.18457,1.532946,,5.71843,0.571843,0.185422,3.461691,10.0,10.0,31.579699,0.0,31.579699,68.420301,49.895479,0.574116,5.512377,0.0,0.0
2026-08-30 07:32:49,18338.53,673791,3368,-39.0509,268.8654,36.7,167.661652,-0.0,335.35379,1.524174,,8.683531,0.868353,0.872216,5.677531,10.0,10.0,26.216102,0.0,26.216102,73.783898,55.151785,0.58363,5.512377,0.0,0.0
2026-08-30 07:33:04,18352.58,674303,3371,-12.8923,268.1253,36.7,247.027298,-0.0,494.085052,1.52251,,9.873761,0.987376,0.213911,3.995221,10.0,10.0,27.440836,0.0,27.440836,72.559164,53.34813,0.500226,5.512377,0.0,0.0
2026-08-30 07:33:17,18366.54,674815,3374,659.8609,274.4447,36.7,218.148315,0.0,436.326965,1.51713,,13.126896,1.31269,0.738877,3.625148,10.0,10.0,12.154285,0.0,12.154285,87.845715,65.092473,0.505582,5.512377,0.0,0.0
2026-08-30 07:33:31,18380.51,675327,3376,565.1418,282.7363,36.7,202.946411,0.0,405.923126,1.514924,,12.57073,1.257073,1.89695,4.269936,10.0,10.0,11.690185,0.0,11.690185,88.309815,65.756338,0.517081,7.041003,0.0,0.0
2026-08-30 07:33:45,18394.42,675839,3379,76.1788,282.2869,36.7,175.173782,0.0,350.377899,1.516613,,7.392462,0.739246,0.922072,4.245909,10.0,10.0,14.471954,0.0,14.471954,85.528046,63.257576,0.582472,7.041003,0.0,0.0
2026-08-30 07:33:59,18408.35,676351,3381,-432.5528,274.857,36.7,389.276154,-0.0,778.582581,1.514424,,3.3968,0.33968,0.913486,4.582757,10.0,10.0,19.9032,0.0,19.9032,80.0968,59.821625,0.773878,7.041003,0.0,0.0
2026-08-30 07:34:13,18422.16,676863,3384,-281.7889,267.3817,36.7,271.36496,-0.0,542.760193,1.512513,,6.563968,0.656397,0.472531,4.175533,10.0,10.0,22.520661,0.0,22.520661,77.479339,56.184487,0.559698,7.041003,0.0,0.0
2026-08-30 07:34:27,18435.99,677375,3386,-71.5713,263.8705,36.7,131.5186,-0.0,263.067383,1.508436,,11.660816,1.166082,0.665121,4.714459,10.0,10.0,27.692469,0.0,27.692469,72.307531,53.41336,0.545588,7.041003,0.0,0.0
2026-08-30 07:34:41,18449.83,677887,3389,49.7497,259.3217,36.7,308.205139,0.0,616.440369,1.50492,,10.948526,1.094853,1.114116,4.467165,10.0,10.0,22.385494,0.0,22.385494,77.614506,57.406398,0.599241,7.041003,0.0,0.0
2026-08-30 07:34:55,18463.72,678399,3392,620.6367,262.722,36.7,141.257645,0.0,282.54541,1.506224,,10.776192,1.077619,1.369376,3.023356,10.0,10.0,6.073132,0.0,6.073132,93.926868,70.971668,0.511168,7.041003,0.0,0.0
2026-08-30 07:35:09,18477.63,678911,3394,-147.6596,257.4547,36.7,178.364029,-0.0,356.75827,1.510199,,5.339575,0.533958,0.116442,3.57914,10.0,10.0,15.906167,0.0,15.906167,84.093833,62.586762,0.572176,7.041003,0.0,0.0
2026-08-30 07:35:23,18491.57,679423,3397,-692.2258,247.6094,36.7,752.335083,-0.0,1504.700562,1.518651,,5.601251,0.560125,0.164529,4.248265,10.0,10.0,31.58028,0.0,31.58028,68.41972,49.507387,0.578792,7.041003,0.0,0.0
2026-08-30 07:35:37,18505.64,679935,3399,-30.0545,241.6351,36.7,128.73616,0.0,257.502533,1.510965,,9.656879,0.965688,0.772068,5.022504,10.0,10.0,22.424677,0.0,22.424677,77.575323,58.633583,0.527216,7.041003,0.0,0.0
2026-08-30 07:35:51,18519.61,680447,3402,188.9952,239.2302,36.7,136.300491,-0.0,272.631226,1.511878,,10.814399,1.08144,1.342866,3.315773,10.0,10.0,18.270838,0.0,18.270838,81.729162,61.176624,0.497738,7.041003,0.0,0.0
2026-08-30 07:36:05,18533.69,680959,3404,-195.7952,232.3769,36.7,429.898071,-0.0,859.826477,1.517157,,10.283675,1.028367,7e-06,5.62902,10.0,10.0,28.445361,0.0,28.445361,71.554639,52.317454,0.524816,7.041003,0.0,0.0
2026-08-30 07:36:19,18547.81,681471,3407,-214.3328,224.499,36.7,376.553894,-0.0,753.138184,1.518947,,7.90554,0.790554,0.858681,5.046407,10.0,10.0,23.82112,0.0,23.82112,76.17888,55.704566,0.534485,7.041003,0.0,0.0
2026-08-30 07:36:33,18561.75,681983,3409,259.1118,226.106,36.7,271.384125,0.0,542.798523,1.514462,,9.285575,0.928558,1.750511,2.999582,10.0,10.0,13.021667,0.0,13.021667,86.978333,65.871826,0.506035,7.041003,0.0,0.0
2026-08-30 07:36:47,18575.77,682495,3412,382.2929,227.9508,36.7,168.770477,0.0,337.57135,1.51929,,9.288405,0.92884,1.898,4.136339,10.0,10.0,10.175648,0.0,10.175648,89.824352,67.072557,0.444611,7.041003,0.0,0.0
2026-08-30 07:37:01,18589.78,683007,3415,463.2246,231.9489,36.7,250.738419,-0.0,501.507324,1.523599,,11.247231,1.124723,0.696565,2.839373,10.0,10.0,11.070736,0.0,11.070736,88.929264,66.93292,0.482525,7.041003,0.0,0.0
2026-08-30 07:37:15,18603.84,683519,3417,409.0129,231.8525,36.7,149.358307,0.0,298.747284,1.53406,,11.566051,1.156605,1.776185,4.80065,10.0,10.0,13.998396,0.0,13.998396,86.001604,63.811239,0.485703,7.041003,0.0,0.0
2026-08-30 07:37:29,18617.93,684031,3420,131.4342,228.8265,36.7,85.784714,-0.0,171.600357,1.546726,,9.46246,0.946246,0.869954,4.680553,10.0,10.0,17.48751,0.0,17.48751,82.51249,60.830728,0.441306,7.041003,0.0,0.0
2026-08-30 07:37:43,18631.87,684543,3422,286.4976,228.6606,36.7,160.245209,-0.0,320.521454,1.552178,,8.629974,0.862997,0.742733,4.118671,10.0,10.0,10.962904,0.0,10.962904,89.037096,65.888475,0.473328,7.041003,0.0,0.0
2026-08-30 07:37:57,18645.88,685055,3425,-95.2816,228.0497,36.7,232.349258,-0.0,464.729828,1.565287,,6.902779,0.690278,1.408034,4.683957,10.0,10.0,18.282373,0.0,18.282373,81.717627,59.593198,0.57731,7.041003,0.0,0.0
2026-08-30 07:38:11,18659.76,685567,3427,327.6833,227.6667,36.7,99.322159,-0.0,198.675705,1.569539,,11.621131,1.162113,1e-05,4.337274,10.0,10.0,16.31448,0.0,16.31448,83.68552,63.317563,0.475678,7.041003,0.0,0.0
2026-08-30 07:38:25,18673.71,686079,3430,-462.5473,220.6495,36.7,473.893341,-0.0,947.818298,1.580102,,6.501014,0.650101,0.179625,4.32741,10.0,10.0,27.240935,0.0,27.240935,72.759065,53.23152,0.567678,7.041003,0.0,0.0
2026-08-30 07:38:39,18687.69,686591,3432,124.0683,214.7984,36.7,190.284683,0.0,380.601044,1.584153,,6.481338,0.648134,1.243782,2.992997,10.0,10.0,10.937999,0.0,10.937999,89.062001,67.056191,0.554784,7.041003,0.0,0.0
2026-08-30 07:38:53,18701.68,687103,3435,438.0997,214.6464,36.7,94.76387,-0.0,189.559555,1.591101,,12.086616,1.208662,0.610477,3.387484,10.0,10.0,13.830487,0.0,13.830487,86.169513,64.227342,0.492438,7.041003,0.0,0.0
2026-08-30 07:39:07,18715.71,687615,3438,238.8901,217.0302,36.7,156.389328,-0.0,312.810638,1.59972,,10.827397,1.08274,0.692775,4.969809,10.0,10.0,16.528683,0.0,16.528683,83.471317,61.634967,0.557553,8.254439,0.0,0.0
2026-08-30 07:39:21,18729.72,688127,3440,365.4861,217.3223,36.7,477.244751,0.0,954.521667,1.608479,,10.761348,1.076135,1.846436,3.460168,10.0,10.0,10.857013,0.0,10.857013,89.142987,66.742111,0.606924,8.254439,0.0,0.0
2026-08-30 07:39:35,18743.71,688639,3443,-372.4939,207.6258,36.7,819.375061,0.0,1638.782593,1.624225,,9.463376,0.946338,0.385672,4.370561,10.0,10.0,26.006206,0.0,26.006206,73.993794,54.53685,0.64049,8.254439,0.0,0.0
2026-08-30 07:39:49,18757.64,689151,3445,168.2229,203.9034,36.7,178.238602,0.0,356.509857,1.632141,,11.704582,1.170458,0.817587,3.911004,10.0,10.0,17.396973,0.0,17.396973,82.603027,61.933548,0.549749,8.254439,0.0,0.0
2026-08-30 07:40:03,18771.64,689663,3448,536.2461,205.7219,36.7,150.83493,-0.0,301.702698,1.642277,,12.168996,1.2169,1.882793,3.579929,10.0,10.0,9.685818,0.0,9.685818,90.314182,66.652443,0.58237,8.254439,0.0,0.0
2026-08-30 07:40:17,18785.58,690175,3450,273.5533,203.482,36.7,100.117722,-0.0,200.268539,1.654948,,8.239619,0.823962,1.218735,3.867173,10.0,10.0,9.193238,0.0,9.193238,90.806762,68.082674,0.516135,8.254439,0.0,0.0
2026-08-30 07:40:30,18799.52,690687,3453,-651.8951,195.316,36.7,740.649048,-0.0,1481.331665,1.675626,,8.588015,0.858801,0.315728,5.178148,10.0,10.0,31.944889,0.0,31.944889,68.055111,49.04696,0.554408,8.254439,0.0,0.0
2026-08-30 07:40:44,18813.39,691199,3456,202.5896,193.2489,36.7,127.896385,0.0,255.826416,1.68222,,10.709234,1.070923,1.53456,4.101086,10.0,10.0,15.201257,0.0,15.201257,84.798743,62.79166,0.556074,8.254439,0.0,0.0
2026-08-30 07:40:58,18827.37,691711,3458,-327.5945,187.6059,36.7,641.236328,-0.0,1282.506592,1.695357,,6.678467,0.667847,0.346224,3.760109,10.0,10.0,20.4509,0.0,20.4509,79.5491,59.09869,0.625151,8.254439,0.0,0.0
2026-08-30 07:41:12,18841.28,692223,3461,-135.7522,181.0609,36.7,277.362671,-0.0,554.75946,1.706455,,7.174881,0.717488,0.198722,4.15128,10.0,10.0,16.968246,0.0,16.968246,83.031754,60.944522,0.488783,8.254439,0.0,0.0
2026-08-30 07:41:26,18855.33,692735,3463,-310.3314,172.7564,36.7,499.794373,-0.0,999.623047,1.714151,,8.205419,0.820542,0.173427,3.989532,10.0,10.0,22.881521,0.0,22.881521,77.118479,57.940108,0.585076,8.254439,0.0,0.0
2026-08-30 07:41:40,18869.25,693247,3466,445.8839,175.3833,36.7,96.020233,0.0,192.074951,1.72389,,10.65015,1.065015,1.198376,3.318376,10.0,10.0,9.420562,0.0,9.420562,90.579438,68.064747,0.446811,8.254439,0.0,0.0
2026-08-30 07:41:54,18883.26,693759,3468,167.166,177.4801,36.7,109.733337,-0.0,219.501328,1.732798,,10.139649,1.013965,1.869595,3.945677,10.0,10.0,15.397787,0.0,15.397787,84.602213,64.196325,0.497884,8.254439,0.0,0.0
2026-08-30 07:42:08,18897.27,694271,3471,-0.9869,176.5963,36.7,270.12793,0.0,540.29071,1.743219,,7.527935,0.752793,1.4e-05,3.74713,10.0,10.0,14.22711,0.0,14.22711,85.77289,64.387359,0.48455,8.254439,0.0,0.0
2026-08-30 07:42:22,18911.33,694783,3473,11.9053,174.4716,36.7,308.003601,-0.0,616.042236,1.751785,,5.863851,0.586385,0.692501,2.679364,10.0,10.0,10.756575,0.0,10.756575,89.243425,67.459034,0.662079,8.254439,0.0,0.0
2026-08-30 07:42:36,18925.28,695295,3476,147.1904,169.292,36.7,115.07431,-0.0,230.183792,1.758639,,4.868088,0.486809,1e-05,2.627343,9.0,10.0,5.598286,0.0,5.598286,94.401714,70.273517,0.67631,8.254439,0.0,0.0
2026-08-30 07:42:50,18939.27,695807,3479,37.2952,163.9054,36.7,109.641037,-0.0,219.317383,1.765268,,6.118339,0.611834,1.1e-05,3.446398,10.0,10.0,11.035242,0.0,11.035242,88.964758,66.008908,0.619079,8.254439,0.0,0.0
2026-08-30 07:43:04,18953.3,696319,3481,138.3843,161.7552,36.7,228.430679,-0.0,456.89679,1.772261,,7.843351,0.784335,0.033502,3.253104,10.0,10.0,11.474282,0.0,11.474282,88.525718,67.396028,0.517657,8.254439,0.0,0.0
2026-08-30 07:43:18,18967.19,696831,3484,261.6047,161.0946,36.7,109.139801,-0.0,218.315186,1.779121,,7.333665,0.733367,9e-06,2.805587,10.0,10.0,7.720595,0.0,7.720595,92.279405,69.611784,0.546579,8.254439,0.0,0.0
2026-08-30 07:43:32,18981.09,697343,3486,-36.4785,156.5965,36.7,409.494568,-0.0,819.024841,1.786021,,8.038933,0.803893,0.308127,3.209796,10.0,10.0,16.031144,0.0,16.031144,83.968856,63.668224,0.537735,8.254439,0.0,0.0
2026-08-30 07:43:46,18995.06,697855,3489,-335.5861,150.1826,36.7,415.277557,-0.0,830.591003,1.793394,,7.518123,0.751812,0.26175,4.262623,10.0,10.0,22.181667,0.0,22.181667,77.818333,57.130511,0.540951,8.254439,0.0,0.0
2026-08-30 07:44:00,19008.99,698367,3491,-782.6664,135.4736,36.7,680.947876,0.0,1361.931641,1.796692,,6.165792,0.616579,0.061105,4.769688,10.0,10.0,30.279481,0.0,30.279481,69.720519,51.550251,0.594684,8.254439,0.0,0.0
2026-08-30 07:44:14,19022.79,698879,3494,211.3197,131.2365,36.7,217.554474,0.0,435.14502,1.804216,,7.835301,0.78353,0.657882,2.476369,10.0,10.0,9.252646,0.0,9.252646,90.747354,67.973479,0.636939,8.254439,0.0,0.0
2026-08-30 07:44:28,19036.6,699391,3496,-311.7065,127.5247,36.7,536.15625,-0.0,1072.348633,1.809559,,5.310138,0.531014,0.483862,3.33661,10.0,10.0,17.579734,0.0,17.579734,82.420266,62.229756,0.650718,8.254439,0.0,0.0
2026-08-30 07:44:41,19050.47,699903,3499,65.4934,121.4053,36.7,139.764847,0.0,279.56601,1.815423,,4.979648,0.497965,1.869498,3.776419,10.0,10.0,8.212111,0.0,8.212111,91.787889,69.092586,0.614253,8.254439,0.0,0.0
2026-08-30 07:44:55,19064.27,700415,3502,370.2746,120.8702,36.7,74.876976,0.0,149.790329,1.818828,,5.149427,0.514943,1.874,1.593902,6.0,9.0,0.640472,0.0,0.640472,99.359528,75.580589,0.657639,9.128432,0.0,0.0
2026-08-30 07:45:09,19078.18,700927,3504,407.9323,120.8256,36.7,137.374298,0.0,274.784698,1.805752,,9.958381,0.995838,1.232617,2.718923,10.0,10.0,8.152929,0.0,8.152929,91.847071,69.352658,0.477864,9.128432,0.0,0.0
2026-08-30 07:45:23,19092.14,701439,3507,61.8566,116.5499,36.7,441.967468,-0.0,883.970886,1.798622,,10.051659,1.005166,0.046469,2.46903,9.0,10.0,15.099715,0.0,15.099715,84.900285,63.664105,0.481647,9.128432,0.0,0.0
2026-08-30 07:45:37,19106.08,701951,3509,-97.7837,116.6441,36.7,227.924942,-0.0,455.885742,1.792428,,5.483778,0.548378,0.516578,3.521717,10.0,10.0,11.613766,0.0,11.613766,88.386234,66.364838,0.613605,9.128432,0.0,0.0
2026-08-30 07:45:51,19120.03,702463,3512,221.6249,114.72,36.7,102.313881,-0.0,204.663498,1.786752,,7.293198,0.72932,1.276728,3.076808,10.0,10.0,7.558611,0.0,7.558611,92.441389,68.936623,0.54593,9.128432,0.0,0.0
2026-08-30 07:46:05,19134.13,702975,3514,-343.7067,109.5915,36.7,506.364502,0.0,1012.764587,1.778821,,6.664974,0.666497,0.260215,4.44929,10.0,10.0,19.061671,0.0,19.061671,80.938329,60.583024,0.556911,9.128432,0.0,0.0
2026-08-30 07:46:19,19148.22,703487,3517,-584.1569,98.8586,36.7,541.324341,-0.0,1082.684204,1.773602,,4.739968,0.473997,1e-05,4.824717,10.0,10.0,21.186947,0.0,21.186947,78.813053,57.471501,0.627248,9.128432,0.0,0.0
2026-08-30 07:46:33,19162.32,703999,3520,-1148.2818,83.9607,36.7,1560.462402,0.0,3120.960205,1.769612,,6.398608,0.639861,0.147789,6.175534,10.0,10.0,36.184646,0.0,36.184646,63.815354,47.517363,0.563633,9.128432,0.0,0.0
2026-08-30 07:46:47,19176.37,704511,3522,-873.0608,74.1411,36.7,956.345276,-0.0,1912.72583,1.763816,,6.38277,0.638277,0.090722,4.725915,10.0,10.0,29.827528,0.0,29.827528,70.172472,51.436995,0.569164,9.128432,0.0,0.0
2026-08-30 07:47:01,19190.39,705023,3525,-293.9711,70.1249,36.7,264.220825,0.0,528.476868,1.761359,,5.98288,0.598288,0.289636,3.072009,10.0,10.0,16.646536,0.0,16.646536,83.353464,62.126278,0.570095,9.128432,0.0,0.0
2026-08-30 07:47:15,19204.33,705535,3527,-7.4956,64.6038,36.7,106.192795,0.0,212.4207,1.755355,,6.685896,0.66859,1e-05,4.250877,10.0,10.0,12.024848,0.0,12.024848,87.975152,65.379092,0.552364,9.128432,0.0,0.0
2026-08-30 07:47:29,19218.35,706047,3530,252.6536,64.7763,36.7,156.953537,0.0,313.942108,1.751661,,8.504288,0.850429,1.1e-05,2.74599,10.0,10.0,8.666619,0.0,8.666619,91.333381,68.559663,0.597744,9.128432,0.0,0.0
2026-08-30 07:47:43,19232.37,706559,3532,-182.8234,63.2231,36.7,214.678696,-0.0,429.392395,1.750117,,7.577696,0.75777,1e-05,3.955653,10.0,10.0,16.96439,0.0,16.96439,83.03561,62.028608,0.592601,9.128432,0.0,0.0
2026-08-30 07:47:57,19246.21,707071,3535,451.112,66.9899,36.7,127.023392,-0.0,254.081772,1.749251,,7.237044,0.723704,1.2e-05,1.768074,7.0,10.0,2.263527,0.0,2.263527,97.736473,74.744281,0.579182,9.128432,0.0,0.0
2026-08-30 07:48:11,19260.08,707583,3537,44.2037,64.3751,36.7,182.008301,-0.0,364.051575,1.749367,,7.82041,0.782041,1.2e-05,2.558214,10.0,10.0,12.04361,0.0,12.04361,87.95639,66.000374,0.570384,9.128432,0.0,0.0
2026-08-30 07:48:25,19273.93,708095,3540,357.5125,60.7783,36.7,99.51754,-0.0,199.070068,1.749097,,6.707432,0.670743,1.3e-05,2.270757,9.0,10.0,3.572518,0.0,3.572518,96.427482,72.963909,0.604905,9.128432,0.0,0.0
2026-08-30 07:48:39,19287.98,708607,3543,-652.3138,49.9739,36.7,675.630127,0.0,1351.295776,1.778573,,4.788476,0.478848,0.140066,4.636501,10.0,10.0,22.642101,0.0,22.642101,77.357899,56.819838,0.646847,9.128432,0.0,0.0
2026-08-30 07:48:53,19301.91,709119,3545,-772.696,40.4529,36.7,834.693909,-0.0,1669.423828,1.800567,,5.656295,0.565629,6e-06,4.742584,10.0,10.0,26.786395,0.0,26.786395,73.213605,53.40438,0.579035,9.128432,0.0,0.0
2026-08-30 07:49:07,19315.82,709631,3548,58.3182,35.9526,36.7,173.490051,0.0,347.016388,1.814023,,6.324164,0.632416,1.3e-05,3.096597,10.0,10.0,9.701532,0.0,9.701532,90.298468,67.190381,0.589171,9.128432,0.0,0.0
2026-08-30 07:49:21,19329.93,710143,3550,-400.3254,27.7573,36.7,525.371765,-0.0,1050.780151,1.829626,,8.967904,0.89679,5e-06,4.775683,10.0,10.0,24.396222,0.0,24.396222,75.603778,56.22237,0.526366,9.128432,0.0,0.0
2026-08-30 07:49:35,19343.88,710655,3553,462.8062,29.9676,36.7,243.374649,-0.0,486.786133,1.841832,,12.741554,1.274155,8e-06,3.243644,10.0,10.0,11.154922,0.0,11.154922,88.845078,66.431411,0.538496,9.128432,0.0,0.0
2026-08-30 07:49:49,19357.74,711167,3555,548.1093,31.2517,36.7,212.892838,-0.0,425.822662,1.849307,,12.27436,1.227436,9e-06,2.897651,10.0,10.0,8.522264,0.0,8.522264,91.477736,69.669514,0.547259,9.128432,0.0,0.0
2026-08-30 07:50:03,19371.67,711679,3558,30.4343,27.6978,36.7,124.933235,-0.0,249.90361,1.857163,,8.545929,0.854593,1e-05,2.714594,10.0,10.0,14.103788,0.0,14.103788,85.896212,63.394661,0.532308,9.128432,0.0,0.0
2026-08-30 07:50:17,19385.58,712191,3560,-329.9023,20.8636,36.7,367.726196,-0.0,735.489746,1.866452,,8.003092,0.800309,7e-06,4.076201,10.0,10.0,20.577287,0.0,20.577287,79.422713,58.641951,0.504212,9.128432,0.0,0.0
2026-08-30 07:50:30,19399.37,712703,3563,270.715,19.3073,36.7,152.167191,-0.0,304.371826,1.872065,,7.781374,0.778137,9e-06,2.188165,9.0,10.0,6.885932,0.0,6.885932,93.114068,69.926921,0.538393,9.948239,0.0,0.0
2026-08-30 07:50:44,19413.14,713215,3566,820.3445,25.3326,36.7,216.314911,-0.0,432.667328,1.875846,,11.971081,1.197108,8e-06,1.504877,6.0,9.0,0.974026,0.0,0.974026,99.025974,74.953035,0.553164,9.948239,0.0,0.0
2026-08-30 07:50:58,19426.97,713727,3568,324.1333,24.9877,36.7,72.964241,-0.0,145.966049,1.878633,,8.914159,0.891416,9e-06,2.698911,10.0,10.0,7.348081,0.0,7.348081,92.651919,70.286151,0.50997,9.948239,0.0,0.0
2026-08-30 07:51:12,19440.86,714239,3571,-184.7992,19.8011,36.7,360.512451,0.0,721.062561,1.881546,,8.134821,0.813482,7e-06,3.613579,10.0,10.0,16.336823,0.0,16.336823,83.663177,61.906892,0.51783,9.948239,0.0,0.0
2026-08-30 07:51:26,19454.8,714751,3573,133.0459,13.0054,36.7,69.083145,-0.0,138.203888,1.879871,,9.530748,0.953075,9e-06,3.4956,10.0,10.0,12.291156,0.0,12.291156,87.708844,66.05556,0.523012,9.948239,0.0,0.0
2026-08-30 07:51:40,19468.9,715263,3576,-57.1319,4.8868,36.7,201.843674,-0.0,403.725037,1.884111,,6.754255,0.675425,5e-06,4.119039,10.0,10.0,12.156387,0.0,12.156387,87.843613,65.191631,0.551117,9.948239,0.0,0.0
2026-08-30 07:51:54,19482.92,715775,3578,-115.6718,0.5726,36.7,268.210022,-0.0,536.457703,1.881927,,7.123142,0.712314,1.2e-05,3.229341,10.0,10.0,13.659934,0.0,13.659934,86.340066,65.471082,0.563174,9.948239,0.0,0.0
2026-08-30 07:52:08,19496.98,716287,3581,-131.7857,-1.7019,36.7,192.618759,-0.0,385.275238,1.886168,,5.400752,0.540075,9e-06,3.771081,10.0,10.0,11.182356,0.0,11.182356,88.817644,66.396455,0.623845,9.948239,0.0,0.0
2026-08-30 07:52:22,19510.92,716799,3584,346.6482,3.7357,36.7,65.766266,0.0,131.570267,1.88644,,7.386141,0.738614,7e-06,2.735918,9.0,10.0,4.490714,0.0,4.490714,95.509286,72.165395,0.615389,9.948239,0.0,0.0
2026-08-30 07:52:36,19524.94,717311,3586,-59.8454,4.186,36.7,237.250397,-0.0,474.538666,1.893238,,4.565232,0.456523,9e-06,2.15876,9.0,10.0,8.332628,0.0,8.332628,91.667372,69.326677,0.643573,9.948239,0.0,0.0
2026-08-30 07:52:50,19538.91,717823,3589,18.5033,3.0553,36.7,133.881012,-0.0,267.799988,1.89754,,4.47039,0.447039,1e-05,2.439536,9.0,10.0,6.70203,0.0,6.70203,93.29797,70.170306,0.655118,9.948239,0.0,0.0
2026-08-30 07:53:04,19552.92,718335,3591,-120.4377,0.4877,36.7,221.565338,0.0,443.168762,1.904251,,6.869532,0.686953,4e-06,3.764004,10.0,10.0,13.08355,0.0,13.08355,86.91645,65.992868,0.541025,9.948239,0.0,0.0
2026-08-30 07:53:18,19566.97,718847,3594,-572.124,-2.4058,36.7,892.648193,-0.0,1785.334595,1.909686,,6.32267,0.632267,7e-06,4.2237,10.0,10.0,21.857955,0.0,21.857955,78.142045,58.316026,0.521509,9.948239,0.0,0.0
2026-08-30 07:53:32,19580.76,719359,3596,546.0076,1.1532,36.7,106.009697,0.0,212.057617,1.911048,,9.209707,0.920971,9e-06,2.485461,9.0,10.0,3.443061,0.0,3.443061,96.556939,73.608529,0.490613,9.948239,0.0,0.0
2026-08-30 07:53:46,19594.65,719871,3599,89.9967,-0.4489,36.7,157.019089,0.0,314.076477,1.915032,,10.81168,1.081168,7e-06,3.554411,10.0,10.0,15.220844,0.0,15.220844,84.779156,63.463736,0.500932,9.948239,0.0,0.0
2026-08-30 07:53:59,19608.55,720383,3601,126.5644,-1.7359,36.7,186.709564,0.0,373.457489,1.918195,,9.1634,0.91634,5e-06,3.530957,10.0,10.0,11.475591,0.0,11.475591,88.524409,66.990254,0.514395,9.948239,0.0,0.0
2026-08-30 07:54:13,19622.43,720895,3604,114.2718,-0.0101,36.7,166.311005,0.0,332.660461,1.922588,,9.196029,0.919603,8e-06,3.703703,10.0,10.0,12.113186,0.0,12.113186,87.886814,64.40744,0.525701,9.948239,0.0,0.0
2026-08-30 07:54:27,19636.41,721407,3607,-267.7113,-7.8429,36.7,291.500916,0.0,583.040344,1.924763,,9.166669,0.916667,4e-06,4.614362,10.0,10.0,19.855348,0.0,19.855348,80.144652,58.979235,0.490477,9.948239,0.0,0.0
2026-08-30 07:54:41,19650.37,721919,3609,-114.9206,-4.9282,36.7,349.722107,-0.0,699.482849,1.930637,,6.222724,0.622272,4e-06,3.481484,10.0,10.0,12.171145,0.0,12.171145,87.828855,65.474108,0.560182,9.948239,0.0,0.0
2026-08-30 07:54:55,19664.24,722431,3612,63.6986,-5.1335,36.7,294.039856,-0.0,588.118347,1.931475,,6.523003,0.6523,6e-06,3.410153,10.0,10.0,9.03257,0.0,9.03257,90.96743,67.991577,0.51242,9.948239,0.0,0.0
2026-08-30 07:55:09,19678.06,722943,3614,328.395,2.238,36.7,166.013794,0.0,332.066254,1.933101,,7.808377,0.780838,7e-06,2.266053,9.0,10.0,5.753405,0.0,5.753405,94.246595,71.85616,0.474906,9.948239,0.0,0.0
2026-08-30 07:55:23,19691.96,723455,3617,333.0927,9.0447,36.7,73.071968,-0.0,146.182693,1.938001,,6.309465,0.630946,6e-06,2.079702,8.0,10.0,3.152459,0.0,3.152459,96.847541,72.813201,0.544591,9.948239,0.0,0.0
2026-08-30 07:55:37,19705.89,723967,3619,-194.5871,11.3687,36.7,258.5242,0.0,517.087219,1.93953,,6.60274,0.660274,3e-06,3.569503,10.0,10.0,14.143536,0.0,14.143536,85.856464,64.837003,0.566298,9.948239,0.0,0.0
2026-08-30 07:55:51,19719.83,724479,3622,123.4358,17.1213,36.7,129.319183,-0.0,258.677216,1.942718,,4.906203,0.49062,5e-06,3.302246,10.0,10.0,5.32326,0.0,5.32326,94.67674,71.406024,0.732422,9.948239,0.0,0.0
2026-08-30 07:56:05,19733.78,724991,3624,113.4602,18.6464,36.7,106.697334,-0.0,213.433548,1.943967,,4.881003,0.4881,7e-06,2.446215,9.0,10.0,5.467669,0.0,5.467669,94.532331,72.124495,0.695306,9.948239,0.0,0.0
2026-08-30 07:56:19,19747.69,725503,3627,566.4911,24.4403,36.7,159.503265,0.0,319.04541,1.943948,,10.440341,1.044034,9e-06,2.264132,9.0,10.0,4.478314,0.0,4.478314,95.521686,72.110741,0.522577,10.096857,0.0,0.0
2026-08-30 07:56:33,19761.63,726015,3630,286.7267,20.7089,36.7,141.17276,-0.0,282.38443,1.94478,,13.103751,1.310375,5e-06,3.300949,10.0,10.0,13.834909,0.0,13.834909,86.165091,64.198424,0.572317,10.096857,0.0,0.0
2026-08-30 07:56:47,19775.67,726527,3632,840.7698,23.4652,36.7,261.822906,0.0,523.684753,1.947475,,15.687698,1.56877,5e-06,3.573286,10.0,10.0,6.317318,0.0,6.317318,93.682682,70.513435,0.567279,10.096857,0.0,0.0
2026-08-30 07:57:01,19789.58,727039,3635,42.6404,23.1298,36.7,192.544327,-0.0,385.127686,1.951253,,9.454966,0.945497,7e-06,3.372578,10.0,10.0,13.61107,0.0,13.61107,86.38893,64.06064,0.48348,10.096857,0.0,0.0
2026-08-30 07:57:14,19803.44,727551,3637,147.1014,28.9264,36.7,373.674164,-0.0,747.38739,1.953057,,9.482013,0.948201,5e-06,2.989904,10.0,10.0,11.687762,0.0,11.687762,88.312238,67.275717,0.465429,10.096857,0.0,0.0
2026-08-30 07:57:28,19817.35,728063,3640,417.4497,35.9188,36.7,122.490311,-0.0,245.01973,1.955471,,7.644856,0.764486,6e-06,2.34514,8.0,10.0,3.403636,0.0,3.403636,96.596364,72.796031,0.49173,10.096857,0.0,0.0
2026-08-30 07:57:42,19831.31,728575,3642,230.5007,38.9395,36.7,160.229248,-0.0,320.49765,1.956976,,9.812679,0.981268,8e-06,2.722961,10.0,10.0,10.232458,0.0,10.232458,89.767542,67.369954,0.513387,10.096857,0.0,0.0
2026-08-30 07:57:56,19845.3,729087,3645,240.2826,40.8448,36.7,158.898224,-0.0,317.835663,1.96117,,11.092143,1.109214,8e-06,2.931002,10.0,10.0,11.67064,0.0,11.67064,88.32936,66.06169,0.563396,10.096857,0.0,0.0
2026-08-30 07:58:10,19859.4,729599,3648,-44.6856,34.1916,36.7,246.897385,-0.0,493.834076,1.965307,,9.438347,0.943835,7e-06,4.197072,10.0,10.0,15.562781,0.0,15.562781,84.437219,63.568622,0.552092,10.096857,0.0,0.0
2026-08-30 07:58:24,19873.49,730111,3650,-33.2612,35.3356,36.7,300.908722,0.0,601.856873,1.971238,,6.199305,0.61993,5e-06,2.529203,10.0,10.0,9.959701,0.0,9.959701,90.040299,67.912392,0.646465,10.096857,0.0,0.0
2026-08-30 07:58:38,19887.38,730623,3653,364.9114,45.9069,36.7,87.340767,-0.0,174.720993,1.972587,,7.01602,0.701602,4e-06,2.294313,8.0,10.0,3.366658,0.0,3.366658,96.633342,72.579745,0.569112,10.096857,0.0,0.0
2026-08-30 07:58:52,19901.35,731135,3655,-160.8982,44.5985,36.7,245.35524,-0.0,490.75,1.976012,,5.244974,0.524497,5e-06,2.961184,10.0,10.0,11.112929,0.0,11.112929,88.887071,66.614463,0.560241,10.096857,0.0,0.0
2026-08-30 07:59:06,19915.32,731647,3658,385.0714,46.5593,36.7,130.973083,-0.0,261.985748,1.978545,,7.714413,0.771441,6e-06,2.872596,9.0,10.0,4.36348,0.0,4.36348,95.63652,71.666,0.586276,10.096857,0.0,0.0
2026-08-30 07:59:20,19929.24,732159,3660,774.3123,56.2603,36.7,175.653107,0.0,351.345795,1.978581,,12.175536,1.217554,8e-06,1.870803,8.0,10.0,2.482736,0.0,2.482736,97.517264,73.86134,0.495191,10.096857,0.0,0.0
2026-08-30 07:59:34,19943.12,732671,3663,-135.3232,57.0504,36.7,357.512268,-0.0,715.064148,1.981179,,8.430266,0.843027,6e-06,2.735576,10.0,10.0,15.169943,0.0,15.169943,84.830057,62.513571,0.532957,10.096857,0.0,0.0
2026-08-30 07:59:48,19956.93,733183,3665,521.7649,59.677,36.7,203.155762,0.0,406.351166,1.982241,,11.505162,1.150516,8e-06,2.606288,9.0,10.0,6.334998,0.0,6.334998,93.665002,71.082931,0.562528,10.096857,0.0,0.0
2026-08-30 08:00:02,19970.75,733695,3668,186.3226,57.7173,36.7,144.147552,-0.0,288.334747,1.981815,,10.139649,1.013965,5e-06,3.177139,10.0,10.0,11.979123,0.0,11.979123,88.020877,65.805125,0.529015,10.096857,0.0,0.0
2026-08-30 08:00:16,19984.74,734207,3671,-456.2187,48.5228,36.7,448.616425,-0.0,897.272461,1.981548,,6.579511,0.657951,2e-06,4.559729,10.0,10.0,19.424428,0.0,19.424428,80.575572,59.491542,0.554691,10.096857,0.0,0.0
2026-08-30 08:00:29,19998.49,734719,3673,283.0166,47.2629,36.7,118.695885,0.0,237.431442,1.983266,,7.831633,0.783163,6e-06,2.543985,9.0,10.0,6.46692,0.0,6.46692,93.53308,71.037437,0.49462,10.096857,0.0,0.0
2026-08-30 08:00:43,20012.3,735231,3676,743.9405,53.3879,36.7,249.897751,-0.0,499.835114,1.980627,,12.694959,1.269496,7e-06,2.002839,8.0,10.0,3.968352,0.0,3.968352,96.031648,71.883358,0.53998,10.096857,0.0,0.0
2026-08-30 08:00:57,20026.33,735743,3678,27.1046,50.794,36.7,208.312363,0.0,416.664276,1.977144,,11.01911,1.101911,5e-06,3.55025,10.0,10.0,16.204422,0.0,16.204422,83.795578,62.975522,0.508606,10.096857,0.0,0.0
2026-08-30 08:01:11,20040.29,736255,3681,104.1338,52.7882,36.7,224.358475,0.0,448.7565,1.976846,,9.311569,0.931157,4e-06,3.279452,10.0,10.0,12.404633,0.0,12.404633,87.595367,64.773752,0.465375,10.096857,0.0,0.0
2026-08-30 08:01:25,20054.16,736767,3683,-168.4265,47.8271,36.7,338.652405,-0.0,677.34436,1.976696,,7.829488,0.782949,6e-06,2.720764,10.0,10.0,15.149116,0.0,15.149116,84.850884,63.225099,0.527472,10.096857,0.0,0.0
2026-08-30 08:01:39,20068.09,737279,3686,251.5896,54.9684,36.7,152.389099,0.0,304.817749,1.977609,,7.303239,0.730324,5e-06,2.565261,9.0,10.0,6.237216,0.0,6.237216,93.762784,70.158816,0.558978,10.096857,0.0,0.0
2026-08-30 08:01:53,20082.09,737791,3688,234.1651,56.0694,36.7,92.359169,0.0,184.757828,1.974748,,8.601445,0.860144,6e-06,2.949751,10.0,10.0,8.584352,0.0,8.584352,91.415648,68.836437,0.510086,10.214113,0.0,0.0
2026-08-30 08:02:07,20095.98,738303,3691,661.9745,58.3081,36.7,158.895599,-0.0,317.83075,1.977372,,10.243614,1.024361,6e-06,1.93206,7.0,10.0,2.236601,0.0,2.236601,97.763399,73.712022,0.511603,10.214113,0.0,0.0
2026-08-30 08:02:21,20109.88,738815,3694,553.0007,61.4493,36.7,110.957687,0.0,221.95491,1.976527,,8.839084,0.883908,6e-06,1.989664,9.0,10.0,2.434803,0.0,2.434803,97.565197,73.315324,0.511592,10.214113,0.0,0.0
2026-08-30 08:02:35,20123.85,739327,3696,260.2762,60.3972,36.7,61.570869,-0.0,123.181252,1.975615,,6.117848,0.611785,5e-06,2.663228,9.0,10.0,4.161471,0.0,4.161471,95.838529,72.240777,0.58358,10.214113,0.0,0.0
2026-08-30 08:02:49,20137.86,739839,3699,312.9907,67.252,36.7,223.426819,0.0,446.893158,1.975382,,8.728903,0.87289,7e-06,1.78357,9.0,10.0,6.848313,0.0,6.848313,93.151687,70.387475,0.521889,10.214113,0.0,0.0
2026-08-30 08:03:03,20151.73,740351,3701,66.963,66.2394,36.7,122.091652,0.0,244.222824,1.976091,,9.163564,0.916356,7e-06,2.608207,10.0,10.0,12.557332,0.0,12.557332,87.442668,65.357203,0.483096,10.214113,0.0,0.0
2026-08-30 08:03:17,20165.69,740863,3704,-17.0496,60.7064,36.7,203.782013,-0.0,407.603607,1.979033,,7.115977,0.711598,4e-06,3.245118,10.0,10.0,11.150621,0.0,11.150621,88.849379,65.426748,0.5248,10.214113,0.0,0.0
2026-08-30 08:03:31,20179.67,741375,3706,501.4359,62.9853,36.7,147.545914,0.0,295.131378,1.976793,,12.343274,1.234327,4e-06,3.223245,10.0,10.0,8.305832,0.0,8.305832,91.694168,69.120009,0.46864,10.214113,0.0,0.0
2026-08-30 08:03:45,20193.6,741887,3709,448.7752,73.992,36.7,417.878998,-0.0,835.797546,1.978528,,14.334414,1.433441,6e-06,3.132529,10.0,10.0,11.860471,0.0,11.860471,88.139529,66.17962,0.530677,10.214113,0.0,0.0
2026-08-30 08:03:58,20207.44,742399,3712,710.396,79.07,36.7,165.795044,0.0,331.629639,1.977833,,12.826947,1.282695,5e-06,2.620672,9.0,10.0,5.180549,0.0,5.180549,94.819451,71.941527,0.51593,10.214113,0.0,0.0
2026-08-30 08:04:12,20221.24,742911,3714,130.8235,83.6542,36.7,549.810425,-0.0,1099.660522,1.980727,,9.322264,0.932226,7e-06,1.949655,10.0,10.0,10.682081,0.0,10.682081,89.317919,66.345696,0.506521,10.214113,0.0,0.0
2026-08-30 08:04:26,20235.21,743423,3717,32.2744,85.3345,36.7,357.762665,-0.0,715.565002,1.983303,,7.822898,0.78229,6e-06,2.533393,10.0,10.0,11.377128,0.0,11.377128,88.622872,65.991374,0.479959,10.214113,0.0,0.0
2026-08-30 08:04:40,20249.18,743935,3719,-28.081,88.157,36.7,222.446991,-0.0,444.933685,1.984522,,7.485212,0.748521,4e-06,3.384241,10.0,10.0,12.117501,0.0,12.117501,87.882499,66.55466,0.502133,10.214113,0.0,0.0
2026-08-30 08:04:54,20263.1,744447,3722,13.6843,83.835,36.7,216.265076,0.0,432.569885,1.986008,,6.972448,0.697245,6e-06,2.751217,10.0,10.0,10.259774,0.0,10.259774,89.740226,67.456191,0.520471,10.214113,0.0,0.0
2026-08-30 08:05:08,20277.08,744959,3724,-149.756,80.6658,36.7,278.688995,-0.0,557.417725,1.986393,,8.278978,0.827898,4e-06,3.445933,10.0,10.0,15.505956,0.0,15.505956,84.494044,63.286848,0.540971,10.214113,0.0,0.0
2026-08-30 08:05:22,20291.01,745471,3727,387.0794,84.5464,36.7,247.578049,-0.0,495.195892,1.990023,,8.402981,0.840298,8e-06,1.852429,9.0,10.0,5.120639,0.0,5.120639,94.879361,70.675315,0.536634,10.214113,0.0,0.0
2026-08-30 08:05:36,20305.09,745983,3729,-1327.1607,71.1558,36.7,1640.030029,-0.0,3280.100098,1.999174,,6.572778,0.657278,1e-06,5.066931,10.0,10.0,35.976516,0.0,35.976516,64.023484,47.300456,0.538295,10.214113,0.0,0.0
2026-08-30 08:05:50,20318.95,746495,3732,471.72,74.4011,36.7,519.789185,0.0,1039.61853,2.005934,,10.885611,1.088561,5e-06,1.96034,8.0,10.0,6.678142,0.0,6.678142,93.321858,70.138187,0.481095,10.214113,0.0,0.0
2026-08-30 08:06:04,20332.89,747007,3735,138.0106,75.4082,36.7,373.444122,0.0,746.928528,2.012655,,7.764351,0.776435,5e-06,2.271099,10.0,10.0,8.898209,0.0,8.898209,91.101791,69.286414,0.506443,10.214113,0.0,0.0
2026-08-30 08:06:18,20346.7,747519,3737,138.7732,75.4121,36.7,263.479004,-0.0,526.998352,2.017883,,7.61886,0.761886,6e-06,2.00132,9.0,10.0,8.736836,0.0,8.736836,91.263164,68.618666,0.48829,10.214113,0.0,0.0
2026-08-30 08:06:31,20360.38,748031,3740,671.7348,79.5134,36.7,237.670685,0.0,475.381805,2.022414,,9.738951,0.973895,6e-06,1.53357,6.0,10.0,1.202903,0.0,1.202903,98.797097,73.548862,0.492033,10.214113,0.0,0.0
2026-08-30 08:06:45,20374.38,748543,3742,-176.734,78.1109,36.7,404.273041,0.0,808.586609,2.025706,,7.78962,0.778962,2e-06,3.974372,10.0,10.0,15.443216,0.0,15.443216,84.556784,63.749849,0.51379,10.214113,0.0,0.0
2026-08-30 08:06:59,20388.15,749055,3745,112.6067,82.5928,36.7,100.978767,-0.0,201.998154,2.030624,,6.215715,0.621572,4e-06,2.087978,9.0,10.0,7.156772,0.0,7.156772,92.843228,69.791605,0.563501,10.214113,0.0,0.0
2026-08-30 08:07:13,20402.07,749567,3747,218.5916,92.6054,36.7,69.837204,0.0,139.715103,2.034436,,5.369598,0.53696,4e-06,2.654705,9.0,10.0,4.074236,0.0,4.074236,95.925764,71.996155,0.595044,10.214113,0.0,0.0
2026-08-30 08:07:27,20415.98,750079,3750,161.9863,92.112,36.7,94.712502,0.0,189.465744,2.037086,,4.689604,0.46896,6e-06,1.602987,8.0,10.0,4.064405,0.0,4.064405,95.935595,73.182034,0.590737,10.272059,0.0,0.0
2026-08-30 08:07:41,20430.05,750591,3752,-74.8474,94.4806,36.7,180.730316,-0.0,361.501434,2.039446,,7.767465,0.776747,3e-06,3.008561,10.0,10.0,13.18227,0.0,13.18227,86.81773,64.921408,0.501515,10.272059,0.0,0.0
2026-08-30 08:07:55,20443.94,751103,3755,362.4262,97.45,36.7,162.136459,-0.0,324.313721,2.04025,,10.395216,1.039522,4e-06,2.058486,9.0,10.0,7.885361,0.0,7.885361,92.114639,68.992699,0.462501,10.272059,0.0,0.0
2026-08-30 08:08:09,20457.89,751615,3758,502.9382,98.7766,36.7,147.631927,-0.0,295.304626,2.038976,,10.454831,1.045483,4e-06,2.768211,10.0,10.0,5.652424,0.0,5.652424,94.347576,70.744836,0.460035,10.272059,0.0,0.0
2026-08-30 08:08:23,20471.97,752127,3760,-439.7048,90.3002,36.7,912.373169,0.0,1824.787109,2.038745,,8.550043,0.855004,2e-06,3.504135,10.0,10.0,21.036842,0.0,21.036842,78.963158,59.006187,0.482605,10.272059,0.0,0.0
2026-08-30 08:08:37,20485.92,752639,3763,-2.0317,89.6613,36.7,395.281525,0.0,790.603821,2.038593,,7.255253,0.725525,3e-06,2.792067,10.0,10.0,10.838105,0.0,10.838105,89.161895,66.58127,0.528204,10.272059,0.0,0.0
2026-08-30 08:08:51,20499.95,753151,3765,-171.5174,88.924,36.7,321.392792,0.0,642.826355,2.038635,,6.667641,0.666764,4e-06,3.227408,10.0,10.0,13.534293,0.0,13.534293,86.465707,65.989491,0.513564,10.272059,0.0,0.0
2026-08-30 08:09:05,20513.9,753663,3768,658.8761,93.2965,36.7,185.15007,-0.0,370.340881,2.037107,,9.593401,0.95934,5e-06,1.812234,8.0,10.0,1.069678,0.0,1.069678,98.930322,75.776397,0.507524,10.272059,0.0,0.0
2026-08-30 08:09:19,20527.95,754175,3770,380.73,100.5409,36.7,308.547699,-0.0,617.136108,2.035142,,11.486493,1.148649,4e-06,2.411893,9.0,10.0,9.310729,0.0,9.310729,90.689271,69.0311,0.428148,10.272059,0.0,0.0
2026-08-30 08:09:33,20541.91,754687,3773,233.4191,108.7166,36.7,181.525208,-0.0,363.091125,2.035293,,11.016464,1.101646,3e-06,2.917675,10.0,10.0,11.528126,0.0,11.528126,88.471874,66.222515,0.479757,10.272059,0.0,0.0
2026-08-30 08:09:47,20555.99,755199,3776,581.0977,126.0104,36.7,111.361938,-0.0,222.764603,2.036595,,11.958014,1.195801,4e-06,2.557788,9.0,10.0,5.98947,0.0,5.98947,94.01053,71.364717,0.522548,10.272059,0.0,0.0
2026-08-30 08:10:01,20570.0,755711,3778,607.7755,140.8188,36.7,107.806892,-0.0,215.654572,2.038961,,10.224075,1.022408,4e-06,2.052002,9.0,10.0,3.289983,0.0,3.289983,96.710017,73.218897,0.503253,10.272059,0.0,0.0
2026-08-30 08:10:15,20583.86,756223,3781,415.399,147.9125,36.7,126.372871,-0.0,252.78653,2.039439,,7.862669,0.786267,6e-06,1.386121,6.0,10.0,3.42726,0.0,3.42726,96.57274,73.30132,0.578918,10.272059,0.0,0.0
2026-08-30 08:10:29,20597.65,756735,3783,67.9393,148.6668,36.7,125.063858,-0.0,250.168533,2.040847,,6.990799,0.69908,5e-06,2.220884,10.0,10.0,9.154309,0.0,9.154309,90.845691,68.372815,0.537051,10.272059,0.0,0.0
2026-08-30 08:10:42,20611.47,757247,3786,324.9171,149.3895,36.7,243.241211,-0.0,486.523254,2.041579,,7.862068,0.786207,4e-06,1.718895,8.0,10.0,5.158497,0.0,5.158497,94.841503,71.611767,0.48443,10.272059,0.0,0.0
2026-08-30 08:10:56,20625.57,757759,3788,-329.3583,147.9241,36.7,733.977234,-0.0,1467.994995,2.025165,,4.390869,0.439087,7e-06,2.208852,10.0,10.0,12.680701,0.0,12.680701,87.319299,67.2211,0.62722,10.272059,0.0,0.0
2026-08-30 08:11:11,20639.57,758271,3791,196.9665,145.3827,36.7,103.333939,-0.0,206.70813,2.012569,,5.086912,0.508691,6e-06,2.108962,9.0,10.0,4.056144,0.0,4.056144,95.943856,72.162979,0.56519,10.272059,0.0,0.0
2026-08-30 08:11:25,20653.57,758783,3793,-177.3781,143.1669,36.7,380.106476,-0.0,760.252869,1.996593,,6.498441,0.649844,4e-06,3.097068,10.0,10.0,13.235516,0.0,13.235516,86.764484,65.305365,0.589492,10.272059,0.0,0.0
2026-08-30 08:11:38,20667.49,759295,3796,521.3593,144.8053,36.7,131.057251,0.0,262.154175,1.983009,,8.385058,0.838506,6e-06,2.097733,8.0,10.0,2.137629,0.0,2.137629,97.862371,73.56391,0.636172,10.272059,0.0,0.0
2026-08-30 08:11:52,20681.55,759807,3799,-10.1094,151.2274,36.7,203.352661,-0.0,406.74472,1.969992,,6.476494,0.647649,3e-06,2.855793,10.0,10.0,9.960815,0.0,9.960815,90.039185,67.220614,0.563331,10.272059,0.0,0.0
2026-08-30 08:12:06,20695.54,760319,3801,56.2161,159.5165,36.7,210.028885,0.0,420.096893,1.956414,,7.23907,0.723907,6e-06,2.588266,10.0,10.0,9.781174,0.0,9.781174,90.218826,68.447905,0.520167,10.272059,0.0,0.0
2026-08-30 08:12:21,20709.59,760831,3804,-38.5395,158.5479,36.7,150.660965,0.0,301.360809,1.944226,,8.620374,0.862037,5e-06,2.347101,10.0,10.0,13.460903,0.0,13.460903,86.539097,64.828676,0.480199,10.272059,0.0,0.0
2026-08-30 08:12:35,20723.75,761343,3806,-661.8612,155.9326,36.7,1056.989624,0.0,2114.018066,1.935267,,9.428313,0.942831,2e-06,5.079037,10.0,10.0,26.711477,0.0,26.711477,73.288523,54.114102,0.563367,10.272059,0.0,0.0
2026-08-30 08:12:49,20737.72,761855,3809,367.367,154.9782,36.7,152.241943,0.0,304.522369,1.923467,,9.5706,0.95706,7e-06,2.513575,9.0,10.0,6.902692,0.0,6.902692,93.097308,69.970588,0.533694,10.272059,0.0,0.0
2026-08-30 08:13:03,20751.58,762367,3811,140.0707,150.8978,36.7,144.478485,-0.0,288.995331,1.918623,,7.255001,0.7255,6e-06,2.157416,9.0,10.0,8.007222,0.0,8.007222,91.992778,69.203652,0.513287,10.272059,0.0,0.0
2026-08-30 08:13:16,20765.56,762879,3814,548.9851,156.0833,36.7,88.599495,-0.0,177.237289,1.91517,,10.753625,1.075363,4e-06,2.871527,10.0,10.0,5.296508,0.0,5.296508,94.703492,71.211732,0.469439,10.353031,0.0,0.0
2026-08-30 08:13:30,20779.45,763391,3816,649.6099,165.8784,36.7,138.340607,0.0,276.719391,1.909342,,12.452632,1.245263,7e-06,1.911769,9.0,10.0,5.976477,0.0,5.976477,94.023523,72.107506,0.42414,10.353031,0.0,0.0
2026-08-30 08:13:44,20793.4,763903,3819,-48.578,162.6855,36.7,279.998627,-0.0,560.0354,1.908016,,6.073253,0.607325,5e-06,2.655196,10.0,10.0,9.963716,0.0,9.963716,90.036284,67.591981,0.494353,10.353031,0.0,0.0
2026-08-30 08:13:58,20807.42,764415,3822,-213.7018,152.345,36.7,356.55545,0.0,713.149048,1.907249,,7.758863,0.775886,4e-06,4.031636,10.0,10.0,16.004089,0.0,16.004089,83.995911,62.439222,0.534693,10.353031,0.0,0.0
2026-08-30 08:14:12,20821.47,764927,3824,-65.9641,148.444,36.7,190.079651,0.0,380.197357,1.902763,,8.161069,0.816107,4e-06,3.595815,10.0,10.0,13.57128,0.0,13.57128,86.42872,64.853692,0.516446,10.353031,0.0,0.0
2026-08-30 08:14:26,20835.5,765439,3827,322.5374,153.5174,36.7,88.918221,-0.0,177.874435,1.899788,,9.87685,0.987685,5e-06,2.688183,10.0,10.0,8.226452,0.0,8.226452,91.773548,68.83536,0.543517,10.353031,0.0,0.0
2026-08-30 08:14:40,20849.49,765951,3829,67.2474,152.8594,36.7,97.273758,-0.0,194.585495,1.898951,,6.664784,0.666478,6e-06,3.601397,10.0,10.0,9.263818,0.0,9.263818,90.736182,68.521205,0.596899,10.353031,0.0,0.0
2026-08-30 08:14:55,20863.58,766463,3832,270.2442,156.1332,36.7,110.157631,-0.0,220.35318,1.895823,,7.146254,0.714625,8e-06,2.383731,9.0,10.0,5.24543,0.0,5.24543,94.75457,71.782521,0.587629,10.353031,0.0,0.0
2026-08-30 08:15:09,20877.72,766975,3834,-405.4268,153.2356,36.7,356.231201,-0.0,712.500305,1.896343,,6.978262,0.697826,5e-06,3.481622,10.0,10.0,18.302723,0.0,18.302723,81.697277,61.332227,0.540538,10.353031,0.0,0.0
2026-08-30 08:15:23,20891.7,767487,3837,323.7961,157.7915,36.7,126.879082,-0.0,253.796066,1.895461,,8.114689,0.811469,6e-06,2.100294,8.0,10.0,5.710786,0.0,5.710786,94.289214,71.459742,0.580493,10.353031,0.0,0.0
2026-08-30 08:15:37,20905.58,767999,3840,535.2019,159.677,36.7,206.634933,-0.0,413.307709,1.892551,,11.644769,1.164477,7e-06,1.899536,7.0,10.0,6.407353,0.0,6.407353,93.592647,70.381067,0.436985,10.353031,0.0,0.0
2026-08-30 08:15:50,20919.53,768511,3842,332.2804,163.5982,36.7,147.205017,-0.0,294.447845,1.891117,,9.526891,0.952689,6e-06,3.283736,10.0,10.0,8.041887,0.0,8.041887,91.958113,68.538154,0.499338,10.353031,0.0,0.0
2026-08-30 08:16:04,20933.51,769023,3845,-3.9823,163.3734,36.7,152.504761,-0.0,305.047333,1.891148,,4.916126,0.491613,7e-06,3.021845,10.0,10.0,7.433581,0.0,7.433581,92.566419,69.926461,0.622641,10.353031,0.0,0.0
2026-08-30 08:16:18,20947.41,769535,3847,-362.557,160.9522,36.7,554.875549,-0.0,1109.78894,1.892257,,3.110921,0.311092,6e-06,2.256762,8.0,10.0,11.413583,0.0,11.413583,88.586417,67.039843,0.743442,10.353031,0.0,0.0
2026-08-30 08:16:32,20961.43,770047,3850,-30.5431,166.368,36.7,169.191833,0.0,338.421478,1.890715,,4.561288,0.456129,7e-06,2.616666,9.0,10.0,7.469665,0.0,7.469665,92.530335,69.153392,0.712292,10.353031,0.0,0.0
2026-08-30 08:16:46,20975.54,770559,3852,-98.1824,159.9261,36.7,191.616776,-0.0,383.271362,1.890341,,7.504675,0.750467,4e-06,4.535758,10.0,10.0,13.592328,0.0,13.592328,86.407672,65.048136,0.65497,10.353031,0.0,0.0
2026-08-30 08:17:01,20989.58,771071,3855,32.9659,159.3558,36.7,210.080002,-0.0,420.197754,1.888201,,6.711399,0.67114,5e-06,3.296901,10.0,10.0,9.703798,0.0,9.703798,90.296202,67.715665,0.619866,10.353031,0.0,0.0
2026-08-30 08:17:14,21003.55,771583,3857,274.3203,160.8334,36.7,169.097061,0.0,338.231873,1.887613,,6.870177,0.687018,7e-06,2.351997,9.0,10.0,4.806868,0.0,4.806868,95.193132,72.181527,0.600042,10.353031,0.0,0.0
2026-08-30 08:17:29,21017.72,772095,3860,-19.4636,159.496,36.7,279.658966,0.0,559.355652,1.887403,,7.619536,0.761954,5e-06,2.741066,10.0,10.0,11.622714,0.0,11.622714,88.377286,65.985264,0.604107,10.353031,0.0,0.0
2026-08-30 08:17:43,21031.83,772607,3863,-156.7558,160.6056,36.7,247.428268,0.0,494.894348,1.890813,,7.545687,0.754569,5e-06,3.61636,10.0,10.0,14.310124,0.0,14.310124,85.689876,63.371188,0.557987,10.353031,0.0,0.0
2026-08-30 08:17:57,21045.71,773119,3865,620.6416,167.9612,36.7,103.655983,0.0,207.349716,1.887148,,8.470644,0.847064,9e-06,1.626238,7.0,9.0,0.566587,0.0,0.566587,99.433413,75.576206,0.503675,10.353031,0.0,0.0
2026-08-30 08:18:11,21059.78,773631,3868,668.255,174.0067,36.7,220.989746,0.0,442.017303,1.88985,,12.422356,1.242236,8e-06,2.369703,9.0,10.0,4.964168,0.0,4.964168,95.035832,71.048248,0.582599,10.353031,0.0,0.0
2026-08-30 08:18:25,21073.73,774143,3870,602.2748,176.7455,36.7,186.840454,0.0,373.718719,1.89079,,12.643257,1.264326,6e-06,3.042993,10.0,10.0,6.985189,0.0,6.985189,93.014811,70.21095,0.508025,10.353031,0.0,0.0
2026-08-30 08:18:39,21087.71,774655,3873,182.0216,175.2348,36.7,190.88443,-0.0,381.806732,1.893014,,8.034208,0.803421,6e-06,3.031745,10.0,10.0,8.616522,0.0,8.616522,91.383478,67.91458,0.510787,10.353031,0.0,0.0
2026-08-30 08:18:53,21101.69,775167,3875,430.6034,181.4867,36.7,92.550812,-0.0,185.139481,1.892929,,8.04289,0.804289,8e-06,2.375652,9.0,10.0,3.590271,0.0,3.590271,96.409729,73.937687,0.620424,10.338629,0.0,0.0
2026-08-30 08:19:07,21115.8,775679,3878,-18.1473,180.0709,36.7,294.556732,-0.0,589.151367,1.89379,,6.999299,0.69993,7e-06,3.232528,10.0,10.0,11.177338,0.0,11.177338,88.822662,65.871586,0.520729,10.338629,0.0,0.0
2026-08-30 08:19:21,21129.91,776191,3880,-44.8738,178.4876,36.7,438.46283,-0.0,876.963562,1.895145,,8.23664,0.823664,4e-06,3.474987,10.0,10.0,13.174346,0.0,13.174346,86.825654,65.980944,0.528629,10.338629,0.0,0.0
2026-08-30 08:19:35,21143.98,776703,3883,373.41,176.5568,36.7,77.057625,0.0,154.153198,1.897404,,9.250142,0.925014,6e-06,3.255612,10.0,10.0,6.674267,0.0,6.674267,93.325733,70.277181,0.533199,10.338629,0.0,0.0
2026-08-30 08:19:49,21158.1,777215,3886,633.6846,180.0263,36.7,163.130951,-0.0,326.299896,1.899064,,10.652723,1.065272,7e-06,2.829068,9.0,10.0,3.53198,0.0,3.53198,96.46802,72.530033,0.511577,10.338629,0.0,0.0
2026-08-30 08:20:03,21172.1,777727,3888,662.5243,178.2439,36.7,218.935242,0.0,437.908539,1.902342,,13.566586,1.356659,8e-06,2.271581,10.0,10.0,6.656997,0.0,6.656997,93.343003,69.749071,0.525525,10.338629,0.0,0.0
2026-08-30 08:20:17,21186.05,778239,3891,653.2261,184.3497,36.7,241.730148,-0.0,483.498444,1.906951,,12.735826,1.273583,6e-06,2.959292,10.0,10.0,5.612902,0.0,5.612902,94.387098,71.500922,0.589292,10.338629,0.0,0.0
2026-08-30 08:20:31,21199.92,778751,3893,560.211,188.4808,36.7,302.37088,0.0,604.779968,1.910388,,13.971389,1.397139,7e-06,2.333706,9.0,10.0,9.344853,0.0,9.344853,90.655147,68.544564,0.553205,10.338629,0.0,0.0
2026-08-30 08:20:45,21213.9,779263,3896,21.8656,184.525,36.7,338.764008,0.0,677.566345,1.915707,,7.713055,0.771305,5e-06,3.036551,10.0,10.0,11.154465,0.0,11.154465,88.845535,65.787352,0.581169,10.338629,0.0,0.0
2026-08-30 08:20:59,21227.9,779775,3898,-361.0149,178.6098,36.7,285.169281,-0.0,570.376892,1.916774,,8.478293,0.847829,5e-06,3.734576,10.0,10.0,19.857829,0.0,19.857829,80.142171,60.310119,0.504584,10.338629,0.0,0.0
2026-08-30 08:21:13,21241.82,780287,3901,638.9119,182.5961,36.7,254.795578,-0.0,509.629608,1.922032,,10.937793,1.093779,6e-06,1.669835,6.0,10.0,3.682861,0.0,3.682861,96.317139,73.29657,0.456999,10.338629,0.0,0.0
2026-08-30 08:21:27,21255.86,780799,3904,183.7556,184.8805,36.7,71.287674,-0.0,142.613846,1.924969,,6.280498,0.62805,7e-06,2.512095,9.0,10.0,6.024686,0.0,6.024686,93.975314,70.816862,0.574375,10.338629,0.0,0.0
2026-08-30 08:21:41,21269.85,781311,3906,-208.8853,183.1243,36.7,197.151642,-0.0,394.341888,1.930398,,5.143486,0.514349,5e-06,2.913455,10.0,10.0,11.851317,0.0,11.851317,88.148683,65.148271,0.628201,10.338629,0.0,0.0
2026-08-30 08:21:55,21283.88,781823,3909,-1157.479,167.9004,36.7,1290.462402,-0.0,2580.963379,1.929794,,5.985682,0.598568,5e-06,4.066303,10.0,10.0,31.029537,0.0,31.029537,68.970463,50.471801,0.571901,10.338629,0.0,0.0
2026-08-30 08:22:09,21297.93,782335,3911,820.4919,177.7143,36.7,270.863953,-0.0,541.766602,1.933818,,12.776515,1.277652,6e-06,2.277668,9.0,10.0,2.578039,0.0,2.578039,97.421961,73.98347,0.535412,10.338629,0.0,0.0
2026-08-30 08:22:23,21311.9,782847,3914,699.8763,180.8623,36.7,145.592773,0.0,291.224243,1.934742,,10.833824,1.083382,6e-06,2.449095,9.0,10.0,2.455105,0.0,2.455105,97.544895,74.802154,0.497555,10.338629,0.0,0.0
2026-08-30 08:22:37,21325.86,783359,3916,488.0079,177.9993,36.7,442.775177,0.0,885.58905,1.933439,,12.362781,1.236278,6e-06,2.769832,9.0,10.0,8.494178,0.0,8.494178,91.505822,69.225768,0.494967,10.338629,0.0,0.0
2026-08-30 08:22:51,21339.93,783871,3919,280.706,182.1596,36.7,106.423164,-0.0,212.885117,1.939076,,9.943803,0.99438,7e-06,3.175801,9.0,10.0,9.385714,0.0,9.385714,90.614286,68.435413,0.504641,10.338629,0.0,0.0
2026-08-30 08:23:05,21353.91,784383,3921,6.2172,177.0041,36.7,298.92099,-0.0,597.880798,1.940619,,7.356575,0.735657,8e-06,2.787535,10.0,10.0,10.952536,0.0,10.952536,89.047464,67.508128,0.588621,10.338629,0.0,0.0
2026-08-30 08:23:19,21367.8,784895,3924,78.4544,175.9254,36.7,216.619019,0.0,433.276917,1.944304,,6.216352,0.621635,6e-06,3.111796,10.0,10.0,7.862615,0.0,7.862615,92.137385,69.023191,0.665239,10.338629,0.0,0.0
2026-08-30 08:23:33,21381.8,785407,3927,-32.897,180.1587,36.7,317.842926,-0.0,635.724792,1.946893,,8.444265,0.844426,6e-06,3.245295,10.0,10.0,13.432691,0.0,13.432691,86.567309,65.404609,0.417163,10.338629,0.0,0.0
2026-08-30 08:23:47,21395.72,785919,3929,253.4391,179.8629,36.7,163.246033,0.0,326.530945,1.944447,,9.678381,0.967838,7e-06,2.328843,9.0,10.0,9.116184,0.0,9.116184,90.883816,69.326506,0.505358,10.338629,0.0,0.0
2026-08-30 08:24:01,21409.73,786431,3932,638.0777,178.8042,36.7,174.284897,-0.0,348.608765,1.948218,,10.650466,1.065047,7e-06,1.993842,9.0,10.0,3.500944,0.0,3.500944,96.499056,73.266599,0.568753,10.338629,0.0,0.0
2026-08-30 08:24:15,21423.72,786943,3934,203.4438,180.5676,36.7,539.961304,-0.0,1079.96167,1.951282,,11.214167,1.121417,6e-06,2.424913,9.0,10.0,11.859414,0.0,11.859414,88.140586,66.311893,0.550774,10.338629,0.0,0.0
2026-08-30 08:24:29,21437.79,787455,3937,343.8931,182.9652,36.7,298.051392,-0.0,596.141846,1.952064,,11.54806,1.154806,6e-06,2.428858,10.0,10.0,9.812835,0.0,9.812835,90.187165,67.666984,0.580415,10.338629,0.0,0.0
2026-08-30 08:24:43,21451.79,787967,3939,347.8493,188.128,36.7,115.102478,0.0,230.244003,1.95233,,9.164745,0.916474,6e-06,2.380411,9.0,10.0,6.983758,0.0,6.983758,93.016242,70.850736,0.434239,10.415855,0.0,0.0
2026-08-30 08:24:57,21465.78,788479,3942,-180.5055,183.807,36.7,253.883041,-0.0,507.805267,1.959222,,5.434362,0.543436,5e-06,2.958033,10.0,10.0,11.704722,0.0,11.704722,88.295278,65.488872,0.546304,10.415855,0.0,0.0
2026-08-30 08:25:11,21479.82,788991,3944,51.945,181.9848,36.7,282.249054,0.0,564.537354,1.962452,,5.831414,0.583141,5e-06,2.955827,10.0,10.0,7.834468,0.0,7.834468,92.165532,70.509256,0.545316,10.415855,0.0,0.0
2026-08-30 08:25:25,21493.82,789503,3947,-379.4415,171.5707,36.7,331.34903,-0.0,662.737427,1.967174,,5.301611,0.530161,4e-06,3.104613,10.0,10.0,15.218335,0.0,15.218335,84.781665,63.690211,0.601933,10.415855,0.0,0.0
2026-08-30 08:25:39,21507.76,790015,3950,412.3896,170.1646,36.7,75.16568,-0.0,150.370773,1.9707,,6.664423,0.666442,5e-06,2.739429,9.0,10.0,2.066316,0.0,2.066316,97.933684,74.231929,0.498024,10.415855,0.0,0.0
2026-08-30 08:25:53,21521.6,790527,3952,26.4146,167.8259,36.7,198.961868,-0.0,397.963196,1.973375,,6.933989,0.693399,5e-06,2.546089,9.0,10.0,9.609639,0.0,9.609639,90.390361,68.237723,0.498915,10.415855,0.0,0.0
2026-08-30 08:26:06,21535.48,791039,3955,422.8567,168.9246,36.7,150.964325,-0.0,301.96817,1.976146,,11.85504,1.185504,6e-06,2.42604,10.0,10.0,8.894394,0.0,8.894394,91.105606,68.48732,0.536261,10.415855,0.0,0.0
2026-08-30 08:26:20,21549.31,791551,3957,301.9316,171.2743,36.7,385.746246,0.0,771.532104,1.979555,,13.845468,1.384547,5e-06,3.203168,10.0,10.0,13.999492,0.0,13.999492,86.000508,64.676134,0.528898,10.415855,0.0,0.0
2026-08-30 08:26:34,21563.12,792063,3960,549.7833,176.9426,36.7,253.324783,0.0,506.68927,1.984502,,12.149454,1.214945,7e-06,1.716208,8.0,10.0,6.194777,0.0,6.194777,93.805223,71.083716,0.584339,10.415855,0.0,0.0
2026-08-30 08:26:48,21577.08,792575,3962,317.421,175.1025,36.7,157.572586,-0.0,315.184967,1.989718,,8.754712,0.875471,5e-06,2.713073,9.0,10.0,6.544115,0.0,6.544115,93.455885,70.521858,0.657142,10.415855,0.0,0.0
2026-08-30 08:27:02,21590.85,793087,3965,537.8147,175.9929,36.7,109.095345,-0.0,218.230667,1.999191,,8.20702,0.820702,7e-06,1.710992,8.0,10.0,1.729592,0.0,1.729592,98.270408,74.769524,0.569181,10.415855,0.0,0.0
2026-08-30 08:27:16,21604.89,793599,3968,-221.1043,166.6779,36.7,307.285339,-0.0,614.610779,2.005706,,8.15666,0.815666,3e-06,4.362425,10.0,10.0,16.767412,0.0,16.767412,83.232588,61.861566,0.472146,10.415855,0.0,0.0
2026-08-30 08:27:30,21618.84,794111,3970,422.0057,169.5897,36.7,63.123016,0.0,126.286156,2.006218,,7.731215,0.773121,6e-06,1.676999,8.0,10.0,3.340471,0.0,3.340471,96.659529,72.924906,0.54702,10.415855,0.0,0.0
2026-08-30 08:27:44,21632.87,794623,3973,-6.4533,169.2024,36.7,237.024582,0.0,474.089264,2.004461,,7.09353,0.709353,5e-06,2.894295,10.0,10.0,10.718601,0.0,10.718601,89.281399,66.263614,0.574445,10.415855,0.0,0.0
2026-08-30 08:27:58,21646.83,795135,3975,276.919,172.2524,36.7,100.845314,-0.0,201.730667,2.002212,,9.01842,0.901842,5e-06,2.301317,10.0,10.0,7.990815,0.0,7.990815,92.009185,69.66654,0.517865,10.415855,0.0,0.0
2026-08-30 08:28:12,21660.85,795647,3978,-92.599,171.1896,36.7,247.497757,-0.0,495.035553,2.001266,,8.023061,0.802306,5e-06,3.650567,10.0,10.0,13.653753,0.0,13.653753,86.346247,63.461091,0.548774,10.415855,0.0,0.0
2026-08-30 08:28:26,21674.88,796159,3980,27.2896,172.96,36.7,180.901901,-0.0,361.843719,1.996552,,11.848691,1.184869,3e-06,3.794019,10.0,10.0,17.03375,0.0,17.03375,82.96625,62.424973,0.545773,10.415855,0.0,0.0
2026-08-30 08:28:40,21688.94,796671,3983,-1.931,169.0699,36.7,269.634918,-0.0,539.309753,1.996748,,12.299441,1.229944,4e-06,2.795387,10.0,10.0,17.952954,0.0,17.952954,82.047046,60.510399,0.48572,10.415855,0.0,0.0
2026-08-30 08:28:54,21702.94,797183,3985,-157.8091,180.7634,36.7,434.846619,0.0,869.733215,1.997533,,10.020467,1.002047,4e-06,3.10233,10.0,10.0,17.891771,0.0,17.891771,82.108229,61.762264,0.468656,10.415855,0.0,0.0
2026-08-30 08:29:08,21716.93,797695,3988,-424.9707,171.7965,36.7,1521.240967,-0.0,3042.521973,1.996271,,9.23721,0.923721,6e-06,2.243937,10.0,10.0,20.916503,0.0,20.916503,79.083497,59.083316,0.537355,10.415855,0.0,0.0
2026-08-30 08:29:22,21730.94,798207,3991,395.9891,174.3763,36.7,165.721909,-0.0,331.483673,1.993248,,11.274818,1.127482,5e-06,2.591399,10.0,10.0,9.072669,0.0,9.072669,90.927331,67.932136,0.538735,10.415855,0.0,0.0
2026-08-30 08:29:36,21745.06,798719,3993,-20.4437,172.7842,36.7,194.788773,0.0,389.617432,1.994021,,5.7168,0.57168,5e-06,3.295594,10.0,10.0,9.134865,0.0,9.134865,90.865135,67.984362,0.648978,10.415855,0.0,0.0
2026-08-30 08:29:50,21759.03,799231,3996,508.1137,171.1479,36.7,136.815262,-0.0,273.67038,1.992506,,9.953416,0.995342,5e-06,1.777535,9.0,10.0,4.539004,0.0,4.539004,95.460996,72.158098,0.621018,10.415855,0.0,0.0
2026-08-30 08:30:04,21773.09,799743,3998,-856.9686,164.3456,36.7,2098.641113,-0.0,4197.322266,1.994444,,7.058056,0.705806,5e-06,2.411336,10.0,10.0,25.848488,0.0,25.848488,74.151512,55.292414,0.591756,10.415855,0.0,0.0
2026-08-30 08:30:18,21787.25,800255,4001,-620.2931,157.0166,36.7,1535.341675,-0.0,3070.723145,1.993539,,6.47019,0.647019,4e-06,2.809956,10.0,10.0,20.831657,0.0,20.831657,79.168343,59.012765,0.58609,10.691939,0.0,0.0
2026-08-30 08:30:32,21801.27,800767,4003,-398.9788,150.8409,36.7,490.752045,-0.0,981.543945,1.993197,,6.559578,0.655958,4e-06,3.381537,10.0,10.0,17.160908,0.0,17.160908,82.839092,62.330581,0.495309,10.691939,0.0,0.0
2026-08-30 08:30:46,21815.29,801279,4006,-316.489,146.0561,36.7,258.19574,-0.0,516.431335,1.994279,,7.306464,0.730646,4e-06,3.31498,10.0,10.0,16.706233,0.0,16.706233,83.293767,62.082704,0.502715,10.691939,0.0,0.0
2026-08-30 08:31:00,21829.32,801791,4008,357.1908,150.3765,36.7,87.60379,0.0,175.24736,1.989145,,9.032231,0.903223,4e-06,3.259541,10.0,10.0,7.0616,0.0,7.0616,92.9384,70.069376,0.518365,10.691939,0.0,0.0
2026-08-30 08:31:14,21843.34,802303,4011,-156.9862,145.1824,36.7,390.834625,0.0,781.709167,1.994646,,6.580183,0.658018,6e-06,2.364699,10.0,10.0,12.482006,0.0,12.482006,87.517994,65.65604,0.560118,10.691939,0.0,0.0
2026-08-30 08:31:28,21857.25,802815,4014,201.4051,142.1671,36.7,337.055695,-0.0,674.151306,1.995086,,9.017639,0.901764,6e-06,2.093313,10.0,10.0,8.985456,0.0,8.985456,91.014544,68.255108,0.490167,10.691939,0.0,0.0
2026-08-30 08:31:42,21871.23,803327,4016,36.8074,146.9322,36.7,149.071075,-0.0,298.182129,1.998482,,8.705134,0.870513,6e-06,3.113331,10.0,10.0,12.161509,0.0,12.161509,87.838491,65.880405,0.555603,10.691939,0.0,0.0
2026-08-30 08:31:56,21885.37,803839,4019,-935.26,137.5999,36.7,1302.636841,-0.0,2605.313721,2.004911,,4.913715,0.491372,3e-06,4.992535,10.0,10.0,25.072983,0.0,25.072983,74.927017,55.40576,0.651224,10.691939,0.0,0.0
2026-08-30 08:32:10,21899.12,804351,4021,532.339,144.6385,36.7,85.338768,0.0,170.717575,2.001807,,6.988424,0.698842,8e-06,0.599049,3.0,8.0,0.050576,0.0,0.050576,99.949424,76.839952,0.543092,10.691939,0.0,0.0
2026-08-30 08:32:24,21913.31,804863,4024,212.0947,140.1707,36.7,107.354721,0.0,214.749557,2.005986,,6.305816,0.630582,5e-06,1.801359,10.0,10.0,5.318549,0.0,5.318549,94.681451,72.085835,0.540975,10.691939,0.0,0.0
2026-08-30 08:32:39,21927.58,805375,4026,170.4817,138.0682,36.7,74.268715,-0.0,148.577576,2.007563,,6.920172,0.692017,3e-06,3.374579,10.0,10.0,7.258341,0.0,7.258341,92.741659,69.880294,0.531072,10.691939,0.0,0.0
2026-08-30 08:32:53,21942.0,805887,4029,-199.0886,133.7431,36.7,668.192505,0.0,1336.425171,2.006702,,6.58384,0.658384,8e-06,2.300585,10.0,10.0,13.017744,0.0,13.017744,86.982256,65.1809,0.53251,10.691939,0.0,0.0
2026-08-30 08:33:07,21956.21,806399,4032,-288.8073,125.044,36.7,1011.773071,-0.0,2023.586304,2.01081,,7.058014,0.705801,4e-06,2.425121,10.0,10.0,15.289698,0.0,15.289698,84.710302,64.982312,0.508405,10.691939,0.0,0.0
2026-08-30 08:33:21,21970.3,806911,4034,146.4997,120.4313,36.7,88.997192,0.0,178.034592,2.01053,,6.733339,0.673334,6e-06,1.974904,10.0,10.0,7.230916,0.0,7.230916,92.769084,70.460937,0.530385,10.691939,0.0,0.0
2026-08-30 08:33:35,21984.49,807423,4037,389.2305,120.1696,36.7,146.528397,0.0,293.096985,2.00963,,6.998787,0.699879,6e-06,1.030016,8.0,10.0,2.857998,0.0,2.857998,97.142002,73.860113,0.535094,10.691939,0.0,0.0
2026-08-30 08:33:50,21998.69,807935,4039,259.5583,122.0858,36.7,147.417847,0.0,294.875946,2.012966,,7.565878,0.756588,6e-06,1.65826,9.0,10.0,5.877385,0.0,5.877385,94.122615,71.582326,0.53171,10.691939,0.0,0.0
2026-08-30 08:34:04,22012.59,808447,4042,231.0226,121.1469,36.7,57.910881,0.0,115.862061,2.014953,,5.740669,0.574067,6e-06,1.807372,9.0,10.0,4.157127,0.0,4.157127,95.842873,72.47096,0.584921,10.691939,0.0,0.0
2026-08-30 08:34:18,22026.67,808959,4044,135.4113,125.7945,36.7,116.495636,0.0,233.031601,2.016144,,5.569632,0.556963,5e-06,1.979058,10.0,10.0,5.722271,0.0,5.722271,94.277729,71.198553,0.561165,10.691939,0.0,0.0
2026-08-30 08:34:32,22040.83,809471,4047,-698.2307,116.8426,36.7,648.031494,0.0,1296.103394,2.02236,,5.716251,0.571625,4e-06,3.193243,10.0,10.0,21.214095,0.0,21.214095,78.785905,58.048489,0.511925,10.691939,0.0,0.0
2026-08-30 08:34:46,22054.95,809983,4049,174.0406,120.3568,36.7,169.126846,-0.0,338.294037,2.017297,,9.32933,0.932933,5e-06,1.581282,8.0,10.0,9.895096,0.0,9.895096,90.104904,68.674262,0.425213,10.691939,0.0,0.0
2026-08-30 08:35:00,22069.03,810495,4052,206.9335,117.2125,36.7,93.735634,-0.0,187.511688,2.020663,,9.531364,0.953136,6e-06,1.465409,10.0,10.0,9.544901,0.0,9.544901,90.455099,68.482414,0.484564,10.691939,0.0,0.0
2026-08-30 08:35:14,22083.02,811007,4055,-488.3278,112.4303,36.7,495.182709,-0.0,990.405884,2.021922,,7.209749,0.720975,5e-06,2.856019,10.0,10.0,19.239705,0.0,19.239705,80.760295,60.045363,0.5336,10.691939,0.0,0.0
2026-08-30 08:35:28,22097.15,811519,4057,-443.3688,107.4345,36.7,633.326233,0.0,1266.692993,2.024258,,5.848001,0.5848,6e-06,1.983062,10.0,10.0,16.356824,0.0,16.356824,83.643176,62.452974,0.610151,10.691939,0.0,0.0
2026-08-30 08:35:43,22111.57,812031,4060,254.8275,110.3681,36.7,347.538635,0.0,695.117737,2.02201,,7.573495,0.75735,9e-06,0.871121,5.0,10.0,6.031616,0.0,6.031616,93.968384,71.837397,0.576847,10.691939,0.0,0.0
2026-08-30 08:35:57,22125.93,812543,4062,-410.1684,112.8851,36.7,278.933136,0.0,557.906799,2.026898,,7.909733,0.790973,6e-06,2.39578,10.0,10.0,18.540833,0.0,18.540833,81.459167,61.299427,0.506659,11.081098,0.0,0.0
2026-08-30 08:36:11,22140.4,813055,4065,-293.2983,106.2784,36.7,601.867004,0.0,1203.774658,2.032019,,7.483347,0.748335,3e-06,2.431559,10.0,10.0,15.295909,0.0,15.295909,84.704091,62.754924,0.532394,11.081098,0.0,0.0
2026-08-30 08:36:26,22154.69,813567,4067,-493.0328,99.9474,36.7,1149.512085,0.0,2299.064941,2.034282,,7.400356,0.740036,7e-06,1.82847,10.0,10.0,18.875719,0.0,18.875719,81.124281,62.028039,0.507549,11.081098,0.0,0.0
2026-08-30 08:36:40,22168.84,814079,4070,377.0173,98.2277,36.7,99.377014,-0.0,198.794739,2.03516,,8.259537,0.825954,8e-06,0.625657,2.0,10.0,4.528223,0.0,4.528223,95.471777,72.887738,0.464806,11.081098,0.0,0.0
2026-08-30 08:36:54,22182.97,814591,4072,468.1194,96.4128,36.7,114.968712,0.0,229.97818,2.037786,,7.190905,0.71909,7e-06,0.799969,4.0,10.0,1.426016,0.0,1.426016,98.573984,75.383636,0.588838,11.081098,0.0,0.0
2026-08-30 08:37:08,22197.43,815103,4075,-175.3992,95.1446,36.7,303.447723,-0.0,606.93634,2.043163,,4.008303,0.40083,6e-06,2.339402,10.0,10.0,8.761409,0.0,8.761409,91.238591,68.689883,0.709812,11.081098,0.0,0.0
2026-08-30 08:37:23,22211.71,815615,4078,105.341,98.335,36.7,196.414307,-0.0,392.869476,2.043515,,8.369629,0.836963,7e-06,1.520358,10.0,10.0,9.734473,0.0,9.734473,90.265527,69.301432,0.462505,11.081098,0.0,0.0
2026-08-30 08:37:37,22225.93,816127,4080,-475.2336,94.2423,36.7,465.384308,0.0,930.80957,2.047751,,8.03954,0.803954,6e-06,1.684883,10.0,10.0,19.215975,0.0,19.215975,80.784025,60.450216,0.466466,11.081098,0.0,0.0
2026-08-30 08:37:51,22240.25,816639,4083,-1300.2805,78.0141,36.7,2075.643555,0.0,4151.328125,2.055049,,4.290602,0.42906,7e-06,2.728123,10.0,10.0,28.979235,0.0,28.979235,71.020765,52.107889,0.619615,11.081098,0.0,0.0
2026-08-30 08:38:06,22254.65,817151,4085,-333.3863,74.0078,36.7,953.775024,-0.0,1907.591064,2.051674,,8.658701,0.86587,6e-06,1.899609,10.0,10.0,17.617421,0.0,17.617421,82.382579,62.575632,0.504014,11.081098,0.0,0.0
2026-08-30 08:38:20,22268.87,817663,4088,765.5243,78.9606,36.7,234.083374,-0.0,468.207733,2.049536,,13.396224,1.339622,6e-06,1.989916,10.0,10.0,3.9737,0.0,3.9737,96.0263,73.080996,0.510957,11.081098,0.0,0.0
2026-08-30 08:38:34,22283.07,818175,4090,279.3554,85.8084,36.7,148.618164,-0.0,297.277344,2.051145,,10.74954,1.074954,8e-06,1.439395,10.0,10.0,9.62058,0.0,9.62058,90.37942,68.357105,0.454732,11.081098,0.0,0.0
2026-08-30 08:38:48,22297.33,818687,4093,-106.6536,81.5039,36.7,242.863693,-0.0,485.768524,2.05705,,8.463529,0.846353,9e-06,1.620418,10.0,10.0,13.603862,0.0,13.603862,86.396138,64.979389,0.511047,11.081098,0.0,0.0
2026-08-30 08:39:03,22311.74,819199,4096,-101.3845,75.1381,36.7,254.160446,-0.0,508.362152,2.063198,,9.756222,0.975622,6e-06,2.208967,10.0,10.0,15.089486,0.0,15.089486,84.910514,63.544903,0.520417,11.081098,0.0,0.0
2026-08-30 08:39:17,22326.06,819711,4098,-186.5969,69.9493,36.7,393.010681,-0.0,786.062683,2.067071,,9.546262,0.954626,5e-06,2.449542,10.0,10.0,16.046752,0.0,16.046752,83.953248,62.38675,0.49385,11.081098,0.0,0.0
2026-08-30 08:39:31,22340.23,820223,4101,835.8531,78.3476,36.7,312.078156,-0.0,624.197571,2.063992,,12.162734,1.216273,8e-06,0.567254,2.0,9.0,1.009757,0.0,1.009757,98.990243,75.109146,0.535272,11.081098,0.0,0.0
2026-08-30 08:39:45,22354.4,820735,4103,434.3481,86.3167,36.7,95.310036,0.0,190.661499,2.071249,,10.423058,1.042306,6e-06,2.075403,10.0,10.0,6.476694,0.0,6.476694,93.523306,70.817022,0.510605,11.081098,0.0,0.0
2026-08-30 08:39:59,22368.47,821247,4106,-109.9128,85.523,36.7,528.977844,0.0,1057.997192,2.077926,,9.465847,0.946585,5e-06,1.463027,9.0,10.0,14.56542,0.0,14.56542,85.43458,64.341313,0.544116,11.081098,0.0,0.0
2026-08-30 08:40:14,22382.61,821759,4108,-336.0756,83.1441,36.7,173.659897,-0.0,347.36142,2.081396,,6.17729,0.617729,4e-06,2.325256,10.0,10.0,14.486721,0.0,14.486721,85.513279,64.578245,0.548431,11.081098,0.0,0.0
2026-08-30 08:40:28,22396.7,822271,4111,79.8881,83.6133,36.7,61.988197,-0.0,124.018005,2.080438,,6.910779,0.691078,4e-06,2.529086,10.0,10.0,8.454363,0.0,8.454363,91.545637,69.077084,0.577465,11.081098,0.0,0.0
2026-08-30 08:40:42,22410.63,822783,4113,541.2994,86.2831,36.7,202.766037,-0.0,405.5737,2.080725,,10.385079,1.038508,6e-06,1.456586,9.0,10.0,4.079808,0.0,4.079808,95.920192,72.897828,0.563889,11.081098,0.0,0.0
2026-08-30 08:40:56,22424.63,823295,4116,4.9865,86.5276,36.7,81.477852,-0.0,162.997467,2.088112,,8.929779,0.892978,4e-06,2.596179,10.0,10.0,12.181311,0.0,12.181311,87.818689,65.306253,0.596277,11.081098,0.0,0.0
2026-08-30 08:41:09,22438.55,823807,4119,153.0917,89.6261,36.7,89.130463,0.0,178.302734,2.090674,,8.349977,0.834998,6e-06,1.770386,10.0,10.0,8.63706,0.0,8.63706,91.36294,68.523154,0.570283,11.081098,0.0,0.0
2026-08-30 08:41:23,22452.54,824319,4121,-316.5464,80.2542,36.7,517.496094,-0.0,1035.03418,2.099792,,6.76989,0.676989,5e-06,1.7989,10.0,10.0,14.928658,0.0,14.928658,85.071342,64.022912,0.473334,11.081098,0.0,0.0
2026-08-30 08:41:37,22466.52,824831,4124,-481.0659,68.761,36.7,1015.742126,-0.0,2031.526245,2.102174,,8.852862,0.885286,8e-06,2.005229,10.0,10.0,20.653379,0.0,20.653379,79.346621,58.67581,0.472608,11.081098,0.0,0.0
2026-08-30 08:41:51,22480.48,825343,4126,125.1393,63.9896,36.7,402.785126,-0.0,805.612305,2.102098,,10.130746,1.013075,5e-06,2.226092,10.0,10.0,11.468352,0.0,11.468352,88.531648,67.301818,0.507557,11.57126,0.0,0.0
2026-08-30 08:42:05,22494.53,825855,4129,-698.4817,55.1846,36.7,1327.25708,0.0,2654.556396,2.115663,,6.224428,0.622443,4e-06,2.644983,10.0,10.0,19.842957,0.0,19.842957,80.157043,60.176893,0.562396,11.57126,0.0,0.0
2026-08-30 08:42:19,22508.49,826367,4131,551.6357,56.3949,36.7,154.569946,-0.0,309.181976,2.104221,,10.031432,1.003143,6e-06,1.54061,9.0,10.0,3.863209,0.0,3.863209,96.136791,72.430068,0.510089,11.57126,0.0,0.0
2026-08-30 08:42:34,22522.62,826879,4134,-142.2723,55.1537,36.7,267.080902,-0.0,534.204224,2.119555,,6.483552,0.648355,7e-06,1.887892,10.0,10.0,11.067426,0.0,11.067426,88.932574,66.744904,0.587373,11.57126,0.0,0.0
2026-08-30 08:42:48,22536.64,827391,4136,423.457,59.837,36.7,209.396591,0.0,418.835541,2.11764,,9.577018,0.957702,9e-06,1.619905,10.0,10.0,5.337705,0.0,5.337705,94.662295,72.107638,0.495067,11.57126,0.0,0.0
2026-08-30 08:43:02,22550.7,827903,4139,-243.7668,53.6652,36.7,175.162735,-0.0,350.368134,2.133833,,10.775465,1.077547,8e-06,3.342702,10.0,10.0,18.580022,0.0,18.580022,81.419978,60.451983,0.52195,11.57126,0.0,0.0
2026-08-30 08:43:16,22564.85,828415,4142,129.0638,48.619,36.7,303.385834,0.0,606.814331,2.134254,,10.974488,1.097449,8e-06,2.31518,10.0,10.0,12.193385,0.0,12.193385,87.806615,65.29161,0.465009,11.57126,0.0,0.0
2026-08-30 08:43:30,22578.81,828927,4144,312.4782,45.1185,36.7,270.801727,0.0,541.646118,2.131969,,9.462792,0.946279,9e-06,1.438032,10.0,10.0,7.000209,0.0,7.000209,92.999791,71.026266,0.529535,11.57126,0.0,0.0
2026-08-30 08:43:44,22592.75,829439,4147,307.2457,41.6587,36.7,51.454124,0.0,102.951004,2.137654,,6.146163,0.614616,7e-06,1.705149,9.0,10.0,3.118556,0.0,3.118556,96.881444,73.838947,0.59094,11.57126,0.0,0.0
2026-08-30 08:43:58,22606.7,829951,4149,-317.9152,32.8775,36.7,204.219788,-0.0,408.482635,2.15267,,6.083646,0.608365,7e-06,2.037662,10.0,10.0,13.399361,0.0,13.399361,86.600639,65.561362,0.596452,11.57126,0.0,0.0
2026-08-30 08:44:12,22620.77,830463,4152,-167.6046,30.9828,36.7,289.891846,0.0,579.826782,2.153872,,6.780004,0.678,7e-06,1.730759,10.0,10.0,11.809282,0.0,11.809282,88.190718,66.151876,0.579655,11.57126,0.0,0.0
2026-08-30 08:44:26,22634.74,830975,4154,-111.2509,33.4804,36.7,189.329971,-0.0,378.703247,2.164852,,7.818066,0.781807,6e-06,2.259875,10.0,10.0,12.089569,0.0,12.089569,87.910431,66.407069,0.554458,11.57126,0.0,0.0
2026-08-30 08:44:40,22648.65,831487,4157,29.5043,27.3863,36.7,95.510376,-0.0,191.064026,2.163881,,6.470788,0.647079,7e-06,1.609189,10.0,10.0,8.250434,0.0,8.250434,91.749566,69.595894,0.566211,11.57126,0.0,0.0
2026-08-30 08:44:54,22662.64,831999,4160,190.8267,27.457,36.7,29.674625,0.0,59.392609,2.167965,,7.260926,0.726093,9e-06,2.139973,10.0,10.0,6.538411,0.0,6.538411,93.461589,70.300642,0.530397,11.57126,0.0,0.0
2026-08-30 08:45:08,22676.61,832511,4162,-460.952,24.9364,36.7,414.397949,-0.0,828.839783,2.192934,,8.162382,0.816238,4e-06,3.412428,10.0,10.0,18.75492,0.0,18.75492,81.24508,60.191259,0.455056,11.57126,0.0,0.0
2026-08-30 08:45:22,22690.7,833023,4165,253.5578,39.0467,36.7,173.036407,0.0,346.116425,2.18064,,7.875473,0.787547,8e-06,1.359424,8.0,10.0,5.972635,0.0,5.972635,94.027365,71.626918,0.541645,11.57126,0.0,0.0
2026-08-30 08:45:36,22704.79,833535,4167,-570.3853,25.138,36.7,385.356689,-0.0,770.757507,2.20648,,6.931508,0.693151,5e-06,3.61793,10.0,10.0,19.093899,0.0,19.093899,80.906101,60.746109,0.540053,11.57126,0.0,0.0
2026-08-30 08:45:50,22718.92,834047,4170,499.7019,23.1362,36.7,279.920868,0.0,559.88562,2.19493,,11.249943,1.124994,7e-06,2.159397,10.0,10.0,6.477562,0.0,6.477562,93.522438,70.811863,0.476743,11.57126,0.0,0.0
2026-08-30 08:46:04,22732.91,834559,4172,27.2568,18.5287,36.7,189.615967,-0.0,379.276093,2.207473,,12.319936,1.231994,7e-06,2.160396,10.0,10.0,15.205456,0.0,15.205456,84.794544,64.409627,0.508182,11.57126,0.0,0.0
2026-08-30 08:46:18,22746.91,835071,4175,284.2379,18.564,36.7,103.298744,-0.0,206.64151,2.200736,,7.929489,0.792949,7e-06,1.720307,10.0,10.0,5.638376,0.0,5.638376,94.361624,71.83145,0.593535,11.57126,0.0,0.0
2026-08-30 08:46:32,22760.93,835583,4177,368.2905,22.1848,36.7,151.162155,0.0,302.368317,2.200492,,8.97831,0.897831,7e-06,1.499651,10.0,10.0,5.456085,0.0,5.456085,94.543915,71.741359,0.61157,11.57126,0.0,0.0
2026-08-30 08:46:46,22774.78,836095,4180,231.402,23.7142,36.7,445.774567,0.0,891.593201,2.202268,,8.251201,0.82512,7e-06,1.661135,10.0,10.0,6.740366,0.0,6.740366,93.259634,70.056987,0.582652,11.57126,0.0,0.0
2026-08-30 08:47:00,22788.61,836607,4183,-489.798,19.1452,36.7,600.773254,-0.0,1201.590942,2.222816,,7.662361,0.766236,7e-06,2.487726,10.0,10.0,18.715117,0.0,18.715117,81.284883,61.744689,0.553731,11.57126,0.0,0.0
2026-08-30 08:47:13,22802.41,837119,4185,-155.0224,15.0606,36.7,34.617134,-0.0,69.278671,2.22022,,7.945181,0.794518,5e-06,2.056773,10.0,10.0,13.024628,0.0,13.024628,86.975372,65.322096,0.548498,11.57126,0.0,0.0
2026-08-30 08:47:27,22816.37,837631,4188,435.0835,13.0307,36.7,107.481743,0.0,215.007431,2.197106,,6.532241,0.653224,9e-06,0.661416,3.0,10.0,1.143878,0.0,1.143878,98.856122,75.597589,0.581401,11.772822,0.0,0.0
2026-08-30 08:47:41,22830.35,838143,4190,207.7317,13.0735,36.7,127.508728,0.0,255.061722,2.213358,,7.130999,0.7131,6e-06,1.712456,10.0,10.0,6.085785,0.0,6.085785,93.914215,70.897528,0.520156,11.772822,0.0,0.0
2026-08-30 08:47:55,22844.35,838655,4193,15.829,9.7929,36.7,288.86554,0.0,577.775574,2.225537,,9.519624,0.951962,8e-06,1.834946,9.0,10.0,11.749013,0.0,11.749013,88.250987,66.159638,0.508204,11.772822,0.0,0.0
2026-08-30 08:48:09,22858.36,839167,4195,130.1373,7.6158,36.7,57.208843,-0.0,114.462303,2.230712,,10.611655,1.061166,5e-06,2.481337,10.0,10.0,11.700074,0.0,11.700074,88.299926,67.07568,0.518316,11.772822,0.0,0.0
2026-08-30 08:48:24,22872.63,839679,4198,-583.1718,3.5891,36.7,535.959534,-0.0,1071.963867,2.239736,,8.00854,0.800854,6e-06,3.714347,10.0,10.0,20.61389,0.0,20.61389,79.38611,59.306844,0.514382,11.772822,0.0,0.0
2026-08-30 08:48:38,22886.81,840191,4200,-62.9826,2.4398,36.7,143.774933,-0.0,287.59433,2.22366,,6.852603,0.68526,1e-05,1.875462,10.0,10.0,10.043006,0.0,10.043006,89.956994,68.020787,0.577919,11.772822,0.0,0.0
2026-08-30 08:48:52,22901.1,840703,4203,-590.7883,0.3264,36.7,338.046509,0.0,676.137817,2.239761,,4.806247,0.480625,1e-05,2.577661,10.0,10.0,16.501691,0.0,16.501691,83.498309,62.73022,0.588777,11.772822,0.0,0.0
2026-08-30 08:49:06,22915.33,841215,4206,107.5502,-2.722,36.7,63.456509,0.0,126.957664,2.232316,,6.261214,0.626121,5e-06,2.79126,10.0,10.0,6.732535,0.0,6.732535,93.267465,69.551517,0.574838,11.772822,0.0,0.0
2026-08-30 08:49:20,22929.56,841727,4208,-434.4713,-7.3309,36.7,483.804626,0.0,967.654297,2.253205,,6.302803,0.63028,5e-06,1.903271,10.0,10.0,15.347386,0.0,15.347386,84.652614,64.036451,0.546501,11.772822,0.0,0.0
2026-08-30 08:49:35,22943.78,842239,4211,597.8178,-5.5813,36.7,164.835434,0.0,329.715546,2.234505,,9.947698,0.99477,8e-06,1.086829,7.0,10.0,2.735717,0.0,2.735717,97.264283,73.464062,0.438109,11.772822,0.0,0.0
2026-08-30 08:49:49,22957.75,842751,4213,33.2073,-8.2685,36.7,122.771622,-0.0,245.588257,2.250706,,8.94274,0.894274,8e-06,1.951151,10.0,10.0,11.245061,0.0,11.245061,88.754939,67.836977,0.435089,11.772822,0.0,0.0
2026-08-30 08:50:03,22971.68,843263,4216,-399.6889,-17.7632,36.7,318.700562,-0.0,637.44635,2.262403,,5.763045,0.576304,8e-06,1.460886,10.0,10.0,14.077357,0.0,14.077357,85.922643,64.685124,0.591132,11.772822,0.0,0.0
2026-08-30 08:50:17,22985.59,843775,4218,399.8693,-16.9387,36.7,195.059692,0.0,390.164642,2.26248,,10.71305,1.071305,7e-06,1.330478,9.0,10.0,7.029287,0.0,7.029287,92.970713,70.858735,0.57317,11.772822,0.0,0.0
2026-08-30 08:50:30,22999.55,844287,4221,184.4518,-20.4724,36.7,347.183655,-0.0,694.412598,2.263559,,8.814895,0.881489,6e-06,1.699536,10.0,10.0,8.188426,0.0,8.188426,91.811574,69.215115,0.592022,11.772822,0.0,0.0
2026-08-30 08:50:44,23013.55,844799,4224,-935.3273,-27.6146,36.7,826.104187,0.0,1652.254272,2.294262,,4.768275,0.476827,6e-06,2.017964,10.0,10.0,21.83649,0.0,21.83649,78.16351,59.19026,0.590072,11.772822,0.0,0.0
2026-08-30 08:50:59,23027.66,845311,4226,-1278.8838,-44.6235,36.7,988.592957,-0.0,1977.232056,2.306935,,4.258734,0.425873,7e-06,3.091414,10.0,10.0,26.815021,0.0,26.815021,73.184979,53.907818,0.589784,11.772822,0.0,0.0
2026-08-30 08:51:13,23041.68,845823,4229,219.8752,-42.3602,36.7,146.241852,0.0,292.529022,2.266377,,6.295407,0.629541,9e-06,1.392514,9.0,10.0,4.401816,0.0,4.401816,95.598184,72.62205,0.579467,11.772822,0.0,0.0
2026-08-30 08:51:27,23055.79,846335,4231,228.1815,-42.8476,36.7,49.365601,0.0,98.776817,2.280968,,5.902094,0.590209,7e-06,2.230836,10.0,10.0,3.982008,0.0,3.982008,96.017992,72.432964,0.609677,11.772822,0.0,0.0
2026-08-30 08:51:41,23069.79,846847,4234,-240.3031,-44.3246,36.7,123.681198,-0.0,247.408356,2.298255,,6.635287,0.663529,7e-06,2.12271,10.0,10.0,13.032216,0.0,13.032216,86.967784,65.937637,0.560563,11.772822,0.0,0.0
2026-08-30 08:51:55,23083.91,847359,4236,70.3809,-43.8937,36.7,119.713257,-0.0,239.472412,2.295057,,6.787351,0.678735,6e-06,2.258254,10.0,10.0,7.926619,0.0,7.926619,92.073381,70.173517,0.570983,11.772822,0.0,0.0
2026-08-30 08:52:09,23098.1,847871,4239,-84.6112,-44.7205,36.7,267.768402,-0.0,535.582703,2.295044,,5.858402,0.58584,8e-06,2.224401,10.0,10.0,9.168765,0.0,9.168765,90.831235,68.67021,0.583511,11.772822,0.0,0.0
2026-08-30 08:52:23,23112.07,848383,4241,18.3093,-42.9593,36.7,123.003899,-0.0,246.053833,2.30143,,7.289883,0.728988,7e-06,2.21331,10.0,10.0,9.369135,0.0,9.369135,90.630865,68.353385,0.520213,11.772822,0.0,0.0
2026-08-30 08:52:37,23126.05,848895,4244,154.5332,-37.1643,36.7,135.323456,0.0,270.693085,2.309416,,9.955456,0.995546,8e-06,2.801136,10.0,10.0,10.269718,0.0,10.269718,89.730282,67.268785,0.547619,11.772822,0.0,0.0
2026-08-30 08:52:51,23139.95,849407,4247,937.5159,-31.749,36.7,397.676086,-0.0,795.397888,2.284297,,12.669638,1.266964,8e-06,0.483894,2.0,4.0,0.0,0.0,0.0,100.0,76.522656,0.533125,11.772822,0.0,0.0
2026-08-30 08:53:05,23153.84,849919,4249,218.3669,-29.3609,36.7,271.804993,0.0,543.655884,2.294031,,7.186104,0.71861,9e-06,1.063347,9.0,10.0,5.446936,0.0,5.446936,94.553064,71.955694,0.595975,11.772822,0.0,0.0
2026-08-30 08:53:19,23167.87,850431,4252,-353.9642,-37.9817,36.7,146.32782,0.0,292.702118,2.323329,,5.66923,0.566923,6e-06,3.397085,10.0,10.0,13.863325,0.0,13.863325,86.136675,63.763197,0.605743,12.010757,0.0,0.0
2026-08-30 08:53:33,23181.78,850943,4254,-488.9518,-34.3015,36.7,348.865021,-0.0,697.776489,2.321644,,4.769661,0.476966,7e-06,1.733457,10.0,10.0,14.119193,0.0,14.119193,85.880807,65.140564,0.592934,12.010757,0.0,0.0
2026-08-30 08:53:47,23195.82,851455,4257,213.606,-25.9625,36.7,68.983246,-0.0,138.012512,2.301158,,7.201113,0.720111,9e-06,0.972877,9.0,10.0,5.560836,0.0,5.560836,94.439164,71.682752,0.554352,12.010757,0.0,0.0
2026-08-30 08:54:01,23209.81,851967,4259,-134.1589,-23.3143,36.7,106.278564,-0.0,212.603516,2.319206,,6.286,0.6286,9e-06,0.835393,4.0,10.0,9.916431,0.0,9.916431,90.083569,68.344598,0.555124,12.010757,0.0,0.0
2026-08-30 08:54:15,23223.95,852479,4262,-535.0099,-25.4996,36.7,253.486084,0.0,507.018951,2.339812,,5.553742,0.555374,4e-06,4.107807,10.0,10.0,16.138735,0.0,16.138735,83.861265,62.502018,0.617886,12.010757,0.0,0.0
2026-08-30 08:54:29,23237.92,852991,4264,-2.3181,-29.0946,36.7,61.23996,-0.0,122.526588,2.33364,,7.275466,0.727547,6e-06,3.310162,10.0,10.0,9.640851,0.0,9.640851,90.359149,68.273461,0.566707,12.010757,0.0,0.0
2026-08-30 08:54:43,23252.0,853503,4267,143.7144,-26.0876,36.7,251.183334,-0.0,502.413239,2.328003,,11.576603,1.15766,9e-06,2.358374,10.0,10.0,11.758402,0.0,11.758402,88.241598,65.915975,0.592624,12.010757,0.0,0.0
2026-08-30 08:54:57,23265.91,854015,4270,558.1293,-22.5204,36.7,297.527832,-0.0,595.10199,2.316417,,13.546467,1.354647,8e-06,1.494885,10.0,10.0,7.403188,0.0,7.403188,92.596812,69.677367,0.551677,12.010757,0.0,0.0
2026-08-30 08:55:11,23279.91,854527,4272,-859.4473,-31.4829,36.7,511.005737,0.0,1022.058411,2.347801,,7.583424,0.758342,9e-06,3.034918,10.0,10.0,23.600894,0.0,23.600894,76.399106,57.145732,0.537432,12.010757,0.0,0.0
2026-08-30 08:55:25,23293.93,855039,4275,175.0877,-20.3795,36.7,138.300171,0.0,276.646881,2.32742,,8.164709,0.816471,6e-06,1.850147,10.0,10.0,7.590098,0.0,7.590098,92.409902,69.848417,0.542403,12.010757,0.0,0.0
2026-08-30 08:55:39,23307.97,855551,4277,-27.5352,-25.9782,36.7,209.881958,0.0,419.810455,2.327133,,8.447697,0.84477,9e-06,2.011777,10.0,10.0,11.280622,0.0,11.280622,88.719378,67.603005,0.501164,12.010757,0.0,0.0
2026-08-30 08:55:53,23322.04,856063,4280,523.4927,-22.8642,36.7,135.229248,0.0,270.504608,2.304842,,8.36556,0.836556,8e-06,0.688501,3.0,10.0,1.822207,0.0,1.822207,98.177793,74.621979,0.497656,12.010757,0.0,0.0
2026-08-30 08:56:07,23336.39,856575,4282,-228.049,-26.8495,36.7,247.853333,0.0,495.753326,2.3327,,6.53665,0.653665,9e-06,1.655332,10.0,10.0,12.023592,0.0,12.023592,87.976408,66.65865,0.542462,12.010757,0.0,0.0
2026-08-30 08:56:22,23350.76,857087,4285,603.5709,-18.8229,36.7,353.121277,-0.0,706.288696,2.306491,,11.926138,1.192614,9e-06,0.66835,3.0,10.0,4.423564,0.0,4.423564,95.576436,73.102147,0.551441,12.010757,0.0,0.0
2026-08-30 08:56:36,23365.12,857599,4288,224.1337,-13.6935,36.7,165.040497,0.0,330.127533,2.326896,,9.700636,0.970064,6e-06,1.869748,10.0,10.0,8.72389,0.0,8.72389,91.27611,69.969527,0.529929,12.010757,0.0,0.0
2026-08-30 08:56:50,23379.38,858111,4290,-1196.5722,-27.1242,36.7,1038.177002,-0.0,2076.401123,2.351418,,4.507092,0.450709,1e-05,1.585272,10.0,10.0,25.187041,0.0,25.187041,74.812959,56.007515,0.624162,12.010757,0.0,0.0
2026-08-30 08:57:05,23394.27,858623,4293,277.1566,-28.245,36.7,98.216682,0.0,196.479568,2.310226,,5.616129,0.561613,8e-06,0.636538,3.0,8.0,2.495618,0.0,2.495618,97.504382,73.968806,0.615053,12.010757,0.0,0.0
2026-08-30 08:57:23,23412.14,859135,4295,-889.8322,-39.7389,36.7,441.865662,-0.0,883.778503,2.359257,,5.531639,0.553164,7e-06,5.31486,10.0,10.0,22.6713,0.0,22.6713,77.3287,56.84809,0.55883,12.010757,0.0,0.0
2026-08-30 08:57:41,23430.3,859647,4298,-492.184,-46.971,36.7,193.202179,-0.0,386.451263,2.345397,,3.822108,0.382211,5e-06,3.162454,10.0,10.0,13.792765,0.0,13.792765,86.207235,64.523907,0.713701,12.010757,0.0,0.0
2026-08-30 08:57:59,23448.23,860159,4300,-406.5329,-52.3904,36.7,226.765457,0.0,453.577698,2.339877,,4.4936,0.44936,7e-06,2.431276,10.0,10.0,12.679274,0.0,12.679274,87.320726,65.109859,0.613816,12.010757,0.0,0.0
2026-08-30 08:58:17,23466.43,860671,4303,-941.1433,-54.8195,36.7,546.945496,-0.0,1093.93811,2.358161,,4.281583,0.428158,8e-06,2.955825,10.0,10.0,21.205236,0.0,21.205236,78.794764,58.364702,0.648412,12.010757,0.0,0.0
2026-08-30 08:58:35,23484.51,861183,4305,-471.9975,-61.2799,36.7,224.738892,-0.0,449.524811,2.350652,,4.421854,0.442185,5e-06,2.320293,10.0,10.0,13.498859,0.0,13.498859,86.501141,64.885998,0.656849,12.010757,0.0,0.0
2026-08-30 08:58:54,23502.68,861695,4308,-736.732,-70.7166,36.7,545.328735,0.0,1090.704468,2.348747,,3.810988,0.381099,8e-06,2.193663,10.0,10.0,17.107126,0.0,17.107126,82.892874,61.894868,0.717764,12.010757,0.0,0.0
2026-08-30 08:59:12,23520.57,862207,4311,278.6924,-63.0464,36.7,148.250504,0.0,296.547577,2.327875,,8.247434,0.824743,9e-06,1.535394,10.0,10.0,6.046715,0.0,6.046715,93.953285,71.213056,0.51463,12.010757,0.0,0.0
2026-08-30 08:59:29,23538.57,862719,4313,148.0668,-57.132,36.7,159.549637,0.0,319.146454,2.358437,,12.689658,1.268966,9e-06,2.252837,10.0,10.0,12.820646,0.0,12.820646,87.179354,65.575853,0.510307,12.456841,0.0,0.0
2026-08-30 08:59:48,23556.57,863231,4316,741.3618,-52.2667,36.6,368.105011,0.0,736.256653,2.33268,,16.192635,1.619264,8e-06,1.186966,10.0,10.0,6.838304,0.0,6.838304,93.161696,71.128913,0.552545,12.456841,0.0,0.0
2026-08-30 09:00:10,23579.15,863743,4318,909.3669,-39.0713,36.6,349.247131,-0.0,698.541016,2.339116,,12.714796,1.27148,6e-06,1.33557,6.0,9.0,0.712693,0.0,0.712693,99.287307,76.026165,0.491877,12.456841,0.0,0.0
2026-08-30 09:00:32,23601.0,864255,4321,446.9658,-31.6687,36.6,401.546265,0.0,803.139282,2.33748,,9.832251,0.983225,8e-06,1.432958,8.0,10.0,4.602255,0.0,4.602255,95.397745,71.625198,0.551679,12.456841,0.0,0.0
2026-08-30 09:00:54,23622.59,864767,4323,-834.1531,-35.0799,36.6,938.372986,-0.0,1876.792969,2.347592,,7.186904,0.71869,8e-06,2.721776,10.0,10.0,22.277444,0.0,22.277444,77.722556,58.858245,0.556048,12.456841,0.0,0.0
2026-08-30 09:01:15,23644.42,865279,4326,-349.6471,-42.3465,36.6,367.242737,-0.0,734.532349,2.344346,,5.589292,0.558929,8e-06,1.897506,10.0,10.0,12.582595,0.0,12.582595,87.417405,65.404798,0.639745,12.456841,0.0,0.0
2026-08-30 09:01:38,23666.85,865791,4328,-128.5373,-48.3131,36.6,304.485931,0.0,609.01886,2.34897,,9.002683,0.900268,8e-06,1.858843,10.0,10.0,13.059331,0.0,13.059331,86.940669,65.920304,0.487678,12.456841,0.0,0.0
2026-08-30 09:02:00,23689.34,866303,4331,92.0801,-45.6383,36.6,126.944023,0.0,253.935257,2.360251,,8.093424,0.809342,5e-06,2.608814,10.0,10.0,8.654759,0.0,8.654759,91.345241,68.058218,0.485571,12.456841,0.0,0.0
2026-08-30 09:02:23,23711.77,866815,4334,470.0261,-41.9914,36.6,156.02951,0.0,312.105774,2.338339,,8.769785,0.876978,8e-06,0.872494,4.0,10.0,3.097958,0.0,3.097958,96.902042,73.521064,0.493201,12.456841,0.0,0.0
2026-08-30 09:02:45,23734.24,867327,4336,297.7236,-34.2619,36.5,204.4617,-0.0,408.970093,2.334992,,9.208017,0.920802,9e-06,1.599224,10.0,10.0,6.45834,0.0,6.45834,93.54166,70.793026,0.541758,12.456841,0.0,0.0
2026-08-30 09:03:04,23753.05,867839,4339,930.1162,-11.9579,36.5,381.053223,0.0,762.152832,2.317946,,12.87581,1.287581,9e-06,0.489241,2.0,4.0,0.0,0.0,0.0,100.0,76.561638,0.496939,12.456841,0.0,0.0
2026-08-30 09:03:22,23770.85,868351,4341,365.18,-4.9722,36.5,126.668465,-0.0,253.383942,2.350258,,8.617323,0.861732,6e-06,1.861477,10.0,10.0,4.987749,0.0,4.987749,95.012251,71.938701,0.471301,12.456841,0.0,0.0
2026-08-30 09:03:40,23788.89,868863,4344,-748.9535,-20.117,36.5,901.954895,0.0,1803.956421,2.329736,,4.991796,0.49918,8e-06,1.160126,10.0,10.0,17.794889,0.0,17.794889,82.205111,62.139935,0.611995,12.456841,0.0,0.0
2026-08-30 09:03:58,23806.93,869375,4346,-54.0589,-23.4511,36.5,171.056,-0.0,342.159241,2.362669,,8.88854,0.888854,9e-06,2.34095,10.0,10.0,11.745408,0.0,11.745408,88.254592,66.59114,0.520257,12.456841,0.0,0.0
2026-08-30 09:04:18,23827.25,869887,4349,136.5606,-21.019,36.5,91.921005,-0.0,183.889206,2.35987,,8.352685,0.835268,8e-06,2.355646,10.0,10.0,8.276414,0.0,8.276414,91.723586,69.23188,0.501523,12.456841,0.0,0.0
2026-08-30 09:04:36,23845.46,870399,4352,340.8559,-16.5966,36.5,82.358032,-0.0,164.762924,2.343301,,7.554156,0.755416,8e-06,1.898796,10.0,10.0,4.057449,0.0,4.057449,95.942551,72.670215,0.507015,12.456841,0.0,0.0
2026-08-30 09:04:55,23863.78,870911,4354,-631.8179,-21.0488,36.5,350.245453,-0.0,700.538147,2.36356,,5.173599,0.51736,5e-06,3.604815,10.0,10.0,16.426776,0.0,16.426776,83.573224,62.196477,0.601534,12.456841,0.0,0.0
2026-08-30 09:05:13,23881.83,871423,4357,-38.9473,-29.7968,36.5,162.453247,-0.0,324.953461,2.349068,,6.34869,0.634869,8e-06,1.218057,10.0,10.0,8.261622,0.0,8.261622,91.738378,69.934275,0.609774,12.456841,0.0,0.0
2026-08-30 09:05:31,23899.72,871935,4359,-575.9704,-39.9,36.5,178.965149,-0.0,357.977631,2.366894,,7.262753,0.726275,7e-06,2.951293,10.0,10.0,18.23199,0.0,18.23199,81.76801,61.101176,0.534499,12.456841,0.0,0.0
2026-08-30 09:05:54,23922.92,872447,4362,-288.175,-41.6826,36.5,307.768494,-0.0,615.583923,2.347282,,6.286083,0.628608,6e-06,1.780691,10.0,10.0,12.40503,0.0,12.40503,87.59497,66.509697,0.566103,12.456841,0.0,0.0
2026-08-30 09:06:16,23945.3,872959,4364,63.3063,-37.6888,36.5,303.182007,-0.0,606.410522,2.325253,,7.246521,0.724652,9e-06,1.056845,8.0,10.0,7.780152,0.0,7.780152,92.219848,70.362302,0.490307,12.456841,0.0,0.0
2026-08-30 09:06:38,23967.45,873471,4367,-283.544,-41.3231,36.4,356.313751,-0.0,712.674622,2.356821,,6.698274,0.669827,6e-06,1.668586,10.0,10.0,12.848403,0.0,12.848403,87.151597,65.495256,0.59378,12.456841,0.0,0.0
2026-08-30 09:07:00,23989.38,873983,4369,-289.8447,-49.6346,36.4,488.169189,-0.0,976.385193,2.340397,,8.361299,0.83613,8e-06,1.435756,10.0,10.0,14.789596,0.0,14.789596,85.210404,65.006771,0.466977,12.456841,0.0,0.0
2026-08-30 09:07:23,24011.6,874495,4372,364.5699,-46.0387,36.4,105.988693,0.0,212.024078,2.334333,,6.58903,0.658903,8e-06,1.517508,9.0,10.0,2.268251,0.0,2.268251,97.731749,74.445954,0.567355,12.456841,0.0,0.0
2026-08-30 09:07:45,24033.92,875007,4375,-503.1092,-52.6007,36.4,280.505524,-0.0,561.058411,2.368388,,7.872365,0.787237,9e-06,2.195104,10.0,10.0,17.819152,0.0,17.819152,82.180848,62.080965,0.557031,12.626173,0.0,0.0
2026-08-30 09:08:03,24052.44,875519,4377,109.5317,-48.34,36.4,271.969482,-0.0,543.985657,2.333709,,8.884987,0.888499,7e-06,0.924858,9.0,10.0,8.800822,0.0,8.800822,91.199178,70.110882,0.543785,12.626173,0.0,0.0
2026-08-30 09:08:21,24070.25,876031,4380,-627.0536,-49.7998,36.4,1092.014893,-0.0,2184.076416,2.335461,,7.239891,0.723989,1e-05,2.227724,10.0,10.0,18.504487,0.0,18.504487,81.495513,60.517543,0.50605,12.626173,0.0,0.0
2026-08-30 09:08:39,24088.3,876543,4382,-231.3802,-53.365,36.4,193.081345,-0.0,386.210052,2.367772,,7.995328,0.799533,6e-06,1.747148,10.0,10.0,13.287312,0.0,13.287312,86.712688,65.158627,0.489837,12.626173,0.0,0.0
2026-08-30 09:08:58,24106.57,877055,4385,-507.5343,-51.4556,36.4,528.26239,-0.0,1056.571655,2.345145,,6.313014,0.631301,8e-06,2.203757,10.0,10.0,15.375039,0.0,15.375039,84.624961,63.640298,0.523122,12.626173,0.0,0.0
2026-08-30 09:09:16,24124.78,877567,4387,382.4867,-53.147,36.4,168.267151,0.0,336.581268,2.348869,,8.92424,0.892424,8e-06,1.569632,9.0,10.0,4.770546,0.0,4.770546,95.229454,72.076609,0.510227,12.626173,0.0,0.0
2026-08-30 09:09:34,24143.19,878079,4390,554.7924,-46.1764,36.4,111.559235,0.0,223.165039,2.328718,,7.660516,0.766052,8e-06,0.711423,4.0,9.0,0.480889,0.0,0.480889,99.519111,75.888743,0.492156,12.626173,0.0,0.0
2026-08-30 09:09:52,24161.2,878591,4392,-1551.4675,-65.9256,36.4,3004.70752,-0.0,6009.461914,2.349386,,5.536078,0.553608,8e-06,2.770793,10.0,10.0,31.008532,0.0,31.008532,68.991468,51.061078,0.563621,12.626173,0.0,0.0
2026-08-30 09:10:11,24180.16,879103,4395,-426.4946,-67.7529,36.4,330.302032,-0.0,660.651062,2.351116,,7.848287,0.784829,1.1e-05,2.22252,10.0,10.0,16.100182,0.0,16.100182,83.899818,62.79011,0.51353,12.626173,0.0,0.0
2026-08-30 09:10:29,24198.33,879615,4398,-643.134,-75.4749,36.4,275.128845,-0.0,550.304993,2.364698,,7.418022,0.741802,7e-06,2.351955,10.0,10.0,19.217296,0.0,19.217296,80.782704,60.594308,0.577627,12.626173,0.0,0.0
2026-08-30 09:10:47,24216.23,880127,4400,131.8108,-77.2816,36.3,168.493546,0.0,337.034149,2.353054,,8.153395,0.81534,8e-06,1.72448,10.0,10.0,7.723282,0.0,7.723282,92.276718,69.316683,0.506713,12.626173,0.0,0.0
2026-08-30 09:11:05,24234.23,880639,4403,-192.1448,-82.2755,36.3,115.813972,0.0,231.675293,2.367056,,8.034191,0.803419,8e-06,2.653547,10.0,10.0,12.986743,0.0,12.986743,87.013257,65.369343,0.511897,12.626173,0.0,0.0
2026-08-30 09:11:23,24252.37,881151,4405,-100.4448,-80.1008,36.3,279.169525,0.0,558.386169,2.354619,,10.331075,1.033107,7e-06,2.115028,10.0,10.0,13.750259,0.0,13.750259,86.249741,65.878653,0.577714,12.626173,0.0,0.0
2026-08-30 09:11:42,24270.9,881663,4408,-416.6903,-82.5916,36.3,1163.063477,0.0,2326.173584,2.331797,,8.430726,0.843073,9e-06,1.824255,10.0,10.0,16.773623,0.0,16.773623,83.226377,62.468053,0.557328,12.626173,0.0,0.0
2026-08-30 09:12:00,24289.0,882175,4410,-354.3613,-85.0227,36.3,513.393127,-0.0,1026.833252,2.351577,,6.634654,0.663465,8e-06,2.147736,10.0,10.0,13.725669,0.0,13.725669,86.274331,65.561628,0.51386,12.626173,0.0,0.0
2026-08-30 09:12:18,24307.17,882687,4413,-56.1077,-85.8789,36.3,118.129181,0.0,236.305374,2.350702,,5.643088,0.564309,7e-06,1.139016,9.0,10.0,7.688304,0.0,7.688304,92.311696,69.852384,0.558028,12.626173,0.0,0.0
2026-08-30 09:12:37,24326.18,883199,4416,-2009.1196,-107.8783,36.3,3206.095947,-0.0,6412.23877,2.344359,,4.98389,0.498389,1.2e-05,3.573478,10.0,10.0,37.126555,0.0,37.126555,62.873445,46.182839,0.548518,12.626173,0.0,0.0
2026-08-30 09:12:55,24343.69,883711,4418,-119.138,-104.4602,36.3,212.610123,0.0,425.267548,2.36516,,10.824469,1.082447,1e-05,2.162969,10.0,10.0,14.980157,0.0,14.980157,85.019843,64.162451,0.489447,12.626173,0.0,0.0
2026-08-30 09:13:09,24358.04,884223,4421,563.2429,-101.3633,36.3,273.875122,0.0,547.797546,2.364962,,11.719681,1.171968,6e-06,1.881267,9.0,10.0,5.193517,0.0,5.193517,94.806483,72.535138,0.502671,12.626173,0.0,0.0
2026-08-30 09:13:23,24372.17,884735,4423,-674.0431,-102.3999,36.3,563.970703,-0.0,1127.988281,2.345921,,8.7678,0.87678,1.2e-05,2.269121,10.0,10.0,21.043248,0.0,21.043248,78.956752,59.162944,0.482174,12.626173,0.0,0.0
2026-08-30 09:13:37,24386.54,885247,4426,99.1321,-106.4056,36.3,147.670227,-0.0,295.387421,2.348903,,7.548111,0.754811,1e-05,0.858041,9.0,10.0,7.322259,0.0,7.322259,92.677741,70.407243,0.592792,12.626173,0.0,0.0
2026-08-30 09:13:52,24401.3,885759,4428,216.4966,-104.5132,36.3,130.449509,-0.0,260.946259,2.362314,,9.29426,0.929426,8e-06,1.994285,10.0,10.0,7.727867,0.0,7.727867,92.272133,69.63278,0.536729,12.626173,0.0,0.0
2026-08-30 09:14:07,24415.85,886271,4431,571.2481,-101.6431,36.3,238.717026,-0.0,477.480865,2.341122,,11.879942,1.187994,8e-06,0.899066,9.0,10.0,4.891983,0.0,4.891983,95.108017,72.120515,0.571052,12.626173,0.0,0.0
2026-08-30 09:14:21,24429.96,886783,4433,-90.1257,-106.2273,36.3,140.06813,0.0,280.183685,2.370819,,9.682892,0.968289,8e-06,1.915898,10.0,10.0,12.859245,0.0,12.859245,87.140755,65.734818,0.55995,12.626173,0.0,0.0
2026-08-30 09:14:37,24445.74,887295,4436,453.3956,-104.0073,36.3,104.293297,0.0,208.633408,2.341004,,7.421542,0.742154,8e-06,1.198312,8.0,10.0,1.984449,0.0,1.984449,98.015551,73.939991,0.542472,12.626173,0.0,0.0
2026-08-30 09:14:53,24461.62,887807,4439,-587.3609,-104.983,36.3,986.654663,-0.0,1973.356079,2.336515,,7.285896,0.72859,7e-06,1.885536,10.0,10.0,17.372608,0.0,17.372608,82.627392,62.157,0.522267,13.208286,0.0,0.0
2026-08-30 09:15:09,24478.07,888319,4441,-682.9197,-110.2619,36.3,734.032593,-0.0,1468.112183,2.347537,,7.676946,0.767695,1e-05,2.199969,10.0,10.0,18.90496,0.0,18.90496,81.09504,61.251877,0.549434,13.208286,0.0,0.0
2026-08-30 09:15:23,24492.36,888831,4444,238.8965,-112.2238,36.3,177.225067,0.0,354.497345,2.361025,,9.214186,0.921419,7e-06,2.847884,10.0,10.0,7.26871,0.0,7.26871,92.73129,69.452622,0.588547,13.208286,0.0,0.0
2026-08-30 09:15:38,24506.64,889343,4446,150.5473,-112.7956,36.3,164.031677,-0.0,328.11084,2.373886,,12.03817,1.203817,5e-06,3.21979,10.0,10.0,12.091577,0.0,12.091577,87.908423,66.566142,0.564969,13.208286,0.0,0.0
2026-08-30 09:15:55,24524.1,889855,4449,695.0896,-106.003,36.3,297.560364,0.0,595.167297,2.329137,,12.075845,1.207584,9e-06,0.911714,8.0,10.0,3.244981,0.0,3.244981,96.755019,74.012174,0.487305,13.208286,0.0,0.0
2026-08-30 09:16:13,24542.11,890367,4451,-51.192,-107.8163,36.3,83.255768,0.0,166.558914,2.368789,,7.027408,0.702741,1e-05,2.032971,10.0,10.0,9.109921,0.0,9.109921,90.890079,69.266405,0.515161,13.208286,0.0,0.0
2026-08-30 09:16:31,24559.91,890879,4454,-1809.017,-120.0748,36.3,2003.824829,0.0,4007.696533,2.348415,,4.620551,0.462055,7e-06,3.620953,10.0,10.0,31.96776,0.0,31.96776,68.03224,50.196189,0.631764,13.208286,0.0,0.0
2026-08-30 09:16:49,24578.04,891391,4456,216.6219,-117.2787,36.3,163.624069,-0.0,327.29541,2.363058,,9.10398,0.910398,6e-06,1.507131,10.0,10.0,7.149665,0.0,7.149665,92.850335,71.446734,0.550924,13.208286,0.0,0.0
2026-08-30 09:17:07,24596.16,891903,4459,289.4766,-108.4761,36.3,76.931313,-0.0,153.909744,2.356106,,6.678606,0.667861,5e-06,1.634955,10.0,10.0,3.629796,0.0,3.629796,96.370204,73.630575,0.573956,13.208286,0.0,0.0
2026-08-30 09:17:25,24614.23,892415,4462,228.5561,-107.266,36.3,137.704269,0.0,275.455658,2.356037,,8.314957,0.831496,6e-06,1.590045,9.0,10.0,6.227142,0.0,6.227142,93.772858,70.818528,0.512438,13.208286,0.0,0.0
2026-08-30 09:17:43,24632.36,892927,4464,-539.6125,-108.3174,36.3,275.346283,-0.0,550.739685,2.357179,,8.395788,0.839579,1.2e-05,2.691638,10.0,10.0,18.055745,0.0,18.055745,81.944255,62.05646,0.506776,13.208286,0.0,0.0
2026-08-30 09:18:01,24650.44,893439,4467,-51.8931,-114.8146,36.2,203.415237,0.0,406.877777,2.365723,,9.298906,0.929891,7e-06,1.757401,10.0,10.0,11.271082,0.0,11.271082,88.728918,66.763314,0.548966,13.208286,0.0,0.0
2026-08-30 09:18:20,24668.7,893951,4469,-235.6938,-117.5036,36.2,316.506104,-0.0,633.059204,2.350598,,6.335833,0.633583,6e-06,2.125737,10.0,10.0,11.120379,0.0,11.120379,88.879621,66.744317,0.603902,13.208286,0.0,0.0
2026-08-30 09:18:37,24686.53,894463,4472,203.4587,-111.4721,36.2,113.142418,-0.0,226.331619,2.338931,,7.72979,0.772979,8e-06,1.787648,10.0,10.0,6.057448,0.0,6.057448,93.942552,70.461327,0.442605,13.208286,0.0,0.0
2026-08-30 09:18:56,24704.62,894975,4474,220.9423,-113.2614,36.2,215.545624,-0.0,431.138184,2.346136,,10.815599,1.08156,8e-06,1.502337,10.0,10.0,9.200864,0.0,9.200864,90.799136,69.05641,0.471425,13.208286,0.0,0.0
2026-08-30 09:19:14,24722.59,895487,4477,-891.3067,-124.0189,36.2,702.639771,-0.0,1405.326416,2.344211,,8.254221,0.825422,1e-05,1.773631,10.0,10.0,22.452008,0.0,22.452008,77.547992,57.892964,0.53324,13.208286,0.0,0.0
2026-08-30 09:19:32,24740.73,895999,4480,586.6832,-108.7988,36.2,141.732544,0.0,283.511932,2.342097,,8.536632,0.853663,8e-06,1.621879,9.0,10.0,1.060372,0.0,1.060372,98.939628,75.203228,0.596134,13.208286,0.0,0.0
2026-08-30 09:19:50,24758.68,896511,4482,-452.5297,-100.5353,36.2,374.281982,-0.0,748.611023,2.35244,,3.643244,0.364324,9e-06,0.823868,4.0,10.0,11.036559,0.0,11.036559,88.963441,67.47694,0.748693,13.208286,0.0,0.0
2026-08-30 09:20:07,24776.48,897023,4485,-613.4988,-108.869,36.2,509.632355,-0.0,1019.311707,2.34919,,6.793767,0.679377,6e-06,1.247985,10.0,10.0,16.639063,0.0,16.639063,83.360937,63.277772,0.513462,13.208286,0.0,0.0
2026-08-30 09:20:26,24794.69,897535,4487,-500.5105,-116.156,36.2,288.010498,-0.0,576.068359,2.369205,,7.49121,0.749121,7e-06,3.712759,10.0,10.0,16.428336,0.0,16.428336,83.571664,62.91224,0.531103,13.208286,0.0,0.0
2026-08-30 09:20:44,24812.83,898047,4490,-251.8082,-116.271,36.2,404.788727,-0.0,809.62439,2.346418,,8.274801,0.82748,8e-06,1.972405,10.0,10.0,13.132765,0.0,13.132765,86.867235,65.142062,0.516428,13.208286,0.0,0.0
2026-08-30 09:21:02,24830.78,898559,4492,536.6381,-111.6084,36.2,121.853127,0.0,243.752762,2.325063,,7.622315,0.762232,1.1e-05,1.093739,8.0,10.0,0.781531,0.0,0.781531,99.218469,75.570859,0.593358,13.208286,0.0,0.0
2026-08-30 09:21:20,24848.64,899071,4495,475.5847,-106.0065,36.2,139.306839,0.0,278.660614,2.3466,,8.60296,0.860296,9e-06,1.57762,9.0,10.0,2.865421,0.0,2.865421,97.134579,73.73872,0.552016,13.208286,0.0,0.0
2026-08-30 09:21:38,24866.71,899583,4497,33.415,-105.8554,36.2,202.366867,0.0,404.780914,2.358868,,8.580375,0.858037,7e-06,2.47822,10.0,10.0,9.649882,0.0,9.649882,90.350118,68.047007,0.544384,13.208286,0.0,0.0
2026-08-30 09:21:56,24884.81,900095,4500,-112.7886,-108.5286,36.2,144.900146,-0.0,289.847748,2.373067,,7.173027,0.717303,7e-06,2.433189,10.0,10.0,10.274373,0.0,10.274373,89.725627,67.572238,0.502319,13.543511,0.0,0.0
2026-08-30 09:22:14,24902.99,900607,4503,-233.8792,-120.2426,36.2,156.086975,-0.0,312.221283,2.367288,,4.869514,0.486951,6e-06,2.790125,10.0,10.0,9.091205,0.0,9.091205,90.908795,68.362115,0.631583,13.543511,0.0,0.0
2026-08-30 09:22:32,24920.88,901119,4505,275.6914,-119.6694,36.2,90.078323,-0.0,180.203506,2.342795,,6.0311,0.60311,1e-05,1.259972,9.0,10.0,2.929189,0.0,2.929189,97.070811,73.865882,0.572093,13.543511,0.0,0.0
2026-08-30 09:22:50,24938.99,901631,4508,-947.9066,-125.6088,36.2,1177.115479,-0.0,2354.278076,2.357787,,5.900935,0.590093,1.2e-05,2.878112,10.0,10.0,20.443581,0.0,20.443581,79.556419,58.814415,0.596868,13.543511,0.0,0.0
2026-08-30 09:23:08,24956.66,902143,4510,75.5833,-119.9634,36.1,101.914551,-0.0,203.876511,2.370297,,6.208512,0.620851,6e-06,1.517192,10.0,10.0,6.095421,0.0,6.095421,93.904579,71.415587,0.562773,13.543511,0.0,0.0
2026-08-30 09:23:25,24974.36,902655,4513,538.9996,-116.7095,36.1,138.123795,0.0,276.294128,2.327534,,7.649574,0.764957,9e-06,0.540496,2.0,9.0,0.70922,0.0,0.70922,99.29078,76.262783,0.554881,13.543511,0.0,0.0
2026-08-30 09:23:43,24992.28,903167,4515,227.9044,-113.0889,36.1,83.646736,-0.0,167.340805,2.366692,,7.317967,0.731797,5e-06,2.299958,10.0,10.0,5.177403,0.0,5.177403,94.822597,71.928003,0.551114,13.543511,0.0,0.0
2026-08-30 09:24:01,25010.4,903679,4518,-333.7192,-111.0759,36.1,438.905121,-0.0,877.857056,2.339255,,7.89136,0.789136,9e-06,1.803508,10.0,10.0,13.490322,0.0,13.490322,86.509678,64.921115,0.570933,13.543511,0.0,0.0
2026-08-30 09:24:19,25028.32,904191,4520,3.2225,-111.0205,36.1,310.771759,0.0,621.590515,2.350808,,9.884409,0.988441,7e-06,2.624347,10.0,10.0,11.320298,0.0,11.320298,88.679702,67.000976,0.541947,13.543511,0.0,0.0
2026-08-30 09:24:37,25046.13,904703,4523,-861.6323,-121.074,36.1,661.214294,-0.0,1322.475464,2.343321,,6.242765,0.624277,9e-06,2.215484,10.0,10.0,19.521561,0.0,19.521561,80.478439,60.165884,0.5643,13.543511,0.0,0.0
2026-08-30 09:24:55,25063.9,905215,4526,817.4178,-118.4811,36.1,272.659668,0.0,545.366211,2.344235,,11.169338,1.116934,9e-06,1.038895,6.0,9.0,0.414905,0.0,0.414905,99.585095,75.348343,0.481513,13.543511,0.0,0.0
2026-08-30 09:25:13,25081.95,905727,4528,180.9904,-108.0767,36.1,175.629791,0.0,351.306702,2.355744,,10.346082,1.034608,8e-06,1.055595,10.0,10.0,8.635929,0.0,8.635929,91.364071,69.058782,0.511901,13.543511,0.0,0.0
2026-08-30 09:25:31,25099.65,906239,4531,-1035.914,-120.1868,36.1,444.473846,0.0,888.994751,2.352665,,8.332778,0.833278,1e-05,3.248153,10.0,10.0,24.70737,0.0,24.70737,75.29263,54.95342,0.535865,13.543511,0.0,0.0
2026-08-30 09:25:49,25117.77,906751,4533,118.5613,-118.7258,36.1,210.196136,-0.0,420.439545,2.362935,,10.957693,1.095769,8e-06,2.119842,10.0,10.0,10.527819,0.0,10.527819,89.472181,68.502648,0.500131,13.543511,0.0,0.0
2026-08-30 09:26:07,25135.57,907263,4536,-433.8357,-128.2991,36.1,144.450974,0.0,288.949249,2.364426,,7.928547,0.792855,1.3e-05,1.97236,10.0,10.0,15.284962,0.0,15.284962,84.715038,63.29125,0.528059,13.543511,0.0,0.0
2026-08-30 09:26:25,25153.57,907775,4538,-585.7418,-131.876,36.1,448.58252,-0.0,897.212341,2.365199,,6.803333,0.680333,7e-06,1.894796,10.0,10.0,16.056114,0.0,16.056114,83.943886,63.515158,0.510906,13.543511,0.0,0.0
2026-08-30 09:26:42,25171.16,908287,4541,302.7177,-134.8845,36.1,148.590012,0.0,297.227234,2.359969,,8.152653,0.815265,7e-06,1.467685,9.0,10.0,4.905904,0.0,4.905904,95.094096,71.713647,0.532249,13.543511,0.0,0.0
2026-08-30 09:27:00,25189.25,908799,4544,72.2651,-136.4032,36.1,107.105659,0.0,214.258453,2.356817,,8.326116,0.832612,7e-06,2.307107,10.0,10.0,8.570906,0.0,8.570906,91.429094,69.187233,0.489202,13.543511,0.0,0.0
2026-08-30 09:27:18,25206.85,909311,4546,433.8317,-120.0992,36.1,103.036179,0.0,206.119583,2.361301,,7.224778,0.722478,6e-06,1.144672,9.0,10.0,2.005317,0.0,2.005317,97.994683,74.450662,0.482051,13.543511,0.0,0.0
2026-08-30 09:27:36,25225.07,909823,4549,259.2415,-120.2783,36.1,143.773865,0.0,287.595062,2.366027,,8.432797,0.84328,8e-06,1.991009,10.0,10.0,5.744538,0.0,5.744538,94.255462,71.744494,0.490286,13.543511,0.0,0.0
2026-08-30 09:27:54,25243.48,910335,4551,510.5977,-106.274,36.1,248.586807,0.0,497.220062,2.322946,,11.589052,1.158905,9e-06,0.59388,3.0,10.0,5.183084,0.0,5.183084,94.816916,72.0165,0.45459,13.543511,0.0,0.0
2026-08-30 09:28:13,25262.14,910847,4554,-58.4198,-101.9364,36.1,135.977081,0.0,272.001556,2.369221,,9.761109,0.976111,8e-06,3.468863,10.0,10.0,12.28844,0.0,12.28844,87.71156,65.120052,0.516247,13.543511,0.0,0.0
2026-08-30 09:28:32,25280.74,911359,4556,-2.2912,-97.894,36.0,193.63765,0.0,387.32251,2.360872,,9.668456,0.966846,8e-06,1.685973,10.0,10.0,11.022823,0.0,11.022823,88.977177,67.890639,0.475599,13.543511,0.0,0.0
2026-08-30 09:28:50,25299.35,911871,4559,216.8507,-86.314,36.0,187.056854,0.0,374.160767,2.35231,,11.676626,1.167663,1e-05,1.826991,10.0,10.0,9.727914,0.0,9.727914,90.272086,68.542402,0.480335,13.543511,0.0,0.0
2026-08-30 09:29:09,25317.58,912383,4561,-349.4644,-85.0887,36.0,1527.708008,-0.0,3055.462891,2.33976,,12.248263,1.224826,7e-06,2.456071,10.0,10.0,18.040504,0.0,18.040504,81.959496,61.436612,0.533342,13.543511,0.0,0.0
2026-08-30 09:29:27,25336.25,912895,4564,494.651,-72.7749,36.0,159.139832,-0.0,318.327026,2.368318,,10.094527,1.009453,8e-06,1.84609,10.0,10.0,4.306021,0.0,4.306021,95.693979,72.342418,0.477301,13.717262,0.0,0.0
2026-08-30 09:29:46,25354.84,913407,4567,476.9847,-70.792,36.0,101.456543,-0.0,202.959839,2.337536,,6.279858,0.627986,8e-06,0.566936,3.0,8.0,0.072764,0.0,0.072764,99.927236,75.799295,0.58557,13.717262,0.0,0.0
2026-08-30 09:30:04,25373.51,913919,4569,70.9859,-71.5628,36.0,185.397446,0.0,370.842163,2.363329,,9.184018,0.918402,8e-06,1.886301,10.0,10.0,9.009884,0.0,9.009884,90.990116,68.697901,0.499734,13.717262,0.0,0.0
2026-08-30 09:30:23,25392.0,914431,4572,165.08,-77.3256,36.0,192.000229,-0.0,384.047424,2.347602,,9.869919,0.986992,9e-06,1.941096,10.0,10.0,8.689403,0.0,8.689403,91.310597,68.347051,0.48891,13.717262,0.0,0.0
2026-08-30 09:30:41,25410.54,914943,4574,-448.4771,-90.904,36.0,304.242676,-0.0,608.53241,2.354096,,4.730726,0.473073,7e-06,2.042267,10.0,10.0,11.821205,0.0,11.821205,88.178795,66.638301,0.618309,13.717262,0.0,0.0
2026-08-30 09:31:00,25429.06,915455,4577,211.3191,-93.2605,36.0,126.886581,-0.0,253.819824,2.33314,,5.54061,0.554061,9e-06,0.983562,7.0,10.0,3.101705,0.0,3.101705,96.898295,74.009131,0.608162,13.717262,0.0,0.0
2026-08-30 09:31:19,25447.64,915967,4579,388.0859,-81.0381,36.0,151.770752,0.0,303.588593,2.354774,,9.384513,0.938451,8e-06,1.014956,8.0,10.0,4.756493,0.0,4.756493,95.243507,72.454498,0.449694,13.717262,0.0,0.0
2026-08-30 09:31:37,25466.27,916479,4582,372.1269,-73.8204,36.0,187.16687,0.0,374.380981,2.362532,,9.823424,0.982342,9e-06,1.265977,9.0,10.0,5.485119,0.0,5.485119,94.514881,71.218575,0.478543,13.717262,0.0,0.0
2026-08-30 09:31:56,25484.62,916991,4584,59.0737,-71.9443,36.0,327.095337,0.0,654.237732,2.35396,,10.575992,1.057599,9e-06,1.734727,10.0,10.0,11.05885,0.0,11.05885,88.94115,67.528803,0.49682,13.717262,0.0,0.0
2026-08-30 09:32:14,25502.96,917503,4587,638.8543,-66.4765,36.0,320.304901,-0.0,640.65686,2.35318,,12.811062,1.281106,6e-06,1.128382,8.0,10.0,4.388241,0.0,4.388241,95.611759,72.306643,0.563534,13.717262,0.0,0.0
2026-08-30 09:32:32,25521.4,918015,4590,488.8157,-66.2886,36.0,172.897842,0.0,345.842346,2.333059,,9.386072,0.938607,1e-05,0.477435,2.0,6.0,3.183803,0.0,3.183803,96.816197,74.304438,0.540706,13.717262,0.0,0.0
2026-08-30 09:32:51,25539.91,918527,4592,219.7323,-67.0685,36.0,182.155487,0.0,364.357941,2.347818,,9.279746,0.927975,7e-06,1.942516,9.0,10.0,7.140666,0.0,7.140666,92.859334,70.228961,0.505559,13.717262,0.0,0.0
2026-08-30 09:33:09,25558.46,919039,4595,-251.889,-78.8886,36.0,322.23587,-0.0,644.51886,2.355146,,7.354823,0.735482,7e-06,2.183117,10.0,10.0,11.747243,0.0,11.747243,88.252757,66.008103,0.564988,13.717262,0.0,0.0
2026-08-30 09:33:28,25576.79,919551,4597,750.1209,-75.0392,36.0,187.246979,0.0,374.540741,2.339229,,11.317102,1.13171,7e-06,0.86296,7.0,10.0,1.469726,0.0,1.469726,98.530274,75.304451,0.470744,13.717262,0.0,0.0
2026-08-30 09:33:46,25595.42,920063,4600,-24.8862,-67.7985,35.9,235.178528,0.0,470.404541,2.374171,,9.930622,0.993062,8e-06,2.993586,10.0,10.0,11.453595,0.0,11.453595,88.546405,65.840016,0.570212,13.717262,0.0,0.0
2026-08-30 09:34:05,25613.98,920575,4602,-897.5301,-76.2332,35.9,472.018707,-0.0,944.084778,2.368256,,6.249273,0.624927,8e-06,2.890156,10.0,10.0,20.245499,0.0,20.245499,79.754501,60.086486,0.572651,13.717262,0.0,0.0
2026-08-30 09:34:23,25632.28,921087,4605,454.1436,-73.0574,35.9,124.561348,0.0,249.169434,2.33687,,8.18884,0.818884,8e-06,0.870501,8.0,10.0,2.5519,0.0,2.5519,97.4481,74.974466,0.598252,13.717262,0.0,0.0
2026-08-30 09:34:42,25650.78,921599,4608,-630.0296,-82.7662,35.9,475.794952,0.0,951.636902,2.34979,,7.8136,0.78136,1e-05,2.42037,10.0,10.0,17.858144,0.0,17.858144,82.141856,61.292166,0.554135,13.717262,0.0,0.0
2026-08-30 09:35:00,25669.18,922111,4610,-592.8191,-82.3763,35.9,369.795502,0.0,739.63855,2.376197,,6.448613,0.644861,9e-06,2.81286,10.0,10.0,16.169913,0.0,16.169913,83.830087,62.290937,0.578184,13.717262,0.0,0.0
2026-08-30 09:35:19,25687.78,922623,4613,-254.7733,-84.5345,35.9,230.579315,-0.0,461.205902,2.363789,,6.609584,0.660958,1e-05,2.987241,10.0,10.0,11.501728,0.0,11.501728,88.498272,66.886489,0.585507,13.717262,0.0,0.0
2026-08-30 09:35:37,25706.3,923135,4615,198.1545,-76.7933,35.9,96.910683,0.0,193.868698,2.366448,,6.792348,0.679235,7e-06,1.964856,10.0,10.0,4.987328,0.0,4.987328,95.012672,72.274169,0.603018,13.717262,0.0,0.0
2026-08-30 09:35:56,25724.95,923647,4618,-898.25,-82.894,35.9,1012.347229,-0.0,2024.741455,2.352476,,6.379896,0.63799,7e-06,1.502649,10.0,10.0,19.68554,0.0,19.68554,80.31446,59.974065,0.49792,13.717262,0.0,0.0
2026-08-30 09:36:15,25743.66,924159,4620,-202.1248,-85.5483,35.9,331.050049,0.0,662.1474,2.36482,,9.328091,0.932809,6e-06,2.113946,10.0,10.0,13.358694,0.0,13.358694,86.641306,64.847672,0.504445,13.717262,0.0,0.0
2026-08-30 09:36:33,25762.29,924671,4623,-1009.787,-92.8108,35.9,694.231445,0.0,1388.51001,2.357012,,8.415827,0.841583,9e-06,3.484652,10.0,10.0,24.122181,0.0,24.122181,75.877819,56.759556,0.538802,13.717262,0.0,0.0
2026-08-30 09:36:52,25780.73,925183,4625,752.9111,-82.3832,35.9,198.17894,0.0,396.404388,2.325549,,10.060474,1.006047,1e-05,0.298226,2.0,3.0,0.0,0.0,0.0,100.0,77.125566,0.467319,13.78608,0.0,0.0
2026-08-30 09:37:10,25799.26,925695,4628,-488.5534,-90.9144,35.9,627.732483,-0.0,1255.511963,2.350544,,5.243715,0.524372,7e-06,1.4831,10.0,10.0,12.625048,0.0,12.625048,87.374952,65.779648,0.618369,13.78608,0.0,0.0
2026-08-30 09:37:29,25817.71,926207,4631,-80.8879,-86.6922,35.9,202.068298,0.0,404.183746,2.357134,,5.708292,0.570829,7e-06,1.289087,9.0,10.0,7.566158,0.0,7.566158,92.433842,70.293727,0.578577,13.78608,0.0,0.0
2026-08-30 09:37:47,25836.3,926719,4633,-306.1345,-90.8489,35.9,728.975281,0.0,1457.997559,2.348574,,5.905854,0.590585,1.1e-05,1.894858,10.0,10.0,10.954184,0.0,10.954184,89.045816,67.143755,0.582342,13.78608,0.0,0.0
2026-08-30 09:38:06,25854.88,927231,4636,-1856.5102,-103.1434,35.9,1625.62915,-0.0,3251.30542,2.352569,,4.262721,0.426272,1e-05,4.601305,10.0,10.0,31.553231,0.0,31.553231,68.446769,49.478979,0.578264,13.78608,0.0,0.0
2026-08-30 09:38:25,25873.73,927743,4638,-949.9697,-110.3293,35.9,865.587708,-0.0,1731.22229,2.344866,,7.049799,0.70498,1.2e-05,2.51693,10.0,10.0,21.502117,0.0,21.502117,78.497883,59.981408,0.555254,13.78608,0.0,0.0
2026-08-30 09:38:43,25892.31,928255,4641,223.0409,-103.0236,35.9,144.234711,-0.0,288.516937,2.375706,,10.051099,1.00511,9e-06,1.155605,10.0,10.0,7.976066,0.0,7.976066,92.023934,69.774999,0.479299,13.78608,0.0,0.0
2026-08-30 09:39:01,25910.31,928767,4643,611.5369,-100.7331,35.8,266.017944,-0.0,532.083435,2.376867,,12.393204,1.23932,8e-06,1.544074,9.0,10.0,4.819954,0.0,4.819954,95.180046,72.984831,0.49424,13.78608,0.0,0.0
2026-08-30 09:39:20,25928.7,929279,4646,-81.6285,-107.0973,35.8,387.450317,-0.0,774.947632,2.348453,,9.3452,0.93452,8e-06,1.780715,10.0,10.0,11.464997,0.0,11.464997,88.535003,67.023275,0.496717,13.78608,0.0,0.0
2026-08-30 09:39:38,25947.21,929791,4648,-309.1257,-94.6739,35.8,249.868439,-0.0,499.784088,2.360132,,9.863829,0.986383,7e-06,1.969608,10.0,10.0,15.146543,0.0,15.146543,84.853457,64.007702,0.519735,13.78608,0.0,0.0
2026-08-30 09:39:57,25965.77,930303,4651,93.5498,-89.4734,35.8,154.314316,0.0,308.676117,2.374003,,8.391567,0.839157,8e-06,2.705348,10.0,10.0,8.525874,0.0,8.525874,91.474126,69.351042,0.517524,13.78608,0.0,0.0
2026-08-30 09:40:15,25984.23,930815,4654,-557.5272,-88.6174,35.8,581.566895,-0.0,1163.18103,2.362912,,6.85129,0.685129,8e-06,2.645155,10.0,10.0,16.001841,0.0,16.001841,83.998159,62.95102,0.58469,13.78608,0.0,0.0
2026-08-30 09:40:34,26002.78,931327,4656,101.2296,-88.9232,35.8,84.589081,-0.0,169.225632,2.373272,,4.214166,0.421417,6e-06,1.237867,9.0,10.0,3.354455,0.0,3.354455,96.645545,73.840028,0.655601,13.78608,0.0,0.0
2026-08-30 09:40:52,26021.07,931839,4659,155.6558,-85.4452,35.8,106.861801,-0.0,213.770905,2.365135,,5.300154,0.530015,7e-06,1.559117,10.0,10.0,3.949583,0.0,3.949583,96.050417,72.288432,0.604679,13.78608,0.0,0.0
2026-08-30 09:41:11,26039.64,932351,4661,-396.9079,-88.4098,35.8,236.897461,0.0,473.842285,2.36843,,9.79066,0.979066,8e-06,1.990667,10.0,10.0,16.735764,0.0,16.735764,83.264236,63.237526,0.522413,13.78608,0.0,0.0
2026-08-30 09:41:29,26057.68,932863,4664,-58.837,-84.8313,35.8,278.251465,0.0,556.550293,2.369646,,12.023507,1.202351,7e-06,2.417855,10.0,10.0,13.98595,0.0,13.98595,86.01405,63.955009,0.530222,13.78608,0.0,0.0
2026-08-30 09:41:47,26076.42,933375,4666,73.058,-80.5571,35.8,236.907303,0.0,473.862152,2.377031,,12.990295,1.29903,1.1e-05,2.202003,10.0,10.0,13.106139,0.0,13.106139,86.893861,65.759038,0.536696,13.78608,0.0,0.0
2026-08-30 09:42:06,26095.16,933887,4669,-987.9919,-89.8759,35.8,615.186951,-0.0,1230.421143,2.359442,,7.289206,0.728921,9e-06,2.599169,10.0,10.0,22.266679,0.0,22.266679,77.733321,57.835419,0.546863,13.78608,0.0,0.0
2026-08-30 09:42:25,26113.72,934399,4672,-713.4628,-76.9194,35.8,377.566101,-0.0,755.179565,2.366737,,4.601391,0.460139,8e-06,2.163525,10.0,10.0,15.620228,0.0,15.620228,84.379772,64.64666,0.631215,13.78608,0.0,0.0
2026-08-30 09:42:43,26132.4,934911,4674,-62.0322,-76.3483,35.8,338.429504,0.0,676.90625,2.362319,,4.995361,0.499536,8e-06,1.068949,7.0,10.0,6.39423,0.0,6.39423,93.60577,70.673855,0.69768,13.78608,0.0,0.0
2026-08-30 09:43:02,26150.99,935423,4677,96.4849,-81.0159,35.8,340.207825,-0.0,680.46283,2.357553,,12.594132,1.259413,9e-06,1.178859,9.0,10.0,11.722963,0.0,11.722963,88.277037,66.419523,0.540312,13.78608,0.0,0.0
2026-08-30 09:43:21,26169.65,935935,4679,-764.7995,-81.9234,35.8,359.192413,-0.0,718.431946,2.355422,,9.359773,0.935977,9e-06,2.174073,10.0,10.0,21.028704,0.0,21.028704,78.971296,59.327154,0.521182,13.78608,0.0,0.0
2026-08-30 09:43:39,26188.13,936447,4682,429.3426,-78.6213,35.8,206.481567,-0.0,413.010162,2.351153,,9.589433,0.958943,8e-06,0.645122,2.0,10.0,4.36694,0.0,4.36694,95.63306,73.4717,0.543396,13.78608,0.0,0.0
2026-08-30 09:43:58,26206.69,936959,4684,261.2826,-78.1735,35.8,199.992447,0.0,400.032318,2.371336,,7.839517,0.783952,6e-06,1.297847,9.0,10.0,5.011275,0.0,5.011275,94.988725,71.873242,0.604358,13.78608,0.0,0.0
2026-08-30 09:44:16,26225.15,937471,4687,323.0331,-80.6556,35.7,154.953964,-0.0,309.955414,2.37412,,8.060914,0.806091,7e-06,1.637497,10.0,10.0,4.444957,0.0,4.444957,95.555043,71.687111,0.519423,13.78608,0.0,0.0
2026-08-30 09:44:35,26243.8,937983,4689,323.664,-76.5177,35.7,244.42923,0.0,488.905975,2.375337,,12.372879,1.237288,8e-06,2.048164,10.0,10.0,8.717993,0.0,8.717993,91.282007,68.391196,0.522333,14.21153,0.0,0.0
2026-08-30 09:44:53,26261.96,938495,4692,241.1488,-78.6402,35.7,258.193665,-0.0,516.434875,2.378148,,11.625274,1.162527,6e-06,1.699549,10.0,10.0,9.025093,0.0,9.025093,90.974907,67.70686,0.562784,14.21153,0.0,0.0
2026-08-30 09:45:12,26280.6,939007,4695,477.5702,-67.9909,35.7,237.62587,-0.0,475.299164,2.370898,,11.050401,1.10504,6e-06,1.462831,8.0,10.0,5.127623,0.0,5.127623,94.872377,72.728051,0.481973,14.21153,0.0,0.0
2026-08-30 09:45:30,26299.24,939519,4697,458.122,-56.5805,35.7,218.547531,0.0,437.14267,2.381039,,10.373673,1.037367,7e-06,1.771489,10.0,10.0,4.952633,0.0,4.952633,95.047367,72.623694,0.471261,14.21153,0.0,0.0
2026-08-30 09:45:49,26317.61,940031,4700,14.8465,-58.821,35.7,254.503143,-0.0,509.053711,2.371325,,7.680894,0.768089,8e-06,1.591869,10.0,10.0,7.834823,0.0,7.834823,92.165177,70.184897,0.583098,14.21153,0.0,0.0
2026-08-30 09:46:07,26336.13,940543,4702,505.7663,-55.2688,35.7,190.038086,0.0,380.123596,2.371659,,10.454038,1.045404,8e-06,1.784778,10.0,10.0,4.209388,0.0,4.209388,95.790612,73.250323,0.500765,14.21153,0.0,0.0
2026-08-30 09:46:25,26354.54,941055,4705,275.4302,-59.4654,35.7,137.930191,0.0,275.907928,2.377718,,9.499121,0.949912,8e-06,2.024437,10.0,10.0,6.606595,0.0,6.606595,93.393405,71.09013,0.542069,14.21153,0.0,0.0
2026-08-30 09:46:44,26373.0,941567,4707,405.5727,-54.8977,35.7,143.842148,0.0,287.731659,2.368465,,7.052275,0.705227,8e-06,1.474599,9.0,10.0,2.132921,0.0,2.132921,97.867079,74.865855,0.599957,14.21153,0.0,0.0
2026-08-30 09:47:02,26391.45,942079,4710,301.9591,-33.788,35.7,134.550659,0.0,269.148529,2.360968,,6.37506,0.637506,8e-06,0.883869,7.0,10.0,2.759155,0.0,2.759155,97.240845,73.940434,0.543623,14.21153,0.0,0.0
2026-08-30 09:47:21,26410.11,942591,4712,-812.6126,-44.0803,35.7,535.705627,-0.0,1071.458618,2.365496,,5.343589,0.534359,9e-06,1.778737,10.0,10.0,17.280622,0.0,17.280622,82.719378,62.893934,0.59522,14.21153,0.0,0.0
2026-08-30 09:47:40,26428.67,943103,4715,-1264.0121,-59.6152,35.7,1472.547119,-0.0,2945.141357,2.359079,,5.753052,0.575305,9e-06,2.227205,10.0,10.0,23.676714,0.0,23.676714,76.323286,57.147068,0.547185,14.21153,0.0,0.0
2026-08-30 09:47:58,26447.23,943615,4718,-68.2767,-62.5835,35.7,323.712006,-0.0,647.471375,2.368571,,8.190547,0.819055,6e-06,2.148033,10.0,10.0,9.765853,0.0,9.765853,90.234147,68.421325,0.555781,14.21153,0.0,0.0
2026-08-30 09:48:16,26465.42,944127,4720,-589.9085,-63.0865,35.7,347.334778,-0.0,694.716797,2.362104,,6.689294,0.668929,8e-06,1.809786,10.0,10.0,15.238548,0.0,15.238548,84.761452,64.362797,0.625608,14.21153,0.0,0.0
2026-08-30 09:48:35,26484.0,944639,4723,-68.6494,-63.254,35.7,378.573212,-0.0,757.193604,2.358325,,9.284132,0.928413,8e-06,1.872423,10.0,10.0,10.676599,0.0,10.676599,89.323401,66.639942,0.572921,14.21153,0.0,0.0
2026-08-30 09:48:53,26502.54,945151,4725,-359.4863,-64.492,35.7,281.636108,-0.0,563.319641,2.371696,,6.61788,0.661788,7e-06,2.375953,10.0,10.0,12.236695,0.0,12.236695,87.763305,67.04571,0.557536,14.21153,0.0,0.0
2026-08-30 09:49:12,26521.17,945663,4728,205.9658,-64.4669,35.7,168.659225,-0.0,337.365479,2.351179,,6.861321,0.686132,8e-06,0.907139,9.0,10.0,4.336098,0.0,4.336098,95.663902,72.429623,0.582399,14.21153,0.0,0.0
2026-08-30 09:49:31,26539.87,946175,4730,-1010.4942,-76.7813,35.7,767.78479,0.0,1535.616455,2.345752,,5.18694,0.518694,8e-06,1.67828,10.0,10.0,19.754303,0.0,19.754303,80.245697,60.660479,0.587011,14.21153,0.0,0.0
2026-08-30 09:49:49,26558.56,946687,4733,152.8328,-66.3399,35.6,126.909828,-0.0,253.867188,2.376692,,5.655054,0.565505,6e-06,1.734893,9.0,10.0,3.97751,0.0,3.97751,96.02249,72.387414,0.596595,14.21153,0.0,0.0
2026-08-30 09:50:08,26577.34,947199,4736,-1735.3426,-89.5601,35.6,1992.27002,0.0,3984.587158,2.355539,,5.374886,0.537489,0.24386,3.193332,10.0,10.0,29.906506,0.0,29.906506,70.093494,52.129554,0.589241,14.21153,0.0,0.0
2026-08-30 09:50:27,26596.0,947711,4738,-883.6675,-93.8715,35.6,571.303467,0.0,1142.654297,2.370861,,7.368864,0.736886,7e-06,4.23078,10.0,10.0,20.361799,0.0,20.361799,79.638201,58.946598,0.540384,14.21153,0.0,0.0
2026-08-30 09:50:45,26614.57,948223,4741,-315.0798,-90.8873,35.6,562.846802,-0.0,1125.740723,2.355523,,11.01679,1.101679,6e-06,2.842438,10.0,10.0,16.007411,0.0,16.007411,83.992589,63.41812,0.518028,14.21153,0.0,0.0
2026-08-30 09:51:04,26632.83,948735,4743,323.1891,-82.6503,35.6,294.567596,-0.0,589.182434,2.36184,,11.109524,1.110952,9e-06,2.320746,10.0,10.0,7.620371,0.0,7.620371,92.379629,69.935588,0.463125,14.21153,0.0,0.0
2026-08-30 09:51:22,26651.44,949247,4746,-26.2792,-80.395,35.6,157.748535,0.0,315.544708,2.3824,,6.58917,0.658917,6e-06,2.507519,10.0,10.0,7.609985,0.0,7.609985,92.390015,69.490365,0.580403,14.21153,0.0,0.0
2026-08-30 09:51:41,26669.71,949759,4748,-4.9972,-85.8114,35.6,110.659737,0.0,221.366898,2.37153,,5.389619,0.538962,8e-06,1.466845,10.0,10.0,6.116222,0.0,6.116222,93.883778,71.302168,0.617464,14.21153,0.0,0.0
2026-08-30 09:51:59,26688.19,950271,4751,114.2058,-89.4252,35.6,150.939865,-0.0,301.927338,2.37968,,5.63196,0.563196,6e-06,2.040675,10.0,10.0,4.619217,0.0,4.619217,95.380783,72.154364,0.583396,14.463011,0.0,0.0
2026-08-30 09:52:18,26706.88,950783,4753,-365.5234,-93.4146,35.6,482.783417,-0.0,965.613892,2.352082,,5.792236,0.579224,8e-06,2.31048,10.0,10.0,11.269996,0.0,11.269996,88.730004,66.851054,0.574759,14.463011,0.0,0.0
2026-08-30 09:52:37,26725.59,951295,4756,-537.3939,-97.6606,35.6,232.210968,-0.0,464.469452,2.375884,,5.100866,0.510087,4e-06,2.66741,10.0,10.0,12.979941,0.0,12.979941,87.020059,65.600049,0.593796,14.463011,0.0,0.0
2026-08-30 09:52:55,26743.79,951807,4759,-1074.637,-106.0682,35.6,779.010681,0.0,1558.068359,2.352651,,6.988546,0.698855,8e-06,1.863344,10.0,10.0,21.877873,0.0,21.877873,78.122127,58.400937,0.51113,14.463011,0.0,0.0
2026-08-30 09:53:13,26762.12,952319,4761,-112.9434,-109.9545,35.6,155.618988,0.0,311.285492,2.375799,,9.152045,0.915204,9e-06,2.395028,10.0,10.0,11.447495,0.0,11.447495,88.552505,66.89832,0.510586,14.463011,0.0,0.0
2026-08-30 09:53:32,26780.82,952831,4764,-1248.262,-112.9581,35.6,1813.609253,-0.0,3627.265625,2.357739,,7.005257,0.700526,7e-06,2.659281,10.0,10.0,24.282859,0.0,24.282859,75.717141,56.828962,0.5753,14.463011,0.0,0.0
2026-08-30 09:53:50,26799.21,953343,4766,-316.2818,-116.8767,35.6,203.057739,-0.0,406.16275,2.363988,,5.758618,0.575862,7e-06,1.828028,10.0,10.0,10.472817,0.0,10.472817,89.527183,67.622991,0.580243,14.463011,0.0,0.0
2026-08-30 09:54:09,26817.92,953855,4769,-1630.7282,-138.574,35.6,3050.228027,0.0,6100.50293,2.351823,,3.888794,0.388879,6e-06,2.561791,10.0,10.0,26.27664,0.0,26.27664,73.72336,54.293014,0.677836,14.463011,0.0,0.0
2026-08-30 09:54:27,26836.42,954367,4771,-644.7199,-147.3003,35.6,469.568665,-0.0,939.184509,2.358264,,5.329789,0.532979,7e-06,2.134544,10.0,10.0,14.527702,0.0,14.527702,85.472298,64.760908,0.627429,14.463011,0.0,0.0
2026-08-30 09:54:46,26854.85,954879,4774,-297.5689,-146.9388,35.6,195.478989,0.0,391.005554,2.378217,,6.413294,0.641329,9e-06,2.994686,10.0,10.0,11.608013,0.0,11.608013,88.391987,66.730803,0.637005,14.463011,0.0,0.0
2026-08-30 09:55:04,26872.76,955391,4776,26.9964,-146.701,35.6,203.544571,-0.0,407.136047,2.345942,,5.958226,0.595823,9e-06,1.156478,10.0,10.0,5.896121,0.0,5.896121,94.103879,72.968933,0.62726,14.463011,0.0,0.0
2026-08-30 09:55:22,26891.4,955903,4779,437.9533,-133.7052,35.5,87.450447,0.0,174.948227,2.366893,,6.356405,0.635641,6e-06,1.040186,7.0,10.0,0.771125,0.0,0.771125,99.228875,75.88293,0.587124,14.463011,0.0,0.0
2026-08-30 09:55:41,26910.05,956415,4782,-349.2697,-145.372,35.5,226.853714,-0.0,453.754852,2.371888,,6.168988,0.616899,8e-06,1.601174,10.0,10.0,11.345056,0.0,11.345056,88.654944,67.171789,0.540869,14.463011,0.0,0.0
2026-08-30 09:56:00,26928.65,956927,4784,-135.2058,-148.534,35.5,188.538605,0.0,377.124756,2.377693,,7.319245,0.731924,1e-05,2.165453,10.0,10.0,9.719356,0.0,9.719356,90.280644,68.780342,0.503737,14.463011,0.0,0.0
2026-08-30 09:56:18,26947.24,957439,4787,-309.9712,-141.2746,35.5,448.570129,0.0,897.187622,2.369382,,8.940831,0.894083,1e-05,2.476209,10.0,10.0,13.911109,0.0,13.911109,86.088891,64.217762,0.529207,14.463011,0.0,0.0
2026-08-30 09:56:37,26965.86,957951,4789,240.2078,-140.0581,35.5,211.032043,0.0,422.111542,2.372322,,8.956392,0.895639,8e-06,1.669722,10.0,10.0,6.159168,0.0,6.159168,93.840832,71.471209,0.531719,14.463011,0.0,0.0
2026-08-30 09:56:55,26984.45,958463,4792,-988.7885,-145.6076,35.5,1334.578247,-0.0,2669.203613,2.352208,,5.785658,0.578566,8e-06,3.10853,10.0,10.0,19.978879,0.0,19.978879,80.021121,58.561013,0.543223,14.463011,0.0,0.0
2026-08-30 09:57:12,27001.3,958975,4794,-2350.7467,-163.2577,35.5,3760.648926,0.0,7521.344727,2.344585,,4.422805,0.442281,8e-06,3.943638,10.0,10.0,37.018522,0.0,37.018522,62.981478,47.161314,0.616443,14.463011,0.0,0.0
2026-08-30 09:57:28,27017.54,959487,4797,508.0949,-161.2039,35.5,147.819534,0.0,295.686523,2.372459,,7.648566,0.764857,8e-06,1.05819,7.0,10.0,1.170198,0.0,1.170198,98.829802,75.190698,0.524037,14.463011,0.0,0.0
2026-08-30 09:57:45,27033.65,959999,4800,-58.9995,-162.5166,35.5,408.323944,-0.0,816.695007,2.357011,,8.929483,0.892948,1e-05,1.676218,10.0,10.0,10.184962,0.0,10.184962,89.815038,67.914825,0.498048,14.463011,0.0,0.0
2026-08-30 09:58:00,27049.05,960511,4802,54.9875,-166.305,35.5,158.1474,-0.0,316.342224,2.371246,,6.776219,0.677622,5e-06,2.224145,10.0,10.0,6.663371,0.0,6.663371,93.336629,70.287818,0.520719,14.463011,0.0,0.0
2026-08-30 09:58:16,27064.96,961023,4805,-261.5536,-171.5129,35.5,335.078522,-0.0,670.204285,2.361705,,9.837021,0.983702,9e-06,1.295567,10.0,10.0,13.846665,0.0,13.846665,86.153335,65.092931,0.440675,14.463011,0.0,0.0
2026-08-30 09:58:32,27081.06,961535,4807,515.5073,-171.4639,35.5,198.595657,0.0,397.23877,2.372361,,10.215358,1.021536,6e-06,1.58641,8.0,10.0,3.52722,0.0,3.52722,96.47278,73.223032,0.506886,14.463011,0.0,0.0
2026-08-30 09:58:48,27097.19,962047,4810,-107.5308,-171.955,35.5,229.259399,-0.0,458.565826,2.351416,,7.121126,0.712113,1e-05,1.728691,10.0,10.0,9.048956,0.0,9.048956,90.951044,68.32652,0.591406,14.463011,0.0,0.0
2026-08-30 09:59:04,27113.41,962559,4812,-184.4246,-173.7763,35.5,216.103287,-0.0,432.253998,2.371206,,5.258569,0.525857,6e-06,2.022656,10.0,10.0,8.151272,0.0,8.151272,91.848728,69.908252,0.613692,14.95613,0.0,0.0
2026-08-30 09:59:20,27129.4,963071,4815,-1159.2582,-187.5374,35.5,743.52771,-0.0,1487.102539,2.355606,,5.951818,0.595182,8e-06,2.807186,10.0,10.0,21.276485,0.0,21.276485,78.723515,58.549223,0.577525,14.95613,0.0,0.0
2026-08-30 09:59:36,27145.49,963583,4817,-35.7023,-184.3998,35.5,205.134766,0.0,410.316895,2.368021,,9.208125,0.920812,8e-06,1.895133,10.0,10.0,9.90401,0.0,9.90401,90.09599,68.60283,0.541432,14.95613,0.0,0.0
2026-08-30 09:59:52,27161.36,964095,4820,383.7929,-185.5083,35.5,119.858597,0.0,239.76445,2.36317,,6.749458,0.674946,8e-06,1.344047,8.0,10.0,1.851427,0.0,1.851427,98.148573,73.697135,0.556514,14.95613,0.0,0.0
2026-08-30 10:00:08,27177.24,964607,4823,-368.3359,-193.9615,35.5,175.33992,-0.0,350.727386,2.377933,,5.557169,0.555717,1e-05,2.679099,10.0,10.0,11.2463,0.0,11.2463,88.7537,66.685763,0.539755,14.95613,0.0,0.0
2026-08-30 10:00:24,27193.33,965119,4825,339.8625,-191.2728,35.5,195.040863,0.0,390.128998,2.363124,,10.552797,1.05528,9e-06,1.243399,10.0,10.0,6.338578,0.0,6.338578,93.661422,71.544196,0.509737,14.95613,0.0,0.0
2026-08-30 10:00:40,27209.31,965631,4828,121.5145,-191.7084,35.5,313.394348,0.0,626.835754,2.352709,,11.964078,1.196408,1e-05,1.913976,10.0,10.0,10.363458,0.0,10.363458,89.636542,67.699636,0.550501,14.95613,0.0,0.0
2026-08-30 10:00:56,27225.32,966143,4830,203.0368,-185.1933,35.5,87.215645,0.0,174.47879,2.375309,,9.761967,0.976197,8e-06,1.756255,10.0,10.0,7.210634,0.0,7.210634,92.789366,70.937632,0.506734,14.95613,0.0,0.0
2026-08-30 10:01:12,27241.36,966655,4833,45.1631,-186.8549,35.5,195.986435,0.0,392.019989,2.356556,,6.307076,0.630708,9e-06,1.572255,10.0,10.0,5.968798,0.0,5.968798,94.031202,71.26611,0.608389,14.95613,0.0,0.0
2026-08-30 10:01:28,27256.88,967167,4835,-686.4238,-197.6,35.5,1069.484619,-0.0,2139.016357,2.359149,,6.895234,0.689523,6e-06,3.15138,10.0,10.0,16.39517,0.0,16.39517,83.60483,62.608452,0.515129,14.95613,0.0,0.0
2026-08-30 10:01:44,27272.8,967679,4838,-488.3282,-206.2045,35.5,269.184296,-0.0,538.415894,2.36479,,7.425505,0.742551,1e-05,2.46969,10.0,10.0,14.241127,0.0,14.241127,85.758873,64.578659,0.569258,14.95613,0.0,0.0
2026-08-30 10:02:00,27288.68,968191,4840,200.4888,-204.7904,35.5,181.340134,0.0,362.727692,2.371241,,9.026879,0.902688,7e-06,2.25557,10.0,10.0,6.536033,0.0,6.536033,93.463967,70.464125,0.573649,14.95613,0.0,0.0
2026-08-30 10:02:16,27304.68,968703,4843,-377.8513,-214.9574,35.5,317.794098,0.0,635.635315,2.355057,,8.555866,0.855587,1.1e-05,1.496929,10.0,10.0,13.555302,0.0,13.555302,86.444698,65.220849,0.604288,14.95613,0.0,0.0
2026-08-30 10:02:32,27320.87,969215,4846,345.355,-216.392,35.5,272.985657,0.0,546.018311,2.350398,,11.313969,1.131397,9e-06,1.868236,10.0,10.0,6.782333,0.0,6.782333,93.217667,70.562624,0.605838,14.95613,0.0,0.0
2026-08-30 10:02:48,27336.91,969727,4848,473.2198,-213.8571,35.5,126.411674,0.0,252.870651,2.364879,,6.541975,0.654197,8e-06,0.992536,6.0,10.0,0.416271,0.0,0.416271,99.583729,76.309699,0.589771,14.95613,0.0,0.0
2026-08-30 10:03:04,27352.84,970239,4851,-97.0056,-212.3083,35.5,181.173294,-0.0,362.394073,2.373531,,5.58431,0.558431,9e-06,2.228191,10.0,10.0,7.34704,0.0,7.34704,92.65296,69.73009,0.655991,14.95613,0.0,0.0
2026-08-30 10:03:20,27368.86,970751,4853,-600.3719,-225.8132,35.5,531.032715,-0.0,1062.112671,2.362151,,8.615841,0.861584,7e-06,2.448798,10.0,10.0,16.725173,0.0,16.725173,83.274827,62.666098,0.523738,14.95613,0.0,0.0
2026-08-30 10:03:36,27384.91,971263,4856,-35.4529,-225.9189,35.5,248.918671,0.0,497.884338,2.349558,,9.203837,0.920384,1.1e-05,1.474703,10.0,10.0,9.768438,0.0,9.768438,90.231562,68.307258,0.492972,14.95613,0.0,0.0
2026-08-30 10:03:52,27400.87,971775,4858,562.8311,-211.3153,35.5,208.762115,0.0,417.571594,2.36879,,8.732211,0.873221,7e-06,1.186378,8.0,10.0,1.570207,0.0,1.570207,98.429793,75.312646,0.493925,14.95613,0.0,0.0
2026-08-30 10:04:08,27417.04,972287,4861,-653.2787,-222.3895,35.5,325.471741,0.0,650.990723,2.361773,,7.303034,0.730303,1.3e-05,1.790003,10.0,10.0,16.208169,0.0,16.208169,83.791831,62.517015,0.545385,14.95613,0.0,0.0
2026-08-30 10:04:24,27432.79,972799,4864,-615.6627,-222.2458,35.5,731.07074,-0.0,1462.188721,2.361831,,6.822215,0.682221,8e-06,1.580616,10.0,10.0,14.975713,0.0,14.975713,85.024287,63.953912,0.53768,14.95613,0.0,0.0
2026-08-30 10:04:40,27448.79,973311,4866,-1700.6853,-233.3245,35.5,1441.63208,-0.0,2883.311279,2.350714,,5.915428,0.591543,8e-06,4.44649,10.0,10.0,28.798463,0.0,28.798463,71.201537,51.974198,0.622698,14.95613,0.0,0.0
2026-08-30 10:04:56,27464.75,973823,4869,-602.9005,-236.8058,35.5,771.051758,-0.0,1542.150391,2.342649,,9.576421,0.957642,9e-06,2.170861,10.0,10.0,17.660547,0.0,17.660547,82.339453,62.23722,0.538611,14.95613,0.0,0.0
2026-08-30 10:05:11,27480.34,974335,4871,-180.7234,-240.5946,35.5,139.329498,0.0,278.706451,2.372973,,10.351272,1.035127,7e-06,2.499757,10.0,10.0,12.889324,0.0,12.889324,87.110676,65.967156,0.542548,14.95613,0.0,0.0
2026-08-30 10:05:27,27496.37,974847,4874,360.6972,-228.0051,35.5,186.259583,0.0,372.566376,2.359833,,8.585177,0.858518,1.1e-05,1.23202,9.0,10.0,3.953123,0.0,3.953123,96.046877,73.249345,0.502381,14.95613,0.0,0.0
2026-08-30 10:05:43,27512.41,975359,4876,10.1797,-225.882,35.5,134.408676,0.0,268.86499,2.382632,,6.470195,0.647019,6e-06,2.58537,10.0,10.0,6.652758,0.0,6.652758,93.347242,70.908545,0.560162,15.254072,0.0,0.0
2026-08-30 10:05:59,27528.48,975871,4879,-38.2544,-216.1667,35.4,327.097778,0.0,654.242981,2.371485,,10.21081,1.021081,9e-06,2.584847,10.0,10.0,10.651955,0.0,10.651955,89.348045,66.4554,0.536926,15.254072,0.0,0.0
2026-08-30 10:06:15,27544.5,976383,4881,68.7798,-223.008,35.4,661.879822,-0.0,1323.806641,2.351489,,11.470415,1.147041,8e-06,1.810193,10.0,10.0,10.322007,0.0,10.322007,89.677993,68.477281,0.45483,15.254072,0.0,0.0
2026-08-30 10:06:32,27560.6,976895,4884,-568.9226,-223.8117,35.4,236.064804,0.0,472.17691,2.36455,,8.007072,0.800707,9e-06,1.495718,10.0,10.0,15.227851,0.0,15.227851,84.772149,63.341324,0.511803,15.254072,0.0,0.0
2026-08-30 10:06:47,27576.38,977407,4887,-313.0152,-226.133,35.4,497.828949,-0.0,995.705078,2.360505,,7.989514,0.798951,9e-06,1.044774,10.0,10.0,11.715585,0.0,11.715585,88.284415,66.862511,0.572652,15.254072,0.0,0.0
2026-08-30 10:07:03,27592.36,977919,4889,333.2689,-219.739,35.4,192.723557,-0.0,385.494415,2.365384,,9.154504,0.91545,6e-06,1.88565,9.0,10.0,5.144174,0.0,5.144174,94.855826,72.308338,0.528446,15.254072,0.0,0.0
2026-08-30 10:07:19,27608.37,978431,4892,-177.2224,-202.9461,35.4,276.203003,-0.0,552.453491,2.375196,,7.618388,0.761839,1.2e-05,2.442069,10.0,10.0,10.140994,0.0,10.140994,89.859006,67.235003,0.559461,15.254072,0.0,0.0
2026-08-30 10:07:35,27624.02,978943,4894,-1074.2969,-204.1894,35.4,936.359741,0.0,1872.766846,2.367834,,6.29155,0.629155,8e-06,2.91135,10.0,10.0,20.334674,0.0,20.334674,79.665326,60.169103,0.541659,15.254072,0.0,0.0
2026-08-30 10:07:51,27640.21,979455,4897,-446.1816,-210.8816,35.4,307.233246,-0.0,614.513855,2.368165,,6.792965,0.679296,8e-06,2.536014,10.0,10.0,12.728874,0.0,12.728874,87.271126,64.898595,0.542575,15.254072,0.0,0.0
2026-08-30 10:08:07,27656.16,979967,4899,-1009.9559,-227.0965,35.4,778.670349,-0.0,1557.387817,2.358613,,5.782121,0.578212,8e-06,2.957072,10.0,10.0,19.161035,0.0,19.161035,80.838965,60.950168,0.584442,15.254072,0.0,0.0
2026-08-30 10:08:23,27672.09,980479,4902,-2.3326,-226.3035,35.4,168.88858,-0.0,337.824188,2.351648,,6.229036,0.622904,8e-06,1.389443,10.0,10.0,6.310258,0.0,6.310258,93.689742,71.528824,0.588196,15.254072,0.0,0.0
2026-08-30 10:08:39,27687.81,980991,4904,639.4479,-216.8178,35.4,160.564789,0.0,321.176727,2.357958,,8.708287,0.870829,1e-05,0.780034,4.0,9.0,0.356918,0.0,0.356918,99.643082,75.54051,0.56615,15.254072,0.0,0.0
2026-08-30 10:08:55,27703.74,981503,4907,489.0549,-212.8628,35.4,165.952759,0.0,331.952972,2.372358,,9.84312,0.984312,9e-06,1.301177,10.0,10.0,3.599963,0.0,3.599963,96.400037,72.685933,0.491416,15.254072,0.0,0.0
2026-08-30 10:09:11,27720.05,982015,4910,-1204.0834,-219.3283,35.4,1723.456177,-0.0,3446.959473,2.353729,,8.648853,0.864885,1e-05,2.825101,10.0,10.0,23.961907,0.0,23.961907,76.038093,56.295352,0.529353,15.254072,0.0,0.0
2026-08-30 10:09:27,27736.17,982527,4912,-246.1677,-222.8023,35.4,170.022369,-0.0,340.092377,2.382153,,7.047883,0.704788,6e-06,2.677301,10.0,10.0,10.526938,0.0,10.526938,89.473062,67.103134,0.607505,15.254072,0.0,0.0
2026-08-30 10:09:43,27752.24,983039,4915,-292.5137,-227.284,35.4,233.445206,0.0,466.937988,2.379544,,6.405747,0.640575,1e-05,1.946957,10.0,10.0,10.422689,0.0,10.422689,89.577311,66.393847,0.652154,15.254072,0.0,0.0
2026-08-30 10:09:59,27768.33,983551,4917,-727.8714,-230.5936,35.4,584.869324,0.0,1169.785767,2.358787,,6.719495,0.67195,8e-06,3.470243,10.0,10.0,16.688015,0.0,16.688015,83.311985,62.181129,0.558223,15.254072,0.0,0.0
2026-08-30 10:10:15,27784.55,984063,4920,278.4735,-227.2205,35.4,172.464111,-0.0,344.97583,2.380042,,8.424133,0.842413,8e-06,1.670944,9.0,10.0,4.838477,0.0,4.838477,95.161523,71.574914,0.520234,15.254072,0.0,0.0
2026-08-30 10:10:32,27800.65,984575,4922,170.0672,-226.2504,35.4,120.66256,0.0,241.372787,2.383326,,7.419344,0.741934,9e-06,2.450316,10.0,10.0,5.543917,0.0,5.543917,94.456083,71.190467,0.569889,15.254072,0.0,0.0
2026-08-30 10:10:48,27816.68,985087,4925,-83.4261,-217.2048,35.4,142.290771,0.0,284.62912,2.37907,,8.245319,0.824532,8e-06,1.649776,10.0,10.0,9.356572,0.0,9.356572,90.643428,68.487913,0.519438,15.254072,0.0,0.0
2026-08-30 10:11:03,27832.23,985599,4928,985.4091,-200.216,35.4,342.224548,0.0,684.496033,2.345365,,13.560861,1.356086,9e-06,0.399549,2.0,4.0,0.0,0.0,0.0,100.0,76.273744,0.536257,15.254072,0.0,0.0
2026-08-30 10:11:21,27850.45,986111,4930,-628.0073,-205.8758,35.4,487.428436,-0.0,974.903992,2.354992,,9.076499,0.90765,7e-06,1.727008,10.0,10.0,17.070334,0.0,17.070334,82.929666,62.665874,0.539724,15.254072,0.0,0.0
2026-08-30 10:11:39,27868.33,986623,4933,-392.687,-210.7675,35.4,461.499817,-0.0,923.046875,2.360596,,10.833752,1.083375,7e-06,2.211111,10.0,10.0,15.8315,0.0,15.8315,84.1685,63.219976,0.529987,15.254072,0.0,0.0
2026-08-30 10:11:57,27886.51,987135,4935,153.7257,-201.5823,35.4,227.748581,0.0,455.54483,2.38415,,9.633428,0.963343,9e-06,1.985409,10.0,10.0,7.985352,0.0,7.985352,92.014648,69.472161,0.546837,15.254072,0.0,0.0
2026-08-30 10:12:16,27904.79,987647,4938,58.1124,-205.2946,35.4,216.576385,0.0,433.199951,2.359089,,6.83826,0.683826,9e-06,0.869682,8.0,10.0,5.861088,0.0,5.861088,94.138912,71.069285,0.604857,15.48007,0.0,0.0
2026-08-30 10:12:34,27923.22,988159,4940,-356.9976,-211.4774,35.4,189.87532,0.0,379.798096,2.37254,,6.739302,0.67393,6e-06,2.341937,10.0,10.0,11.709375,0.0,11.709375,88.290625,66.862793,0.488154,15.48007,0.0,0.0
2026-08-30 10:12:52,27941.24,988671,4943,-202.0077,-216.7278,35.4,151.415298,0.0,302.878082,2.375018,,6.372563,0.637256,8e-06,1.771398,10.0,10.0,8.947746,0.0,8.947746,91.052254,68.291893,0.487267,15.48007,0.0,0.0
2026-08-30 10:13:10,27959.37,989183,4945,-1497.3206,-234.9376,35.4,1793.862549,-0.0,3587.772217,2.353662,,7.435485,0.743549,0.093416,1.901993,10.0,10.0,26.23453,0.0,26.23453,73.76547,55.886098,0.546823,15.48007,0.0,0.0
2026-08-30 10:13:28,27977.5,989695,4948,694.462,-230.4045,35.4,247.071396,0.0,494.190155,2.368676,,10.06946,1.006946,5e-06,1.542689,8.0,10.0,0.934477,0.0,0.934477,99.065523,75.605342,0.563674,15.48007,0.0,0.0
2026-08-30 10:13:47,27995.78,990207,4951,10.2258,-235.0779,35.4,145.635681,0.0,291.318848,2.374924,,10.005028,1.000503,7e-06,1.726128,10.0,10.0,9.948106,0.0,9.948106,90.051894,68.557003,0.535944,15.48007,0.0,0.0
2026-08-30 10:14:04,28013.19,990719,4953,-204.7679,-241.7068,35.4,427.570007,-0.0,855.187012,2.350466,,9.852975,0.985297,8e-06,0.727289,3.0,10.0,11.79308,0.0,11.79308,88.20692,66.929612,0.459783,15.48007,0.0,0.0
2026-08-30 10:14:22,28031.38,991231,4956,-830.0266,-250.1556,35.4,733.485229,-0.0,1467.017456,2.349288,,7.042317,0.704232,8e-06,2.179379,10.0,10.0,17.573834,0.0,17.573834,82.426166,61.969407,0.557283,15.48007,0.0,0.0
2026-08-30 10:14:40,28049.46,991743,4958,-156.0677,-256.7739,35.4,176.970428,-0.0,353.988373,2.375315,,7.991395,0.799139,7e-06,2.573577,10.0,10.0,10.451322,0.0,10.451322,89.548678,67.712111,0.497875,15.48007,0.0,0.0
2026-08-30 10:14:59,28067.75,992255,4961,359.0906,-255.9373,35.4,249.659027,-0.0,499.365295,2.362143,,8.948017,0.894802,8e-06,0.840062,8.0,10.0,4.127017,0.0,4.127017,95.872983,72.730032,0.534509,15.48007,0.0,0.0
2026-08-30 10:15:17,28085.99,992767,4963,206.0237,-257.9328,35.3,249.119507,0.0,498.28653,2.376431,,11.004567,1.100457,7e-06,1.276369,8.0,10.0,7.916078,0.0,7.916078,92.083922,70.210581,0.597026,15.48007,0.0,0.0
2026-08-30 10:15:35,28104.23,993279,4966,-826.1404,-269.2138,35.3,350.746918,0.0,701.541199,2.36884,,6.466355,0.646635,9e-06,2.881346,10.0,10.0,16.88219,0.0,16.88219,83.11781,62.312928,0.660141,15.48007,0.0,0.0
2026-08-30 10:15:53,28122.53,993791,4968,-767.3712,-268.7614,35.3,666.711609,-0.0,1333.470581,2.36878,,6.629376,0.662938,1e-05,2.592785,10.0,10.0,16.42944,0.0,16.42944,83.57056,62.986615,0.56568,15.48007,0.0,0.0
2026-08-30 10:16:12,28141.01,994303,4971,-810.9328,-264.2306,35.3,619.1604,-0.0,1238.368164,2.366005,,7.643033,0.764303,6e-06,3.318467,10.0,10.0,17.728461,0.0,17.728461,82.271539,60.799967,0.537073,15.48007,0.0,0.0
2026-08-30 10:16:30,28159.41,994815,4974,97.713,-262.5707,35.3,238.786438,0.0,477.620422,2.376707,,10.95588,1.095588,9e-06,2.312628,10.0,10.0,9.856248,0.0,9.856248,90.143752,68.224823,0.497543,15.48007,0.0,0.0
2026-08-30 10:16:48,28176.94,995327,4976,708.695,-249.5847,35.3,256.994019,0.0,514.035522,2.37472,,11.428299,1.14283,7e-06,1.563329,9.0,10.0,2.122182,0.0,2.122182,97.877818,73.911098,0.511401,15.48007,0.0,0.0
2026-08-30 10:17:06,28194.89,995839,4979,-190.8115,-250.8063,35.3,248.756882,0.0,497.561005,2.36158,,8.392139,0.839214,1.2e-05,1.155516,9.0,10.0,10.674482,0.0,10.674482,89.325518,67.434322,0.542747,15.48007,0.0,0.0
2026-08-30 10:17:24,28213.24,996351,4981,-1066.3765,-257.8752,35.3,1407.489014,-0.0,2815.024902,2.345601,,3.36339,0.336339,9e-06,1.412592,10.0,10.0,16.72732,0.0,16.72732,83.27268,62.439625,0.74524,15.48007,0.0,0.0
2026-08-30 10:17:42,28231.49,996863,4984,-418.0264,-264.1151,35.3,250.606201,-0.0,501.259979,2.378353,,6.2006,0.62006,7e-06,2.975328,10.0,10.0,11.756416,0.0,11.756416,88.243584,65.472927,0.599792,15.48007,0.0,0.0
2026-08-30 10:18:01,28249.91,997375,4986,-1212.2103,-266.1323,35.3,803.137939,0.0,1606.322876,2.348816,,9.146104,0.91461,9e-06,1.843832,10.0,10.0,24.258141,0.0,24.258141,75.741859,57.320894,0.52252,15.48007,0.0,0.0
2026-08-30 10:18:19,28268.19,997887,4989,252.7849,-265.1327,35.3,199.432755,0.0,398.913147,2.382645,,8.525165,0.852516,6e-06,1.660318,9.0,10.0,5.251959,0.0,5.251959,94.748041,72.14378,0.463185,15.48007,0.0,0.0
2026-08-30 10:18:38,28286.91,998399,4992,-273.7907,-250.5172,35.3,111.15934,-0.0,222.366196,2.375695,,7.726196,0.77262,9e-06,2.912552,10.0,10.0,11.243587,0.0,11.243587,88.756413,66.427677,0.54087,15.48007,0.0,0.0
2026-08-30 10:18:55,28304.44,998911,4994,698.7798,-234.6927,35.3,244.77771,0.0,489.602936,2.375692,,11.23935,1.123935,7e-06,1.432229,8.0,10.0,2.122247,0.0,2.122247,97.877753,74.284855,0.484004,15.48007,0.0,0.0
2026-08-30 10:19:13,28322.55,999423,4997,101.6656,-230.5253,35.3,454.101654,0.0,908.25061,2.36586,,11.823954,1.182395,7e-06,1.544355,10.0,10.0,9.950602,0.0,9.950602,90.049398,68.1872,0.534445,15.48007,0.0,0.0
2026-08-30 10:19:32,28340.91,999935,4999,-2.5892,-233.7831,35.3,208.07431,-0.0,416.195892,2.362901,,11.450381,1.145038,8e-06,2.299903,10.0,10.0,11.506123,0.0,11.506123,88.493877,67.470899,0.468646,15.48007,0.0,0.0
