wall_time,elapsed_sec,step,episode,ep_reward,ep_reward_ma100,sps,loss,policy_loss,value_loss,entropy,epsilon,embb_mbps_mean,spectral_eff_bps_hz,embb_p5_mbps,urllc_delay_ms_mean,urllc_delay_p95,urllc_delay_p99,urllc_drop_late_pct,urllc_drop_overflow_pct,sla_violation_pct,sla_satisfaction_pct,timely_throughput_mbps,jains_fairness,lam
2026-07-23 08:03:20,0.08,199,1,198.1476,198.1476,2542.5,,,,,1.0,6.819765,0.681976,5e-06,1.650541,7.0,9.0,0.0,3.76436,3.76436,96.23564,30.66572,0.520534,1.0
2026-07-23 08:03:21,0.15,399,2,198.2398,198.1937,2613.3,,,,,1.0,6.896622,0.689662,7e-06,1.000913,7.0,9.0,0.258717,3.307594,3.566311,96.433689,30.844951,0.584833,1.0
2026-07-23 08:03:21,0.23,599,3,171.9043,189.4305,2619.1,,,,,1.0,6.058259,0.605826,3e-06,1.483657,8.0,10.0,0.420943,4.91501,5.335953,94.664047,29.929501,0.574429,1.0
2026-07-23 08:03:21,0.3,799,4,231.0352,199.8317,2628.1,,,,,1.0,7.879028,0.787903,2e-06,0.909139,4.0,7.0,0.0,0.769662,0.769662,99.230338,31.542762,0.566052,1.0
2026-07-23 08:03:22,1.97,999,5,242.5325,208.3719,506.7,0.741715,,,,0.9995,8.508021,0.850802,7e-06,1.09218,9.0,10.0,0.643035,6.217346,6.860381,93.139619,29.497498,0.480789,1.0
2026-07-23 08:07:52,272.0,1199,6,272.5899,219.0749,4.4,279.232483,,,,0.904362,9.187063,0.918706,7e-06,0.022078,0.0,1.0,0.0,0.0,0.0,100.0,31.597665,0.484811,1.0
2026-07-23 08:12:23,543.0,1399,7,326.4414,234.413,2.6,4924.958984,,,,0.81828,11.236797,1.12368,8e-06,0.023598,0.0,1.0,0.0,0.0,0.0,100.0,31.62368,0.568868,1.0
2026-07-23 08:16:54,813.19,1599,8,194.1687,229.3824,2.0,27636.533203,,,,0.740392,6.558794,0.655879,5e-06,0.546918,3.0,5.0,0.0,0.0,0.0,100.0,31.566132,0.638187,1.0
2026-07-23 08:21:25,1084.27,1799,9,182.073,224.1258,1.7,54119.855469,,,,0.669918,6.857573,0.685757,1.2e-05,1.954007,10.0,10.0,1.539085,8.383961,9.923046,90.076954,28.145374,0.683881,1.0
2026-07-23 08:25:55,1355.09,1999,10,208.6625,222.5795,1.5,151369.796875,,,,0.606152,7.383841,0.738384,3.9e-05,0.04382,0.0,1.0,0.0,0.0,0.0,100.0,31.606829,0.755961,0.999065
2026-07-23 08:30:26,1625.73,2199,11,66.1758,208.361,1.4,276651.8125,,,,0.548455,4.529104,0.45291,1.2e-05,0.854042,10.0,10.0,16.843083,16.374434,33.217518,66.782482,20.925908,0.691936,0.999065
2026-07-23 08:35:04,1904.02,2399,12,173.6803,205.4709,1.3,372878.96875,,,,0.49625,6.054686,0.605469,4e-05,0.024822,0.0,1.0,0.0,0.0,0.0,100.0,31.81696,0.79927,0.999065
2026-07-23 08:39:45,2184.65,2599,13,155.0071,201.5891,1.2,376686.0,,,,0.449014,5.841885,0.584188,3.7e-05,1.065239,6.0,7.0,0.0,2.356105,2.356105,97.643895,30.961742,0.816993,0.999065
2026-07-23 08:44:26,2465.2,2799,14,245.696,204.7396,1.1,313481.125,,,,0.406275,8.752936,0.875294,1.1e-05,0.014366,0.0,1.0,0.0,0.0,0.0,100.0,32.16512,0.726832,0.999065
2026-07-23 08:49:06,2745.85,2999,15,316.2013,212.1704,1.1,208692.53125,,,,0.367604,11.612493,1.161249,1.9089,0.000357,0.0,0.0,0.0,0.0,0.0,100.0,32.27392,0.566188,0.999065
2026-07-23 08:53:46,3025.68,3199,16,213.0307,212.2241,1.1,216745.9375,,,,0.332613,7.137532,0.713753,1.9089,0.030652,0.0,1.0,0.0,0.0,0.0,100.0,32.19584,0.658227,0.999065
2026-07-23 08:58:27,3306.49,3399,17,3.5918,199.9516,1.0,142116.03125,,,,0.300953,3.030444,0.303044,0.084129,2.54864,10.0,10.0,19.466317,24.894615,44.360932,55.639068,17.560072,0.618323,0.999065
2026-07-23 09:03:07,3586.37,3599,18,163.7521,197.9406,1.0,75807.03125,,,,0.272307,5.518423,0.551842,1.9109,0.760646,6.0,7.0,0.0,1.066952,1.066952,98.933048,31.771652,0.646342,0.999065
2026-07-23 09:07:46,3865.78,3799,19,97.3047,192.6439,1.0,18737.279297,,,,0.246387,5.226543,0.522654,0.638124,1.188371,10.0,10.0,13.809467,15.958847,29.768314,70.231686,22.301187,0.472251,0.999065
2026-07-23 09:12:27,4146.12,3999,20,194.7658,192.75,1.0,6448.818359,,,,0.222935,6.494681,0.649468,1.924,0.003192,0.0,0.0,0.0,0.0,0.0,100.0,32.07808,0.452251,0.998957
2026-07-23 09:17:06,4425.83,4199,21,151.5168,190.7865,0.9,1462.447021,,,,0.201715,5.050561,0.505056,1.922,0.179147,2.0,3.0,0.0,0.0,0.0,100.0,32.18825,0.609658,0.998957
2026-07-23 09:21:47,4706.5,4399,22,85.2833,185.9909,0.9,5.766042,,,,0.182515,2.952723,0.295272,1.9249,1.800361,6.0,9.0,0.0,1.795117,1.795117,98.204883,31.219046,0.825084,0.998957
2026-07-23 09:26:28,4987.28,4599,23,217.9009,187.3783,0.9,3.00007,,,,0.165142,7.263365,0.726336,1.923,0.000882,0.0,0.0,0.0,0.0,0.0,100.0,31.91424,0.482919,0.998957
2026-07-23 09:31:08,5267.34,4799,24,162.9406,186.3601,0.9,2.763908,,,,0.149423,5.431354,0.543135,1.928,0.03739,0.0,1.0,0.0,0.0,0.0,100.0,31.873154,0.637022,0.998957
2026-07-23 09:35:48,5547.78,4999,25,289.3784,190.4808,0.9,1.216969,,,,0.1352,9.681875,0.968188,1.926,0.001716,0.0,0.0,0.0,0.0,0.0,100.0,32.06528,0.505615,0.998957
2026-07-23 09:40:29,5828.33,5199,26,198.311,190.782,0.9,1.901195,,,,0.122331,7.557994,0.755799,1.175049,2.29184,10.0,10.0,3.840768,11.266253,15.107021,84.892979,26.85257,0.53995,0.998957
2026-07-23 09:45:09,6108.74,5399,27,313.8613,195.3405,0.9,1.160032,,,,0.110687,10.500409,1.050041,1.93195,0.01378,0.0,1.0,0.0,0.0,0.0,100.0,31.953687,0.573893,0.998957
2026-07-23 09:49:50,6389.88,5599,28,263.1245,197.7613,0.9,1.287203,,,,0.100151,8.779278,0.877928,1.93095,8e-05,0.0,0.0,0.0,0.0,0.0,100.0,32.15744,0.62513,0.998957
2026-07-23 09:54:31,6670.72,5799,29,149.0408,196.0813,0.9,3.073588,,,,0.090618,6.103836,0.610384,0.266798,0.94621,3.0,10.0,8.650519,8.065863,16.716382,83.283618,26.639174,0.524416,0.998957
2026-07-23 09:59:12,6951.26,5999,30,249.2436,197.8534,0.9,0.731898,,,,0.081993,8.335782,0.833578,1.93195,0.125509,1.0,1.0,0.0,0.0,0.0,100.0,32.05391,0.655817,0.998084
2026-07-23 10:03:52,7231.45,6199,31,230.8931,198.9192,0.9,0.826073,,,,0.074188,7.800284,0.780028,1.928,1.356704,6.0,6.0,0.0,0.788185,0.788185,99.211815,31.658716,0.600416,0.998084
2026-07-23 10:08:33,7512.37,6399,32,204.9144,199.1065,0.9,1.468961,,,,0.067127,6.830479,0.683048,1.942,1.161746,3.0,3.0,0.0,0.0,0.0,100.0,32.044255,0.646325,0.998084
2026-07-23 10:13:13,7793.09,6599,33,196.6495,199.0321,0.8,3.685377,,,,0.060737,7.64938,0.764938,0.324267,0.849323,2.0,10.0,8.189895,8.30491,16.494804,83.505196,26.773046,0.520495,0.998084
2026-07-23 10:17:54,8074.1,6799,34,199.4655,199.0448,0.8,0.465105,,,,0.054956,6.970843,0.697084,1.934,1.927543,8.0,9.0,0.0,5.325114,5.325114,94.674886,30.139678,0.590723,0.998084
2026-07-23 10:22:35,8354.83,6999,35,215.7994,199.5235,0.8,0.464351,,,,0.05,7.878737,0.787874,1.418806,1.060437,10.0,10.0,2.329912,8.103182,10.433094,89.566906,28.762521,0.512471,0.998084
2026-07-23 10:27:17,8636.11,7199,36,262.5999,201.2757,0.8,0.904707,,,,0.05,8.753329,0.875333,1.934,0.006888,0.0,0.0,0.0,0.0,0.0,100.0,32.334254,0.632403,0.998084
2026-07-23 10:31:58,8917.26,7399,37,227.3024,201.9791,0.8,2.538601,,,,0.05,7.576746,0.757675,1.93595,0.00987,0.0,0.0,0.0,0.0,0.0,100.0,32.29056,0.529335,0.998084
2026-07-23 10:36:39,9198.83,7599,38,338.9245,205.5829,0.8,2.751235,,,,0.05,11.306957,1.130696,1.939,0.000318,0.0,0.0,0.0,0.0,0.0,100.0,32.22784,0.45716,0.998084
2026-07-23 10:41:20,9479.19,7799,39,258.2858,206.9343,0.8,2.171165,,,,0.05,9.506789,0.950679,1.382258,0.726193,10.0,10.0,5.519429,8.017446,13.536875,86.463125,27.827285,0.592962,0.998084
2026-07-23 10:46:00,9759.99,7999,40,292.0311,209.0617,0.8,2.543082,,,,0.05,9.736197,0.97362,1.947,0.575799,4.0,4.0,0.0,0.0,0.0,100.0,32.136431,0.666738,0.997339
2026-07-23 10:50:41,10040.66,8199,41,363.5115,212.8287,0.8,0.673622,,,,0.05,12.12106,1.212106,1.94095,0.078242,1.0,1.0,0.0,0.0,0.0,100.0,32.097905,0.611415,0.997339
2026-07-23 10:55:22,10321.97,8399,42,411.0073,217.5473,0.8,2.781045,,,,0.05,14.877341,1.487734,1.94295,0.001235,0.0,0.0,0.0,0.0,0.0,100.0,32.13824,0.732546,0.997339
2026-07-23 11:00:04,10603.52,8599,43,250.23,218.3073,0.8,0.942734,,,,0.05,8.341001,0.8341,1.932,0.132711,1.0,2.0,0.0,0.0,0.0,100.0,32.099652,0.549306,0.997339
2026-07-23 11:04:45,10884.35,8799,44,233.1997,218.6458,0.8,0.919919,,,,0.05,7.774152,0.777415,1.93295,0.202565,2.0,3.0,0.0,0.0,0.0,100.0,32.044549,0.597754,0.997339
2026-07-23 11:09:26,11165.67,8999,45,164.8976,217.4514,0.8,1.430904,,,,0.05,5.507977,0.550798,1.929,0.916283,5.0,6.0,0.0,0.224206,0.224206,99.775794,31.727253,0.693296,0.997339
2026-07-23 11:14:08,11447.17,9199,46,84.2992,214.5568,0.8,2.168386,,,,0.05,3.654373,0.365437,1.927,2.491011,10.0,10.0,0.315962,13.382394,13.698356,86.301644,27.318548,0.793648,0.997339
2026-07-23 11:18:49,11728.81,9399,47,154.6966,213.2832,0.8,4.647679,,,,0.05,5.156554,0.515655,1.928,0.000758,0.0,0.0,0.0,0.0,0.0,100.0,32.09728,0.668387,0.997339
2026-07-23 11:23:31,12010.26,9599,48,79.9376,210.5051,0.8,4.730999,,,,0.05,3.181584,0.318158,1.926,2.413531,10.0,10.0,0.64292,7.58326,8.22618,91.77382,29.048265,0.854672,0.997339
2026-07-23 11:28:12,12291.53,9799,49,150.7884,209.2864,0.8,4.268968,,,,0.05,5.026279,0.502628,1.92595,0.009872,0.0,0.0,0.0,0.0,0.0,100.0,32.15488,0.76455,0.997339
2026-07-23 11:32:54,12573.25,9999,50,137.5236,207.8512,0.8,3.374005,,,,0.05,4.58412,0.458412,1.925,0.002226,0.0,0.0,0.0,0.0,0.0,100.0,32.19456,0.759264,0.996346
2026-07-23 11:37:35,12854.82,10199,51,124.5301,206.2174,0.8,7.986776,,,,0.05,4.151003,0.4151,1.9289,0.503955,3.0,4.0,0.0,0.0,0.0,100.0,32.039081,0.77858,0.996346
2026-07-23 11:42:17,13136.88,10399,52,77.8916,203.7496,0.8,5.412462,,,,0.05,3.479833,0.347983,1.92995,2.487857,10.0,10.0,0.738788,13.429975,14.168763,85.831237,27.20027,0.819272,0.996346
2026-07-23 11:46:59,13418.37,10599,53,83.1259,201.4737,0.8,7.219158,,,,0.05,2.873233,0.287323,1.924,1.046195,6.0,7.0,0.0,1.862584,1.862584,98.137416,31.255111,0.875536,0.996346
2026-07-23 11:51:40,13700.09,10799,54,114.9134,199.8707,0.8,8.805144,,,,0.05,4.19641,0.419641,1.93595,3.316682,7.0,7.0,0.0,6.464306,6.464306,93.535694,29.289034,0.791287,0.996346
2026-07-23 11:56:22,13981.42,10999,55,59.8286,197.3245,0.8,6.577637,,,,0.05,4.227273,0.422727,0.573379,0.739794,10.0,10.0,17.328781,16.372766,33.701546,66.298454,20.900214,0.64957,0.996346
2026-07-23 12:01:03,14262.65,11199,56,154.463,196.5591,0.8,6.119074,,,,0.05,5.148766,0.514877,1.929,0.01483,0.0,1.0,0.0,0.0,0.0,100.0,31.93472,0.709449,0.996346
2026-07-23 12:05:45,14544.37,11399,57,213.0823,196.849,0.8,2.523741,,,,0.05,7.102744,0.710274,1.931,0.006481,0.0,0.0,0.0,0.0,0.0,100.0,31.99488,0.564642,0.996346
2026-07-23 12:10:26,14825.78,11599,58,242.4149,197.6346,0.8,7.232819,,,,0.05,8.72172,0.872172,1.938,2.393162,9.0,9.0,0.0,10.616671,10.616671,89.383329,28.227828,0.563516,0.996346
2026-07-23 12:15:08,15107.68,11799,59,309.4186,199.5293,0.8,4.400024,,,,0.05,10.52647,1.052647,1.93395,0.000199,0.0,0.0,0.0,0.0,0.0,100.0,32.19072,0.533849,0.996346
2026-07-23 12:19:50,15389.4,11999,60,365.4135,202.294,0.8,5.365519,,,,0.05,12.693474,1.269347,1.93195,0.0,0.0,0.0,0.0,0.0,0.0,100.0,32.18432,0.500727,0.995782
2026-07-23 12:24:31,15671.09,12199,61,294.9926,203.8137,0.8,6.982103,,,,0.05,10.302782,1.030278,1.947,1.202068,10.0,10.0,0.01201,7.662436,7.674447,92.325553,29.336298,0.606322,0.995782
2026-07-23 12:29:13,15952.87,12399,62,183.2074,203.4813,0.8,5.795888,,,,0.05,6.655735,0.665574,3.9e-05,0.000562,0.0,0.0,0.0,0.0,0.0,100.0,31.88352,0.871339,0.995782
2026-07-23 12:33:55,16234.2,12599,63,185.2223,203.1915,0.8,3.830358,,,,0.05,8.602432,0.860243,3.9e-05,0.0,0.0,0.0,0.0,0.0,0.0,100.0,31.8912,0.966124,0.995782
2026-07-23 12:38:37,16516.24,12799,64,326.6888,205.1211,0.8,3.412588,,,,0.05,10.89452,1.089452,1.94095,0.69485,4.0,4.0,0.0,0.0,0.0,100.0,31.762282,0.502383,0.995782
2026-07-23 12:43:19,16798.23,12999,65,302.5897,206.6206,0.8,2.675993,,,,0.05,10.086325,1.008632,1.943,0.736385,4.0,5.0,0.0,0.0,0.0,100.0,31.847715,0.618049,0.995782
2026-07-23 12:48:00,17079.29,13199,66,342.3607,208.6773,0.8,5.670666,,,,0.05,11.435244,1.143524,1.939,0.00016,0.0,0.0,0.0,0.0,0.0,100.0,32.0,0.521883,0.995782
2026-07-23 12:52:42,17361.36,13399,67,309.1797,210.1773,0.8,6.41884,,,,0.05,10.320815,1.032081,1.93495,0.0,0.0,0.0,0.0,0.0,0.0,100.0,32.10368,0.577457,0.995782
2026-07-23 12:57:23,17642.91,13599,68,365.1948,212.457,0.8,7.499267,,,,0.05,12.203045,1.220304,1.939,0.001349,0.0,0.0,0.0,0.0,0.0,100.0,32.26752,0.590406,0.995782
2026-07-23 13:02:04,17923.91,13799,69,235.1927,212.7865,0.8,6.427067,,,,0.05,7.839755,0.783976,1.93395,0.006653,0.0,0.0,0.0,0.0,0.0,100.0,32.128,0.652396,0.995782
2026-07-23 13:06:46,18205.94,13999,70,334.8344,214.53,0.8,3.933373,,,,0.05,11.162639,1.116264,1.933,0.002278,0.0,0.0,0.0,0.0,0.0,100.0,32.02688,0.545945,0.994653
2026-07-23 13:11:28,18487.22,14199,71,283.6958,215.5042,0.8,2.412013,,,,0.05,9.456527,0.945653,1.93195,0.004419,0.0,0.0,0.0,0.0,0.0,100.0,32.15488,0.485272,0.994653
2026-07-23 13:16:09,18768.97,14399,72,305.3386,216.7519,0.8,4.578471,,,,0.05,10.45005,1.045005,1.951,1.943731,8.0,8.0,0.0,4.560743,4.560743,95.439257,30.21081,0.565606,0.994653
2026-07-23 13:20:51,19050.54,14599,73,198.9354,216.5079,0.8,4.611092,,,,0.05,7.657275,0.765727,1.944,2.136026,10.0,10.0,4.165997,11.995822,16.161819,83.838181,26.365399,0.455516,0.994653
2026-07-23 13:25:32,19331.84,14799,74,340.7212,218.1864,0.8,2.986,,,,0.05,11.368268,1.136827,1.93495,0.002289,0.0,0.0,0.0,0.0,0.0,100.0,31.87712,0.518048,0.994653
2026-07-23 13:30:14,19613.39,14999,75,271.4905,218.8971,0.8,2.847346,,,,0.05,9.049682,0.904968,1.93895,0.76033,4.0,5.0,0.0,0.0,0.0,100.0,31.782435,0.459228,0.994653
2026-07-23 13:34:56,19895.44,15199,76,311.2272,220.112,0.8,6.130575,,,,0.05,10.490303,1.04903,1.93995,0.849609,5.0,5.0,0.0,0.028066,0.028066,99.971934,31.772478,0.608537,0.994653
2026-07-23 13:39:37,20176.88,15399,77,182.6773,219.6258,0.8,7.049682,,,,0.05,6.604287,0.660429,1.934,1.169036,10.0,10.0,0.347625,7.73165,8.079274,91.920726,29.315132,0.515813,0.994653
2026-07-23 13:44:19,20458.44,15599,78,227.7699,219.7302,0.8,5.084086,,,,0.05,7.603938,0.760394,1.93495,0.000521,0.0,0.0,0.0,0.0,0.0,100.0,31.93216,0.503365,0.994653
2026-07-23 13:49:00,20739.85,15799,79,244.6147,220.0452,0.8,4.298138,,,,0.05,8.153824,0.815382,1.943,0.819867,5.0,5.0,0.0,0.0,0.0,100.0,31.827927,0.520339,0.994653
2026-07-23 13:53:43,21022.36,15999,80,226.1978,220.1221,0.8,3.147549,,,,0.05,7.566007,0.756601,1.937,0.963422,6.0,6.0,0.0,0.517034,0.517034,99.482966,31.599904,0.491507,0.993729
2026-07-23 13:58:25,21304.32,16199,81,203.75,219.92,0.8,8.223978,,,,0.05,7.350604,0.73506,1.937,1.184515,10.0,10.0,0.900721,7.978383,8.879103,91.120897,28.983871,0.658037,0.993729
2026-07-23 14:03:06,21585.27,16399,82,226.5772,220.0012,0.8,3.899528,,,,0.05,7.552572,0.755257,1.935,0.005112,0.0,0.0,0.0,0.0,0.0,100.0,32.04864,0.617639,0.993729
2026-07-23 14:07:47,21866.52,16599,83,208.4421,219.8619,0.8,6.939765,,,,0.05,6.949628,0.694963,1.943,1.405053,5.0,5.0,0.0,0.031773,0.031773,99.968227,31.972584,0.603539,0.993729
2026-07-23 14:12:29,22148.51,16799,84,187.66,219.4786,0.8,5.043302,,,,0.05,6.255333,0.625533,1.936,0.670541,4.0,5.0,0.0,0.0,0.0,100.0,32.158249,0.521147,0.993729
2026-07-23 14:17:10,22429.86,16999,85,269.1643,220.0631,0.8,3.577702,,,,0.05,8.972144,0.897214,1.93195,0.000909,0.0,0.0,0.0,0.0,0.0,100.0,32.39424,0.462947,0.993729
2026-07-23 14:21:52,22711.15,17199,86,355.1595,221.634,0.8,1.946462,,,,0.05,11.860637,1.186064,1.93195,0.000159,0.0,0.0,0.0,0.0,0.0,100.0,32.24448,0.480494,0.993729
2026-07-23 14:26:33,22992.76,17399,87,226.3572,221.6883,0.8,4.165635,,,,0.05,7.804882,0.780488,1.938,1.466428,7.0,8.0,0.0,3.476181,3.476181,96.523819,30.731515,0.638716,0.993729
2026-07-23 14:31:14,23274.04,17599,88,288.0779,222.4427,0.8,2.780071,,,,0.05,9.663754,0.966375,1.93195,0.001,0.0,0.0,0.0,0.0,0.0,100.0,32.01152,0.469114,0.993729
2026-07-23 14:35:57,23556.13,17799,89,124.9925,221.3478,0.8,7.74685,,,,0.05,4.506965,0.450696,1.92395,2.171792,8.0,8.0,0.0,5.69445,5.69445,94.30555,29.723698,0.788924,0.993729
2026-07-23 14:40:39,23838.48,17999,90,262.8757,221.8092,0.8,2.370519,,,,0.05,8.762522,0.876252,1.93395,0.817315,5.0,5.0,0.0,0.0,0.0,100.0,31.684596,0.441086,0.992697
2026-07-23 14:45:20,24120.03,18199,91,200.2715,221.5725,0.8,3.925488,,,,0.05,6.675716,0.667572,1.92695,0.000479,0.0,0.0,0.0,0.0,0.0,100.0,32.03456,0.504907,0.992697
2026-07-23 14:50:02,24401.58,18399,92,147.4906,220.7673,0.8,3.375414,,,,0.05,4.916355,0.491635,1.9349,0.642501,4.0,4.0,0.0,0.0,0.0,100.0,32.117262,0.614968,0.992697
2026-07-23 14:54:43,24682.91,18599,93,253.0763,221.1147,0.8,3.764872,,,,0.05,8.435875,0.843588,1.93695,0.534343,3.0,4.0,0.0,0.0,0.0,100.0,32.20224,0.513554,0.992697
2026-07-23 14:59:25,24964.37,18799,94,392.8933,222.9421,0.8,3.91361,,,,0.05,13.195224,1.319522,1.94495,0.000317,0.0,0.0,0.0,0.0,0.0,100.0,32.2944,0.52458,0.992697
2026-07-23 15:04:06,25245.89,18999,95,363.7336,224.4241,0.8,4.558423,,,,0.05,12.686158,1.268616,1.948,1.085991,10.0,10.0,1.124667,7.709733,8.8344,91.1656,29.223361,0.504733,0.992697
2026-07-23 15:08:46,25526.06,19199,96,464.0304,226.92,0.8,7.870399,,,,0.05,15.770428,1.577043,1.946,0.000797,0.0,0.0,0.0,0.0,0.0,100.0,32.11264,0.579385,0.992697
2026-07-23 15:13:27,25807.1,19399,97,366.4995,228.359,0.8,3.420503,,,,0.05,12.280741,1.228074,1.946,1.014679,5.0,6.0,0.0,0.252728,0.252728,99.747272,31.654347,0.517034,0.992697
2026-07-23 15:18:07,26086.93,19599,98,396.4382,230.0741,0.8,7.049712,,,,0.05,13.849505,1.38495,1.951,2.126536,10.0,10.0,1.45421,8.100312,9.554523,90.445477,28.620795,0.535554,0.992697
2026-07-23 15:22:49,26368.65,19799,99,337.4539,231.1587,0.8,2.390862,,,,0.05,11.248464,1.124846,1.938,0.001372,0.0,0.0,0.0,0.0,0.0,100.0,31.71328,0.468034,0.992697
2026-07-23 15:27:30,26649.87,19999,100,232.8094,231.1753,0.8,2.592797,,,,0.05,7.760315,0.776031,1.92895,0.001131,0.0,0.0,0.0,0.0,0.0,100.0,31.68384,0.504422,0.991675
2026-07-23 15:32:11,26930.76,20199,101,223.0334,231.4241,0.8,2.892865,,,,0.05,7.434448,0.743445,1.932,0.000203,0.0,0.0,0.0,0.0,0.0,100.0,31.47776,0.507922,0.991675
2026-07-23 15:36:53,27212.83,20399,102,192.5548,231.3673,0.7,5.925359,,,,0.05,6.604803,0.66048,1.93595,1.112199,7.0,7.0,0.0,3.223449,3.223449,96.776551,30.335171,0.676045,0.991675
2026-07-23 15:41:34,27493.99,20599,103,80.88,230.457,0.7,4.607116,,,,0.05,5.125369,0.512537,1.278978,3.256713,10.0,10.0,13.849461,23.598832,37.448293,62.551707,19.381153,0.611567,0.991675
2026-07-23 15:46:16,27775.54,20799,104,175.4862,229.9015,0.7,4.064804,,,,0.05,5.897764,0.589776,1.93295,0.607304,4.0,4.0,0.0,0.0,0.0,100.0,31.683799,0.717712,0.991675
2026-07-23 15:50:58,28057.37,20999,105,272.5909,230.2021,0.7,6.684209,,,,0.05,9.391239,0.939124,1.93495,4e-05,0.0,0.0,0.0,0.0,0.0,100.0,31.73504,0.723862,0.991675
2026-07-23 15:55:39,28338.97,21199,106,87.3251,228.3495,0.7,9.154506,,,,0.05,4.961276,0.496128,0.783531,1.185227,10.0,10.0,15.120358,16.075965,31.196323,68.803677,21.507537,0.619699,0.991675
2026-07-23 16:00:21,28620.94,21399,107,253.53,227.6203,0.7,3.461591,,,,0.05,8.630212,0.863021,1.93495,0.104216,1.0,2.0,0.0,0.0,0.0,100.0,31.910357,0.636121,0.991675
2026-07-23 16:05:03,28902.61,21599,108,324.5295,228.924,0.7,4.042141,,,,0.05,11.119997,1.112,1.93095,0.000161,0.0,0.0,0.0,0.0,0.0,100.0,31.7824,0.574785,0.991675
2026-07-23 16:09:45,29184.18,21799,109,311.3213,230.2164,0.7,2.89026,,,,0.05,10.377377,1.037738,1.935,0.001492,0.0,0.0,0.0,0.0,0.0,100.0,31.744,0.55409,0.991675
2026-07-23 16:14:26,29466.0,21999,110,31.4825,228.4446,0.7,3.822939,,,,0.05,3.251087,0.325109,1.241597,5.030476,10.0,10.0,10.96658,23.646188,34.612768,65.387232,20.416535,0.76154,0.991514
2026-07-23 16:19:08,29747.5,22199,111,72.6943,228.5098,0.7,2.749173,,,,0.05,3.793673,0.379367,0.960873,2.915131,8.0,10.0,8.44718,13.328038,21.775218,78.224782,24.808565,0.625381,0.991514
2026-07-23 16:23:50,30029.18,22399,112,200.0958,228.774,0.7,3.824529,,,,0.05,6.670429,0.667043,1.935,0.013228,0.0,1.0,0.0,0.0,0.0,100.0,31.933035,0.623807,0.991514
2026-07-23 16:28:32,30311.41,22599,113,218.7338,229.4112,0.7,4.429811,,,,0.05,7.292819,0.729282,1.931,0.00012,0.0,0.0,0.0,0.0,0.0,100.0,32.064,0.564618,0.991514
2026-07-23 16:33:13,30592.36,22799,114,194.5906,228.9002,0.7,3.760517,,,,0.05,6.486354,0.648635,1.93095,0.011711,0.0,1.0,0.0,0.0,0.0,100.0,32.02432,0.518863,0.991514
2026-07-23 16:37:54,30873.69,22999,115,57.3821,226.312,0.7,6.947691,,,,0.05,3.97387,0.397387,1.6858,3.414647,10.0,10.0,10.331439,21.963814,32.295253,67.704747,21.23626,0.768708,0.991514
2026-07-23 16:42:35,31154.55,23199,116,191.2018,226.0937,0.7,5.864516,,,,0.05,6.373393,0.637339,1.92695,0.001249,0.0,0.0,0.0,0.0,0.0,100.0,31.77216,0.59401,0.991514
2026-07-23 16:47:16,31435.27,23399,117,277.5053,228.8328,0.7,3.299427,,,,0.05,9.250177,0.925018,1.93,0.001394,0.0,0.0,0.0,0.0,0.0,100.0,32.1472,0.563767,0.991514
2026-07-23 16:51:58,31717.43,23599,118,300.8274,230.2036,0.7,6.886514,,,,0.05,10.028734,1.002873,1.9399,0.090252,1.0,2.0,0.0,0.0,0.0,100.0,32.05248,0.573548,0.991514
2026-07-23 16:56:39,31998.73,23799,119,309.8384,232.3289,0.7,7.563498,,,,0.05,10.3748,1.03748,1.93895,0.992642,6.0,6.0,0.0,0.878068,0.878068,99.121932,31.661894,0.529895,0.991514
2026-07-23 17:01:21,32280.37,23999,120,314.2911,233.5242,0.7,3.182621,,,,0.05,10.587392,1.058739,1.947,0.013457,0.0,1.0,0.0,0.0,0.0,100.0,32.14976,0.665114,0.990841
2026-07-23 17:06:02,32561.76,24199,121,259.8819,234.6078,0.7,3.786172,,,,0.05,8.966531,0.896653,1.93995,1.099194,7.0,8.0,0.0,4.415327,4.415327,95.584673,30.634464,0.62538,0.990841
2026-07-23 17:10:44,32843.22,24399,122,221.9806,235.9748,0.7,2.899435,,,,0.05,8.234187,0.823419,1.94895,2.545502,10.0,10.0,0.0,13.697644,13.697644,86.302356,27.245057,0.660666,0.990841
2026-07-23 17:15:25,33124.28,24599,123,240.4424,236.2002,0.7,2.634443,,,,0.05,8.041437,0.804144,1.928,0.874734,5.0,5.0,0.0,0.12359,0.12359,99.87641,31.912809,0.573367,0.990841
2026-07-23 17:20:06,33405.88,24799,124,261.2271,237.1831,0.7,4.906067,,,,0.05,8.750196,0.87502,1.93295,0.934065,6.0,6.0,0.0,0.801238,0.801238,99.198762,31.857344,0.499526,0.990841
2026-07-23 17:24:48,33687.31,24999,125,247.6026,236.7653,0.7,4.528724,,,,0.05,8.424439,0.842444,1.935,1.086646,7.0,7.0,0.0,2.978418,2.978418,97.021582,31.008893,0.463925,0.990841
2026-07-23 17:29:30,33969.39,25199,126,240.5026,237.1873,0.7,4.999267,,,,0.05,8.036344,0.803634,1.93395,0.951132,5.0,6.0,0.0,0.368492,0.368492,99.631508,32.009066,0.54382,0.990841
2026-07-23 17:34:11,34250.66,25399,127,155.5402,235.604,0.7,5.077288,,,,0.05,5.886465,0.588646,1.927,2.338557,10.0,10.0,0.843513,10.679187,11.522699,88.477301,28.162505,0.475287,0.990841
2026-07-23 17:38:53,34532.49,25599,128,408.1778,237.0546,0.7,2.039663,,,,0.05,13.765107,1.376511,1.9429,0.001635,0.0,0.0,0.0,0.0,0.0,100.0,32.09728,0.650324,0.990841
2026-07-23 17:43:35,34814.84,25799,129,268.7701,238.2519,0.7,2.072304,,,,0.05,8.959002,0.8959,1.93095,0.008965,0.0,0.0,0.0,0.0,0.0,100.0,32.12416,0.557133,0.990841
2026-07-23 17:48:16,35095.93,25999,130,251.1317,238.2707,0.7,4.659145,,,,0.05,8.899284,0.889928,1.935,1.184771,10.0,10.0,0.307717,8.312353,8.62007,91.37993,29.127084,0.578961,0.990027
2026-07-23 17:52:59,35378.33,26199,131,231.6456,238.2783,0.7,3.252642,,,,0.05,8.758665,0.875867,1.933326,2.239115,10.0,10.0,3.359194,12.908902,16.268096,83.731904,26.481056,0.523552,0.990027
2026-07-23 17:57:41,35660.81,26399,132,233.5471,238.5646,0.7,3.501928,,,,0.05,7.784903,0.77849,1.92995,0.001353,0.0,0.0,0.0,0.0,0.0,100.0,32.16384,0.531747,0.990027
2026-07-23 18:02:23,35942.37,26599,133,196.0561,238.5587,0.7,5.059595,,,,0.05,6.535204,0.65352,1.927,0.000159,0.0,0.0,0.0,0.0,0.0,100.0,32.19328,0.645975,0.990027
2026-07-23 18:07:05,36224.7,26799,134,188.5101,238.4491,0.7,3.200982,,,,0.05,6.283669,0.628367,1.929,0.705186,4.0,5.0,0.0,0.0,0.0,100.0,31.791154,0.588811,0.990027
2026-07-23 18:11:46,36506.01,26999,135,221.7377,238.5085,0.7,4.89612,,,,0.05,7.391255,0.739126,1.932,4e-05,0.0,0.0,0.0,0.0,0.0,100.0,32.12544,0.651515,0.990027
2026-07-23 18:16:28,36787.47,27199,136,233.2769,238.2153,0.7,5.887505,,,,0.05,7.817619,0.781762,1.92995,0.963527,6.0,6.0,0.0,0.793587,0.793587,99.206413,31.515485,0.497696,0.990027
2026-07-23 18:21:10,37069.8,27399,137,78.2978,236.7252,0.7,5.029041,,,,0.05,4.016288,0.401629,1.371371,3.284516,9.0,10.0,7.107312,15.117586,22.224898,77.775102,24.308095,0.648006,0.990027
2026-07-23 18:25:52,37351.3,27599,138,254.0924,235.8769,0.7,3.513416,,,,0.05,8.469748,0.846975,1.93185,0.701623,4.0,5.0,0.0,0.0,0.0,100.0,31.784326,0.641984,0.990027
2026-07-23 18:30:33,37632.73,27799,139,268.8244,235.9823,0.7,3.860932,,,,0.05,9.006676,0.900668,1.929,0.01,0.0,0.01,0.0,0.0,0.0,100.0,31.872,0.670175,0.990027
2026-07-23 18:35:15,37914.12,27999,140,208.0151,235.1421,0.7,4.37557,,,,0.05,6.933838,0.693384,1.926,0.053083,1.0,1.0,0.0,0.0,0.0,100.0,31.950854,0.723221,0.989202
2026-07-23 18:39:55,38194.74,28199,141,259.1625,234.0986,0.7,2.587541,,,,0.05,8.660503,0.86605,1.93185,0.018156,0.0,1.0,0.0,0.0,0.0,100.0,32.07808,0.64736,0.989202
2026-07-23 18:44:37,38476.38,28399,142,240.476,232.3933,0.7,3.387979,,,,0.05,8.213936,0.821394,1.935,1.110386,7.0,8.0,0.0,3.426543,3.426543,96.573457,30.810138,0.709103,0.989202
2026-07-23 18:49:18,38757.41,28599,143,193.3819,231.8248,0.7,3.052997,,,,0.05,7.580258,0.758026,1.189378,2.330202,6.0,10.0,7.735466,9.744937,17.480403,82.519597,26.189087,0.657321,0.989202
2026-07-23 18:54:00,39039.16,28799,144,350.8248,233.0011,0.7,5.74868,,,,0.05,11.694161,1.169416,1.94295,0.010307,0.0,1.0,0.0,0.0,0.0,100.0,32.288949,0.687541,0.989202
2026-07-23 18:58:41,39320.39,28999,145,269.4338,234.0465,0.7,3.859575,,,,0.05,9.833813,0.983381,1.558213,0.763841,10.0,10.0,4.582404,8.084954,12.667357,87.332643,27.96113,0.618719,0.989202
2026-07-23 19:03:22,39601.62,29199,146,247.0524,235.674,0.7,4.62125,,,,0.05,8.396603,0.83966,1.954,1.816743,7.0,7.0,0.0,2.554978,2.554978,97.445022,30.888251,0.588621,0.989202
2026-07-23 19:08:04,39883.21,29399,147,312.9166,237.2562,0.7,5.097454,,,,0.05,10.663817,1.066382,1.945,0.000677,0.0,0.0,0.0,0.0,0.0,100.0,32.14976,0.586611,0.989202
2026-07-23 19:12:45,40164.45,29599,148,302.0801,239.4776,0.7,7.68856,,,,0.05,10.085307,1.008531,1.939,0.067189,1.0,1.0,0.0,0.0,0.0,100.0,32.043889,0.540927,0.989202
2026-07-23 19:17:27,40446.77,29799,149,362.9525,241.5993,0.7,3.642636,,,,0.05,12.130612,1.213061,1.93895,0.012765,0.0,1.0,0.0,0.0,0.0,100.0,31.98848,0.578396,0.989202
2026-07-23 19:22:08,40727.99,29999,150,204.2616,242.2666,0.7,3.423399,,,,0.05,7.492403,0.74924,1.934,0.971555,10.0,10.0,2.481023,8.437875,10.918897,89.081103,28.406925,0.448324,0.988454
2026-07-23 19:26:50,41009.57,30199,151,278.4985,243.8063,0.7,6.240149,,,,0.05,9.283283,0.928328,1.93195,0.0,0.0,0.0,0.0,0.0,0.0,100.0,32.00896,0.499461,0.988454
2026-07-23 19:31:32,41291.18,30399,152,120.0411,244.2278,0.7,3.210884,,,,0.05,4.005964,0.400596,1.928,0.879792,5.0,6.0,0.0,0.084138,0.084138,99.915862,31.754003,0.738952,0.988454
2026-07-23 19:36:12,41572.11,30599,153,184.6692,245.2432,0.7,3.696484,,,,0.05,6.8153,0.68153,1.92895,0.965429,10.0,10.0,2.485867,7.730243,10.21611,89.78389,28.546014,0.650427,0.988454
2026-07-23 19:40:55,41854.82,30799,154,127.8254,245.3724,0.7,4.471931,,,,0.05,4.469487,0.446949,1.93,1.117738,7.0,7.0,0.0,3.698083,3.698083,96.301917,30.647967,0.698345,0.988454
2026-07-23 19:45:36,42135.85,30999,155,84.8048,245.6221,0.7,6.57757,,,,0.05,4.051345,0.405134,1.929,3.859367,10.0,10.0,1.973051,17.994065,19.967116,80.032884,25.138824,0.707763,0.988454
2026-07-23 19:50:18,42417.93,31199,156,234.7261,246.4248,0.7,2.464963,,,,0.05,7.824203,0.78242,1.93395,0.002554,0.0,0.0,0.0,0.0,0.0,100.0,32.07424,0.495153,0.988454
2026-07-23 19:54:59,42698.89,31399,157,161.4447,245.9084,0.7,3.435558,,,,0.05,6.66335,0.666335,0.163225,0.194183,2.0,3.0,11.00048,8.481286,19.481766,80.518234,25.756379,0.511893,0.988454
2026-07-23 19:59:38,42978.08,31599,158,268.2424,246.1667,0.7,3.717079,,,,0.05,8.946077,0.894608,1.94095,0.022312,0.0,1.0,0.0,0.0,0.0,100.0,32.06912,0.56532,0.988454
2026-07-23 20:04:15,43254.92,31799,159,228.0803,245.3533,0.7,2.467447,,,,0.05,7.969992,0.796999,1.94,1.158854,9.0,9.0,0.0,6.096346,6.096346,93.903654,29.983325,0.512537,0.988454
2026-07-23 20:08:52,43531.37,31999,160,225.6366,243.9555,0.7,3.748344,,,,0.05,8.403691,0.840369,1.94395,2.558723,10.0,10.0,0.0,14.415487,14.415487,85.584513,27.258484,0.557579,0.987956
2026-07-23 20:13:29,43808.62,32199,161,292.9652,243.9352,0.7,3.750211,,,,0.05,10.748426,1.074843,1.575832,0.71872,10.0,10.0,4.84051,8.102073,12.942584,87.057416,27.858868,0.635869,0.987956
2026-07-23 20:18:05,44084.76,32399,162,326.3213,245.3664,0.7,3.718369,,,,0.05,11.697366,1.169737,1.888798,0.894919,10.0,10.0,3.230197,8.101509,11.331706,88.668294,28.198821,0.536081,0.987956
2026-07-23 20:22:43,44362.65,32599,163,324.5793,246.7599,0.7,3.105199,,,,0.05,10.819309,1.081931,1.943,0.026578,0.0,1.0,0.0,0.0,0.0,100.0,32.17152,0.573683,0.987956
2026-07-23 20:27:20,44639.56,32799,164,272.9299,246.2223,0.7,4.884428,,,,0.05,9.097663,0.909766,1.94295,0.0,0.0,0.0,0.0,0.0,0.0,100.0,32.27904,0.456197,0.987956
2026-07-23 20:31:57,44917.1,32999,165,189.0821,245.0873,0.7,2.316787,,,,0.05,7.090968,0.709097,1.93395,0.759331,10.0,10.0,4.292999,7.629363,11.922362,88.077638,28.44451,0.450148,0.987956
2026-07-23 20:36:35,45194.42,33199,166,260.3834,244.2675,0.7,3.132284,,,,0.05,8.850749,0.885075,1.94,1.015506,7.0,7.0,0.0,2.915475,2.915475,97.084525,31.534629,0.515855,0.987956
2026-07-23 20:41:12,45471.73,33399,167,281.1973,243.9877,0.7,4.709723,,,,0.05,9.382931,0.938293,1.937,0.001523,0.0,0.0,0.0,0.0,0.0,100.0,32.76928,0.504156,0.987956
2026-07-23 20:45:50,45749.66,33599,168,274.7509,243.0832,0.7,5.332049,,,,0.05,9.164221,0.916422,1.93095,0.0,0.0,0.0,0.0,0.0,0.0,100.0,32.38528,0.443261,0.987956
2026-07-23 20:50:27,46026.76,33799,169,181.5367,242.5467,0.7,5.781539,,,,0.05,7.074839,0.707484,1.931,1.820003,10.0,10.0,5.63487,10.276759,15.911629,84.088371,26.740227,0.494334,0.987956
2026-07-23 20:55:05,46304.52,33999,170,248.3652,241.682,0.7,5.26243,,,,0.05,8.27884,0.827884,1.928,0.0,0.0,0.0,0.0,0.0,0.0,100.0,31.97824,0.44435,0.987294
2026-07-23 20:59:42,46581.22,34199,171,143.1653,240.2767,0.7,4.432638,,,,0.05,4.772178,0.477218,1.93,0.000645,0.0,0.0,0.0,0.0,0.0,100.0,31.75296,0.652674,0.987294
2026-07-23 21:04:19,46858.52,34399,172,85.1589,238.0749,0.7,2.799054,,,,0.05,3.147292,0.314729,1.92495,2.213297,7.0,7.0,0.0,5.358148,5.358148,94.641852,29.783584,0.853446,0.987294
2026-07-23 21:08:56,47135.74,34599,173,132.5053,237.4106,0.7,4.136449,,,,0.05,4.417461,0.441746,1.9299,0.686299,4.0,5.0,0.0,0.011928,0.011928,99.988072,32.100751,0.665065,0.987294
2026-07-23 21:13:33,47413.08,34799,174,163.057,235.6339,0.7,3.685205,,,,0.05,6.319832,0.631983,1.279493,0.646427,10.0,10.0,5.456275,7.992234,13.448508,86.551492,27.798871,0.526814,0.987294
2026-07-23 21:18:11,47690.62,34999,175,248.9771,235.4088,0.7,3.671122,,,,0.05,8.299237,0.829924,1.93595,0.747357,5.0,5.0,0.0,0.0,0.0,100.0,32.086154,0.424241,0.987294
2026-07-23 21:22:48,47967.61,35199,176,352.6771,235.8233,0.7,5.672413,,,,0.05,11.905054,1.190505,1.937,1.056701,7.0,7.0,0.0,2.674391,2.674391,97.325609,31.221465,0.495959,0.987294
2026-07-23 21:27:26,48245.78,35399,177,256.0806,236.5573,0.7,3.187488,,,,0.05,8.747094,0.874709,1.93995,1.886497,7.0,8.0,0.0,3.568885,3.568885,96.431115,30.867819,0.420703,0.987294
2026-07-23 21:32:03,48522.89,35599,178,73.1415,235.0111,0.7,4.858795,,,,0.05,4.491951,0.449195,0.928528,2.35271,10.0,10.0,14.714762,16.887812,31.602574,68.397426,21.731949,0.506175,0.987294
2026-07-23 21:36:41,48800.38,35799,179,174.511,234.31,0.7,2.162174,,,,0.05,6.243426,0.624343,1.927,1.178216,9.0,10.0,0.0,6.862979,6.862979,93.137021,29.814674,0.579275,0.987294
2026-07-23 21:41:17,49076.97,35999,180,270.4131,234.7522,0.7,5.342825,,,,0.05,9.059799,0.90598,1.926,0.0,0.0,0.0,0.0,0.0,0.0,100.0,32.29696,0.646555,0.986707
2026-07-23 21:45:55,49354.24,36199,181,113.0195,233.8449,0.7,2.531934,,,,0.05,4.324818,0.432482,1.75308,1.412939,10.0,10.0,1.772122,6.981446,8.753568,91.246432,29.168696,0.77212,0.986707
2026-07-23 21:50:33,49632.25,36399,182,198.3066,233.5622,0.7,3.624063,,,,0.05,6.610219,0.661022,1.924,0.000278,0.0,0.0,0.0,0.0,0.0,100.0,32.20352,0.730409,0.986707
2026-07-23 21:55:09,49908.97,36599,183,181.8612,233.2964,0.7,5.191163,,,,0.05,6.06204,0.606204,1.93095,0.010052,0.0,1.0,0.0,0.0,0.0,100.0,32.34432,0.647833,0.986707
2026-07-23 21:59:47,50186.96,36799,184,195.0221,233.37,0.7,3.976339,,,,0.05,6.500737,0.650074,1.928,0.043766,0.0,1.0,0.0,0.0,0.0,100.0,32.083838,0.760571,0.986707
2026-07-23 22:04:24,50463.69,36999,185,137.4829,232.0532,0.7,8.225174,,,,0.05,5.160725,0.516072,1.92995,1.333495,10.0,10.0,1.019194,8.355806,9.375,90.625,29.063284,0.688325,0.986707
2026-07-23 22:09:01,50741.03,37199,186,109.5855,229.5974,0.7,4.898216,,,,0.05,3.652851,0.365285,1.921,0.000872,0.0,0.0,0.0,0.0,0.0,100.0,32.27904,0.780252,0.986707
2026-07-23 22:13:38,51018.03,37399,187,36.8286,227.7021,0.7,3.951123,,,,0.05,2.142968,0.214297,1.459016,1.059473,10.0,10.0,6.008737,8.173153,14.18189,85.81811,27.641217,0.895242,0.986707
2026-07-23 22:18:16,51295.43,37599,188,-93.1991,223.8894,0.7,3.314125,,,,0.05,1.220887,0.122089,0.133109,3.51871,10.0,10.0,32.767463,33.296227,66.06369,33.93631,10.706192,0.592607,0.986707
2026-07-23 22:22:53,51572.89,37799,189,65.8797,223.2982,0.7,2.663777,,,,0.05,3.023272,0.302327,1.927,3.630378,10.0,10.0,0.071409,13.603364,13.674773,86.325227,27.323605,0.806756,0.986707
2026-07-23 22:27:31,51850.36,37999,190,238.7539,223.057,0.7,3.507867,,,,0.05,7.969297,0.79693,1.933,0.003236,0.0,0.0,0.0,0.0,0.0,100.0,32.03968,0.534849,0.986602
2026-07-23 22:32:08,52127.59,38199,191,312.4817,224.1791,0.7,6.816201,,,,0.05,10.421108,1.042111,1.94295,0.003317,0.0,0.0,0.0,0.0,0.0,100.0,32.032,0.579707,0.986602
2026-07-23 22:36:45,52404.85,38399,192,366.1434,226.3656,0.7,4.921257,,,,0.05,12.362456,1.236246,1.93795,0.000318,0.0,0.0,0.0,0.0,0.0,100.0,32.1536,0.607297,0.986602
2026-07-23 22:41:24,52683.67,38599,193,219.8379,226.0333,0.7,6.452262,,,,0.05,7.330451,0.733045,1.935,0.872794,5.0,5.0,0.0,0.048315,0.048315,99.951685,31.626372,0.545853,0.986602
2026-07-23 22:46:03,52962.29,38799,194,312.2329,225.2267,0.7,3.975207,,,,0.05,10.796611,1.079661,1.936,1.170775,9.0,9.0,0.0,6.392565,6.392565,93.607435,29.599856,0.542547,0.986602
2026-07-23 22:50:41,53240.65,38999,195,274.4702,224.334,0.7,6.079648,,,,0.05,9.149006,0.914901,1.931995,0.000681,0.0,0.0,0.0,0.0,0.0,100.0,31.93088,0.463454,0.986602
2026-07-23 22:55:20,53519.38,39199,196,191.2967,221.6067,0.7,2.765027,,,,0.05,6.378938,0.637894,1.939,1.04634,5.0,5.0,0.0,0.044115,0.044115,99.955885,31.738206,0.616331,0.986602
2026-07-23 22:59:58,53797.76,39399,197,291.7679,220.8594,0.7,2.844414,,,,0.05,9.733091,0.973309,1.93595,0.0,0.0,0.0,0.0,0.0,0.0,100.0,31.72992,0.63946,0.986602
2026-07-23 23:04:37,54076.53,39599,198,177.291,218.6679,0.7,4.325135,,,,0.05,6.473016,0.647302,1.740931,1.107814,10.0,10.0,1.053137,7.91655,8.969687,91.030313,28.930376,0.671658,0.986602
2026-07-23 23:09:15,54354.8,39799,199,329.5839,218.5892,0.7,7.409943,,,,0.05,11.031388,1.103139,1.93395,0.009435,0.0,0.0,0.0,0.0,0.0,100.0,32.1536,0.508957,0.986602
2026-07-23 23:13:54,54633.71,39999,200,272.9165,218.9903,0.7,2.985726,,,,0.05,9.521859,0.952186,1.93495,1.112683,7.0,8.0,0.0,3.976325,3.976325,96.023675,30.761769,0.488359,0.985583
2026-07-23 23:18:33,54912.94,40199,201,204.6775,218.8067,0.7,5.470119,,,,0.05,6.832457,0.683246,1.93495,0.902283,5.0,5.0,0.0,0.198114,0.198114,99.801886,32.068923,0.533615,0.985583
2026-07-23 23:23:12,55191.58,40399,202,231.194,219.1931,0.7,8.161581,,,,0.05,7.706468,0.770647,1.93995,1.025,3.0,4.0,0.0,0.0,0.0,100.0,32.155289,0.627544,0.985583
2026-07-23 23:27:51,55470.44,40599,203,238.7464,220.7718,0.7,6.013302,,,,0.05,7.979143,0.797914,1.934,0.000437,0.0,0.0,0.0,0.0,0.0,100.0,32.22272,0.582895,0.985583
2026-07-23 23:32:29,55748.39,40799,204,166.1086,220.678,0.7,7.864629,,,,0.05,5.536955,0.553696,1.931,0.148934,1.0,2.0,0.0,0.0,0.0,100.0,32.135532,0.613143,0.985583
2026-07-23 23:37:08,56027.57,40999,205,192.7789,219.8799,0.7,6.885938,,,,0.05,6.425964,0.642596,1.92895,0.002121,0.0,0.0,0.0,0.0,0.0,100.0,31.98336,0.523037,0.985583
2026-07-23 23:41:47,56306.14,41199,206,112.9972,220.1366,0.7,4.385315,,,,0.05,5.032583,0.503258,0.174627,1.752313,6.0,7.36,10.219591,9.339626,19.559218,80.440782,25.440862,0.495303,0.985583
2026-07-23 23:46:25,56584.99,41399,207,161.7668,219.219,0.7,7.475802,,,,0.05,5.446692,0.544669,1.92695,1.702928,6.0,6.0,0.0,1.045547,1.045547,98.954453,31.346971,0.688213,0.985583
2026-07-23 23:51:05,56864.2,41599,208,122.9212,217.2029,0.7,4.76701,,,,0.05,5.295689,0.529569,1.93695,4.672993,10.0,10.0,3.921961,15.435973,19.357934,80.642066,25.306942,0.588707,0.985583
2026-07-23 23:55:43,57142.81,41799,209,151.846,215.6081,0.7,4.89408,,,,0.05,6.183371,0.618337,0.770855,3.099184,10.0,10.0,4.436436,13.465465,17.901902,82.098098,25.834044,0.493456,0.985583
2026-07-24 00:00:24,57423.33,41999,210,163.4671,216.928,0.7,5.474335,,,,0.05,5.52237,0.552237,1.938,1.072918,6.0,6.0,0.0,1.379366,1.379366,98.620634,31.300921,0.6606,0.984949
2026-07-24 00:05:07,57706.3,42199,211,284.6863,219.0479,0.7,2.490941,,,,0.05,9.504724,0.950472,1.928,0.000521,0.0,0.0,0.0,0.0,0.0,100.0,31.95776,0.514667,0.984949
2026-07-24 00:09:50,57989.77,42399,212,227.9489,219.3264,0.7,4.260699,,,,0.05,7.600796,0.76008,1.9249,0.00012,0.0,0.0,0.0,0.0,0.0,100.0,32.07168,0.57071,0.984949
2026-07-24 00:14:34,58273.13,42599,213,170.3353,218.8424,0.7,3.006037,,,,0.05,5.683119,0.568312,1.93085,1.234061,4.0,5.0,0.0,0.099443,0.099443,99.900557,31.943626,0.64119,0.984949
2026-07-24 00:19:16,58555.18,42799,214,149.9635,218.3962,0.7,4.341057,,,,0.05,5.866065,0.586606,1.9309,3.717566,10.0,10.0,0.099606,14.267501,14.367106,85.632894,27.001162,0.611489,0.984949
2026-07-24 00:23:58,58837.95,42999,215,100.7653,218.83,0.7,6.475033,,,,0.05,4.591851,0.459185,1.931,2.04571,10.0,10.0,5.529716,14.152256,19.681972,80.318028,25.627813,0.674728,0.984949
2026-07-24 00:28:42,59121.26,43199,216,136.5365,218.2833,0.7,6.519095,,,,0.05,4.553513,0.455351,1.93195,1.808993,5.0,5.0,0.0,0.04383,0.04383,99.95617,31.826732,0.743879,0.984949
2026-07-24 00:33:24,59403.51,43399,217,213.3358,217.6416,0.7,5.90665,,,,0.05,7.111192,0.711119,1.929,0.001441,0.0,0.0,0.0,0.0,0.0,100.0,31.98464,0.599821,0.984949
2026-07-24 00:38:07,59686.21,43599,218,129.2582,215.926,0.7,6.077748,,,,0.05,4.641908,0.464191,1.929,1.105445,8.0,10.0,0.46875,5.012019,5.480769,94.519231,30.035358,0.684247,0.984949
2026-07-24 00:42:49,59969.05,43799,219,203.5224,214.8628,0.7,5.113043,,,,0.05,6.784768,0.678477,1.94,1.184458,5.0,5.0,0.0,0.011978,0.011978,99.988022,31.872593,0.717297,0.984949
2026-07-24 00:47:32,60251.59,43999,220,225.3554,213.9734,0.7,4.165955,,,,0.05,7.511845,0.751185,1.928,0.007714,0.0,0.0,0.0,0.0,0.0,100.0,32.02688,0.574978,0.984121
2026-07-24 00:52:15,60534.82,44199,221,121.1087,212.5857,0.7,4.170687,,,,0.05,4.56159,0.456159,1.935,2.955304,10.0,10.0,0.02406,8.649451,8.67351,91.32649,28.700171,0.706966,0.984121
2026-07-24 00:56:59,60818.16,44399,222,219.8098,212.564,0.7,1.85349,,,,0.05,7.459204,0.74592,1.92695,1.055764,7.0,7.0,0.0,2.334319,2.334319,97.665681,31.103738,0.671223,0.984121
2026-07-24 01:01:41,61100.43,44599,223,121.6476,211.3761,0.7,4.681345,,,,0.05,5.784599,0.57846,1.92895,3.678155,10.0,10.0,6.557639,21.020433,27.578072,72.421928,22.731418,0.595378,0.984121
2026-07-24 01:06:23,61382.65,44799,224,316.7268,211.931,0.7,2.54619,,,,0.05,10.578959,1.057896,1.936,0.922205,5.0,6.0,0.0,0.425566,0.425566,99.574434,31.607882,0.571636,0.984121
2026-07-24 01:11:05,61664.5,44999,225,363.0698,213.0857,0.7,5.841447,,,,0.05,12.40808,1.240808,1.936,0.001848,0.0,0.0,0.0,0.0,0.0,100.0,31.8592,0.624891,0.984121
2026-07-24 01:15:46,61945.91,45199,226,236.2908,213.0436,0.7,3.885866,,,,0.05,8.069974,0.806997,1.941,1.110093,7.0,8.0,0.0,3.501727,3.501727,96.498273,30.579185,0.592131,0.984121
2026-07-24 01:20:28,62228.07,45399,227,224.2546,213.7307,0.7,3.500406,,,,0.05,7.475154,0.747515,1.93895,0.392095,3.0,4.0,0.0,0.0,0.0,100.0,31.83232,0.670915,0.984121
2026-07-24 01:25:10,62509.17,45599,228,285.5269,212.5042,0.7,3.563312,,,,0.05,10.338137,1.033814,1.9489,1.591178,10.0,10.0,2.672785,8.581894,11.254679,88.745321,27.902346,0.60752,0.984121
2026-07-24 01:29:51,62790.64,45799,229,202.6196,211.8427,0.7,3.016892,,,,0.05,6.983661,0.698366,1.93095,1.079886,8.0,9.0,0.0,3.887706,3.887706,96.112294,30.507911,0.653172,0.984121
2026-07-24 01:34:33,63072.54,45999,230,342.9452,212.7609,0.7,5.444717,,,,0.05,11.518832,1.151883,1.933,0.099319,1.0,2.0,0.0,0.0,0.0,100.0,31.936,0.521251,0.98346
2026-07-24 01:39:15,63354.15,46199,231,388.9786,214.3342,0.7,2.521851,,,,0.05,13.052139,1.305214,1.93995,0.006073,0.0,0.0,0.0,0.0,0.0,100.0,32.03456,0.545582,0.98346
2026-07-24 01:43:57,63636.6,46399,232,310.4486,215.1032,0.7,5.730819,,,,0.05,10.375514,1.037551,1.93995,0.098367,1.0,1.0,0.0,0.0,0.0,100.0,32.064831,0.532133,0.98346
2026-07-24 01:48:39,63918.23,46599,233,388.0491,217.0231,0.7,3.55642,,,,0.05,13.31697,1.331697,1.939,0.0,0.0,0.0,0.0,0.0,0.0,100.0,32.04736,0.50562,0.98346
2026-07-24 01:53:20,64200.05,46799,234,271.9496,217.8575,0.7,3.988134,,,,0.05,9.875152,0.987515,1.781966,1.955441,10.0,10.0,3.929437,8.792562,12.721999,87.278001,27.86625,0.547903,0.98346
2026-07-24 01:58:02,64481.57,46999,235,316.6263,218.8064,0.7,2.93312,,,,0.05,10.554209,1.055421,1.933,0.003505,0.0,0.0,0.0,0.0,0.0,100.0,32.1344,0.540883,0.98346
2026-07-24 02:02:43,64762.78,47199,236,175.0983,218.2246,0.7,4.472933,,,,0.05,6.097779,0.609778,1.931,1.126222,8.0,8.0,0.0,4.455959,4.455959,95.544041,30.504331,0.632201,0.98346
2026-07-24 02:07:25,65044.94,47399,237,251.4587,219.9562,0.7,2.67326,,,,0.05,8.381956,0.838196,1.932,7.9e-05,0.0,0.0,0.0,0.0,0.0,100.0,32.24064,0.544841,0.98346
2026-07-24 02:12:07,65326.39,47599,238,156.3155,218.9785,0.7,4.669213,,,,0.05,5.549298,0.55493,1.932,2.195116,8.0,8.0,0.0,5.889127,5.889127,94.110873,29.981123,0.607752,0.98346
2026-07-24 02:16:49,65608.23,47799,239,280.2919,219.0932,0.7,5.742983,,,,0.05,9.364861,0.936486,1.93295,0.000557,0.0,0.0,0.0,0.0,0.0,100.0,32.1856,0.538905,0.98346
2026-07-24 02:21:31,65890.12,47999,240,302.4849,220.0379,0.7,3.204088,,,,0.05,10.08283,1.008283,1.93695,0.000674,0.0,0.0,0.0,0.0,0.0,100.0,32.2752,0.484042,0.982475
2026-07-24 02:26:12,66171.13,48199,241,360.108,221.0473,0.7,2.655654,,,,0.05,12.013625,1.201362,1.941,0.788488,4.0,5.0,0.0,0.0,0.0,100.0,32.176746,0.54191,0.982475
2026-07-24 02:30:54,66453.13,48399,242,373.8065,222.3806,0.7,4.586019,,,,0.05,12.524729,1.252473,1.93695,0.000358,0.0,0.0,0.0,0.0,0.0,100.0,32.19968,0.536363,0.982475
2026-07-24 02:35:35,66734.64,48599,243,295.7454,223.4042,0.7,4.748507,,,,0.05,9.864179,0.986418,1.94,0.00171,0.0,0.0,0.0,0.0,0.0,100.0,32.18304,0.590332,0.982475
2026-07-24 02:40:17,67016.34,48799,244,362.8116,223.5241,0.7,1.862226,,,,0.05,12.136924,1.213692,1.93495,0.000319,0.0,0.0,0.0,0.0,0.0,100.0,32.1408,0.506397,0.982475
2026-07-24 02:44:58,67297.93,48999,245,332.9278,224.1591,0.7,4.514285,,,,0.05,11.126661,1.112666,1.93595,0.461051,2.0,2.0,0.0,0.0,0.0,100.0,31.929049,0.642333,0.982475
2026-07-24 02:49:40,67579.4,49199,246,255.5037,224.2436,0.7,3.167516,,,,0.05,8.517946,0.851795,1.9269,0.010507,0.0,1.0,0.0,0.0,0.0,100.0,32.03968,0.569197,0.982475
2026-07-24 02:54:21,67861.0,49399,247,16.4598,221.279,0.7,7.256526,,,,0.05,3.427243,0.342724,0.365698,3.509539,10.0,10.0,19.947118,24.574336,44.521453,55.478547,17.376903,0.663938,0.982475
2026-07-24 02:59:03,68142.46,49599,248,328.0554,221.5388,0.7,7.405791,,,,0.05,11.069353,1.106935,1.9319,0.076861,1.0,1.0,0.0,0.0,0.0,100.0,31.95776,0.519895,0.982475
2026-07-24 03:03:45,68424.79,49799,249,217.3165,220.0824,0.7,2.612027,,,,0.05,7.477564,0.747756,1.934,2.800788,7.0,7.0,0.0,4.155491,4.155491,95.844509,30.213096,0.608344,0.982475
2026-07-24 03:08:26,68705.86,49999,250,197.2613,220.0124,0.7,4.242032,,,,0.05,6.575721,0.657572,1.923,1.245852,4.0,4.0,0.0,0.0,0.0,100.0,31.864597,0.66329,0.98175
2026-07-24 03:13:07,68986.64,50199,251,242.2283,219.6497,0.7,3.989387,,,,0.05,8.074276,0.807428,1.93795,0.720154,3.0,3.0,0.0,0.0,0.0,100.0,31.879354,0.600086,0.98175
2026-07-24 03:17:49,69268.7,50399,252,289.1788,221.3411,0.7,3.053876,,,,0.05,9.639294,0.963929,1.931,0.533157,3.0,4.0,0.0,0.0,0.0,100.0,31.945712,0.497644,0.98175
2026-07-24 03:22:30,69549.65,50599,253,314.4662,222.639,0.7,6.218704,,,,0.05,10.493247,1.049325,1.931,0.115615,1.0,1.0,0.0,0.0,0.0,100.0,31.986874,0.491279,0.98175
2026-07-24 03:27:12,69831.27,50799,254,346.6504,224.8273,0.7,2.929244,,,,0.05,11.832887,1.183289,1.93495,0.005269,0.0,0.0,0.0,0.0,0.0,100.0,31.82208,0.58267,0.98175
2026-07-24 03:31:53,70112.78,50999,255,189.6256,225.8755,0.7,3.74768,,,,0.05,6.441627,0.644163,1.94295,1.433807,7.0,7.0,0.0,2.235176,2.235176,97.764824,30.875085,0.663866,0.98175
2026-07-24 03:36:35,70394.8,51199,256,345.3673,226.9819,0.7,3.104364,,,,0.05,11.520643,1.152064,1.934,0.0,0.0,0.0,0.0,0.0,0.0,100.0,31.99616,0.52093,0.98175
2026-07-24 03:41:17,70677.03,51399,257,217.2702,227.5402,0.7,4.997435,,,,0.05,8.048661,0.804866,1.943,2.554382,9.0,9.0,0.0,13.169482,13.169482,86.830518,27.398866,0.580836,0.98175
2026-07-24 03:45:59,70958.6,51599,258,208.3402,226.9411,0.7,11.116283,,,,0.05,7.406106,0.740611,1.9379,1.862141,10.0,10.0,0.047971,7.231661,7.279632,92.720368,29.421757,0.548501,0.98175
2026-07-24 03:50:41,71240.21,51799,259,279.3403,227.4537,0.7,5.108415,,,,0.05,9.311343,0.931134,1.927,0.0,0.0,0.0,0.0,0.0,0.0,100.0,32.04864,0.485612,0.98175
2026-07-24 03:55:22,71521.46,51999,260,296.146,228.1588,0.7,3.561283,,,,0.05,9.871534,0.987153,1.9289,0.44339,3.0,3.0,0.0,0.0,0.0,100.0,31.824743,0.52537,0.980759
2026-07-24 04:00:04,71803.17,52199,261,352.7907,228.7571,0.7,7.687615,,,,0.05,11.762387,1.176239,1.9309,0.000766,0.0,0.0,0.0,0.0,0.0,100.0,31.73248,0.575098,0.980759
2026-07-24 04:04:45,72084.79,52399,262,157.8903,227.0728,0.7,2.192889,,,,0.05,5.460247,0.546025,1.9329,2.73254,7.0,8.0,0.0,3.333735,3.333735,96.666265,30.445231,0.650111,0.980759
2026-07-24 04:09:27,72366.16,52599,263,118.7117,225.0141,0.7,6.876531,,,,0.05,5.648778,0.564878,0.98248,3.529827,9.0,10.0,8.464614,18.240704,26.705318,73.294682,23.01659,0.608646,0.980759
2026-07-24 04:14:08,72647.72,52799,264,349.7963,225.7828,0.7,2.72882,,,,0.05,11.828091,1.182809,1.933,0.0,0.0,0.0,0.0,0.0,0.0,100.0,32.33664,0.599332,0.980759
2026-07-24 04:18:49,72928.7,52999,265,255.0842,226.4428,0.7,3.09724,,,,0.05,8.553377,0.855338,1.92795,0.048035,0.0,1.0,0.0,0.0,0.0,100.0,32.510318,0.546986,0.980759
2026-07-24 04:23:30,73209.9,53199,266,223.5323,226.0743,0.7,2.765049,,,,0.05,7.451078,0.745108,1.93395,0.520077,3.0,3.0,0.0,0.0,0.0,100.0,32.515443,0.612808,0.980759
2026-07-24 04:28:12,73491.11,53399,267,258.5286,225.8476,0.7,4.506248,,,,0.05,8.676766,0.867677,1.92795,0.937485,4.0,4.0,0.0,0.0,0.0,100.0,32.127162,0.63537,0.980759
2026-07-24 04:32:53,73772.73,53599,268,192.0032,225.0201,0.7,3.484264,,,,0.05,6.877941,0.687794,1.94595,3.062585,10.0,10.0,0.246658,7.590707,7.837365,92.162635,29.166725,0.53935,0.980759
2026-07-24 04:37:25,74044.73,53799,269,278.124,225.986,0.7,5.784339,,,,0.05,9.313722,0.931372,1.931,1.035173,6.0,6.0,0.0,0.760365,0.760365,99.239635,31.588875,0.685973,0.980759
2026-07-24 04:41:57,74316.32,53999,270,212.9146,225.6315,0.7,3.605159,,,,0.05,7.998793,0.799879,1.014449,2.35005,10.0,10.0,3.454933,11.145075,14.600008,85.399992,26.889103,0.417315,0.980065
2026-07-24 04:46:29,74588.15,54199,271,187.9062,226.0789,0.7,2.995737,,,,0.05,7.436129,0.743613,0.724505,1.573049,6.0,10.0,8.557162,9.696774,18.253936,81.746064,25.756569,0.494038,0.980065
2026-07-24 04:51:00,74860.06,54399,272,167.8166,226.9055,0.7,2.044501,,,,0.05,6.625514,0.662551,0.763104,1.670915,4.0,10.0,7.443392,7.92115,15.364542,84.635458,26.730921,0.449585,0.980065
2026-07-24 04:55:32,75131.29,54599,273,248.3781,228.0642,0.7,2.69715,,,,0.05,8.27927,0.827927,1.9329,0.320327,2.0,2.0,0.0,0.0,0.0,100.0,31.819945,0.622497,0.980065
2026-07-24 05:00:03,75402.54,54799,274,331.7876,229.7515,0.7,3.441217,,,,0.05,11.841289,1.184129,1.94,0.001973,0.0,0.0,0.0,0.0,0.0,100.0,31.7824,0.717269,0.980065
2026-07-24 05:04:34,75673.38,54999,275,214.2659,229.4044,0.7,5.37351,,,,0.05,7.174213,0.717421,1.933,1.646281,6.0,6.0,0.0,0.603768,0.603768,99.396232,31.377295,0.59735,0.980065
2026-07-24 05:09:04,75943.95,55199,276,152.689,227.4045,0.7,2.253016,,,,0.05,5.675447,0.567545,1.713904,1.54137,10.0,10.0,1.504183,7.850708,9.354891,90.645109,28.671925,0.56293,0.980065
2026-07-24 05:13:35,76215.06,55399,277,176.4465,226.6082,0.7,10.748056,,,,0.05,5.881549,0.588155,1.92795,0.246814,1.0,1.0,0.0,0.0,0.0,100.0,31.844057,0.713254,0.980065
2026-07-24 05:18:07,76486.4,55599,278,155.0093,227.4268,0.7,2.953175,,,,0.05,5.166976,0.516698,1.9269,0.232375,1.0,2.0,0.0,0.0,0.0,100.0,31.757074,0.647463,0.980065
2026-07-24 05:22:38,76757.25,55799,279,177.5744,227.4575,0.7,2.477876,,,,0.05,5.919146,0.591915,1.92995,0.0,0.0,0.0,0.0,0.0,0.0,100.0,31.83488,0.622923,0.980065
2026-07-24 05:27:09,77028.43,55999,280,88.5486,225.6388,0.7,3.206909,,,,0.05,4.399855,0.439986,0.526709,3.768826,7.0,10.0,8.606328,14.689628,23.295955,76.704045,23.96718,0.608764,0.979515
2026-07-24 05:31:41,77300.14,56199,281,177.4206,226.2828,0.7,4.788221,,,,0.05,5.958011,0.595801,1.92995,0.456363,3.0,5.0,0.0,0.0,0.0,100.0,32.003125,0.589426,0.979515
2026-07-24 05:36:11,77570.98,56399,282,204.8559,226.3483,0.7,2.63908,,,,0.05,6.828531,0.682853,1.932,0.003213,0.0,0.0,0.0,0.0,0.0,100.0,31.86816,0.603252,0.979515
2026-07-24 05:40:42,77842.08,56599,283,149.9544,226.0293,0.7,3.096791,,,,0.05,4.99848,0.499848,1.92495,0.103689,1.0,2.0,0.0,0.0,0.0,100.0,32.096386,0.688455,0.979515
2026-07-24 05:45:14,78113.42,56799,284,141.7092,225.4961,0.7,2.383804,,,,0.05,4.723641,0.472364,1.925,1.060843,5.0,5.0,0.0,0.0,0.0,100.0,31.873129,0.7491,0.979515
2026-07-24 05:49:45,78384.97,56999,285,197.7363,226.0987,0.7,6.759181,,,,0.05,6.591211,0.659121,1.92495,1.010095,3.0,4.0,0.0,0.0,0.0,100.0,31.699218,0.53893,0.979515
2026-07-24 05:54:17,78656.57,57199,286,218.4915,227.1877,0.7,6.109542,,,,0.05,7.902899,0.79029,1.682946,1.502758,10.0,10.0,1.71161,8.283546,9.995156,90.004844,28.395448,0.453677,0.979515
2026-07-24 05:58:48,78927.8,57399,287,239.4033,229.2135,0.7,5.253131,,,,0.05,8.62947,0.862947,1.378412,1.244542,10.0,10.0,2.160432,8.437688,10.59812,89.40188,28.519292,0.430563,0.979515
2026-07-24 06:03:19,79198.37,57599,288,370.3016,233.8485,0.7,3.196634,,,,0.05,12.343385,1.234339,1.9349,0.128295,1.0,2.0,0.0,0.0,0.0,100.0,31.996974,0.532403,0.979515
2026-07-24 06:07:49,79468.96,57799,289,342.4918,236.6146,0.7,2.273697,,,,0.05,11.469468,1.146947,1.9349,0.006696,0.0,0.0,0.0,0.0,0.0,100.0,32.11648,0.490528,0.979515
2026-07-24 06:12:21,79740.15,57999,290,187.9857,236.1069,0.7,3.157624,,,,0.05,7.964768,0.796477,1.93795,4.57033,10.0,10.0,8.804482,18.2248,27.029282,72.970718,23.114157,0.55974,0.978769
2026-07-24 06:16:52,80011.32,58199,291,371.9656,236.7018,0.7,2.024215,,,,0.05,12.695114,1.269511,1.93695,0.000434,0.0,0.0,0.0,0.0,0.0,100.0,32.4288,0.610403,0.978769
2026-07-24 06:21:22,80282.03,58399,292,332.5347,236.3657,0.7,7.291454,,,,0.05,11.120093,1.112009,1.937,0.093766,1.0,1.0,0.0,0.0,0.0,100.0,32.134564,0.631728,0.978769
2026-07-24 06:25:53,80552.59,58599,293,355.256,237.7199,0.7,3.545662,,,,0.05,11.853,1.1853,1.941,0.140708,1.0,1.0,0.0,0.0,0.0,100.0,31.913281,0.648164,0.978769
2026-07-24 06:30:24,80823.42,58799,294,252.2864,237.1204,0.7,2.630778,,,,0.05,9.613262,0.961326,0.217999,0.828275,4.0,6.7,10.249307,7.98908,18.238388,81.761612,25.865746,0.566494,0.978769
2026-07-24 06:34:54,81093.79,58999,295,212.3121,236.4988,0.7,3.221388,,,,0.05,7.338805,0.73388,1.936,1.229268,8.0,8.0,0.0,4.490946,4.490946,95.509054,30.177831,0.535527,0.978769
2026-07-24 06:39:25,81364.49,59199,296,307.2414,237.6583,0.7,6.567864,,,,0.05,10.258134,1.025813,1.934,0.0,0.0,0.0,0.0,0.0,0.0,100.0,31.78752,0.494621,0.978769
2026-07-24 06:43:56,81635.27,59399,297,221.3167,236.9537,0.7,3.951358,,,,0.05,8.637538,0.863754,0.04868,0.011226,0.0,0.0,10.97321,8.23794,19.21115,80.78885,25.636576,0.41103,0.978769
2026-07-24 06:48:27,81906.53,59599,298,172.7837,236.9087,0.7,7.001092,,,,0.05,6.916992,0.691699,0.239032,0.194805,0.0,10.0,9.517491,8.27503,17.792521,82.207479,26.063361,0.469656,0.978769
2026-07-24 06:52:58,82177.66,59799,299,245.6428,236.0693,0.7,1.627838,,,,0.05,8.188094,0.818809,1.93595,0.000524,0.0,0.0,0.0,0.0,0.0,100.0,31.75296,0.426205,0.978769
2026-07-24 06:57:29,82448.41,59999,300,183.7283,235.1774,0.7,3.506679,,,,0.05,6.124275,0.612428,1.9349,0.571578,3.0,4.0,0.0,0.0,0.0,100.0,31.813713,0.54303,0.978164
2026-07-24 07:02:00,82719.63,60199,301,392.5578,237.0562,0.7,2.486709,,,,0.05,13.087362,1.308736,1.933,0.0,0.0,0.0,0.0,0.0,0.0,100.0,31.79008,0.492735,0.978164
2026-07-24 07:06:31,82990.37,60399,302,445.4318,239.1986,0.7,3.271321,,,,0.05,15.072035,1.507203,1.942,0.001733,0.0,0.0,0.0,0.0,0.0,100.0,31.75296,0.604969,0.978164
2026-07-24 07:11:01,83260.81,60599,303,396.0489,240.7716,0.7,6.988558,,,,0.05,13.201628,1.320163,1.93695,0.003925,0.0,0.0,0.0,0.0,0.0,100.0,31.9616,0.547093,0.978164
2026-07-24 07:15:32,83531.77,60799,304,258.2239,241.6927,0.7,5.49968,,,,0.05,8.607463,0.860746,1.933,0.1949,1.0,2.0,0.0,0.0,0.0,100.0,32.17505,0.483441,0.978164
2026-07-24 07:20:03,83802.76,60999,305,287.0201,242.6351,0.7,3.048597,,,,0.05,10.77146,1.077146,0.176801,0.102429,0.0,7.0,10.134625,8.629522,18.764148,81.235852,26.164055,0.428096,0.978164
2026-07-24 07:24:17,84056.41,61199,306,197.4723,243.4799,0.7,2.009551,,,,0.05,6.80625,0.680625,1.933,1.586796,7.0,8.0,0.0,3.843865,3.843865,96.156135,30.771402,0.618088,0.978164
2026-07-24 07:28:11,84290.61,61399,307,228.9246,244.1515,0.7,3.663682,,,,0.05,7.786586,0.778659,1.935,1.469879,7.0,7.0,0.0,2.786476,2.786476,97.213524,31.213887,0.506747,0.978164
2026-07-24 07:32:05,84524.8,61599,308,240.8068,245.3303,0.7,1.538246,,,,0.05,8.39764,0.839764,1.934,0.001823,0.0,0.0,0.0,0.0,0.0,100.0,32.29312,0.573868,0.978164
2026-07-24 07:36:00,84759.38,61799,309,207.9116,245.891,0.7,11.608476,,,,0.05,7.619061,0.761906,1.94495,1.159487,10.0,10.0,0.015948,6.132132,6.14808,93.85192,29.953834,0.711077,0.978164
2026-07-24 07:39:55,84994.91,61999,310,299.7456,247.2538,0.7,2.694602,,,,0.05,10.063418,1.006342,1.939,0.34402,2.0,3.0,0.0,0.0,0.0,100.0,31.860793,0.630618,0.977264
2026-07-24 07:43:51,85230.65,62199,311,288.7353,247.2943,0.7,4.291451,,,,0.05,9.624509,0.962451,1.938,0.173915,1.0,1.0,0.0,0.0,0.0,100.0,31.877235,0.565393,0.977264
2026-07-24 07:47:46,85466.05,62399,312,240.0855,247.4156,0.7,6.912709,,,,0.05,8.461321,0.846132,1.885356,1.216051,10.0,10.0,0.032194,7.722645,7.754839,92.245161,29.156343,0.51992,0.977264
2026-07-24 07:51:42,85701.78,62599,313,336.9817,249.0821,0.7,3.28713,,,,0.05,11.233578,1.123358,1.9399,1.168096,5.0,5.0,0.0,0.016146,0.016146,99.983854,31.503969,0.601063,0.977264
2026-07-24 07:55:37,85936.38,62799,314,240.0735,249.9832,0.7,3.052002,,,,0.05,8.00245,0.800245,1.931,0.861139,4.0,4.0,0.0,0.0,0.0,100.0,31.802533,0.586476,0.977264
2026-07-24 07:59:32,86171.62,62999,315,239.7259,251.3728,0.7,3.601488,,,,0.05,8.472706,0.847271,1.865505,2.115622,10.0,10.0,0.047788,7.972602,8.020389,91.979611,29.233304,0.616368,0.977264
2026-07-24 08:03:27,86406.52,63199,316,206.8828,252.0763,0.7,4.145652,,,,0.05,7.226507,0.722651,1.935,1.490584,8.0,9.0,0.0,5.434869,5.434869,94.565131,30.179328,0.561653,0.977264
2026-07-24 08:07:21,86640.74,63399,317,264.7891,252.5908,0.7,4.343783,,,,0.05,9.114281,0.911428,1.94,1.960458,8.0,8.0,0.0,4.9025,4.9025,95.0975,30.655838,0.567809,0.977264
2026-07-24 08:11:16,86875.31,63599,318,235.3058,253.6513,0.7,2.448807,,,,0.05,7.843527,0.784353,1.93995,1.286574,4.0,5.0,0.0,0.0,0.0,100.0,32.339684,0.604491,0.977264
2026-07-24 08:15:10,87109.94,63799,319,266.6133,254.2822,0.7,2.020661,,,,0.05,8.88711,0.888711,1.942,0.148567,1.0,2.0,0.0,0.0,0.0,100.0,32.282911,0.551626,0.977264
2026-07-24 08:19:05,87344.27,63999,320,167.6638,253.7053,0.7,3.016266,,,,0.05,6.382879,0.638288,1.481434,1.843018,10.0,10.0,4.422917,7.948545,12.371461,87.628539,27.999037,0.574155,0.976425
2026-07-24 08:22:59,87578.66,64199,321,257.5579,255.0698,0.7,2.702275,,,,0.05,8.585264,0.858526,1.934,0.001389,0.0,0.0,0.0,0.0,0.0,100.0,32.26368,0.458571,0.976425
2026-07-24 08:26:55,87814.52,64399,322,98.9143,253.8608,0.7,4.603665,,,,0.05,4.679178,0.467918,1.813019,2.07226,10.0,10.0,6.153354,15.735006,21.888361,78.111639,24.772925,0.674172,0.976425
2026-07-24 08:30:50,88049.35,64599,323,122.1862,253.8662,0.7,3.492215,,,,0.05,4.072875,0.407287,1.934,0.578526,3.0,4.0,0.0,0.0,0.0,100.0,31.94985,0.631662,0.976425
2026-07-24 08:34:44,88283.96,64799,324,269.1374,253.3903,0.7,1.906845,,,,0.05,8.971246,0.897125,1.93295,0.065046,1.0,1.0,0.0,0.0,0.0,100.0,31.859899,0.489579,0.976425
2026-07-24 08:38:39,88518.9,64999,325,373.9527,253.4991,0.7,8.110048,,,,0.05,12.466676,1.246668,1.93995,0.022824,0.0,1.0,0.0,0.0,0.0,100.0,31.79776,0.542862,0.976425
2026-07-24 08:42:34,88753.63,65199,326,401.2639,255.1489,0.7,3.522355,,,,0.05,13.518633,1.351863,1.949,0.759351,4.0,5.0,0.0,0.0,0.0,100.0,31.621281,0.531036,0.976425
2026-07-24 08:46:30,88989.64,65399,327,334.6536,256.2528,0.7,1.748255,,,,0.05,11.158815,1.115881,1.93495,0.01592,0.0,1.0,0.0,0.0,0.0,100.0,31.84,0.473135,0.976425
2026-07-24 08:50:27,89226.74,65599,328,176.3893,255.1615,0.7,6.194403,,,,0.05,7.179529,0.717953,1.584821,2.268762,10.0,10.0,4.582058,16.319053,20.901111,79.098889,24.968324,0.421915,0.976425
2026-07-24 08:54:24,89463.3,65799,329,217.2859,255.3081,0.7,6.939639,,,,0.05,7.242862,0.724286,1.92495,0.000361,0.0,0.0,0.0,0.0,0.0,100.0,31.92704,0.605955,0.976425
2026-07-24 08:58:20,89699.8,65999,330,182.3454,253.7021,0.7,2.371791,,,,0.05,6.078179,0.607818,1.92395,0.005034,0.0,0.0,0.0,0.0,0.0,100.0,32.03712,0.698858,0.975637
2026-07-24 09:02:16,89935.18,66199,331,146.9741,251.2821,0.7,2.678279,,,,0.05,4.899137,0.489914,3.7e-05,0.1992,2.0,2.0,0.0,0.0,0.0,100.0,32.0064,0.657077,0.975637
2026-07-24 09:06:11,90170.66,66399,332,16.8833,248.3464,0.7,6.106142,,,,0.05,1.056046,0.105605,3.8e-05,1.134095,9.0,9.0,0.0,5.768386,5.768386,94.231614,30.011436,0.971759,0.975637
2026-07-24 09:10:06,90406.08,66599,333,214.9507,246.6155,0.7,1.490304,,,,0.05,7.653587,0.765359,3.8e-05,1.137621,9.0,10.0,0.0,5.799134,5.799134,94.200866,29.931367,0.65668,0.975637
2026-07-24 09:14:02,90641.23,66799,334,280.211,246.6981,0.7,4.344319,,,,0.05,9.341002,0.9341,1.92995,0.000682,0.0,0.0,0.0,0.0,0.0,100.0,31.92576,0.532067,0.975637
2026-07-24 09:17:57,90876.43,66999,335,315.3454,246.6853,0.7,2.452798,,,,0.05,10.511513,1.051151,1.9329,0.001086,0.0,0.0,0.0,0.0,0.0,100.0,31.81312,0.620721,0.975637
2026-07-24 09:21:52,91112.01,67199,336,318.2935,248.1172,0.7,2.219992,,,,0.05,10.609782,1.060978,1.925,0.000641,0.0,0.0,0.0,0.0,0.0,100.0,31.96288,0.432142,0.975637
2026-07-24 09:25:47,91347.1,67399,337,323.5981,248.8386,0.7,6.887784,,,,0.05,10.786602,1.07866,1.9309,0.0,0.0,0.0,0.0,0.0,0.0,100.0,31.91296,0.451393,0.975637
2026-07-24 09:29:43,91582.54,67599,338,329.9795,250.5752,0.7,2.895278,,,,0.05,10.999316,1.099932,1.93595,0.000559,0.0,0.0,0.0,0.0,0.0,100.0,32.0512,0.520181,0.975637
2026-07-24 09:33:38,91817.61,67799,339,305.8286,250.8306,0.7,4.334742,,,,0.05,11.419296,1.14193,0.318199,0.100787,0.0,5.71,10.163882,8.138283,18.302165,81.697835,26.081822,0.471224,0.975637
2026-07-24 09:37:34,92053.16,67999,340,343.6947,251.2427,0.7,3.059523,,,,0.05,11.456491,1.145649,1.939,0.000796,0.0,0.0,0.0,0.0,0.0,100.0,32.17024,0.507952,0.974732
2026-07-24 09:41:28,92287.43,68199,341,229.4551,249.9362,0.7,5.573888,,,,0.05,8.162883,0.816288,1.94195,1.166623,9.0,10.0,1.491463,6.761566,8.253029,91.746971,29.182998,0.497985,0.974732
2026-07-24 09:45:23,92522.35,68399,342,293.5343,249.1335,0.7,3.465774,,,,0.05,9.8709,0.98709,1.9489,1.187091,6.0,7.0,0.0,1.640853,1.640853,98.359147,31.274971,0.513115,0.974732
2026-07-24 09:49:18,92757.38,68599,343,301.2633,249.1886,0.7,3.05603,,,,0.05,10.04211,1.004211,1.94095,0.314507,2.0,2.0,0.0,0.0,0.0,100.0,32.160557,0.550668,0.974732
2026-07-24 09:53:14,92993.27,68799,344,242.131,247.9818,0.7,2.963607,,,,0.05,9.331405,0.93314,0.029485,0.028055,0.0,1.0,10.957489,8.355185,19.312674,80.687326,25.852534,0.434658,0.974732
2026-07-24 09:57:09,93228.66,68999,345,331.7237,247.9698,0.7,5.847703,,,,0.05,12.056927,1.205693,0.581899,0.463258,0.0,10.0,7.096903,7.728272,14.825175,85.174825,27.178278,0.502473,0.974732
2026-07-24 10:01:05,93464.23,69199,346,331.9199,248.734,0.7,2.522542,,,,0.05,11.063997,1.1064,1.94095,0.009275,0.0,0.0,0.0,0.0,0.0,100.0,32.156036,0.606394,0.974732
2026-07-24 10:05:00,93699.92,69399,347,368.18,252.2512,0.7,3.464251,,,,0.05,12.437642,1.243764,1.93895,0.01742,0.0,1.0,0.0,0.0,0.0,100.0,32.11008,0.538472,0.974732
2026-07-24 10:08:56,93935.37,69599,348,158.5559,250.5562,0.7,2.928847,,,,0.05,6.494134,0.649413,0.113419,1.096654,5.0,5.0,10.237762,8.35964,18.597403,81.402597,25.786417,0.417018,0.974732
2026-07-24 10:12:52,94171.41,69799,349,265.953,251.0425,0.7,1.761652,,,,0.05,8.8651,0.88651,1.93095,0.00196,0.0,0.0,0.0,0.0,0.0,100.0,31.99744,0.439154,0.974732
2026-07-24 10:16:47,94406.46,69999,350,294.1591,252.0115,0.7,6.778524,,,,0.05,9.805302,0.98053,1.93395,0.1576,1.0,2.0,0.0,0.0,0.0,100.0,32.04864,0.465899,0.974156
2026-07-24 10:20:42,94641.28,70199,351,173.2628,251.3218,0.7,3.749755,,,,0.05,6.056243,0.605624,1.93195,1.090594,8.0,8.0,0.0,4.721922,4.721922,95.278078,30.321162,0.563933,0.974156
2026-07-24 10:24:37,94876.29,70399,352,250.1501,250.9316,0.7,2.194264,,,,0.05,9.234335,0.923434,0.842429,0.788287,10.0,10.0,5.741073,8.402154,14.143228,85.856772,27.40516,0.433159,0.974156
2026-07-24 10:28:32,95111.65,70599,353,313.9369,250.9263,0.7,2.963192,,,,0.05,10.466637,1.046664,1.93995,0.004491,0.0,0.0,0.0,0.0,0.0,100.0,31.9232,0.550087,0.974156
2026-07-24 10:32:27,95347.09,70799,354,216.29,249.6227,0.7,2.357686,,,,0.05,8.251981,0.825198,1.94095,2.699068,10.0,10.0,1.249049,15.909364,17.158413,82.841587,26.17716,0.547726,0.974156
2026-07-24 10:36:23,95583.02,70999,355,185.3183,249.5796,0.7,3.730558,,,,0.05,6.177275,0.617728,1.94,1.027509,4.0,4.0,0.0,0.0,0.0,100.0,31.828473,0.682618,0.974156
2026-07-24 10:40:19,95818.44,71199,356,338.4157,249.5101,0.7,2.10502,,,,0.05,11.285569,1.128557,1.94,0.005479,0.0,0.0,0.0,0.0,0.0,100.0,32.0064,0.590888,0.974156
2026-07-24 10:44:14,96053.96,71399,357,318.991,250.5273,0.7,3.275277,,,,0.05,10.633264,1.063326,1.941,0.41522,3.0,3.0,0.0,0.0,0.0,100.0,31.85696,0.551739,0.974156
2026-07-24 10:48:10,96289.63,71599,358,429.9945,252.7438,0.7,1.814349,,,,0.05,15.186261,1.518626,1.94295,0.0,0.0,0.0,0.0,0.0,0.0,100.0,31.93856,0.625376,0.974156
2026-07-24 10:52:06,96525.77,71799,359,268.0119,252.6305,0.7,1.554193,,,,0.05,9.385637,0.938564,1.948,2.422049,8.0,9.0,0.0,7.917287,7.917287,92.082713,28.935216,0.601534,0.974156
2026-07-24 10:56:02,96761.62,71999,360,369.8176,253.3673,0.7,2.623286,,,,0.05,12.498596,1.24986,1.936,0.0,0.0,0.0,0.0,0.0,0.0,100.0,31.74016,0.547505,0.973367
2026-07-24 10:59:58,96997.64,72199,361,231.9132,252.1585,0.7,3.076622,,,,0.05,7.730441,0.773044,1.93795,0.297325,2.0,2.0,0.0,0.0,0.0,100.0,31.627211,0.525036,0.973367
2026-07-24 11:03:54,97233.28,72399,362,326.3651,253.8432,0.7,3.826585,,,,0.05,10.901761,1.090176,1.9329,0.879152,5.0,5.0,0.0,0.076917,0.076917,99.923083,31.447963,0.504127,0.973367
2026-07-24 11:07:51,97470.33,72599,363,249.3746,255.1499,0.7,2.327279,,,,0.05,8.373938,0.837394,1.934,1.0133,6.0,6.0,0.0,1.089819,1.089819,98.910181,31.085125,0.371709,0.973367
2026-07-24 11:11:47,97706.24,72799,364,274.4437,254.3963,0.7,3.841949,,,,0.05,9.16801,0.916801,1.93,4e-05,0.0,0.0,0.0,0.0,0.0,100.0,31.74912,0.530672,0.973367
2026-07-24 11:15:43,97942.38,72999,365,192.1595,253.7671,0.7,1.714818,,,,0.05,7.394121,0.739412,0.557183,1.482326,3.0,10.0,7.208252,8.01983,15.228081,84.771919,26.909962,0.561828,0.973367
2026-07-24 11:19:39,98178.23,73199,366,253.4669,254.0664,0.7,3.290895,,,,0.05,8.462895,0.846289,1.93095,0.006109,0.0,0.0,0.0,0.0,0.0,100.0,32.05747,0.591448,0.973367
2026-07-24 11:23:35,98414.47,73399,367,248.2554,253.9637,0.7,4.009659,,,,0.05,8.495986,0.849599,1.9349,0.007593,0.0,0.0,0.0,0.0,0.0,100.0,32.198649,0.681576,0.973367
2026-07-24 11:27:31,98650.31,73599,368,195.2239,253.9959,0.7,2.485598,,,,0.05,6.507462,0.650746,1.93,0.283718,2.0,2.0,0.0,0.0,0.0,100.0,32.154843,0.601184,0.973367
2026-07-24 11:31:26,98885.95,73799,369,158.3463,252.7981,0.7,2.356802,,,,0.05,5.278211,0.527821,1.927,0.892789,3.0,4.0,0.0,0.0,0.0,100.0,31.985887,0.590584,0.973367
2026-07-24 11:35:24,99123.15,73999,370,12.4255,250.7932,0.7,2.369091,,,,0.05,2.506885,0.250688,0.641461,3.844818,10.0,10.0,13.760479,19.229541,32.99002,67.00998,21.015548,0.760402,0.972651
2026-07-24 11:39:20,99359.97,74199,371,134.659,250.2608,0.7,4.485638,,,,0.05,4.488633,0.448863,1.923,0.214865,1.0,2.0,0.0,0.0,0.0,100.0,32.050456,0.717671,0.972651
2026-07-24 11:43:17,99596.4,74399,372,116.7449,249.75,0.7,3.71536,,,,0.05,3.891497,0.38915,1.923,0.46173,3.0,3.0,0.0,0.0,0.0,100.0,31.810044,0.800658,0.972651
2026-07-24 11:47:13,99832.75,74599,373,135.8807,248.6251,0.7,1.135421,,,,0.05,4.529358,0.452936,1.923,0.329446,2.0,2.0,0.0,0.0,0.0,100.0,31.828758,0.705613,0.972651
2026-07-24 11:51:09,100069.09,74799,374,245.6063,247.7633,0.7,4.591839,,,,0.05,8.186875,0.818688,1.92595,0.938146,3.0,3.0,0.0,0.0,0.0,100.0,31.828976,0.534456,0.972651
2026-07-24 11:55:05,100304.97,74999,375,280.4566,248.4252,0.7,6.165107,,,,0.05,9.364623,0.936462,1.931,0.0,0.0,0.0,0.0,0.0,0.0,100.0,31.85152,0.62473,0.972651
2026-07-24 11:59:02,100541.46,75199,376,191.4946,248.8132,0.7,3.16877,,,,0.05,7.12653,0.712653,1.499584,1.369041,10.0,10.0,3.601873,8.220275,11.822148,88.177852,28.028857,0.587701,0.972651
2026-07-24 12:02:57,100777.03,75399,377,373.8842,250.7876,0.7,3.34674,,,,0.05,12.528144,1.252814,1.94,0.513402,2.0,2.0,0.0,0.0,0.0,100.0,31.996324,0.645549,0.972651
2026-07-24 12:06:54,101013.45,75599,378,362.0352,252.8579,0.7,3.845961,,,,0.05,12.446015,1.244602,1.94195,0.107244,1.0,1.0,0.0,0.0,0.0,100.0,32.249604,0.630095,0.972651
2026-07-24 12:10:50,101249.88,75799,379,251.8675,253.6008,0.7,4.478743,,,,0.05,8.40933,0.840933,1.94095,1.616004,5.0,5.0,0.0,0.035696,0.035696,99.964304,31.977687,0.542496,0.972651
2026-07-24 12:14:47,101486.46,75999,380,310.3713,255.819,0.7,1.220271,,,,0.05,10.349906,1.034991,1.93895,0.276826,2.0,2.0,0.0,0.0,0.0,100.0,32.197099,0.525961,0.971566
2026-07-24 12:18:43,101722.49,76199,381,334.0639,257.3855,0.7,3.798127,,,,0.05,11.141186,1.114119,1.94195,0.63293,4.0,4.0,0.0,0.0,0.0,100.0,32.162467,0.536481,0.971566
2026-07-24 12:22:40,101959.66,76399,382,252.7526,257.8644,0.7,2.225046,,,,0.05,9.320691,0.932069,1.464891,1.555851,10.0,10.0,5.80681,8.280154,14.086963,85.913037,27.527028,0.499834,0.971566
2026-07-24 12:26:37,102196.51,76599,383,324.3842,259.6087,0.7,2.354335,,,,0.05,10.812807,1.081281,1.944,0.001978,0.0,0.0,0.0,0.0,0.0,100.0,32.36224,0.498604,0.971566
2026-07-24 12:30:34,102433.89,76799,384,304.3551,261.2352,0.7,2.520468,,,,0.05,10.145171,1.014517,1.936,0.000674,0.0,0.0,0.0,0.0,0.0,100.0,32.29312,0.614435,0.971566
2026-07-24 12:34:31,102670.28,76999,385,148.6025,260.7438,0.7,3.92836,,,,0.05,4.956195,0.495619,1.93385,0.875353,5.0,5.0,0.0,0.055448,0.055448,99.944552,32.163254,0.651102,0.971566
2026-07-24 12:38:28,102907.46,77199,386,67.2439,259.2314,0.8,0.906859,,,,0.05,2.846219,0.284622,1.923,2.420913,9.0,9.0,0.0,10.337805,10.337805,89.662195,28.388415,0.878343,0.971566
2026-07-24 12:42:24,103143.67,77399,387,130.5584,258.1429,0.8,7.183749,,,,0.05,5.652778,0.565278,0.572039,2.48903,7.0,10.0,9.406218,11.060497,20.466715,79.533285,25.037199,0.508691,0.971566
2026-07-24 12:46:22,103381.2,77599,388,175.0327,256.1902,0.8,3.970779,,,,0.05,5.972052,0.597205,1.92195,1.60681,7.0,7.0,0.0,2.528995,2.528995,97.471005,30.752213,0.503347,0.971566
2026-07-24 12:50:18,103617.83,77799,389,249.2811,255.2581,0.8,2.273655,,,,0.05,9.243748,0.924375,1.00574,2.039149,10.0,10.0,4.918099,10.22543,15.143529,84.856471,26.6345,0.38991,0.971566
2026-07-24 12:54:15,103854.28,77999,390,263.4146,256.0124,0.8,1.384338,,,,0.05,8.780487,0.878049,1.92795,0.127938,1.0,1.0,0.0,0.0,0.0,100.0,31.586164,0.503688,0.970964
2026-07-24 12:58:11,104090.8,78199,391,235.1774,254.6445,0.8,4.669983,,,,0.05,8.600208,0.860021,1.466479,1.363531,10.0,10.0,3.950548,8.178963,12.12951,87.87049,27.779819,0.526856,0.970964
2026-07-24 13:02:08,104327.46,78399,392,295.1101,254.2703,0.8,4.483327,,,,0.05,9.837708,0.983771,1.931,0.772085,3.0,3.0,0.0,0.0,0.0,100.0,31.703494,0.530675,0.970964
2026-07-24 13:06:05,104564.12,78599,393,119.956,251.9173,0.8,2.132367,,,,0.05,5.229019,0.522902,1.694736,3.136969,10.0,10.0,3.636583,16.483163,20.119746,79.880254,25.142517,0.600858,0.970964
2026-07-24 13:10:02,104801.25,78799,394,269.1224,252.0856,0.8,2.978886,,,,0.05,8.97996,0.897996,1.93195,0.060773,1.0,1.0,0.0,0.0,0.0,100.0,32.056983,0.606328,0.970964
2026-07-24 13:13:59,105038.61,78999,395,274.9152,252.7117,0.8,5.231892,,,,0.05,9.336587,0.933659,1.934,1.015333,6.0,6.0,0.0,1.131177,1.131177,98.868823,31.72239,0.649096,0.970964
2026-07-24 13:17:56,105275.19,79199,396,325.5683,252.8949,0.8,4.619794,,,,0.05,11.189872,1.118987,1.935,0.001121,0.0,0.0,0.0,0.0,0.0,100.0,31.9744,0.720053,0.970964
2026-07-24 13:21:53,105512.15,79399,397,322.2807,253.9046,0.8,8.192137,,,,0.05,11.021971,1.102197,1.935,0.0,0.0,0.0,0.0,0.0,0.0,100.0,31.95776,0.708136,0.970964
2026-07-24 13:25:49,105748.36,79599,398,265.7268,254.834,0.8,3.873996,,,,0.05,8.895347,0.889535,1.93495,0.00969,0.0,0.0,0.0,0.0,0.0,100.0,31.968,0.628067,0.970964
2026-07-24 13:29:46,105985.37,79799,399,273.4824,255.1124,0.8,1.552322,,,,0.05,9.200383,0.920038,1.932,0.0,0.0,0.0,0.0,0.0,0.0,100.0,31.9168,0.655136,0.970964
2026-07-24 13:33:42,106222.02,79999,400,263.5073,255.9102,0.8,4.321492,,,,0.05,8.834543,0.883454,1.93295,0.045122,0.0,1.0,0.0,0.0,0.0,100.0,31.6864,0.580793,0.970081
2026-07-24 13:37:39,106458.79,80199,401,166.1951,253.6466,0.8,1.188295,,,,0.05,5.539836,0.553984,1.932,0.03348,0.0,1.0,0.0,0.0,0.0,100.0,31.924212,0.690206,0.970081
2026-07-24 13:41:35,106695.04,80399,402,209.123,251.2835,0.8,3.822759,,,,0.05,6.970767,0.697077,1.93495,0.024251,0.0,1.0,0.0,0.0,0.0,100.0,31.93216,0.633941,0.970081
2026-07-24 13:45:32,106931.69,80599,403,255.8244,249.8812,0.8,3.287021,,,,0.05,8.52748,0.852748,1.939,0.878396,5.0,5.0,0.0,0.0,0.0,100.0,31.947951,0.495963,0.970081
2026-07-24 13:49:28,107167.73,80799,404,246.6028,249.765,0.8,1.851291,,,,0.05,8.249208,0.824921,1.939,0.99052,6.0,6.0,0.0,0.599801,0.599801,99.400199,31.865245,0.462447,0.970081
2026-07-24 13:53:24,107403.93,80999,405,240.3194,249.298,0.8,4.376995,,,,0.05,8.264598,0.82646,1.93195,1.210963,7.0,8.0,0.0,4.42313,4.42313,95.57687,30.684109,0.425214,0.970081
2026-07-24 13:57:21,107640.44,81199,406,168.4244,249.0075,0.8,6.71804,,,,0.05,6.033752,0.603375,1.93395,2.62233,9.0,10.0,0.015876,6.945823,6.961699,93.038301,29.605862,0.502687,0.970081
2026-07-24 14:01:17,107877.07,81399,407,120.8342,247.9266,0.8,2.847572,,,,0.05,4.902432,0.490243,0.839006,0.680837,10.0,10.0,5.429093,8.332011,13.761104,86.238896,27.757049,0.429064,0.970081
2026-07-24 14:05:14,108114.07,81599,408,153.7743,247.0563,0.8,5.40338,,,,0.05,5.137298,0.51373,1.931,0.012084,0.0,1.0,0.0,0.0,0.0,100.0,32.095295,0.652973,0.970081
2026-07-24 14:09:08,108347.84,81799,409,62.6748,245.6039,0.8,3.207498,,,,0.05,2.921665,0.292166,1.93495,3.008435,10.0,10.0,3.342407,10.179329,13.521736,86.478264,27.275704,0.836403,0.970081
2026-07-24 14:12:18,108538.0,81999,410,180.1309,244.4078,0.8,1.604426,,,,0.05,6.004362,0.600436,1.933,0.0,0.0,0.0,0.0,0.0,0.0,100.0,32.06912,0.647323,0.969254
2026-07-24 14:15:29,108729.0,82199,411,181.7967,243.3384,0.8,2.351433,,,,0.05,6.059891,0.605989,1.933,0.222399,2.0,2.0,0.0,0.0,0.0,100.0,32.116458,0.617275,0.969254
2026-07-24 14:18:39,108918.89,82399,412,138.0352,242.3179,0.8,2.819726,,,,0.05,4.601172,0.460117,1.93395,0.190231,1.0,2.0,0.0,0.0,0.0,100.0,32.102628,0.707613,0.969254
2026-07-24 14:21:51,109110.34,82599,413,153.2342,240.4804,0.8,1.463217,,,,0.05,6.03793,0.603793,1.373449,1.614601,10.0,10.0,6.211352,8.28841,14.499762,85.500238,27.411328,0.510241,0.969254
2026-07-24 14:25:02,109301.12,82799,414,146.4034,239.5437,0.8,4.452872,,,,0.05,5.11238,0.511238,1.93795,1.586285,7.0,8.0,0.0,4.126416,4.126416,95.873584,30.613697,0.587217,0.969254
2026-07-24 14:28:13,109492.57,82999,415,274.1114,239.8876,0.8,1.255855,,,,0.05,9.137046,0.913705,1.93395,7.9e-05,0.0,0.0,0.0,0.0,0.0,100.0,32.20608,0.588837,0.969254
2026-07-24 14:31:24,109683.58,83199,416,275.396,240.5727,0.8,5.680729,,,,0.05,10.055457,1.005546,1.19764,1.604337,10.0,10.0,5.501954,8.312734,13.814688,86.185312,27.445125,0.527329,0.969254
2026-07-24 14:34:35,109874.43,83399,417,318.1684,241.1065,0.8,1.086176,,,,0.05,10.605614,1.060561,1.946,1.024014,4.0,4.0,0.0,0.0,0.0,100.0,31.821329,0.614144,0.969254
2026-07-24 14:37:45,110065.09,83599,418,352.4903,242.2784,0.8,2.394414,,,,0.05,11.829888,1.182989,1.938,0.809755,4.0,5.0,0.0,0.0,0.0,100.0,31.650099,0.660746,0.969254
2026-07-24 14:40:55,110255.01,83799,419,337.7926,242.9901,0.8,3.988681,,,,0.05,11.678726,1.167873,1.938,1.755015,9.0,10.0,0.011997,6.770375,6.782372,93.217628,29.544001,0.637354,0.969254
2026-07-24 14:44:07,110446.62,83999,420,333.1364,244.6449,0.8,3.047804,,,,0.05,11.112165,1.111217,1.938,0.565973,3.0,3.0,0.0,0.0,0.0,100.0,31.877541,0.578881,0.968433
2026-07-24 14:47:17,110636.85,84199,421,210.1781,244.1711,0.8,2.350852,,,,0.05,7.010595,0.701059,1.93,0.286375,2.0,2.0,0.0,0.0,0.0,100.0,32.083304,0.538825,0.968433
2026-07-24 14:50:28,110827.93,84399,422,100.8031,244.19,0.8,1.077084,,,,0.05,4.461888,0.446189,1.931,4.021127,10.0,10.0,0.055556,18.412698,18.468254,81.531746,25.753557,0.726996,0.968433
2026-07-24 14:52:58,110977.19,84599,423,172.2715,244.6908,0.8,3.637412,,,,0.05,5.742384,0.574238,1.92995,0.000277,0.0,0.0,0.0,0.0,0.0,100.0,32.36224,0.709623,0.968433
2026-07-24 14:55:22,111121.99,84799,424,139.8089,243.3975,0.8,3.259332,,,,0.05,4.819772,0.481977,1.929,1.662055,7.0,7.0,0.0,2.84548,2.84548,97.15452,31.090923,0.737065,0.968433
2026-07-24 14:57:47,111267.09,84999,425,311.7196,242.7752,0.8,2.142295,,,,0.05,10.456941,1.045694,1.935,0.707701,3.0,3.0,0.0,0.0,0.0,100.0,32.214745,0.490101,0.968433
2026-07-24 15:00:11,111410.64,85199,426,299.1643,241.7542,0.8,2.726383,,,,0.05,10.64348,1.064348,1.942,2.441853,9.0,10.0,0.0,11.328249,11.328249,88.671751,28.210956,0.484471,0.968433
2026-07-24 15:02:35,111554.25,85399,427,288.2624,241.2903,0.8,4.298482,,,,0.05,10.628735,1.062873,0.776746,0.63592,10.0,10.0,5.576252,8.616043,14.192295,85.807705,27.569177,0.501486,0.968433
2026-07-24 15:04:59,111698.72,85599,428,163.882,241.1652,0.8,3.975834,,,,0.05,6.886826,0.688683,0.661524,2.280481,9.0,10.0,8.524344,14.092634,22.616978,77.383022,24.696272,0.461174,0.968433
2026-07-24 15:07:22,111842.06,85799,429,293.3701,241.9261,0.8,4.243896,,,,0.05,9.779004,0.9779,1.959,0.833546,2.0,3.0,0.0,0.0,0.0,100.0,32.168096,0.666522,0.968433
2026-07-24 15:09:45,111984.14,85999,430,370.7521,243.8101,0.8,2.085859,,,,0.05,12.439351,1.243935,1.95095,1.028387,6.0,6.0,0.0,1.482308,1.482308,98.517692,31.474424,0.496616,0.967903
2026-07-24 15:12:09,112128.44,86199,431,354.6072,245.8865,0.8,3.872664,,,,0.05,11.82024,1.182024,1.94695,0.040124,0.0,1.0,0.0,0.0,0.0,100.0,32.22016,0.55425,0.967903
2026-07-24 15:14:32,112271.69,86399,432,391.5636,249.6333,0.8,2.995068,,,,0.05,13.185138,1.318514,1.94595,0.000638,0.0,0.0,0.0,0.0,0.0,100.0,32.1216,0.525645,0.967903
2026-07-24 15:16:54,112413.2,86599,433,221.4596,249.6984,0.8,1.07745,,,,0.05,7.637508,0.763751,1.94495,1.952087,7.0,9.0,0.0,4.264477,4.264477,95.735523,30.457248,0.513026,0.967903
2026-07-24 15:19:18,112557.25,86799,434,207.6468,248.9727,0.8,3.346976,,,,0.05,6.921559,0.692156,1.937,0.604422,3.0,4.0,0.0,0.0,0.0,100.0,32.073323,0.516999,0.967903
2026-07-24 15:21:41,112700.99,86999,435,226.139,248.0806,0.8,5.870386,,,,0.05,7.802641,0.780264,1.943,2.083119,8.0,8.0,0.0,4.643212,4.643212,95.356788,30.385122,0.496897,0.967903
2026-07-24 15:24:04,112843.13,87199,436,236.4679,247.2624,0.8,6.938819,,,,0.05,7.882262,0.788226,1.93395,0.006542,0.0,0.0,0.0,0.0,0.0,100.0,32.088419,0.478123,0.967903
2026-07-24 15:26:26,112985.54,87399,437,259.8709,246.6251,0.8,2.248397,,,,0.05,8.662362,0.866236,1.936,0.0,0.0,0.0,0.0,0.0,0.0,100.0,31.9104,0.447958,0.967903
2026-07-24 15:28:50,113130.11,87599,438,147.0911,244.7962,0.8,2.184261,,,,0.05,5.758685,0.575868,0.960896,1.028602,10.0,10.0,5.357573,8.126655,13.484228,86.515772,27.449217,0.589231,0.967903
2026-07-24 15:31:13,113272.45,87799,439,192.0643,243.6586,0.8,5.484694,,,,0.05,6.402145,0.640214,1.93095,0.791543,4.0,5.0,0.0,0.0,0.0,100.0,31.844973,0.72104,0.967903
2026-07-24 15:33:35,113414.98,87999,440,79.5562,241.0172,0.8,4.671628,,,,0.05,4.230662,0.423066,0.836599,3.194704,10.0,10.0,8.631941,16.7394,25.371342,74.628658,23.392119,0.630947,0.967159
2026-07-24 15:35:59,113558.93,88199,441,214.2032,240.8647,0.8,2.782143,,,,0.05,8.062657,0.806266,1.93995,2.189244,10.0,10.0,3.239239,11.915916,15.155155,84.844845,26.925906,0.388999,0.967159
2026-07-24 15:38:23,113702.79,88399,442,271.9974,240.6493,0.8,2.018407,,,,0.05,9.242561,0.924256,1.93795,1.081112,7.0,7.0,0.0,3.079073,3.079073,96.920927,30.883392,0.525951,0.967159
2026-07-24 15:40:03,113802.34,88599,443,181.3534,239.4502,0.8,1.506426,,,,0.05,7.27464,0.727464,1.941,2.329513,10.0,10.0,3.84477,15.794732,19.639503,80.360497,25.545106,0.473998,0.967159
2026-07-24 15:41:40,113899.38,88799,444,310.5205,240.1341,0.8,8.1838,,,,0.05,10.37441,1.037441,1.93795,0.000321,0.0,0.0,0.0,0.0,0.0,100.0,31.89504,0.451993,0.967159
2026-07-24 15:43:20,113999.63,88999,445,218.2236,238.9991,0.8,1.33285,,,,0.05,7.274121,0.727412,1.93595,0.233249,2.0,2.0,0.0,0.0,0.0,100.0,31.962765,0.547677,0.967159
2026-07-24 15:44:59,114098.42,89199,446,194.6127,237.626,0.8,2.431839,,,,0.05,6.537848,0.653785,1.93295,0.903755,5.0,7.0,0.0,0.931502,0.931502,99.068498,31.427411,0.504776,0.967159
2026-07-24 15:46:37,114196.47,89399,447,145.8021,235.4023,0.8,6.683428,,,,0.05,5.387448,0.538745,1.935,1.111052,10.0,10.0,0.872244,7.78618,8.658424,91.341576,29.166683,0.638002,0.967159
2026-07-24 15:48:15,114294.44,89599,448,185.9207,235.6759,0.8,3.945434,,,,0.05,6.197357,0.619736,1.935,0.002159,0.0,0.0,0.0,0.0,0.0,100.0,32.012133,0.607361,0.967159
2026-07-24 15:49:52,114392.09,89799,449,169.8656,234.715,0.8,2.360479,,,,0.05,6.234422,0.623442,1.937,2.379675,10.0,10.0,0.910398,8.285418,9.195815,90.804185,28.713965,0.683175,0.967159
2026-07-24 15:51:32,114491.2,89999,450,331.3272,235.0867,0.8,5.418762,,,,0.05,11.160168,1.116017,1.937,0.161577,1.0,2.0,0.0,0.0,0.0,100.0,31.9808,0.49908,0.966499
2026-07-24 15:53:11,114590.24,90199,451,228.2374,235.6365,0.8,0.622545,,,,0.05,8.168736,0.816874,1.939,2.348867,10.0,10.0,0.003994,9.294987,9.298981,90.701019,28.705121,0.568568,0.966499
2026-07-24 15:54:50,114689.66,90399,452,255.7434,235.6924,0.8,7.189657,,,,0.05,8.524778,0.852478,1.94,1.17703,4.0,4.0,0.0,0.0,0.0,100.0,31.887778,0.597634,0.966499
2026-07-24 15:56:28,114787.46,90599,453,342.2174,235.9752,0.8,1.996864,,,,0.05,11.494224,1.149422,1.9379,0.000479,0.0,0.0,0.0,0.0,0.0,100.0,32.07424,0.504414,0.966499
2026-07-24 15:58:05,114884.68,90799,454,156.006,235.3724,0.8,6.223951,,,,0.05,5.728174,0.572817,1.939,2.572406,9.0,9.0,0.0,9.108635,9.108635,90.891365,28.82679,0.680158,0.966499
2026-07-24 15:59:44,114983.76,90999,455,69.632,234.2155,0.8,3.111937,,,,0.05,3.856723,0.385672,0.21751,1.440064,8.0,9.0,10.952894,13.374018,24.326912,75.673088,24.103732,0.626016,0.966499
2026-07-24 16:01:24,115083.6,91199,456,158.0176,232.4115,0.8,5.277941,,,,0.05,5.3051,0.53051,1.92295,0.942389,5.0,7.0,0.0,0.713005,0.713005,99.286995,31.727555,0.652487,0.966499
2026-07-24 16:03:03,115182.95,91399,457,118.7379,230.409,0.8,0.839761,,,,0.05,4.457976,0.445798,1.92295,1.073432,10.0,10.0,1.091099,6.94372,8.034819,91.965181,29.209688,0.764302,0.966499
2026-07-24 16:04:41,115280.81,91599,458,99.5037,227.1041,0.8,4.267235,,,,0.05,3.316789,0.331679,1.928,0.534168,3.0,4.0,0.0,0.0,0.0,100.0,31.805804,0.857768,0.966499
2026-07-24 16:06:18,115377.25,91799,459,35.0276,224.7742,0.8,3.201619,,,,0.05,2.443513,0.244351,1.213912,3.067697,8.0,10.0,7.732582,12.891663,20.624245,79.375755,24.841556,0.770855,0.966499
2026-07-24 16:07:58,115478.04,91999,460,97.8369,222.0544,0.8,1.492124,,,,0.05,4.065492,0.406549,1.9349,3.682683,10.0,10.0,0.196993,13.371392,13.568385,86.431615,27.017247,0.729188,0.966111
2026-07-24 16:09:38,115577.65,92199,461,110.7247,220.8425,0.8,3.817841,,,,0.05,4.931145,0.493115,0.422143,2.582603,6.0,10.0,10.191439,9.57196,19.763399,80.236601,25.319924,0.524429,0.966111
2026-07-24 16:11:19,115678.49,92399,462,203.5316,219.6142,0.8,5.349564,,,,0.05,7.355225,0.735522,1.575434,1.096663,10.0,10.0,1.189198,7.994273,9.183471,90.816529,29.080462,0.57823,0.966111
2026-07-24 16:12:58,115777.73,92599,463,264.0025,219.7605,0.8,2.873071,,,,0.05,8.800085,0.880008,1.934,0.000239,0.0,0.0,0.0,0.0,0.0,100.0,32.15232,0.586462,0.966111
2026-07-24 16:14:37,115876.32,92799,464,240.5118,219.4212,0.8,2.660619,,,,0.05,8.01706,0.801706,1.928,0.00016,0.0,0.0,0.0,0.0,0.0,100.0,32.08576,0.571388,0.966111
2026-07-24 16:16:17,115976.63,92999,465,163.7055,219.1366,0.8,2.166611,,,,0.05,6.660955,0.666096,0.135659,0.153095,1.0,9.0,10.225178,8.738681,18.963859,81.036141,25.799513,0.493228,0.966111
2026-07-24 16:17:57,116077.06,93199,466,222.7962,218.8299,0.8,7.61089,,,,0.05,7.697963,0.769796,1.928,1.771638,7.0,8.0,0.0,3.130042,3.130042,96.869958,30.438059,0.586884,0.966111
2026-07-24 16:19:38,116178.04,93399,467,351.8234,219.8656,0.8,3.030154,,,,0.05,11.93998,1.193998,1.929,0.008456,0.0,0.0,0.0,0.0,0.0,100.0,31.63648,0.55646,0.966111
2026-07-24 16:21:18,116277.15,93599,468,346.6243,221.3796,0.8,1.887036,,,,0.05,12.531176,1.253118,0.58185,1.622662,6.0,10.0,7.091336,8.339412,15.430748,84.569252,26.432724,0.479364,0.966111
2026-07-24 16:22:57,116376.74,93799,469,386.5694,223.6618,0.8,4.936617,,,,0.05,12.914299,1.29143,1.936,1.016385,3.0,4.0,0.0,0.0,0.0,100.0,31.561686,0.522088,0.966111
2026-07-24 16:24:37,116476.89,93999,470,309.4511,226.6321,0.8,7.474876,,,,0.05,10.315036,1.031504,1.93195,0.000681,0.0,0.0,0.0,0.0,0.0,100.0,31.96672,0.405486,0.965556
2026-07-24 16:26:18,116577.54,94199,471,113.4788,226.4203,0.8,3.693613,,,,0.05,5.830106,0.583011,0.602101,1.575895,10.0,10.0,15.540811,16.747941,32.288752,67.711248,21.479881,0.386223,0.965556
2026-07-24 16:27:59,116678.83,94399,472,309.8248,228.3511,0.8,2.372078,,,,0.05,10.333594,1.033359,1.92895,0.31749,2.0,2.0,0.0,0.0,0.0,100.0,32.128435,0.491172,0.965556
2026-07-24 16:29:38,116777.64,94599,473,290.0846,229.8931,0.8,2.058701,,,,0.05,9.669487,0.966949,1.92895,0.005516,0.0,0.0,0.0,0.0,0.0,100.0,32.25344,0.394362,0.965556
2026-07-24 16:31:18,116877.42,94799,474,306.2925,230.5,0.8,3.918374,,,,0.05,10.326065,1.032607,1.92995,1.00417,6.0,7.0,0.0,1.390047,1.390047,98.609953,31.617793,0.461966,0.965556
2026-07-24 16:32:57,116976.53,94999,475,282.0082,230.5155,0.8,2.863102,,,,0.05,11.278872,1.127887,0.261153,1.890369,10.0,10.0,12.905155,16.202209,29.107364,70.892636,22.528017,0.486147,0.965556
2026-07-24 16:34:35,117075.05,95199,476,432.008,232.9206,0.8,4.269364,,,,0.05,14.62867,1.462867,1.937,0.00012,0.0,0.0,0.0,0.0,0.0,100.0,32.06656,0.542094,0.965556
2026-07-24 16:36:15,117174.38,95399,477,394.26,233.1244,0.8,2.342809,,,,0.05,13.286761,1.328676,1.937,0.00176,0.0,0.0,0.0,0.0,0.0,100.0,31.99104,0.570077,0.965556
2026-07-24 16:37:53,117272.57,95599,478,265.8891,232.1629,0.8,3.795145,,,,0.05,8.904635,0.890463,1.938,0.986449,6.0,6.0,0.0,0.713398,0.713398,99.286602,31.548209,0.535567,0.965556
2026-07-24 16:39:34,117374.01,95799,479,209.5288,231.7395,0.8,4.304308,,,,0.05,6.984294,0.698429,1.937,0.554881,3.0,4.0,0.0,0.0,0.0,100.0,31.836249,0.560721,0.965556
2026-07-24 16:41:14,117474.01,95999,480,172.0782,230.3566,0.8,1.999917,,,,0.05,6.262414,0.626241,1.92295,2.39296,8.0,8.0,0.0,9.207726,9.207726,90.792274,28.581053,0.576013,0.965063
2026-07-24 16:42:54,117573.73,96199,481,141.4239,228.4302,0.8,1.973195,,,,0.05,4.714131,0.471413,1.927,0.000241,0.0,0.0,0.0,0.0,0.0,100.0,31.8784,0.681076,0.965063
2026-07-24 16:44:35,117674.33,96399,482,29.2112,226.1948,0.8,5.419081,,,,0.05,2.249262,0.224926,1.92395,4.671094,10.0,10.0,0.380853,20.966966,21.347819,78.652181,24.521672,0.964633,0.965063
2026-07-24 16:46:14,117773.5,96599,483,142.6508,224.3775,0.8,2.33333,,,,0.05,4.755027,0.475503,1.928,0.014307,0.0,1.0,0.0,0.0,0.0,100.0,31.93984,0.750201,0.965063
2026-07-24 16:47:54,117873.94,96799,484,170.075,223.0347,0.8,3.807441,,,,0.05,5.669167,0.566917,1.92795,0.0,0.0,0.0,0.0,0.0,0.0,100.0,31.8848,0.634834,0.965063
2026-07-24 16:49:34,117973.55,96999,485,122.9063,222.7777,0.8,3.656315,,,,0.05,5.050914,0.505091,0.551572,1.371517,6.0,10.0,6.853483,8.058447,14.91193,85.08807,27.023067,0.576274,0.965063
2026-07-24 16:51:15,118074.55,97199,486,58.6751,222.692,0.8,1.911119,,,,0.05,3.39317,0.339317,1.914874,4.955354,10.0,10.0,5.567298,18.388833,23.956132,76.043868,23.739104,0.785344,0.965063
2026-07-24 16:52:55,118174.43,97399,487,124.6919,222.6334,0.8,7.087046,,,,0.05,4.156396,0.41564,1.929,0.000161,0.0,0.0,0.0,0.0,0.0,100.0,31.87968,0.735026,0.965063
2026-07-24 16:54:35,118274.4,97599,488,154.384,222.4269,0.8,2.303617,,,,0.05,5.146133,0.514613,1.93195,0.003624,0.0,0.0,0.0,0.0,0.0,100.0,31.78624,0.608991,0.965063
2026-07-24 16:56:16,118375.29,97799,489,249.0763,222.4248,0.8,4.158064,,,,0.05,8.302542,0.830254,1.94,0.0,0.0,0.0,0.0,0.0,0.0,100.0,32.12672,0.487385,0.965063
2026-07-24 16:57:56,118475.33,97999,490,255.1687,222.3424,0.8,5.406439,,,,0.05,8.505625,0.850562,1.93395,0.003907,0.0,0.0,0.0,0.0,0.0,100.0,32.108959,0.49518,0.964433
2026-07-24 16:59:36,118575.77,98199,491,8.4097,220.0747,0.8,4.391125,,,,0.05,2.344863,0.234486,1.604873,3.888052,10.0,10.0,9.076757,24.324432,33.401189,66.598811,20.95273,0.903713,0.964433
2026-07-24 17:01:16,118675.36,98399,492,105.2274,218.1759,0.8,1.311121,,,,0.05,5.350811,0.535081,0.420436,1.425772,10.0,10.0,12.592474,17.087216,29.67969,70.32031,22.35088,0.597494,0.964433
2026-07-24 17:02:55,118774.57,98599,493,262.4696,219.601,0.8,2.807645,,,,0.05,8.748988,0.874899,1.93,0.177382,1.0,1.0,0.0,0.0,0.0,100.0,32.053917,0.592686,0.964433
2026-07-24 17:04:35,118874.75,98799,494,152.2874,218.4326,0.8,3.165255,,,,0.05,5.076246,0.507625,1.93,0.09943,1.0,1.0,0.0,0.0,0.0,100.0,31.861968,0.754928,0.964433
2026-07-24 17:06:16,118975.18,98999,495,101.9808,216.7033,0.8,2.429589,,,,0.05,4.352246,0.435225,0.428969,0.49436,3.95,10.0,6.977684,7.818564,14.796248,85.203752,26.898058,0.637992,0.964433
2026-07-24 17:07:57,119076.55,99199,496,238.3048,215.8307,0.8,3.507457,,,,0.05,7.959693,0.795969,1.93395,0.015789,0.0,1.0,0.0,0.0,0.0,100.0,31.77856,0.653905,0.964433
2026-07-24 17:09:35,119175.03,99399,497,203.5824,214.6437,0.8,2.622957,,,,0.05,6.786079,0.678608,1.93,0.087974,1.0,1.0,0.0,0.0,0.0,100.0,31.878505,0.61352,0.964433
2026-07-24 17:11:15,119274.71,99599,498,140.3876,213.3903,0.8,2.256342,,,,0.05,4.679587,0.467959,1.92995,0.385136,2.0,3.0,0.0,0.0,0.0,100.0,31.742972,0.594493,0.964433
2026-07-24 17:12:54,119373.66,99799,499,143.4302,212.0898,0.8,2.014265,,,,0.05,5.727943,0.572794,1.93,1.939834,10.0,10.0,5.295324,10.164449,15.459772,84.540228,26.672351,0.539583,0.964433
2026-07-24 17:14:34,119473.78,99999,500,141.5249,210.8699,0.8,3.686436,,,,0.05,4.717497,0.47175,1.92495,0.415259,3.0,3.0,0.0,0.0,0.0,100.0,31.977235,0.574586,0.964136
2026-07-24 17:16:15,119574.87,100199,501,179.1334,210.9993,0.8,4.503933,,,,0.05,5.971114,0.597111,1.92995,0.530369,3.0,3.0,0.0,0.0,0.0,100.0,31.927096,0.551434,0.964136
2026-07-24 17:17:54,119674.11,100399,502,244.1384,211.3495,0.8,2.705447,,,,0.05,8.137947,0.813795,1.93095,0.00036,0.0,0.0,0.0,0.0,0.0,100.0,32.03328,0.513597,0.964136
2026-07-24 17:19:35,119775.09,100599,503,237.3246,211.1645,0.8,4.861711,,,,0.05,7.910819,0.791082,1.9269,0.157269,1.0,2.0,0.0,0.0,0.0,100.0,32.191115,0.474714,0.964136
2026-07-24 17:21:14,119873.48,100799,504,111.1035,209.8095,0.8,1.658166,,,,0.05,4.788314,0.478831,1.925,2.406514,10.0,10.0,2.406267,14.925254,17.331521,82.668479,26.277781,0.691935,0.964136
2026-07-24 17:22:53,119972.33,100999,505,134.076,208.7471,0.8,3.0153,,,,0.05,4.469199,0.44692,1.931,0.886939,4.0,4.0,0.0,0.0,0.0,100.0,31.803503,0.6631,0.964136
2026-07-24 17:24:33,120072.16,101199,506,195.0266,209.0131,0.8,3.766493,,,,0.05,6.500887,0.650089,1.932,0.005024,0.0,0.0,0.0,0.0,0.0,100.0,31.84896,0.4913,0.964136
2026-07-24 17:26:10,120169.58,101399,507,141.3094,209.2178,0.8,2.185811,,,,0.05,4.710312,0.471031,1.92795,0.61434,2.0,3.0,0.0,0.0,0.0,100.0,31.939724,0.585886,0.964136
2026-07-24 17:27:50,120269.47,101599,508,174.5867,209.4259,0.8,1.674313,,,,0.05,5.966329,0.596633,1.929,1.066556,7.0,7.0,0.004003,2.741755,2.745757,97.254243,30.926754,0.580832,0.964136
2026-07-24 17:29:28,120367.77,101799,509,110.7395,209.9066,0.8,4.531043,,,,0.05,5.304996,0.5305,1.93,3.254203,10.0,10.0,8.521144,17.253325,25.774468,74.225532,23.528681,0.563716,0.964136
2026-07-24 17:31:07,120466.59,101999,510,245.5713,210.561,0.8,2.638242,,,,0.05,8.186845,0.818685,1.93095,1.346246,5.0,5.0,0.0,0.023909,0.023909,99.976091,31.886232,0.503909,0.963379
2026-07-24 17:32:46,120565.44,102199,511,132.5021,210.0681,0.8,1.326537,,,,0.05,6.514729,0.651473,0.875847,0.856071,10.0,10.0,16.356595,16.404503,32.761099,67.238901,21.315567,0.613504,0.963379
2026-07-24 17:34:24,120663.91,102399,512,274.6156,211.4339,0.8,4.55341,,,,0.05,9.557242,0.955724,1.933,0.0,0.0,0.0,0.0,0.0,0.0,100.0,31.89888,0.776912,0.963379
2026-07-24 17:36:04,120763.87,102599,513,119.4624,211.0961,0.8,4.263144,,,,0.05,3.982081,0.398208,1.92795,0.256481,2.0,2.0,0.0,0.0,0.0,100.0,31.7504,0.823654,0.963379
2026-07-24 17:37:43,120862.78,102799,514,188.6176,211.5183,0.9,1.900893,,,,0.05,6.287254,0.628725,1.933,0.410012,3.0,4.0,0.0,0.0,0.0,100.0,31.755753,0.485427,0.963379
2026-07-24 17:39:24,120963.46,102999,515,222.9079,211.0063,0.9,3.609468,,,,0.05,8.142369,0.814237,1.64084,0.85196,10.0,10.0,3.543969,7.772705,11.316675,88.683325,28.194188,0.451344,0.963379
2026-07-24 17:41:03,121062.99,103199,516,270.0681,210.953,0.9,2.118998,,,,0.05,9.00227,0.900227,1.93,0.0006,0.0,0.0,0.0,0.0,0.0,100.0,31.983285,0.44502,0.963379
2026-07-24 17:42:42,121161.46,103399,517,270.0939,210.4722,0.9,2.519215,,,,0.05,9.00313,0.900313,1.93295,8e-05,0.0,0.0,0.0,0.0,0.0,100.0,31.90784,0.427715,0.963379
2026-07-24 17:44:22,121261.39,103599,518,307.8544,210.0259,0.9,2.241316,,,,0.05,10.261814,1.026181,1.9299,0.000878,0.0,0.0,0.0,0.0,0.0,100.0,32.06528,0.457513,0.963379
2026-07-24 17:46:02,121361.11,103799,519,137.8475,208.0264,0.9,2.528117,,,,0.05,5.616904,0.56169,1.059268,0.383422,0.0,10.0,7.827201,8.179525,16.006726,83.993274,26.690578,0.643384,0.963379
2026-07-24 17:47:41,121460.81,103999,520,258.0503,207.2756,0.9,2.547907,,,,0.05,8.602443,0.860244,1.92695,0.001364,0.0,0.0,0.0,0.0,0.0,100.0,31.91168,0.619828,0.962775
2026-07-24 17:49:20,121559.16,104199,521,294.4307,208.1181,0.9,4.379062,,,,0.05,9.83932,0.983932,1.933,0.000559,0.0,0.0,0.0,0.0,0.0,100.0,32.02944,0.552063,0.962775
2026-07-24 17:50:59,121658.68,104399,522,361.9065,210.7291,0.9,4.459122,,,,0.05,12.073971,1.207397,1.93595,0.0,0.0,0.0,0.0,0.0,0.0,100.0,32.20224,0.482351,0.962775
2026-07-24 17:52:37,121757.05,104599,523,340.1139,212.4075,0.9,5.010967,,,,0.05,11.516779,1.151678,1.9369,0.001119,0.0,0.0,0.0,0.0,0.0,100.0,32.02944,0.49893,0.962775
2026-07-24 17:54:23,121862.25,104799,524,223.221,213.2417,0.9,1.125808,,,,0.05,7.999671,0.799967,1.9489,1.095879,10.0,10.0,1.334505,7.895157,9.229663,90.770337,29.0314,0.61177,0.962775
2026-07-24 17:56:03,121962.87,104999,525,194.2781,212.0672,0.9,1.469819,,,,0.05,7.11826,0.711826,1.94995,0.961083,10.0,10.0,2.376103,7.962941,10.339044,89.660956,28.630794,0.594743,0.962775
2026-07-24 17:57:43,122062.38,105199,526,106.6226,210.1418,0.9,2.822677,,,,0.05,5.336908,0.533691,0.383645,4.250348,9.0,10.0,10.117308,18.741242,28.85855,71.14145,22.157379,0.571268,0.962775
2026-07-24 17:59:24,122163.22,105399,527,200.2889,209.2621,0.9,3.538478,,,,0.05,6.676297,0.66763,1.93195,0.006446,0.0,0.0,0.0,0.0,0.0,100.0,31.972299,0.511838,0.962775
2026-07-24 18:01:02,122261.29,105599,528,159.2768,209.216,0.9,2.191717,,,,0.05,6.103453,0.610345,1.93595,1.830675,10.0,10.0,4.301204,8.419039,12.720242,87.279758,27.80059,0.50961,0.962775
2026-07-24 18:02:40,122359.87,105799,529,195.1568,208.2339,0.9,7.447415,,,,0.05,6.535666,0.653567,1.935,0.375353,3.0,3.0,0.0,0.0,0.0,100.0,32.17836,0.554289,0.962775
2026-07-24 18:04:21,122460.62,105999,530,180.0897,206.3273,0.9,1.633318,,,,0.05,6.114986,0.611499,1.93495,1.004841,6.0,7.0,0.0,1.994291,1.994291,98.005709,31.463444,0.581157,0.962181
2026-07-24 18:06:00,122559.92,106199,531,81.2255,203.5935,0.9,3.374643,,,,0.05,3.608625,0.360863,1.50356,0.559236,10.0,10.0,6.264427,7.709146,13.973573,86.026427,27.623945,0.816315,0.962181
2026-07-24 18:07:42,122661.45,106399,532,188.2183,201.56,0.9,6.722209,,,,0.05,6.273943,0.627394,1.936,0.194979,2.0,2.0,0.0,0.0,0.0,100.0,32.27264,0.616049,0.962181
2026-07-24 18:09:21,122760.67,106599,533,63.281,199.9782,0.9,3.374778,,,,0.05,3.243611,0.324361,0.269159,0.368832,1.0,10.0,9.242731,8.707208,17.949939,82.050061,26.363861,0.689338,0.962181
2026-07-24 18:11:01,122860.11,106799,534,182.0744,199.7225,0.9,2.719665,,,,0.05,6.069147,0.606915,1.936,0.001954,0.0,0.0,0.0,0.0,0.0,100.0,32.09984,0.59689,0.962181
2026-07-24 18:12:40,122959.95,106999,535,280.7586,200.2687,0.9,2.482882,,,,0.05,9.364742,0.936474,1.92995,0.0,0.0,0.0,0.0,0.0,0.0,100.0,32.19968,0.46965,0.962181
2026-07-24 18:14:18,123057.74,107199,536,172.2399,199.6264,0.9,1.693537,,,,0.05,6.814392,0.681439,1.9419,2.65581,10.0,10.0,4.088001,13.492377,17.580378,82.419622,26.334681,0.57661,0.962181
2026-07-24 18:15:58,123157.37,107399,537,292.6808,199.9545,0.9,4.048981,,,,0.05,9.756026,0.975603,1.9339,0.000158,0.0,0.0,0.0,0.0,0.0,100.0,32.41856,0.484996,0.962181
2026-07-24 18:17:37,123256.23,107599,538,140.0074,199.8837,0.9,2.52894,,,,0.05,5.516081,0.551608,1.91985,2.762631,10.0,10.0,3.274609,10.669142,13.943751,86.056249,27.650766,0.621988,0.962181
2026-07-24 18:19:16,123355.81,107799,539,317.7675,201.1407,0.9,4.438303,,,,0.05,11.788998,1.1789,3.7e-05,0.000158,0.0,0.0,0.0,0.0,0.0,100.0,32.4864,0.799496,0.962181
2026-07-24 18:20:56,123455.41,107999,540,279.0591,203.1357,0.9,4.468702,,,,0.05,10.484571,1.048457,3.8e-05,0.0,0.0,0.0,0.0,0.0,0.0,100.0,32.14464,0.766908,0.961598
2026-07-24 18:22:35,123554.18,108199,541,9.9654,201.0934,0.9,3.128424,,,,0.05,1.101871,0.110187,3.8e-05,0.972345,10.0,10.0,2.373745,8.029313,10.403059,89.596941,28.652119,0.981319,0.961598
2026-07-24 18:24:14,123653.25,108399,542,208.1101,200.4545,0.9,3.722142,,,,0.05,7.510124,0.751012,3.9e-05,0.000841,0.0,0.0,0.0,0.0,0.0,100.0,31.94752,0.811983,0.961598
2026-07-24 18:25:52,123751.85,108599,543,227.4109,200.9151,0.9,4.483396,,,,0.05,8.627337,0.862734,3.9e-05,0.002774,0.0,0.0,0.0,0.0,0.0,100.0,32.3008,0.791326,0.961598
2026-07-24 18:27:32,123851.71,108799,544,149.0208,199.3001,0.9,6.877934,,,,0.05,4.967361,0.496736,1.93295,0.312642,2.0,2.0,0.0,0.0,0.0,100.0,32.188918,0.595192,0.961598
2026-07-24 18:29:11,123950.99,108999,545,115.9153,198.277,0.9,4.363614,,,,0.05,4.108345,0.410834,1.93295,1.350834,7.0,7.0,0.0,4.354496,4.354496,95.645504,30.940497,0.768249,0.961598
2026-07-24 18:30:50,124049.98,109199,546,153.2348,197.8632,0.9,3.426239,,,,0.05,6.186288,0.618629,1.050262,2.244436,10.0,10.0,4.221802,13.358538,17.58034,82.41966,26.473673,0.654505,0.961598
2026-07-24 18:32:29,124148.42,109399,547,166.1446,198.0666,0.9,1.636688,,,,0.05,5.538154,0.553815,1.93195,0.030723,0.0,1.0,0.0,0.0,0.0,100.0,32.622599,0.598057,0.961598
2026-07-24 18:34:08,124247.71,109599,548,172.5982,197.9334,0.9,2.803611,,,,0.05,5.753275,0.575328,1.929,0.0,0.0,0.0,0.0,0.0,0.0,100.0,32.512,0.538149,0.961598
2026-07-24 18:35:50,124349.11,109799,549,191.0458,198.1452,0.9,3.510611,,,,0.05,6.368192,0.636819,1.931,0.000237,0.0,0.0,0.0,0.0,0.0,100.0,32.44672,0.458762,0.961598
2026-07-24 18:37:28,124448.03,109999,550,251.0477,197.3424,0.9,6.920144,,,,0.05,8.368256,0.836826,1.93395,0.004481,0.0,0.0,0.0,0.0,0.0,100.0,32.27648,0.49119,0.960705
2026-07-24 18:39:07,124546.7,110199,551,188.24,196.9424,0.9,3.426298,,,,0.05,6.285362,0.628536,1.93395,1.04607,5.0,6.0,0.0,0.190054,0.190054,99.809946,32.065889,0.641189,0.960705
2026-07-24 18:40:46,124645.31,110399,552,296.3741,197.3487,0.9,4.666401,,,,0.05,9.879137,0.987914,1.935,0.002101,0.0,0.0,0.0,0.0,0.0,100.0,32.28544,0.438761,0.960705
2026-07-24 18:42:24,124743.96,110599,553,72.6693,194.6533,0.9,2.549064,,,,0.05,4.140326,0.414033,0.453363,3.10984,10.0,10.0,11.112,16.425913,27.537914,72.462086,22.843143,0.610095,0.960705
2026-07-24 18:44:06,124845.63,110799,554,-31.576,192.7774,0.9,0.940632,,,,0.05,2.563511,0.256351,0.772067,7.502173,10.0,10.0,24.200112,33.328014,57.528126,42.471874,13.104791,0.665035,0.960705
2026-07-24 18:45:45,124944.34,110999,555,396.6074,196.0472,0.9,5.564345,,,,0.05,13.336344,1.333634,1.93695,0.307025,2.0,3.0,0.0,0.0,0.0,100.0,32.16,0.52492,0.960705
2026-07-24 18:47:25,125044.86,111199,556,430.6022,198.773,0.9,2.990267,,,,0.05,14.623737,1.462374,1.947,1.601038,7.0,7.0,0.0,2.348298,2.348298,97.651702,31.083526,0.578614,0.960705
2026-07-24 18:49:04,125143.5,111399,557,361.6587,201.2023,0.9,1.635413,,,,0.05,12.055289,1.205529,1.95595,0.543891,3.0,3.0,0.0,0.0,0.0,100.0,31.993336,0.663986,0.960705
2026-07-24 18:50:42,125241.57,111599,558,291.5472,203.1227,0.9,6.260766,,,,0.05,9.950297,0.99503,1.95495,2.599655,7.0,7.0,0.0,4.073011,4.073011,95.926989,30.461125,0.614218,0.960705
2026-07-24 18:52:23,125342.14,111799,559,374.3503,206.5159,0.9,1.672359,,,,0.05,12.863171,1.286317,1.938,0.0,0.0,0.0,0.0,0.0,0.0,100.0,32.02816,0.68839,0.960705
2026-07-24 18:54:02,125441.46,111999,560,306.0577,208.5981,0.9,4.501618,,,,0.05,10.317787,1.031779,1.94,0.023136,0.0,1.0,0.0,0.0,0.0,100.0,32.033503,0.669349,0.960394
2026-07-24 18:55:43,125542.49,112199,561,320.5445,210.6963,0.9,4.913685,,,,0.05,10.71268,1.071268,1.93895,0.003163,0.0,0.0,0.0,0.0,0.0,100.0,31.96928,0.459648,0.960394
2026-07-24 18:57:23,125642.67,112399,562,248.2647,211.1437,0.9,1.34075,,,,0.05,8.27549,0.827549,1.93695,0.0,0.0,0.0,0.0,0.0,0.0,100.0,31.96416,0.507854,0.960394
2026-07-24 18:59:03,125742.75,112599,563,265.9521,211.1631,0.9,3.677327,,,,0.05,8.865069,0.886507,1.93195,0.000794,0.0,0.0,0.0,0.0,0.0,100.0,32.23808,0.540594,0.960394
2026-07-24 19:00:42,125841.5,112799,564,370.2221,212.4603,0.9,1.303851,,,,0.05,12.419689,1.241969,1.94195,0.192677,2.0,2.0,0.0,0.0,0.0,100.0,32.37248,0.707669,0.960394
2026-07-24 19:02:20,125939.77,112999,565,430.4751,215.1279,0.9,1.006283,,,,0.05,14.434201,1.44342,1.941,0.000437,0.0,0.0,0.0,0.0,0.0,100.0,32.192,0.650318,0.960394
2026-07-24 19:04:01,126040.39,113199,566,347.7343,216.3773,0.9,1.77461,,,,0.05,11.606078,1.160608,1.934,0.004036,0.0,0.0,0.0,0.0,0.0,100.0,32.35072,0.546127,0.960394
2026-07-24 19:05:40,126140.04,113399,567,97.6739,213.8358,0.9,5.300609,,,,0.05,4.324455,0.432445,0.641858,2.275327,4.0,10.0,8.483962,7.752245,16.236206,83.763794,26.834405,0.584042,0.960394
2026-07-24 19:07:20,126239.33,113599,568,131.6671,211.6863,0.9,2.579037,,,,0.05,4.388904,0.43889,1.934,1.724393,5.0,5.0,0.0,0.0,0.0,100.0,31.807365,0.766477,0.960394
2026-07-24 19:08:58,126337.82,113799,569,243.1669,210.2522,0.9,1.561396,,,,0.05,8.231224,0.823122,1.934,1.298577,6.0,8.0,0.0,2.311768,2.311768,97.688232,30.936792,0.505506,0.960394
2026-07-24 19:10:36,126435.79,113999,570,67.7188,207.8349,0.9,2.403533,,,,0.05,4.11148,0.411148,1.134787,2.730446,10.0,10.0,12.553682,17.098775,29.652457,70.347543,22.269742,0.615982,0.95967
2026-07-24 19:12:15,126535.06,114199,571,164.7613,208.3477,0.9,3.606959,,,,0.05,5.492045,0.549204,1.927,0.001195,0.0,0.0,0.0,0.0,0.0,100.0,32.13824,0.646211,0.95967
2026-07-24 19:13:54,126633.19,114399,572,191.9037,207.1685,0.9,4.16493,,,,0.05,6.396791,0.639679,1.924,0.000199,0.0,0.0,0.0,0.0,0.0,100.0,32.13056,0.619987,0.95967
2026-07-24 19:15:34,126733.73,114599,573,236.5314,206.633,0.9,1.185207,,,,0.05,7.933686,0.793369,1.93095,0.005379,0.0,0.0,0.0,0.0,0.0,100.0,32.12288,0.557408,0.95967
2026-07-24 19:17:12,126831.88,114799,574,190.1335,205.4714,0.9,1.722764,,,,0.05,6.365227,0.636523,1.928,0.424453,2.0,3.0,0.0,0.0,0.0,100.0,32.015918,0.691757,0.95967
2026-07-24 19:18:51,126930.49,114999,575,257.9431,205.2308,0.9,1.748298,,,,0.05,8.617541,0.861754,1.93695,0.068312,1.0,1.0,0.0,0.0,0.0,100.0,31.94752,0.722037,0.95967
2026-07-24 19:20:29,127028.97,115199,576,242.3796,203.3345,0.9,5.400712,,,,0.05,8.079321,0.807932,1.933,0.139503,1.0,1.0,0.0,0.0,0.0,100.0,31.94947,0.65222,0.95967
2026-07-24 19:22:08,127127.64,115399,577,183.0077,201.222,0.9,5.224663,,,,0.05,6.100257,0.610026,1.93495,0.428738,2.0,3.0,0.0,0.0,0.0,100.0,31.918294,0.614266,0.95967
2026-07-24 19:23:47,127226.42,115599,578,270.6087,201.2691,0.9,1.512742,,,,0.05,9.027154,0.902715,1.934,0.0,0.0,0.0,0.0,0.0,0.0,100.0,32.04224,0.622866,0.95967
2026-07-24 19:25:25,127324.7,115799,579,294.0145,202.114,0.9,2.898546,,,,0.05,9.839488,0.983949,1.93595,0.0,0.0,0.0,0.0,0.0,0.0,100.0,31.9488,0.562439,0.95967
2026-07-24 19:27:05,127424.96,115999,580,225.0676,202.6439,0.9,5.088782,,,,0.05,7.502254,0.750225,1.933,0.032872,0.0,1.0,0.0,0.0,0.0,100.0,31.8912,0.514129,0.95847
2026-07-24 19:28:44,127523.15,116199,581,215.5874,203.3855,0.9,2.344112,,,,0.05,7.186245,0.718625,1.932,0.678794,3.0,4.0,0.0,0.0,0.0,100.0,31.768429,0.574537,0.95847
2026-07-24 19:30:20,127620.02,116399,582,165.6401,204.7498,0.9,2.656347,,,,0.05,5.7506,0.57506,1.9359,2.428036,8.0,8.0,0.0,3.962356,3.962356,96.037644,30.070443,0.681509,0.95847
2026-07-24 19:31:59,127718.37,116599,583,246.3568,205.7869,0.9,4.435628,,,,0.05,8.24681,0.824681,1.933,0.180093,1.0,1.0,0.0,0.0,0.0,100.0,31.636407,0.600737,0.95847
2026-07-24 19:33:38,127817.21,116799,584,174.4107,205.8302,0.9,3.652171,,,,0.05,5.866839,0.586684,1.929,0.677048,4.0,6.0,0.0,0.13642,0.13642,99.86358,31.688866,0.711593,0.95847
2026-07-24 19:35:18,127917.66,116999,585,208.2666,206.6838,0.9,6.273224,,,,0.05,7.245191,0.724519,1.926,0.000639,0.0,0.0,0.0,0.0,0.0,100.0,32.02944,0.634553,0.95847
2026-07-24 19:36:57,128016.16,117199,586,123.4632,207.3317,0.9,3.225502,,,,0.05,4.963423,0.496342,1.514687,1.041204,10.0,10.0,5.423715,8.093482,13.517197,86.482803,27.384705,0.656763,0.95847
2026-07-24 19:38:34,128113.87,117399,587,77.0091,206.8549,0.9,1.683887,,,,0.05,3.5021,0.35021,1.242024,0.574233,7.0,10.0,6.689496,8.10305,14.792546,85.207454,27.335942,0.643708,0.95847
2026-07-24 19:40:15,128214.36,117599,588,61.7247,205.9283,0.9,4.862628,,,,0.05,3.098697,0.30987,0.800646,0.434663,3.0,10.0,8.115204,8.353887,16.469091,83.530909,26.691845,0.721509,0.95847
2026-07-24 19:41:53,128312.25,117799,589,120.3907,204.6414,0.9,4.075825,,,,0.05,4.013022,0.401302,1.92695,0.755079,3.0,4.0,0.0,0.0,0.0,100.0,32.007914,0.713986,0.95847
2026-07-24 19:43:32,128411.77,117999,590,47.2899,202.5627,0.9,3.274005,,,,0.05,2.80436,0.280436,1.927,3.63383,10.0,10.0,4.02478,15.847322,19.872102,80.127898,25.401732,0.841232,0.957941
2026-07-24 19:45:10,128509.63,118199,591,118.1467,203.66,0.9,1.920992,,,,0.05,4.947098,0.49471,0.514137,0.745239,2.0,10.0,7.654143,8.110271,15.764414,84.235586,26.807102,0.596493,0.957941
2026-07-24 19:46:48,128607.75,118399,592,109.5963,203.7037,0.9,1.707263,,,,0.05,3.68788,0.368788,1.92795,1.956571,6.0,6.0,0.0,0.646976,0.646976,99.353024,31.363395,0.76657,0.957941
2026-07-24 19:48:28,128707.14,118599,593,104.3143,202.1222,0.9,2.844282,,,,0.05,3.477143,0.347714,1.927,0.886028,3.0,4.0,0.0,0.0,0.0,100.0,31.717995,0.826433,0.957941
2026-07-24 19:50:05,128804.9,118799,594,89.3657,201.4929,0.9,3.705435,,,,0.05,3.562603,0.35626,1.927,2.079073,10.0,10.0,1.455727,8.337344,9.79307,90.20693,28.582631,0.837368,0.957941
2026-07-24 19:51:45,128904.42,118999,595,167.0155,202.1433,0.9,2.970294,,,,0.05,5.567184,0.556718,1.92795,0.44897,2.0,2.0,0.0,0.0,0.0,100.0,31.932482,0.658248,0.957941
2026-07-24 19:53:23,129002.9,119199,596,160.206,201.3623,0.9,1.84552,,,,0.05,5.410838,0.541084,1.933,2.862654,6.0,6.0,0.0,1.32569,1.32569,98.67431,31.288936,0.691658,0.957941
2026-07-24 19:55:03,129102.37,119399,597,105.0071,200.3766,0.9,5.697593,,,,0.05,5.209525,0.520952,0.896042,1.847629,10.0,10.0,10.752474,16.269825,27.0223,72.9777,23.287728,0.532119,0.957941
2026-07-24 19:56:41,129200.44,119599,598,409.4452,203.0671,0.9,2.472952,,,,0.05,13.81836,1.381836,1.935,0.270031,2.0,2.0,0.0,0.0,0.0,100.0,32.191025,0.599094,0.957941
2026-07-24 19:58:18,129297.8,119799,599,162.8026,203.2609,0.9,7.338965,,,,0.05,6.353996,0.6354,1.509193,3.565,10.0,10.0,4.005899,11.1647,15.170599,84.829401,26.787963,0.513466,0.957941
2026-07-24 19:59:57,129396.43,119999,600,142.3867,203.2695,0.9,2.89778,,,,0.05,5.93548,0.593548,0.136196,0.884277,2.0,3.0,10.346352,7.798939,18.145291,81.854709,25.962457,0.51601,0.957605
2026-07-24 20:01:35,129494.94,120199,601,121.8621,202.6968,0.9,4.691328,,,,0.05,4.339553,0.433955,1.928,1.837862,9.0,10.0,0.0,4.700872,4.700872,95.299128,30.149428,0.731882,0.957605
2026-07-24 20:03:15,129594.29,120399,602,179.7822,202.0532,0.9,2.940765,,,,0.05,6.009896,0.60099,1.93095,0.91934,4.0,6.0,0.0,0.336795,0.336795,99.663205,31.676214,0.559086,0.957605
2026-07-24 20:04:54,129693.52,120599,603,219.6722,201.8767,0.9,4.09686,,,,0.05,7.322407,0.732241,1.92495,0.022369,0.0,1.0,0.0,0.0,0.0,100.0,31.872,0.533668,0.957605
2026-07-24 20:06:32,129791.72,120799,604,206.3832,202.8295,0.9,3.074858,,,,0.05,6.879441,0.687944,1.9279,0.073872,1.0,2.0,0.0,0.0,0.0,100.0,31.95136,0.548496,0.957605
2026-07-24 20:08:11,129890.91,120999,605,118.7837,202.6765,0.9,1.187942,,,,0.05,4.26323,0.426323,1.93,1.924345,8.0,9.0,0.0,5.293836,5.293836,94.706164,30.048628,0.717339,0.957605
2026-07-24 20:09:50,129989.81,121199,606,247.9832,203.2061,0.9,3.87144,,,,0.05,8.266108,0.826611,1.939,0.123641,1.0,2.0,0.0,0.0,0.0,100.0,32.144945,0.51396,0.957605
2026-07-24 20:11:29,130088.25,121399,607,201.3646,203.8067,0.9,2.090622,,,,0.05,6.712154,0.671215,1.934,0.355578,2.0,2.0,0.0,0.0,0.0,100.0,32.128547,0.546984,0.957605
2026-07-24 20:13:07,130186.58,121599,608,217.9627,204.2404,0.9,4.683461,,,,0.05,7.265423,0.726542,1.93,0.002751,0.0,0.0,0.0,0.0,0.0,100.0,32.10752,0.585029,0.957605
2026-07-24 20:14:45,130284.49,121799,609,175.7653,204.8907,0.9,6.52531,,,,0.05,5.93621,0.593621,1.936,1.046909,6.0,6.0,0.0,1.449738,1.449738,98.550262,31.40978,0.54812,0.957605
2026-07-24 20:16:23,130382.7,121999,610,224.8109,204.6831,0.9,4.8198,,,,0.05,7.91781,0.791781,1.93695,1.111498,10.0,10.0,0.532274,6.546177,7.078451,92.921549,29.832702,0.604261,0.956577
2026-07-24 20:18:01,130480.93,122199,611,297.492,206.333,0.9,8.533444,,,,0.05,9.964416,0.996442,1.93395,0.282227,2.0,3.0,0.0,0.0,0.0,100.0,31.983685,0.596954,0.956577
2026-07-24 20:19:39,130578.97,122399,612,253.9059,206.1259,0.9,4.092697,,,,0.05,8.537221,0.853722,1.93595,1.483612,6.0,7.0,0.0,1.340054,1.340054,98.659946,31.283434,0.541685,0.956577
2026-07-24 20:21:17,130677.07,122599,613,308.7403,208.0187,0.9,10.320852,,,,0.05,10.824982,1.082498,1.9319,0.001477,0.0,0.0,0.0,0.0,0.0,100.0,32.06912,0.561557,0.956577
2026-07-24 20:22:57,130776.32,122799,614,189.0731,208.0232,0.9,1.176376,,,,0.05,6.772861,0.677286,1.865241,1.132274,8.0,10.0,0.271111,6.119927,6.391037,93.608963,29.878208,0.610753,0.956577
2026-07-24 20:24:35,130874.18,122999,615,22.0973,206.0151,0.9,3.11009,,,,0.05,2.289677,0.228968,1.547249,3.89957,10.0,10.0,4.27484,21.310096,25.584936,74.415064,23.375639,0.912674,0.956577
2026-07-24 20:26:12,130972.0,123199,616,200.4348,205.3188,0.9,8.478231,,,,0.05,6.691415,0.669142,1.93,0.0,0.0,0.0,0.0,0.0,0.0,100.0,31.93472,0.568399,0.956577
2026-07-24 20:27:52,131071.42,123399,617,229.8579,204.9164,0.9,7.71613,,,,0.05,8.171213,0.817121,1.91095,1.281989,9.0,10.0,0.800352,7.275201,8.075553,91.924447,29.173651,0.541426,0.956577
2026-07-24 20:29:31,131170.72,123599,618,359.0653,205.4285,0.9,3.12185,,,,0.05,11.997357,1.199736,1.932,0.000119,0.0,0.0,0.0,0.0,0.0,100.0,32.21632,0.535824,0.956577
2026-07-24 20:31:11,131270.73,123799,619,297.3794,207.0238,0.9,2.620036,,,,0.05,9.920714,0.992071,1.934,0.023983,0.0,1.0,0.0,0.0,0.0,100.0,32.290807,0.530858,0.956577
2026-07-24 20:32:50,131369.43,123999,620,250.3702,206.947,0.9,3.220554,,,,0.05,9.354581,0.935458,1.945,2.720414,10.0,10.0,1.727759,15.090153,16.817912,83.182088,26.521349,0.606713,0.955924
2026-07-24 20:34:28,131467.38,124199,621,338.485,207.3876,0.9,2.162026,,,,0.05,11.282832,1.128283,1.94795,0.16024,1.0,2.0,0.0,0.0,0.0,100.0,32.264717,0.701703,0.955924
2026-07-24 20:36:07,131566.89,124399,622,282.4615,206.5931,0.9,4.746108,,,,0.05,9.415383,0.941538,1.942,0.151429,1.0,2.0,0.0,0.0,0.0,100.0,32.147013,0.576427,0.955924
2026-07-24 20:37:46,131665.67,124599,623,238.4071,205.5761,0.9,1.193533,,,,0.05,7.988154,0.798815,1.945,1.550202,6.0,6.0,0.0,0.859438,0.859438,99.140562,31.402351,0.598813,0.955924
2026-07-24 20:39:26,131766.06,124799,624,355.6183,206.9,0.9,4.75522,,,,0.05,11.853944,1.185394,1.937,0.254107,2.0,2.0,0.0,0.0,0.0,100.0,31.791035,0.499282,0.955924
2026-07-24 20:41:06,131865.77,124999,625,254.834,207.5056,0.9,4.687821,,,,0.05,8.494466,0.849447,1.931,0.0,0.0,0.0,0.0,0.0,0.0,100.0,31.86944,0.465732,0.955924
2026-07-24 20:42:45,131964.58,125199,626,244.8242,208.8876,0.9,2.590823,,,,0.05,8.160806,0.816081,1.925,0.235061,2.0,2.0,0.0,0.0,0.0,100.0,31.960133,0.477409,0.955924
2026-07-24 20:44:26,132066.01,125399,627,168.5745,208.5705,0.9,3.808928,,,,0.05,5.633742,0.563374,1.93695,1.117748,3.0,4.0,0.0,0.0,0.0,100.0,31.993637,0.666903,0.955924
2026-07-24 20:46:06,132165.64,125599,628,85.6567,207.8343,1.0,3.425254,,,,0.05,5.054949,0.505495,0.280689,2.672358,10.0,10.0,15.38431,19.710525,35.094835,64.905165,20.497122,0.470334,0.955924
2026-07-24 20:47:47,132266.5,125799,629,252.2979,208.4057,1.0,4.12716,,,,0.05,8.409931,0.840993,1.935,0.115869,1.0,1.0,0.0,0.0,0.0,100.0,32.136121,0.44703,0.955924
2026-07-24 20:49:26,132365.5,125999,630,234.3203,208.948,1.0,6.663606,,,,0.05,7.810678,0.781068,1.935,0.0,0.0,0.0,0.0,0.0,0.0,100.0,32.1728,0.42135,0.955076
2026-07-24 20:51:05,132464.89,126199,631,178.4536,209.9203,1.0,7.08069,,,,0.05,6.475012,0.647501,1.93895,1.376448,10.0,10.0,1.006872,7.671408,8.67828,91.32172,29.120635,0.440307,0.955076
2026-07-24 20:52:46,132565.13,126399,632,151.8939,209.557,1.0,4.713495,,,,0.05,5.670461,0.567046,1.936,1.010686,10.0,10.0,2.053281,7.867561,9.920842,90.079158,28.546037,0.502881,0.955076
2026-07-24 20:54:23,132662.47,126599,633,253.4951,211.4592,1.0,2.122411,,,,0.05,8.449836,0.844984,1.93495,0.00068,0.0,0.0,0.0,0.0,0.0,100.0,32.00512,0.468706,0.955076
2026-07-24 20:56:03,132763.03,126799,634,256.8607,212.207,1.0,2.183754,,,,0.05,8.562025,0.856202,1.93495,0.0,0.0,0.0,0.0,0.0,0.0,100.0,31.93472,0.471518,0.955076
2026-07-24 20:57:42,132862.0,126999,635,256.9081,211.9685,1.0,2.752079,,,,0.05,8.911461,0.891146,1.932,1.155662,9.0,10.0,0.012025,5.908289,5.920314,94.079686,29.876016,0.455618,0.955076
2026-07-24 20:59:22,132961.46,127199,636,296.5607,213.2117,1.0,4.041249,,,,0.05,9.89058,0.989058,1.937,0.002487,0.0,0.0,0.0,0.0,0.0,100.0,31.90912,0.478207,0.955076
2026-07-24 21:01:01,133060.71,127399,637,211.1108,212.396,1.0,4.052895,,,,0.05,7.037028,0.703703,1.931,0.001924,0.0,0.0,0.0,0.0,0.0,100.0,31.93728,0.536375,0.955076
2026-07-24 21:02:40,133159.83,127599,638,125.0128,212.2461,1.0,2.118004,,,,0.05,4.167092,0.416709,1.931,0.00145,0.0,0.0,0.0,0.0,0.0,100.0,31.77088,0.760069,0.955076
2026-07-24 21:04:21,133260.3,127799,639,208.8729,211.1571,1.0,3.299146,,,,0.05,6.972871,0.697287,1.932,0.001009,0.0,0.0,0.0,0.0,0.0,100.0,31.71072,0.673758,0.955076
2026-07-24 21:06:00,133359.31,127999,640,259.3997,210.9605,1.0,2.908369,,,,0.05,8.67413,0.867413,1.934,0.023048,0.0,1.0,0.0,0.0,0.0,100.0,31.5455,0.64116,0.954107
2026-07-24 21:07:40,133459.64,128199,641,224.1274,213.1022,1.0,2.348405,,,,0.05,7.482899,0.74829,1.936,0.235585,2.0,3.0,0.0,0.0,0.0,100.0,31.5906,0.591688,0.954107
2026-07-24 21:09:18,133557.13,128399,642,213.4778,213.1558,1.0,3.802192,,,,0.05,7.437773,0.743777,1.928,1.200872,8.0,10.0,0.03233,5.782986,5.815316,94.184684,29.655141,0.638473,0.954107
2026-07-24 21:10:56,133655.25,128599,643,204.0482,212.9222,1.0,3.618455,,,,0.05,6.801607,0.680161,1.934,0.794026,4.0,5.0,0.0,0.0,0.0,100.0,31.669001,0.633212,0.954107
2026-07-24 21:12:14,133733.26,128799,644,215.3012,213.585,1.0,1.302186,,,,0.05,8.358044,0.835804,1.105077,1.703572,7.0,10.0,7.865214,10.974437,18.839651,81.160349,25.621825,0.471068,0.954107
2026-07-24 21:13:20,133799.81,128999,645,240.8353,214.8342,1.0,4.268157,,,,0.05,8.027844,0.802784,1.931,0.001832,0.0,0.0,0.0,0.0,0.0,100.0,32.13184,0.502997,0.954107
2026-07-24 21:14:25,133864.13,129199,646,190.8722,215.2106,1.0,5.267186,,,,0.05,6.362408,0.636241,1.926,0.036257,0.0,1.0,0.0,0.0,0.0,100.0,32.02048,0.617147,0.954107
2026-07-24 21:15:32,133931.71,129399,647,285.7125,216.4063,1.0,5.216272,,,,0.05,9.526081,0.952608,1.932,0.0,0.0,0.0,0.0,0.0,0.0,100.0,31.9808,0.541689,0.954107
2026-07-24 21:16:37,133997.03,129599,648,308.1899,217.7622,1.0,3.364948,,,,0.05,10.274463,1.027446,1.93295,0.010902,0.0,1.0,0.0,0.0,0.0,100.0,32.05376,0.566739,0.954107
2026-07-24 21:17:44,134063.18,129799,649,191.0319,217.7621,1.0,3.104235,,,,0.05,6.509218,0.650922,1.934,1.777773,7.0,7.0,0.0,2.620385,2.620385,97.379615,30.788108,0.506411,0.954107
2026-07-24 21:18:48,134128.01,129999,650,201.6271,217.2678,1.0,3.518299,,,,0.05,6.720905,0.67209,1.932,0.74412,4.0,4.0,0.0,0.0,0.0,100.0,31.675812,0.481331,0.953164
2026-07-24 21:19:55,134194.85,130199,651,267.3377,218.0588,1.0,2.604847,,,,0.05,8.942763,0.894276,1.933,0.021859,0.0,1.0,0.0,0.0,0.0,100.0,31.913454,0.524048,0.953164
2026-07-24 21:21:01,134260.33,130399,652,219.449,217.2896,1.0,6.316118,,,,0.05,7.314965,0.731497,1.929,0.0,0.0,0.0,0.0,0.0,0.0,100.0,31.82848,0.537502,0.953164
2026-07-24 21:22:07,134326.52,130599,653,176.7901,218.3308,1.0,3.805897,,,,0.05,6.022363,0.602236,1.929,2.065855,6.0,7.0,0.0,2.414503,2.414503,97.585497,30.595061,0.575988,0.953164
2026-07-24 21:23:13,134393.09,130799,654,125.5807,219.9023,1.0,6.61566,,,,0.05,5.793009,0.579301,0.619801,2.761701,10.0,10.0,9.650858,15.971746,25.622603,74.377397,23.343686,0.447776,0.953164
2026-07-24 21:24:20,134459.69,130999,655,92.0776,216.857,1.0,3.576508,,,,0.05,4.150894,0.415089,0.320038,0.282457,0.0,10.0,8.857281,8.279457,17.136738,82.863262,26.091505,0.612382,0.953164
2026-07-24 21:25:26,134525.81,131199,656,195.4588,214.5056,1.0,3.339066,,,,0.05,6.52146,0.652146,1.93195,1.82224,5.0,6.0,0.0,0.133858,0.133858,99.866142,31.194737,0.51863,0.953164
2026-07-24 21:26:32,134591.27,131399,657,247.649,213.3655,1.0,2.421273,,,,0.05,8.254967,0.825497,1.92995,0.01894,0.0,1.0,0.0,0.0,0.0,100.0,31.56096,0.494977,0.953164
2026-07-24 21:27:39,134658.43,131599,658,205.7344,212.5074,1.0,2.617292,,,,0.05,7.414502,0.74145,1.555029,1.105832,10.0,10.0,1.316749,7.778948,9.095697,90.904303,28.558388,0.496328,0.953164
2026-07-24 21:28:44,134723.19,131799,659,302.2249,211.7861,1.0,3.945744,,,,0.05,10.087586,1.008759,1.93795,0.703853,4.0,4.0,0.0,0.0,0.0,100.0,31.427128,0.598132,0.953164
2026-07-24 21:29:50,134789.83,131999,660,419.5588,212.9211,1.0,2.693351,,,,0.05,14.132129,1.413213,1.942,0.013896,0.0,1.0,0.0,0.0,0.0,100.0,31.50336,0.625142,0.952496
2026-07-24 21:30:55,134854.31,132199,661,355.8687,213.2744,1.0,1.918043,,,,0.05,11.877261,1.187726,1.932,0.000728,0.0,0.0,0.0,0.0,0.0,100.0,31.64672,0.531171,0.952496
2026-07-24 21:32:02,134921.86,132399,662,175.937,212.5511,1.0,2.922899,,,,0.05,6.051503,0.60515,1.937,2.183477,7.0,8.0,0.0,3.390172,3.390172,96.609828,30.306927,0.635131,0.952496
2026-07-24 21:33:08,134987.9,132599,663,262.9158,212.5208,1.0,5.145015,,,,0.05,8.7671,0.87671,1.935,0.301122,2.0,2.0,0.0,0.0,0.0,100.0,31.724567,0.576669,0.952496
2026-07-24 21:34:14,135053.55,132799,664,294.5465,211.764,1.0,3.127819,,,,0.05,9.818216,0.981822,1.936,0.57385,3.0,4.0,0.0,0.0,0.0,100.0,31.641462,0.540048,0.952496
2026-07-24 21:35:20,135119.86,132999,665,91.0138,208.3694,1.0,3.456504,,,,0.05,4.395003,0.4395,1.7445,2.087195,10.0,10.0,6.458091,15.466485,21.924575,78.075425,24.649865,0.684001,0.952496
2026-07-24 21:36:26,135185.3,133199,666,319.6817,208.0889,1.0,2.37315,,,,0.05,10.658629,1.065863,1.93595,0.220407,2.0,2.0,0.0,0.0,0.0,100.0,32.051373,0.573761,0.952496
2026-07-24 21:37:32,135251.58,133399,667,287.174,209.9839,1.0,2.834201,,,,0.05,9.573857,0.957386,1.93995,1.334904,5.0,5.0,0.0,0.027997,0.027997,99.972003,31.791895,0.548107,0.952496
2026-07-24 21:38:36,135315.99,133599,668,175.5413,210.4226,1.0,4.905679,,,,0.05,6.291873,0.629187,1.949,4.735025,8.0,8.0,0.0,7.856373,7.856373,92.143627,28.808584,0.71744,0.952496
2026-07-24 21:39:44,135383.54,133799,669,296.7826,210.9588,1.0,3.863014,,,,0.05,9.907332,0.990733,1.93,0.314628,2.0,2.0,0.0,0.0,0.0,100.0,32.071199,0.561824,0.952496
2026-07-24 21:40:50,135449.31,133999,670,255.6513,212.8381,1.0,1.991143,,,,0.05,8.524157,0.852416,1.93,0.433639,2.0,3.0,0.0,0.0,0.0,100.0,32.077929,0.582577,0.95161
2026-07-24 21:41:56,135515.21,134199,671,249.3237,213.6837,1.0,7.266715,,,,0.05,8.310791,0.831079,1.92995,0.184563,1.0,2.0,0.0,0.0,0.0,100.0,31.92441,0.569225,0.95161
2026-07-24 21:43:01,135581.0,134399,672,325.7,215.0217,1.0,1.813231,,,,0.05,10.856667,1.085667,1.939,0.12119,1.0,1.0,0.0,0.0,0.0,100.0,32.002866,0.61907,0.95161
2026-07-24 21:44:08,135647.76,134599,673,266.4774,215.3211,1.0,3.148547,,,,0.05,8.882581,0.888258,1.93195,0.000845,0.0,0.0,0.0,0.0,0.0,100.0,31.81824,0.53999,0.95161
2026-07-24 21:45:15,135714.25,134799,674,253.4381,215.9542,1.0,1.970987,,,,0.05,8.881717,0.888172,1.92917,1.209785,9.0,10.0,0.060229,7.275647,7.335876,92.664124,29.358947,0.534647,0.95161
2026-07-24 21:46:20,135779.24,134999,675,329.255,216.6673,1.0,4.891176,,,,0.05,10.975166,1.097517,1.944,0.281947,2.0,2.0,0.0,0.0,0.0,100.0,31.843791,0.575343,0.95161
2026-07-24 21:47:28,135848.06,135199,676,327.7323,217.5208,1.0,6.215251,,,,0.05,10.92441,1.092441,1.933,0.0,0.0,0.0,0.0,0.0,0.0,100.0,31.96544,0.518457,0.95161
2026-07-24 21:48:34,135913.66,135399,677,261.4195,218.3049,1.0,3.041391,,,,0.05,8.713984,0.871398,1.93095,0.090203,1.0,1.0,0.0,0.0,0.0,100.0,31.956535,0.476024,0.95161
2026-07-24 21:49:40,135979.69,135599,678,259.2945,218.1918,1.0,2.979765,,,,0.05,8.64315,0.864315,1.932,0.169192,1.0,2.0,0.0,0.0,0.0,100.0,32.09984,0.533339,0.95161
2026-07-24 21:50:45,136045.1,135799,679,169.1534,216.9432,1.0,3.114019,,,,0.05,5.638446,0.563845,1.929,0.041802,0.0,1.0,0.0,0.0,0.0,100.0,31.969204,0.559043,0.95161
2026-07-24 21:51:52,136112.03,135999,680,37.497,215.0675,1.0,4.349008,,,,0.05,3.17452,0.317452,1.52612,4.160499,10.0,10.0,11.321132,20.228581,31.549712,68.450288,21.398754,0.796356,0.950781
2026-07-24 21:52:58,136177.44,136199,681,170.8556,214.6202,1.0,2.592896,,,,0.05,5.695187,0.569519,1.928,0.00044,0.0,0.0,0.0,0.0,0.0,100.0,31.96928,0.589892,0.950781
2026-07-24 21:54:04,136243.87,136399,682,170.5657,214.6694,1.0,3.522032,,,,0.05,5.685523,0.568552,1.928,0.000758,0.0,0.0,0.0,0.0,0.0,100.0,32.09344,0.684009,0.950781
2026-07-24 21:55:10,136309.82,136599,683,175.0006,213.9559,1.0,2.79518,,,,0.05,5.833354,0.583335,1.927,0.0,0.0,0.0,0.0,0.0,0.0,100.0,32.0128,0.721772,0.950781
2026-07-24 21:56:17,136376.98,136799,684,174.0722,213.9525,1.0,1.812295,,,,0.05,5.831704,0.58317,1.927,0.000998,0.0,0.0,0.0,0.0,0.0,100.0,32.06784,0.713027,0.950781
2026-07-24 21:57:24,136443.12,136999,685,170.7302,213.5771,1.0,2.559686,,,,0.05,5.691007,0.569101,1.89095,0.389129,3.0,4.0,0.0,0.0,0.0,100.0,32.0256,0.675898,0.950781
2026-07-24 21:58:29,136508.77,137199,686,208.5033,214.4275,1.0,4.655785,,,,0.05,6.95918,0.695918,1.9289,0.135266,2.0,2.0,0.0,0.0,0.0,100.0,31.871449,0.628132,0.950781
2026-07-24 21:59:36,136575.45,137399,687,101.9468,214.6769,1.0,5.917253,,,,0.05,4.755352,0.475535,1.926,2.589336,10.0,10.0,6.262854,15.784167,22.047022,77.952978,24.502183,0.728552,0.950781
2026-07-24 22:00:41,136640.39,137599,688,255.0153,216.6098,1.0,2.609399,,,,0.05,8.519568,0.851957,1.92895,0.0,0.0,0.0,0.0,0.0,0.0,100.0,31.8976,0.648778,0.950781
2026-07-24 22:01:48,136707.49,137799,689,235.0174,217.7561,1.0,2.566037,,,,0.05,7.833914,0.783391,1.93195,0.842186,4.0,5.0,0.0,0.0,0.0,100.0,31.861147,0.725905,0.950781
2026-07-24 22:02:52,136771.87,137999,690,227.8281,219.5614,1.0,0.912652,,,,0.05,7.606741,0.760674,1.932,0.686228,3.0,4.0,0.0,0.0,0.0,100.0,31.759676,0.729709,0.949795
2026-07-24 22:04:00,136839.76,138199,691,290.1678,221.2817,1.0,6.92507,,,,0.05,9.942834,0.994283,1.9329,0.073048,1.0,1.0,0.0,0.0,0.0,100.0,31.83872,0.701879,0.949795
2026-07-24 22:05:06,136905.95,138399,692,304.9971,223.2357,1.0,7.904137,,,,0.05,10.317981,1.031798,1.93495,0.02492,0.0,1.0,0.0,0.0,0.0,100.0,32.0,0.697011,0.949795
2026-07-24 22:06:12,136971.63,138599,693,326.0143,225.4527,1.0,2.441506,,,,0.05,10.90265,1.090265,1.93795,1.808936,6.0,6.0,0.0,0.682676,0.682676,99.317324,31.341747,0.608347,0.949795
2026-07-24 22:07:18,137038.09,138799,694,316.0932,227.7199,1.0,3.56569,,,,0.05,10.81051,1.081051,1.9379,1.144247,8.0,8.0,0.0,4.735656,4.735656,95.264344,30.126841,0.467977,0.949795
2026-07-24 22:08:24,137103.55,138999,695,201.4095,228.0639,1.0,2.149748,,,,0.05,7.514401,0.75144,1.938,2.339511,10.0,10.0,1.760322,11.653575,13.413897,86.586103,27.196978,0.477306,0.949795
2026-07-24 22:09:30,137170.1,139199,696,205.7904,228.5197,1.0,1.014468,,,,0.05,7.483617,0.748362,1.691237,2.405006,10.0,10.0,0.442016,10.11412,10.556136,89.443864,28.13365,0.458166,0.949795
2026-07-24 22:10:35,137234.39,139399,697,123.0055,228.6997,1.0,7.456924,,,,0.05,5.720535,0.572054,0.943823,3.317986,10.0,10.0,8.684973,17.659849,26.344822,73.655178,22.99728,0.528374,0.949795
2026-07-24 22:11:43,137302.36,139599,698,69.799,225.3032,1.0,3.074235,,,,0.05,4.239018,0.423902,0.336818,1.454357,10.0,10.0,14.205555,16.179558,30.385112,69.614888,21.82908,0.488886,0.949795
2026-07-24 22:12:49,137368.57,139799,699,249.8734,226.1739,1.0,1.945856,,,,0.05,9.180235,0.918024,1.208954,0.656515,10.0,10.0,5.519101,7.813695,13.332797,86.667203,27.419722,0.514542,0.949795
2026-07-24 22:13:55,137434.68,139999,700,362.5692,228.3758,1.0,1.924069,,,,0.05,12.091469,1.209147,1.9369,0.000522,0.0,0.0,0.0,0.0,0.0,100.0,31.86304,0.593644,0.94956
2026-07-24 22:15:00,137499.96,140199,701,389.1064,231.0482,1.0,2.452773,,,,0.05,13.489597,1.34896,1.93795,0.001001,0.0,0.0,0.0,0.0,0.0,100.0,31.97952,0.634141,0.94956
2026-07-24 22:16:07,137566.39,140399,702,359.3438,232.8438,1.0,1.892299,,,,0.05,12.495986,1.249599,1.939,0.0,0.0,0.0,0.0,0.0,0.0,100.0,32.1536,0.643157,0.94956
2026-07-24 22:17:13,137632.57,140599,703,158.9832,232.2369,1.0,3.006888,,,,0.05,5.402935,0.540294,1.93595,1.040956,6.0,7.0,0.0,1.872216,1.872216,98.127784,31.690934,0.692831,0.94956
2026-07-24 22:18:18,137697.71,140799,704,127.255,231.4457,1.0,4.056767,,,,0.05,4.328088,0.432809,1.93,1.11699,6.0,7.0,0.0,1.645216,1.645216,98.354784,31.741883,0.737354,0.94956
2026-07-24 22:19:26,137765.34,140999,705,168.8218,231.946,1.0,2.697297,,,,0.05,6.641023,0.664102,1.098923,0.381537,0.0,10.0,7.634248,8.459785,16.094033,83.905967,27.226818,0.419184,0.94956
2026-07-24 22:20:32,137831.15,141199,706,53.238,229.9986,1.0,1.726394,,,,0.05,3.292784,0.329278,0.087111,1.425239,8.0,8.0,10.762208,13.650494,24.412702,75.587298,24.265814,0.606303,0.94956
2026-07-24 22:21:38,137897.41,141399,707,125.5916,229.2409,1.0,3.598067,,,,0.05,4.516582,0.451658,1.9319,1.837369,8.0,8.0,0.0,5.873054,5.873054,94.126946,30.130634,0.557836,0.94956
2026-07-24 22:22:43,137962.7,141599,708,113.8692,228.1999,1.0,2.590089,,,,0.05,4.00781,0.400781,1.92695,1.06538,7.0,8.0,0.0,3.79194,3.79194,96.20806,30.835539,0.598415,0.94956
2026-07-24 22:23:50,138029.77,141799,709,143.5406,227.8777,1.0,5.062185,,,,0.05,4.794792,0.479479,1.92595,0.795642,5.0,6.0,0.0,0.175362,0.175362,99.824638,31.893941,0.535869,0.94956
2026-07-24 22:24:56,138095.11,141999,710,87.9653,226.5092,1.0,1.406682,,,,0.05,2.932177,0.293218,1.92,0.009782,0.0,0.0,0.0,0.0,0.0,100.0,32.058925,0.861316,0.948877
2026-07-24 22:26:02,138161.23,142199,711,77.0444,224.3047,1.0,4.219894,,,,0.05,3.691638,0.369164,0.22657,0.191386,0.0,10.0,9.506873,8.116208,17.623082,82.376918,26.251439,0.666324,0.948877
2026-07-24 22:27:07,138226.83,142399,712,7.2242,221.8379,1.0,5.23196,,,,0.05,2.225571,0.222557,1.114107,2.844958,10.0,10.0,14.937627,16.962257,31.899884,68.100116,21.367129,0.77624,0.948877
2026-07-24 22:28:15,138294.35,142599,713,211.0589,220.8611,1.0,4.906165,,,,0.05,7.035296,0.70353,1.928,0.185077,1.0,2.0,0.0,0.0,0.0,100.0,31.994861,0.55358,0.948877
2026-07-24 22:29:21,138360.36,142799,714,173.1898,220.7023,1.0,3.425282,,,,0.05,6.053439,0.605344,1.94,1.699129,8.0,9.0,0.0,4.897975,4.897975,95.102025,30.271815,0.571454,0.948877
2026-07-24 22:30:26,138425.61,142999,715,290.4272,223.3856,1.0,1.7879,,,,0.05,9.691965,0.969196,1.95,0.121395,1.0,3.0,0.0,0.0,0.0,100.0,32.043565,0.584671,0.948877
2026-07-24 22:31:33,138492.37,143199,716,174.4102,223.1253,1.0,2.162544,,,,0.05,6.563057,0.656306,1.94095,4.197372,10.0,10.0,0.151105,12.72467,12.875775,87.124225,27.479332,0.525657,0.948877
2026-07-24 22:32:38,138557.44,143399,717,199.0214,222.817,1.0,5.686057,,,,0.05,7.709995,0.770999,0.893657,2.400716,10.0,10.0,5.019474,12.618234,17.637708,82.362292,26.114809,0.480822,0.948877
2026-07-24 22:33:44,138624.01,143599,718,230.7836,221.5342,1.0,4.865229,,,,0.05,7.692787,0.769279,1.93895,0.762195,4.0,5.0,0.0,0.0,0.0,100.0,32.145686,0.527779,0.948877
2026-07-24 22:34:49,138688.31,143799,719,202.3761,220.5841,1.0,3.594577,,,,0.05,7.402291,0.740229,4e-05,0.921684,6.0,6.0,0.0,1.33328,1.33328,98.66672,31.675094,0.725062,0.948877
2026-07-24 22:35:56,138755.8,143999,720,183.2202,219.9126,1.0,15.140584,,,,0.05,6.12425,0.612425,4e-05,0.006251,0.0,0.0,0.0,0.0,0.0,100.0,32.35072,0.822606,0.948512
2026-07-24 22:37:02,138822.01,144199,721,252.354,219.0513,1.0,8.087944,,,,0.05,8.51101,0.851101,3.8e-05,0.024079,0.0,1.0,0.0,0.0,0.0,100.0,32.162093,0.742181,0.948512
2026-07-24 22:38:08,138887.47,144399,722,248.0686,218.7074,1.0,21.805496,,,,0.05,8.413398,0.84134,3.8e-05,0.063031,0.0,2.0,0.0,0.0,0.0,100.0,32.228409,0.782406,0.948512
2026-07-24 22:39:14,138953.64,144599,723,197.1844,218.2952,1.0,21.144836,,,,0.05,6.6837,0.66837,1.9309,0.004914,0.0,0.0,0.0,0.0,0.0,100.0,32.29696,0.765585,0.948512
2026-07-24 22:40:20,139019.22,144799,724,375.9793,218.4988,1.0,19.20792,,,,0.05,12.682331,1.268233,1.93695,0.136244,1.0,3.0,0.0,0.0,0.0,100.0,32.1024,0.614626,0.948512
2026-07-24 22:41:27,139086.5,144999,725,437.1141,220.3216,1.0,6.130316,,,,0.05,15.682911,1.568291,1.93995,0.001074,0.0,0.0,0.0,0.0,0.0,100.0,32.17792,0.672006,0.948512
2026-07-24 22:42:31,139150.96,145199,726,326.9075,221.1424,1.0,6.603141,,,,0.05,11.036411,1.103641,4.1e-05,1.528597,6.0,7.0,0.0,1.865806,1.865806,98.134194,31.331903,0.663503,0.948512
2026-07-24 22:43:39,139218.69,145399,727,397.4025,223.4307,1.0,5.294081,,,,0.05,13.531201,1.35312,4e-05,0.017484,0.0,1.0,0.0,0.0,0.0,100.0,31.62752,0.780543,0.948512
2026-07-24 22:44:45,139284.38,145599,728,378.7893,226.362,1.0,5.749027,,,,0.05,12.920884,1.292088,3.9e-05,0.003017,0.0,0.0,0.0,0.0,0.0,100.0,31.39456,0.759274,0.948512
2026-07-24 22:45:51,139350.31,145799,729,173.3242,225.5723,1.0,2.141474,,,,0.05,6.117451,0.611745,3.7e-05,1.144243,9.0,9.0,0.0,5.08702,5.08702,94.91298,29.692897,0.835876,0.948512
2026-07-24 22:46:56,139415.35,145999,730,41.7864,223.6469,1.0,1.374643,,,,0.05,2.860021,0.286002,3.8e-05,2.001462,10.0,10.0,7.547862,16.008147,23.556008,76.443992,23.763644,0.855041,0.947604
2026-07-24 22:48:02,139481.94,146199,731,45.2345,222.3147,1.0,2.907513,,,,0.05,3.440187,0.344019,3.8e-05,1.128848,10.0,10.0,14.634739,15.935335,30.570074,69.429926,21.777402,0.816531,0.947604
2026-07-24 22:49:08,139547.61,146399,732,155.4629,222.3504,1.0,1.608379,,,,0.05,5.911997,0.5912,3.7e-05,2.446558,9.0,9.0,0.0,11.37382,11.37382,88.62618,27.988628,0.809171,0.947604
2026-07-24 22:50:14,139613.3,146599,733,173.6011,221.5515,1.1,8.695136,,,,0.05,5.955431,0.595543,3.8e-05,0.0031,0.0,0.0,0.0,0.0,0.0,100.0,32.20352,0.795837,0.947604
2026-07-24 22:51:21,139680.41,146799,734,-1.6045,218.9668,1.1,6.653675,,,,0.05,0.954029,0.095403,3.8e-05,0.550481,10.0,10.0,6.315748,8.499067,14.814815,85.185185,27.311448,0.968398,0.947604
2026-07-24 22:52:27,139746.44,146999,735,5.3566,216.4513,1.1,3.564365,,,,0.05,1.382346,0.138235,3.6e-05,0.10483,0.0,1.0,10.141191,8.340604,18.481796,81.518204,26.126021,0.948626,0.947604
2026-07-24 22:53:33,139812.32,147199,736,220.6202,215.6919,1.1,18.151184,,,,0.05,7.725238,0.772524,4.1e-05,0.188369,1.0,4.0,0.0,0.0,0.0,100.0,32.11392,0.646107,0.947604
2026-07-24 22:54:38,139877.7,147399,737,216.6863,215.7477,1.1,9.671356,,,,0.05,7.274581,0.727458,4.1e-05,0.000239,0.0,0.0,0.0,0.0,0.0,100.0,32.07168,0.583868,0.947604
2026-07-24 22:55:45,139944.39,147599,738,97.1405,215.4689,1.1,9.91515,,,,0.05,3.349869,0.334987,3.6e-05,0.990155,6.0,7.0,0.0,2.127829,2.127829,97.872171,31.204805,0.864666,0.947604
2026-07-24 22:56:50,140009.46,147799,739,104.9226,214.4294,1.1,6.913164,,,,0.05,4.363342,0.436334,3.9e-05,2.569801,10.0,10.0,0.782755,13.832691,14.615446,85.384554,26.896267,0.743524,0.947604
2026-07-24 22:57:56,140075.98,147999,740,110.9162,212.9446,1.1,12.757454,,,,0.05,4.765849,0.476585,1.32349,1.989785,10.0,10.0,5.245063,12.576957,17.82202,82.17798,26.046339,0.602036,0.947468
2026-07-24 22:59:01,140140.87,148199,741,169.9296,212.4026,1.1,12.195745,,,,0.05,5.684181,0.568418,4e-05,0.000239,0.0,0.0,0.0,0.0,0.0,100.0,32.12928,0.815304,0.947468
2026-07-24 23:00:08,140208.08,148399,742,34.3741,210.6116,1.1,10.695489,,,,0.05,3.814477,0.381448,4e-05,2.535155,10.0,10.0,18.78409,24.174862,42.958952,57.041048,18.059581,0.606502,0.947468
2026-07-24 23:01:15,140274.19,148599,743,171.6653,210.2878,1.1,12.571065,,,,0.05,5.736138,0.573614,4e-05,0.218214,2.0,3.0,0.0,0.0,0.0,100.0,32.045534,0.611557,0.947468
2026-07-24 23:02:20,140339.54,148799,744,216.3767,210.2985,1.1,6.723736,,,,0.05,7.686474,0.768647,1.94095,1.157169,10.0,10.0,0.142332,7.013798,7.15613,92.84387,29.880246,0.640536,0.947468
2026-07-24 23:03:27,140406.68,148999,745,190.7207,209.7974,1.1,10.544365,,,,0.05,6.357356,0.635736,1.93295,0.000557,0.0,0.0,0.0,0.0,0.0,100.0,32.18688,0.600975,0.947468
2026-07-24 23:04:32,140471.66,149199,746,109.5342,208.984,1.1,7.825805,,,,0.05,5.153842,0.515384,1.591826,1.843449,10.0,10.0,8.273968,15.835555,24.109524,75.890476,24.200333,0.660269,0.947468
2026-07-24 23:05:39,140538.36,149399,747,178.8038,207.9149,1.1,6.205778,,,,0.05,6.64714,0.664714,1.911971,0.884928,10.0,10.0,3.218876,8.11284,11.331715,88.668285,28.438465,0.629479,0.947468
2026-07-24 23:06:43,140602.57,149599,748,289.6015,207.729,1.1,5.077083,,,,0.05,9.836539,0.983654,1.93195,0.0,0.0,0.0,0.0,0.0,0.0,100.0,32.15616,0.629259,0.947468
2026-07-24 23:07:51,140670.61,149799,749,159.9782,207.4185,1.1,4.046531,,,,0.05,6.538003,0.6538,0.346819,0.099137,0.0,2.26,10.158175,8.632064,18.790239,81.209761,26.051408,0.551266,0.947468
2026-07-24 23:08:57,140736.58,149999,750,224.9891,207.6521,1.1,3.11841,,,,0.05,7.499636,0.749964,1.92695,0.042215,0.0,1.0,0.0,0.0,0.0,100.0,31.989419,0.547715,0.94729
2026-07-24 23:10:03,140802.43,150199,751,166.4062,206.6428,1.1,7.170115,,,,0.05,5.872103,0.58721,1.92695,1.149605,9.0,9.0,0.0,5.385542,5.385542,94.614458,29.971464,0.647841,0.94729
2026-07-24 23:11:09,140868.17,150399,752,60.1719,205.05,1.1,9.431009,,,,0.05,3.753212,0.375321,0.806978,1.485305,10.0,10.0,11.874343,16.588502,28.462845,71.537155,22.43197,0.696126,0.94729
2026-07-24 23:12:15,140934.2,150599,753,92.127,204.2034,1.1,2.614334,,,,0.05,3.87611,0.387611,1.918,0.735236,10.0,10.0,4.84697,8.367273,13.214243,86.785757,27.440515,0.772061,0.94729
2026-07-24 23:13:22,141001.45,150799,754,154.8331,204.4959,1.1,7.098171,,,,0.05,5.578741,0.557874,1.929,1.14434,10.0,10.0,0.50006,6.452393,6.952454,93.047546,29.386318,0.473179,0.94729
2026-07-24 23:14:26,141066.0,150999,755,245.3588,206.0287,1.1,7.400538,,,,0.05,8.178626,0.817863,1.934,0.007802,0.0,0.0,0.0,0.0,0.0,100.0,31.82592,0.553682,0.94729
2026-07-24 23:15:35,141134.12,151199,756,134.8584,205.4227,1.1,3.801188,,,,0.05,5.155053,0.515505,1.93985,2.430233,9.0,10.0,0.076158,11.215328,11.291486,88.708514,27.970356,0.731176,0.94729
2026-07-24 23:16:40,141199.89,151399,757,299.5347,205.9416,1.1,8.802466,,,,0.05,10.213834,1.021383,1.95,1.059864,7.0,8.0,0.0,3.790599,3.790599,96.209401,30.683159,0.557451,0.94729
2026-07-24 23:17:47,141266.27,151599,758,110.5247,204.9895,1.1,10.11742,,,,0.05,5.784241,0.578424,0.812958,0.769231,10.0,10.0,16.994877,15.978226,32.973103,67.026897,21.27939,0.568928,0.94729
2026-07-24 23:18:52,141331.3,151799,759,337.4568,205.3418,1.1,6.517588,,,,0.05,11.24906,1.124906,1.93095,4e-05,0.0,0.0,0.0,0.0,0.0,100.0,31.97568,0.564312,0.94729
2026-07-24 23:19:59,141398.24,151999,760,298.1416,204.1276,1.1,7.633451,,,,0.05,10.042674,1.004267,1.934,1.013974,7.0,7.0,0.0,1.884018,1.884018,98.115982,31.419062,0.601181,0.9471
2026-07-24 23:21:05,141464.14,152199,761,139.5477,201.9644,1.1,2.044358,,,,0.05,5.633238,0.563324,0.880549,0.518554,2.0,10.0,7.461674,8.104439,15.566113,84.433887,26.969407,0.564659,0.9471
2026-07-24 23:22:10,141529.48,152399,762,99.1473,201.1965,1.1,15.688231,,,,0.05,4.039865,0.403987,1.549147,1.682068,10.0,10.0,3.821554,8.35865,12.180205,87.819795,28.035052,0.67055,0.9471
2026-07-24 23:23:16,141596.02,152599,763,133.9152,199.9065,1.1,8.121765,,,,0.05,4.46384,0.446384,1.928,0.083645,1.0,1.0,0.0,0.0,0.0,100.0,32.16695,0.6736,0.9471
2026-07-24 23:24:23,141662.58,152799,764,121.6399,198.1774,1.1,4.324214,,,,0.05,4.054663,0.405466,1.93,0.007373,0.0,0.0,0.0,0.0,0.0,100.0,31.94368,0.700006,0.9471
2026-07-24 23:25:29,141728.59,152999,765,125.8361,198.5257,1.1,2.831399,,,,0.05,4.194537,0.419454,1.93,0.016709,0.0,1.0,0.0,0.0,0.0,100.0,31.868909,0.724928,0.9471
2026-07-24 23:26:34,141793.79,153199,766,168.7421,197.0163,1.1,4.787467,,,,0.05,5.638299,0.56383,1.92395,0.0,0.0,0.0,0.0,0.0,0.0,100.0,31.97824,0.659406,0.9471
2026-07-24 23:27:41,141860.94,153399,767,54.2094,194.6866,1.1,3.287251,,,,0.05,3.575225,0.357523,1.923,3.792923,10.0,10.0,6.731192,22.541295,29.272487,70.727513,22.310353,0.804844,0.9471
2026-07-24 23:28:46,141925.94,153599,768,237.213,195.3033,1.1,6.145903,,,,0.05,7.907099,0.79071,1.92695,0.293839,2.0,2.0,0.0,0.0,0.0,100.0,31.913152,0.655169,0.9471
2026-07-24 23:29:53,141992.55,153799,769,251.237,194.8479,1.1,5.35536,,,,0.05,8.39032,0.839032,1.92995,0.270622,2.0,2.0,0.0,0.0,0.0,100.0,31.998359,0.618108,0.9471
2026-07-24 23:30:58,142057.4,153999,770,94.9442,193.2408,1.1,4.696889,,,,0.05,4.430293,0.443029,1.90095,3.119067,10.0,10.0,5.506581,15.139073,20.645655,79.354345,24.878937,0.693131,0.946651
2026-07-24 23:32:05,142125.04,154199,771,173.142,192.479,1.1,8.261786,,,,0.05,6.013742,0.601374,1.92695,1.085307,8.0,9.0,0.0,4.369633,4.369633,95.630367,30.324538,0.690006,0.946651
2026-07-24 23:33:12,142191.32,154399,772,228.6338,191.5083,1.1,3.085242,,,,0.05,7.629349,0.762935,1.929,0.000283,0.0,0.0,0.0,0.0,0.0,100.0,31.65952,0.721574,0.946651
2026-07-24 23:34:17,142256.81,154599,773,156.6139,190.4097,1.1,5.266303,,,,0.05,6.004746,0.600475,1.131586,0.973555,10.0,10.0,4.259454,8.320512,12.579966,87.420034,27.516399,0.680455,0.946651
2026-07-24 23:35:24,142323.67,154799,774,207.9762,189.9551,1.1,6.524583,,,,0.05,6.932542,0.693254,1.9289,0.115281,1.0,2.0,0.0,0.0,0.0,100.0,31.856562,0.657537,0.946651
2026-07-24 23:36:29,142389.05,154999,775,227.3656,188.9362,1.1,2.582958,,,,0.05,7.599345,0.759935,1.93195,0.866833,5.0,7.0,0.0,0.358466,0.358466,99.641534,31.855887,0.702389,0.946651
2026-07-24 23:37:36,142455.4,155199,776,215.1192,187.8101,1.1,3.67684,,,,0.05,7.170639,0.717064,1.938,1.207308,3.0,4.0,0.0,0.0,0.0,100.0,31.775351,0.577672,0.946651
2026-07-24 23:38:40,142519.93,155399,777,83.2735,186.0286,1.1,8.256281,,,,0.05,4.263111,0.426311,1.327766,2.185281,10.0,10.0,8.096715,15.569077,23.665792,76.334208,24.361346,0.648803,0.946651
2026-07-24 23:39:48,142587.44,155599,778,308.7694,186.5233,1.1,4.990522,,,,0.05,10.292312,1.029231,1.93595,0.141438,1.0,2.0,0.0,0.0,0.0,100.0,31.955861,0.537015,0.946651
2026-07-24 23:40:54,142653.43,155799,779,312.0504,187.9523,1.1,4.736323,,,,0.05,10.401681,1.040168,1.934,0.0,0.0,0.0,0.0,0.0,0.0,100.0,31.84256,0.53076,0.946651
2026-07-24 23:41:59,142718.91,155999,780,374.1178,191.3185,1.1,7.115023,,,,0.05,12.585486,1.258549,1.939,0.0,0.0,0.0,0.0,0.0,0.0,100.0,31.77088,0.644809,0.945849
2026-07-24 23:43:05,142784.87,156199,781,276.2929,192.3729,1.1,4.149266,,,,0.05,9.334488,0.933449,1.93895,1.144187,7.0,8.0,0.0,2.200048,2.200048,97.799952,31.080102,0.480833,0.945849
2026-07-24 23:44:12,142851.48,156399,782,317.8841,193.8461,1.1,4.61393,,,,0.05,10.713345,1.071335,1.944,0.979804,6.0,8.0,0.0,1.783782,1.783782,98.216218,31.182401,0.618608,0.945849
2026-07-24 23:45:18,142917.99,156599,783,185.4392,193.9505,1.1,3.470159,,,,0.05,7.105754,0.710575,1.776976,2.409307,10.0,10.0,2.634424,12.719702,15.354126,84.645874,26.733706,0.479232,0.945849
2026-07-24 23:46:23,142982.65,156799,784,236.2213,194.572,1.1,11.543131,,,,0.05,8.147957,0.814796,1.93695,1.131202,7.0,10.0,0.0,4.643901,4.643901,95.356099,30.31269,0.54519,0.945849
2026-07-24 23:47:31,143051.04,156999,785,273.9304,195.604,1.1,2.648548,,,,0.05,9.131012,0.913101,1.932,0.66975,3.0,3.0,0.0,0.0,0.0,100.0,31.829334,0.530879,0.945849
2026-07-24 23:48:37,143116.54,157199,786,169.9282,195.2182,1.1,11.524858,,,,0.05,5.664274,0.566427,1.925,0.554052,3.0,3.0,0.0,0.0,0.0,100.0,31.697365,0.706086,0.945849
2026-07-24 23:49:43,143182.46,157399,787,128.824,195.487,1.1,9.669405,,,,0.05,4.294134,0.429413,1.92595,0.023098,0.0,1.0,0.0,0.0,0.0,100.0,31.753728,0.700561,0.945849
2026-07-24 23:50:48,143247.81,157599,788,77.4471,193.7113,1.1,4.994862,,,,0.05,3.232763,0.323276,1.89891,2.519092,10.0,10.0,2.555987,8.164737,10.720724,89.279276,28.194477,0.664903,0.945849
2026-07-24 23:51:55,143314.53,157799,789,55.4739,191.9159,1.1,11.737472,,,,0.05,2.974875,0.297487,0.235201,1.362812,6.0,10.0,9.49207,8.367798,17.859867,82.140133,25.918581,0.708246,0.945849
2026-07-24 23:53:01,143380.2,157999,790,138.0565,191.0181,1.1,4.241561,,,,0.05,5.578369,0.557837,0.386118,0.582139,1.0,10.0,7.388489,8.305514,15.694003,84.305997,26.691695,0.477876,0.945309
2026-07-24 23:54:07,143446.29,158199,791,271.9723,190.8362,1.1,9.604995,,,,0.05,9.065742,0.906574,1.93895,0.151853,1.0,1.0,0.0,0.0,0.0,100.0,31.771669,0.58687,0.945309
2026-07-24 23:55:13,143512.51,158399,792,222.7479,190.0137,1.1,8.359893,,,,0.05,7.849484,0.784948,1.9349,2.328077,9.0,10.0,0.02393,7.270769,7.294699,92.705301,29.389283,0.546492,0.945309
2026-07-24 23:56:20,143579.48,158599,793,75.7036,187.5106,1.1,7.662543,,,,0.05,4.428148,0.442815,1.041094,2.728447,10.0,10.0,13.489911,17.465508,30.955419,69.044581,21.733321,0.555068,0.945309
2026-07-24 23:57:26,143645.71,158799,794,339.9632,187.7493,1.1,5.932782,,,,0.05,11.351234,1.135123,1.93595,0.000439,0.0,0.0,0.0,0.0,0.0,100.0,32.096,0.557382,0.945309
2026-07-24 23:58:31,143711.0,158999,795,282.0599,188.5558,1.1,3.870066,,,,0.05,9.401998,0.9402,1.932,0.580761,3.0,5.0,0.0,0.0,0.0,100.0,32.09476,0.523423,0.945309
2026-07-24 23:59:38,143777.87,159199,796,257.5046,189.0729,1.1,6.697411,,,,0.05,8.583974,0.858397,1.932,0.066224,1.0,1.0,0.0,0.0,0.0,100.0,32.413563,0.508612,0.945309
2026-07-25 00:00:43,143842.8,159399,797,344.9106,191.292,1.1,11.807342,,,,0.05,11.50264,1.150264,1.936,0.004725,0.0,0.0,0.0,0.0,0.0,100.0,32.23808,0.573799,0.945309
2026-07-25 00:01:50,143910.1,159599,798,224.7766,192.8418,1.1,2.943796,,,,0.05,8.62882,0.862882,0.641257,0.755188,3.0,10.0,7.642425,8.103915,15.74634,84.25366,26.949619,0.616028,0.945309
2026-07-25 00:02:55,143974.9,159799,799,302.5178,193.3682,1.1,3.197182,,,,0.05,10.083928,1.008393,1.932,0.075429,1.0,1.0,0.0,0.0,0.0,100.0,32.293504,0.569544,0.945309
2026-07-25 00:04:03,144042.65,159999,800,286.9421,192.6119,1.1,17.23175,,,,0.05,10.487946,1.048795,1.936,2.153385,10.0,10.0,3.972195,11.249255,15.22145,84.77855,27.029847,0.569948,0.944781
2026-07-25 00:05:09,144109.1,160199,801,293.6969,191.6578,1.1,4.255857,,,,0.05,10.87384,1.087384,0.220153,0.936024,3.0,10.0,8.985854,8.396095,17.381949,82.618051,26.322536,0.539818,0.944781
2026-07-25 00:06:15,144174.53,160399,802,344.1127,191.5055,1.1,1.859535,,,,0.05,11.717146,1.171715,1.932,0.057413,1.0,1.0,0.0,0.0,0.0,100.0,32.128649,0.599621,0.944781
2026-07-25 00:07:21,144240.99,160599,803,298.0191,192.8959,1.1,3.316765,,,,0.05,10.001208,1.000121,1.932,0.066627,1.0,1.0,0.0,0.0,0.0,100.0,32.007403,0.547887,0.944781
2026-07-25 00:08:27,144306.43,160799,804,219.9981,193.8233,1.1,6.252364,,,,0.05,7.380963,0.738096,1.92895,0.978344,6.0,7.0,0.0,0.841211,0.841211,99.158789,31.504464,0.547463,0.944781
2026-07-25 00:09:33,144372.9,160999,805,270.3354,194.8385,1.1,7.907966,,,,0.05,9.018035,0.901804,1.93185,1.205485,4.0,4.0,0.0,0.0,0.0,100.0,31.739431,0.526979,0.944781
2026-07-25 00:10:37,144436.98,161199,806,225.2605,196.5587,1.1,5.336368,,,,0.05,8.259764,0.825976,0.742112,1.004755,10.0,10.0,4.259177,7.825281,12.084458,87.915542,27.819378,0.520834,0.944781
2026-07-25 00:11:46,144505.55,161399,807,373.4833,199.0376,1.1,2.136454,,,,0.05,12.913375,1.291337,1.926,0.024813,0.0,1.0,0.0,0.0,0.0,100.0,31.622461,0.605315,0.944781
2026-07-25 00:12:52,144571.64,161599,808,315.8451,201.0574,1.1,5.216911,,,,0.05,10.587111,1.058711,1.939,0.178345,1.0,1.0,0.0,0.0,0.0,100.0,31.731231,0.628597,0.944781
2026-07-25 00:13:58,144637.32,161799,809,351.7655,203.1396,1.1,4.072442,,,,0.05,11.734032,1.173403,1.93995,0.879565,4.0,5.0,0.0,0.137591,0.137591,99.862409,31.406527,0.5672,0.944781
2026-07-25 00:15:03,144702.57,161999,810,261.0919,204.8709,1.1,1.911742,,,,0.05,8.703063,0.870306,1.932,0.00501,0.0,0.0,0.0,0.0,0.0,100.0,31.68128,0.545693,0.943881
2026-07-25 00:16:09,144769.07,162199,811,235.3055,206.4535,1.1,2.063789,,,,0.05,7.843517,0.784352,1.93195,0.021658,0.0,1.0,0.0,0.0,0.0,100.0,31.73632,0.620351,0.943881
2026-07-25 00:17:16,144835.3,162399,812,213.6636,208.5179,1.1,5.421615,,,,0.05,7.130548,0.713055,1.93895,0.680458,4.0,5.0,0.0,0.048048,0.048048,99.951952,31.773808,0.593543,0.943881
2026-07-25 00:18:20,144899.91,162599,813,168.3399,208.0907,1.1,7.376295,,,,0.05,6.358372,0.635837,0.789705,1.003493,10.0,10.0,4.043408,7.849678,11.893087,88.106913,27.952391,0.590708,0.943881
2026-07-25 00:19:28,144967.35,162799,814,269.3249,209.052,1.1,7.069681,,,,0.05,9.385738,0.938574,1.929,0.000963,0.0,0.0,0.0,0.0,0.0,100.0,31.89632,0.72517,0.943881
2026-07-25 00:20:33,145032.99,162999,815,252.8069,208.6758,1.1,4.098032,,,,0.05,8.552951,0.855295,1.936,0.168795,1.0,2.0,0.0,0.0,0.0,100.0,32.06912,0.555557,0.943881
2026-07-25 00:21:39,145098.73,163199,816,230.4316,209.2361,1.1,5.117785,,,,0.05,8.064085,0.806408,1.93585,1.28759,9.0,10.0,0.0,6.726368,6.726368,93.273632,29.729045,0.467065,0.943881
2026-07-25 00:22:44,145164.07,163399,817,335.2192,210.598,1.1,9.895056,,,,0.05,11.173972,1.117397,1.943,0.245427,1.0,2.0,0.0,0.0,0.0,100.0,32.11648,0.516874,0.943881
2026-07-25 00:23:52,145231.62,163599,818,229.3738,210.5839,1.1,4.94956,,,,0.05,7.927655,0.792766,1.714213,1.658378,8.0,8.0,0.031845,4.836398,4.868243,95.131757,30.320568,0.490302,0.943881
2026-07-25 00:24:58,145297.37,163799,819,430.1208,212.8614,1.1,7.367217,,,,0.05,14.48801,1.448801,1.9349,0.000198,0.0,0.0,0.0,0.0,0.0,100.0,32.25088,0.54937,0.943881
2026-07-25 00:26:04,145363.44,163999,820,245.5772,213.485,1.1,6.846836,,,,0.05,9.741743,0.974174,1.94195,3.003133,10.0,10.0,8.764144,16.816601,25.580744,74.419256,23.505423,0.500022,0.943153
2026-07-25 00:27:09,145428.99,164199,821,362.582,214.5872,1.1,2.060249,,,,0.05,12.817862,1.281786,1.431987,1.01888,10.0,10.0,1.89998,7.061659,8.961639,91.038361,28.856153,0.500231,0.943153
2026-07-25 00:28:17,145496.19,164399,822,352.655,215.6331,1.1,7.448422,,,,0.05,11.860719,1.186072,1.928,0.000201,0.0,0.0,0.0,0.0,0.0,100.0,31.78368,0.596612,0.943153
2026-07-25 00:29:23,145562.19,164599,823,226.781,215.9291,1.1,8.136633,,,,0.05,7.573405,0.757341,1.929,0.255988,1.0,1.0,0.0,0.0,0.0,100.0,31.902416,0.62867,0.943153
2026-07-25 00:30:28,145627.68,164799,824,194.8156,214.1174,1.1,15.301754,,,,0.05,6.493854,0.649385,1.92595,0.322966,1.0,2.0,0.0,0.0,0.0,100.0,31.936819,0.628337,0.943153
2026-07-25 00:31:35,145694.62,164999,825,151.6024,211.2623,1.1,3.900879,,,,0.05,5.053414,0.505341,1.928,0.004352,0.0,0.0,0.0,0.0,0.0,100.0,32.0576,0.686581,0.943153
2026-07-25 00:32:40,145759.8,165199,826,119.4149,209.1874,1.1,8.253133,,,,0.05,3.997889,0.399789,1.928,1.479033,5.0,6.0,0.0,0.347292,0.347292,99.652708,31.777008,0.653139,0.943153
2026-07-25 00:33:47,145826.14,165399,827,238.8004,207.6014,1.1,5.643153,,,,0.05,7.960013,0.796001,1.92795,0.0,0.0,0.0,0.0,0.0,0.0,100.0,32.0896,0.677293,0.943153
2026-07-25 00:34:51,145890.81,165599,828,363.2794,207.4463,1.1,8.236845,,,,0.05,12.157778,1.215778,1.93095,0.001957,0.0,0.0,0.0,0.0,0.0,100.0,32.04224,0.486382,0.943153
2026-07-25 00:35:59,145958.42,165799,829,231.3424,208.0264,1.1,6.379915,,,,0.05,8.039866,0.803987,1.922956,1.289208,8.0,9.0,0.0,5.756665,5.756665,94.243335,29.889963,0.681951,0.943153
2026-07-25 00:37:05,146024.68,165999,830,425.7527,211.8661,1.1,8.451674,,,,0.05,15.014359,1.501436,1.935,0.00016,0.0,0.0,0.0,0.0,0.0,100.0,32.08448,0.555388,0.942096
2026-07-25 00:38:11,146090.27,166199,831,187.4268,213.288,1.1,8.769187,,,,0.05,6.841745,0.684174,1.800011,2.458249,10.0,10.0,1.836946,7.989321,9.826267,90.173733,28.660503,0.568109,0.942096
2026-07-25 00:39:17,146156.69,166399,832,197.8511,213.7119,1.1,5.204167,,,,0.05,6.917032,0.691703,1.9109,2.517119,8.0,9.0,0.0,5.611574,5.611574,94.388426,29.910612,0.681757,0.942096
2026-07-25 00:40:23,146222.48,166599,833,196.4976,213.9409,1.1,8.546907,,,,0.05,6.549921,0.654992,1.92495,0.468252,3.0,3.0,0.0,0.0,0.0,100.0,31.912635,0.660107,0.942096
2026-07-25 00:41:30,146289.23,166799,834,228.9354,216.2463,1.1,4.341667,,,,0.05,7.652639,0.765264,1.92295,0.0,0.0,0.0,0.0,0.0,0.0,100.0,32.04736,0.667292,0.942096
2026-07-25 00:42:34,146353.44,166999,835,222.9759,218.4225,1.1,7.427896,,,,0.05,7.43253,0.743253,1.923,0.00024,0.0,0.0,0.0,0.0,0.0,100.0,31.96032,0.572572,0.942096
2026-07-25 00:43:42,146421.51,167199,836,248.2242,218.6985,1.1,12.270954,,,,0.05,8.27414,0.827414,1.92895,0.000562,0.0,0.0,0.0,0.0,0.0,100.0,31.90272,0.644402,0.942096
2026-07-25 00:44:48,146487.47,167399,837,142.6524,217.9582,1.1,6.892918,,,,0.05,5.106089,0.510609,1.529731,1.18924,9.0,9.0,0.0,6.155516,6.155516,93.844484,29.693948,0.683391,0.942096
2026-07-25 00:45:54,146553.41,167599,838,136.096,218.3477,1.1,4.662873,,,,0.05,5.134408,0.513441,1.92295,2.411279,8.0,9.0,0.0,10.522117,10.522117,89.477883,28.3504,0.663721,0.942096
2026-07-25 00:46:59,146618.56,167799,839,136.5649,218.6641,1.1,3.81539,,,,0.05,5.674012,0.567401,0.64697,2.346855,10.0,10.0,6.763266,11.958123,18.721388,81.278612,25.808079,0.617323,0.942096
2026-07-25 00:48:05,146684.8,167999,840,132.1948,218.8769,1.1,3.689251,,,,0.05,5.590703,0.55907,1.167984,2.523007,8.0,10.0,7.009439,12.48158,19.491019,80.508981,25.48588,0.550065,0.94156
2026-07-25 00:49:11,146750.77,168199,841,78.9923,217.9676,1.1,4.058982,,,,0.05,3.147954,0.314795,1.927,2.792138,10.0,10.0,0.86616,7.88641,8.752571,91.247429,29.165835,0.790192,0.94156
2026-07-25 00:50:17,146816.4,168399,842,211.2126,219.7359,1.1,8.858997,,,,0.05,7.040421,0.704042,1.928,0.23579,1.0,2.0,0.0,0.0,0.0,100.0,32.180984,0.468819,0.94156
2026-07-25 00:51:24,146883.98,168599,843,175.9323,219.7786,1.1,4.996723,,,,0.05,5.864411,0.586441,1.92895,0.050577,1.0,1.0,0.0,0.0,0.0,100.0,32.03979,0.544739,0.94156
2026-07-25 00:52:30,146949.73,168799,844,171.0986,219.3258,1.1,14.826134,,,,0.05,5.703287,0.570329,1.928,0.379201,1.0,2.0,0.0,0.0,0.0,100.0,31.953766,0.578919,0.94156
2026-07-25 00:53:36,147015.77,168999,845,212.414,219.5428,1.1,16.304653,,,,0.05,8.207045,0.820704,0.747951,3.195451,10.0,10.0,4.321848,14.363673,18.685521,81.314479,25.704814,0.477899,0.94156
2026-07-25 00:54:41,147081.08,169199,846,355.3871,222.0013,1.2,6.086064,,,,0.05,11.964376,1.196438,1.9329,0.14514,1.0,1.0,0.0,0.0,0.0,100.0,31.961311,0.580549,0.94156
2026-07-25 00:55:49,147148.32,169399,847,392.6566,224.1398,1.2,2.957356,,,,0.05,13.136631,1.313663,1.92895,8e-05,0.0,0.0,0.0,0.0,0.0,100.0,32.09344,0.482184,0.94156
2026-07-25 00:56:54,147213.76,169599,848,78.6088,222.0299,1.2,3.348826,,,,0.05,4.982434,0.498243,0.283158,5.563271,10.0,10.0,11.64555,27.445685,39.091234,60.908766,19.065286,0.515292,0.94156
2026-07-25 00:58:01,147280.47,169799,849,230.4189,222.7343,1.2,8.899549,,,,0.05,8.576113,0.857611,0.536367,0.610151,10.0,10.0,6.20112,8.166263,14.367383,85.632617,27.522357,0.466414,0.94156
2026-07-25 00:59:07,147346.35,169999,850,302.1128,223.5055,1.2,4.906417,,,,0.05,10.173092,1.017309,1.928,0.039714,0.0,1.0,0.0,0.0,0.0,100.0,32.198488,0.477947,0.94114
2026-07-25 01:00:13,147413.08,170199,851,227.1493,224.113,1.2,8.949959,,,,0.05,7.571645,0.757164,1.928,0.113011,1.0,1.0,0.0,0.0,0.0,100.0,32.110403,0.580212,0.94114
2026-07-25 01:01:20,147479.27,170399,852,263.2003,226.1433,1.2,7.902429,,,,0.05,8.981652,0.898165,1.931,1.656825,7.0,8.0,0.0,3.639196,3.639196,96.360804,30.610725,0.503517,0.94114
2026-07-25 01:02:25,147544.76,170599,853,254.8751,227.7707,1.2,4.532847,,,,0.05,8.495835,0.849584,1.929,0.015624,0.0,1.0,0.0,0.0,0.0,100.0,31.86944,0.49533,0.94114
2026-07-25 01:03:32,147611.58,170799,854,166.0071,227.8825,1.2,3.535262,,,,0.05,5.533569,0.553357,1.92995,0.619262,3.0,4.0,0.0,0.0,0.0,100.0,31.8456,0.657482,0.94114
2026-07-25 01:04:37,147676.52,170999,855,294.2461,228.3714,1.2,2.664369,,,,0.05,10.280238,1.028024,1.328816,1.320165,10.0,10.0,0.336229,7.553136,7.889365,92.110635,29.281921,0.531198,0.94114
2026-07-25 01:05:44,147743.29,171199,856,251.8656,229.5414,1.2,7.371473,,,,0.05,8.395521,0.839552,1.933,0.129745,1.0,1.0,0.0,0.0,0.0,100.0,32.034027,0.467186,0.94114
2026-07-25 01:06:48,147807.6,171399,857,134.7115,227.8932,1.2,5.296544,,,,0.05,4.490384,0.449038,1.929,0.120051,1.0,1.0,0.0,0.0,0.0,100.0,32.233954,0.592899,0.94114
2026-07-25 01:07:56,147875.66,171599,858,148.1439,228.2694,1.2,5.51924,,,,0.05,4.93813,0.493813,1.92795,0.0,0.0,0.0,0.0,0.0,0.0,100.0,32.18176,0.660014,0.94114
2026-07-25 01:09:02,147941.95,171799,859,26.3256,225.1581,1.2,3.116642,,,,0.05,3.104808,0.310481,0.048777,2.798015,10.0,10.0,16.992164,19.338928,36.331093,63.668907,20.025747,0.589448,0.94114
2026-07-25 01:10:08,148007.57,171999,860,246.1565,224.6382,1.2,9.999342,,,,0.05,8.213334,0.821333,1.931,0.079287,1.0,1.0,0.0,0.0,0.0,100.0,32.029881,0.507224,0.940402
2026-07-25 01:11:14,148073.96,172199,861,187.0881,225.1136,1.2,3.607072,,,,0.05,6.237477,0.623748,1.93295,0.791069,4.0,5.0,0.0,0.023949,0.023949,99.976051,31.931361,0.706208,0.940402
2026-07-25 01:12:20,148139.52,172399,862,268.951,226.8117,1.2,2.784702,,,,0.05,8.965034,0.896503,1.937,0.154441,1.0,1.0,0.0,0.0,0.0,100.0,32.12416,0.64054,0.940402
2026-07-25 01:13:27,148206.82,172599,863,338.0237,228.8527,1.2,10.728667,,,,0.05,11.355923,1.135592,1.93995,0.116965,1.0,2.0,0.0,0.0,0.0,100.0,32.23936,0.595913,0.940402
2026-07-25 01:14:31,148270.86,172799,864,389.2969,231.5293,1.2,7.70411,,,,0.05,12.989988,1.298999,1.945,0.163055,1.0,1.0,0.0,0.0,0.0,100.0,31.896105,0.578761,0.940402
2026-07-25 01:15:39,148338.75,172999,865,244.4879,232.7158,1.2,19.130957,,,,0.05,8.149598,0.81496,1.944,1.206456,3.0,4.0,0.0,0.0,0.0,100.0,31.726022,0.615118,0.940402
2026-07-25 01:16:45,148404.86,173199,866,380.0861,234.8293,1.2,5.842137,,,,0.05,12.692281,1.269228,1.94795,0.495267,3.0,4.0,0.0,0.0,0.0,100.0,31.642288,0.632098,0.940402
2026-07-25 01:17:51,148470.57,173399,867,422.4916,238.5121,1.2,4.132737,,,,0.05,14.168025,1.416802,1.94895,0.000121,0.0,0.0,0.0,0.0,0.0,100.0,31.71584,0.621149,0.940402
2026-07-25 01:18:56,148535.77,173599,868,415.6955,240.2969,1.2,5.541228,,,,0.05,14.65692,1.465692,1.94595,0.000202,0.0,0.0,0.0,0.0,0.0,100.0,31.73504,0.655083,0.940402
2026-07-25 01:20:02,148602.06,173799,869,372.8645,241.5132,1.2,4.405205,,,,0.05,12.716272,1.271627,1.947,0.253422,2.0,2.0,0.0,0.0,0.0,100.0,31.790107,0.612502,0.940402
2026-07-25 01:21:08,148667.76,173999,870,415.1314,244.7151,1.2,4.313926,,,,0.05,14.381068,1.438107,1.9489,0.00196,0.0,0.0,0.0,0.0,0.0,100.0,32.00128,0.63824,0.939203
2026-07-25 01:22:14,148733.29,174199,871,323.2318,246.216,1.2,3.460052,,,,0.05,10.89183,1.089183,1.946,0.203552,1.0,2.0,0.0,0.0,0.0,100.0,31.933109,0.625077,0.939203
2026-07-25 01:23:21,148800.15,174399,872,157.7455,245.5071,1.2,5.268932,,,,0.05,5.546225,0.554622,1.9359,2.227158,8.0,10.0,0.168614,4.809507,4.97812,95.02188,29.953199,0.587965,0.939203
2026-07-25 01:24:27,148866.4,174599,873,265.8263,246.5992,1.2,4.145929,,,,0.05,8.860877,0.886088,1.9389,0.174897,1.0,1.0,0.0,0.0,0.0,100.0,31.910304,0.565616,0.939203
2026-07-25 01:25:33,148932.68,174799,874,193.6463,246.4559,1.2,11.089725,,,,0.05,6.454875,0.645488,1.93195,0.350002,2.0,3.0,0.0,0.0,0.0,100.0,31.869313,0.621067,0.939203
2026-07-25 01:26:38,148997.95,174999,875,191.608,246.0983,1.2,5.892864,,,,0.05,6.386932,0.638693,1.937,0.215555,1.0,2.0,0.0,0.0,0.0,100.0,31.763561,0.545384,0.939203
2026-07-25 01:27:45,149064.71,175199,876,111.609,245.0632,1.2,6.834391,,,,0.05,5.254477,0.525448,0.659107,1.695127,10.0,10.0,9.460055,15.617108,25.077164,74.922836,23.661843,0.606055,0.939203
2026-07-25 01:28:50,149129.78,175399,877,191.9192,246.1497,1.2,3.688742,,,,0.05,6.470669,0.647067,1.937,1.470462,6.0,7.0,0.0,1.422029,1.422029,98.577971,31.137958,0.552445,0.939203
2026-07-25 01:29:57,149196.35,175599,878,118.1207,244.2432,1.2,3.922687,,,,0.05,4.338715,0.433871,1.933,3.296532,8.0,8.0,0.0,7.282416,7.282416,92.717584,28.906659,0.726353,0.939203
2026-07-25 01:31:02,149261.36,175799,879,131.4845,242.4375,1.2,10.703229,,,,0.05,4.382815,0.438282,1.929,0.283065,2.0,2.0,0.0,0.0,0.0,100.0,31.609491,0.698816,0.939203
2026-07-25 01:32:09,149328.91,175999,880,108.3424,239.7798,1.2,7.907779,,,,0.05,3.611413,0.361141,1.931,0.793227,4.0,5.0,0.0,0.0,0.0,100.0,31.715239,0.83728,0.938368
2026-07-25 01:33:16,149395.14,176199,881,108.1663,238.0985,1.2,2.466584,,,,0.05,3.6477,0.36477,1.93195,1.832754,6.0,6.0,0.0,0.875924,0.875924,99.124076,31.280724,0.85715,0.938368
2026-07-25 01:34:21,149460.6,176399,882,174.3748,236.6634,1.2,6.176085,,,,0.05,5.812492,0.581249,1.928,0.46265,3.0,3.0,0.0,0.0,0.0,100.0,31.803376,0.599684,0.938368
2026-07-25 01:35:28,149527.82,176599,883,174.0227,236.5493,1.2,2.938214,,,,0.05,6.180836,0.618084,1.84149,1.07881,8.0,10.0,0.975316,5.358218,6.333534,93.666466,29.705771,0.704367,0.938368
2026-07-25 01:36:33,149593.06,176799,884,288.5718,237.0728,1.2,4.577946,,,,0.05,9.61966,0.961966,1.94,0.018992,0.0,1.0,0.0,0.0,0.0,100.0,32.01408,0.529287,0.938368
2026-07-25 01:37:40,149659.42,176999,885,216.9326,236.5028,1.2,4.708598,,,,0.05,7.231088,0.723109,1.932,0.622562,3.0,3.0,0.0,0.0,0.0,100.0,31.760756,0.504841,0.938368
2026-07-25 01:38:44,149723.8,177199,886,248.7821,237.2913,1.2,5.386456,,,,0.05,8.4824,0.84824,1.93495,1.813326,7.0,8.0,0.0,3.466218,3.466218,96.533782,30.528679,0.505772,0.938368
2026-07-25 01:39:52,149791.63,177399,887,299.2321,238.9954,1.2,3.484024,,,,0.05,9.977371,0.997737,1.938,0.0,0.0,0.0,0.0,0.0,0.0,100.0,31.91808,0.571332,0.938368
2026-07-25 01:40:58,149857.6,177599,888,164.8762,239.8697,1.2,6.676867,,,,0.05,6.53972,0.653972,0.563037,1.053734,4.0,10.0,8.581807,7.883287,16.465094,83.534906,26.572244,0.467618,0.938368
2026-07-25 01:42:04,149923.26,177799,889,254.1689,241.8567,1.2,2.921263,,,,0.05,8.472297,0.84723,1.94,0.106131,1.0,1.0,0.0,0.0,0.0,100.0,32.1536,0.526902,0.938368
2026-07-25 01:43:10,149989.16,177999,890,308.0343,243.5564,1.2,10.216889,,,,0.05,10.327773,1.032777,1.94895,1.119709,5.0,8.0,0.0,1.058772,1.058772,98.941228,31.511997,0.502128,0.937442
2026-07-25 01:44:15,150055.07,178199,891,359.9622,244.4363,1.2,4.753368,,,,0.05,12.064528,1.206453,1.944,0.005399,0.0,0.0,0.0,0.0,0.0,100.0,32.0064,0.565042,0.937442
2026-07-25 01:45:22,150121.98,178399,892,286.1866,245.0707,1.2,3.867104,,,,0.05,9.890469,0.989047,1.760747,1.59248,9.0,9.0,0.0,6.146873,6.146873,93.853127,29.960446,0.539946,0.937442
2026-07-25 01:46:27,150186.63,178599,893,288.9995,247.2037,1.2,3.653385,,,,0.05,9.633316,0.963332,1.936,0.025885,0.0,1.0,0.0,0.0,0.0,100.0,32.142418,0.470353,0.937442
2026-07-25 01:47:35,150254.96,178799,894,202.5115,245.8292,1.2,5.605762,,,,0.05,6.750383,0.675038,1.93,0.669753,2.0,2.0,0.0,0.0,0.0,100.0,31.932609,0.486986,0.937442
2026-07-25 01:48:41,150320.55,178999,895,199.654,245.0051,1.2,4.12467,,,,0.05,6.655133,0.665513,1.92795,0.000358,0.0,0.0,0.0,0.0,0.0,100.0,32.20352,0.573978,0.937442
2026-07-25 01:49:47,150386.73,179199,896,262.2952,245.053,1.2,7.599351,,,,0.05,8.743565,0.874357,1.92795,0.03584,0.0,1.0,0.0,0.0,0.0,100.0,32.038532,0.534589,0.937442
2026-07-25 01:50:52,150451.99,179399,897,339.8783,245.0027,1.2,2.351816,,,,0.05,11.428453,1.142845,1.93,0.000241,0.0,0.0,0.0,0.0,0.0,100.0,31.85792,0.515051,0.937442
2026-07-25 01:51:59,150518.93,179599,898,241.8161,245.1731,1.2,3.027814,,,,0.05,8.561664,0.856166,1.935,2.908231,10.0,10.0,0.995807,7.410095,8.405902,91.594098,28.643374,0.542904,0.937442
2026-07-25 01:53:05,150584.66,179799,899,101.8855,243.1668,1.2,8.653727,,,,0.05,4.999109,0.499911,1.93495,4.902906,10.0,10.0,5.8398,21.112189,26.951988,73.048012,22.662106,0.686997,0.937442
2026-07-25 01:54:11,150650.45,179999,900,320.3714,243.501,1.2,5.83028,,,,0.05,10.858528,1.085853,1.931,0.037004,0.0,1.0,0.0,0.0,0.0,100.0,31.651072,0.662447,0.936634
2026-07-25 01:55:18,150717.23,180199,901,267.3609,243.2377,1.2,5.135592,,,,0.05,8.952996,0.8953,1.93495,1.18848,6.0,6.0,0.0,0.804788,0.804788,99.195212,31.200212,0.637963,0.936634
2026-07-25 01:56:24,150783.6,180399,902,121.7476,241.014,1.2,8.521505,,,,0.05,6.10159,0.610159,1.261578,3.607154,10.0,10.0,10.024548,23.811823,33.836372,66.163628,20.698939,0.589169,0.936634
2026-07-25 01:57:30,150849.87,180599,903,229.5654,240.3295,1.2,4.180401,,,,0.05,7.652181,0.765218,1.934,0.797892,3.0,3.0,0.0,0.0,0.0,100.0,31.820763,0.547841,0.936634
2026-07-25 01:58:36,150915.37,180799,904,184.8445,239.978,1.2,7.735518,,,,0.05,6.282221,0.628222,1.945,2.177038,6.0,7.0,0.0,2.284203,2.284203,97.715797,31.038967,0.690074,0.936634
2026-07-25 01:59:42,150981.95,180999,905,321.0777,240.4854,1.2,5.412271,,,,0.05,10.789414,1.078941,1.94295,0.001684,0.0,0.0,0.0,0.0,0.0,100.0,31.9168,0.57849,0.936634
2026-07-25 02:00:47,151047.06,181199,906,323.573,241.4685,1.2,8.848686,,,,0.05,10.791795,1.079179,1.935,0.000159,0.0,0.0,0.0,0.0,0.0,100.0,32.10624,0.472358,0.936634
2026-07-25 02:01:54,151113.16,181399,907,285.0484,240.5842,1.2,5.255731,,,,0.05,9.501612,0.950161,1.92995,0.135516,1.0,1.0,0.0,0.0,0.0,100.0,32.05795,0.533536,0.936634
2026-07-25 02:02:59,151178.25,181599,908,235.2781,239.7785,1.2,2.80297,,,,0.05,7.842602,0.78426,1.93,0.302273,2.0,2.0,0.0,0.0,0.0,100.0,31.993167,0.510476,0.936634
2026-07-25 02:04:07,151246.29,181799,909,315.8887,239.4197,1.2,7.965831,,,,0.05,10.573088,1.057309,1.93,0.003771,0.0,0.0,0.0,0.0,0.0,100.0,32.24704,0.625489,0.936634
2026-07-25 02:05:13,151312.67,181999,910,267.0329,239.4791,1.2,3.899263,,,,0.05,8.903112,0.890311,1.938,1.005539,4.0,5.0,0.0,0.039711,0.039711,99.960289,32.124315,0.596523,0.935788
2026-07-25 02:06:19,151378.38,182199,911,214.9014,239.2751,1.2,6.57181,,,,0.05,7.163379,0.716338,1.934,1.224552,3.0,4.0,0.0,0.0,0.0,100.0,31.990783,0.664915,0.935788
2026-07-25 02:07:26,151445.22,182399,912,270.4648,239.8431,1.2,3.601975,,,,0.05,9.015493,0.901549,1.935,0.113193,1.0,1.0,0.0,0.0,0.0,100.0,32.240316,0.537124,0.935788
2026-07-25 02:08:31,151510.54,182599,913,238.3237,240.5429,1.2,3.415875,,,,0.05,7.944122,0.794412,1.94895,0.965412,3.0,4.0,0.0,0.0,0.0,100.0,31.866297,0.707492,0.935788
2026-07-25 02:09:37,151577.02,182799,914,109.4392,238.9441,1.2,1.465229,,,,0.05,4.856203,0.48562,1.127777,2.898096,10.0,10.0,6.365495,13.681004,20.046499,79.953501,25.182544,0.588402,0.935788
2026-07-25 02:10:42,151641.32,182999,915,143.0228,237.8462,1.2,11.861107,,,,0.05,5.418446,0.541845,1.554099,1.361348,10.0,10.0,2.955036,7.543327,10.498363,89.501637,28.516861,0.540482,0.935788
2026-07-25 02:11:50,151709.22,183199,916,268.5603,238.2275,1.2,8.46468,,,,0.05,8.978531,0.897853,1.943,0.265671,1.0,2.0,0.0,0.0,0.0,100.0,31.959727,0.67325,0.935788
2026-07-25 02:12:56,151775.61,183399,917,274.6256,237.6216,1.2,5.670863,,,,0.05,9.796997,0.9797,0.97028,0.963749,10.0,10.0,2.609851,8.107455,10.717306,89.282694,28.257211,0.52729,0.935788
2026-07-25 02:14:02,151841.15,183599,918,324.7796,238.5756,1.2,6.59443,,,,0.05,10.846598,1.08466,1.931,0.0,0.0,0.0,0.0,0.0,0.0,100.0,31.95392,0.58023,0.935788
2026-07-25 02:15:07,151906.51,183799,919,195.311,236.2275,1.2,5.002224,,,,0.05,7.2798,0.72798,0.99188,1.02923,10.0,10.0,4.708853,7.6063,12.315152,87.684848,27.875165,0.543299,0.935788
2026-07-25 02:16:13,151972.64,183999,920,279.2315,236.5641,1.2,6.375791,,,,0.05,9.307718,0.930772,1.936,0.00012,0.0,0.0,0.0,0.0,0.0,100.0,32.01024,0.540779,0.935112
2026-07-25 02:17:19,152038.8,184199,921,85.8447,233.7967,1.2,3.628559,,,,0.05,3.524102,0.35241,1.93395,3.143396,9.0,10.0,0.0,11.568627,11.568627,88.431373,27.807501,0.799154,0.935112
2026-07-25 02:18:24,152103.45,184399,922,118.3286,231.4535,1.2,8.003214,,,,0.05,3.944287,0.394429,1.927,0.124178,1.0,1.0,0.0,0.0,0.0,100.0,32.119076,0.648969,0.935112
2026-07-25 02:19:32,152171.56,184599,923,95.0084,230.1357,1.2,6.628198,,,,0.05,3.175153,0.317515,1.92895,1.893531,5.0,5.0,0.0,0.167792,0.167792,99.832208,31.62033,0.806071,0.935112
2026-07-25 02:20:37,152237.09,184799,924,73.7608,228.9252,1.2,8.162289,,,,0.05,3.501919,0.350192,1.932,2.418155,10.0,10.0,2.604707,14.922218,17.526925,82.473075,26.131508,0.768247,0.935112
2026-07-25 02:21:44,152303.26,184999,925,242.5235,229.8344,1.2,9.361332,,,,0.05,8.084115,0.808412,1.932,0.000322,0.0,0.0,0.0,0.0,0.0,100.0,31.83104,0.487296,0.935112
2026-07-25 02:22:49,152368.29,185199,926,240.3854,231.0441,1.2,4.492499,,,,0.05,8.016153,0.801615,1.93295,0.204918,1.0,2.0,0.0,0.0,0.0,100.0,31.80761,0.488413,0.935112
2026-07-25 02:23:56,152435.3,185399,927,253.7274,231.1934,1.2,4.569673,,,,0.05,8.480135,0.848013,1.93595,0.837904,5.0,6.0,0.0,0.427385,0.427385,99.572615,31.783816,0.526285,0.935112
2026-07-25 02:25:01,152500.96,185599,928,262.2836,230.1834,1.2,4.402287,,,,0.05,8.742786,0.874279,1.92995,0.010662,0.0,1.0,0.0,0.0,0.0,100.0,32.05504,0.461628,0.935112
2026-07-25 02:26:07,152567.02,185799,929,103.7794,228.9078,1.2,3.822113,,,,0.05,4.544091,0.454409,0.280499,1.653909,4.0,10.0,9.155748,8.061866,17.217614,82.782386,26.173215,0.532266,0.935112
2026-07-25 02:27:13,152632.77,185999,930,299.7981,227.6482,1.2,4.002119,,,,0.05,10.010005,1.001001,1.934,0.00028,0.0,0.0,0.0,0.0,0.0,100.0,31.97824,0.60119,0.934365
2026-07-25 02:28:20,152699.34,186199,931,279.6954,228.5709,1.2,9.278425,,,,0.05,9.330078,0.933008,1.93495,1.464937,5.0,5.0,0.0,0.147716,0.147716,99.852284,31.780031,0.599548,0.934365
2026-07-25 02:29:25,152765.06,186399,932,241.4005,229.0064,1.2,5.393387,,,,0.05,8.056752,0.805675,1.92895,0.319889,2.0,3.0,0.0,0.0,0.0,100.0,31.767454,0.55739,0.934365
2026-07-25 02:30:31,152830.36,186599,933,156.608,228.6075,1.2,7.199838,,,,0.05,6.211187,0.621119,0.762584,1.171924,4.0,10.0,7.884786,8.081905,15.966691,84.033309,26.527504,0.493062,0.934365
2026-07-25 02:31:38,152897.22,186799,934,176.7831,228.086,1.2,6.312833,,,,0.05,5.892769,0.589277,1.93095,0.661375,4.0,4.0,0.0,0.0,0.0,100.0,31.688447,0.617361,0.934365
2026-07-25 02:32:43,152962.43,186999,935,19.1184,226.0474,1.2,7.482084,,,,0.05,2.664362,0.266436,0.172379,4.086486,10.0,10.0,14.186168,18.971281,33.15745,66.84255,20.820946,0.67283,0.934365
2026-07-25 02:33:50,153029.15,187199,936,263.6311,226.2015,1.2,6.467513,,,,0.05,8.787704,0.87877,1.928,0.000731,0.0,0.0,0.0,0.0,0.0,100.0,31.50848,0.52219,0.934365
2026-07-25 02:34:54,153093.95,187399,937,129.3433,226.0684,1.2,5.55302,,,,0.05,5.290969,0.529097,1.308862,1.716441,6.0,10.0,7.147188,9.107814,16.255003,83.744997,26.276825,0.580869,0.934365
2026-07-25 02:36:02,153161.63,187599,938,219.967,226.9071,1.2,10.154341,,,,0.05,8.346266,0.834627,0.391737,0.524836,1.0,10.0,7.612541,8.124924,15.737465,84.262535,26.404789,0.491302,0.934365
2026-07-25 02:37:08,153227.61,187799,939,103.6006,226.5775,1.2,6.561582,,,,0.05,6.187795,0.61878,0.879325,2.520201,10.0,10.0,20.118176,24.108624,44.2268,55.7732,17.435325,0.441395,0.934365
2026-07-25 02:38:14,153293.32,187999,940,247.6759,227.7323,1.2,3.435314,,,,0.05,8.521783,0.852178,1.932,1.131941,7.0,8.0,0.0,3.963513,3.963513,96.036487,30.269341,0.538392,0.934437
2026-07-25 02:39:21,153360.68,188199,941,368.4383,230.6267,1.2,4.202095,,,,0.05,12.28676,1.228676,1.932,0.420519,3.0,3.0,0.0,0.0,0.0,100.0,31.95221,0.503965,0.934437
2026-07-25 02:40:26,153425.7,188399,942,262.0107,231.1347,1.2,9.333729,,,,0.05,9.043338,0.904334,1.653912,1.162154,8.0,9.0,0.0,5.534359,5.534359,94.465641,29.925176,0.480928,0.934437
2026-07-25 02:41:33,153492.28,188599,943,282.1576,232.197,1.2,2.636731,,,,0.05,9.405252,0.940525,1.93195,0.610371,4.0,4.0,0.0,0.0,0.0,100.0,32.014858,0.511252,0.934437
2026-07-25 02:42:37,153556.7,188799,944,222.1477,232.7075,1.2,6.084628,,,,0.05,7.404922,0.740492,1.92595,0.110925,1.0,1.0,0.0,0.0,0.0,100.0,32.022614,0.474449,0.934437
2026-07-25 02:43:45,153624.54,188999,945,92.5702,231.509,1.2,1.894991,,,,0.05,3.085672,0.308567,1.925,1.714389,4.0,5.0,0.0,0.0,0.0,100.0,31.723476,0.789627,0.934437
2026-07-25 02:44:51,153690.33,189199,946,26.993,228.2251,1.2,2.581342,,,,0.05,1.95676,0.195676,0.37279,1.259163,2.0,10.0,8.834164,8.24763,17.081793,82.918207,26.17612,0.808758,0.934437
2026-07-25 02:45:56,153756.08,189399,947,75.909,225.0576,1.2,6.029346,,,,0.05,3.241815,0.324181,1.916044,2.423184,10.0,10.0,2.998916,8.940544,11.93946,88.06054,27.814005,0.806998,0.934437
2026-07-25 02:47:02,153822.04,189599,948,155.577,225.8273,1.2,2.936529,,,,0.05,5.1859,0.51859,1.926,0.000362,0.0,0.0,0.0,0.0,0.0,100.0,31.86304,0.734675,0.934437
2026-07-25 02:48:09,153888.36,189799,949,233.266,225.8558,1.2,3.30756,,,,0.05,7.78416,0.778416,1.936,0.015315,0.0,1.0,0.0,0.0,0.0,100.0,31.75936,0.496093,0.934437
2026-07-25 02:49:15,153954.26,189999,950,345.3759,226.2884,1.2,7.219549,,,,0.05,11.512529,1.151253,1.939,0.187389,1.0,2.0,0.0,0.0,0.0,100.0,31.851951,0.501295,0.93357
2026-07-25 02:50:19,154018.98,190199,951,165.6946,225.6738,1.2,4.635178,,,,0.05,5.578086,0.557809,1.95195,2.621205,6.0,6.0,0.0,1.079079,1.079079,98.920921,30.94555,0.686861,0.93357
2026-07-25 02:51:28,154087.27,190399,952,225.8196,225.3,1.2,3.983613,,,,0.05,7.647439,0.764744,1.936,1.619168,6.0,7.0,0.0,1.920058,1.920058,98.079942,30.947221,0.574664,0.93357
2026-07-25 02:52:33,154152.85,190599,953,267.7897,225.4292,1.2,4.337519,,,,0.05,9.431377,0.943138,1.266726,1.138027,10.0,10.0,0.86141,7.708409,8.569818,91.430182,28.922224,0.431404,0.93357
2026-07-25 02:53:39,154218.81,190799,954,250.7411,226.2765,1.2,4.059433,,,,0.05,8.358036,0.835804,1.93395,0.0,0.0,0.0,0.0,0.0,0.0,100.0,31.94112,0.513729,0.93357
2026-07-25 02:54:44,154283.86,190999,955,183.9745,225.1738,1.2,4.858514,,,,0.05,6.884944,0.688494,0.752896,0.805521,10.0,10.0,4.219121,8.188875,12.407996,87.592004,27.785355,0.633034,0.93357
2026-07-25 02:55:51,154350.41,191199,956,181.676,224.4719,1.2,4.024042,,,,0.05,6.055865,0.605587,1.91295,0.802885,2.0,3.0,0.0,0.0,0.0,100.0,31.683855,0.630227,0.93357
2026-07-25 02:56:56,154415.62,191399,957,264.1656,225.7664,1.2,7.203382,,,,0.05,10.343209,1.034321,0.595902,1.728037,10.0,10.0,9.734549,15.763173,25.497721,74.502279,23.60655,0.483339,0.93357
2026-07-25 02:58:02,154481.95,191599,958,367.713,227.9621,1.2,6.884226,,,,0.05,12.276594,1.227659,1.9389,0.015856,0.0,1.0,0.0,0.0,0.0,100.0,31.96672,0.68348,0.93357
2026-07-25 02:59:08,154547.28,191799,959,412.0635,231.8195,1.2,5.355147,,,,0.05,13.888714,1.388871,4.1e-05,0.010272,0.0,1.0,0.0,0.0,0.0,100.0,31.90016,0.672859,0.93357
2026-07-25 03:00:15,154614.12,191999,960,313.2824,232.4908,1.2,2.506942,,,,0.05,12.754002,1.2754,3.7e-05,0.829134,10.0,10.0,4.443287,8.441845,12.885132,87.114868,27.741396,0.654565,0.932967
2026-07-25 03:01:20,154679.78,192199,961,240.1393,233.0213,1.2,6.185499,,,,0.05,8.006107,0.800611,3.8e-05,0.59452,4.0,5.0,0.0,0.031927,0.031927,99.968073,31.907418,0.856893,0.932967
2026-07-25 03:02:25,154744.72,192399,962,337.1835,233.7036,1.2,6.689584,,,,0.05,11.269566,1.126957,1.932,0.857166,5.0,6.0,0.0,0.148762,0.148762,99.851238,31.652592,0.571532,0.932967
2026-07-25 03:03:32,154811.29,192599,963,233.6777,232.6602,1.2,4.373572,,,,0.05,7.846225,0.784623,1.931,0.088239,1.0,1.0,0.0,0.0,0.0,100.0,31.81184,0.646333,0.932967
2026-07-25 03:04:37,154876.26,192799,964,217.9125,230.9463,1.2,8.558194,,,,0.05,7.263751,0.726375,1.931,0.392309,1.0,2.0,0.0,0.0,0.0,100.0,31.625921,0.676826,0.932967
2026-07-25 03:05:44,154943.31,192999,965,103.8463,229.5399,1.2,5.942408,,,,0.05,5.182007,0.518201,1.001397,1.486285,10.0,10.0,11.723141,16.934318,28.657459,71.342541,22.589694,0.609958,0.932967
2026-07-25 03:06:48,155007.52,193199,966,260.3043,228.3421,1.2,6.29244,,,,0.05,8.70171,0.870171,4.2e-05,0.001049,0.0,0.0,0.0,0.0,0.0,100.0,31.72864,0.75032,0.932967
2026-07-25 03:07:56,155075.55,193399,967,248.6155,226.6033,1.2,9.068048,,,,0.05,8.334075,0.833407,4.1e-05,0.763443,4.0,7.0,0.0,0.89964,0.89964,99.10036,31.541241,0.562529,0.932967
2026-07-25 03:09:02,155141.93,193599,968,65.1405,223.0978,1.2,4.874948,,,,0.05,4.367078,0.436708,0.354967,0.740138,10.0,10.0,18.72752,17.045,35.77252,64.22748,20.377751,0.524777,0.932967
2026-07-25 03:10:08,155207.26,193799,969,254.2147,221.9113,1.2,4.715598,,,,0.05,8.868469,0.886847,1.93295,1.079941,9.0,9.0,0.0,5.27715,5.27715,94.72285,30.374407,0.5639,0.932967
2026-07-25 03:11:14,155273.15,193999,970,254.6671,220.3066,1.2,7.218507,,,,0.05,8.488905,0.84889,1.935,0.299592,2.0,2.0,0.0,0.0,0.0,100.0,32.031392,0.508822,0.932454
2026-07-25 03:12:19,155338.56,194199,971,194.7709,219.022,1.3,6.049131,,,,0.05,8.244261,0.824426,1.652628,2.139511,10.0,10.0,12.01219,16.559804,28.571994,71.428006,22.822736,0.542455,0.932454
2026-07-25 03:13:26,155405.26,194399,972,371.1794,221.1564,1.3,6.111585,,,,0.05,12.372646,1.237265,1.93395,0.003895,0.0,0.0,0.0,0.0,0.0,100.0,32.206667,0.591179,0.932454
2026-07-25 03:14:30,155469.43,194599,973,160.496,220.103,1.3,3.803995,,,,0.05,6.387756,0.638776,4.1e-05,2.566104,10.0,10.0,4.968845,12.386395,17.355241,82.644759,26.237838,0.415123,0.932454
2026-07-25 03:15:38,155537.5,194799,974,265.4106,220.8207,1.3,2.667523,,,,0.05,8.914964,0.891496,4e-05,0.472388,3.0,3.0,0.0,0.0,0.0,100.0,32.126751,0.5491,0.932454
2026-07-25 03:16:44,155603.33,194999,975,176.0566,220.6652,1.3,5.483843,,,,0.05,6.28573,0.628573,1.93195,1.924718,10.0,10.0,0.06373,7.261212,7.324942,92.675058,29.470892,0.615095,0.932454
2026-07-25 03:17:49,155668.77,195199,976,295.5631,222.5047,1.3,7.804355,,,,0.05,10.354591,1.035459,3.6e-05,0.039874,0.0,1.0,0.0,0.0,0.0,100.0,32.005338,0.636728,0.932454
2026-07-25 03:18:54,155734.07,195399,977,69.1214,221.2767,1.3,2.715806,,,,0.05,4.186607,0.418661,4.1e-05,1.152471,10.0,10.0,14.240494,16.400208,30.640702,69.359298,21.920847,0.653998,0.932454
2026-07-25 03:20:01,155800.59,195599,978,142.6839,221.5224,1.3,8.074576,,,,0.05,5.142306,0.514231,1.92095,1.430345,9.0,10.0,0.124055,6.758974,6.883029,93.116971,29.502979,0.676746,0.932454
2026-07-25 03:21:06,155865.97,195799,979,239.6459,222.604,1.3,5.354469,,,,0.05,8.033636,0.803364,1.91795,0.989549,6.0,6.0,0.0,0.893895,0.893895,99.106105,31.475212,0.454236,0.932454
2026-07-25 03:22:12,155931.62,195999,980,156.8095,223.0887,1.3,8.083136,,,,0.05,5.336263,0.533626,4e-05,0.001685,0.0,0.0,0.0,0.0,0.0,100.0,31.90272,0.774532,0.932142
2026-07-25 03:23:19,155998.88,196199,981,108.9086,223.0961,1.3,1.862015,,,,0.05,3.988567,0.398857,1.92795,2.268389,8.0,8.0,0.0,6.553222,6.553222,93.446778,29.374756,0.789769,0.932142
2026-07-25 03:24:25,156065.04,196399,982,148.8081,222.8404,1.3,3.369757,,,,0.05,5.865849,0.586585,0.703149,0.563886,8.0,10.0,6.751393,8.0263,14.777693,85.222307,27.143905,0.596102,0.932142
2026-07-25 03:25:31,156131.0,196599,983,74.7114,221.8473,1.3,5.157884,,,,0.05,4.482977,0.448298,0.728417,2.593502,10.0,10.0,15.86326,16.361372,32.224632,67.775368,21.232871,0.581634,0.932142
2026-07-25 03:26:36,156195.94,196799,984,196.472,220.9263,1.3,4.3792,,,,0.05,6.565897,0.65659,4.1e-05,0.000961,0.0,0.0,0.0,0.0,0.0,100.0,31.95648,0.672767,0.932142
2026-07-25 03:27:44,156263.17,196999,985,181.1087,220.5681,1.3,2.424744,,,,0.05,6.036957,0.603696,1.916,0.700533,2.0,3.0,0.0,0.0,0.0,100.0,31.925531,0.744722,0.932142
2026-07-25 03:28:49,156328.17,197199,986,148.0487,219.5607,1.3,4.285018,,,,0.05,5.101467,0.510147,3.9e-05,0.010395,0.0,1.0,0.0,0.0,0.0,100.0,32.13824,0.843972,0.932142
2026-07-25 03:29:55,156394.11,197399,987,150.3301,218.0717,1.3,2.363918,,,,0.05,5.011003,0.5011,4.1e-05,0.096168,1.0,1.0,0.0,0.0,0.0,100.0,32.03712,0.64732,0.932142
2026-07-25 03:30:59,156458.55,197599,988,229.749,218.7204,1.3,3.92822,,,,0.05,7.726828,0.772683,1.933,1.642303,6.0,7.0,0.0,1.380191,1.380191,98.619809,31.367339,0.638861,0.932142
2026-07-25 03:32:06,156526.06,197799,989,152.436,217.7031,1.3,4.476344,,,,0.05,6.486178,0.648618,1.335682,1.933466,10.0,10.0,7.171984,15.435356,22.60734,77.39266,24.430276,0.544648,0.932142
2026-07-25 03:33:12,156591.67,197999,990,182.4883,216.4476,1.3,2.497765,,,,0.05,6.11636,0.611636,4e-05,0.018635,0.0,1.0,0.0,0.0,0.0,100.0,31.87072,0.620699,0.931697
2026-07-25 03:34:17,156657.1,198199,991,258.3606,215.4316,1.3,3.793736,,,,0.05,8.612447,0.861245,1.92795,0.757427,4.0,5.0,0.0,0.008025,0.008025,99.991975,31.756149,0.623487,0.931697
2026-07-25 03:35:24,156723.41,198399,992,147.1941,214.0417,1.3,3.919649,,,,0.05,4.923318,0.492332,1.928,2.635031,5.0,6.0,0.0,0.369805,0.369805,99.630195,31.344964,0.737518,0.931697
2026-07-25 03:36:29,156788.51,198599,993,245.6582,213.6083,1.3,3.530102,,,,0.05,8.188607,0.818861,1.92995,0.0,0.0,0.0,0.0,0.0,0.0,100.0,31.85152,0.497829,0.931697
2026-07-25 03:37:36,156855.3,198799,994,140.3528,212.9867,1.3,3.536086,,,,0.05,5.52832,0.552832,1.62332,2.970022,10.0,10.0,5.593119,8.457692,14.05081,85.94919,27.044158,0.582345,0.931697
2026-07-25 03:38:40,156919.46,198999,995,221.1731,213.2019,1.3,6.552905,,,,0.05,7.372437,0.737244,1.935,0.120084,1.0,1.0,0.0,0.0,0.0,100.0,32.12672,0.574936,0.931697
2026-07-25 03:39:48,156987.64,199199,996,155.456,212.1335,1.3,6.677206,,,,0.05,5.589545,0.558954,1.93395,2.023129,9.0,10.0,0.434453,6.672247,7.1067,92.8933,29.510272,0.665253,0.931697
2026-07-25 03:40:54,157053.52,199399,997,113.7695,209.8724,1.3,5.902871,,,,0.05,4.258452,0.425845,1.935,2.159532,10.0,10.0,0.146825,7.837302,7.984127,92.015873,29.350669,0.721252,0.931697
2026-07-25 03:42:00,157119.4,199599,998,81.7666,208.2719,1.3,2.749522,,,,0.05,3.301749,0.330175,1.169761,1.117792,10.0,10.0,1.390319,8.163669,9.553989,90.446011,29.119276,0.788168,0.931697
2026-07-25 03:43:05,157184.81,199799,999,168.0777,208.9338,1.3,3.675661,,,,0.05,5.811513,0.581151,1.93895,2.062019,7.0,8.0,0.0,3.898075,3.898075,96.101925,30.464789,0.61228,0.931697
2026-07-25 03:44:12,157251.15,199999,1000,100.3821,206.734,1.3,7.026601,,,,0.05,4.108135,0.410814,1.939,2.147742,10.0,10.0,4.298534,8.416794,12.715327,87.284673,27.626353,0.745858,0.931027
