wall_time,elapsed_sec,step,episode,ep_reward,ep_reward_ma100,sps,loss,policy_loss,value_loss,entropy,epsilon,embb_mbps_mean,spectral_eff_bps_hz,embb_p5_mbps,urllc_delay_ms_mean,urllc_delay_p95,urllc_delay_p99,urllc_drop_late_pct,urllc_drop_overflow_pct,sla_violation_pct,sla_satisfaction_pct,timely_throughput_mbps,jains_fairness,lam,mu_mean,resilient_shortfall_mean
2026-08-28 20:48:03,14.18,511,2,600.3847,600.3847,36.0,222.065659,0.0,444.179169,2.391859,,8.589668,0.858967,6e-06,1.759263,10.0,10.0,9.294718,0.0,9.294718,90.705282,67.718697,0.524975,1.0,0.0,0.0
2026-08-28 20:48:17,28.1,1023,5,508.7522,554.5684,36.4,160.712646,-0.0,321.473145,2.39232,,7.934407,0.793441,6e-06,1.909268,10.0,10.0,18.393662,0.0,18.393662,81.606338,60.871976,0.532419,1.0,0.0,0.0
2026-08-28 20:48:31,41.96,1535,7,729.8861,613.0076,36.6,322.104584,-0.0,644.257019,2.392793,,10.283174,1.028317,5e-06,2.940422,10.0,10.0,6.696341,0.0,6.696341,93.303659,70.471302,0.566977,1.0,0.0,0.0
2026-08-28 20:48:45,55.79,2047,10,765.1796,651.0506,36.7,331.441315,-0.0,662.930481,2.392747,,10.456196,1.04562,8e-06,1.538438,9.0,10.0,5.076553,0.0,5.076553,94.923447,71.419097,0.52507,1.0,0.0,0.0
2026-08-28 20:48:59,69.78,2559,12,300.3601,580.9125,36.7,62.939754,0.0,125.927345,2.391945,,5.796283,0.579628,3e-06,4.067792,10.0,10.0,28.337567,0.0,28.337567,71.662433,53.839911,0.536812,1.0,0.0,0.0
2026-08-28 20:49:13,83.64,3071,15,386.9095,548.5787,36.7,87.266068,0.0,174.579987,2.392582,,5.478027,0.547803,8e-06,1.337081,9.0,10.0,6.535256,0.0,6.535256,93.464744,70.814694,0.584241,1.0,0.0,0.0
2026-08-28 20:49:26,97.46,3583,17,387.1009,525.5104,36.8,95.959854,-0.0,191.96756,2.392554,,5.451883,0.545188,7e-06,1.426022,10.0,10.0,6.342161,0.0,6.342161,93.657839,71.518604,0.5876,1.0,0.0,0.0
2026-08-28 20:49:40,110.8,4095,20,555.1138,529.2109,37.0,189.440826,0.0,378.929504,2.392397,,7.894561,0.789456,7e-06,1.100173,9.0,10.0,9.269219,0.0,9.269219,90.730781,68.978394,0.522828,1.0,0.0,0.0
2026-08-28 20:49:54,124.77,4607,23,603.3567,537.4493,36.9,234.762314,0.0,469.572479,2.392233,,8.673089,0.867309,9e-06,0.953648,9.0,10.0,10.440531,0.0,10.440531,89.559469,67.844321,0.552038,1.0,0.0,0.0
2026-08-28 20:50:08,138.85,5119,25,497.1615,533.4205,36.9,173.210892,0.0,346.469635,2.392036,,7.305606,0.730561,7e-06,2.848519,10.0,10.0,12.29917,0.0,12.29917,87.70083,65.826805,0.610377,1.0,0.0,0.0
2026-08-28 20:50:22,152.9,5631,28,499.0675,530.2975,36.8,132.088058,0.0,264.223938,2.391489,,7.672244,0.767224,4e-06,2.861086,10.0,10.0,17.194608,0.0,17.194608,82.805392,62.24232,0.514712,1.0,0.0,0.0
2026-08-28 20:50:36,166.83,6143,30,560.9691,532.8535,36.8,174.17128,-0.0,348.390381,2.391604,,7.816056,0.781606,6e-06,1.544548,10.0,10.0,6.992473,0.0,6.992473,93.007527,71.538876,0.546877,1.0,0.0,0.0
2026-08-28 20:50:50,180.91,6655,33,696.7303,545.4594,36.8,269.884644,0.0,539.817139,2.391226,,9.781151,0.978115,5e-06,2.366196,10.0,10.0,8.294457,0.0,8.294457,91.705543,69.351219,0.525123,1.0,0.0,0.0
2026-08-28 20:51:04,194.9,7167,35,858.7274,567.8357,36.8,411.454895,0.0,822.957642,2.391191,,11.862608,1.186261,5e-06,2.195859,10.0,10.0,5.4271,0.0,5.4271,94.5729,72.479087,0.578005,1.0,0.0,0.0
2026-08-28 20:51:18,208.9,7679,38,591.9468,569.4431,36.8,189.775818,-0.0,379.599457,2.390917,,8.271597,0.82716,8e-06,2.044332,10.0,10.0,6.645705,0.0,6.645705,93.354295,70.537029,0.577148,1.0,0.0,0.0
2026-08-28 20:51:32,222.86,8191,40,316.3318,553.6236,36.8,67.419502,0.0,134.88681,2.39058,,4.84307,0.484307,1.1e-05,1.324848,10.0,10.0,10.871068,0.0,10.871068,89.128932,67.701562,0.654589,1.0,0.0,0.0
2026-08-28 20:51:46,236.93,8703,43,243.2994,535.3693,36.7,49.474831,0.0,98.997459,2.390049,,3.901934,0.390193,6e-06,3.145595,10.0,10.0,11.471463,0.0,11.471463,88.528537,66.515633,0.737468,1.0,0.0,0.0
2026-08-28 20:52:00,250.82,9215,46,276.6896,520.9982,36.7,54.668159,0.0,109.384117,2.389861,,4.380153,0.438015,8e-06,2.492182,10.0,10.0,11.733434,0.0,11.733434,88.266566,66.357635,0.697551,1.0,0.0,0.0
2026-08-28 20:52:14,264.75,9727,48,185.8645,503.3596,36.7,30.168613,0.0,60.38501,2.389221,,4.042697,0.40427,8e-06,2.73077,10.0,10.0,24.533473,0.0,24.533473,75.466527,56.170008,0.702442,1.0,0.0,0.0
2026-08-28 20:52:27,278.53,10239,51,391.6779,497.7755,36.8,95.640953,0.0,191.329681,2.38905,,5.647164,0.564716,6e-06,2.272743,10.0,10.0,8.482783,0.0,8.482783,91.517217,68.556493,0.60181,1.0,0.0,0.0
2026-08-28 20:52:41,292.45,10751,53,786.3781,511.5184,36.8,339.174438,0.0,678.396667,2.388077,,10.956562,1.095656,8e-06,0.848129,9.0,10.0,6.637923,0.0,6.637923,93.362077,71.945689,0.479686,1.0,0.0,0.0
2026-08-28 20:52:55,306.35,11263,56,885.0968,528.4993,36.8,382.699799,-0.0,765.447327,2.387791,,12.218513,1.221851,6e-06,1.236681,10.0,10.0,5.966666,0.0,5.966666,94.033334,71.534181,0.513704,1.0,0.0,0.0
2026-08-28 20:53:09,320.19,11775,58,742.2187,537.7914,36.8,270.831512,0.0,541.710754,2.387437,,10.09033,1.009033,6e-06,1.165946,9.0,10.0,3.911823,0.0,3.911823,96.088177,72.931859,0.483692,1.0,0.0,0.0
2026-08-28 20:53:23,334.05,12287,61,807.8479,549.0438,36.8,340.444702,0.0,680.937134,2.386426,,10.783126,1.078313,8e-06,0.483787,2.0,9.0,0.326129,0.0,0.326129,99.673871,76.288281,0.518514,1.0,0.0,0.0
2026-08-28 20:53:37,348.11,12799,64,749.4258,557.0591,36.8,301.566864,0.0,603.181458,2.386231,,10.076754,1.007675,7e-06,2.297009,10.0,10.0,2.389223,0.0,2.389223,97.610777,73.982131,0.542457,1.154125,0.0,0.0
2026-08-28 20:53:51,362.13,13311,66,662.9698,561.1326,36.8,220.077957,0.0,440.203613,2.385521,,9.762092,0.976209,4e-06,2.999852,10.0,10.0,13.953761,0.0,13.953761,86.046239,64.209334,0.47306,1.154125,0.0,0.0
2026-08-28 20:54:05,376.18,13823,69,677.1833,565.4307,36.7,238.341614,-0.0,476.730927,2.384772,,9.488591,0.948859,7e-06,1.400995,9.0,10.0,7.357764,0.0,7.357764,92.642236,70.092428,0.487982,1.154125,0.0,0.0
2026-08-28 20:54:19,390.23,14335,71,607.8236,566.9448,36.7,207.011124,0.0,414.069916,2.38336,,8.639679,0.863968,8e-06,1.56442,10.0,10.0,7.572007,0.0,7.572007,92.427993,70.432063,0.521497,1.154125,0.0,0.0
2026-08-28 20:54:33,404.23,14847,74,580.7703,567.4215,36.7,157.544601,-0.0,315.136871,2.383248,,8.018403,0.80184,5e-06,1.524731,10.0,10.0,5.84259,0.0,5.84259,94.15741,71.036735,0.50099,1.154125,0.0,0.0
2026-08-28 20:54:47,418.25,15359,76,511.2132,565.5479,36.7,140.855682,0.0,281.759003,2.382129,,7.405744,0.740574,7e-06,2.357825,10.0,10.0,9.804547,0.0,9.804547,90.195453,68.491489,0.557102,1.154125,0.0,0.0
2026-08-28 20:55:01,432.22,15871,79,573.9111,565.8177,36.7,166.070618,-0.0,332.188873,2.381391,,7.801336,0.780134,7e-06,1.662119,9.0,10.0,4.407715,0.0,4.407715,95.592285,73.41501,0.493017,1.154125,0.0,0.0
2026-08-28 20:55:15,446.27,16383,81,674.2686,569.2068,36.7,246.97435,0.0,493.996307,2.380556,,9.354535,0.935454,8e-06,1.759875,10.0,10.0,6.07435,0.0,6.07435,93.92565,71.348286,0.506006,1.154125,0.0,0.0
2026-08-28 20:55:29,460.08,16895,84,452.8769,565.6816,36.7,110.136604,0.0,220.320801,2.379506,,6.826391,0.682639,8e-06,1.950688,10.0,10.0,11.063478,0.0,11.063478,88.936522,67.174411,0.583391,1.154125,0.0,0.0
2026-08-28 20:55:43,474.03,17407,87,471.1995,562.9027,36.7,121.764725,0.0,243.577011,2.378448,,6.793402,0.67934,8e-06,2.539468,10.0,10.0,8.092879,0.0,8.092879,91.907121,69.663123,0.544522,1.154125,0.0,0.0
2026-08-28 20:55:57,487.79,17919,89,971.7208,574.5832,36.7,434.748016,0.0,869.543579,2.377179,,13.246108,1.324611,8e-06,0.792646,4.0,10.0,4.518975,0.0,4.518975,95.481025,73.170747,0.46397,1.154125,0.0,0.0
2026-08-28 20:56:11,501.69,18431,92,1028.3474,587.1878,36.7,468.787476,0.0,937.622498,2.376238,,14.457451,1.445745,7e-06,2.074625,10.0,10.0,7.201979,0.0,7.201979,92.798021,69.741788,0.470955,1.154125,0.0,0.0
2026-08-28 20:56:24,515.5,18943,94,637.2431,588.5407,36.7,207.595688,0.0,415.238861,2.375006,,8.324444,0.832444,8e-06,0.746336,4.0,8.0,0.011143,0.0,0.011143,99.988857,76.05339,0.495463,1.154125,0.0,0.0
2026-08-28 20:56:38,529.33,19455,97,329.6037,581.7265,36.8,70.388496,0.0,140.824509,2.3755,,5.916158,0.591616,5e-06,1.643091,10.0,10.0,21.129824,0.0,21.129824,78.870176,58.553044,0.587505,1.154125,0.0,0.0
2026-08-28 20:56:52,543.25,19967,99,422.9397,577.6551,36.8,162.052429,0.0,324.152313,2.37303,,6.96321,0.696321,8e-06,1.745503,10.0,10.0,16.332904,0.0,16.332904,83.667096,62.843805,0.62724,1.154125,0.0,0.0
2026-08-28 20:57:06,556.99,20479,102,655.8021,579.6087,36.8,240.887863,0.0,481.823151,2.371065,,9.225359,0.922536,7e-06,1.044966,10.0,10.0,5.857415,0.0,5.857415,94.142585,71.647838,0.560816,1.154125,0.0,0.0
2026-08-28 20:57:20,571.06,20991,104,251.1047,571.5964,36.8,97.321243,0.0,194.689941,2.372605,,5.892587,0.589259,2e-06,3.006297,10.0,10.0,33.02269,0.0,33.02269,66.97731,49.639053,0.577336,1.154125,0.0,0.0
2026-08-28 20:57:34,585.01,21503,107,478.0324,569.3687,36.8,116.349701,0.0,232.74678,2.369303,,6.394733,0.639473,7e-06,1.162686,8.0,10.0,2.061194,0.0,2.061194,97.938806,74.450143,0.566989,1.154125,0.0,0.0
2026-08-28 20:57:48,599.11,22015,110,341.3288,564.0655,36.7,83.035851,0.0,166.119095,2.369503,,5.765482,0.576548,4e-06,2.042769,10.0,10.0,17.370861,0.0,17.370861,82.629139,62.107373,0.600365,1.154125,0.0,0.0
2026-08-28 20:58:02,613.04,22527,112,707.9542,567.3357,36.7,278.514954,-0.0,557.077209,2.365393,,9.583337,0.958334,8e-06,1.097402,7.0,10.0,3.258792,0.0,3.258792,96.741208,73.893585,0.50304,1.154125,0.0,0.0
2026-08-28 20:58:16,626.96,23039,115,671.2907,569.6458,36.7,266.246094,0.0,532.53949,2.363987,,9.660346,0.966035,9e-06,1.413467,10.0,10.0,9.025746,0.0,9.025746,90.974254,68.622148,0.600011,1.154125,0.0,0.0
2026-08-28 20:58:30,640.99,23551,117,650.9977,571.4143,36.7,219.582184,0.0,439.211639,2.363897,,9.26766,0.926766,6e-06,2.595742,10.0,10.0,9.524862,0.0,9.524862,90.475138,68.632961,0.518186,1.154125,0.0,0.0
2026-08-28 20:58:44,655.03,24063,120,566.7764,571.3156,36.7,167.629395,-0.0,335.30603,2.361632,,7.932437,0.793244,7e-06,2.372336,10.0,10.0,7.106527,0.0,7.106527,92.893473,69.927757,0.499067,1.154125,0.0,0.0
2026-08-28 20:58:58,669.12,24575,122,725.6338,574.5306,36.7,304.616638,0.0,609.280457,2.359902,,10.277753,1.027775,4e-06,2.696828,10.0,10.0,8.677911,0.0,8.677911,91.322089,69.665251,0.522505,1.154125,0.0,0.0
2026-08-28 20:59:12,683.12,25087,125,543.4001,573.8953,36.7,159.014648,-0.0,318.076477,2.359457,,8.156358,0.815636,6e-06,1.615077,10.0,10.0,13.250902,0.0,13.250902,86.749098,65.540581,0.530941,1.272925,0.0,0.0
2026-08-28 20:59:26,697.06,25599,128,530.4174,573.0257,36.7,139.430542,-0.0,278.908203,2.355583,,7.028188,0.702819,9e-06,0.855665,6.0,10.0,1.331885,0.0,1.331885,98.668115,75.577732,0.566546,1.272925,0.0,0.0
2026-08-28 20:59:40,710.97,26111,130,449.8089,570.6097,36.7,110.303665,-0.0,220.654465,2.356619,,6.783654,0.678365,6e-06,1.687336,10.0,10.0,10.60543,0.0,10.60543,89.39457,67.178593,0.537782,1.272925,0.0,0.0
2026-08-28 20:59:54,724.82,26623,133,522.8705,569.6916,36.7,200.987595,0.0,402.022308,2.355205,,7.640108,0.764011,6e-06,1.879132,10.0,10.0,9.066427,0.0,9.066427,90.933573,68.792845,0.606932,1.272925,0.0,0.0
2026-08-28 21:00:08,738.95,27135,135,491.0604,568.208,36.7,147.68103,-0.0,295.40918,2.356088,,7.253085,0.725309,4e-06,3.936413,10.0,10.0,10.046866,0.0,10.046866,89.953134,67.240361,0.607827,1.272925,0.0,0.0
2026-08-28 21:00:22,752.97,27647,138,643.6731,569.6055,36.7,235.879318,0.0,471.805725,2.354899,,9.727401,0.97274,5e-06,3.428705,10.0,10.0,15.379326,0.0,15.379326,84.620674,63.446454,0.60406,1.272925,0.0,0.0
2026-08-28 21:00:36,766.89,28159,140,776.8693,573.374,36.7,296.243866,-0.0,592.53479,2.352016,,11.049812,1.104981,6e-06,1.726152,10.0,10.0,7.066313,0.0,7.066313,92.933687,70.720178,0.508147,1.272925,0.0,0.0
2026-08-28 21:00:50,780.84,28671,143,734.0055,576.2424,36.7,271.36615,0.0,542.779297,2.351126,,10.153438,1.015344,8e-06,1.37039,9.0,10.0,3.789334,0.0,3.789334,96.210666,73.152491,0.512583,1.272925,0.0,0.0
2026-08-28 21:01:04,794.82,29183,145,510.2484,575.0846,36.7,139.181625,-0.0,278.410187,2.346346,,7.053429,0.705343,1.2e-05,0.70065,4.0,10.0,4.695315,0.0,4.695315,95.304685,72.993147,0.558121,1.272925,0.0,0.0
2026-08-28 21:01:18,808.86,29695,148,296.3584,570.279,36.7,67.565598,-0.0,135.178207,2.350862,,5.209,0.5209,7e-06,2.086908,10.0,10.0,15.995067,0.0,15.995067,84.004933,62.746225,0.640079,1.272925,0.0,0.0
2026-08-28 21:01:32,822.82,30207,151,424.1694,567.8025,36.7,97.145935,0.0,194.338898,2.351306,,6.869513,0.686951,6e-06,2.199192,10.0,10.0,15.888647,0.0,15.888647,84.111353,63.864578,0.504314,1.272925,0.0,0.0
2026-08-28 21:01:46,836.78,30719,153,596.3082,568.2776,36.7,179.62265,-0.0,359.292236,2.346457,,8.492861,0.849286,8e-06,2.008949,10.0,10.0,7.962021,0.0,7.962021,92.037979,69.627001,0.509054,1.272925,0.0,0.0
2026-08-28 21:02:00,850.79,31231,156,724.6662,570.8414,36.7,283.038879,0.0,566.124695,2.346655,,10.949553,1.094955,7e-06,1.528325,10.0,10.0,13.757888,0.0,13.757888,86.242112,65.24373,0.540581,1.272925,0.0,0.0
2026-08-28 21:02:14,864.71,31743,158,705.4929,573.0132,36.7,257.005829,0.0,514.058533,2.345019,,9.871086,0.987109,7e-06,1.628996,9.0,10.0,6.150116,0.0,6.150116,93.849884,71.843339,0.479802,1.272925,0.0,0.0
2026-08-28 21:02:27,878.58,32255,161,620.7672,573.7712,36.7,188.367447,0.0,376.781769,2.343495,,8.678757,0.867876,9e-06,1.579941,10.0,10.0,6.415696,0.0,6.415696,93.584304,71.989972,0.489149,1.272925,0.0,0.0
2026-08-28 21:02:41,892.48,32767,163,565.9337,573.6487,36.7,142.901978,0.0,285.8508,2.341792,,8.034376,0.803438,8e-06,0.923709,8.0,10.0,7.482803,0.0,7.482803,92.517197,70.486719,0.469034,1.272925,0.0,0.0
2026-08-28 21:02:55,906.29,33279,166,258.7923,568.8048,36.7,34.877075,0.0,69.801018,2.343375,,4.137371,0.413737,9e-06,1.441349,10.0,10.0,8.893783,0.0,8.893783,91.106217,68.734475,0.71683,1.272925,0.0,0.0
2026-08-28 21:03:09,920.01,33791,168,477.8094,567.4261,36.7,113.442329,0.0,226.931503,2.342386,,6.916937,0.691694,9e-06,1.318856,9.0,10.0,8.098621,0.0,8.098621,91.901379,70.153014,0.488581,1.272925,0.0,0.0
2026-08-28 21:03:23,933.88,34303,171,619.9623,568.2102,36.7,215.748123,0.0,431.543121,2.344211,,9.307735,0.930773,6e-06,2.393839,10.0,10.0,13.908794,0.0,13.908794,86.091206,64.604202,0.477661,1.272925,0.0,0.0
2026-08-28 21:03:37,947.8,34815,174,481.1389,566.9297,36.7,143.531937,-0.0,287.110718,2.342753,,7.250754,0.725075,6e-06,1.321513,10.0,10.0,10.799362,0.0,10.799362,89.200638,67.994299,0.571157,1.272925,0.0,0.0
2026-08-28 21:03:51,961.68,35327,176,341.253,563.659,36.7,76.287064,-0.0,152.620956,2.341763,,5.209878,0.520988,6e-06,1.875632,10.0,10.0,7.617294,0.0,7.617294,92.382706,70.272893,0.65663,1.272925,0.0,0.0
2026-08-28 21:04:04,975.57,35839,179,413.5183,561.5142,36.7,99.104912,-0.0,198.256638,2.340958,,5.883781,0.588378,8e-06,2.028518,10.0,10.0,5.809548,0.0,5.809548,94.190452,71.654865,0.668407,1.272925,0.0,0.0
2026-08-28 21:04:18,989.58,36351,181,-44.7862,552.9747,36.7,40.281616,0.0,80.610123,2.344532,,2.54856,0.254856,3e-06,2.739189,10.0,10.0,36.705215,0.0,36.705215,63.294785,46.350499,0.67117,1.272925,0.0,0.0
2026-08-28 21:04:33,1003.65,36863,184,315.6459,549.6785,36.7,100.620316,0.0,201.287384,2.337756,,5.750658,0.575066,5e-06,2.870117,10.0,10.0,18.535549,0.0,18.535549,81.464451,60.856366,0.610749,1.272925,0.0,0.0
2026-08-28 21:04:47,1017.64,37375,186,731.4976,552.1692,36.7,270.652771,0.0,541.352173,2.332116,,10.137802,1.01378,7e-06,1.40267,10.0,10.0,4.946399,0.0,4.946399,95.053601,72.536962,0.50439,1.272925,0.0,0.0
2026-08-28 21:05:01,1031.67,37887,189,614.3748,553.0098,36.7,182.503342,0.0,365.053314,2.330813,,8.732222,0.873222,7e-06,1.407464,9.0,10.0,6.819469,0.0,6.819469,93.180531,70.119879,0.50039,1.502799,0.0,0.0
2026-08-28 21:05:15,1045.78,38399,192,553.977,553.0227,36.7,171.955429,-0.0,343.957428,2.328129,,8.182805,0.81828,6e-06,1.512763,10.0,10.0,9.206602,0.0,9.206602,90.793398,69.262646,0.573571,1.502799,0.0,0.0
2026-08-28 21:05:29,1059.77,38911,194,645.0374,554.2334,36.7,216.974213,0.0,433.994934,2.325452,,9.10934,0.910934,6e-06,1.218696,7.0,10.0,5.673694,0.0,5.673694,94.326306,71.831457,0.508628,1.502799,0.0,0.0
2026-08-28 21:05:43,1073.81,39423,197,522.5451,553.8219,36.7,130.869873,0.0,261.786194,2.322506,,7.593249,0.759325,7e-06,2.079963,10.0,10.0,7.81323,0.0,7.81323,92.18677,69.970848,0.572806,1.502799,0.0,0.0
2026-08-28 21:05:57,1087.81,39935,199,406.2731,551.9302,36.7,83.096947,0.0,166.24028,2.319261,,6.049064,0.604906,7e-06,1.07239,6.0,10.0,7.432893,0.0,7.432893,92.567107,70.638321,0.523683,1.502799,0.0,0.0
2026-08-28 21:06:11,1102.0,40447,202,200.5098,547.4819,36.7,30.218069,-0.0,60.482616,2.32397,,5.480273,0.548027,6e-06,3.605209,10.0,10.0,28.988471,0.0,28.988471,71.011529,52.049659,0.581648,1.502799,0.0,0.0
2026-08-28 21:06:25,1115.95,40959,204,460.7177,546.3973,36.7,119.103012,0.0,238.252304,2.313801,,7.502957,0.750296,9e-06,2.013611,10.0,10.0,14.511043,0.0,14.511043,85.488957,65.241588,0.521561,1.502799,0.0,0.0
2026-08-28 21:06:39,1129.86,41471,207,424.3711,544.8908,36.7,89.721542,0.0,179.489365,2.313945,,6.330946,0.633095,8e-06,2.104039,10.0,10.0,8.397387,0.0,8.397387,91.602613,68.858507,0.565832,1.502799,0.0,0.0
2026-08-28 21:06:53,1143.79,41983,209,313.8078,542.0727,36.7,44.559078,0.0,89.164421,2.313188,,5.657806,0.565781,6e-06,3.374777,10.0,10.0,16.207941,0.0,16.207941,83.792059,63.148662,0.593221,1.502799,0.0,0.0
2026-08-28 21:07:07,1157.62,42495,212,391.76,540.2617,36.7,85.339073,-0.0,170.724319,2.308563,,5.930371,0.593037,1e-05,1.259071,9.0,10.0,8.03381,0.0,8.03381,91.96619,69.294168,0.609682,1.502799,0.0,0.0
2026-08-28 21:07:20,1171.51,43007,215,402.0888,538.6168,36.7,99.27021,0.0,198.586578,2.307789,,6.67683,0.667683,5e-06,3.394141,10.0,10.0,14.29473,0.0,14.29473,85.70527,64.137509,0.578186,1.502799,0.0,0.0
2026-08-28 21:07:34,1185.38,43519,217,425.1673,537.2821,36.7,119.597122,0.0,239.240402,2.307922,,7.356347,0.735635,7e-06,2.785832,10.0,10.0,18.100128,0.0,18.100128,81.899872,61.222665,0.572998,1.502799,0.0,0.0
2026-08-28 21:07:48,1199.3,44031,220,707.0801,539.2565,36.7,271.479492,-0.0,543.005066,2.304472,,10.177236,1.017724,5e-06,1.725359,10.0,10.0,6.780613,0.0,6.780613,93.219387,70.185629,0.560738,1.502799,0.0,0.0
2026-08-28 21:08:02,1213.23,44543,222,575.9583,539.6784,36.7,173.200943,0.0,346.447968,2.303696,,8.827321,0.882732,7e-06,2.792882,10.0,10.0,12.00256,0.0,12.00256,87.99744,66.418146,0.560763,1.502799,0.0,0.0
2026-08-28 21:08:16,1227.06,45055,225,853.1678,543.2407,36.7,324.052155,0.0,648.150269,2.299006,,11.836625,1.183663,8e-06,1.35433,10.0,10.0,4.175717,0.0,4.175717,95.824283,72.575348,0.474351,1.502799,0.0,0.0
2026-08-28 21:08:30,1240.95,45567,227,767.4198,545.7596,36.7,281.53717,0.0,563.1203,2.29736,,11.238505,1.12385,8e-06,2.091943,10.0,10.0,10.238542,0.0,10.238542,89.761458,67.988119,0.485662,1.502799,0.0,0.0
2026-08-28 21:08:44,1254.96,46079,230,591.2513,546.2651,36.7,162.49202,0.0,325.029968,2.296442,,8.397255,0.839725,8e-06,1.333214,10.0,10.0,6.617933,0.0,6.617933,93.382067,71.320764,0.573896,1.502799,0.0,0.0
2026-08-28 21:08:58,1268.96,46591,232,534.4049,546.1347,36.7,150.97995,0.0,302.005829,2.296581,,8.028317,0.802832,6e-06,2.221826,10.0,10.0,10.429388,0.0,10.429388,89.570612,67.900065,0.500631,1.502799,0.0,0.0
2026-08-28 21:09:12,1282.88,47103,235,810.7052,549.0105,36.7,286.483459,-0.0,573.012695,2.289716,,11.005095,1.100509,1e-05,0.814322,4.0,10.0,3.201829,0.0,3.201829,96.798171,74.194637,0.470509,1.502799,0.0,0.0
2026-08-28 21:09:26,1296.81,47615,238,846.0912,552.2049,36.7,325.490143,-0.0,651.026062,2.288327,,11.31634,1.131634,9e-06,1.154494,8.0,10.0,0.938168,0.0,0.938168,99.061832,75.446028,0.507188,1.502799,0.0,0.0
2026-08-28 21:09:40,1310.84,48127,240,504.8669,551.7013,36.7,194.310547,0.0,388.666901,2.289589,,8.080884,0.808088,5e-06,2.276654,10.0,10.0,14.315008,0.0,14.315008,85.684992,64.255619,0.563,1.502799,0.0,0.0
2026-08-28 21:09:54,1324.91,48639,243,511.7574,551.2809,36.7,180.566544,-0.0,361.178864,2.289484,,8.703506,0.870351,6e-06,2.772886,10.0,10.0,19.583545,0.0,19.583545,80.416455,60.322579,0.520636,1.502799,0.0,0.0
2026-08-28 21:10:08,1338.92,49151,245,535.6074,551.1176,36.7,158.674759,-0.0,317.395233,2.285755,,8.095439,0.809544,6e-06,2.481996,10.0,10.0,10.950106,0.0,10.950106,89.049894,67.430578,0.564168,1.502799,0.0,0.0
2026-08-28 21:10:22,1352.75,49663,248,718.2557,552.8407,36.7,278.195709,-0.0,556.437012,2.280088,,9.973439,0.997344,8e-06,1.694768,9.0,10.0,3.70979,0.0,3.70979,96.29021,72.051085,0.516532,1.502799,0.0,0.0
2026-08-28 21:10:36,1366.65,50175,250,629.4309,553.6222,36.7,211.939362,-0.0,423.924316,2.279006,,9.741009,0.974101,7e-06,2.327638,10.0,10.0,13.904655,0.0,13.904655,86.095345,65.297803,0.53071,1.726231,0.0,0.0
2026-08-28 21:10:49,1380.49,50687,253,597.5928,554.0664,36.7,169.139145,0.0,338.323883,2.279851,,8.610713,0.861071,6e-06,1.512939,9.0,10.0,6.564755,0.0,6.564755,93.435245,70.831722,0.524035,1.726231,0.0,0.0
2026-08-28 21:11:03,1394.36,51199,256,619.8901,554.7246,36.7,215.601562,0.0,431.248688,2.278316,,9.406155,0.940616,6e-06,1.982308,10.0,10.0,10.816323,0.0,10.816323,89.183677,67.333062,0.527227,1.726231,0.0,0.0
2026-08-28 21:11:17,1408.22,51711,258,477.8288,553.499,36.7,181.199982,0.0,362.445557,2.279278,,8.327258,0.832726,9e-06,1.447878,10.0,10.0,16.196079,0.0,16.196079,83.803921,63.258308,0.550996,1.726231,0.0,0.0
2026-08-28 21:11:30,1421.47,52223,261,586.8752,554.2803,36.7,200.936508,0.0,401.918579,2.278682,,8.652538,0.865254,8e-06,1.792678,10.0,10.0,7.644827,0.0,7.644827,92.355173,70.104564,0.56993,1.726231,0.0,0.0
2026-08-28 21:11:44,1435.32,52735,263,518.281,552.1642,36.7,148.209045,0.0,296.463715,2.28187,,9.135303,0.91353,4e-06,3.214366,10.0,10.0,20.409717,0.0,20.409717,79.590283,60.10109,0.526388,1.726231,0.0,0.0
2026-08-28 21:11:58,1449.16,53247,266,372.1205,548.2336,36.7,71.234367,-0.0,142.514435,2.284728,,7.162576,0.716258,6e-06,2.345595,10.0,10.0,19.427886,0.0,19.427886,80.572114,60.184061,0.491047,1.726231,0.0,0.0
2026-08-28 21:12:12,1462.98,53759,268,628.1491,551.5115,36.7,264.323181,-0.0,528.692078,2.286885,,9.426757,0.942676,6e-06,2.005598,10.0,10.0,7.319743,0.0,7.319743,92.680257,70.451434,0.59487,1.726231,0.0,0.0
2026-08-28 21:12:26,1476.97,54271,271,321.5739,550.8582,36.7,47.899769,-0.0,95.845352,2.290555,,5.481889,0.548189,5e-06,2.961231,10.0,10.0,11.882148,0.0,11.882148,88.117852,65.739056,0.608121,1.726231,0.0,0.0
2026-08-28 21:12:40,1490.92,54783,273,285.5749,549.8429,36.7,69.395554,0.0,138.83696,2.292354,,5.576005,0.557601,6e-06,2.221715,10.0,10.0,16.400411,0.0,16.400411,83.599589,63.106891,0.569907,1.726231,0.0,0.0
2026-08-28 21:12:54,1504.85,55295,276,427.5091,548.5668,36.7,90.533859,0.0,181.113571,2.292355,,6.3675,0.63675,5e-06,2.350741,10.0,10.0,7.064899,0.0,7.064899,92.935101,70.053286,0.560701,1.726231,0.0,0.0
2026-08-28 21:13:08,1518.81,55807,279,383.9147,546.3724,36.7,71.184395,0.0,142.414658,2.293565,,5.580609,0.558061,6e-06,2.275739,10.0,10.0,5.374701,0.0,5.374701,94.625299,71.692461,0.611327,1.726231,0.0,0.0
2026-08-28 21:13:22,1532.88,56319,281,560.2287,547.0031,36.7,134.393021,0.0,268.83194,2.295045,,8.865869,0.886587,4e-06,2.808717,10.0,10.0,13.48012,0.0,13.48012,86.51988,65.441785,0.457881,1.726231,0.0,0.0
2026-08-28 21:13:36,1546.81,56831,284,600.4868,548.0173,36.7,190.489014,0.0,381.023926,2.295389,,10.115043,1.011504,5e-06,2.541779,10.0,10.0,18.720941,0.0,18.720941,81.279059,60.957564,0.499583,1.726231,0.0,0.0
2026-08-28 21:13:50,1560.73,57343,286,884.9054,551.2567,36.7,391.204224,-0.0,782.454346,2.294412,,12.253266,1.225327,6e-06,1.414084,7.0,10.0,1.547976,0.0,1.547976,98.452024,74.888145,0.524188,1.726231,0.0,0.0
2026-08-28 21:14:04,1574.75,57855,289,533.9646,549.629,36.7,115.439163,-0.0,230.92424,2.2955,,8.680935,0.868093,4e-06,3.105403,10.0,10.0,14.743565,0.0,14.743565,85.256435,63.855733,0.515278,1.726231,0.0,0.0
2026-08-28 21:14:17,1588.52,58367,291,598.1508,547.0232,36.7,180.962921,0.0,361.971771,2.296404,,8.975237,0.897524,6e-06,0.744363,4.0,10.0,9.490905,0.0,9.490905,90.509095,68.69938,0.443967,1.726231,0.0,0.0
2026-08-28 21:14:31,1602.29,58879,294,597.6719,547.0805,36.7,151.793015,0.0,303.631927,2.294646,,8.135254,0.813525,6e-06,0.852556,4.0,10.0,2.818865,0.0,2.818865,97.181135,74.213035,0.477649,1.726231,0.0,0.0
2026-08-28 21:14:45,1616.06,59391,296,1028.1958,554.1991,36.8,474.738617,-0.0,949.523071,2.292065,,13.68512,1.368512,8e-06,0.781454,4.0,6.0,0.0,0.0,0.0,100.0,76.308021,0.492375,1.726231,0.0,0.0
2026-08-28 21:14:59,1629.91,59903,299,517.8561,556.9447,36.8,120.362717,-0.0,240.771286,2.292481,,8.060494,0.806049,7e-06,1.613656,10.0,10.0,11.462532,0.0,11.462532,88.537468,67.134653,0.485984,1.726231,0.0,0.0
2026-08-28 21:15:13,1643.89,60415,302,592.088,560.0987,36.8,158.459702,0.0,316.96524,2.29176,,8.741196,0.87412,8e-06,1.839909,10.0,10.0,8.94804,0.0,8.94804,91.05196,69.17405,0.471724,1.726231,0.0,0.0
2026-08-28 21:15:27,1657.84,60927,304,676.9076,565.0091,36.8,227.889053,0.0,455.823944,2.292406,,9.899452,0.989945,5e-06,2.508798,10.0,10.0,7.66633,0.0,7.66633,92.33367,69.461976,0.52133,1.726231,0.0,0.0
2026-08-28 21:15:41,1671.78,61439,307,615.726,567.2496,36.8,190.064575,-0.0,380.175049,2.294749,,9.427425,0.942742,4e-06,2.412917,10.0,10.0,11.980238,0.0,11.980238,88.019762,65.896699,0.525864,1.726231,0.0,0.0
2026-08-28 21:15:55,1685.8,61951,309,536.8353,564.7542,36.7,137.700989,0.0,275.447906,2.296039,,8.734439,0.873444,3e-06,3.126093,10.0,10.0,15.433174,0.0,15.433174,84.566826,63.188451,0.520783,1.726231,0.0,0.0
2026-08-28 21:16:09,1699.86,62463,312,559.2998,561.4962,36.7,147.642212,-0.0,295.330322,2.295604,,8.996933,0.899693,4e-06,2.662767,10.0,10.0,14.023587,0.0,14.023587,85.976413,65.33597,0.512094,1.726231,0.0,0.0
2026-08-28 21:16:23,1713.88,62975,314,491.3451,558.9875,36.7,121.26606,0.0,242.578033,2.295641,,7.684585,0.768459,4e-06,2.080452,10.0,10.0,9.831548,0.0,9.831548,90.168452,68.508993,0.501184,2.010903,0.0,0.0
2026-08-28 21:16:37,1727.91,63487,317,300.721,553.9162,36.7,38.902531,0.0,77.850975,2.295711,,5.482125,0.548212,5e-06,2.079873,10.0,10.0,11.780822,0.0,11.780822,88.219178,66.288645,0.561565,2.010903,0.0,0.0
2026-08-28 21:16:51,1741.97,63999,320,917.8706,555.6006,36.7,389.574158,0.0,779.194153,2.292548,,12.652709,1.265271,8e-06,1.45683,9.0,10.0,2.929507,0.0,2.929507,97.070493,73.796542,0.457464,2.010903,0.0,0.0
2026-08-28 21:17:05,1755.87,64511,322,531.2637,554.2836,36.7,147.214401,0.0,294.474701,2.294543,,8.177842,0.817784,5e-06,0.944516,8.0,10.0,9.332412,0.0,9.332412,90.667588,68.712541,0.475536,2.010903,0.0,0.0
2026-08-28 21:17:19,1769.83,65023,325,571.7819,553.2296,36.7,147.543655,0.0,295.133209,2.294719,,7.628573,0.762857,5e-06,1.122771,6.0,10.0,0.7405,0.0,0.7405,99.2595,75.056586,0.53136,2.010903,0.0,0.0
2026-08-28 21:17:33,1783.75,65535,327,569.8892,552.8502,36.7,167.778961,-0.0,335.60376,2.291803,,8.961682,0.896168,5e-06,2.272483,10.0,10.0,11.020214,0.0,11.020214,88.979786,67.600133,0.489515,2.010903,0.0,0.0
2026-08-28 21:17:47,1797.65,66047,330,765.9586,554.7021,36.7,248.229279,0.0,496.504395,2.291792,,10.221981,1.022198,6e-06,1.197277,8.0,10.0,0.744482,0.0,0.744482,99.255518,75.487844,0.486009,2.010903,0.0,0.0
2026-08-28 21:18:00,1811.37,66559,332,793.4949,557.5249,36.7,259.513794,0.0,519.073364,2.290091,,11.050655,1.105066,7e-06,0.84649,5.0,9.0,4.25935,0.0,4.25935,95.74065,72.683538,0.43566,2.010903,0.0,0.0
2026-08-28 21:18:14,1825.19,67071,335,672.6561,558.5124,36.7,193.403687,-0.0,386.85318,2.290162,,9.929003,0.9929,5e-06,1.625845,10.0,10.0,8.246336,0.0,8.246336,91.753664,69.114919,0.456178,2.010903,0.0,0.0
2026-08-28 21:18:28,1838.99,67583,337,681.7059,558.5867,36.8,201.835861,0.0,403.71756,2.291191,,10.434086,1.043409,5e-06,1.465539,9.0,10.0,11.16026,0.0,11.16026,88.83974,67.964826,0.452496,2.010903,0.0,0.0
2026-08-28 21:18:42,1852.85,68095,340,726.3071,561.321,36.8,230.655228,0.0,461.356262,2.289682,,10.65088,1.065088,4e-06,1.510451,8.0,10.0,7.76314,0.0,7.76314,92.23686,70.014731,0.477122,2.010903,0.0,0.0
2026-08-28 21:18:56,1866.69,68607,343,603.1806,562.6409,36.8,176.098984,0.0,352.243713,2.287841,,8.987185,0.898718,6e-06,1.652984,9.0,10.0,7.414118,0.0,7.414118,92.585882,70.807473,0.455658,2.010903,0.0,0.0
2026-08-28 21:19:09,1880.6,69119,345,597.1984,558.8956,36.8,162.743759,-0.0,325.533295,2.288586,,9.146146,0.914615,4e-06,2.483916,10.0,10.0,10.047859,0.0,10.047859,89.952141,67.602742,0.456574,2.010903,0.0,0.0
2026-08-28 21:19:23,1894.43,69631,348,523.0825,553.843,36.8,138.491013,-0.0,277.027802,2.288767,,8.344095,0.83441,3e-06,1.922204,10.0,10.0,11.203541,0.0,11.203541,88.796459,66.816233,0.527799,2.010903,0.0,0.0
2026-08-28 21:19:37,1908.28,70143,350,681.4462,554.285,36.8,227.828247,0.0,455.70224,2.286988,,9.771634,0.977163,4e-06,1.926148,10.0,10.0,6.271244,0.0,6.271244,93.728756,71.587402,0.519925,2.010903,0.0,0.0
2026-08-28 21:19:51,1922.2,70655,353,723.4989,558.224,36.8,284.714935,0.0,569.475525,2.283623,,11.220856,1.122086,5e-06,1.668489,10.0,10.0,10.126318,0.0,10.126318,89.873682,67.939997,0.521892,2.010903,0.0,0.0
2026-08-28 21:20:05,1936.17,71167,355,718.7726,561.1823,36.8,249.902344,-0.0,499.850311,2.281917,,10.220838,1.022084,6e-06,1.332132,9.0,10.0,4.752366,0.0,4.752366,95.247634,72.056423,0.463814,2.010903,0.0,0.0
2026-08-28 21:20:19,1950.13,71679,358,616.5054,560.7893,36.8,158.670639,-0.0,317.386963,2.28397,,8.998515,0.899851,5e-06,1.392401,9.0,10.0,6.447266,0.0,6.447266,93.552734,69.938656,0.477695,2.010903,0.0,0.0
2026-08-28 21:20:33,1964.22,72191,360,592.0572,564.1989,36.8,194.112366,-0.0,388.270355,2.28145,,8.691876,0.869188,4e-06,2.061615,10.0,10.0,5.565134,0.0,5.565134,94.434866,72.21944,0.549756,2.010903,0.0,0.0
2026-08-28 21:20:47,1978.3,72703,363,237.1607,561.7901,36.8,64.142029,-0.0,128.329742,2.284412,,5.06454,0.506454,4e-06,2.990741,10.0,10.0,14.998179,0.0,14.998179,85.001821,62.823362,0.584774,2.010903,0.0,0.0
2026-08-28 21:21:01,1992.32,73215,366,164.2696,560.0195,36.7,24.395283,0.0,48.836269,2.285175,,4.065132,0.406513,3e-06,2.327102,10.0,10.0,14.883657,0.0,14.883657,85.116343,64.419811,0.650668,2.010903,0.0,0.0
2026-08-28 21:21:15,2006.39,73727,368,531.3483,558.2535,36.7,148.031952,0.0,296.109406,2.27491,,7.550547,0.755055,6e-06,1.704012,10.0,10.0,4.593577,0.0,4.593577,95.406423,72.367584,0.550823,2.010903,0.0,0.0
2026-08-28 21:21:29,2020.43,74239,371,666.1577,558.2022,36.7,253.800735,0.0,507.646881,2.270117,,9.876709,0.987671,4e-06,2.36748,10.0,10.0,6.377769,0.0,6.377769,93.622231,70.245636,0.566976,2.010903,0.0,0.0
2026-08-28 21:21:43,2034.07,74751,373,736.6254,559.0584,36.7,271.701355,0.0,543.448059,2.266616,,10.995232,1.099523,5e-06,2.006883,10.0,10.0,7.774834,0.0,7.774834,92.225166,70.091096,0.490768,2.010903,0.0,0.0
2026-08-28 21:21:57,2047.72,75263,376,719.7385,560.5881,36.8,213.554489,0.0,427.154205,2.261209,,10.475081,1.047508,3e-06,2.242776,10.0,10.0,7.938784,0.0,7.938784,92.061216,69.693142,0.466919,1.870472,0.0,0.0
2026-08-28 21:22:11,2061.64,75775,378,667.0312,560.002,36.8,218.16568,0.0,436.376465,2.254883,,8.966807,0.896681,5e-06,0.983406,5.0,9.0,1.3925,0.0,1.3925,98.6075,75.913666,0.522592,1.870472,0.0,0.0
2026-08-28 21:22:25,2075.67,76287,381,154.6885,556.1149,36.8,8.715312,-0.0,17.475777,2.257642,,4.850107,0.485011,3e-06,2.963795,10.0,10.0,23.443386,0.0,23.443386,76.556614,56.231902,0.560842,1.870472,0.0,0.0
2026-08-28 21:22:38,2089.6,76799,384,505.4385,555.8651,36.8,114.386681,0.0,228.818268,2.245648,,8.356154,0.835615,3e-06,3.48015,10.0,10.0,14.561444,0.0,14.561444,85.438556,64.006286,0.456019,1.870472,0.0,0.0
2026-08-28 21:22:52,2103.6,77311,386,452.2855,555.8899,36.8,127.45813,0.0,254.961014,2.238002,,8.200248,0.820025,3e-06,3.4825,10.0,10.0,18.052888,0.0,18.052888,81.947112,60.313022,0.506997,1.870472,0.0,0.0
2026-08-28 21:23:07,2117.65,77823,389,532.824,555.9894,36.7,178.406082,0.0,356.856659,2.224544,,8.538804,0.85388,4e-06,2.02506,10.0,10.0,11.570892,0.0,11.570892,88.429108,67.536003,0.564299,1.870472,0.0,0.0
2026-08-28 21:23:20,2131.57,78335,391,726.6849,558.3457,36.7,316.466278,0.0,632.976746,2.210756,,10.002487,1.000249,6e-06,0.810397,4.0,6.0,0.0,0.0,0.0,100.0,76.33175,0.594432,1.870472,0.0,0.0
2026-08-28 21:23:34,2145.49,78847,394,679.841,558.7073,36.8,233.578766,-0.0,467.201569,2.202452,,9.249584,0.924958,7e-06,1.006152,5.0,10.0,0.831422,0.0,0.831422,99.168578,75.510094,0.586846,1.870472,0.0,0.0
2026-08-28 21:23:48,2159.47,79359,396,541.0749,556.3494,36.7,126.065346,-0.0,252.174667,2.198683,,7.174975,0.717498,4e-06,2.105263,8.0,10.0,1.111357,0.0,1.111357,98.888643,75.411342,0.531456,1.870472,0.0,0.0
2026-08-28 21:24:02,2173.62,79871,399,553.7112,554.5465,36.7,135.171021,-0.0,270.385834,2.189772,,8.020624,0.802062,5e-06,2.205684,9.0,10.0,6.573923,0.0,6.573923,93.426077,70.176119,0.473052,1.870472,0.0,0.0
2026-08-28 21:24:17,2187.65,80383,401,393.2701,553.3767,36.7,53.282696,-0.0,106.609032,2.18188,,6.066017,0.606602,4e-06,2.632546,10.0,10.0,8.04117,0.0,8.04117,91.95883,70.290659,0.532229,1.870472,0.0,0.0
2026-08-28 21:24:31,2201.68,80895,404,237.7384,552.7905,36.7,52.174263,-0.0,104.392029,2.175114,,4.713068,0.471307,4e-06,2.38693,10.0,10.0,13.247577,0.0,13.247577,86.752423,65.171952,0.644432,1.870472,0.0,0.0
2026-08-28 21:24:45,2215.66,81407,407,363.1954,552.1807,36.7,54.955238,-0.0,109.953835,2.167713,,5.77662,0.577662,3e-06,2.691397,10.0,10.0,8.635906,0.0,8.635906,91.364094,69.042271,0.564871,1.870472,0.0,0.0
2026-08-28 21:24:59,2229.71,81919,409,504.0375,551.258,36.7,123.139725,0.0,246.322739,2.164577,,7.982426,0.798243,4e-06,2.080013,10.0,10.0,10.738813,0.0,10.738813,89.261187,67.351758,0.510515,1.870472,0.0,0.0
2026-08-28 21:25:13,2243.72,82431,412,785.4804,551.8662,36.7,300.629089,0.0,601.30127,2.155864,,11.6074,1.16074,3e-06,2.68726,10.0,10.0,8.557547,0.0,8.557547,91.442453,68.460287,0.542611,1.870472,0.0,0.0
2026-08-28 21:25:26,2257.54,82943,414,749.0235,552.3015,36.7,274.013428,0.0,548.069763,2.145918,,10.843677,1.084368,6e-06,2.195753,9.0,10.0,6.050168,0.0,6.050168,93.949832,71.667523,0.522974,1.870472,0.0,0.0
2026-08-28 21:25:40,2271.5,83455,417,295.1414,549.0452,36.7,55.220135,-0.0,110.483192,2.14626,,5.661981,0.566198,7e-06,2.183209,10.0,10.0,14.449619,0.0,14.449619,85.550381,63.938364,0.626573,1.870472,0.0,0.0
2026-08-28 21:25:54,2285.41,83967,419,590.5401,549.2913,36.7,164.955444,0.0,329.953674,2.139084,,8.901263,0.890126,4e-06,2.787438,10.0,10.0,8.750883,0.0,8.750883,91.249117,69.711836,0.507574,1.870472,0.0,0.0
2026-08-28 21:26:08,2299.37,84479,422,549.0392,552.1938,36.7,139.630768,0.0,279.304413,2.143133,,9.703283,0.970328,4e-06,2.849236,10.0,10.0,19.098862,0.0,19.098862,80.901138,60.617651,0.476854,1.870472,0.0,0.0
2026-08-28 21:26:22,2313.22,84991,424,860.7307,556.023,36.7,313.647583,0.0,627.337708,2.128297,,11.970942,1.197094,4e-06,2.142337,9.0,10.0,4.779837,0.0,4.779837,95.220163,72.629999,0.489658,1.870472,0.0,0.0
2026-08-28 21:26:36,2327.21,85503,427,702.5043,556.8484,36.7,226.314331,0.0,452.671204,2.126847,,10.005254,1.000525,4e-06,2.506485,9.0,10.0,5.170308,0.0,5.170308,94.829692,71.588076,0.472656,1.870472,0.0,0.0
2026-08-28 21:26:50,2341.19,86015,430,628.3917,558.3209,36.7,156.016769,0.0,312.075989,2.122335,,8.418779,0.841878,3e-06,2.218325,8.0,10.0,1.628292,0.0,1.628292,98.371708,74.87446,0.471104,1.870472,0.0,0.0
2026-08-28 21:27:04,2355.17,86527,432,540.0936,560.3093,36.7,117.568314,0.0,235.17894,2.115771,,7.38928,0.738928,5e-06,1.602988,7.0,10.0,2.878486,0.0,2.878486,97.121514,73.817493,0.511677,1.870472,0.0,0.0
2026-08-28 21:27:18,2369.33,87039,435,367.9273,559.8534,36.7,82.079674,0.0,164.201721,2.118329,,6.988076,0.698808,2e-06,2.863365,10.0,10.0,16.844015,0.0,16.844015,83.155985,61.739068,0.502301,1.870472,0.0,0.0
2026-08-28 21:27:32,2383.52,87551,437,639.5923,566.6972,36.7,183.305588,0.0,366.653351,2.108146,,9.685689,0.968569,4e-06,2.378018,10.0,10.0,10.407575,0.0,10.407575,89.592425,67.910143,0.447295,1.917684,0.0,0.0
2026-08-28 21:27:46,2397.55,88063,440,535.1454,568.8922,36.7,113.681938,0.0,227.406113,2.111436,,7.303659,0.730366,5e-06,1.650171,7.0,10.0,2.254786,0.0,2.254786,97.745214,73.874231,0.507974,1.917684,0.0,0.0
2026-08-28 21:28:01,2411.64,88575,442,345.5844,565.0331,36.7,69.075371,0.0,138.193237,2.125029,,6.287457,0.628746,3e-06,3.052493,10.0,10.0,13.480268,0.0,13.480268,86.519732,64.910078,0.579125,1.917684,0.0,0.0
2026-08-28 21:28:15,2425.78,89087,445,638.0242,565.2695,36.7,198.518234,-0.0,397.078827,2.117498,,9.511497,0.95115,3e-06,2.895901,10.0,10.0,8.252648,0.0,8.252648,91.747352,68.71122,0.485925,1.917684,0.0,0.0
2026-08-28 21:28:29,2439.87,89599,448,600.8981,565.7388,36.7,186.23082,-0.0,372.503998,2.117894,,9.231746,0.923175,3e-06,2.560179,10.0,10.0,10.687038,0.0,10.687038,89.312962,67.892218,0.499088,1.917684,0.0,0.0
2026-08-28 21:28:43,2453.87,90111,450,260.0208,561.8886,36.7,30.847986,0.0,61.738647,2.133776,,4.402404,0.44024,5e-06,1.732303,8.0,10.0,8.076828,0.0,8.076828,91.923172,69.795789,0.616634,1.917684,0.0,0.0
2026-08-28 21:28:57,2467.96,90623,453,133.4067,557.9972,36.7,25.180168,0.0,50.403091,2.137849,,3.657806,0.365781,4e-06,2.477028,10.0,10.0,15.191793,0.0,15.191793,84.808207,62.468806,0.667508,1.917684,0.0,0.0
2026-08-28 21:29:11,2481.99,91135,455,247.5789,556.4103,36.7,56.994495,0.0,114.032127,2.156997,,6.005272,0.600527,2e-06,3.775515,10.0,10.0,21.833186,0.0,21.833186,78.166814,58.645272,0.525938,1.917684,0.0,0.0
2026-08-28 21:29:25,2495.9,91647,458,529.0642,559.6958,36.7,168.639603,0.0,337.322357,2.158141,,7.36263,0.736263,6e-06,0.846559,4.0,9.0,2.845542,0.0,2.845542,97.154458,74.236594,0.568126,1.917684,0.0,0.0
2026-08-28 21:29:39,2509.69,92159,460,642.9846,561.5185,36.7,205.136978,0.0,410.317291,2.166906,,9.561681,0.956168,5e-06,1.427547,6.0,10.0,6.717792,0.0,6.717792,93.282208,70.547586,0.493122,1.917684,0.0,0.0
2026-08-28 21:29:52,2523.56,92671,463,795.0898,565.2257,36.7,241.804855,0.0,483.653412,2.185414,,12.430665,1.243066,4e-06,2.41266,10.0,10.0,14.62641,0.0,14.62641,85.37359,63.945118,0.45295,1.917684,0.0,0.0
2026-08-28 21:30:07,2537.63,93183,465,585.0818,567.9384,36.7,175.263489,0.0,350.57077,2.190268,,9.018528,0.901853,4e-06,1.659346,8.0,10.0,10.383427,0.0,10.383427,89.616573,67.924934,0.433908,1.917684,0.0,0.0
2026-08-28 21:30:20,2551.55,93695,468,677.1675,570.7925,36.7,194.741226,0.0,389.526367,2.196481,,9.797396,0.97974,6e-06,1.833915,9.0,10.0,6.665674,0.0,6.665674,93.334326,70.812589,0.44486,1.917684,0.0,0.0
2026-08-28 21:30:34,2565.49,94207,471,973.9915,576.5115,36.7,433.684692,0.0,867.413269,2.195381,,13.831729,1.383173,7e-06,1.077291,7.0,10.0,4.282895,0.0,4.282895,95.717105,72.922086,0.49999,1.917684,0.0,0.0
2026-08-28 21:30:48,2579.51,94719,473,583.1067,578.0909,36.7,164.266327,0.0,328.576721,2.202976,,8.512247,0.851225,7e-06,1.744574,9.0,10.0,7.095265,0.0,7.095265,92.904735,69.968519,0.507422,1.917684,0.0,0.0
2026-08-28 21:31:03,2593.67,95231,476,112.4135,572.1442,36.7,35.568089,0.0,71.180519,2.21708,,3.558294,0.355829,4e-06,2.19736,10.0,10.0,16.515294,0.0,16.515294,83.484706,62.268516,0.710076,1.917684,0.0,0.0
2026-08-28 21:31:17,2607.76,95743,478,336.7585,569.7522,36.7,59.652214,-0.0,119.349022,2.229503,,5.012763,0.501276,7e-06,1.712266,9.0,10.0,4.934929,0.0,4.934929,95.065071,72.579001,0.620025,1.917684,0.0,0.0
2026-08-28 21:31:31,2621.8,96255,481,168.3192,562.9038,36.7,41.666508,-0.0,83.378036,2.251066,,4.384333,0.438433,6e-06,2.012578,10.0,10.0,17.471008,0.0,17.471008,82.528992,61.740819,0.633579,1.917684,0.0,0.0
2026-08-28 21:31:44,2635.27,96767,483,533.7634,560.5672,36.7,109.807846,0.0,219.660889,2.25956,,7.078132,0.707813,7e-06,0.959152,6.0,9.0,0.609946,0.0,0.609946,99.390054,76.092681,0.496313,1.917684,0.0,0.0
2026-08-28 21:31:58,2649.32,97279,486,95.4389,555.6091,36.7,37.538773,0.0,75.123116,2.278374,,4.780738,0.478074,3e-06,3.217481,10.0,10.0,27.681337,0.0,27.681337,72.318663,53.38041,0.626777,1.917684,0.0,0.0
2026-08-28 21:32:12,2663.32,97791,488,450.76,554.7726,36.7,114.668816,0.0,229.383102,2.273801,,6.693834,0.669383,6e-06,1.278345,9.0,10.0,6.059895,0.0,6.059895,93.940105,71.540115,0.585483,1.917684,0.0,0.0
2026-08-28 21:32:26,2677.3,98303,491,450.4877,551.1704,36.7,103.265038,0.0,206.575592,2.275706,,6.023313,0.602331,6e-06,1.233455,7.0,10.0,1.132553,0.0,1.132553,98.867447,74.972126,0.604266,1.917684,0.0,0.0
2026-08-28 21:32:40,2691.26,98815,494,378.1751,546.4913,36.7,53.92305,0.0,107.891624,2.276148,,5.713674,0.571367,4e-06,1.961198,10.0,10.0,6.235154,0.0,6.235154,93.764846,70.972575,0.524639,1.917684,0.0,0.0
2026-08-28 21:32:54,2705.15,99327,496,558.6144,547.0288,36.7,130.549484,-0.0,261.144501,2.276248,,7.519907,0.751991,5e-06,1.109154,8.0,10.0,1.910708,0.0,1.910708,98.089292,75.059633,0.502595,1.917684,0.0,0.0
2026-08-28 21:33:08,2719.1,99839,499,277.1515,544.6827,36.7,29.040739,0.0,58.127026,2.277363,,5.122779,0.512278,4e-06,2.073465,10.0,10.0,12.148083,0.0,12.148083,87.851917,66.314693,0.577753,1.917684,0.0,0.0
2026-08-28 21:33:22,2733.08,100351,501,365.1903,542.9785,36.7,54.923962,0.0,109.893387,2.273281,,5.744557,0.574456,4e-06,1.743079,10.0,10.0,7.351156,0.0,7.351156,92.648844,70.153079,0.528007,1.99191,0.0,0.0
2026-08-28 21:33:36,2746.97,100863,504,272.4269,538.5202,36.7,41.852535,0.0,83.750526,2.272787,,6.359221,0.635922,4e-06,2.634745,10.0,10.0,21.51444,0.0,21.51444,78.48556,58.138432,0.503996,1.99191,0.0,0.0
2026-08-28 21:33:50,2760.82,101375,506,442.3826,536.6498,36.7,136.362473,0.0,272.770355,2.270545,,7.380388,0.738039,4e-06,1.993316,10.0,10.0,9.745359,0.0,9.745359,90.254641,68.072049,0.606927,1.99191,0.0,0.0
2026-08-28 21:34:03,2774.61,101887,509,487.5218,535.549,36.7,96.084167,-0.0,192.21373,2.27001,,7.503226,0.750323,4e-06,1.291133,10.0,10.0,8.009134,0.0,8.009134,91.990866,69.642355,0.474927,1.99191,0.0,0.0
2026-08-28 21:34:17,2788.41,102399,512,681.3567,536.1637,36.7,197.457657,0.0,394.960632,2.266233,,9.039214,0.903921,7e-06,0.151877,1.0,2.0,0.0,0.0,0.0,100.0,76.729998,0.442126,1.99191,0.0,0.0
2026-08-28 21:34:31,2802.27,102911,514,467.5477,536.0609,36.7,119.877243,0.0,239.79985,2.268591,,7.033518,0.703352,6e-06,0.341931,2.0,6.0,6.7203,0.0,6.7203,93.2797,71.073217,0.535726,1.99191,0.0,0.0
2026-08-28 21:34:45,2816.14,103423,517,857.0968,538.7631,36.7,334.381134,-0.0,668.807617,2.266172,,11.537746,1.153775,5e-06,0.284023,1.0,3.0,0.255791,0.0,0.255791,99.744209,76.30954,0.452489,1.99191,0.0,0.0
2026-08-28 21:34:59,2830.2,103935,519,325.1535,536.8318,36.7,91.403831,-0.0,182.853012,2.267214,,7.590731,0.759073,2e-06,2.997985,10.0,10.0,24.080554,0.0,24.080554,75.919446,56.784171,0.509473,1.99191,0.0,0.0
2026-08-28 21:35:13,2844.22,104447,522,359.5202,536.7058,36.7,57.1898,0.0,114.424904,2.265123,,6.27478,0.627478,3e-06,1.531351,10.0,10.0,12.268173,0.0,12.268173,87.731827,66.495719,0.48682,1.99191,0.0,0.0
2026-08-28 21:35:27,2858.18,104959,524,318.9652,533.614,36.7,51.869865,0.0,103.785011,2.263876,,5.778952,0.577895,5e-06,1.663939,10.0,10.0,12.094259,0.0,12.094259,87.905741,66.704577,0.569802,1.99191,0.0,0.0
2026-08-28 21:35:41,2872.11,105471,527,231.7629,532.7159,36.7,25.963341,0.0,51.972023,2.267007,,4.163131,0.416313,4e-06,1.261343,8.0,10.0,8.793268,0.0,8.793268,91.206732,69.646048,0.597006,1.99191,0.0,0.0
2026-08-28 21:35:55,2886.03,105983,529,485.0473,534.7106,36.7,122.49073,0.0,245.026657,2.260005,,7.813116,0.781312,4e-06,1.152665,10.0,10.0,10.507666,0.0,10.507666,89.492334,68.317282,0.473812,1.99191,0.0,0.0
2026-08-28 21:36:09,2900.11,106495,532,540.9422,535.8449,36.7,162.904388,-0.0,325.853882,2.255527,,8.768696,0.87687,4e-06,1.391776,10.0,10.0,11.743841,0.0,11.743841,88.256159,67.44768,0.481025,1.99191,0.0,0.0
2026-08-28 21:36:23,2914.08,107007,535,722.6419,539.2322,36.7,231.198517,0.0,462.442108,2.254472,,10.412916,1.041292,6e-06,0.553659,3.0,10.0,5.757787,0.0,5.757787,94.242213,72.410291,0.457473,1.99191,0.0,0.0
2026-08-28 21:36:37,2927.89,107519,537,585.7237,539.4872,36.7,150.149704,-0.0,300.344452,2.251562,,7.812369,0.781237,6e-06,0.511507,2.0,10.0,1.068368,0.0,1.068368,98.931632,75.923164,0.485413,1.99191,0.0,0.0
2026-08-28 21:36:51,2941.77,108031,540,251.6385,535.9987,36.7,26.624949,0.0,53.294964,2.253388,,5.329723,0.532972,3e-06,1.768921,10.0,10.0,15.228889,0.0,15.228889,84.771111,64.472734,0.564301,1.99191,0.0,0.0
2026-08-28 21:37:05,2955.64,108543,542,432.8958,531.4786,36.7,64.884727,0.0,129.814438,2.248842,,5.66434,0.566434,8e-06,0.463845,2.0,9.0,0.261186,0.0,0.261186,99.738814,77.226379,0.520151,1.99191,0.0,0.0
2026-08-28 21:37:18,2969.48,109055,545,466.0568,530.7995,36.7,80.6203,-0.0,161.285568,2.248215,,6.891477,0.689148,3e-06,1.186707,10.0,10.0,6.188841,0.0,6.188841,93.811159,71.935871,0.479426,1.99191,0.0,0.0
2026-08-28 21:37:32,2983.57,109567,547,29.4024,525.112,36.7,140.9263,0.0,281.897552,2.248242,,5.805071,0.580507,1e-06,3.300386,10.0,10.0,40.391907,0.0,40.391907,59.608093,43.624552,0.469083,1.99191,0.0,0.0
2026-08-28 21:37:46,2997.61,110079,550,816.0697,527.296,36.7,324.458618,-0.0,648.962036,2.240877,,12.818335,1.281834,2e-06,1.859335,10.0,10.0,12.072405,0.0,12.072405,87.927595,66.381289,0.461731,1.99191,0.0,0.0
2026-08-28 21:38:01,3011.68,110591,552,799.5674,525.0097,36.7,315.331421,-0.0,630.707581,2.237095,,12.463669,1.246367,3e-06,1.865551,10.0,10.0,9.85077,0.0,9.85077,90.14923,68.385983,0.478988,1.99191,0.0,0.0
2026-08-28 21:38:14,3025.6,111103,555,715.2529,526.9837,36.7,266.479309,-0.0,533.003418,2.239672,,9.579411,0.957941,4e-06,0.715716,6.0,9.0,0.056808,0.0,0.056808,99.943192,76.231128,0.499455,1.99191,0.0,0.0
2026-08-28 21:38:28,3039.61,111615,558,674.9205,527.812,36.7,208.198807,0.0,416.442383,2.238746,,9.03049,0.903049,5e-06,0.592028,5.0,10.0,0.477353,0.0,0.477353,99.522647,76.400184,0.491679,1.99191,0.0,0.0
2026-08-28 21:38:43,3053.64,112127,560,688.4407,527.9273,36.7,298.005463,0.0,596.055725,2.239282,,10.282198,1.02822,3e-06,1.194504,10.0,10.0,7.337739,0.0,7.337739,92.662261,70.396779,0.478411,1.99191,0.0,0.0
2026-08-28 21:38:57,3067.81,112639,563,272.0701,524.4908,36.7,41.437038,0.0,82.918846,2.238316,,6.067522,0.606752,2e-06,2.825351,10.0,10.0,18.357859,0.0,18.357859,81.642141,60.641332,0.513257,2.185088,0.0,0.0
2026-08-28 21:39:11,3081.79,113151,565,275.3478,521.8759,36.7,62.173782,-0.0,124.392334,2.238527,,5.611163,0.561116,3e-06,0.776946,10.0,10.0,13.593298,0.0,13.593298,86.406702,66.751923,0.502877,2.185088,0.0,0.0
2026-08-28 21:39:25,3095.73,113663,568,464.3685,520.9266,36.7,98.022934,-0.0,196.090607,2.236928,,6.404432,0.640443,4e-06,1.133743,8.0,10.0,1.928178,0.0,1.928178,98.071822,74.720527,0.524299,2.185088,0.0,0.0
2026-08-28 21:39:39,3109.76,114175,570,557.0521,521.5837,36.7,147.713348,0.0,295.471405,2.235651,,7.856181,0.785618,3e-06,1.627479,10.0,10.0,3.382592,0.0,3.382592,96.617408,73.289073,0.519391,2.185088,0.0,0.0
2026-08-28 21:39:52,3123.57,114687,573,625.5677,524.8321,36.7,181.565628,0.0,363.175995,2.236625,,8.49454,0.849454,6e-06,0.262377,1.0,4.0,0.355184,0.0,0.355184,99.644816,76.516589,0.488339,2.185088,0.0,0.0
2026-08-28 21:40:06,3137.47,115199,576,423.234,519.8858,36.7,77.551422,0.0,155.147614,2.238279,,7.305085,0.730509,3e-06,1.927721,10.0,10.0,12.150979,0.0,12.150979,87.849021,66.476138,0.475566,2.185088,0.0,0.0
2026-08-28 21:40:20,3151.29,115711,578,492.6467,519.4996,36.7,129.082047,0.0,258.208832,2.237615,,6.930508,0.693051,5e-06,0.841235,5.0,10.0,2.295646,0.0,2.295646,97.704354,74.471141,0.556865,2.185088,0.0,0.0
2026-08-28 21:40:34,3165.25,116223,581,225.3361,516.0351,36.7,57.239468,0.0,114.523735,2.24017,,5.80291,0.580291,1e-06,2.637929,10.0,10.0,18.744977,0.0,18.744977,81.255023,60.531805,0.535985,2.185088,0.0,0.0
2026-08-28 21:40:48,3179.2,116735,583,66.1251,510.9975,36.7,19.388296,-0.0,38.821404,2.240476,,3.978565,0.397856,2e-06,3.101875,10.0,10.0,21.882733,0.0,21.882733,78.117267,58.420158,0.564278,2.185088,0.0,0.0
2026-08-28 21:41:02,3193.1,117247,586,149.5526,504.8334,36.7,15.832926,-0.0,31.710577,2.236268,,4.205471,0.420547,2e-06,2.992988,10.0,10.0,15.802141,0.0,15.802141,84.197859,62.811064,0.561043,2.185088,0.0,0.0
2026-08-28 21:41:16,3206.98,117759,588,198.6467,498.885,36.7,16.226309,0.0,32.497433,2.240846,,4.076768,0.407677,2e-06,3.197984,10.0,10.0,10.939317,0.0,10.939317,89.060683,66.688796,0.593866,2.185088,0.0,0.0
2026-08-28 21:41:30,3220.99,118271,591,422.3554,496.3819,36.7,69.613075,0.0,139.270905,2.237513,,8.348315,0.834832,1e-06,3.034091,10.0,10.0,18.51325,0.0,18.51325,81.48675,61.117072,0.466605,2.185088,0.0,0.0
2026-08-28 21:41:44,3234.93,118783,593,385.7608,493.4225,36.7,111.41996,0.0,222.88472,2.239938,,8.607405,0.86074,1e-06,3.882793,10.0,10.0,23.315115,0.0,23.315115,76.684885,57.288336,0.44209,2.185088,0.0,0.0
2026-08-28 21:41:58,3248.82,119295,596,263.45,488.7939,36.7,31.968777,-0.0,63.982372,2.241029,,5.454928,0.545493,2e-06,2.679624,10.0,10.0,13.773523,0.0,13.773523,86.226477,64.529639,0.525045,2.185088,0.0,0.0
2026-08-28 21:42:12,3262.76,119807,599,421.2626,486.9747,36.7,82.197136,0.0,164.439026,2.237446,,6.648245,0.664824,2e-06,1.685894,10.0,10.0,8.134478,0.0,8.134478,91.865522,69.803298,0.486357,2.185088,0.0,0.0
2026-08-28 21:42:26,3276.82,120319,601,527.7607,486.2804,36.7,117.367325,0.0,234.779297,2.232431,,7.604905,0.760491,4e-06,1.231019,10.0,10.0,4.446043,0.0,4.446043,95.553957,73.219368,0.480089,2.185088,0.0,0.0
2026-08-28 21:42:40,3290.8,120831,604,484.3217,485.8928,36.7,111.606499,0.0,223.257568,2.228227,,7.421389,0.742139,3e-06,1.315668,9.0,10.0,7.115371,0.0,7.115371,92.884629,70.542861,0.492234,2.185088,0.0,0.0
2026-08-28 21:42:54,3304.87,121343,606,695.4246,486.0325,36.7,231.466309,-0.0,462.977051,2.221459,,10.57399,1.057399,2e-06,2.113165,10.0,10.0,7.486958,0.0,7.486958,92.513042,69.989329,0.446133,2.185088,0.0,0.0
2026-08-28 21:43:08,3319.06,121855,609,273.6318,481.5339,36.7,84.146385,-0.0,168.337189,2.220932,,6.906945,0.690694,1e-06,1.917874,10.0,10.0,22.590691,0.0,22.590691,77.409309,57.90354,0.477374,2.185088,0.0,0.0
2026-08-28 21:43:22,3332.99,122367,611,650.8792,480.8549,36.7,186.582077,-0.0,373.208527,2.218065,,9.585966,0.958597,4e-06,0.437133,2.0,10.0,5.733019,0.0,5.733019,94.266981,71.940494,0.448493,2.185088,0.0,0.0
2026-08-28 21:43:36,3347.06,122879,614,596.2722,480.6526,36.7,140.210007,0.0,280.464325,2.21498,,9.271106,0.927111,3e-06,1.843035,10.0,10.0,8.854538,0.0,8.854538,91.145462,69.010793,0.478606,2.185088,0.0,0.0
2026-08-28 21:43:50,3361.18,123391,616,730.2481,482.0345,36.7,237.891006,0.0,475.826263,2.212097,,10.801514,1.080151,2e-06,2.546028,10.0,10.0,6.819656,0.0,6.819656,93.180344,70.776124,0.457831,2.185088,0.0,0.0
2026-08-28 21:44:04,3375.21,123903,619,706.1596,486.7245,36.7,203.577713,-0.0,407.199738,2.215239,,9.753676,0.975368,6e-06,0.931923,9.0,10.0,1.85934,0.0,1.85934,98.14066,74.952216,0.425829,2.185088,0.0,0.0
2026-08-28 21:44:18,3389.14,124415,622,309.9714,488.1815,36.7,58.09026,0.0,116.224792,2.213654,,6.955645,0.695565,1e-06,2.260765,10.0,10.0,19.83867,0.0,19.83867,80.16133,60.395166,0.445024,2.185088,0.0,0.0
2026-08-28 21:44:32,3402.96,124927,624,537.4044,488.2421,36.7,112.120949,0.0,224.286209,2.21583,,7.382607,0.738261,3e-06,1.564943,8.0,10.0,2.584569,0.0,2.584569,97.415431,73.869755,0.424539,2.185088,0.0,0.0
2026-08-28 21:44:46,3416.85,125439,627,461.397,486.1945,36.7,84.046791,0.0,168.137924,2.216785,,7.09714,0.709714,3e-06,0.933531,8.0,10.0,6.313168,0.0,6.313168,93.686832,71.397653,0.439334,2.433699,0.0,0.0
2026-08-28 21:45:00,3430.75,125951,629,577.6568,484.6048,36.7,132.337006,-0.0,264.718353,2.217673,,8.259979,0.825998,4e-06,0.570809,3.0,10.0,3.90981,0.0,3.90981,96.09019,73.283358,0.425563,2.433699,0.0,0.0
2026-08-28 21:45:14,3444.67,126463,632,447.3,481.8804,36.7,73.354454,-0.0,146.753281,2.218678,,6.250917,0.625092,4e-06,1.231427,10.0,10.0,2.497883,0.0,2.497883,97.502117,74.190616,0.51496,2.433699,0.0,0.0
2026-08-28 21:45:27,3458.59,126975,634,601.5727,481.2258,36.7,173.803665,0.0,347.651672,2.217596,,8.352255,0.835225,4e-06,1.174822,9.0,10.0,1.617115,0.0,1.617115,98.382885,74.608427,0.497446,2.433699,0.0,0.0
2026-08-28 21:45:41,3472.53,127487,637,433.61,484.015,36.7,83.310425,0.0,166.665161,2.215503,,7.592766,0.759277,3e-06,1.19407,10.0,10.0,11.038127,0.0,11.038127,88.961873,66.942443,0.485807,2.433699,0.0,0.0
2026-08-28 21:45:55,3486.53,127999,640,524.1545,484.2022,36.7,111.259956,0.0,222.564209,2.214497,,7.707202,0.77072,3e-06,1.404169,8.0,10.0,4.048944,0.0,4.048944,95.951056,73.093607,0.459459,2.433699,0.0,0.0
2026-08-28 21:46:09,3500.38,128511,642,603.92,485.7185,36.7,175.11203,-0.0,350.268402,2.217399,,8.548377,0.854838,5e-06,0.667105,3.0,10.0,3.537796,0.0,3.537796,96.462204,73.487813,0.444834,2.433699,0.0,0.0
2026-08-28 21:46:23,3514.34,129023,645,513.3151,485.5235,36.7,116.516174,-0.0,233.07666,2.215354,,7.77047,0.777047,3e-06,1.817909,10.0,10.0,6.132659,0.0,6.132659,93.867341,71.402014,0.440852,2.433699,0.0,0.0
2026-08-28 21:46:37,3528.29,129535,647,370.9966,481.9666,36.7,80.399414,0.0,160.84317,2.216928,,7.225137,0.722514,2e-06,1.641309,10.0,10.0,14.3601,0.0,14.3601,85.6399,64.124602,0.449315,2.433699,0.0,0.0
2026-08-28 21:46:51,3542.37,130047,650,379.0791,478.959,36.7,66.779182,-0.0,133.602707,2.216754,,6.589603,0.65896,2e-06,2.194384,10.0,10.0,9.962894,0.0,9.962894,90.037106,67.759864,0.47531,2.433699,0.0,0.0
2026-08-28 21:47:05,3556.29,130559,652,496.6159,478.5144,36.7,96.718826,0.0,193.481979,2.216083,,8.153596,0.81536,3e-06,1.472793,10.0,10.0,9.500478,0.0,9.500478,90.499522,68.17491,0.444228,2.433699,0.0,0.0
2026-08-28 21:47:19,3570.2,131071,655,816.604,481.1433,36.7,300.550201,-0.0,601.144714,2.216648,,11.690113,1.169011,4e-06,1.008958,8.0,10.0,3.644064,0.0,3.644064,96.355936,72.31778,0.456747,2.433699,0.0,0.0
2026-08-28 21:47:33,3584.17,131583,657,647.4124,483.6847,36.7,185.397324,-0.0,370.838959,2.216022,,9.862053,0.986205,2e-06,2.277434,10.0,10.0,7.422269,0.0,7.422269,92.577731,69.8769,0.441181,2.433699,0.0,0.0
2026-08-28 21:47:47,3598.15,132095,660,410.0631,485.408,36.7,96.119507,0.0,192.283401,2.219712,,8.008051,0.800805,2e-06,1.770342,10.0,10.0,16.022994,0.0,16.022994,83.977006,63.112505,0.455644,2.433699,0.0,0.0
2026-08-28 21:48:01,3612.12,132607,663,417.8997,485.955,36.7,110.548492,0.0,221.141403,2.220831,,8.551189,0.855119,2e-06,3.592872,10.0,10.0,18.874108,0.0,18.874108,81.125892,60.732368,0.480543,2.433699,0.0,0.0
2026-08-28 21:48:15,3626.01,133119,665,632.7877,487.2425,36.7,193.019897,-0.0,386.084259,2.222929,,8.886592,0.888659,3e-06,2.131847,10.0,10.0,3.054502,0.0,3.054502,96.945498,73.487733,0.47462,2.433699,0.0,0.0
2026-08-28 21:48:29,3639.87,133631,668,617.2139,485.5598,36.7,146.569092,-0.0,293.182678,2.224776,,9.153807,0.915381,4e-06,0.845465,6.0,10.0,5.841034,0.0,5.841034,94.158966,71.34272,0.447347,2.433699,0.0,0.0
2026-08-28 21:48:43,3653.78,134143,670,767.0186,485.7398,36.7,250.176132,0.0,500.39679,2.225502,,10.261786,1.026179,3e-06,1.096478,6.0,9.0,0.448311,0.0,0.448311,99.551689,76.075746,0.438976,2.433699,0.0,0.0
2026-08-28 21:48:57,3667.67,134655,673,443.8082,487.2265,36.7,114.980026,0.0,230.004639,2.229441,,6.651481,0.665148,2e-06,1.640301,10.0,10.0,5.112572,0.0,5.112572,94.887428,70.614719,0.486965,2.433699,0.0,0.0
2026-08-28 21:49:10,3681.57,135167,675,174.3981,483.065,36.7,74.058548,-0.0,148.161743,2.232648,,4.694836,0.469484,3e-06,1.208526,10.0,10.0,14.902094,0.0,14.902094,85.097906,65.287996,0.549472,2.433699,0.0,0.0
2026-08-28 21:49:24,3695.34,135679,678,429.1376,481.866,36.7,78.489029,0.0,157.02269,2.231519,,5.786971,0.578697,4e-06,0.54824,3.0,10.0,0.685306,0.0,0.685306,99.314694,75.636977,0.540003,2.433699,0.0,0.0
2026-08-28 21:49:38,3709.32,136191,680,344.0395,476.6991,36.7,72.377716,0.0,144.800003,2.228557,,6.762932,0.676293,2e-06,2.70538,10.0,10.0,14.1291,0.0,14.1291,85.8709,64.569321,0.491281,2.433699,0.0,0.0
2026-08-28 21:49:52,3723.05,136703,683,503.1596,474.7057,36.7,128.761581,0.0,257.56778,2.231152,,7.553618,0.755362,3e-06,1.100526,9.0,10.0,4.68866,0.0,4.68866,95.31134,72.472164,0.538454,2.433699,0.0,0.0
2026-08-28 21:50:06,3737.02,137215,686,716.2632,475.5844,36.7,261.762604,-0.0,523.569824,2.231069,,10.364454,1.036445,3e-06,1.502286,10.0,10.0,2.88827,0.0,2.88827,97.11173,73.186606,0.494479,2.433699,0.0,0.0
2026-08-28 21:50:20,3750.94,137727,688,598.1463,476.1649,36.7,153.120728,-0.0,306.286041,2.229865,,10.833238,1.083324,2e-06,2.076965,10.0,10.0,17.471942,0.0,17.471942,82.528058,62.188425,0.437876,2.227475,0.0,0.0
2026-08-28 21:50:34,3765.04,138239,691,214.8529,474.6342,36.7,24.457449,0.0,48.959576,2.233947,,6.947217,0.694722,1e-06,2.472414,10.0,10.0,28.147998,0.0,28.147998,71.852002,52.759255,0.439264,2.227475,0.0,0.0
2026-08-28 21:50:47,3778.45,138751,693,494.3363,473.1816,36.7,147.735443,0.0,295.515717,2.240915,,8.830025,0.883002,4e-06,1.40745,10.0,10.0,14.58599,0.0,14.58599,85.41401,65.018076,0.44463,2.227475,0.0,0.0
2026-08-28 21:51:01,3792.29,139263,696,891.1957,476.7421,36.7,375.582336,0.0,751.209595,2.245503,,12.518333,1.251833,5e-06,0.514469,3.0,10.0,1.308916,0.0,1.308916,98.691084,75.141669,0.481426,2.227475,0.0,0.0
2026-08-28 21:51:15,3806.33,139775,698,346.399,476.7503,36.7,50.754234,-0.0,101.553467,2.24986,,6.772334,0.677233,2e-06,2.071816,10.0,10.0,14.99415,0.0,14.99415,85.00585,64.992653,0.495115,2.227475,0.0,0.0
2026-08-28 21:51:29,3820.34,140287,701,88.6609,471.2566,36.7,17.034296,-0.0,34.11372,2.256304,,5.027317,0.502732,1e-06,3.071604,10.0,10.0,26.286393,0.0,26.286393,73.713607,55.078526,0.489043,2.227475,0.0,0.0
2026-08-28 21:51:43,3834.29,140799,704,226.7604,467.5152,36.7,12.961452,0.0,25.96817,2.263308,,4.052327,0.405233,3e-06,2.19969,10.0,10.0,7.770709,0.0,7.770709,92.229291,70.17893,0.582964,2.227475,0.0,0.0
2026-08-28 21:51:57,3848.14,141311,706,60.5231,465.5203,36.7,52.123264,0.0,104.291954,2.271442,,4.243845,0.424384,2e-06,2.549003,10.0,10.0,23.521541,0.0,23.521541,76.478459,56.748251,0.578955,2.227475,0.0,0.0
2026-08-28 21:52:11,3862.08,141823,709,499.0905,469.1771,36.7,124.760689,0.0,249.566818,2.271727,,8.244014,0.824401,3e-06,2.365672,10.0,10.0,11.012908,0.0,11.012908,88.987092,66.100193,0.492258,2.227475,0.0,0.0
2026-08-28 21:52:25,3876.01,142335,711,355.3543,470.2549,36.7,69.747681,0.0,139.540878,2.276111,,8.660018,0.866002,1e-06,3.409638,10.0,10.0,26.616611,0.0,26.616611,73.383389,55.220238,0.431669,2.227475,0.0,0.0
2026-08-28 21:52:39,3889.85,142847,714,481.5672,469.7799,36.7,104.348686,0.0,208.74295,2.27906,,7.286707,0.728671,4e-06,1.871318,10.0,10.0,6.341906,0.0,6.341906,93.658094,70.832772,0.529988,2.227475,0.0,0.0
2026-08-28 21:52:53,3903.7,143359,716,616.4431,469.5145,36.7,164.017029,-0.0,328.079651,2.280293,,8.74272,0.874272,4e-06,1.383025,9.0,10.0,2.897874,0.0,2.897874,97.102126,74.616115,0.508739,2.227475,0.0,0.0
2026-08-28 21:53:07,3917.69,143871,719,993.0417,471.494,36.7,412.436493,0.0,824.918579,2.279398,,14.550857,1.455086,4e-06,1.330579,10.0,10.0,4.842757,0.0,4.842757,95.157243,72.309131,0.487773,2.227475,0.0,0.0
2026-08-28 21:53:21,3931.63,144383,721,984.1242,475.4844,36.7,428.959106,-0.0,857.963806,2.279152,,14.768578,1.476858,4e-06,1.882759,10.0,10.0,7.444017,0.0,7.444017,92.555983,69.97517,0.523005,2.227475,0.0,0.0
2026-08-28 21:53:35,3945.7,144895,724,266.8231,471.381,36.7,76.018272,0.0,152.082199,2.282545,,7.649173,0.764917,1e-06,3.929054,10.0,10.0,27.25215,0.0,27.25215,72.74785,52.835135,0.537886,2.227475,0.0,0.0
2026-08-28 21:53:49,3959.77,145407,727,506.4245,466.7053,36.7,101.85067,0.0,203.746933,2.27976,,8.810287,0.881029,3e-06,1.930769,10.0,10.0,14.32369,0.0,14.32369,85.67631,64.46219,0.468496,2.227475,0.0,0.0
2026-08-28 21:54:03,3973.85,145919,729,381.4015,464.6882,36.7,78.089981,0.0,156.225555,2.279411,,7.289774,0.728977,2e-06,2.616249,10.0,10.0,15.789678,0.0,15.789678,84.210322,63.30895,0.478991,2.227475,0.0,0.0
2026-08-28 21:54:17,3987.87,146431,732,429.8851,467.863,36.7,72.239937,0.0,144.525436,2.278281,,6.75002,0.675002,4e-06,1.889894,10.0,10.0,7.535274,0.0,7.535274,92.464726,69.577582,0.508475,2.227475,0.0,0.0
2026-08-28 21:54:31,4001.99,146943,734,253.5598,467.031,36.7,73.173523,0.0,146.392609,2.278474,,6.456428,0.645643,2e-06,2.07433,10.0,10.0,20.936621,0.0,20.936621,79.063379,59.882682,0.5269,2.227475,0.0,0.0
2026-08-28 21:54:45,4015.97,147455,737,190.9145,467.2569,36.7,58.824348,-0.0,117.694267,2.278702,,5.377268,0.537727,3e-06,1.81984,10.0,10.0,19.444012,0.0,19.444012,80.555988,60.206768,0.51554,2.227475,0.0,0.0
2026-08-28 21:54:59,4029.87,147967,739,468.3451,466.6027,36.7,101.648415,-0.0,203.342392,2.277917,,7.586679,0.758668,4e-06,1.371347,9.0,10.0,9.669329,0.0,9.669329,90.330671,68.95289,0.532382,2.227475,0.0,0.0
2026-08-28 21:55:13,4043.79,148479,742,490.473,470.5531,36.7,129.069138,0.0,258.183807,2.276809,,7.796062,0.779606,5e-06,1.246778,9.0,10.0,8.526981,0.0,8.526981,91.473019,69.595601,0.539397,2.227475,0.0,0.0
2026-08-28 21:55:27,4057.72,148991,744,439.9582,470.4451,36.7,78.361252,0.0,156.768066,2.277807,,7.607511,0.760751,3e-06,3.058475,10.0,10.0,12.60985,0.0,12.60985,87.39015,65.811056,0.523858,2.227475,0.0,0.0
2026-08-28 21:55:40,4071.54,149503,747,159.02,467.5304,36.7,19.014975,0.0,38.07552,2.278457,,5.147122,0.514712,3e-06,2.783596,10.0,10.0,21.034284,0.0,21.034284,78.965716,58.601042,0.582555,2.227475,0.0,0.0
2026-08-28 21:55:54,4085.42,150015,750,462.667,468.3753,36.7,89.626297,0.0,179.297775,2.259265,,7.544374,0.754437,3e-06,3.068524,10.0,10.0,10.38541,0.0,10.38541,89.61459,67.013118,0.498251,3.012142,0.0,0.0
2026-08-28 21:56:08,4099.27,150527,752,469.5982,467.4852,36.7,200.76828,-0.0,401.58139,2.241785,,10.720189,1.072019,6e-06,2.575342,10.0,10.0,22.082325,0.0,22.082325,77.917675,58.293291,0.47225,3.012142,0.0,0.0
2026-08-28 21:56:22,4113.14,151039,755,482.7019,469.5407,36.7,117.317162,0.0,234.678864,2.226681,,9.137459,0.913746,5e-06,2.005724,10.0,10.0,13.444936,0.0,13.444936,86.555064,64.565524,0.511074,3.012142,0.0,0.0
2026-08-28 21:56:36,4126.96,151551,757,140.4226,467.293,36.7,26.222172,0.0,52.488613,2.213487,,4.712523,0.471252,6e-06,3.396279,10.0,10.0,14.855887,0.0,14.855887,85.144113,64.499204,0.640284,3.012142,0.0,0.0
2026-08-28 21:56:50,4140.72,152063,760,256.0626,467.1293,36.7,50.371094,-0.0,100.78624,2.202461,,4.791917,0.479192,8e-06,1.565814,10.0,10.0,7.549063,0.0,7.549063,92.450937,69.503662,0.635986,3.012142,0.0,0.0
2026-08-28 21:57:04,4154.7,152575,762,290.1242,465.6068,36.7,114.18087,0.0,228.405518,2.189032,,6.769649,0.676965,8e-06,1.971566,10.0,10.0,14.933627,0.0,14.933627,85.066373,64.635308,0.601955,3.012142,0.0,0.0
2026-08-28 21:57:18,4168.7,153087,765,137.5085,462.1066,36.7,56.746792,0.0,113.537125,2.17717,,5.508049,0.550805,9e-06,1.629472,10.0,10.0,18.438596,0.0,18.438596,81.561404,61.258882,0.664703,3.012142,0.0,0.0
2026-08-28 21:57:32,4182.72,153599,768,474.1126,460.0342,36.7,143.207306,0.0,286.458008,2.169341,,7.574636,0.757464,1.1e-05,1.62907,9.0,10.0,6.545771,0.0,6.545771,93.454229,70.619589,0.603907,3.012142,0.0,0.0
2026-08-28 21:57:46,4196.73,154111,770,258.2912,457.9416,36.7,66.695274,-0.0,133.433838,2.164782,,6.636521,0.663652,1.1e-05,3.243469,10.0,10.0,16.664067,0.0,16.664067,83.335933,62.001072,0.611178,3.012142,0.0,0.0
2026-08-28 21:58:00,4210.75,154623,773,572.6069,455.0967,36.7,194.961533,-0.0,389.966278,2.159969,,8.829509,0.882951,0.183639,1.178102,8.0,10.0,6.462154,0.0,6.462154,93.537846,71.65764,0.529289,3.012142,0.0,0.0
2026-08-28 21:58:14,4224.69,155135,775,819.0994,460.0362,36.7,296.721527,0.0,593.486145,2.153244,,12.290252,1.229025,0.526514,1.214312,9.0,10.0,6.301821,0.0,6.301821,93.698179,70.686083,0.494423,3.012142,0.0,0.0
2026-08-28 21:58:28,4238.68,155647,778,451.9313,460.9603,36.7,80.540649,0.0,161.124252,2.147563,,8.929808,0.892981,0.264166,2.121807,10.0,10.0,15.256857,0.0,15.256857,84.743143,63.396049,0.493781,3.012142,0.0,0.0
2026-08-28 21:58:42,4252.75,156159,780,354.8059,461.3187,36.7,59.391842,0.0,118.826637,2.14778,,6.358827,0.635883,1.452953,2.330043,10.0,10.0,9.220118,0.0,9.220118,90.779882,68.822042,0.616317,3.012142,0.0,0.0
2026-08-28 21:58:56,4266.83,156671,783,-56.1533,458.4395,36.7,36.170971,0.0,72.384834,2.144447,,3.491178,0.349118,0.062181,3.039023,10.0,10.0,21.719177,0.0,21.719177,78.280823,58.161993,0.66597,3.012142,0.0,0.0
2026-08-28 21:59:10,4280.77,157183,785,384.6778,457.4358,36.7,71.721603,-0.0,143.485947,2.136998,,7.5684,0.75684,0.272994,2.950179,10.0,10.0,12.979257,0.0,12.979257,87.020743,65.563971,0.539189,3.012142,0.0,0.0
2026-08-28 21:59:24,4294.66,157695,788,357.0475,455.5969,36.7,177.506653,-0.0,355.056,2.134586,,8.208046,0.820805,0.151869,1.424047,10.0,10.0,17.488475,0.0,17.488475,82.511525,62.52187,0.507544,3.012142,0.0,0.0
2026-08-28 21:59:37,4308.61,158207,791,689.2347,455.2628,36.7,196.627975,0.0,393.298584,2.131078,,9.597829,0.959783,1.840545,1.449775,9.0,10.0,2.441254,0.0,2.441254,97.558746,74.65481,0.521808,3.012142,0.0,0.0
2026-08-28 21:59:51,4322.51,158719,793,493.518,454.3408,36.7,125.738838,0.0,251.520187,2.125871,,9.067443,0.906744,0.136252,1.840232,10.0,10.0,12.627529,0.0,12.627529,87.372471,66.186967,0.541559,3.012142,0.0,0.0
2026-08-28 22:00:05,4336.46,159231,796,618.9553,458.0139,36.7,188.016602,0.0,376.075684,2.123277,,11.188231,1.118823,0.102804,1.942347,10.0,10.0,14.83519,0.0,14.83519,85.16481,64.185836,0.527498,3.012142,0.0,0.0
2026-08-28 22:00:19,4350.41,159743,798,510.4871,458.7898,36.7,109.596367,0.0,219.235184,2.122736,,8.534789,0.853479,0.969534,2.069693,10.0,10.0,9.439594,0.0,9.439594,90.560406,68.010266,0.516934,3.012142,0.0,0.0
2026-08-28 22:00:33,4364.37,160255,801,686.3663,460.9929,36.7,204.844223,-0.0,409.730865,2.120934,,10.579087,1.057909,0.265339,2.19249,10.0,10.0,6.893119,0.0,6.893119,93.106881,69.661925,0.547713,3.012142,0.0,0.0
2026-08-28 22:00:47,4378.4,160767,803,739.8963,468.0979,36.7,214.653229,0.0,429.348846,2.119885,,10.940503,1.09405,1.488472,1.539622,10.0,10.0,5.9431,0.0,5.9431,94.0569,71.163134,0.529121,3.012142,0.0,0.0
2026-08-28 22:01:01,4392.23,161279,806,502.0881,464.9581,36.7,85.120308,0.0,170.283051,2.121987,,7.873415,0.787341,0.982664,1.208174,9.0,10.0,6.663402,0.0,6.663402,93.336598,70.216807,0.550503,3.012142,0.0,0.0
2026-08-28 22:01:15,4406.2,161791,808,542.03,462.3827,36.7,124.316399,0.0,248.675201,2.120241,,8.429499,0.84295,0.761763,1.183064,8.0,10.0,5.64137,0.0,5.64137,94.35863,72.328603,0.597436,3.012142,0.0,0.0
2026-08-28 22:01:29,4420.14,162303,811,648.5295,461.7154,36.7,150.578369,-0.0,301.199097,2.117628,,9.956298,0.99563,1.093405,2.344098,10.0,10.0,7.344074,0.0,7.344074,92.655926,69.61153,0.510177,3.012142,0.0,0.0
2026-08-28 22:01:43,4434.12,162815,814,604.0108,461.0064,36.7,203.159668,-0.0,406.361664,2.115788,,11.130436,1.113044,0.35609,1.813418,10.0,10.0,14.199147,0.0,14.199147,85.800853,64.597266,0.496954,3.375335,0.0,0.0
2026-08-28 22:01:57,4447.97,163327,816,688.4781,461.0067,36.7,224.407822,0.0,448.858002,2.117873,,10.829304,1.08293,1.053829,1.158687,9.0,10.0,7.306866,0.0,7.306866,92.693134,70.737444,0.562748,3.375335,0.0,0.0
2026-08-28 22:02:11,4461.96,163839,819,393.7765,462.2238,36.7,60.451302,0.0,120.944946,2.117038,,5.959931,0.595993,1.870625,2.056328,10.0,10.0,4.296068,0.0,4.296068,95.703932,72.255604,0.656814,3.375335,0.0,0.0
2026-08-28 22:02:25,4475.8,164351,821,504.9423,464.5197,36.7,156.928162,0.0,313.898651,2.116222,,7.716424,0.771642,1.456789,1.393069,10.0,10.0,4.888189,0.0,4.888189,95.111811,73.033294,0.579265,3.375335,0.0,0.0
2026-08-28 22:02:38,4489.61,164863,824,655.7841,466.4339,36.7,272.342133,-0.0,544.726562,2.114949,,10.689436,1.068944,0.93271,1.198171,9.0,10.0,7.464114,0.0,7.464114,92.535886,69.575321,0.553481,3.375335,0.0,0.0
2026-08-28 22:02:52,4503.48,165375,826,200.0941,462.8643,36.7,44.826527,0.0,89.695267,2.110716,,7.286337,0.728634,0.732147,3.560098,10.0,10.0,21.55281,0.0,21.55281,78.44719,59.343669,0.618183,3.375335,0.0,0.0
2026-08-28 22:03:06,4517.31,165887,829,590.3399,462.512,36.7,139.91246,-0.0,279.867279,2.117465,,7.7728,0.77728,1.904,0.427974,2.0,4.0,0.0455,0.0,0.0455,99.9545,76.759537,0.601635,3.375335,0.0,0.0
2026-08-28 22:03:20,4531.14,166399,832,261.7026,460.8967,36.7,35.049919,0.0,70.142143,2.11517,,5.896472,0.589647,0.601412,1.552663,10.0,10.0,11.325567,0.0,11.325567,88.674433,67.050877,0.614362,3.375335,0.0,0.0
2026-08-28 22:03:34,4545.11,166911,834,-137.7492,454.5928,36.7,60.520252,0.0,121.082741,2.111856,,5.081281,0.508128,0.16867,4.455017,10.0,10.0,31.191927,0.0,31.191927,68.808073,49.969658,0.609562,3.375335,0.0,0.0
2026-08-28 22:03:48,4559.01,167423,837,315.7642,455.497,36.7,65.148788,0.0,130.339828,2.112299,,5.891385,0.589138,1.286525,2.460822,10.0,10.0,8.432169,0.0,8.432169,91.567831,69.345107,0.554466,3.375335,0.0,0.0
2026-08-28 22:04:02,4572.95,167935,839,388.3013,458.7188,36.7,66.850525,0.0,133.743195,2.107583,,7.839898,0.78399,0.534583,2.833353,10.0,10.0,12.931034,0.0,12.931034,87.068966,65.155772,0.536999,3.375335,0.0,0.0
2026-08-28 22:04:16,4586.83,168447,842,346.433,460.6876,36.7,313.644135,0.0,627.330383,2.10709,,10.000823,1.000082,0.133612,1.640788,10.0,10.0,23.896684,0.0,23.896684,76.103316,56.749947,0.495692,3.375335,0.0,0.0
2026-08-28 22:04:30,4600.79,168959,844,547.8906,464.18,36.7,127.554543,0.0,255.151276,2.1098,,8.553315,0.855331,0.534452,1.257106,9.0,10.0,5.984068,0.0,5.984068,94.015932,72.069422,0.51063,3.375335,0.0,0.0
2026-08-28 22:04:44,4614.92,169471,847,476.1492,464.718,36.7,97.783813,0.0,195.609787,2.108237,,7.982469,0.798247,1.285096,2.405062,10.0,10.0,7.974197,0.0,7.974197,92.025803,69.149416,0.537047,3.375335,0.0,0.0
2026-08-28 22:04:58,4628.93,169983,849,523.6785,466.0972,36.7,121.919563,0.0,243.881348,2.11096,,8.860157,0.886016,0.744234,1.806858,9.0,10.0,9.086176,0.0,9.086176,90.913824,69.026531,0.505416,3.375335,0.0,0.0
2026-08-28 22:05:12,4642.94,170495,852,189.6161,465.3588,36.7,67.794098,0.0,135.630447,2.11287,,4.054096,0.40541,0.041148,1.43363,8.0,10.0,7.101701,0.0,7.101701,92.898299,70.125373,0.6566,3.375335,0.0,0.0
2026-08-28 22:05:26,4657.02,171007,855,296.5364,464.1116,36.7,119.719986,0.0,239.482086,2.10534,,6.931604,0.69316,0.043695,2.110515,10.0,10.0,14.020605,0.0,14.020605,85.979395,65.21753,0.558236,3.375335,0.0,0.0
2026-08-28 22:05:40,4671.03,171519,857,793.5606,466.7696,36.7,267.656128,0.0,535.354187,2.096749,,11.254731,1.125473,1.777919,1.922297,10.0,10.0,3.795939,0.0,3.795939,96.204061,73.214056,0.532542,3.375335,0.0,0.0
2026-08-28 22:05:54,4685.04,172031,860,650.1102,468.4274,36.7,171.925354,-0.0,343.892548,2.091413,,10.680356,1.068036,0.958061,3.118084,10.0,10.0,9.985226,0.0,9.985226,90.014774,67.243492,0.550806,3.375335,0.0,0.0
2026-08-28 22:06:08,4698.92,172543,862,1014.8325,471.6215,36.7,463.834137,-0.0,927.710144,2.093978,,14.147982,1.414798,1.909,0.634975,3.0,10.0,0.970067,0.0,0.970067,99.029933,75.443212,0.556748,3.375335,0.0,0.0
2026-08-28 22:06:22,4712.8,173055,865,846.5375,477.3506,36.7,328.380463,0.0,656.802734,2.089004,,12.618071,1.261807,1.808423,1.308742,9.0,10.0,4.36042,0.0,4.36042,95.63958,72.050543,0.582401,3.375335,0.0,0.0
2026-08-28 22:06:36,4726.66,173567,867,368.8761,474.5305,36.7,85.037964,0.0,170.117706,2.089243,,7.300764,0.730076,1.009248,1.78311,10.0,10.0,10.979774,0.0,10.979774,89.020226,67.809392,0.571925,3.375335,0.0,0.0
2026-08-28 22:06:49,4740.46,174079,870,216.8011,470.7358,36.7,42.705067,0.0,85.451843,2.085589,,5.860759,0.586076,0.134355,2.163486,10.0,10.0,13.800014,0.0,13.800014,86.199986,64.725103,0.571397,3.375335,0.0,0.0
2026-08-28 22:07:03,4754.28,174591,872,118.574,464.6191,36.7,29.198555,-0.0,58.438557,2.07242,,5.173387,0.517339,0.81848,3.383626,10.0,10.0,16.649124,0.0,16.649124,83.350876,62.298325,0.633622,3.375335,0.0,0.0
2026-08-28 22:07:17,4768.23,175103,875,40.7488,457.965,36.7,22.225178,-0.0,44.491741,2.069195,,3.705039,0.370504,1.159662,2.426447,10.0,10.0,14.74289,0.0,14.74289,85.25711,63.686169,0.770806,3.639142,0.0,0.0
2026-08-28 22:07:31,4782.14,175615,878,496.3503,459.8288,36.7,114.124626,-0.0,228.290436,2.059366,,7.88087,0.788087,0.9199,1.370406,9.0,10.0,5.881282,0.0,5.881282,94.118718,71.681145,0.572695,3.639142,0.0,0.0
2026-08-28 22:07:45,4796.04,176127,880,440.2174,458.8569,36.7,75.396767,-0.0,150.834503,2.048819,,7.946252,0.794625,1.244641,2.182463,10.0,10.0,9.6904,0.0,9.6904,90.3096,68.581143,0.512065,3.639142,0.0,0.0
2026-08-28 22:07:59,4809.97,176639,883,484.8597,459.0915,36.7,131.277725,0.0,262.596191,2.036633,,8.93542,0.893542,0.257181,1.522798,10.0,10.0,10.55655,0.0,10.55655,89.44345,67.494838,0.512418,3.639142,0.0,0.0
2026-08-28 22:08:13,4823.99,177151,885,617.7191,459.4922,36.7,170.393219,0.0,340.826935,2.025503,,11.143344,1.114334,0.899473,2.208974,10.0,10.0,12.821927,0.0,12.821927,87.178073,66.424265,0.500833,3.639142,0.0,0.0
2026-08-28 22:08:27,4837.98,177663,888,473.7028,459.7562,36.7,97.151337,0.0,194.343094,2.021156,,7.694679,0.769468,1.324845,2.273335,10.0,10.0,6.517105,0.0,6.517105,93.482895,71.076171,0.499958,3.639142,0.0,0.0
2026-08-28 22:08:41,4851.94,178175,890,740.3405,461.1439,36.7,228.748077,-0.0,457.536469,2.015453,,9.859568,0.985957,1.907,1.267449,6.0,10.0,0.677431,0.0,0.677431,99.322569,75.437034,0.503553,3.639142,0.0,0.0
2026-08-28 22:08:55,4866.07,178687,893,-42.3957,456.3838,36.7,88.881035,0.0,177.8022,2.006628,,7.039349,0.703935,0.443748,4.458306,10.0,10.0,31.934219,0.0,31.934219,68.065781,49.530993,0.59257,3.639142,0.0,0.0
2026-08-28 22:09:09,4880.23,179199,896,314.1924,454.2842,36.7,185.745102,0.0,371.530365,2.007817,,9.25097,0.925097,0.452155,2.708199,10.0,10.0,20.926904,0.0,20.926904,79.073096,59.163127,0.553891,3.639142,0.0,0.0
2026-08-28 22:09:23,4894.29,179711,898,308.0497,451.3255,36.7,104.593391,0.0,209.226807,2.001222,,8.2827,0.82827,1.024935,4.601235,10.0,10.0,18.591136,0.0,18.591136,81.408864,60.279294,0.564656,3.639142,0.0,0.0
2026-08-28 22:09:37,4908.21,180223,901,777.1809,453.9641,36.7,242.395416,0.0,484.830963,2.006702,,10.397173,1.039717,1.859,1.180915,8.0,10.0,0.99248,0.0,0.99248,99.00752,74.942329,0.493815,3.639142,0.0,0.0
2026-08-28 22:09:51,4922.28,180735,903,608.5506,456.3397,36.7,171.99678,0.0,344.033569,2.000256,,9.677789,0.967779,1.88695,2.422364,10.0,10.0,7.107427,0.0,7.107427,92.892573,70.701587,0.539534,3.639142,0.0,0.0
2026-08-28 22:10:05,4936.23,181247,906,362.6868,456.1758,36.7,61.673752,0.0,123.387451,1.997543,,7.661662,0.766166,1.484396,3.240266,10.0,10.0,12.788014,0.0,12.788014,87.211986,65.019844,0.583884,3.639142,0.0,0.0
2026-08-28 22:10:19,4950.24,181759,908,71.0983,451.9206,36.7,31.893206,-0.0,63.826244,1.991731,,6.669603,0.66696,0.520582,4.701348,10.0,10.0,24.347605,0.0,24.347605,75.652395,56.274879,0.572274,3.639142,0.0,0.0
2026-08-28 22:10:33,4964.11,182271,911,489.2632,448.6472,36.7,105.108139,0.0,210.256348,2.003846,,8.780292,0.878029,0.200044,1.965651,10.0,10.0,9.937588,0.0,9.937588,90.062412,67.750067,0.575407,3.639142,0.0,0.0
2026-08-28 22:10:47,4977.97,182783,913,598.7968,448.161,36.7,186.492065,0.0,373.024414,2.014582,,9.549128,0.954913,0.76051,1.207731,8.0,10.0,6.633796,0.0,6.633796,93.366204,71.09721,0.531706,3.639142,0.0,0.0
2026-08-28 22:11:01,4991.85,183295,916,-8.9641,443.9707,36.7,46.518028,-0.0,93.076492,2.021858,,3.974381,0.397438,1.005718,2.640856,10.0,10.0,17.303092,0.0,17.303092,82.696908,61.401212,0.694102,3.639142,0.0,0.0
2026-08-28 22:11:15,5005.71,183807,919,181.7379,441.6091,36.7,89.233665,-0.0,178.507843,2.025466,,5.617804,0.56178,0.777251,2.123132,10.0,10.0,13.916386,0.0,13.916386,86.083614,65.20698,0.597141,3.639142,0.0,0.0
2026-08-28 22:11:28,5019.46,184319,921,522.4776,440.506,36.7,90.072929,0.0,180.18631,2.022714,,8.186222,0.818622,1.449691,1.613062,10.0,10.0,5.939045,0.0,5.939045,94.060955,71.392001,0.483518,3.639142,0.0,0.0
2026-08-28 22:11:42,5033.29,184831,924,314.6608,437.4805,36.7,173.657272,-0.0,347.354889,2.017385,,7.602463,0.760246,0.322026,2.195185,10.0,10.0,14.46156,0.0,14.46156,85.53844,63.802668,0.5499,3.639142,0.0,0.0
2026-08-28 22:11:56,5047.12,185343,926,337.9162,433.1895,36.7,76.229103,0.0,152.498337,2.006332,,8.502866,0.850287,0.457304,2.552717,10.0,10.0,16.90195,0.0,16.90195,83.09805,62.544029,0.526488,3.639142,0.0,0.0
2026-08-28 22:12:10,5061.17,185855,929,-48.2624,428.2688,36.7,143.612152,0.0,287.26413,1.991135,,5.450237,0.545024,0.07436,2.930247,10.0,10.0,25.537921,0.0,25.537921,74.462079,55.171089,0.57339,3.639142,0.0,0.0
2026-08-28 22:12:24,5075.21,186367,931,264.5724,429.1705,36.7,57.106323,0.0,114.252342,1.984723,,7.110197,0.71102,0.279265,1.760693,10.0,10.0,15.126977,0.0,15.126977,84.873023,63.53844,0.515018,3.639142,0.0,0.0
2026-08-28 22:12:38,5089.17,186879,934,167.3131,426.5523,36.7,95.04882,0.0,190.137115,1.973737,,8.456275,0.845628,0.232577,2.337072,10.0,10.0,25.549816,0.0,25.549816,74.450184,54.709348,0.494331,3.639142,0.0,0.0
2026-08-28 22:12:52,5103.12,187391,936,586.1692,428.9736,36.7,144.296219,-0.0,288.631683,1.9619,,10.297368,1.029737,0.59788,1.741198,10.0,10.0,10.89914,0.0,10.89914,89.10086,67.731856,0.485499,3.639142,0.0,0.0
2026-08-28 22:13:06,5117.31,187903,939,-57.8237,423.3637,36.7,108.174644,-0.0,216.388214,1.946556,,4.777723,0.477772,0.140629,4.441005,10.0,10.0,20.393948,0.0,20.393948,79.606052,58.163413,0.63799,4.27838,0.0,0.0
2026-08-28 22:13:20,5131.34,188415,942,-94.0978,415.2601,36.7,125.508972,-0.0,251.056763,1.940979,,3.76139,0.376139,0.343087,2.577253,10.0,10.0,18.083871,0.0,18.083871,81.916129,61.924278,0.73067,4.27838,0.0,0.0
2026-08-28 22:13:34,5145.39,188927,944,413.5067,413.4137,36.7,148.37764,0.0,296.793762,1.924203,,8.587957,0.858796,1.486977,3.027556,10.0,10.0,11.472136,0.0,11.472136,88.527864,65.483997,0.542322,4.27838,0.0,0.0
2026-08-28 22:13:48,5159.42,189439,947,249.1898,413.7571,36.7,47.835533,-0.0,95.709404,1.916794,,8.252518,0.825252,0.662901,2.542811,10.0,10.0,18.022907,0.0,18.022907,81.977093,61.498421,0.527169,4.27838,0.0,0.0
2026-08-28 22:14:02,5173.42,189951,949,373.7944,412.5517,36.7,90.976494,-0.0,181.991241,1.912411,,7.602976,0.760298,0.759399,1.85013,10.0,10.0,9.93125,0.0,9.93125,90.06875,67.69967,0.561074,4.27838,0.0,0.0
2026-08-28 22:14:16,5187.3,190463,952,590.0561,409.5403,36.7,231.021774,0.0,462.081543,1.89945,,11.960316,1.196032,0.311794,2.438302,10.0,10.0,14.828189,0.0,14.828189,85.171811,63.882126,0.55065,4.27838,0.0,0.0
2026-08-28 22:14:30,5201.23,190975,954,651.2179,412.5885,36.7,209.139359,0.0,418.316498,1.888758,,13.004215,1.300422,0.768839,3.304367,10.0,10.0,15.333876,0.0,15.333876,84.666124,63.344592,0.591897,4.27838,0.0,0.0
2026-08-28 22:14:44,5215.13,191487,957,517.4025,416.8759,36.7,153.543167,-0.0,307.124176,1.891589,,9.439028,0.943903,1.422337,2.167059,10.0,10.0,9.345746,0.0,9.345746,90.654254,67.596808,0.605206,4.27838,0.0,0.0
2026-08-28 22:14:58,5229.19,191999,960,273.9227,417.3475,36.7,144.398148,-0.0,288.833984,1.885163,,7.83362,0.783362,0.642829,2.662471,10.0,10.0,15.404318,0.0,15.404318,84.595682,64.071959,0.614247,4.27838,0.0,0.0
2026-08-28 22:15:12,5243.2,192511,962,12.2743,416.865,36.7,116.050148,0.0,232.138229,1.897042,,6.431325,0.643133,0.14165,2.426313,10.0,10.0,22.392351,0.0,22.392351,77.607649,57.735088,0.52197,4.27838,0.0,0.0
2026-08-28 22:15:26,5257.22,193023,965,147.7788,413.3519,36.7,86.543198,-0.0,173.124344,1.897125,,9.004616,0.900462,0.446925,2.538175,10.0,10.0,25.250536,0.0,25.250536,74.749464,56.211731,0.507495,4.27838,0.0,0.0
2026-08-28 22:15:40,5271.17,193535,967,382.9411,413.6278,36.7,195.704559,0.0,391.447174,1.902026,,9.72283,0.972283,0.747724,2.891317,10.0,10.0,16.298241,0.0,16.298241,83.701759,62.759817,0.505672,4.27838,0.0,0.0
2026-08-28 22:15:54,5285.24,194047,970,346.73,412.2794,36.7,94.61795,0.0,189.27417,1.913833,,8.046814,0.804681,0.364929,2.763514,10.0,10.0,12.646942,0.0,12.646942,87.353058,65.45802,0.539185,4.27838,0.0,0.0
2026-08-28 22:16:08,5299.24,194559,972,101.7835,407.1328,36.7,36.005669,-0.0,72.049904,1.928347,,6.260518,0.626052,0.11348,1.992815,10.0,10.0,17.486367,0.0,17.486367,82.513633,62.479573,0.556019,4.27838,0.0,0.0
2026-08-28 22:16:22,5313.24,195071,975,162.8482,398.8309,36.7,48.478931,-0.0,96.996956,1.954653,,4.950694,0.495069,0.739625,1.801552,10.0,10.0,9.991594,0.0,9.991594,90.008406,67.677991,0.722268,4.27838,0.0,0.0
2026-08-28 22:16:36,5327.3,195583,977,-9.9835,388.8898,36.7,183.983154,-0.0,368.005768,1.972845,,6.110736,0.611074,0.198387,2.672336,10.0,10.0,22.036695,0.0,22.036695,77.963305,58.392947,0.587,4.27838,0.0,0.0
2026-08-28 22:16:50,5341.18,196095,980,307.3732,389.2953,36.7,48.403934,-0.0,96.847649,1.988878,,5.424656,0.542466,1.237081,2.125351,10.0,10.0,5.141723,0.0,5.141723,94.858277,71.614964,0.692993,4.27838,0.0,0.0
2026-08-28 22:17:04,5355.19,196607,983,256.422,386.7953,36.7,36.803703,-0.0,73.647423,2.000683,,7.347446,0.734745,0.520522,2.87035,10.0,10.0,14.421622,0.0,14.421622,85.578378,63.898383,0.562265,4.27838,0.0,0.0
2026-08-28 22:17:18,5369.08,197119,985,330.4029,386.2853,36.7,87.167206,-0.0,174.374695,2.013869,,6.863808,0.686381,0.993187,2.016929,10.0,10.0,9.106696,0.0,9.106696,90.893304,68.037636,0.632688,4.27838,0.0,0.0
2026-08-28 22:17:32,5383.17,197631,988,86.0662,382.8471,36.7,134.852371,0.0,269.745148,2.020145,,6.380277,0.638028,0.288479,2.745667,10.0,10.0,18.747187,0.0,18.747187,81.252813,60.731839,0.554072,4.27838,0.0,0.0
2026-08-28 22:17:46,5397.04,198143,990,164.3048,381.9545,36.7,87.302719,-0.0,174.645935,2.024464,,6.726676,0.672668,0.507307,3.769844,10.0,10.0,17.056821,0.0,17.056821,82.943179,62.203751,0.563984,4.27838,0.0,0.0
2026-08-28 22:18:00,5410.94,198655,993,-0.3462,380.0419,36.7,41.598343,0.0,83.23716,2.023811,,4.246259,0.424626,0.495596,2.43908,10.0,10.0,15.326056,0.0,15.326056,84.673944,63.887883,0.699953,4.27838,0.0,0.0
2026-08-28 22:18:14,5424.87,199167,995,303.9534,378.398,36.7,58.84861,0.0,117.737488,2.013462,,6.536805,0.65368,0.68303,2.686085,10.0,10.0,9.599896,0.0,9.599896,90.400104,68.147078,0.553569,4.27838,0.0,0.0
2026-08-28 22:18:28,5438.71,199679,998,399.745,377.4907,36.7,147.811111,0.0,295.662262,2.002166,,8.452336,0.845234,0.20089,1.900377,10.0,10.0,10.999447,0.0,10.999447,89.000553,67.0287,0.594198,4.27838,0.0,0.0
2026-08-28 22:18:41,5452.57,200191,1000,609.7988,379.1891,36.7,176.006271,0.0,352.052185,1.982533,,10.444499,1.04445,0.293187,1.905384,10.0,10.0,8.482192,0.0,8.482192,91.517808,69.84869,0.492153,5.124774,0.0,0.0
2026-08-28 22:18:55,5466.46,200703,1003,417.1602,381.7705,36.7,151.090424,0.0,302.220245,1.969833,,9.582291,0.958229,0.515416,1.643934,9.0,10.0,11.803593,0.0,11.803593,88.196407,66.612405,0.485981,5.124774,0.0,0.0
2026-08-28 22:19:09,5480.33,201215,1006,831.0278,385.4541,36.7,297.411377,-0.0,594.861816,1.954648,,12.930829,1.293083,1.287351,0.654305,3.0,10.0,4.884237,0.0,4.884237,95.115763,72.303007,0.520179,5.124774,0.0,0.0
2026-08-28 22:19:23,5494.18,201727,1008,636.8183,387.1263,36.7,140.824554,-0.0,281.687805,1.934337,,11.001469,1.100147,0.920175,1.374847,10.0,10.0,7.59118,0.0,7.59118,92.40882,70.204678,0.489163,5.124774,0.0,0.0
2026-08-28 22:19:37,5508.11,202239,1011,248.3386,384.7827,36.7,145.746033,0.0,291.530518,1.922281,,8.766513,0.876651,0.604597,3.127534,10.0,10.0,15.868829,0.0,15.868829,84.131171,63.053096,0.557721,5.124774,0.0,0.0
2026-08-28 22:19:51,5522.1,202751,1013,166.7697,385.0462,36.7,206.32666,-0.0,412.691498,1.908487,,6.840938,0.684094,0.289398,1.439734,9.0,10.0,13.424788,0.0,13.424788,86.575212,65.662057,0.597491,5.124774,0.0,0.0
2026-08-28 22:20:05,5536.19,203263,1016,489.1542,387.3771,36.7,215.041901,-0.0,430.121887,1.904275,,9.565201,0.95652,0.859378,1.951602,10.0,10.0,8.576974,0.0,8.576974,91.423026,68.584012,0.60242,5.124774,0.0,0.0
2026-08-28 22:20:19,5550.27,203775,1018,134.8169,385.824,36.7,119.745483,0.0,239.528854,1.894056,,8.116428,0.811643,0.223157,2.6244,10.0,10.0,18.61161,0.0,18.61161,81.38839,61.753112,0.553806,5.124774,0.0,0.0
2026-08-28 22:20:33,5564.32,204287,1021,194.6837,386.3958,36.7,120.603813,0.0,241.245163,1.877116,,8.263345,0.826334,0.344058,1.58203,10.0,10.0,16.391088,0.0,16.391088,83.608912,63.244631,0.565684,5.124774,0.0,0.0
2026-08-28 22:20:47,5578.42,204799,1024,508.2237,386.7369,36.7,183.775497,-0.0,367.587555,1.828225,,10.718176,1.071818,0.559542,1.45279,10.0,10.0,10.977225,0.0,10.977225,89.022775,67.316069,0.536963,5.124774,0.0,0.0
2026-08-28 22:21:01,5592.39,205311,1026,595.4617,390.1086,36.7,176.275833,0.0,352.587219,1.778275,,11.463861,1.146386,0.94274,1.961882,10.0,10.0,9.873943,0.0,9.873943,90.126057,67.892916,0.526679,5.124774,0.0,0.0
2026-08-28 22:21:15,5606.36,205823,1029,299.0531,387.3731,36.7,62.859165,0.0,125.752922,1.72968,,9.126596,0.91266,0.340555,1.573845,10.0,10.0,15.219222,0.0,15.219222,84.780778,63.747728,0.520729,5.124774,0.0,0.0
2026-08-28 22:21:29,5620.24,206335,1031,561.0125,384.7922,36.7,113.716278,-0.0,227.466187,1.681274,,7.596942,0.759694,1.909,0.915088,7.0,10.0,0.605986,0.0,0.605986,99.394014,75.858818,0.580473,5.124774,0.0,0.0
2026-08-28 22:21:43,5634.13,206847,1034,152.4911,381.7978,36.7,75.716141,0.0,151.46492,1.632148,,7.961631,0.796163,0.704242,1.905322,10.0,10.0,16.77837,0.0,16.77837,83.22163,62.211947,0.633727,5.124774,0.0,0.0
2026-08-28 22:21:57,5647.96,207359,1036,342.7236,381.677,36.7,163.860458,0.0,327.75238,1.572678,,9.143743,0.914374,0.979654,2.994316,10.0,10.0,13.805853,0.0,13.805853,86.194147,64.101866,0.549555,5.124774,0.0,0.0
2026-08-28 22:22:11,5661.83,207871,1039,409.5007,386.3335,36.7,59.626369,0.0,119.283302,1.528018,,9.504997,0.9505,1.13643,3.376401,10.0,10.0,12.516543,0.0,12.516543,87.483457,65.209229,0.543621,5.124774,0.0,0.0
2026-08-28 22:22:25,5675.72,208383,1041,331.0664,385.7974,36.7,88.454811,0.0,176.939499,1.494094,,7.921691,0.792169,0.836776,0.854854,9.0,10.0,10.330409,0.0,10.330409,89.669591,68.572502,0.56141,5.124774,0.0,0.0
2026-08-28 22:22:38,5689.55,208895,1044,364.6519,385.8734,36.7,52.756096,-0.0,105.541603,1.470717,,6.740375,0.674037,1.887,1.003226,10.0,10.0,5.648464,0.0,5.648464,94.351536,72.112889,0.631868,5.124774,0.0,0.0
2026-08-28 22:22:52,5703.43,209407,1047,360.9593,382.5907,36.7,80.183434,0.0,160.395706,1.442161,,8.034357,0.803436,0.92255,1.347141,10.0,10.0,9.206003,0.0,9.206003,90.793997,69.162233,0.568904,5.124774,0.0,0.0
2026-08-28 22:23:06,5717.34,209919,1049,-193.6756,375.7187,36.7,251.983551,0.0,503.995331,1.411875,,4.334739,0.433474,0.504561,1.389536,10.0,10.0,19.924385,0.0,19.924385,80.075615,60.183652,0.645572,5.124774,0.0,0.0
2026-08-28 22:23:20,5731.35,210431,1052,224.8579,371.7778,36.7,38.805649,0.0,77.639214,1.395892,,4.788969,0.478897,1.209939,1.83235,10.0,10.0,5.70754,0.0,5.70754,94.29246,71.74117,0.65394,5.124774,0.0,0.0
2026-08-28 22:23:34,5745.36,210943,1054,-196.1755,364.7111,36.7,116.624756,0.0,233.277054,1.376934,,4.508764,0.450876,0.169955,2.481687,10.0,10.0,20.958026,0.0,20.958026,79.041974,59.560851,0.628002,5.124774,0.0,0.0
2026-08-28 22:23:48,5759.32,211455,1057,398.437,361.8318,36.7,146.773819,-0.0,293.574554,1.34637,,9.11726,0.911726,1.16392,1.30873,10.0,10.0,11.187712,0.0,11.187712,88.812288,67.17214,0.56492,5.124774,0.0,0.0
2026-08-28 22:24:02,5773.39,211967,1059,340.1157,357.834,36.7,61.223648,-0.0,122.473976,1.33417,,8.546106,0.854611,1.519112,2.394337,10.0,10.0,11.472167,0.0,11.472167,88.527833,66.388409,0.617578,5.124774,0.0,0.0
2026-08-28 22:24:16,5787.46,212479,1062,198.0813,354.794,36.7,50.731865,0.0,101.490631,1.345218,,6.027286,0.602729,0.307342,1.434215,10.0,10.0,10.117808,0.0,10.117808,89.882192,68.316993,0.614694,5.124774,0.0,0.0
2026-08-28 22:24:30,5801.41,212991,1064,292.9325,352.303,36.7,73.73642,-0.0,147.499832,1.349803,,7.010979,0.701098,0.848815,1.482819,9.0,10.0,8.440408,0.0,8.440408,91.559592,69.223331,0.593314,5.518543,0.0,0.0
2026-08-28 22:24:44,5815.28,213503,1067,463.4647,350.4524,36.7,98.460976,0.0,196.949448,1.375101,,6.371983,0.637198,1.92195,0.404419,1.0,10.0,0.643429,0.0,0.643429,99.356571,75.865999,0.738104,5.518543,0.0,0.0
2026-08-28 22:24:58,5829.24,214015,1070,235.8468,346.7707,36.7,44.845921,-0.0,89.719681,1.392106,,6.016506,0.601651,1.697904,1.740614,10.0,10.0,7.964025,0.0,7.964025,92.035975,69.594979,0.709594,5.518543,0.0,0.0
2026-08-28 22:25:12,5843.1,214527,1072,322.6404,343.1123,36.7,51.246033,0.0,102.520363,1.414769,,4.507274,0.450727,1.917,0.864834,8.0,10.0,0.875114,0.0,0.875114,99.124886,75.5507,0.801525,5.518543,0.0,0.0
2026-08-28 22:25:26,5856.93,215039,1075,120.2033,340.3766,36.7,29.347694,0.0,58.724026,1.431819,,3.536409,0.353641,1.691284,1.977051,10.0,10.0,5.501363,0.0,5.501363,94.498637,71.467401,0.803819,5.518543,0.0,0.0
2026-08-28 22:25:40,5870.75,215551,1077,253.1183,337.8584,36.7,19.191286,0.0,38.411488,1.445835,,5.173046,0.517305,1.778942,1.611183,10.0,10.0,5.305947,0.0,5.305947,94.694053,72.065099,0.638544,5.518543,0.0,0.0
2026-08-28 22:25:53,5884.62,216063,1080,404.9153,335.3497,36.7,107.328926,0.0,214.686798,1.447544,,8.526849,0.852685,0.402516,1.382162,9.0,10.0,8.644677,0.0,8.644677,91.355323,69.047926,0.572921,5.518543,0.0,0.0
2026-08-28 22:26:07,5898.49,216575,1082,476.81,338.1168,36.7,249.631714,-0.0,499.292633,1.459613,,9.806847,0.980685,0.083739,0.6927,5.0,10.0,8.257638,0.0,8.257638,91.742362,69.30017,0.54072,5.518543,0.0,0.0
2026-08-28 22:26:21,5912.27,217087,1085,210.4616,334.3181,36.7,53.561584,0.0,107.152916,1.48749,,7.398251,0.739825,0.222274,1.282019,10.0,10.0,12.552039,0.0,12.552039,87.447961,65.602767,0.595357,5.518543,0.0,0.0
2026-08-28 22:26:35,5926.06,217599,1088,625.3539,337.9546,36.7,170.744965,-0.0,341.519806,1.494414,,9.269594,0.926959,1.919,1.204437,10.0,10.0,2.940204,0.0,2.940204,97.059796,74.648209,0.58841,5.518543,0.0,0.0
2026-08-28 22:26:49,5939.92,218111,1090,342.1003,342.7531,36.7,67.377129,0.0,134.784592,1.516573,,8.449897,0.84499,1.312834,1.277502,10.0,10.0,10.568033,0.0,10.568033,89.431967,68.219682,0.630266,5.518543,0.0,0.0
2026-08-28 22:27:03,5953.69,218623,1093,129.8431,340.8938,36.7,75.11734,-0.0,150.265488,1.540065,,6.231052,0.623105,1.201089,2.210857,10.0,10.0,12.284516,0.0,12.284516,87.715484,65.533795,0.63273,5.518543,0.0,0.0
2026-08-28 22:27:16,5967.59,219135,1095,181.902,338.8299,36.7,42.547226,0.0,85.125572,1.556064,,5.225218,0.522522,1.44785,2.370502,10.0,10.0,7.833892,0.0,7.833892,92.166108,70.017041,0.667098,5.518543,0.0,0.0
2026-08-28 22:27:30,5981.56,219647,1098,371.1205,339.0767,36.7,37.744659,0.0,75.520943,1.58101,,6.732242,0.673224,1.811761,1.887578,10.0,10.0,5.3868,0.0,5.3868,94.6132,71.886442,0.577683,5.518543,0.0,0.0
2026-08-28 22:27:44,5995.61,220159,1100,-402.8578,329.5692,36.7,308.182617,-0.0,616.3974,1.60913,,4.59257,0.459257,0.228957,1.777524,10.0,10.0,26.691356,0.0,26.691356,73.308644,54.382239,0.622853,5.518543,0.0,0.0
2026-08-28 22:27:58,6009.48,220671,1103,355.9799,328.3676,36.7,141.664902,0.0,283.362274,1.623,,7.715837,0.771584,1.725786,1.279069,10.0,10.0,8.345098,0.0,8.345098,91.654902,69.358228,0.558038,5.518543,0.0,0.0
2026-08-28 22:28:12,6023.39,221183,1105,532.2927,328.4537,36.7,165.845474,-0.0,331.723602,1.632977,,9.155686,0.915569,1.681129,1.630318,10.0,10.0,5.462059,0.0,5.462059,94.537941,71.668668,0.53945,5.518543,0.0,0.0
2026-08-28 22:28:26,6037.33,221695,1108,444.1913,330.9994,36.7,126.757545,0.0,253.548248,1.657597,,8.290398,0.82904,1.750535,1.652059,10.0,10.0,6.654652,0.0,6.654652,93.345348,70.552497,0.520478,5.518543,0.0,0.0
2026-08-28 22:28:40,6051.37,222207,1111,-272.8805,325.3053,36.7,176.583572,-0.0,353.200745,1.679605,,4.868752,0.486875,0.45963,3.500053,10.0,10.0,23.449249,0.0,23.449249,76.550751,57.168527,0.608219,5.518543,0.0,0.0
2026-08-28 22:28:54,6065.28,222719,1113,524.0163,322.6098,36.7,81.452942,0.0,162.93959,1.685597,,6.944732,0.694473,1.929,0.203572,1.0,2.0,0.0,0.0,0.0,100.0,76.907135,0.573262,5.518543,0.0,0.0
2026-08-28 22:29:08,6079.19,223231,1116,160.3365,317.7121,36.7,23.616062,0.0,47.266235,1.705635,,5.025662,0.502566,1.008881,1.632946,10.0,10.0,8.143244,0.0,8.143244,91.856756,69.53306,0.659947,5.518543,0.0,0.0
2026-08-28 22:29:22,6092.98,223743,1118,453.0002,312.0938,36.7,79.285629,0.0,158.605377,1.705904,,6.203727,0.620373,1.919,1.03763,8.0,10.0,0.710356,0.0,0.710356,99.289644,76.082365,0.63295,5.518543,0.0,0.0
2026-08-28 22:29:36,6106.8,224255,1121,71.6641,304.345,36.7,112.370445,-0.0,224.775253,1.717798,,6.522185,0.652219,0.536591,1.730742,10.0,10.0,15.243178,0.0,15.243178,84.756822,64.216743,0.620447,5.518543,0.0,0.0
2026-08-28 22:29:50,6120.64,224767,1123,258.8486,303.2448,36.7,84.841446,0.0,169.717453,1.727851,,5.945777,0.594578,0.301027,0.858105,7.0,10.0,7.015157,0.0,7.015157,92.984843,70.864927,0.610642,5.518543,0.0,0.0
2026-08-28 22:30:04,6134.63,225279,1126,-9.266,300.9841,36.7,44.824841,0.0,89.684525,1.742011,,3.971721,0.397172,1.066252,2.049575,10.0,10.0,11.488794,0.0,11.488794,88.511206,66.684532,0.764585,5.463137,0.0,0.0
2026-08-28 22:30:18,6148.64,225791,1128,202.9954,301.8283,36.7,64.554024,0.0,129.142731,1.734403,,8.209814,0.820981,1.007991,2.52903,10.0,10.0,15.201545,0.0,15.201545,84.798455,64.147861,0.570322,5.463137,0.0,0.0
2026-08-28 22:30:31,6162.61,226303,1131,169.5504,303.1163,36.7,117.216019,0.0,234.466965,1.746292,,7.072096,0.70721,0.922769,3.227655,10.0,10.0,13.694117,0.0,13.694117,86.305883,64.148276,0.619834,5.463137,0.0,0.0
2026-08-28 22:30:46,6176.66,226815,1134,48.1471,298.6343,36.7,44.690159,0.0,89.415565,1.76253,,7.471817,0.747182,0.257379,1.716057,10.0,10.0,18.747843,0.0,18.747843,81.252157,61.565786,0.57091,5.463137,0.0,0.0
2026-08-28 22:30:59,6190.54,227327,1136,667.7482,300.9096,36.7,187.590805,0.0,375.217255,1.781752,,9.997568,0.999757,1.760986,1.209586,9.0,10.0,2.772048,0.0,2.772048,97.227952,74.316255,0.55868,5.463137,0.0,0.0
2026-08-28 22:31:13,6204.47,227839,1139,739.58,303.4568,36.7,236.179733,0.0,472.395325,1.793669,,11.313425,1.131342,1.874,1.105084,9.0,10.0,3.534279,0.0,3.534279,96.465721,73.177961,0.610955,5.463137,0.0,0.0
2026-08-28 22:31:27,6218.52,228351,1141,347.8811,300.7584,36.7,113.857994,0.0,227.752197,1.810749,,9.103691,0.910369,0.860346,2.251302,10.0,10.0,12.736352,0.0,12.736352,87.263648,65.681181,0.568732,5.463137,0.0,0.0
2026-08-28 22:31:41,6232.45,228863,1144,184.5791,297.8672,36.7,37.464474,-0.0,74.965569,1.831228,,5.854296,0.58543,0.96475,1.552884,10.0,10.0,9.765845,0.0,9.765845,90.234155,67.951322,0.659603,5.463137,0.0,0.0
2026-08-28 22:31:55,6246.33,229375,1146,686.105,297.3248,36.7,185.375824,0.0,370.788696,1.851743,,9.49157,0.949157,1.913,0.748652,5.0,9.0,0.274252,0.0,0.274252,99.725748,76.056139,0.577958,5.463137,0.0,0.0
2026-08-28 22:32:09,6260.24,229887,1149,415.9598,301.9084,36.7,95.7388,0.0,191.514999,1.869759,,7.884798,0.78848,0.907275,1.934586,10.0,10.0,6.818878,0.0,6.818878,93.181122,69.946667,0.602275,5.463137,0.0,0.0
2026-08-28 22:32:23,6274.11,230399,1152,311.3383,301.8798,36.7,71.19397,0.0,142.425568,1.881725,,7.944299,0.79443,0.957543,1.879039,10.0,10.0,10.822483,0.0,10.822483,89.177517,68.062149,0.570736,5.463137,0.0,0.0
2026-08-28 22:32:37,6287.89,230911,1154,-5.4955,298.7444,36.7,148.452438,-0.0,296.942871,1.899889,,6.111418,0.611142,0.412993,1.664792,10.0,10.0,16.939488,0.0,16.939488,83.060512,62.731755,0.620434,5.463137,0.0,0.0
2026-08-28 22:32:51,6301.66,231423,1157,449.5607,295.4682,36.7,176.015778,0.0,352.069672,1.905194,,9.41696,0.941696,0.690732,1.445201,10.0,10.0,9.238056,0.0,9.238056,90.761944,68.93101,0.58488,5.463137,0.0,0.0
2026-08-28 22:33:04,6315.41,231935,1159,349.3785,292.8765,36.7,58.358131,0.0,116.754578,1.915629,,6.462411,0.646241,1.840153,1.141274,10.0,10.0,5.022828,0.0,5.022828,94.977172,72.084711,0.676426,5.463137,0.0,0.0
2026-08-28 22:33:18,6329.18,232447,1162,285.2082,292.1017,36.7,25.388086,0.0,50.8148,1.931307,,4.853591,0.485359,1.648537,1.067974,8.0,10.0,3.296962,0.0,3.296962,96.703038,72.989814,0.66582,5.463137,0.0,0.0
2026-08-28 22:33:32,6343.03,232959,1164,95.6605,292.3473,36.7,59.950226,0.0,119.93914,1.934499,,5.640409,0.564041,1.082602,3.070649,10.0,10.0,12.769824,0.0,12.769824,87.230176,65.802622,0.583473,5.463137,0.0,0.0
2026-08-28 22:33:46,6356.9,233471,1167,-163.0607,285.8241,36.7,84.498589,-0.0,169.036209,1.951265,,3.867324,0.386732,0.130346,3.673567,10.0,10.0,16.993843,0.0,16.993843,83.006157,61.120322,0.654912,5.463137,0.0,0.0
2026-08-28 22:34:00,6370.73,233983,1169,70.1848,280.5379,36.7,74.756752,-0.0,149.552475,1.948708,,6.006743,0.600674,0.865106,1.536386,10.0,10.0,14.297878,0.0,14.297878,85.702122,65.444645,0.586162,5.463137,0.0,0.0
2026-08-28 22:34:13,6384.52,234495,1172,483.6442,285.464,36.7,94.303818,-0.0,188.646591,1.947585,,7.251546,0.725155,1.85617,0.776582,5.0,10.0,2.623486,0.0,2.623486,97.376514,74.025431,0.558067,5.463137,0.0,0.0
2026-08-28 22:34:27,6398.58,235007,1175,-367.1733,279.9749,36.7,201.600204,-0.0,403.239655,1.962823,,4.631422,0.463142,0.310054,3.480333,10.0,10.0,26.30946,0.0,26.30946,73.69054,53.956873,0.650247,5.463137,0.0,0.0
2026-08-28 22:34:41,6412.58,235519,1177,-81.5901,273.9342,36.7,85.8405,-0.0,171.720352,1.967405,,4.732029,0.473203,0.319434,2.194091,10.0,10.0,16.473404,0.0,16.473404,83.526596,63.054042,0.644673,5.463137,0.0,0.0
2026-08-28 22:34:55,6426.57,236031,1180,429.271,275.0803,36.7,92.882431,0.0,185.804169,1.965238,,6.730438,0.673044,1.35368,0.815822,6.0,10.0,3.19437,0.0,3.19437,96.80563,73.982021,0.604996,5.463137,0.0,0.0
2026-08-28 22:35:09,6440.59,236543,1182,187.7604,273.5788,36.7,142.149872,0.0,284.339203,1.972771,,7.11276,0.711276,0.438206,2.322413,10.0,10.0,12.955086,0.0,12.955086,87.044914,65.397571,0.606473,5.463137,0.0,0.0
2026-08-28 22:35:23,6454.53,237055,1185,504.6404,279.1078,36.7,174.040543,0.0,348.120392,1.965517,,8.392549,0.839255,1.193293,1.327618,9.0,10.0,4.88616,0.0,4.88616,95.11384,71.763343,0.554065,5.463137,0.0,0.0
2026-08-28 22:35:37,6468.5,237567,1187,633.2325,282.7944,36.7,165.849747,-0.0,331.738831,1.966644,,9.726001,0.9726,1.89595,0.99495,10.0,10.0,3.849345,0.0,3.849345,96.150655,73.307374,0.528485,5.65391,0.0,0.0
2026-08-28 22:35:51,6482.47,238079,1190,342.0396,284.5417,36.7,133.290878,0.0,266.621094,1.96643,,8.814289,0.881429,0.23775,0.919048,10.0,10.0,10.964824,0.0,10.964824,89.035176,67.450568,0.490495,5.65391,0.0,0.0
2026-08-28 22:36:05,6496.48,238591,1192,572.1036,284.401,36.7,176.943466,0.0,353.926239,1.96534,,10.697002,1.0697,0.981399,1.512668,9.0,10.0,7.444777,0.0,7.444777,92.555223,70.638289,0.606512,5.65391,0.0,0.0
2026-08-28 22:36:19,6510.52,239103,1195,459.805,289.5773,36.7,141.245453,-0.0,282.530151,1.96288,,10.097442,1.009744,1.107772,3.249919,10.0,10.0,10.949418,0.0,10.949418,89.050582,66.644496,0.568205,5.65391,0.0,0.0
2026-08-28 22:36:33,6524.43,239615,1198,673.4268,297.2526,36.7,237.520737,-0.0,475.080719,1.961819,,12.164986,1.216499,0.761002,1.58047,10.0,10.0,8.269776,0.0,8.269776,91.730224,69.35351,0.525996,5.65391,0.0,0.0
2026-08-28 22:36:47,6538.36,240127,1200,-284.6595,290.2709,36.7,206.525436,-0.0,413.09024,1.96857,,7.181274,0.718127,0.231134,3.494193,10.0,10.0,29.099671,0.0,29.099671,70.900329,52.555893,0.560304,5.65391,0.0,0.0
2026-08-28 22:37:01,6552.17,240639,1203,362.1626,291.4006,36.7,163.543396,0.0,327.125977,1.958616,,7.330902,0.73309,1.006835,1.529032,10.0,10.0,6.982257,0.0,6.982257,93.017743,71.280148,0.501501,5.65391,0.0,0.0
2026-08-28 22:37:15,6565.97,241151,1205,546.4499,293.1272,36.7,136.762802,-0.0,273.564728,1.956638,,11.411479,1.141148,0.376077,1.145374,9.0,10.0,10.85865,0.0,10.85865,89.14135,67.209157,0.481913,5.65391,0.0,0.0
2026-08-28 22:37:29,6579.91,241663,1208,690.4724,294.1313,36.7,310.012085,0.0,620.063354,1.95883,,10.34506,1.034506,1.040841,0.577033,4.0,9.0,2.546301,0.0,2.546301,97.453699,73.774392,0.571971,5.65391,0.0,0.0
2026-08-28 22:37:43,6593.77,242175,1210,612.5923,293.7451,36.7,206.794327,-0.0,413.627777,1.955816,,10.778663,1.077866,0.744613,1.933699,10.0,10.0,6.676533,0.0,6.676533,93.323467,71.069716,0.58344,5.65391,0.0,0.0
2026-08-28 22:37:57,6607.65,242687,1213,424.5925,292.817,36.7,208.937836,0.0,417.914886,1.96101,,9.581245,0.958124,0.38509,2.290592,10.0,10.0,9.910814,0.0,9.910814,90.089186,67.616468,0.590177,5.65391,0.0,0.0
2026-08-28 22:38:10,6621.52,243199,1216,178.554,291.8633,36.7,61.061958,0.0,122.163185,1.963454,,9.163032,0.916303,0.275888,1.575244,10.0,10.0,17.936284,0.0,17.936284,82.063716,62.281645,0.471997,5.65391,0.0,0.0
2026-08-28 22:38:24,6635.42,243711,1218,237.2552,294.1131,36.7,106.145668,0.0,212.330551,1.960487,,7.663434,0.766343,0.615765,1.465784,10.0,10.0,12.315899,0.0,12.315899,87.684101,65.801956,0.540665,5.65391,0.0,0.0
2026-08-28 22:38:38,6649.31,244223,1221,237.1098,295.0064,36.7,36.027683,-0.0,72.094505,1.956815,,5.876008,0.587601,0.808288,0.99002,9.0,10.0,7.309978,0.0,7.309978,92.690022,70.755172,0.637575,5.65391,0.0,0.0
2026-08-28 22:38:52,6663.18,244735,1223,646.7432,297.6444,36.7,153.482056,-0.0,307.003174,1.952881,,9.001783,0.900178,1.894,1.41341,9.0,10.0,1.479205,0.0,1.479205,98.520795,75.314304,0.492449,5.65391,0.0,0.0
2026-08-28 22:39:06,6677.13,245247,1226,387.0073,298.0472,36.7,95.888206,0.0,191.81543,1.950712,,10.495803,1.04958,0.23393,1.783702,10.0,10.0,14.330656,0.0,14.330656,85.669344,64.948025,0.492913,5.65391,0.0,0.0
2026-08-28 22:39:20,6690.98,245759,1228,529.0104,302.3195,36.7,339.485596,-0.0,679.010193,1.951527,,10.96489,1.096489,0.090893,0.749419,7.0,10.0,9.335383,0.0,9.335383,90.664617,69.354268,0.578176,5.65391,0.0,0.0
2026-08-28 22:39:34,6704.82,246271,1231,472.6875,305.4179,36.7,90.331047,-0.0,180.701218,1.956018,,8.389568,0.838957,0.704406,1.618826,10.0,10.0,6.142723,0.0,6.142723,93.857277,71.371774,0.496262,5.65391,0.0,0.0
2026-08-28 22:39:48,6718.73,246783,1233,311.5636,308.6333,36.7,96.37471,0.0,192.788452,1.951297,,7.673554,0.767355,0.640372,3.339776,10.0,10.0,9.989127,0.0,9.989127,90.010873,67.381874,0.538015,5.65391,0.0,0.0
2026-08-28 22:40:02,6732.66,247295,1236,-203.7964,303.5216,36.7,126.228081,0.0,252.495346,1.958875,,5.926189,0.592619,0.423567,3.933421,10.0,10.0,23.247481,0.0,23.247481,76.752519,56.177508,0.592118,5.65391,0.0,0.0
2026-08-28 22:40:15,6746.53,247807,1239,352.4087,304.4815,36.7,153.287643,-0.0,306.614319,1.951522,,10.048253,1.004825,0.377748,1.63715,10.0,10.0,14.371477,0.0,14.371477,85.628523,64.392181,0.516446,5.65391,0.0,0.0
2026-08-28 22:40:29,6760.35,248319,1241,1.6209,301.1937,36.7,214.619522,-0.0,429.278076,1.952315,,8.001015,0.800102,0.274163,1.475863,10.0,10.0,20.991391,0.0,20.991391,79.008609,59.791068,0.557131,5.65391,0.0,0.0
2026-08-28 22:40:43,6774.1,248831,1244,480.3842,305.1369,36.7,128.923248,-0.0,257.885651,1.957337,,6.823518,0.682352,1.339957,0.685581,4.0,9.0,1.436945,0.0,1.436945,98.563055,74.009562,0.617123,5.65391,0.0,0.0
2026-08-28 22:40:57,6788.04,249343,1246,16.6681,303.6605,36.7,351.319489,0.0,702.678162,1.959887,,7.722276,0.772228,0.735946,3.423263,10.0,10.0,20.178967,0.0,20.178967,79.821033,60.072207,0.536225,5.65391,0.0,0.0
2026-08-28 22:41:11,6801.98,249855,1249,406.9557,307.7335,36.7,161.172058,-0.0,322.383118,1.950003,,9.107388,0.910739,1.065332,2.15071,10.0,10.0,10.090686,0.0,10.090686,89.909314,67.385324,0.527016,5.65391,0.0,0.0
2026-08-28 22:41:25,6815.84,250367,1251,113.8018,305.832,36.7,80.639717,-0.0,161.318542,1.95525,,6.561973,0.656197,0.008397,1.796508,9.0,10.0,13.050345,0.0,13.050345,86.949655,66.343647,0.540453,6.026445,0.0,0.0
2026-08-28 22:41:39,6829.72,250879,1254,-216.0607,299.674,36.7,150.849274,-0.0,301.73764,1.954229,,6.383283,0.638328,0.254637,1.822091,10.0,10.0,23.146721,0.0,23.146721,76.853279,57.615432,0.5824,6.026445,0.0,0.0
2026-08-28 22:41:53,6843.76,251391,1256,66.8501,294.2445,36.7,280.723572,-0.0,561.486328,1.958513,,8.930288,0.893029,0.1956,1.666694,10.0,10.0,19.767419,0.0,19.767419,80.232581,61.388942,0.543307,6.026445,0.0,0.0
2026-08-28 22:42:07,6857.88,251903,1259,555.5669,295.6285,36.7,114.007751,0.0,228.054611,1.955037,,9.225496,0.92255,1.069124,2.132872,10.0,10.0,4.961355,0.0,4.961355,95.038645,72.224047,0.525141,6.026445,0.0,0.0
2026-08-28 22:42:21,6871.83,252415,1262,408.8122,291.4064,36.7,282.074005,0.0,564.187195,1.959527,,9.841213,0.984121,0.507889,0.684469,3.0,10.0,10.426206,0.0,10.426206,89.573794,68.401442,0.511882,6.026445,0.0,0.0
2026-08-28 22:42:35,6885.83,252927,1264,798.5581,293.0238,36.7,256.054016,0.0,512.147156,1.956121,,12.167828,1.216783,1.575486,1.786377,10.0,10.0,3.772044,0.0,3.772044,96.227956,73.310209,0.5002,6.026445,0.0,0.0
2026-08-28 22:42:49,6899.75,253439,1267,738.5476,297.9259,36.7,278.645447,0.0,557.330017,1.956337,,11.99601,1.199601,0.820811,1.091999,9.0,10.0,4.904701,0.0,4.904701,95.095299,71.849796,0.511696,6.026445,0.0,0.0
2026-08-28 22:43:03,6913.76,253951,1269,263.4996,298.8932,36.7,148.950455,-0.0,297.940094,1.959343,,8.411765,0.841176,0.381737,1.954152,10.0,10.0,12.828369,0.0,12.828369,87.171631,66.652894,0.481173,6.026445,0.0,0.0
2026-08-28 22:43:17,6927.7,254463,1272,540.4648,299.4063,36.7,79.698166,0.0,159.435623,1.964374,,7.928696,0.79287,1.650921,1.764797,9.0,10.0,2.351032,0.0,2.351032,97.648968,73.606744,0.505435,6.026445,0.0,0.0
2026-08-28 22:43:31,6941.73,254975,1274,20.388,298.262,36.7,66.605415,-0.0,133.250183,1.967277,,6.418022,0.641802,0.666901,3.829346,10.0,10.0,15.924881,0.0,15.924881,84.075119,62.590246,0.533471,6.026445,0.0,0.0
2026-08-28 22:43:45,6955.75,255487,1277,-289.344,293.4217,36.7,567.547241,0.0,1135.134033,1.974773,,6.848577,0.684858,0.35951,3.902907,10.0,10.0,26.724525,0.0,26.724525,73.275475,54.450846,0.507758,6.026445,0.0,0.0
2026-08-28 22:43:58,6969.52,255999,1280,662.1374,294.9608,36.7,199.398499,0.0,398.836365,1.968131,,11.008493,1.100849,0.934308,0.63434,3.0,10.0,4.824134,0.0,4.824134,95.175866,72.75937,0.520215,6.026445,0.0,0.0
2026-08-28 22:44:12,6983.24,256511,1282,637.0427,295.3767,36.7,194.077133,-0.0,388.193695,1.972084,,9.008528,0.900853,1.887,0.910907,7.0,10.0,1.127543,0.0,1.127543,98.872457,75.510061,0.625562,6.026445,0.0,0.0
2026-08-28 22:44:26,6997.07,257023,1285,58.5682,292.9718,36.7,142.503952,-0.0,285.047424,1.975672,,5.819379,0.581938,0.025698,2.39985,10.0,10.0,13.036705,0.0,13.036705,86.963295,65.467864,0.589864,6.026445,0.0,0.0
2026-08-28 22:44:40,7010.87,257535,1287,356.2825,290.9245,36.7,77.101799,-0.0,154.243179,1.978689,,6.745554,0.674555,0.98944,1.018676,8.0,10.0,5.260127,0.0,5.260127,94.739873,71.712956,0.570357,6.026445,0.0,0.0
2026-08-28 22:44:54,7024.78,258047,1290,464.5974,294.0456,36.7,104.349594,0.0,208.738815,1.98118,,6.580318,0.658032,1.264695,0.679448,5.0,9.0,1.225801,0.0,1.225801,98.774199,74.755262,0.598215,6.026445,0.0,0.0
2026-08-28 22:45:08,7038.66,258559,1292,132.5793,291.9441,36.7,46.933636,0.0,93.907005,1.986585,,5.466119,0.546612,0.468727,1.268574,10.0,10.0,9.527721,0.0,9.527721,90.472279,68.836608,0.63986,6.026445,0.0,0.0
2026-08-28 22:45:22,7052.7,259071,1295,-28.8227,287.5609,36.7,84.857307,-0.0,169.754501,1.994105,,5.309409,0.530941,0.568982,3.049504,10.0,10.0,14.684407,0.0,14.684407,85.315593,64.081509,0.612284,6.026445,0.0,0.0
2026-08-28 22:45:36,7066.7,259583,1297,384.1498,288.0917,36.7,46.056175,0.0,92.152153,1.990203,,6.912659,0.691266,1.078248,2.561663,10.0,10.0,5.154072,0.0,5.154072,94.845928,70.418683,0.539535,6.026445,0.0,0.0
2026-08-28 22:45:50,7080.76,260095,1300,-131.4676,283.1305,36.7,565.42572,0.0,1130.891479,1.998958,,8.091549,0.809155,0.311013,2.03039,10.0,10.0,24.507486,0.0,24.507486,75.492514,55.867294,0.535581,6.026445,0.0,0.0
2026-08-28 22:46:04,7094.83,260607,1303,33.5975,279.8569,36.7,69.058296,-0.0,138.156586,1.99975,,7.151468,0.715147,0.537299,3.204829,10.0,10.0,16.828519,0.0,16.828519,83.171481,61.72926,0.543956,6.026445,0.0,0.0
2026-08-28 22:46:18,7108.78,261119,1305,606.6758,287.8604,36.7,137.447937,0.0,274.935852,1.999585,,8.896413,0.889641,0.631174,1.216053,8.0,10.0,2.519917,0.0,2.519917,97.480083,73.303038,0.483126,6.026445,0.0,0.0
2026-08-28 22:46:32,7122.85,261631,1308,613.4793,291.7466,36.7,142.197784,-0.0,284.435638,2.003013,,9.353096,0.93531,1.370863,1.955017,10.0,10.0,3.238629,0.0,3.238629,96.761371,72.778551,0.543815,6.026445,0.0,0.0
2026-08-28 22:46:46,7136.82,262143,1310,240.6105,296.1145,36.7,88.552734,-0.0,177.14566,2.009321,,6.526884,0.652688,0.282287,1.924291,10.0,10.0,8.373444,0.0,8.373444,91.626556,69.943002,0.59526,6.026445,0.0,0.0
2026-08-28 22:47:00,7150.78,262655,1313,-31.0122,291.82,36.7,97.259247,0.0,194.558777,2.014105,,5.263,0.5263,0.203082,1.414643,10.0,10.0,14.262787,0.0,14.262787,85.737213,64.372306,0.60647,6.257089,0.0,0.0
2026-08-28 22:47:14,7164.9,263167,1315,178.3418,290.2023,36.7,43.949841,0.0,87.93998,2.014824,,5.856098,0.58561,0.889785,3.418279,10.0,10.0,9.018693,0.0,9.018693,90.981307,67.894332,0.636134,6.257089,0.0,0.0
2026-08-28 22:47:28,7178.93,263679,1318,154.2407,289.7639,36.7,73.712814,0.0,147.466049,2.021141,,5.151191,0.515119,0.844328,2.395641,10.0,10.0,7.806939,0.0,7.806939,92.193061,69.1105,0.716214,6.257089,0.0,0.0
2026-08-28 22:47:42,7192.83,264191,1320,522.78,292.0623,36.7,138.501541,0.0,277.043427,2.017427,,9.339697,0.93397,1.145429,2.090105,10.0,10.0,6.315317,0.0,6.315317,93.684683,71.695103,0.531067,6.257089,0.0,0.0
2026-08-28 22:47:55,7206.6,264703,1323,1247.4162,299.9019,36.7,644.12616,-0.0,1288.292603,2.011146,,17.921549,1.792155,1.362744,0.36473,2.0,5.0,0.0,0.0,0.0,100.0,76.048141,0.539464,6.257089,0.0,0.0
2026-08-28 22:48:09,7220.46,265215,1326,947.8264,307.0216,36.7,429.034363,0.0,858.109009,2.015138,,15.560942,1.556094,0.415464,0.859743,5.0,10.0,4.804858,0.0,4.804858,95.195142,72.272829,0.567893,6.257089,0.0,0.0
2026-08-28 22:48:23,7234.36,265727,1328,274.2388,306.5376,36.7,74.144569,-0.0,148.329544,2.020606,,10.824778,1.082478,0.082744,2.89005,10.0,10.0,16.991813,0.0,16.991813,83.008187,62.488836,0.545023,6.257089,0.0,0.0
2026-08-28 22:48:37,7248.22,266239,1331,494.5465,310.2811,36.7,133.204529,-0.0,266.449463,2.020554,,11.961764,1.196176,0.164621,1.80083,10.0,10.0,12.780728,0.0,12.780728,87.219272,65.500511,0.498679,6.257089,0.0,0.0
2026-08-28 22:48:51,7262.11,266751,1333,-3.4358,307.7155,36.7,56.551147,-0.0,113.142784,2.024638,,8.613738,0.861374,7e-06,2.372103,10.0,10.0,21.243422,0.0,21.243422,78.756578,59.029147,0.506766,6.257089,0.0,0.0
2026-08-28 22:49:05,7276.04,267263,1336,336.1742,307.0281,36.7,174.45668,0.0,348.953827,2.022651,,10.56743,1.056743,0.162432,1.942476,10.0,10.0,14.233055,0.0,14.233055,85.766945,64.638452,0.513902,6.257089,0.0,0.0
2026-08-28 22:49:19,7289.8,267775,1338,734.2463,309.6025,36.7,220.451035,0.0,440.942474,2.020122,,10.041998,1.0042,1.075406,1.077054,6.0,10.0,0.656903,0.0,0.656903,99.343097,75.453787,0.531049,6.257089,0.0,0.0
2026-08-28 22:49:32,7303.59,268287,1341,428.9517,311.7874,36.7,67.354393,0.0,134.749298,2.025867,,6.840958,0.684096,0.134167,0.806948,5.0,10.0,3.116739,0.0,3.116739,96.883261,73.805802,0.533369,6.257089,0.0,0.0
2026-08-28 22:49:46,7317.61,268799,1344,60.4686,306.1385,36.7,113.225105,-0.0,226.490768,2.027892,,6.025204,0.60252,7e-06,2.983827,10.0,10.0,12.881961,0.0,12.881961,87.118039,65.184354,0.553442,6.257089,0.0,0.0
2026-08-28 22:50:00,7331.59,269311,1346,429.0225,307.0077,36.7,95.849548,-0.0,191.739609,2.025478,,7.806507,0.780651,0.554867,0.960826,7.0,10.0,5.120387,0.0,5.120387,94.879613,71.947514,0.635854,6.257089,0.0,0.0
2026-08-28 22:50:14,7345.5,269823,1349,574.7933,311.4572,36.7,149.171921,0.0,298.384277,2.022135,,9.791035,0.979104,0.315613,0.921908,6.0,10.0,4.998068,0.0,4.998068,95.001932,71.746447,0.544864,6.257089,0.0,0.0
2026-08-28 22:50:28,7359.43,270335,1351,562.5231,315.2635,36.7,99.034935,0.0,198.110336,2.023435,,9.092624,0.909262,0.697513,1.99537,10.0,10.0,4.349719,0.0,4.349719,95.650281,72.834713,0.475164,6.257089,0.0,0.0
2026-08-28 22:50:42,7373.4,270847,1354,550.3878,317.0561,36.7,119.752144,-0.0,239.544785,2.024769,,8.402651,0.840265,0.941103,1.557956,8.0,10.0,2.809109,0.0,2.809109,97.190891,74.69513,0.503574,6.257089,0.0,0.0
2026-08-28 22:50:56,7387.46,271359,1356,223.7491,323.3222,36.7,256.469513,-0.0,512.979492,2.022935,,10.141366,1.014137,1.2e-05,1.735567,10.0,10.0,16.522652,0.0,16.522652,83.477348,63.000398,0.51492,6.257089,0.0,0.0
2026-08-28 22:51:10,7401.45,271871,1359,418.4531,323.9469,36.7,162.039017,0.0,324.11853,2.02536,,9.02743,0.902743,1e-05,2.64036,10.0,10.0,8.858908,0.0,8.858908,91.141092,69.228658,0.527858,6.257089,0.0,0.0
2026-08-28 22:51:24,7415.35,272383,1361,438.4953,323.009,36.7,89.713638,0.0,179.467819,2.027037,,7.007116,0.700712,0.82004,2.161243,9.0,10.0,3.401745,0.0,3.401745,96.598255,73.708325,0.586829,6.257089,0.0,0.0
2026-08-28 22:51:38,7429.35,272895,1364,29.9274,318.8663,36.7,62.452339,-0.0,124.945229,2.027672,,7.095128,0.709513,0.240071,3.548586,10.0,10.0,16.510529,0.0,16.510529,83.489471,62.101531,0.5641,6.257089,0.0,0.0
2026-08-28 22:51:52,7443.2,273407,1367,301.9292,324.6144,36.7,92.399323,0.0,184.839111,2.023303,,7.284318,0.728432,0.242175,1.340782,9.0,10.0,8.184546,0.0,8.184546,91.815454,69.962314,0.575521,6.257089,0.0,0.0
2026-08-28 22:52:06,7457.13,273919,1369,-17.4542,319.1997,36.7,52.954723,0.0,105.949989,2.027279,,4.245001,0.4245,0.06579,2.23538,10.0,10.0,11.207928,0.0,11.207928,88.792072,66.887096,0.699483,6.257089,0.0,0.0
2026-08-28 22:52:20,7471.06,274431,1372,389.7965,321.4943,36.7,88.957352,-0.0,177.955185,2.023987,,7.425881,0.742588,0.57482,1.235971,9.0,10.0,5.783696,0.0,5.783696,94.216304,71.765762,0.579362,6.257089,0.0,0.0
2026-08-28 22:52:34,7485.03,274943,1374,607.8503,323.0428,36.7,141.537674,0.0,283.115723,2.018625,,8.393258,0.839326,1.322351,0.801365,5.0,10.0,1.075975,0.0,1.075975,98.924025,75.62448,0.550896,6.257089,0.0,0.0
2026-08-28 22:52:48,7499.07,275455,1377,249.1732,324.8179,36.7,50.512455,0.0,101.065338,2.021463,,5.230961,0.523096,0.187663,1.618567,10.0,10.0,4.932593,0.0,4.932593,95.067407,72.003403,0.602018,6.175362,0.0,0.0
2026-08-28 22:53:02,7513.02,275967,1379,92.4071,323.1535,36.7,56.070992,0.0,112.182487,2.025374,,4.238692,0.423869,0.251221,1.202378,7.0,10.0,7.490993,0.0,7.490993,92.509007,70.668031,0.691382,6.175362,0.0,0.0
2026-08-28 22:53:16,7527.04,276479,1382,38.8526,323.6347,36.7,110.012421,-0.0,220.065262,2.020793,,4.518623,0.451862,0.168746,1.677167,9.0,10.0,9.795507,0.0,9.795507,90.204493,67.394301,0.665254,6.175362,0.0,0.0
2026-08-28 22:53:30,7541.19,276991,1384,-306.9784,318.5349,36.7,151.642868,0.0,303.326111,2.019052,,5.699328,0.569933,1e-05,3.718549,10.0,10.0,23.987321,0.0,23.987321,76.012679,56.456296,0.605762,6.175362,0.0,0.0
2026-08-28 22:53:44,7555.13,277503,1387,398.231,320.8217,36.7,75.827553,0.0,151.695435,2.016116,,6.954185,0.695418,0.821233,0.855594,4.0,10.0,4.198277,0.0,4.198277,95.801723,73.023017,0.626471,6.175362,0.0,0.0
2026-08-28 22:53:58,7569.05,278015,1390,494.2757,325.283,36.7,105.592522,0.0,211.225296,2.013005,,7.624057,0.762406,0.690856,1.12232,8.0,10.0,2.989604,0.0,2.989604,97.010396,73.7044,0.56346,6.175362,0.0,0.0
2026-08-28 22:54:12,7582.97,278527,1392,170.1686,320.3072,36.7,50.903584,-0.0,101.847488,2.015917,,5.813848,0.581385,0.294411,1.580773,10.0,10.0,9.076497,0.0,9.076497,90.923503,69.470687,0.627335,6.175362,0.0,0.0
2026-08-28 22:54:26,7596.89,279039,1395,240.4126,315.3156,36.7,34.22319,0.0,68.486526,2.00733,,5.586724,0.558672,0.522635,1.928459,10.0,10.0,6.226854,0.0,6.226854,93.773146,71.448831,0.637838,6.175362,0.0,0.0
2026-08-28 22:54:40,7610.77,279551,1397,526.7978,317.1047,36.7,144.732697,0.0,289.505341,1.997693,,9.596655,0.959665,1.3e-05,1.798232,9.0,10.0,6.600525,0.0,6.600525,93.399475,70.528164,0.510838,6.175362,0.0,0.0
2026-08-28 22:54:54,7624.69,280063,1400,70.1393,315.9603,36.7,55.44556,-0.0,110.930962,1.992145,,8.710906,0.871091,0.280994,3.021,10.0,10.0,19.145487,0.0,19.145487,80.854513,60.099263,0.506922,6.175362,0.0,0.0
2026-08-28 22:55:08,7638.65,280575,1402,-200.3149,307.0961,36.7,193.508148,-0.0,387.056122,1.990628,,8.676206,0.867621,0.156476,4.157404,10.0,10.0,27.927467,0.0,27.927467,72.072533,52.749775,0.485283,6.175362,0.0,0.0
2026-08-28 22:55:21,7652.56,281087,1405,452.8607,307.4651,36.7,106.17009,0.0,212.379761,1.979404,,9.867627,0.986763,0.603102,2.232865,10.0,10.0,9.776611,0.0,9.776611,90.223389,67.165115,0.482154,6.175362,0.0,0.0
2026-08-28 22:55:35,7666.35,281599,1408,660.3573,310.9553,36.7,149.158264,-0.0,298.356018,1.974846,,9.557151,0.955715,1.373208,1.942006,9.0,10.0,2.279055,0.0,2.279055,97.720945,73.786194,0.489034,6.175362,0.0,0.0
2026-08-28 22:55:49,7680.18,282111,1410,430.767,315.318,36.7,73.91494,-0.0,147.86937,1.974395,,7.182687,0.718269,0.309576,1.444455,9.0,10.0,3.847106,0.0,3.847106,96.152894,72.552076,0.592842,6.175362,0.0,0.0
2026-08-28 22:56:03,7694.11,282623,1413,578.6777,316.6091,36.7,152.25032,0.0,304.540009,1.967622,,9.793347,0.979335,1.013194,1.794019,10.0,10.0,5.310264,0.0,5.310264,94.689736,72.378009,0.53729,6.175362,0.0,0.0
2026-08-28 22:56:17,7708.01,283135,1415,501.9216,318.1346,36.7,126.909874,0.0,253.859039,1.964729,,10.743521,1.074352,0.627434,2.602058,10.0,10.0,10.005342,0.0,10.005342,89.994658,67.761648,0.485366,6.175362,0.0,0.0
2026-08-28 22:56:31,7721.85,283647,1418,693.3777,322.2162,36.7,210.480301,0.0,420.999725,1.956262,,11.671626,1.167163,0.396808,1.909102,8.0,10.0,5.716199,0.0,5.716199,94.283801,70.755229,0.515893,6.175362,0.0,0.0
2026-08-28 22:56:45,7735.77,284159,1420,447.1745,325.7314,36.7,115.498695,0.0,231.036575,1.958907,,9.438178,0.943818,0.287965,2.104526,9.0,10.0,8.850826,0.0,8.850826,91.149174,68.997326,0.4947,6.175362,0.0,0.0
2026-08-28 22:56:59,7749.71,284671,1423,226.841,329.6304,36.7,95.711967,0.0,191.463181,1.962305,,5.725261,0.572526,0.475599,1.881145,9.0,10.0,6.844183,0.0,6.844183,93.155817,70.162111,0.659886,6.175362,0.0,0.0
2026-08-28 22:57:13,7763.68,285183,1425,382.0711,332.7493,36.7,151.838318,0.0,303.715698,1.953513,,8.877616,0.887762,0.458263,1.563195,9.0,10.0,9.110036,0.0,9.110036,90.889964,69.520136,0.555415,6.175362,0.0,0.0
2026-08-28 22:57:27,7777.77,285695,1428,466.3981,332.5768,36.7,90.165276,0.0,180.369629,1.954008,,7.989394,0.798939,1.036549,1.638438,8.0,10.0,4.665771,0.0,4.665771,95.334229,72.961163,0.567539,6.175362,0.0,0.0
2026-08-28 22:57:41,7791.79,286207,1431,512.4063,341.3726,36.7,147.631836,0.0,295.302704,1.952002,,8.239674,0.823967,1.351869,2.218076,9.0,10.0,3.559168,0.0,3.559168,96.440832,73.067005,0.651512,6.175362,0.0,0.0
2026-08-28 22:57:55,7805.88,286719,1433,212.4982,344.3135,36.7,39.255795,0.0,78.55056,1.948687,,7.410871,0.741087,0.371545,1.797569,10.0,10.0,11.237739,0.0,11.237739,88.762261,67.054307,0.564841,6.175362,0.0,0.0
2026-08-28 22:58:09,7819.99,287231,1436,360.1972,343.6227,36.7,48.88559,-0.0,97.810173,1.949575,,8.828006,0.882801,0.456949,2.493924,10.0,10.0,10.337156,0.0,10.337156,89.662844,67.349196,0.497622,6.175362,0.0,0.0
2026-08-28 22:58:23,7833.97,287743,1438,344.8774,345.1939,36.7,76.140846,-0.0,152.32074,1.952524,,7.883662,0.788366,0.51046,1.892282,10.0,10.0,8.414115,0.0,8.414115,91.585885,69.128437,0.495441,6.210931,0.0,0.0
2026-08-28 22:58:37,7847.97,288255,1441,455.315,344.7007,36.7,91.169556,-0.0,182.378159,1.95208,,7.625803,0.76258,0.758674,1.467038,9.0,10.0,4.089014,0.0,4.089014,95.910986,72.482623,0.53047,6.210931,0.0,0.0
2026-08-28 22:58:51,7861.94,288767,1443,349.9535,341.8679,36.7,136.741699,0.0,273.522461,1.952385,,8.612963,0.861296,0.419873,1.856029,9.0,10.0,9.82467,0.0,9.82467,90.17533,69.344396,0.501791,6.210931,0.0,0.0
2026-08-28 22:59:05,7875.77,289279,1446,467.1874,343.1194,36.7,88.087463,0.0,176.213974,1.951984,,7.060669,0.706067,1.210302,1.145317,8.0,10.0,2.554141,0.0,2.554141,97.445859,73.80237,0.584654,6.210931,0.0,0.0
2026-08-28 22:59:18,7889.54,289791,1448,438.3309,341.7816,36.7,48.751633,0.0,97.542358,1.954729,,6.2033,0.62033,1.225918,1.469528,8.0,10.0,1.215251,0.0,1.215251,98.784749,75.022821,0.539832,6.210931,0.0,0.0
2026-08-28 22:59:32,7903.36,290303,1451,235.423,339.5378,36.7,70.252319,0.0,140.543808,1.958614,,5.077563,0.507756,0.821168,1.298829,8.0,10.0,4.999417,0.0,4.999417,95.000583,72.28041,0.644923,6.210931,0.0,0.0
2026-08-28 22:59:46,7917.23,290815,1454,97.3854,333.7774,36.7,56.150616,-0.0,112.340492,1.963049,,5.533251,0.553325,0.371499,2.522744,10.0,10.0,10.878253,0.0,10.878253,89.121747,67.713185,0.650873,6.210931,0.0,0.0
2026-08-28 23:00:00,7931.09,291327,1456,443.629,341.0603,36.7,99.375084,-0.0,198.789276,1.955396,,9.329962,0.932996,0.279742,1.744891,9.0,10.0,8.66324,0.0,8.66324,91.33676,69.842676,0.496758,6.210931,0.0,0.0
2026-08-28 23:00:14,7945.07,291839,1459,398.6726,341.4254,36.7,55.757275,-0.0,111.553627,1.954077,,10.35923,1.035923,0.856782,3.551594,10.0,10.0,12.828602,0.0,12.828602,87.171398,65.056073,0.488063,6.210931,0.0,0.0
2026-08-28 23:00:28,7958.99,292351,1461,894.2111,344.903,36.7,324.599243,-0.0,649.237488,1.951212,,13.342934,1.334293,0.655802,1.03719,6.0,10.0,2.803447,0.0,2.803447,97.196553,74.819712,0.470025,6.210931,0.0,0.0
2026-08-28 23:00:42,7972.87,292863,1464,792.4141,345.9224,36.7,230.059677,0.0,460.158508,1.957065,,12.238628,1.223863,0.591771,0.983753,6.0,10.0,4.055093,0.0,4.055093,95.944907,73.083839,0.442114,6.210931,0.0,0.0
2026-08-28 23:00:56,7986.79,293375,1466,887.8592,348.6751,36.7,308.987946,0.0,618.014954,1.954431,,12.355112,1.235511,1.714989,1.273191,6.0,9.0,1.181301,0.0,1.181301,98.818699,75.124938,0.469627,6.210931,0.0,0.0
2026-08-28 23:01:10,8000.87,293887,1469,370.5438,348.1346,36.7,201.827454,0.0,403.694061,1.958247,,9.915784,0.991578,0.442747,2.672583,10.0,10.0,12.006936,0.0,12.006936,87.993064,66.479135,0.505016,6.210931,0.0,0.0
2026-08-28 23:01:24,8014.88,294399,1472,789.1416,354.2405,36.7,238.505814,0.0,477.050873,1.962381,,10.769562,1.076956,1.91195,0.896457,4.0,7.0,0.096903,0.0,0.096903,99.903097,76.369679,0.511319,6.210931,0.0,0.0
2026-08-28 23:01:38,8028.84,294911,1474,207.8012,353.9459,36.7,86.178871,0.0,172.397079,1.966538,,7.987035,0.798703,0.418492,2.364817,10.0,10.0,12.800396,0.0,12.800396,87.199604,65.405162,0.509628,6.210931,0.0,0.0
2026-08-28 23:01:52,8042.78,295423,1477,801.8844,359.5937,36.7,236.222321,-0.0,472.483795,1.958156,,11.615069,1.161507,0.665436,1.353527,6.0,10.0,2.39598,0.0,2.39598,97.60402,74.122738,0.475987,6.210931,0.0,0.0
2026-08-28 23:02:06,8056.77,295935,1479,346.3393,356.5896,36.7,337.894073,-0.0,675.827393,1.961253,,9.558625,0.955863,0.418802,2.047054,10.0,10.0,11.756804,0.0,11.756804,88.243196,66.066034,0.503154,6.210931,0.0,0.0
2026-08-28 23:02:20,8070.87,296447,1482,-111.7457,351.6021,36.7,112.053474,0.0,224.146286,1.966589,,5.376214,0.537621,0.35914,2.647814,10.0,10.0,16.697311,0.0,16.697311,83.302689,63.35977,0.577243,6.210931,0.0,0.0
2026-08-28 23:02:34,8084.74,296959,1484,499.3307,351.3053,36.7,133.022919,0.0,266.085175,1.966331,,7.615648,0.761565,0.933803,1.693648,8.0,10.0,2.538018,0.0,2.538018,97.461982,73.958608,0.603567,6.210931,0.0,0.0
2026-08-28 23:02:47,8098.53,297471,1487,566.4861,352.2433,36.7,146.071152,0.0,292.181519,1.960648,,8.193672,0.819367,1.510578,0.96894,4.0,10.0,1.910686,0.0,1.910686,98.089314,74.35497,0.497668,6.210931,0.0,0.0
2026-08-28 23:03:01,8112.47,297983,1489,451.8327,353.646,36.7,83.22966,-0.0,166.498581,1.962993,,8.131634,0.813163,0.670379,2.351531,10.0,10.0,5.629752,0.0,5.629752,94.370248,71.533001,0.469117,6.210931,0.0,0.0
2026-08-28 23:03:15,8126.46,298495,1492,432.205,360.006,36.7,85.31427,0.0,170.66774,1.960266,,8.060951,0.806095,0.599554,1.998691,9.0,10.0,5.88262,0.0,5.88262,94.11738,71.104283,0.546068,6.210931,0.0,0.0
2026-08-28 23:03:29,8140.31,299007,1495,482.8952,361.3109,36.7,93.035873,-0.0,186.110992,1.962562,,7.538134,0.753813,1.146251,1.410829,8.0,10.0,3.104918,0.0,3.104918,96.895082,74.277608,0.528492,6.210931,0.0,0.0
2026-08-28 23:03:43,8154.16,299519,1497,527.6923,366.5716,36.7,119.209038,0.0,238.457275,1.96009,,7.885649,0.788565,0.322601,1.006657,5.0,9.0,2.412964,0.0,2.412964,97.587036,74.522113,0.512815,6.210931,0.0,0.0
2026-08-28 23:03:57,8168.07,300031,1500,112.5981,362.8937,36.7,35.97279,-0.0,71.98494,1.968133,,6.582382,0.658238,0.369678,2.517556,10.0,10.0,12.494024,0.0,12.494024,87.505976,65.3908,0.603667,5.875761,0.0,0.0
2026-08-28 23:04:11,8181.97,300543,1502,421.9735,366.9468,36.7,143.358002,0.0,286.755219,1.960826,,8.761352,0.876135,0.847771,1.382333,10.0,10.0,7.983451,0.0,7.983451,92.016549,69.334411,0.552018,5.875761,0.0,0.0
2026-08-28 23:04:25,8195.94,301055,1505,718.67,370.0639,36.7,211.690002,0.0,423.419159,1.957711,,11.495455,1.149546,0.713096,1.898588,9.0,10.0,4.594337,0.0,4.594337,95.405663,71.999491,0.582166,5.875761,0.0,0.0
2026-08-28 23:04:39,8209.89,301567,1507,603.9722,374.9656,36.7,126.67144,0.0,253.382111,1.961502,,8.208933,0.820893,1.389589,1.666616,7.0,10.0,0.731252,0.0,0.731252,99.268748,76.100738,0.538979,5.875761,0.0,0.0
2026-08-28 23:04:53,8223.89,302079,1510,272.771,379.8539,36.7,23.925507,0.0,47.890339,1.966214,,5.325848,0.532585,0.46302,1.69537,9.0,10.0,4.672452,0.0,4.672452,95.327548,72.1328,0.680886,5.875761,0.0,0.0
2026-08-28 23:05:07,8237.86,302591,1512,241.1579,381.597,36.7,60.03944,-0.0,120.118156,1.963807,,6.143255,0.614325,0.337775,2.305541,10.0,10.0,7.619552,0.0,7.619552,92.380448,70.843723,0.590101,5.875761,0.0,0.0
2026-08-28 23:05:21,8251.81,303103,1515,706.9455,383.1108,36.7,175.95372,-0.0,351.946564,1.956686,,10.203054,1.020305,0.798896,1.543982,8.0,10.0,2.071463,0.0,2.071463,97.928537,74.396827,0.470331,5.875761,0.0,0.0
2026-08-28 23:05:35,8265.8,303615,1518,580.8965,384.8316,36.7,132.616837,-0.0,265.272858,1.958636,,9.571138,0.957114,1.247865,2.520861,10.0,10.0,5.595237,0.0,5.595237,94.404763,71.404722,0.506825,5.875761,0.0,0.0
2026-08-28 23:05:49,8279.88,304127,1520,420.8103,381.0542,36.7,81.050728,0.0,162.14064,1.958938,,8.428974,0.842897,0.499849,2.739436,10.0,10.0,7.877929,0.0,7.877929,92.122071,69.953412,0.543575,5.875761,0.0,0.0
2026-08-28 23:06:03,8293.88,304639,1523,198.7968,375.6567,36.7,51.156017,0.0,102.351257,1.961187,,6.91969,0.691969,0.088761,2.247074,10.0,10.0,11.359796,0.0,11.359796,88.640204,66.951523,0.549957,5.875761,0.0,0.0
2026-08-28 23:06:17,8307.78,305151,1525,573.6914,378.7586,36.7,120.099625,0.0,240.238403,1.957334,,7.696386,0.769639,1.283245,1.304675,6.0,9.0,0.443864,0.0,0.443864,99.556136,76.183541,0.555445,5.875761,0.0,0.0
2026-08-28 23:06:31,8321.65,305663,1528,165.1873,375.0058,36.7,103.526794,-0.0,207.092697,1.955432,,7.99892,0.799892,0.162767,2.598045,10.0,10.0,14.891302,0.0,14.891302,85.108698,63.979664,0.529427,5.875761,0.0,0.0
2026-08-28 23:06:44,8335.59,306175,1530,362.2635,378.4245,36.7,161.512543,-0.0,323.064117,1.951193,,9.506882,0.950688,0.353028,2.257875,10.0,10.0,11.696251,0.0,11.696251,88.303749,67.384638,0.524897,5.875761,0.0,0.0
2026-08-28 23:06:58,8349.48,306687,1533,264.4015,383.962,36.7,51.987,-0.0,104.012962,1.948044,,7.195118,0.719512,0.157378,2.080195,10.0,10.0,9.538976,0.0,9.538976,90.461024,68.312276,0.579951,5.875761,0.0,0.0
2026-08-28 23:07:12,8363.44,307199,1536,221.7813,379.5584,36.7,46.421211,-0.0,92.881378,1.947694,,7.567164,0.756716,0.222278,2.175702,10.0,10.0,12.336069,0.0,12.336069,87.663931,66.333323,0.539208,5.875761,0.0,0.0
2026-08-28 23:07:26,8377.59,307711,1538,91.7291,374.1053,36.7,118.092506,0.0,236.224075,1.953407,,5.552219,0.555222,0.267462,1.669966,10.0,10.0,11.099583,0.0,11.099583,88.900417,67.156731,0.655247,5.875761,0.0,0.0
2026-08-28 23:07:40,8391.54,308223,1541,330.9902,376.8295,36.7,77.622978,-0.0,155.285019,1.952823,,8.086965,0.808697,0.42442,2.00601,10.0,10.0,9.431825,0.0,9.431825,90.568175,67.869422,0.577604,5.875761,0.0,0.0
2026-08-28 23:07:54,8405.52,308735,1543,215.7278,375.424,36.7,57.064335,-0.0,114.167763,1.954695,,6.302604,0.63026,0.092037,1.374363,9.0,10.0,9.122252,0.0,9.122252,90.877748,68.977239,0.583996,5.875761,0.0,0.0
2026-08-28 23:08:08,8419.56,309247,1546,129.4572,372.0726,36.7,77.342201,-0.0,154.723663,1.962775,,5.445955,0.544595,0.210436,2.075107,10.0,10.0,9.46457,0.0,9.46457,90.53543,67.394242,0.610465,5.875761,0.0,0.0
2026-08-28 23:08:23,8433.71,309759,1548,257.3482,373.3203,36.7,205.900223,-0.0,411.839752,1.964977,,7.472349,0.747235,0.040708,2.083175,10.0,10.0,10.556127,0.0,10.556127,89.443873,67.749572,0.57838,5.875761,0.0,0.0
2026-08-28 23:08:37,8447.71,310271,1551,854.9704,382.1582,36.7,265.255981,0.0,530.551086,1.956455,,12.654013,1.265401,0.226448,1.104387,5.0,10.0,2.794053,0.0,2.794053,97.205947,74.054181,0.473531,5.875761,0.0,0.0
2026-08-28 23:08:51,8461.75,310783,1553,672.0969,385.0377,36.7,261.05545,0.0,522.150085,1.958529,,12.274657,1.227466,0.389746,1.252641,9.0,10.0,7.780205,0.0,7.780205,92.219795,70.179824,0.486918,5.875761,0.0,0.0
2026-08-28 23:09:05,8475.76,311295,1556,434.2624,390.695,36.7,145.481583,0.0,291.002441,1.963745,,7.78851,0.778851,0.918036,1.736307,10.0,10.0,5.52245,0.0,5.52245,94.47755,71.074965,0.537034,5.875761,0.0,0.0
2026-08-28 23:09:19,8489.79,311807,1559,420.5422,394.5644,36.7,99.389015,0.0,198.817368,1.966991,,7.40815,0.740815,1.060749,2.102188,10.0,10.0,4.881739,0.0,4.881739,95.118261,72.369611,0.613186,5.875761,0.0,0.0
2026-08-28 23:09:33,8503.68,312319,1561,402.4616,392.5223,36.7,68.869629,0.0,137.778641,1.969261,,6.934525,0.693453,0.687254,1.84266,9.0,10.0,4.357749,0.0,4.357749,95.642251,72.976795,0.613701,5.875761,0.0,0.0
2026-08-28 23:09:46,8517.5,312831,1564,310.5266,389.4927,36.7,154.029083,0.0,308.097565,1.969819,,8.343483,0.834348,0.26017,1.150147,9.0,10.0,10.53252,0.0,10.53252,89.46748,67.789013,0.501323,5.68903,0.0,0.0
2026-08-28 23:10:00,8531.31,313343,1566,520.9635,392.2963,36.7,100.251564,0.0,200.542557,1.971082,,9.768569,0.976857,0.539013,1.838229,10.0,10.0,7.948624,0.0,7.948624,92.051376,70.065711,0.508922,5.68903,0.0,0.0
2026-08-28 23:10:14,8545.2,313855,1569,490.8715,397.5151,36.7,146.904068,-0.0,293.847565,1.971111,,10.124388,1.012439,0.414411,1.597606,10.0,10.0,9.05809,0.0,9.05809,90.94191,68.364594,0.525971,5.68903,0.0,0.0
2026-08-28 23:10:28,8559.04,314367,1571,591.2383,401.6441,36.7,168.396957,0.0,336.833374,1.972525,,9.608486,0.960849,0.693461,1.762063,9.0,10.0,4.354111,0.0,4.354111,95.645889,72.272724,0.534218,5.68903,0.0,0.0
2026-08-28 23:10:42,8572.87,314879,1574,412.9664,404.2313,36.7,63.364025,0.0,126.767532,1.97424,,7.575995,0.7576,0.104132,1.884168,8.0,10.0,5.857902,0.0,5.857902,94.142098,70.752857,0.507471,5.68903,0.0,0.0
2026-08-28 23:10:56,8586.75,315391,1576,218.0865,401.1844,36.7,72.472237,0.0,144.984039,1.97822,,8.072466,0.807247,0.109319,2.5778,10.0,10.0,14.191056,0.0,14.191056,85.808944,64.563143,0.479304,5.68903,0.0,0.0
2026-08-28 23:11:10,8600.65,315903,1579,619.6216,394.9065,36.7,173.899002,-0.0,347.837646,1.982621,,9.066533,0.906653,1e-05,1.597418,8.0,10.0,2.569451,0.0,2.569451,97.430549,73.517929,0.510727,5.68903,0.0,0.0
2026-08-28 23:11:23,8614.53,316415,1582,374.9561,389.1778,36.7,71.14399,-0.0,142.327682,1.985506,,7.880288,0.788029,0.207691,2.083348,9.0,10.0,8.006648,0.0,8.006648,91.993352,69.46392,0.511982,5.68903,0.0,0.0
2026-08-28 23:11:37,8628.51,316927,1584,432.945,390.7648,36.7,86.886017,-0.0,173.811813,1.988832,,9.35843,0.935843,0.389839,1.873891,10.0,10.0,9.473328,0.0,9.473328,90.526672,68.515164,0.538738,5.68903,0.0,0.0
2026-08-28 23:11:51,8642.52,317439,1587,798.3967,393.8033,36.7,361.864838,-0.0,723.769531,1.992371,,12.473297,1.24733,0.378652,0.989351,4.0,10.0,4.216467,0.0,4.216467,95.783533,71.912044,0.522815,5.68903,0.0,0.0
2026-08-28 23:12:06,8656.72,317951,1589,-179.64,392.0413,36.7,419.204803,0.0,838.449646,2.002298,,7.826339,0.782634,0.094674,3.116864,10.0,10.0,26.470856,0.0,26.470856,73.529144,55.532121,0.521578,5.68903,0.0,0.0
2026-08-28 23:12:20,8670.81,318463,1592,326.1774,391.9413,36.7,91.163292,-0.0,182.366608,2.001253,,7.552806,0.755281,0.359917,2.23819,10.0,10.0,8.868354,0.0,8.868354,91.131646,68.130811,0.535643,5.68903,0.0,0.0
2026-08-28 23:12:34,8684.88,318975,1594,370.5398,388.3042,36.7,130.750687,0.0,261.541382,2.000792,,8.838434,0.883843,0.31528,2.610477,10.0,10.0,10.533306,0.0,10.533306,89.466694,68.225997,0.485532,5.68903,0.0,0.0
2026-08-28 23:12:48,8699.01,319487,1597,130.773,385.3225,36.7,24.86009,-0.0,49.760323,2.007107,,5.402836,0.540284,0.026225,2.626789,10.0,10.0,10.231258,0.0,10.231258,89.768742,68.079709,0.564279,5.68903,0.0,0.0
2026-08-28 23:13:02,8712.95,319999,1600,489.2606,389.6104,36.7,113.130943,-0.0,226.302032,2.007627,,6.551424,0.655142,1.285483,0.902284,4.0,7.0,0.113505,0.0,0.113505,99.886495,76.632142,0.655056,5.68903,0.0,0.0
2026-08-28 23:13:16,8726.99,320511,1602,508.1455,390.4016,36.7,103.995613,0.0,208.031448,2.010931,,7.412117,0.741212,0.780772,1.261351,6.0,10.0,1.702975,0.0,1.702975,98.297025,74.810745,0.590035,5.68903,0.0,0.0
2026-08-28 23:13:30,8741.05,321023,1605,472.3933,389.3776,36.7,80.264389,0.0,160.569046,2.013267,,7.886775,0.788677,1.4e-05,0.997032,8.0,10.0,4.421295,0.0,4.421295,95.578705,72.47758,0.520593,5.68903,0.0,0.0
2026-08-28 23:13:44,8755.02,321535,1607,460.9339,388.3617,36.7,112.121696,-0.0,224.283691,2.014608,,7.826188,0.782619,9e-06,1.299035,8.0,10.0,4.714188,0.0,4.714188,95.285812,72.892601,0.556145,5.68903,0.0,0.0
2026-08-28 23:13:58,8768.94,322047,1610,381.9834,386.6777,36.7,47.316502,0.0,94.673424,2.021063,,8.204547,0.820455,0.352962,2.326205,10.0,10.0,8.732627,0.0,8.732627,91.267373,69.000058,0.502053,5.68903,0.0,0.0
2026-08-28 23:14:12,8782.79,322559,1612,558.4476,390.0247,36.7,95.332138,0.0,190.704681,2.020374,,9.287613,0.928761,0.437168,1.387358,8.0,10.0,5.307965,0.0,5.307965,94.692035,72.168792,0.502359,5.68903,0.0,0.0
2026-08-28 23:14:25,8796.57,323071,1615,655.3195,392.3933,36.7,136.900208,-0.0,273.84082,2.020203,,9.099475,0.909947,0.045196,0.688478,3.0,8.0,0.993907,0.0,0.993907,99.006093,75.249397,0.509039,5.68903,0.0,0.0
2026-08-28 23:14:39,8810.57,323583,1617,402.6237,392.0346,36.7,69.387062,0.0,138.814529,2.02055,,7.993399,0.79934,0.054429,1.442217,9.0,10.0,7.296151,0.0,7.296151,92.703849,70.93472,0.514258,5.68903,0.0,0.0
2026-08-28 23:14:53,8824.47,324095,1620,475.5345,396.4907,36.7,162.023804,-0.0,324.088135,2.026809,,9.401253,0.940125,0.152707,1.424896,8.0,10.0,8.057877,0.0,8.057877,91.942123,69.557822,0.49654,5.68903,0.0,0.0
2026-08-28 23:15:07,8838.38,324607,1623,530.9349,398.7807,36.7,194.186859,-0.0,388.414154,2.02215,,10.256266,1.025627,0.067261,1.639921,9.0,10.0,8.001848,0.0,8.001848,91.998152,70.033555,0.546945,5.68903,0.0,0.0
2026-08-28 23:15:21,8852.25,325119,1625,520.7398,404.1627,36.7,99.913528,-0.0,199.867584,2.026205,,8.366344,0.836634,0.379142,1.86796,9.0,10.0,4.172282,0.0,4.172282,95.827718,72.58851,0.517701,5.505339,0.0,0.0
2026-08-28 23:15:35,8866.22,325631,1628,295.5737,403.2204,36.7,187.656326,0.0,375.353241,2.028924,,8.659533,0.865953,0.07789,1.263852,8.0,10.0,12.549787,0.0,12.549787,87.450213,66.110881,0.507855,5.505339,0.0,0.0
2026-08-28 23:15:49,8880.19,326143,1630,434.7694,401.4896,36.7,127.704674,-0.0,255.449936,2.029127,,9.188443,0.918844,0.602628,1.995255,10.0,10.0,9.624326,0.0,9.624326,90.375674,67.922823,0.550516,5.505339,0.0,0.0
2026-08-28 23:16:03,8894.11,326655,1633,229.9617,401.2975,36.7,51.322403,-0.0,102.685486,2.034151,,5.422337,0.542234,1.2e-05,1.995469,10.0,10.0,6.590869,0.0,6.590869,93.409131,70.129937,0.641,5.505339,0.0,0.0
2026-08-28 23:16:17,8908.11,327167,1635,269.4484,403.0679,36.7,22.633339,0.0,45.307644,2.048308,,3.828786,0.382879,1e-05,1.388783,6.0,9.0,0.977256,0.0,0.977256,99.022744,75.554079,0.773978,5.505339,0.0,0.0
2026-08-28 23:16:31,8922.15,327679,1638,154.6078,404.2255,36.7,24.563795,-0.0,49.168762,2.05853,,5.04888,0.504888,1e-05,2.204151,10.0,10.0,8.648992,0.0,8.648992,91.351008,68.55735,0.601114,5.505339,0.0,0.0
2026-08-28 23:16:45,8936.02,328191,1640,397.6752,411.272,36.7,97.02803,-0.0,194.09729,2.061235,,7.28386,0.728386,6e-06,1.379203,8.0,10.0,5.41786,0.0,5.41786,94.58214,72.480435,0.574111,5.505339,0.0,0.0
2026-08-28 23:16:59,8950.02,328703,1643,90.7669,408.1974,36.7,141.394669,-0.0,282.830658,2.06626,,6.69178,0.669178,5e-06,2.657138,10.0,10.0,15.101682,0.0,15.101682,84.898318,63.451451,0.584874,5.505339,0.0,0.0
2026-08-28 23:17:13,8963.91,329215,1646,565.5982,408.9106,36.7,165.76651,0.0,331.57431,2.064423,,10.032932,1.003293,6e-06,1.961921,9.0,10.0,7.047547,0.0,7.047547,92.952453,69.798424,0.48665,5.505339,0.0,0.0
2026-08-28 23:17:27,8977.96,329727,1648,111.7186,408.3261,36.7,87.60289,-0.0,175.247223,2.072465,,6.713674,0.671367,7e-06,3.013056,10.0,10.0,14.480236,0.0,14.480236,85.519764,65.116709,0.555978,5.505339,0.0,0.0
2026-08-28 23:17:41,8991.91,330239,1651,-141.9694,404.5023,36.7,119.587494,0.0,239.216599,2.080452,,3.853139,0.385314,5e-06,2.994326,10.0,10.0,15.93022,0.0,15.93022,84.06978,62.665447,0.67916,5.505339,0.0,0.0
2026-08-28 23:17:55,9005.8,330751,1653,371.4664,402.949,36.7,65.07412,-0.0,130.189774,2.076582,,6.570713,0.657071,9e-06,1.713625,9.0,10.0,4.677468,0.0,4.677468,95.322532,71.711618,0.570475,5.505339,0.0,0.0
2026-08-28 23:18:09,9019.75,331263,1656,559.1982,407.8396,36.7,84.314323,0.0,168.670197,2.07742,,8.086456,0.808646,7e-06,1.438455,8.0,10.0,1.885224,0.0,1.885224,98.114776,73.894068,0.509222,5.505339,0.0,0.0
2026-08-28 23:18:22,9033.59,331775,1658,606.8086,415.9108,36.7,133.999863,0.0,268.04129,2.077998,,9.342802,0.93428,7e-06,1.433863,7.0,10.0,3.559458,0.0,3.559458,96.440542,73.360776,0.483076,5.505339,0.0,0.0
2026-08-28 23:18:36,9047.46,332287,1661,789.0114,419.2723,36.7,249.870956,0.0,499.783447,2.076914,,12.19472,1.219472,9e-06,1.855223,9.0,10.0,3.883105,0.0,3.883105,96.116895,73.635803,0.519429,5.505339,0.0,0.0
2026-08-28 23:18:50,9061.36,332799,1664,498.0797,417.6495,36.7,103.711052,0.0,207.463699,2.079552,,9.868085,0.986809,6e-06,2.366651,10.0,10.0,8.710529,0.0,8.710529,91.289471,68.731873,0.510234,5.505339,0.0,0.0
2026-08-28 23:19:04,9075.29,333311,1666,411.681,417.4587,36.7,176.232758,-0.0,352.507141,2.080581,,8.852713,0.885271,7e-06,1.960265,9.0,10.0,9.27866,0.0,9.27866,90.72134,67.941785,0.496102,5.505339,0.0,0.0
2026-08-28 23:19:18,9089.14,333823,1669,521.1069,416.883,36.7,269.285156,-0.0,538.611938,2.079901,,9.316224,0.931622,7e-06,1.888906,9.0,10.0,6.147683,0.0,6.147683,93.852317,71.140364,0.607667,5.505339,0.0,0.0
2026-08-28 23:19:32,9103.1,334335,1671,531.9289,417.183,36.7,298.339233,-0.0,596.720093,2.081927,,9.889398,0.98894,5e-06,2.052648,9.0,10.0,6.59444,0.0,6.59444,93.40556,70.949617,0.594433,5.505339,0.0,0.0
2026-08-28 23:19:46,9117.2,334847,1674,227.4626,412.5239,36.7,79.323669,-0.0,158.688995,2.082903,,8.01827,0.801827,4e-06,2.612253,10.0,10.0,14.108194,0.0,14.108194,85.891806,64.004061,0.452321,5.505339,0.0,0.0
2026-08-28 23:20:00,9131.18,335359,1676,617.4693,414.2268,36.7,158.337021,0.0,316.715515,2.073142,,10.21417,1.021417,6e-06,2.187249,9.0,10.0,5.704565,0.0,5.704565,94.295435,71.765264,0.447761,5.505339,0.0,0.0
2026-08-28 23:20:14,9145.04,335871,1679,803.8086,419.9965,36.7,257.575867,-0.0,515.193054,2.067429,,10.910521,1.091052,6e-06,1.210794,5.0,9.0,0.559353,0.0,0.559353,99.440647,75.980405,0.524921,5.505339,0.0,0.0
2026-08-28 23:20:28,9158.93,336383,1681,633.6036,422.5118,36.7,150.433472,-0.0,300.908295,2.066873,,9.074607,0.907461,5e-06,1.860987,8.0,10.0,2.092384,0.0,2.092384,97.907616,74.686751,0.490089,5.505339,0.0,0.0
2026-08-28 23:20:42,9172.93,336895,1684,328.9546,421.1374,36.7,46.061268,0.0,92.163834,2.064975,,6.538465,0.653847,5e-06,2.161636,10.0,10.0,6.239298,0.0,6.239298,93.760702,71.186284,0.563196,5.505339,0.0,0.0
2026-08-28 23:20:56,9186.87,337407,1687,534.7852,421.3612,36.7,177.43663,0.0,354.914398,2.057626,,11.034051,1.103405,5e-06,2.01069,10.0,10.0,10.476715,0.0,10.476715,89.523285,67.135251,0.488278,5.505339,0.0,0.0
2026-08-28 23:21:10,9200.79,337919,1689,683.1121,426.0673,36.7,171.791901,-0.0,343.624817,2.050911,,9.987434,0.998743,5e-06,2.125301,9.0,10.0,2.71844,0.0,2.71844,97.28156,74.028272,0.518898,5.328162,0.0,0.0
2026-08-28 23:21:24,9214.71,338431,1692,214.7846,424.6132,36.7,58.473507,0.0,116.988113,2.054801,,5.957233,0.595723,4e-06,2.496806,10.0,10.0,9.121801,0.0,9.121801,90.878199,68.940801,0.605287,5.328162,0.0,0.0
2026-08-28 23:21:37,9228.54,338943,1694,297.7568,424.142,36.7,32.07402,0.0,64.188965,2.046247,,5.247057,0.524706,3e-06,2.422402,9.0,10.0,4.262385,0.0,4.262385,95.737615,72.852122,0.598906,5.328162,0.0,0.0
2026-08-28 23:21:51,9242.41,339455,1697,440.3622,423.9925,36.7,116.680275,-0.0,233.401291,2.037111,,7.948868,0.794887,3e-06,2.640589,9.0,10.0,5.626276,0.0,5.626276,94.373724,71.023838,0.631626,5.328162,0.0,0.0
2026-08-28 23:22:05,9256.37,339967,1699,397.1572,424.4645,36.7,185.206192,-0.0,370.452911,2.026377,,9.841205,0.984121,2e-06,2.999279,10.0,10.0,12.315182,0.0,12.315182,87.684818,66.592554,0.511298,5.328162,0.0,0.0
2026-08-28 23:22:19,9270.3,340479,1702,740.9547,427.2022,36.7,209.799316,0.0,419.638977,2.017071,,10.537846,1.053785,6e-06,1.412241,7.0,10.0,1.894774,0.0,1.894774,98.105226,74.629374,0.501147,5.328162,0.0,0.0
2026-08-28 23:22:33,9284.26,340991,1704,572.1603,428.5405,36.7,112.41523,-0.0,224.870758,2.014707,,10.071342,1.007134,5e-06,2.264688,9.0,10.0,7.217422,0.0,7.217422,92.782578,70.153984,0.45869,5.328162,0.0,0.0
2026-08-28 23:22:47,9298.14,341503,1707,836.6332,434.5526,36.7,259.394623,0.0,518.829285,2.00146,,11.274188,1.127419,6e-06,0.811773,3.0,5.0,0.241428,0.0,0.241428,99.758572,76.62724,0.435407,5.328162,0.0,0.0
2026-08-28 23:23:01,9312.25,342015,1710,217.8293,435.757,36.7,132.448883,-0.0,264.937805,2.001473,,7.43857,0.743857,2e-06,2.796415,10.0,10.0,13.445891,0.0,13.445891,86.554109,64.196641,0.475772,5.328162,0.0,0.0
2026-08-28 23:23:15,9326.25,342527,1712,561.8249,436.939,36.7,112.125717,-0.0,224.291382,1.997046,,8.686738,0.868674,4e-06,2.228625,9.0,10.0,3.725436,0.0,3.725436,96.274564,73.937787,0.51809,5.328162,0.0,0.0
2026-08-28 23:23:29,9340.26,343039,1715,472.3302,437.6755,36.7,70.734634,-0.0,141.509186,1.996057,,7.287289,0.728729,4e-06,1.956826,8.0,10.0,3.354157,0.0,3.354157,96.645843,73.06494,0.527107,5.328162,0.0,0.0
2026-08-28 23:23:43,9354.22,343551,1717,470.3355,433.4368,36.7,123.230743,0.0,246.501328,1.991933,,7.979716,0.797972,5e-06,1.654427,8.0,10.0,3.990936,0.0,3.990936,96.009064,72.642705,0.557626,5.328162,0.0,0.0
2026-08-28 23:23:57,9368.33,344063,1720,604.2185,431.5548,36.7,144.07811,-0.0,288.195953,1.987261,,8.998818,0.899882,4e-06,1.886361,8.0,10.0,2.581778,0.0,2.581778,97.418222,74.161945,0.504957,5.328162,0.0,0.0
2026-08-28 23:24:11,9382.57,344575,1722,420.4825,426.8811,36.7,62.683243,0.0,125.406273,1.989251,,7.638748,0.763875,3e-06,2.683827,9.0,10.0,6.27816,0.0,6.27816,93.72184,71.450803,0.450459,5.328162,0.0,0.0
2026-08-28 23:24:25,9396.47,345087,1725,373.0104,426.9057,36.7,61.063042,0.0,122.165749,1.983323,,5.004417,0.500442,6e-06,1.181157,5.0,8.0,0.387999,0.0,0.387999,99.612001,76.185927,0.623288,5.328162,0.0,0.0
2026-08-28 23:24:39,9410.41,345599,1728,475.1863,423.7662,36.7,73.928284,0.0,147.896194,1.981166,,6.378631,0.637863,6e-06,1.229649,5.0,8.0,0.32462,0.0,0.32462,99.67538,76.142442,0.526688,5.328162,0.0,0.0
2026-08-28 23:24:53,9424.23,346111,1730,333.8792,425.027,36.7,51.09927,-0.0,102.238297,1.987788,,5.734678,0.573468,4e-06,1.86662,8.0,10.0,4.082779,0.0,4.082779,95.917221,72.327243,0.550031,5.328162,0.0,0.0
2026-08-28 23:25:07,9438.03,346623,1733,469.6513,421.7046,36.7,86.361076,-0.0,172.761917,1.988093,,7.169848,0.716985,2e-06,2.70396,9.0,10.0,3.190838,0.0,3.190838,96.809162,72.540575,0.536783,5.328162,0.0,0.0
2026-08-28 23:25:21,9451.85,347135,1735,677.8635,425.0199,36.7,198.98439,-0.0,398.008392,1.980461,,11.020478,1.102048,2e-06,2.667899,9.0,10.0,5.674394,0.0,5.674394,94.325606,70.748441,0.496181,5.328162,0.0,0.0
2026-08-28 23:25:35,9465.68,347647,1738,544.7565,431.5849,36.7,122.002579,0.0,244.044785,1.981198,,8.790146,0.879015,4e-06,2.128456,9.0,10.0,4.58403,0.0,4.58403,95.41597,72.462067,0.501398,5.328162,0.0,0.0
2026-08-28 23:25:48,9479.47,348159,1740,458.9185,431.1808,36.7,70.248634,0.0,140.537003,1.986619,,6.850376,0.685038,4e-06,1.75697,8.0,10.0,2.397154,0.0,2.397154,97.602846,74.065445,0.522958,5.328162,0.0,0.0
2026-08-28 23:26:02,9493.22,348671,1743,225.0644,427.7665,36.7,62.114521,0.0,124.268814,1.988756,,6.593096,0.65931,2e-06,2.867712,10.0,10.0,10.156765,0.0,10.156765,89.843235,67.613857,0.525521,5.328162,0.0,0.0
2026-08-28 23:26:16,9507.04,349183,1745,358.74,426.8356,36.7,57.148972,0.0,114.337364,1.97105,,7.046142,0.704614,4e-06,1.948449,8.0,10.0,6.479803,0.0,6.479803,93.520197,71.588674,0.522913,5.328162,0.0,0.0
2026-08-28 23:26:30,9520.85,349695,1748,41.4318,422.9279,36.7,94.673607,0.0,189.386475,1.963388,,5.659683,0.565968,2e-06,3.177704,10.0,10.0,14.551086,0.0,14.551086,85.448914,64.283039,0.488236,5.328162,0.0,0.0
2026-08-28 23:26:44,9534.62,350207,1751,931.5158,427.4141,36.7,320.741211,0.0,641.520996,1.929238,,12.695781,1.269578,5e-06,1.328453,6.0,9.0,0.249247,0.0,0.249247,99.750753,76.18941,0.465967,4.837611,0.0,0.0
2026-08-28 23:26:57,9548.37,350719,1753,923.1875,431.369,36.7,366.688263,0.0,733.414856,1.916164,,14.275987,1.427599,4e-06,2.09712,8.0,10.0,4.691353,0.0,4.691353,95.308647,72.069685,0.482483,4.837611,0.0,0.0
2026-08-28 23:27:11,9562.25,351231,1756,690.4164,437.1472,36.7,202.240372,0.0,404.51886,1.905788,,10.735545,1.073555,4e-06,1.977685,8.0,10.0,4.532587,0.0,4.532587,95.467413,72.491643,0.466981,4.837611,0.0,0.0
2026-08-28 23:27:25,9576.22,351743,1758,639.5061,439.3226,36.7,127.228722,0.0,254.495361,1.895674,,8.369954,0.836995,5e-06,1.259135,5.0,7.0,0.0,0.0,0.0,100.0,76.576878,0.476857,4.837611,0.0,0.0
2026-08-28 23:27:39,9590.2,352255,1761,537.4173,437.51,36.7,116.728088,0.0,233.493927,1.887242,,10.024889,1.002489,4e-06,1.942892,10.0,10.0,8.514917,0.0,8.514917,91.485083,68.98767,0.46616,4.837611,0.0,0.0
2026-08-28 23:27:53,9604.25,352767,1763,564.3512,437.1138,36.7,138.353073,0.0,276.743713,1.879104,,10.420442,1.042044,2e-06,2.702102,10.0,10.0,8.896554,0.0,8.896554,91.103446,70.070607,0.508978,4.837611,0.0,0.0
2026-08-28 23:28:07,9618.37,353279,1766,548.9482,439.8756,36.7,169.247925,0.0,338.533325,1.873555,,8.579772,0.857977,3e-06,2.130958,9.0,10.0,3.459797,0.0,3.459797,96.540203,72.673026,0.581543,4.837611,0.0,0.0
2026-08-28 23:28:21,9632.43,353791,1768,324.6493,440.7105,36.7,102.042747,-0.0,204.122879,1.869083,,7.544485,0.754449,1e-06,2.625745,9.0,10.0,9.870471,0.0,9.870471,90.129529,68.951601,0.551411,4.837611,0.0,0.0
2026-08-28 23:28:35,9646.48,354303,1771,421.5714,437.8568,36.7,122.134109,0.0,244.305542,1.865918,,7.872037,0.787204,3e-06,2.293414,9.0,10.0,7.044188,0.0,7.044188,92.955812,70.593311,0.585078,4.837611,0.0,0.0
2026-08-28 23:28:49,9660.54,354815,1774,634.4425,438.3922,36.7,138.392258,0.0,276.821503,1.849338,,8.635267,0.863527,4e-06,1.681212,6.0,9.0,0.874732,0.0,0.874732,99.125268,75.631336,0.508841,4.837611,0.0,0.0
2026-08-28 23:29:03,9674.39,355327,1776,569.4634,439.8788,36.7,153.927155,-0.0,307.891113,1.839538,,8.805465,0.880546,7e-06,1.449317,7.0,10.0,3.323286,0.0,3.323286,96.676714,73.834264,0.504054,4.837611,0.0,0.0
2026-08-28 23:29:17,9688.38,355839,1779,222.1967,440.1128,36.7,54.30019,-0.0,108.637352,1.848419,,6.649265,0.664927,2e-06,3.027818,10.0,10.0,12.045046,0.0,12.045046,87.954954,66.71173,0.515279,4.837611,0.0,0.0
2026-08-28 23:29:31,9702.22,356351,1781,570.0829,440.0767,36.7,109.69043,0.0,219.418289,1.871624,,8.578274,0.857827,3e-06,1.739941,7.0,10.0,3.331541,0.0,3.331541,96.668459,73.681154,0.448759,4.837611,0.0,0.0
2026-08-28 23:29:45,9716.21,356863,1784,600.6851,444.4316,36.7,125.580345,0.0,251.198715,1.901172,,9.204565,0.920456,3e-06,1.877328,8.0,10.0,3.921007,0.0,3.921007,96.078993,72.863156,0.456246,4.837611,0.0,0.0
2026-08-28 23:29:59,9730.07,357375,1786,604.5514,446.8545,36.7,126.148918,-0.0,252.336212,1.919003,,8.983398,0.89834,4e-06,1.604852,7.0,10.0,2.651912,0.0,2.651912,97.348088,74.578405,0.457327,4.837611,0.0,0.0
2026-08-28 23:30:13,9743.93,357887,1789,749.4552,451.7051,36.7,193.837265,-0.0,387.713287,1.937122,,10.212935,1.021293,3e-06,1.122015,4.0,7.0,0.144349,0.0,0.144349,99.855651,75.932073,0.444482,4.837611,0.0,0.0
2026-08-28 23:30:27,9757.88,358399,1792,680.561,456.2929,36.7,163.016464,0.0,326.072052,1.956367,,11.199853,1.119985,2e-06,2.136938,9.0,10.0,6.052395,0.0,6.052395,93.947605,71.225245,0.444586,4.837611,0.0,0.0
2026-08-28 23:30:41,9771.82,358911,1794,546.7519,460.8431,36.7,109.919312,0.0,219.878006,1.968968,,7.696734,0.769673,3e-06,1.729834,8.0,10.0,1.518629,0.0,1.518629,98.481371,74.92937,0.476303,4.837611,0.0,0.0
2026-08-28 23:30:55,9785.75,359423,1797,358.4998,461.1182,36.7,57.999756,0.0,116.039062,1.977451,,6.697983,0.669798,3e-06,1.491377,7.0,10.0,6.030591,0.0,6.030591,93.969409,71.410731,0.466639,4.837611,0.0,0.0
2026-08-28 23:31:09,9799.69,359935,1799,760.9211,466.5701,36.7,205.833542,0.0,411.706757,1.982947,,10.208632,1.020863,5e-06,0.964215,4.0,7.0,0.0311,0.0,0.0311,99.9689,76.947144,0.422514,4.837611,0.0,0.0
2026-08-28 23:31:23,9813.74,360447,1802,187.5029,467.1506,36.7,53.492062,-0.0,107.024071,1.997498,,6.9932,0.69932,1e-06,2.868032,10.0,10.0,14.216878,0.0,14.216878,85.783122,63.267626,0.455954,4.837611,0.0,0.0
2026-08-28 23:31:37,9827.74,360959,1804,231.1829,466.8889,36.7,132.951385,0.0,265.94281,2.001219,,6.739239,0.673924,1e-06,2.773513,10.0,10.0,11.379438,0.0,11.379438,88.620562,67.583926,0.489363,4.837611,0.0,0.0
2026-08-28 23:31:51,9841.66,361471,1807,646.7799,464.807,36.7,182.674957,0.0,365.389984,2.003928,,10.349711,1.034971,3e-06,1.369822,8.0,10.0,4.505441,0.0,4.505441,95.494559,72.489357,0.445563,4.837611,0.0,0.0
2026-08-28 23:32:04,9855.59,361983,1809,429.2835,462.3789,36.7,100.424492,0.0,200.88913,2.007502,,9.685387,0.968539,2e-06,2.485921,10.0,10.0,11.517942,0.0,11.517942,88.482058,67.291976,0.479975,4.837611,0.0,0.0
2026-08-28 23:32:18,9869.53,362495,1812,329.1089,461.3273,36.7,71.242958,0.0,142.526093,2.009069,,5.675758,0.567576,3e-06,1.391585,8.0,10.0,4.373529,0.0,4.373529,95.626471,73.18817,0.523667,4.837611,0.0,0.0
2026-08-28 23:32:32,9883.34,363007,1815,323.3813,460.3557,36.7,45.416245,-0.0,90.872765,2.013869,,5.678905,0.567891,2e-06,1.721754,9.0,10.0,4.908681,0.0,4.908681,95.091319,72.303878,0.501315,4.379986,0.0,0.0
2026-08-28 23:32:46,9897.11,363519,1817,412.021,460.4513,36.7,70.090721,-0.0,140.221664,2.010875,,7.99888,0.799888,2e-06,1.540042,9.0,10.0,8.467132,0.0,8.467132,91.532868,69.412578,0.439538,4.379986,0.0,0.0
2026-08-28 23:33:00,9910.93,364031,1820,380.9201,461.1553,36.7,50.477169,-0.0,100.994598,2.013058,,7.312291,0.731229,3e-06,1.323554,9.0,10.0,7.693914,0.0,7.693914,92.306086,69.366126,0.472867,4.379986,0.0,0.0
2026-08-28 23:33:14,9924.69,364543,1822,495.245,460.8981,36.7,108.057854,0.0,216.155884,2.008759,,8.777258,0.877726,3e-06,1.652729,10.0,10.0,7.032895,0.0,7.032895,92.967105,70.850945,0.425456,4.379986,0.0,0.0
2026-08-28 23:33:27,9938.46,365055,1825,543.6866,461.4262,36.7,123.717415,-0.0,247.475006,2.008739,,9.95025,0.995025,2e-06,1.335243,9.0,10.0,8.452461,0.0,8.452461,91.547539,69.541197,0.44549,4.379986,0.0,0.0
2026-08-28 23:33:41,9952.38,365567,1827,324.0136,458.754,36.7,55.188423,-0.0,110.417046,2.009974,,6.429967,0.642997,2e-06,2.019487,10.0,10.0,7.468334,0.0,7.468334,92.531666,70.305259,0.483309,4.379986,0.0,0.0
2026-08-28 23:33:55,9966.28,366079,1830,13.9003,454.7633,36.7,117.652588,-0.0,235.345413,2.011807,,5.330341,0.533034,1e-06,3.209642,10.0,10.0,17.562329,0.0,17.562329,82.437671,61.661477,0.513414,4.379986,0.0,0.0
2026-08-28 23:34:09,9980.26,366591,1832,391.0782,456.4932,36.7,60.563244,0.0,121.166626,2.006963,,7.653933,0.765393,2e-06,2.009881,9.0,10.0,8.33923,0.0,8.33923,91.66077,69.485379,0.466968,4.379986,0.0,0.0
2026-08-28 23:34:23,9994.24,367103,1835,456.9125,454.8661,36.7,93.33654,0.0,186.713211,2.006243,,6.896643,0.689664,4e-06,0.89614,5.0,10.0,2.890718,0.0,2.890718,97.109282,73.590094,0.478841,4.379986,0.0,0.0
2026-08-28 23:34:37,10008.27,367615,1838,554.9519,456.6661,36.7,122.443085,0.0,244.92627,2.005017,,7.8904,0.78904,2e-06,1.406539,6.0,9.0,1.687645,0.0,1.687645,98.312355,74.338824,0.496489,4.379986,0.0,0.0
2026-08-28 23:34:51,10022.29,368127,1840,445.4893,456.7915,36.7,99.900513,0.0,199.841064,2.001847,,9.403454,0.940345,3e-06,1.476856,10.0,10.0,11.19652,0.0,11.19652,88.80348,67.08137,0.448976,4.379986,0.0,0.0
2026-08-28 23:35:05,10036.32,368639,1843,657.0562,455.3781,36.7,150.068497,0.0,300.176971,1.999579,,10.123322,1.012332,2e-06,2.442697,10.0,10.0,4.181436,0.0,4.181436,95.818564,71.906077,0.435663,4.379986,0.0,0.0
2026-08-28 23:35:19,10050.41,369151,1845,357.0179,460.7447,36.7,44.448708,-0.0,88.937462,2.002212,,7.788334,0.778833,2e-06,2.767055,10.0,10.0,10.780609,0.0,10.780609,89.219391,68.361411,0.437444,4.379986,0.0,0.0
2026-08-28 23:35:33,10064.47,369663,1848,373.2714,461.2157,36.7,56.248226,-0.0,112.536476,2.0011,,7.338732,0.733873,3e-06,2.0971,10.0,10.0,8.137066,0.0,8.137066,91.862934,69.896958,0.457794,4.379986,0.0,0.0
2026-08-28 23:35:47,10078.49,370175,1850,493.3692,462.444,36.7,121.39357,0.0,242.827133,1.999653,,9.735551,0.973555,2e-06,1.658896,10.0,10.0,9.622501,0.0,9.622501,90.377499,68.344475,0.472279,4.379986,0.0,0.0
2026-08-28 23:36:01,10092.45,370687,1853,468.5859,465.8221,36.7,91.631531,0.0,183.303055,1.999506,,7.870122,0.787012,2e-06,2.102082,9.0,10.0,5.034782,0.0,5.034782,94.965218,71.718823,0.527878,4.379986,0.0,0.0
2026-08-28 23:36:15,10106.26,371199,1856,756.9605,468.4991,36.7,247.164795,0.0,494.369537,1.996691,,12.052525,1.205252,3e-06,1.395456,9.0,10.0,4.205915,0.0,4.205915,95.794085,73.965866,0.479038,4.379986,0.0,0.0
2026-08-28 23:36:29,10120.12,371711,1858,515.1189,468.5688,36.7,156.816208,0.0,313.672424,2.00004,,9.394767,0.939477,2e-06,1.810821,10.0,10.0,7.456991,0.0,7.456991,92.543009,70.357294,0.500146,4.379986,0.0,0.0
2026-08-28 23:36:43,10133.84,372223,1861,596.2287,469.8072,36.7,147.940231,-0.0,295.920471,1.999951,,8.651316,0.865132,5e-06,0.566474,2.0,10.0,1.558086,0.0,1.558086,98.441914,75.493852,0.511773,4.379986,0.0,0.0
2026-08-28 23:36:57,10147.63,372735,1863,417.6013,469.3738,36.7,76.008644,-0.0,152.057297,2.000462,,6.651164,0.665116,3e-06,1.16215,7.0,10.0,3.556423,0.0,3.556423,96.443577,73.873591,0.512854,4.379986,0.0,0.0
2026-08-28 23:37:11,10161.67,373247,1866,193.0047,467.4841,36.7,46.549934,-0.0,93.139885,2.000987,,6.108948,0.610895,1e-06,2.179476,9.0,10.0,11.932945,0.0,11.932945,88.067055,66.273136,0.48728,4.379986,0.0,0.0
2026-08-28 23:37:25,10175.66,373759,1868,400.4796,465.9044,36.7,60.711937,0.0,121.463905,2.001507,,7.293916,0.729392,2e-06,2.601196,10.0,10.0,6.834422,0.0,6.834422,93.165578,70.562742,0.482672,4.379986,0.0,0.0
2026-08-28 23:37:38,10189.5,374271,1871,442.023,463.7714,36.7,77.166862,-0.0,154.37381,2.003986,,7.806937,0.780694,2e-06,1.653012,9.0,10.0,6.18243,0.0,6.18243,93.81757,71.308666,0.461629,4.379986,0.0,0.0
2026-08-28 23:37:52,10203.38,374783,1873,484.1851,464.587,36.7,79.831665,-0.0,159.7034,2.003283,,7.644022,0.764402,3e-06,1.434325,8.0,10.0,4.024503,0.0,4.024503,95.975497,73.639985,0.483493,4.379986,0.0,0.0
2026-08-28 23:38:06,10217.37,375295,1876,319.5882,463.0276,36.7,44.790787,0.0,89.621674,2.005077,,5.404,0.5404,3e-06,1.601999,9.0,10.0,4.231011,0.0,4.231011,95.768989,73.14368,0.542808,4.153792,0.0,0.0
2026-08-28 23:38:20,10231.32,375807,1879,378.1185,461.4994,36.7,42.57135,0.0,85.182785,2.004278,,5.453432,0.545343,2e-06,1.765213,9.0,10.0,1.918814,0.0,1.918814,98.081186,75.003503,0.504218,4.153792,0.0,0.0
2026-08-28 23:38:34,10245.33,376319,1881,91.7734,457.2097,36.7,50.704704,0.0,101.449562,2.007491,,6.511673,0.651167,1e-06,2.290575,10.0,10.0,18.960899,0.0,18.960899,81.039101,60.657875,0.475364,4.153792,0.0,0.0
2026-08-28 23:38:48,10259.32,376831,1884,584.6263,460.1003,36.7,183.837982,0.0,367.716034,2.00397,,9.309527,0.930953,3e-06,1.273176,8.0,10.0,5.42177,0.0,5.42177,94.57823,71.412385,0.428487,4.153792,0.0,0.0
2026-08-28 23:39:02,10273.31,377343,1886,594.9599,461.7022,36.7,125.434105,0.0,250.908325,2.005557,,9.244132,0.924413,4e-06,1.385719,9.0,10.0,5.006877,0.0,5.006877,94.993123,72.179316,0.421531,4.153792,0.0,0.0
2026-08-28 23:39:16,10287.23,377855,1889,409.5547,463.4981,36.7,51.496235,0.0,103.032646,2.008787,,6.757272,0.675727,3e-06,1.563143,9.0,10.0,5.06487,0.0,5.06487,94.93513,71.777869,0.467888,4.153792,0.0,0.0
2026-08-28 23:39:30,10301.15,378367,1891,660.6592,467.4102,36.7,135.095673,0.0,270.231476,2.006955,,9.370555,0.937055,3e-06,0.926169,4.0,9.0,1.296476,0.0,1.296476,98.703524,75.379295,0.45321,4.153792,0.0,0.0
2026-08-28 23:39:44,10315.04,378879,1894,516.8105,471.0322,36.7,98.337753,0.0,196.715714,2.009971,,7.915838,0.791584,3e-06,0.994827,5.0,10.0,3.74837,0.0,3.74837,96.25163,72.811096,0.442575,4.153792,0.0,0.0
2026-08-28 23:39:58,10329.02,379391,1896,175.3213,468.8087,36.7,40.126514,0.0,80.293289,2.013,,6.476967,0.647697,1e-06,2.09314,10.0,10.0,14.925207,0.0,14.925207,85.074793,63.793535,0.4599,4.153792,0.0,0.0
2026-08-28 23:40:12,10342.92,379903,1899,434.7134,472.2482,36.7,60.94841,0.0,121.937065,2.012315,,6.076016,0.607602,3e-06,1.301614,6.0,9.0,0.864907,0.0,0.864907,99.135093,75.091659,0.495595,4.153792,0.0,0.0
2026-08-28 23:40:26,10356.81,380415,1902,348.8959,470.0811,36.7,41.181812,0.0,82.40387,2.012093,,6.132295,0.613229,2e-06,1.401401,8.0,10.0,5.646767,0.0,5.646767,94.353233,71.194222,0.48554,4.153792,0.0,0.0
2026-08-28 23:40:39,10370.62,380927,1904,490.5542,473.8695,36.7,105.486565,-0.0,211.013382,2.012382,,8.769868,0.876987,4e-06,1.040045,9.0,10.0,8.182648,0.0,8.182648,91.817352,69.799398,0.415906,4.153792,0.0,0.0
2026-08-28 23:40:53,10384.53,381439,1907,372.7457,479.0166,36.7,90.373169,-0.0,180.786606,2.013556,,7.813157,0.781316,3e-06,1.352201,9.0,10.0,9.919386,0.0,9.919386,90.080614,66.858304,0.439908,4.153792,0.0,0.0
2026-08-28 23:41:07,10398.45,381951,1909,-165.9791,473.6422,36.7,332.477936,-0.0,664.996277,2.02043,,3.916845,0.391685,1e-06,2.43703,10.0,10.0,21.767727,0.0,21.767727,78.232273,59.346862,0.543861,4.153792,0.0,0.0
2026-08-28 23:41:21,10412.27,382463,1912,317.4607,471.2248,36.7,38.800213,-0.0,77.64077,2.017212,,4.332604,0.43326,5e-06,1.0195,6.0,10.0,0.805267,0.0,0.805267,99.194733,75.162875,0.533563,4.153792,0.0,0.0
2026-08-28 23:41:35,10426.15,382975,1914,325.9998,468.4167,36.7,68.140533,0.0,136.321442,2.018714,,6.385967,0.638597,2e-06,1.916031,10.0,10.0,7.787367,0.0,7.787367,92.212633,69.525254,0.461571,4.153792,0.0,0.0
2026-08-28 23:41:49,10440.17,383487,1917,646.2832,466.9894,36.7,146.899902,0.0,293.840179,2.018771,,9.545654,0.954565,3e-06,1.444156,8.0,10.0,2.943177,0.0,2.943177,97.056823,73.521855,0.428018,4.153792,0.0,0.0
2026-08-28 23:42:03,10454.22,383999,1920,280.129,464.8099,36.7,26.550159,0.0,53.140785,2.023345,,7.227024,0.722702,2e-06,3.090745,10.0,10.0,12.831357,0.0,12.831357,87.168643,65.855234,0.476949,4.153792,0.0,0.0
2026-08-28 23:42:17,10468.18,384511,1922,346.2023,464.1551,36.7,108.249741,0.0,216.539948,2.023234,,7.507036,0.750704,2e-06,2.164064,10.0,10.0,10.540623,0.0,10.540623,89.459377,67.71429,0.476005,4.153792,0.0,0.0
2026-08-28 23:42:31,10482.22,385023,1925,487.4046,463.8181,36.7,162.287155,0.0,324.614746,2.021442,,10.815358,1.081536,3e-06,1.392567,10.0,10.0,14.056418,0.0,14.056418,85.943582,65.114929,0.437483,4.153792,0.0,0.0
2026-08-28 23:42:45,10496.15,385535,1927,778.7531,466.2864,36.7,196.971069,-0.0,393.982513,2.018761,,10.897285,1.089728,3e-06,1.257638,7.0,10.0,1.311131,0.0,1.311131,98.688869,75.616787,0.415022,4.153792,0.0,0.0
2026-08-28 23:42:59,10510.13,386047,1930,775.0084,471.7618,36.7,249.773621,-0.0,499.587646,2.019764,,12.601255,1.260126,4e-06,1.366022,9.0,10.0,6.237764,0.0,6.237764,93.762236,70.542692,0.472463,4.153792,0.0,0.0
2026-08-28 23:43:13,10524.12,386559,1932,657.5389,472.1625,36.7,135.658295,0.0,271.356964,2.019338,,11.115879,1.111588,2e-06,2.096234,10.0,10.0,7.34929,0.0,7.34929,92.65071,70.474373,0.456607,4.153792,0.0,0.0
2026-08-28 23:43:27,10538.22,387071,1935,389.9263,468.0237,36.7,55.35207,0.0,110.744583,2.022081,,8.518899,0.85189,2e-06,2.209871,10.0,10.0,11.125135,0.0,11.125135,88.874865,67.13565,0.468962,4.153792,0.0,0.0
2026-08-28 23:43:41,10552.1,387583,1937,276.8783,464.4564,36.7,203.773651,-0.0,407.587738,2.022254,,9.1358,0.91358,1e-06,1.932933,10.0,10.0,18.715261,0.0,18.715261,81.284739,61.696782,0.473052,4.067234,0.0,0.0
2026-08-28 23:43:55,10565.99,388095,1940,347.6578,464.6435,36.7,48.934792,-0.0,97.910065,2.024162,,7.600196,0.76002,4e-06,1.772961,10.0,10.0,11.226971,0.0,11.226971,88.773029,67.278975,0.48478,4.067234,0.0,0.0
2026-08-28 23:44:09,10579.88,388607,1943,437.5483,463.6711,36.7,55.663605,-0.0,111.367638,2.021517,,6.963496,0.69635,2e-06,2.465738,10.0,10.0,4.493818,0.0,4.493818,95.506182,71.880559,0.479559,4.067234,0.0,0.0
2026-08-28 23:44:23,10593.87,389119,1945,688.0843,463.7208,36.7,252.51947,0.0,505.079346,2.020092,,13.257769,1.325777,3e-06,1.369711,9.0,10.0,12.325101,0.0,12.325101,87.674899,66.771865,0.430663,4.067234,0.0,0.0
2026-08-28 23:44:37,10607.8,389631,1948,905.9493,470.6325,36.7,285.856934,0.0,571.754211,2.018627,,12.895425,1.289543,4e-06,1.006996,5.0,9.0,1.260162,0.0,1.260162,98.739838,75.486043,0.444204,4.067234,0.0,0.0
2026-08-28 23:44:51,10621.75,390143,1950,706.2557,474.7175,36.7,200.544662,0.0,401.12973,2.019949,,10.207658,1.020766,5e-06,1.07677,7.0,10.0,1.312614,0.0,1.312614,98.687386,75.339254,0.461294,4.067234,0.0,0.0
2026-08-28 23:45:05,10635.67,390655,1953,669.7933,477.0118,36.7,144.035095,0.0,288.110596,2.019814,,9.023406,0.902341,4e-06,1.137275,5.0,9.0,0.175273,0.0,0.175273,99.824727,76.127417,0.455736,4.067234,0.0,0.0
2026-08-28 23:45:19,10649.66,391167,1955,408.1037,477.1212,36.7,78.018913,-0.0,156.078232,2.020387,,6.571347,0.657135,4e-06,0.902884,5.0,10.0,4.252353,0.0,4.252353,95.747647,73.215141,0.490058,4.067234,0.0,0.0
2026-08-28 23:45:33,10663.65,391679,1958,511.2531,474.8242,36.7,103.206039,-0.0,206.452499,2.020681,,6.960936,0.696094,3e-06,1.422177,7.0,10.0,0.829447,0.0,0.829447,99.170553,75.918959,0.48482,4.067234,0.0,0.0
2026-08-28 23:45:47,10677.72,392191,1960,539.1953,474.4946,36.7,93.766068,0.0,187.57254,2.020179,,8.585135,0.858513,2e-06,1.855128,9.0,10.0,4.517608,0.0,4.517608,95.482392,72.649014,0.483034,4.067234,0.0,0.0
2026-08-28 23:46:01,10691.73,392703,1963,528.1196,471.4094,36.7,88.379044,0.0,176.798538,2.022205,,9.240612,0.924061,2e-06,1.93034,10.0,10.0,8.203883,0.0,8.203883,91.796117,69.375278,0.444987,4.067234,0.0,0.0
2026-08-28 23:46:15,10705.81,393215,1966,749.605,476.7272,36.7,178.609146,0.0,357.258698,2.019844,,10.999002,1.0999,3e-06,1.578155,8.0,10.0,2.701985,0.0,2.701985,97.298015,74.588287,0.452368,4.067234,0.0,0.0
2026-08-28 23:46:29,10719.79,393727,1968,415.1824,475.2608,36.7,155.332016,0.0,310.704468,2.022376,,8.118772,0.811877,2e-06,1.388937,9.0,10.0,9.441198,0.0,9.441198,90.558802,68.795721,0.452128,4.067234,0.0,0.0
2026-08-28 23:46:43,10733.69,394239,1971,232.394,472.8614,36.7,88.023636,0.0,176.087753,2.024171,,4.680763,0.468076,5e-06,0.777071,4.0,10.0,6.08745,0.0,6.08745,93.91255,71.385422,0.544363,4.067234,0.0,0.0
2026-08-28 23:46:56,10747.6,394751,1973,608.5777,474.2438,36.7,136.062592,0.0,272.165588,2.020417,,9.126499,0.91265,3e-06,1.143258,8.0,10.0,3.135333,0.0,3.135333,96.864667,74.096522,0.456727,4.067234,0.0,0.0
2026-08-28 23:47:10,10761.54,395263,1976,671.165,474.9133,36.7,162.880676,0.0,325.801819,2.023188,,9.619912,0.961991,3e-06,1.664353,8.0,10.0,2.406992,0.0,2.406992,97.593008,73.840919,0.438163,4.067234,0.0,0.0
2026-08-28 23:47:24,10775.43,395775,1978,413.5341,474.8438,36.7,59.08445,0.0,118.209389,2.024504,,6.047213,0.604721,3e-06,1.459131,9.0,10.0,2.406079,0.0,2.406079,97.593921,74.166379,0.510399,4.067234,0.0,0.0
2026-08-28 23:47:38,10789.25,396287,1981,488.0077,475.9938,36.7,88.558861,0.0,177.158218,2.024704,,8.125259,0.812526,3e-06,1.180712,7.0,10.0,5.559633,0.0,5.559633,94.440367,71.887264,0.478006,4.067234,0.0,0.0
2026-08-28 23:47:52,10803.21,396799,1984,498.4124,476.2261,36.7,81.731453,0.0,163.503403,2.024489,,8.139323,0.813932,2e-06,1.914356,9.0,10.0,5.322443,0.0,5.322443,94.677557,72.326963,0.446052,4.067234,0.0,0.0
2026-08-28 23:48:06,10817.1,397311,1986,403.5188,476.9224,36.7,55.139252,-0.0,110.318985,2.02396,,8.294383,0.829438,2e-06,2.509097,10.0,10.0,11.175547,0.0,11.175547,88.824453,66.701246,0.447234,4.067234,0.0,0.0
2026-08-28 23:48:20,10830.9,397823,1989,668.1014,478.9069,36.7,156.304611,0.0,312.649658,2.021395,,9.464196,0.94642,4e-06,0.90677,4.0,9.0,1.940827,0.0,1.940827,98.059173,74.448296,0.439468,4.067234,0.0,0.0
2026-08-28 23:48:34,10844.7,398335,1991,634.987,478.4782,36.7,116.73027,-0.0,233.501022,2.023848,,8.882141,0.888214,4e-06,1.20463,8.0,10.0,1.562653,0.0,1.562653,98.437347,74.981564,0.448743,4.067234,0.0,0.0
2026-08-28 23:48:47,10858.57,398847,1994,439.2967,477.4236,36.7,64.269417,0.0,128.57933,2.025024,,6.059265,0.605927,3e-06,1.187232,7.0,10.0,0.563773,0.0,0.563773,99.436227,75.699181,0.54039,4.067234,0.0,0.0
2026-08-28 23:49:01,10872.33,399359,1996,659.3636,479.428,36.7,161.520218,0.0,323.080963,2.026109,,8.929516,0.892952,4e-06,0.786431,4.0,8.0,0.022088,0.0,0.022088,99.977912,76.785999,0.493014,4.067234,0.0,0.0
2026-08-28 23:49:15,10886.11,399871,1999,720.1694,484.3791,36.7,173.813065,-0.0,347.666595,2.022893,,9.984811,0.998481,6e-06,0.61346,3.0,6.0,0.0,0.0,0.0,100.0,76.607782,0.470604,4.067234,0.0,0.0
2026-08-28 23:49:29,10899.97,400383,2001,723.4427,488.0261,36.7,190.491882,0.0,381.024292,2.02653,,10.829387,1.082939,4e-06,1.030065,6.0,10.0,3.652368,0.0,3.652368,96.347632,73.35241,0.465101,3.430032,0.0,0.0
2026-08-28 23:49:43,10914.05,400895,2004,511.9775,492.7316,36.7,62.262547,0.0,124.565636,2.027059,,8.536936,0.853694,3e-06,1.451919,9.0,10.0,7.283754,0.0,7.283754,92.716246,70.532034,0.446258,3.430032,0.0,0.0
2026-08-28 23:49:57,10928.06,401407,2007,411.0848,487.5273,36.7,63.352875,0.0,126.746315,2.028225,,8.56033,0.856033,3e-06,0.973538,7.0,10.0,13.207375,0.0,13.207375,86.792625,65.371941,0.40953,3.430032,0.0,0.0
2026-08-28 23:50:11,10942.09,401919,2009,438.3869,482.6793,36.7,86.796799,-0.0,173.63414,2.026957,,8.319301,0.83193,2e-06,1.827743,10.0,10.0,11.110246,0.0,11.110246,88.889754,67.219299,0.441101,3.430032,0.0,0.0
2026-08-28 23:50:25,10956.09,402431,2012,447.9352,480.2544,36.7,73.946808,-0.0,147.934158,2.027461,,8.396173,0.839617,2e-06,1.440331,9.0,10.0,10.730028,0.0,10.730028,89.269972,68.068207,0.438567,3.430032,0.0,0.0
2026-08-28 23:50:39,10970.17,402943,2014,365.822,477.5176,36.7,70.652679,-0.0,141.345917,2.027683,,6.79476,0.679476,2e-06,2.120077,10.0,10.0,8.694721,0.0,8.694721,91.305279,69.086374,0.45115,3.430032,0.0,0.0
2026-08-28 23:50:53,10984.24,403455,2017,353.2333,475.6758,36.7,71.853058,-0.0,143.746704,2.029621,,8.392134,0.839213,2e-06,3.286997,10.0,10.0,16.053653,0.0,16.053653,83.946347,62.616294,0.444621,3.430032,0.0,0.0
2026-08-28 23:51:07,10998.27,403967,2019,604.1497,476.0737,36.7,130.631287,-0.0,261.303192,2.03023,,10.12786,1.012786,2e-06,1.990747,9.0,10.0,8.293206,0.0,8.293206,91.706794,69.007217,0.467459,3.430032,0.0,0.0
2026-08-28 23:51:21,11012.09,404479,2022,717.3129,477.7574,36.7,229.209198,0.0,458.458984,2.030042,,10.87711,1.087711,3e-06,1.652872,9.0,10.0,4.453007,0.0,4.453007,95.546993,72.42711,0.498428,3.430032,0.0,0.0
2026-08-28 23:51:35,11026.04,404991,2024,582.4111,480.335,36.7,164.839722,0.0,329.720062,2.031254,,10.011445,1.001145,2e-06,1.463575,9.0,10.0,8.871509,0.0,8.871509,91.128491,70.300074,0.474094,3.430032,0.0,0.0
2026-08-28 23:51:49,11039.98,405503,2027,191.3436,478.0327,36.7,53.643021,0.0,107.326736,2.034851,,6.711823,0.671182,1e-06,2.78208,10.0,10.0,17.684619,0.0,17.684619,82.315381,61.812044,0.493478,3.430032,0.0,0.0
2026-08-28 23:52:03,11053.9,406015,2030,637.2604,478.0609,36.7,183.37439,0.0,366.78952,2.036486,,9.787618,0.978762,4e-06,1.478558,10.0,10.0,5.227036,0.0,5.227036,94.772964,72.19923,0.456712,3.430032,0.0,0.0
2026-08-28 23:52:17,11067.92,406527,2032,621.144,478.5777,36.7,124.402046,-0.0,248.844833,2.037341,,10.530787,1.053079,2e-06,2.145966,10.0,10.0,9.382303,0.0,9.382303,90.617697,68.71862,0.439034,3.430032,0.0,0.0
2026-08-28 23:52:31,11081.81,407039,2035,621.0505,482.5663,36.7,144.708267,-0.0,289.457336,2.040409,,8.882878,0.888288,3e-06,1.350518,7.0,10.0,2.304716,0.0,2.304716,97.695284,73.310509,0.477852,3.430032,0.0,0.0
2026-08-28 23:52:45,11095.75,407551,2037,372.6715,480.5921,36.7,99.029015,-0.0,198.098907,2.04413,,7.638169,0.763817,2e-06,1.671873,9.0,10.0,11.762134,0.0,11.762134,88.237866,67.391303,0.491406,3.430032,0.0,0.0
2026-08-28 23:52:59,11109.71,408063,2040,468.3259,479.2686,36.7,68.542908,0.0,137.126694,2.043633,,7.931554,0.793155,2e-06,2.312193,10.0,10.0,7.799101,0.0,7.799101,92.200899,69.54152,0.460074,3.430032,0.0,0.0
2026-08-28 23:53:13,11123.77,408575,2042,641.0503,479.6335,36.7,134.234833,0.0,268.510498,2.042281,,9.595739,0.959574,4e-06,1.277566,8.0,10.0,4.12903,0.0,4.12903,95.87097,73.414505,0.444603,3.430032,0.0,0.0
2026-08-28 23:53:27,11137.77,409087,2045,568.8588,477.8276,36.7,117.454674,0.0,234.950241,2.044411,,8.172182,0.817218,2e-06,1.952607,9.0,10.0,2.410456,0.0,2.410456,97.589544,73.43122,0.498508,3.430032,0.0,0.0
2026-08-28 23:53:41,11151.77,409599,2048,550.4447,476.5264,36.7,113.529114,0.0,227.099121,2.044938,,7.877956,0.787796,4e-06,1.271688,7.0,10.0,2.485533,0.0,2.485533,97.514467,73.821621,0.469657,3.430032,0.0,0.0
2026-08-28 23:53:55,11165.83,410111,2050,547.4511,476.5334,36.7,89.799858,0.0,179.64061,2.044313,,7.97104,0.797104,3e-06,1.550552,8.0,10.0,3.133231,0.0,3.133231,96.866769,73.535404,0.438261,3.430032,0.0,0.0
2026-08-28 23:54:09,11179.67,410623,2053,657.4777,479.5232,36.7,149.449463,0.0,298.939789,2.043839,,8.800729,0.880073,5e-06,0.451701,2.0,4.0,0.133391,0.0,0.133391,99.866609,76.094939,0.443481,3.430032,0.0,0.0
2026-08-28 23:54:23,11193.65,411135,2055,323.1118,475.1451,36.7,106.094482,0.0,212.229904,2.047101,,7.55541,0.755541,1e-06,2.269241,10.0,10.0,13.53272,0.0,13.53272,86.46728,65.60272,0.455919,3.430032,0.0,0.0
2026-08-28 23:54:36,11207.54,411647,2058,634.9899,479.62,36.7,227.468704,-0.0,454.978363,2.047366,,10.434941,1.043494,3e-06,1.163936,8.0,10.0,7.265466,0.0,7.265466,92.734534,70.29831,0.480395,3.430032,0.0,0.0
2026-08-28 23:54:50,11221.43,412159,2060,481.9511,482.1276,36.7,147.931244,0.0,295.903473,2.049669,,8.042103,0.80421,3e-06,1.286266,9.0,10.0,6.390933,0.0,6.390933,93.609067,71.118295,0.488664,3.430032,0.0,0.0
2026-08-28 23:55:04,11235.28,412671,2063,386.0203,479.52,36.7,60.330837,0.0,120.702713,2.051923,,6.222819,0.622282,2e-06,1.781216,9.0,10.0,4.93633,0.0,4.93633,95.06367,72.300945,0.510202,3.290521,0.0,0.0
2026-08-28 23:55:18,11249.12,413183,2065,411.3359,479.3406,36.7,51.741089,0.0,103.523216,2.051936,,6.028526,0.602853,3e-06,1.760476,9.0,10.0,2.788928,0.0,2.788928,97.211072,74.192453,0.512879,3.290521,0.0,0.0
2026-08-28 23:55:32,11262.94,413695,2068,317.6452,479.2259,36.7,29.816622,0.0,59.674343,2.054944,,4.920251,0.492025,3e-06,1.54983,9.0,10.0,3.602202,0.0,3.602202,96.397798,72.722417,0.562589,3.290521,0.0,0.0
2026-08-28 23:55:46,11276.78,414207,2071,618.641,482.1785,36.7,149.197769,0.0,298.436615,2.053135,,8.501068,0.850107,5e-06,0.776897,4.0,8.0,0.077265,0.0,0.077265,99.922735,76.07043,0.512537,3.290521,0.0,0.0
2026-08-28 23:56:00,11290.67,414719,2073,637.8873,484.4372,36.7,174.944077,-0.0,349.929199,2.052267,,10.142382,1.014238,3e-06,1.906052,10.0,10.0,6.023422,0.0,6.023422,93.976578,71.546511,0.51201,3.290521,0.0,0.0
2026-08-28 23:56:13,11304.6,415231,2076,300.2921,483.6309,36.7,149.27449,0.0,298.590088,2.05481,,9.737915,0.973791,1e-06,2.825794,10.0,10.0,23.589118,0.0,23.589118,76.410882,56.11614,0.504771,3.290521,0.0,0.0
2026-08-28 23:56:27,11318.52,415743,2078,550.7601,484.1861,36.7,129.047134,0.0,258.135345,2.054401,,9.228765,0.922876,3e-06,1.295141,8.0,10.0,7.586834,0.0,7.586834,92.413166,70.64316,0.464536,3.290521,0.0,0.0
2026-08-28 23:56:41,11332.36,416255,2081,675.8452,485.5077,36.7,161.672592,0.0,323.386322,2.057397,,10.101875,1.010188,4e-06,1.117912,8.0,10.0,3.53794,0.0,3.53794,96.46206,73.224549,0.477481,3.290521,0.0,0.0
2026-08-28 23:56:55,11346.28,416767,2083,487.448,487.142,36.7,93.60598,-0.0,187.253128,2.058037,,7.947801,0.79478,2e-06,3.057859,10.0,10.0,7.326466,0.0,7.326466,92.673534,70.306694,0.494735,3.290521,0.0,0.0
2026-08-28 23:57:09,11360.12,417279,2086,525.0679,492.2537,36.7,78.801857,0.0,157.644928,2.060886,,7.165892,0.716589,5e-06,0.85421,4.0,9.0,1.015559,0.0,1.015559,98.984441,75.629827,0.491135,3.290521,0.0,0.0
2026-08-28 23:57:23,11374.26,417791,2088,638.3412,494.7263,36.7,151.490524,0.0,303.022217,2.059019,,10.760568,1.076057,3e-06,1.605572,9.0,10.0,9.198162,0.0,9.198162,90.801838,68.631804,0.453294,3.290521,0.0,0.0
2026-08-28 23:57:37,11388.25,418303,2091,762.6868,497.784,36.7,237.277939,0.0,474.597076,2.059211,,11.462527,1.146253,4e-06,1.59662,9.0,10.0,3.255586,0.0,3.255586,96.744414,73.171866,0.512684,3.290521,0.0,0.0
2026-08-28 23:57:51,11402.21,418815,2094,649.9298,498.7338,36.7,168.55217,-0.0,337.145569,2.061358,,9.630852,0.963085,2e-06,2.221529,9.0,10.0,3.430903,0.0,3.430903,96.569097,73.035956,0.550665,3.290521,0.0,0.0
2026-08-28 23:58:05,11416.23,419327,2096,632.8523,500.6075,36.7,132.726486,0.0,265.494171,2.05936,,9.981536,0.998154,3e-06,2.034946,9.0,10.0,6.795907,0.0,6.795907,93.204093,70.65676,0.438179,3.290521,0.0,0.0
2026-08-28 23:58:19,11430.17,419839,2099,712.0154,501.157,36.7,163.418457,0.0,326.878113,2.060466,,10.094974,1.009497,4e-06,1.110373,6.0,9.0,1.783638,0.0,1.783638,98.216362,74.388589,0.447899,3.290521,0.0,0.0
2026-08-28 23:58:33,11444.16,420351,2101,465.0216,502.2371,36.7,64.469231,0.0,128.979645,2.059386,,7.300129,0.730013,2e-06,2.168852,10.0,10.0,5.430101,0.0,5.430101,94.569899,72.106012,0.485923,3.290521,0.0,0.0
2026-08-28 23:58:47,11458.02,420863,2104,479.7416,503.3018,36.7,62.334129,0.0,124.70945,2.059431,,7.956095,0.79561,2e-06,2.278644,10.0,10.0,7.864419,0.0,7.864419,92.135581,69.296099,0.453585,3.290521,0.0,0.0
2026-08-28 23:59:01,11471.88,421375,2106,882.7476,507.1956,36.7,284.416321,0.0,568.873718,2.0542,,13.019663,1.301966,4e-06,1.61426,8.0,10.0,3.091277,0.0,3.091277,96.908723,73.279128,0.481323,3.290521,0.0,0.0
2026-08-28 23:59:15,11485.7,421887,2109,826.9965,510.7797,36.7,225.921143,-0.0,451.883392,2.056049,,12.362674,1.236267,3e-06,1.828677,9.0,10.0,4.262677,0.0,4.262677,95.737323,71.714019,0.459635,3.290521,0.0,0.0
2026-08-28 23:59:28,11499.48,422399,2112,853.9328,511.7494,36.7,239.458801,0.0,478.95871,2.055389,,11.750829,1.175083,4e-06,1.307342,7.0,10.0,1.138825,0.0,1.138825,98.861175,75.576724,0.42083,3.290521,0.0,0.0
2026-08-28 23:59:42,11513.32,422911,2114,660.5794,513.204,36.7,157.385986,0.0,314.81311,2.056563,,10.341222,1.034122,4e-06,0.97288,7.0,10.0,6.318176,0.0,6.318176,93.681824,71.222178,0.451862,3.290521,0.0,0.0
2026-08-28 23:59:56,11527.3,423423,2117,653.8341,513.7801,36.7,171.110229,0.0,342.261536,2.05402,,9.103407,0.910341,7e-06,0.689903,3.0,10.0,1.220497,0.0,1.220497,98.779503,75.495246,0.484353,3.290521,0.0,0.0
2026-08-29 00:00:10,11541.14,423935,2119,839.968,518.0037,36.7,252.833145,-0.0,505.707336,2.051988,,11.46377,1.146377,5e-06,0.626512,3.0,5.0,0.0,0.0,0.0,100.0,76.493136,0.424228,3.290521,0.0,0.0
2026-08-29 00:00:24,11555.16,424447,2122,56.2593,516.6363,36.7,99.264519,0.0,198.570297,2.063265,,6.077468,0.607747,1e-06,2.633651,10.0,10.0,23.9907,0.0,23.9907,76.0093,56.141191,0.527385,3.290521,0.0,0.0
2026-08-29 00:00:38,11569.21,424959,2124,437.363,517.0051,36.7,61.711384,-0.0,123.46389,2.05606,,6.026214,0.602621,5e-06,1.27282,8.0,10.0,1.536295,0.0,1.536295,98.463705,74.824331,0.544999,3.290521,0.0,0.0
2026-08-29 00:00:52,11583.27,425471,2127,531.4639,517.8995,36.7,80.892784,0.0,161.826645,2.053486,,8.031463,0.803146,6e-06,1.06039,6.0,10.0,5.444894,0.0,5.444894,94.555106,71.311246,0.45936,2.854187,0.0,0.0
2026-08-29 00:01:06,11597.3,425983,2129,679.383,519.8515,36.7,209.606888,0.0,419.254791,2.050758,,11.159734,1.115973,2e-06,2.32944,10.0,10.0,10.18797,0.0,10.18797,89.81203,67.76687,0.467223,2.854187,0.0,0.0
2026-08-29 00:01:20,11611.28,426495,2132,733.3187,523.9888,36.7,196.238968,0.0,392.518951,2.050709,,11.803849,1.180385,2e-06,2.241476,10.0,10.0,8.713771,0.0,8.713771,91.286229,68.787619,0.442808,2.854187,0.0,0.0
2026-08-29 00:01:34,11625.33,427007,2135,828.4896,528.4925,36.7,244.167358,0.0,488.375702,2.049722,,12.257059,1.225706,2e-06,2.331613,10.0,10.0,5.017689,0.0,5.017689,94.982311,72.29408,0.465563,2.854187,0.0,0.0
2026-08-29 00:01:48,11639.32,427519,2137,481.0558,532.3853,36.7,138.171753,0.0,276.384583,2.053318,,8.668747,0.866875,1e-06,3.173084,10.0,10.0,11.624081,0.0,11.624081,88.375919,66.719634,0.487271,2.854187,0.0,0.0
2026-08-29 00:02:02,11653.31,428031,2140,566.8682,532.2078,36.7,125.577194,-0.0,251.195435,2.052085,,9.062559,0.906256,2e-06,2.278809,10.0,10.0,7.544012,0.0,7.544012,92.455988,69.730538,0.498112,2.854187,0.0,0.0
2026-08-29 00:02:16,11667.23,428543,2142,764.1232,533.8994,36.7,234.127365,0.0,468.295715,2.049187,,10.83285,1.083285,4e-06,1.50052,8.0,10.0,2.379333,0.0,2.379333,97.620667,74.549362,0.488765,2.854187,0.0,0.0
2026-08-29 00:02:30,11681.09,429055,2145,494.2571,534.7464,36.7,100.835793,0.0,201.712631,2.052464,,7.886596,0.78866,3e-06,1.995161,9.0,10.0,6.598326,0.0,6.598326,93.401674,69.682531,0.513118,2.854187,0.0,0.0
2026-08-29 00:02:44,11694.88,429567,2147,600.7787,534.1476,36.7,133.003555,0.0,266.048126,2.050997,,8.864441,0.886444,4e-06,0.847882,3.0,10.0,4.221151,0.0,4.221151,95.778849,72.82174,0.473868,2.854187,0.0,0.0
2026-08-29 00:02:58,11708.64,430079,2150,542.9347,534.4088,36.7,121.204453,0.0,242.449936,2.051622,,7.769063,0.776906,5e-06,1.331072,7.0,10.0,2.999043,0.0,2.999043,97.000957,73.709453,0.486672,2.854187,0.0,0.0
2026-08-29 00:03:11,11722.59,430591,2152,276.5049,535.4207,36.7,34.940605,0.0,69.922302,2.054582,,6.568267,0.656827,2e-06,3.111599,10.0,10.0,15.409123,0.0,15.409123,84.590877,63.049723,0.477248,2.854187,0.0,0.0
2026-08-29 00:03:25,11736.5,431103,2155,331.0049,534.3836,36.7,61.666859,-0.0,123.374672,2.047647,,6.988031,0.698803,2e-06,2.957321,10.0,10.0,13.83996,0.0,13.83996,86.16004,64.872628,0.501648,2.854187,0.0,0.0
2026-08-29 00:03:39,11750.32,431615,2158,629.0432,537.1851,36.7,160.913116,0.0,321.867004,2.039242,,10.024064,1.002406,4e-06,1.263999,8.0,10.0,7.502763,0.0,7.502763,92.497237,70.206278,0.459046,2.854187,0.0,0.0
2026-08-29 00:03:53,11764.1,432127,2160,506.49,537.3444,36.7,88.839088,0.0,177.718857,2.034155,,7.367765,0.736776,4e-06,1.070442,6.0,10.0,3.245858,0.0,3.245858,96.754142,74.178888,0.487051,2.854187,0.0,0.0
2026-08-29 00:04:07,11778.15,432639,2163,55.5375,534.1723,36.7,57.759747,0.0,115.560234,2.037199,,2.809652,0.280965,2e-06,2.746583,10.0,10.0,11.316655,0.0,11.316655,88.683345,66.280847,0.674892,2.854187,0.0,0.0
2026-08-29 00:04:21,11792.09,433151,2165,331.6575,539.1487,36.7,31.801884,0.0,63.644287,2.025919,,4.41253,0.441253,4e-06,1.109562,5.0,9.0,0.375096,0.0,0.375096,99.624904,75.864782,0.624798,2.854187,0.0,0.0
2026-08-29 00:04:35,11806.0,433663,2168,694.9043,542.9232,36.7,141.978348,0.0,283.99704,2.017541,,9.854276,0.985428,3e-06,1.392133,8.0,10.0,2.506049,0.0,2.506049,97.493951,74.419826,0.447003,2.854187,0.0,0.0
2026-08-29 00:04:49,11819.93,434175,2170,967.8004,549.3412,36.7,339.868408,0.0,679.776978,2.008926,,13.74272,1.374272,3e-06,1.264358,6.0,9.0,0.396681,0.0,0.396681,99.603319,76.181757,0.451074,2.854187,0.0,0.0
2026-08-29 00:05:03,11834.03,434687,2173,546.1502,548.3398,36.7,94.393013,0.0,188.826218,2.00935,,9.00829,0.900829,2e-06,2.433075,10.0,10.0,8.633126,0.0,8.633126,91.366874,69.179518,0.461901,2.854187,0.0,0.0
2026-08-29 00:05:17,11848.06,435199,2176,327.2714,548.8112,36.7,53.961643,0.0,107.963432,2.007328,,6.696037,0.669604,2e-06,2.466244,10.0,10.0,12.599032,0.0,12.599032,87.400968,66.143799,0.484593,2.854187,0.0,0.0
2026-08-29 00:05:31,11862.1,435711,2178,460.562,549.9548,36.7,95.203468,-0.0,190.446915,1.998891,,8.29376,0.829376,2e-06,2.421372,10.0,10.0,11.377234,0.0,11.377234,88.622766,66.231846,0.480515,2.854187,0.0,0.0
2026-08-29 00:05:45,11876.2,436223,2181,446.6095,549.5469,36.7,102.348923,0.0,204.737701,1.992963,,7.211078,0.721108,4e-06,1.225793,7.0,10.0,6.608087,0.0,6.608087,93.391913,71.734594,0.516169,2.854187,0.0,0.0
2026-08-29 00:05:59,11890.13,436735,2183,642.2059,548.1814,36.7,160.829468,-0.0,321.69873,1.989707,,9.107004,0.9107,3e-06,1.653072,9.0,10.0,2.772667,0.0,2.772667,97.227333,74.251694,0.474914,2.854187,0.0,0.0
2026-08-29 00:06:13,11904.03,437247,2186,735.71,547.7884,36.7,220.848297,0.0,441.736328,1.986279,,11.878929,1.187893,2e-06,2.620998,10.0,10.0,8.968072,0.0,8.968072,91.031928,68.058837,0.483848,2.854187,0.0,0.0
2026-08-29 00:06:27,11917.89,437759,2188,744.9174,548.6622,36.7,193.069168,0.0,386.177917,1.979485,,11.242335,1.124234,2e-06,1.759713,9.0,10.0,5.593434,0.0,5.593434,94.406566,71.804272,0.46124,2.629989,0.0,0.0
2026-08-29 00:06:41,11931.75,438271,2191,426.0656,549.0236,36.7,76.445473,0.0,152.930588,1.982333,,7.711938,0.771194,2e-06,2.078279,10.0,10.0,11.501789,0.0,11.501789,88.498211,66.116617,0.474001,2.629989,0.0,0.0
2026-08-29 00:06:55,11945.66,438783,2193,511.0921,551.3658,36.7,70.553162,0.0,141.145874,1.977343,,7.774234,0.777423,2e-06,2.534128,10.0,10.0,6.033131,0.0,6.033131,93.966869,71.019814,0.448368,2.629989,0.0,0.0
2026-08-29 00:07:09,11959.7,439295,2196,425.4127,552.1433,36.7,66.154022,0.0,132.34758,1.976487,,6.45919,0.645919,2e-06,1.976683,8.0,10.0,4.634732,0.0,4.634732,95.365268,71.178244,0.479896,2.629989,0.0,0.0
2026-08-29 00:07:23,11973.74,439807,2199,541.2876,553.1807,36.7,106.431847,0.0,212.903198,1.975363,,8.156927,0.815693,2e-06,1.847987,9.0,10.0,5.192825,0.0,5.192825,94.807175,71.985654,0.481875,2.629989,0.0,0.0
2026-08-29 00:07:37,11987.63,440319,2201,679.0561,553.0904,36.7,154.498352,0.0,309.036041,1.967598,,9.492694,0.949269,4e-06,1.136848,5.0,9.0,1.90013,0.0,1.90013,98.09987,74.752412,0.438321,2.629989,0.0,0.0
2026-08-29 00:07:50,12001.54,440831,2204,597.4406,550.0053,36.7,103.824738,0.0,207.688751,1.963516,,8.057146,0.805715,5e-06,0.927727,4.0,9.0,0.334424,0.0,0.334424,99.665576,75.537077,0.446762,2.629989,0.0,0.0
2026-08-29 00:08:04,12015.54,441343,2206,244.3674,545.3864,36.7,37.074337,0.0,74.188026,1.967537,,4.391242,0.439124,3e-06,2.069718,9.0,10.0,6.994368,0.0,6.994368,93.005632,70.553675,0.56708,2.629989,0.0,0.0
2026-08-29 00:08:18,12029.55,441855,2209,286.8236,541.5567,36.7,49.62056,0.0,99.280533,1.970692,,5.585947,0.558595,2e-06,2.374586,10.0,10.0,10.190585,0.0,10.190585,89.809415,67.608673,0.525134,2.629989,0.0,0.0
2026-08-29 00:08:32,12043.52,442367,2211,837.4737,545.8504,36.7,247.488052,-0.0,495.015228,1.955524,,11.741107,1.174111,4e-06,1.075406,5.0,9.0,2.61188,0.0,2.61188,97.38812,74.484223,0.438485,2.629989,0.0,0.0
2026-08-29 00:08:46,12057.52,442879,2214,461.5977,545.3539,36.7,116.637733,0.0,233.314606,1.956855,,8.602504,0.86025,1e-06,2.565335,10.0,10.0,13.572405,0.0,13.572405,86.427595,63.969396,0.472507,2.629989,0.0,0.0
2026-08-29 00:09:00,12071.54,443391,2216,426.2308,544.2242,36.7,78.024803,0.0,156.088684,1.953999,,8.10824,0.810824,1e-06,2.663379,10.0,10.0,14.315284,0.0,14.315284,85.684716,64.683067,0.45059,2.629989,0.0,0.0
2026-08-29 00:09:14,12085.46,443903,2219,677.9794,545.7228,36.7,141.384415,0.0,282.807709,1.943831,,9.600607,0.960061,2e-06,1.833527,8.0,10.0,1.998793,0.0,1.998793,98.001207,74.634724,0.457545,2.629989,0.0,0.0
2026-08-29 00:09:28,12099.34,444415,2222,663.0674,544.8575,36.7,152.679916,0.0,305.39859,1.937748,,9.549359,0.954936,2e-06,1.856588,8.0,10.0,2.994285,0.0,2.994285,97.005715,73.178119,0.47213,2.629989,0.0,0.0
2026-08-29 00:09:42,12113.21,444927,2224,595.1613,546.6573,36.7,119.520203,0.0,239.079102,1.935064,,8.664276,0.866428,3e-06,1.881716,8.0,10.0,4.539964,0.0,4.539964,95.460036,72.861671,0.442405,2.629989,0.0,0.0
2026-08-29 00:09:56,12127.01,445439,2227,489.1885,549.2252,36.7,106.649979,0.0,213.338608,1.932733,,6.679263,0.667926,5e-06,1.348503,7.0,10.0,1.447691,0.0,1.447691,98.552309,74.570801,0.507367,2.629989,0.0,0.0
2026-08-29 00:10:10,12140.85,445951,2229,293.9558,546.079,36.7,61.529896,0.0,123.098442,1.932671,,5.212882,0.521288,3e-06,1.863947,9.0,10.0,7.61118,0.0,7.61118,92.38882,70.0373,0.583305,2.629989,0.0,0.0
2026-08-29 00:10:24,12154.63,446463,2232,367.2389,543.0397,36.7,75.527908,-0.0,151.094406,1.929489,,5.531004,0.5531,4e-06,1.236497,6.0,10.0,3.963294,0.0,3.963294,96.036706,72.746141,0.544013,2.629989,0.0,0.0
2026-08-29 00:10:37,12168.53,446975,2234,717.9641,546.084,36.7,207.733246,0.0,415.504974,1.924894,,10.907536,1.090754,3e-06,1.747907,8.0,10.0,5.999504,0.0,5.999504,94.000496,71.876337,0.476375,2.629989,0.0,0.0
2026-08-29 00:10:51,12182.32,447487,2237,1027.1039,551.475,36.7,386.216034,0.0,772.470398,1.916462,,15.098261,1.509826,5e-06,0.982013,4.0,8.0,0.517147,0.0,0.517147,99.482853,75.83296,0.458531,2.629989,0.0,0.0
2026-08-29 00:11:05,12196.23,447999,2240,638.307,552.8739,36.7,130.571991,0.0,261.182373,1.919928,,9.530672,0.953067,3e-06,2.173271,9.0,10.0,5.713802,0.0,5.713802,94.286198,71.19671,0.45108,2.629989,0.0,0.0
2026-08-29 00:11:19,12210.31,448511,2242,34.0122,549.1789,36.7,108.741585,-0.0,217.521835,1.933521,,4.014182,0.401418,1e-06,3.429164,10.0,10.0,20.466783,0.0,20.466783,79.533217,58.588269,0.580007,2.629989,0.0,0.0
2026-08-29 00:11:33,12224.33,449023,2245,427.3937,546.7718,36.7,63.794872,-0.0,127.628174,1.921336,,5.936477,0.593648,3e-06,1.7528,8.0,10.0,1.989851,0.0,1.989851,98.010149,73.534213,0.537888,2.629989,0.0,0.0
2026-08-29 00:11:47,12238.31,449535,2247,366.8751,544.0907,36.7,45.269165,0.0,90.576775,1.922076,,5.683414,0.568341,2e-06,2.311817,9.0,10.0,4.796995,0.0,4.796995,95.203005,71.887655,0.556541,2.629989,0.0,0.0
2026-08-29 00:12:01,12252.29,450047,2250,360.605,543.3038,36.7,56.812019,-0.0,113.662453,1.92085,,6.036314,0.603631,2e-06,2.349826,9.0,10.0,6.977442,0.0,6.977442,93.022558,69.990532,0.554835,2.26073,0.0,0.0
2026-08-29 00:12:15,12266.28,450559,2252,503.8077,541.7482,36.7,81.452011,-0.0,162.942368,1.917208,,7.387737,0.738774,3e-06,1.357087,7.0,10.0,4.637713,0.0,4.637713,95.362287,72.668862,0.491426,2.26073,0.0,0.0
2026-08-29 00:12:29,12280.3,451071,2255,527.7269,539.8238,36.7,92.504692,-0.0,185.047684,1.914834,,7.878306,0.787831,2e-06,2.081571,9.0,10.0,5.710579,0.0,5.710579,94.289421,71.219817,0.480468,2.26073,0.0,0.0
2026-08-29 00:12:43,12294.23,451583,2257,543.625,538.0256,36.7,74.648804,0.0,149.335861,1.912468,,7.34715,0.734715,3e-06,1.67062,7.0,9.0,1.210608,0.0,1.210608,98.789392,75.345568,0.467699,2.26073,0.0,0.0
2026-08-29 00:12:57,12308.2,452095,2260,510.3128,538.0089,36.7,88.890556,-0.0,177.819336,1.910789,,6.997035,0.699703,4e-06,0.983508,4.0,8.0,0.629385,0.0,0.629385,99.370615,76.009992,0.549308,2.26073,0.0,0.0
2026-08-29 00:13:11,12322.29,452607,2263,525.3739,539.1518,36.7,111.016373,0.0,222.070999,1.9124,,9.082869,0.908287,2e-06,3.15904,10.0,10.0,14.092664,0.0,14.092664,85.907336,64.731273,0.470091,2.26073,0.0,0.0
2026-08-29 00:13:25,12336.13,453119,2265,716.8345,541.9363,36.7,183.057205,0.0,366.152466,1.90352,,9.499893,0.949989,4e-06,0.904159,4.0,6.0,0.106974,0.0,0.106974,99.893026,76.612653,0.43414,2.26073,0.0,0.0
2026-08-29 00:13:39,12349.96,453631,2268,483.2346,542.2893,36.7,96.992897,0.0,194.023941,1.907509,,7.993977,0.799398,2e-06,1.495336,9.0,10.0,10.016055,0.0,10.016055,89.983945,67.976354,0.477229,2.26073,0.0,0.0
2026-08-29 00:13:53,12363.72,454143,2270,653.026,545.1613,36.7,112.309921,0.0,224.657867,1.901117,,9.450861,0.945086,4e-06,1.235919,6.0,10.0,3.642727,0.0,3.642727,96.357273,73.394097,0.449927,2.26073,0.0,0.0
2026-08-29 00:14:06,12377.53,454655,2273,763.4487,549.2635,36.7,179.85556,-0.0,359.749115,1.899831,,10.575111,1.057511,7e-06,1.171957,6.0,9.0,2.225139,0.0,2.225139,97.774861,74.588388,0.407476,2.26073,0.0,0.0
2026-08-29 00:14:20,12391.48,455167,2275,568.4917,548.9069,36.7,206.620819,0.0,413.279694,1.902192,,9.491763,0.949176,3e-06,1.699865,9.0,10.0,9.970402,0.0,9.970402,90.029598,68.438104,0.513093,2.26073,0.0,0.0
2026-08-29 00:14:34,12405.38,455679,2278,406.8235,545.802,36.7,101.897972,-0.0,203.833908,1.898227,,6.751833,0.675183,3e-06,1.524623,9.0,10.0,7.729513,0.0,7.729513,92.270487,70.047232,0.582525,2.26073,0.0,0.0
2026-08-29 00:14:48,12419.29,456191,2280,441.9407,544.3973,36.7,87.395752,0.0,174.829468,1.898513,,6.614508,0.661451,2e-06,1.621313,8.0,10.0,4.376858,0.0,4.376858,95.623142,73.045083,0.545138,2.26073,0.0,0.0
2026-08-29 00:15:02,12433.11,456703,2283,633.9166,548.823,36.7,135.622375,0.0,271.282623,1.894086,,8.579807,0.857981,4e-06,1.110375,5.0,8.0,0.546936,0.0,0.546936,99.453064,76.552395,0.483787,2.26073,0.0,0.0
2026-08-29 00:15:16,12447.1,457215,2286,873.9487,551.1899,36.7,254.503113,-0.0,509.044006,1.888638,,12.264673,1.226467,3e-06,1.511451,8.0,10.0,1.943601,0.0,1.943601,98.056399,74.788483,0.443531,2.26073,0.0,0.0
2026-08-29 00:15:30,12461.05,457727,2288,598.2024,550.9605,36.7,157.961914,0.0,315.96167,1.891926,,8.502547,0.850255,5e-06,1.028628,5.0,9.0,2.869495,0.0,2.869495,97.130505,74.381482,0.480647,2.26073,0.0,0.0
2026-08-29 00:15:44,12475.07,458239,2291,312.063,547.8706,36.7,60.820126,0.0,121.678185,1.896608,,4.653891,0.465389,2e-06,1.778591,7.0,10.0,2.60807,0.0,2.60807,97.39193,74.096053,0.588113,2.26073,0.0,0.0
2026-08-29 00:15:58,12489.03,458751,2293,421.0935,548.3549,36.7,59.10804,-0.0,118.253967,1.894433,,6.820529,0.682053,2e-06,2.169695,10.0,10.0,8.543586,0.0,8.543586,91.456414,69.705534,0.511591,2.26073,0.0,0.0
2026-08-29 00:16:12,12503.08,459263,2296,402.1809,547.6934,36.7,69.458488,-0.0,138.954697,1.886121,,5.729727,0.572973,3e-06,1.566187,7.0,10.0,2.724348,0.0,2.724348,97.275652,74.202062,0.55607,2.26073,0.0,0.0
2026-08-29 00:16:26,12517.01,459775,2298,626.6537,547.5494,36.7,150.370575,0.0,300.778809,1.883392,,8.539994,0.853999,4e-06,1.43456,7.0,10.0,0.917681,0.0,0.917681,99.082319,76.103571,0.502126,2.26073,0.0,0.0
2026-08-29 00:16:40,12530.9,460287,2301,849.3793,550.3546,36.7,284.741302,-0.0,569.520264,1.882157,,11.861897,1.18619,3e-06,1.48132,6.0,9.0,0.350641,0.0,0.350641,99.649359,76.635851,0.535474,2.26073,0.0,0.0
2026-08-29 00:16:54,12544.83,460799,2304,825.8354,553.1086,36.7,265.168701,0.0,530.375,1.879014,,11.830646,1.183065,3e-06,2.003783,9.0,10.0,3.244809,0.0,3.244809,96.755191,74.025909,0.472528,2.26073,0.0,0.0
2026-08-29 00:17:08,12558.66,461311,2306,493.7719,552.5718,36.7,114.94722,-0.0,229.932083,1.881929,,8.312153,0.831215,1e-06,2.086874,10.0,10.0,9.995621,0.0,9.995621,90.004379,68.708858,0.477832,2.26073,0.0,0.0
2026-08-29 00:17:21,12572.56,461823,2309,653.6941,552.5339,36.7,140.199936,0.0,280.437408,1.877256,,9.209449,0.920945,3e-06,1.631543,8.0,10.0,2.564136,0.0,2.564136,97.435864,74.304971,0.450106,2.26073,0.0,0.0
2026-08-29 00:17:35,12586.38,462335,2311,629.1661,555.5945,36.7,151.472275,0.0,302.982178,1.881313,,9.335122,0.933512,3e-06,1.727878,9.0,10.0,6.067707,0.0,6.067707,93.932293,71.508766,0.443078,2.26073,0.0,0.0
2026-08-29 00:17:49,12600.26,462847,2314,609.4931,555.3395,36.7,125.652725,0.0,251.343018,1.8782,,9.113325,0.911333,3e-06,1.911541,9.0,10.0,7.149127,0.0,7.149127,92.850873,70.651479,0.477329,1.686334,0.0,0.0
2026-08-29 00:18:03,12614.09,463359,2316,795.0595,558.4706,36.7,225.973099,0.0,451.983795,1.879541,,11.522785,1.152279,2e-06,1.85836,9.0,10.0,6.832751,0.0,6.832751,93.167249,70.501505,0.441979,1.686334,0.0,0.0
2026-08-29 00:18:17,12627.98,463871,2319,556.1891,560.1723,36.7,104.396828,-0.0,208.831253,1.879857,,7.523222,0.752322,3e-06,1.642137,8.0,10.0,1.503554,0.0,1.503554,98.496446,74.819698,0.484952,1.686334,0.0,0.0
2026-08-29 00:18:31,12641.89,464383,2321,265.8332,558.7172,36.7,38.314472,-0.0,76.666557,1.880737,,3.820831,0.382083,3e-06,1.784667,9.0,10.0,3.295435,0.0,3.295435,96.704565,74.475511,0.625931,1.686334,0.0,0.0
2026-08-29 00:18:45,12655.86,464895,2324,331.6249,558.857,36.7,50.25507,-0.0,100.547813,1.883696,,4.492547,0.449255,3e-06,1.47102,6.0,10.0,1.588542,0.0,1.588542,98.411458,75.667073,0.589071,1.686334,0.0,0.0
2026-08-29 00:18:59,12669.84,465407,2327,407.8125,556.7488,36.7,60.316105,0.0,120.669884,1.883579,,6.136753,0.613675,3e-06,2.003861,9.0,10.0,7.048845,0.0,7.048845,92.951155,71.275677,0.512025,1.686334,0.0,0.0
2026-08-29 00:19:13,12683.75,465919,2329,412.8091,554.498,36.7,41.891365,0.0,83.82029,1.878064,,5.629661,0.562966,3e-06,1.331545,6.0,10.0,1.593388,0.0,1.593388,98.406612,75.221752,0.539825,1.686334,0.0,0.0
2026-08-29 00:19:27,12697.81,466431,2332,436.6831,555.8619,36.7,71.412567,0.0,142.862732,1.879887,,6.238512,0.623851,2e-06,2.200944,9.0,10.0,4.706182,0.0,4.706182,95.293818,71.562733,0.500997,1.686334,0.0,0.0
2026-08-29 00:19:41,12711.78,466943,2334,570.0356,556.0546,36.7,123.854286,0.0,247.746094,1.87595,,8.535537,0.853554,2e-06,2.490383,10.0,10.0,8.615882,0.0,8.615882,91.384118,69.436832,0.502847,1.686334,0.0,0.0
2026-08-29 00:19:55,12725.69,467455,2337,664.6183,555.9424,36.7,162.258881,0.0,324.555176,1.870622,,9.223475,0.922348,5e-06,1.042387,5.0,9.0,1.784667,0.0,1.784667,98.215333,74.288804,0.490015,1.686334,0.0,0.0
2026-08-29 00:20:08,12739.61,467967,2339,617.5453,557.2433,36.7,104.238899,0.0,208.515289,1.874596,,8.634341,0.863434,2e-06,1.921448,8.0,10.0,3.344257,0.0,3.344257,96.655743,73.050477,0.457349,1.686334,0.0,0.0
2026-08-29 00:20:22,12753.5,468479,2342,793.4086,559.9268,36.7,218.886963,-0.0,437.811371,1.871886,,11.087672,1.108767,3e-06,1.492741,7.0,10.0,1.743266,0.0,1.743266,98.256734,73.648283,0.493121,1.686334,0.0,0.0
2026-08-29 00:20:36,12767.3,468991,2344,731.8573,560.8619,36.7,170.44046,0.0,340.918427,1.875944,,10.438189,1.043819,3e-06,1.880952,9.0,10.0,5.735256,0.0,5.735256,94.264744,72.097577,0.499496,1.686334,0.0,0.0
2026-08-29 00:20:50,12781.16,469503,2347,438.9272,557.6243,36.7,72.531319,0.0,145.100098,1.873043,,5.884064,0.588406,3e-06,1.729833,8.0,10.0,0.914981,0.0,0.914981,99.085019,75.980789,0.562998,1.686334,0.0,0.0
2026-08-29 00:21:04,12795.12,470015,2350,515.9345,556.2844,36.7,88.482094,0.0,177.001663,1.873747,,7.286596,0.72866,2e-06,2.286351,9.0,10.0,4.620279,0.0,4.620279,95.379721,72.558351,0.479109,1.686334,0.0,0.0
2026-08-29 00:21:18,12809.05,470527,2352,778.447,557.7403,36.7,188.020386,-0.0,376.078278,1.875446,,11.537551,1.153755,2e-06,2.783872,10.0,10.0,9.366432,0.0,9.366432,90.633568,68.541084,0.441468,1.686334,0.0,0.0
2026-08-29 00:21:32,12823.06,471039,2355,500.1103,555.6213,36.7,90.67334,0.0,181.384216,1.877135,,7.800215,0.780021,2e-06,2.926022,10.0,10.0,10.125312,0.0,10.125312,89.874688,68.232688,0.464296,1.686334,0.0,0.0
2026-08-29 00:21:46,12837.0,471551,2357,484.4936,555.816,36.7,110.084305,0.0,220.2061,1.874765,,7.501368,0.750137,2e-06,2.000712,9.0,10.0,7.699517,0.0,7.699517,92.300483,70.318455,0.496207,1.686334,0.0,0.0
2026-08-29 00:22:00,12850.94,472063,2360,504.8568,556.0671,36.7,81.110855,0.0,162.259293,1.879322,,6.936297,0.69363,4e-06,1.406006,8.0,10.0,2.918914,0.0,2.918914,97.081086,74.2973,0.458607,1.686334,0.0,0.0
2026-08-29 00:22:14,12864.81,472575,2362,473.0158,551.9698,36.7,68.062828,0.0,136.163177,1.875915,,6.380889,0.638089,4e-06,1.123826,5.0,9.0,1.382985,0.0,1.382985,98.617015,75.805989,0.481966,1.686334,0.0,0.0
2026-08-29 00:22:28,12878.84,473087,2365,445.9062,548.1589,36.7,82.802124,0.0,165.641922,1.883334,,7.112629,0.711263,2e-06,1.95897,10.0,10.0,9.734897,0.0,9.734897,90.265103,68.765389,0.491859,1.686334,0.0,0.0
2026-08-29 00:22:42,12892.78,473599,2368,740.6689,547.0263,36.7,198.800873,0.0,397.639313,1.877969,,10.393018,1.039302,4e-06,1.402433,8.0,10.0,2.871261,0.0,2.871261,97.128739,74.174627,0.445695,1.686334,0.0,0.0
2026-08-29 00:22:56,12906.69,474111,2370,600.2621,546.4231,36.7,116.829102,0.0,233.695831,1.881578,,8.082114,0.808211,3e-06,1.257218,5.0,9.0,0.148054,0.0,0.148054,99.851946,75.834759,0.483103,1.686334,0.0,0.0
2026-08-29 00:23:10,12920.68,474623,2373,609.9737,545.9845,36.7,117.503975,0.0,235.045609,1.882619,,8.446254,0.844625,1e-06,1.879689,8.0,10.0,3.03173,0.0,3.03173,96.96827,72.979631,0.434472,1.686334,0.0,0.0
2026-08-29 00:23:24,12934.62,475135,2375,782.2804,545.4076,36.7,211.830185,0.0,423.698059,1.883928,,10.953349,1.095335,2e-06,1.752139,8.0,10.0,3.732627,0.0,3.732627,96.267373,72.595221,0.437969,1.075153,0.0,0.0
2026-08-29 00:23:37,12948.59,475647,2378,725.5441,552.1005,36.7,146.688568,-0.0,293.414856,1.886174,,10.054496,1.00545,5e-06,1.017658,5.0,10.0,5.026007,0.0,5.026007,94.973993,72.289797,0.42101,1.075153,0.0,0.0
2026-08-29 00:23:51,12962.49,476159,2380,498.3333,552.7102,36.7,71.770935,-0.0,143.579666,1.889458,,7.19018,0.719018,2e-06,1.814487,10.0,10.0,7.93626,0.0,7.93626,92.06374,69.948733,0.486093,1.075153,0.0,0.0
2026-08-29 00:24:05,12976.32,476671,2383,551.9819,552.9154,36.7,88.632362,-0.0,177.30249,1.888494,,7.590628,0.759063,5e-06,1.554201,8.0,10.0,3.159536,0.0,3.159536,96.840464,73.808431,0.487098,1.075153,0.0,0.0
2026-08-29 00:24:19,12990.19,477183,2385,670.319,552.8247,36.7,160.412125,0.0,320.861969,1.886035,,9.375029,0.937503,3e-06,1.753294,8.0,10.0,4.582474,0.0,4.582474,95.417526,72.69702,0.47237,1.075153,0.0,0.0
2026-08-29 00:24:33,13004.08,477695,2388,448.1225,549.9728,36.7,96.992096,-0.0,194.022034,1.892127,,6.788196,0.67882,2e-06,2.354561,10.0,10.0,12.823309,0.0,12.823309,87.176691,65.744161,0.480775,1.075153,0.0,0.0
2026-08-29 00:24:47,13017.89,478207,2391,322.6504,544.9144,36.7,64.873344,-0.0,129.784531,1.891893,,4.282169,0.428217,3e-06,1.591648,7.0,10.0,0.896544,0.0,0.896544,99.103456,76.131358,0.603523,1.075153,0.0,0.0
2026-08-29 00:25:01,13031.73,478719,2393,333.4187,543.438,36.7,41.127865,0.0,82.293579,1.892303,,4.745491,0.474549,2e-06,2.658223,9.0,10.0,5.463146,0.0,5.463146,94.536854,71.630604,0.54484,1.075153,0.0,0.0
2026-08-29 00:25:15,13045.71,479231,2396,384.3179,541.6125,36.7,61.494335,0.0,123.026588,1.895853,,5.663187,0.566319,2e-06,2.409327,10.0,10.0,8.46542,0.0,8.46542,91.53458,69.10782,0.551155,1.075153,0.0,0.0
2026-08-29 00:25:29,13059.76,479743,2398,347.7942,537.4492,36.7,38.816124,-0.0,77.670143,1.894602,,4.840629,0.484063,2e-06,1.943654,8.0,10.0,4.082238,0.0,4.082238,95.917762,73.645202,0.567899,1.075153,0.0,0.0
2026-08-29 00:25:43,13073.79,480255,2401,459.3774,537.1004,36.7,73.164902,0.0,146.367737,1.896473,,6.267496,0.62675,2e-06,2.180106,9.0,10.0,3.782161,0.0,3.782161,96.217839,72.866332,0.573324,1.075153,0.0,0.0
2026-08-29 00:25:57,13087.85,480767,2403,329.4936,534.3875,36.7,67.897011,0.0,135.832077,1.902594,,5.656824,0.565682,1e-06,3.160377,10.0,10.0,19.230594,0.0,19.230594,80.769406,60.761776,0.527817,1.075153,0.0,0.0
2026-08-29 00:26:11,13101.91,481279,2406,408.0893,533.0391,36.7,75.246513,-0.0,150.531036,1.900831,,6.167782,0.616778,2e-06,2.140848,9.0,10.0,10.756862,0.0,10.756862,89.243138,66.77646,0.507949,1.075153,0.0,0.0
2026-08-29 00:26:25,13115.95,481791,2408,565.198,535.926,36.7,102.554581,0.0,205.147202,1.901722,,8.343247,0.834325,2e-06,2.199489,10.0,10.0,11.746392,0.0,11.746392,88.253608,65.965839,0.481446,1.075153,0.0,0.0
2026-08-29 00:26:39,13129.93,482303,2411,592.566,538.5416,36.7,113.909561,-0.0,227.857178,1.902974,,8.181503,0.81815,2e-06,1.847235,8.0,10.0,5.003145,0.0,5.003145,94.996855,70.989606,0.471228,1.075153,0.0,0.0
2026-08-29 00:26:53,13144.0,482815,2414,593.9932,538.1911,36.7,125.198723,0.0,250.435593,1.907407,,8.365817,0.836582,3e-06,2.231885,10.0,10.0,6.852177,0.0,6.852177,93.147823,69.863583,0.45867,1.075153,0.0,0.0
2026-08-29 00:27:07,13158.05,483327,2416,678.9499,539.9157,36.7,140.86412,0.0,281.766418,1.908943,,9.720323,0.972032,2e-06,2.788329,10.0,10.0,8.318444,0.0,8.318444,91.681556,69.411652,0.45246,1.075153,0.0,0.0
2026-08-29 00:27:21,13172.01,483839,2419,763.9822,547.0002,36.7,185.083038,-0.0,370.204254,1.909029,,10.779829,1.077983,4e-06,1.358999,8.0,10.0,5.801255,0.0,5.801255,94.198745,70.799547,0.447306,1.075153,0.0,0.0
2026-08-29 00:27:35,13185.94,484351,2421,268.189,546.3655,36.7,31.106649,-0.0,62.251781,1.924212,,5.071522,0.507152,1e-06,4.193254,10.0,10.0,22.098137,0.0,22.098137,77.901863,57.721795,0.529923,1.075153,0.0,0.0
2026-08-29 00:27:49,13199.85,484863,2424,797.5606,547.3921,36.7,185.73497,0.0,371.508209,1.912754,,11.285124,1.128512,2e-06,1.818094,8.0,10.0,4.276589,0.0,4.276589,95.723411,72.671445,0.432411,1.075153,0.0,0.0
2026-08-29 00:28:03,13213.68,485375,2426,859.6474,546.3105,36.7,261.671875,-0.0,523.382019,1.913987,,11.731117,1.173112,5e-06,1.23821,7.0,9.0,0.599833,0.0,0.599833,99.400167,76.087617,0.449155,1.075153,0.0,0.0
2026-08-29 00:28:16,13227.57,485887,2429,536.3208,546.2122,36.7,119.216347,0.0,238.471054,1.917687,,7.695397,0.76954,2e-06,1.768602,8.0,10.0,6.222356,0.0,6.222356,93.777644,70.758669,0.485008,1.075153,0.0,0.0
2026-08-29 00:28:30,13241.51,486399,2432,622.4907,549.1644,36.7,135.873642,0.0,271.785645,1.917342,,9.230203,0.92302,3e-06,1.578914,9.0,10.0,10.76058,0.0,10.76058,89.23942,66.897484,0.446906,1.075153,0.0,0.0
2026-08-29 00:28:44,13255.55,486911,2434,795.2172,552.511,36.7,218.044846,-0.0,436.128021,1.916283,,11.09861,1.109861,3e-06,1.768172,9.0,10.0,3.371162,0.0,3.371162,96.628838,72.693464,0.437463,1.075153,0.0,0.0
2026-08-29 00:28:58,13269.55,487423,2437,762.5159,555.67,36.7,181.108383,-0.0,362.255127,1.918496,,10.612765,1.061276,2e-06,2.349108,9.0,10.0,5.225585,0.0,5.225585,94.774415,71.952737,0.452478,1.075153,0.0,0.0
2026-08-29 00:29:12,13283.48,487935,2439,584.1847,555.0898,36.7,87.399445,0.0,174.837265,1.91875,,7.737778,0.773778,4e-06,1.097387,5.0,8.0,0.045451,0.0,0.045451,99.954549,76.469481,0.477946,0.867896,0.0,0.0
2026-08-29 00:29:26,13297.54,488447,2442,650.7261,554.24,36.7,109.736885,-0.0,219.512131,1.917819,,8.680102,0.86801,3e-06,1.466497,7.0,10.0,0.743127,0.0,0.743127,99.256873,75.85383,0.457485,0.867896,0.0,0.0
2026-08-29 00:29:40,13311.44,488959,2444,670.6705,553.4975,36.7,137.246246,-0.0,274.530823,1.916931,,8.990025,0.899003,3e-06,1.126787,5.0,8.0,0.827329,0.0,0.827329,99.172671,75.842597,0.424699,0.867896,0.0,0.0
2026-08-29 00:29:54,13325.46,489471,2447,563.1008,554.8679,36.7,135.083527,-0.0,270.205414,1.917995,,7.824664,0.782466,3e-06,1.662752,9.0,10.0,5.149099,0.0,5.149099,94.850901,72.279369,0.475197,0.867896,0.0,0.0
2026-08-29 00:30:08,13339.46,489983,2449,684.0921,556.5979,36.7,166.770737,-0.0,333.579834,1.91872,,9.7691,0.97691,1e-06,2.641845,10.0,10.0,7.332451,0.0,7.332451,92.667549,70.097898,0.46651,0.867896,0.0,0.0
2026-08-29 00:30:22,13353.41,490495,2452,754.6413,559.8902,36.7,189.787704,0.0,379.613678,1.91363,,10.336431,1.033643,3e-06,1.429802,7.0,10.0,1.113916,0.0,1.113916,98.886084,74.97113,0.429633,0.867896,0.0,0.0
2026-08-29 00:30:36,13367.28,491007,2455,649.3579,560.9709,36.7,133.690613,0.0,267.419525,1.915478,,8.866495,0.886649,4e-06,1.189908,7.0,10.0,2.186759,0.0,2.186759,97.813241,74.256674,0.452189,0.867896,0.0,0.0
2026-08-29 00:30:50,13381.06,491519,2457,425.1036,558.4313,36.7,52.362278,0.0,104.76284,1.914277,,5.706878,0.570688,7e-06,0.796153,4.0,9.0,0.833453,0.0,0.833453,99.166547,75.747698,0.515253,0.867896,0.0,0.0
2026-08-29 00:31:04,13394.88,492031,2460,628.8124,558.7451,36.7,97.76561,0.0,195.569504,1.914116,,8.584194,0.858419,3e-06,1.439879,9.0,10.0,3.733491,0.0,3.733491,96.266509,72.433319,0.438847,0.867896,0.0,0.0
2026-08-29 00:31:18,13408.84,492543,2462,626.2933,562.5643,36.7,132.790314,0.0,265.618896,1.912699,,9.092651,0.909265,2e-06,1.537258,9.0,10.0,10.585999,0.0,10.585999,89.414001,67.504067,0.403535,0.867896,0.0,0.0
2026-08-29 00:31:32,13422.65,493055,2465,453.6823,564.2329,36.7,89.375572,-0.0,178.789474,1.91653,,6.167356,0.616736,2e-06,1.210961,6.0,10.0,3.120251,0.0,3.120251,96.879749,73.372306,0.498017,0.867896,0.0,0.0
2026-08-29 00:31:45,13436.56,493567,2467,396.5039,559.8232,36.7,62.908867,0.0,125.856102,1.918275,,5.765989,0.576599,2e-06,1.844104,9.0,10.0,8.063067,0.0,8.063067,91.936933,70.775141,0.511003,0.867896,0.0,0.0
2026-08-29 00:31:59,13450.45,494079,2470,430.3905,559.5111,36.7,70.566116,-0.0,141.170532,1.915174,,5.991045,0.599104,2e-06,1.805363,8.0,10.0,4.560117,0.0,4.560117,95.439883,71.846771,0.488103,0.867896,0.0,0.0
2026-08-29 00:32:13,13464.53,494591,2472,573.1254,560.9801,36.7,110.955048,-0.0,221.948441,1.917571,,8.066731,0.806673,2e-06,2.071796,10.0,10.0,6.880659,0.0,6.880659,93.119341,70.977345,0.493424,0.867896,0.0,0.0
2026-08-29 00:32:27,13478.55,495103,2475,340.6472,557.6068,36.7,50.439331,-0.0,100.916977,1.915795,,4.855572,0.485557,2e-06,1.822568,9.0,10.0,5.856413,0.0,5.856413,94.143587,71.293374,0.53939,0.867896,0.0,0.0
2026-08-29 00:32:41,13492.52,495615,2478,340.5992,554.3821,36.7,56.267845,0.0,112.574051,1.918116,,4.691868,0.469187,3e-06,1.508121,7.0,10.0,3.892076,0.0,3.892076,96.107924,73.386388,0.547028,0.867896,0.0,0.0
2026-08-29 00:32:55,13506.49,496127,2480,665.3342,555.0838,36.7,136.82019,-0.0,273.678619,1.912379,,9.236656,0.923666,2e-06,2.287711,10.0,10.0,6.94961,0.0,6.94961,93.05039,70.854574,0.432876,0.867896,0.0,0.0
2026-08-29 00:33:09,13520.54,496639,2483,728.2068,557.474,36.7,181.217865,0.0,362.473969,1.912096,,10.379035,1.037904,2e-06,2.34782,10.0,10.0,9.528653,0.0,9.528653,90.471347,68.830474,0.445698,0.867896,0.0,0.0
2026-08-29 00:33:23,13534.48,497151,2485,653.7258,561.0717,36.7,130.651535,0.0,261.341309,1.912491,,8.762524,0.876252,4e-06,1.357973,7.0,10.0,1.189809,0.0,1.189809,98.810191,75.616677,0.452948,0.867896,0.0,0.0
2026-08-29 00:33:37,13548.44,497663,2488,463.9256,562.0386,36.7,80.152138,0.0,160.34259,1.915773,,6.515818,0.651582,2e-06,1.922524,10.0,10.0,6.757424,0.0,6.757424,93.242576,70.762104,0.461316,0.867896,0.0,0.0
2026-08-29 00:33:51,13562.51,498175,2490,742.5046,562.284,36.7,167.436539,0.0,334.911346,1.913835,,10.040811,1.004081,3e-06,1.743174,8.0,10.0,2.454618,0.0,2.454618,97.545382,74.388643,0.431273,0.867896,0.0,0.0
2026-08-29 00:34:05,13576.47,498687,2493,557.8156,557.5911,36.7,145.768158,-0.0,291.574615,1.915498,,8.056855,0.805685,2e-06,2.088822,9.0,10.0,6.600206,0.0,6.600206,93.399794,70.610638,0.532987,0.867896,0.0,0.0
2026-08-29 00:34:19,13590.45,499199,2496,580.0737,557.0087,36.7,133.294983,0.0,266.628265,1.915302,,8.278948,0.827895,3e-06,1.44316,8.0,10.0,4.354661,0.0,4.354661,95.645339,72.800684,0.518069,0.867896,0.0,0.0
2026-08-29 00:34:33,13604.26,499711,2498,551.9856,562.1885,36.7,95.73848,0.0,191.515167,1.910773,,7.430182,0.743018,5e-06,0.755636,3.0,6.0,0.174265,0.0,0.174265,99.825735,75.765695,0.493255,0.867896,0.0,0.0
2026-08-29 00:34:47,13618.1,500223,2501,789.4482,565.809,36.7,197.782272,0.0,395.602783,1.911622,,10.814419,1.081442,3e-06,1.33975,6.0,10.0,1.131815,0.0,1.131815,98.868185,74.144445,0.429911,0.249171,0.0,0.0
2026-08-29 00:35:01,13631.94,500735,2503,695.1774,569.092,36.7,168.872452,-0.0,337.783112,1.910632,,9.375083,0.937508,3e-06,1.832702,9.0,10.0,3.239903,0.0,3.239903,96.760097,73.178215,0.450657,0.249171,0.0,0.0
2026-08-29 00:35:15,13645.81,501247,2506,541.0023,570.896,36.7,94.686668,-0.0,189.411575,1.911901,,7.187358,0.718736,3e-06,1.387202,7.0,10.0,3.058983,0.0,3.058983,96.941017,73.37639,0.451227,0.249171,0.0,0.0
2026-08-29 00:35:29,13659.71,501759,2508,678.1247,572.6392,36.7,163.44754,0.0,326.933258,1.909041,,9.234813,0.923481,4e-06,1.180811,6.0,10.0,2.152873,0.0,2.152873,97.847127,74.416362,0.448732,0.249171,0.0,0.0
2026-08-29 00:35:43,13673.69,502271,2511,552.9572,572.8915,36.7,140.072556,0.0,280.18335,1.911841,,7.545675,0.754567,3e-06,1.028517,5.0,9.0,0.543567,0.0,0.543567,99.456433,75.083339,0.490195,0.249171,0.0,0.0
2026-08-29 00:35:57,13687.67,502783,2513,493.1687,572.3869,36.7,68.829437,-0.0,137.697205,1.916689,,6.751961,0.675196,1e-06,2.655132,10.0,10.0,12.849546,0.0,12.849546,87.150454,66.33822,0.464441,0.249171,0.0,0.0
2026-08-29 00:36:10,13701.59,503295,2516,817.3739,575.4575,36.7,255.245773,0.0,510.529785,1.911984,,11.441568,1.144157,2e-06,1.624176,7.0,10.0,2.471037,0.0,2.471037,97.528963,74.352499,0.459341,0.249171,0.0,0.0
2026-08-29 00:36:25,13715.63,503807,2519,813.1607,578.3354,36.7,265.366089,0.0,530.770447,1.912023,,11.373686,1.137369,2e-06,2.134127,10.0,10.0,6.933064,0.0,6.933064,93.066936,70.205075,0.462079,0.249171,0.0,0.0
2026-08-29 00:36:39,13729.69,504319,2521,857.2283,579.7393,36.7,283.156036,0.0,566.350403,1.915142,,12.174405,1.21744,3e-06,1.658165,9.0,10.0,3.622914,0.0,3.622914,96.377086,73.266993,0.441107,0.249171,0.0,0.0
2026-08-29 00:36:53,13743.79,504831,2524,791.0063,582.8171,36.7,238.052551,-0.0,476.143372,1.912779,,11.204139,1.120414,3e-06,1.658777,8.0,10.0,6.023688,0.0,6.023688,93.976312,71.306997,0.446536,0.249171,0.0,0.0
2026-08-29 00:37:07,13757.85,505343,2526,435.3914,580.6407,36.7,57.385201,0.0,114.808777,1.918639,,5.835383,0.583538,2e-06,2.068848,10.0,10.0,8.241152,0.0,8.241152,91.758848,69.77694,0.493293,0.249171,0.0,0.0
2026-08-29 00:37:21,13771.92,505855,2529,242.2183,575.4284,36.7,46.873016,-0.0,93.784355,1.916105,,3.181985,0.318198,5e-06,0.837516,4.0,8.0,1.059521,0.0,1.059521,98.940479,76.193115,0.606736,0.249171,0.0,0.0
2026-08-29 00:37:35,13785.87,506367,2531,451.6086,574.2596,36.7,71.90313,0.0,143.844604,1.917608,,6.055105,0.605511,4e-06,0.984951,4.0,10.0,1.677615,0.0,1.677615,98.322385,75.267534,0.51458,0.249171,0.0,0.0
2026-08-29 00:37:49,13799.74,506879,2534,493.7946,575.1293,36.7,97.573448,0.0,195.185226,1.916813,,6.741846,0.674185,3e-06,1.454076,7.0,10.0,0.830748,0.0,0.830748,99.169252,75.385607,0.532388,0.249171,0.0,0.0
2026-08-29 00:38:03,13813.63,507391,2536,626.8978,576.9789,36.7,130.456955,0.0,260.95224,1.916342,,8.462309,0.846231,3e-06,1.490505,7.0,10.0,1.541374,0.0,1.541374,98.458626,75.846438,0.477751,0.249171,0.0,0.0
2026-08-29 00:38:16,13827.48,507903,2539,764.3976,578.2837,36.7,205.371567,0.0,410.781494,1.917844,,10.627176,1.062718,1e-06,2.246665,10.0,10.0,11.230748,0.0,11.230748,88.769252,67.130518,0.439537,0.249171,0.0,0.0
2026-08-29 00:38:30,13841.34,508415,2542,802.844,577.5726,36.7,216.715073,0.0,433.468353,1.911054,,11.124243,1.112424,1e-06,2.933077,10.0,10.0,7.671747,0.0,7.671747,92.328253,70.149197,0.427581,0.249171,0.0,0.0
2026-08-29 00:38:44,13855.17,508927,2544,588.0092,577.4707,36.7,102.519714,-0.0,205.077682,1.913,,7.967981,0.796798,3e-06,1.480924,9.0,10.0,6.193673,0.0,6.193673,93.806327,71.378262,0.453353,0.249171,0.0,0.0
2026-08-29 00:38:58,13869.1,509439,2547,542.5383,579.7754,36.7,63.574284,0.0,127.186867,1.914982,,7.543302,0.75433,1e-06,2.469949,10.0,10.0,15.690722,0.0,15.690722,84.309278,63.593772,0.474321,0.249171,0.0,0.0
2026-08-29 00:39:12,13882.97,509951,2549,834.4185,583.9087,36.7,232.10611,0.0,464.250397,1.908368,,11.281398,1.12814,6e-06,0.96765,4.0,9.0,0.242916,0.0,0.242916,99.757084,76.308194,0.414168,0.249171,0.0,0.0
2026-08-29 00:39:26,13896.92,510463,2552,596.1707,585.8486,36.7,131.440018,0.0,262.918213,1.909225,,8.281927,0.828193,2e-06,1.645017,7.0,10.0,2.993379,0.0,2.993379,97.006621,73.481804,0.456899,0.249171,0.0,0.0
2026-08-29 00:39:40,13910.91,510975,2554,615.3382,585.7354,36.7,121.885796,-0.0,243.809814,1.911315,,8.269519,0.826952,3e-06,1.479689,9.0,10.0,4.090708,0.0,4.090708,95.909292,73.281669,0.436861,0.249171,0.0,0.0
2026-08-29 00:39:54,13924.95,511487,2557,448.7468,581.7291,36.7,56.815922,0.0,113.670166,1.91624,,5.980055,0.598006,3e-06,1.291784,9.0,10.0,5.35583,0.0,5.35583,94.64417,71.364958,0.486814,0.249171,0.0,0.0
2026-08-29 00:40:08,13938.88,511999,2560,626.177,579.7325,36.7,131.347748,0.0,262.733734,1.91168,,8.455965,0.845596,3e-06,1.253811,7.0,10.0,4.682812,0.0,4.682812,95.317188,72.739462,0.418915,0.249171,0.0,0.0
2026-08-29 00:40:22,13952.85,512511,2562,738.1774,582.1766,36.7,180.710693,0.0,361.459656,1.913383,,10.517154,1.051715,1e-06,2.497891,10.0,10.0,6.63017,0.0,6.63017,93.36983,69.740229,0.440718,0.0,0.0,0.0
2026-08-29 00:40:36,13966.79,513023,2565,705.9787,582.6994,36.7,185.236023,0.0,370.510345,1.915012,,9.57933,0.957933,5e-06,1.187289,8.0,10.0,3.238246,0.0,3.238246,96.761754,72.755376,0.449559,0.0,0.0,0.0
2026-08-29 00:40:50,13980.89,513535,2567,353.9085,579.9469,36.7,43.919441,-0.0,87.877312,1.921434,,4.627134,0.462713,1e-06,2.716014,10.0,10.0,9.038736,0.0,9.038736,90.961264,68.017738,0.519159,0.0,0.0,0.0
2026-08-29 00:41:04,13994.83,514047,2570,493.7953,578.7899,36.7,75.413925,-0.0,150.866211,1.917755,,6.544444,0.654444,2e-06,1.806011,8.0,10.0,2.541139,0.0,2.541139,97.458861,74.448981,0.46621,0.0,0.0,0.0
2026-08-29 00:41:18,14008.8,514559,2572,603.3053,576.8723,36.7,112.071213,-0.0,224.180771,1.917186,,8.101249,0.810125,3e-06,1.307571,6.0,10.0,2.793419,0.0,2.793419,97.206581,74.487068,0.462332,0.0,0.0,0.0
2026-08-29 00:41:32,14022.72,515071,2575,541.2653,576.7231,36.7,93.562958,-0.0,187.164215,1.915153,,7.440002,0.744,2e-06,1.854064,9.0,10.0,7.285454,0.0,7.285454,92.714546,69.421243,0.480087,0.0,0.0,0.0
2026-08-29 00:41:45,14036.53,515583,2577,582.2426,579.8872,36.7,109.88485,0.0,219.80806,1.91792,,7.914548,0.791455,1e-06,1.91008,8.0,10.0,1.578937,0.0,1.578937,98.421063,74.772767,0.476207,0.0,0.0,0.0
2026-08-29 00:41:59,14050.33,516095,2580,721.8322,583.7893,36.7,153.668655,-0.0,307.375641,1.916429,,9.86484,0.986484,5e-06,1.056509,5.0,9.0,0.612276,0.0,0.612276,99.387724,75.365007,0.438245,0.0,0.0,0.0
2026-08-29 00:42:13,14064.15,516607,2583,729.3398,587.0045,36.7,182.823792,0.0,365.685974,1.919217,,9.83394,0.983394,4e-06,1.341297,7.0,10.0,0.936837,0.0,0.936837,99.063163,75.388122,0.425533,0.0,0.0,0.0
2026-08-29 00:42:27,14078.14,517119,2585,500.557,587.882,36.7,68.655739,0.0,137.349884,1.920351,,6.690475,0.669047,4e-06,1.505573,8.0,10.0,3.760461,0.0,3.760461,96.239539,72.879426,0.483341,0.0,0.0,0.0
2026-08-29 00:42:41,14092.1,517631,2588,566.3025,589.1782,36.7,88.935257,-0.0,177.908981,1.923312,,7.442163,0.744216,1e-06,1.651843,9.0,10.0,12.027907,0.0,12.027907,87.972093,66.225293,0.430526,0.0,0.0,0.0
2026-08-29 00:42:55,14106.11,518143,2590,845.0431,591.9283,36.7,218.30011,0.0,436.638641,1.921182,,11.505738,1.150574,2e-06,2.01522,10.0,10.0,10.686383,0.0,10.686383,89.313617,67.185523,0.405816,0.0,0.0,0.0
2026-08-29 00:43:09,14120.04,518655,2593,794.069,593.2228,36.7,180.812286,-0.0,361.662994,1.920401,,10.918773,1.091877,4e-06,1.269799,6.0,10.0,2.100581,0.0,2.100581,97.899419,75.117978,0.429079,0.0,0.0,0.0
2026-08-29 00:43:23,14134.06,519167,2595,644.2822,593.4902,36.7,139.195099,-0.0,278.428711,1.925016,,8.682859,0.868286,2e-06,1.761404,9.0,10.0,9.654874,0.0,9.654874,90.345126,68.538318,0.436042,0.0,0.0,0.0
2026-08-29 00:43:37,14148.04,519679,2598,612.6383,591.6825,36.7,152.392868,0.0,304.824219,1.923746,,8.246227,0.824623,4e-06,1.079321,5.0,9.0,3.7056,0.0,3.7056,96.2944,73.258362,0.46609,0.0,0.0,0.0
2026-08-29 00:43:51,14162.0,520191,2600,704.3691,591.4076,36.7,161.135147,0.0,322.308685,1.919528,,9.541476,0.954148,4e-06,1.033093,5.0,9.0,1.004503,0.0,1.004503,98.995497,76.083704,0.444776,0.0,0.0,0.0
2026-08-29 00:44:05,14176.0,520703,2603,664.4259,593.6626,36.7,146.363754,0.0,292.766083,1.929021,,8.932009,0.893201,2e-06,1.924972,8.0,10.0,3.717206,0.0,3.717206,96.282794,72.812524,0.431484,0.0,0.0,0.0
2026-08-29 00:44:19,14189.97,521215,2606,861.0693,597.1139,36.7,289.104034,0.0,578.246582,1.924507,,12.035735,1.203573,4e-06,1.014103,5.0,10.0,0.915695,0.0,0.915695,99.084305,75.844401,0.44389,0.0,0.0,0.0
2026-08-29 00:44:33,14203.94,521727,2608,844.0025,597.7695,36.7,233.999344,-0.0,468.037201,1.925649,,11.492891,1.149289,1e-06,1.978482,8.0,10.0,5.126521,0.0,5.126521,94.873479,72.203041,0.43453,0.0,0.0,0.0
2026-08-29 00:44:47,14217.87,522239,2611,732.8974,600.0973,36.7,219.381363,0.0,438.80127,1.927764,,10.00874,1.000874,3e-06,1.102605,6.0,10.0,6.260646,0.0,6.260646,93.739354,70.679714,0.440726,0.0,0.0,0.0
2026-08-29 00:45:01,14231.82,522751,2613,761.1425,602.8638,36.7,192.667603,-0.0,385.373749,1.927759,,10.294293,1.029429,3e-06,1.840131,9.0,10.0,2.382128,0.0,2.382128,97.617872,74.718923,0.450354,0.0,0.0,0.0
2026-08-29 00:45:14,14245.6,523263,2616,618.57,604.001,36.7,126.969337,0.0,253.977203,1.92649,,8.311037,0.831104,4e-06,1.234451,6.0,9.0,2.716913,0.0,2.716913,97.283087,73.335648,0.470296,0.0,0.0,0.0
2026-08-29 00:45:28,14259.48,523775,2618,592.7546,605.1983,36.7,121.983368,-0.0,244.005371,1.93155,,7.817254,0.781725,1e-06,1.884358,10.0,10.0,14.370787,0.0,14.370787,85.629213,64.44029,0.455097,0.0,0.0,0.0
2026-08-29 00:45:42,14273.39,524287,2621,661.3148,607.3524,36.7,155.958633,0.0,311.955872,1.929588,,9.076743,0.907674,2e-06,1.211047,5.0,9.0,0.740281,0.0,0.740281,99.259719,74.721574,0.452625,0.0,0.0,0.0
2026-08-29 00:45:56,14287.28,524799,2624,256.834,602.5141,36.7,36.531082,0.0,73.10099,1.941219,,3.353405,0.335341,1e-06,2.124574,10.0,10.0,15.176669,0.0,15.176669,84.823331,64.199846,0.568177,0.0,0.0,0.0
2026-08-29 00:46:10,14301.3,525311,2626,330.5058,599.8165,36.7,55.003227,0.0,110.045166,1.935539,,4.326979,0.432698,4e-06,1.27682,7.0,10.0,1.147055,0.0,1.147055,98.852945,75.422859,0.567379,0.0,0.0,0.0
2026-08-29 00:46:24,14315.3,525823,2629,483.6676,598.5535,36.7,79.602196,0.0,159.243042,1.932273,,6.400418,0.640042,4e-06,1.16761,6.0,10.0,3.59568,0.0,3.59568,96.40432,73.059569,0.493337,0.0,0.0,0.0
2026-08-29 00:46:38,14329.36,526335,2631,401.3193,594.7439,36.7,52.468811,0.0,104.976318,1.934759,,5.334935,0.533494,3e-06,1.387479,7.0,10.0,5.272879,0.0,5.272879,94.727121,72.082457,0.549795,0.0,0.0,0.0
2026-08-29 00:46:52,14343.31,526847,2634,676.5733,594.2541,36.7,130.100098,-0.0,260.2388,1.930006,,9.297833,0.929783,3e-06,1.459377,7.0,10.0,2.685977,0.0,2.685977,97.314023,74.036547,0.476251,0.0,0.0,0.0
2026-08-29 00:47:06,14357.33,527359,2636,709.4022,596.3648,36.7,160.121933,-0.0,320.28244,1.928733,,9.697083,0.969708,4e-06,1.451765,8.0,10.0,1.665686,0.0,1.665686,98.334314,74.579461,0.467495,0.0,0.0,0.0
2026-08-29 00:47:20,14371.32,527871,2639,467.9964,595.525,36.7,82.804932,-0.0,165.648514,1.932724,,6.297273,0.629727,3e-06,1.319392,6.0,10.0,1.556813,0.0,1.556813,98.443187,74.17028,0.544042,0.0,0.0,0.0
2026-08-29 00:47:34,14385.36,528383,2641,480.3934,593.6257,36.7,75.77124,0.0,151.581177,1.935107,,6.427311,0.642731,2e-06,2.115392,9.0,10.0,7.16881,0.0,7.16881,92.83119,70.97987,0.520276,0.0,0.0,0.0
2026-08-29 00:47:48,14399.4,528895,2644,517.3398,594.3179,36.7,110.939774,-0.0,221.918365,1.940815,,6.869402,0.68694,2e-06,2.348593,9.0,10.0,5.864683,0.0,5.864683,94.135317,71.458829,0.511672,0.0,0.0,0.0
2026-08-29 00:48:02,14413.46,529407,2647,707.2318,598.1637,36.7,174.554047,0.0,349.14682,1.936514,,9.746701,0.97467,3e-06,1.783059,9.0,10.0,7.766401,0.0,7.766401,92.233599,69.558631,0.456834,0.0,0.0,0.0
2026-08-29 00:48:16,14427.47,529919,2649,635.692,601.1864,36.7,115.716927,0.0,231.47261,1.937575,,8.547467,0.854747,3e-06,1.382692,7.0,10.0,1.630237,0.0,1.630237,98.369763,75.084711,0.481853,0.0,0.0,0.0
2026-08-29 00:48:30,14441.36,530431,2652,653.3878,603.8771,36.7,139.756821,0.0,279.55246,1.941294,,8.762466,0.876247,2e-06,1.944732,10.0,10.0,12.436364,0.0,12.436364,87.563636,65.891352,0.465778,0.0,0.0,0.0
2026-08-29 00:48:44,14455.2,530943,2654,754.5687,607.9449,36.7,168.979309,0.0,337.997406,1.939458,,10.345405,1.034541,3e-06,1.518025,7.0,9.0,1.566377,0.0,1.566377,98.433623,75.458186,0.465333,0.0,0.0,0.0
2026-08-29 00:48:58,14469.06,531455,2657,732.7897,610.679,36.7,150.76767,-0.0,301.574188,1.941947,,9.912507,0.991251,4e-06,0.961446,4.0,10.0,11.800123,0.0,11.800123,88.199877,66.574726,0.432607,0.0,0.0,0.0
2026-08-29 00:49:12,14483.08,531967,2659,702.084,614.4049,36.7,184.155319,0.0,368.349457,1.941141,,9.502824,0.950282,4e-06,1.784202,9.0,10.0,5.151531,0.0,5.151531,94.848469,71.700172,0.469797,0.0,0.0,0.0
2026-08-29 00:49:26,14497.0,532479,2662,456.713,614.8911,36.7,126.734329,0.0,253.507553,1.944901,,6.225614,0.622561,5e-06,1.152344,5.0,9.0,1.180492,0.0,1.180492,98.819508,75.436578,0.602584,0.0,0.0,0.0
2026-08-29 00:49:40,14510.97,532991,2664,491.1913,614.1511,36.7,84.828514,0.0,169.695953,1.945985,,6.511085,0.651108,4e-06,1.547167,10.0,10.0,5.256383,0.0,5.256383,94.743617,71.939651,0.572379,0.0,0.0,0.0
2026-08-29 00:49:54,14525.07,533503,2667,469.0461,612.9159,36.7,58.744461,0.0,117.527885,1.948251,,6.132677,0.613268,2e-06,2.646948,10.0,10.0,12.017503,0.0,12.017503,87.982497,65.873987,0.51075,0.0,0.0,0.0
2026-08-29 00:50:08,14539.11,534015,2670,688.0471,613.8564,36.7,174.413528,-0.0,348.865875,1.941602,,9.317982,0.931798,2e-06,2.311608,9.0,10.0,5.263774,0.0,5.263774,94.736226,71.369913,0.475852,0.0,0.0,0.0
2026-08-29 00:50:22,14553.17,534527,2672,512.0455,612.1874,36.7,98.389847,-0.0,196.81868,1.949651,,6.871818,0.687182,3e-06,2.343269,10.0,10.0,12.718663,0.0,12.718663,87.281337,65.832078,0.549211,0.0,0.0,0.0
2026-08-29 00:50:36,14567.2,535039,2675,730.1451,611.849,36.7,198.493652,-0.0,397.026184,1.944591,,10.056777,1.005678,1e-06,2.655448,9.0,10.0,6.797409,0.0,6.797409,93.202591,70.367797,0.527003,0.0,0.0,0.0
2026-08-29 00:50:50,14581.29,535551,2677,741.0429,616.5775,36.7,187.048813,-0.0,374.136566,1.946361,,9.957824,0.995782,2e-06,2.023739,9.0,10.0,9.549241,0.0,9.549241,90.450759,68.349423,0.496769,0.0,0.0,0.0
2026-08-29 00:51:04,14595.42,536063,2680,392.4044,612.526,36.7,45.534058,0.0,91.10717,1.952924,,5.113107,0.511311,2e-06,2.780709,10.0,10.0,14.579551,0.0,14.579551,85.420449,63.110448,0.545968,0.0,0.0,0.0
2026-08-29 00:51:18,14609.49,536575,2682,455.1026,608.4805,36.7,56.601788,-0.0,113.24263,1.952603,,6.003932,0.600393,3e-06,2.323083,9.0,10.0,7.067009,0.0,7.067009,92.932991,70.918236,0.53841,0.0,0.0,0.0
2026-08-29 00:51:32,14623.52,537087,2685,674.4956,609.8623,36.7,178.098251,-0.0,356.235565,1.953633,,9.326647,0.932665,4e-06,1.828615,8.0,10.0,4.210629,0.0,4.210629,95.789371,72.64509,0.556042,0.0,0.0,0.0
2026-08-29 00:51:46,14637.43,537599,2688,826.6747,611.9041,36.7,216.232025,-0.0,432.503082,1.951058,,11.188991,1.118899,5e-06,1.278128,5.0,9.0,1.973736,0.0,1.973736,98.026264,74.618809,0.454661,0.0,0.0,0.0
2026-08-29 00:52:00,14651.28,538111,2690,889.5667,612.8476,36.7,265.738464,-0.0,531.516052,1.955508,,12.164152,1.216415,2e-06,2.411065,9.0,10.0,4.624937,0.0,4.624937,95.375063,71.344229,0.471799,0.0,0.0,0.0
2026-08-29 00:52:14,14665.18,538623,2693,735.4303,612.5768,36.7,185.32338,-0.0,370.685974,1.96031,,9.835082,0.983508,2e-06,3.09526,10.0,10.0,9.928295,0.0,9.928295,90.071705,67.04985,0.479874,0.0,0.0,0.0
2026-08-29 00:52:28,14679.08,539135,2695,505.0162,611.7851,36.7,76.822937,0.0,153.685165,1.964429,,6.677638,0.667764,4e-06,2.278339,9.0,10.0,4.930326,0.0,4.930326,95.069674,72.62892,0.528439,0.0,0.0,0.0
2026-08-29 00:52:42,14692.94,539647,2698,388.183,609.1596,36.7,37.234375,0.0,74.508156,1.970242,,5.132017,0.513202,3e-06,1.907188,8.0,10.0,4.776063,0.0,4.776063,95.223937,71.413611,0.596961,0.0,0.0,0.0
2026-08-29 00:52:56,14706.85,540159,2700,438.2357,606.8353,36.7,64.571747,-0.0,129.182938,1.97208,,5.762155,0.576215,3e-06,1.979058,9.0,10.0,8.903077,0.0,8.903077,91.096923,68.355048,0.571141,0.0,0.0,0.0
2026-08-29 00:53:10,14720.97,540671,2703,680.2307,608.0066,36.7,131.701065,0.0,263.44162,1.974175,,8.903192,0.890319,3e-06,2.535236,10.0,10.0,10.910874,0.0,10.910874,89.089126,66.721183,0.438694,0.0,0.0,0.0
2026-08-29 00:53:24,14734.92,541183,2705,718.0172,608.3459,36.7,140.839157,0.0,281.717926,1.980379,,9.73732,0.973732,5e-06,1.678077,7.0,10.0,0.896515,0.0,0.896515,99.103485,76.095967,0.472894,0.0,0.0,0.0
2026-08-29 00:53:38,14748.92,541695,2708,709.5353,607.8948,36.7,161.714935,-0.0,323.469635,1.98889,,9.685563,0.968556,2e-06,2.555751,10.0,10.0,7.650554,0.0,7.650554,92.349446,69.278381,0.518421,0.0,0.0,0.0
2026-08-29 00:53:52,14762.89,542207,2711,734.2258,608.7435,36.7,177.95105,0.0,355.941864,1.987839,,9.836002,0.9836,3e-06,2.184807,9.0,10.0,4.361143,0.0,4.361143,95.638857,72.489849,0.506749,0.0,0.0,0.0
2026-08-29 00:54:06,14776.92,542719,2713,474.4853,609.2373,36.7,77.488762,-0.0,155.017502,1.99856,,6.23906,0.623906,4e-06,1.762951,8.0,10.0,5.594623,0.0,5.594623,94.405377,72.007753,0.579617,0.0,0.0,0.0
2026-08-29 00:54:20,14790.86,543231,2716,727.7084,610.2262,36.7,178.42836,-0.0,356.896667,1.997346,,9.971527,0.997153,4e-06,1.591696,7.0,10.0,3.12611,0.0,3.12611,96.87389,74.217954,0.531761,0.0,0.0,0.0
2026-08-29 00:54:34,14804.77,543743,2718,878.7614,612.7509,36.7,241.220154,-0.0,482.480286,1.999614,,12.089449,1.208945,6e-06,1.164276,5.0,9.0,0.546459,0.0,0.546459,99.453541,76.020745,0.481086,0.0,0.0,0.0
2026-08-29 00:54:48,14818.76,544255,2721,603.1399,614.2455,36.7,122.77491,0.0,245.590134,2.015341,,8.050787,0.805079,3e-06,2.469724,10.0,10.0,12.998894,0.0,12.998894,87.001106,65.592594,0.53084,0.0,0.0,0.0
2026-08-29 00:55:02,14832.83,544767,2723,600.6013,616.2865,36.7,109.263336,0.0,218.566925,2.01262,,7.983604,0.79836,3e-06,2.067504,8.0,10.0,4.091182,0.0,4.091182,95.908818,72.496829,0.510874,0.0,0.0,0.0
2026-08-29 00:55:16,14846.74,545279,2726,520.8921,617.1915,36.7,113.887299,0.0,227.814941,2.017282,,6.919806,0.691981,4e-06,1.683386,8.0,10.0,3.504048,0.0,3.504048,96.495952,73.272798,0.570296,0.0,0.0,0.0
2026-08-29 00:55:29,14860.6,545791,2728,680.2615,618.2629,36.7,143.943558,0.0,287.927399,2.014812,,9.062104,0.90621,3e-06,1.897803,8.0,10.0,3.813589,0.0,3.813589,96.186411,74.227006,0.503649,0.0,0.0,0.0
2026-08-29 00:55:43,14874.47,546303,2731,718.1354,622.0377,36.7,174.875061,-0.0,349.790436,2.016192,,9.688307,0.968831,2e-06,2.035801,9.0,10.0,5.210774,0.0,5.210774,94.789226,72.617599,0.515899,0.0,0.0,0.0
2026-08-29 00:55:57,14888.31,546815,2734,892.4447,627.5562,36.7,317.217987,-0.0,634.476379,2.021005,,12.586705,1.258671,4e-06,2.16195,9.0,10.0,7.08287,0.0,7.08287,92.91713,70.06545,0.567219,0.0,0.0,0.0
2026-08-29 00:56:11,14902.17,547327,2736,680.9545,627.7124,36.7,147.367722,0.0,294.77594,2.024541,,9.085665,0.908566,2e-06,2.261829,9.0,10.0,4.905548,0.0,4.905548,95.094452,71.919625,0.488634,0.0,0.0,0.0
2026-08-29 00:56:25,14916.1,547839,2739,718.5843,627.6162,36.7,184.020187,0.0,368.080902,2.026672,,9.671139,0.967114,4e-06,1.811563,9.0,10.0,9.071422,0.0,9.071422,90.928578,69.295414,0.462481,0.0,0.0,0.0
2026-08-29 00:56:39,14930.06,548351,2741,641.8269,627.4972,36.7,121.114098,-0.0,242.268753,2.028069,,8.536286,0.853629,4e-06,1.824498,9.0,10.0,5.740591,0.0,5.740591,94.259409,71.394199,0.497614,0.0,0.0,0.0
2026-08-29 00:56:53,14944.08,548863,2744,495.8119,627.816,36.7,73.236824,0.0,146.514404,2.03809,,6.548922,0.654892,1e-06,3.546627,10.0,10.0,17.752939,0.0,17.752939,82.247061,61.362428,0.552379,0.0,0.0,0.0
2026-08-29 00:57:07,14958.0,549375,2746,707.7005,627.468,36.7,145.459183,0.0,290.959015,2.032615,,9.398542,0.939854,2e-06,2.611292,9.0,10.0,5.225371,0.0,5.225371,94.774629,72.541108,0.473445,0.0,0.0,0.0
2026-08-29 00:57:21,14972.07,549887,2749,721.5127,629.105,36.7,155.561615,-0.0,311.16391,2.033548,,9.618651,0.961865,4e-06,1.831292,9.0,10.0,5.148226,0.0,5.148226,94.851774,71.92582,0.465624,0.0,0.0,0.0
2026-08-29 00:57:35,14986.03,550399,2752,779.5305,631.0995,36.7,189.278076,-0.0,378.596893,2.03689,,10.496784,1.049678,5e-06,1.487579,7.0,10.0,1.926555,0.0,1.926555,98.073445,74.946205,0.446791,0.0,0.0,0.0
2026-08-29 00:57:49,14999.95,550911,2754,825.5393,633.8351,36.7,237.156433,0.0,474.353607,2.03707,,11.176365,1.117636,6e-06,1.092471,5.0,9.0,0.791153,0.0,0.791153,99.208847,75.902076,0.489596,0.0,0.0,0.0
2026-08-29 00:58:03,15014.02,551423,2757,793.2158,633.8728,36.7,204.951996,-0.0,409.944824,2.041514,,10.6324,1.06324,4e-06,1.53112,8.0,10.0,2.241306,0.0,2.241306,97.758694,74.228152,0.478002,0.0,0.0,0.0
2026-08-29 00:58:17,15028.01,551935,2759,417.4518,631.0955,36.7,72.169197,0.0,144.37944,2.052469,,5.488809,0.548881,2e-06,2.549393,10.0,10.0,15.336837,0.0,15.336837,84.663163,64.332179,0.558826,0.0,0.0,0.0
2026-08-29 00:58:31,15041.9,552447,2762,676.1619,632.4471,36.7,164.946106,0.0,329.933167,2.047261,,9.058454,0.905845,4e-06,1.502472,6.0,8.0,0.223426,0.0,0.223426,99.776574,75.653086,0.485627,0.0,0.0,0.0
2026-08-29 00:58:45,15055.72,552959,2764,1013.888,635.8047,36.7,375.579895,-0.0,751.200623,2.042411,,14.312415,1.431242,5e-06,1.514436,8.0,10.0,5.412065,0.0,5.412065,94.587935,71.780022,0.518155,0.0,0.0,0.0
2026-08-29 00:58:58,15069.58,553471,2767,690.7221,637.1824,36.7,197.329544,-0.0,394.700134,2.052123,,9.361242,0.936124,4e-06,1.44036,7.0,10.0,6.141195,0.0,6.141195,93.858805,71.011075,0.55397,0.0,0.0,0.0
2026-08-29 00:59:12,15083.34,553983,2769,632.5558,638.5762,36.7,159.126816,0.0,318.294678,2.052443,,8.465287,0.846529,6e-06,0.887419,4.0,8.0,0.294266,0.0,0.294266,99.705734,75.886069,0.561354,0.0,0.0,0.0
2026-08-29 00:59:26,15097.11,554495,2772,524.3531,635.646,36.7,134.899399,0.0,269.839905,2.05593,,7.03111,0.703111,5e-06,1.312614,7.0,10.0,3.816624,0.0,3.816624,96.183376,72.646377,0.612576,0.0,0.0,0.0
2026-08-29 00:59:40,15110.88,555007,2775,439.6821,631.9113,36.7,80.060112,-0.0,160.161407,2.059068,,5.767228,0.576723,4e-06,1.688653,8.0,10.0,1.988895,0.0,1.988895,98.011105,74.161489,0.574734,0.0,0.0,0.0
2026-08-29 00:59:54,15124.82,555519,2777,245.62,625.7952,36.7,41.931667,-0.0,83.904579,2.062263,,3.203995,0.3204,3e-06,2.061367,10.0,10.0,7.491723,0.0,7.491723,92.508277,70.056806,0.696861,0.0,0.0,0.0
2026-08-29 01:00:08,15138.72,556031,2780,482.7162,622.7123,36.7,93.098869,-0.0,186.238922,2.0595,,6.404611,0.640461,4e-06,1.17609,5.0,9.0,1.284534,0.0,1.284534,98.715466,75.334148,0.587837,0.0,0.0,0.0
2026-08-29 01:00:22,15152.68,556543,2782,601.3261,624.3716,36.7,99.870544,0.0,199.782303,2.060739,,7.92025,0.792025,3e-06,2.407374,10.0,10.0,7.981538,0.0,7.981538,92.018462,69.679617,0.483487,0.0,0.0,0.0
2026-08-29 01:00:36,15166.63,557055,2785,848.7502,630.4369,36.7,213.379944,0.0,426.800995,2.055099,,11.38386,1.138386,5e-06,1.085502,5.0,10.0,2.39944,0.0,2.39944,97.60056,74.580241,0.454555,0.0,0.0,0.0
2026-08-29 01:00:50,15180.65,557567,2787,554.0133,631.461,36.7,83.703255,-0.0,167.447678,2.058407,,7.435336,0.743534,1e-06,2.858771,10.0,10.0,16.912447,0.0,16.912447,83.087553,62.664346,0.500128,0.0,0.0,0.0
2026-08-29 01:01:03,15194.57,558079,2790,655.8049,633.0811,36.7,154.340714,0.0,308.722595,2.058277,,8.81684,0.881684,5e-06,1.572583,9.0,10.0,5.121934,0.0,5.121934,94.878066,72.237945,0.467089,0.0,0.0,0.0
2026-08-29 01:01:17,15208.53,558591,2792,570.0785,632.5129,36.7,93.251564,0.0,186.544296,2.058384,,7.52343,0.752343,2e-06,2.191278,10.0,10.0,9.886709,0.0,9.886709,90.113291,67.696077,0.495835,0.0,0.0,0.0
2026-08-29 01:01:32,15222.66,559103,2795,383.2396,628.7013,36.7,74.097435,0.0,148.236252,2.06891,,5.060651,0.506065,1e-06,3.575013,10.0,10.0,26.54667,0.0,26.54667,73.45333,54.198569,0.528437,0.0,0.0,0.0
2026-08-29 01:01:45,15236.58,559615,2798,587.5739,626.5486,36.7,119.740189,0.0,239.521683,2.065434,,7.81276,0.781276,4e-06,2.13214,9.0,10.0,5.475862,0.0,5.475862,94.524138,71.390125,0.543549,0.0,0.0,0.0
2026-08-29 01:01:59,15250.58,560127,2800,462.8224,625.2967,36.7,58.65686,0.0,117.355125,2.070394,,6.166717,0.616672,2e-06,3.136576,10.0,10.0,9.892546,0.0,9.892546,90.107454,67.783445,0.532214,0.0,0.0,0.0
2026-08-29 01:02:14,15265.07,560639,2803,414.6335,624.0177,36.7,79.469627,-0.0,158.980804,2.077782,,5.466721,0.546672,2e-06,3.109371,10.0,10.0,10.614402,0.0,10.614402,89.385598,67.395011,0.611942,0.0,0.0,0.0
2026-08-29 01:02:28,15278.85,561151,2805,671.4603,622.3881,36.7,158.185333,0.0,316.412109,2.071594,,9.09226,0.909226,4e-06,1.329509,7.0,10.0,0.889265,0.0,0.889265,99.110735,76.100859,0.504212,0.0,0.0,0.0
2026-08-29 01:02:42,15292.63,561663,2808,608.2115,622.5085,36.7,115.102509,0.0,230.246628,2.080295,,8.062942,0.806294,2e-06,2.347818,10.0,10.0,11.036595,0.0,11.036595,88.963405,66.610691,0.51891,0.0,0.0,0.0
2026-08-29 01:02:55,15306.41,562175,2810,662.2394,622.9775,36.7,150.888474,-0.0,301.818573,2.081083,,8.819559,0.881956,3e-06,1.917803,8.0,10.0,5.794734,0.0,5.794734,94.205266,71.992228,0.488566,0.0,0.0,0.0
2026-08-29 01:03:09,15320.28,562687,2813,763.4899,626.125,36.7,214.165451,0.0,428.372559,2.082235,,10.202953,1.020295,4e-06,1.396497,7.0,10.0,3.219832,0.0,3.219832,96.780168,73.609306,0.484564,0.0,0.0,0.0
2026-08-29 01:03:23,15334.25,563199,2816,804.7668,627.9109,36.7,219.944519,-0.0,439.930725,2.084229,,10.881043,1.088104,4e-06,1.766726,8.0,10.0,3.767019,0.0,3.767019,96.232981,73.749105,0.461397,0.0,0.0,0.0
2026-08-29 01:03:37,15348.19,563711,2818,602.2529,626.5516,36.7,113.423637,-0.0,226.889114,2.092111,,7.896558,0.789656,3e-06,2.180278,9.0,10.0,7.132925,0.0,7.132925,92.867075,70.543392,0.481141,0.0,0.0,0.0
2026-08-29 01:03:51,15362.05,564223,2821,643.4127,625.926,36.7,127.141205,0.0,254.324203,2.089589,,8.560548,0.856055,6e-06,0.942599,5.0,10.0,4.627147,0.0,4.627147,95.372853,72.805325,0.467436,0.0,0.0,0.0
2026-08-29 01:04:05,15375.93,564735,2823,671.1115,629.098,36.7,154.715958,0.0,309.473755,2.092134,,8.995754,0.899575,3e-06,1.787332,9.0,10.0,4.484022,0.0,4.484022,95.515978,72.56167,0.483585,0.0,0.0,0.0
2026-08-29 01:04:19,15389.89,565247,2826,521.5124,629.3752,36.7,119.413223,0.0,238.868362,2.095721,,6.92955,0.692955,3e-06,1.879176,9.0,10.0,8.37678,0.0,8.37678,91.62322,69.58021,0.546072,0.0,0.0,0.0
2026-08-29 01:04:33,15403.81,565759,2828,647.51,629.8172,36.7,160.594147,0.0,321.230194,2.095582,,8.834764,0.883476,3e-06,1.880591,9.0,10.0,8.036136,0.0,8.036136,91.963864,69.943256,0.508454,0.0,0.0,0.0
2026-08-29 01:04:47,15417.77,566271,2831,654.5658,630.9502,36.7,128.929153,0.0,257.900208,2.095283,,8.7422,0.87422,3e-06,2.401418,10.0,10.0,11.811111,0.0,11.811111,88.188889,66.922195,0.468764,0.0,0.0,0.0
2026-08-29 01:05:01,15431.78,566783,2833,498.008,630.1079,36.7,61.937572,0.0,123.917107,2.098045,,6.498562,0.649856,3e-06,2.107853,9.0,10.0,7.416177,0.0,7.416177,92.583823,69.297671,0.479183,0.0,0.0,0.0
2026-08-29 01:05:15,15445.67,567295,2836,446.9668,627.3592,36.7,77.702339,-0.0,155.446701,2.100915,,5.880293,0.588029,4e-06,1.977029,10.0,10.0,11.100748,0.0,11.100748,88.899252,66.923702,0.530653,0.0,0.0,0.0
2026-08-29 01:05:28,15459.49,567807,2839,816.3778,628.2296,36.7,270.689423,-0.0,541.420776,2.097753,,11.229818,1.122982,5e-06,0.923816,4.0,8.0,1.601301,0.0,1.601301,98.398699,75.113442,0.4918,0.0,0.0,0.0
2026-08-29 01:05:42,15473.38,568319,2841,641.5769,629.6398,36.7,142.375046,0.0,284.792145,2.102326,,8.744131,0.874413,4e-06,1.963059,10.0,10.0,17.453769,0.0,17.453769,82.546231,62.251043,0.460141,0.0,0.0,0.0
2026-08-29 01:05:56,15487.26,568831,2844,642.6434,630.4032,36.7,102.054794,0.0,204.151642,2.102561,,8.443445,0.844344,4e-06,1.684861,9.0,10.0,4.73635,0.0,4.73635,95.26365,72.221088,0.455718,0.0,0.0,0.0
2026-08-29 01:06:10,15501.06,569343,2846,502.7449,626.9802,36.7,69.066277,-0.0,138.174713,2.108177,,6.566343,0.656634,3e-06,1.463413,7.0,10.0,10.925973,0.0,10.925973,89.074027,67.346768,0.458574,0.0,0.0,0.0
2026-08-29 01:06:24,15514.91,569855,2849,566.4101,624.7036,36.7,99.275291,0.0,198.592758,2.108386,,7.609467,0.760947,2e-06,2.83018,10.0,10.0,8.869584,0.0,8.869584,91.130416,67.919021,0.511843,0.0,0.0,0.0
2026-08-29 01:06:38,15528.73,570367,2851,594.8527,624.2093,36.7,98.184982,-0.0,196.412155,2.109607,,7.845729,0.784573,2e-06,2.732276,10.0,10.0,6.109855,0.0,6.109855,93.890145,71.842044,0.484192,0.0,0.0,0.0
2026-08-29 01:06:51,15542.61,570879,2854,381.2331,621.8953,36.7,59.28854,-0.0,118.619316,2.111634,,4.998265,0.499826,4e-06,1.296063,7.0,10.0,2.669841,0.0,2.669841,97.330159,74.105811,0.57492,0.0,0.0,0.0
2026-08-29 01:07:05,15556.55,571391,2856,643.0271,621.2819,36.7,116.14019,-0.0,232.322433,2.102804,,8.696355,0.869635,3e-06,1.798872,10.0,10.0,8.82412,0.0,8.82412,91.17588,69.54525,0.491958,0.0,0.0,0.0
2026-08-29 01:07:19,15570.6,571903,2859,778.6501,622.4241,36.7,185.885712,0.0,371.813324,2.094416,,10.369712,1.036971,2e-06,2.738561,10.0,10.0,13.877464,0.0,13.877464,86.122536,65.633944,0.469081,0.0,0.0,0.0
2026-08-29 01:07:34,15584.66,572415,2862,968.7094,623.5005,36.7,339.814026,-0.0,679.669739,2.083662,,13.708905,1.370891,5e-06,0.996651,5.0,10.0,3.839927,0.0,3.839927,96.160073,73.33583,0.489991,0.0,0.0,0.0
2026-08-29 01:07:47,15598.59,572927,2864,662.9477,621.69,36.7,114.333832,0.0,228.709259,2.079583,,8.712413,0.871241,3e-06,1.96281,9.0,10.0,2.374729,0.0,2.374729,97.625271,74.097314,0.448096,0.0,0.0,0.0
2026-08-29 01:08:01,15612.54,573439,2867,387.7444,618.2384,36.7,78.487793,0.0,157.017136,2.077603,,5.060843,0.506084,3e-06,1.92874,9.0,10.0,1.923027,0.0,1.923027,98.076973,74.27157,0.579469,0.0,0.0,0.0
2026-08-29 01:08:15,15626.46,573951,2869,529.2207,615.9192,36.7,87.545975,-0.0,175.133591,2.082184,,7.027845,0.702785,6e-06,1.01455,5.0,9.0,1.148721,0.0,1.148721,98.851279,75.573839,0.517762,0.0,0.0,0.0
2026-08-29 01:08:29,15640.5,574463,2872,746.0904,617.1944,36.7,206.596985,0.0,413.235687,2.086287,,9.987438,0.998744,5e-06,1.531919,9.0,10.0,5.474648,0.0,5.474648,94.525352,71.417696,0.469519,0.0,0.0,0.0
2026-08-29 01:08:43,15654.56,574975,2874,510.2259,616.3691,36.7,85.69735,0.0,171.436523,2.091099,,6.700608,0.670061,2e-06,3.334799,10.0,10.0,22.139939,0.0,22.139939,77.860061,57.810485,0.531913,0.0,0.0,0.0
2026-08-29 01:08:57,15668.5,575487,2877,689.2188,616.6482,36.7,159.26416,0.0,318.570068,2.087175,,9.153151,0.915315,5e-06,1.525032,9.0,10.0,4.418525,0.0,4.418525,95.581475,72.191452,0.473996,0.0,0.0,0.0
2026-08-29 01:09:11,15682.28,575999,2880,645.672,620.5365,36.7,121.654655,-0.0,243.350952,2.082023,,8.543717,0.854372,8e-06,1.53474,8.0,10.0,1.459307,0.0,1.459307,98.540693,74.874439,0.473244,0.0,0.0,0.0
2026-08-29 01:09:25,15696.21,576511,2882,376.1545,620.993,36.7,46.682495,0.0,93.406677,2.084386,,4.900465,0.490047,6e-06,2.242991,10.0,10.0,7.47416,0.0,7.47416,92.52584,69.365991,0.620037,0.0,0.0,0.0
2026-08-29 01:09:39,15710.11,577023,2885,414.9478,620.3058,36.7,63.914955,0.0,127.871536,2.081395,,5.413262,0.541326,4e-06,2.872781,10.0,10.0,16.528024,0.0,16.528024,83.471976,62.396079,0.563308,0.0,0.0,0.0
2026-08-29 01:09:53,15723.95,577535,2887,531.7236,621.6099,36.7,99.870628,0.0,199.7827,2.072364,,7.089089,0.708909,8e-06,2.304922,9.0,10.0,6.47513,0.0,6.47513,93.52487,70.415676,0.61761,0.0,0.0,0.0
2026-08-29 01:10:07,15738.01,578047,2890,525.1661,620.0958,36.7,93.939941,0.0,187.921341,2.072711,,6.885675,0.688567,5e-06,2.787675,10.0,10.0,20.752839,0.0,20.752839,79.247161,59.302811,0.579519,0.0,0.0,0.0
2026-08-29 01:10:21,15751.99,578559,2892,495.111,617.9529,36.7,65.622269,-0.0,131.285919,2.06944,,6.460508,0.646051,7e-06,3.436399,10.0,10.0,18.202989,0.0,18.202989,81.797011,61.548069,0.544449,0.0,0.0,0.0
2026-08-29 01:10:35,15765.98,579071,2895,466.4934,617.9379,36.7,54.058449,-0.0,108.158264,2.068217,,6.09808,0.609808,5e-06,3.275027,10.0,10.0,24.663396,0.0,24.663396,75.336604,55.825448,0.561646,0.0,0.0,0.0
2026-08-29 01:10:49,15779.93,579583,2897,853.9277,621.6732,36.7,208.997162,-0.0,418.035461,2.057106,,11.457179,1.145718,7e-06,2.157234,10.0,10.0,8.81197,0.0,8.81197,91.18803,68.678861,0.485357,0.0,0.0,0.0
2026-08-29 01:11:03,15793.94,580095,2900,776.3852,624.2637,36.7,174.427216,0.0,348.895569,2.056968,,10.272746,1.027275,7e-06,2.314946,9.0,10.0,2.809177,0.0,2.809177,97.190823,72.717551,0.492997,0.0,0.0,0.0
2026-08-29 01:11:17,15808.03,580607,2903,623.4798,623.4261,36.7,130.485718,0.0,261.012512,2.053209,,8.192595,0.819259,5e-06,2.859035,10.0,10.0,7.710617,0.0,7.710617,92.289383,69.560075,0.584725,0.0,0.0,0.0
2026-08-29 01:11:31,15822.05,581119,2905,535.1547,622.4208,36.7,102.983749,0.0,206.008499,2.050337,,7.04626,0.704626,1e-05,2.110032,10.0,10.0,7.733191,0.0,7.733191,92.266809,69.438504,0.602436,0.0,0.0,0.0
2026-08-29 01:11:45,15836.07,581631,2908,594.1341,621.8282,36.7,141.00206,-0.0,282.045074,2.047785,,7.867802,0.78678,9e-06,2.262311,10.0,10.0,11.660706,0.0,11.660706,88.339294,66.083805,0.575386,0.0,0.0,0.0
2026-08-29 01:11:59,15850.11,582143,2910,810.561,622.3881,36.7,194.469116,-0.0,388.979095,2.042566,,10.768935,1.076894,9e-06,1.690502,9.0,10.0,2.665052,0.0,2.665052,97.334948,74.447727,0.463041,0.0,0.0,0.0
2026-08-29 01:12:13,15864.1,582655,2913,458.6827,619.6471,36.7,64.293411,-0.0,128.627686,2.042884,,6.006855,0.600686,9e-06,2.196153,10.0,10.0,22.385912,0.0,22.385912,77.614088,58.426304,0.543575,0.0,0.0,0.0
2026-08-29 01:12:27,15877.98,583167,2915,520.6219,617.8325,36.7,114.285583,-0.0,228.611923,2.038187,,6.823638,0.682364,1.342939,1.841695,9.0,10.0,2.09664,0.0,2.09664,97.90336,74.730679,0.608425,0.0,0.0,0.0
2026-08-29 01:12:41,15891.91,583679,2918,540.0813,618.6661,36.7,95.097343,0.0,190.235413,2.036274,,7.082571,0.708257,1.1e-05,1.71581,9.0,10.0,9.840674,0.0,9.840674,90.159326,68.301885,0.542875,0.0,0.0,0.0
2026-08-29 01:12:55,15905.69,584191,2920,943.7224,623.1915,36.7,279.018463,0.0,558.077576,2.031013,,12.625314,1.262531,1.2e-05,0.659225,3.0,5.0,0.0,0.0,0.0,100.0,76.081054,0.486459,0.0,0.0,0.0
2026-08-29 01:13:09,15919.65,584703,2923,452.9435,623.0304,36.7,81.386169,-0.0,162.812973,2.031669,,5.900808,0.590081,1e-05,2.588119,10.0,10.0,17.32765,0.0,17.32765,82.67235,61.574139,0.535268,0.0,0.0,0.0
2026-08-29 01:13:22,15933.54,585215,2926,406.0263,620.2102,36.7,95.991447,0.0,192.023499,2.029843,,5.297122,0.529712,1.1e-05,1.669523,8.0,10.0,1.056535,0.0,1.056535,98.943465,75.234663,0.667332,0.0,0.0,0.0
2026-08-29 01:13:36,15947.39,585727,2928,396.1772,619.0515,36.7,59.4874,-0.0,119.015381,2.029079,,5.160822,0.516082,1e-05,1.199671,9.0,10.0,5.503014,0.0,5.503014,94.496986,71.125055,0.612726,0.0,0.0,0.0
2026-08-29 01:13:50,15961.42,586239,2931,408.1383,615.8315,36.7,68.546684,-0.0,137.133957,2.029345,,5.371556,0.537156,0.161909,1.796428,10.0,10.0,11.284131,0.0,11.284131,88.715869,67.193445,0.702317,0.0,0.0,0.0
2026-08-29 01:14:04,15975.45,586751,2933,423.1795,612.6528,36.7,48.764225,-0.0,97.569031,2.028866,,5.523505,0.552351,7e-06,2.411742,10.0,10.0,12.677817,0.0,12.677817,87.322183,65.732772,0.646627,0.0,0.0,0.0
2026-08-29 01:14:18,15989.37,587263,2936,586.354,614.5923,36.7,93.936821,0.0,187.914185,2.027462,,7.646166,0.764617,1e-05,1.136248,6.0,10.0,2.420478,0.0,2.420478,97.579522,74.173086,0.520009,0.0,0.0,0.0
2026-08-29 01:14:32,16003.39,587775,2938,641.0696,616.452,36.7,102.088547,0.0,204.217636,2.026795,,8.468221,0.846822,1e-05,1.635031,10.0,10.0,7.637342,0.0,7.637342,92.362658,69.66582,0.468277,0.079379,0.0,0.0
2026-08-29 01:14:46,16017.37,588287,2941,762.7763,617.3348,36.7,163.170914,-0.0,326.382385,2.02788,,10.054625,1.005462,9e-06,1.652681,9.0,10.0,4.241478,0.0,4.241478,95.758522,72.154541,0.488151,0.079379,0.0,0.0
2026-08-29 01:15:00,16031.3,588799,2944,515.9852,614.2279,36.7,96.516548,0.0,193.073685,2.02919,,6.78314,0.678314,0.018932,1.014446,5.0,10.0,7.468095,0.0,7.468095,92.531905,70.44794,0.529824,0.079379,0.0,0.0
2026-08-29 01:15:14,16045.25,589311,2946,610.62,611.4384,36.7,109.67086,-0.0,219.382278,2.028046,,7.981232,0.798123,1.3e-05,1.341572,8.0,10.0,1.526323,0.0,1.526323,98.473677,74.437702,0.499557,0.079379,0.0,0.0
2026-08-29 01:15:28,16059.38,589823,2949,381.497,607.8991,36.7,64.654373,0.0,129.34935,2.030253,,5.089389,0.508939,9e-06,3.017923,10.0,10.0,23.147767,0.0,23.147767,76.852233,56.337819,0.587746,0.079379,0.0,0.0
2026-08-29 01:15:42,16073.43,590335,2951,345.3671,606.3026,36.7,51.348709,-0.0,102.738113,2.034887,,4.552947,0.455295,8e-06,2.050266,10.0,10.0,10.445687,0.0,10.445687,89.554313,67.868795,0.678694,0.079379,0.0,0.0
2026-08-29 01:15:56,16087.36,590847,2954,476.0602,607.1814,36.7,94.291634,0.0,188.624557,2.064317,,6.245349,0.624535,9e-06,1.459366,8.0,10.0,3.391182,0.0,3.391182,96.608818,73.652475,0.637177,0.079379,0.0,0.0
2026-08-29 01:16:10,16101.27,591359,2956,753.122,610.3303,36.7,218.318375,-0.0,436.678528,2.08872,,10.015379,1.001538,1.88595,0.794774,4.0,9.0,0.761654,0.0,0.761654,99.238346,75.450933,0.514681,0.079379,0.0,0.0
2026-08-29 01:16:24,16115.16,591871,2959,744.2935,610.9709,36.7,252.905426,0.0,505.852997,2.107301,,9.959173,0.995917,0.550087,1.480792,7.0,10.0,2.908765,0.0,2.908765,97.091235,73.830054,0.643247,0.079379,0.0,0.0
2026-08-29 01:16:38,16129.05,592383,2961,680.0876,610.5916,36.7,173.138901,-0.0,346.320282,2.124446,,9.197651,0.919765,1e-05,2.7624,10.0,10.0,13.935705,0.0,13.935705,86.064295,64.755718,0.558529,0.079379,0.0,0.0
2026-08-29 01:16:52,16142.95,592895,2964,771.0943,611.2072,36.7,221.210342,0.0,442.463379,2.135274,,10.189707,1.018971,0.940582,2.028922,9.0,10.0,4.32845,0.0,4.32845,95.67155,72.661298,0.52624,0.079379,0.0,0.0
2026-08-29 01:17:06,16157.03,593407,2967,631.3782,610.1787,36.7,155.34433,0.0,310.731598,2.147163,,8.430145,0.843015,0.14668,2.859843,10.0,10.0,26.273775,0.0,26.273775,73.726225,54.407637,0.518236,0.079379,0.0,0.0
2026-08-29 01:17:20,16171.03,593919,2969,817.6803,613.6106,36.7,222.975052,0.0,445.993164,2.152338,,11.033207,1.103321,0.215619,1.912078,10.0,10.0,19.377242,0.0,19.377242,80.622758,60.561998,0.500079,0.079379,0.0,0.0
2026-08-29 01:17:34,16185.02,594431,2972,529.7464,611.631,36.7,77.012711,0.0,154.068558,2.156698,,6.921897,0.69219,0.941109,1.821015,9.0,10.0,3.616098,0.0,3.616098,96.383902,72.841693,0.539162,0.079379,0.0,0.0
2026-08-29 01:17:48,16199.04,594943,2974,437.9801,607.2232,36.7,49.077938,-0.0,98.19912,2.162086,,5.724801,0.57248,1.278178,2.293542,10.0,10.0,4.439211,0.0,4.439211,95.560789,72.145091,0.588957,0.079379,0.0,0.0
2026-08-29 01:18:02,16213.08,595455,2977,512.5166,606.317,36.7,76.953117,0.0,153.949524,2.164302,,6.741863,0.674186,0.825079,1.775857,9.0,10.0,4.971785,0.0,4.971785,95.028215,72.163248,0.577569,0.079379,0.0,0.0
2026-08-29 01:18:16,16227.1,595967,2979,786.7523,608.1785,36.7,189.826782,-0.0,379.69693,2.167817,,10.385364,1.038536,1.199119,2.269429,10.0,10.0,8.530685,0.0,8.530685,91.469315,69.214656,0.518515,0.079379,0.0,0.0
2026-08-29 01:18:30,16241.11,596479,2982,507.6612,608.0462,36.7,122.891731,0.0,245.826889,2.171368,,6.803755,0.680376,0.060114,2.688847,10.0,10.0,22.082374,0.0,22.082374,77.917626,57.661973,0.548874,0.079379,0.0,0.0
2026-08-29 01:18:44,16255.18,596991,2984,351.2842,604.7564,36.7,48.945419,-0.0,97.934296,2.172814,,4.65,0.465,0.547329,2.445876,10.0,10.0,10.695423,0.0,10.695423,89.304577,67.788504,0.663519,0.079379,0.0,0.0
2026-08-29 01:18:58,16269.09,597503,2987,570.3535,603.2786,36.7,107.648651,-0.0,215.340927,2.181473,,7.450169,0.745017,1.493949,1.438161,8.0,10.0,1.821032,0.0,1.821032,98.178968,74.873577,0.501018,0.079379,0.0,0.0
2026-08-29 01:19:12,16283.07,598015,2990,548.2091,599.8362,36.7,83.922684,-0.0,167.889145,2.18866,,7.22421,0.722421,1.274406,2.816648,10.0,10.0,9.722827,0.0,9.722827,90.277173,68.130778,0.542781,0.079379,0.0,0.0
2026-08-29 01:19:26,16296.93,598527,2992,592.4765,598.9515,36.7,85.717278,0.0,171.478378,2.191479,,7.84699,0.784699,0.519152,1.749014,10.0,10.0,10.245015,0.0,10.245015,89.754985,68.275533,0.539293,0.079379,0.0,0.0
2026-08-29 01:19:40,16310.85,599039,2995,638.6021,598.1516,36.7,143.73848,-0.0,287.520844,2.194276,,8.532347,0.853235,0.340391,2.288375,10.0,10.0,14.004656,0.0,14.004656,85.995344,64.887326,0.542992,0.079379,0.0,0.0
2026-08-29 01:19:54,16324.69,599551,2997,394.2502,595.6759,36.7,56.413517,0.0,112.870926,2.19467,,5.167661,0.516766,0.225072,1.722016,10.0,10.0,6.781181,0.0,6.781181,93.218819,70.934315,0.617021,0.079379,0.0,0.0
2026-08-29 01:20:07,16338.54,600063,3000,351.7186,594.2349,36.7,63.472984,0.0,126.989891,2.196005,,4.648362,0.464836,0.441879,2.447478,10.0,10.0,12.603533,0.0,12.603533,87.396467,65.558348,0.662999,0.190977,0.0,0.0
2026-08-29 01:20:21,16352.37,600575,3002,715.4155,594.3121,36.7,157.275314,0.0,314.594513,2.194489,,9.490901,0.94909,0.477881,1.685044,10.0,10.0,10.75797,0.0,10.75797,89.24203,67.80001,0.488091,0.190977,0.0,0.0
2026-08-29 01:20:35,16366.37,601087,3005,690.2665,593.9996,36.7,158.923233,0.0,317.890381,2.196258,,9.22572,0.922572,0.832598,3.741104,10.0,10.0,15.658146,0.0,15.658146,84.341854,62.710792,0.536511,0.190977,0.0,0.0
2026-08-29 01:20:49,16380.38,601599,3008,432.4466,590.5288,36.7,70.429039,0.0,140.901962,2.194331,,5.692674,0.569267,0.582429,1.812979,10.0,10.0,5.04572,0.0,5.04572,94.95428,72.592025,0.578866,0.190977,0.0,0.0
2026-08-29 01:21:03,16394.44,602111,3010,442.4091,586.6975,36.7,90.064987,-0.0,180.173859,2.193999,,5.944948,0.594495,0.521621,2.428169,10.0,10.0,14.042669,0.0,14.042669,85.957331,64.205598,0.624204,0.190977,0.0,0.0
2026-08-29 01:21:17,16408.46,602623,3013,694.2816,585.7081,36.7,195.680008,-0.0,391.40387,2.192005,,9.289948,0.928995,0.500565,2.433356,10.0,10.0,10.263952,0.0,10.263952,89.736048,67.71814,0.549653,0.190977,0.0,0.0
2026-08-29 01:21:31,16422.43,603135,3015,1042.2457,591.9561,36.7,353.475403,0.0,706.994629,2.191189,,13.938677,1.393868,1.9018,0.80628,4.0,10.0,0.784178,0.0,0.784178,99.215822,75.805278,0.527847,0.190977,0.0,0.0
2026-08-29 01:21:45,16436.37,603647,3018,787.0842,593.0653,36.7,193.837692,0.0,387.719208,2.190992,,10.367348,1.036735,1.90095,1.127411,6.0,10.0,0.596152,0.0,0.596152,99.403848,75.430694,0.488496,0.190977,0.0,0.0
2026-08-29 01:21:59,16450.34,604159,3020,545.4301,588.3807,36.7,84.494164,0.0,169.03215,2.191413,,7.296811,0.729681,0.817816,1.469119,10.0,10.0,11.883949,0.0,11.883949,88.116051,66.404658,0.549873,0.190977,0.0,0.0
2026-08-29 01:22:13,16464.4,604671,3023,384.0268,585.3138,36.7,60.855408,0.0,121.754639,2.191199,,5.137479,0.513748,0.927081,2.187409,10.0,10.0,11.050058,0.0,11.050058,88.949942,67.435171,0.628255,0.190977,0.0,0.0
2026-08-29 01:22:27,16478.48,605183,3025,619.4836,585.183,36.7,131.332001,-0.0,262.707764,2.187977,,8.16054,0.816054,1.132175,1.025122,9.0,10.0,5.209617,0.0,5.209617,94.790383,72.575142,0.524137,0.190977,0.0,0.0
2026-08-29 01:22:41,16492.42,605695,3028,1004.0371,589.9799,36.7,373.669098,0.0,747.381897,2.186322,,14.095072,1.409507,1.90175,0.928882,9.0,10.0,5.158465,0.0,5.158465,94.841535,72.658659,0.603506,0.190977,0.0,0.0
2026-08-29 01:22:55,16506.31,606207,3031,1028.0174,595.8632,36.7,398.259644,0.0,796.562988,2.184538,,14.304203,1.43042,0.500281,1.017053,9.0,10.0,9.351066,0.0,9.351066,90.648934,69.130486,0.602158,0.190977,0.0,0.0
2026-08-29 01:23:09,16520.18,606719,3033,743.2132,600.8392,36.7,237.141602,0.0,474.326874,2.18288,,10.210468,1.021047,0.895515,2.468456,10.0,10.0,12.600925,0.0,12.600925,87.399075,65.179787,0.619113,0.190977,0.0,0.0
2026-08-29 01:23:23,16534.14,607231,3036,704.2152,603.0542,36.7,186.981094,0.0,374.005829,2.181332,,9.596319,0.959632,0.830355,2.010764,10.0,10.0,18.327596,0.0,18.327596,81.672404,61.839271,0.557605,0.190977,0.0,0.0
2026-08-29 01:23:37,16548.02,607743,3038,526.5411,602.3063,36.7,70.312256,-0.0,140.668106,2.179466,,7.05967,0.705967,0.589422,3.127573,10.0,10.0,15.98464,0.0,15.98464,84.01536,63.166198,0.50979,0.190977,0.0,0.0
2026-08-29 01:23:51,16561.94,608255,3041,416.5637,597.9844,36.7,72.354012,-0.0,144.751587,2.178554,,5.628344,0.562834,0.628734,1.703842,10.0,10.0,15.595675,0.0,15.595675,84.404325,63.448474,0.616541,0.190977,0.0,0.0
2026-08-29 01:24:05,16575.91,608767,3043,638.0471,598.8248,36.7,136.367844,-0.0,272.779114,2.170717,,8.437454,0.843745,0.951056,1.378928,9.0,10.0,9.861698,0.0,9.861698,90.138302,68.366849,0.521344,0.190977,0.0,0.0
2026-08-29 01:24:19,16589.93,609279,3046,516.9283,597.436,36.7,139.635025,0.0,279.313324,2.163446,,6.852497,0.68525,0.357036,1.578556,10.0,10.0,8.064119,0.0,8.064119,91.935881,69.611219,0.592569,0.190977,0.0,0.0
2026-08-29 01:24:33,16603.91,609791,3048,516.0604,596.8958,36.7,142.644516,-0.0,285.332123,2.154971,,7.056056,0.705606,0.189229,2.28364,10.0,10.0,20.458918,0.0,20.458918,79.541082,60.020136,0.630193,0.190977,0.0,0.0
2026-08-29 01:24:47,16617.83,610303,3051,553.094,598.5944,36.7,119.099579,-0.0,238.242096,2.146698,,7.422612,0.742261,0.705431,2.034272,10.0,10.0,14.779146,0.0,14.779146,85.220854,64.157572,0.632545,0.190977,0.0,0.0
2026-08-29 01:25:01,16631.84,610815,3054,710.6943,599.8256,36.7,152.284912,0.0,304.61264,2.140192,,9.348929,0.934893,1.187583,0.88438,7.0,10.0,4.829466,0.0,4.829466,95.170534,72.721545,0.525906,0.190977,0.0,0.0
2026-08-29 01:25:15,16645.78,611327,3056,537.2038,600.5694,36.7,96.049454,0.0,192.141586,2.133664,,7.11729,0.711729,1.884,1.419987,10.0,10.0,9.468836,0.0,9.468836,90.531164,68.866086,0.51608,0.190977,0.0,0.0
2026-08-29 01:25:29,16659.72,611839,3059,557.0823,601.9939,36.7,105.173752,0.0,210.390045,2.127454,,7.412366,0.741237,1.919,1.561583,10.0,10.0,4.656549,0.0,4.656549,95.343451,72.075278,0.620945,0.190977,0.0,0.0
2026-08-29 01:25:43,16673.76,612351,3061,567.4594,600.9539,36.7,93.618706,0.0,187.279831,2.12115,,7.518477,0.751848,1.871,2.040279,10.0,10.0,8.145793,0.0,8.145793,91.854207,69.863793,0.657163,0.190977,0.0,0.0
2026-08-29 01:25:57,16687.81,612863,3064,529.1936,600.1637,36.7,93.404778,-0.0,186.851852,2.115198,,7.117628,0.711763,1.675824,2.243495,10.0,10.0,11.729634,0.0,11.729634,88.270366,66.487022,0.508866,0.385339,0.0,0.0
2026-08-29 01:26:11,16701.81,613375,3066,421.422,597.7555,36.7,62.255398,-0.0,124.553032,2.111685,,5.719284,0.571928,1.883,2.725535,10.0,10.0,9.365912,0.0,9.365912,90.634088,68.873389,0.559794,0.385339,0.0,0.0
2026-08-29 01:26:25,16715.65,613887,3069,360.2038,593.7227,36.7,73.097481,0.0,146.237091,2.106181,,4.834579,0.483458,1.905,1.975788,10.0,10.0,5.842542,0.0,5.842542,94.157458,70.961309,0.6522,0.385339,0.0,0.0
2026-08-29 01:26:38,16729.56,614399,3072,518.8242,590.8632,36.7,93.98111,0.0,188.004318,2.105171,,7.215737,0.721574,0.611443,2.424901,10.0,10.0,17.938177,0.0,17.938177,82.061823,61.367949,0.565912,0.385339,0.0,0.0
2026-08-29 01:26:52,16743.43,614911,3074,424.687,589.0876,36.7,70.205574,-0.0,140.453201,2.102731,,5.684194,0.568419,0.291799,1.112291,6.0,10.0,6.049041,0.0,6.049041,93.950959,70.979275,0.57401,0.385339,0.0,0.0
2026-08-29 01:27:06,16757.28,615423,3077,324.5876,585.8993,36.7,76.870293,0.0,153.782639,2.102795,,4.438685,0.443868,1.58553,2.138111,10.0,10.0,8.516476,0.0,8.516476,91.483524,69.336715,0.671286,0.385339,0.0,0.0
2026-08-29 01:27:20,16771.16,615935,3079,357.4853,582.7631,36.7,55.115932,0.0,110.273926,2.102985,,5.22142,0.522142,0.208711,1.46649,10.0,10.0,21.984671,0.0,21.984671,78.015329,59.511867,0.554136,0.385339,0.0,0.0
2026-08-29 01:27:34,16785.12,616447,3082,685.1177,584.3991,36.7,156.024155,0.0,312.090454,2.107652,,9.157896,0.91579,0.943561,0.749954,9.0,10.0,6.691564,0.0,6.691564,93.308436,71.051072,0.444786,0.385339,0.0,0.0
2026-08-29 01:27:48,16799.13,616959,3084,740.4429,585.3285,36.7,180.147797,0.0,360.33786,2.113733,,9.831231,0.983123,1.92395,1.778219,10.0,10.0,4.423093,0.0,4.423093,95.576907,71.993205,0.543153,0.385339,0.0,0.0
2026-08-29 01:28:02,16813.16,617471,3087,673.3474,585.5163,36.7,163.258865,0.0,326.56012,2.119015,,9.205652,0.920565,0.587243,2.004303,10.0,10.0,15.803727,0.0,15.803727,84.196273,62.192438,0.529061,0.385339,0.0,0.0
2026-08-29 01:28:16,16827.24,617983,3089,542.3884,585.9601,36.7,102.876823,0.0,205.796097,2.122511,,7.557785,0.755779,1.076568,2.982119,10.0,10.0,18.060312,0.0,18.060312,81.939688,61.404724,0.565475,0.385339,0.0,0.0
2026-08-29 01:28:30,16841.34,618495,3092,397.785,585.4683,36.7,58.986393,-0.0,118.015274,2.124288,,5.638294,0.563829,0.350673,3.047994,10.0,10.0,18.105942,0.0,18.105942,81.894058,60.812278,0.575314,0.385339,0.0,0.0
2026-08-29 01:28:44,16855.34,619007,3095,336.6581,580.6711,36.7,66.750427,-0.0,133.54332,2.123142,,4.900027,0.490003,0.344223,2.260857,10.0,10.0,20.339513,0.0,20.339513,79.660487,60.002293,0.65266,0.385339,0.0,0.0
2026-08-29 01:28:58,16869.28,619519,3097,172.3379,575.9787,36.7,49.065895,0.0,98.174255,2.123179,,2.791632,0.279163,0.429484,0.865989,10.0,10.0,21.313438,0.0,21.313438,78.686562,59.272385,0.801303,0.385339,0.0,0.0
2026-08-29 01:29:12,16883.31,620031,3100,585.1492,575.4037,36.7,151.36322,0.0,302.768799,2.117576,,8.240313,0.824031,0.789208,2.104383,10.0,10.0,21.433608,0.0,21.433608,78.566392,58.379487,0.577464,0.385339,0.0,0.0
2026-08-29 01:29:26,16897.37,620543,3102,709.1886,577.4682,36.7,158.93074,0.0,317.903717,2.111753,,9.729306,0.972931,1.400455,2.324989,10.0,10.0,14.03369,0.0,14.03369,85.96631,64.463211,0.56876,0.385339,0.0,0.0
2026-08-29 01:29:40,16911.37,621055,3105,874.7379,580.5514,36.7,186.292099,-0.0,372.626312,2.106412,,11.760778,1.176078,1.71684,2.892247,10.0,10.0,9.736467,0.0,9.736467,90.263533,68.078606,0.544687,0.385339,0.0,0.0
2026-08-29 01:29:54,16925.18,621567,3107,719.4292,581.7972,36.7,129.439362,0.0,258.920715,2.099794,,9.648772,0.964877,1.898122,1.297966,10.0,10.0,7.154879,0.0,7.154879,92.845121,70.485778,0.473171,0.385339,0.0,0.0
2026-08-29 01:30:08,16939.12,622079,3110,595.3757,583.9386,36.7,98.540077,-0.0,197.122147,2.099632,,8.035343,0.803534,1.883,2.998032,10.0,10.0,11.105173,0.0,11.105173,88.894827,65.647423,0.592118,0.385339,0.0,0.0
2026-08-29 01:30:22,16953.02,622591,3112,471.5853,582.2242,36.7,80.429802,0.0,160.901505,2.09521,,6.302707,0.630271,1.909,1.719071,10.0,10.0,6.413209,0.0,6.413209,93.586791,71.787912,0.62074,0.385339,0.0,0.0
2026-08-29 01:30:36,16966.91,623103,3115,525.7391,579.6951,36.7,105.095352,-0.0,210.232574,2.093601,,7.189984,0.718998,1.488173,1.858973,10.0,10.0,12.696162,0.0,12.696162,87.303838,65.876768,0.613683,0.385339,0.0,0.0
2026-08-29 01:30:50,16980.96,623615,3118,579.2663,575.8007,36.7,124.486687,0.0,249.015289,2.095572,,8.359604,0.83596,0.354788,2.715647,10.0,10.0,31.680122,0.0,31.680122,68.319878,50.679576,0.531667,0.385339,0.0,0.0
2026-08-29 01:31:04,16994.96,624127,3120,670.6601,575.8778,36.7,132.378891,-0.0,264.79953,2.088008,,9.0654,0.90654,1.89295,1.554845,10.0,10.0,11.905071,0.0,11.905071,88.094929,67.171658,0.510822,0.385339,0.0,0.0
2026-08-29 01:31:18,17008.96,624639,3123,267.6431,574.6768,36.7,60.968502,0.0,121.978775,2.088364,,3.86737,0.386737,0.521236,3.122688,10.0,10.0,15.210035,0.0,15.210035,84.789965,62.845196,0.624667,0.385339,0.0,0.0
2026-08-29 01:31:32,17023.01,625151,3125,278.8216,572.1728,36.7,52.857815,-0.0,105.757378,2.087226,,4.467318,0.446732,1.681839,3.056914,10.0,10.0,17.20786,0.0,17.20786,82.79214,61.490436,0.654269,1.045646,0.0,0.0
2026-08-29 01:31:46,17037.14,625663,3128,222.0629,566.9325,36.7,104.558411,-0.0,209.1586,2.088968,,4.643201,0.46432,0.317205,2.579467,10.0,10.0,25.1381,0.0,25.1381,74.8619,54.768716,0.64864,1.045646,0.0,0.0
2026-08-29 01:32:00,17051.29,626175,3130,251.6034,564.3463,36.7,106.818428,0.0,213.678574,2.085872,,5.377645,0.537764,0.192838,3.405631,10.0,10.0,30.559541,0.0,30.559541,69.440459,52.199977,0.565186,1.045646,0.0,0.0
2026-08-29 01:32:14,17065.32,626687,3133,486.015,562.3143,36.7,81.75898,0.0,163.559586,2.081248,,7.222613,0.722261,1.727648,1.420435,10.0,10.0,12.72282,0.0,12.72282,87.27718,65.747903,0.540785,1.045646,0.0,0.0
2026-08-29 01:32:28,17079.32,627199,3136,593.0908,561.7884,36.7,123.913567,-0.0,247.868729,2.079743,,8.337097,0.83371,1.898,1.261175,10.0,10.0,8.438162,0.0,8.438162,91.561838,69.866427,0.550865,1.045646,0.0,0.0
2026-08-29 01:32:42,17093.43,627711,3138,409.7051,562.124,36.7,77.264053,-0.0,154.569717,2.080917,,5.91843,0.591843,1.86285,1.927903,10.0,10.0,8.632553,0.0,8.632553,91.367447,68.332883,0.593058,1.045646,0.0,0.0
2026-08-29 01:32:56,17107.41,628223,3141,523.2095,563.2066,36.7,163.96286,-0.0,327.967346,2.082031,,7.689359,0.768936,1.615514,2.372552,10.0,10.0,12.379882,0.0,12.379882,87.620118,65.706818,0.593643,1.045646,0.0,0.0
2026-08-29 01:33:10,17121.39,628735,3143,596.2406,563.8517,36.7,139.718246,0.0,279.478149,2.082975,,8.876167,0.887617,1.590862,2.743596,10.0,10.0,15.746179,0.0,15.746179,84.253821,62.95486,0.522855,1.045646,0.0,0.0
2026-08-29 01:33:24,17135.23,629247,3146,492.9805,563.5299,36.7,97.429649,0.0,194.900955,2.083199,,7.862011,0.786201,0.73135,1.283879,10.0,10.0,20.776508,0.0,20.776508,79.223492,59.909433,0.510626,1.045646,0.0,0.0
2026-08-29 01:33:38,17149.16,629759,3148,521.3024,563.7918,36.7,149.862518,0.0,299.766754,2.085446,,8.113663,0.811366,0.71461,2.211312,10.0,10.0,18.139323,0.0,18.139323,81.860677,61.485247,0.610317,1.045646,0.0,0.0
2026-08-29 01:33:52,17162.97,630271,3151,672.5687,565.8525,36.7,169.586426,0.0,339.214478,2.081283,,9.74943,0.974943,1.613798,1.570085,10.0,10.0,10.661868,0.0,10.661868,89.338132,67.79417,0.617648,1.045646,0.0,0.0
2026-08-29 01:34:06,17176.8,630783,3153,594.1888,563.2552,36.7,110.717239,0.0,221.47612,2.081749,,8.653315,0.865332,1.468358,1.631801,10.0,10.0,12.238674,0.0,12.238674,87.761326,66.129275,0.553598,1.045646,0.0,0.0
2026-08-29 01:34:20,17190.66,631295,3156,547.4098,560.9654,36.7,153.54599,0.0,307.133667,2.084167,,8.617677,0.861768,1.002595,2.295653,10.0,10.0,20.727216,0.0,20.727216,79.272784,59.158555,0.560999,1.045646,0.0,0.0
2026-08-29 01:34:33,17204.6,631807,3159,705.9655,561.7903,36.7,171.855118,0.0,343.751862,2.080579,,9.414934,0.941493,1.921,0.733267,4.0,10.0,2.212196,0.0,2.212196,97.787804,74.909948,0.522366,1.045646,0.0,0.0
2026-08-29 01:34:47,17218.58,632319,3161,300.9896,559.4486,36.7,53.059006,0.0,106.159721,2.085641,,4.77298,0.477298,1.229833,2.23852,10.0,10.0,12.697172,0.0,12.697172,87.302828,65.326509,0.608351,1.045646,0.0,0.0
2026-08-29 01:35:01,17232.61,632831,3164,405.7253,557.5645,36.7,88.462021,-0.0,176.96582,2.089167,,7.222441,0.722244,0.380727,2.58232,10.0,10.0,27.491954,0.0,27.491954,72.508046,54.08071,0.573177,1.045646,0.0,0.0
2026-08-29 01:35:16,17246.75,633343,3166,378.9498,553.2484,36.7,87.490051,0.0,175.021729,2.081275,,6.564326,0.656433,0.072368,3.44675,10.0,10.0,23.821343,0.0,23.821343,76.178657,56.178174,0.544323,1.045646,0.0,0.0
2026-08-29 01:35:30,17260.74,633855,3169,446.1947,553.1235,36.7,101.424248,0.0,202.889938,2.072041,,6.141258,0.614126,1.916,1.822357,10.0,10.0,4.967021,0.0,4.967021,95.032979,71.45669,0.574278,1.045646,0.0,0.0
2026-08-29 01:35:44,17274.78,634367,3171,475.6704,552.674,36.7,76.091064,-0.0,152.223419,2.064359,,6.799638,0.679964,1.91095,2.617078,10.0,10.0,8.717262,0.0,8.717262,91.282738,69.676134,0.640522,1.045646,0.0,0.0
2026-08-29 01:35:58,17288.88,634879,3174,486.0714,552.1339,36.7,63.28363,0.0,126.608536,2.063676,,7.333762,0.733376,1.18078,2.356131,10.0,10.0,14.398533,0.0,14.398533,85.601467,64.514378,0.497211,1.045646,0.0,0.0
2026-08-29 01:36:12,17303.01,635391,3176,247.723,545.1739,36.7,79.711838,0.0,159.46489,2.06085,,5.020175,0.502017,0.643704,1.94781,10.0,10.0,25.98818,0.0,25.98818,74.01182,55.798494,0.594658,1.045646,0.0,0.0
2026-08-29 01:36:26,17317.06,635903,3179,442.1524,545.066,36.7,94.285271,0.0,188.611633,2.054824,,6.391093,0.639109,1.136102,1.70694,10.0,10.0,9.265902,0.0,9.265902,90.734098,68.488609,0.542934,1.045646,0.0,0.0
2026-08-29 01:36:40,17331.03,636415,3182,450.3899,545.5096,36.7,84.516151,0.0,169.07338,2.05406,,7.163006,0.716301,0.831034,2.602677,10.0,10.0,18.619899,0.0,18.619899,81.380101,60.709943,0.608727,1.045646,0.0,0.0
2026-08-29 01:36:54,17344.87,636927,3184,704.891,548.5968,36.7,148.738953,-0.0,297.51889,2.049315,,9.642716,0.964272,1.916,1.478657,10.0,10.0,5.471843,0.0,5.471843,94.528157,71.262225,0.572721,1.045646,0.0,0.0
2026-08-29 01:37:08,17358.84,637439,3187,620.1128,550.7165,36.7,160.983322,0.0,322.007599,2.0484,,9.031656,0.903166,0.731369,1.308572,10.0,10.0,12.946356,0.0,12.946356,87.053644,64.87222,0.560062,1.045646,0.0,0.0
2026-08-29 01:37:22,17372.9,637951,3189,188.1296,548.366,36.7,93.089905,-0.0,186.220856,2.051981,,6.049119,0.604912,0.428473,2.905193,10.0,10.0,29.972741,0.0,29.972741,70.027259,52.084435,0.620256,1.979278,0.0,0.0
2026-08-29 01:37:36,17386.85,638463,3192,397.4583,546.4771,36.7,59.27446,0.0,118.589859,2.046922,,6.714889,0.671489,1.252632,1.74527,10.0,10.0,11.753645,0.0,11.753645,88.246355,66.260812,0.574187,1.979278,0.0,0.0
2026-08-29 01:37:50,17400.84,638975,3194,628.964,546.356,36.7,130.245926,0.0,260.532684,2.041964,,10.031438,1.003144,0.912908,2.513771,10.0,10.0,14.134273,0.0,14.134273,85.865727,65.675393,0.476396,1.979278,0.0,0.0
2026-08-29 01:38:04,17414.91,639487,3197,626.3534,544.9918,36.7,181.548859,-0.0,363.138489,2.037853,,9.136238,0.913624,1.92295,3.255193,10.0,10.0,7.382308,0.0,7.382308,92.617692,68.56072,0.573324,1.979278,0.0,0.0
2026-08-29 01:38:18,17428.84,639999,3200,411.0341,543.9423,36.7,48.42057,-0.0,96.881828,2.034324,,7.163338,0.716334,1.192073,1.680377,10.0,10.0,13.681997,0.0,13.681997,86.318003,64.977717,0.551853,1.979278,0.0,0.0
2026-08-29 01:38:32,17442.77,640511,3202,528.6239,543.1223,36.7,69.368599,-0.0,138.777756,2.02777,,7.17947,0.717947,1.913,1.803173,9.0,10.0,2.335066,0.0,2.335066,97.664934,73.753632,0.594871,1.979278,0.0,0.0
2026-08-29 01:38:46,17456.84,641023,3205,435.2766,543.6601,36.7,139.037476,0.0,278.115479,2.026601,,8.426747,0.842675,0.9576,3.124588,10.0,10.0,20.491942,0.0,20.491942,79.508058,58.113657,0.591478,1.979278,0.0,0.0
2026-08-29 01:39:00,17470.97,641535,3207,428.01,544.4865,36.7,107.681343,0.0,215.403152,2.023066,,8.476779,0.847678,0.801133,3.125341,10.0,10.0,22.068979,0.0,22.068979,77.931021,58.796403,0.618131,1.979278,0.0,0.0
2026-08-29 01:39:14,17485.08,642047,3210,440.2859,544.1288,36.7,88.443962,-0.0,176.92836,2.021456,,7.884247,0.788425,0.68164,3.651333,10.0,10.0,16.845666,0.0,16.845666,83.154334,61.480638,0.537079,1.979278,0.0,0.0
2026-08-29 01:39:28,17499.08,642559,3212,584.1847,542.4394,36.7,131.383789,0.0,262.807922,2.017933,,9.208371,0.920837,1.641633,1.936163,10.0,10.0,11.895973,0.0,11.895973,88.104027,66.928883,0.513758,1.979278,0.0,0.0
2026-08-29 01:39:42,17513.07,643071,3215,479.5397,539.7919,36.7,138.467773,0.0,276.975922,2.018255,,7.243019,0.724302,1.90595,1.452188,10.0,10.0,7.274936,0.0,7.274936,92.725064,70.804765,0.566866,1.979278,0.0,0.0
2026-08-29 01:39:56,17527.05,643583,3217,316.1103,536.1521,36.7,88.712975,-0.0,177.466293,2.01731,,5.842389,0.584239,1.807445,2.450138,10.0,10.0,13.215051,0.0,13.215051,86.784949,65.589946,0.663271,1.979278,0.0,0.0
2026-08-29 01:40:10,17541.08,644095,3220,197.6436,530.4176,36.7,144.725723,-0.0,289.491913,2.023531,,5.688143,0.568814,0.570718,2.810149,10.0,10.0,24.040756,0.0,24.040756,75.959244,56.346328,0.618214,1.979278,0.0,0.0
2026-08-29 01:40:24,17555.0,644607,3223,333.3992,527.4378,36.7,96.174248,-0.0,192.38884,2.017313,,6.617069,0.661707,1.493947,2.295371,10.0,10.0,17.62796,0.0,17.62796,82.37204,61.915312,0.585492,1.979278,0.0,0.0
2026-08-29 01:40:38,17568.96,645119,3225,299.969,522.2607,36.7,51.871239,0.0,103.782776,2.014767,,4.916619,0.491662,1.861182,2.491482,10.0,10.0,8.123193,0.0,8.123193,91.876807,69.167861,0.608073,1.979278,0.0,0.0
2026-08-29 01:40:52,17582.81,645631,3228,600.6797,522.97,36.7,96.191925,0.0,192.424179,2.016622,,8.292962,0.829296,1.925,0.821961,6.0,10.0,3.057683,0.0,3.057683,96.942317,74.373634,0.534743,1.979278,0.0,0.0
2026-08-29 01:41:06,17596.66,646143,3230,660.6774,525.197,36.7,147.777359,-0.0,295.595123,2.020701,,10.317278,1.031728,1.772719,0.907374,10.0,10.0,10.809392,0.0,10.809392,89.190608,67.968416,0.505603,1.979278,0.0,0.0
2026-08-29 01:41:20,17610.7,646655,3233,535.1172,525.423,36.7,109.872375,-0.0,219.785233,2.023803,,9.532792,0.953279,0.799968,2.36065,10.0,10.0,19.308541,0.0,19.308541,80.691459,60.284769,0.520343,1.979278,0.0,0.0
2026-08-29 01:41:34,17624.71,647167,3235,451.2929,522.0684,36.7,80.828377,-0.0,161.697311,2.027698,,8.018464,0.801846,0.373796,1.472828,10.0,10.0,16.188182,0.0,16.188182,83.811818,63.646042,0.526091,1.979278,0.0,0.0
2026-08-29 01:41:48,17638.77,647679,3238,467.2523,521.6643,36.7,160.66922,0.0,321.378967,2.025795,,8.295799,0.82958,0.05501,2.384002,10.0,10.0,15.983979,0.0,15.983979,84.016021,62.80981,0.632236,1.979278,0.0,0.0
2026-08-29 01:42:02,17652.9,648191,3240,499.1068,523.1426,36.7,95.869377,-0.0,191.779343,2.029599,,9.054312,0.905431,0.06811,3.476276,10.0,10.0,19.583713,0.0,19.583713,80.416287,60.898137,0.578286,1.979278,0.0,0.0
2026-08-29 01:42:16,17666.91,648703,3243,648.1727,523.9208,36.7,153.062424,0.0,306.165436,2.028758,,9.086738,0.908674,1.908,1.535919,9.0,10.0,4.719437,0.0,4.719437,95.280563,72.569085,0.616035,1.979278,0.0,0.0
2026-08-29 01:42:30,17680.91,649215,3246,776.7239,526.2059,36.7,226.632111,-0.0,453.30484,2.031322,,11.52371,1.152371,0.585992,1.651802,9.0,10.0,9.545988,0.0,9.545988,90.454012,68.345348,0.57283,1.979278,0.0,0.0
2026-08-29 01:42:44,17694.95,649727,3248,378.5928,524.0671,36.7,70.624443,-0.0,141.289658,2.038951,,9.023895,0.902389,0.392128,3.155851,10.0,10.0,31.588834,0.0,31.588834,68.411166,50.375282,0.500907,1.979278,0.0,0.0
2026-08-29 01:42:58,17708.92,650239,3251,692.4336,524.6054,36.7,156.858475,0.0,313.757721,2.039284,,10.462503,1.04625,0.501963,1.636891,10.0,10.0,10.57917,0.0,10.57917,89.42083,66.955769,0.487434,2.773069,0.0,0.0
2026-08-29 01:43:12,17722.91,650751,3253,484.8816,525.5117,36.7,124.575432,0.0,249.191803,2.047047,,7.862445,0.786244,0.13519,1.588827,10.0,10.0,8.496369,0.0,8.496369,91.503631,69.457212,0.510408,2.773069,0.0,0.0
2026-08-29 01:43:26,17736.92,651263,3256,410.2708,526.0972,36.7,114.121529,0.0,228.284164,2.055526,,6.966103,0.69661,1.100423,1.606599,10.0,10.0,8.444962,0.0,8.444962,91.555038,68.713021,0.612434,2.773069,0.0,0.0
2026-08-29 01:43:40,17750.76,651775,3258,568.2628,524.6257,36.7,98.334587,0.0,196.71048,2.065292,,8.950892,0.895089,1.899,1.606869,10.0,10.0,8.385876,0.0,8.385876,91.614124,69.306756,0.503689,2.773069,0.0,0.0
2026-08-29 01:43:54,17764.66,652287,3261,146.3049,519.1861,36.7,181.587677,0.0,363.217102,2.087285,,7.413539,0.741354,0.43634,3.044738,10.0,10.0,29.861274,0.0,29.861274,70.138726,51.648049,0.513294,2.773069,0.0,0.0
2026-08-29 01:44:08,17778.66,652799,3264,531.3465,520.1751,36.7,89.057487,0.0,178.156845,2.093498,,9.147687,0.914769,1.881,2.731005,10.0,10.0,12.264544,0.0,12.264544,87.735456,66.247122,0.516399,2.773069,0.0,0.0
2026-08-29 01:44:21,17792.53,653311,3266,248.4664,518.2356,36.7,76.676315,0.0,153.394745,2.106054,,6.123587,0.612359,1.230802,2.556738,10.0,10.0,15.876343,0.0,15.876343,84.123657,62.739809,0.629911,2.773069,0.0,0.0
2026-08-29 01:44:35,17806.38,653823,3269,607.0749,517.3636,36.7,162.802917,-0.0,325.648071,2.111083,,9.026772,0.902677,1.244353,0.892214,5.0,10.0,5.634326,0.0,5.634326,94.365674,71.431136,0.545412,2.773069,0.0,0.0
2026-08-29 01:44:49,17820.47,654335,3271,331.5754,510.2569,36.7,110.75267,0.0,221.547806,2.122958,,7.966893,0.796689,0.415476,2.205602,10.0,10.0,19.70856,0.0,19.70856,80.29144,60.899113,0.546559,2.773069,0.0,0.0
2026-08-29 01:45:03,17834.51,654847,3274,253.9155,504.9252,36.7,66.171967,0.0,132.38649,2.12805,,6.047227,0.604723,1.160684,3.016285,10.0,10.0,15.420027,0.0,15.420027,84.579973,63.665442,0.535986,2.773069,0.0,0.0
2026-08-29 01:45:17,17848.58,655359,3276,166.0921,501.1318,36.7,78.334564,0.0,156.711838,2.135587,,5.32327,0.532327,1.188989,4.083238,10.0,10.0,17.976087,0.0,17.976087,82.023913,61.201297,0.576657,2.773069,0.0,0.0
2026-08-29 01:45:31,17862.5,655871,3279,655.8351,503.8499,36.7,188.087677,0.0,376.218079,2.13664,,9.20761,0.920761,1.897,0.804894,4.0,10.0,3.225492,0.0,3.225492,96.774508,73.748856,0.557519,2.773069,0.0,0.0
2026-08-29 01:45:46,17876.66,656383,3281,281.1475,500.4665,36.7,69.949677,-0.0,139.942184,2.141564,,5.596854,0.559685,1.525331,2.027019,10.0,10.0,10.744984,0.0,10.744984,89.255016,67.474162,0.620228,2.773069,0.0,0.0
2026-08-29 01:46:00,17890.68,656895,3284,185.0839,492.277,36.7,108.53875,-0.0,217.120438,2.147132,,3.73529,0.373529,1.519982,1.689817,10.0,10.0,7.420955,0.0,7.420955,92.579045,69.516225,0.769897,2.773069,0.0,0.0
2026-08-29 01:46:14,17904.79,657407,3287,81.7886,482.8147,36.7,149.142136,-0.0,298.327271,2.149556,,3.695259,0.369526,0.723356,2.004395,10.0,10.0,14.598136,0.0,14.598136,85.401864,64.757295,0.767324,2.773069,0.0,0.0
2026-08-29 01:46:28,17918.85,657919,3289,329.5659,478.6782,36.7,98.877838,0.0,197.798691,2.150625,,6.795443,0.679544,0.355621,2.206418,10.0,10.0,13.913321,0.0,13.913321,86.086679,64.294393,0.565134,2.773069,0.0,0.0
2026-08-29 01:46:42,17932.9,658431,3292,833.9456,479.9755,36.7,292.611664,-0.0,585.266296,2.147544,,11.665839,1.166584,1.90955,1.286187,9.0,10.0,2.617482,0.0,2.617482,97.382518,74.061289,0.539156,2.773069,0.0,0.0
2026-08-29 01:46:56,17946.96,658943,3294,432.3221,479.0334,36.7,86.46936,-0.0,172.98172,2.149927,,8.992479,0.899248,1.077965,3.48198,10.0,10.0,18.765231,0.0,18.765231,81.234769,61.841163,0.572487,2.773069,0.0,0.0
2026-08-29 01:47:10,17960.91,659455,3297,361.4368,478.4821,36.7,107.028564,0.0,214.100174,2.152622,,8.039647,0.803965,0.541475,2.909621,10.0,10.0,17.452861,0.0,17.452861,82.547139,61.078188,0.632633,2.773069,0.0,0.0
2026-08-29 01:47:24,17974.98,659967,3299,604.3562,478.1452,36.7,122.908867,-0.0,245.860748,2.150759,,9.834432,0.983443,0.940946,3.019071,10.0,10.0,10.427255,0.0,10.427255,89.572745,67.958705,0.570381,2.773069,0.0,0.0
2026-08-29 01:47:38,17988.86,660479,3302,540.8806,478.3847,36.7,156.174622,0.0,312.392303,2.152558,,8.305504,0.83055,0.511618,1.288882,9.0,10.0,6.553412,0.0,6.553412,93.446588,69.723847,0.570533,2.773069,0.0,0.0
2026-08-29 01:47:52,18002.73,660991,3304,367.0375,476.8945,36.7,118.365036,-0.0,236.773178,2.155587,,7.60121,0.760121,0.234982,1.125621,10.0,10.0,15.321942,0.0,15.321942,84.678058,64.396001,0.513016,2.773069,0.0,0.0
2026-08-29 01:48:05,18016.61,661503,3307,455.4508,475.918,36.7,89.481956,-0.0,179.00705,2.157047,,7.584611,0.758461,1.360879,2.797296,10.0,10.0,9.456793,0.0,9.456793,90.543207,68.027772,0.556351,2.773069,0.0,0.0
2026-08-29 01:48:19,18030.58,662015,3310,435.1226,473.1623,36.7,103.916626,0.0,207.87645,2.160187,,7.400305,0.740031,0.721186,1.240786,10.0,10.0,9.401592,0.0,9.401592,90.598408,68.070828,0.555073,2.773069,0.0,0.0
2026-08-29 01:48:34,18044.69,662527,3312,372.5317,471.5156,36.7,72.178452,-0.0,144.400131,2.161166,,7.525833,0.752583,0.645457,2.123455,10.0,10.0,14.612762,0.0,14.612762,85.387238,64.361136,0.500672,3.225346,0.0,0.0
2026-08-29 01:48:48,18058.68,663039,3315,413.3573,470.0783,36.7,82.250595,0.0,164.543869,2.134105,,7.037056,0.703706,1.895,2.232746,10.0,10.0,8.261694,0.0,8.261694,91.738306,68.892049,0.505452,3.225346,0.0,0.0
2026-08-29 01:49:02,18072.65,663551,3317,391.6515,468.3203,36.7,151.629318,-0.0,303.300598,2.097853,,8.195104,0.81951,0.192986,1.473827,10.0,10.0,14.405424,0.0,14.405424,85.594576,64.989435,0.502869,3.225346,0.0,0.0
2026-08-29 01:49:16,18086.73,664063,3320,411.6333,467.1447,36.7,172.691116,-0.0,345.423401,2.059018,,7.862222,0.786222,0.618517,1.936286,10.0,10.0,11.918673,0.0,11.918673,88.081327,66.3771,0.594179,3.225346,0.0,0.0
2026-08-29 01:49:30,18100.73,664575,3322,400.5872,466.9363,36.7,140.933258,0.0,281.907104,2.029381,,7.892034,0.789203,0.899528,1.465357,10.0,10.0,12.318699,0.0,12.318699,87.681301,66.439682,0.601054,3.225346,0.0,0.0
2026-08-29 01:49:44,18114.75,665087,3325,759.4537,470.9288,36.7,204.967926,0.0,409.9758,1.997062,,11.900564,1.190056,1.822033,2.155635,10.0,10.0,9.108755,0.0,9.108755,90.891245,68.35692,0.543418,3.225346,0.0,0.0
2026-08-29 01:49:58,18128.71,665599,3328,823.6405,473.977,36.7,196.787933,-0.0,393.615204,1.966961,,10.946807,1.094681,1.90495,0.801346,4.0,10.0,0.898982,0.0,0.898982,99.101018,75.800881,0.459694,3.225346,0.0,0.0
2026-08-29 01:50:12,18142.83,666111,3330,506.8024,474.7981,36.7,105.002991,0.0,210.044846,1.943566,,8.538031,0.853803,1.235241,2.409207,10.0,10.0,9.738337,0.0,9.738337,90.261663,67.453062,0.466859,3.225346,0.0,0.0
2026-08-29 01:50:26,18156.81,666623,3333,380.4726,475.357,36.7,146.067307,-0.0,292.173065,1.92224,,7.996329,0.799633,0.89151,1.955755,10.0,10.0,14.285621,0.0,14.285621,85.714379,63.567662,0.544009,3.225346,0.0,0.0
2026-08-29 01:50:40,18170.78,667135,3335,-39.7991,471.3841,36.7,144.32077,-0.0,288.679779,1.911911,,4.791493,0.479149,0.525673,3.829116,10.0,10.0,25.359244,0.0,25.359244,74.640756,55.944841,0.645021,3.225346,0.0,0.0
2026-08-29 01:50:54,18184.83,667647,3338,147.9582,466.0125,36.7,93.413231,-0.0,186.864258,1.889906,,5.9277,0.59277,0.542535,2.318793,10.0,10.0,19.015522,0.0,19.015522,80.984478,59.777773,0.564183,3.225346,0.0,0.0
2026-08-29 01:51:08,18198.71,668159,3340,217.3525,460.7816,36.7,120.038185,-0.0,240.113876,1.875522,,5.739856,0.573986,0.79429,1.059365,10.0,10.0,13.475516,0.0,13.475516,86.524484,65.547133,0.61351,3.225346,0.0,0.0
2026-08-29 01:51:22,18212.73,668671,3343,363.9862,457.688,36.7,74.718506,-0.0,149.474228,1.861,,7.901099,0.79011,0.410008,2.203874,10.0,10.0,14.508244,0.0,14.508244,85.491756,63.946104,0.449436,3.225346,0.0,0.0
2026-08-29 01:51:36,18226.8,669183,3345,53.6538,452.8007,36.7,183.310593,0.0,366.658325,1.856696,,5.72387,0.572387,0.320753,2.597004,10.0,10.0,23.955127,0.0,23.955127,76.044873,57.227779,0.528634,3.225346,0.0,0.0
2026-08-29 01:51:50,18240.94,669695,3348,299.1008,451.8138,36.7,176.727631,0.0,353.492188,1.846926,,9.394918,0.939492,0.406115,3.563358,10.0,10.0,25.301158,0.0,25.301158,74.698842,55.454752,0.481159,3.225346,0.0,0.0
2026-08-29 01:52:04,18254.99,670207,3351,516.462,453.6119,36.7,145.22847,-0.0,290.493469,1.826741,,11.627659,1.162766,0.421886,2.726409,10.0,10.0,22.443781,0.0,22.443781,77.556219,58.417794,0.540449,3.225346,0.0,0.0
2026-08-29 01:52:18,18268.98,670719,3353,504.9634,456.9381,36.7,151.967865,0.0,303.97226,1.82648,,9.445906,0.944591,1.054073,2.524408,10.0,10.0,13.305734,0.0,13.305734,86.694266,64.688809,0.546689,3.225346,0.0,0.0
2026-08-29 01:52:32,18283.16,671231,3356,269.632,453.783,36.7,83.916908,-0.0,167.87027,1.822466,,9.150312,0.915031,0.629,4.883189,10.0,10.0,26.67485,0.0,26.67485,73.32515,53.482355,0.579467,3.225346,0.0,0.0
2026-08-29 01:52:46,18297.21,671743,3358,589.2309,452.5834,36.7,135.687805,0.0,271.411804,1.809745,,9.566814,0.956681,1.885,1.673721,10.0,10.0,8.694124,0.0,8.694124,91.305876,69.905675,0.538923,3.225346,0.0,0.0
2026-08-29 01:53:00,18311.28,672255,3361,-13.6323,443.6997,36.7,207.279434,-0.0,414.595306,1.821635,,6.151797,0.61518,0.767647,3.180469,10.0,10.0,29.339013,0.0,29.339013,70.660987,52.029544,0.681592,3.225346,0.0,0.0
2026-08-29 01:53:14,18325.33,672767,3363,412.0311,440.6257,36.7,163.626419,-0.0,327.288879,1.802515,,7.978447,0.797845,0.875358,2.320427,10.0,10.0,11.393585,0.0,11.393585,88.606415,66.26879,0.581049,3.225346,0.0,0.0
2026-08-29 01:53:28,18339.42,673279,3366,11.2144,434.7841,36.7,150.448669,-0.0,300.933563,1.810824,,5.128282,0.512828,0.697603,3.624267,10.0,10.0,23.779022,0.0,23.779022,76.220978,55.317548,0.642897,3.225346,0.0,0.0
2026-08-29 01:53:42,18353.5,673791,3368,-17.5304,429.8929,36.7,110.410988,-0.0,220.8582,1.811587,,5.959588,0.595959,0.365453,4.212408,10.0,10.0,29.551981,0.0,29.551981,70.448019,52.73181,0.580596,3.225346,0.0,0.0
2026-08-29 01:53:56,18367.56,674303,3371,28.8287,424.9238,36.7,174.323761,-0.0,348.683746,1.811797,,5.747888,0.574789,0.931568,4.299283,10.0,10.0,25.783194,0.0,25.783194,74.216806,54.184567,0.589207,3.225346,0.0,0.0
2026-08-29 01:54:10,18381.56,674815,3374,-269.6489,416.4347,36.7,253.309113,-0.0,506.654633,1.820116,,4.613385,0.461339,0.255637,2.49002,10.0,10.0,38.01833,0.0,38.01833,61.98167,46.073995,0.603769,3.225346,0.0,0.0
2026-08-29 01:54:24,18395.54,675327,3376,289.784,412.6259,36.7,145.263596,-0.0,290.563324,1.805909,,8.872018,0.887202,1.46199,3.590178,10.0,10.0,17.742859,0.0,17.742859,82.257141,61.020315,0.579907,4.458798,0.0,0.0
2026-08-29 01:54:38,18409.48,675839,3379,35.5525,410.305,36.7,152.340729,-0.0,304.717743,1.815018,,9.132885,0.913289,0.279145,2.579759,10.0,10.0,29.364402,0.0,29.364402,70.635598,52.725696,0.500177,4.458798,0.0,0.0
2026-08-29 01:54:52,18423.38,676351,3381,783.3711,415.3505,36.7,211.967209,0.0,423.970551,1.806033,,12.86299,1.286299,1.9008,1.0968,10.0,10.0,8.197117,0.0,8.197117,91.802883,69.325544,0.533738,4.458798,0.0,0.0
2026-08-29 01:55:06,18437.33,676863,3384,896.989,422.0998,36.7,287.22522,0.0,574.486511,1.803352,,12.887401,1.28874,1.88255,1.186868,8.0,10.0,3.217967,0.0,3.217967,96.782033,73.136833,0.51952,4.458798,0.0,0.0
2026-08-29 01:55:20,18451.5,677375,3386,312.9492,422.7132,36.7,93.196106,0.0,186.428452,1.811783,,7.89767,0.789767,1.273002,2.795626,10.0,10.0,13.186985,0.0,13.186985,86.813015,65.455638,0.550271,4.458798,0.0,0.0
2026-08-29 01:55:34,18465.56,677887,3389,-64.9135,417.2039,36.7,159.682144,0.0,319.400696,1.820775,,3.310942,0.331094,1.049354,2.515067,10.0,10.0,14.449561,0.0,14.449561,85.550439,63.80371,0.793158,4.458798,0.0,0.0
2026-08-29 01:55:49,18479.78,678399,3392,39.0747,411.6638,36.7,133.569443,-0.0,267.175293,1.820933,,6.022717,0.602272,0.889601,2.929668,10.0,10.0,18.791385,0.0,18.791385,81.208615,60.769116,0.573884,4.458798,0.0,0.0
2026-08-29 01:56:03,18493.87,678911,3394,430.7009,411.8737,36.7,64.916595,0.0,129.869644,1.822874,,11.176623,1.117662,0.57719,3.421677,10.0,10.0,19.642881,0.0,19.642881,80.357119,59.341836,0.555145,4.458798,0.0,0.0
2026-08-29 01:56:17,18507.94,679423,3397,386.6901,410.5085,36.7,154.776367,0.0,309.589111,1.819315,,10.421133,1.042113,0.84163,3.485163,10.0,10.0,18.537186,0.0,18.537186,81.462814,60.693098,0.597945,4.458798,0.0,0.0
2026-08-29 01:56:31,18521.89,679935,3399,788.4172,412.4303,36.7,216.304626,0.0,432.645721,1.822864,,11.106283,1.110628,1.904,0.855389,5.0,10.0,2.64026,0.0,2.64026,97.35974,74.448968,0.515986,4.458798,0.0,0.0
2026-08-29 01:56:45,18535.91,680447,3402,111.0327,408.6108,36.7,109.418068,-0.0,218.872757,1.831423,,5.180179,0.518018,0.199849,1.113043,7.0,10.0,12.583702,0.0,12.583702,87.416298,66.535542,0.592611,4.458798,0.0,0.0
2026-08-29 01:56:59,18550.0,680959,3404,-96.4291,402.4335,36.7,247.997238,-0.0,496.031342,1.843247,,5.818705,0.58187,0.281324,2.682148,10.0,10.0,24.034954,0.0,24.034954,75.965046,56.60655,0.558789,4.458798,0.0,0.0
2026-08-29 01:57:13,18564.05,681471,3407,231.1703,398.0195,36.7,145.644394,-0.0,291.325531,1.837391,,8.86705,0.886705,0.454292,2.479099,10.0,10.0,19.855677,0.0,19.855677,80.144323,60.197139,0.538401,4.458798,0.0,0.0
2026-08-29 01:57:27,18578.03,681983,3409,444.3854,396.5215,36.7,100.514053,-0.0,201.064804,1.834721,,10.952192,1.095219,0.82229,1.747167,10.0,10.0,17.253594,0.0,17.253594,82.746406,63.148311,0.505756,4.458798,0.0,0.0
2026-08-29 01:57:41,18591.98,682495,3412,394.5068,394.9925,36.7,144.870117,0.0,289.7771,1.842784,,10.078363,1.007836,1.244251,3.334069,10.0,10.0,17.431276,0.0,17.431276,82.568724,61.104131,0.524571,4.458798,0.0,0.0
2026-08-29 01:57:55,18605.96,683007,3415,123.4577,389.1674,36.7,170.850739,-0.0,341.738373,1.84446,,7.286109,0.728611,0.691034,3.851618,10.0,10.0,19.7956,0.0,19.7956,80.2044,59.907832,0.534795,4.458798,0.0,0.0
2026-08-29 01:58:09,18619.85,683519,3417,390.7955,390.0654,36.7,148.66037,-0.0,297.357422,1.834382,,8.422605,0.842261,1.069813,1.956942,10.0,10.0,11.547513,0.0,11.547513,88.452487,66.858297,0.516733,4.458798,0.0,0.0
2026-08-29 01:58:23,18633.84,684031,3420,688.4316,392.8925,36.7,156.747986,-0.0,313.532684,1.834991,,9.923879,0.992388,1.90895,2.073318,10.0,10.0,3.442719,0.0,3.442719,96.557281,73.415793,0.467993,4.458798,0.0,0.0
2026-08-29 01:58:37,18647.73,684543,3422,638.1274,395.4843,36.7,184.579956,0.0,369.196625,1.835796,,10.805295,1.080529,0.861218,0.956575,9.0,10.0,8.155752,0.0,8.155752,91.844248,70.075734,0.460791,4.458798,0.0,0.0
2026-08-29 01:58:51,18661.7,685055,3425,769.5099,398.7174,36.7,228.757935,0.0,457.552551,1.834021,,11.020076,1.102008,1.88795,1.592024,9.0,10.0,3.23011,0.0,3.23011,96.76989,72.944627,0.491348,4.458798,0.0,0.0
2026-08-29 01:59:05,18675.69,685567,3427,441.2555,398.3733,36.7,58.738953,0.0,117.514687,1.839229,,9.95536,0.995536,0.676466,2.706041,10.0,10.0,14.276869,0.0,14.276869,85.723131,64.497783,0.450858,4.458798,0.0,0.0
2026-08-29 01:59:19,18689.73,686079,3430,518.4152,398.6967,36.7,159.758499,-0.0,319.55365,1.832233,,7.829567,0.782957,1.90085,1.183507,6.0,10.0,3.613376,0.0,3.613376,96.386624,72.443437,0.476868,4.458798,0.0,0.0
2026-08-29 01:59:33,18703.83,686591,3432,251.6406,398.7359,36.7,99.83828,0.0,199.713364,1.84003,,7.206494,0.720649,1.563839,3.093116,10.0,10.0,13.867277,0.0,13.867277,86.132723,64.715782,0.569353,4.458798,0.0,0.0
2026-08-29 01:59:47,18717.92,687103,3435,584.28,400.1572,36.7,144.811279,0.0,289.659302,1.83765,,10.857944,1.085794,1.307638,2.872518,10.0,10.0,11.325053,0.0,11.325053,88.674947,66.661009,0.486601,4.458798,0.0,0.0
2026-08-29 02:00:01,18732.05,687615,3438,45.2122,396.1054,36.7,171.25206,-0.0,342.540924,1.840763,,7.492397,0.74924,0.065817,2.322032,10.0,10.0,22.199028,0.0,22.199028,77.800972,58.724046,0.51902,5.164507,0.0,0.0
2026-08-29 02:00:15,18746.25,688127,3440,189.5427,390.9519,36.7,104.509727,0.0,209.056198,1.837498,,5.525726,0.552573,1.855846,2.083965,10.0,10.0,9.172066,0.0,9.172066,90.827934,68.401631,0.614697,5.164507,0.0,0.0
2026-08-29 02:00:29,18760.35,688639,3443,592.3794,390.6746,36.7,108.174644,0.0,216.386032,1.837201,,10.961756,1.096176,1.21437,1.909174,10.0,10.0,9.55156,0.0,9.55156,90.44844,68.308789,0.473039,5.164507,0.0,0.0
2026-08-29 02:00:43,18774.36,689151,3445,714.5149,395.9384,36.7,190.139587,0.0,380.315857,1.834559,,12.348977,1.234898,1.843991,3.261134,10.0,10.0,8.844709,0.0,8.844709,91.155291,67.973192,0.535994,5.164507,0.0,0.0
2026-08-29 02:00:57,18788.23,689663,3448,639.7592,398.3614,36.7,357.966949,-0.0,715.970642,1.837083,,10.25033,1.025033,0.701229,1.022156,6.0,10.0,4.695522,0.0,4.695522,95.304478,72.252818,0.625333,5.164507,0.0,0.0
2026-08-29 02:01:11,18802.27,690175,3450,-11.3299,391.9585,36.7,362.128296,0.0,724.293579,1.84917,,8.886428,0.888643,0.393633,2.616865,10.0,10.0,25.928973,0.0,25.928973,74.071027,55.885079,0.617628,5.164507,0.0,0.0
2026-08-29 02:01:25,18816.18,690687,3453,552.0937,391.2159,36.7,100.843063,0.0,201.723007,1.843643,,11.695505,1.16955,0.596168,2.227013,10.0,10.0,12.288835,0.0,12.288835,87.711165,65.983671,0.569631,5.164507,0.0,0.0
2026-08-29 02:01:39,18830.07,691199,3456,713.5486,394.241,36.7,154.2276,0.0,308.491943,1.837246,,11.848163,1.184816,1.106185,1.729974,10.0,10.0,7.581863,0.0,7.581863,92.418137,69.653449,0.537407,5.164507,0.0,0.0
2026-08-29 02:01:53,18844.0,691711,3458,530.2485,394.2573,36.7,135.311432,0.0,270.659576,1.835943,,8.11116,0.811116,0.505786,0.891191,4.0,10.0,3.393463,0.0,3.393463,96.606537,73.069614,0.549855,5.164507,0.0,0.0
2026-08-29 02:02:07,18858.12,692223,3461,-229.5237,387.6093,36.7,354.654633,-0.0,709.346436,1.858728,,8.70301,0.870301,0.386755,3.909639,10.0,10.0,34.316289,0.0,34.316289,65.683711,47.955595,0.557418,5.164507,0.0,0.0
2026-08-29 02:02:21,18872.13,692735,3463,464.9622,387.9788,36.7,125.774849,0.0,251.586594,1.844772,,9.842258,0.984226,1.424885,2.389186,10.0,10.0,11.195625,0.0,11.195625,88.804375,66.459902,0.545528,5.164507,0.0,0.0
2026-08-29 02:02:35,18886.2,693247,3466,104.5154,384.6211,36.7,311.441101,-0.0,622.919189,1.848386,,7.867502,0.78675,1.3e-05,2.960565,10.0,10.0,19.022808,0.0,19.022808,80.977192,60.279241,0.597658,5.164507,0.0,0.0
2026-08-29 02:02:49,18900.29,693759,3468,220.7991,380.9873,36.7,96.544106,0.0,193.125076,1.843545,,6.590164,0.659016,1.198813,2.332446,10.0,10.0,11.45658,0.0,11.45658,88.54342,66.581827,0.521363,5.164507,0.0,0.0
2026-08-29 02:03:03,18914.33,694271,3471,-1.8769,376.1731,36.7,230.735184,-0.0,461.507385,1.851301,,7.210101,0.72101,0.313901,1.937619,10.0,10.0,21.264192,0.0,21.264192,78.735808,59.037594,0.578503,5.164507,0.0,0.0
2026-08-29 02:03:17,18928.25,694783,3473,733.4323,380.3463,36.7,153.531586,0.0,307.099945,1.838199,,11.652091,1.165209,1.091136,1.671667,10.0,10.0,6.128118,0.0,6.128118,93.871882,71.994073,0.463526,5.164507,0.0,0.0
2026-08-29 02:03:31,18942.33,695295,3476,520.3952,383.5738,36.7,119.641747,0.0,239.320312,1.840646,,10.29678,1.029678,1.452098,3.145905,10.0,10.0,10.73796,0.0,10.73796,89.26204,67.205092,0.488709,5.164507,0.0,0.0
2026-08-29 02:03:45,18956.45,695807,3479,194.2903,382.1827,36.7,129.320816,-0.0,258.678558,1.846735,,7.06229,0.706229,0.112706,2.069916,10.0,10.0,13.31208,0.0,13.31208,86.68792,65.71943,0.489433,5.164507,0.0,0.0
2026-08-29 02:03:59,18970.43,696319,3481,165.2545,380.8356,36.7,182.060165,-0.0,364.157227,1.844355,,6.057313,0.605731,1.17504,1.386634,10.0,10.0,11.562931,0.0,11.562931,88.437069,66.999754,0.653252,5.164507,0.0,0.0
2026-08-29 02:04:13,18984.3,696831,3484,276.5896,377.5947,36.7,90.519043,0.0,181.07486,1.838311,,4.877039,0.487704,1.158938,0.968716,6.0,10.0,3.757792,0.0,3.757792,96.242208,72.690273,0.698208,5.164507,0.0,0.0
2026-08-29 02:04:27,18998.25,697343,3486,215.4311,373.1422,36.7,78.387459,0.0,156.811737,1.840867,,5.50611,0.550611,1.372741,2.362435,10.0,10.0,8.336867,0.0,8.336867,91.663133,69.160275,0.649919,5.164507,0.0,0.0
2026-08-29 02:04:41,19012.23,697855,3489,300.3558,370.7946,36.7,155.731171,-0.0,311.499237,1.844554,,7.598391,0.759839,0.014346,1.625891,10.0,10.0,10.906294,0.0,10.906294,89.093706,67.484415,0.529499,5.164507,0.0,0.0
2026-08-29 02:04:55,19026.16,698367,3491,498.2231,371.2639,36.7,117.811768,0.0,235.660355,1.841192,,8.208593,0.820859,1.320378,1.284084,9.0,10.0,5.185463,0.0,5.185463,94.814537,72.74026,0.533162,5.164507,0.0,0.0
2026-08-29 02:05:09,19040.25,698879,3494,127.9137,367.8705,36.7,216.479935,-0.0,432.996826,1.848364,,7.089699,0.70897,0.685462,2.189326,10.0,10.0,16.298109,0.0,16.298109,83.701891,63.327829,0.579415,5.164507,0.0,0.0
2026-08-29 02:05:23,19054.32,699391,3496,129.9676,364.1791,36.7,205.876785,0.0,411.790527,1.848087,,8.294376,0.829438,0.332368,2.82785,10.0,10.0,19.435304,0.0,19.435304,80.564696,60.524834,0.525312,5.164507,0.0,0.0
2026-08-29 02:05:37,19068.5,699903,3499,-272.6612,354.9708,36.7,278.60434,0.0,557.245789,1.856507,,5.937773,0.593777,9e-06,3.224715,10.0,10.0,27.856514,0.0,27.856514,72.143486,53.155824,0.59904,5.164507,0.0,0.0
2026-08-29 02:05:51,19082.52,700415,3502,223.0827,349.4344,36.7,252.511902,0.0,505.060791,1.849813,,7.822822,0.782282,0.469773,1.711646,10.0,10.0,13.332985,0.0,13.332985,86.667015,65.583568,0.606562,5.797748,0.0,0.0
2026-08-29 02:06:05,19096.56,700927,3504,-133.3345,344.3151,36.7,321.948486,-0.0,643.93396,1.849985,,4.601696,0.46017,0.471845,2.689015,10.0,10.0,16.757341,0.0,16.757341,83.242659,62.545401,0.691962,5.797748,0.0,0.0
2026-08-29 02:06:19,19110.57,701439,3507,287.8036,340.2688,36.7,74.14257,0.0,148.322067,1.84655,,5.119548,0.511955,0.90364,2.87343,10.0,10.0,3.949349,0.0,3.949349,96.050651,73.118009,0.612575,5.797748,0.0,0.0
2026-08-29 02:06:33,19124.55,701951,3509,359.2697,339.0127,36.7,53.360283,-0.0,106.757378,1.84068,,4.677992,0.467799,1.876,0.237399,1.0,2.0,0.0,0.0,0.0,100.0,76.836831,0.656338,5.797748,0.0,0.0
2026-08-29 02:06:47,19138.58,702463,3512,480.3252,339.7132,36.7,101.353737,-0.0,202.744461,1.849233,,9.395015,0.939502,1.439101,1.649838,10.0,10.0,8.400837,0.0,8.400837,91.599163,69.416039,0.480616,5.797748,0.0,0.0
2026-08-29 02:07:01,19152.57,702975,3514,452.2807,338.5534,36.7,252.701523,-0.0,505.440186,1.857119,,10.941765,1.094176,0.091079,0.943442,8.0,10.0,12.59729,0.0,12.59729,87.40271,66.279251,0.4726,5.797748,0.0,0.0
2026-08-29 02:07:15,19166.52,703487,3517,120.9961,338.3003,36.7,150.830231,-0.0,301.697723,1.862964,,5.972509,0.597251,0.365776,2.435622,10.0,10.0,11.560966,0.0,11.560966,88.439034,65.764841,0.566643,5.797748,0.0,0.0
2026-08-29 02:07:29,19180.61,703999,3520,266.8206,335.6551,36.7,99.848511,0.0,199.73436,1.867213,,6.792678,0.679268,0.693242,2.086596,10.0,10.0,9.007016,0.0,9.007016,90.992984,69.103946,0.576725,5.797748,0.0,0.0
2026-08-29 02:07:43,19194.59,704511,3522,74.1097,333.9115,36.7,145.066803,-0.0,290.171021,1.870559,,6.59164,0.659164,1e-05,2.983827,10.0,10.0,14.921042,0.0,14.921042,85.078958,63.045231,0.561933,5.797748,0.0,0.0
2026-08-29 02:07:58,19208.65,705023,3525,-277.4449,325.0663,36.7,263.47226,0.0,526.982056,1.877271,,4.641466,0.464147,1.1e-05,4.556604,10.0,10.0,22.189161,0.0,22.189161,77.810839,56.908632,0.619882,5.797748,0.0,0.0
2026-08-29 02:08:12,19222.74,705535,3527,-814.3634,313.6069,36.7,879.511536,0.0,1759.060913,1.89383,,5.266494,0.526649,0.181799,5.490376,10.0,10.0,41.538022,0.0,41.538022,58.461978,43.240371,0.62493,5.797748,0.0,0.0
2026-08-29 02:08:26,19236.74,706047,3530,-398.9185,307.0786,36.7,418.844788,0.0,837.727356,1.887782,,6.135724,0.613572,0.112702,3.279441,10.0,10.0,29.604125,0.0,29.604125,70.395875,52.084464,0.588744,5.797748,0.0,0.0
2026-08-29 02:08:40,19250.68,706559,3532,-15.1186,305.2665,36.7,117.866234,-0.0,235.770126,1.882761,,6.524773,0.652477,0.356611,1.620957,10.0,10.0,17.625497,0.0,17.625497,82.374503,62.654137,0.556806,5.797748,0.0,0.0
2026-08-29 02:08:54,19264.82,707071,3535,128.79,299.996,36.7,103.019135,-0.0,206.075912,1.881898,,6.279418,0.627942,0.546546,3.065386,10.0,10.0,12.584243,0.0,12.584243,87.415757,64.932572,0.581804,5.797748,0.0,0.0
2026-08-29 02:09:08,19278.93,707583,3537,344.8237,300.6328,36.7,118.598457,-0.0,237.234451,1.876617,,8.561099,0.85611,0.395462,2.202903,10.0,10.0,10.504015,0.0,10.504015,89.495985,67.444435,0.581357,5.797748,0.0,0.0
2026-08-29 02:09:22,19293.08,708095,3540,99.5322,299.7773,36.7,119.124428,-0.0,238.287552,1.934706,,6.756019,0.675602,0.129144,3.68413,10.0,10.0,14.905144,0.0,14.905144,85.094856,63.216841,0.636118,5.797748,0.0,0.0
2026-08-29 02:09:36,19307.12,708607,3543,445.908,303.4185,36.7,153.416138,0.0,306.871674,1.970172,,7.696739,0.769674,1.3e-05,0.683492,4.0,10.0,4.927189,0.0,4.927189,95.072811,72.934185,0.542386,5.797748,0.0,0.0
2026-08-29 02:09:50,19321.25,709119,3545,294.8622,303.0714,36.7,119.127686,0.0,238.295441,2.003561,,7.774137,0.777414,1e-05,1.815069,10.0,10.0,10.315278,0.0,10.315278,89.684722,67.71881,0.589989,5.797748,0.0,0.0
2026-08-29 02:10:04,19335.28,709631,3548,404.9468,298.7814,36.7,104.046463,-0.0,208.133499,2.028935,,6.650536,0.665054,0.06868,1.306885,8.0,10.0,3.490578,0.0,3.490578,96.509422,73.469204,0.614771,5.797748,0.0,0.0
2026-08-29 02:10:18,19349.41,710143,3550,-108.4267,293.3739,36.7,220.28302,-0.0,440.607239,2.060051,,4.769853,0.476985,0.141901,3.340438,10.0,10.0,16.570586,0.0,16.570586,83.429414,62.096193,0.634472,5.797748,0.0,0.0
2026-08-29 02:10:32,19363.59,710655,3553,-385.5681,285.9039,36.7,397.608826,-0.0,795.259338,2.083101,,5.426302,0.54263,0.221724,4.44989,10.0,10.0,27.543765,0.0,27.543765,72.456235,52.504862,0.590165,5.797748,0.0,0.0
2026-08-29 02:10:47,19377.66,711167,3555,251.7194,282.3775,36.7,91.129204,-0.0,182.300156,2.087062,,6.579021,0.657902,1.4e-05,2.324037,10.0,10.0,8.798509,0.0,8.798509,91.201491,69.155137,0.573565,5.797748,0.0,0.0
2026-08-29 02:11:01,19391.66,711679,3558,-39.5936,276.5728,36.7,259.901184,-0.0,519.844421,2.103597,,7.653479,0.765348,7e-06,3.536258,10.0,10.0,21.616417,0.0,21.616417,78.383583,58.198646,0.558314,5.797748,0.0,0.0
2026-08-29 02:11:14,19405.56,712191,3560,699.3671,279.8961,36.7,209.315842,-0.0,418.673828,2.107852,,13.180455,1.318046,1e-05,2.716914,10.0,10.0,10.361622,0.0,10.361622,89.638378,67.796169,0.525587,5.797748,0.0,0.0
2026-08-29 02:11:28,19419.52,712703,3563,633.5465,281.677,36.7,178.105484,0.0,356.253265,2.115322,,11.631326,1.163133,8e-06,2.086609,10.0,10.0,8.29667,0.0,8.29667,91.70333,69.219807,0.543844,6.513876,0.0,0.0
2026-08-29 02:11:42,19433.39,713215,3566,337.2803,280.6986,36.7,105.676399,0.0,211.395218,2.120979,,9.692851,0.969285,1.1e-05,1.953553,10.0,10.0,12.298145,0.0,12.298145,87.701855,65.339839,0.503332,6.513876,0.0,0.0
2026-08-29 02:11:56,19447.41,713727,3568,-75.1322,276.222,36.7,189.254105,-0.0,378.550812,2.129691,,6.747992,0.674799,1.1e-05,2.65811,10.0,10.0,18.069999,0.0,18.069999,81.930001,61.002308,0.564409,6.513876,0.0,0.0
2026-08-29 02:12:10,19461.35,714239,3571,343.5198,275.5236,36.7,111.464088,-0.0,222.970779,2.129832,,8.148254,0.814825,9e-06,1.322363,9.0,10.0,8.2099,0.0,8.2099,91.7901,69.196084,0.54729,6.513876,0.0,0.0
2026-08-29 02:12:24,19475.33,714751,3573,776.8243,279.3753,36.7,178.13945,0.0,356.321503,2.129965,,10.783956,1.078396,1e-05,0.653939,3.0,8.0,0.529881,0.0,0.529881,99.470119,76.258636,0.51669,6.513876,0.0,0.0
2026-08-29 02:12:38,19489.28,715263,3576,566.6352,280.9253,36.7,98.724854,0.0,197.492355,2.132375,,9.837271,0.983727,8e-06,1.924836,10.0,10.0,5.476992,0.0,5.476992,94.523008,71.486357,0.519206,6.513876,0.0,0.0
2026-08-29 02:12:52,19503.28,715775,3578,160.8126,278.5276,36.7,186.893173,0.0,373.829102,2.137967,,7.933289,0.793329,7e-06,2.494292,10.0,10.0,13.724826,0.0,13.724826,86.275174,65.132587,0.508549,6.513876,0.0,0.0
2026-08-29 02:13:06,19517.45,716287,3581,312.2512,274.0556,36.7,80.173973,-0.0,160.390701,2.137486,,8.801878,0.880188,9e-06,2.098054,10.0,10.0,11.035807,0.0,11.035807,88.964193,67.251742,0.531486,6.513876,0.0,0.0
2026-08-29 02:13:20,19531.55,716799,3584,252.2054,268.3412,36.7,82.881683,0.0,165.806152,2.139418,,6.775356,0.677536,1e-05,2.874291,10.0,10.0,8.376563,0.0,8.376563,91.623437,69.263974,0.55088,6.513876,0.0,0.0
2026-08-29 02:13:35,19545.66,717311,3586,158.7654,264.8609,36.7,112.669617,-0.0,225.381989,2.137943,,6.448959,0.644896,1.6e-05,2.882703,10.0,10.0,10.678523,0.0,10.678523,89.321477,67.11289,0.580453,6.513876,0.0,0.0
2026-08-29 02:13:49,19559.76,717823,3589,287.737,263.9335,36.7,93.37957,0.0,186.801926,2.139097,,6.53798,0.653798,1.1e-05,2.736012,10.0,10.0,6.796457,0.0,6.796457,93.203543,70.24108,0.602228,6.513876,0.0,0.0
2026-08-29 02:14:03,19573.85,718335,3591,356.6478,267.898,36.7,88.913689,-0.0,177.870148,2.138773,,6.423273,0.642327,8e-06,1.860136,9.0,10.0,4.169057,0.0,4.169057,95.830943,72.915668,0.662567,6.513876,0.0,0.0
2026-08-29 02:14:17,19587.87,718847,3594,109.8753,267.5171,36.7,159.98204,-0.0,320.006805,2.136212,,5.2117,0.52117,1.1e-05,1.39312,9.0,10.0,8.769726,0.0,8.769726,91.230274,68.907785,0.641894,6.513876,0.0,0.0
2026-08-29 02:14:31,19601.76,719359,3596,207.9662,267.4233,36.7,74.314423,0.0,148.671448,2.130412,,4.485864,0.448586,1.1e-05,1.714365,9.0,10.0,4.282426,0.0,4.282426,95.717574,73.354252,0.657366,6.513876,0.0,0.0
2026-08-29 02:14:45,19615.74,719871,3599,173.913,265.5225,36.7,119.833977,0.0,239.710556,2.13024,,6.048983,0.604898,6e-06,2.688436,10.0,10.0,9.176315,0.0,9.176315,90.823685,68.217718,0.590564,6.513876,0.0,0.0
2026-08-29 02:14:59,19629.74,720383,3601,-151.5895,263.4701,36.7,309.674438,-0.0,619.391479,2.128933,,6.592403,0.65924,8e-06,3.287622,10.0,10.0,20.256329,0.0,20.256329,79.743671,60.336777,0.491134,6.513876,0.0,0.0
2026-08-29 02:15:12,19643.56,720895,3604,602.919,266.5083,36.7,107.859505,-0.0,215.761353,2.117502,,8.219922,0.821992,1e-05,1.339543,7.0,10.0,0.802104,0.0,0.802104,99.197896,76.040168,0.500606,6.513876,0.0,0.0
2026-08-29 02:15:26,19657.47,721407,3607,535.1592,266.6953,36.7,122.737022,0.0,245.516357,2.115851,,11.315079,1.131508,8e-06,2.559477,10.0,10.0,10.331732,0.0,10.331732,89.668268,67.794216,0.491055,6.513876,0.0,0.0
2026-08-29 02:15:41,19671.62,721919,3609,249.7601,264.1432,36.7,165.515854,-0.0,331.073944,2.112176,,8.67183,0.867183,6e-06,2.817135,10.0,10.0,12.497734,0.0,12.497734,87.502266,66.329325,0.531769,6.513876,0.0,0.0
2026-08-29 02:15:55,19685.68,722431,3612,357.8623,265.0255,36.7,93.73951,0.0,187.521164,2.107466,,8.848508,0.884851,9e-06,2.693369,10.0,10.0,9.751203,0.0,9.751203,90.248797,66.993331,0.52255,6.513876,0.0,0.0
2026-08-29 02:16:09,19699.74,722943,3614,186.3449,260.9967,36.7,133.116272,0.0,266.274628,2.104487,,8.760347,0.876035,6e-06,3.384318,10.0,10.0,15.069016,0.0,15.069016,84.930984,62.993664,0.485262,6.513876,0.0,0.0
2026-08-29 02:16:23,19713.84,723455,3617,299.6012,264.129,36.7,118.549561,-0.0,237.14119,2.103057,,6.910334,0.691033,5e-06,2.252495,9.0,10.0,7.314953,0.0,7.314953,92.685047,68.981821,0.545395,6.513876,0.0,0.0
2026-08-29 02:16:37,19727.89,723967,3619,174.8589,261.7573,36.7,235.798218,-0.0,471.638397,2.097805,,6.074203,0.60742,7e-06,2.317711,9.0,10.0,8.753652,0.0,8.753652,91.246348,69.206123,0.52902,6.513876,0.0,0.0
2026-08-29 02:16:51,19741.89,724479,3622,396.351,265.6087,36.7,135.24736,-0.0,270.536591,2.094149,,7.252357,0.725236,7e-06,1.823439,9.0,10.0,4.805607,0.0,4.805607,95.194393,71.819492,0.491521,6.513876,0.0,0.0
2026-08-29 02:17:05,19755.85,724991,3624,507.3864,270.8578,36.7,83.09137,0.0,166.224533,2.089573,,7.024591,0.702459,7e-06,1.225043,6.0,10.0,0.982408,0.0,0.982408,99.017592,75.47753,0.531761,6.513876,0.0,0.0
2026-08-29 02:17:19,19770.03,725503,3627,213.113,272.7007,36.7,133.497726,-0.0,267.037262,2.090793,,6.092792,0.609279,5e-06,2.980063,10.0,10.0,8.041491,0.0,8.041491,91.958509,69.051599,0.585814,6.505139,0.0,0.0
2026-08-29 02:17:33,19784.08,726015,3630,247.2374,277.8695,36.7,130.745438,0.0,261.532654,2.089391,,5.528601,0.55286,6e-06,2.059191,9.0,10.0,5.519304,0.0,5.519304,94.480696,72.325857,0.684298,6.505139,0.0,0.0
2026-08-29 02:17:47,19798.02,726527,3632,254.9565,277.5213,36.7,80.063118,0.0,160.167923,2.084501,,4.353632,0.435363,8e-06,0.866919,3.0,10.0,2.361034,0.0,2.361034,97.638966,74.491303,0.747841,6.505139,0.0,0.0
2026-08-29 02:18:01,19811.89,727039,3635,597.4866,283.1406,36.7,168.313995,0.0,336.669617,2.080866,,8.981437,0.898144,1e-05,1.462638,8.0,10.0,2.594669,0.0,2.594669,97.405331,73.297443,0.506064,6.505139,0.0,0.0
2026-08-29 02:18:15,19825.92,727551,3637,751.5244,282.8221,36.7,190.956696,0.0,381.954987,2.080514,,14.267069,1.426707,6e-06,2.918342,10.0,10.0,9.38008,0.0,9.38008,90.61992,68.18543,0.558142,6.505139,0.0,0.0
2026-08-29 02:18:29,19839.86,728063,3640,981.3281,283.6655,36.7,384.214966,0.0,768.471497,2.079453,,15.012891,1.501289,7e-06,2.695144,9.0,10.0,3.512789,0.0,3.512789,96.487211,72.987153,0.571524,6.505139,0.0,0.0
2026-08-29 02:18:43,19853.86,728575,3642,497.7595,285.5136,36.7,119.5158,0.0,239.073196,2.079964,,10.197764,1.019776,7e-06,2.609726,10.0,10.0,8.513221,0.0,8.513221,91.486779,69.497328,0.481204,6.505139,0.0,0.0
2026-08-29 02:18:57,19867.98,729087,3645,346.4373,289.6271,36.7,190.172501,-0.0,380.386627,2.081502,,9.015344,0.901534,6e-06,1.980353,9.0,10.0,10.301249,0.0,10.301249,89.698751,67.498488,0.496677,6.505139,0.0,0.0
2026-08-29 02:19:11,19881.98,729599,3648,481.7778,294.0542,36.7,97.447571,0.0,194.936722,2.07883,,7.283701,0.72837,9e-06,1.723703,9.0,10.0,2.416932,0.0,2.416932,97.583068,74.171473,0.501232,6.505139,0.0,0.0
2026-08-29 02:19:25,19896.0,730111,3650,478.9692,294.5368,36.7,149.681885,-0.0,299.405334,2.078882,,8.909016,0.890902,8e-06,1.780401,9.0,10.0,6.180866,0.0,6.180866,93.819134,70.810848,0.517644,6.505139,0.0,0.0
2026-08-29 02:19:39,19910.03,730623,3653,620.2446,296.8724,36.7,216.578598,0.0,433.19873,2.076498,,11.886784,1.188678,9e-06,1.945242,9.0,10.0,7.915429,0.0,7.915429,92.084571,69.867008,0.54727,6.505139,0.0,0.0
2026-08-29 02:19:53,19924.17,731135,3655,382.912,292.8173,36.7,103.444023,-0.0,206.929596,2.077794,,8.890455,0.889046,7e-06,3.177817,10.0,10.0,9.125322,0.0,9.125322,90.874678,68.906168,0.552406,6.505139,0.0,0.0
2026-08-29 02:20:07,19938.21,731647,3658,277.8098,294.4851,36.7,159.100662,0.0,318.24292,2.079835,,7.005166,0.700517,7e-06,1.513798,9.0,10.0,7.592173,0.0,7.592173,92.407827,69.9379,0.627379,6.505139,0.0,0.0
2026-08-29 02:20:21,19952.22,732159,3660,422.5181,299.6746,36.7,75.040154,0.0,150.121948,2.081802,,6.393028,0.639303,6e-06,1.665219,8.0,10.0,2.082338,0.0,2.082338,97.917662,74.1359,0.610625,6.505139,0.0,0.0
2026-08-29 02:20:35,19966.29,732671,3663,94.7052,298.3099,36.7,128.800339,0.0,257.642426,2.087802,,5.59156,0.559156,6e-06,2.11869,10.0,10.0,10.130034,0.0,10.130034,89.869966,67.360275,0.55635,6.505139,0.0,0.0
2026-08-29 02:20:49,19980.31,733183,3665,520.5778,299.0719,36.7,103.518143,-0.0,207.078003,2.086246,,7.542767,0.754277,7e-06,1.782245,8.0,10.0,1.753608,0.0,1.753608,98.246392,74.53979,0.58971,6.505139,0.0,0.0
2026-08-29 02:21:03,19994.19,733695,3668,795.0079,303.0769,36.7,179.558258,-0.0,359.158203,2.084721,,11.00759,1.100759,1e-05,1.044989,5.0,9.0,0.588139,0.0,0.588139,99.411861,75.146692,0.490451,6.505139,0.0,0.0
2026-08-29 02:21:17,20008.08,734207,3671,348.7077,305.3294,36.7,242.471558,0.0,484.984924,2.090468,,10.196113,1.019611,7e-06,1.790983,10.0,10.0,12.671041,0.0,12.671041,87.328959,65.687857,0.51547,6.505139,0.0,0.0
2026-08-29 02:21:31,20021.99,734719,3673,459.2689,306.0141,36.7,192.649261,0.0,385.340332,2.091137,,9.750552,0.975055,1e-05,1.670911,10.0,10.0,7.722882,0.0,7.722882,92.277118,70.123429,0.574534,6.505139,0.0,0.0
2026-08-29 02:21:45,20035.88,735231,3676,580.4728,304.9345,36.7,147.973175,-0.0,295.988251,2.09432,,10.802372,1.080237,6e-06,2.304136,10.0,10.0,7.209127,0.0,7.209127,92.790873,69.652131,0.548502,6.505139,0.0,0.0
2026-08-29 02:21:59,20049.87,735743,3678,26.4005,298.8172,36.7,130.834778,-0.0,261.711517,2.097369,,7.079438,0.707944,4e-06,3.859324,10.0,10.0,16.20568,0.0,16.20568,83.79432,62.354331,0.54367,6.505139,0.0,0.0
2026-08-29 02:22:13,20063.71,736255,3681,446.0622,295.5828,36.7,126.877571,0.0,253.797104,2.098214,,7.525944,0.752594,8e-06,1.46814,7.0,10.0,3.956891,0.0,3.956891,96.043109,72.639263,0.521398,6.505139,0.0,0.0
2026-08-29 02:22:27,20077.69,736767,3683,712.4782,298.295,36.7,190.996597,0.0,382.035126,2.095953,,11.568812,1.156881,8e-06,1.327349,7.0,10.0,4.140281,0.0,4.140281,95.859719,73.245453,0.506423,6.505139,0.0,0.0
2026-08-29 02:22:41,20091.76,737279,3686,527.6213,298.3871,36.7,116.22509,0.0,232.492142,2.098298,,11.584662,1.158466,8e-06,2.747082,10.0,10.0,10.757863,0.0,10.757863,89.242137,66.605451,0.51708,6.505139,0.0,0.0
2026-08-29 02:22:55,20105.85,737791,3688,293.6084,298.8067,36.7,97.323242,-0.0,194.688522,2.101603,,9.001097,0.90011,1e-05,3.013437,10.0,10.0,12.316284,0.0,12.316284,87.683716,65.868603,0.451111,6.241879,0.0,0.0
2026-08-29 02:23:09,20119.98,738303,3691,224.1381,295.2053,36.7,151.568787,0.0,303.179657,2.103822,,7.767218,0.776722,9e-06,2.136773,10.0,10.0,11.57213,0.0,11.57213,88.42787,65.847778,0.546815,6.241879,0.0,0.0
2026-08-29 02:23:23,20134.04,738815,3694,356.8131,298.3213,36.7,148.152283,-0.0,296.346649,2.104752,,7.473623,0.747362,9e-06,2.199372,10.0,10.0,7.016785,0.0,7.016785,92.983215,70.24216,0.563123,6.241879,0.0,0.0
2026-08-29 02:23:37,20148.07,739327,3696,450.1536,300.9274,36.7,70.855713,-0.0,141.753464,2.101854,,7.15096,0.715096,7e-06,2.021836,9.0,10.0,3.247486,0.0,3.247486,96.752514,73.367396,0.536175,6.241879,0.0,0.0
2026-08-29 02:23:51,20162.1,739839,3699,744.1092,302.4447,36.7,139.285385,0.0,278.612793,2.101629,,10.367909,1.036791,9e-06,1.515719,7.0,10.0,1.110681,0.0,1.110681,98.889319,74.284501,0.504693,6.241879,0.0,0.0
2026-08-29 02:24:05,20176.22,740351,3701,686.7179,302.1668,36.7,135.643738,-0.0,271.329498,2.101093,,9.410057,0.941006,7e-06,1.186535,6.0,9.0,0.537424,0.0,0.537424,99.462576,75.670959,0.54464,6.241879,0.0,0.0
2026-08-29 02:24:19,20190.31,740863,3704,411.0307,299.8795,36.7,61.612202,-0.0,123.266457,2.102521,,5.800765,0.580077,8e-06,1.785481,8.0,10.0,1.150211,0.0,1.150211,98.849789,75.100937,0.590823,6.241879,0.0,0.0
2026-08-29 02:24:33,20204.31,741375,3706,457.057,304.5633,36.7,134.012451,-0.0,268.066956,2.10286,,8.413587,0.841359,1.2e-05,1.236074,6.0,10.0,5.60045,0.0,5.60045,94.39955,71.651456,0.524078,6.241879,0.0,0.0
2026-08-29 02:24:47,20218.27,741887,3709,411.1642,303.1541,36.7,99.597069,-0.0,199.236282,2.107129,,8.799696,0.87997,9e-06,2.264646,10.0,10.0,8.398172,0.0,8.398172,91.601828,68.375074,0.499935,6.241879,0.0,0.0
2026-08-29 02:25:01,20232.35,742399,3712,181.9791,297.8384,36.7,92.333008,-0.0,184.70813,2.10605,,7.151616,0.715162,7e-06,2.64022,10.0,10.0,11.606069,0.0,11.606069,88.393931,66.682914,0.536793,6.241879,0.0,0.0
2026-08-29 02:25:15,20246.32,742911,3714,729.3404,299.8293,36.7,182.559036,0.0,365.160004,2.097293,,11.707015,1.170702,9e-06,2.317851,9.0,10.0,4.566249,0.0,4.566249,95.433751,71.992379,0.494199,6.241879,0.0,0.0
2026-08-29 02:25:29,20260.3,743423,3717,706.2098,309.1866,36.7,290.004822,0.0,580.051453,2.090096,,13.788309,1.378831,9e-06,2.663998,10.0,10.0,9.523253,0.0,9.523253,90.476747,68.081184,0.523529,6.241879,0.0,0.0
2026-08-29 02:25:43,20274.28,743935,3719,953.3112,314.0701,36.7,271.370483,0.0,542.782532,2.078294,,13.101459,1.310146,9e-06,1.788625,7.0,10.0,1.083815,0.0,1.083815,98.916185,74.983795,0.53479,6.241879,0.0,0.0
2026-08-29 02:25:57,20288.29,744447,3722,611.6251,319.1412,36.7,257.302185,0.0,514.645813,2.073346,,9.292025,0.929203,1.1e-05,1.479858,7.0,10.0,2.535776,0.0,2.535776,97.464224,73.04685,0.536287,6.241879,0.0,0.0
2026-08-29 02:26:11,20302.21,744959,3724,266.3873,319.5971,36.7,181.263412,0.0,362.568176,2.068005,,7.580095,0.75801,9e-06,2.018087,10.0,10.0,10.153572,0.0,10.153572,89.846428,67.781665,0.495608,6.241879,0.0,0.0
2026-08-29 02:26:25,20316.18,745471,3727,440.9243,324.0251,36.7,116.398949,0.0,232.839157,2.062988,,8.094075,0.809407,0.418218,2.901122,10.0,10.0,5.836434,0.0,5.836434,94.163566,70.671065,0.509075,6.241879,0.0,0.0
2026-08-29 02:26:39,20330.24,745983,3729,315.1992,319.8428,36.7,66.982246,-0.0,134.005722,2.061422,,6.7832,0.67832,1.1e-05,2.363901,9.0,10.0,6.8317,0.0,6.8317,93.1683,71.505437,0.514268,6.241879,0.0,0.0
2026-08-29 02:26:53,20344.31,746495,3732,253.3309,317.1721,36.7,114.401917,0.0,228.845169,2.06705,,6.953801,0.69538,9e-06,3.005182,10.0,10.0,9.255606,0.0,9.255606,90.744394,68.461602,0.577354,6.241879,0.0,0.0
2026-08-29 02:27:07,20358.29,747007,3735,673.6401,321.9656,36.7,158.01265,0.0,316.066559,2.063696,,9.550816,0.955082,1.1e-05,1.202657,6.0,10.0,1.457671,0.0,1.457671,98.542329,74.185125,0.531571,6.241879,0.0,0.0
2026-08-29 02:27:22,20372.67,747519,3737,-473.7193,315.5759,36.7,449.586914,-0.0,899.215454,2.081711,,5.663237,0.566324,7e-06,5.260078,10.0,10.0,29.045397,0.0,29.045397,70.954603,51.869976,0.585083,6.241879,0.0,0.0
2026-08-29 02:27:36,20386.64,748031,3740,688.0968,319.6909,36.7,292.841705,0.0,585.724854,2.070962,,11.59365,1.159365,1.1e-05,1.579203,8.0,10.0,5.84057,0.0,5.84057,94.15943,70.994678,0.481839,6.241879,0.0,0.0
2026-08-29 02:27:50,20400.67,748543,3742,253.5577,320.0722,36.7,185.053635,-0.0,370.148773,2.075867,,7.03137,0.703137,1.2e-05,2.019486,10.0,10.0,9.090791,0.0,9.090791,90.909209,69.412663,0.557718,6.241879,0.0,0.0
2026-08-29 02:28:03,20414.58,749055,3745,329.844,320.3671,36.7,88.911613,-0.0,177.864731,2.075331,,7.033076,0.703308,9e-06,1.880988,9.0,10.0,6.858838,0.0,6.858838,93.141162,70.6267,0.526514,6.241879,0.0,0.0
2026-08-29 02:28:17,20428.51,749567,3747,773.2145,323.117,36.7,202.201294,0.0,404.444,2.070608,,10.288232,1.028823,1.4e-05,1.06722,4.0,7.0,0.148806,0.0,0.148806,99.851194,75.856268,0.476674,6.241879,0.0,0.0
2026-08-29 02:28:31,20442.53,750079,3750,236.7823,324.2057,36.7,198.312256,-0.0,396.666077,2.078357,,7.325398,0.73254,8e-06,3.70388,10.0,10.0,10.433932,0.0,10.433932,89.566068,66.383533,0.565402,5.970847,0.0,0.0
2026-08-29 02:28:45,20456.47,750591,3752,319.9218,326.1052,36.7,46.686092,-0.0,93.413681,2.074832,,6.505845,0.650585,1e-05,2.237892,9.0,10.0,5.915401,0.0,5.915401,94.084599,71.05305,0.568345,5.970847,0.0,0.0
2026-08-29 02:28:59,20470.47,751103,3755,340.726,332.2391,36.7,65.598343,-0.0,131.23819,2.075139,,5.175605,0.517561,0.82284,1.851951,8.0,10.0,1.984745,0.0,1.984745,98.015255,73.87045,0.66275,5.970847,0.0,0.0
2026-08-29 02:29:13,20484.44,751615,3758,281.6977,332.8253,36.7,64.578354,-0.0,129.198181,2.073467,,4.756586,0.475659,0.496246,1.541689,8.0,10.0,2.930795,0.0,2.930795,97.069205,73.718719,0.654267,5.970847,0.0,0.0
2026-08-29 02:29:27,20498.48,752127,3760,275.9095,336.9177,36.7,64.766716,-0.0,129.574997,2.078321,,6.947872,0.694787,9e-06,2.358941,10.0,10.0,8.276895,0.0,8.276895,91.723105,68.734454,0.559244,5.970847,0.0,0.0
2026-08-29 02:29:41,20512.51,752639,3763,580.7961,339.8476,36.7,132.588287,0.0,265.218109,2.076168,,10.683745,1.068374,0.24247,2.011765,9.0,10.0,7.310056,0.0,7.310056,92.689944,69.402082,0.478695,5.970847,0.0,0.0
2026-08-29 02:29:55,20526.59,753151,3765,647.6376,342.7313,36.7,135.053024,-0.0,270.147552,2.074744,,9.901802,0.99018,1e-05,2.119427,9.0,10.0,3.448953,0.0,3.448953,96.551047,73.244946,0.484921,5.970847,0.0,0.0
2026-08-29 02:30:10,20540.63,753663,3768,214.3288,340.0713,36.7,297.433105,-0.0,594.907837,2.082689,,8.13806,0.813806,1.3e-05,2.75323,10.0,10.0,13.271925,0.0,13.271925,86.728075,64.305906,0.536621,5.970847,0.0,0.0
2026-08-29 02:30:24,20554.66,754175,3770,139.9318,336.9478,36.7,221.677689,0.0,443.397064,2.084112,,7.562774,0.756277,1.3e-05,2.75804,10.0,10.0,14.675215,0.0,14.675215,85.324785,65.063482,0.531958,5.970847,0.0,0.0
2026-08-29 02:30:38,20568.76,754687,3773,232.3997,338.0619,36.7,116.385323,-0.0,232.812363,2.086117,,6.229682,0.622968,0.231776,2.514697,10.0,10.0,8.329927,0.0,8.329927,91.670073,69.033314,0.561042,5.970847,0.0,0.0
2026-08-29 02:30:52,20582.83,755199,3776,659.6237,341.9899,36.7,169.165771,0.0,338.373199,2.082483,,9.966955,0.996695,0.821964,2.268162,9.0,10.0,3.034105,0.0,3.034105,96.965895,74.962074,0.525444,5.970847,0.0,0.0
2026-08-29 02:31:06,20596.83,755711,3778,660.0618,347.8494,36.7,196.85968,-0.0,393.761047,2.084112,,10.960722,1.096072,0.113619,1.656511,7.0,10.0,5.51303,0.0,5.51303,94.48697,71.905132,0.48088,5.970847,0.0,0.0
2026-08-29 02:31:20,20610.95,756223,3781,473.5802,355.3597,36.7,148.895798,-0.0,297.833313,2.085893,,10.732629,1.073263,0.059853,2.890271,10.0,10.0,11.154126,0.0,11.154126,88.845874,67.106757,0.506512,5.970847,0.0,0.0
2026-08-29 02:31:34,20624.89,756735,3783,619.4497,369.6978,36.7,126.032982,0.0,252.10762,2.082605,,10.331031,1.033103,0.51156,2.235335,9.0,10.0,5.528146,0.0,5.528146,94.471854,71.395667,0.536883,5.970847,0.0,0.0
2026-08-29 02:31:48,20638.74,757247,3786,767.3852,381.3609,36.7,182.677338,0.0,365.396332,2.082807,,11.295381,1.129538,1.3e-05,1.735553,8.0,10.0,2.324416,0.0,2.324416,97.675584,74.193508,0.560154,5.970847,0.0,0.0
2026-08-29 02:32:01,20652.57,757759,3788,497.6386,386.4884,36.7,111.903183,-0.0,223.848007,2.082362,,7.646311,0.764631,0.269735,1.018575,4.0,9.0,2.600753,0.0,2.600753,97.399247,74.229825,0.606388,5.970847,0.0,0.0
2026-08-29 02:32:15,20666.49,758271,3791,428.9781,389.4903,36.7,75.723312,0.0,151.488327,2.085214,,7.070832,0.707083,0.270088,1.767897,8.0,10.0,3.927725,0.0,3.927725,96.072275,72.439699,0.578765,5.970847,0.0,0.0
2026-08-29 02:32:29,20680.44,758783,3793,519.5552,391.2376,36.7,104.85762,-0.0,209.757004,2.087874,,8.125315,0.812531,1.3e-05,1.56121,8.0,10.0,3.544043,0.0,3.544043,96.455957,73.341171,0.502704,5.970847,0.0,0.0
2026-08-29 02:32:43,20694.4,759295,3796,-125.7526,388.9848,36.7,374.846863,-0.0,749.735596,2.093063,,4.452903,0.44529,0.132896,1.681102,9.0,10.0,15.318508,0.0,15.318508,84.681492,64.437507,0.640569,5.970847,0.0,0.0
2026-08-29 02:32:57,20708.34,759807,3799,364.4326,388.17,36.7,61.032848,0.0,122.107567,2.093511,,4.908922,0.490892,0.894473,1.29538,6.0,9.0,0.47949,0.0,0.47949,99.52051,76.055407,0.637839,5.970847,0.0,0.0
2026-08-29 02:33:11,20722.47,760319,3801,27.2545,385.4939,36.7,113.907005,-0.0,227.855988,2.098583,,5.070809,0.507081,0.112454,2.827412,10.0,10.0,12.367049,0.0,12.367049,87.632951,65.58533,0.628126,5.970847,0.0,0.0
2026-08-29 02:33:25,20736.47,760831,3804,672.3143,388.1676,36.7,166.035233,-0.0,332.112396,2.09621,,9.657395,0.96574,1.1e-05,1.698301,8.0,10.0,1.854681,0.0,1.854681,98.145319,74.228712,0.64455,5.970847,0.0,0.0
2026-08-29 02:33:39,20750.57,761343,3806,321.9739,392.4716,36.7,105.2444,0.0,210.530762,2.097983,,6.281754,0.628175,0.030578,2.132069,9.0,10.0,5.224636,0.0,5.224636,94.775364,71.132136,0.629304,5.970847,0.0,0.0
2026-08-29 02:33:54,20764.64,761855,3809,338.8129,399.7154,36.7,129.306305,0.0,258.654602,2.099383,,6.586643,0.658664,1.3e-05,2.028639,9.0,10.0,5.52158,0.0,5.52158,94.47842,71.882717,0.580359,5.970847,0.0,0.0
2026-08-29 02:34:08,20778.79,762367,3811,374.4523,400.9428,36.7,81.233429,-0.0,162.508804,2.097258,,8.781845,0.878184,0.020288,1.981528,9.0,10.0,9.883871,0.0,9.883871,90.116129,68.64628,0.485138,5.970847,0.0,0.0
2026-08-29 02:34:22,20792.92,762879,3814,33.8832,401.6775,36.7,287.506592,-0.0,575.055298,2.105525,,7.452479,0.745248,0.098168,4.282562,10.0,10.0,19.230769,0.0,19.230769,80.769231,59.418889,0.571358,5.651211,0.0,0.0
2026-08-29 02:34:36,20806.87,763391,3816,670.5681,401.3895,36.7,193.105362,-0.0,386.252777,2.102006,,10.289743,1.028974,0.120513,2.299821,9.0,10.0,3.764832,0.0,3.764832,96.235168,73.177673,0.516111,5.651211,0.0,0.0
2026-08-29 02:34:50,20820.87,763903,3819,391.1032,398.9651,36.7,87.262039,0.0,174.566208,2.106123,,7.193275,0.719327,1.1e-05,1.536843,9.0,10.0,5.810721,0.0,5.810721,94.189279,71.17814,0.5543,5.651211,0.0,0.0
2026-08-29 02:35:04,20834.72,764415,3822,636.4156,401.9565,36.7,115.460251,-0.0,230.962692,2.109347,,9.394146,0.939415,9e-06,1.96025,9.0,10.0,2.75744,0.0,2.75744,97.24256,73.728955,0.534956,5.651211,0.0,0.0
2026-08-29 02:35:17,20848.53,764927,3824,845.341,411.1612,36.7,201.333801,0.0,402.709778,2.108355,,12.314738,1.231474,1e-05,1.158764,6.0,10.0,3.004656,0.0,3.004656,96.995344,74.25728,0.432521,5.651211,0.0,0.0
2026-08-29 02:35:31,20862.35,765439,3827,345.769,411.1837,36.7,95.345451,-0.0,190.7332,2.114817,,7.27329,0.727329,9e-06,1.658956,9.0,10.0,7.587064,0.0,7.587064,92.412936,70.063403,0.490199,5.651211,0.0,0.0
2026-08-29 02:35:45,20876.29,765951,3829,175.9906,405.1753,36.7,103.197884,-0.0,206.438187,2.120851,,6.503104,0.65031,0.348464,3.604746,10.0,10.0,11.599352,0.0,11.599352,88.400648,66.389945,0.566373,5.651211,0.0,0.0
2026-08-29 02:35:59,20890.16,766463,3832,389.8017,403.407,36.7,100.391449,0.0,200.825272,2.119052,,8.143512,0.814351,0.107802,2.508172,9.0,10.0,8.097617,0.0,8.097617,91.902383,69.499149,0.547298,5.651211,0.0,0.0
2026-08-29 02:36:13,20904.15,766975,3834,570.0025,407.4989,36.7,97.764923,0.0,195.572174,2.116328,,9.616049,0.961605,1e-05,1.941239,9.0,10.0,5.538109,0.0,5.538109,94.461891,71.756787,0.525418,5.651211,0.0,0.0
2026-08-29 02:36:27,20918.18,767487,3837,377.161,408.148,36.7,84.379753,0.0,168.801865,2.118139,,6.568982,0.656898,1.1e-05,2.271055,10.0,10.0,4.507284,0.0,4.507284,95.492716,72.197957,0.632754,5.651211,0.0,0.0
2026-08-29 02:36:41,20932.18,767999,3840,515.1269,410.7772,36.7,99.963593,-0.0,199.969513,2.116121,,7.305735,0.730574,0.953171,1.517548,8.0,10.0,1.220317,0.0,1.220317,98.779683,75.647785,0.592733,5.651211,0.0,0.0
2026-08-29 02:36:55,20946.19,768511,3842,82.34,410.013,36.7,84.917206,-0.0,169.876831,2.120907,,6.12545,0.612545,1e-05,2.652181,10.0,10.0,13.896369,0.0,13.896369,86.103631,64.569878,0.554167,5.651211,0.0,0.0
2026-08-29 02:37:09,20960.25,769023,3845,453.6394,411.672,36.7,91.886612,-0.0,183.815628,2.120333,,8.053545,0.805354,8e-06,1.690188,9.0,10.0,5.547241,0.0,5.547241,94.452759,71.79107,0.579165,5.651211,0.0,0.0
2026-08-29 02:37:23,20974.31,769535,3847,687.4903,414.9804,36.7,160.28923,-0.0,320.620819,2.118397,,10.684321,1.068432,1e-05,0.966569,4.0,10.0,3.805955,0.0,3.805955,96.194045,72.883955,0.456651,5.651211,0.0,0.0
2026-08-29 02:37:37,20988.33,770047,3850,610.0273,419.9819,36.7,131.124344,-0.0,262.291107,2.120855,,10.033634,1.003363,9e-06,1.913131,9.0,10.0,5.309896,0.0,5.309896,94.690104,71.297692,0.496569,5.651211,0.0,0.0
2026-08-29 02:37:51,21002.29,770559,3852,293.7807,420.8401,36.7,74.278374,-0.0,148.599197,2.122526,,5.21196,0.521196,1e-05,2.07689,9.0,10.0,3.828637,0.0,3.828637,96.171363,72.766996,0.631355,5.651211,0.0,0.0
2026-08-29 02:38:05,21016.38,771071,3855,-27.8207,418.8227,36.7,203.997437,0.0,408.037415,2.127148,,3.417206,0.341721,8e-06,1.231024,8.0,10.0,10.094576,0.0,10.094576,89.905424,68.001258,0.732705,5.651211,0.0,0.0
2026-08-29 02:38:19,21030.3,771583,3857,238.9167,422.7278,36.7,72.205971,0.0,144.454437,2.12483,,4.559578,0.455958,1.2e-05,1.247837,7.0,10.0,3.935078,0.0,3.935078,96.064922,72.898775,0.724938,5.651211,0.0,0.0
2026-08-29 02:38:33,21044.28,772095,3860,243.0503,419.1291,36.7,98.343925,-0.0,196.730453,2.130119,,5.745894,0.574589,7e-06,3.676574,10.0,10.0,7.431726,0.0,7.431726,92.568274,69.353488,0.71265,5.651211,0.0,0.0
2026-08-29 02:38:47,21058.22,772607,3863,404.9771,417.8273,36.7,141.005707,0.0,282.053955,2.127298,,7.946358,0.794636,1e-05,2.148933,10.0,10.0,7.151681,0.0,7.151681,92.848319,70.260911,0.607231,5.651211,0.0,0.0
2026-08-29 02:39:01,21072.15,773119,3865,431.6978,419.6467,36.7,123.253693,0.0,246.549927,2.12735,,6.395025,0.639503,0.165801,1.132895,6.0,9.0,1.925012,0.0,1.925012,98.074988,74.975259,0.658197,5.651211,0.0,0.0
2026-08-29 02:39:15,21086.06,773631,3868,336.5623,419.4337,36.7,133.138229,0.0,266.319061,2.129913,,7.270963,0.727096,0.014226,1.805606,9.0,10.0,7.747633,0.0,7.747633,92.252367,69.772206,0.615933,5.651211,0.0,0.0
2026-08-29 02:39:29,21100.11,774143,3870,287.4229,420.4445,36.7,100.311333,-0.0,200.665329,2.133384,,6.94382,0.694382,7e-06,2.762552,10.0,10.0,8.653941,0.0,8.653941,91.346059,68.811315,0.549651,5.651211,0.0,0.0
2026-08-29 02:39:43,21114.05,774655,3873,584.8671,423.2971,36.7,100.270256,0.0,200.583069,2.127943,,8.077366,0.807737,1.1e-05,0.810951,3.0,8.0,1.035904,0.0,1.035904,98.964096,75.487918,0.536181,5.651211,0.0,0.0
2026-08-29 02:39:57,21127.93,775167,3875,761.1084,429.1596,36.7,173.170715,-0.0,346.384003,2.128062,,11.596349,1.159635,1.2e-05,1.021004,5.0,10.0,3.453947,0.0,3.453947,96.546053,73.41437,0.526902,5.310815,0.0,0.0
2026-08-29 02:40:11,21141.85,775679,3878,868.0064,433.8762,36.7,211.357193,0.0,422.756989,2.129696,,12.544015,1.254402,8e-06,1.822055,9.0,10.0,2.202428,0.0,2.202428,97.797572,73.843749,0.533218,5.310815,0.0,0.0
2026-08-29 02:40:25,21155.82,776191,3880,452.4686,433.327,36.7,89.383797,0.0,178.810226,2.131659,,8.221312,0.822131,1.1e-05,2.246677,10.0,10.0,6.700655,0.0,6.700655,93.299345,70.805905,0.496256,5.310815,0.0,0.0
2026-08-29 02:40:39,21169.75,776703,3883,549.1748,436.6876,36.7,98.826797,0.0,197.696243,2.132461,,7.46871,0.746871,1e-05,1.237375,6.0,10.0,0.70642,0.0,0.70642,99.29358,75.742749,0.631103,5.310815,0.0,0.0
2026-08-29 02:40:53,21183.81,777215,3886,404.4588,438.2598,36.7,90.296082,0.0,180.634811,2.13273,,7.075802,0.70758,1e-05,1.61721,9.0,10.0,5.141624,0.0,5.141624,94.858376,70.942479,0.549304,5.310815,0.0,0.0
2026-08-29 02:41:07,21197.81,777727,3888,194.9567,437.6598,36.7,191.670181,-0.0,383.383118,2.138422,,6.932379,0.693238,8e-06,2.353719,10.0,10.0,12.528763,0.0,12.528763,87.471237,66.656615,0.564304,5.310815,0.0,0.0
2026-08-29 02:41:21,21211.74,778239,3891,554.8829,437.2338,36.7,85.888817,0.0,171.820419,2.139211,,8.729925,0.872993,0.217889,2.146453,9.0,10.0,4.105088,0.0,4.105088,95.894912,73.265001,0.562472,5.310815,0.0,0.0
2026-08-29 02:41:35,21225.69,778751,3893,711.7028,436.8356,36.7,143.230774,-0.0,286.504303,2.137837,,10.005821,1.000582,1e-05,1.422601,8.0,10.0,1.370678,0.0,1.370678,98.629322,74.615603,0.492629,5.310815,0.0,0.0
2026-08-29 02:41:48,21239.55,779263,3896,850.3616,435.5259,36.7,242.40242,-0.0,484.847626,2.139054,,12.409758,1.240976,1.03255,1.165925,8.0,10.0,2.504818,0.0,2.504818,97.495182,73.931394,0.520498,5.310815,0.0,0.0
2026-08-29 02:42:02,21253.35,779775,3898,821.4536,438.7628,36.7,271.652191,0.0,543.347168,2.140285,,13.088202,1.30882,1e-05,1.386586,9.0,10.0,5.029201,0.0,5.029201,94.970799,72.544385,0.577414,5.310815,0.0,0.0
2026-08-29 02:42:16,21267.16,780287,3901,774.4658,443.0431,36.7,296.346741,0.0,592.736328,2.142068,,12.678155,1.267816,0.142009,1.464388,9.0,10.0,6.10632,0.0,6.10632,93.89368,71.357096,0.573012,5.310815,0.0,0.0
2026-08-29 02:42:30,21281.07,780799,3904,421.5056,442.4404,36.7,148.234268,0.0,296.511444,2.145278,,8.728398,0.87284,1e-05,1.553309,8.0,10.0,9.037701,0.0,9.037701,90.962299,69.114175,0.542446,5.310815,0.0,0.0
2026-08-29 02:42:44,21295.01,781311,3906,126.6287,438.917,36.7,85.008865,0.0,170.060699,2.148082,,7.414715,0.741471,1.2e-05,3.346835,10.0,10.0,16.604871,0.0,16.604871,83.395129,62.365874,0.593239,5.310815,0.0,0.0
2026-08-29 02:42:58,21308.86,781823,3909,692.3965,439.6385,36.7,227.921219,0.0,455.885345,2.144981,,10.503325,1.050332,1e-05,0.785512,3.0,10.0,3.714867,0.0,3.714867,96.285133,73.607669,0.468985,5.310815,0.0,0.0
2026-08-29 02:43:12,21322.81,782335,3911,379.8098,439.6075,36.7,72.448997,0.0,144.940948,2.147758,,6.854157,0.685416,1.2e-05,1.237416,8.0,10.0,5.484599,0.0,5.484599,94.515401,71.838326,0.567293,5.310815,0.0,0.0
2026-08-29 02:43:26,21336.91,782847,3914,142.2114,438.2515,36.7,83.174675,-0.0,166.392487,2.156748,,4.590876,0.459088,1e-05,1.890301,10.0,10.0,8.046173,0.0,8.046173,91.953827,68.419888,0.680566,5.310815,0.0,0.0
2026-08-29 02:43:40,21351.1,783359,3916,-345.8745,430.5676,36.7,353.739685,-0.0,707.522583,2.161346,,5.820266,0.582027,0.132627,3.788985,10.0,10.0,29.657653,0.0,29.657653,70.342347,51.607637,0.547884,5.310815,0.0,0.0
2026-08-29 02:43:54,21365.12,783871,3919,756.9225,437.1898,36.7,251.548203,0.0,503.139648,2.16283,,11.809152,1.180915,0.184047,1.108875,7.0,10.0,4.370409,0.0,4.370409,95.629591,73.491101,0.506334,5.310815,0.0,0.0
2026-08-29 02:44:08,21379.05,784383,3921,816.0897,440.1449,36.7,197.252975,-0.0,394.549255,2.165589,,10.92178,1.092178,1.1e-05,0.725204,3.0,6.0,0.003249,0.0,0.003249,99.996751,76.626023,0.487408,5.310815,0.0,0.0
2026-08-29 02:44:22,21393.07,784895,3924,761.218,439.807,36.7,319.583282,0.0,639.2099,2.168067,,11.77391,1.177391,1.2e-05,0.801355,3.0,10.0,4.406269,0.0,4.406269,95.593731,72.498598,0.515594,5.310815,0.0,0.0
2026-08-29 02:44:36,21407.11,785407,3927,474.0391,441.0603,36.7,107.412079,-0.0,214.86763,2.17371,,10.635525,1.063553,9e-06,1.9091,9.0,10.0,12.347242,0.0,12.347242,87.652758,66.554148,0.467831,5.310815,0.0,0.0
2026-08-29 02:44:50,21421.14,785919,3929,268.7042,439.1546,36.7,124.375717,-0.0,248.794968,2.176846,,6.597772,0.659777,1.2e-05,2.297362,10.0,10.0,8.994472,0.0,8.994472,91.005528,68.931209,0.631827,5.310815,0.0,0.0
2026-08-29 02:45:04,21435.08,786431,3932,442.7496,437.7774,36.7,108.125755,-0.0,216.29512,2.180771,,6.784429,0.678443,0.650869,1.858835,9.0,10.0,2.950138,0.0,2.950138,97.049862,72.920599,0.656796,5.310815,0.0,0.0
2026-08-29 02:45:18,21449.0,786943,3934,208.2208,439.5956,36.7,114.039719,0.0,228.123123,2.183928,,7.612465,0.761246,0.365428,3.169281,10.0,10.0,14.456779,0.0,14.456779,85.543221,65.167372,0.491316,5.310815,0.0,0.0
2026-08-29 02:45:32,21462.79,787455,3937,456.2997,439.698,36.7,131.146622,0.0,262.336914,2.183377,,8.552073,0.855207,0.258149,1.612964,10.0,10.0,7.185752,0.0,7.185752,92.814248,70.94927,0.515709,5.310815,0.0,0.0
2026-08-29 02:45:45,21476.58,787967,3939,821.628,440.7895,36.7,238.08725,-0.0,476.21817,2.182868,,11.424081,1.142408,1.4e-05,1.082272,7.0,10.0,1.479558,0.0,1.479558,98.520442,75.849936,0.560584,5.080561,0.0,0.0
2026-08-29 02:45:59,21490.43,788479,3942,422.839,439.7417,36.7,252.005234,-0.0,504.054199,2.186879,,9.824472,0.982447,1.2e-05,1.244285,7.0,10.0,11.515904,0.0,11.515904,88.484096,67.232353,0.579129,5.080561,0.0,0.0
2026-08-29 02:46:13,21504.38,788991,3944,746.6035,444.2716,36.7,248.239792,-0.0,496.523346,2.187838,,12.815593,1.281559,1.2e-05,1.173657,9.0,10.0,7.136314,0.0,7.136314,92.863686,70.65306,0.566027,5.080561,0.0,0.0
2026-08-29 02:46:27,21518.27,789503,3947,452.3822,446.5541,36.7,111.716293,-0.0,223.476425,2.191587,,8.528941,0.852894,0.208032,1.525046,9.0,10.0,7.927267,0.0,7.927267,92.072733,69.568753,0.49001,5.080561,0.0,0.0
2026-08-29 02:46:41,21532.16,790015,3950,278.6385,445.7723,36.7,102.182869,0.0,204.409653,2.195591,,5.901676,0.590168,0.324285,1.850035,10.0,10.0,7.087234,0.0,7.087234,92.912766,70.052308,0.558585,5.080561,0.0,0.0
2026-08-29 02:46:55,21546.21,790527,3952,137.2761,442.6435,36.7,123.314056,0.0,246.672073,2.197799,,4.737801,0.47378,0.181561,2.26225,10.0,10.0,8.932694,0.0,8.932694,91.067306,70.058351,0.613067,5.080561,0.0,0.0
2026-08-29 02:47:09,21560.2,791039,3955,42.5983,435.6284,36.7,147.605911,0.0,295.255829,2.199816,,5.818782,0.581878,0.150099,2.333325,10.0,10.0,15.925743,0.0,15.925743,84.074257,63.160257,0.621301,5.080561,0.0,0.0
2026-08-29 02:47:23,21574.27,791551,3957,452.3898,433.2852,36.7,58.649429,0.0,117.342873,2.200763,,6.166612,0.616661,1.42987,1.419925,7.0,10.0,0.911625,0.0,0.911625,99.088375,75.782814,0.573686,5.080561,0.0,0.0
2026-08-29 02:47:37,21588.25,792063,3960,325.4624,432.4295,36.7,96.53286,-0.0,193.109741,2.201389,,6.508409,0.650841,0.086341,1.890653,9.0,10.0,6.896417,0.0,6.896417,93.103583,70.468605,0.5539,5.080561,0.0,0.0
2026-08-29 02:47:51,21602.33,792575,3962,559.3792,433.4527,36.7,135.031891,-0.0,270.107819,2.201122,,10.711735,1.071173,9e-06,2.203126,10.0,10.0,9.649254,0.0,9.649254,90.350746,68.473902,0.541969,5.080561,0.0,0.0
2026-08-29 02:48:05,21616.36,793087,3965,628.0777,435.6218,36.7,261.242249,0.0,522.528503,2.201603,,12.214038,1.221404,1.3e-05,1.991626,10.0,10.0,10.996933,0.0,10.996933,89.003067,66.7228,0.528253,5.080561,0.0,0.0
2026-08-29 02:48:19,21630.34,793599,3968,817.1926,441.974,36.7,272.373108,0.0,544.790222,2.200768,,13.906929,1.390693,1.4e-05,1.497128,9.0,10.0,7.122509,0.0,7.122509,92.877491,70.726418,0.560023,5.080561,0.0,0.0
2026-08-29 02:48:33,21644.3,794111,3970,467.7216,439.3578,36.7,159.284225,0.0,318.612518,2.20376,,7.156366,0.715637,1.6e-05,1.706902,8.0,10.0,2.483223,0.0,2.483223,97.516777,73.723495,0.722351,5.080561,0.0,0.0
2026-08-29 02:48:47,21658.22,794623,3973,566.8083,437.9638,36.7,122.717453,0.0,245.478958,2.2027,,8.432047,0.843205,1.4e-05,1.182697,9.0,10.0,2.813115,0.0,2.813115,97.186885,74.639876,0.606367,5.080561,0.0,0.0
2026-08-29 02:49:01,21672.17,795135,3975,271.5081,431.1457,36.7,69.118355,0.0,138.280807,2.204942,,7.873319,0.787332,1e-05,2.551639,10.0,10.0,13.126548,0.0,13.126548,86.873452,64.847347,0.475887,5.080561,0.0,0.0
2026-08-29 02:49:15,21686.05,795647,3978,440.5046,429.4345,36.7,96.859894,-0.0,193.763855,2.203521,,8.0794,0.80794,0.53812,1.664582,10.0,10.0,7.052547,0.0,7.052547,92.947453,70.422241,0.549769,5.080561,0.0,0.0
2026-08-29 02:49:29,21700.02,796159,3980,236.8135,429.1388,36.7,112.156975,-0.0,224.358017,2.203293,,6.625701,0.66257,1.3e-05,2.465298,10.0,10.0,10.697108,0.0,10.697108,89.302892,66.625714,0.607298,5.080561,0.0,0.0
2026-08-29 02:49:43,21714.02,796671,3983,485.6255,429.5858,36.7,107.570518,-0.0,215.185089,2.20239,,8.617623,0.861762,0.336531,1.783061,10.0,10.0,6.516798,0.0,6.516798,93.483202,70.768475,0.556376,5.080561,0.0,0.0
2026-08-29 02:49:57,21728.0,797183,3985,353.2041,429.9658,36.7,104.982796,-0.0,210.009644,2.202566,,7.903466,0.790347,1e-05,2.530088,10.0,10.0,9.871894,0.0,9.871894,90.128106,67.847996,0.552209,5.080561,0.0,0.0
2026-08-29 02:50:11,21742.09,797695,3988,413.2743,431.5653,36.7,99.935112,0.0,199.914307,2.203954,,10.569141,1.056914,1.4e-05,3.391252,10.0,10.0,15.433804,0.0,15.433804,84.566196,62.496731,0.569913,5.080561,0.0,0.0
2026-08-29 02:50:25,21756.12,798207,3991,517.2402,430.0013,36.7,152.555237,0.0,305.154602,2.206424,,11.989846,1.198985,1.6e-05,2.162123,10.0,10.0,15.379921,0.0,15.379921,84.620079,63.731917,0.499019,5.080561,0.0,0.0
2026-08-29 02:50:39,21770.14,798719,3993,338.8634,438.1271,36.7,142.808701,-0.0,285.661621,2.211017,,10.048027,1.004803,7e-06,2.823583,10.0,10.0,16.977568,0.0,16.977568,83.022432,62.136557,0.47856,5.080561,0.0,0.0
2026-08-29 02:50:53,21784.13,799231,3996,-44.7626,430.7985,36.7,548.374512,0.0,1096.793335,2.213718,,8.122731,0.812273,9e-06,2.787852,10.0,10.0,25.418418,0.0,25.418418,74.581582,55.519607,0.55693,5.080561,0.0,0.0
2026-08-29 02:51:07,21798.15,799743,3998,636.2461,434.6254,36.7,158.437881,0.0,316.920074,2.214976,,10.90848,1.090848,1.4e-05,2.090677,10.0,10.0,7.335652,0.0,7.335652,92.664348,70.067466,0.544894,5.080561,0.0,0.0
2026-08-29 02:51:21,21812.14,800255,4001,331.4851,434.6418,36.7,113.392052,-0.0,226.828476,2.21855,,6.526655,0.652665,1.2e-05,2.470607,10.0,10.0,6.409062,0.0,6.409062,93.590938,70.09385,0.669724,5.197473,0.0,0.0
2026-08-29 02:51:35,21826.06,800767,4003,603.0774,432.9404,36.7,116.229507,-0.0,232.503403,2.219532,,9.40142,0.940142,9e-06,1.576205,9.0,10.0,4.195855,0.0,4.195855,95.804145,72.532665,0.61341,5.197473,0.0,0.0
2026-08-29 02:51:49,21840.0,801279,4006,-126.2125,429.3105,36.7,587.599487,-0.0,1175.243408,2.222784,,6.948101,0.69481,9e-06,2.296174,10.0,10.0,24.477262,0.0,24.477262,75.522738,55.962814,0.632771,5.197473,0.0,0.0
2026-08-29 02:52:03,21854.0,801791,4008,19.8521,426.3098,36.7,418.894836,0.0,837.834167,2.223961,,7.032114,0.703211,1.2e-05,2.228184,10.0,10.0,19.675289,0.0,19.675289,80.324711,60.556824,0.601238,5.197473,0.0,0.0
2026-08-29 02:52:17,21867.91,802303,4011,57.8381,423.4809,36.7,130.665527,-0.0,261.375549,2.224816,,5.798046,0.579805,0.214773,3.036903,10.0,10.0,15.206674,0.0,15.206674,84.793326,63.681323,0.554578,5.197473,0.0,0.0
2026-08-29 02:52:31,21881.8,802815,4014,221.8589,422.8825,36.7,72.456398,-0.0,144.957321,2.226151,,7.831387,0.783139,0.178949,2.740603,10.0,10.0,14.531161,0.0,14.531161,85.468839,64.186702,0.504351,5.197473,0.0,0.0
2026-08-29 02:52:45,21895.84,803327,4016,437.2005,424.4954,36.7,62.599079,0.0,125.242676,2.225978,,7.702897,0.77029,1.1e-05,3.304547,10.0,10.0,6.436938,0.0,6.436938,93.563062,70.798209,0.543655,5.197473,0.0,0.0
2026-08-29 02:52:59,21909.78,803839,4019,410.9959,422.7974,36.7,140.904083,0.0,281.852692,2.226315,,7.788466,0.778847,1.2e-05,1.85754,10.0,10.0,6.967373,0.0,6.967373,93.032627,69.933945,0.57716,5.197473,0.0,0.0
2026-08-29 02:53:13,21923.77,804351,4021,289.7994,419.2191,36.7,159.854446,-0.0,319.753479,2.228643,,8.138992,0.813899,1.1e-05,2.105,10.0,10.0,12.780144,0.0,12.780144,87.219856,66.319463,0.494737,5.197473,0.0,0.0
2026-08-29 02:53:27,21937.81,804863,4024,486.3301,421.9391,36.7,126.942902,-0.0,253.93042,2.230499,,9.153721,0.915372,1e-05,2.780042,10.0,10.0,8.344984,0.0,8.344984,91.655016,68.356661,0.568887,5.197473,0.0,0.0
2026-08-29 02:53:41,21952.06,805375,4026,-187.4065,418.6657,36.7,312.556274,0.0,625.157227,2.235131,,5.225483,0.522548,1.1e-05,4.742666,10.0,10.0,22.974233,0.0,22.974233,77.025767,57.178553,0.642787,5.197473,0.0,0.0
2026-08-29 02:53:55,21966.01,805887,4029,382.0892,420.1626,36.7,106.820511,-0.0,213.685654,2.23138,,5.728777,0.572878,1e-05,0.541622,2.0,10.0,2.175254,0.0,2.175254,97.824746,75.216889,0.609469,5.197473,0.0,0.0
2026-08-29 02:54:09,21980.01,806399,4032,415.9025,417.7254,36.7,80.423828,0.0,160.892349,2.234302,,7.000847,0.700085,9e-06,1.620727,10.0,10.0,4.889302,0.0,4.889302,95.110698,73.073498,0.522154,5.197473,0.0,0.0
2026-08-29 02:54:23,21994.05,806911,4034,353.4356,414.6591,36.7,68.92054,0.0,137.885818,2.236691,,6.192987,0.619299,6e-06,2.883797,10.0,10.0,4.790914,0.0,4.790914,95.209086,71.457249,0.580311,5.197473,0.0,0.0
2026-08-29 02:54:37,22008.15,807423,4037,422.5344,414.1486,36.7,94.004517,0.0,188.053726,2.23474,,7.142525,0.714253,1.1e-05,2.21273,10.0,10.0,4.865289,0.0,4.865289,95.134711,71.234836,0.552217,5.197473,0.0,0.0
2026-08-29 02:54:51,22022.15,807935,4039,-39.1163,407.563,36.7,444.314117,-0.0,888.673035,2.239934,,6.626765,0.662677,6e-06,2.354839,10.0,10.0,20.643704,0.0,20.643704,79.356296,60.915416,0.528808,5.197473,0.0,0.0
2026-08-29 02:55:05,22036.06,808447,4042,385.2959,403.7421,36.7,79.036568,0.0,158.117874,2.236893,,6.798201,0.67982,1e-05,1.638351,10.0,10.0,5.39833,0.0,5.39833,94.60167,72.10455,0.502851,5.197473,0.0,0.0
2026-08-29 02:55:19,22049.87,808959,4044,422.3587,402.9893,36.7,104.534996,-0.0,209.1147,2.235571,,6.702241,0.670224,1.1e-05,1.228368,9.0,10.0,3.628248,0.0,3.628248,96.371752,73.770463,0.550778,5.197473,0.0,0.0
2026-08-29 02:55:33,22063.72,809471,4047,404.5681,402.7452,36.7,97.349274,0.0,194.743271,2.236346,,7.015773,0.701577,8e-06,1.382977,9.0,10.0,5.053277,0.0,5.053277,94.946723,71.609792,0.53676,5.197473,0.0,0.0
2026-08-29 02:55:46,22077.51,809983,4049,387.0764,401.4204,36.7,67.086235,-0.0,134.217163,2.234574,,6.411132,0.641113,7e-06,1.969221,10.0,10.0,4.240754,0.0,4.240754,95.759246,72.668539,0.557333,5.197473,0.0,0.0
2026-08-29 02:56:00,22091.32,810495,4052,324.6958,405.9249,36.7,78.712242,-0.0,157.469299,2.240374,,5.376148,0.537615,1.1e-05,2.033127,9.0,10.0,3.643476,0.0,3.643476,96.356524,72.854988,0.607963,5.197473,0.0,0.0
2026-08-29 02:56:14,22105.23,811007,4055,-82.0649,401.4599,36.7,181.229309,-0.0,362.50351,2.244274,,5.602026,0.560203,1.2e-05,3.04707,10.0,10.0,19.725983,0.0,19.725983,80.274017,59.453314,0.52419,5.197473,0.0,0.0
2026-08-29 02:56:28,22119.11,811519,4057,432.1996,405.5094,36.7,133.815384,0.0,267.675568,2.240464,,8.578677,0.857868,0.034764,1.491863,8.0,10.0,8.619677,0.0,8.619677,91.380323,69.237735,0.45951,5.197473,0.0,0.0
2026-08-29 02:56:42,22133.09,812031,4060,486.7022,403.6532,36.7,98.233055,-0.0,196.51091,2.239842,,9.874736,0.987474,0.251995,1.554453,10.0,10.0,9.900133,0.0,9.900133,90.099867,68.099491,0.483344,5.197473,0.0,0.0
2026-08-29 02:56:56,22147.11,812543,4062,33.9843,400.7733,36.7,140.893906,-0.0,281.832581,2.238521,,6.956803,0.69568,0.33087,2.602737,10.0,10.0,19.085648,0.0,19.085648,80.914352,60.845608,0.575853,5.403095,0.0,0.0
2026-08-29 02:57:10,22161.15,813055,4065,131.6453,398.7017,36.7,165.335739,0.0,330.716156,2.234517,,6.390783,0.639078,0.596551,1.670766,10.0,10.0,12.657056,0.0,12.657056,87.342944,64.940696,0.62309,5.403095,0.0,0.0
2026-08-29 02:57:24,22175.21,813567,4067,292.0557,397.8777,36.7,253.647293,0.0,507.339172,2.229046,,7.348736,0.734874,0.583649,1.135634,10.0,10.0,9.849931,0.0,9.849931,90.150069,69.533339,0.609424,5.403095,0.0,0.0
2026-08-29 02:57:38,22189.23,814079,4070,101.3697,398.5526,36.7,93.696983,0.0,187.438522,2.22744,,7.583999,0.7584,0.204963,2.454668,10.0,10.0,17.539731,0.0,17.539731,82.460269,61.373652,0.521023,5.403095,0.0,0.0
2026-08-29 02:57:52,22203.32,814591,4072,254.6417,394.3933,36.7,123.235023,-0.0,246.514511,2.222897,,8.024186,0.802419,0.436322,2.214527,10.0,10.0,13.074026,0.0,13.074026,86.925974,65.990625,0.537238,5.403095,0.0,0.0
2026-08-29 02:58:06,22217.41,815103,4075,-136.3157,389.1191,36.7,440.878754,-0.0,881.801941,2.222082,,6.444745,0.644475,0.644822,2.580869,10.0,10.0,22.898822,0.0,22.898822,77.101178,57.335468,0.57439,5.403095,0.0,0.0
2026-08-29 02:58:20,22231.32,815615,4078,595.1279,388.7062,36.7,118.05217,-0.0,236.148636,2.214627,,8.8216,0.88216,1.079232,0.754686,3.0,10.0,2.933938,0.0,2.933938,97.066062,74.178881,0.4404,5.403095,0.0,0.0
2026-08-29 02:58:34,22245.24,816127,4080,555.2231,385.8051,36.7,113.411362,0.0,226.866943,2.211089,,7.401652,0.740165,1.915,0.594604,3.0,6.0,0.204543,0.0,0.204543,99.795457,76.324586,0.570849,5.403095,0.0,0.0
2026-08-29 02:58:48,22259.13,816639,4083,230.832,384.6557,36.7,82.470367,-0.0,164.984909,2.208382,,4.351275,0.435127,1.641795,2.108301,9.0,10.0,3.987079,0.0,3.987079,96.012921,72.105799,0.691598,5.403095,0.0,0.0
2026-08-29 02:59:02,22273.03,817151,4085,217.9142,385.0749,36.7,141.996292,-0.0,284.036713,2.206656,,7.109397,0.71094,1.087798,2.024732,10.0,10.0,12.11106,0.0,12.11106,87.88894,67.506228,0.516162,5.403095,0.0,0.0
2026-08-29 02:59:16,22287.0,817663,4088,207.5015,383.2519,36.7,131.260071,-0.0,262.56424,2.205268,,8.300371,0.830037,0.619365,1.8761,10.0,10.0,15.814316,0.0,15.814316,84.185684,63.138035,0.499384,5.403095,0.0,0.0
2026-08-29 02:59:30,22301.1,818175,4090,-491.6082,372.6358,36.7,595.554871,0.0,1191.153931,2.207527,,4.506582,0.450658,0.287623,2.497661,10.0,10.0,30.422027,0.0,30.422027,69.577973,51.941849,0.620892,5.403095,0.0,0.0
2026-08-29 02:59:44,22315.08,818687,4093,122.0377,370.0846,36.7,331.263855,-0.0,662.571716,2.200758,,7.796967,0.779697,0.427205,1.802338,10.0,10.0,17.216363,0.0,17.216363,82.783637,62.025162,0.533141,5.403095,0.0,0.0
2026-08-29 02:59:58,22328.99,819199,4096,812.5321,373.0586,36.7,219.084152,0.0,438.212219,2.195131,,13.228147,1.322815,1.8959,1.974673,10.0,10.0,6.409046,0.0,6.409046,93.590954,71.410418,0.527816,5.403095,0.0,0.0
2026-08-29 03:00:12,22342.87,819711,4098,654.7146,378.7824,36.7,182.491364,-0.0,365.026611,2.194204,,10.999574,1.099957,1.835915,1.273922,9.0,10.0,6.484613,0.0,6.484613,93.515387,70.71875,0.491836,5.403095,0.0,0.0
2026-08-29 03:00:26,22356.85,820223,4101,264.4736,376.8907,36.7,123.888397,0.0,247.820709,2.19578,,8.370152,0.837015,0.690718,2.213366,10.0,10.0,13.975855,0.0,13.975855,86.024145,64.35741,0.549051,5.403095,0.0,0.0
2026-08-29 03:00:40,22370.85,820735,4103,335.4663,373.3705,36.7,148.938858,0.0,297.921661,2.197134,,9.481156,0.948116,0.921733,2.694088,10.0,10.0,14.479283,0.0,14.479283,85.520717,63.863341,0.558403,5.403095,0.0,0.0
2026-08-29 03:00:54,22384.84,821247,4106,187.6318,369.1465,36.7,167.238953,-0.0,334.521881,2.198774,,9.111632,0.911163,0.914542,3.074254,10.0,10.0,18.709779,0.0,18.709779,81.290221,60.540892,0.520128,5.403095,0.0,0.0
2026-08-29 03:01:08,22398.73,821759,4108,921.4675,375.4234,36.7,302.693634,0.0,605.431152,2.194204,,12.921373,1.292137,1.91795,0.659357,3.0,9.0,1.357102,0.0,1.357102,98.642898,75.166484,0.542921,5.403095,0.0,0.0
2026-08-29 03:01:22,22412.7,822271,4111,540.1295,381.1029,36.7,115.793755,-0.0,231.6315,2.1994,,9.337431,0.933743,1.908,1.68697,10.0,10.0,6.434344,0.0,6.434344,93.565656,70.544994,0.547958,5.403095,0.0,0.0
2026-08-29 03:01:35,22426.61,822783,4113,424.6115,382.9598,36.7,207.984085,-0.0,416.012207,2.202551,,10.421911,1.042191,0.208297,2.033743,10.0,10.0,13.606751,0.0,13.606751,86.393249,65.012948,0.543306,5.403095,0.0,0.0
2026-08-29 03:01:49,22440.54,823295,4116,-1.3886,380.5155,36.7,131.695023,0.0,263.434143,2.205288,,5.677811,0.567781,0.292179,2.168673,10.0,10.0,16.169164,0.0,16.169164,83.830836,62.89194,0.602016,5.403095,0.0,0.0
2026-08-29 03:02:03,22454.55,823807,4119,295.7917,379.4236,36.7,100.193138,0.0,200.430359,2.204248,,6.941433,0.694143,1.87795,2.923254,10.0,10.0,9.015432,0.0,9.015432,90.984568,68.54882,0.607813,5.403095,0.0,0.0
2026-08-29 03:02:17,22468.37,824319,4121,592.3216,381.0298,36.7,175.857895,0.0,351.759888,2.204614,,9.77102,0.977102,1.89895,2.07472,10.0,10.0,5.238921,0.0,5.238921,94.761079,71.833367,0.624432,5.403095,0.0,0.0
2026-08-29 03:02:31,22482.27,824831,4124,292.0632,380.5849,36.7,104.863655,-0.0,209.77153,2.211134,,8.858927,0.885893,1.127398,2.544346,10.0,10.0,14.077013,0.0,14.077013,85.922987,64.13703,0.633806,5.403095,0.0,0.0
2026-08-29 03:02:45,22496.13,825343,4126,375.4505,381.4651,36.7,107.377373,-0.0,214.798981,2.211448,,7.933739,0.793374,1.851138,1.757154,10.0,10.0,8.146093,0.0,8.146093,91.853907,68.959527,0.638858,5.821562,0.0,0.0
2026-08-29 03:02:59,22510.1,825855,4129,128.4929,376.9014,36.7,183.003143,-0.0,366.050659,2.21862,,7.449405,0.74494,0.435927,1.908098,10.0,10.0,14.933893,0.0,14.933893,85.066107,63.623569,0.47543,5.821562,0.0,0.0
2026-08-29 03:03:13,22524.16,826367,4131,160.6366,370.8967,36.7,345.476044,0.0,690.996521,2.220854,,8.888416,0.888842,0.189029,2.580723,10.0,10.0,17.86169,0.0,17.86169,82.13831,61.490064,0.489222,5.821562,0.0,0.0
2026-08-29 03:03:27,22538.19,826879,4134,291.8111,365.1347,36.7,252.99826,0.0,506.041016,2.224155,,9.373017,0.937302,0.125974,2.298258,10.0,10.0,14.163385,0.0,14.163385,85.836615,64.335805,0.518102,5.821562,0.0,0.0
2026-08-29 03:03:41,22552.31,827391,4136,-108.3172,359.5269,36.7,453.346527,0.0,906.737732,2.233391,,7.162276,0.716228,0.108062,3.22543,10.0,10.0,22.305236,0.0,22.305236,77.694764,57.821649,0.55146,5.821562,0.0,0.0
2026-08-29 03:03:55,22566.36,827903,4139,584.2648,359.8778,36.7,161.302185,0.0,322.648895,2.225884,,8.983652,0.898365,1.886505,1.541495,9.0,10.0,3.555945,0.0,3.555945,96.444055,72.768013,0.559635,5.821562,0.0,0.0
2026-08-29 03:04:09,22580.42,828415,4142,214.8161,357.9813,36.7,148.132889,-0.0,296.310486,2.234999,,6.928104,0.69281,1.030872,2.298647,10.0,10.0,11.044622,0.0,11.044622,88.955378,66.589855,0.602628,5.821562,0.0,0.0
2026-08-29 03:04:23,22594.43,828927,4144,559.5691,361.6275,36.7,150.660782,0.0,301.366302,2.236247,,9.250147,0.925015,1.284324,1.77479,9.0,10.0,5.019139,0.0,5.019139,94.980861,72.282535,0.490685,5.821562,0.0,0.0
2026-08-29 03:04:37,22608.53,829439,4147,243.7257,358.5159,36.7,90.602333,-0.0,181.249619,2.24755,,10.167546,1.016755,0.802268,3.166946,10.0,10.0,18.429863,0.0,18.429863,81.570137,60.665848,0.5537,5.821562,0.0,0.0
2026-08-29 03:04:51,22622.6,829951,4149,593.7638,357.3365,36.7,214.060959,-0.0,428.16684,2.246275,,12.136223,1.213622,0.40143,2.194577,10.0,10.0,11.062401,0.0,11.062401,88.937599,66.768336,0.465704,5.821562,0.0,0.0
2026-08-29 03:05:05,22636.57,830463,4152,341.0021,352.2429,36.7,191.435562,-0.0,382.916107,2.249201,,8.716987,0.871699,1.045672,1.570613,10.0,10.0,10.836047,0.0,10.836047,89.163953,67.373089,0.564309,5.821562,0.0,0.0
2026-08-29 03:05:19,22650.41,830975,4154,428.5322,348.3137,36.7,70.855576,0.0,141.756134,2.249446,,7.045679,0.704568,1.915,2.031284,10.0,10.0,4.057411,0.0,4.057411,95.942589,73.209417,0.578932,5.821562,0.0,0.0
2026-08-29 03:05:33,22664.21,831487,4157,51.2369,341.0814,36.7,114.858307,0.0,229.761795,2.259316,,5.385871,0.538587,0.153334,2.186182,10.0,10.0,12.601219,0.0,12.601219,87.398781,65.932523,0.670468,5.821562,0.0,0.0
2026-08-29 03:05:47,22678.11,831999,4160,250.6705,339.373,36.7,124.414253,-0.0,248.873688,2.258824,,7.371279,0.737128,0.713896,1.854705,10.0,10.0,10.363115,0.0,10.363115,89.636885,67.452408,0.57119,5.821562,0.0,0.0
2026-08-29 03:06:01,22691.95,832511,4162,166.9594,339.7764,36.7,76.300308,-0.0,152.646011,2.269576,,7.594353,0.759435,0.653786,2.177834,10.0,10.0,14.05874,0.0,14.05874,85.94126,64.543563,0.592552,5.821562,0.0,0.0
2026-08-29 03:06:15,22705.78,833023,4165,226.5436,335.1178,36.7,68.06739,-0.0,136.18013,2.26758,,6.079376,0.607938,1.615692,1.772366,10.0,10.0,8.261312,0.0,8.261312,91.738688,69.320176,0.619393,5.821562,0.0,0.0
2026-08-29 03:06:29,22719.68,833535,4167,416.2163,335.4819,36.7,52.457035,0.0,104.959427,2.267798,,7.471574,0.747157,1.864,2.052223,10.0,10.0,5.580168,0.0,5.580168,94.419832,71.312259,0.536062,5.821562,0.0,0.0
2026-08-29 03:06:43,22733.73,834047,4170,-35.2965,333.7068,36.7,101.578941,-0.0,203.20369,2.290403,,7.257284,0.725728,0.153598,3.769087,10.0,10.0,20.457473,0.0,20.457473,79.542527,59.020646,0.474263,5.821562,0.0,0.0
2026-08-29 03:06:56,22747.55,834559,4172,523.6054,342.4016,36.7,146.712082,-0.0,293.469696,2.275992,,8.564339,0.856434,0.235767,1.420244,9.0,10.0,4.477438,0.0,4.477438,95.522562,72.828741,0.551465,5.821562,0.0,0.0
2026-08-29 03:07:10,22761.44,835071,4175,69.1376,335.5238,36.7,107.079201,-0.0,214.2043,2.294926,,6.567527,0.656753,0.171949,2.802398,10.0,10.0,14.878154,0.0,14.878154,85.121846,64.364578,0.561594,5.821562,0.0,0.0
2026-08-29 03:07:25,22775.63,835583,4177,579.6975,333.1598,36.7,184.309402,-0.0,368.664612,2.289812,,10.469474,1.046947,1.126354,2.231264,10.0,10.0,7.505113,0.0,7.505113,92.494887,70.74117,0.492623,5.821562,0.0,0.0
2026-08-29 03:07:39,22789.63,836095,4180,432.9528,329.8772,36.7,91.692337,-0.0,183.430649,2.29839,,11.422462,1.142246,0.674398,2.373278,10.0,10.0,14.521626,0.0,14.521626,85.478374,64.18204,0.526708,5.821562,0.0,0.0
2026-08-29 03:07:53,22803.64,836607,4183,521.8298,330.3551,36.7,117.722504,-0.0,235.490845,2.291732,,9.870539,0.987054,1.356735,1.5821,10.0,10.0,7.594953,0.0,7.594953,92.405047,70.316411,0.587491,5.821562,0.0,0.0
2026-08-29 03:08:06,22817.57,837119,4185,411.1891,331.7799,36.7,100.880127,-0.0,201.806015,2.288281,,7.836499,0.78365,1.823148,1.464661,10.0,10.0,6.372067,0.0,6.372067,93.627933,71.122617,0.680184,5.821562,0.0,0.0
2026-08-29 03:08:20,22831.53,837631,4188,627.5191,333.6276,36.7,194.396088,0.0,388.837799,2.280928,,8.897754,0.889775,1.90795,1.055082,7.0,10.0,1.263444,0.0,1.263444,98.736556,73.980169,0.614678,6.119415,0.0,0.0
2026-08-29 03:08:34,22845.49,838143,4190,-52.369,331.0217,36.7,272.601318,-0.0,545.248718,2.304066,,7.698803,0.76988,0.219647,2.842257,10.0,10.0,21.103164,0.0,21.103164,78.896836,59.623611,0.578695,6.119415,0.0,0.0
2026-08-29 03:08:48,22859.4,838655,4193,159.7553,328.0563,36.7,59.168201,0.0,118.382423,2.300989,,7.842772,0.784277,0.125741,2.076823,10.0,10.0,14.206435,0.0,14.206435,85.793565,64.348799,0.558803,6.119415,0.0,0.0
2026-08-29 03:09:02,22873.15,839167,4195,444.2695,324.2827,36.7,82.21431,-0.0,164.474167,2.277546,,6.772326,0.677233,1.91095,0.947105,6.0,10.0,2.510766,0.0,2.510766,97.489234,74.480715,0.579978,6.119415,0.0,0.0
2026-08-29 03:09:16,22887.04,839679,4198,319.0105,323.2444,36.7,90.799767,-0.0,181.645248,2.285739,,6.60718,0.660718,1.606553,1.423891,9.0,10.0,6.139536,0.0,6.139536,93.860464,70.731753,0.571038,6.119415,0.0,0.0
2026-08-29 03:09:30,22900.92,840191,4200,417.2368,319.9508,36.7,125.223351,0.0,250.49263,2.29673,,9.978515,0.997851,0.202034,2.092058,10.0,10.0,11.344939,0.0,11.344939,88.655061,66.934945,0.495194,6.119415,0.0,0.0
2026-08-29 03:09:44,22914.89,840703,4203,379.1068,319.218,36.7,75.609299,0.0,151.264603,2.3003,,9.845695,0.984569,0.946936,2.207728,10.0,10.0,12.086279,0.0,12.086279,87.913721,66.518882,0.535624,6.119415,0.0,0.0
2026-08-29 03:09:58,22929.03,841215,4206,-44.0463,315.9912,36.7,146.02655,-0.0,292.099335,2.311538,,7.685891,0.768589,1.5e-05,4.069392,10.0,10.0,21.144911,0.0,21.144911,78.855089,58.861046,0.538933,6.119415,0.0,0.0
2026-08-29 03:10:12,22942.99,841727,4208,408.5749,318.7041,36.7,114.022095,0.0,228.08989,2.285089,,7.908648,0.790865,0.601444,1.508481,10.0,10.0,6.581502,0.0,6.581502,93.418498,70.573288,0.541793,6.119415,0.0,0.0
2026-08-29 03:10:26,22957.02,842239,4211,-205.5603,316.2226,36.7,149.102676,0.0,298.251556,2.310011,,4.4517,0.44517,0.148452,3.023373,10.0,10.0,17.820107,0.0,17.820107,82.179893,61.649581,0.632226,6.119415,0.0,0.0
2026-08-29 03:10:40,22970.99,842751,4213,248.0612,314.1793,36.7,41.711441,-0.0,83.468666,2.289101,,5.583494,0.558349,1.412328,2.541934,10.0,10.0,6.205153,0.0,6.205153,93.794847,70.516046,0.592977,6.119415,0.0,0.0
2026-08-29 03:10:54,22985.0,843263,4216,50.5192,311.4298,36.7,128.865417,-0.0,257.777008,2.309109,,6.780522,0.678052,0.647909,2.197521,10.0,10.0,15.106692,0.0,15.106692,84.893308,64.122342,0.574865,6.119415,0.0,0.0
2026-08-29 03:11:08,22998.89,843775,4218,642.283,312.2589,36.7,124.821915,0.0,249.689575,2.287345,,9.402713,0.940271,1.64171,1.112979,7.0,10.0,2.639946,0.0,2.639946,97.360054,74.582138,0.448785,6.119415,0.0,0.0
2026-08-29 03:11:22,23012.87,844287,4221,343.8636,309.4167,36.7,40.033638,-0.0,80.113358,2.303933,,8.550201,0.85502,0.888777,2.11701,10.0,10.0,10.476686,0.0,10.476686,89.523314,67.54746,0.440715,6.119415,0.0,0.0
2026-08-29 03:11:36,23026.79,844799,4224,109.9469,302.3443,36.7,151.475342,-0.0,302.996857,2.308495,,6.944287,0.694429,0.371119,1.245262,10.0,10.0,13.483979,0.0,13.483979,86.516021,65.727484,0.579424,6.119415,0.0,0.0
2026-08-29 03:11:50,23040.74,845311,4226,390.7569,301.5746,36.7,81.57653,-0.0,163.199295,2.311671,,8.756814,0.875681,0.112557,1.430423,10.0,10.0,8.873203,0.0,8.873203,91.126797,68.907017,0.60587,6.119415,0.0,0.0
2026-08-29 03:12:03,23054.56,845823,4229,671.9497,302.626,36.7,169.048752,0.0,338.143463,2.298393,,10.235024,1.023502,1.101303,1.428011,9.0,10.0,3.048431,0.0,3.048431,96.951569,72.847831,0.602597,6.119415,0.0,0.0
2026-08-29 03:12:17,23068.4,846335,4231,-269.9532,297.2114,36.7,204.15657,-0.0,408.359802,2.333447,,5.049873,0.504987,1e-05,2.358661,10.0,10.0,21.430615,0.0,21.430615,78.569385,59.585487,0.585823,6.119415,0.0,0.0
2026-08-29 03:12:31,23082.27,846847,4234,-574.5174,287.0612,36.7,332.794373,-0.0,665.635742,2.348802,,3.946336,0.394634,6e-06,2.530411,10.0,10.0,28.259524,0.0,28.259524,71.740476,52.719374,0.596343,6.119415,0.0,0.0
2026-08-29 03:12:45,23096.12,847359,4236,261.5597,287.3087,36.7,87.615387,-0.0,175.276901,2.306318,,6.586863,0.658686,1.359955,1.809127,10.0,10.0,7.755617,0.0,7.755617,92.244383,70.506996,0.577265,6.119415,0.0,0.0
2026-08-29 03:12:59,23110.09,847871,4239,334.0202,285.7926,36.7,50.149616,0.0,100.345398,2.308307,,5.654309,0.565431,1.780179,2.328994,10.0,10.0,3.358304,0.0,3.358304,96.641696,72.482528,0.657568,6.119415,0.0,0.0
2026-08-29 03:13:13,23124.07,848383,4241,117.5375,283.436,36.7,30.285151,-0.0,60.616924,2.331095,,6.609603,0.66096,1.3e-05,2.30379,10.0,10.0,12.948224,0.0,12.948224,87.051776,66.49905,0.543847,6.119415,0.0,0.0
2026-08-29 03:13:27,23138.04,848895,4244,235.1577,281.6548,36.7,60.694878,-0.0,121.436279,2.326161,,6.334718,0.633472,9e-06,2.258427,10.0,10.0,8.406104,0.0,8.406104,91.593896,69.083316,0.599084,6.119415,0.0,0.0
2026-08-29 03:13:41,23151.99,849407,4247,106.6463,277.5488,36.7,149.485764,0.0,299.018127,2.330523,,5.798276,0.579828,1.1e-05,2.111464,10.0,10.0,11.034478,0.0,11.034478,88.965522,67.233632,0.611322,6.119415,0.0,0.0
2026-08-29 03:13:55,23165.95,849919,4249,380.8324,277.9685,36.7,79.38282,0.0,158.81221,2.328176,,7.860713,0.786071,0.960535,1.698718,10.0,10.0,7.430518,0.0,7.430518,92.569482,69.852406,0.509546,6.119415,0.0,0.0
2026-08-29 03:14:09,23180.05,850431,4252,286.0935,281.2771,36.7,81.611435,-0.0,163.269821,2.347311,,9.112474,0.911247,1e-05,2.877518,10.0,10.0,12.743821,0.0,12.743821,87.256179,65.300956,0.582248,6.46945,0.0,0.0
2026-08-29 03:14:23,23194.0,850943,4254,915.9763,284.0744,36.7,290.671875,0.0,581.390076,2.314869,,12.342703,1.23427,1.89045,0.706339,3.0,8.0,0.083431,0.0,0.083431,99.916569,76.7733,0.52875,6.46945,0.0,0.0
2026-08-29 03:14:37,23207.96,851455,4257,555.8824,286.3184,36.7,156.344009,0.0,312.734344,2.315851,,8.538551,0.853855,1.354416,0.908022,7.0,10.0,2.531744,0.0,2.531744,97.468256,73.806725,0.614741,6.46945,0.0,0.0
2026-08-29 03:14:51,23222.0,851967,4259,-51.6783,279.7708,36.7,55.318047,0.0,110.683067,2.348671,,4.960445,0.496044,8e-06,3.322194,10.0,10.0,13.73534,0.0,13.73534,86.26466,64.711676,0.646452,6.46945,0.0,0.0
2026-08-29 03:15:05,23235.92,852479,4262,-76.0362,280.2726,36.7,152.588852,-0.0,305.22467,2.347817,,5.213432,0.521343,1.2e-05,1.849541,10.0,10.0,14.420719,0.0,14.420719,85.579281,64.000121,0.589977,6.46945,0.0,0.0
2026-08-29 03:15:19,23249.83,852991,4264,287.2463,282.9465,36.7,49.361187,0.0,98.76902,2.332198,,6.955881,0.695588,9e-06,1.145865,9.0,10.0,7.624745,0.0,7.624745,92.375255,70.074092,0.565428,6.46945,0.0,0.0
2026-08-29 03:15:32,23263.61,853503,4267,231.3945,284.6821,36.7,54.945675,-0.0,109.938026,2.333883,,6.31211,0.631211,1e-05,0.758785,3.0,10.0,7.476061,0.0,7.476061,92.523939,70.018168,0.607154,6.46945,0.0,0.0
2026-08-29 03:15:46,23277.53,854015,4270,-197.2106,280.4914,36.7,121.363091,0.0,242.773483,2.364961,,5.508092,0.550809,5e-06,3.761299,10.0,10.0,19.087113,0.0,19.087113,80.912887,60.271796,0.607362,6.46945,0.0,0.0
2026-08-29 03:16:00,23291.4,854527,4272,227.8839,278.3982,36.7,43.024445,-0.0,86.095879,2.349594,,6.803275,0.680327,7e-06,2.610846,10.0,10.0,9.357751,0.0,9.357751,90.642249,68.392165,0.585036,6.46945,0.0,0.0
2026-08-29 03:16:14,23305.3,855039,4275,489.3015,279.1813,36.7,172.409073,-0.0,344.865082,2.347209,,11.089243,1.108924,0.666372,2.504853,10.0,10.0,10.261406,0.0,10.261406,89.738594,67.540965,0.618037,6.46945,0.0,0.0
2026-08-29 03:16:28,23319.19,855551,4277,682.3831,283.1071,36.7,246.616684,0.0,493.280182,2.340544,,13.534101,1.35341,1.2e-05,1.734135,10.0,10.0,9.764246,0.0,9.764246,90.235754,68.442819,0.553777,6.46945,0.0,0.0
2026-08-29 03:16:42,23333.17,856063,4280,-136.9526,276.8743,36.7,124.860619,-0.0,249.768539,2.365036,,7.68503,0.768503,1e-05,2.783178,10.0,10.0,22.16762,0.0,22.16762,77.83238,57.055592,0.545835,6.46945,0.0,0.0
2026-08-29 03:16:56,23347.12,856575,4282,286.7186,281.6155,36.7,71.208191,-0.0,142.463333,2.34789,,8.108499,0.81085,1.2e-05,2.134143,10.0,10.0,10.175211,0.0,10.175211,89.824789,68.955329,0.53848,6.46945,0.0,0.0
2026-08-29 03:17:10,23361.1,857087,4285,236.0732,280.1554,36.7,133.410782,-0.0,266.868469,2.344875,,8.504692,0.850469,1.3e-05,1.766045,10.0,10.0,12.850901,0.0,12.850901,87.149099,65.806488,0.506073,6.46945,0.0,0.0
2026-08-29 03:17:24,23375.11,857599,4288,637.0764,282.3671,36.7,114.659065,0.0,229.364502,2.318805,,8.810514,0.881051,1.2e-05,0.786013,4.0,10.0,1.090762,0.0,1.090762,98.909238,75.784672,0.493071,6.46945,0.0,0.0
2026-08-29 03:17:38,23389.04,858111,4290,187.45,280.7073,36.7,83.921776,0.0,167.890411,2.34335,,6.599185,0.659919,1e-05,1.183494,7.0,10.0,9.617053,0.0,9.617053,90.382947,68.204271,0.551052,6.46945,0.0,0.0
2026-08-29 03:17:52,23403.0,858623,4293,639.1101,282.873,36.7,301.358948,-0.0,602.764343,2.322808,,11.129301,1.11293,0.210907,0.670779,3.0,10.0,5.508019,0.0,5.508019,94.491981,71.945134,0.578835,6.46945,0.0,0.0
2026-08-29 03:18:06,23416.98,859135,4295,416.7808,287.432,36.7,132.453079,0.0,264.953064,2.344793,,9.869922,0.986992,8e-06,1.837683,10.0,10.0,10.166985,0.0,10.166985,89.833015,68.808975,0.540394,6.46945,0.0,0.0
2026-08-29 03:18:20,23431.03,859647,4298,-394.5347,279.6337,36.7,299.501801,-0.0,599.050781,2.358953,,5.412918,0.541292,5e-06,1.877824,10.0,10.0,24.545242,0.0,24.545242,75.454758,56.723132,0.574335,6.46945,0.0,0.0
2026-08-29 03:18:34,23444.95,860159,4300,276.6891,278.177,36.7,79.296082,-0.0,158.638748,2.329189,,5.658617,0.565862,1e-05,0.644695,3.0,9.0,4.693968,0.0,4.693968,95.306032,73.065165,0.609453,6.46945,0.0,0.0
2026-08-29 03:18:48,23458.98,860671,4303,-173.1458,272.3999,36.7,105.536819,-0.0,211.120926,2.36461,,5.230811,0.523081,4e-06,4.817128,10.0,10.0,18.232405,0.0,18.232405,81.767595,59.65793,0.59589,6.46945,0.0,0.0
2026-08-29 03:19:02,23472.89,861183,4305,-158.1232,266.9479,36.7,72.378883,-0.0,144.805008,2.362175,,4.142127,0.414213,5e-06,3.270047,10.0,10.0,15.064699,0.0,15.064699,84.935301,63.555195,0.683999,6.46945,0.0,0.0
2026-08-29 03:19:16,23486.86,861695,4308,-56.9655,263.1312,36.7,108.222176,-0.0,216.491257,2.345561,,4.058271,0.405827,8e-06,2.394936,10.0,10.0,11.768905,0.0,11.768905,88.231095,65.763553,0.678357,6.46945,0.0,0.0
2026-08-29 03:19:30,23500.89,862207,4311,-329.9015,260.6529,36.7,174.832733,-0.0,349.71286,2.369603,,4.725763,0.472576,4e-06,3.27089,10.0,10.0,21.433252,0.0,21.433252,78.566748,58.2087,0.592887,6.46945,0.0,0.0
2026-08-29 03:19:44,23514.93,862719,4313,-188.5311,254.4456,36.7,140.825317,-0.0,281.697876,2.36238,,4.022234,0.402223,7e-06,2.271835,10.0,10.0,14.92934,0.0,14.92934,85.07066,63.679727,0.690524,6.847683,0.0,0.0
2026-08-29 03:19:58,23528.95,863231,4316,-313.1606,246.4469,36.7,221.801849,-0.0,443.650696,2.349824,,3.996243,0.399624,9e-06,2.316593,10.0,10.0,18.018752,0.0,18.018752,81.981248,61.404957,0.707137,6.847683,0.0,0.0
2026-08-29 03:20:12,23542.93,863743,4318,354.3734,249.6508,36.7,99.570465,0.0,199.18782,2.344227,,7.477599,0.74776,9e-06,1.345781,10.0,10.0,6.494244,0.0,6.494244,93.505756,70.746552,0.550524,6.847683,0.0,0.0
2026-08-29 03:20:26,23556.85,864255,4321,612.9714,254.4641,36.7,171.593063,0.0,343.233368,2.362799,,11.995682,1.199568,1e-05,1.694497,10.0,10.0,8.248608,0.0,8.248608,91.751392,69.156428,0.500313,6.847683,0.0,0.0
2026-08-29 03:20:40,23570.78,864767,4323,784.9777,259.3933,36.7,302.322632,0.0,604.692322,2.351962,,15.953975,1.595397,8e-06,1.696589,10.0,10.0,10.70149,0.0,10.70149,89.29851,68.28969,0.557019,6.847683,0.0,0.0
2026-08-29 03:20:54,23584.71,865279,4326,893.179,267.3114,36.7,256.037445,-0.0,512.121765,2.343543,,12.593068,1.259307,9e-06,0.987782,6.0,10.0,0.948305,0.0,0.948305,99.051695,75.430599,0.506485,6.847683,0.0,0.0
2026-08-29 03:21:08,23598.64,865791,4328,794.3893,272.7089,36.7,232.645004,0.0,465.336914,2.34569,,10.858831,1.085883,1e-05,1.281845,6.0,10.0,0.888528,0.0,0.888528,99.111472,75.816041,0.523141,6.847683,0.0,0.0
2026-08-29 03:21:22,23612.68,866303,4331,-371.2251,270.3598,36.7,376.056091,0.0,752.15863,2.323626,,7.096453,0.709645,4e-06,2.847432,10.0,10.0,26.20979,0.0,26.20979,73.79021,54.899323,0.582676,6.847683,0.0,0.0
2026-08-29 03:21:36,23626.64,866815,4334,67.534,265.0839,36.7,135.969681,0.0,271.986328,2.348327,,6.107731,0.610773,8e-06,1.805053,10.0,10.0,11.868535,0.0,11.868535,88.131465,66.120681,0.613737,6.847683,0.0,0.0
2026-08-29 03:21:49,23640.59,867327,4336,242.7716,261.9593,36.7,205.56749,0.0,411.182129,2.357028,,8.138787,0.813879,8e-06,1.806233,10.0,10.0,11.06266,0.0,11.06266,88.93734,67.154755,0.546788,6.847683,0.0,0.0
2026-08-29 03:22:03,23654.56,867839,4339,206.7022,261.718,36.7,64.693672,-0.0,129.434799,2.37271,,8.010851,0.801085,6e-06,3.145433,10.0,10.0,12.212476,0.0,12.212476,87.787524,65.758478,0.49498,6.847683,0.0,0.0
2026-08-29 03:22:17,23668.34,868351,4341,609.3606,265.6325,36.7,125.741653,0.0,251.530182,2.343765,,9.008264,0.900826,0.537461,1.028746,6.0,10.0,2.193342,0.0,2.193342,97.806658,73.771902,0.486906,6.847683,0.0,0.0
2026-08-29 03:22:31,23682.22,868863,4344,521.8338,268.7758,36.7,132.012634,0.0,264.072174,2.345278,,8.692542,0.869254,1e-05,1.772431,9.0,10.0,4.428393,0.0,4.428393,95.571607,72.201873,0.555883,6.847683,0.0,0.0
2026-08-29 03:22:45,23696.0,869375,4346,999.1031,283.6829,36.7,394.593018,0.0,789.232544,2.325135,,13.801181,1.380118,1.912,0.478424,2.0,4.0,0.0,0.0,0.0,100.0,76.754735,0.52298,6.847683,0.0,0.0
2026-08-29 03:22:59,23709.83,869887,4349,485.3512,287.3161,36.7,107.577354,0.0,215.201691,2.349095,,8.272003,0.8272,1e-05,1.644814,10.0,10.0,4.370473,0.0,4.370473,95.629527,72.350268,0.489281,6.847683,0.0,0.0
2026-08-29 03:23:13,23723.82,870399,4352,-259.7442,276.5933,36.7,277.098358,-0.0,554.242859,2.30787,,5.835145,0.583515,8e-06,1.156589,10.0,10.0,20.151468,0.0,20.151468,79.848532,60.440459,0.594535,6.847683,0.0,0.0
2026-08-29 03:23:27,23737.81,870911,4354,265.5114,272.7013,36.7,128.738373,-0.0,257.523987,2.361454,,7.675439,0.767544,1.1e-05,2.439926,10.0,10.0,9.353522,0.0,9.353522,90.646478,68.085416,0.570764,6.847683,0.0,0.0
2026-08-29 03:23:41,23751.84,871423,4357,252.8069,272.5846,36.7,76.504845,-0.0,153.057053,2.368263,,8.412011,0.841201,9e-06,2.169839,10.0,10.0,11.497965,0.0,11.497965,88.502035,66.934293,0.518688,6.847683,0.0,0.0
2026-08-29 03:23:55,23765.8,871935,4359,498.8272,274.2182,36.7,89.016525,-0.0,178.079788,2.336818,,7.997697,0.79977,1.1e-05,1.916394,10.0,10.0,3.558353,0.0,3.558353,96.441647,73.189815,0.520501,6.847683,0.0,0.0
2026-08-29 03:24:09,23780.0,872447,4362,-96.1997,271.3799,36.7,144.192795,-0.0,288.432709,2.356221,,5.497401,0.54974,5e-06,3.058788,10.0,10.0,15.282066,0.0,15.282066,84.717934,63.240873,0.581049,6.847683,0.0,0.0
2026-08-29 03:24:23,23793.99,872959,4364,181.3256,263.9785,36.7,108.639832,0.0,217.326706,2.351931,,6.528131,0.652813,8e-06,1.693938,10.0,10.0,9.131229,0.0,9.131229,90.868771,69.773193,0.614151,6.847683,0.0,0.0
2026-08-29 03:24:37,23808.07,873471,4367,-8.4857,258.4923,36.7,84.955475,0.0,169.958298,2.367659,,6.607578,0.660758,6e-06,2.224019,10.0,10.0,14.847745,0.0,14.847745,85.152255,63.367785,0.548505,6.847683,0.0,0.0
2026-08-29 03:24:51,23822.19,873983,4369,-57.4407,253.6718,36.7,124.973457,-0.0,249.994019,2.355286,,6.636434,0.663643,6e-06,2.168417,10.0,10.0,16.524204,0.0,16.524204,83.475796,63.418191,0.559041,6.847683,0.0,0.0
2026-08-29 03:25:05,23836.22,874495,4372,367.0005,257.3557,36.7,168.985565,0.0,338.017548,2.320483,,6.964165,0.696417,1.4e-05,1.188767,8.0,10.0,4.819848,0.0,4.819848,95.180152,72.414368,0.511303,6.847683,0.0,0.0
2026-08-29 03:25:19,23850.32,875007,4375,148.7117,255.8849,36.7,135.013382,-0.0,270.073883,2.355434,,7.136229,0.713623,8e-06,1.455769,9.0,10.0,11.529632,0.0,11.529632,88.470368,66.753795,0.562977,6.996045,0.0,0.0
2026-08-29 03:25:33,23864.2,875519,4377,-203.5322,247.9264,36.7,279.093933,-0.0,558.234558,2.333947,,7.20592,0.720592,4e-06,1.548493,10.0,10.0,21.253108,0.0,21.253108,78.746892,59.746947,0.489216,6.996045,0.0,0.0
2026-08-29 03:25:47,23878.09,876031,4380,524.9627,250.2554,36.7,115.631531,0.0,231.309494,2.321426,,7.786852,0.778685,1.854,1.605273,9.0,10.0,2.054478,0.0,2.054478,97.945522,74.347057,0.538039,6.996045,0.0,0.0
2026-08-29 03:26:01,23892.0,876543,4382,2.66,246.5275,36.7,90.801346,-0.0,181.650055,2.36829,,7.552127,0.755213,1e-05,2.15201,10.0,10.0,16.27877,0.0,16.27877,83.72123,63.569551,0.581982,6.996045,0.0,0.0
2026-08-29 03:26:15,23905.88,877055,4385,197.4672,247.2172,36.7,146.518372,0.0,293.083588,2.341809,,8.288951,0.828895,1.2e-05,1.183089,10.0,10.0,12.072416,0.0,12.072416,87.927584,67.261296,0.562094,6.996045,0.0,0.0
2026-08-29 03:26:29,23919.86,877567,4387,96.07,246.5715,36.7,283.157593,-0.0,566.361633,2.320997,,8.199808,0.819981,1.1e-05,1.996713,10.0,10.0,14.982404,0.0,14.982404,85.017596,64.011967,0.479429,6.996045,0.0,0.0
2026-08-29 03:26:43,23933.85,878079,4390,120.9769,244.8632,36.7,89.450439,0.0,178.94809,2.360207,,7.783836,0.778384,7e-06,1.917206,10.0,10.0,13.581828,0.0,13.581828,86.418172,64.610038,0.525865,6.996045,0.0,0.0
2026-08-29 03:26:57,23947.82,878591,4392,-127.4684,244.6717,36.7,164.44371,0.0,328.934235,2.340431,,6.72885,0.672885,7e-06,2.671535,10.0,10.0,18.093536,0.0,18.093536,81.906464,61.681039,0.488092,6.996045,0.0,0.0
2026-08-29 03:27:11,23961.73,879103,4395,441.712,243.2462,36.7,139.129059,0.0,278.30484,2.336433,,8.010559,0.801056,1.3e-05,1.443182,8.0,10.0,4.672117,0.0,4.672117,95.327883,72.405548,0.555333,6.996045,0.0,0.0
2026-08-29 03:27:25,23975.72,879615,4398,573.8432,246.8364,36.7,121.995705,-0.0,244.037842,2.321427,,7.520809,0.752081,1.3e-05,0.854718,5.0,8.0,0.069405,0.0,0.069405,99.930595,75.972352,0.512914,6.996045,0.0,0.0
2026-08-29 03:27:39,23989.8,880127,4400,-335.2817,237.8879,36.7,683.199219,0.0,1366.444824,2.31916,,6.613593,0.661359,5e-06,2.084423,10.0,10.0,23.671734,0.0,23.671734,76.328266,56.686612,0.533321,6.996045,0.0,0.0
2026-08-29 03:27:53,24003.82,880639,4403,-287.0529,232.5801,36.7,342.818359,0.0,685.6828,2.303237,,7.152354,0.715235,4e-06,1.941684,10.0,10.0,23.406573,0.0,23.406573,76.593427,57.407993,0.525881,6.996045,0.0,0.0
2026-08-29 03:28:07,24017.88,881151,4405,-155.9875,225.0826,36.7,152.864731,-0.0,305.776978,2.375761,,6.810734,0.681073,5e-06,2.292962,10.0,10.0,19.229286,0.0,19.229286,80.770714,60.525943,0.574896,6.996045,0.0,0.0
2026-08-29 03:28:21,24031.97,881663,4408,313.2805,224.8054,36.7,98.158722,0.0,196.364471,2.351269,,8.248297,0.82483,7e-06,1.607379,10.0,10.0,9.151597,0.0,9.151597,90.848403,68.553248,0.509096,6.996045,0.0,0.0
2026-08-29 03:28:35,24046.01,882175,4410,316.7417,223.6875,36.7,93.086136,0.0,186.219604,2.366356,,9.010932,0.901093,7e-06,2.605637,10.0,10.0,10.993039,0.0,10.993039,89.006961,66.848614,0.470678,6.996045,0.0,0.0
2026-08-29 03:28:49,24060.06,882687,4413,141.8029,224.5932,36.7,143.91246,0.0,287.872162,2.362147,,8.555706,0.855571,5e-06,2.982295,10.0,10.0,14.268755,0.0,14.268755,85.731245,64.891201,0.603411,6.996045,0.0,0.0
2026-08-29 03:29:03,24073.95,883199,4416,91.6384,223.0028,36.7,576.670349,0.0,1153.386597,2.296242,,9.977886,0.997789,7e-06,1.611786,10.0,10.0,18.596872,0.0,18.596872,81.403128,61.615942,0.538849,6.996045,0.0,0.0
2026-08-29 03:29:17,24087.89,883711,4418,231.6081,223.6493,36.7,167.857758,-0.0,335.762268,2.337037,,7.049882,0.704988,7e-06,1.888053,10.0,10.0,8.927782,0.0,8.927782,91.072218,68.665763,0.544938,6.996045,0.0,0.0
2026-08-29 03:29:31,24101.83,884223,4421,49.0838,221.8747,36.7,91.865486,-0.0,183.777451,2.32405,,5.237429,0.523743,8e-06,1.065427,7.0,10.0,9.841627,0.0,9.841627,90.158373,67.881446,0.579541,6.996045,0.0,0.0
2026-08-29 03:29:45,24115.86,884735,4423,-703.1807,210.6808,36.7,629.170105,0.0,1258.386597,2.319586,,5.652409,0.565241,5e-06,2.785604,10.0,10.0,31.863986,0.0,31.863986,68.136014,50.23923,0.498366,6.996045,0.0,0.0
2026-08-29 03:29:59,24129.99,885247,4426,-67.1739,210.362,36.7,307.636566,-0.0,615.319824,2.33365,,10.418522,1.041852,6e-06,2.451566,10.0,10.0,23.863348,0.0,23.863348,76.136652,57.113689,0.490578,6.996045,0.0,0.0
2026-08-29 03:30:13,24144.02,885759,4428,596.0384,211.0863,36.7,188.798798,-0.0,377.644989,2.369065,,11.440296,1.14403,8e-06,2.026547,10.0,10.0,7.71073,0.0,7.71073,92.28927,70.543916,0.509601,6.996045,0.0,0.0
2026-08-29 03:30:27,24158.11,886271,4431,37.245,210.7674,36.7,175.367813,-0.0,350.781982,2.317928,,8.809431,0.880943,6e-06,2.194149,10.0,10.0,18.128731,0.0,18.128731,81.871269,61.360655,0.4854,6.996045,0.0,0.0
2026-08-29 03:30:41,24172.03,886783,4433,289.9509,207.8699,36.7,121.099815,-0.0,242.24675,2.355805,,8.295329,0.829533,1.1e-05,1.194738,10.0,10.0,9.621449,0.0,9.621449,90.378551,69.000107,0.563129,6.996045,0.0,0.0
2026-08-29 03:30:55,24186.1,887295,4436,318.9342,206.7297,36.7,97.194901,0.0,194.436996,2.359508,,7.884254,0.788425,9e-06,1.95515,10.0,10.0,8.190185,0.0,8.190185,91.809815,69.08067,0.561253,6.996045,0.0,0.0
2026-08-29 03:31:09,24200.03,887807,4439,773.8354,209.2498,36.7,241.237152,0.0,482.521088,2.338451,,12.730296,1.27303,9e-06,0.880433,7.0,10.0,4.363387,0.0,4.363387,95.636613,72.476848,0.573998,7.731225,0.0,0.0
2026-08-29 03:31:23,24214.01,888319,4441,282.6168,207.9641,36.7,155.894699,-0.0,311.836823,2.370456,,9.757162,0.975716,7e-06,1.518469,10.0,10.0,11.654361,0.0,11.654361,88.345639,66.555352,0.544448,7.731225,0.0,0.0
2026-08-29 03:31:37,24227.94,888831,4444,471.8763,206.4076,36.7,107.243889,0.0,214.53447,2.334532,,7.474697,0.74747,1.2e-05,1.305814,9.0,10.0,2.720199,0.0,2.720199,97.279801,73.584253,0.553184,7.731225,0.0,0.0
2026-08-29 03:31:51,24242.03,889343,4446,43.5324,207.3667,36.7,318.197632,-0.0,636.44165,2.320636,,7.649604,0.76496,6e-06,2.016789,10.0,10.0,13.924357,0.0,13.924357,86.075643,65.184306,0.531696,7.731225,0.0,0.0
2026-08-29 03:32:05,24256.03,889855,4449,-396.5279,201.8038,36.7,284.652069,-0.0,569.351013,2.34454,,6.657188,0.665719,4e-06,2.395664,10.0,10.0,23.170526,0.0,23.170526,76.829474,57.60112,0.552971,7.731225,0.0,0.0
2026-08-29 03:32:19,24269.89,890367,4451,491.8195,202.2793,36.7,154.989151,0.0,310.025238,2.34742,,9.8421,0.98421,9e-06,2.508768,10.0,10.0,7.091991,0.0,7.091991,92.908009,70.163433,0.551592,7.731225,0.0,0.0
2026-08-29 03:32:33,24283.81,890879,4454,494.9113,204.0383,36.7,135.237991,0.0,270.523193,2.360936,,11.209143,1.120914,7e-06,3.040519,10.0,10.0,9.474217,0.0,9.474217,90.525783,67.738409,0.592175,7.731225,0.0,0.0
2026-08-29 03:32:47,24297.76,891391,4456,791.6234,207.7822,36.7,265.997345,0.0,532.041199,2.325383,,12.801726,1.280173,0.808898,1.307218,10.0,10.0,4.316859,0.0,4.316859,95.683141,73.820798,0.51559,7.731225,0.0,0.0
2026-08-29 03:33:01,24311.65,891903,4459,240.9463,206.4006,36.7,52.277084,-0.0,104.601341,2.3586,,7.571894,0.757189,1.1e-05,2.276638,10.0,10.0,9.115056,0.0,9.115056,90.884944,68.326507,0.512314,7.731225,0.0,0.0
2026-08-29 03:33:15,24325.73,892415,4462,-851.3196,198.3279,36.7,696.215027,0.0,1392.476685,2.329323,,4.794558,0.479456,2e-06,3.425549,10.0,10.0,30.798501,0.0,30.798501,69.201499,50.800878,0.601182,7.731225,0.0,0.0
2026-08-29 03:33:29,24339.75,892927,4464,356.2585,197.8047,36.7,117.047127,0.0,234.141159,2.3453,,8.333807,0.833381,9e-06,1.46511,9.0,10.0,7.137654,0.0,7.137654,92.862346,71.794478,0.578451,7.731225,0.0,0.0
2026-08-29 03:33:43,24353.79,893439,4467,340.6433,203.2667,36.7,88.786491,0.0,177.619766,2.338849,,6.893476,0.689348,7e-06,1.914241,10.0,10.0,4.998583,0.0,4.998583,95.001417,72.761982,0.612468,7.731225,0.0,0.0
2026-08-29 03:33:57,24367.71,893951,4469,493.9206,205.7253,36.7,118.437492,0.0,236.921585,2.329748,,8.441195,0.844119,1.1e-05,1.226333,6.0,10.0,3.895623,0.0,3.895623,96.104377,73.310801,0.516571,7.731225,0.0,0.0
2026-08-29 03:34:11,24381.78,894463,4472,-55.671,204.6634,36.7,152.53038,0.0,305.107941,2.359142,,8.222415,0.822242,5e-06,2.738098,10.0,10.0,17.652516,0.0,17.652516,82.347484,61.997852,0.510794,7.731225,0.0,0.0
2026-08-29 03:34:25,24395.81,894975,4474,346.9345,201.7099,36.7,93.7342,-0.0,187.515427,2.351141,,9.611363,0.961136,9e-06,1.808316,10.0,10.0,9.785785,0.0,9.785785,90.214215,68.272906,0.512528,7.731225,0.0,0.0
2026-08-29 03:34:39,24409.97,895487,4477,80.7442,199.0787,36.7,182.413345,-0.0,364.873535,2.342179,,6.723603,0.67236,7e-06,2.41006,10.0,10.0,11.277687,0.0,11.277687,88.722313,66.106656,0.645592,7.731225,0.0,0.0
2026-08-29 03:34:53,24424.03,895999,4480,365.0972,201.6302,36.7,83.82563,-0.0,167.697815,2.328049,,7.512247,0.751225,1.3e-05,1.716522,10.0,10.0,5.665191,0.0,5.665191,94.334809,71.446411,0.468941,7.731225,0.0,0.0
2026-08-29 03:35:07,24438.07,896511,4482,478.7263,202.5099,36.7,142.725693,-0.0,285.49826,2.344004,,9.925865,0.992586,1.1e-05,1.603694,9.0,10.0,7.255372,0.0,7.255372,92.744628,70.154487,0.477986,7.731225,0.0,0.0
2026-08-29 03:35:21,24452.17,897023,4485,-208.6068,193.7044,36.7,292.143188,-0.0,584.333252,2.344018,,9.206067,0.920607,6e-06,1.933383,10.0,10.0,23.034601,0.0,23.034601,76.965399,57.595823,0.516009,7.731225,0.0,0.0
2026-08-29 03:35:35,24466.09,897535,4487,580.1828,202.2057,36.7,149.222214,0.0,298.490814,2.31859,,8.221367,0.822137,1.908,1.756389,9.0,10.0,1.374579,0.0,1.374579,98.625421,74.962392,0.598998,7.731225,0.0,0.0
2026-08-29 03:35:49,24479.94,898047,4490,42.1228,208.3721,36.7,168.495804,0.0,337.038391,2.339918,,4.762599,0.47626,0.164323,0.951475,8.0,10.0,8.240194,0.0,8.240194,91.759806,69.377373,0.705236,7.731225,0.0,0.0
2026-08-29 03:36:03,24493.83,898559,4492,-182.6168,203.9304,36.7,221.115524,0.0,442.278046,2.349485,,6.235,0.6235,6e-06,1.4122,10.0,10.0,16.836094,0.0,16.836094,83.163906,63.468422,0.547791,7.731225,0.0,0.0
2026-08-29 03:36:17,24507.87,899071,4495,-51.5057,200.0751,36.7,145.627686,-0.0,291.302582,2.359911,,7.176592,0.717659,7e-06,3.551773,10.0,10.0,15.522063,0.0,15.522063,84.477937,63.061653,0.555218,7.731225,0.0,0.0
2026-08-29 03:36:31,24521.75,899583,4497,10.3094,199.0028,36.7,153.220825,0.0,306.488739,2.353933,,8.823539,0.882354,6e-06,2.526467,10.0,10.0,16.91708,0.0,16.91708,83.08292,62.472049,0.505932,7.731225,0.0,0.0
2026-08-29 03:36:45,24535.65,900095,4500,538.0049,202.0313,36.7,108.957664,0.0,217.961578,2.31215,,7.591308,0.759131,1.733184,1.110152,7.0,10.0,1.167624,0.0,1.167624,98.832376,75.35396,0.615999,8.025074,0.0,0.0
2026-08-29 03:36:59,24549.65,900607,4503,542.0448,206.3853,36.7,106.463913,0.0,212.974274,2.322379,,8.223414,0.822341,1.729983,1.939771,9.0,10.0,2.360619,0.0,2.360619,97.639381,74.054077,0.552367,8.025074,0.0,0.0
2026-08-29 03:37:13,24563.72,901119,4505,360.7778,206.1847,36.7,116.265869,-0.0,232.578568,2.341616,,8.576362,0.857636,1.2e-05,1.820256,10.0,10.0,7.524818,0.0,7.524818,92.475182,70.008832,0.57585,8.025074,0.0,0.0
2026-08-29 03:37:27,24577.84,901631,4508,140.0078,204.7239,36.7,62.725872,0.0,125.498985,2.361886,,7.594073,0.759407,7e-06,2.390912,10.0,10.0,11.106697,0.0,11.106697,88.893303,67.007353,0.511024,8.025074,0.0,0.0
2026-08-29 03:37:41,24591.81,902143,4510,134.0682,196.9048,36.7,61.43708,-0.0,122.921104,2.347113,,5.068342,0.506834,7e-06,2.213989,10.0,10.0,6.459394,0.0,6.459394,93.540606,71.101346,0.632629,8.025074,0.0,0.0
2026-08-29 03:37:55,24605.79,902655,4513,293.5305,194.2813,36.7,58.573475,-0.0,117.193581,2.331367,,5.885249,0.588525,1.1e-05,1.538012,9.0,10.0,4.083068,0.0,4.083068,95.916932,73.179199,0.595404,8.025074,0.0,0.0
2026-08-29 03:38:09,24619.96,903167,4515,-339.446,191.4036,36.7,374.305969,-0.0,748.658691,2.337112,,5.857285,0.585729,6e-06,2.481093,10.0,10.0,19.332246,0.0,19.332246,80.667754,60.349322,0.576173,8.025074,0.0,0.0
2026-08-29 03:38:23,24633.97,903679,4518,183.438,193.9983,36.7,66.778008,-0.0,133.603073,2.352869,,5.960951,0.596095,7e-06,1.685176,10.0,10.0,6.941542,0.0,6.941542,93.058458,70.230912,0.594207,8.025074,0.0,0.0
2026-08-29 03:38:37,24647.92,904191,4520,598.3289,197.1092,36.7,108.95797,0.0,217.962265,2.316621,,8.021505,0.802151,1.1e-05,0.628578,3.0,7.0,0.316919,0.0,0.316919,99.683081,76.98379,0.545776,8.025074,0.0,0.0
2026-08-29 03:38:51,24661.96,904703,4523,426.5572,199.0608,36.7,81.750854,0.0,163.548523,2.340836,,6.97382,0.697382,9e-06,1.717742,9.0,10.0,2.661112,0.0,2.661112,97.338888,73.861796,0.565099,8.025074,0.0,0.0
2026-08-29 03:39:05,24675.97,905215,4526,214.8751,203.1817,36.7,182.589493,0.0,365.225922,2.346291,,8.053066,0.805307,8e-06,1.824465,10.0,10.0,9.865135,0.0,9.865135,90.134865,67.475195,0.57734,8.025074,0.0,0.0
2026-08-29 03:39:19,24689.94,905727,4528,0.3171,200.906,36.7,182.411377,0.0,364.869354,2.330571,,8.836702,0.88367,5e-06,2.83311,10.0,10.0,17.006389,0.0,17.006389,82.993611,62.725307,0.552446,8.025074,0.0,0.0
2026-08-29 03:39:33,24703.89,906239,4531,-280.3096,193.2099,36.7,315.869354,-0.0,631.785095,2.320065,,6.362362,0.636236,4e-06,1.991181,10.0,10.0,18.757558,0.0,18.757558,81.242442,60.864163,0.553508,8.025074,0.0,0.0
2026-08-29 03:39:47,24717.83,906751,4533,888.7392,195.2734,36.7,244.902771,-0.0,489.852203,2.332707,,11.79901,1.179901,1.2e-05,1.038312,5.0,8.0,0.079682,0.0,0.079682,99.920318,75.957561,0.469799,8.025074,0.0,0.0
2026-08-29 03:40:01,24731.85,907263,4536,557.6923,202.2199,36.7,148.145477,-0.0,296.337952,2.349731,,10.511818,1.051182,9e-06,0.908752,8.0,10.0,5.55038,0.0,5.55038,94.44962,70.914978,0.521852,8.025074,0.0,0.0
2026-08-29 03:40:15,24745.95,907775,4538,-327.9589,196.0731,36.7,170.231812,-0.0,340.510498,2.344132,,8.445556,0.844556,4e-06,3.092429,10.0,10.0,24.234209,0.0,24.234209,75.765791,56.443944,0.5282,8.025074,0.0,0.0
2026-08-29 03:40:29,24759.93,908287,4541,351.9841,197.2322,36.7,227.731064,-0.0,455.509247,2.355945,,9.958289,0.995829,7e-06,2.000438,10.0,10.0,9.972346,0.0,9.972346,90.027654,67.502988,0.518886,8.025074,0.0,0.0
2026-08-29 03:40:43,24773.96,908799,4544,-20.3594,190.6579,36.7,132.389267,0.0,264.825806,2.362877,,8.677992,0.867799,5e-06,1.932432,10.0,10.0,16.891629,0.0,16.891629,83.108371,62.978283,0.511833,8.025074,0.0,0.0
2026-08-29 03:40:57,24787.96,909311,4546,-9.0682,188.6927,36.7,143.246964,0.0,286.541107,2.358775,,6.940332,0.694033,5e-06,1.515142,10.0,10.0,13.277006,0.0,13.277006,86.722994,65.14419,0.516263,8.025074,0.0,0.0
2026-08-29 03:41:11,24801.99,909823,4549,296.422,185.2658,36.7,130.676117,0.0,261.398926,2.334968,,7.945315,0.794531,1e-05,1.795648,9.0,10.0,7.754599,0.0,7.754599,92.245401,69.384819,0.54498,8.025074,0.0,0.0
2026-08-29 03:41:25,24816.04,910335,4551,369.0207,184.7882,36.7,119.539444,-0.0,239.126022,2.356967,,8.541502,0.85415,6e-06,2.33179,10.0,10.0,7.276644,0.0,7.276644,92.723356,69.815683,0.489969,8.025074,0.0,0.0
2026-08-29 03:41:39,24829.98,910847,4554,361.2672,192.3462,36.7,66.208923,-0.0,132.46489,2.352318,,6.936451,0.693645,8e-06,1.310356,9.0,10.0,4.377833,0.0,4.377833,95.622167,72.632375,0.49604,8.025074,0.0,0.0
2026-08-29 03:41:53,24844.03,911359,4556,494.1086,194.5204,36.7,98.343559,0.0,196.734177,2.352608,,8.574332,0.857433,1.2e-05,1.756344,9.0,10.0,4.388633,0.0,4.388633,95.611367,72.532817,0.469721,8.025074,0.0,0.0
2026-08-29 03:42:07,24857.9,911871,4559,678.7059,203.0389,36.7,299.173615,0.0,598.393616,2.320699,,10.938006,1.093801,1.3e-05,0.68967,3.0,10.0,3.706912,0.0,3.706912,96.293088,73.07106,0.49328,8.025074,0.0,0.0
2026-08-29 03:42:21,24871.88,912383,4561,277.1947,207.3921,36.7,118.57032,0.0,237.187622,2.349046,,10.272168,1.027217,5e-06,3.031242,10.0,10.0,13.049918,0.0,13.049918,86.950082,65.435541,0.508563,8.025074,0.0,0.0
2026-08-29 03:42:35,24885.8,912895,4564,223.9579,210.2013,36.7,137.096725,-0.0,274.240326,2.343851,,9.584694,0.958469,8e-06,1.85698,10.0,10.0,12.457612,0.0,12.457612,87.542388,65.791074,0.498212,8.068908,0.0,0.0
2026-08-29 03:42:49,24899.66,913407,4567,491.4352,218.4147,36.7,186.43631,0.0,372.919312,2.333833,,11.499862,1.149986,8e-06,1.878844,10.0,10.0,9.336273,0.0,9.336273,90.663727,68.76596,0.482397,8.068908,0.0,0.0
2026-08-29 03:43:02,24913.59,913919,4569,36.2955,220.663,36.7,632.934692,-0.0,1265.915405,2.304052,,11.252603,1.12526,6e-06,2.834188,10.0,10.0,19.490158,0.0,19.490158,80.509842,60.261832,0.537604,8.068908,0.0,0.0
2026-08-29 03:43:16,24927.45,914431,4572,662.7691,230.4223,36.7,154.038055,0.0,308.123108,2.349551,,11.0859,1.10859,8e-06,1.682109,9.0,10.0,4.392993,0.0,4.392993,95.607007,72.539302,0.477729,8.068908,0.0,0.0
2026-08-29 03:43:30,24941.42,914943,4574,519.7068,232.0756,36.7,107.732292,0.0,215.510986,2.319901,,6.811561,0.681156,1.898,0.690433,3.0,7.0,0.050319,0.0,0.050319,99.949681,76.287476,0.597229,8.068908,0.0,0.0
2026-08-29 03:43:44,24955.42,915455,4577,315.2362,229.0983,36.7,112.326569,0.0,224.700058,2.346405,,8.270009,0.827001,8e-06,1.532288,10.0,10.0,7.791444,0.0,7.791444,92.208556,69.185916,0.494334,8.068908,0.0,0.0
2026-08-29 03:43:58,24969.44,915967,4579,573.3695,226.9822,36.7,189.112762,-0.0,378.272308,2.339847,,11.09785,1.109785,9e-06,2.128427,10.0,10.0,7.076606,0.0,7.076606,92.923394,70.251542,0.473362,8.068908,0.0,0.0
2026-08-29 03:44:12,24983.46,916479,4582,61.9497,218.6699,36.7,160.268311,0.0,320.583588,2.347882,,5.051964,0.505196,9e-06,1.758842,10.0,10.0,8.025928,0.0,8.025928,91.974072,68.903182,0.609899,8.068908,0.0,0.0
2026-08-29 03:44:26,24997.54,916991,4584,192.3866,212.6499,36.7,91.346558,0.0,182.739502,2.31914,,5.532164,0.553216,1e-05,1.222054,9.0,10.0,5.944477,0.0,5.944477,94.055523,72.265991,0.619021,8.068908,0.0,0.0
2026-08-29 03:44:40,25011.58,917503,4587,485.5246,221.2173,36.7,115.411568,0.0,230.869827,2.334255,,8.36749,0.836749,1.1e-05,1.286722,8.0,10.0,3.654678,0.0,3.654678,96.345322,72.895458,0.494325,8.068908,0.0,0.0
2026-08-29 03:44:55,25025.64,918015,4590,516.8373,225.7104,36.7,125.727676,0.0,251.502304,2.347815,,10.142754,1.014275,1.1e-05,1.361603,9.0,10.0,6.254094,0.0,6.254094,93.745906,70.94518,0.474368,8.068908,0.0,0.0
2026-08-29 03:45:09,25039.67,918527,4592,374.1473,227.0241,36.7,218.578125,0.0,437.203339,2.353927,,10.530997,1.0531,6e-06,1.427881,9.0,10.0,10.323264,0.0,10.323264,89.676736,67.97302,0.487984,8.068908,0.0,0.0
2026-08-29 03:45:23,25053.75,919039,4595,736.9065,232.3262,36.7,278.172729,0.0,556.392151,2.335438,,12.76557,1.276557,7e-06,1.592638,10.0,10.0,4.98222,0.0,4.98222,95.01778,71.455797,0.562797,8.068908,0.0,0.0
2026-08-29 03:45:37,25067.7,919551,4597,565.5772,231.8883,36.7,194.166519,0.0,388.379669,2.330851,,10.234258,1.023426,1.2e-05,0.883075,5.0,9.0,5.130723,0.0,5.130723,94.869277,72.731041,0.528232,8.068908,0.0,0.0
2026-08-29 03:45:50,25081.61,920063,4600,377.8457,230.4485,36.7,121.848946,0.0,243.744614,2.336425,,9.181946,0.918195,9e-06,2.133603,10.0,10.0,7.871585,0.0,7.871585,92.128415,69.521658,0.52748,8.068908,0.0,0.0
2026-08-29 03:46:04,25095.49,920575,4602,179.2281,222.2497,36.7,133.561569,0.0,267.169861,2.335384,,7.878317,0.787832,7e-06,2.035168,10.0,10.0,10.320164,0.0,10.320164,89.679836,67.291943,0.5593,8.068908,0.0,0.0
2026-08-29 03:46:18,25109.43,921087,4605,680.0976,224.1972,36.7,178.011948,0.0,356.070221,2.315928,,10.751966,1.075197,1.1e-05,1.165364,8.0,10.0,3.003995,0.0,3.003995,96.996005,73.903033,0.494438,8.068908,0.0,0.0
2026-08-29 03:46:32,25123.31,921599,4608,554.6329,232.341,36.7,126.431892,0.0,252.91069,2.344947,,11.210479,1.121048,9e-06,2.253217,10.0,10.0,6.949301,0.0,6.949301,93.050699,70.246065,0.522043,8.068908,0.0,0.0
2026-08-29 03:46:46,25137.32,922111,4610,-468.3199,225.0026,36.7,276.95285,-0.0,553.953064,2.369632,,5.738068,0.573807,6e-06,2.729412,10.0,10.0,22.224899,0.0,22.224899,77.775101,57.584404,0.577315,8.068908,0.0,0.0
2026-08-29 03:47:00,25151.2,922623,4613,472.6822,227.2014,36.7,116.726517,0.0,233.499374,2.317035,,8.463788,0.846379,1.2e-05,1.11487,8.0,10.0,3.990235,0.0,3.990235,96.009765,73.397777,0.603837,8.068908,0.0,0.0
2026-08-29 03:47:14,25165.3,923135,4615,56.5049,222.7782,36.7,177.255081,-0.0,354.557159,2.349612,,7.485543,0.748554,5e-06,1.900636,9.0,10.0,12.605736,0.0,12.605736,87.394264,65.676648,0.584911,8.068908,0.0,0.0
2026-08-29 03:47:28,25179.44,923647,4618,-46.4497,223.2757,36.7,170.016632,-0.0,340.080414,2.357415,,7.274121,0.727412,9e-06,2.428346,10.0,10.0,15.002742,0.0,15.002742,84.997258,63.149431,0.554189,8.068908,0.0,0.0
2026-08-29 03:47:42,25193.44,924159,4620,-85.8048,220.6044,36.7,122.542686,-0.0,245.132233,2.342955,,6.244329,0.624433,9e-06,3.100072,10.0,10.0,14.351966,0.0,14.351966,85.648034,64.981731,0.596215,8.068908,0.0,0.0
2026-08-29 03:47:56,25207.57,924671,4623,279.0698,223.4799,36.7,64.954224,0.0,129.955276,2.34131,,7.106055,0.710605,9e-06,2.321231,10.0,10.0,6.791615,0.0,6.791615,93.208385,70.883869,0.58117,8.068908,0.0,0.0
2026-08-29 03:48:11,25221.67,925183,4625,-373.4836,220.3195,36.7,332.011963,0.0,664.070312,2.319266,,5.599825,0.559983,5e-06,1.577956,10.0,10.0,19.394759,0.0,19.394759,80.605241,60.143092,0.553322,8.090173,0.0,0.0
2026-08-29 03:48:25,25235.69,925695,4628,198.0789,218.6303,36.7,186.205429,-0.0,372.457855,2.349827,,9.573438,0.957344,7e-06,2.15242,10.0,10.0,13.095425,0.0,13.095425,86.904575,65.149829,0.528224,8.090173,0.0,0.0
2026-08-29 03:48:39,25249.8,926207,4631,-388.1226,213.2619,36.7,263.32901,0.0,526.705261,2.360738,,8.509317,0.850932,3e-06,3.551557,10.0,10.0,25.161512,0.0,25.161512,74.838488,55.445556,0.538462,8.090173,0.0,0.0
2026-08-29 03:48:53,25263.76,926719,4633,739.3767,222.691,36.7,173.133545,0.0,346.313141,2.303039,,9.781665,0.978167,1.886,0.461796,2.0,4.0,0.0,0.0,0.0,100.0,76.824104,0.482876,8.090173,0.0,0.0
2026-08-29 03:49:07,25277.71,927231,4636,-118.7293,216.2541,36.7,246.892715,0.0,493.832031,2.329571,,5.32367,0.532367,1e-05,1.846866,10.0,10.0,12.851223,0.0,12.851223,87.148777,65.887243,0.62977,8.090173,0.0,0.0
2026-08-29 03:49:20,25291.59,927743,4638,199.3096,218.2206,36.7,103.490707,0.0,207.028061,2.332679,,5.843482,0.584348,9e-06,1.044809,8.0,10.0,6.100604,0.0,6.100604,93.899396,71.181203,0.59604,8.090173,0.0,0.0
2026-08-29 03:49:34,25305.5,928255,4641,122.6282,217.4722,36.7,238.360306,0.0,476.767242,2.331149,,6.514515,0.651451,0.389532,1.910091,10.0,10.0,9.32299,0.0,9.32299,90.67701,67.853666,0.558279,8.090173,0.0,0.0
2026-08-29 03:49:49,25319.66,928767,4643,-1025.878,206.2527,36.7,551.126343,0.0,1102.298462,2.291421,,4.48351,0.448351,2e-06,4.211183,10.0,10.0,33.495319,0.0,33.495319,66.504681,49.267148,0.558207,8.090173,0.0,0.0
2026-08-29 03:50:03,25333.67,929279,4646,-690.4966,198.138,36.7,449.70932,-0.0,899.464661,2.299862,,6.127516,0.612752,3e-06,2.910126,10.0,10.0,28.158154,0.0,28.158154,71.841846,53.546894,0.564401,8.090173,0.0,0.0
2026-08-29 03:50:16,25347.6,929791,4648,620.0644,205.6133,36.7,162.134216,0.0,324.31543,2.349418,,11.070126,1.107013,1.1e-05,1.269243,9.0,10.0,5.307068,0.0,5.307068,94.692932,71.871259,0.493605,8.090173,0.0,0.0
2026-08-29 03:50:30,25361.57,930303,4651,688.4925,208.0811,36.7,223.343918,0.0,446.735016,2.35897,,12.075258,1.207526,7e-06,1.293401,8.0,10.0,5.355031,0.0,5.355031,94.644969,72.383951,0.503136,8.090173,0.0,0.0
2026-08-29 03:50:45,25375.64,930815,4654,245.0152,204.7928,36.7,210.768799,0.0,421.583893,2.314385,,9.46958,0.946958,6e-06,1.856491,10.0,10.0,11.769851,0.0,11.769851,88.230149,66.705267,0.48644,8.090173,0.0,0.0
2026-08-29 03:50:58,25389.6,931327,4656,204.8545,210.1942,36.7,191.764557,0.0,383.576111,2.34992,,9.417131,0.941713,6e-06,1.4542,10.0,10.0,12.498372,0.0,12.498372,87.501628,65.955183,0.509189,8.090173,0.0,0.0
2026-08-29 03:51:12,25403.61,931839,4659,383.215,216.8969,36.7,112.56086,0.0,225.169189,2.373775,,9.085044,0.908504,5e-06,2.968223,10.0,10.0,7.768346,0.0,7.768346,92.231654,69.925385,0.531609,8.090173,0.0,0.0
2026-08-29 03:51:27,25417.63,932351,4661,-130.9915,217.1468,36.7,276.114014,-0.0,552.274475,2.323229,,6.542194,0.654219,7e-06,2.214643,10.0,10.0,15.626803,0.0,15.626803,84.373197,63.714334,0.577297,8.090173,0.0,0.0
2026-08-29 03:51:41,25431.66,932863,4664,193.9654,215.9537,36.7,62.648422,-0.0,125.344078,2.361822,,4.744239,0.474424,6e-06,1.410228,10.0,10.0,4.383585,0.0,4.383585,95.616415,72.439649,0.655264,8.090173,0.0,0.0
2026-08-29 03:51:55,25445.66,933375,4666,309.3383,215.8797,36.7,60.4049,0.0,120.856926,2.356498,,5.333248,0.533325,8e-06,1.778405,10.0,10.0,2.838204,0.0,2.838204,97.161796,73.857538,0.613229,8.090173,0.0,0.0
2026-08-29 03:52:09,25459.71,933887,4669,-23.3778,214.2279,36.7,162.061539,0.0,324.170013,2.34749,,8.763178,0.876318,5e-06,1.83438,10.0,10.0,16.989063,0.0,16.989063,83.010937,62.466153,0.527542,8.090173,0.0,0.0
2026-08-29 03:52:23,25473.65,934399,4672,301.7185,216.3287,36.7,261.895508,-0.0,523.837708,2.333135,,12.183781,1.218378,6e-06,1.649118,10.0,10.0,14.842887,0.0,14.842887,85.157113,64.216849,0.521608,8.090173,0.0,0.0
2026-08-29 03:52:37,25487.62,934911,4674,390.7827,217.9204,36.7,157.988647,0.0,316.02475,2.373197,,12.219264,1.221926,6e-06,2.51096,10.0,10.0,13.139121,0.0,13.139121,86.860879,64.942693,0.529449,8.090173,0.0,0.0
2026-08-29 03:52:50,25501.53,935423,4677,-194.9114,215.4804,36.7,244.869339,-0.0,489.784729,2.301837,,8.884116,0.888412,6e-06,2.512237,10.0,10.0,21.152511,0.0,21.152511,78.847489,58.581106,0.501365,8.090173,0.0,0.0
2026-08-29 03:53:04,25515.41,935935,4679,-422.9555,218.2827,36.7,188.170944,0.0,376.388031,2.307631,,4.398525,0.439852,5e-06,1.926044,10.0,10.0,18.675868,0.0,18.675868,81.324132,61.95156,0.625427,8.090173,0.0,0.0
2026-08-29 03:53:18,25529.23,936447,4682,286.1735,221.8162,36.7,112.682037,-0.0,225.411179,2.355275,,5.518677,0.551868,7e-06,1.041617,5.0,10.0,3.338174,0.0,3.338174,96.661826,73.086622,0.665884,8.090173,0.0,0.0
2026-08-29 03:53:32,25543.28,936959,4684,179.7001,217.6528,36.7,279.451019,0.0,558.947937,2.294986,,11.542446,1.154245,8e-06,1.223612,10.0,10.0,15.971805,0.0,15.971805,84.028195,63.660764,0.549202,8.090173,0.0,0.0
2026-08-29 03:53:46,25557.28,937471,4687,-8.2753,217.1976,36.7,270.465485,-0.0,540.977539,2.328006,,9.814925,0.981493,7e-06,1.59902,10.0,10.0,17.79356,0.0,17.79356,82.20644,61.140572,0.528288,8.090173,0.0,0.0
2026-08-29 03:54:00,25571.17,937983,4689,304.7468,217.3455,36.7,163.853638,0.0,327.753052,2.289406,,9.368507,0.936851,7e-06,0.97695,10.0,10.0,9.357851,0.0,9.357851,90.642149,69.619426,0.544373,8.712361,0.0,0.0
2026-08-29 03:54:14,25585.09,938495,4692,505.5571,219.2118,36.7,162.547974,0.0,325.143127,2.359743,,8.084453,0.808445,7e-06,1.254989,8.0,10.0,2.550149,0.0,2.550149,97.449851,73.385055,0.589743,8.712361,0.0,0.0
2026-08-29 03:54:28,25599.16,939007,4695,307.1093,214.5445,36.7,100.525536,0.0,201.098465,2.369366,,7.358651,0.735865,7e-06,1.545975,10.0,10.0,6.023114,0.0,6.023114,93.976886,70.774244,0.569712,8.712361,0.0,0.0
2026-08-29 03:54:42,25613.19,939519,4697,506.7282,216.7856,36.7,229.298172,0.0,458.643768,2.370896,,11.990084,1.199008,7e-06,2.050094,10.0,10.0,9.004661,0.0,9.004661,90.995339,68.088816,0.512902,8.712361,0.0,0.0
2026-08-29 03:54:56,25627.23,940031,4700,587.8275,217.9451,36.7,281.220245,0.0,562.487976,2.373346,,12.064282,1.206428,6e-06,1.501927,10.0,10.0,7.098492,0.0,7.098492,92.901508,69.221221,0.580423,8.712361,0.0,0.0
2026-08-29 03:55:10,25641.26,940543,4702,437.904,221.8889,36.7,162.274078,0.0,324.59494,2.339289,,11.13682,1.113682,6e-06,1.514821,9.0,10.0,9.156315,0.0,9.156315,90.843685,69.683956,0.476366,8.712361,0.0,0.0
2026-08-29 03:55:24,25655.29,941055,4705,626.7092,232.1212,36.7,218.854706,0.0,437.756836,2.371794,,10.711441,1.071144,9e-06,1.860458,10.0,10.0,4.31044,0.0,4.31044,95.68956,72.792604,0.487734,8.712361,0.0,0.0
2026-08-29 03:55:38,25669.23,941567,4707,222.0613,229.4236,36.7,162.334305,0.0,324.715942,2.366128,,7.712132,0.771213,7e-06,1.729045,10.0,10.0,8.536941,0.0,8.536941,91.463059,69.600938,0.537503,8.712361,0.0,0.0
2026-08-29 03:55:52,25683.13,942079,4710,624.8025,230.7226,36.7,170.832336,0.0,341.711823,2.357792,,10.044245,1.004424,8e-06,1.53608,9.0,10.0,3.185358,0.0,3.185358,96.814642,74.268456,0.539078,8.712361,0.0,0.0
2026-08-29 03:56:06,25696.96,942591,4712,557.7585,228.3839,36.7,138.816635,-0.0,277.680634,2.36816,,10.242806,1.024281,8e-06,2.14116,10.0,10.0,5.312705,0.0,5.312705,94.687295,72.565466,0.516588,8.712361,0.0,0.0
2026-08-29 03:56:20,25710.8,943103,4715,464.4408,230.6189,36.7,124.323334,0.0,248.693649,2.34903,,6.827531,0.682753,1.2e-05,1.039765,5.0,10.0,1.352054,0.0,1.352054,98.647946,75.736205,0.632699,8.712361,0.0,0.0
2026-08-29 03:56:33,25724.56,943615,4718,398.7114,243.1192,36.7,95.957794,-0.0,191.962463,2.34374,,6.202349,0.620235,1.1e-05,1.031186,6.0,10.0,1.788433,0.0,1.788433,98.211567,75.333657,0.589602,8.712361,0.0,0.0
2026-08-29 03:56:47,25738.41,944127,4720,-134.0427,238.2162,36.7,244.40242,-0.0,488.851562,2.336804,,5.951028,0.595103,8e-06,1.657541,10.0,10.0,13.437413,0.0,13.437413,86.562587,65.522924,0.580228,8.712361,0.0,0.0
2026-08-29 03:57:01,25752.35,944639,4723,-848.8453,226.3213,36.7,571.33075,-0.0,1142.707031,2.273737,,5.220006,0.522001,6e-06,2.05962,10.0,10.0,28.176889,0.0,28.176889,71.823111,53.844104,0.552617,8.712361,0.0,0.0
2026-08-29 03:57:15,25766.39,945151,4725,167.8734,223.0608,36.7,166.920502,0.0,333.888,2.350307,,7.867648,0.786765,5e-06,1.830528,10.0,10.0,10.027442,0.0,10.027442,89.972558,68.571308,0.536262,8.712361,0.0,0.0
2026-08-29 03:57:29,25780.46,945663,4728,-117.1035,222.4465,36.7,246.750473,0.0,493.548157,2.360985,,7.438657,0.743866,7e-06,2.179981,10.0,10.0,15.181018,0.0,15.181018,84.818982,63.737863,0.635825,8.712361,0.0,0.0
2026-08-29 03:57:43,25794.42,946175,4730,177.7141,220.7543,36.7,242.26799,-0.0,484.582611,2.330958,,8.801008,0.880101,7e-06,1.577733,10.0,10.0,10.623767,0.0,10.623767,89.376233,67.752473,0.557198,8.712361,0.0,0.0
2026-08-29 03:57:57,25808.53,946687,4733,-87.4195,219.0726,36.7,168.964432,-0.0,337.976166,2.364424,,6.648571,0.664857,4e-06,2.87017,10.0,10.0,13.658432,0.0,13.658432,86.341568,64.877531,0.572309,8.712361,0.0,0.0
2026-08-29 03:58:11,25822.47,947199,4736,545.3365,220.875,36.7,88.500854,0.0,177.048386,2.333628,,8.027512,0.802751,1e-05,1.039049,6.0,10.0,1.563406,0.0,1.563406,98.436594,75.15286,0.557758,8.712361,0.0,0.0
2026-08-29 03:58:25,25836.48,947711,4738,-670.4708,209.3831,36.7,419.288391,0.0,838.622681,2.293564,,4.966876,0.496688,6e-06,1.822205,10.0,10.0,23.734624,0.0,23.734624,76.265376,56.806284,0.589293,8.712361,0.0,0.0
2026-08-29 03:58:39,25850.43,948223,4741,259.5705,214.0648,36.7,75.293221,-0.0,150.63353,2.354429,,5.229524,0.522952,8e-06,1.61967,8.0,10.0,3.342698,0.0,3.342698,96.657302,72.946743,0.606161,8.712361,0.0,0.0
2026-08-29 03:58:53,25864.61,948735,4743,-820.8707,200.0543,36.7,821.876526,-0.0,1643.798462,2.273161,,6.188352,0.618835,6e-06,3.260469,10.0,10.0,29.327597,0.0,29.327597,70.672403,52.618202,0.53956,8.712361,0.0,0.0
2026-08-29 03:59:08,25878.71,949247,4746,-301.7967,196.6151,36.7,214.607452,-0.0,429.26181,2.344887,,6.714818,0.671482,3e-06,3.670801,10.0,10.0,18.814655,0.0,18.814655,81.185345,60.408782,0.550071,8.712361,0.0,0.0
2026-08-29 03:59:22,25892.71,949759,4748,-72.9184,197.7121,36.7,311.063324,-0.0,622.173157,2.325245,,10.769593,1.076959,4e-06,3.33154,10.0,10.0,20.049462,0.0,20.049462,79.950538,60.684982,0.542333,8.712361,0.0,0.0
2026-08-29 03:59:36,25906.69,950271,4751,697.7097,205.2042,36.7,253.132385,0.0,506.311768,2.349641,,11.432398,1.14324,9e-06,1.790791,10.0,10.0,3.852928,0.0,3.852928,96.147072,72.548012,0.474506,8.95293,0.0,0.0
2026-08-29 03:59:50,25920.63,950783,4753,113.1028,206.2322,36.7,55.548141,-0.0,111.143616,2.366592,,6.994436,0.699444,5e-06,2.397362,10.0,10.0,9.417204,0.0,9.417204,90.582796,69.201518,0.540835,8.95293,0.0,0.0
2026-08-29 04:00:03,25934.58,951295,4756,223.7619,203.0897,36.7,68.536789,0.0,137.120773,2.360073,,5.585492,0.558549,9e-06,1.559599,10.0,10.0,4.698275,0.0,4.698275,95.301725,71.993159,0.624987,8.95293,0.0,0.0
2026-08-29 04:00:17,25948.54,951807,4759,142.3796,199.0931,36.7,110.748222,-0.0,221.5439,2.372477,,5.801794,0.580179,6e-06,1.968721,10.0,10.0,6.888579,0.0,6.888579,93.111421,70.94695,0.576755,8.95293,0.0,0.0
2026-08-29 04:00:31,25962.57,952319,4761,129.8911,196.7842,36.7,171.783966,0.0,343.614502,2.328088,,5.315652,0.531565,7e-06,1.831707,10.0,10.0,6.295108,0.0,6.295108,93.704892,70.667789,0.620718,8.95293,0.0,0.0
2026-08-29 04:00:45,25976.58,952831,4764,-257.3081,192.8111,36.7,168.663879,0.0,337.374847,2.35475,,5.196925,0.519692,3e-06,2.848649,10.0,10.0,14.606193,0.0,14.606193,85.393807,64.127868,0.597506,8.95293,0.0,0.0
2026-08-29 04:00:59,25990.51,953343,4766,-359.8918,187.8715,36.7,275.617188,0.0,551.280029,2.283459,,7.024372,0.702437,4e-06,1.412635,10.0,10.0,19.551251,0.0,19.551251,80.448749,60.554319,0.494511,8.95293,0.0,0.0
2026-08-29 04:01:13,26004.47,953855,4769,44.8709,185.3849,36.7,152.514297,-0.0,305.075531,2.347447,,8.65182,0.865182,7e-06,2.295357,10.0,10.0,13.548944,0.0,13.548944,86.451056,65.257827,0.51536,8.95293,0.0,0.0
2026-08-29 04:01:27,26018.61,954367,4771,-473.3882,184.0454,36.7,711.419617,0.0,1422.88501,2.287937,,7.948206,0.794821,5e-06,2.309375,10.0,10.0,23.932278,0.0,23.932278,76.067722,57.034641,0.537321,8.95293,0.0,0.0
2026-08-29 04:01:41,26032.58,954879,4774,-95.5833,181.2552,36.7,128.910736,-0.0,257.86795,2.323698,,5.903561,0.590356,5e-06,1.933759,10.0,10.0,12.043689,0.0,12.043689,87.956311,66.671249,0.552907,8.95293,0.0,0.0
2026-08-29 04:01:56,26046.64,955391,4776,-903.4063,166.2379,36.7,1297.274292,0.0,2594.593506,2.242622,,3.829524,0.382952,3e-06,2.772009,10.0,10.0,26.200094,0.0,26.200094,73.799906,54.867126,0.674055,8.95293,0.0,0.0
2026-08-29 04:02:09,26060.61,955903,4779,-279.4667,159.1776,36.7,210.681183,-0.0,421.408264,2.294854,,5.251631,0.525163,6e-06,2.153945,10.0,10.0,15.184112,0.0,15.184112,84.815888,63.619038,0.618543,8.95293,0.0,0.0
2026-08-29 04:02:24,26074.64,956415,4782,68.7544,157.7164,36.7,75.700638,0.0,151.448608,2.36688,,6.710047,0.671005,7e-06,2.844963,10.0,10.0,10.415683,0.0,10.415683,89.584317,67.303624,0.62122,8.95293,0.0,0.0
2026-08-29 04:02:37,26088.52,956927,4784,0.4712,157.718,36.7,161.22937,-0.0,322.50528,2.327064,,5.617122,0.561712,8e-06,1.642772,10.0,10.0,9.576093,0.0,9.576093,90.423907,69.787166,0.650483,8.95293,0.0,0.0
2026-08-29 04:02:51,26102.33,957439,4787,426.2152,164.7832,36.7,64.652672,0.0,129.352585,2.36226,,6.465491,0.646549,9e-06,1.069198,7.0,10.0,1.609607,0.0,1.609607,98.390393,75.549983,0.59221,8.95293,0.0,0.0
2026-08-29 04:03:05,26116.29,957951,4789,18.1089,156.0769,36.7,131.732773,-0.0,263.512512,2.348396,,5.926022,0.592602,6e-06,1.446722,10.0,10.0,9.702236,0.0,9.702236,90.297764,68.65533,0.570477,8.95293,0.0,0.0
2026-08-29 04:03:19,26130.18,958463,4792,57.1582,151.0716,36.7,111.897804,-0.0,223.842728,2.356335,,7.218485,0.721848,5e-06,2.109908,10.0,10.0,11.214784,0.0,11.214784,88.785216,67.18052,0.521741,8.95293,0.0,0.0
2026-08-29 04:03:33,26144.06,958975,4794,43.8818,154.79,36.7,216.42244,-0.0,432.891113,2.312038,,9.274941,0.927494,6e-06,2.088756,10.0,10.0,14.855169,0.0,14.855169,85.144831,64.134778,0.49841,8.95293,0.0,0.0
2026-08-29 04:03:47,26157.97,959487,4797,334.0034,154.6102,36.7,114.733864,0.0,229.515167,2.372334,,8.421017,0.842102,6e-06,1.796395,10.0,10.0,6.912103,0.0,6.912103,93.087897,70.35904,0.554052,8.95293,0.0,0.0
2026-08-29 04:04:01,26172.08,959999,4800,-130.8069,153.5057,36.7,356.032013,-0.0,712.10968,2.282849,,6.917364,0.691736,7e-06,2.336974,10.0,10.0,14.7862,0.0,14.7862,85.2138,64.240268,0.526353,8.95293,0.0,0.0
2026-08-29 04:04:15,26186.3,960511,4802,-1621.3381,137.383,36.7,1676.221924,-0.0,3352.486328,2.121087,,3.777601,0.37776,1e-06,4.406248,10.0,10.0,41.929487,0.0,41.929487,58.070513,41.836881,0.588757,8.95293,0.0,0.0
2026-08-29 04:04:29,26200.28,961023,4805,552.5346,139.9441,36.7,137.024948,0.0,274.09726,2.36816,,7.524501,0.75245,8e-06,0.872999,4.0,9.0,0.550606,0.0,0.550606,99.449394,75.949246,0.563015,8.95293,0.0,0.0
2026-08-29 04:04:43,26213.83,961535,4807,196.448,138.2184,36.7,188.933716,-0.0,377.913727,2.315304,,8.927143,0.892714,6e-06,1.959308,10.0,10.0,10.911782,0.0,10.911782,89.088218,67.442942,0.483929,8.95293,0.0,0.0
2026-08-29 04:04:57,26227.85,962047,4810,176.6113,136.3718,36.7,108.629509,-0.0,217.306305,2.36464,,6.226205,0.622621,3e-06,2.426401,10.0,10.0,6.968335,0.0,6.968335,93.031665,70.211786,0.549186,8.95293,0.0,0.0
2026-08-29 04:05:11,26241.87,962559,4812,67.2552,132.1033,36.7,215.659683,0.0,431.365448,2.304385,,9.613016,0.961302,7e-06,0.951877,10.0,10.0,14.466818,0.0,14.466818,85.533182,64.74059,0.431564,9.484851,0.0,0.0
2026-08-29 04:05:25,26255.84,963071,4815,628.8662,131.6049,36.7,218.920883,-0.0,437.889252,2.373538,,10.504512,1.050451,6e-06,1.910685,8.0,10.0,3.584398,0.0,3.584398,96.415602,73.044275,0.485685,9.484851,0.0,0.0
2026-08-29 04:05:39,26269.89,963583,4817,132.0586,130.1535,36.7,150.698593,-0.0,301.443695,2.325035,,7.523315,0.752331,9e-06,1.618785,10.0,10.0,9.249513,0.0,9.249513,90.750487,69.010196,0.55769,9.484851,0.0,0.0
2026-08-29 04:05:53,26283.94,964095,4820,49.3315,128.4073,36.7,151.548416,0.0,303.144135,2.365059,,5.128203,0.51282,6e-06,1.918163,10.0,10.0,7.362102,0.0,7.362102,92.637898,70.091659,0.6223,9.484851,0.0,0.0
2026-08-29 04:06:07,26297.96,964607,4823,-804.1343,115.4516,36.7,481.59845,-0.0,963.242188,2.26394,,5.644126,0.564413,3e-06,2.788044,10.0,10.0,25.495622,0.0,25.495622,74.504378,55.513496,0.563069,9.484851,0.0,0.0
2026-08-29 04:06:21,26311.85,965119,4825,171.1451,116.8001,36.7,153.512894,0.0,307.072968,2.359463,,9.424766,0.942477,7e-06,2.059535,10.0,10.0,11.610021,0.0,11.610021,88.389979,66.943711,0.499037,9.484851,0.0,0.0
2026-08-29 04:06:35,26325.65,965631,4828,511.7586,115.29,36.7,93.124771,-0.0,186.296677,2.357005,,6.922015,0.692201,1e-05,0.960742,5.0,9.0,0.29132,0.0,0.29132,99.70868,75.517044,0.596626,9.484851,0.0,0.0
2026-08-29 04:06:48,26339.59,966143,4830,-6.7433,110.0255,36.7,101.090691,0.0,202.228912,2.376678,,5.548211,0.554821,5e-06,3.168445,10.0,10.0,9.594665,0.0,9.594665,90.405335,67.589906,0.527731,9.484851,0.0,0.0
2026-08-29 04:07:02,26353.55,966655,4833,388.7291,110.7604,36.7,193.828262,0.0,387.703613,2.354026,,8.882083,0.888208,8e-06,1.107736,10.0,10.0,6.031688,0.0,6.031688,93.968312,71.603318,0.530915,9.484851,0.0,0.0
2026-08-29 04:07:16,26367.49,967167,4835,503.9638,110.0664,36.7,266.128967,-0.0,532.304871,2.346223,,12.577807,1.257781,8e-06,1.655081,10.0,10.0,9.189073,0.0,9.189073,90.810927,69.205447,0.519713,9.484851,0.0,0.0
2026-08-29 04:07:30,26381.51,967679,4838,361.89,113.0658,36.7,117.128944,0.0,234.305496,2.380042,,9.765283,0.976528,7e-06,1.977871,10.0,10.0,8.053264,0.0,8.053264,91.946736,69.485203,0.529884,9.484851,0.0,0.0
2026-08-29 04:07:44,26395.43,968191,4840,330.5634,114.4475,36.7,134.195511,-0.0,268.438049,2.350781,,7.186855,0.718686,9e-06,1.594248,9.0,10.0,4.716558,0.0,4.716558,95.283442,72.609192,0.573264,9.484851,0.0,0.0
2026-08-29 04:07:58,26409.49,968703,4843,-337.7605,106.2147,36.7,474.658905,-0.0,949.363464,2.281732,,6.047119,0.604712,4e-06,2.679341,10.0,10.0,16.926461,0.0,16.926461,83.073539,61.941348,0.55564,9.484851,0.0,0.0
2026-08-29 04:08:13,26423.64,969215,4846,-185.858,99.1877,36.7,158.948547,-0.0,317.944061,2.34875,,7.291414,0.729141,3e-06,3.092506,10.0,10.0,15.746421,0.0,15.746421,84.253579,63.112001,0.541382,9.484851,0.0,0.0
2026-08-29 04:08:27,26437.69,969727,4848,364.8011,99.0943,36.7,197.619644,-0.0,395.286316,2.351642,,9.199144,0.919914,5e-06,1.72771,10.0,10.0,7.032907,0.0,7.032907,92.967093,70.403588,0.56506,9.484851,0.0,0.0
2026-08-29 04:08:41,26451.71,970239,4851,-44.1019,91.2842,36.7,187.700592,-0.0,375.447876,2.334327,,7.691831,0.769183,4e-06,1.602717,10.0,10.0,13.272949,0.0,13.272949,86.727051,65.947121,0.592882,9.484851,0.0,0.0
2026-08-29 04:08:55,26465.71,970751,4853,527.8148,90.9065,36.7,303.293243,0.0,606.63324,2.337241,,12.254742,1.225474,8e-06,1.808839,10.0,10.0,7.721421,0.0,7.721421,92.278579,70.13955,0.616333,9.484851,0.0,0.0
2026-08-29 04:09:09,26479.81,971263,4856,512.0877,92.249,36.7,130.237488,0.0,260.522125,2.357268,,7.157198,0.71572,9e-06,1.263195,8.0,10.0,0.815283,0.0,0.815283,99.184717,75.739305,0.593141,9.484851,0.0,0.0
2026-08-29 04:09:23,26493.8,971775,4858,121.4311,91.671,36.7,115.234726,-0.0,230.516708,2.362711,,5.982701,0.59827,8e-06,2.001656,10.0,10.0,7.272526,0.0,7.272526,92.727474,70.445397,0.615284,9.484851,0.0,0.0
2026-08-29 04:09:37,26507.77,972287,4861,-104.4125,83.8259,36.7,270.958527,-0.0,541.963379,2.316774,,7.746412,0.774641,5e-06,2.167554,10.0,10.0,14.593426,0.0,14.593426,85.406574,63.821814,0.580203,9.484851,0.0,0.0
2026-08-29 04:09:51,26521.63,972799,4864,153.3175,79.8127,36.7,178.854309,0.0,357.755005,2.319302,,9.258209,0.925821,7e-06,1.825265,10.0,10.0,11.71805,0.0,11.71805,88.28195,67.435143,0.482591,9.484851,0.0,0.0
2026-08-29 04:10:05,26535.66,973311,4866,562.9321,90.1253,36.7,134.503799,0.0,269.054901,2.364872,,8.242479,0.824248,9e-06,1.290465,8.0,10.0,1.463767,0.0,1.463767,98.536233,74.90747,0.513198,9.484851,0.0,0.0
2026-08-29 04:10:19,26549.62,973823,4869,-190.3156,83.4953,36.7,189.309616,-0.0,378.665741,2.325172,,7.618228,0.761823,5e-06,1.850223,10.0,10.0,16.161392,0.0,16.161392,83.838608,63.013568,0.546952,9.484851,0.0,0.0
2026-08-29 04:10:32,26563.53,974335,4871,19.5599,83.1258,36.7,269.471466,-0.0,538.989441,2.325001,,7.092301,0.70923,5e-06,1.472057,9.0,10.0,10.743904,0.0,10.743904,89.256096,67.2502,0.538967,9.484851,0.0,0.0
2026-08-29 04:10:47,26577.71,974847,4874,-718.0681,76.4097,36.7,279.496552,0.0,559.038757,2.28406,,6.164062,0.616406,2e-06,3.914445,10.0,10.0,24.846175,0.0,24.846175,75.153825,54.814658,0.579466,9.484851,0.0,0.0
2026-08-29 04:11:01,26591.81,975359,4876,-359.1292,73.6764,36.7,521.206604,-0.0,1042.457886,2.234497,,9.34982,0.934982,7e-06,2.439167,10.0,10.0,22.207596,0.0,22.207596,77.792404,59.343656,0.542607,9.752915,0.0,0.0
2026-08-29 04:11:15,26605.88,975871,4879,202.1441,72.9072,36.7,190.690613,0.0,381.428558,2.366869,,9.938494,0.993849,4e-06,2.419778,10.0,10.0,11.498194,0.0,11.498194,88.501806,66.689926,0.515039,9.752915,0.0,0.0
2026-08-29 04:11:29,26619.97,976383,4881,366.0317,80.3023,36.7,163.792084,0.0,327.631073,2.344883,,9.181248,0.918125,7e-06,1.312064,9.0,10.0,6.815543,0.0,6.815543,93.184457,71.792714,0.479722,9.752915,0.0,0.0
2026-08-29 04:11:43,26633.97,976895,4884,204.6205,80.3677,36.7,108.802528,0.0,217.652618,2.378062,,6.142526,0.614253,4e-06,2.463118,10.0,10.0,5.653442,0.0,5.653442,94.346558,71.386163,0.580965,9.752915,0.0,0.0
2026-08-29 04:11:57,26648.07,977407,4887,427.832,88.5273,36.7,191.458176,0.0,382.963867,2.375365,,10.332743,1.033274,5e-06,3.075335,10.0,10.0,7.503223,0.0,7.503223,92.496777,69.142931,0.513644,9.752915,0.0,0.0
2026-08-29 04:12:11,26662.15,977919,4889,142.1947,82.5554,36.7,403.118256,0.0,806.282349,2.292813,,11.087894,1.108789,6e-06,1.982643,10.0,10.0,13.842186,0.0,13.842186,86.157814,65.269349,0.474573,9.752915,0.0,0.0
2026-08-29 04:12:25,26676.14,978431,4892,-31.581,83.4269,36.7,118.024948,0.0,236.097031,2.356804,,7.630419,0.763042,6e-06,1.243248,9.0,10.0,12.297228,0.0,12.297228,87.702772,65.460754,0.47825,9.752915,0.0,0.0
2026-08-29 04:12:39,26690.12,978943,4894,-104.6825,80.387,36.7,252.705872,-0.0,505.457855,2.306076,,8.839357,0.883936,7e-06,1.411845,10.0,10.0,15.508636,0.0,15.508636,84.491364,64.339349,0.552673,9.752915,0.0,0.0
2026-08-29 04:12:53,26704.11,979455,4897,324.6318,82.407,36.7,182.672745,0.0,365.392731,2.361393,,8.649567,0.864957,7e-06,1.812828,10.0,10.0,6.952036,0.0,6.952036,93.047964,70.246512,0.54376,9.752915,0.0,0.0
2026-08-29 04:13:07,26718.0,979967,4899,98.0491,93.6463,36.7,152.314377,-0.0,304.676025,2.364081,,7.619055,0.761905,9e-06,2.311836,10.0,10.0,10.303298,0.0,10.303298,89.696702,67.912512,0.525721,9.752915,0.0,0.0
2026-08-29 04:13:21,26731.98,980479,4902,-480.6039,95.7452,36.7,486.195068,0.0,972.43634,2.308919,,6.427869,0.642787,4e-06,2.531171,10.0,10.0,19.613312,0.0,19.613312,80.386688,59.779939,0.545077,9.752915,0.0,0.0
2026-08-29 04:13:35,26745.88,980991,4904,-18.81,89.3565,36.7,154.788437,0.0,309.623901,2.351832,,7.140026,0.714003,4e-06,2.242402,10.0,10.0,11.475014,0.0,11.475014,88.524986,66.984556,0.513784,9.752915,0.0,0.0
2026-08-29 04:13:49,26759.95,981503,4907,-462.7341,77.8442,36.7,340.751465,-0.0,681.549011,2.305594,,5.496521,0.549652,5e-06,2.805454,10.0,10.0,18.18377,0.0,18.18377,81.81623,60.563318,0.60831,9.752915,0.0,0.0
2026-08-29 04:14:03,26773.99,982015,4910,-74.2843,74.6512,36.7,258.745117,-0.0,517.536621,2.318807,,6.732381,0.673238,6e-06,1.843393,10.0,10.0,12.045603,0.0,12.045603,87.954397,66.948624,0.554292,9.752915,0.0,0.0
2026-08-29 04:14:17,26787.95,982527,4912,615.5826,78.7585,36.7,152.311005,-0.0,304.669037,2.351498,,8.299872,0.829987,1.3e-05,0.88178,6.0,9.0,0.375619,0.0,0.375619,99.624381,75.761038,0.589242,9.752915,0.0,0.0
2026-08-29 04:14:31,26801.93,983039,4915,611.5781,81.0421,36.7,172.51387,0.0,345.075104,2.368088,,9.504071,0.950407,1e-05,1.503005,10.0,10.0,2.34209,0.0,2.34209,97.65791,73.32379,0.523967,9.752915,0.0,0.0
2026-08-29 04:14:45,26816.04,983551,4917,-251.9213,79.8329,36.7,504.675201,-0.0,1009.396423,2.300423,,9.292507,0.929251,7e-06,2.374325,10.0,10.0,19.285747,0.0,19.285747,80.714253,60.013183,0.485258,9.752915,0.0,0.0
2026-08-29 04:14:59,26830.09,984063,4920,-170.854,76.1847,36.7,194.337875,0.0,388.722748,2.349986,,6.879105,0.687911,4e-06,2.472212,10.0,10.0,14.347459,0.0,14.347459,85.652541,63.926261,0.584418,9.752915,0.0,0.0
2026-08-29 04:15:13,26844.06,984575,4922,3.3922,73.1252,36.7,163.65947,0.0,327.366638,2.385151,,6.513727,0.651373,4e-06,2.279379,10.0,10.0,10.287247,0.0,10.287247,89.712753,67.254231,0.643204,9.752915,0.0,0.0
2026-08-29 04:15:27,26858.22,985087,4925,-478.6054,68.5729,36.7,225.409485,-0.0,450.864746,2.28859,,5.509858,0.550986,4e-06,3.385012,10.0,10.0,18.531712,0.0,18.531712,81.468288,59.86677,0.55517,9.752915,0.0,0.0
2026-08-29 04:15:41,26872.16,985599,4928,542.1683,70.9774,36.7,260.26474,0.0,520.577087,2.379153,,9.926163,0.992616,7e-06,1.755603,9.0,10.0,4.356148,0.0,4.356148,95.643852,72.364678,0.520949,9.752915,0.0,0.0
2026-08-29 04:15:55,26886.14,986111,4930,310.9086,70.1787,36.7,92.338852,0.0,184.725327,2.381361,,6.76506,0.676506,9e-06,2.262371,10.0,10.0,4.648472,0.0,4.648472,95.351528,71.633299,0.587458,9.752915,0.0,0.0
2026-08-29 04:16:09,26900.14,986623,4933,261.0474,74.7383,36.7,184.813263,0.0,369.674225,2.384267,,9.024769,0.902477,7e-06,1.749653,10.0,10.0,8.718076,0.0,8.718076,91.281924,68.941891,0.507924,9.752915,0.0,0.0
2026-08-29 04:16:23,26913.94,987135,4935,898.5302,87.9531,36.7,264.921997,0.0,529.89093,2.347212,,12.165049,1.216505,1.1e-05,0.680618,3.0,6.0,0.0,0.0,0.0,100.0,76.143865,0.521177,9.752915,0.0,0.0
2026-08-29 04:16:37,26927.79,987647,4938,-78.9089,84.3023,36.7,270.884796,0.0,541.816223,2.332888,,10.46921,1.046921,4e-06,1.736823,10.0,10.0,17.021221,0.0,17.021221,82.978779,62.59042,0.570883,9.984954,0.0,0.0
2026-08-29 04:16:51,26941.62,988159,4940,193.1662,84.437,36.7,318.957764,-0.0,637.962402,2.342656,,11.245408,1.124541,7e-06,1.779452,10.0,10.0,12.98692,0.0,12.98692,87.01308,65.732434,0.503165,9.984954,0.0,0.0
2026-08-29 04:17:04,26955.6,988671,4943,277.7262,87.297,36.7,171.174438,-0.0,342.396393,2.37547,,9.119054,0.911905,6e-06,2.266512,10.0,10.0,8.684088,0.0,8.684088,91.315912,68.604945,0.561298,9.984954,0.0,0.0
2026-08-29 04:17:18,26969.48,989183,4945,299.6012,87.2455,36.7,146.542297,-0.0,293.131836,2.361928,,7.65621,0.765621,9e-06,0.827233,7.0,10.0,5.679807,0.0,5.679807,94.320193,71.794939,0.565764,9.984954,0.0,0.0
2026-08-29 04:17:32,26983.52,989695,4948,54.91,82.739,36.7,153.14505,0.0,306.337646,2.376794,,6.680852,0.668085,5e-06,2.675735,10.0,10.0,9.584223,0.0,9.584223,90.415777,67.833434,0.539098,9.984954,0.0,0.0
2026-08-29 04:17:46,26997.49,990207,4951,-45.8677,79.2093,36.7,93.7808,-0.0,187.608932,2.366949,,5.902345,0.590234,6e-06,1.642885,9.0,10.0,9.879757,0.0,9.879757,90.120243,68.060881,0.496457,9.984954,0.0,0.0
2026-08-29 04:18:01,27011.64,990719,4953,-810.4436,66.0376,36.7,684.367004,0.0,1368.779419,2.272502,,7.031339,0.703134,5e-06,2.093063,10.0,10.0,26.606595,0.0,26.606595,73.393405,55.242288,0.520291,9.984954,0.0,0.0
2026-08-29 04:18:14,27025.61,991231,4956,638.1166,66.5404,36.7,192.990738,0.0,386.028809,2.366341,,9.628964,0.962896,8e-06,1.611357,8.0,10.0,2.004503,0.0,2.004503,97.995497,74.855303,0.567227,9.984954,0.0,0.0
2026-08-29 04:18:29,27039.65,991743,4958,346.494,65.6263,36.7,170.470367,0.0,340.988251,2.375887,,10.228343,1.022834,7e-06,1.597417,9.0,10.0,8.543994,0.0,8.543994,91.456006,69.873761,0.507829,9.984954,0.0,0.0
2026-08-29 04:18:43,27053.62,992255,4961,311.8654,62.4779,36.7,237.481766,-0.0,475.010651,2.356209,,10.680405,1.068041,8e-06,0.948706,9.0,10.0,9.63406,0.0,9.63406,90.36594,68.435036,0.475603,9.984954,0.0,0.0
2026-08-29 04:18:57,27067.78,992767,4963,-529.2733,54.9646,36.7,309.84787,-0.0,619.74115,2.26984,,6.993246,0.699325,4e-06,1.720051,10.0,10.0,20.979089,0.0,20.979089,79.020911,60.226989,0.530741,9.984954,0.0,0.0
2026-08-29 04:19:11,27081.9,993279,4966,8.0186,48.7967,36.7,110.086891,-0.0,220.221344,2.377962,,7.899906,0.789991,5e-06,2.343955,10.0,10.0,12.034791,0.0,12.034791,87.965209,65.828635,0.499966,9.984954,0.0,0.0
2026-08-29 04:19:25,27095.91,993791,4968,522.8549,48.4477,36.7,156.801483,-0.0,313.650116,2.358128,,9.589455,0.958945,8e-06,0.912711,7.0,10.0,3.951384,0.0,3.951384,96.048616,73.256955,0.500274,9.984954,0.0,0.0
2026-08-29 04:19:39,27109.81,994303,4971,277.1227,46.5745,36.7,224.704605,0.0,449.456787,2.378303,,9.496866,0.949687,8e-06,1.461064,10.0,10.0,8.599039,0.0,8.599039,91.400961,68.886278,0.641467,9.984954,0.0,0.0
2026-08-29 04:19:53,27123.84,994815,4974,-165.8013,40.9294,36.7,190.944229,0.0,381.935944,2.374294,,8.133504,0.81335,4e-06,2.610134,10.0,10.0,15.542019,0.0,15.542019,84.457981,63.235283,0.618445,9.984954,0.0,0.0
2026-08-29 04:20:07,27137.73,995327,4976,-47.2705,41.7971,36.7,165.683975,-0.0,331.415192,2.362018,,6.337351,0.633735,9e-06,2.291639,10.0,10.0,10.850228,0.0,10.850228,89.149772,67.035238,0.571339,9.984954,0.0,0.0
2026-08-29 04:20:21,27151.66,995839,4979,-391.703,46.3685,36.7,283.015259,-0.0,566.077271,2.338797,,7.371892,0.737189,3e-06,3.598136,10.0,10.0,19.343361,0.0,19.343361,80.656639,59.981169,0.528865,9.984954,0.0,0.0
2026-08-29 04:20:35,27165.63,996351,4981,180.3728,46.4935,36.7,117.982651,0.0,236.012848,2.377127,,10.286385,1.028639,7e-06,2.303652,10.0,10.0,12.285198,0.0,12.285198,87.714802,66.563679,0.497039,9.984954,0.0,0.0
2026-08-29 04:20:49,27179.65,996863,4984,698.3842,54.6484,36.7,254.858612,0.0,509.764557,2.366401,,11.684513,1.168451,8e-06,1.596379,9.0,10.0,3.685849,0.0,3.685849,96.314151,72.727284,0.512507,9.984954,0.0,0.0
2026-08-29 04:21:02,27193.56,997375,4986,253.5019,55.4063,36.7,225.165283,-0.0,450.377991,2.370617,,9.054927,0.905493,1e-05,1.31794,9.0,10.0,8.841548,0.0,8.841548,91.158452,68.764724,0.490818,9.984954,0.0,0.0
2026-08-29 04:21:16,27207.51,997887,4989,-613.8756,50.1417,36.7,633.862854,0.0,1267.771362,2.28182,,3.320752,0.332075,7e-06,1.2711,10.0,10.0,16.976172,0.0,16.976172,83.023828,62.389831,0.741452,9.984954,0.0,0.0
2026-08-29 04:21:31,27221.63,998399,4992,61.9887,45.3082,36.7,102.987305,0.0,206.022171,2.377866,,6.228816,0.622882,5e-06,3.036053,10.0,10.0,8.674851,0.0,8.674851,91.325149,68.556655,0.596508,9.984954,0.0,0.0
2026-08-29 04:21:45,27235.65,998911,4994,-713.1623,44.8813,36.7,384.504669,0.0,769.055359,2.302141,,7.78232,0.778232,4e-06,2.167308,10.0,10.0,25.729607,0.0,25.729607,74.270393,55.158408,0.529296,9.984954,0.0,0.0
2026-08-29 04:21:59,27249.63,999423,4997,350.931,45.7949,36.7,112.271698,-0.0,224.591019,2.381196,,9.528452,0.952845,7e-06,1.758239,10.0,10.0,7.463821,0.0,7.463821,92.536179,70.364228,0.461587,9.984954,0.0,0.0
2026-08-29 04:22:13,27263.66,999935,4999,112.36,55.1272,36.7,99.614204,0.0,199.275925,2.375814,,7.012784,0.701278,7e-06,2.823235,10.0,10.0,8.675584,0.0,8.675584,91.324416,68.646239,0.538437,9.984954,0.0,0.0
