wall_time,elapsed_sec,step,episode,ep_reward,ep_reward_ma100,sps,loss,policy_loss,value_loss,entropy,epsilon,embb_mbps_mean,spectral_eff_bps_hz,embb_p5_mbps,urllc_delay_ms_mean,urllc_delay_p95,urllc_delay_p99,urllc_drop_late_pct,urllc_drop_overflow_pct,sla_violation_pct,sla_satisfaction_pct,timely_throughput_mbps,jains_fairness,lam
2026-07-25 17:02:46,13.35,511,2,406.9274,406.9274,38.3,94.731018,0.0,189.509903,2.39367,,5.510937,0.551094,6e-06,0.938934,6.0,9.0,0.465422,2.874023,3.339445,96.660555,30.645614,0.596534,1.0
2026-07-25 17:02:59,26.45,1023,5,466.2267,436.577,38.7,127.397964,-0.0,254.843796,2.393236,,6.319057,0.631906,5e-06,0.962173,5.0,9.0,0.704938,2.561429,3.266367,96.733633,30.94208,0.575852,1.0
2026-07-25 17:03:12,39.5,1535,7,555.5074,476.2205,38.9,168.180588,0.0,336.409027,2.393027,,7.492437,0.749244,4e-06,1.108797,6.0,9.0,0.36126,2.673326,3.034587,96.965413,30.806806,0.535943,1.0
2026-07-25 17:03:25,52.52,2047,10,732.018,540.1699,39.0,280.484528,0.0,561.016907,2.391996,,9.782828,0.978283,7e-06,0.301921,1.0,5.0,0.148441,0.516384,0.664824,99.335176,31.465108,0.496534,0.999038
2026-07-25 17:03:38,65.71,2559,12,546.0699,541.3499,38.9,160.644287,0.0,321.336395,2.391758,,7.394386,0.739439,8e-06,0.97876,6.0,10.0,0.635302,3.137001,3.772303,96.227697,30.304905,0.546072,0.999038
2026-07-25 17:03:51,78.83,3071,15,581.85,548.0999,39.0,234.890671,-0.0,469.829193,2.39224,,8.608875,0.860887,4e-06,0.632094,4.0,10.0,5.3629,6.026579,11.389479,88.610521,28.032846,0.586998,0.999038
2026-07-25 17:04:04,91.76,3583,17,872.3296,594.4184,39.0,415.641724,0.0,831.331238,2.390671,,11.638152,1.163815,7e-06,0.366267,2.0,5.0,0.032694,0.624309,0.657004,99.342996,31.81281,0.528301,0.999038
2026-07-25 17:04:17,104.81,4095,20,430.7717,573.9626,39.1,117.455833,-0.0,234.959503,2.391786,,6.43412,0.643412,3e-06,1.1065,7.0,10.0,4.81081,7.285251,12.096061,87.903939,28.02661,0.562387,0.998528
2026-07-25 17:04:30,117.84,4607,23,481.3601,563.6734,39.1,120.844398,0.0,241.736618,2.391079,,6.696356,0.669636,6e-06,0.747861,5.0,9.0,2.201909,4.112618,6.314527,93.685473,29.944386,0.517556,0.998528
2026-07-25 17:04:43,130.88,5119,25,359.6678,543.2728,39.1,72.078835,0.0,144.205475,2.390453,,4.784184,0.478418,8e-06,0.653319,5.0,8.0,0.040524,1.46511,1.505634,98.494366,31.530303,0.617064,0.998528
2026-07-25 17:04:56,143.76,5631,28,537.1499,542.7162,39.2,176.902145,-0.0,353.852081,2.389683,,7.098169,0.709817,7e-06,0.197681,1.0,2.0,0.219037,0.391138,0.610176,99.389824,31.659789,0.549113,0.998528
2026-07-25 17:05:09,156.75,6143,30,729.035,558.2428,39.2,316.679535,0.0,633.40686,2.389247,,9.874613,0.987461,9e-06,0.551291,3.0,9.0,1.323098,2.686763,4.009861,95.990139,30.721852,0.514803,0.997635
2026-07-25 17:05:22,169.88,6655,33,470.9596,551.5287,39.2,158.010941,-0.0,316.069672,2.38904,,6.539468,0.653947,7e-06,0.503689,3.0,8.0,2.766245,3.232728,5.998974,94.001026,30.051555,0.609483,0.997635
2026-07-25 17:05:35,182.89,7167,35,537.5171,550.5279,39.2,167.801086,0.0,335.649963,2.389704,,7.262563,0.726256,5e-06,0.741558,4.0,8.0,1.244195,2.435577,3.679771,96.320229,30.972574,0.551182,0.997635
2026-07-25 17:05:48,195.94,7679,38,626.6595,555.6033,39.2,186.627594,-0.0,373.302979,2.388945,,8.528044,0.852804,7e-06,0.745883,5.0,9.0,1.341305,3.39663,4.737934,95.262066,30.648701,0.51962,0.997635
2026-07-25 17:06:01,209.09,8191,40,683.1539,563.5752,39.2,242.498871,0.0,485.045502,2.387556,,9.00269,0.900269,9e-06,0.227344,1.0,2.0,0.0,0.055741,0.055741,99.944259,32.249046,0.522729,0.996789
2026-07-25 17:06:15,222.25,8703,43,734.325,573.6193,39.2,302.9375,-0.0,605.922791,2.388694,,9.863632,0.986363,4e-06,0.533059,2.0,8.0,0.804988,1.896918,2.701906,97.298094,31.272118,0.569081,0.996789
2026-07-25 17:06:28,235.32,9215,46,870.2138,590.0968,39.2,439.720856,0.0,879.489441,2.387695,,11.907767,1.190777,6e-06,0.268266,1.0,3.0,0.0,0.018713,0.018713,99.981287,31.98573,0.571844,0.996789
2026-07-25 17:06:41,248.41,9727,48,435.4801,581.9591,39.2,118.985466,0.0,238.018661,2.386658,,5.740516,0.574052,6e-06,0.558975,3.0,7.0,0.021852,0.828807,0.850659,99.149341,31.645743,0.619406,0.996789
2026-07-25 17:06:54,261.43,10239,51,305.2218,568.1222,39.2,53.605743,0.0,107.259209,2.386224,,4.155436,0.415544,8e-06,0.825834,6.0,9.0,0.246229,2.636828,2.883057,97.116943,31.053099,0.701626,0.995695
2026-07-25 17:07:07,274.55,10751,53,338.5553,557.1904,39.2,79.225243,-0.0,158.498184,2.384734,,4.410056,0.441006,8e-06,0.251994,1.0,3.0,0.0,0.023332,0.023332,99.976668,32.100387,0.727938,0.995695
2026-07-25 17:07:20,287.57,11263,56,272.9057,544.2684,39.2,40.401535,0.0,80.850761,2.384613,,3.735299,0.37353,6e-06,0.993561,5.0,9.0,0.566877,2.539236,3.106114,96.893886,30.758447,0.724756,0.995695
2026-07-25 17:07:33,300.51,11775,58,354.6032,536.0221,39.2,79.399925,0.0,158.847534,2.384516,,5.151704,0.51517,8e-06,1.072297,6.0,10.0,3.020003,5.112702,8.132705,91.867295,29.206502,0.62265,0.995695
2026-07-25 17:07:46,313.48,12287,61,616.4306,539.3725,39.2,214.115326,0.0,428.27832,2.383712,,8.170755,0.817076,7e-06,0.521224,3.0,6.0,0.0,0.776584,0.776584,99.223416,31.733623,0.56084,0.994803
2026-07-25 17:07:59,326.42,12799,64,836.1727,551.2445,39.2,357.939789,0.0,715.927185,2.38179,,11.391952,1.139195,8e-06,0.433783,2.0,8.0,0.14986,1.251951,1.401811,98.598189,31.55322,0.49009,0.994803
2026-07-25 17:08:12,339.33,13311,66,907.0924,564.9309,39.2,405.7677,0.0,811.583008,2.381344,,12.118476,1.211848,7e-06,0.179861,1.0,2.0,0.0,0.0,0.0,100.0,31.913764,0.463283,0.994803
2026-07-25 17:08:25,352.31,13823,69,772.4379,572.6164,39.2,305.352753,-0.0,610.753113,2.381073,,10.178226,1.017823,9e-06,0.295772,2.0,4.0,0.0,0.040741,0.040741,99.959259,31.867947,0.530728,0.994803
2026-07-25 17:08:38,365.26,14335,71,766.0963,579.5264,39.2,325.114777,-0.0,650.277161,2.379839,,10.122139,1.012214,7e-06,0.213102,1.0,2.0,0.0,0.0,0.0,100.0,32.156888,0.527415,0.993652
2026-07-25 17:08:51,378.18,14847,74,765.1118,585.9259,39.3,289.040955,0.0,578.129517,2.380429,,10.04015,1.004015,5e-06,0.326105,1.0,5.0,0.014001,0.48694,0.500941,99.499059,31.889517,0.5084,0.993652
2026-07-25 17:09:03,391.15,15359,76,754.8479,591.5566,39.3,270.330597,0.0,540.708801,2.379865,,10.17333,1.017333,6e-06,1.070696,7.0,9.0,0.736912,3.895104,4.632016,95.367984,30.215073,0.48917,0.993652
2026-07-25 17:09:16,404.09,15871,79,746.8421,596.5658,39.3,279.660065,0.0,559.367676,2.378075,,9.965811,0.996581,6e-06,0.450986,3.0,5.0,0.081378,0.467926,0.549304,99.450696,31.731706,0.500177,0.993652
2026-07-25 17:09:29,417.17,16383,81,573.7577,595.8531,39.3,163.297501,0.0,326.642548,2.376717,,7.572738,0.757274,8e-06,0.43138,2.0,7.0,0.214156,1.139561,1.353717,98.646283,31.463486,0.499365,0.992608
2026-07-25 17:09:43,430.19,16895,84,605.705,596.1516,39.3,184.633347,0.0,369.314209,2.375939,,8.089944,0.808994,7e-06,0.636251,4.0,9.0,0.253676,1.996524,2.2502,97.7498,31.030353,0.527024,0.992608
2026-07-25 17:09:56,443.3,17407,87,497.1162,593.2388,39.3,118.871193,0.0,237.789917,2.376708,,6.513446,0.651345,6e-06,0.541911,3.0,6.0,0.0,0.491633,0.491633,99.508367,31.967561,0.545424,0.992608
2026-07-25 17:10:09,456.37,17919,89,694.2174,596.1239,39.3,257.271912,0.0,514.591309,2.373745,,9.143275,0.914328,1e-05,0.279339,1.0,5.0,0.0,0.260861,0.260861,99.739139,32.098915,0.495249,0.992608
2026-07-25 17:10:22,469.47,18431,92,579.5817,595.6644,39.3,195.721893,0.0,391.491302,2.375323,,7.828254,0.782825,6e-06,0.67217,4.0,8.0,0.153032,1.325755,1.478786,98.521214,31.439991,0.587713,0.991483
2026-07-25 17:10:35,482.61,18943,94,549.6027,594.4195,39.3,146.164413,0.0,292.376282,2.372831,,7.190969,0.719097,9e-06,0.327464,2.0,3.0,0.0,0.018742,0.018742,99.981258,31.974279,0.519276,0.991483
2026-07-25 17:10:48,495.76,19455,97,776.0307,599.1987,39.2,307.278961,0.0,614.605347,2.371656,,10.227768,1.022777,9e-06,0.278996,2.0,4.0,0.0,0.141114,0.141114,99.858886,32.164083,0.491894,0.991483
2026-07-25 17:11:01,508.8,19967,99,1040.4626,610.5132,39.2,517.678101,-0.0,1035.403687,2.372075,,14.049767,1.404977,7e-06,0.501451,3.0,8.0,0.330867,1.262603,1.59347,98.40653,31.373713,0.501559,0.991483
2026-07-25 17:11:14,521.68,20479,102,859.7906,616.7451,39.3,341.06665,0.0,682.180725,2.370516,,11.524052,1.152405,8e-06,0.480796,3.0,8.0,0.022007,1.262241,1.284248,98.715752,31.451604,0.47471,0.990352
2026-07-25 17:11:27,534.65,20991,104,586.2054,616.0002,39.3,177.272293,-0.0,354.59201,2.371111,,7.703515,0.770352,7e-06,0.381142,2.0,7.0,0.0,0.698636,0.698636,99.301364,31.260021,0.525265,0.990352
2026-07-25 17:11:40,547.57,21503,107,341.087,609.4547,39.3,70.652794,-0.0,141.353012,2.370907,,5.120541,0.512054,7e-06,1.121011,8.0,10.0,3.396304,6.656882,10.053186,89.946814,28.26043,0.660599,0.990352
2026-07-25 17:11:53,560.59,22015,110,560.8379,608.3241,39.3,204.695038,0.0,409.437469,2.369471,,8.427655,0.842766,6e-06,0.604565,3.0,10.0,5.465314,6.117255,11.582569,88.417431,28.020968,0.569083,0.989738
2026-07-25 17:12:06,573.52,22527,112,643.8313,609.1311,39.3,254.352051,0.0,508.751465,2.367951,,8.996329,0.899633,5e-06,0.797919,5.0,10.0,1.324649,3.390284,4.714933,95.285067,30.050714,0.530942,0.989738
2026-07-25 17:12:19,586.56,23039,115,370.2377,603.8223,39.3,72.636986,0.0,145.32132,2.367386,,5.473089,0.547309,4e-06,1.109949,7.0,10.0,3.792185,6.109545,9.90173,90.09827,28.889663,0.592114,0.989738
2026-07-25 17:12:32,599.51,23551,117,408.9598,599.5862,39.3,88.850662,-0.0,177.748642,2.366176,,5.697424,0.569742,6e-06,0.833261,6.0,10.0,1.707134,4.436365,6.143499,93.856501,29.908555,0.570263,0.989738
2026-07-25 17:12:45,612.43,24063,120,550.2571,598.5366,39.3,162.704391,0.0,325.456085,2.365484,,7.331211,0.733121,5e-06,0.356315,1.0,9.0,0.683624,1.437645,2.121269,97.878731,31.274056,0.558162,0.989094
2026-07-25 17:12:58,625.47,24575,122,808.8757,602.9187,39.3,354.17868,0.0,708.404602,2.361394,,10.872736,1.087274,8e-06,0.349042,2.0,5.0,0.0,0.171249,0.171249,99.828751,31.999347,0.524289,0.989094
2026-07-25 17:13:11,638.49,25087,125,625.2564,603.3746,39.3,211.889999,0.0,423.82724,2.362276,,8.346202,0.83462,5e-06,0.921363,5.0,9.0,0.115198,2.115603,2.230802,97.769198,31.20964,0.59061,0.989094
2026-07-25 17:13:24,651.64,25599,128,711.0633,605.5283,39.3,244.193985,0.0,488.43515,2.359457,,9.352487,0.935249,7e-06,0.396202,2.0,4.0,0.0,0.077719,0.077719,99.922281,32.094183,0.442995,0.989094
2026-07-25 17:13:37,664.74,26111,130,632.1155,606.0496,39.3,214.918549,0.0,429.884277,2.359537,,8.558476,0.855848,3e-06,0.772839,4.0,9.0,0.630063,2.324715,2.954778,97.045222,31.080546,0.509593,0.988015
2026-07-25 17:13:50,677.86,26623,133,759.1874,608.9946,39.3,293.374603,0.0,586.796326,2.35653,,10.104863,1.010486,5e-06,0.503256,3.0,7.0,0.26493,1.238935,1.503865,98.496135,31.404588,0.53107,0.988015
2026-07-25 17:14:03,690.84,27135,135,550.8656,607.8978,39.3,156.348404,0.0,312.743866,2.353422,,7.432949,0.743295,7e-06,0.688818,5.0,10.0,0.912284,2.893821,3.806105,96.193895,30.925007,0.541747,0.988015
2026-07-25 17:14:16,703.89,27647,138,534.2733,606.5344,39.3,132.795074,0.0,265.637177,2.351107,,7.021453,0.702145,7e-06,0.21975,1.0,3.0,0.0,0.010947,0.010947,99.989053,31.910432,0.569686,0.988015
2026-07-25 17:14:29,716.91,28159,140,461.104,603.8902,39.3,116.074799,0.0,232.196686,2.354366,,6.294605,0.62946,5e-06,1.007137,5.0,9.0,0.792993,3.035896,3.828889,96.171111,30.552199,0.550729,0.987031
2026-07-25 17:14:42,729.81,28671,143,602.04,603.8572,39.3,199.950928,0.0,399.948944,2.353812,,7.940002,0.794,7e-06,0.279814,2.0,3.0,0.0,0.0,0.0,100.0,31.84021,0.62076,0.987031
2026-07-25 17:14:55,742.67,29183,145,644.4196,604.5688,39.3,241.398193,0.0,482.843506,2.355362,,8.80677,0.880677,3e-06,0.823535,5.0,10.0,1.554638,3.202742,4.75738,95.24262,30.417466,0.585424,0.987031
2026-07-25 17:15:08,755.66,29695,148,746.2004,607.0107,39.3,293.309174,-0.0,586.665405,2.353916,,10.113329,1.011333,4e-06,0.593281,3.0,9.0,1.041472,2.210598,3.25207,96.74793,30.998389,0.572557,0.987031
2026-07-25 17:15:21,768.6,30207,151,763.9353,609.6705,39.3,298.127747,0.0,596.302551,2.354413,,10.177969,1.017797,5e-06,0.312848,2.0,4.0,0.0,0.108997,0.108997,99.891003,32.017595,0.496377,0.986024
2026-07-25 17:15:34,781.58,30719,153,731.362,611.6987,39.3,262.014221,0.0,524.0755,2.351654,,9.778372,0.977837,7e-06,0.519177,3.0,9.0,0.359083,2.124836,2.483919,97.516081,31.163456,0.454763,0.986024
2026-07-25 17:15:47,794.55,31231,156,453.4745,609.1048,39.3,106.985283,-0.0,214.017578,2.350622,,6.053907,0.605391,9e-06,0.512123,4.0,8.0,0.383802,1.58847,1.972272,98.027728,31.124372,0.628458,0.986024
2026-07-25 17:16:00,807.39,31743,158,388.1813,605.5415,39.3,77.313507,-0.0,154.674149,2.356724,,5.360715,0.536071,4e-06,1.300667,7.0,10.0,0.763478,4.471576,5.235054,94.764946,30.163637,0.589755,0.986024
2026-07-25 17:16:13,820.47,32255,161,569.9245,604.9762,39.3,155.762436,-0.0,311.571991,2.355276,,7.963486,0.796349,5e-06,0.431741,2.0,6.0,3.620579,3.399261,7.019841,92.980159,29.728807,0.494577,0.985224
2026-07-25 17:16:26,833.28,32767,163,674.1017,606.0563,39.3,233.458008,0.0,466.963104,2.353995,,9.405562,0.940556,6e-06,1.001613,7.0,10.0,1.5431,4.413296,5.956395,94.043605,30.091849,0.52026,0.985224
2026-07-25 17:16:39,846.26,33279,166,825.4433,609.4315,39.3,339.423553,0.0,678.894226,2.355003,,11.344808,1.134481,5e-06,0.591377,3.0,9.0,1.018866,2.537818,3.556684,96.443316,30.823011,0.503946,0.985224
2026-07-25 17:16:52,859.28,33791,168,679.5969,610.4946,39.3,222.827972,0.0,445.703033,2.3543,,9.085687,0.908569,6e-06,0.528963,3.0,9.0,0.73295,1.934004,2.666954,97.333046,31.533612,0.465185,0.985224
2026-07-25 17:17:05,872.39,34303,171,662.1562,611.2656,39.3,216.470535,0.0,432.988098,2.351527,,8.750762,0.875076,7e-06,0.343949,2.0,6.0,0.030807,0.847197,0.878004,99.121996,32.01464,0.472856,0.984319
2026-07-25 17:17:18,885.51,34815,174,515.8043,609.8618,39.3,123.292465,-0.0,246.631958,2.35152,,6.780591,0.678059,7e-06,0.345396,2.0,5.0,0.313239,0.541904,0.855143,99.144857,31.604095,0.517145,0.984319
2026-07-25 17:17:31,898.51,35327,176,320.6658,605.6706,39.3,54.228764,-0.0,108.504616,2.354295,,4.342703,0.43427,4e-06,0.806169,5.0,8.0,0.558198,2.156389,2.714586,97.285414,31.176758,0.662507,0.984319
2026-07-25 17:17:44,911.67,35839,179,723.7363,607.3572,39.3,245.324799,0.0,490.696625,2.352098,,9.645758,0.964576,5e-06,0.496267,3.0,7.0,0.189068,1.106514,1.295582,98.704418,31.683192,0.433603,0.984319
2026-07-25 17:17:57,924.85,36351,181,463.2836,605.328,39.3,103.10997,-0.0,206.267044,2.354913,,6.602378,0.660238,4e-06,1.099582,7.0,10.0,3.149985,5.988534,9.138519,90.861481,29.122426,0.500268,0.983253
2026-07-25 17:18:10,937.91,36863,184,493.4446,603.7741,39.3,141.500443,0.0,283.047943,2.353348,,6.756884,0.675688,5e-06,0.524604,2.0,9.0,0.764815,2.089668,2.854483,97.145517,31.285792,0.612381,0.983253
2026-07-25 17:18:23,950.81,37375,186,468.033,601.9146,39.3,119.406929,0.0,238.86087,2.350967,,6.199549,0.619955,5e-06,0.232846,1.0,2.0,0.0,0.024791,0.024791,99.975209,32.24439,0.651742,0.983253
2026-07-25 17:18:36,963.85,37887,189,328.2684,598.2167,39.3,48.859035,-0.0,97.765129,2.35276,,4.511957,0.451196,5e-06,0.666408,4.0,9.0,0.928913,2.608399,3.537312,96.462688,30.912763,0.679796,0.983253
2026-07-25 17:18:49,976.86,38399,192,54.3833,590.9656,39.3,22.777613,0.0,45.602417,2.359625,,2.598436,0.259844,1e-06,2.337983,10.0,10.0,12.817056,16.650397,29.467454,70.532546,22.476938,0.637546,0.982508
2026-07-25 17:19:02,989.77,38911,194,794.8407,593.6481,39.3,311.961182,-0.0,623.969421,2.351599,,10.548252,1.054825,7e-06,0.24724,1.0,3.0,0.0,0.0,0.0,100.0,32.06265,0.504624,0.982508
2026-07-25 17:19:15,1002.72,39423,197,697.6611,594.9989,39.3,208.889053,0.0,417.825195,2.35394,,9.334977,0.933498,5e-06,0.690332,5.0,8.0,0.116004,1.768275,1.884278,98.115722,31.132494,0.495048,0.982508
2026-07-25 17:19:28,1015.77,39935,199,598.5013,595.0439,39.3,172.13121,0.0,344.309479,2.353111,,7.873579,0.787358,5e-06,0.403797,2.0,4.0,0.0,0.157337,0.157337,99.842663,31.681235,0.523077,0.982508
2026-07-25 17:19:41,1028.87,40447,202,684.1676,596.172,39.3,227.134048,0.0,454.315155,2.352687,,9.157764,0.915776,5e-06,0.48739,2.0,9.0,0.410437,1.783764,2.194201,97.805799,31.171553,0.51691,0.982005
2026-07-25 17:19:54,1041.91,40959,204,587.7662,596.0669,39.3,163.434097,-0.0,326.915253,2.35351,,7.901254,0.790125,3e-06,0.737298,4.0,8.0,0.405422,1.867727,2.273149,97.726851,31.495329,0.528431,0.982005
2026-07-25 17:20:07,1055.01,41471,207,542.5542,595.4063,39.3,129.659073,0.0,259.365051,2.345918,,7.088678,0.708868,7e-06,0.252607,1.0,4.0,0.0,0.032629,0.032629,99.967371,32.176832,0.55502,0.982005
2026-07-25 17:20:21,1068.2,41983,209,407.8677,593.1192,39.3,79.126083,-0.0,158.299179,2.350573,,5.780089,0.578009,4e-06,0.82491,5.0,9.0,3.006156,4.335802,7.341958,92.658042,29.477655,0.50865,0.982005
2026-07-25 17:20:34,1081.36,42495,212,383.0632,590.5884,39.3,69.569283,0.0,139.185562,2.34972,,5.549685,0.554968,2e-06,1.72847,8.0,10.0,2.077434,7.206883,9.284318,90.715682,28.798476,0.566479,0.981091
2026-07-25 17:20:47,1094.4,43007,215,633.3739,591.0978,39.3,195.993469,0.0,392.033752,2.340568,,8.363587,0.836359,7e-06,0.295439,1.0,7.0,0.270401,0.898732,1.169134,98.830866,31.529026,0.5016,0.981091
2026-07-25 17:21:00,1107.43,43519,217,440.632,589.3276,39.3,93.773674,0.0,187.594238,2.344733,,5.990337,0.599034,2e-06,1.222132,6.0,9.0,0.307267,3.091296,3.398563,96.601437,30.964423,0.572184,0.981091
2026-07-25 17:21:13,1120.43,44031,220,433.8133,587.5193,39.3,96.181854,0.0,192.410538,2.341371,,5.753668,0.575367,5e-06,0.586519,3.0,7.0,0.203093,1.131073,1.334167,98.665833,31.358056,0.611625,0.980233
2026-07-25 17:21:26,1133.49,44543,222,533.6392,586.9,39.3,146.746094,-0.0,293.538971,2.339419,,7.164675,0.716468,5e-06,0.633116,4.0,9.0,0.430954,1.878396,2.30935,97.69065,31.272218,0.550049,0.980233
2026-07-25 17:21:39,1146.54,45055,225,410.2562,584.8927,39.3,105.87606,0.0,211.798935,2.340752,,5.598789,0.559879,3e-06,1.140796,7.0,9.0,0.533504,3.346528,3.880032,96.119968,30.427969,0.618768,0.980233
2026-07-25 17:21:52,1159.64,45567,227,741.5072,586.6524,39.3,292.558533,0.0,585.163879,2.340415,,10.090525,1.009052,4e-06,1.068728,6.0,9.0,0.606279,3.07996,3.686239,96.313761,30.73796,0.513666,0.980233
2026-07-25 17:22:05,1172.64,46079,230,644.5603,587.2958,39.3,188.570755,0.0,377.188293,2.339156,,8.611755,0.861175,3e-06,0.693103,4.0,8.0,0.111357,1.278251,1.389608,98.610392,31.290905,0.545083,0.979275
2026-07-25 17:22:18,1185.69,46591,232,799.4253,589.6269,39.3,323.611572,0.0,647.269836,2.334628,,11.037866,1.103787,5e-06,0.603339,4.0,9.0,0.290264,1.741586,2.031851,97.968149,31.147692,0.521124,0.979275
2026-07-25 17:22:31,1198.56,47103,235,860.101,592.5668,39.3,327.589813,-0.0,655.226257,2.332951,,11.437194,1.143719,6e-06,0.278462,2.0,4.0,0.0,0.028043,0.028043,99.971957,32.048078,0.459087,0.979275
2026-07-25 17:22:44,1211.52,47615,238,841.8954,595.2478,39.3,327.241852,-0.0,654.530334,2.332484,,11.450473,1.145047,5e-06,0.629263,4.0,9.0,0.55456,2.419192,2.973752,97.026248,31.031999,0.497446,0.979275
2026-07-25 17:22:57,1224.39,48127,240,525.1459,594.502,39.3,136.978607,-0.0,274.003876,2.333103,,6.974382,0.697438,5e-06,0.671589,4.0,8.0,0.159628,1.710965,1.870593,98.129407,31.495479,0.541919,0.978222
2026-07-25 17:23:10,1237.29,48639,243,686.1959,595.4672,39.3,212.030777,-0.0,424.108124,2.328456,,9.031783,0.903178,7e-06,0.350496,2.0,6.0,0.043434,0.417281,0.460715,99.539285,32.028165,0.477987,0.978222
2026-07-25 17:23:23,1250.35,49151,245,856.5862,598.1872,39.3,346.019409,0.0,692.085388,2.328684,,11.387264,1.138726,6e-06,0.308188,2.0,4.0,0.0,0.12439,0.12439,99.87561,32.094426,0.498308,0.978222
2026-07-25 17:23:36,1263.23,49663,248,811.5231,600.3865,39.3,323.483185,-0.0,647.012939,2.328928,,10.792641,1.079264,5e-06,0.229104,1.0,2.0,0.0,0.143573,0.143573,99.856427,31.914737,0.534636,0.978222
2026-07-25 17:23:48,1276.07,50175,250,555.6896,599.9304,39.3,206.66658,-0.0,413.379791,2.33216,,8.274135,0.827413,3e-06,0.928464,8.0,10.0,5.533603,8.012245,13.545848,86.454152,27.424582,0.496468,0.977409
2026-07-25 17:24:01,1289.16,50687,253,533.2315,599.2567,39.3,135.410919,0.0,270.8685,2.332694,,6.997392,0.699739,3e-06,0.928073,4.0,6.0,0.0,0.655891,0.655891,99.344109,31.603312,0.563549,0.977409
2026-07-25 17:24:15,1302.24,51199,256,761.7426,600.8816,39.3,295.129395,-0.0,590.305359,2.32961,,10.178338,1.017834,4e-06,0.34041,2.0,4.0,0.0,0.117072,0.117072,99.882928,31.981853,0.476329,0.977409
2026-07-25 17:24:28,1315.27,51711,258,698.6425,603.7987,39.3,255.520218,0.0,511.087006,2.328825,,9.559505,0.95595,4e-06,0.582501,3.0,10.0,0.528023,2.09799,2.626013,97.373987,30.993784,0.543667,0.977409
2026-07-25 17:24:41,1328.36,52223,261,679.8813,605.9353,39.3,215.643799,-0.0,431.334198,2.330161,,9.102538,0.910254,5e-06,0.816304,5.0,8.0,0.225194,1.939166,2.16436,97.83564,31.101523,0.527456,0.97631
2026-07-25 17:24:54,1341.44,52735,263,761.6395,607.9966,39.3,272.77951,-0.0,545.60553,2.324333,,10.000854,1.000085,6e-06,0.214963,1.0,3.0,0.0,0.070302,0.070302,99.929698,31.945001,0.469618,0.97631
2026-07-25 17:25:07,1354.48,53247,266,482.5031,605.5014,39.3,111.19854,0.0,222.44368,2.330029,,7.036871,0.703687,3e-06,1.660291,8.0,10.0,2.889828,7.542782,10.43261,89.56739,28.245013,0.57688,0.97631
2026-07-25 17:25:20,1367.57,53759,268,770.7951,607.7487,39.3,283.322113,-0.0,566.690613,2.320246,,10.308088,1.030809,8e-06,0.264508,2.0,4.0,0.0,0.183049,0.183049,99.816951,32.362103,0.509157,0.97631
2026-07-25 17:25:33,1380.58,54271,271,673.9299,608.6695,39.3,232.403152,0.0,464.852844,2.326415,,9.222416,0.922242,3e-06,1.131602,7.0,10.0,0.677824,3.739666,4.41749,95.58251,30.667424,0.542943,0.975391
2026-07-25 17:25:46,1393.53,54783,273,538.9743,605.3359,39.3,138.216217,-0.0,276.478973,2.327571,,7.922905,0.79229,4e-06,1.215652,8.0,10.0,4.679417,8.322621,13.002038,86.997962,27.593448,0.484194,0.975391
2026-07-25 17:25:59,1406.46,55295,276,517.4344,606.2026,39.3,134.787857,-0.0,269.622253,2.327292,,7.097964,0.709796,4e-06,0.560748,3.0,9.0,1.342471,2.211314,3.553785,96.446215,30.650435,0.540425,0.975391
2026-07-25 17:26:12,1419.36,55807,279,618.5747,607.5747,39.3,232.045624,0.0,464.137848,2.329546,,8.774594,0.877459,3e-06,0.783033,5.0,10.0,1.154731,3.142821,4.297552,95.702448,30.201452,0.544165,0.975391
2026-07-25 17:26:25,1432.36,56319,281,431.9135,608.2972,39.3,82.760757,-0.0,165.568039,2.326321,,5.631666,0.563167,5e-06,0.257849,1.0,2.0,0.0,0.0,0.0,100.0,31.754748,0.598446,0.974807
2026-07-25 17:26:38,1445.34,56831,284,392.4332,606.85,39.3,70.105934,0.0,140.258469,2.329747,,5.575017,0.557502,3e-06,0.82515,4.0,9.0,3.260564,3.851552,7.112116,92.887884,29.622353,0.553358,0.974807
2026-07-25 17:26:51,1458.31,57343,286,423.3823,603.7935,39.3,84.938095,0.0,169.922714,2.326022,,5.535959,0.553596,3e-06,0.322561,2.0,4.0,0.0,0.086034,0.086034,99.913966,31.904695,0.598653,0.974807
2026-07-25 17:27:04,1471.38,57855,289,567.2232,604.7561,39.3,127.994301,0.0,256.035126,2.326437,,7.62914,0.762914,4e-06,0.652983,3.0,10.0,0.870834,2.427352,3.298186,96.701814,30.684171,0.496426,0.974807
2026-07-25 17:27:17,1484.31,58367,291,778.1113,607.1621,39.3,278.121368,0.0,556.289185,2.323198,,10.49339,1.049339,5e-06,0.440017,2.0,9.0,0.744754,1.904821,2.649575,97.350425,31.15555,0.445064,0.973928
2026-07-25 17:27:30,1497.42,58879,294,730.9505,608.205,39.3,259.985565,0.0,520.017578,2.323607,,10.308013,1.030801,4e-06,1.0883,8.0,10.0,1.7692,5.55968,7.328879,92.671121,29.813523,0.546188,0.973928
2026-07-25 17:27:43,1510.49,59391,296,852.614,609.8996,39.3,335.56488,0.0,671.176208,2.322684,,11.757186,1.175719,3e-06,0.433337,2.0,8.0,2.720439,2.742365,5.462803,94.537197,30.046699,0.506985,0.973928
2026-07-25 17:27:56,1523.6,59903,299,617.8669,608.735,39.3,189.178589,0.0,378.403564,2.318719,,8.528624,0.852862,6e-06,0.50005,3.0,9.0,1.740761,2.914396,4.655156,95.344844,30.214398,0.482807,0.973928
2026-07-25 17:28:09,1536.71,60415,302,555.4421,605.5873,39.3,131.896912,-0.0,263.84024,2.320972,,7.858701,0.78587,4e-06,0.324901,1.0,9.0,4.631866,4.476582,9.108448,90.891552,28.91351,0.460201,0.973216
2026-07-25 17:28:22,1549.84,60927,304,814.795,609.3804,39.3,306.700958,0.0,613.448181,2.314274,,10.830648,1.083065,6e-06,0.24531,1.0,4.0,0.0,0.218183,0.218183,99.781817,31.772695,0.466264,0.973216
2026-07-25 17:28:35,1562.95,61439,307,834.4097,614.6723,39.3,297.762634,-0.0,595.571594,2.316307,,11.095644,1.109564,4e-06,0.224238,1.0,3.0,0.368037,0.553615,0.921652,99.078348,31.679279,0.458324,0.973216
2026-07-25 17:28:48,1575.86,61951,309,657.2361,617.8591,39.3,200.148026,-0.0,400.342346,2.315266,,9.015957,0.901596,5e-06,0.814468,6.0,9.0,1.903197,4.390682,6.29388,93.70612,30.137786,0.487343,0.973216
2026-07-25 17:29:01,1588.86,62463,312,676.284,621.8929,39.3,207.424194,-0.0,414.894623,2.311827,,9.01557,0.901557,5e-06,0.492683,3.0,8.0,0.169294,1.320183,1.489477,98.510523,31.606881,0.492882,0.972361
2026-07-25 17:29:14,1601.89,62975,314,730.8392,625.6553,39.3,248.65126,0.0,497.348846,2.316916,,9.863789,0.986379,3e-06,0.559276,3.0,8.0,0.519795,1.565665,2.08546,97.91454,31.125074,0.490983,0.972361
2026-07-25 17:29:27,1614.82,63487,317,724.887,626.7398,39.3,259.326843,-0.0,518.700012,2.316167,,9.749204,0.97492,4e-06,0.642555,3.0,8.0,0.455366,1.722541,2.177907,97.822093,30.907427,0.523854,0.972361
2026-07-25 17:29:40,1627.78,63999,320,634.84,624.7265,39.3,189.064758,0.0,378.175873,2.317611,,8.704639,0.870464,3e-06,1.129418,7.0,10.0,1.478152,4.575012,6.053164,93.946836,30.389321,0.518189,0.971432
2026-07-25 17:29:53,1640.72,64511,322,632.1234,621.9768,39.3,187.972656,0.0,375.991699,2.318628,,8.517594,0.851759,3e-06,0.570173,3.0,9.0,0.754764,1.852883,2.607647,97.392353,31.357865,0.505346,0.971432
2026-07-25 17:30:06,1653.67,65023,325,475.4427,619.0068,39.3,103.961166,0.0,207.968674,2.316967,,6.603819,0.660382,4e-06,0.902009,7.0,10.0,1.788656,4.522145,6.3108,93.6892,29.934884,0.522715,0.971432
2026-07-25 17:30:19,1666.72,65535,327,675.0949,618.0968,39.3,226.113083,-0.0,452.272461,2.314742,,8.94342,0.894342,5e-06,0.351443,2.0,5.0,0.0,0.299106,0.299106,99.700894,31.843189,0.481701,0.971432
2026-07-25 17:30:32,1679.61,66047,330,877.9498,619.2252,39.3,352.145782,-0.0,704.33783,2.314381,,11.780933,1.178093,7e-06,0.374688,2.0,6.0,0.042433,0.67421,0.716643,99.283357,31.473006,0.46086,0.970455
2026-07-25 17:30:45,1692.57,66559,332,472.7548,616.4043,39.3,92.989182,0.0,186.024689,2.31597,,6.398252,0.639825,6e-06,0.601807,5.0,9.0,0.900041,2.815953,3.715994,96.284006,30.727555,0.535957,0.970455
2026-07-25 17:30:58,1705.56,67071,335,598.4334,614.9202,39.3,144.529007,-0.0,289.104431,2.320366,,7.922251,0.792225,4e-06,0.679692,4.0,8.0,0.0939,1.518044,1.611944,98.388056,31.249841,0.502274,0.970455
2026-07-25 17:31:11,1718.52,67583,337,807.3576,617.2562,39.3,291.282471,0.0,582.611328,2.31871,,10.688196,1.06882,6e-06,0.341862,2.0,6.0,0.089294,0.437071,0.526365,99.473635,31.737989,0.486507,0.970455
2026-07-25 17:31:24,1731.57,68095,340,799.622,619.1954,39.3,258.626678,0.0,517.299744,2.318767,,10.525546,1.052555,7e-06,0.134013,1.0,2.0,0.0,0.0,0.0,100.0,31.900837,0.447195,0.969402
2026-07-25 17:31:37,1744.62,68607,343,887.7435,623.1016,39.3,329.739288,0.0,659.525024,2.321463,,12.074154,1.207415,6e-06,0.334246,1.0,8.0,1.948345,2.616971,4.565315,95.434685,30.515769,0.441106,0.969402
2026-07-25 17:31:50,1757.63,69119,345,699.1349,623.1508,39.3,222.959854,0.0,445.966217,2.326036,,9.447405,0.94474,4e-06,0.791865,6.0,9.0,0.651119,2.931601,3.58272,96.41728,30.728222,0.48121,0.969402
2026-07-25 17:32:03,1770.6,69631,348,723.2804,624.5878,39.3,218.371948,0.0,436.790436,2.326641,,10.362513,1.036251,4e-06,0.386831,2.0,10.0,6.666563,5.982416,12.64898,87.35102,28.075932,0.442671,0.969402
2026-07-25 17:32:16,1783.59,70143,350,741.3308,626.5051,39.3,258.673615,0.0,517.393738,2.326519,,10.091756,1.009176,4e-06,0.308128,1.0,4.0,2.378427,2.205309,4.583736,95.416264,30.478505,0.475986,0.96873
2026-07-25 17:32:29,1796.6,70655,353,693.8039,625.6828,39.3,200.183685,0.0,400.41391,2.326524,,9.227786,0.922779,6e-06,0.34903,2.0,6.0,1.08762,1.214378,2.301998,97.698002,31.129816,0.445371,0.96873
2026-07-25 17:32:42,1809.64,71167,355,636.3872,621.6421,39.3,175.643387,0.0,351.333374,2.329756,,8.647878,0.864788,4e-06,0.739671,6.0,9.0,1.393505,3.565688,4.959194,95.040806,30.391873,0.457718,0.96873
2026-07-25 17:32:55,1822.68,71679,358,597.5147,619.0193,39.3,145.23732,0.0,290.521301,2.332452,,8.023667,0.802367,3e-06,0.779692,4.0,8.0,0.098398,1.560304,1.658701,98.341299,31.341189,0.550812,0.96873
2026-07-25 17:33:08,1835.67,72191,360,937.7736,622.535,39.3,421.6922,-0.0,843.430969,2.328012,,12.753834,1.275383,6e-06,0.208633,1.0,3.0,0.0,0.031298,0.031298,99.968702,31.936674,0.503895,0.967859
2026-07-25 17:33:21,1848.54,72703,363,750.437,626.6285,39.3,275.262756,0.0,550.572205,2.333382,,10.094966,1.009497,6e-06,0.729777,5.0,9.0,0.44817,2.330482,2.778651,97.221349,30.757343,0.511027,0.967859
2026-07-25 17:33:34,1861.53,73215,366,672.4147,627.7442,39.3,181.899536,-0.0,363.845764,2.334373,,9.000518,0.900052,5e-06,0.74588,5.0,9.0,0.216971,1.936904,2.153875,97.846125,30.798195,0.463039,0.967859
2026-07-25 17:33:47,1874.46,73727,368,675.0103,628.056,39.3,214.635361,0.0,429.317444,2.336054,,9.159222,0.915922,5e-06,0.473625,2.0,8.0,1.441125,2.511004,3.95213,96.04787,30.543696,0.501216,0.967859
2026-07-25 17:34:00,1887.51,74239,371,505.6685,629.4103,39.3,151.77623,0.0,303.599182,2.335542,,6.727879,0.672788,5e-06,0.265394,1.0,3.0,0.0,0.0373,0.0373,99.9627,32.066528,0.590713,0.966873
2026-07-25 17:34:13,1900.47,74751,373,256.7318,627.8881,39.3,30.973475,-0.0,61.993801,2.342557,,4.062856,0.406286,2e-06,0.988222,6.0,10.0,4.845082,6.358489,11.203571,88.796429,28.371936,0.620131,0.966873
2026-07-25 17:34:26,1913.53,75263,376,352.6727,625.9122,39.3,45.145412,-0.0,90.337585,2.337839,,4.592572,0.459257,6e-06,0.284724,2.0,3.0,0.0,0.0,0.0,100.0,31.822617,0.6419,0.966873
2026-07-25 17:34:39,1926.64,75775,378,669.4685,624.5182,39.3,233.924728,-0.0,467.89621,2.337155,,9.058493,0.905849,7e-06,0.510383,2.0,9.0,0.722609,1.817471,2.54008,97.45992,31.067102,0.524147,0.966873
2026-07-25 17:34:52,1939.58,76287,381,831.1977,626.5776,39.3,367.733429,0.0,735.513611,2.337274,,11.258639,1.125864,6e-06,0.338592,2.0,4.0,0.090044,0.279447,0.369491,99.630509,32.105297,0.53392,0.966026
2026-07-25 17:35:05,1952.75,76799,384,808.5924,627.5529,39.3,305.682678,-0.0,611.412109,2.337279,,10.767001,1.0767,6e-06,0.440276,2.0,4.0,0.0,0.116268,0.116268,99.883732,32.136506,0.489137,0.966026
2026-07-25 17:35:18,1965.88,77311,386,747.7329,628.709,39.3,235.421112,0.0,470.888977,2.337137,,9.939137,0.993914,4e-06,0.571085,4.0,8.0,0.276726,1.657262,1.933988,98.066012,31.630006,0.481731,0.966026
2026-07-25 17:35:31,1978.98,77823,389,409.6647,625.2138,39.3,65.354637,0.0,130.756012,2.336754,,5.590282,0.559028,5e-06,0.898669,6.0,9.0,0.519222,3.037605,3.556827,96.443173,30.783205,0.59507,0.966026
2026-07-25 17:35:44,1992.01,78335,391,481.6887,624.522,39.3,91.662315,-0.0,183.371399,2.338324,,6.788233,0.678823,2e-06,1.41349,7.0,10.0,2.399095,5.90897,8.308065,91.691935,29.119335,0.471438,0.965069
2026-07-25 17:35:57,2005.02,78847,394,628.2112,625.4614,39.3,161.275925,0.0,322.598602,2.338056,,8.495269,0.849527,4e-06,0.700877,4.0,10.0,1.257356,2.961175,4.218531,95.781469,30.161306,0.496029,0.965069
2026-07-25 17:36:10,2018.11,79359,396,559.567,626.446,39.3,147.538315,-0.0,295.123383,2.337687,,7.762156,0.776216,3e-06,1.005488,7.0,10.0,1.658481,4.843645,6.502126,93.497874,29.62843,0.516301,0.965069
2026-07-25 17:36:23,2031.12,79871,399,702.9146,627.4548,39.3,273.309875,-0.0,546.666443,2.333939,,9.608274,0.960827,6e-06,0.427432,2.0,6.0,0.014,0.633098,0.647098,99.352902,31.897817,0.596448,0.965069
2026-07-25 17:36:36,2044.11,80383,401,731.577,628.3264,39.3,294.13562,0.0,588.317871,2.332337,,10.015537,1.001554,6e-06,0.166664,1.0,2.0,0.0,0.0,0.0,100.0,31.88787,0.570824,0.964216
2026-07-25 17:36:49,2057.04,80895,404,525.9978,626.1243,39.3,126.574448,-0.0,253.195602,2.33564,,7.044481,0.704448,4e-06,0.220766,1.0,2.0,0.0,0.0,0.0,100.0,31.846309,0.581732,0.964216
2026-07-25 17:37:02,2069.99,81407,407,639.4892,624.8799,39.3,168.483261,0.0,337.013275,2.337236,,8.411554,0.841155,4e-06,0.54841,3.0,6.0,0.007801,0.571027,0.578828,99.421172,31.699651,0.479654,0.964216
2026-07-25 17:37:15,2082.83,81919,409,507.4429,622.6407,39.3,111.463081,0.0,222.972931,2.338052,,6.856883,0.685688,3e-06,0.8175,5.0,9.0,0.956753,2.786794,3.743547,96.256453,31.010536,0.474473,0.964216
2026-07-25 17:37:28,2095.81,82431,412,317.1532,621.2775,39.3,38.933128,0.0,77.913017,2.337861,,4.524783,0.452478,4e-06,1.007317,7.0,10.0,1.454029,4.633838,6.087866,93.912134,29.814351,0.618549,0.963146
2026-07-25 17:37:41,2108.73,82943,414,458.3273,621.9789,39.3,90.339767,0.0,180.726181,2.33254,,5.977178,0.597718,8e-06,0.219068,1.0,2.0,0.0,0.0,0.0,100.0,32.086236,0.57127,0.963146
2026-07-25 17:37:54,2121.74,83455,417,414.6365,620.4261,39.3,63.915314,-0.0,127.877342,2.335621,,5.836353,0.583635,3e-06,0.912908,7.0,10.0,2.035781,4.807051,6.842832,93.157168,29.881983,0.537352,0.963146
2026-07-25 17:38:07,2134.67,83967,419,753.524,621.2203,39.3,247.346771,-0.0,494.740204,2.333322,,10.189081,1.018908,4e-06,0.64199,3.0,9.0,1.153726,2.429061,3.582788,96.417212,30.803568,0.506008,0.963146
2026-07-25 17:38:20,2147.62,84479,422,870.2551,621.6684,39.3,358.305298,0.0,716.657227,2.330756,,11.878629,1.187863,4e-06,0.68881,4.0,8.0,0.114291,1.230586,1.344877,98.655123,31.463612,0.530125,0.962306
2026-07-25 17:38:33,2160.57,84991,424,543.0409,620.3028,39.3,145.609818,0.0,291.266205,2.328917,,7.466426,0.746643,4e-06,1.053366,7.0,10.0,1.159966,4.562015,5.721982,94.278018,30.159988,0.535176,0.962306
2026-07-25 17:38:46,2173.64,85503,427,427.8801,617.9601,39.3,71.453842,0.0,142.954208,2.326207,,5.671766,0.567177,5e-06,0.533422,3.0,7.0,0.120183,1.050831,1.171014,98.828986,31.926464,0.596213,0.962306
2026-07-25 17:38:59,2186.68,86015,430,820.6115,621.0081,39.3,309.627991,0.0,619.302551,2.32967,,11.44413,1.144413,6e-06,0.750356,5.0,10.0,1.628553,3.741481,5.370034,94.629966,30.182982,0.484648,0.961413
2026-07-25 17:39:12,2199.66,86527,432,669.4885,624.4964,39.3,195.965668,0.0,391.978027,2.335124,,9.276556,0.927656,4e-06,0.77477,4.0,10.0,3.285774,4.393425,7.679199,92.320801,29.759111,0.479528,0.961413
2026-07-25 17:39:25,2212.66,87039,435,870.9029,625.968,39.3,323.477234,-0.0,647.00116,2.333545,,11.616689,1.161669,4e-06,0.360767,2.0,5.0,0.0,0.20846,0.20846,99.79154,32.029456,0.479306,0.961413
2026-07-25 17:39:38,2225.7,87551,437,611.5016,627.4502,39.3,144.021286,0.0,288.089325,2.338004,,8.13367,0.813367,3e-06,0.864773,5.0,8.0,0.116721,1.417766,1.534487,98.465513,31.531478,0.483567,0.961413
2026-07-25 17:39:51,2238.75,88063,440,584.9391,628.3652,39.3,132.044403,-0.0,264.135529,2.335517,,7.774626,0.777463,5e-06,0.341906,1.0,7.0,0.567845,1.318212,1.886057,98.113943,31.328154,0.481367,0.96046
2026-07-25 17:40:04,2251.84,88575,442,420.5373,627.8902,39.3,84.63279,-0.0,169.312363,2.339061,,6.091848,0.609185,3e-06,1.097126,7.0,10.0,3.610091,5.79717,9.407261,90.592739,28.800641,0.55384,0.96046
2026-07-25 17:40:17,2264.79,89087,445,680.6827,631.4143,39.3,204.797562,0.0,409.641907,2.339458,,9.235575,0.923558,6e-06,1.09399,6.0,9.0,0.988398,3.667848,4.656247,95.343753,30.317924,0.456357,0.96046
2026-07-25 17:40:30,2277.73,89599,448,674.0633,637.6111,39.3,200.382187,0.0,400.811188,2.340333,,9.002674,0.900267,5e-06,0.564909,3.0,9.0,0.410822,1.774501,2.185323,97.814677,31.296354,0.467601,0.96046
2026-07-25 17:40:43,2290.56,90111,450,485.5101,634.5178,39.3,109.273178,0.0,218.593246,2.344519,,6.484287,0.648429,4e-06,0.598808,4.0,8.0,0.290943,1.684655,1.975598,98.024402,31.210459,0.52867,0.959728
2026-07-25 17:40:56,2303.44,90623,453,552.6596,633.0678,39.3,173.279175,0.0,346.605286,2.347398,,7.595653,0.759565,4e-06,0.82326,6.0,10.0,1.034267,2.990142,4.024409,95.975591,30.493311,0.56428,0.959728
2026-07-25 17:41:09,2316.35,91135,455,714.584,634.2287,39.3,212.271988,-0.0,424.590912,2.347435,,9.469022,0.946902,4e-06,0.685125,4.0,7.0,0.116712,1.064409,1.181121,98.818879,31.713318,0.49326,0.959728
2026-07-25 17:41:22,2329.47,91647,458,429.3942,631.6809,39.3,88.405441,0.0,176.857864,2.349295,,6.264738,0.626474,4e-06,1.095341,7.0,10.0,3.689221,6.520012,10.209232,89.790768,28.536675,0.579769,0.959728
2026-07-25 17:41:35,2342.42,92159,460,325.608,629.0593,39.3,45.031776,0.0,90.110512,2.347826,,4.352923,0.435292,6e-06,0.645732,4.0,8.0,0.359302,1.62467,1.983972,98.016028,31.276444,0.675707,0.958938
2026-07-25 17:41:48,2355.45,92671,463,266.429,626.2981,39.3,27.934988,-0.0,55.916969,2.349581,,4.125138,0.412514,1e-06,1.516741,8.0,10.0,3.824596,6.980359,10.804955,89.195045,28.131426,0.62048,0.958938
2026-07-25 17:42:01,2368.44,93183,465,525.4602,627.474,39.3,155.353043,-0.0,310.753082,2.349856,,7.315253,0.731525,5e-06,0.716339,5.0,9.0,2.744335,3.789424,6.533759,93.466241,29.939186,0.531238,0.958938
2026-07-25 17:42:14,2381.58,93695,468,511.0603,628.754,39.3,126.771942,0.0,253.590866,2.349051,,7.217927,0.721793,6e-06,0.336081,1.0,7.0,3.722539,3.55511,7.277649,92.722351,29.50945,0.526418,0.958938
2026-07-25 17:42:27,2394.63,94207,471,840.697,630.8272,39.3,313.226562,0.0,626.500122,2.350493,,11.621265,1.162127,5e-06,0.712317,4.0,10.0,2.5075,3.555977,6.063477,93.936523,29.632091,0.479852,0.958347
2026-07-25 17:42:40,2407.66,94719,473,735.965,633.7805,39.3,254.653381,-0.0,509.353821,2.35239,,10.170262,1.017026,4e-06,0.612169,3.0,9.0,2.599192,3.696803,6.295995,93.704005,29.784344,0.435736,0.958347
2026-07-25 17:42:53,2420.78,95231,476,674.345,636.1859,39.3,199.955826,0.0,399.95871,2.352643,,9.073778,0.907378,6e-06,0.44264,2.0,9.0,1.495886,2.281227,3.777113,96.222887,30.935101,0.424979,0.958347
2026-07-25 17:43:06,2433.8,95743,478,920.2273,640.0517,39.3,399.40274,0.0,798.852539,2.353774,,12.902995,1.290299,5e-06,0.867266,6.0,10.0,2.580024,5.066907,7.646931,92.353069,29.615484,0.467883,0.958347
2026-07-25 17:43:19,2446.83,96255,481,812.7091,644.0763,39.3,299.812958,0.0,599.672974,2.353292,,10.878254,1.087825,5e-06,0.405576,2.0,6.0,0.0,0.580331,0.580331,99.419669,31.671637,0.493474,0.957727
2026-07-25 17:43:32,2459.88,96767,483,479.8846,641.46,39.3,107.315933,0.0,214.678955,2.354679,,6.401059,0.640106,5e-06,0.723345,5.0,9.0,0.263728,1.970111,2.233839,97.766161,31.077633,0.544154,0.957727
2026-07-25 17:43:45,2472.83,97279,486,241.1619,637.4261,39.3,27.390326,-0.0,54.827778,2.356275,,3.47373,0.347373,4e-06,1.142972,8.0,10.0,1.073718,4.660094,5.733812,94.266188,29.895401,0.731828,0.957727
2026-07-25 17:43:58,2485.74,97791,488,360.8084,633.0399,39.3,56.915646,-0.0,113.878395,2.355327,,5.265083,0.526508,2e-06,1.334432,7.0,10.0,2.84324,6.318137,9.161377,90.838623,28.855102,0.547649,0.957727
2026-07-25 17:44:11,2498.73,98303,491,374.9966,628.1888,39.3,48.016479,-0.0,96.080032,2.353758,,4.895707,0.489571,7e-06,0.224906,1.0,3.0,0.07852,0.109928,0.188448,99.811552,31.771392,0.604044,0.956947
2026-07-25 17:44:24,2511.71,98815,494,481.7353,624.5872,39.3,113.971054,0.0,227.989258,2.357581,,6.77335,0.677335,3e-06,1.137111,7.0,10.0,1.833035,5.46176,7.294795,92.705205,29.504663,0.528981,0.956947
2026-07-25 17:44:37,2524.69,99327,496,418.406,623.5198,39.3,102.922188,0.0,205.891525,2.357725,,5.961905,0.596191,4e-06,0.597222,3.0,9.0,3.026373,4.026311,7.052684,92.947316,29.727001,0.614979,0.956947
2026-07-25 17:44:50,2537.54,99839,499,476.4126,621.422,39.3,112.157188,-0.0,224.361496,2.356194,,6.502326,0.650233,7e-06,0.355302,2.0,8.0,2.001509,2.251502,4.253011,95.746989,30.461572,0.595203,0.956947
2026-07-25 17:45:03,2550.5,100351,501,428.074,617.1369,39.3,74.424461,0.0,148.896072,2.357476,,5.685587,0.568559,4e-06,0.491339,2.0,7.0,0.30969,1.177451,1.487141,98.512859,31.206321,0.55277,0.956199
2026-07-25 17:45:16,2563.54,100863,504,486.9445,613.8911,39.3,87.36467,0.0,174.776474,2.356731,,6.443069,0.644307,6e-06,0.404938,2.0,5.0,0.141986,0.653758,0.795744,99.204256,31.797257,0.517604,0.956199
2026-07-25 17:45:29,2576.48,101375,506,538.4886,613.7191,39.3,123.256363,0.0,246.559891,2.358394,,7.107686,0.710769,4e-06,0.577025,4.0,8.0,0.063953,1.333645,1.397598,98.602402,31.52665,0.504566,0.956199
2026-07-25 17:45:42,2589.5,101887,509,386.0434,612.2472,39.3,55.872726,0.0,111.792625,2.358458,,5.042437,0.504244,4e-06,0.387966,2.0,4.0,0.0,0.15185,0.15185,99.84815,31.744184,0.561706,0.956199
2026-07-25 17:45:55,2602.67,102399,512,414.5248,608.775,39.3,64.090317,0.0,128.227783,2.35736,,5.715775,0.571578,5e-06,1.140433,7.0,10.0,0.976097,4.574868,5.550964,94.449036,30.186923,0.528661,0.955087
2026-07-25 17:46:08,2615.8,102911,514,487.6048,606.6647,39.3,119.14946,-0.0,238.346054,2.356898,,6.870126,0.687013,5e-06,0.786909,5.0,10.0,2.694765,4.503773,7.198538,92.801462,29.652002,0.573442,0.955087
2026-07-25 17:46:21,2628.85,103423,517,547.5493,605.3413,39.3,153.090118,0.0,306.227356,2.356561,,7.404625,0.740462,3e-06,0.37402,2.0,3.0,0.0,0.119128,0.119128,99.880872,31.683562,0.582405,0.955087
2026-07-25 17:46:34,2641.93,103935,519,678.158,604.5065,39.3,195.738419,-0.0,391.523895,2.352998,,9.05441,0.905441,7e-06,0.4089,2.0,9.0,0.768328,1.840232,2.60856,97.39144,31.142954,0.431794,0.955087
2026-07-25 17:46:47,2655.09,104447,522,536.2768,605.0443,39.3,142.591705,-0.0,285.230438,2.351689,,7.412827,0.741283,7e-06,0.315421,1.0,10.0,2.630798,3.14321,5.774008,94.225992,30.087825,0.507974,0.954253
2026-07-25 17:47:00,2668.1,104959,524,810.4363,605.4407,39.3,303.241302,-0.0,606.529602,2.350832,,10.803817,1.080382,6e-06,0.160275,1.0,2.0,0.0,0.0,0.0,100.0,32.032497,0.474282,0.954253
2026-07-25 17:47:13,2681.12,105471,527,747.2884,606.1743,39.3,242.258545,0.0,484.564117,2.35156,,10.157608,1.015761,4e-06,0.691558,6.0,9.0,0.54092,2.671863,3.212783,96.787217,30.876484,0.491399,0.954253
2026-07-25 17:47:26,2694.16,105983,529,465.1042,605.4356,39.3,84.217148,-0.0,168.481308,2.350982,,6.799853,0.679985,2e-06,1.175497,7.0,10.0,4.29803,6.812386,11.110416,88.889584,28.227767,0.50547,0.954253
2026-07-25 17:47:39,2707.05,106495,532,462.0191,604.8814,39.3,75.887718,0.0,151.822372,2.346659,,6.212512,0.621251,7e-06,0.614367,3.0,8.57,0.537492,1.815979,2.353471,97.646529,31.281575,0.539152,0.953548
2026-07-25 17:47:52,2719.99,107007,535,383.5015,602.5307,39.3,61.493942,-0.0,123.034828,2.34721,,5.198207,0.519821,5e-06,0.57242,3.0,9.0,0.934434,2.05203,2.986465,97.013535,31.069092,0.586716,0.953548
2026-07-25 17:48:05,2732.93,107519,537,376.3497,601.975,39.3,62.139526,0.0,124.325951,2.344788,,5.241908,0.524191,4e-06,0.356181,2.0,8.0,2.531862,2.879585,5.411447,94.588553,30.49958,0.554719,0.953548
2026-07-25 17:48:18,2745.8,108031,540,638.3157,604.4339,39.3,189.399765,0.0,378.846405,2.343572,,8.729007,0.872901,4e-06,0.917002,7.0,10.0,0.857527,4.267548,5.125075,94.874925,30.411222,0.493724,0.952726
2026-07-25 17:48:31,2758.81,108543,542,819.1174,608.3912,39.3,311.614166,0.0,623.275146,2.339245,,11.108544,1.110854,5e-06,0.622304,4.0,9.0,0.552119,2.557996,3.110114,96.889886,31.375923,0.481196,0.952726
2026-07-25 17:48:44,2771.77,109055,545,652.4445,609.2434,39.3,162.025986,0.0,324.098724,2.336993,,8.736682,0.873668,6e-06,0.486962,2.0,9.0,0.532959,2.415459,2.948418,97.051582,31.054245,0.455156,0.952726
2026-07-25 17:48:57,2784.75,109567,547,475.8237,606.2205,39.3,93.134186,0.0,186.315079,2.335498,,6.280329,0.628033,4e-06,0.403244,2.0,6.0,0.101883,0.791911,0.893794,99.106206,32.064071,0.558707,0.952726
2026-07-25 17:49:10,2797.78,110079,550,379.1172,602.7022,39.3,52.342487,-0.0,104.731644,2.333351,,5.356116,0.535612,3e-06,0.779388,6.0,10.0,1.568748,4.363273,5.932021,94.067979,30.392197,0.570216,0.951833
2026-07-25 17:49:23,2810.79,110591,552,560.0845,599.7769,39.3,117.50341,0.0,235.053375,2.327673,,7.308664,0.730866,6e-06,0.161611,1.0,2.0,0.0,0.0,0.0,100.0,32.3895,0.43051,0.951833
2026-07-25 17:49:36,2823.91,111103,555,560.7108,599.2054,39.3,143.745651,0.0,287.537903,2.33034,,7.631639,0.763164,3e-06,0.695509,4.0,9.0,1.816747,2.804042,4.620789,95.379211,30.545543,0.485228,0.951833
2026-07-25 17:49:49,2836.96,111615,558,447.1222,598.1222,39.3,168.016541,-0.0,336.079681,2.329363,,7.428891,0.742889,1e-06,1.888163,10.0,10.0,9.08949,13.456316,22.545806,77.454194,24.608747,0.49235,0.951833
2026-07-25 17:50:02,2850.01,112127,560,1018.2387,600.1566,39.3,435.963806,-0.0,871.97406,2.322884,,13.951405,1.39514,2e-06,0.752215,4.0,7.0,0.124673,1.150106,1.274779,98.725221,31.551972,0.494315,0.95133
2026-07-25 17:50:15,2863.07,112639,563,766.0575,599.4731,39.3,324.243469,0.0,648.533325,2.318909,,10.581906,1.058191,5e-06,0.33117,2.0,5.0,0.0,0.168566,0.168566,99.831434,31.968678,0.549316,0.95133
2026-07-25 17:50:28,2875.97,113151,565,696.723,599.8679,39.3,220.948761,-0.0,441.943848,2.315732,,9.192376,0.919238,6e-06,0.170682,1.0,2.0,0.0,0.0,0.0,100.0,32.045456,0.467774,0.95133
2026-07-25 17:50:41,2888.97,113663,568,901.3867,602.119,39.3,389.185913,0.0,778.418152,2.315998,,12.244254,1.224425,5e-06,0.226957,1.0,2.0,0.0,0.0,0.0,100.0,32.244716,0.515825,0.95133
2026-07-25 17:50:54,2902.0,114175,570,504.4374,599.855,39.3,126.40995,-0.0,252.866318,2.32051,,6.959817,0.695982,2e-06,0.893058,4.0,10.0,2.252706,2.932388,5.185093,94.814907,30.471112,0.535174,0.950273
2026-07-25 17:51:07,2914.94,114687,573,481.1039,597.4171,39.3,88.138489,0.0,176.323288,2.315491,,6.897613,0.689761,2e-06,1.078804,8.0,10.0,2.917069,6.406021,9.32309,90.67691,28.97228,0.49425,0.950273
2026-07-25 17:51:20,2927.86,115199,576,506.9219,596.1379,39.3,103.663635,-0.0,207.373489,2.311167,,6.672245,0.667224,5e-06,0.180405,1.0,2.0,0.0,0.0,0.0,100.0,32.100355,0.537314,0.950273
2026-07-25 17:51:33,2940.85,115711,578,544.0223,595.2569,39.3,140.423172,-0.0,280.892548,2.31056,,7.179555,0.717955,5e-06,0.297384,2.0,3.0,0.0,0.0,0.0,100.0,31.939274,0.584523,0.950273
2026-07-25 17:51:46,2953.86,116223,581,593.4441,596.4369,39.3,158.817383,0.0,317.680908,2.306779,,7.843088,0.784309,6e-06,0.255612,2.0,3.0,0.0,0.043735,0.043735,99.956265,31.920121,0.517194,0.949301
2026-07-25 17:51:59,2966.79,116735,583,589.6257,595.5822,39.3,157.883713,0.0,315.813568,2.307383,,7.828184,0.782818,5e-06,0.31142,2.0,4.0,0.0,0.059499,0.059499,99.940501,31.883295,0.504121,0.949301
2026-07-25 17:52:12,2979.68,117247,586,585.673,592.6595,39.3,158.114883,0.0,316.27594,2.30811,,8.034793,0.803479,3e-06,0.80942,5.0,9.0,0.127754,1.955743,2.083498,97.916502,30.844323,0.555857,0.949301
2026-07-25 17:52:25,2992.65,117759,588,497.1721,592.9037,39.3,122.953247,0.0,245.952637,2.306823,,6.836648,0.683665,3e-06,0.586567,3.0,10.0,1.564994,2.70118,4.266174,95.733826,30.571406,0.557883,0.949301
2026-07-25 17:52:38,3005.55,118271,591,277.2174,589.6915,39.4,26.43293,0.0,52.912075,2.31068,,4.108134,0.410813,2e-06,1.07359,7.0,10.0,2.44851,5.387033,7.835542,92.164458,29.428138,0.625447,0.948353
2026-07-25 17:52:51,3018.52,118783,593,266.8602,584.2865,39.4,22.298569,-0.0,44.643337,2.309945,,4.058662,0.405866,2e-06,1.293108,8.0,10.0,3.043967,6.73854,9.782507,90.217493,28.728755,0.586558,0.948353
2026-07-25 17:53:04,3031.46,119295,596,282.797,579.1183,39.4,22.005224,0.0,44.05658,2.306587,,3.743593,0.374359,2e-06,0.644742,3.0,6.0,0.168057,0.543436,0.711492,99.288508,31.481394,0.659145,0.948353
2026-07-25 17:53:17,3044.53,119807,599,489.084,575.1317,39.4,99.120766,-0.0,198.287613,2.304273,,6.548402,0.65484,2e-06,0.711323,3.0,6.0,0.046789,0.661281,0.708069,99.291931,31.632204,0.568127,0.948353
2026-07-25 17:53:30,3057.66,120319,601,700.8415,575.1487,39.4,237.650696,-0.0,475.347473,2.303416,,10.004743,1.000474,2e-06,1.182578,8.0,10.0,2.640141,6.205262,8.845403,91.154597,29.278802,0.469558,0.947648
2026-07-25 17:53:43,3070.67,120831,604,398.9511,571.9054,39.4,55.751781,0.0,111.54966,2.304858,,5.900894,0.590089,2e-06,1.160581,7.0,10.0,4.572156,6.345417,10.917572,89.082428,28.223234,0.531692,0.947648
2026-07-25 17:53:56,3083.71,121343,606,541.502,569.9072,39.3,109.084251,0.0,218.214478,2.298708,,7.105493,0.710549,3e-06,0.382287,2.0,4.0,0.037599,0.289828,0.327427,99.672573,31.796576,0.494092,0.947648
2026-07-25 17:54:09,3096.8,121855,609,494.0586,567.9097,39.3,94.542419,0.0,189.130783,2.296906,,6.52017,0.652017,2e-06,0.568747,3.0,6.0,0.045116,0.681405,0.72652,99.27348,31.883305,0.526999,0.947648
2026-07-25 17:54:22,3109.79,122367,611,550.7642,567.0535,39.3,125.315659,0.0,250.6772,2.294243,,7.24947,0.724947,3e-06,0.439631,2.0,6.0,0.088784,0.595006,0.68379,99.31621,31.843244,0.483958,0.946824
2026-07-25 17:54:35,3122.91,122879,614,676.5831,567.8442,39.3,228.290466,0.0,456.62677,2.291896,,9.111694,0.911169,3e-06,0.612579,3.0,6.0,0.0,0.777573,0.777573,99.222427,31.807156,0.510952,0.946824
2026-07-25 17:54:48,3135.92,123391,616,758.8057,566.0545,39.3,243.984192,0.0,488.01416,2.288671,,10.338158,1.033816,4e-06,0.543783,3.0,7.0,0.101355,1.010432,1.111787,98.888213,31.617603,0.444415,0.946824
2026-07-25 17:55:01,3148.94,123903,619,470.2784,563.2529,39.3,84.342636,0.0,168.73111,2.292153,,6.506931,0.650693,2e-06,1.370158,7.0,10.0,0.825656,4.797268,5.622924,94.377076,29.818417,0.518739,0.946824
2026-07-25 17:55:14,3161.88,124415,622,758.8078,564.1168,39.3,259.459442,-0.0,518.964661,2.288599,,10.311585,1.031159,4e-06,0.37939,2.0,9.0,0.622349,1.512524,2.134873,97.865127,31.426918,0.467452,0.945857
2026-07-25 17:55:27,3174.69,124927,624,860.9741,565.9765,39.4,351.081604,0.0,702.208984,2.290078,,11.714676,1.171468,2e-06,0.700316,4.0,8.0,0.044929,1.513626,1.558554,98.441446,31.794758,0.513609,0.945857
2026-07-25 17:55:40,3187.58,125439,627,801.3613,568.9334,39.4,252.857437,0.0,505.76059,2.286406,,10.667781,1.066778,2e-06,0.453262,2.0,5.0,0.0,0.186333,0.186333,99.813667,31.794796,0.448877,0.945857
2026-07-25 17:55:53,3200.56,125951,629,602.8552,572.3946,39.4,134.331436,-0.0,268.708496,2.281888,,8.043575,0.804358,4e-06,0.327629,2.0,4.0,0.0,0.09865,0.09865,99.90135,31.876601,0.467347,0.945857
2026-07-25 17:56:06,3213.59,126463,632,521.7291,574.0852,39.4,98.277275,0.0,196.60025,2.284944,,7.448313,0.744831,2e-06,0.811275,6.0,10.0,4.059809,6.016662,10.076471,89.923529,28.737406,0.426611,0.944695
2026-07-25 17:56:19,3226.59,126975,634,518.9983,572.5805,39.4,91.529442,0.0,183.104568,2.283942,,6.889893,0.688989,3e-06,0.643994,3.0,8.0,0.273459,1.293851,1.56731,98.43269,31.313624,0.443483,0.944695
2026-07-25 17:56:32,3239.7,127487,637,590.7744,570.1763,39.4,145.846329,-0.0,291.738312,2.282341,,7.838023,0.783802,4e-06,0.292611,1.0,5.0,0.0,0.250336,0.250336,99.749664,31.817744,0.444944,0.944695
2026-07-25 17:56:45,3252.69,127999,640,689.286,568.9832,39.4,190.822845,0.0,381.691376,2.284757,,9.201195,0.92012,3e-06,0.390272,2.0,5.0,0.07669,0.59317,0.669859,99.330141,31.76491,0.447473,0.9438
2026-07-25 17:56:58,3265.72,128511,642,416.5503,565.6714,39.4,79.986168,-0.0,160.018097,2.28792,,5.485325,0.548533,4e-06,0.222143,1.0,2.0,0.0,0.007895,0.007895,99.992105,31.640253,0.578191,0.9438
2026-07-25 17:57:11,3278.82,129023,645,637.6978,567.9517,39.4,189.689316,-0.0,379.424408,2.289081,,8.619624,0.861962,3e-06,0.673955,4.0,8.0,0.097801,1.429157,1.526958,98.473042,31.126378,0.528739,0.9438
2026-07-25 17:57:24,3291.75,129535,647,620.3753,569.3386,39.4,168.733276,-0.0,337.51236,2.289998,,8.460915,0.846092,5e-06,0.677557,4.0,8.0,0.850311,2.320738,3.171049,96.828951,30.877245,0.461941,0.9438
2026-07-25 17:57:37,3304.73,130047,650,561.3089,568.6695,39.4,135.68071,0.0,271.407288,2.292767,,7.361343,0.736134,4e-06,0.206321,1.0,2.0,0.0,0.0,0.0,100.0,31.989999,0.499995,0.942706
2026-07-25 17:57:50,3317.71,130559,652,625.2172,569.326,39.4,157.845505,-0.0,315.736908,2.295239,,8.306626,0.830663,3e-06,0.632016,4.0,8.0,0.05175,1.502321,1.554071,98.445929,31.333141,0.475073,0.942706
2026-07-25 17:58:03,3330.76,131071,655,594.0264,568.2372,39.4,153.939209,-0.0,307.924286,2.293869,,7.909294,0.790929,5e-06,0.271866,1.0,3.0,0.00157,0.196309,0.19788,99.80212,31.671954,0.480452,0.942706
2026-07-25 17:58:16,3343.62,131583,657,461.4919,565.5363,39.4,83.865784,0.0,167.777512,2.297192,,6.729591,0.672959,1e-06,1.117515,7.0,10.0,3.870042,6.584589,10.454631,89.545369,28.341992,0.466104,0.942706
2026-07-25 17:58:29,3356.58,132095,660,569.5709,565.972,39.4,132.818359,0.0,265.682617,2.295509,,7.700723,0.770072,2e-06,0.572659,3.0,7.0,0.414478,1.526609,1.941087,98.058913,30.781409,0.469898,0.94181
2026-07-25 17:58:42,3369.5,132607,663,806.9632,567.6468,39.4,284.811157,0.0,569.668152,2.293065,,10.995517,1.099552,3e-06,0.599133,4.0,9.0,0.51723,1.918195,2.435426,97.564574,30.701661,0.489252,0.94181
2026-07-25 17:58:55,3382.37,133119,665,725.7757,569.8301,39.4,219.066177,0.0,438.178223,2.29358,,9.746956,0.974696,3e-06,0.670387,4.0,7.0,0.05358,1.13622,1.189801,98.810199,31.312928,0.479826,0.94181
2026-07-25 17:59:08,3395.24,133631,668,569.0757,572.3493,39.4,142.740936,0.0,285.52774,2.293924,,7.84314,0.784314,2e-06,0.858186,6.0,10.0,1.706436,3.88697,5.593407,94.406593,29.952241,0.490446,0.94181
2026-07-25 17:59:20,3408.16,134143,670,723.6259,575.0023,39.4,217.329147,0.0,434.704193,2.294498,,9.626724,0.962672,1e-06,0.777484,4.0,8.0,0.204966,1.358096,1.563062,98.436938,31.363852,0.486644,0.94087
2026-07-25 17:59:33,3420.99,134655,673,646.2157,577.3181,39.4,199.68187,-0.0,399.409576,2.291246,,8.553045,0.855304,2e-06,0.437481,2.0,5.0,0.0,0.398276,0.398276,99.601724,31.899743,0.495846,0.94087
2026-07-25 17:59:46,3433.97,135167,675,742.7581,577.2105,39.4,242.091309,0.0,484.228424,2.290199,,9.854299,0.98543,3e-06,0.230848,1.0,2.0,0.0,0.0,0.0,100.0,31.921914,0.459301,0.94087
2026-07-25 17:59:59,3446.83,135679,678,776.7094,576.275,39.4,248.842606,0.0,497.731049,2.291741,,10.394838,1.039484,3e-06,0.594513,3.0,9.0,0.406147,1.9931,2.399247,97.600753,31.024807,0.472522,0.94087
2026-07-25 18:00:12,3459.8,136191,680,667.4113,577.5187,39.4,178.543793,-0.0,357.133392,2.289902,,8.822647,0.882265,3e-06,0.231429,1.0,2.0,0.0,0.0,0.0,100.0,31.93266,0.441944,0.939756
2026-07-25 18:00:25,3472.65,136703,683,306.7182,576.3071,39.4,49.997562,0.0,100.041039,2.295657,,4.562912,0.456291,2e-06,1.088382,8.0,10.0,3.045749,6.180619,9.226367,90.773633,28.904513,0.578274,0.939756
2026-07-25 18:00:38,3485.66,137215,686,443.1398,572.5324,39.4,89.03524,-0.0,178.116272,2.28994,,5.861431,0.586143,5e-06,0.184016,1.0,2.0,0.0,0.0,0.0,100.0,32.038318,0.564737,0.939756
2026-07-25 18:00:51,3498.7,137727,688,467.2979,570.5105,39.4,93.928093,0.0,187.902023,2.291786,,6.118186,0.611819,3e-06,0.38315,2.0,5.0,0.0,0.34191,0.34191,99.65809,31.857347,0.528479,0.939756
2026-07-25 18:01:04,3511.68,138239,691,543.4336,567.2358,39.4,138.445221,-0.0,276.936249,2.290772,,7.409142,0.740914,3e-06,0.769059,5.0,9.0,0.387087,2.364833,2.75192,97.24808,30.902694,0.557491,0.938847
2026-07-25 18:01:17,3524.73,138751,693,679.4163,567.9149,39.4,219.554199,-0.0,439.154205,2.290509,,9.352799,0.93528,3e-06,0.347807,2.0,4.0,0.0,0.290438,0.290438,99.709562,31.725911,0.545127,0.938847
2026-07-25 18:01:30,3537.74,139263,696,832.3698,570.3892,39.4,299.030548,0.0,598.106934,2.29141,,11.412294,1.141229,2e-06,0.608678,3.0,7.0,0.059498,0.818876,0.878374,99.121626,31.519945,0.517044,0.938847
2026-07-25 18:01:43,3550.72,139775,698,674.7602,572.9315,39.4,178.46402,0.0,356.973877,2.291686,,9.255254,0.925525,1e-06,1.38441,7.0,10.0,1.290799,5.378593,6.669392,93.330608,29.42635,0.429194,0.938847
2026-07-25 18:01:56,3563.77,140287,701,410.0278,570.2249,39.4,56.456059,0.0,112.957924,2.29039,,6.417704,0.64177,1e-06,1.43734,8.0,10.0,6.839271,9.619884,16.459154,83.540846,26.314317,0.453211,0.938017
2026-07-25 18:02:09,3577.02,140799,704,941.9424,572.9037,39.4,395.153717,-0.0,790.353149,2.285352,,12.923596,1.29236,4e-06,0.325137,1.0,7.0,0.509114,1.158077,1.66719,98.33281,31.279084,0.466919,0.938017
2026-07-25 18:02:22,3589.81,141311,706,658.1384,574.63,39.4,251.311401,-0.0,502.668518,2.285233,,8.932636,0.893264,3e-06,0.514604,3.0,5.0,0.0,0.115957,0.115957,99.884043,32.168063,0.545961,0.938017
2026-07-25 18:02:35,3602.74,141823,709,463.5506,573.7389,39.4,72.897148,0.0,145.839966,2.283417,,6.732149,0.673215,1e-06,0.948885,5.0,9.0,3.851647,5.511787,9.363434,90.636566,29.198144,0.446293,0.938017
2026-07-25 18:02:48,3615.54,142335,711,357.1769,570.1648,39.4,38.368271,0.0,76.782234,2.28479,,4.840082,0.484008,1e-06,0.951602,5.0,9.0,0.366629,2.467398,2.834027,97.165973,31.350142,0.534621,0.937367
2026-07-25 18:03:01,3628.49,142847,714,223.7608,568.1085,39.4,16.720823,0.0,33.487423,2.288832,,3.460629,0.346063,2e-06,0.517847,2.0,9.0,4.20877,4.491018,8.699788,91.300212,29.022742,0.613837,0.937367
2026-07-25 18:03:14,3641.36,143359,716,378.2287,568.6347,39.4,61.37249,0.0,122.790703,2.286108,,5.480504,0.54805,2e-06,1.049007,7.0,10.0,2.821478,5.469543,8.291022,91.708978,29.333301,0.531523,0.937367
2026-07-25 18:03:27,3654.38,143871,719,657.4863,572.5453,39.4,171.691895,0.0,343.429535,2.286787,,9.082901,0.90829,1e-06,1.103392,6.0,10.0,1.529524,4.552747,6.08227,93.91773,29.843814,0.466706,0.937367
2026-07-25 18:03:40,3667.37,144383,721,642.9033,573.7197,39.4,160.269196,0.0,320.583984,2.279436,,8.668424,0.866842,2e-06,0.754453,5.0,9.0,0.749655,2.275297,3.024952,96.975048,31.198629,0.438513,0.936813
2026-07-25 18:03:53,3680.3,144895,724,547.8737,574.0878,39.4,124.882812,0.0,249.811234,2.280168,,7.246862,0.724686,3e-06,0.331725,2.0,3.0,0.0,0.026309,0.026309,99.973691,32.234984,0.50865,0.936813
2026-07-25 18:04:06,3693.37,145407,727,912.0526,574.8014,39.4,370.566559,-0.0,741.178711,2.279226,,12.692235,1.269223,3e-06,0.363421,2.0,4.0,0.0,0.205387,0.205387,99.794613,32.029689,0.484206,0.936813
2026-07-25 18:04:19,3706.36,145919,729,1014.1908,577.5836,39.4,456.140778,-0.0,912.327087,2.277155,,14.010417,1.401042,3e-06,0.496232,3.0,6.0,0.0,0.635465,0.635465,99.364535,31.780508,0.488279,0.936813
2026-07-25 18:04:32,3719.52,146431,732,933.4766,580.175,39.4,405.487457,0.0,811.020447,2.277523,,13.301242,1.330124,2e-06,0.682804,4.0,9.0,0.483799,2.094341,2.57814,97.42186,30.319402,0.51211,0.935636
2026-07-25 18:04:45,3732.53,146943,734,534.6183,576.3189,39.4,113.421265,0.0,226.888138,2.280518,,7.879636,0.787964,1e-06,1.877643,9.0,10.0,3.783997,9.354839,13.138836,86.861164,27.291113,0.472175,0.935636
2026-07-25 18:04:58,3745.53,147455,737,609.0029,574.2818,39.4,143.497513,0.0,287.040588,2.277556,,8.395559,0.839556,2e-06,0.69917,4.0,10.0,2.059152,3.958476,6.017628,93.982372,30.015566,0.455971,0.935636
2026-07-25 18:05:11,3758.49,147967,739,517.2868,574.6558,39.4,98.639153,-0.0,197.323822,2.275944,,7.117245,0.711724,3e-06,0.453167,2.0,5.0,2.731713,2.405028,5.136741,94.863259,30.501214,0.452871,0.935636
2026-07-25 18:05:24,3771.5,148479,742,401.7326,576.2615,39.4,44.89138,0.0,89.828445,2.284367,,5.618999,0.5619,1e-06,1.380008,7.0,10.0,1.367377,5.100285,6.467662,93.532338,29.584328,0.508981,0.93509
2026-07-25 18:05:37,3784.52,148991,744,402.9211,576.6827,39.4,99.878883,-0.0,199.803345,2.279015,,6.259277,0.625928,1e-06,0.968482,7.0,10.0,6.26887,8.397921,14.666791,85.333209,27.369063,0.495889,0.93509
2026-07-25 18:05:50,3797.4,149503,747,526.5148,578.1978,39.4,121.382057,-0.0,242.809723,2.280416,,7.058323,0.705832,3e-06,0.455705,2.0,5.0,0.230961,0.62158,0.852541,99.147459,31.863269,0.489764,0.93509
2026-07-25 18:06:03,3810.36,150015,750,524.3101,578.6236,39.4,112.670479,0.0,225.386581,2.281352,,7.213146,0.721315,2e-06,0.944023,6.0,10.0,1.106638,4.418782,5.52542,94.47458,30.17002,0.506542,0.934553
2026-07-25 18:06:16,3823.28,150527,752,604.5999,580.4855,39.4,157.612976,0.0,315.271484,2.276034,,8.309122,0.830912,5e-06,0.483141,3.0,8.0,0.994104,2.409807,3.403911,96.596089,30.95622,0.488776,0.934553
2026-07-25 18:06:28,3836.18,151039,755,477.6188,580.4976,39.4,92.212585,0.0,184.470749,2.27908,,6.623432,0.662343,1e-06,1.090162,6.0,10.0,1.496663,3.860228,5.35689,94.64311,29.89206,0.512221,0.934553
2026-07-25 18:06:41,3849.11,151551,757,453.6223,580.7531,39.4,74.269066,-0.0,148.583664,2.276888,,6.283743,0.628374,2e-06,0.851032,6.0,10.0,1.436447,3.901402,5.337848,94.662152,30.045876,0.471998,0.934553
2026-07-25 18:06:54,3862.0,152063,760,752.6812,583.4104,39.4,228.092636,-0.0,456.230774,2.27541,,10.618799,1.06188,1e-06,1.114437,7.0,10.0,1.812779,4.183937,5.996715,94.003285,29.754672,0.445511,0.933759
2026-07-25 18:07:07,3874.93,152575,762,782.7852,585.8534,39.4,266.774506,0.0,533.594482,2.272521,,11.023152,1.102315,2e-06,0.666182,3.0,10.0,3.329848,4.139685,7.469534,92.530466,29.607092,0.438513,0.933759
2026-07-25 18:07:20,3887.78,153087,765,395.3628,585.9466,39.4,65.628204,-0.0,131.301926,2.275855,,5.678927,0.567893,2e-06,0.92838,6.0,10.0,2.999391,5.278615,8.278006,91.721994,29.209977,0.523869,0.933759
2026-07-25 18:07:33,3900.69,153599,768,379.0251,585.5916,39.4,47.748959,0.0,95.543419,2.275183,,4.957487,0.495749,2e-06,0.37766,2.0,3.0,0.0,0.0,0.0,100.0,31.983537,0.540173,0.933759
2026-07-25 18:07:46,3913.71,154111,770,367.4652,584.3902,39.4,52.738392,0.0,105.522278,2.274778,,5.175896,0.51759,3e-06,1.114191,7.0,10.0,1.383612,4.880947,6.264559,93.735441,29.800301,0.566814,0.933181
2026-07-25 18:07:59,3926.76,154623,773,514.8526,584.0632,39.4,107.876633,0.0,215.798828,2.278022,,7.039034,0.703903,2e-06,0.986807,6.0,10.0,1.205102,3.750078,4.955181,95.044819,30.221712,0.514672,0.933181
2026-07-25 18:08:12,3939.81,155135,775,488.934,582.171,39.4,113.858711,-0.0,227.762985,2.2784,,6.699362,0.669936,5e-06,0.589046,3.0,9.0,1.139121,2.432645,3.571766,96.428234,30.521281,0.564497,0.933181
2026-07-25 18:08:25,3952.84,155647,778,550.5545,582.3138,39.4,144.535446,0.0,289.116608,2.285574,,7.466098,0.74661,2e-06,0.557799,3.0,6.0,0.524651,1.133872,1.658523,98.341477,31.313429,0.539662,0.933181
2026-07-25 18:08:38,3965.86,156159,780,509.9486,579.3089,39.4,110.732689,0.0,221.511139,2.287835,,7.176238,0.717624,2e-06,0.976105,8.0,10.0,2.635958,5.498966,8.134924,91.865076,29.408917,0.493926,0.932427
2026-07-25 18:08:51,3978.89,156671,783,853.3511,580.3695,39.4,292.99527,-0.0,586.036255,2.285196,,11.429486,1.142949,6e-06,0.309931,1.0,4.0,0.039337,0.261195,0.300532,99.699468,31.658478,0.48649,0.932427
2026-07-25 18:09:04,3991.97,157183,785,805.0364,583.7688,39.4,277.909973,-0.0,555.865723,2.288158,,10.889688,1.088969,3e-06,0.930336,5.0,8.0,0.456792,2.405982,2.862775,97.137225,30.895228,0.453511,0.932427
2026-07-25 18:09:17,4004.99,157695,788,640.5973,585.5546,39.4,175.54689,0.0,351.139618,2.291335,,8.512845,0.851284,3e-06,0.664651,3.0,7.0,0.087678,1.019258,1.106936,98.893064,31.415333,0.490695,0.932427
2026-07-25 18:09:30,4018.03,158207,791,294.6507,584.6661,39.4,29.97949,0.0,60.004799,2.290969,,4.013922,0.401392,2e-06,0.770604,4.0,9.0,0.711135,2.155382,2.866517,97.133483,30.700919,0.612402,0.931326
2026-07-25 18:09:43,4030.88,158719,793,363.7203,584.5398,39.4,39.293823,-0.0,78.633492,2.29219,,5.215682,0.521568,3e-06,0.955624,6.0,10.0,2.970219,5.031605,8.001824,91.998176,29.197496,0.511968,0.931326
2026-07-25 18:09:56,4043.78,159231,796,577.8797,583.9355,39.4,110.898468,0.0,221.842773,2.292039,,8.255322,0.825532,2e-06,1.314384,7.0,10.0,3.183652,6.703737,9.887388,90.112612,28.750839,0.492047,0.931326
2026-07-25 18:10:09,4056.66,159743,798,697.1882,582.7162,39.4,202.433273,0.0,404.912292,2.286978,,9.217885,0.921788,4e-06,0.376023,2.0,4.0,0.0,0.139533,0.139533,99.860467,32.123834,0.481153,0.931326
2026-07-25 18:10:22,4069.51,160255,801,749.2115,583.6838,39.4,242.733734,0.0,485.513184,2.285499,,10.416881,1.041688,4e-06,0.547618,2.0,9.0,1.17,2.232788,3.402787,96.597213,30.976118,0.510571,0.930627
2026-07-25 18:10:35,4082.47,160767,803,778.0104,586.7057,39.4,253.903839,-0.0,507.853516,2.292563,,11.009773,1.100977,2e-06,1.154476,7.0,10.0,3.157128,6.216564,9.373692,90.626308,29.01455,0.479376,0.930627
2026-07-25 18:10:48,4095.51,161279,806,747.3481,590.388,39.4,239.572723,-0.0,479.191254,2.290894,,10.034148,1.003415,4e-06,0.448018,2.0,4.0,0.437131,0.627595,1.064727,98.935273,31.612587,0.519783,0.930627
2026-07-25 18:11:01,4108.58,161791,808,698.4993,591.7722,39.4,183.328232,0.0,366.70224,2.289572,,9.387054,0.938705,3e-06,0.819154,4.0,8.0,0.866467,2.221106,3.087573,96.912427,30.64658,0.466266,0.930627
2026-07-25 18:11:14,4121.61,162303,811,856.8718,594.7338,39.4,305.839752,0.0,611.72522,2.285705,,11.688606,1.168861,6e-06,0.433902,2.0,3.0,0.0,0.241089,0.241089,99.758911,31.624535,0.521532,0.929835
2026-07-25 18:11:27,4134.56,162815,814,742.5636,597.6882,39.4,212.260178,0.0,424.566132,2.289295,,9.867005,0.986701,5e-06,0.411771,2.0,4.0,0.078913,0.20833,0.287243,99.712757,31.502225,0.511016,0.929835
2026-07-25 18:11:40,4147.68,163327,816,544.3989,592.9498,39.4,102.003342,-0.0,204.052475,2.289239,,7.390362,0.739036,6e-06,0.667373,3.0,9.0,1.404833,2.452585,3.857418,96.142582,30.672477,0.545874,0.929835
2026-07-25 18:11:53,4160.83,163839,819,701.235,592.3016,39.4,163.410828,0.0,326.867401,2.286971,,9.519931,0.951993,6e-06,0.552974,3.0,6.0,0.00156,0.932626,0.934186,99.065814,31.615643,0.544375,0.929835
2026-07-25 18:12:06,4173.87,164351,821,884.4931,594.1793,39.4,312.544159,0.0,625.134155,2.291313,,11.993034,1.199303,4e-06,0.653838,3.0,7.0,0.113368,1.091751,1.205119,98.794881,31.661572,0.4686,0.928759
2026-07-25 18:12:19,4186.85,164863,824,809.3595,593.259,39.4,264.409363,0.0,528.864563,2.292704,,11.163181,1.116318,4e-06,1.12472,7.0,10.0,1.806466,4.720272,6.526737,93.473263,29.68909,0.492606,0.928759
2026-07-25 18:12:32,4199.84,165375,826,672.1914,594.9365,39.4,204.712082,0.0,409.46994,2.289209,,8.932313,0.893231,4e-06,0.431461,2.0,3.0,0.0,0.034446,0.034446,99.965554,31.862468,0.544421,0.928759
2026-07-25 18:12:45,4212.84,165887,829,346.5015,593.5905,39.4,35.220051,-0.0,70.485863,2.288123,,4.535209,0.453521,6e-06,0.473981,2.0,4.0,0.0,0.179803,0.179803,99.820197,31.88054,0.650572,0.928759
2026-07-25 18:12:58,4225.8,166399,832,804.7392,596.5687,39.4,292.071442,-0.0,584.18866,2.287479,,10.87139,1.087139,6e-06,0.488071,2.0,6.0,0.373064,1.028659,1.401723,98.598277,31.523142,0.489898,0.927745
2026-07-25 18:13:11,4238.68,166911,834,661.1785,597.7403,39.4,239.370209,-0.0,478.786285,2.293707,,9.221869,0.922187,4e-06,0.906167,4.0,10.0,1.741449,3.060397,4.801846,95.198154,30.343307,0.553332,0.927745
2026-07-25 18:13:24,4251.57,167423,837,588.1797,597.6876,39.4,153.069168,-0.0,306.184082,2.287238,,7.787343,0.778734,5e-06,0.563203,3.0,6.0,0.0,0.603048,0.603048,99.396952,31.854155,0.580967,0.927745
2026-07-25 18:13:37,4264.47,167935,839,547.2379,597.2637,39.4,133.858185,0.0,267.762054,2.284082,,7.317736,0.731774,6e-06,0.509057,2.0,8.0,0.785652,1.568173,2.353825,97.646175,31.117869,0.536537,0.927745
2026-07-25 18:13:50,4277.37,168447,842,428.739,595.6944,39.4,75.335945,0.0,150.717682,2.289741,,6.100219,0.610022,2e-06,1.454734,8.0,10.0,2.241299,6.497581,8.738879,91.261121,28.759415,0.557122,0.926786
2026-07-25 18:14:03,4290.29,168959,844,373.4172,594.4568,39.4,44.769505,0.0,89.584801,2.289392,,5.288382,0.528838,2e-06,1.37885,7.0,10.0,2.213392,5.246329,7.459721,92.540279,29.828318,0.574261,0.926786
2026-07-25 18:14:16,4303.3,169471,847,461.7945,596.3026,39.4,70.915771,0.0,141.877274,2.286489,,6.097032,0.609703,4e-06,0.598093,3.0,6.0,0.369424,0.983571,1.352994,98.647006,31.475784,0.524774,0.926786
2026-07-25 18:14:29,4316.19,169983,849,904.7755,602.6818,39.4,312.087982,-0.0,624.22168,2.285058,,12.122744,1.212274,5e-06,0.607367,3.0,7.0,0.541879,1.155385,1.697264,98.302736,31.589828,0.467361,0.926786
2026-07-25 18:14:41,4329.04,170495,852,508.0759,604.9346,39.4,87.694489,-0.0,175.434845,2.293026,,7.557412,0.755741,3e-06,1.458744,7.0,10.0,5.723032,8.619511,14.342543,85.657457,27.25238,0.466037,0.926017
2026-07-25 18:14:54,4341.86,171007,855,692.5876,606.9696,39.4,200.066727,0.0,400.179291,2.291881,,9.289039,0.928904,4e-06,0.699863,3.0,8.0,0.359432,1.521753,1.881185,98.118815,31.335243,0.502198,0.926017
2026-07-25 18:15:07,4354.85,171519,857,590.7029,605.8682,39.4,148.987839,0.0,298.021545,2.293357,,7.838799,0.78388,4e-06,0.635771,3.0,7.0,0.268197,1.157484,1.425681,98.574319,31.31269,0.518767,0.926017
2026-07-25 18:15:20,4367.95,172031,860,523.6989,607.1157,39.4,110.737297,0.0,221.520493,2.294758,,6.937058,0.693706,4e-06,0.567326,3.0,5.0,0.520314,0.936254,1.456568,98.543432,31.557068,0.54111,0.925278
2026-07-25 18:15:33,4380.92,172543,862,368.946,605.3901,39.4,63.869499,0.0,127.784966,2.298196,,5.354461,0.535446,6e-06,0.876136,5.0,9.0,3.718245,5.394249,9.112494,90.887506,29.070696,0.540079,0.925278
2026-07-25 18:15:46,4393.86,173055,865,654.4974,606.9945,39.4,174.583984,0.0,349.213959,2.298998,,8.641065,0.864106,4e-06,0.582543,3.0,6.0,0.0,0.463389,0.463389,99.536611,31.787608,0.526495,0.925278
2026-07-25 18:15:59,4406.81,173567,867,920.3247,610.6901,39.4,361.235565,-0.0,722.517151,2.301666,,12.333802,1.23338,4e-06,0.585063,3.0,5.0,0.0,0.280632,0.280632,99.719368,31.894889,0.51104,0.925278
2026-07-25 18:16:12,4419.82,174079,870,968.5402,613.6097,39.4,408.830658,0.0,817.707336,2.301432,,13.015059,1.301506,5e-06,0.453549,2.0,4.0,0.0,0.121361,0.121361,99.878639,31.561171,0.53468,0.924312
2026-07-25 18:16:25,4432.72,174591,872,1085.1056,616.8727,39.4,499.286346,0.0,998.618774,2.302768,,15.08046,1.508046,6e-06,0.458986,2.0,4.0,0.0,0.042331,0.042331,99.957669,31.874017,0.540868,0.924312
2026-07-25 18:16:38,4445.69,175103,875,675.9368,618.9293,39.4,202.027832,0.0,404.101776,2.305485,,9.153513,0.915351,4e-06,0.772572,4.0,7.0,0.122179,1.202989,1.325167,98.674833,31.428814,0.549726,0.924312
2026-07-25 18:16:51,4458.72,175615,878,531.3568,616.6548,39.4,98.625801,0.0,197.297684,2.304382,,6.980624,0.698062,5e-06,0.535697,2.0,4.0,0.0439,0.313573,0.357473,99.642527,31.586559,0.529076,0.924312
2026-07-25 18:17:04,4471.79,176127,880,423.5328,612.2803,39.4,62.772141,-0.0,125.590408,2.306448,,5.762747,0.576275,5e-06,1.13201,5.0,9.0,1.045247,3.008616,4.053863,95.946137,30.456476,0.548097,0.923232
2026-07-25 18:17:17,4484.66,176639,883,339.6513,607.6632,39.4,30.759668,0.0,61.565456,2.306072,,4.48406,0.448406,4e-06,0.798984,4.0,7.0,0.0,0.901824,0.901824,99.098176,31.209354,0.655161,0.923232
2026-07-25 18:17:30,4497.5,177151,885,366.0656,605.2953,39.4,40.50528,-0.0,81.056725,2.308338,,4.841283,0.484128,4e-06,0.742146,4.0,7.0,0.086262,0.898697,0.984959,99.015041,31.4976,0.621937,0.923232
2026-07-25 18:17:43,4510.42,177663,888,666.3257,606.7413,39.4,159.143784,-0.0,318.333771,2.310823,,8.901759,0.890176,5e-06,0.554754,3.0,6.0,0.108081,0.814524,0.922605,99.077395,31.460024,0.492392,0.923232
2026-07-25 18:17:56,4523.57,178175,890,646.756,608.0189,39.4,167.169586,0.0,334.385468,2.31445,,8.771397,0.87714,5e-06,0.760033,4.0,9.0,1.456515,2.905225,4.36174,95.63826,30.561204,0.465001,0.922111
2026-07-25 18:18:09,4536.63,178687,893,760.6063,609.7172,39.4,219.825333,0.0,439.696991,2.315797,,10.238188,1.023819,4e-06,0.71381,4.0,8.0,0.544959,1.73297,2.277929,97.722071,31.240154,0.478883,0.922111
2026-07-25 18:18:22,4549.69,179199,896,758.3648,610.408,39.4,212.681534,0.0,425.409332,2.313869,,10.266887,1.026689,5e-06,0.617636,3.0,9.0,0.951669,2.523247,3.474916,96.525084,30.869313,0.462,0.922111
2026-07-25 18:18:35,4562.77,179711,898,544.2394,611.6849,39.4,95.955566,0.0,191.957474,2.316688,,7.125227,0.712523,3e-06,0.449913,2.0,4.0,0.0,0.010901,0.010901,99.989099,32.005818,0.493531,0.922111
2026-07-25 18:18:48,4575.95,180223,901,750.114,612.8091,39.4,249.705765,0.0,499.457855,2.316209,,10.10999,1.010999,3e-06,0.742572,4.0,8.0,0.370365,1.635254,2.005618,97.994382,30.884042,0.487695,0.921143
2026-07-25 18:19:01,4588.92,180735,903,619.3022,612.7983,39.4,196.033264,0.0,392.112885,2.317934,,8.497238,0.849724,3e-06,1.047561,6.0,9.0,0.925268,3.195806,4.121074,95.878926,30.308371,0.570905,0.921143
2026-07-25 18:19:14,4601.91,181247,906,581.7177,613.0024,39.4,124.634171,0.0,249.314697,2.317837,,8.02325,0.802325,2e-06,1.425099,7.0,10.0,1.718294,5.052883,6.771177,93.228823,29.416125,0.511252,0.921143
2026-07-25 18:19:27,4614.86,181759,908,808.1549,614.8318,39.4,257.111115,0.0,514.268494,2.313147,,10.71905,1.071905,4e-06,0.612481,3.0,7.0,0.003131,0.906344,0.909475,99.090525,31.696567,0.478192,0.921143
2026-07-25 18:19:40,4627.9,182271,911,727.0704,616.1622,39.4,194.281647,-0.0,388.609589,2.314723,,9.563326,0.956333,4e-06,0.380807,2.0,3.0,0.0,0.051315,0.051315,99.948685,32.021632,0.475829,0.920263
2026-07-25 18:19:53,4640.99,182783,913,628.2091,617.8294,39.4,146.533112,-0.0,293.112518,2.314579,,8.277326,0.827733,3e-06,0.7156,4.0,7.0,0.0,0.755609,0.755609,99.244391,31.839856,0.534927,0.920263
2026-07-25 18:20:06,4653.93,183295,916,610.957,618.2433,39.4,144.615692,0.0,289.277679,2.315414,,8.107802,0.81078,2e-06,0.734138,3.0,6.0,0.196213,1.171048,1.36726,98.63274,31.564807,0.531412,0.920263
2026-07-25 18:20:19,4666.96,183807,919,557.5387,615.749,39.4,127.490723,0.0,255.027756,2.315698,,7.53722,0.753722,3e-06,0.792167,4.0,8.0,0.375,1.978125,2.353125,97.646875,31.050108,0.524893,0.920263
2026-07-25 18:20:32,4679.85,184319,921,686.9581,615.3608,39.4,205.370956,0.0,410.788177,2.312856,,9.366158,0.936616,5e-06,0.677613,4.0,10.0,1.750228,3.410982,5.161209,94.838791,30.16741,0.509315,0.919261
2026-07-25 18:20:45,4692.89,184831,924,535.9268,615.0293,39.4,130.023392,0.0,260.093079,2.314404,,7.144259,0.714426,4e-06,0.763521,4.0,7.0,0.02183,1.45323,1.47506,98.52494,31.413444,0.551977,0.919261
2026-07-25 18:20:58,4705.77,185343,926,286.1581,610.6547,39.4,22.572899,0.0,45.192101,2.315142,,3.829141,0.382914,3e-06,0.777565,4.0,8.0,0.405408,1.437637,1.843045,98.156955,31.37694,0.629861,0.919261
2026-07-25 18:21:11,4718.77,185855,929,603.3845,610.2264,39.4,130.068405,0.0,260.183075,2.312874,,7.91333,0.791333,5e-06,0.452091,2.0,6.0,0.0,0.614278,0.614278,99.385722,31.461222,0.469648,0.919261
2026-07-25 18:21:24,4731.69,186367,931,583.1269,608.63,39.4,139.384918,0.0,278.816071,2.311373,,7.992769,0.799277,3e-06,0.566592,3.0,8.0,2.134256,2.383512,4.517767,95.482233,30.527731,0.453249,0.918183
2026-07-25 18:21:37,4744.52,186879,934,658.9213,607.4522,39.4,192.875443,0.0,385.797089,2.310455,,8.990497,0.89905,4e-06,0.643143,4.0,7.0,0.6103,1.286325,1.896625,98.103375,31.271446,0.50843,0.918183
2026-07-25 18:21:50,4757.38,187391,936,565.0873,606.4289,39.4,115.400673,-0.0,230.847519,2.309003,,7.645603,0.76456,3e-06,0.664969,3.0,8.0,1.006558,2.168819,3.175377,96.824623,30.734396,0.481677,0.918183
2026-07-25 18:22:03,4770.31,187903,939,429.8028,607.6598,39.4,72.551308,-0.0,145.148758,2.307283,,6.227896,0.62279,2e-06,1.188083,7.0,10.0,3.338758,6.478424,9.817182,90.182818,28.31171,0.502426,0.918183
2026-07-25 18:22:16,4783.28,188415,942,451.4273,607.7426,39.4,69.960838,0.0,139.967789,2.305634,,7.068575,0.706858,1e-06,1.406706,9.0,10.0,7.904025,11.229286,19.133311,80.866689,25.311507,0.465249,0.917509
2026-07-25 18:22:29,4796.37,188927,944,755.2473,610.6221,39.4,217.300354,0.0,434.64679,2.303877,,10.186446,1.018645,4e-06,0.69114,4.0,9.0,0.574253,2.340943,2.915196,97.084804,30.809573,0.450205,0.917509
2026-07-25 18:22:42,4809.39,189439,947,597.5364,611.1632,39.4,147.389908,-0.0,294.825897,2.303374,,7.933271,0.793327,3e-06,0.492661,2.0,8.0,0.426844,1.250935,1.677779,98.322221,31.447946,0.481313,0.917509
2026-07-25 18:22:55,4822.4,189951,949,177.178,606.1408,39.4,12.131508,-0.0,24.309126,2.305499,,2.821051,0.282105,2e-06,0.99503,6.0,10.0,3.680068,5.136729,8.816796,91.183204,29.015816,0.634768,0.917509
2026-07-25 18:23:08,4835.37,190463,952,511.6537,602.9336,39.4,90.243889,-0.0,180.533478,2.285018,,6.794116,0.679412,4e-06,0.26995,2.0,3.0,0.0,0.092862,0.092862,99.907138,31.649592,0.503547,0.917055
2026-07-25 18:23:21,4848.48,190975,954,654.1498,602.7275,39.4,144.320404,0.0,288.686127,2.266646,,8.681368,0.868137,2e-06,0.789781,4.0,7.0,0.100548,1.26628,1.366828,98.633172,31.199562,0.491264,0.917055
2026-07-25 18:23:34,4861.67,191487,957,571.8108,604.3454,39.4,134.118774,0.0,268.282471,2.245767,,7.989449,0.798945,4e-06,0.525914,2.0,10.0,2.377998,3.808881,6.186879,93.813121,29.731165,0.468355,0.917055
2026-07-25 18:23:47,4874.72,191999,960,692.9612,601.8555,39.4,197.040253,-0.0,394.125,2.224244,,9.818985,0.981899,2e-06,0.877623,6.0,10.0,3.734135,6.344586,10.07872,89.92128,28.585746,0.4407,0.916287
2026-07-25 18:24:00,4887.75,192511,962,1007.7986,605.3521,39.4,442.746918,0.0,885.537903,2.204161,,14.201572,1.420157,3e-06,0.324158,1.0,8.0,0.555355,1.34603,1.901385,98.098615,31.194129,0.476999,0.916287
2026-07-25 18:24:13,4900.85,193023,965,793.7939,608.6546,39.4,258.17572,-0.0,516.395142,2.184475,,10.798325,1.079833,2e-06,0.670613,5.0,9.0,0.650224,2.300791,2.951014,97.048986,31.010334,0.478711,0.916287
2026-07-25 18:24:26,4913.78,193535,967,559.9465,610.6823,39.4,153.329468,-0.0,306.702301,2.168403,,7.95326,0.795326,2e-06,0.539047,3.0,10.0,1.680725,3.046708,4.727433,95.272567,30.148063,0.498338,0.916287
2026-07-25 18:24:39,4926.65,194047,970,622.4589,614.6693,39.4,157.557678,0.0,315.158417,2.153271,,8.536813,0.853681,4e-06,0.614491,5.0,9.0,1.577134,3.550509,5.127643,94.872357,30.058123,0.466223,0.915382
2026-07-25 18:24:52,4939.47,194559,972,516.7694,616.0547,39.4,95.240868,-0.0,190.524521,2.139507,,7.292242,0.729224,1e-06,0.831189,6.0,10.0,3.208831,5.183017,8.391848,91.608152,29.446825,0.439914,0.915382
2026-07-25 18:25:05,4952.31,195071,975,686.6035,616.3458,39.4,204.912933,0.0,409.868378,2.12513,,9.970006,0.997001,1e-06,0.939685,8.0,10.0,3.977536,7.05158,11.029116,88.970884,28.491732,0.440492,0.915382
2026-07-25 18:25:18,4965.34,195583,977,578.6173,615.703,39.4,141.917786,-0.0,283.877899,2.115681,,8.121744,0.812174,1e-06,1.16162,8.0,10.0,1.706278,5.660113,7.366391,92.633609,29.699489,0.467019,0.915382
2026-07-25 18:25:31,4978.3,196095,980,551.9745,615.744,39.4,117.329254,0.0,234.700638,2.106742,,7.801126,0.780113,3e-06,0.753913,6.0,10.0,2.688416,5.024945,7.713361,92.286639,29.414576,0.437319,0.915056
2026-07-25 18:25:44,4991.3,196607,983,489.295,611.5164,39.4,80.333733,-0.0,160.709457,2.099433,,6.65246,0.665246,4e-06,0.517825,4.0,9.0,0.145558,1.740437,1.885995,98.114005,31.28146,0.500162,0.915056
2026-07-25 18:25:57,5004.31,197119,985,328.5854,604.6604,39.4,43.107964,-0.0,86.257774,2.09226,,4.956239,0.495624,1e-06,1.075695,7.0,10.0,3.753961,6.422364,10.176325,89.823675,28.447539,0.510821,0.915056
2026-07-25 18:26:10,5017.25,197631,988,474.2665,600.0683,39.4,90.850372,0.0,181.742538,2.089352,,6.530839,0.653084,2e-06,0.336139,1.0,10.0,1.902335,2.41817,4.320505,95.679495,30.560661,0.481772,0.915056
2026-07-25 18:26:22,5029.82,198143,990,433.2841,599.0549,39.4,64.271301,-0.0,128.584351,2.087335,,5.753181,0.575318,3e-06,0.293226,2.0,5.0,0.0,0.275972,0.275972,99.724028,31.93134,0.509163,0.914266
2026-07-25 18:26:36,5043.33,198655,993,490.744,597.8723,39.4,91.546959,-0.0,183.135605,2.084091,,6.806611,0.680661,2e-06,0.675903,5.0,9.0,1.101476,3.113819,4.215296,95.784704,30.493543,0.496176,0.914266
2026-07-25 18:26:49,5056.95,199167,995,600.0652,598.7001,39.4,147.744171,-0.0,295.529968,2.081998,,8.03535,0.803535,2e-06,0.510657,3.0,6.0,0.0,0.320709,0.320709,99.679291,31.693228,0.450947,0.914266
2026-07-25 18:27:03,5070.53,199679,998,424.7623,598.9304,39.4,64.705223,0.0,129.452133,2.083977,,5.90119,0.590119,1e-06,0.922283,6.0,10.0,1.808028,4.148012,5.956039,94.043961,29.951677,0.488788,0.914266
2026-07-25 18:27:16,5083.97,200191,1000,334.952,598.2507,39.4,51.357071,0.0,102.755775,2.081793,,4.849063,0.484906,1e-06,0.900725,8.0,10.0,2.344791,5.588445,7.933236,92.066764,29.64313,0.537746,0.913406
2026-07-25 18:27:30,5097.47,200703,1003,434.2597,597.3282,39.4,65.879707,-0.0,131.801056,2.081821,,5.912278,0.591228,2e-06,0.767302,5.0,9.0,1.016155,2.739405,3.755561,96.244439,30.701875,0.476874,0.913406
2026-07-25 18:27:43,5110.88,201215,1006,458.4887,596.6699,39.4,76.016472,0.0,152.074631,2.084352,,6.404069,0.640407,3e-06,0.359113,1.0,10.0,2.549406,3.229039,5.778446,94.221554,30.006934,0.500904,0.913406
2026-07-25 18:27:57,5124.36,201727,1008,693.0583,597.5545,39.4,182.315811,-0.0,364.673309,2.083872,,9.796174,0.979617,4e-06,0.303133,1.0,8.0,2.587583,3.148484,5.736067,94.263933,30.314359,0.4375,0.913406
2026-07-25 18:28:10,5137.76,202239,1011,729.046,600.0688,39.4,206.08548,-0.0,412.212646,2.084923,,10.158583,1.015858,3e-06,0.568061,3.0,10.0,2.720887,3.556041,6.276928,93.723072,29.942413,0.440883,0.912703
2026-07-25 18:28:24,5151.28,202751,1013,825.3673,603.7863,39.4,264.624207,0.0,529.290161,2.087704,,11.254586,1.125459,4e-06,0.373689,2.0,9.0,0.120731,1.4378,1.558531,98.441469,31.314945,0.434286,0.912703
2026-07-25 18:28:37,5164.79,203263,1016,835.7932,604.6174,39.4,240.711639,0.0,481.465057,2.088872,,11.567782,1.156778,4e-06,0.444801,3.0,8.0,0.085591,1.232512,1.318103,98.681897,31.651242,0.436459,0.912703
2026-07-25 18:28:51,5178.32,203775,1018,846.1972,605.2515,39.4,276.555695,0.0,553.153198,2.09113,,11.620512,1.162051,4e-06,0.237966,1.0,4.0,0.0,0.065492,0.065492,99.934508,32.034428,0.448403,0.912703
2026-07-25 18:29:04,5191.66,204287,1021,500.8227,606.3061,39.3,104.595688,0.0,209.233261,2.094594,,7.191392,0.719139,2e-06,0.75472,7.0,10.0,3.206009,5.362609,8.568618,91.431382,29.064582,0.493938,0.911859
2026-07-25 18:29:18,5205.19,204799,1024,572.5456,608.2413,39.3,153.338013,-0.0,306.717926,2.094581,,8.072296,0.80723,2e-06,0.601849,5.0,10.0,2.759973,4.292426,7.052399,92.947601,29.768769,0.476968,0.911859
2026-07-25 18:29:31,5218.79,205311,1026,572.7989,610.2946,39.3,160.659103,-0.0,321.360077,2.093361,,8.456496,0.84565,2e-06,0.949805,9.0,10.0,4.114501,7.151655,11.266156,88.733844,28.223685,0.494656,0.911859
2026-07-25 18:29:45,5232.43,205823,1029,550.4103,610.6502,39.3,134.212051,0.0,268.465942,2.092099,,7.944337,0.794434,2e-06,0.784358,7.0,10.0,3.719984,6.049276,9.769261,90.230739,28.784601,0.488116,0.911859
2026-07-25 18:29:58,5246.08,206335,1031,828.1192,614.0421,39.3,294.033478,0.0,588.108826,2.092437,,11.453016,1.145302,4e-06,0.342972,2.0,6.0,0.0,0.415198,0.415198,99.584802,31.712496,0.454136,0.91146
2026-07-25 18:30:12,5259.6,206847,1034,753.9868,616.0764,39.3,191.479294,0.0,383.000336,2.088123,,10.904653,1.090465,1e-06,1.013103,7.0,10.0,2.951822,5.416875,8.368697,91.631303,29.226641,0.4425,0.91146
2026-07-25 18:30:26,5273.24,207359,1036,892.2907,619.8998,39.3,297.319061,-0.0,594.679871,2.088621,,12.432998,1.2433,3e-06,0.364401,2.0,8.0,0.887597,1.514228,2.401825,97.598175,31.15586,0.429622,0.91146
2026-07-25 18:30:39,5286.94,207871,1039,667.6338,618.0426,39.3,179.120132,0.0,358.282074,2.090295,,9.208849,0.920885,5e-06,0.371754,1.0,9.0,1.656916,2.753725,4.41064,95.58936,30.649776,0.440636,0.91146
2026-07-25 18:30:53,5300.51,208383,1041,578.819,615.7805,39.3,149.371124,0.0,298.784027,2.089397,,8.106295,0.81063,3e-06,0.735002,7.0,10.0,1.666457,4.428195,6.094652,93.905348,29.808207,0.492882,0.910634
2026-07-25 18:31:06,5314.13,208895,1044,699.6846,616.3713,39.3,217.49527,-0.0,435.032318,2.088283,,9.473354,0.947335,2e-06,0.391037,2.0,4.0,0.156762,0.470286,0.627048,99.372952,31.622122,0.493875,0.910634
2026-07-25 18:31:20,5327.68,209407,1047,747.9464,620.9043,39.3,208.778915,0.0,417.599518,2.08466,,10.027027,1.002703,2e-06,0.445452,2.0,5.0,0.0,0.193393,0.193393,99.806607,31.610837,0.478282,0.910634
2026-07-25 18:31:34,5341.27,209919,1049,697.3627,624.2407,39.3,167.64621,-0.0,335.334076,2.083502,,9.338101,0.93381,3e-06,0.587203,4.0,8.0,0.155214,1.765361,1.920574,98.079426,31.237335,0.444463,0.910634
2026-07-25 18:31:47,5354.74,210431,1052,555.8874,624.0208,39.3,120.663757,-0.0,241.369186,2.083298,,7.728648,0.772865,3e-06,0.381905,1.0,10.0,1.950975,3.007754,4.958729,95.041271,30.318004,0.498301,0.909645
2026-07-25 18:32:01,5368.19,210943,1054,648.4707,623.5336,39.3,181.248688,0.0,362.539032,2.08221,,9.064428,0.906443,4e-06,0.332287,2.0,9.0,1.954367,2.539126,4.493493,95.506507,30.763946,0.481089,0.909645
2026-07-25 18:32:14,5381.59,211455,1057,519.3796,621.2353,39.3,98.645279,0.0,197.332199,2.081686,,7.125258,0.712526,3e-06,0.359299,2.0,8.0,1.621495,2.160436,3.781931,96.218069,30.696512,0.485828,0.909645
2026-07-25 18:32:28,5395.2,211967,1059,377.8068,617.2333,39.3,42.248787,0.0,84.539185,2.080354,,5.355056,0.535506,2e-06,1.00106,6.0,10.0,2.537369,4.930234,7.467603,92.532397,29.731726,0.486491,0.909645
2026-07-25 18:32:41,5408.6,212479,1062,368.9351,613.4491,39.3,38.696701,-0.0,77.43502,2.080883,,5.043363,0.504336,2e-06,0.450163,2.0,8.0,1.552314,2.656727,4.209041,95.790959,31.130054,0.518274,0.908955
2026-07-25 18:32:54,5422.05,212991,1064,488.4589,611.3487,39.3,102.163361,0.0,204.368256,2.076704,,7.048072,0.704807,2e-06,1.31307,9.0,10.0,2.487655,7.512812,10.000467,89.999533,28.647293,0.485838,0.908955
2026-07-25 18:33:08,5435.55,213503,1067,808.5727,610.8657,39.3,260.71579,0.0,521.473083,2.075402,,10.871441,1.087144,3e-06,0.389451,3.0,5.0,0.003133,0.347766,0.350899,99.649101,31.720716,0.460713,0.908955
2026-07-25 18:33:21,5449.01,214015,1070,665.7182,610.0973,39.3,176.700485,0.0,353.442444,2.074272,,9.319761,0.931976,2e-06,0.345303,2.0,6.0,3.13949,2.974007,6.113496,93.886504,30.048958,0.478175,0.908259
2026-07-25 18:33:35,5462.44,214527,1072,525.3774,609.9071,39.3,93.839745,0.0,187.720963,2.073875,,6.931644,0.693164,3e-06,0.161856,1.0,2.0,0.0,0.0,0.0,100.0,31.963956,0.478497,0.908259
2026-07-25 18:33:48,5476.0,215039,1075,636.8079,609.2628,39.3,166.628326,0.0,333.298096,2.071927,,9.010723,0.901072,3e-06,0.423999,2.0,10.0,2.298687,2.986558,5.285245,94.714755,29.931902,0.521398,0.908259
2026-07-25 18:34:02,5489.59,215551,1077,525.4873,605.6727,39.3,132.058685,0.0,264.158783,2.070159,,6.977965,0.697796,4e-06,0.196371,1.0,3.0,0.0,0.076856,0.076856,99.923144,31.799313,0.540047,0.908259
2026-07-25 18:34:16,5503.29,216063,1080,438.8952,601.9681,39.3,68.852043,-0.0,137.745514,2.071179,,5.775641,0.577564,4e-06,0.24042,1.0,4.0,0.0,0.021848,0.021848,99.978152,31.968927,0.571403,0.907196
2026-07-25 18:34:29,5516.89,216575,1082,357.6955,598.8231,39.3,54.032467,0.0,108.106316,2.068904,,4.676134,0.467613,5e-06,0.135864,1.0,2.0,0.0,0.0,0.0,100.0,32.043256,0.598115,0.907196
2026-07-25 18:34:43,5530.37,217087,1085,368.7856,599.046,39.3,33.731628,0.0,67.504654,2.069861,,4.861825,0.486183,2e-06,0.404112,2.0,6.0,0.014199,0.522214,0.536413,99.463587,31.417974,0.547113,0.907196
2026-07-25 18:34:56,5543.89,217599,1088,629.9676,597.2983,39.3,128.853073,0.0,257.747467,2.066234,,8.805414,0.880541,2e-06,0.424376,2.0,8.0,3.313291,3.26475,6.578041,93.421959,29.766974,0.46303,0.907196
2026-07-25 18:35:10,5557.26,218111,1090,899.233,599.6788,39.2,342.16864,-0.0,684.378601,2.065849,,12.52902,1.252902,5e-06,0.135571,1.0,2.0,0.0,0.0,0.0,100.0,31.791868,0.452892,0.906174
2026-07-25 18:35:23,5570.65,218623,1093,611.544,599.9124,39.2,142.645218,0.0,285.331726,2.063839,,8.423807,0.842381,2e-06,0.512614,3.0,8.0,2.137602,3.007483,5.145085,94.854915,29.920631,0.441783,0.906174
2026-07-25 18:35:36,5584.11,219135,1095,661.3693,601.0538,39.2,189.017075,0.0,378.075439,2.064449,,9.129586,0.912959,3e-06,0.304474,1.0,7.0,2.310432,2.554129,4.864561,95.135439,30.43249,0.477468,0.906174
2026-07-25 18:35:50,5597.51,219647,1098,765.8768,604.4251,39.2,235.697815,0.0,471.43692,2.063768,,10.432492,1.043249,3e-06,0.50268,3.0,7.0,0.003103,0.862524,0.865626,99.134374,31.813121,0.509051,0.906174
2026-07-25 18:36:03,5611.01,220159,1100,756.8903,608.2599,39.2,241.272964,-0.0,482.587219,2.064425,,10.284633,1.028463,3e-06,0.398132,2.0,7.0,0.001558,0.797682,0.79924,99.20076,31.791333,0.466113,0.905253
2026-07-25 18:36:17,5624.49,220671,1103,423.5187,607.8771,39.2,48.830189,0.0,97.701653,2.063926,,5.817336,0.581734,2e-06,0.807003,6.0,10.0,1.016352,3.483968,4.50032,95.49968,30.500465,0.521929,0.905253
2026-07-25 18:36:30,5637.91,221183,1105,510.1171,603.9305,39.2,80.462273,-0.0,160.96582,2.063439,,6.704625,0.670463,2e-06,0.2931,2.0,3.0,0.0,0.0,0.0,100.0,31.935037,0.47832,0.905253
2026-07-25 18:36:44,5651.37,221695,1108,403.1174,602.8809,39.2,51.086136,0.0,102.213524,2.062546,,5.583171,0.558317,4e-06,0.306107,1.0,9.0,2.36705,2.55227,4.919319,95.080681,30.12198,0.512992,0.905253
2026-07-25 18:36:57,5664.91,222207,1111,391.0819,599.8659,39.2,52.215385,-0.0,104.471924,2.057586,,5.782678,0.578268,1e-06,1.200677,7.0,10.0,3.964772,6.797201,10.761972,89.238028,28.274172,0.482204,0.904548
2026-07-25 18:37:11,5678.47,222719,1113,894.5059,602.9039,39.2,307.946686,-0.0,615.93457,2.059634,,12.011434,1.201143,5e-06,0.096901,1.0,1.0,0.0,0.0,0.0,100.0,31.764752,0.446225,0.904548
2026-07-25 18:37:24,5691.98,223231,1116,662.8602,604.2955,39.2,146.705002,0.0,293.451172,2.058003,,8.813799,0.88138,3e-06,0.385058,2.0,6.0,0.0,0.52482,0.52482,99.47518,31.784409,0.426562,0.904548
2026-07-25 18:37:38,5705.47,223743,1118,512.86,605.7347,39.2,87.635918,0.0,175.313034,2.060243,,7.008026,0.700803,2e-06,0.615046,4.0,10.0,1.811453,3.284039,5.095492,94.904508,30.268564,0.458618,0.904548
2026-07-25 18:37:51,5719.01,224255,1121,426.0787,603.4505,39.2,61.495972,-0.0,123.033104,2.058031,,6.11552,0.611552,2e-06,0.772021,8.0,10.0,2.815059,5.612992,8.428051,91.571949,29.281159,0.500583,0.903697
2026-07-25 18:38:05,5732.58,224767,1123,510.6888,599.3541,39.2,67.660194,0.0,135.361572,2.059335,,6.758005,0.675801,4e-06,0.317783,2.0,7.0,0.07309,0.734013,0.807104,99.192896,31.885852,0.470761,0.903697
2026-07-25 18:38:18,5746.15,225279,1126,402.9615,593.6983,39.2,44.064724,0.0,88.17067,2.061237,,5.410319,0.541032,3e-06,0.458077,2.0,9.0,0.533172,1.728533,2.261705,97.738295,31.374393,0.505694,0.903697
2026-07-25 18:38:32,5759.74,225791,1128,718.5235,590.0325,39.2,191.591003,0.0,383.223267,2.062449,,9.617113,0.961711,3e-06,0.190117,1.0,2.0,0.0,0.0,0.0,100.0,32.167768,0.454975,0.903697
2026-07-25 18:38:46,5773.27,226303,1131,430.1676,587.5748,39.2,80.036133,0.0,160.113602,2.066772,,6.250673,0.625067,3e-06,0.688017,6.0,10.0,3.892113,6.202862,10.094975,89.905025,28.841716,0.483684,0.902733
2026-07-25 18:38:59,5786.8,226815,1134,317.6376,585.4376,39.2,32.647312,0.0,65.336151,2.076397,,4.375388,0.437539,3e-06,0.39737,2.0,8.0,1.712313,2.151327,3.86364,96.13636,30.627455,0.575225,0.902733
2026-07-25 18:39:12,5800.12,227327,1136,566.2952,586.8653,39.2,120.275131,0.0,240.591797,2.076385,,7.641813,0.764181,2e-06,0.679728,4.0,8.0,0.137268,1.466276,1.603544,98.396456,31.393464,0.492236,0.902733
2026-07-25 18:39:26,5813.56,227839,1139,608.0072,589.5488,39.2,123.820312,-0.0,247.682205,2.078972,,8.084308,0.808431,2e-06,0.755273,4.0,7.0,0.056064,1.199153,1.255217,98.744783,31.58062,0.49327,0.902733
2026-07-25 18:39:39,5827.03,228351,1141,515.3152,591.0413,39.2,101.998619,0.0,204.038849,2.080276,,7.471665,0.747167,2e-06,0.874294,8.0,10.0,4.071989,7.12715,11.199139,88.800861,28.299842,0.476897,0.90177
2026-07-25 18:39:53,5840.49,228863,1144,668.8931,591.067,39.2,145.866119,-0.0,291.773895,2.082667,,9.328039,0.932804,3e-06,0.424371,2.0,10.0,2.532203,3.634734,6.166937,93.833063,29.825843,0.463724,0.90177
2026-07-25 18:40:06,5854.0,229375,1146,958.8584,594.188,39.2,377.236877,0.0,754.515442,2.083818,,13.299307,1.329931,3e-06,0.184348,1.0,2.0,0.0,0.0,0.0,100.0,31.880136,0.477993,0.90177
2026-07-25 18:40:20,5867.43,229887,1149,749.1674,594.0736,39.2,247.280106,-0.0,494.601898,2.084991,,10.121933,1.012193,3e-06,0.200523,1.0,3.0,0.0,0.0,0.0,100.0,31.906834,0.498212,0.90177
2026-07-25 18:40:33,5881.02,230399,1152,592.8527,592.4185,39.2,133.568909,0.0,267.179504,2.084947,,8.16425,0.816425,2e-06,0.648188,4.0,10.0,1.316697,3.2745,4.591197,95.408803,30.294249,0.494099,0.901005
2026-07-25 18:40:47,5894.53,230911,1154,524.3555,592.2197,39.2,120.955635,0.0,241.953033,2.088434,,7.244713,0.724471,4e-06,0.359679,1.0,9.0,1.311481,2.508029,3.81951,96.18049,30.460782,0.523539,0.901005
2026-07-25 18:41:00,5908.05,231423,1157,740.5707,592.1242,39.2,205.123047,0.0,410.287903,2.090252,,9.982202,0.99822,4e-06,0.186768,1.0,2.0,0.0,0.0,0.0,100.0,31.846945,0.472964,0.901005
2026-07-25 18:41:14,5921.52,231935,1159,591.0679,591.8419,39.2,153.990372,0.0,308.022552,2.090878,,8.289584,0.828958,2e-06,0.42089,2.0,9.0,2.071478,2.978525,5.050004,94.949996,30.53976,0.502558,0.901005
2026-07-25 18:41:27,5935.0,232447,1162,523.8791,591.2635,39.2,110.363853,0.0,220.769577,2.093867,,7.009357,0.700936,5e-06,0.22768,1.0,3.0,0.119278,0.495701,0.614979,99.385021,31.974505,0.491852,0.90012
2026-07-25 18:41:41,5948.55,232959,1164,547.553,588.6575,39.2,121.984207,-0.0,244.010254,2.092121,,8.012671,0.801267,1e-06,1.183413,9.0,10.0,4.204782,7.654501,11.859282,88.140718,28.300339,0.462235,0.90012
2026-07-25 18:41:54,5962.0,233471,1167,662.5058,588.0118,39.2,208.177628,0.0,416.397186,2.096349,,9.134327,0.913433,5e-06,0.21492,1.0,3.0,0.0,0.156218,0.156218,99.843782,31.609851,0.520855,0.90012
2026-07-25 18:42:08,5975.5,233983,1169,391.1302,585.641,39.2,51.135349,0.0,102.312675,2.098785,,5.146941,0.514694,6e-06,0.108844,1.0,2.0,0.0,0.0,0.0,100.0,31.609113,0.536156,0.90012
2026-07-25 18:42:21,5989.01,234495,1172,432.5973,583.8574,39.2,57.152252,0.0,114.346512,2.100422,,5.673077,0.567308,2e-06,0.290229,2.0,3.0,0.0,0.006248,0.006248,99.993752,31.993151,0.496337,0.899234
2026-07-25 18:42:35,6002.57,235007,1175,343.8254,581.7203,39.2,42.789066,-0.0,85.620201,2.103274,,4.885134,0.488513,2e-06,0.418072,2.0,8.0,2.932263,3.110354,6.042617,93.957383,29.946891,0.488505,0.899234
2026-07-25 18:42:48,6015.9,235519,1177,362.0278,578.471,39.1,45.540924,0.0,91.124046,2.109997,,5.012886,0.501289,2e-06,0.917735,7.0,10.0,0.796315,3.934733,4.731048,95.268952,30.47512,0.525715,0.899234
2026-07-25 18:43:01,6029.17,236031,1180,484.885,577.9606,39.1,81.201912,0.0,162.446075,2.112594,,6.485786,0.648579,6e-06,0.280429,1.0,6.0,0.262504,0.719922,0.982426,99.017574,31.506677,0.486139,0.898317
2026-07-25 18:43:15,6042.61,236543,1182,488.9943,579.989,39.1,98.288712,-0.0,196.619705,2.114333,,6.60074,0.660074,2e-06,0.654226,4.0,8.0,0.220499,1.734276,1.954774,98.045226,31.285508,0.511025,0.898317
2026-07-25 18:43:29,6056.18,237055,1185,275.7847,576.713,39.1,36.374359,-0.0,72.791069,2.11744,,4.484885,0.448488,1e-06,1.264956,9.0,10.0,5.667591,9.205722,14.873314,85.126686,26.954661,0.519216,0.898317
2026-07-25 18:43:42,6069.66,237567,1187,513.873,576.0204,39.1,90.715782,0.0,181.473862,2.114884,,7.083958,0.708396,3e-06,0.441714,2.0,9.0,1.276556,2.528173,3.804729,96.195271,30.841428,0.490079,0.898317
2026-07-25 18:43:55,6083.01,238079,1190,513.0804,574.562,39.1,110.890358,0.0,221.822952,2.111867,,6.934993,0.693499,5e-06,0.420132,3.0,7.0,0.085482,1.207628,1.29311,98.70689,31.573009,0.489329,0.897632
2026-07-25 18:44:09,6096.4,238591,1192,580.1816,574.7129,39.1,115.401726,-0.0,230.845612,2.108167,,7.92796,0.792796,1e-06,0.725112,4.0,8.0,0.626674,2.130693,2.757367,97.242633,30.944881,0.463127,0.897632
2026-07-25 18:44:22,6109.92,239103,1195,664.2022,577.0569,39.1,187.01741,-0.0,374.076935,2.106359,,9.021924,0.902192,4e-06,0.127248,1.0,2.0,0.0,0.0,0.0,100.0,31.745007,0.44733,0.897632
2026-07-25 18:44:36,6123.45,239615,1198,657.9331,579.122,39.1,154.656097,0.0,309.354218,2.1016,,9.155096,0.91551,3e-06,0.329681,1.0,9.0,2.413501,2.961881,5.375381,94.624619,30.050349,0.401643,0.897632
2026-07-25 18:44:49,6136.96,240127,1200,717.5047,578.7446,39.1,195.15979,0.0,390.361542,2.098205,,10.00959,1.000959,4e-06,0.452965,3.0,9.0,1.083707,2.246824,3.330531,96.669469,30.991774,0.416226,0.896731
2026-07-25 18:45:03,6150.56,240639,1203,732.8067,580.0973,39.1,225.624664,-0.0,451.291229,2.095545,,10.216732,1.021673,2e-06,0.475781,3.0,6.0,0.073441,0.671906,0.745347,99.254653,31.650199,0.487179,0.896731
2026-07-25 18:45:16,6164.14,241151,1205,914.5969,587.4715,39.1,311.799591,0.0,623.640991,2.091893,,12.924379,1.292438,2e-06,0.43947,2.0,9.0,0.243491,1.514016,1.757508,98.242492,31.417535,0.421882,0.896731
2026-07-25 18:45:30,6177.61,241663,1208,777.8782,590.1337,39.1,263.216522,0.0,526.474854,2.090054,,11.07966,1.107966,2e-06,0.749715,5.0,10.0,1.317554,3.765553,5.083107,94.916893,30.324297,0.42554,0.896731
2026-07-25 18:45:43,6191.08,242175,1210,441.8608,588.0108,39.1,62.157257,-0.0,124.356316,2.089905,,6.282311,0.628231,1e-06,1.018158,6.0,10.0,2.960906,4.55212,7.513026,92.486974,29.501965,0.451789,0.895895
2026-07-25 18:45:57,6204.65,242687,1213,685.3083,589.1458,39.1,165.848618,0.0,331.739014,2.088395,,9.316271,0.931627,4e-06,0.33762,2.0,6.0,0.180609,0.815856,0.996466,99.003534,31.730305,0.409009,0.895895
2026-07-25 18:46:11,6218.18,243199,1216,928.8412,591.5046,39.1,358.734894,0.0,717.511475,2.083256,,13.18622,1.318622,4e-06,0.68609,5.0,10.0,0.746058,3.144102,3.89016,96.10984,30.481368,0.405053,0.895895
2026-07-25 18:46:24,6231.62,243711,1218,662.5003,588.0516,39.1,210.22052,0.0,420.482727,2.084101,,9.750048,0.975005,2e-06,0.346819,1.0,10.0,2.242188,2.94238,5.184567,94.815433,30.071412,0.472307,0.895895
2026-07-25 18:46:37,6245.05,244223,1221,794.2731,588.0564,39.1,298.599457,0.0,597.24054,2.081057,,11.412413,1.141241,5e-06,0.170398,1.0,2.0,0.0,0.007807,0.007807,99.992193,31.87414,0.461249,0.894939
2026-07-25 18:46:51,6258.46,244735,1223,655.8535,589.0155,39.1,173.379089,0.0,346.799805,2.081947,,9.296272,0.929627,1e-06,0.800315,4.0,10.0,2.431288,3.687558,6.118846,93.881154,29.882196,0.416129,0.894939
2026-07-25 18:47:04,6271.87,245247,1226,604.1969,588.8329,39.1,116.833382,0.0,233.708405,2.081804,,8.41276,0.841276,3e-06,0.620758,5.0,10.0,1.528155,3.29479,4.822944,95.177056,30.182372,0.407304,0.894939
2026-07-25 18:47:18,6285.42,245759,1228,548.9538,589.1547,39.1,94.692902,0.0,189.427475,2.083793,,7.41846,0.741846,2e-06,0.799325,5.0,9.0,0.062739,1.974716,2.037455,97.962545,31.099749,0.446893,0.894939
2026-07-25 18:47:31,6298.83,246271,1231,484.6318,587.135,39.1,63.043564,0.0,126.128784,2.082807,,6.533706,0.653371,3e-06,0.453467,3.0,8.0,0.084058,1.200168,1.284227,98.715773,31.639783,0.445979,0.894082
2026-07-25 18:47:45,6312.39,246783,1233,877.713,590.1259,39.1,277.528259,0.0,555.098206,2.083318,,12.136653,1.213665,2e-06,0.390833,3.0,5.0,0.0,0.318759,0.318759,99.681241,32.017861,0.414375,0.894082
2026-07-25 18:47:58,6325.89,247295,1236,742.8793,592.035,39.1,218.477539,0.0,436.996796,2.086148,,10.740174,1.074017,4e-06,0.579174,4.0,10.0,1.634755,3.366946,5.001701,94.998299,30.617051,0.416272,0.894082
2026-07-25 18:48:12,6339.33,247807,1239,745.7137,594.5992,39.1,237.140915,0.0,474.323639,2.090443,,10.643657,1.064366,3e-06,0.567023,4.0,9.0,2.413804,3.635567,6.049371,93.950629,29.83751,0.42027,0.894082
2026-07-25 18:48:25,6352.85,248319,1241,611.9504,597.4328,39.1,115.14019,0.0,230.322266,2.094037,,8.152526,0.815253,2e-06,0.334168,2.0,4.0,0.0,0.155482,0.155482,99.844518,32.133564,0.409966,0.893158
2026-07-25 18:48:39,6366.45,248831,1244,576.8842,598.459,39.1,110.245674,-0.0,220.533325,2.098483,,7.993105,0.79931,1e-06,0.876541,5.0,10.0,1.264974,3.247442,4.512416,95.487584,30.387507,0.440519,0.893158
2026-07-25 18:48:52,6379.94,249343,1246,510.8496,599.2347,39.1,93.107178,0.0,186.256348,2.099269,,7.401209,0.740121,1e-06,1.563153,8.0,10.0,2.201829,7.407291,9.609121,90.390879,28.762392,0.466472,0.893158
2026-07-25 18:49:06,6393.47,249855,1249,674.7138,601.0744,39.1,175.765945,-0.0,351.573944,2.102687,,9.778826,0.977883,1e-06,1.163939,8.0,10.0,2.954406,6.694759,9.649164,90.350836,28.45396,0.429334,0.893158
2026-07-25 18:49:19,6406.93,250367,1251,631.3466,601.3872,39.1,170.392914,0.0,340.827942,2.10603,,8.561683,0.856168,4e-06,0.287753,1.0,6.0,0.0,0.328425,0.328425,99.671575,31.633101,0.446241,0.89254
2026-07-25 18:49:33,6420.33,250879,1254,450.9939,601.6495,39.1,72.872307,0.0,145.786911,2.114866,,6.151208,0.615121,1e-06,1.204308,7.0,10.0,0.422126,3.687721,4.109847,95.890153,30.326145,0.490342,0.89254
2026-07-25 18:49:46,6433.86,251391,1256,815.9756,606.4597,39.1,253.781769,-0.0,507.605865,2.116364,,10.946313,1.094631,4e-06,0.193128,1.0,2.0,0.0,0.0,0.0,100.0,31.868027,0.417494,0.89254
2026-07-25 18:50:00,6447.24,251903,1259,507.9776,607.1969,39.1,84.280251,0.0,168.602905,2.119928,,7.075207,0.707521,1e-06,0.837884,6.0,9.0,2.028801,3.914685,5.943486,94.056514,30.133411,0.452759,0.89254
2026-07-25 18:50:13,6460.61,252415,1262,523.1663,607.8437,39.1,111.604874,0.0,223.252197,2.122504,,7.591889,0.759189,2e-06,0.800105,7.0,10.0,3.98535,6.134769,10.120119,89.879881,28.745238,0.463322,0.891651
2026-07-25 18:50:26,6474.01,252927,1264,589.6505,606.8096,39.1,173.306503,-0.0,346.655487,2.124719,,8.560659,0.856066,1e-06,1.252354,8.0,10.0,3.220433,7.349312,10.569745,89.430255,28.767625,0.48567,0.891651
2026-07-25 18:50:40,6487.41,253439,1267,697.1421,606.4906,39.1,183.094879,0.0,366.23233,2.128079,,9.657618,0.965762,3e-06,0.369939,2.0,5.0,0.911694,1.061837,1.973531,98.026469,31.713682,0.444208,0.891651
2026-07-25 18:50:53,6500.86,253951,1269,732.4166,605.561,39.1,207.837082,0.0,415.716766,2.129425,,10.059159,1.005916,2e-06,0.563672,3.0,9.0,0.902323,2.234914,3.137237,96.862763,31.174376,0.427107,0.891651
2026-07-25 18:51:06,6514.16,254463,1272,814.6982,605.3501,39.1,288.482788,-0.0,577.00824,2.131971,,11.238929,1.123893,4e-06,0.301607,1.0,4.0,0.487669,0.702182,1.189852,98.810148,31.986814,0.436959,0.891033
2026-07-25 18:51:20,6527.53,254975,1274,1003.6038,606.9242,39.1,383.341675,0.0,766.726013,2.132385,,13.797824,1.379782,4e-06,0.259054,1.0,3.0,0.0,0.0,0.0,100.0,32.169361,0.444193,0.891033
2026-07-25 18:51:33,6540.89,255487,1277,721.5806,609.1317,39.1,162.606812,-0.0,325.256287,2.132589,,9.747456,0.974746,2e-06,0.765451,4.0,9.0,0.54187,2.282707,2.824577,97.175423,31.031151,0.429595,0.891033
2026-07-25 18:51:47,6554.44,255999,1280,652.3246,609.9295,39.1,120.021202,-0.0,240.085114,2.135213,,8.560741,0.856074,5e-06,0.216265,1.0,2.0,0.0,0.018829,0.018829,99.981171,31.8475,0.411092,0.889899
2026-07-25 18:52:00,6567.93,256511,1282,581.3561,610.0151,39.1,106.779488,0.0,213.601685,2.135418,,7.75645,0.775645,2e-06,0.452364,2.0,5.0,0.0,0.146004,0.146004,99.853996,31.694461,0.467456,0.889899
2026-07-25 18:52:14,6581.57,257023,1285,612.5449,610.6364,39.1,124.809563,0.0,249.661819,2.135045,,8.279131,0.827913,2e-06,0.751835,4.0,7.0,0.213986,1.222998,1.436984,98.563016,31.2681,0.45325,0.889899
2026-07-25 18:52:27,6595.18,257535,1287,611.175,608.467,39.0,146.435776,0.0,292.914215,2.133786,,8.597545,0.859754,2e-06,1.150539,8.0,10.0,1.942685,5.642814,7.585498,92.414502,29.688997,0.444474,0.889899
2026-07-25 18:52:41,6608.79,258047,1290,795.0209,608.8773,39.0,265.262207,0.0,530.567078,2.134052,,11.34812,1.134812,4e-06,0.431118,2.0,8.0,0.455308,1.067566,1.522874,98.477126,31.618819,0.509596,0.888952
2026-07-25 18:52:55,6622.27,258559,1292,537.9808,605.3342,39.0,124.090851,-0.0,248.224365,2.133164,,7.380098,0.73801,3e-06,0.419783,2.0,7.0,1.384654,2.01786,3.402514,96.597486,30.973704,0.501482,0.888952
2026-07-25 18:53:08,6635.79,259071,1295,473.6599,603.3945,39.0,71.259216,0.0,142.561111,2.133714,,6.282626,0.628263,3e-06,0.441754,2.0,4.0,0.141884,0.311832,0.453716,99.546284,31.661117,0.517024,0.888952
2026-07-25 18:53:22,6649.26,259583,1297,608.2429,603.6887,39.0,127.828911,0.0,255.700485,2.132987,,8.023782,0.802378,5e-06,0.303601,2.0,3.0,0.044099,0.107098,0.151198,99.848802,31.756457,0.479878,0.888952
2026-07-25 18:53:35,6662.79,260095,1300,388.7077,600.579,39.0,45.469212,0.0,90.981094,2.133569,,5.357943,0.535794,3e-06,0.47285,2.0,10.0,2.044381,2.853321,4.897702,95.102298,30.086798,0.546719,0.887971
2026-07-25 18:53:49,6676.23,260607,1303,392.2518,597.022,39.0,56.655918,0.0,113.354546,2.13533,,5.120344,0.512034,3e-06,0.444542,2.0,5.0,0.0,0.295645,0.295645,99.704355,31.804055,0.546415,0.887971
2026-07-25 18:54:02,6689.58,261119,1305,482.2329,594.8707,39.0,80.184883,0.0,160.41246,2.134394,,6.37615,0.637615,2e-06,0.742999,4.0,8.0,0.185777,1.314609,1.500386,98.499614,31.249178,0.519099,0.887971
2026-07-25 18:54:15,6702.93,261631,1308,609.2606,595.4045,39.0,159.459412,-0.0,318.961487,2.132976,,8.197687,0.819769,2e-06,0.465744,2.0,7.0,0.382546,0.93811,1.320656,98.679344,30.77335,0.484711,0.887971
2026-07-25 18:54:29,6716.42,262143,1310,580.8814,594.7286,39.0,123.975471,0.0,247.993561,2.130697,,8.35562,0.835562,1e-06,1.650208,9.0,10.0,3.914262,8.062615,11.976878,88.023122,27.595382,0.437727,0.887114
2026-07-25 18:54:42,6729.89,262655,1313,599.8357,595.5331,39.0,120.137489,0.0,240.317581,2.130363,,8.025255,0.802525,3e-06,0.750622,6.0,9.0,0.221568,2.274238,2.495806,97.504194,30.547263,0.454274,0.887114
2026-07-25 18:54:56,6743.31,263167,1315,757.559,599.3307,39.0,193.205399,0.0,386.453369,2.128646,,10.198458,1.019846,4e-06,0.392321,2.0,5.0,0.032851,0.441142,0.473993,99.526007,31.803914,0.427213,0.887114
2026-07-25 18:55:09,6756.8,263679,1318,525.0281,600.8916,39.0,89.594521,0.0,179.231644,2.130497,,7.081703,0.70817,2e-06,0.578877,3.0,9.0,0.603897,1.965381,2.569277,97.430723,31.24976,0.515601,0.887114
2026-07-25 18:55:23,6770.35,264191,1320,544.9803,601.4568,39.0,93.938232,0.0,187.919037,2.128396,,7.587953,0.758795,3e-06,0.918356,6.0,10.0,1.907336,4.734754,6.642089,93.357911,29.709388,0.474747,0.886096
2026-07-25 18:55:36,6783.83,264703,1323,503.9841,598.4109,39.0,97.163513,0.0,194.369629,2.130196,,6.630878,0.663088,3e-06,0.36375,2.0,4.0,0.130259,0.114566,0.244825,99.755175,31.689382,0.527461,0.886096
2026-07-25 18:55:50,6797.41,265215,1326,372.6105,595.4798,39.0,67.333817,0.0,134.71022,2.129358,,4.959308,0.495931,2e-06,0.393187,2.0,3.0,0.0,0.021867,0.021867,99.978133,31.810663,0.585364,0.886096
2026-07-25 18:56:03,6810.86,265727,1328,515.9535,595.3856,39.0,90.579124,0.0,181.20076,2.125514,,6.796542,0.679654,2e-06,0.407254,2.0,4.0,0.0,0.017206,0.017206,99.982794,31.941057,0.509164,0.886096
2026-07-25 18:56:17,6824.38,266239,1331,1043.3883,599.4514,39.0,405.739105,0.0,811.52063,2.121187,,14.533089,1.453309,5e-06,0.225199,1.0,2.0,0.0,0.0,0.0,100.0,31.834204,0.454368,0.885026
2026-07-25 18:56:30,6837.98,266751,1333,1268.9067,606.8856,39.0,653.760498,-0.0,1307.563354,2.11594,,18.706026,1.870603,4e-06,0.321344,2.0,6.0,0.153352,0.577048,0.7304,99.2696,31.36372,0.50136,0.885026
2026-07-25 18:56:44,6851.37,267263,1336,947.6796,611.9734,39.0,405.327301,0.0,810.696899,2.115365,,13.461537,1.346154,3e-06,0.696585,4.0,8.0,0.088926,1.895535,1.984461,98.015539,31.286951,0.498559,0.885026
2026-07-25 18:56:57,6864.83,267775,1338,926.8476,617.665,39.0,336.252014,0.0,672.546265,2.111291,,12.996576,1.299658,2e-06,0.935639,6.0,10.0,1.665164,4.76072,6.425884,93.574116,29.931139,0.453272,0.885026
2026-07-25 18:57:11,6878.28,268287,1341,727.7859,621.255,39.0,212.77861,-0.0,425.599426,2.109808,,10.5743,1.05743,2e-06,0.770133,4.0,10.0,3.125881,4.277522,7.403403,92.596597,29.439246,0.467436,0.884042
2026-07-25 18:57:24,6891.67,268799,1344,807.0213,623.0255,39.0,248.593033,0.0,497.228241,2.108407,,11.164421,1.116442,2e-06,0.658421,4.0,10.0,1.279882,3.112761,4.392643,95.607357,30.434862,0.459531,0.884042
2026-07-25 18:57:37,6905.0,269311,1346,712.1951,621.1551,39.0,203.948273,-0.0,407.93869,2.107047,,9.978078,0.997808,2e-06,0.545884,3.0,10.0,2.729051,3.181285,5.910336,94.089664,29.982002,0.451958,0.884042
2026-07-25 18:57:51,6918.3,269823,1349,695.7939,621.9976,39.0,166.738647,0.0,333.51944,2.107124,,9.345895,0.934589,5e-06,0.291645,2.0,3.0,0.0,0.162333,0.162333,99.837667,31.52011,0.450681,0.884042
2026-07-25 18:58:04,6931.79,270335,1351,454.4223,619.9282,39.0,62.710537,-0.0,125.463173,2.104787,,6.070555,0.607056,3e-06,0.496454,3.0,7.0,0.469676,1.58555,2.055226,97.944774,31.094612,0.46459,0.883328
2026-07-25 18:58:17,6945.13,270847,1354,532.0396,617.5898,39.0,101.217354,0.0,202.476791,2.104346,,7.237932,0.723793,2e-06,1.064543,6.0,9.0,0.36399,2.92761,3.2916,96.7084,30.690971,0.492161,0.883328
2026-07-25 18:58:31,6958.51,271359,1356,681.1522,616.8324,39.0,191.646072,-0.0,383.334198,2.103022,,9.400795,0.94008,4e-06,0.408701,2.0,7.0,0.433556,1.291207,1.724763,98.275237,31.058356,0.539328,0.883328
2026-07-25 18:58:44,6971.9,271871,1359,733.9488,619.9367,39.0,159.226929,-0.0,318.495941,2.104382,,9.755994,0.975599,3e-06,0.341866,2.0,4.0,0.045582,0.234196,0.279777,99.720223,31.701726,0.439429,0.883328
2026-07-25 18:58:58,6985.41,272383,1361,673.9702,621.5752,39.0,168.120041,-0.0,336.282196,2.104951,,8.93714,0.893714,3e-06,0.360792,2.0,4.0,0.0,0.130451,0.130451,99.869549,32.12141,0.424404,0.882247
2026-07-25 18:59:11,6998.89,272895,1364,768.8123,625.2322,39.0,236.386673,0.0,472.815399,2.103053,,10.633494,1.063349,4e-06,0.336623,1.0,6.0,0.272344,0.981994,1.254338,98.745662,31.566585,0.441965,0.882247
2026-07-25 18:59:25,7012.39,273407,1367,655.0003,627.8714,39.0,148.021149,-0.0,296.08432,2.101047,,9.486927,0.948693,1e-06,1.273154,8.0,10.0,4.245246,7.756996,12.002243,87.997757,28.174328,0.455721,0.882247
2026-07-25 18:59:38,7025.9,273919,1369,680.175,625.7281,39.0,190.60463,-0.0,381.251282,2.101105,,9.037947,0.903795,3e-06,0.245731,1.0,2.0,0.0,0.0,0.0,100.0,32.09,0.463026,0.882247
2026-07-25 18:59:52,7039.32,274431,1372,529.4515,624.394,39.0,115.266617,-0.0,230.575241,2.100325,,7.012468,0.701247,2e-06,0.562517,3.0,6.0,0.0,0.560324,0.560324,99.439676,31.852675,0.49145,0.881375
2026-07-25 19:00:05,7052.87,274943,1374,602.0817,625.2862,39.0,137.294052,-0.0,274.630035,2.096131,,8.190295,0.81903,2e-06,0.938719,6.0,9.0,0.809175,2.930146,3.739321,96.260679,30.954802,0.49279,0.881375
2026-07-25 19:00:19,7066.35,275455,1377,425.3827,625.2792,39.0,50.134872,-0.0,100.311661,2.095633,,5.929855,0.592986,3e-06,0.60689,3.0,9.0,2.332995,3.826861,6.159856,93.840144,29.89136,0.490888,0.881375
2026-07-25 19:00:32,7079.86,275967,1379,420.9161,624.3815,39.0,47.962307,0.0,95.966507,2.094795,,5.649505,0.56495,3e-06,0.672585,4.0,8.0,0.088675,1.330118,1.418793,98.581207,31.624399,0.541117,0.881375
2026-07-25 19:00:46,7093.37,276479,1382,659.1562,626.9434,39.0,166.814438,-0.0,333.670715,2.092333,,8.720703,0.87207,4e-06,0.313613,2.0,3.0,0.0,0.0,0.0,100.0,32.082879,0.487227,0.880456
2026-07-25 19:00:59,7106.95,276991,1384,531.2876,625.0711,39.0,93.458549,0.0,186.958954,2.092542,,6.965637,0.696564,3e-06,0.29787,2.0,3.0,0.0,0.0,0.0,100.0,32.094335,0.468991,0.880456
2026-07-25 19:01:13,7120.29,277503,1387,309.1896,623.8613,39.0,41.660805,-0.0,83.363449,2.092059,,4.244367,0.424437,3e-06,0.605662,3.0,9.0,1.052714,2.762009,3.814722,96.185278,30.778136,0.567534,0.880456
2026-07-25 19:01:26,7133.63,278015,1390,342.6174,624.1111,39.0,47.170128,0.0,94.381897,2.082015,,4.769924,0.476992,4e-06,0.808173,6.0,10.0,1.430002,3.867576,5.297578,94.702422,30.101554,0.539779,0.879474
2026-07-25 19:01:39,7147.0,278527,1392,436.2298,622.8105,39.0,60.238701,-0.0,120.518692,2.064437,,5.780018,0.578002,2e-06,0.610474,3.0,6.0,0.152739,0.655046,0.807785,99.192215,31.309917,0.55134,0.879474
2026-07-25 19:01:53,7160.34,279039,1395,493.5155,621.6655,39.0,95.409286,0.0,190.859436,2.04281,,6.888788,0.688879,2e-06,1.017872,7.0,10.0,1.745905,4.699551,6.445456,93.554544,29.75999,0.548168,0.879474
2026-07-25 19:02:06,7173.88,279551,1397,623.0897,622.7433,39.0,131.771744,-0.0,263.583893,2.020913,,8.224277,0.822428,5e-06,0.423733,2.0,6.0,0.073311,0.639526,0.712837,99.287163,31.858851,0.482186,0.879474
2026-07-25 19:02:20,7187.34,280063,1400,501.753,621.0719,39.0,78.732834,-0.0,157.505661,1.999684,,6.655235,0.665523,3e-06,0.719901,4.0,7.0,0.214129,1.221158,1.435288,98.564712,31.627495,0.544431,0.878488
2026-07-25 19:02:33,7200.75,280575,1402,463.9664,616.123,39.0,67.963753,0.0,135.96701,1.975577,,6.169633,0.616963,3e-06,0.7724,5.0,7.0,0.120553,1.458997,1.579549,98.420451,31.777018,0.531127,0.878488
2026-07-25 19:02:46,7214.12,281087,1405,570.4203,614.3355,39.0,133.810181,-0.0,267.659454,1.955258,,7.589218,0.758922,2e-06,0.504101,3.0,6.0,0.122673,0.656842,0.779515,99.220485,31.822504,0.537906,0.878488
2026-07-25 19:03:00,7227.67,281599,1408,660.232,615.0093,39.0,156.938278,0.0,313.9151,1.926535,,9.032064,0.903206,2e-06,1.38111,8.0,10.0,1.245921,5.464566,6.710487,93.289513,29.638889,0.469281,0.878488
2026-07-25 19:03:13,7241.16,282111,1410,709.0305,616.856,39.0,206.604935,0.0,413.248047,1.908511,,9.781099,0.97811,2e-06,1.298496,7.0,10.0,2.237348,5.27825,7.515598,92.484402,28.982605,0.46971,0.87759
2026-07-25 19:03:27,7254.72,282623,1413,692.8484,616.3788,39.0,159.975143,0.0,319.988037,1.887332,,9.48095,0.948095,1e-06,1.134553,6.0,10.0,2.123729,4.429041,6.55277,93.44723,29.374857,0.446254,0.87759
2026-07-25 19:03:41,7268.19,283135,1415,825.6317,618.7244,39.0,236.990997,0.0,474.01944,1.872131,,11.014381,1.101438,4e-06,0.711258,4.0,7.0,0.047405,1.072924,1.120329,98.879671,31.254855,0.445654,0.87759
2026-07-25 19:03:54,7281.61,283647,1418,652.6663,620.0123,39.0,147.796753,-0.0,295.630676,1.858717,,8.598386,0.859839,3e-06,0.407351,2.0,5.0,0.0,0.481495,0.481495,99.518505,31.479328,0.505675,0.87759
2026-07-25 19:04:07,7295.05,284159,1420,563.329,620.1701,39.0,104.184769,0.0,208.406494,1.847817,,7.666233,0.766623,5e-06,0.608672,4.0,8.0,0.876372,2.373378,3.24975,96.75025,30.969265,0.55272,0.876727
2026-07-25 19:04:21,7308.54,284671,1423,870.3737,622.2488,39.0,243.007126,0.0,486.051117,1.843874,,11.633404,1.16334,5e-06,0.456134,2.0,6.0,0.0,0.678708,0.678708,99.321292,31.647888,0.457836,0.876727
2026-07-25 19:04:34,7321.86,285183,1425,859.3555,626.931,38.9,249.612869,0.0,499.262299,1.828003,,11.792003,1.1792,2e-06,1.102407,6.0,9.0,0.559349,3.167039,3.726388,96.273612,30.727872,0.482492,0.876727
2026-07-25 19:04:47,7335.17,285695,1428,804.718,630.6522,38.9,256.166534,-0.0,512.369568,1.824517,,11.672525,1.167253,2e-06,0.917629,5.0,9.0,3.128169,4.449645,7.577814,92.422186,29.341674,0.462616,0.876727
2026-07-25 19:05:01,7348.55,286207,1431,656.0305,633.7743,38.9,164.484192,0.0,329.004944,1.827744,,8.708058,0.870806,4e-06,0.66174,3.0,9.0,0.542129,1.956378,2.498507,97.501493,30.963106,0.486123,0.875831
2026-07-25 19:05:14,7361.96,286719,1433,437.5672,634.5297,38.9,81.234558,-0.0,162.505493,1.819175,,6.083302,0.60833,3e-06,0.963103,7.0,10.0,1.552814,4.47843,6.031244,93.968756,29.819247,0.594014,0.875831
2026-07-25 19:05:28,7375.32,287231,1436,715.1712,636.8325,38.9,189.112228,0.0,378.260803,1.817476,,9.702779,0.970278,4e-06,0.633711,4.0,9.0,0.604892,2.274954,2.879846,97.120154,31.153374,0.491071,0.875831
2026-07-25 19:05:41,7388.71,287743,1438,619.335,638.1359,38.9,153.931839,0.0,307.899994,1.816277,,8.17519,0.817519,6e-06,0.293355,2.0,3.0,0.0,0.0,0.0,100.0,32.33491,0.565657,0.875831
2026-07-25 19:05:54,7402.04,288255,1441,527.5184,640.6533,38.9,87.706352,-0.0,175.449051,1.81735,,7.253156,0.725316,3e-06,0.725276,4.0,10.0,1.723305,2.941772,4.665077,95.334923,30.460808,0.581319,0.874907
2026-07-25 19:06:08,7415.44,288767,1443,658.1171,642.0957,38.9,123.260307,0.0,246.556747,1.806302,,8.81743,0.881743,2e-06,0.943729,6.0,9.0,0.344315,2.540105,2.88442,97.11558,30.874943,0.465192,0.874907
2026-07-25 19:06:21,7428.92,289279,1446,593.3393,642.8983,38.9,116.517418,-0.0,233.070847,1.800412,,8.199163,0.819916,3e-06,1.120738,7.0,10.0,2.322844,5.356666,7.67951,92.32049,29.194754,0.467393,0.874907
2026-07-25 19:06:35,7442.48,289791,1448,652.996,643.6264,38.9,142.205002,0.0,284.446014,1.800009,,8.587869,0.858787,4e-06,0.323498,2.0,3.0,0.0,0.0,0.0,100.0,31.907745,0.475103,0.874907
2026-07-25 19:06:48,7456.02,290303,1451,551.9907,642.5043,38.9,93.193245,-0.0,186.422455,1.797889,,7.57614,0.757614,3e-06,0.842175,4.0,10.0,2.422428,3.483976,5.906405,94.093595,30.310305,0.481939,0.874072
2026-07-25 19:07:02,7469.44,290815,1454,670.5794,642.6308,38.9,171.696915,0.0,343.42984,1.80074,,8.824384,0.882438,7e-06,0.353321,2.0,4.0,0.0,0.249657,0.249657,99.750343,31.92028,0.495928,0.874072
2026-07-25 19:07:15,7482.89,291327,1456,495.928,640.415,38.9,66.055435,-0.0,132.147003,1.806707,,6.485011,0.648501,7e-06,0.42358,2.0,4.0,0.0,0.191758,0.191758,99.808242,31.71281,0.499882,0.874072
2026-07-25 19:07:29,7496.33,291839,1459,460.5847,637.6928,38.9,51.742039,0.0,103.520317,1.812028,,6.03406,0.603406,4e-06,0.378843,2.0,3.0,0.0,0.194277,0.194277,99.805723,32.022505,0.519609,0.874072
2026-07-25 19:07:42,7509.83,292351,1461,306.4127,631.611,38.9,36.035042,-0.0,72.106644,1.828083,,4.153645,0.415364,5e-06,0.796012,4.0,9.0,0.752137,2.273504,3.025641,96.974359,31.047959,0.631257,0.873034
2026-07-25 19:07:56,7523.37,292863,1464,608.2874,629.9151,38.9,140.302963,-0.0,280.642303,1.819526,,8.190581,0.819058,4e-06,0.744547,4.0,9.0,0.712896,2.418865,3.131761,96.868239,30.837117,0.509544,0.873034
2026-07-25 19:08:09,7536.9,293375,1466,789.5273,633.3917,38.9,197.841476,0.0,395.718994,1.80179,,10.658954,1.065895,4e-06,1.059793,6.0,9.0,0.660776,3.173891,3.834667,96.165333,31.032622,0.476761,0.873034
2026-07-25 19:08:23,7550.37,293887,1469,814.971,634.6883,38.9,196.473312,0.0,392.982452,1.792005,,10.849379,1.084938,2e-06,0.804854,4.0,7.0,0.258579,1.341184,1.599763,98.400237,31.464176,0.474833,0.873034
2026-07-25 19:08:36,7563.77,294399,1472,1077.8128,636.1781,38.9,426.78299,-0.0,853.601746,1.788358,,14.709699,1.47097,6e-06,0.481411,2.0,9.0,0.574865,1.91049,2.485355,97.514645,31.112128,0.472303,0.87211
2026-07-25 19:08:49,7577.15,294911,1474,897.599,638.529,38.9,289.866852,0.0,579.769531,1.790452,,11.953041,1.195304,6e-06,0.420952,2.0,5.0,0.0,0.300485,0.300485,99.699515,31.610543,0.448866,0.87211
2026-07-25 19:09:03,7590.55,295423,1477,788.2783,638.4691,38.9,207.654297,0.0,415.344238,1.782295,,10.775642,1.077564,4e-06,0.738771,4.0,10.0,2.180948,3.47701,5.657959,94.342041,30.020625,0.45271,0.87211
2026-07-25 19:09:16,7604.08,295935,1479,846.5985,640.3766,38.9,250.633911,0.0,501.303436,1.78047,,11.215894,1.121589,5e-06,0.257158,1.0,2.0,0.0,0.0,0.0,100.0,32.081621,0.490471,0.87211
2026-07-25 19:09:30,7617.55,296447,1482,702.2885,641.3575,38.9,178.378067,0.0,356.791809,1.783054,,9.544807,0.954481,4e-06,0.826879,4.0,9.0,0.877521,2.507871,3.385392,96.614608,30.875989,0.498727,0.871117
2026-07-25 19:09:43,7631.07,296959,1484,825.8594,644.1265,38.9,253.574051,0.0,507.183685,1.778584,,11.035567,1.103557,5e-06,0.663268,4.0,7.0,0.194537,1.428683,1.62322,98.37678,31.488918,0.455266,0.871117
2026-07-25 19:09:57,7644.53,297471,1487,876.5312,648.0455,38.9,243.092285,-0.0,486.21994,1.768847,,11.787234,1.178723,6e-06,0.54373,3.0,5.0,0.076639,0.467655,0.544294,99.455706,31.736074,0.484851,0.871117
2026-07-25 19:10:10,7658.0,297983,1489,478.1534,644.0499,38.9,70.930008,-0.0,141.89534,1.766089,,6.734173,0.673417,4e-06,1.625007,9.0,10.0,2.129499,7.024988,9.154487,90.845513,28.681579,0.529031,0.871117
2026-07-25 19:10:24,7671.54,298495,1492,498.878,641.6099,38.9,104.277222,0.0,208.590088,1.782514,,6.765435,0.676544,5e-06,0.785592,5.0,10.0,0.652473,3.345092,3.997565,96.002435,30.602626,0.563499,0.870272
2026-07-25 19:10:37,7685.13,299007,1495,576.6145,639.9189,38.9,112.242218,0.0,224.520248,1.790238,,7.578855,0.757885,4e-06,0.438141,2.0,4.0,0.0,0.153449,0.153449,99.846551,31.790255,0.526924,0.870272
2026-07-25 19:10:51,7698.63,299519,1497,586.7109,639.6665,38.9,113.657486,0.0,227.350998,1.801277,,7.757661,0.775766,4e-06,0.569354,3.0,8.0,0.44836,1.488744,1.937103,98.062897,30.961452,0.433065,0.870272
2026-07-25 19:11:04,7712.14,300031,1500,677.3794,640.6715,38.9,151.732224,0.0,303.50058,1.807319,,9.0069,0.90069,4e-06,0.680006,3.0,8.0,0.271942,1.317752,1.589694,98.410306,31.550756,0.478592,0.869245
2026-07-25 19:11:18,7725.72,300543,1502,598.2424,641.5454,38.9,122.997337,0.0,246.031052,1.818574,,7.877888,0.787789,7e-06,0.463991,2.0,6.0,0.0,0.490674,0.490674,99.509326,32.082543,0.51102,0.869245
2026-07-25 19:11:31,7739.18,301055,1505,564.9547,640.4478,38.9,92.888145,-0.0,185.813004,1.835734,,7.410411,0.741041,5e-06,0.343862,2.0,3.0,0.0,0.01088,0.01088,99.98912,32.149892,0.496769,0.869245
2026-07-25 19:11:45,7752.61,301567,1507,584.0518,639.9749,38.9,118.70507,-0.0,237.44693,1.839645,,7.879853,0.787985,5e-06,0.785907,4.0,8.0,0.855775,2.319227,3.175002,96.824998,30.704895,0.513849,0.869245
2026-07-25 19:11:58,7765.96,302079,1510,542.7662,640.8926,38.9,116.320938,0.0,232.678909,1.851567,,7.297789,0.729779,6e-06,1.000889,6.0,9.0,0.46067,2.984886,3.445556,96.554444,30.36828,0.531719,0.868183
2026-07-25 19:12:12,7779.39,302591,1512,855.1837,641.2847,38.9,303.6716,0.0,607.380493,1.864846,,11.84801,1.184801,6e-06,0.982707,6.0,9.0,0.627425,2.813243,3.440668,96.559332,30.713845,0.522768,0.868183
2026-07-25 19:12:25,7792.81,303103,1515,726.9697,643.4746,38.9,207.105896,-0.0,414.24942,1.8819,,9.605736,0.960574,3e-06,0.502695,2.0,4.0,0.0,0.095199,0.095199,99.904801,31.908121,0.536323,0.868183
2026-07-25 19:12:39,7806.24,303615,1518,492.5033,643.168,38.9,75.861786,0.0,151.761581,1.900282,,6.600039,0.660004,4e-06,0.611623,3.0,9.0,0.437403,1.532483,1.969885,98.030115,31.038675,0.557786,0.868183
2026-07-25 19:12:52,7819.62,304127,1520,403.0499,641.3019,38.9,47.280724,0.0,94.599762,1.915606,,5.398778,0.539878,3e-06,0.646437,3.0,7.0,0.832344,1.380473,2.212818,97.787182,31.103115,0.587123,0.867135
2026-07-25 19:13:05,7833.07,304639,1523,631.1598,640.6421,38.9,116.358551,0.0,232.755661,1.928255,,8.323171,0.832317,4e-06,0.451216,2.0,5.0,0.445531,0.956035,1.401566,98.598434,31.789503,0.472469,0.867135
2026-07-25 19:13:19,7846.41,305151,1525,829.6856,641.6148,38.9,231.517578,0.0,463.074036,1.943764,,11.029438,1.102944,5e-06,0.473152,2.0,5.0,0.0,0.19141,0.19141,99.80859,31.986183,0.449666,0.867135
2026-07-25 19:13:32,7859.87,305663,1528,686.462,640.3325,38.9,158.566971,-0.0,317.173126,1.959256,,9.057067,0.905707,2e-06,0.778379,4.0,7.0,0.082471,0.891621,0.974092,99.025908,31.583076,0.518333,0.867135
2026-07-25 19:13:46,7873.4,306175,1530,600.6297,636.3027,38.9,135.337616,0.0,270.714569,1.967402,,8.225309,0.822531,2e-06,0.861162,5.0,9.0,1.449185,3.509867,4.959052,95.040948,30.319448,0.496945,0.86607
2026-07-25 19:13:59,7887.01,306687,1533,490.4348,633.9913,38.9,80.615822,0.0,161.271362,1.986162,,6.603126,0.660313,4e-06,0.750461,4.0,8.0,0.975052,2.732651,3.707703,96.292297,30.6384,0.536875,0.86607
2026-07-25 19:14:13,7900.49,307199,1536,578.081,633.2488,38.9,98.445465,0.0,196.930786,1.992778,,7.987219,0.798722,2e-06,0.954237,6.0,10.0,2.778122,4.89309,7.671212,92.328788,29.536207,0.461359,0.86607
2026-07-25 19:14:26,7914.04,307711,1538,620.8475,633.6437,38.9,140.029785,0.0,280.099579,2.000698,,8.442993,0.844299,3e-06,1.061002,6.0,9.0,0.486168,3.114273,3.600441,96.399559,30.774987,0.502496,0.86607
2026-07-25 19:14:40,7927.49,308223,1541,728.8851,634.8071,38.9,225.563141,0.0,451.166473,2.010146,,10.100016,1.010002,5e-06,0.944358,6.0,10.0,1.108146,3.608497,4.716642,95.283358,30.405384,0.506436,0.865356
2026-07-25 19:14:53,7940.93,308735,1543,568.8608,634.384,38.9,101.504883,0.0,203.05011,2.017332,,7.691472,0.769147,3e-06,0.749698,4.0,9.0,1.330094,2.7147,4.044793,95.955207,30.649755,0.493498,0.865356
2026-07-25 19:15:07,7954.52,309247,1546,462.384,631.0576,38.9,87.514069,0.0,175.068649,2.025476,,6.248734,0.624873,3e-06,0.936509,5.0,9.0,0.613449,2.94237,3.555819,96.444181,30.704815,0.582587,0.865356
2026-07-25 19:15:20,7967.97,309759,1548,509.9513,630.7773,38.9,119.96093,0.0,239.962402,2.027351,,6.990636,0.699064,4e-06,0.882903,5.0,9.0,1.261067,2.992892,4.253959,95.746041,30.674141,0.550715,0.865356
2026-07-25 19:15:34,7981.44,310271,1551,542.565,631.4664,38.9,108.310966,0.0,216.662521,2.029049,,7.491468,0.749147,2e-06,0.961427,6.0,10.0,2.255816,4.259419,6.515235,93.484765,29.743489,0.523151,0.864544
2026-07-25 19:15:47,7994.78,310783,1553,415.618,629.5401,38.9,48.25013,-0.0,96.540894,2.03183,,5.599372,0.559937,3e-06,1.095262,5.0,9.0,0.580533,2.72756,3.308093,96.691907,30.516871,0.545153,0.864544
2026-07-25 19:16:01,8008.18,311295,1556,360.1383,629.2544,38.9,36.344784,0.0,72.730247,2.034142,,5.333856,0.533386,3e-06,0.646067,4.0,9.0,4.451835,5.140473,9.592307,90.407693,28.614258,0.561454,0.864544
2026-07-25 19:16:14,8021.62,311807,1559,913.1367,634.4633,38.9,314.475159,-0.0,628.991028,2.036684,,12.360202,1.23602,4e-06,0.312305,2.0,3.0,0.0,0.095767,0.095767,99.904233,31.74355,0.489276,0.864544
2026-07-25 19:16:27,8034.93,312319,1561,859.952,638.2405,38.9,280.134796,-0.0,560.310303,2.034871,,11.897693,1.189769,5e-06,0.680955,4.0,10.0,1.639191,3.517462,5.156653,94.843347,30.250679,0.454278,0.863842
2026-07-25 19:16:41,8048.4,312831,1564,752.2693,639.6706,38.9,203.840668,-0.0,407.722076,2.037005,,10.143206,1.014321,4e-06,0.430691,2.0,9.0,0.643007,1.287567,1.930574,98.069426,31.485497,0.445455,0.863842
2026-07-25 19:16:54,8061.9,313343,1566,634.6741,640.2085,38.9,142.127274,0.0,284.29538,2.042366,,8.379078,0.837908,3e-06,0.534493,3.0,4.0,0.0,0.151185,0.151185,99.848815,31.985227,0.489232,0.863842
2026-07-25 19:17:08,8075.5,313855,1569,511.8203,639.3283,38.9,103.234428,0.0,206.509796,2.047343,,6.961967,0.696197,3e-06,0.665784,3.0,8.0,0.252114,1.672408,1.924522,98.075478,31.171234,0.574493,0.863842
2026-07-25 19:17:21,8089.03,314367,1571,559.6733,637.3495,38.9,106.973114,0.0,213.987259,2.05128,,7.6016,0.76016,4e-06,0.79179,5.0,10.0,1.164594,3.027014,4.191607,95.808393,30.808538,0.481009,0.862803
2026-07-25 19:17:35,8102.54,314879,1574,742.8693,639.5279,38.9,163.057526,0.0,326.156067,2.050977,,9.906531,0.990653,4e-06,0.574299,3.0,7.0,0.301788,1.501199,1.802987,98.197013,31.682995,0.424364,0.862803
2026-07-25 19:17:48,8116.06,315391,1576,830.7989,642.3861,38.9,254.605759,0.0,509.252594,2.054212,,11.254717,1.125472,4e-06,0.582623,3.0,7.0,0.039493,1.044184,1.083677,98.916323,31.278458,0.499782,0.862803
2026-07-25 19:18:02,8129.62,315903,1579,665.6834,644.0031,38.9,146.079254,0.0,292.199615,2.055321,,8.956986,0.895699,2e-06,0.990004,5.0,8.0,0.175486,2.04101,2.216496,97.783504,30.866201,0.484941,0.862803
2026-07-25 19:18:15,8143.11,316415,1582,673.5845,647.0128,38.9,158.678848,0.0,317.398834,2.05701,,9.023936,0.902394,4e-06,0.49883,2.0,5.0,0.143404,0.56101,0.704414,99.295586,31.417552,0.467324,0.861817
2026-07-25 19:18:29,8156.58,316927,1584,664.1215,648.4945,38.9,125.709259,0.0,251.459717,2.059824,,8.916486,0.891649,3e-06,0.862051,5.0,9.0,1.024149,2.613073,3.637222,96.362778,30.643655,0.440374,0.861817
2026-07-25 19:18:42,8170.11,317439,1587,627.2404,644.333,38.9,147.604996,0.0,295.25119,2.060074,,8.708026,0.870803,2e-06,0.919813,6.0,10.0,2.200793,4.546313,6.747105,93.252895,29.403539,0.475829,0.861817
2026-07-25 19:18:56,8183.7,317951,1589,658.5078,638.229,38.9,168.161453,-0.0,336.364075,2.05845,,8.815617,0.881562,3e-06,0.743701,4.0,7.0,0.495985,1.566682,2.062667,97.937333,31.041192,0.504766,0.861817
2026-07-25 19:19:09,8197.11,318463,1592,663.7479,635.3897,38.9,155.938629,0.0,311.918427,2.057845,,8.974267,0.897427,3e-06,0.840149,4.0,9.0,0.485033,2.307439,2.792472,97.207528,30.792814,0.450139,0.860928
2026-07-25 19:19:23,8210.44,318975,1594,900.3866,635.1251,38.8,327.216003,0.0,654.473083,2.055309,,12.38689,1.238689,4e-06,0.775404,5.0,8.0,0.239006,2.158869,2.397875,97.602125,31.154858,0.494344,0.860928
2026-07-25 19:19:36,8223.92,319487,1597,598.7384,633.8346,38.8,154.093216,-0.0,308.2276,2.059053,,8.691207,0.869121,3e-06,1.145025,9.0,10.0,4.598296,8.030938,12.629234,87.370766,27.657599,0.492294,0.860928
2026-07-25 19:19:50,8237.38,319999,1600,614.3959,631.9084,38.8,131.20134,0.0,262.443878,2.060539,,8.241483,0.824148,1e-06,1.066349,5.0,9.0,0.225095,2.222813,2.447908,97.552092,31.007231,0.499112,0.860217
2026-07-25 19:20:03,8250.78,320511,1602,606.102,630.8474,38.8,113.94725,-0.0,227.935715,2.060468,,8.168022,0.816802,3e-06,0.925367,5.0,8.0,0.251272,2.190098,2.44137,97.55863,31.296311,0.477904,0.860217
2026-07-25 19:20:16,8264.15,321023,1605,637.5422,630.2649,38.8,153.285477,0.0,306.612122,2.057906,,8.477406,0.847741,4e-06,0.721881,4.0,8.0,0.076017,1.363658,1.439675,98.560325,31.675979,0.446071,0.860217
2026-07-25 19:20:30,8277.53,321535,1607,483.3457,630.5542,38.8,89.673599,-0.0,179.388382,2.059092,,6.571791,0.657179,4e-06,0.541324,3.0,7.0,1.678193,2.084081,3.762274,96.237726,30.800652,0.52548,0.860217
2026-07-25 19:20:43,8291.04,322047,1610,453.6507,629.7703,38.8,103.174057,-0.0,206.389313,2.059669,,6.099216,0.609922,4e-06,0.29953,2.0,3.0,0.0,0.0,0.0,100.0,32.014378,0.57928,0.859189
2026-07-25 19:20:57,8304.47,322559,1612,648.8147,629.4469,38.8,144.108658,0.0,288.258575,2.063172,,8.557941,0.855794,5e-06,0.435858,2.0,6.0,0.02492,0.462574,0.487493,99.512507,31.890755,0.461383,0.859189
2026-07-25 19:21:10,8318.11,323071,1615,634.7302,628.4547,38.8,126.773911,-0.0,253.589157,2.066697,,8.461746,0.846175,4e-06,0.581915,3.0,7.0,0.085849,1.201886,1.287735,98.712265,31.48648,0.4655,0.859189
2026-07-25 19:21:24,8331.65,323583,1617,587.7915,627.5929,38.8,113.455704,0.0,226.952789,2.069468,,7.849882,0.784988,4e-06,0.669407,4.0,8.0,0.295706,1.771124,2.06683,97.93317,31.329972,0.499091,0.859189
2026-07-25 19:21:38,8345.23,324095,1620,612.8713,626.0335,38.8,113.534821,-0.0,227.11113,2.074597,,8.086838,0.808684,4e-06,0.615954,3.0,7.0,0.048418,1.229188,1.277606,98.722394,31.466614,0.46021,0.858097
2026-07-25 19:21:51,8358.75,324607,1623,777.3753,627.2573,38.8,188.344269,-0.0,376.730072,2.077253,,10.424475,1.042448,4e-06,0.415945,2.0,7.0,0.009403,0.904233,0.913636,99.086364,31.566056,0.462182,0.858097
2026-07-25 19:22:05,8372.33,325119,1625,702.7704,627.4832,38.8,157.331009,-0.0,314.703674,2.083075,,9.453884,0.945388,4e-06,0.491223,2.0,6.0,1.670394,1.992586,3.662981,96.337019,30.662495,0.440105,0.858097
2026-07-25 19:22:18,8385.84,325631,1628,580.727,627.996,38.8,137.134155,0.0,274.310059,2.088003,,7.878729,0.787873,4e-06,0.717625,4.0,9.0,0.614002,2.451346,3.065349,96.934651,31.129049,0.514749,0.858097
2026-07-25 19:22:32,8399.45,326143,1630,686.7314,628.8425,38.8,183.450226,0.0,366.942291,2.092063,,9.61941,0.961941,3e-06,0.477393,2.0,8.0,3.044849,3.314666,6.359515,93.640485,29.776054,0.450049,0.857245
2026-07-25 19:22:45,8412.93,326655,1633,750.8283,632.0969,38.8,201.026016,0.0,402.093964,2.095914,,10.050639,1.005064,4e-06,0.513861,2.0,7.0,0.004681,0.674021,0.678701,99.321299,31.690349,0.494799,0.857245
2026-07-25 19:22:59,8426.27,327167,1635,642.3698,634.3115,38.8,146.979233,0.0,294.000458,2.100219,,8.840771,0.884077,2e-06,1.169284,7.0,10.0,2.330738,5.343796,7.674534,92.325466,29.691531,0.433435,0.857245
2026-07-25 19:23:12,8439.59,327679,1638,751.4785,635.2347,38.8,237.551331,0.0,475.144745,2.1048,,10.09921,1.009921,4e-06,0.371098,2.0,6.0,0.641869,1.092742,1.734611,98.265389,31.35252,0.482523,0.857245
2026-07-25 19:23:25,8452.99,328191,1640,568.6416,635.6082,38.8,113.739372,0.0,227.520996,2.11244,,7.618546,0.761855,2e-06,0.965925,5.0,8.0,0.33297,1.912607,2.245577,97.754423,30.832912,0.509137,0.856344
2026-07-25 19:23:39,8466.4,328703,1643,311.8125,635.6345,38.8,38.416775,0.0,76.8759,2.117371,,4.08106,0.408106,4e-06,0.463351,2.0,5.0,0.0,0.075505,0.075505,99.924495,31.700444,0.633878,0.856344
2026-07-25 19:23:52,8479.83,329215,1646,296.3889,635.1722,38.8,31.739672,0.0,63.52232,2.148765,,3.87706,0.387706,3e-06,0.428535,2.0,4.0,0.0,0.047071,0.047071,99.952929,31.737219,0.613751,0.856344
2026-07-25 19:24:06,8493.22,329727,1648,457.6211,635.3861,38.8,52.733429,0.0,105.510475,2.180777,,6.003893,0.600389,3e-06,0.684891,4.0,7.0,0.010981,0.66354,0.67452,99.32548,31.607772,0.49056,0.856344
2026-07-25 19:24:19,8506.66,330239,1651,467.0833,635.1218,38.8,104.706604,-0.0,209.457306,2.204781,,6.631378,0.663138,2e-06,0.959923,6.0,10.0,2.024623,4.819501,6.844124,93.155876,29.854099,0.534334,0.85516
2026-07-25 19:24:33,8520.27,330751,1653,755.4558,636.4454,38.8,193.413177,0.0,386.870789,2.222088,,10.105915,1.010592,2e-06,0.544538,3.0,7.0,0.027991,0.979691,1.007682,98.992318,31.793224,0.452775,0.85516
2026-07-25 19:24:46,8533.73,331263,1656,615.387,637.5818,38.8,107.064621,0.0,214.17395,2.235497,,8.737433,0.873743,1e-06,0.840314,4.0,10.0,4.257802,5.679661,9.937463,90.062537,28.825127,0.44923,0.85516
2026-07-25 19:25:00,8547.23,331775,1658,405.7624,636.9997,38.8,47.680447,0.0,95.405823,2.246469,,5.370608,0.537061,2e-06,0.385939,2.0,4.0,0.0,0.028092,0.028092,99.971908,31.898002,0.549774,0.85516
2026-07-25 19:25:13,8560.81,332287,1661,334.6287,634.6418,38.8,41.559906,0.0,83.164902,2.254426,,4.923379,0.492338,2e-06,0.891779,8.0,10.0,3.389937,6.098425,9.488362,90.511638,28.567238,0.556477,0.854615
2026-07-25 19:25:27,8574.34,332799,1664,577.6763,633.8162,38.8,90.129898,0.0,180.304993,2.260197,,7.739527,0.773953,4e-06,0.399375,2.0,6.0,0.042508,0.749406,0.791914,99.208086,31.505798,0.466706,0.854615
2026-07-25 19:25:40,8587.86,333311,1666,589.0864,632.6168,38.8,91.603584,0.0,183.252487,2.265804,,7.792772,0.779277,4e-06,0.389807,2.0,7.0,0.163945,0.88374,1.047684,98.952316,31.601653,0.443824,0.854615
2026-07-25 19:25:54,8601.33,333823,1669,854.8541,634.2369,38.8,263.062988,0.0,526.171326,2.268714,,11.70728,1.170728,5e-06,0.357193,2.0,6.0,0.0,0.402043,0.402043,99.597957,32.021633,0.441365,0.854615
2026-07-25 19:26:07,8614.88,334335,1671,801.6693,633.9972,38.8,240.740631,0.0,481.526672,2.270582,,10.7857,1.07857,3e-06,0.347879,2.0,5.0,0.0,0.191148,0.191148,99.808852,31.991218,0.458996,0.853483
2026-07-25 19:26:21,8628.24,334847,1674,659.2687,634.0633,38.8,142.680664,0.0,285.406769,2.272249,,8.844463,0.884446,2e-06,0.65519,4.0,9.0,0.413067,1.777917,2.190985,97.809015,31.025337,0.476607,0.853483
2026-07-25 19:26:34,8641.79,335359,1676,616.303,634.593,38.8,133.223419,0.0,266.49231,2.273868,,8.767885,0.876789,2e-06,1.04266,8.0,10.0,2.317414,5.868795,8.186208,91.813792,29.067938,0.470754,0.853483
2026-07-25 19:26:47,8655.14,335871,1679,711.4047,633.0033,38.8,203.303436,0.0,406.652374,2.274479,,9.685275,0.968528,3e-06,0.151029,1.0,2.0,0.0,0.0,0.0,100.0,31.991121,0.53401,0.853483
2026-07-25 19:27:01,8668.54,336383,1681,595.032,630.3601,38.8,164.759521,-0.0,329.564545,2.274846,,9.017833,0.901783,1e-06,1.686304,9.0,10.0,3.167926,9.441694,12.60962,87.39038,27.854284,0.48873,0.852534
2026-07-25 19:27:14,8681.93,336895,1684,638.706,628.7,38.8,121.369591,0.0,242.784653,2.273317,,8.904771,0.890477,1e-06,1.016534,6.0,10.0,1.879535,4.576598,6.456134,93.543866,29.86696,0.417228,0.852534
2026-07-25 19:27:28,8695.27,337407,1687,806.6298,630.206,38.8,236.222443,0.0,472.490295,2.270076,,10.743799,1.07438,4e-06,0.191514,1.0,2.0,0.0,0.025025,0.025025,99.974975,31.925732,0.436084,0.852534
2026-07-25 19:27:41,8708.67,337919,1689,762.0698,633.451,38.8,235.183685,0.0,470.412689,2.266187,,10.35808,1.035808,3e-06,0.278196,2.0,3.0,0.0,0.065549,0.065549,99.934451,31.967921,0.476026,0.852534
2026-07-25 19:27:54,8722.04,338431,1692,543.6802,631.7361,38.8,112.412727,-0.0,224.870728,2.263361,,7.365833,0.736583,2e-06,0.495861,2.0,9.0,0.762456,1.954377,2.716833,97.283167,31.177542,0.47753,0.851789
2026-07-25 19:28:08,8735.52,338943,1694,606.5376,631.6081,38.8,114.310844,0.0,228.66687,2.259223,,8.180356,0.818036,2e-06,0.936613,6.0,9.0,0.239583,3.123972,3.363555,96.636445,30.667693,0.471278,0.851789
2026-07-25 19:28:21,8748.97,339455,1697,827.1209,634.6041,38.8,232.150772,-0.0,464.346649,2.255505,,11.321314,1.132131,3e-06,0.625672,5.0,10.0,0.721727,2.827288,3.549015,96.450985,30.71017,0.459435,0.851789
2026-07-25 19:28:35,8762.46,339967,1699,606.639,634.0893,38.8,118.455223,0.0,236.95549,2.251826,,8.358798,0.83588,3e-06,0.277429,1.0,10.0,2.245197,2.548812,4.794009,95.205991,30.514073,0.479772,0.851789
2026-07-25 19:28:48,8775.94,340479,1702,378.5995,631.9419,38.8,52.761776,-0.0,105.568558,2.250412,,5.03594,0.503594,1e-06,0.64705,4.0,7.0,0.416576,1.020376,1.436952,98.563048,31.45063,0.536977,0.850957
2026-07-25 19:29:02,8789.51,340991,1704,494.4324,630.3563,38.8,82.556793,0.0,165.158554,2.248334,,6.611636,0.661164,2e-06,0.423875,2.0,5.0,0.0,0.266268,0.266268,99.733732,31.9214,0.512393,0.850957
2026-07-25 19:29:15,8803.03,341503,1707,566.2429,630.4988,38.8,117.013756,0.0,234.072464,2.247952,,7.908756,0.790876,1e-06,1.082123,7.0,10.0,1.079126,4.373952,5.453077,94.546923,30.26664,0.521482,0.850957
2026-07-25 19:29:29,8816.45,342015,1710,657.9542,630.3726,38.8,135.260635,0.0,270.566223,2.247164,,9.184427,0.918443,1e-06,0.991083,7.0,10.0,1.2618,4.185749,5.44755,94.55245,30.182785,0.436609,0.850032
2026-07-25 19:29:42,8829.91,342527,1712,758.0765,632.9941,38.8,184.758331,-0.0,369.561646,2.248744,,10.384499,1.03845,3e-06,0.383834,2.0,8.0,0.189902,1.046816,1.236719,98.763281,31.389328,0.436428,0.850032
2026-07-25 19:29:56,8843.42,343039,1715,768.6577,636.0748,38.8,180.860092,0.0,361.765228,2.251638,,10.494043,1.049404,4e-06,0.525439,4.0,9.0,0.934754,2.953823,3.888577,96.111423,30.730237,0.419667,0.850032
2026-07-25 19:30:09,8856.91,343551,1717,630.095,639.3116,38.8,144.031784,-0.0,288.108643,2.253835,,8.946343,0.894634,4e-06,0.49659,3.0,10.0,4.167767,4.870165,9.037933,90.962067,29.083472,0.425616,0.850032
2026-07-25 19:30:23,8870.22,344063,1720,656.3187,639.7919,38.8,115.160347,0.0,230.365829,2.256815,,9.128633,0.912863,1e-06,1.168891,7.0,10.0,2.093668,5.821907,7.915575,92.084425,29.741535,0.43559,0.849376
2026-07-25 19:30:36,8883.56,344575,1722,573.5956,637.6326,38.8,84.480484,0.0,169.006134,2.258625,,7.723093,0.772309,3e-06,0.540368,4.0,8.0,0.947182,2.662685,3.609867,96.390133,30.942163,0.448489,0.849376
2026-07-25 19:30:49,8897.07,345087,1725,525.6056,634.739,38.8,77.514282,0.0,155.073746,2.258866,,7.03864,0.703864,4e-06,0.15485,1.0,2.0,0.336087,0.392625,0.728712,99.271288,31.498363,0.495446,0.849376
2026-07-25 19:31:03,8910.52,345599,1728,635.2816,630.3136,38.8,134.469513,-0.0,268.984222,2.259705,,8.691862,0.869186,2e-06,0.496672,3.0,5.0,0.0,0.157312,0.157312,99.842688,31.628405,0.514828,0.849376
2026-07-25 19:31:16,8923.92,346111,1730,572.9572,627.0672,38.8,102.226761,-0.0,204.498718,2.25976,,7.611254,0.761125,3e-06,0.613437,4.0,7.0,0.0,0.800958,0.800958,99.199042,31.786647,0.436262,0.848288
2026-07-25 19:31:30,8937.38,346623,1733,428.2328,623.4668,38.8,72.255829,-0.0,144.55687,2.260307,,5.805051,0.580505,3e-06,0.544685,4.0,9.0,0.891371,2.509217,3.400588,96.599412,31.026768,0.498778,0.848288
2026-07-25 19:31:43,8950.81,347135,1735,490.2229,619.903,38.8,80.364769,0.0,160.77478,2.262212,,6.480085,0.648008,5e-06,0.149263,1.0,2.0,0.0,0.0,0.0,100.0,32.1445,0.496999,0.848288
2026-07-25 19:31:57,8964.33,347647,1738,447.4921,617.355,38.8,59.053516,0.0,118.152367,2.266533,,5.900317,0.590032,4e-06,0.243736,1.0,3.0,0.0,0.0,0.0,100.0,31.892081,0.49433,0.848288
2026-07-25 19:32:10,8977.82,348159,1740,435.917,613.4556,38.8,55.989986,-0.0,112.025383,2.270696,,5.907353,0.590735,2e-06,1.021323,6.0,9.0,0.551537,3.474837,4.026374,95.973626,30.67881,0.512233,0.847258
2026-07-25 19:32:24,8991.38,348671,1743,641.3928,611.1042,38.8,124.636223,-0.0,249.317947,2.274708,,8.803753,0.880375,2e-06,0.682751,4.0,9.0,1.514795,3.018626,4.533421,95.466579,30.317096,0.50152,0.847258
2026-07-25 19:32:37,9004.94,349183,1745,733.634,613.659,38.8,178.618546,-0.0,357.282654,2.278035,,10.001651,1.000165,1e-06,0.945824,6.0,9.0,0.424539,2.515901,2.940439,97.059561,30.822157,0.510382,0.847258
2026-07-25 19:32:51,9018.47,349695,1748,564.9059,614.3193,38.8,89.873085,0.0,179.791794,2.280878,,7.3966,0.73966,4e-06,0.224654,1.0,3.0,0.0,0.0,0.0,100.0,31.987046,0.475194,0.847258
2026-07-25 19:33:04,9031.83,350207,1751,488.3473,613.4367,38.8,69.485901,0.0,139.017471,2.283667,,6.513127,0.651313,3e-06,0.519101,4.0,8.0,0.023216,1.422336,1.445552,98.554448,31.687838,0.497351,0.846275
2026-07-25 19:33:18,9045.23,350719,1753,451.7719,612.0873,38.8,60.257206,-0.0,120.560135,2.286046,,6.307529,0.630753,1e-06,1.671799,8.0,10.0,0.873031,6.143779,7.016809,92.983191,29.854198,0.51517,0.846275
2026-07-25 19:33:31,9058.71,351231,1756,365.9811,608.9733,38.8,53.857388,-0.0,107.760521,2.287258,,5.187116,0.518712,2e-06,1.18186,9.0,10.0,1.453234,6.242195,7.69543,92.30457,29.366589,0.544677,0.846275
2026-07-25 19:33:44,9071.99,351743,1758,597.7895,608.9688,38.8,102.821648,-0.0,205.689041,2.287457,,8.013342,0.801334,3e-06,0.432866,2.0,9.0,1.044597,1.925977,2.970574,97.029426,31.215096,0.427206,0.846275
2026-07-25 19:33:58,9085.37,352255,1761,1020.5065,613.5243,38.8,344.712463,-0.0,689.470642,2.287031,,13.999263,1.399926,5e-06,0.346462,2.0,6.0,0.049454,0.489908,0.539363,99.460637,32.107452,0.504058,0.845491
2026-07-25 19:34:11,9098.7,352767,1763,892.6374,616.6101,38.8,266.999207,0.0,534.044189,2.288374,,12.240531,1.224053,3e-06,1.003265,7.0,10.0,0.447738,3.698908,4.146646,95.853354,30.484056,0.480598,0.845491
2026-07-25 19:34:24,9112.07,353279,1766,597.8852,617.1613,38.8,93.979927,-0.0,188.005646,2.289554,,7.811531,0.781153,4e-06,0.153142,1.0,2.0,0.0,0.0,0.0,100.0,31.78839,0.484245,0.845491
2026-07-25 19:34:38,9125.39,353791,1768,745.9072,616.0685,38.8,178.923431,0.0,357.89267,2.28987,,9.810384,0.981038,6e-06,0.171458,1.0,2.0,0.0,0.0,0.0,100.0,32.089718,0.463057,0.845491
2026-07-25 19:34:51,9138.73,354303,1771,683.2937,615.6318,38.8,181.89798,0.0,363.841797,2.291715,,9.766535,0.976654,3e-06,1.077942,7.0,10.0,3.740741,6.618827,10.359568,89.640432,28.833103,0.51443,0.844529
2026-07-25 19:35:04,9151.97,354815,1774,688.0086,617.5868,38.8,185.038544,0.0,370.122925,2.292455,,9.238752,0.923875,4e-06,0.378334,2.0,7.0,0.382294,0.905433,1.287726,98.712274,31.871717,0.551116,0.844529
2026-07-25 19:35:18,9165.37,355327,1776,438.4957,617.9413,38.8,112.228279,0.0,224.502472,2.295427,,6.319169,0.631917,2e-06,0.763537,5.0,10.0,2.092736,4.381762,6.474498,93.525502,30.093618,0.614767,0.844529
2026-07-25 19:35:31,9178.89,355839,1779,559.883,617.2285,38.8,141.440018,-0.0,282.925995,2.298205,,7.627933,0.762793,2e-06,0.720068,3.0,10.0,1.165946,2.195451,3.361397,96.638603,31.094674,0.601743,0.844529
2026-07-25 19:35:45,9192.33,356351,1781,698.4108,615.9158,38.8,178.686646,0.0,357.419312,2.300318,,9.306151,0.930615,4e-06,0.225294,1.0,2.0,0.0,0.0,0.0,100.0,32.027879,0.535313,0.843726
2026-07-25 19:35:58,9205.78,356863,1784,643.7214,615.4884,38.8,128.355804,0.0,256.757629,2.300554,,8.6534,0.86534,5e-06,0.160876,1.0,2.0,0.0,0.0,0.0,100.0,32.164846,0.519009,0.843726
2026-07-25 19:36:12,9219.27,357375,1786,504.1887,614.524,38.8,99.21357,0.0,198.47319,2.302277,,7.071177,0.707118,3e-06,0.812643,7.0,10.0,2.126538,5.078252,7.20479,92.79521,29.777782,0.543734,0.843726
2026-07-25 19:36:25,9232.75,357887,1789,577.5739,615.3954,38.8,111.478683,-0.0,223.003418,2.302736,,7.751351,0.775135,5e-06,0.52925,3.0,9.0,0.311749,1.675068,1.986817,98.013183,31.498592,0.491359,0.843726
2026-07-25 19:36:39,9246.21,358399,1792,534.1527,614.9561,38.8,95.560646,-0.0,191.167374,2.304227,,7.468082,0.746808,3e-06,0.69518,5.0,10.0,3.052166,5.128768,8.180934,91.819066,29.196127,0.477214,0.842752
2026-07-25 19:36:52,9259.61,358911,1794,730.9622,616.0572,38.8,179.169052,0.0,358.384186,2.303551,,9.669112,0.966911,5e-06,0.231464,1.0,3.0,0.0,0.0,0.0,100.0,31.878316,0.462403,0.842752
2026-07-25 19:37:05,9273.09,359423,1797,629.0734,615.0591,38.8,137.932419,-0.0,275.910889,2.302926,,8.482708,0.848271,5e-06,0.369811,2.0,8.0,0.960998,1.74883,2.709828,97.290172,31.119447,0.513605,0.842752
2026-07-25 19:37:19,9286.65,359935,1799,850.6327,617.8768,38.8,245.555878,-0.0,491.157806,2.302503,,11.357362,1.135736,4e-06,0.338691,2.0,6.0,0.031317,0.626341,0.657658,99.342342,31.669278,0.471846,0.842752
2026-07-25 19:37:32,9299.96,360447,1802,634.6981,619.6,38.8,125.27684,0.0,250.599762,2.30404,,8.368953,0.836895,2e-06,0.808578,4.0,7.0,0.0,1.183599,1.183599,98.816401,31.371884,0.501832,0.841833
2026-07-25 19:37:46,9313.36,360959,1804,487.8608,619.3791,38.8,87.738075,0.0,175.522202,2.30252,,6.598352,0.659835,6e-06,0.395588,2.0,10.0,1.555667,2.453767,4.009434,95.990566,30.659213,0.514006,0.841833
2026-07-25 19:37:59,9326.7,361471,1807,669.9484,620.6529,38.8,151.249481,0.0,302.545013,2.302273,,8.839528,0.883953,5e-06,0.249882,1.0,3.0,0.493896,0.660081,1.153978,98.846022,31.837036,0.493485,0.841833
2026-07-25 19:38:13,9340.22,361983,1809,648.0372,622.9771,38.8,131.814774,0.0,263.675568,2.301681,,8.787274,0.878727,6e-06,0.495402,2.0,9.0,0.684335,2.301854,2.986189,97.013811,31.054254,0.444432,0.841833
2026-07-25 19:38:26,9353.69,362495,1812,339.87,622.7744,38.8,54.509151,0.0,109.064407,2.305145,,4.840481,0.484048,1e-06,1.842103,8.0,10.0,1.572224,6.273299,7.845523,92.154477,29.272375,0.56238,0.840861
2026-07-25 19:38:40,9367.19,363007,1815,636.5777,620.0088,38.8,132.662659,0.0,265.371429,2.305476,,8.382467,0.838247,3e-06,0.677105,4.0,7.0,0.023434,1.181084,1.204518,98.795482,31.536183,0.508261,0.840861
2026-07-25 19:38:53,9380.62,363519,1817,854.0002,619.9493,38.8,288.076019,0.0,576.198181,2.306986,,11.793011,1.179301,4e-06,0.664722,4.0,9.0,0.490889,1.948022,2.438911,97.561089,31.297025,0.546608,0.840861
2026-07-25 19:39:06,9394.13,364031,1820,515.132,617.5779,38.8,98.838768,0.0,197.723694,2.307654,,6.79399,0.679399,4e-06,0.554744,3.0,6.0,0.25233,0.891668,1.143998,98.856002,31.833631,0.566727,0.839952
2026-07-25 19:39:20,9407.6,364543,1822,371.0916,614.9421,38.7,43.832607,0.0,87.711357,2.307019,,4.972465,0.497246,4e-06,0.737431,5.0,9.0,0.412171,2.273885,2.686056,97.313944,31.480066,0.58835,0.839952
2026-07-25 19:39:33,9421.06,365055,1825,522.3019,615.0469,38.7,78.102737,-0.0,156.251587,2.305844,,6.944325,0.694432,5e-06,0.5804,3.0,9.0,0.619306,1.494447,2.113753,97.886247,31.140117,0.506285,0.839952
2026-07-25 19:39:47,9434.52,365567,1827,492.2392,614.3726,38.7,74.208946,0.0,148.463943,2.302718,,6.878363,0.687836,6e-06,0.99384,6.0,10.0,2.74331,5.112176,7.855487,92.144513,29.410345,0.524398,0.839952
2026-07-25 19:40:00,9448.05,366079,1830,555.1481,612.4954,38.7,87.055634,0.0,174.157272,2.299986,,7.372178,0.737218,4e-06,0.648859,4.0,8.0,0.322394,1.647965,1.970359,98.029641,31.216081,0.512742,0.839104
2026-07-25 19:40:14,9461.56,366591,1832,784.9214,612.0366,38.7,191.24617,-0.0,382.538269,2.295993,,10.354262,1.035426,6e-06,0.535982,3.0,8.0,0.103409,1.303585,1.406994,98.593006,31.379234,0.476572,0.839104
2026-07-25 19:40:27,9475.06,367103,1835,588.9278,611.269,38.7,109.039825,0.0,218.125534,2.294516,,8.030103,0.80301,5e-06,1.013598,7.0,10.0,1.553395,4.572933,6.126328,93.873672,29.875829,0.50355,0.839104
2026-07-25 19:40:41,9488.51,367615,1838,400.4277,608.5375,38.7,48.80505,-0.0,97.655937,2.291964,,5.376881,0.537688,3e-06,0.730244,4.0,9.0,0.643957,2.213408,2.857365,97.142635,31.07575,0.566779,0.839104
2026-07-25 19:40:54,9501.9,368127,1840,430.7841,606.2041,38.7,66.685989,0.0,133.417725,2.287129,,5.980813,0.598081,3e-06,1.151389,7.0,9.0,1.513266,4.563128,6.076394,93.923606,30.132806,0.561852,0.838232
2026-07-25 19:41:08,9515.21,368639,1843,596.7791,605.8995,38.7,115.889366,-0.0,231.824371,2.282299,,8.009463,0.800946,4e-06,0.761444,5.0,9.0,0.422276,3.004238,3.426515,96.573485,30.916144,0.489556,0.838232
2026-07-25 19:41:21,9528.52,369151,1845,518.5406,604.4998,38.7,73.074203,-0.0,146.193954,2.277318,,6.925462,0.692546,4e-06,0.541178,2.0,9.0,0.500663,1.633079,2.133742,97.866258,30.914363,0.573308,0.838232
2026-07-25 19:41:34,9541.92,369663,1848,565.8155,603.5205,38.7,97.607666,-0.0,195.260818,2.274184,,7.579193,0.757919,4e-06,0.446184,2.0,6.0,0.985011,1.514672,2.499684,97.500316,30.768513,0.576052,0.838232
2026-07-25 19:41:48,9555.34,370175,1850,796.5321,602.4819,38.7,234.876633,-0.0,469.798737,2.273648,,10.717297,1.07173,3e-06,0.948984,4.0,9.0,0.72721,2.365395,3.092605,96.907395,30.666424,0.520688,0.837353
2026-07-25 19:42:01,9568.67,370687,1853,739.6024,603.8906,38.7,183.746323,0.0,367.538025,2.269547,,9.77686,0.977686,3e-06,0.758242,4.0,7.0,0.211042,1.24453,1.455572,98.544428,31.564697,0.464957,0.837353
2026-07-25 19:42:14,9582.09,371199,1856,566.2637,603.4092,38.7,89.801086,0.0,179.647507,2.266407,,7.483551,0.748355,4e-06,0.497662,2.0,7.0,0.390316,1.091957,1.482273,98.517727,31.873405,0.488894,0.837353
2026-07-25 19:42:28,9595.46,371711,1858,586.437,603.2126,38.7,130.9776,0.0,262.000549,2.267216,,7.895651,0.789565,4e-06,0.758232,4.0,8.0,0.690094,1.814404,2.504497,97.495503,31.212223,0.529258,0.837353
2026-07-25 19:42:41,9608.98,372223,1861,710.9955,603.9471,38.7,194.696991,-0.0,389.439301,2.266102,,9.522833,0.952283,4e-06,0.780584,4.0,8.0,0.282921,1.556063,1.838984,98.161016,31.49898,0.5634,0.836319
2026-07-25 19:42:55,9622.46,372735,1863,757.0369,606.684,38.7,233.306519,0.0,466.658295,2.263082,,10.413378,1.041338,6e-06,0.600754,3.0,6.0,0.015444,0.651748,0.667192,99.332808,32.090482,0.600298,0.836319
2026-07-25 19:43:08,9635.95,373247,1866,794.7109,610.0946,38.7,267.348358,-0.0,534.741943,2.262147,,10.842614,1.084261,4e-06,0.546511,3.0,5.0,0.010806,0.453858,0.464664,99.535336,32.101373,0.566585,0.836319
2026-07-25 19:43:22,9649.48,373759,1868,644.9315,610.0558,38.7,165.626053,0.0,331.297333,2.261029,,8.586532,0.858653,4e-06,0.622362,3.0,7.0,0.032624,0.866877,0.899501,99.100499,31.891477,0.584602,0.836319
2026-07-25 19:43:35,9662.95,374271,1871,559.4588,609.3031,38.7,104.578178,0.0,209.201462,2.255118,,7.427579,0.742758,7e-06,0.352063,2.0,5.0,0.003101,0.432538,0.435639,99.564361,32.069872,0.591302,0.835169
2026-07-25 19:43:49,9676.42,374783,1873,494.9743,608.3749,38.7,69.452248,-0.0,138.949615,2.25581,,6.649448,0.664945,4e-06,0.624302,3.0,9.0,0.53636,1.858551,2.394911,97.605089,31.235691,0.578083,0.835169
2026-07-25 19:44:02,9689.9,375295,1876,457.017,606.8164,38.7,60.192211,0.0,120.429543,2.256108,,6.442573,0.644257,2e-06,1.050814,5.0,10.0,2.8527,4.726747,7.579447,92.420553,29.196504,0.563896,0.835169
2026-07-25 19:44:16,9703.51,375807,1879,581.6735,604.8594,38.7,100.495789,0.0,201.036713,2.256495,,7.715459,0.771546,3e-06,0.663071,3.0,6.0,0.0,0.427391,0.427391,99.572609,31.75514,0.539305,0.835169
2026-07-25 19:44:29,9717.05,376319,1881,514.0281,602.9719,38.7,64.907051,0.0,129.859207,2.25515,,6.825058,0.682506,3e-06,0.717373,4.0,9.0,0.531609,1.65234,2.183949,97.816051,31.429547,0.527236,0.83423
2026-07-25 19:44:43,9730.49,376831,1884,560.5854,602.7705,38.7,103.234863,-0.0,206.514801,2.253397,,7.399207,0.739921,6e-06,0.57042,3.0,7.0,0.0,0.831545,0.831545,99.168455,31.579215,0.561128,0.83423
2026-07-25 19:44:56,9743.83,377343,1886,375.7526,599.6607,38.7,40.41745,0.0,80.879967,2.253224,,4.908284,0.490828,6e-06,0.404247,2.0,4.0,0.0,0.0,0.0,100.0,32.209268,0.596244,0.83423
2026-07-25 19:45:10,9757.25,377855,1889,451.5935,596.6684,38.7,56.47456,-0.0,112.994133,2.25076,,5.981934,0.598193,4e-06,0.683666,3.0,7.0,0.290851,1.191402,1.482253,98.517747,31.495722,0.556926,0.83423
2026-07-25 19:45:23,9770.51,378367,1891,578.1416,596.0261,38.7,121.353966,0.0,242.75296,2.251568,,8.055479,0.805548,3e-06,1.351816,8.0,10.0,2.91282,6.860436,9.773255,90.226745,28.581196,0.501322,0.833209
2026-07-25 19:45:36,9783.94,378879,1894,710.5925,595.6172,38.7,194.598358,-0.0,389.241669,2.247637,,9.325538,0.932554,5e-06,0.506203,3.0,5.0,0.050615,0.268894,0.319509,99.680491,31.35877,0.474175,0.833209
2026-07-25 19:45:50,9797.35,379391,1896,617.1047,596.1019,38.7,137.041183,-0.0,274.127289,2.245438,,8.173041,0.817304,6e-06,0.779399,5.0,8.0,0.086631,1.940524,2.027155,97.972845,30.976643,0.47429,0.833209
2026-07-25 19:46:03,9810.88,379903,1899,614.6403,599.1302,38.7,117.866043,-0.0,235.777008,2.246199,,8.037125,0.803712,5e-06,0.324242,2.0,4.0,0.0,0.178275,0.178275,99.821725,31.917148,0.495665,0.833209
2026-07-25 19:46:17,9824.31,380415,1902,612.4568,602.2908,38.7,120.75901,0.0,241.562973,2.247482,,8.18914,0.818914,4e-06,0.675232,3.0,7.0,0.113261,0.740916,0.854176,99.145824,31.369261,0.523238,0.832221
2026-07-25 19:46:30,9837.85,380927,1904,531.4876,603.0295,38.7,101.010956,0.0,202.066818,2.245701,,7.51831,0.751831,5e-06,0.669801,4.0,10.0,4.759278,5.816721,10.575999,89.424001,28.231654,0.48762,0.832221
2026-07-25 19:46:44,9851.31,381439,1907,468.7799,603.0465,38.7,59.255535,0.0,118.555984,2.245622,,6.351036,0.635104,3e-06,0.679652,3.0,9.0,0.834424,1.771377,2.605802,97.394198,30.826481,0.509756,0.832221
2026-07-25 19:46:57,9864.77,381951,1909,421.7637,599.7095,38.7,50.33202,0.0,100.708916,2.243742,,5.508255,0.550825,4e-06,0.268029,1.0,2.0,0.0,0.0,0.0,100.0,31.77456,0.552734,0.832221
2026-07-25 19:47:11,9878.35,382463,1912,582.076,599.3764,38.7,109.690712,0.0,219.426315,2.244339,,7.7545,0.77545,4e-06,0.742501,4.0,9.0,0.819943,2.110448,2.930391,97.069609,30.64895,0.483716,0.831368
2026-07-25 19:47:24,9891.89,382975,1914,634.4951,601.6638,38.7,116.089005,-0.0,232.222778,2.238447,,8.618131,0.861813,7e-06,0.900298,6.0,9.0,1.456997,4.226393,5.68339,94.31661,29.876898,0.457628,0.831368
2026-07-25 19:47:38,9905.34,383487,1917,337.7186,601.6947,38.7,65.562325,0.0,131.169434,2.239518,,5.326052,0.532605,2e-06,1.458099,10.0,10.0,6.188599,9.935236,16.123835,83.876165,26.476711,0.617378,0.831368
2026-07-25 19:47:51,9918.8,383999,1920,301.375,598.9316,38.7,32.948872,-0.0,65.942902,2.257763,,3.970177,0.397018,7e-06,0.485132,3.0,6.0,0.0,0.641277,0.641277,99.358723,31.663002,0.659269,0.830787
2026-07-25 19:48:05,9932.29,384511,1922,396.6124,597.0069,38.7,52.308411,-0.0,104.662308,2.274166,,5.290332,0.529033,7e-06,0.62292,3.0,9.0,0.669266,1.854687,2.523953,97.476047,30.692948,0.529744,0.830787
2026-07-25 19:48:18,9945.67,385023,1925,754.4545,596.0029,38.7,209.519974,-0.0,419.085358,2.269841,,9.966636,0.996664,1e-05,0.53464,2.0,8.0,0.34161,0.84928,1.19089,98.80911,31.225072,0.47237,0.830787
2026-07-25 19:48:31,9958.92,385535,1927,540.9408,593.3956,38.7,67.35762,-0.0,134.760483,2.262414,,7.118735,0.711873,1e-05,0.893102,4.0,7.0,0.023487,1.310598,1.334085,98.665915,31.344938,0.514407,0.830787
2026-07-25 19:48:45,9972.36,386047,1930,606.7948,592.8709,38.7,133.397186,0.0,266.839325,2.247899,,8.068034,0.806803,8e-06,0.869083,4.0,8.0,0.318069,1.754058,2.072127,97.927873,31.176926,0.554811,0.829733
2026-07-25 19:48:58,9985.69,386559,1932,701.7356,593.7252,38.7,158.317551,-0.0,316.679657,2.227199,,9.443887,0.944389,1.1e-05,0.972609,5.0,8.0,0.275701,2.482866,2.758567,97.241433,31.218553,0.504087,0.829733
2026-07-25 19:49:11,9999.09,387071,1935,640.6935,593.0181,38.7,111.395477,0.0,222.835251,2.214642,,8.932696,0.89327,9e-06,1.221711,7.0,10.0,2.949705,5.668673,8.618378,91.381622,29.054466,0.53064,0.829733
2026-07-25 19:49:25,10012.47,387583,1937,882.9154,595.8969,38.7,252.630112,0.0,505.304108,2.194325,,11.712204,1.17122,0.448743,0.628826,3.0,7.0,0.972168,1.536652,2.50882,97.49118,30.998168,0.49112,0.829733
2026-07-25 19:49:38,10025.82,388095,1940,885.565,598.3655,38.7,311.212158,-0.0,622.467896,2.179348,,12.051652,1.205165,0.60704,0.872046,4.0,9.0,0.61488,2.26402,2.8789,97.1211,30.559989,0.586127,0.828945
2026-07-25 19:49:52,10039.35,388607,1943,786.0938,598.1602,38.7,213.587662,0.0,427.218597,2.163794,,10.605084,1.060508,0.636297,0.87909,4.0,9.0,0.553887,2.321348,2.875235,97.124765,31.176608,0.52718,0.828945
2026-07-25 19:50:05,10052.96,389119,1945,514.5814,595.6853,38.7,107.637169,-0.0,215.317383,2.152347,,7.13104,0.713104,0.532919,1.673283,7.0,10.0,1.57801,5.70964,7.28765,92.71235,29.616257,0.568596,0.828945
2026-07-25 19:50:19,10066.52,389631,1948,728.9105,597.5376,38.7,226.936646,0.0,453.916107,2.140579,,9.800189,0.980019,0.539125,1.017809,6.0,9.0,0.396474,2.954118,3.350592,96.649408,30.831908,0.50151,0.828945
2026-07-25 19:50:32,10080.04,390143,1950,444.8054,595.9203,38.7,59.285511,0.0,118.613663,2.132049,,6.041059,0.604106,0.746436,1.155116,6.0,9.0,1.166163,3.539023,4.705185,95.294815,30.413663,0.594485,0.828162
2026-07-25 19:50:46,10093.47,390655,1953,654.5629,594.1947,38.7,104.40593,0.0,208.854294,2.121721,,9.000901,0.90009,0.876233,1.130165,6.0,10.0,2.136113,4.569817,6.70593,93.29407,29.846319,0.492564,0.828162
2026-07-25 19:50:59,10106.96,391167,1955,1054.0155,598.6684,38.7,371.103119,0.0,742.248474,2.11166,,14.323815,1.432382,1.532425,0.667121,3.0,5.0,0.0,0.479948,0.479948,99.520052,31.949098,0.527111,0.828162
2026-07-25 19:51:13,10120.51,391679,1958,895.9101,603.8416,38.7,272.471497,0.0,544.985046,2.104072,,12.071729,1.207173,1.926,0.581394,3.0,5.0,0.0,0.417683,0.417683,99.582317,31.818255,0.552435,0.828162
2026-07-25 19:51:26,10134.04,392191,1960,753.1082,606.4283,38.7,184.206726,0.0,368.455414,2.098595,,9.89986,0.989986,1.918,0.615446,3.0,5.0,0.0,0.17762,0.17762,99.82238,32.04176,0.521993,0.827148
2026-07-25 19:51:40,10147.54,392703,1963,616.5854,606.9317,38.7,133.001556,-0.0,266.045013,2.095031,,8.067814,0.806781,1.914,0.582538,3.0,4.0,0.0,0.167403,0.167403,99.832597,32.127929,0.567016,0.827148
2026-07-25 19:51:53,10161.11,393215,1966,489.5926,605.2481,38.7,92.50515,0.0,185.052124,2.091592,,6.474076,0.647408,1.251049,0.869646,4.0,7.0,0.320112,1.491255,1.811368,98.188632,31.149992,0.578242,0.827148
2026-07-25 19:52:07,10174.54,393727,1968,507.3811,602.7412,38.7,105.286911,0.0,210.615585,2.088388,,6.683147,0.668315,1.649378,0.834276,4.0,6.0,0.207624,1.031877,1.239502,98.760498,31.635963,0.621242,0.827148
2026-07-25 19:52:20,10187.83,394239,1971,696.7218,602.0218,38.7,139.276474,-0.0,278.594696,2.087051,,9.31171,0.931171,0.71686,0.776461,4.0,8.0,0.975381,2.343103,3.318484,96.681516,30.713211,0.499076,0.826086
2026-07-25 19:52:34,10201.23,394751,1973,789.277,603.6136,38.7,194.274017,0.0,388.589783,2.087333,,10.539213,1.053921,1.226078,1.196428,5.0,9.0,0.617294,2.833656,3.45095,96.54905,30.939098,0.532477,0.826086
2026-07-25 19:52:47,10214.69,395263,1976,767.1281,604.7217,38.7,170.878754,-0.0,341.799164,2.082754,,10.078291,1.007829,1.921,0.591892,3.0,4.0,0.0,0.419294,0.419294,99.580706,31.870765,0.518381,0.826086
2026-07-25 19:53:00,10228.06,395775,1978,416.7967,603.1537,38.7,63.186684,-0.0,126.415054,2.084304,,5.894021,0.589402,0.905235,1.257041,7.0,10.0,2.949788,5.772754,8.722541,91.277459,28.968629,0.553899,0.826086
2026-07-25 19:53:14,10241.53,396287,1981,425.9673,602.1574,38.7,66.147377,-0.0,132.336304,2.077524,,5.585751,0.558575,1.889,0.722012,3.0,6.0,0.089262,0.701568,0.79083,99.20917,31.546581,0.656992,0.825197
2026-07-25 19:53:27,10254.98,396799,1984,810.2817,603.9074,38.7,217.578827,0.0,435.199188,2.076231,,10.676125,1.067612,1.924,0.67749,3.0,5.0,0.046897,0.442395,0.489292,99.510708,31.707846,0.492352,0.825197
2026-07-25 19:53:41,10268.43,397311,1986,591.5174,604.093,38.7,112.039474,0.0,224.120468,2.076235,,7.770132,0.777013,1.754602,0.803122,3.0,7.0,0.081239,1.107657,1.188895,98.811105,31.48815,0.527916,0.825197
2026-07-25 19:53:54,10281.9,397823,1989,518.1544,604.9922,38.7,80.846077,0.0,161.733719,2.077998,,6.89733,0.689733,1.883,1.047987,5.0,9.0,0.562342,2.582086,3.144428,96.855572,30.817961,0.591192,0.825197
2026-07-25 19:54:08,10295.38,398335,1991,680.1533,606.8915,38.7,150.748337,0.0,301.538177,2.074927,,9.00547,0.900547,0.510807,0.674308,3.0,6.0,0.186605,0.931469,1.118074,98.881926,31.739988,0.561448,0.824121
2026-07-25 19:54:21,10308.86,398847,1994,598.3783,608.4003,38.7,116.415085,0.0,232.87178,2.080396,,8.023271,0.802327,0.441491,1.259312,6.0,9.0,0.84014,3.69506,4.5352,95.4648,30.372378,0.512695,0.824121
2026-07-25 19:54:35,10322.38,399359,1996,629.5902,610.3371,38.7,127.37207,-0.0,254.785751,2.080752,,8.474306,0.847431,0.439618,1.002284,5.0,9.0,1.215729,3.3779,4.593628,95.406372,30.223662,0.488206,0.824121
2026-07-25 19:54:48,10335.84,399871,1999,652.0126,610.4433,38.7,97.733772,-0.0,195.509155,2.080401,,8.558301,0.85583,1.92,0.598306,3.0,5.0,0.0,0.408623,0.408623,99.591377,31.694812,0.506588,0.824121
2026-07-25 19:55:02,10349.24,400383,2001,658.8709,609.6956,38.7,140.435043,-0.0,280.911682,2.080455,,8.639962,0.863996,1.898,0.618893,3.0,4.0,0.023556,0.243412,0.266968,99.733032,31.727658,0.56416,0.823164
2026-07-25 19:55:15,10362.68,400895,2004,551.1666,609.5582,38.7,107.822159,-0.0,215.685959,2.082168,,7.262532,0.726253,1.91085,0.619803,3.0,5.0,0.0,0.444223,0.444223,99.555777,31.940623,0.676417,0.823164
2026-07-25 19:55:28,10376.0,401407,2007,732.212,611.9969,38.7,186.227386,-0.0,372.496368,2.079267,,9.65402,0.965402,1.904855,0.60227,3.0,4.0,0.0,0.162211,0.162211,99.837789,31.893991,0.624433,0.823164
2026-07-25 19:55:42,10389.28,401919,2009,750.6536,614.9857,38.7,208.215576,-0.0,416.472656,2.075167,,9.999613,0.999961,1.918,0.5719,2.0,5.0,0.10751,0.585852,0.693362,99.306638,31.816197,0.581524,0.823164
2026-07-25 19:55:55,10402.64,402431,2012,825.7974,619.5839,38.7,226.055481,-0.0,452.152557,2.079558,,11.063174,1.106317,1.535083,0.873771,4.0,8.0,0.477961,1.722845,2.200806,97.799194,31.172775,0.567836,0.822014
2026-07-25 19:56:08,10416.07,402943,2014,579.7682,619.4037,38.7,88.850624,0.0,177.742798,2.077692,,7.799734,0.779973,0.114073,0.790529,3.0,8.0,1.760993,2.776649,4.537642,95.462358,30.431548,0.460894,0.822014
2026-07-25 19:56:22,10429.36,403455,2017,550.5061,614.7037,38.7,111.993965,0.0,224.029541,2.080857,,7.495136,0.749514,0.523472,1.147309,6.0,10.0,1.869203,4.43134,6.300543,93.699457,29.774897,0.477876,0.822014
2026-07-25 19:56:35,10442.72,403967,2019,675.3084,612.5304,38.7,174.519623,0.0,349.080902,2.082502,,9.225118,0.922512,0.672181,1.425506,7.0,10.0,2.138349,5.600955,7.739304,92.260696,29.473046,0.499807,0.822014
2026-07-25 19:56:48,10456.03,404479,2022,537.519,611.9267,38.7,89.786926,0.0,179.615433,2.079369,,7.00874,0.700874,1.909,0.740476,3.0,5.0,0.0,0.350384,0.350384,99.649616,32.145823,0.509615,0.821295
2026-07-25 19:57:02,10469.45,404991,2024,471.4492,609.1821,38.7,60.952442,0.0,121.946587,2.084925,,6.53253,0.653253,0.992185,1.62242,7.0,10.0,1.995569,5.478063,7.473632,92.526368,29.395416,0.558758,0.821295
2026-07-25 19:57:15,10482.94,405503,2027,681.9371,609.1686,38.7,159.957962,0.0,319.957764,2.091516,,9.011823,0.901182,1.253673,0.777017,3.0,7.0,0.45451,1.226704,1.681214,98.318786,31.026089,0.550205,0.821295
2026-07-25 19:57:29,10496.69,406015,2030,776.9499,610.058,38.7,229.545685,0.0,459.133209,2.092441,,10.343554,1.034355,0.645456,0.959569,4.0,8.0,0.761541,2.1671,2.928641,97.071359,30.799719,0.568173,0.820382
2026-07-25 19:57:42,10510.13,406527,2032,828.899,613.962,38.7,301.822784,0.0,603.687439,2.09439,,11.247145,1.124715,0.760749,1.020939,5.0,8.0,0.901667,2.966377,3.868044,96.131956,30.907981,0.632552,0.820382
2026-07-25 19:57:56,10523.67,407039,2035,522.5121,613.5883,38.7,148.75679,0.0,297.555511,2.096268,,7.161284,0.716128,0.741832,1.076999,6.0,9.0,1.525727,4.19575,5.721478,94.278522,30.396768,0.609542,0.820382
2026-07-25 19:58:10,10537.26,407551,2037,624.4492,612.8487,38.7,154.177643,0.0,308.397278,2.100317,,8.390325,0.839032,0.633542,1.170336,5.0,9.0,0.522843,2.970559,3.493402,96.506598,30.846382,0.523503,0.820382
2026-07-25 19:58:23,10550.78,408063,2040,737.1101,613.7826,38.7,212.90004,0.0,425.842133,2.10282,,9.820935,0.982093,0.542714,0.678688,3.0,7.0,0.719289,1.674694,2.393983,97.606017,31.033492,0.512204,0.819544
2026-07-25 19:58:37,10564.36,408575,2042,753.848,616.2792,38.7,176.010712,0.0,352.063446,2.100694,,9.897049,0.989705,1.869453,0.748039,3.0,6.0,0.0,0.427364,0.427364,99.572636,31.621127,0.535747,0.819544
2026-07-25 19:58:50,10577.89,409087,2045,533.8975,615.8424,38.7,96.746605,-0.0,193.535324,2.105385,,7.26968,0.726968,0.757102,0.862115,4.0,9.0,1.194579,3.003602,4.198182,95.801818,30.454213,0.629148,0.819544
2026-07-25 19:59:04,10591.53,409599,2048,594.5624,616.4465,38.7,121.280914,0.0,242.603989,2.108158,,7.997511,0.799751,0.773357,1.03262,5.0,9.0,0.857241,2.995651,3.852892,96.147108,30.573266,0.572293,0.819544
2026-07-25 19:59:17,10604.9,410111,2050,651.5113,615.652,38.7,125.579315,0.0,251.200729,2.104997,,8.644065,0.864406,1.856846,0.758755,4.0,9.0,0.822872,2.163735,2.986607,97.013393,31.03395,0.498982,0.818616
2026-07-25 19:59:31,10618.3,410623,2053,726.6907,616.6282,38.7,173.091217,0.0,346.224579,2.107436,,9.567381,0.956738,1.914,0.509362,2.0,4.0,0.126898,0.308627,0.435525,99.564475,31.701635,0.565658,0.818616
2026-07-25 19:59:44,10631.65,411135,2055,564.0641,613.7625,38.7,131.006714,0.0,262.055573,2.107652,,7.407069,0.740707,1.439346,0.740666,4.0,7.0,0.119715,1.168798,1.288514,98.711486,31.231192,0.632984,0.818616
2026-07-25 19:59:57,10645.16,411647,2058,581.2145,613.2276,38.7,106.826897,-0.0,213.695953,2.108166,,7.630128,0.763013,1.901,0.536389,2.0,5.0,0.29683,0.776203,1.073033,98.926967,30.945097,0.494068,0.818616
2026-07-25 20:00:11,10658.62,412159,2060,675.341,615.1024,38.7,148.092865,0.0,296.227844,2.106371,,8.925625,0.892563,0.998399,0.584046,3.0,6.0,0.724524,1.263996,1.988521,98.011479,31.221333,0.472942,0.817527
2026-07-25 20:00:24,10672.11,412671,2063,529.4671,613.6976,38.7,92.176758,0.0,184.395676,2.107893,,7.002374,0.700237,1.916,0.750748,4.0,8.0,0.319893,1.732102,2.051994,97.948006,31.246851,0.520695,0.817527
2026-07-25 20:00:38,10685.59,413183,2065,623.5388,613.4526,38.7,146.610001,-0.0,293.262177,2.108037,,8.585382,0.858538,0.621091,1.518595,8.0,10.0,1.780815,6.187393,7.968209,92.031791,29.207723,0.527403,0.817527
2026-07-25 20:00:51,10699.08,413695,2068,847.5663,618.5296,38.7,266.906067,0.0,533.854248,2.105144,,11.257712,1.125771,1.927,0.447625,2.0,4.0,0.0,0.130327,0.130327,99.869673,31.753061,0.56682,0.817527
2026-07-25 20:01:05,10712.61,414207,2071,469.6693,616.8605,38.7,73.897652,-0.0,147.837463,2.108097,,6.219651,0.621965,1.427668,0.846089,4.0,8.0,0.343066,1.657896,2.000962,97.999038,31.416045,0.593,0.816609
2026-07-25 20:01:18,10726.17,414719,2073,469.3304,613.0138,38.7,64.627533,0.0,129.297195,2.106573,,6.147197,0.61472,1.755908,0.793287,3.0,6.0,0.032592,0.647184,0.679776,99.320224,31.922712,0.559087,0.816609
2026-07-25 20:01:32,10739.7,415231,2076,391.2945,611.7754,38.7,55.276016,0.0,110.5942,2.108358,,5.107718,0.510772,1.91,0.521442,2.0,5.0,0.0,0.292173,0.292173,99.707827,31.573566,0.688578,0.816609
2026-07-25 20:01:46,10753.32,415743,2078,448.8056,612.5526,38.7,59.393234,0.0,118.828789,2.115945,,5.870892,0.587089,1.91,0.636539,3.0,6.0,0.0,0.491308,0.491308,99.508692,31.533317,0.656973,0.816609
2026-07-25 20:01:59,10766.81,416255,2081,709.9168,614.4287,38.7,188.497391,0.0,377.037201,2.120375,,9.319629,0.931963,1.908,0.644716,3.0,5.0,0.012551,0.357709,0.37026,99.62974,31.564825,0.625743,0.815438
2026-07-25 20:02:13,10780.36,416767,2083,832.8251,617.8346,38.7,280.009003,0.0,560.060486,2.125328,,11.460555,1.146056,1.16822,1.117987,7.0,10.0,2.313838,5.110767,7.424605,92.575395,29.459293,0.644752,0.815438
2026-07-25 20:02:26,10793.8,417279,2086,571.8327,618.0014,38.7,114.400116,0.0,228.84288,2.132354,,8.00142,0.800142,0.082608,1.284052,7.0,10.0,4.095461,6.346148,10.441608,89.558392,28.216315,0.56566,0.815438
2026-07-25 20:02:40,10807.23,417791,2088,733.4548,617.4868,38.7,151.162048,0.0,302.36676,2.133341,,9.760536,0.976054,1.90995,0.623052,3.0,7.0,0.025173,0.896776,0.921949,99.078051,31.373961,0.528048,0.815438
2026-07-25 20:02:53,10820.71,418303,2091,769.6901,619.2944,38.7,198.695999,0.0,397.434784,2.139068,,10.171075,1.017107,1.916,0.623817,3.0,6.0,0.0,0.673322,0.673322,99.326678,31.743495,0.553078,0.814699
2026-07-25 20:03:06,10834.11,418815,2094,449.266,619.7828,38.7,69.142868,0.0,138.328598,2.143132,,6.01569,0.601569,0.901879,1.064419,5.0,9.0,0.615949,2.739108,3.355057,96.644943,30.999982,0.639865,0.814699
2026-07-25 20:03:20,10847.45,419327,2096,722.4057,622.699,38.7,146.668518,0.0,293.379944,2.144821,,9.479878,0.947988,1.92195,0.426144,2.0,4.0,0.0,0.159485,0.159485,99.840515,31.839784,0.510812,0.814699
2026-07-25 20:03:33,10860.84,419839,2099,814.1616,624.8728,38.7,229.573608,-0.0,459.190155,2.146833,,11.281061,1.128106,0.619836,0.887692,5.0,10.0,2.738162,4.162757,6.900919,93.099081,29.678725,0.548335,0.814699
2026-07-25 20:03:47,10874.24,420351,2101,800.8857,627.6963,38.7,258.021881,0.0,516.086731,2.148837,,10.882474,1.088247,1.92,0.495378,2.0,4.0,0.076706,0.278647,0.355354,99.644646,31.803042,0.658339,0.813771
2026-07-25 20:04:00,10887.63,420863,2104,588.2591,627.9207,38.7,105.505707,0.0,211.054474,2.153265,,7.816796,0.78168,0.999679,0.926142,4.0,8.0,0.305839,1.852288,2.158127,97.841873,30.962238,0.605943,0.813771
2026-07-25 20:04:13,10901.15,421375,2106,794.3551,627.8989,38.7,198.194244,-0.0,396.431519,2.1522,,10.586209,1.058621,0.444108,0.76499,4.0,9.0,1.116833,2.682295,3.799128,96.200872,30.41318,0.467599,0.813771
2026-07-25 20:04:27,10914.64,421887,2109,599.046,626.4934,38.7,116.247192,0.0,232.537506,2.156192,,7.886778,0.788678,1.891898,0.769466,4.0,7.0,0.012578,1.110028,1.122606,98.877394,31.281473,0.574376,0.813771
2026-07-25 20:04:40,10928.15,422399,2112,635.3626,627.1844,38.7,98.830688,0.0,197.704514,2.156455,,8.476074,0.847607,0.852639,0.796762,4.0,9.0,1.187708,2.490102,3.677811,96.322189,30.55917,0.496611,0.812735
2026-07-25 20:04:54,10941.68,422911,2114,803.2001,629.352,38.7,231.608017,0.0,463.259186,2.157241,,10.825305,1.08253,1.91495,0.598297,3.0,5.0,0.0,0.302286,0.302286,99.697714,31.535714,0.553674,0.812735
2026-07-25 20:05:08,10955.2,423423,2117,823.2518,630.4746,38.7,196.69165,-0.0,393.426483,2.158368,,10.832878,1.083288,1.909,0.562121,3.0,4.0,0.0,0.201645,0.201645,99.798355,31.518692,0.548591,0.812735
2026-07-25 20:05:21,10968.73,423935,2119,1029.1391,633.1956,38.6,339.525604,0.0,679.094421,2.15919,,13.569253,1.356925,1.915,0.580059,3.0,5.0,0.0,0.2742,0.2742,99.7258,31.78389,0.528554,0.812735
2026-07-25 20:05:35,10982.24,424447,2122,842.631,633.6748,38.6,227.364304,0.0,454.77179,2.159451,,11.134728,1.113473,1.901,0.667213,3.0,9.0,0.370799,1.771075,2.141874,97.858126,31.12173,0.487813,0.811646
2026-07-25 20:05:48,10995.73,424959,2124,767.4537,634.9,38.6,210.988998,0.0,422.02121,2.160121,,10.077364,1.007736,1.92,0.45607,2.0,5.0,0.006274,0.241538,0.247812,99.752188,31.693597,0.549739,0.811646
2026-07-25 20:06:02,11009.36,425471,2127,781.3847,637.1193,38.6,226.466644,0.0,452.976471,2.158702,,10.338088,1.033809,1.923,0.378253,2.0,3.0,0.0,0.0,0.0,100.0,31.793381,0.501813,0.811646
2026-07-25 20:06:15,11022.89,425983,2129,589.1981,638.0615,38.6,168.391968,0.0,336.82724,2.164734,,8.095227,0.809523,0.758613,0.964248,6.0,10.0,2.365635,4.388379,6.754015,93.245985,29.377915,0.583459,0.811646
2026-07-25 20:06:29,11036.31,426495,2132,405.529,637.5466,38.6,63.193832,0.0,126.430969,2.165152,,5.75904,0.575904,0.375363,0.934387,6.0,10.0,3.791611,5.192414,8.984025,91.015975,28.737269,0.613988,0.810677
2026-07-25 20:06:42,11049.62,427007,2135,544.5557,637.1754,38.6,87.980194,0.0,176.003632,2.162531,,7.094497,0.70945,1.916,0.3907,2.0,4.0,0.0,0.075392,0.075392,99.924608,31.679754,0.510095,0.810677
2026-07-25 20:06:55,11063.09,427519,2137,807.5888,640.111,38.6,210.053223,-0.0,420.149719,2.16326,,10.818102,1.08181,1.109653,0.936213,5.0,9.0,0.930058,2.633598,3.563656,96.436344,30.704414,0.510873,0.810677
2026-07-25 20:07:09,11076.54,428031,2140,759.4439,642.0996,38.6,196.275085,-0.0,392.593506,2.166255,,10.257888,1.025789,1.189453,1.395795,7.0,10.0,0.633757,4.095048,4.728805,95.271195,29.949972,0.579368,0.80987
2026-07-25 20:07:22,11090.05,428543,2142,773.3714,646.0758,38.6,175.065384,-0.0,350.174072,2.16542,,10.374883,1.037488,0.125607,0.96849,4.0,9.0,1.710453,3.164104,4.874556,95.125444,30.495457,0.510799,0.80987
2026-07-25 20:07:36,11103.56,429055,2145,851.4291,650.0742,38.6,272.334534,-0.0,544.712341,2.164936,,11.384125,1.138412,1.630211,0.589926,3.0,6.0,0.1896,0.929351,1.118951,98.881049,31.649229,0.547857,0.80987
2026-07-25 20:07:49,11117.06,429567,2147,557.6034,649.8688,38.6,116.201065,-0.0,232.445465,2.166956,,7.536614,0.753661,0.720838,1.546187,6.0,9.0,1.013072,4.262372,5.275444,94.724556,30.303076,0.611331,0.80987
2026-07-25 20:08:03,11130.64,430079,2150,731.4615,650.0775,38.6,193.572327,0.0,387.187988,2.16643,,9.787526,0.978753,1.756486,0.866438,4.0,8.0,0.277899,2.007744,2.285643,97.714357,31.102701,0.602438,0.808983
2026-07-25 20:08:16,11144.09,430591,2152,696.3113,650.8695,38.6,194.901245,-0.0,389.845795,2.165394,,9.210665,0.921067,1.906905,0.621355,3.0,6.0,0.087177,0.708512,0.795689,99.204311,31.188694,0.57972,0.808983
2026-07-25 20:08:30,11157.6,431103,2155,685.3921,651.5771,38.6,172.224731,0.0,344.492767,2.165871,,9.03644,0.903644,1.907,0.62664,3.0,7.0,0.406171,1.191751,1.597922,98.402078,31.103959,0.567275,0.808983
2026-07-25 20:08:43,11171.15,431615,2158,548.0386,650.9329,38.6,110.095528,0.0,220.234421,2.168075,,7.33628,0.733628,1.45782,0.798739,5.0,10.0,1.074628,2.845803,3.92043,96.07957,30.467236,0.564598,0.808983
2026-07-25 20:08:57,11184.66,432127,2160,530.4271,650.9223,38.6,91.219528,0.0,182.482437,2.169193,,7.30548,0.730548,0.30851,0.765049,4.0,9.0,3.088533,4.313054,7.401587,92.598413,29.58972,0.509189,0.808009
2026-07-25 20:09:11,11198.28,432639,2163,420.6241,650.4407,38.6,62.008743,0.0,124.060913,2.171391,,5.952946,0.595295,0.488604,1.512502,7.0,10.0,3.038823,6.244496,9.28332,90.71668,29.052459,0.592818,0.808009
2026-07-25 20:09:24,11211.73,433151,2165,738.8442,653.6115,38.6,150.030899,0.0,300.105133,2.166935,,9.836177,0.983618,1.905998,0.683383,3.0,8.0,0.48431,1.469951,1.954261,98.045739,31.759835,0.516555,0.808009
2026-07-25 20:09:38,11225.19,433663,2168,597.9682,653.7705,38.6,134.976212,0.0,269.995758,2.16624,,8.181925,0.818192,0.982551,0.880219,5.0,10.0,2.650599,4.671506,7.322104,92.677896,29.740865,0.560441,0.808009
2026-07-25 20:09:51,11238.59,434175,2170,342.9368,650.8549,38.6,64.736031,0.0,129.515427,2.167924,,4.66582,0.466582,1.404731,1.107722,6.0,9.0,0.802399,3.40902,4.211419,95.788581,30.31808,0.696862,0.807361
2026-07-25 20:10:04,11252.0,434687,2173,230.2935,649.7806,38.6,35.313713,0.0,70.670891,2.173342,,3.069969,0.306997,1.917,0.530003,2.0,7.0,0.403315,0.98308,1.386394,98.613606,31.187527,0.861927,0.807361
2026-07-25 20:10:18,11265.39,435199,2176,632.7641,653.0945,38.6,118.655952,0.0,237.355331,2.171485,,8.320147,0.832015,1.9129,0.52484,2.0,6.0,0.054796,0.587103,0.641899,99.358101,31.653435,0.564352,0.807361
2026-07-25 20:10:31,11278.89,435711,2178,858.2081,657.7105,38.6,237.094147,0.0,474.23175,2.173306,,11.448361,1.144836,1.916,0.449435,2.0,5.0,0.0,0.343417,0.343417,99.656583,31.880658,0.518556,0.807361
2026-07-25 20:10:45,11292.32,436223,2181,759.4971,657.7609,38.6,163.830872,0.0,327.705292,2.17722,,10.089503,1.00895,1.763862,0.942274,5.0,7.0,0.150736,1.462293,1.613029,98.386971,31.435357,0.530363,0.806321
2026-07-25 20:10:58,11305.7,436735,2183,634.3922,658.6954,38.6,126.306061,0.0,252.655685,2.178019,,8.519833,0.851983,1.138432,1.020248,5.0,9.0,1.055989,3.528738,4.584727,95.415273,30.579487,0.532779,0.806321
2026-07-25 20:11:11,11319.1,437247,2186,505.789,657.6853,38.6,103.034996,-0.0,206.113556,2.178061,,6.94231,0.694231,0.636676,1.27248,6.0,10.0,2.099762,4.782791,6.882553,93.117447,29.791515,0.574737,0.806321
2026-07-25 20:11:25,11332.53,437759,2188,478.088,655.4489,38.6,75.383072,0.0,150.809662,2.175887,,6.774863,0.677486,0.744514,1.659085,9.0,10.0,2.508223,7.649379,10.157602,89.842398,28.564497,0.605582,0.806321
2026-07-25 20:11:38,11345.92,438271,2191,524.994,654.2919,38.6,91.486023,0.0,183.015533,2.174355,,6.850118,0.685012,1.91295,0.454675,2.0,4.0,0.0,0.113412,0.113412,99.886588,32.047259,0.574721,0.805667
2026-07-25 20:11:52,11359.44,438783,2193,960.5851,655.0686,38.6,339.772278,-0.0,679.588013,2.173106,,12.915902,1.29159,1.92695,0.447102,2.0,4.0,0.0,0.157872,0.157872,99.842128,31.900423,0.568394,0.805667
2026-07-25 20:12:05,11373.0,439295,2196,801.9484,654.2324,38.6,202.314346,0.0,404.672211,2.176656,,10.748953,1.074895,1.759145,1.158055,7.0,10.0,1.091504,3.941367,5.032871,94.967129,29.994492,0.599525,0.805667
2026-07-25 20:12:19,11386.53,439807,2199,681.0611,653.1821,38.6,148.34198,0.0,296.727356,2.170244,,8.968711,0.896871,1.902,0.613836,3.0,6.0,0.14482,0.728824,0.873644,99.126356,31.369668,0.523858,0.805667
2026-07-25 20:12:32,11400.08,440319,2201,564.2869,653.6791,38.6,100.360214,0.0,200.763962,2.17669,,7.800035,0.780003,0.79433,1.697684,8.0,10.0,2.049303,6.729149,8.778452,91.221548,28.868231,0.532324,0.804782
2026-07-25 20:12:46,11413.54,440831,2204,436.2828,650.7529,38.6,68.543358,-0.0,137.130203,2.174416,,6.105692,0.610569,0.522436,1.165342,7.0,10.0,2.790993,5.575642,8.366635,91.633365,28.773861,0.524466,0.804782
2026-07-25 20:12:59,11427.01,441343,2206,498.9561,651.2944,38.6,58.192429,0.0,116.428307,2.172318,,6.620719,0.662072,1.71185,0.869907,4.0,9.0,0.320543,1.822201,2.142744,97.857256,30.781831,0.572719,0.804782
2026-07-25 20:13:13,11440.56,441855,2209,583.7017,650.5858,38.6,96.244621,0.0,192.532593,2.167417,,7.878145,0.787815,0.606873,0.674427,4.0,9.0,1.53279,3.199483,4.732274,95.267726,30.17236,0.550033,0.804782
2026-07-25 20:13:26,11454.16,442367,2211,754.5111,647.5907,38.6,161.699829,-0.0,323.442963,2.164877,,9.915867,0.991587,1.916,0.316549,2.0,3.0,0.0,0.0,0.0,100.0,31.715674,0.467051,0.803971
2026-07-25 20:13:40,11467.65,442879,2214,442.8406,643.06,38.6,69.744919,-0.0,139.533127,2.164184,,5.885431,0.588543,1.85255,0.722008,4.0,8.0,0.380914,2.0817,2.462614,97.537386,31.044751,0.573909,0.803971
2026-07-25 20:13:53,11481.15,443391,2216,352.0146,639.0491,38.6,48.408447,0.0,96.860222,2.166473,,4.841135,0.484113,0.806157,0.852259,4.0,10.0,1.732867,3.162599,4.895465,95.104535,30.235756,0.621742,0.803971
2026-07-25 20:14:07,11494.58,443903,2219,617.1596,639.0548,38.6,145.777298,0.0,291.597992,2.170255,,8.336712,0.833671,0.631459,0.863806,6.0,10.0,1.539708,4.223289,5.762997,94.237003,30.091443,0.571309,0.803971
2026-07-25 20:14:21,11508.22,444415,2222,861.8348,642.7772,38.6,229.78949,0.0,459.622467,2.174558,,11.31967,1.131967,1.8899,0.365943,2.0,3.0,0.0,0.183873,0.183873,99.816127,31.552094,0.517173,0.803081
2026-07-25 20:14:34,11521.65,444927,2224,452.9496,642.2329,38.6,77.040054,-0.0,154.123718,2.180369,,6.578977,0.657898,0.29175,1.726709,9.0,10.0,4.380022,9.123996,13.504018,86.495982,27.2936,0.516907,0.803081
2026-07-25 20:14:47,11535.14,445439,2227,535.7826,640.6235,38.6,97.619179,0.0,195.281982,2.180923,,7.748818,0.774882,0.235945,1.396728,9.0,10.0,5.023599,9.157749,14.181348,85.818652,27.374508,0.518241,0.803081
2026-07-25 20:15:01,11548.73,445951,2229,644.0716,639.1715,38.6,113.101074,-0.0,226.245712,2.178173,,8.586422,0.858642,1.236094,0.851449,5.0,9.0,0.60543,2.786532,3.391962,96.608038,31.012631,0.502972,0.803081
2026-07-25 20:15:15,11562.28,446463,2232,649.0474,637.9907,38.6,139.153198,-0.0,278.350006,2.179987,,8.626271,0.862627,1.330345,0.774519,4.0,9.0,0.728617,2.366836,3.095454,96.904546,30.898044,0.559742,0.80266
2026-07-25 20:15:28,11575.81,446975,2234,614.4876,639.9676,38.6,126.074104,-0.0,252.191757,2.177179,,8.007784,0.800778,1.912,0.363013,2.0,3.0,0.0,0.031219,0.031219,99.968781,31.963011,0.505197,0.80266
2026-07-25 20:15:42,11589.3,447487,2237,463.0386,640.3383,38.6,110.536568,0.0,221.116699,2.178527,,6.173532,0.617353,0.587751,0.726816,4.0,8.0,0.604679,2.235763,2.840442,97.159558,31.133299,0.628125,0.80266
2026-07-25 20:15:55,11602.83,447999,2240,323.9833,635.4753,38.6,61.725754,-0.0,123.495094,2.179308,,4.337239,0.433724,1.460667,0.851027,5.0,9.0,0.233896,2.184591,2.418487,97.581513,31.127771,0.738642,0.801632
2026-07-25 20:16:09,11616.45,448511,2242,491.7398,634.4775,38.6,72.43026,0.0,144.90419,2.183268,,6.73788,0.673788,0.861807,0.70937,3.0,10.0,2.001027,3.284734,5.285761,94.714239,30.235718,0.579003,0.801632
2026-07-25 20:16:22,11629.96,449023,2245,990.3111,639.1991,38.6,325.496521,0.0,651.03656,2.176919,,13.509305,1.35093,1.91185,0.532539,3.0,7.0,0.046967,1.070841,1.117808,98.882192,31.569684,0.568862,0.801632
2026-07-25 20:16:36,11643.38,449535,2247,873.8669,641.1362,38.6,278.28299,-0.0,556.609314,2.166773,,11.880764,1.188076,1.874355,0.42795,2.0,6.0,0.0,0.465371,0.465371,99.534629,31.596448,0.565619,0.801632
2026-07-25 20:16:49,11656.92,450047,2250,411.6487,639.2689,38.6,97.152458,-0.0,194.348099,2.158815,,6.011609,0.601161,0.812684,1.872557,9.0,10.0,3.939883,8.531712,12.471595,87.528405,27.662489,0.631668,0.800912
2026-07-25 20:17:03,11670.5,450559,2252,461.8034,637.5911,38.6,75.358345,0.0,150.759598,2.145454,,6.049984,0.604998,1.895806,0.607426,3.0,6.0,0.0,0.616748,0.616748,99.383252,31.365085,0.629828,0.800912
2026-07-25 20:17:16,11683.99,451071,2255,375.6558,634.8275,38.6,53.488243,0.0,107.01902,2.12667,,4.891573,0.489157,1.904,0.36408,2.0,3.0,0.0,0.012605,0.012605,99.987395,31.696357,0.701054,0.800912
2026-07-25 20:17:30,11697.46,451583,2257,455.5966,632.7948,38.6,53.221367,0.0,106.48484,2.105172,,6.062371,0.606237,1.75547,0.695055,4.0,9.0,0.3922,1.989125,2.381324,97.618676,31.127077,0.663089,0.800912
2026-07-25 20:17:43,11710.95,452095,2260,477.0976,632.0541,38.6,85.808418,-0.0,171.658447,2.080272,,6.480891,0.648089,0.882642,1.026391,6.0,9.0,1.044718,4.211763,5.256481,94.743519,30.077959,0.659004,0.799867
2026-07-25 20:17:57,11724.44,452607,2263,523.5783,629.9677,38.6,96.492996,0.0,193.027176,2.059042,,7.087163,0.708716,0.339692,0.960557,6.0,9.0,1.454819,3.806359,5.261178,94.738822,30.121454,0.571334,0.799867
2026-07-25 20:18:10,11737.91,453119,2265,603.5894,628.4971,38.6,113.163452,0.0,226.36763,2.036061,,7.936674,0.793667,1.895215,0.761052,4.0,7.0,0.014032,1.213028,1.227061,98.772939,31.622153,0.540615,0.799867
2026-07-25 20:18:24,11751.34,453631,2268,517.5441,625.4146,38.6,82.350563,0.0,164.741501,2.018455,,6.901662,0.690166,0.790514,0.58184,4.0,8.0,0.506937,2.074832,2.581769,97.418231,30.870828,0.602343,0.799867
2026-07-25 20:18:37,11764.82,454143,2270,668.1124,626.298,38.6,136.165665,0.0,272.371399,2.00273,,8.814452,0.881445,1.8959,0.509322,3.0,6.0,0.009347,0.468906,0.478253,99.521747,31.809114,0.564329,0.798911
2026-07-25 20:18:51,11778.3,454655,2273,588.6152,626.6791,38.6,102.658195,0.0,205.356064,1.983951,,7.918545,0.791854,0.848944,1.024863,5.0,9.0,1.32226,3.47654,4.7988,95.2012,30.677317,0.528196,0.798911
2026-07-25 20:19:04,11791.91,455167,2275,646.3204,626.3892,38.6,130.125046,0.0,260.289459,1.967936,,8.76319,0.876319,0.375707,0.558413,3.0,8.0,2.974671,3.121916,6.096587,93.903413,29.756047,0.528433,0.798911
2026-07-25 20:19:18,11805.54,455679,2278,600.2748,627.0168,38.6,109.608635,0.0,219.256348,1.953627,,7.932357,0.793236,1.905,0.294302,1.0,6.0,0.655372,0.878544,1.533916,98.466084,31.331993,0.534749,0.798911
2026-07-25 20:19:31,11819.08,456191,2280,781.9745,630.122,38.6,172.640396,0.0,345.31958,1.939687,,10.435234,1.043523,0.985304,0.419009,2.0,10.0,1.539017,2.833048,4.372065,95.627935,30.379293,0.435619,0.798136
2026-07-25 20:19:45,11832.6,456703,2283,782.3553,631.1262,38.6,179.778168,-0.0,359.59494,1.929784,,10.405747,1.040575,1.893409,0.441585,2.0,9.0,0.819468,1.975447,2.794915,97.205085,31.113654,0.45222,0.798136
2026-07-25 20:19:58,11846.12,457215,2286,508.3697,628.4404,38.6,146.989899,0.0,294.018219,1.921403,,7.357753,0.735775,0.496539,1.12861,8.0,10.0,4.266987,7.668391,11.935378,88.064622,27.978901,0.692587,0.798136
2026-07-25 20:20:12,11859.67,457727,2288,489.8241,625.0497,38.6,125.141479,-0.0,250.321213,1.912701,,6.49125,0.649125,1.91595,0.211101,1.0,3.0,0.0,0.0,0.0,100.0,32.10584,0.766846,0.798136
2026-07-25 20:20:25,11873.14,458239,2291,459.2706,624.4172,38.6,71.985695,-0.0,144.009598,1.910406,,6.059004,0.6059,1.914,0.502842,3.0,8.0,0.102278,1.149853,1.252131,98.747869,31.762157,0.64872,0.797324
2026-07-25 20:20:39,11886.65,458751,2293,832.6668,626.4994,38.6,205.584366,0.0,411.20694,1.910439,,10.882236,1.088224,1.918,0.376318,2.0,5.0,0.080799,0.546949,0.627748,99.372252,31.958701,0.517404,0.797324
2026-07-25 20:20:52,11900.14,459263,2296,849.8796,627.6271,38.6,232.876129,0.0,465.790527,1.913357,,11.193835,1.119383,1.9,0.376769,2.0,6.0,0.0,0.433924,0.433924,99.566076,31.932167,0.535754,0.797324
2026-07-25 20:21:06,11913.63,459775,2298,366.1558,623.7502,38.6,70.367554,0.0,140.77356,1.922571,,5.046573,0.504657,0.395208,0.660744,4.0,9.0,2.035293,3.453502,5.488795,94.511205,30.49443,0.630129,0.797324
2026-07-25 20:21:19,11927.11,460287,2301,372.3279,622.1345,38.6,76.403427,0.0,152.845612,1.937544,,4.938509,0.493851,1.72291,0.693007,4.0,8.0,0.176961,1.279086,1.456047,98.543953,31.563533,0.640746,0.796284
2026-07-25 20:21:33,11940.63,460799,2304,554.9294,621.7382,38.6,130.305496,0.0,260.650116,1.956859,,7.338299,0.73383,1.90995,0.707811,5.0,8.0,0.097866,1.418274,1.51614,98.48386,31.575424,0.609989,0.796284
2026-07-25 20:21:46,11954.14,461311,2306,387.785,619.1009,38.6,64.887115,0.0,129.813751,1.975641,,5.116981,0.511698,1.90585,0.666241,4.0,7.0,0.125558,1.164125,1.289683,98.710317,31.708039,0.711105,0.796284
2026-07-25 20:22:00,11967.58,461823,2309,814.0649,619.9746,38.6,264.45517,0.0,528.950134,1.990257,,10.721594,1.072159,1.921,0.23379,1.0,3.0,0.0,0.0,0.0,100.0,32.172452,0.59325,0.796284
2026-07-25 20:22:13,11981.04,462335,2311,938.4606,623.7186,38.6,356.824188,0.0,713.688416,2.001131,,12.613295,1.261329,1.927,0.313167,2.0,3.0,0.0,0.001552,0.001552,99.998448,32.157857,0.661477,0.795174
2026-07-25 20:22:27,11994.46,462847,2314,569.3601,623.6001,38.6,124.824554,0.0,249.689331,2.011068,,7.677202,0.76772,1.163719,1.109318,6.0,10.0,1.236168,3.909132,5.1453,94.8547,30.620117,0.569857,0.795174
2026-07-25 20:22:40,12008.01,463359,2316,743.8085,624.2847,38.6,152.321671,0.0,304.683655,2.016301,,9.808018,0.980802,1.473821,0.555543,3.0,7.0,0.386053,1.318117,1.70417,98.29583,31.935359,0.505848,0.795174
2026-07-25 20:22:54,12021.5,463871,2319,665.1199,625.6413,38.6,125.524849,-0.0,251.090134,2.022067,,8.83059,0.883059,1.8772,0.769679,5.0,9.0,0.641942,2.643932,3.285874,96.714126,30.994587,0.505382,0.795174
2026-07-25 20:23:07,12035.06,464383,2321,612.3074,625.5289,38.6,121.7836,0.0,243.607697,2.024664,,8.299997,0.83,0.660883,0.957779,5.0,10.0,1.847633,3.966793,5.814425,94.185575,29.954432,0.503232,0.794214
2026-07-25 20:23:21,12048.54,464895,2324,827.245,625.3257,38.6,228.235428,-0.0,456.511322,2.023773,,10.964833,1.096483,1.91595,0.455149,2.0,9.0,0.672677,1.947961,2.620638,97.379362,31.179036,0.550178,0.794214
2026-07-25 20:23:34,12061.98,465407,2327,763.5729,628.2648,38.6,198.406677,0.0,396.853851,2.024294,,10.111271,1.011127,1.9089,0.616004,3.0,9.0,0.536589,1.847733,2.384322,97.615678,31.31946,0.529611,0.794214
2026-07-25 20:23:48,12075.44,465919,2329,444.6732,628.0182,38.6,81.263641,0.0,162.56778,2.024676,,5.795619,0.579562,1.913,0.435407,2.0,5.0,0.0,0.141031,0.141031,99.858969,32.163546,0.631988,0.794214
2026-07-25 20:24:01,12088.85,466431,2332,267.8104,626.7834,38.6,58.908504,0.0,117.85746,2.022672,,3.521763,0.352176,1.916,0.44934,2.0,6.0,0.07104,0.718125,0.789165,99.210835,32.013495,0.810945,0.793282
2026-07-25 20:24:15,12102.28,466943,2334,378.5425,626.0807,38.6,45.516373,-0.0,91.07312,2.018773,,4.966279,0.496628,1.89895,0.555573,3.0,6.0,0.023114,0.873706,0.89682,99.10318,32.035767,0.658181,0.793282
2026-07-25 20:24:28,12115.63,467455,2337,443.527,623.4168,38.6,63.584988,-0.0,127.210327,2.017746,,5.931065,0.593107,1.9048,0.980529,6.0,9.0,0.393359,2.931611,3.324971,96.675029,31.12889,0.613441,0.793282
2026-07-25 20:24:41,12129.05,467967,2339,398.097,619.0696,38.6,50.830086,0.0,101.700554,2.019229,,5.242014,0.524201,1.92095,0.760379,4.0,7.0,0.093388,1.036608,1.129996,98.870004,31.578401,0.634755,0.793282
2026-07-25 20:24:55,12142.43,468479,2342,539.8664,618.7499,38.6,140.608795,0.0,281.258026,2.021276,,7.259878,0.725988,1.250702,1.022135,6.0,10.0,1.125989,3.692741,4.81873,95.18127,30.239945,0.600461,0.792218
2026-07-25 20:25:08,12155.81,468991,2344,653.1749,617.9471,38.6,157.436127,0.0,314.912689,2.022474,,8.811039,0.881104,0.873467,0.682272,5.0,10.0,1.894254,3.63,5.524255,94.475745,30.037816,0.570191,0.792218
2026-07-25 20:25:22,12169.31,469503,2347,616.3503,616.4137,38.6,119.082817,-0.0,238.206177,2.026821,,8.086197,0.80862,1.92,0.482176,2.0,5.0,0.048888,0.633969,0.682858,99.317142,31.376467,0.555163,0.792218
2026-07-25 20:25:35,12182.69,470015,2350,780.5679,619.7267,38.6,193.719696,-0.0,387.47995,2.028299,,10.320784,1.032078,1.923,0.442648,2.0,6.0,0.069806,0.233215,0.303021,99.696979,31.356885,0.566897,0.791281
2026-07-25 20:25:48,12196.14,470527,2352,798.2304,620.485,38.6,213.694778,0.0,427.430176,2.031085,,10.624934,1.062493,1.895,0.881555,6.0,9.0,0.313952,2.271443,2.585395,97.414605,30.905554,0.59292,0.791281
2026-07-25 20:26:02,12209.64,471039,2355,619.7083,618.5404,38.6,125.68586,-0.0,251.412399,2.03407,,8.106068,0.810607,1.92085,0.500981,3.0,5.0,0.0,0.299072,0.299072,99.700928,32.101135,0.621658,0.791281
2026-07-25 20:26:16,12223.21,471551,2357,432.7087,614.8587,38.6,66.718246,-0.0,133.477203,2.0356,,5.65984,0.565984,1.916,0.540483,3.0,5.0,0.04194,0.377464,0.419404,99.580596,31.946691,0.666165,0.791281
2026-07-25 20:26:29,12236.77,472063,2360,696.4267,615.9403,38.6,132.671616,-0.0,265.384003,2.038186,,9.097929,0.909793,1.926,0.635224,3.0,5.0,0.0,0.420162,0.420162,99.579838,32.026609,0.523264,0.790159
2026-07-25 20:26:43,12250.27,472575,2362,789.9418,615.8962,38.6,190.906265,0.0,381.853333,2.039663,,10.43802,1.043802,1.883,1.140135,6.0,9.0,0.210269,2.475301,2.68557,97.31443,31.412957,0.510811,0.790159
2026-07-25 20:26:56,12263.8,473087,2365,519.9445,615.1052,38.6,69.530052,0.0,139.100983,2.044,,7.011507,0.701151,1.029271,0.994566,5.0,10.0,1.258484,3.427591,4.686075,95.313925,30.655743,0.580976,0.790159
2026-07-25 20:27:10,12277.39,473599,2368,446.8142,613.2197,38.6,74.213631,0.0,148.468185,2.046284,,6.177145,0.617715,0.859805,0.983308,6.0,10.0,2.299314,4.921339,7.220653,92.779347,29.741024,0.586896,0.790159
2026-07-25 20:27:23,12290.94,474111,2370,468.595,609.8736,38.6,70.301331,-0.0,140.643585,2.045987,,6.144037,0.614404,1.8899,0.406392,2.0,6.0,0.068481,0.992981,1.061462,98.938538,31.683514,0.516595,0.789307
2026-07-25 20:27:37,12304.37,474623,2373,532.2492,606.9636,38.6,121.781769,-0.0,243.604446,2.045488,,7.019039,0.701904,1.9,0.410893,2.0,6.0,0.425419,1.103285,1.528704,98.471296,31.447858,0.552857,0.789307
2026-07-25 20:27:50,12317.92,475135,2375,642.8086,603.1003,38.6,152.407364,0.0,304.855682,2.047415,,8.791974,0.879197,1.55098,1.190511,8.0,10.0,2.21772,5.576777,7.794497,92.205503,29.756238,0.555541,0.789307
2026-07-25 20:28:04,12331.47,475647,2378,586.3902,600.5379,38.6,139.407227,-0.0,278.855408,2.047167,,7.664844,0.766484,1.923,0.294262,2.0,3.0,0.0,0.0,0.0,100.0,32.030813,0.549766,0.789307
2026-07-25 20:28:17,12344.91,476159,2380,646.5765,599.3291,38.6,122.653793,-0.0,245.348541,2.04753,,8.480223,0.848022,1.919,0.4991,2.0,6.0,0.0,0.384284,0.384284,99.615716,31.669738,0.483098,0.788354
2026-07-25 20:28:31,12358.39,476671,2383,708.0203,598.5955,38.6,131.240631,-0.0,262.522278,2.050019,,9.421828,0.942183,1.288275,1.040191,5.0,8.0,0.647557,2.409294,3.056852,96.943148,30.401002,0.52528,0.788354
2026-07-25 20:28:44,12371.81,477183,2385,780.8897,600.5124,38.6,177.107483,0.0,354.255951,2.049922,,10.35061,1.035061,1.366224,0.716734,4.0,8.0,0.595125,1.971649,2.566774,97.433226,30.761109,0.487872,0.788354
2026-07-25 20:28:58,12385.24,477695,2388,658.3875,603.041,38.6,116.633179,-0.0,233.307373,2.050982,,8.85839,0.885839,0.802079,0.810934,5.0,10.0,1.111997,3.756706,4.868703,95.131297,30.212162,0.49845,0.788354
2026-07-25 20:29:11,12398.73,478207,2391,521.5715,602.8112,38.6,94.500343,-0.0,189.041687,2.050267,,6.939773,0.693977,1.899324,0.808821,5.0,9.0,0.336868,2.319089,2.655958,97.344042,31.08001,0.600048,0.787437
2026-07-25 20:29:25,12412.27,478719,2393,650.9467,601.2447,38.6,162.130066,0.0,324.301178,2.051717,,8.670821,0.867082,1.627063,1.01933,5.0,8.0,0.236333,2.277245,2.513577,97.486423,30.965441,0.57174,0.787437
2026-07-25 20:29:38,12425.62,479231,2396,649.034,600.1406,38.6,156.140427,0.0,312.321869,2.050808,,8.523898,0.85239,1.924,0.625012,3.0,8.0,0.211108,1.359784,1.570892,98.429108,31.633223,0.528727,0.787437
2026-07-25 20:29:51,12439.13,479743,2398,368.9139,596.0961,38.6,77.059532,0.0,154.160126,2.053101,,5.06852,0.506852,1.866105,1.132525,7.0,10.0,1.158509,4.250422,5.40893,94.59107,30.707843,0.655147,0.787437
2026-07-25 20:30:05,12452.73,480255,2401,302.0593,590.6024,38.6,86.912743,-0.0,173.865631,2.007055,,4.068757,0.406876,1.803902,0.940293,5.0,8.0,0.502845,2.16823,2.671075,97.328925,31.412098,0.733558,0.786498
2026-07-25 20:30:19,12466.38,480767,2403,429.7453,589.3238,38.6,51.383015,0.0,102.804955,1.946192,,5.703894,0.570389,1.588851,0.847715,4.0,8.0,0.493075,1.848646,2.341721,97.658279,31.487827,0.621156,0.786498
2026-07-25 20:30:32,12479.92,481279,2406,342.3944,585.4331,38.6,61.756012,-0.0,123.549744,1.886076,,4.818039,0.481804,1.226578,1.368914,7.0,10.0,1.97017,5.475095,7.445264,92.554736,29.69782,0.702473,0.786498
2026-07-25 20:30:46,12493.43,481791,2408,444.6452,582.9164,38.6,56.788811,0.0,113.614128,1.825282,,5.82155,0.582155,1.91995,0.742488,4.0,6.0,0.030937,0.615642,0.646578,99.353422,32.083246,0.662696,0.786498
2026-07-25 20:30:59,12506.87,482303,2411,420.1928,580.2644,38.6,65.625366,-0.0,131.286118,1.76898,,5.566875,0.556687,1.879515,1.075371,5.0,8.0,0.166077,2.067424,2.233501,97.766499,31.175618,0.698764,0.785598
2026-07-25 20:31:13,12520.39,482815,2414,323.5316,578.0194,38.6,72.180931,-0.0,144.396118,1.713053,,5.062715,0.506272,1.204221,1.957036,10.0,10.0,5.280045,11.595024,16.875069,83.124931,26.083231,0.640178,0.785598
2026-07-25 20:31:26,12533.79,483327,2416,494.0065,577.6552,38.6,83.004234,-0.0,166.041779,1.665554,,6.935181,0.693518,1.338173,1.455469,8.0,10.0,3.26025,6.924466,10.184716,89.815284,28.168997,0.580337,0.785598
2026-07-25 20:31:40,12547.21,483839,2419,614.3637,579.5926,38.6,141.160202,-0.0,282.352905,1.625254,,8.360568,0.836057,1.823987,1.116198,7.0,10.0,1.811617,5.156141,6.967758,93.032242,29.169895,0.559645,0.785598
2026-07-25 20:31:53,12560.65,484351,2421,447.8215,576.6823,38.6,63.318851,0.0,126.669449,1.587376,,6.242411,0.624241,1.815326,1.532103,8.0,10.0,1.593437,6.809182,8.402619,91.597381,28.863261,0.569715,0.785312
2026-07-25 20:32:06,12574.04,484863,2424,671.3759,577.4164,38.6,133.425308,-0.0,266.881805,1.559344,,8.915539,0.891554,1.921,1.097507,5.0,9.0,0.709783,2.548058,3.257841,96.742159,30.9226,0.52617,0.785312
2026-07-25 20:32:20,12587.48,485375,2426,859.8124,582.5852,38.6,206.491547,-0.0,413.013733,1.53139,,11.35615,1.135615,1.92195,0.726648,4.0,7.0,0.536659,1.741403,2.278061,97.721939,31.204913,0.51438,0.785312
2026-07-25 20:32:33,12600.9,485887,2429,465.4555,584.9368,38.6,87.463005,0.0,174.956223,1.510702,,6.634789,0.663479,1.106612,1.364463,8.0,10.0,3.626159,7.302768,10.928927,89.071073,27.868685,0.559929,0.785312
2026-07-25 20:32:47,12614.38,486399,2432,569.3832,584.303,38.6,112.025139,0.0,224.080078,1.489975,,7.94112,0.794112,0.640514,1.92355,8.0,10.0,3.007002,7.614404,10.621405,89.378595,28.383511,0.584359,0.784786
2026-07-25 20:33:00,12627.84,486911,2434,825.2122,583.973,38.6,188.294937,-0.0,376.619385,1.476213,,10.866468,1.086647,1.925,0.765697,4.0,9.0,0.37136,1.996644,2.368004,97.631996,31.27702,0.52503,0.784786
2026-07-25 20:33:14,12641.35,487423,2437,568.2176,582.0602,38.6,159.661789,0.0,319.352844,1.463964,,7.804903,0.78049,1.718745,1.085242,6.0,10.0,2.426643,4.947585,7.374228,92.625772,29.289769,0.601026,0.784786
2026-07-25 20:33:27,12654.88,487935,2439,736.8462,583.0848,38.6,224.744598,-0.0,449.518158,1.448625,,9.925115,0.992512,0.847726,0.566099,3.0,10.0,2.435137,3.495676,5.930812,94.069188,29.641495,0.572115,0.784786
2026-07-25 20:33:41,12668.42,488447,2442,733.3603,585.3605,38.6,218.091507,0.0,436.211823,1.440465,,9.774468,0.977447,1.903,0.801287,4.0,9.0,1.19476,2.667298,3.862058,96.137942,30.243279,0.544521,0.784165
2026-07-25 20:33:54,12681.92,488959,2444,807.088,588.6505,38.6,204.884369,0.0,409.797333,1.430212,,10.740442,1.074044,1.91695,0.986344,5.0,9.0,0.882211,2.9911,3.873311,96.126689,30.728877,0.529264,0.784165
2026-07-25 20:34:08,12695.48,489471,2447,679.3717,590.1943,38.6,119.972641,-0.0,239.973801,1.426171,,8.87827,0.887827,1.92895,0.489106,2.0,5.0,0.082485,0.508918,0.591403,99.408597,31.875242,0.540748,0.784165
2026-07-25 20:34:21,12709.04,489983,2449,571.7869,586.3063,38.6,86.329231,0.0,172.686874,1.420304,,7.513283,0.751328,1.924,0.689477,3.0,7.0,0.089113,1.156901,1.246013,98.753987,31.509389,0.551449,0.784165
2026-07-25 20:34:35,12722.62,490495,2452,687.7417,585.1642,38.6,118.188637,0.0,236.405563,1.414342,,8.961907,0.896191,1.933,0.365693,2.0,3.0,0.0,0.0,0.0,100.0,32.051164,0.521681,0.783118
2026-07-25 20:34:48,12736.12,491007,2455,647.6334,584.8299,38.6,182.639709,-0.0,365.307556,1.406318,,8.64788,0.864788,0.669191,0.530305,2.0,8.0,1.519187,2.25168,3.770868,96.229132,30.897993,0.515711,0.783118
2026-07-25 20:35:02,12749.75,491519,2457,637.0048,585.5571,38.6,145.602661,0.0,291.233398,1.403624,,8.446768,0.844677,1.92,1.100779,5.0,9.0,0.393896,2.403697,2.797593,97.202407,31.254463,0.57543,0.783118
2026-07-25 20:35:16,12763.24,492031,2460,596.6218,587.1605,38.6,131.504623,0.0,263.037231,1.399767,,8.049087,0.804909,1.921,1.092789,5.0,10.0,1.7888,3.899865,5.688665,94.311335,30.151307,0.593717,0.78221
2026-07-25 20:35:29,12776.72,492543,2462,772.9808,589.9008,38.6,201.170105,-0.0,402.368164,1.398168,,10.107914,1.010791,1.925,0.651245,3.0,7.0,0.006257,0.804004,0.810261,99.189739,31.666278,0.541146,0.78221
2026-07-25 20:35:42,12790.16,493055,2465,582.2522,589.8863,38.5,107.815285,0.0,215.658554,1.399194,,7.597434,0.759743,1.92995,0.345608,2.0,4.0,0.021979,0.22607,0.248049,99.751951,31.705541,0.586492,0.78221
2026-07-25 20:35:56,12803.6,493567,2467,483.0239,587.1714,38.5,57.885086,0.0,115.798119,1.397465,,6.306519,0.630652,1.926,0.527618,3.0,5.0,0.0,0.277261,0.277261,99.722739,31.555403,0.614607,0.78221
2026-07-25 20:36:09,12817.11,494079,2470,742.4629,590.1676,38.5,148.682983,-0.0,297.393921,1.398224,,9.97873,0.997873,0.138987,0.788521,4.0,8.0,2.151318,3.110263,5.261581,94.738419,29.940932,0.487163,0.781167
2026-07-25 20:36:23,12830.56,494591,2472,450.2966,591.1504,38.5,79.852188,0.0,159.732407,1.401204,,6.280287,0.628029,0.275269,1.015596,7.0,10.0,2.977403,5.273138,8.250541,91.749459,29.163522,0.521167,0.781167
2026-07-25 20:36:36,12844.07,495103,2475,372.2196,588.701,38.5,74.525253,-0.0,149.078735,1.411627,,4.992374,0.499237,1.929,0.92431,5.0,9.0,0.498352,2.479377,2.977729,97.022271,31.140462,0.727586,0.781167
2026-07-25 20:36:50,12857.57,495615,2478,458.3546,584.6662,38.5,86.052109,-0.0,172.131348,1.356555,,6.38869,0.638869,1.699873,1.384133,8.0,10.0,2.230483,6.542751,8.773234,91.226766,29.282224,0.576466,0.781167
2026-07-25 20:37:03,12871.1,496127,2480,521.9996,585.3567,38.5,94.815041,0.0,189.65625,1.308597,,7.081908,0.708191,1.928,1.281275,8.0,10.0,0.96205,4.77427,5.73632,94.26368,29.910507,0.5914,0.780586
2026-07-25 20:37:17,12884.62,496639,2483,508.7948,585.0868,38.5,99.210983,-0.0,198.447296,1.266694,,6.670442,0.667044,1.926,0.432591,2.0,5.0,0.19368,0.6607,0.85438,99.14562,31.4763,0.635342,0.780586
2026-07-25 20:37:31,12898.19,497151,2485,199.6041,580.6422,38.5,52.925617,0.0,105.875687,1.222769,,3.115993,0.311599,1.320861,1.674763,9.0,10.0,2.451329,8.373828,10.825157,89.174843,28.617844,0.810783,0.780586
2026-07-25 20:37:44,12911.73,497663,2488,455.2067,578.7038,38.5,99.591942,-0.0,199.207779,1.194448,,6.212479,0.621248,1.912,0.983407,7.0,10.0,1.368405,4.430731,5.799136,94.200864,30.390314,0.581369,0.780586
2026-07-25 20:37:58,12925.29,498175,2490,690.3147,579.462,38.5,158.730133,-0.0,317.48349,1.16178,,9.404268,0.940427,1.936,1.892127,9.0,10.0,1.171942,7.722397,8.894339,91.105661,29.015819,0.582977,0.779903
2026-07-25 20:38:11,12938.81,498687,2493,819.8009,583.0297,38.5,235.643387,0.0,471.309662,1.143829,,10.719123,1.071912,1.94,0.469729,3.0,7.0,0.037584,0.781434,0.819017,99.180983,31.640843,0.555568,0.779903
2026-07-25 20:38:25,12952.27,499199,2496,517.1773,584.9616,38.5,101.631081,0.0,203.284668,1.125108,,6.839141,0.683914,1.926,0.729389,6.0,9.0,0.114066,2.061002,2.175068,97.824932,31.122382,0.566441,0.779903
2026-07-25 20:38:38,12965.72,499711,2498,601.1838,586.056,38.5,122.443428,-0.0,244.909042,1.109352,,8.067978,0.806798,1.93095,0.647623,5.0,10.0,1.389104,3.259351,4.648456,95.351544,30.541387,0.501902,0.779903
2026-07-25 20:38:52,12979.37,500223,2501,587.5796,582.0287,38.5,121.905357,0.0,243.83252,1.090567,,8.105062,0.810506,1.928,1.513383,9.0,10.0,2.253115,6.787586,9.0407,90.9593,28.728872,0.613749,0.779002
2026-07-25 20:39:05,12992.79,500735,2503,612.6735,579.4168,38.5,183.344147,0.0,366.70993,1.082368,,8.138565,0.813856,1.928,0.579984,4.0,7.0,0.034351,1.183561,1.217913,98.782087,31.565836,0.752623,0.779002
2026-07-25 20:39:19,13006.38,501247,2506,603.2485,581.3328,38.5,121.550095,0.0,243.121582,1.069849,,8.094013,0.809401,1.931,0.585575,6.0,10.0,0.54585,2.751146,3.296995,96.703005,30.795021,0.676342,0.779002
2026-07-25 20:39:32,13019.88,501759,2508,713.1572,583.8463,38.5,126.515121,0.0,253.051422,1.059306,,9.28808,0.928808,1.933,0.141194,1.0,2.0,0.0,0.0,0.0,100.0,31.485,0.530092,0.779002
2026-07-25 20:39:46,13033.33,502271,2511,828.8027,588.3778,38.5,205.888977,0.0,411.799042,1.054164,,10.858024,1.085802,1.937,0.692437,5.0,8.0,0.012631,1.029398,1.042028,98.957972,31.271035,0.56977,0.77812
2026-07-25 20:39:59,13046.82,502783,2513,609.858,589.9204,38.5,109.93679,0.0,219.894516,1.046665,,8.088065,0.808806,1.92795,0.720805,5.0,9.0,0.599841,2.558695,3.158536,96.841464,30.889469,0.497968,0.77812
2026-07-25 20:40:13,13060.28,503295,2516,545.661,590.606,38.5,112.808342,0.0,225.637497,1.041009,,7.312158,0.731216,1.9299,0.569443,4.0,10.0,1.165998,3.049774,4.215772,95.784228,30.524865,0.56191,0.77812
2026-07-25 20:40:26,13073.74,503807,2519,631.9172,591.6894,38.5,169.403473,0.0,338.827667,1.035701,,8.397888,0.839789,1.93,0.519459,4.0,9.0,0.789882,2.154936,2.944818,97.055182,30.819624,0.546062,0.77812
2026-07-25 20:40:40,13087.19,504319,2521,497.0417,590.624,38.5,117.557434,0.0,235.135529,1.032922,,6.833232,0.683323,1.928,0.626164,6.0,10.0,2.242763,4.549649,6.792412,93.207588,29.662107,0.566327,0.777182
2026-07-25 20:40:53,13100.73,504831,2524,498.2477,590.431,38.5,141.540146,-0.0,283.100891,1.02957,,7.105753,0.710575,1.23849,1.546407,9.0,10.0,3.624862,8.924169,12.549032,87.450968,27.95865,0.612349,0.777182
2026-07-25 20:41:07,13114.22,505343,2526,883.9473,592.5893,38.5,271.471893,0.0,542.964294,1.026584,,11.943433,1.194343,1.94,1.095324,8.0,10.0,1.34458,5.275608,6.620187,93.379813,29.745194,0.578228,0.777182
2026-07-25 20:41:20,13127.72,505855,2529,812.2936,594.8261,38.5,329.813904,-0.0,659.648315,1.026852,,11.269733,1.126973,1.93,0.540013,5.0,8.0,0.046729,1.551402,1.598131,98.401869,31.442056,0.573407,0.777182
2026-07-25 20:41:34,13141.2,506367,2531,802.9461,596.3924,38.5,266.060822,-0.0,532.14209,1.020923,,10.989034,1.098903,1.406684,1.040392,7.0,10.0,3.138622,5.747914,8.886536,91.113464,29.274805,0.63982,0.776659
2026-07-25 20:41:47,13154.67,506879,2534,578.9366,596.179,38.5,136.099045,0.0,272.218597,1.024704,,7.737247,0.773725,1.929,1.054605,7.0,10.0,0.495785,3.75827,4.254055,95.745945,30.299194,0.534899,0.776659
2026-07-25 20:42:01,13168.19,507391,2536,340.5901,591.7652,38.5,71.638702,-0.0,143.297928,1.026058,,4.81654,0.481654,1.465873,0.721321,6.0,10.0,2.796467,4.926299,7.722766,92.277234,29.774766,0.697174,0.776659
2026-07-25 20:42:14,13181.76,507903,2539,306.0649,587.0023,38.5,81.164276,0.0,162.349335,1.038859,,3.98522,0.398522,1.929,0.081813,1.0,1.0,0.0,0.0,0.0,100.0,32.195865,0.801954,0.776659
2026-07-25 20:42:28,13195.26,508415,2542,496.1396,586.88,38.5,103.314491,0.0,206.650009,1.051322,,6.633151,0.663315,1.93,0.37591,1.0,10.0,1.031571,2.521966,3.553537,96.446463,30.842625,0.628856,0.775945
2026-07-25 20:42:41,13208.71,508927,2544,449.5346,586.4771,38.5,77.291519,0.0,154.604324,1.064056,,5.961268,0.596127,1.929,0.859226,5.0,8.0,0.079114,1.839787,1.9189,98.0811,31.479286,0.757824,0.775945
2026-07-25 20:42:55,13222.27,509439,2547,598.5567,587.8699,38.5,114.511681,-0.0,229.044907,1.077081,,8.316346,0.831635,1.92795,1.162496,9.0,10.0,2.786531,7.781897,10.568428,89.431572,28.782522,0.516417,0.775945
2026-07-25 20:43:08,13235.69,509951,2549,832.9623,587.8729,38.5,257.404633,-0.0,514.830872,1.081318,,11.23329,1.123329,1.122804,1.098184,7.0,10.0,2.121193,4.960305,7.081498,92.918502,29.745594,0.580867,0.775945
2026-07-25 20:43:21,13249.14,510463,2552,651.7385,585.8915,38.5,147.979202,-0.0,295.980225,1.091634,,8.981449,0.898145,1.928,0.944182,9.0,10.0,2.869011,6.596563,9.465573,90.534427,29.200112,0.518479,0.775365
2026-07-25 20:43:35,13262.57,510975,2554,530.2497,587.5324,38.5,69.171631,0.0,138.365265,1.099882,,7.200983,0.720098,1.93,1.128809,8.0,10.0,0.600868,5.317289,5.918157,94.081843,29.960103,0.558714,0.775365
2026-07-25 20:43:48,13276.01,511487,2557,601.8963,589.8281,38.5,152.637878,0.0,305.297852,1.104732,,8.51113,0.851113,1.562406,1.174332,9.0,10.0,4.205367,9.110067,13.315434,86.684566,27.514127,0.606961,0.775365
2026-07-25 20:44:02,13289.51,511999,2560,758.3542,591.8623,38.5,204.525406,-0.0,409.073059,1.112248,,9.937171,0.993717,1.937,0.500453,4.0,8.0,0.034505,1.198281,1.232786,98.767214,31.435086,0.537099,0.774821
2026-07-25 20:44:15,13303.02,512511,2562,495.0801,592.9353,38.5,80.558029,0.0,161.138412,1.117458,,6.999438,0.699944,0.808689,1.076116,9.0,10.0,3.880475,7.149815,11.03029,88.96971,28.255358,0.524351,0.774821
2026-07-25 20:44:29,13316.41,513023,2565,502.0984,589.8156,38.5,90.739906,-0.0,181.50238,1.12816,,6.549353,0.654935,1.93,0.273542,2.0,4.0,0.051348,0.206949,0.258297,99.741703,31.971039,0.594716,0.774821
2026-07-25 20:44:42,13330.0,513535,2567,436.802,584.799,38.5,68.435944,-0.0,136.894562,1.13359,,6.38916,0.638916,0.84386,0.914818,9.0,10.0,5.319896,8.606999,13.926894,86.073106,27.538583,0.485744,0.774821
2026-07-25 20:44:56,13343.53,514047,2570,667.7383,585.7828,38.5,163.172333,0.0,326.367493,1.141845,,8.969088,0.896909,1.91795,0.994202,7.0,10.0,0.653544,3.831928,4.485472,95.514528,30.194779,0.542091,0.774316
2026-07-25 20:45:09,13357.1,514559,2572,804.1598,586.3863,38.5,232.507919,-0.0,465.038818,1.148354,,10.902562,1.090256,1.244898,0.812189,7.0,10.0,2.706774,5.612829,8.319603,91.680397,29.188225,0.522064,0.774316
2026-07-25 20:45:23,13370.71,515071,2575,347.4785,583.2099,38.5,77.757225,0.0,155.537582,1.156867,,5.077247,0.507725,1.902,1.601334,9.0,10.0,3.033172,8.488779,11.521952,88.478048,27.701294,0.651895,0.774316
2026-07-25 20:45:37,13384.2,515583,2577,399.0027,581.0769,38.5,63.846149,-0.0,127.71566,1.168074,,5.375274,0.537527,1.928,0.732846,4.0,10.0,0.932762,2.839391,3.772153,96.227847,30.334207,0.533233,0.774316
2026-07-25 20:45:50,13397.7,516095,2580,507.4053,577.8785,38.5,86.767273,0.0,173.55809,1.177059,,6.808101,0.68081,1.92785,0.697612,5.0,9.0,1.116881,3.04405,4.160931,95.839069,30.54998,0.552147,0.773819
2026-07-25 20:46:03,13411.08,516607,2583,461.3489,574.8562,38.5,102.01458,-0.0,204.05275,1.179802,,6.496457,0.649646,1.91638,1.182191,9.0,10.0,2.705538,7.0535,9.759038,90.240962,28.605073,0.617894,0.773819
2026-07-25 20:46:17,13424.54,517119,2585,586.0236,576.2697,38.5,100.726082,-0.0,201.475876,1.185404,,7.824285,0.782428,1.931,1.000614,6.0,10.0,0.853091,3.10848,3.961571,96.038429,30.149002,0.564311,0.773819
2026-07-25 20:46:30,13438.11,517631,2588,542.6703,579.0183,38.5,103.32325,-0.0,206.670364,1.1931,,7.320258,0.732026,1.925,0.980536,7.0,10.0,1.067049,3.995524,5.062573,94.937427,29.997625,0.608125,0.773819
2026-07-25 20:46:44,13451.68,518143,2590,768.5903,582.9188,38.5,182.822311,-0.0,365.668671,1.2017,,10.014631,1.001463,1.931,0.220452,1.0,3.0,0.0,0.050215,0.050215,99.949785,31.825534,0.517383,0.773075
2026-07-25 20:46:57,13465.16,518655,2593,582.5642,584.3092,38.5,119.003662,-0.0,238.031448,1.2065,,7.7202,0.77202,1.931,0.469979,2.0,9.0,0.445842,2.141606,2.587448,97.412552,31.076609,0.576003,0.773075
2026-07-25 20:47:11,13478.65,519167,2595,479.6962,585.1252,38.5,84.683189,0.0,169.39061,1.211336,,6.687594,0.668759,1.292807,0.651464,3.0,10.0,3.675054,4.991936,8.66699,91.33301,29.016088,0.502476,0.773075
2026-07-25 20:47:24,13492.11,519679,2598,697.4735,586.7012,38.5,176.678513,0.0,353.381409,1.219181,,9.516708,0.951671,1.89095,0.720806,7.0,10.0,2.941315,5.666034,8.607349,91.392651,28.973045,0.443763,0.773075
2026-07-25 20:47:38,13505.54,520191,2600,833.5227,588.5047,38.5,202.507904,0.0,405.040375,1.22848,,11.181315,1.118132,1.93595,0.99427,8.0,10.0,1.529868,5.255237,6.785105,93.214895,29.948167,0.464537,0.77253
2026-07-25 20:47:51,13519.02,520703,2603,628.5033,588.6263,38.5,159.271027,0.0,318.566742,1.233744,,8.522732,0.852273,1.918,1.111488,8.0,10.0,1.461449,5.4537,6.915149,93.084851,29.824209,0.579086,0.77253
2026-07-25 20:48:05,13532.51,521215,2606,637.3585,587.1942,38.5,175.956253,-0.0,351.937256,1.237497,,8.779217,0.877922,0.445318,0.617506,5.0,10.0,4.114022,5.544717,9.658739,90.341261,29.06406,0.53777,0.77253
2026-07-25 20:48:18,13546.09,521727,2608,538.3398,584.5953,38.5,98.972603,0.0,197.970047,1.242246,,7.396392,0.739639,0.957742,0.585682,5.0,10.0,3.045181,4.637686,7.682866,92.317134,29.650086,0.533398,0.77253
2026-07-25 20:48:32,13559.51,522239,2611,685.8451,585.2566,38.5,160.719055,-0.0,321.463104,1.24976,,9.036805,0.90368,1.926,0.298524,2.0,5.0,0.693559,1.026343,1.719902,98.280098,31.405737,0.527951,0.77192
2026-07-25 20:48:45,13573.08,522751,2613,803.3591,588.9631,38.5,252.54335,0.0,505.111725,1.251896,,10.856623,1.085662,0.125053,0.790872,6.0,10.0,2.416227,4.868284,7.28451,92.71549,29.690095,0.504801,0.77192
2026-07-25 20:48:59,13586.54,523263,2616,791.7795,589.9167,38.5,243.011322,0.0,486.04776,1.255694,,10.630296,1.06303,1.495743,0.804213,6.0,10.0,1.876143,4.14315,6.019293,93.980707,29.919623,0.592835,0.77192
2026-07-25 20:49:12,13600.12,523775,2618,853.1928,590.5492,38.5,278.780457,0.0,557.58606,1.258062,,11.557096,1.15571,0.516619,0.666294,5.0,8.0,2.88353,3.995233,6.878763,93.121237,29.54483,0.5896,0.77192
2026-07-25 20:49:26,13613.62,524287,2621,676.3314,592.113,38.5,179.941193,0.0,359.907654,1.263716,,9.051519,0.905152,1.929,0.519818,3.0,10.0,1.694203,3.262391,4.956595,95.043405,30.450086,0.536411,0.771367
2026-07-25 20:49:39,13627.13,524799,2624,721.0147,594.855,38.5,179.68837,0.0,359.402008,1.263499,,9.41706,0.941706,1.934,0.356132,2.0,5.0,0.0,0.09656,0.09656,99.90344,32.09178,0.587165,0.771367
2026-07-25 20:49:53,13640.62,525311,2626,445.8902,594.628,38.5,95.218987,-0.0,190.463257,1.264263,,6.463446,0.646345,1.815032,0.995286,9.0,10.0,5.001886,8.147321,13.149208,86.850792,27.425588,0.657577,0.771367
2026-07-25 20:50:06,13654.15,525823,2629,744.0938,596.7464,38.5,220.563965,-0.0,441.15332,1.270171,,9.826545,0.982655,1.926,0.502852,2.0,9.0,0.641066,2.087009,2.728075,97.271925,30.777209,0.484233,0.771367
2026-07-25 20:50:20,13667.72,526335,2631,359.1707,593.9101,38.5,72.40638,-0.0,144.838257,1.274787,,5.046157,0.504616,0.505055,0.742522,4.0,10.0,3.234564,4.278425,7.51299,92.48701,29.437358,0.6093,0.770563
2026-07-25 20:50:33,13681.14,526847,2634,194.2659,589.9888,38.5,75.192108,-0.0,150.409729,1.275471,,2.763878,0.276388,1.908,0.780287,5.0,9.0,1.764605,2.926472,4.691077,95.308923,30.575108,0.806503,0.770563
2026-07-25 20:50:47,13694.54,527359,2636,479.814,588.3212,38.5,72.72364,0.0,145.472717,1.271966,,6.262887,0.626289,1.929,0.248536,1.0,5.0,0.0,0.295428,0.295428,99.704572,31.767073,0.586484,0.770563
2026-07-25 20:51:00,13708.02,527871,2639,477.5762,586.0167,38.5,80.593719,0.0,161.212921,1.274189,,6.4695,0.64695,1.915,0.642673,4.0,10.0,1.44721,3.571037,5.018247,94.981753,30.166617,0.630471,0.770563
2026-07-25 20:51:14,13721.42,528383,2641,513.9182,583.347,38.5,79.623802,0.0,159.272995,1.269612,,7.07608,0.707608,1.725646,0.534138,3.0,10.0,2.744141,4.094308,6.838449,93.161551,29.682776,0.657656,0.769818
2026-07-25 20:51:27,13734.82,528895,2644,597.537,582.7385,38.5,119.893921,0.0,239.813187,1.267583,,7.903896,0.79039,1.92895,0.560296,3.0,9.0,0.510204,1.950044,2.460248,97.539752,31.066124,0.539576,0.769818
2026-07-25 20:51:41,13748.23,529407,2647,682.8654,584.3515,38.5,173.762726,0.0,347.550781,1.266689,,8.939223,0.893922,1.927,0.321471,2.0,6.0,0.0,0.346588,0.346588,99.653412,31.57133,0.621921,0.769818
2026-07-25 20:51:54,13761.7,529919,2649,434.4314,582.1863,38.5,73.716164,-0.0,147.457626,1.264967,,5.861348,0.586135,1.918,1.072499,7.0,10.0,0.595126,3.774353,4.369479,95.630521,30.378737,0.67954,0.769818
2026-07-25 20:52:07,13775.15,530431,2652,364.0862,579.3368,38.5,84.538399,0.0,169.102081,1.264563,,5.262266,0.526227,1.717461,0.983388,8.0,10.0,3.726834,6.554194,10.281027,89.718973,28.598148,0.638031,0.76893
2026-07-25 20:52:21,13788.73,530943,2654,592.9513,581.5772,38.5,158.154709,0.0,316.334686,1.264047,,8.219298,0.82193,0.39147,0.942861,7.0,10.0,4.049859,5.868611,9.91847,90.08153,28.593796,0.530783,0.76893
2026-07-25 20:52:35,13802.3,531455,2657,636.301,584.9196,38.5,144.166641,-0.0,288.358582,1.264812,,8.522582,0.852258,1.612219,0.59837,4.0,9.0,1.445594,2.510191,3.955786,96.044214,30.557241,0.562436,0.76893
2026-07-25 20:52:48,13815.83,531967,2659,590.4041,586.5262,38.5,128.333221,0.0,256.691742,1.264974,,8.094619,0.809462,1.682037,0.913688,8.0,10.0,2.541856,5.482343,8.024199,91.975801,29.263004,0.61054,0.76893
2026-07-25 20:53:02,13829.29,532479,2662,745.3618,590.5559,38.5,192.263199,0.0,384.551727,1.266496,,9.899775,0.989978,1.883,0.659589,5.0,10.0,1.109829,2.695077,3.804907,96.195093,30.771165,0.526794,0.768564
2026-07-25 20:53:15,13842.75,532991,2664,721.305,593.3225,38.5,170.286423,0.0,340.598206,1.267748,,10.242956,1.024296,0.63701,0.653706,5.0,10.0,6.700346,7.940629,14.640975,85.359025,27.196445,0.48442,0.768564
2026-07-25 20:53:29,13856.21,533503,2667,773.2359,596.8529,38.5,206.815506,0.0,413.656403,1.269403,,10.213328,1.021333,1.898,0.242249,1.0,7.0,0.963373,1.612399,2.575772,97.424228,31.08985,0.478932,0.768564
2026-07-25 20:53:42,13869.63,534015,2670,436.2528,597.9801,38.5,111.952454,0.0,223.930328,1.27116,,6.110007,0.611001,1.900526,1.449429,8.0,10.0,1.940654,7.086516,9.027169,90.972831,28.839476,0.668298,0.768067
2026-07-25 20:53:55,13883.06,534527,2672,498.204,598.0221,38.5,136.830048,-0.0,273.685852,1.287991,,6.595678,0.659568,1.92495,0.397595,2.0,6.0,0.0,0.510507,0.510507,99.489493,31.816165,0.69669,0.768067
2026-07-25 20:54:09,13896.52,535039,2675,463.8714,596.5172,38.5,89.639557,0.0,179.305161,1.302136,,6.127907,0.612791,1.926,0.58229,4.0,8.0,0.178106,1.285797,1.463902,98.536098,31.234624,0.641205,0.768067
2026-07-25 20:54:22,13910.0,535551,2677,517.2219,597.2112,38.5,90.799133,0.0,181.624496,1.311637,,7.154786,0.715479,1.926,1.814469,9.0,10.0,1.072415,7.620861,8.693277,91.306723,29.157658,0.593026,0.768067
2026-07-25 20:54:36,13923.38,536063,2680,442.9987,594.9274,38.5,146.841995,0.0,293.71051,1.326627,,6.451322,0.645132,1.897,1.713717,10.0,10.0,3.787607,9.965496,13.753103,86.246897,27.333805,0.712309,0.767451
2026-07-25 20:54:49,13936.87,536575,2682,652.6559,592.8559,38.5,148.977341,0.0,297.981415,1.336426,,8.981779,0.898178,1.913,2.102098,9.0,10.0,1.5625,8.626563,10.189063,89.810937,28.285729,0.610802,0.767451
2026-07-25 20:55:03,13950.32,537087,2685,670.6368,594.9077,38.5,184.106537,0.0,368.23996,1.344196,,9.171584,0.917158,1.894,1.208212,7.0,10.0,2.233796,5.295852,7.529648,92.470352,29.261039,0.652626,0.767451
2026-07-25 20:55:16,13963.79,537599,2688,570.5431,594.9193,38.5,150.379883,-0.0,300.786774,1.350782,,8.265616,0.826562,0.946936,1.840492,9.0,10.0,5.635458,10.796202,16.43166,83.56834,26.441236,0.619955,0.767451
2026-07-25 20:55:30,13977.22,538111,2690,322.6992,589.8941,38.5,50.627548,-0.0,101.28228,1.359292,,4.664308,0.466431,1.364486,1.42769,8.0,10.0,2.627567,6.760643,9.388211,90.611789,28.557935,0.623231,0.767302
2026-07-25 20:55:43,13990.73,538623,2693,623.709,590.449,38.5,139.219437,-0.0,278.466156,1.363845,,8.135734,0.813573,1.93,0.367183,2.0,4.0,0.007835,0.241326,0.249162,99.750838,31.670032,0.627757,0.767302
2026-07-25 20:55:56,14004.15,539135,2695,720.7359,590.2879,38.5,182.851425,0.0,365.730225,1.368902,,9.61651,0.961651,1.928,0.73771,5.0,9.0,0.771777,2.586707,3.358484,96.641516,30.743615,0.655043,0.767302
2026-07-25 20:56:10,14017.63,539647,2698,846.9904,591.4242,38.5,196.910492,0.0,393.84845,1.37376,,11.393557,1.139356,0.332429,1.021886,6.0,9.0,2.584419,4.292287,6.876706,93.123294,29.766235,0.576903,0.767302
2026-07-25 20:56:23,14031.09,540159,2700,661.7235,589.9706,38.5,129.223526,-0.0,258.474579,1.376094,,9.420205,0.94202,0.575693,1.90588,9.0,10.0,4.643958,10.675784,15.319742,84.680258,26.715502,0.5135,0.766592
2026-07-25 20:56:37,14044.68,540671,2703,578.7528,588.9644,38.5,130.65332,0.0,261.33432,1.384022,,7.90035,0.790035,1.638885,1.282937,7.0,10.0,2.194541,5.258648,7.453189,92.546811,28.929017,0.553247,0.766592
2026-07-25 20:56:50,14058.17,541183,2705,404.277,587.2893,38.5,49.422436,-0.0,98.872643,1.388653,,5.291288,0.529129,1.924,0.513629,3.0,6.0,0.0,0.436571,0.436571,99.563429,31.422747,0.676935,0.766592
2026-07-25 20:57:04,14071.63,541695,2708,454.3708,584.9556,38.5,83.94648,-0.0,167.920807,1.392648,,6.188794,0.618879,1.912,0.708653,5.0,10.0,1.672833,3.709325,5.382159,94.617841,29.760446,0.662793,0.766592
2026-07-25 20:57:18,14085.24,542207,2711,397.1407,582.4507,38.5,76.67823,-0.0,153.384476,1.400864,,6.084025,0.608402,0.780346,1.901035,10.0,10.0,6.998479,11.42916,18.427639,81.572361,25.494534,0.621309,0.766148
2026-07-25 20:57:31,14098.73,542719,2713,636.1839,582.4425,38.5,115.157074,0.0,230.342484,1.41684,,8.293441,0.829344,1.92995,0.421714,2.0,5.0,0.0,0.227929,0.227929,99.772071,31.929022,0.469594,0.766148
2026-07-25 20:57:45,14112.24,543231,2716,767.702,584.1533,38.5,184.862015,0.0,369.752686,1.43275,,10.199736,1.019974,1.929,0.597828,4.0,9.0,0.045235,1.761063,1.806299,98.193701,31.356987,0.526036,0.766148
2026-07-25 20:57:58,14125.74,543743,2718,708.0414,583.5039,38.5,150.815536,0.0,301.659882,1.440405,,9.516992,0.951699,1.9398,1.19157,7.0,10.0,0.827303,4.127094,4.954396,95.045604,30.060238,0.561512,0.766148
2026-07-25 20:58:11,14139.17,544255,2721,605.0288,583.7316,38.5,125.185493,-0.0,250.400009,1.450783,,8.117632,0.811763,1.904,0.553959,2.0,10.0,1.665784,3.124513,4.790298,95.209702,30.473552,0.642837,0.765274
2026-07-25 20:58:25,14152.73,544767,2723,540.4477,584.3059,38.5,84.142677,0.0,168.314514,1.458245,,7.233225,0.723323,1.923,0.407412,2.0,9.0,0.998192,2.25134,3.249533,96.750467,31.205856,0.659466,0.765274
2026-07-25 20:58:38,14166.14,545279,2726,868.9506,585.5708,38.5,221.946777,-0.0,443.922821,1.463498,,11.662216,1.166222,1.93495,0.483148,3.0,6.0,0.077063,0.670448,0.747511,99.252489,32.08872,0.566131,0.765274
2026-07-25 20:58:52,14179.69,545791,2728,900.4589,590.0724,38.5,243.838501,-0.0,487.70639,1.469059,,11.796207,1.179621,1.94295,0.333903,2.0,6.0,0.016967,0.411846,0.428814,99.571186,32.207245,0.546714,0.765274
2026-07-25 20:59:06,14193.22,546303,2731,373.907,590.0893,38.5,65.259178,0.0,130.547836,1.474009,,5.758906,0.575891,1.560148,1.809868,10.0,10.0,6.444559,11.541165,17.985724,82.014276,25.943634,0.592063,0.764593
2026-07-25 20:59:19,14206.7,546815,2734,594.2703,591.4484,38.5,149.118179,0.0,298.266022,1.483139,,7.748331,0.774833,1.928,0.280822,2.0,3.0,0.0,0.0,0.0,100.0,31.597731,0.627394,0.764593
2026-07-25 20:59:32,14220.11,547327,2736,492.3799,591.1522,38.5,86.215324,-0.0,172.460403,1.487376,,6.708997,0.6709,1.907334,0.764894,5.0,10.0,1.686788,4.256541,5.943329,94.056671,30.212605,0.593315,0.764593
2026-07-25 20:59:46,14233.54,547839,2739,775.1737,593.816,38.5,210.286713,-0.0,420.603241,1.491345,,10.190333,1.019033,1.927,0.714572,4.0,7.0,0.138336,1.203523,1.341859,98.658141,31.883518,0.623221,0.764593
2026-07-25 20:59:59,14247.06,548351,2741,669.7955,598.5179,38.5,193.868408,0.0,387.766754,1.49695,,9.284496,0.92845,1.820052,1.685867,8.0,10.0,1.786214,6.935168,8.721382,91.278618,29.158981,0.657312,0.763817
2026-07-25 21:00:13,14260.59,548863,2744,740.009,601.3659,38.5,229.500854,0.0,459.031799,1.504214,,10.129367,1.012937,1.824794,0.684775,4.0,9.0,1.182704,2.458901,3.641605,96.358395,30.854737,0.650723,0.763817
2026-07-25 21:00:26,14274.16,549375,2746,732.8191,601.791,38.5,190.252853,0.0,380.535889,1.508405,,9.79972,0.979972,1.899,0.842703,5.0,10.0,1.551641,3.512181,5.063823,94.936177,30.479327,0.502535,0.763817
2026-07-25 21:00:40,14287.78,549887,2749,657.2786,600.1658,38.5,181.050827,0.0,362.131927,1.513857,,8.909019,0.890902,1.923,0.9885,7.0,10.0,1.840491,4.861144,6.701634,93.298366,29.719609,0.540644,0.763817
2026-07-25 21:00:54,14301.19,550399,2752,558.4579,600.5786,38.5,93.74408,0.0,187.518494,1.516635,,7.482486,0.748249,1.93,1.044345,6.0,10.0,0.792507,3.332916,4.125423,95.874577,30.487006,0.635413,0.763138
2026-07-25 21:01:07,14314.76,550911,2754,438.7063,598.9538,38.5,92.960854,0.0,185.952133,1.521461,,6.277662,0.627766,0.43236,1.476229,8.0,10.0,4.165304,7.381965,11.547269,88.452731,28.14481,0.57871,0.763138
2026-07-25 21:01:20,14328.12,551423,2757,649.1858,599.5699,38.5,141.906128,0.0,283.842743,1.523864,,8.739382,0.873938,1.925,1.418161,7.0,10.0,1.02299,5.060619,6.083609,93.916391,30.041127,0.514548,0.763138
2026-07-25 21:01:34,14341.56,551935,2759,721.3568,600.6567,38.5,147.414551,0.0,294.85965,1.52736,,9.483959,0.948396,1.933,0.601256,3.0,8.0,0.061079,1.555159,1.616238,98.383762,31.301688,0.498134,0.763138
2026-07-25 21:01:47,14355.07,552447,2762,683.3615,601.4578,38.5,144.753372,-0.0,289.537384,1.531957,,8.920322,0.892032,1.93295,0.39947,2.0,5.0,0.0,0.426769,0.426769,99.573231,31.867158,0.526453,0.762462
2026-07-25 21:02:01,14368.43,552959,2764,866.1215,602.9875,38.5,246.051712,-0.0,492.134125,1.534705,,11.402985,1.140299,1.932,0.607077,3.0,7.0,0.333416,1.286925,1.620342,98.379658,31.457366,0.567325,0.762462
2026-07-25 21:02:14,14381.88,553471,2767,572.0468,600.4199,38.5,167.215057,-0.0,334.460907,1.5398,,7.774613,0.777461,1.576654,0.755383,5.0,10.0,2.206337,4.016586,6.222924,93.777076,30.029045,0.658403,0.762462
2026-07-25 21:02:28,14395.29,553983,2769,473.0088,599.0514,38.5,78.727341,0.0,157.485535,1.54262,,6.50332,0.650332,0.2457,0.88772,5.0,9.0,2.882989,4.046736,6.929725,93.070275,29.967078,0.573159,0.762462
2026-07-25 21:02:41,14408.78,554495,2772,825.6514,601.8513,38.5,230.459106,-0.0,460.949036,1.541268,,10.927332,1.092733,1.937,0.579167,3.0,8.0,0.341355,1.281252,1.622607,98.377393,31.407493,0.567117,0.761627
2026-07-25 21:02:55,14422.26,555007,2775,1014.205,605.6742,38.5,376.754028,0.0,753.53894,1.543564,,13.736701,1.37367,1.926,0.618079,3.0,9.0,0.569352,1.876347,2.445699,97.554301,30.812775,0.659871,0.761627
2026-07-25 21:03:08,14435.7,555519,2777,571.2333,606.4161,38.5,132.409561,-0.0,264.850098,1.548501,,7.725592,0.772559,1.067668,0.461181,2.0,9.0,2.621041,2.98852,5.609561,94.390439,30.075923,0.689812,0.761627
2026-07-25 21:03:22,14449.2,556031,2780,553.2984,606.9666,38.5,139.308334,-0.0,278.647675,1.550061,,7.302333,0.730233,1.923,0.626396,4.0,8.0,0.133407,1.607157,1.740563,98.259437,31.216159,0.678791,0.760707
2026-07-25 21:03:35,14462.77,556543,2782,568.805,603.8152,38.5,137.280685,-0.0,274.592377,1.55053,,7.435955,0.743595,1.926,0.426817,2.0,6.0,0.0,0.336467,0.336467,99.663533,31.586401,0.675662,0.760707
2026-07-25 21:03:49,14476.28,557055,2785,283.8142,598.5304,38.5,74.080772,0.0,148.192612,1.553378,,3.83466,0.383466,1.92395,0.831626,5.0,9.0,0.577745,2.370477,2.948222,97.051778,30.797756,0.750356,0.760707
2026-07-25 21:04:02,14489.77,557567,2787,323.5184,593.7361,38.5,60.228748,0.0,120.488586,1.554547,,4.29028,0.429028,1.92895,0.647712,4.0,8.0,0.112353,1.459023,1.571375,98.428625,31.497481,0.760122,0.760707
2026-07-25 21:04:16,14503.24,558079,2790,522.5672,593.1724,38.5,94.707558,-0.0,189.446228,1.555776,,6.944047,0.694405,1.937,0.771592,5.0,9.0,0.538743,2.484462,3.023205,96.976795,30.821554,0.627887,0.759684
2026-07-25 21:04:29,14516.74,558591,2792,800.0731,597.7673,38.5,176.819656,0.0,353.67041,1.554367,,10.445881,1.044588,1.936,0.451311,2.0,5.0,0.0,0.367292,0.367292,99.632708,31.952946,0.525749,0.759684
2026-07-25 21:04:43,14530.28,559103,2795,675.1572,601.4582,38.5,164.408722,0.0,328.848541,1.55415,,9.172528,0.917253,1.00495,1.129154,6.0,10.0,2.486497,5.021109,7.507605,92.492395,29.672139,0.549228,0.759684
2026-07-25 21:04:56,14543.91,559615,2798,523.9949,601.7367,38.5,111.130898,-0.0,222.292877,1.554173,,7.210627,0.721063,1.689715,1.173063,8.0,10.0,2.192838,5.6001,7.792939,92.207061,29.388497,0.548089,0.759684
2026-07-25 21:05:10,14557.35,560127,2800,523.4285,602.4757,38.5,126.554749,-0.0,253.140625,1.556264,,6.994689,0.699469,1.915858,0.970478,5.0,9.0,0.795926,2.810811,3.606737,96.393263,30.513832,0.571483,0.758883
2026-07-25 21:05:23,14570.86,560639,2803,561.0904,602.101,38.5,128.118484,0.0,256.268127,1.557956,,7.575393,0.757539,1.543915,0.95385,5.0,10.0,1.693536,3.563938,5.257474,94.742526,29.977435,0.576,0.758883
2026-07-25 21:05:37,14584.33,561151,2805,283.3064,596.6044,38.5,91.76149,0.0,183.554138,1.557749,,4.650571,0.465057,0.866189,2.254325,10.0,10.0,6.621664,13.057107,19.678771,80.321229,25.823777,0.642489,0.758883
2026-07-25 21:05:50,14597.73,561663,2808,537.4133,595.4612,38.5,103.741959,-0.0,207.515137,1.560837,,7.126184,0.712618,1.921,0.882037,4.0,8.0,0.477793,1.814995,2.292788,97.707212,31.32821,0.640762,0.758883
2026-07-25 21:06:03,14611.12,562175,2810,277.9338,592.938,38.5,48.733311,-0.0,97.497887,1.563362,,4.120251,0.412025,1.400378,1.722952,8.0,10.0,2.621008,8.008809,10.629817,89.370183,28.442932,0.67378,0.75862
2026-07-25 21:06:17,14624.62,562687,2813,580.4016,592.7231,38.5,152.604462,0.0,305.240234,1.565115,,7.642284,0.764228,1.926,0.708498,3.0,6.0,0.254425,0.825711,1.080136,98.919864,31.551624,0.655081,0.75862
2026-07-25 21:06:30,14638.1,563199,2816,606.7057,591.2066,38.5,144.163559,0.0,288.358398,1.563874,,8.182114,0.818211,1.92,1.223963,7.0,10.0,0.584704,4.091364,4.676068,95.323932,30.266967,0.613362,0.75862
2026-07-25 21:06:44,14651.64,563711,2818,641.2,592.6678,38.5,130.660309,0.0,261.351959,1.566976,,8.393254,0.839325,1.925,0.610731,3.0,7.0,0.098536,0.800801,0.899337,99.100663,31.463128,0.575625,0.75862
2026-07-25 21:06:57,14664.94,564223,2821,690.4822,594.5516,38.5,155.217834,0.0,310.46701,1.566537,,9.201799,0.92018,1.897851,0.787228,4.0,10.0,1.521221,2.606026,4.127246,95.872754,30.690863,0.567341,0.757732
2026-07-25 21:07:11,14678.34,564735,2823,868.5617,598.8692,38.5,245.148911,-0.0,490.329163,1.566643,,11.460161,1.146016,1.934,0.661328,3.0,6.0,0.247294,1.065385,1.312679,98.687321,31.595464,0.541957,0.757732
2026-07-25 21:07:24,14691.82,565247,2826,635.5417,598.5473,38.5,147.764984,0.0,295.56134,1.569098,,8.611726,0.861173,1.90495,1.308363,7.0,10.0,1.505866,5.542143,7.048008,92.951992,29.707804,0.528479,0.757732
2026-07-25 21:07:38,14705.46,565759,2828,627.8898,596.7846,38.5,124.409431,-0.0,248.85025,1.569512,,8.217901,0.82179,1.927,0.612718,3.0,7.0,0.0,0.709231,0.709231,99.290769,32.018149,0.597478,0.757732
2026-07-25 21:07:51,14718.94,566271,2831,639.343,599.7032,38.5,162.598343,0.0,325.228088,1.570391,,8.515122,0.851512,1.573371,0.689028,4.0,9.0,1.139885,2.575642,3.715527,96.284473,30.816967,0.475907,0.756827
2026-07-25 21:08:05,14732.47,566783,2833,619.3526,601.9067,38.5,152.54451,0.0,305.120453,1.571314,,8.316011,0.831601,1.482115,1.055354,6.0,10.0,1.295866,3.939058,5.234924,94.765076,30.264735,0.561714,0.756827
2026-07-25 21:08:18,14745.95,567295,2836,525.3434,602.0861,38.5,153.592056,0.0,307.215576,1.573521,,6.965123,0.696512,1.906,0.71978,4.0,7.0,0.404557,1.309773,1.71433,98.28567,31.528487,0.681759,0.756827
2026-07-25 21:08:32,14759.49,567807,2839,635.5672,603.8283,38.5,143.202408,-0.0,286.436279,1.572557,,8.693871,0.869387,0.574599,1.228896,7.0,10.0,2.747491,5.998327,8.745818,91.254182,29.232526,0.545557,0.756827
2026-07-25 21:08:45,14772.88,568319,2841,545.5913,603.424,38.5,94.399353,0.0,188.830185,1.573845,,7.288466,0.728847,1.928,1.042023,6.0,10.0,0.63378,3.419571,4.053351,95.946649,30.313273,0.482873,0.756093
2026-07-25 21:08:59,14786.28,568831,2844,368.5671,601.6829,38.5,73.289688,0.0,146.610947,1.578341,,5.200631,0.520063,0.932666,1.534998,7.0,10.0,2.342678,6.231365,8.574043,91.425957,28.708198,0.622013,0.756093
2026-07-25 21:09:12,14799.75,569343,2846,615.2138,600.1492,38.5,127.380562,-0.0,254.792725,1.5798,,8.337052,0.833705,1.92295,0.899225,6.0,10.0,1.155467,3.971821,5.127288,94.872712,30.38767,0.571086,0.756093
2026-07-25 21:09:26,14813.19,569855,2849,619.3578,600.5171,38.5,190.154892,0.0,380.3414,1.580958,,8.800179,0.880018,0.391745,1.318646,8.0,10.0,3.415421,7.263783,10.679205,89.320795,28.575494,0.579314,0.756093
2026-07-25 21:09:39,14826.62,570367,2851,721.2202,602.9323,38.5,167.041992,0.0,334.115631,1.58179,,9.721859,0.972186,1.932,0.937149,5.0,9.0,0.463007,2.35584,2.818847,97.181153,30.768102,0.514959,0.755484
2026-07-25 21:09:52,14840.1,570879,2854,540.7408,601.365,38.5,106.713493,0.0,213.45874,1.587768,,7.21802,0.721802,1.113339,0.561826,2.0,8.0,1.201927,2.472894,3.674821,96.325179,30.487005,0.500936,0.755484
2026-07-25 21:10:06,14853.6,571391,2856,522.6735,598.2565,38.5,98.459908,0.0,196.951553,1.58713,,7.209072,0.720907,0.599837,1.208866,7.0,10.0,3.126766,5.256797,8.383563,91.616437,29.075648,0.502119,0.755484
2026-07-25 21:10:19,14867.1,571903,2859,510.5049,597.0765,38.5,104.293411,0.0,208.618607,1.589313,,6.810597,0.68106,1.925,1.237775,6.0,9.0,0.413965,2.997735,3.4117,96.5883,30.682163,0.604079,0.755484
2026-07-25 21:10:33,14880.71,572415,2862,476.6118,595.4691,38.5,84.215225,0.0,168.46225,1.589729,,6.293282,0.629328,1.929,0.881465,4.0,9.0,0.238451,1.736176,1.974628,98.025372,31.317236,0.593739,0.754742
2026-07-25 21:10:46,14894.17,572927,2864,458.9721,594.6754,38.5,66.923943,-0.0,133.879761,1.593954,,6.058089,0.605809,1.925,0.762536,4.0,7.0,0.265809,1.515575,1.781384,98.218616,31.509898,0.573974,0.754742
2026-07-25 21:11:00,14907.7,573439,2867,677.6294,594.5932,38.5,161.295364,0.0,322.622589,1.593058,,9.086531,0.908653,1.927,1.381758,6.0,9.0,0.359506,3.17512,3.534626,96.465374,30.857382,0.601379,0.754742
2026-07-25 21:11:13,14921.16,573951,2869,1086.346,597.4231,38.5,368.240814,-0.0,736.51355,1.594562,,14.612674,1.461267,1.907,0.738661,4.0,9.0,0.848033,2.106205,2.954237,97.045763,31.513635,0.568811,0.754742
2026-07-25 21:11:27,14934.77,574463,2872,762.323,597.1285,38.5,161.296478,0.0,322.624908,1.59796,,10.083972,1.008397,1.931,0.84881,4.0,9.0,0.658316,2.124706,2.783021,97.216979,30.984231,0.576816,0.753755
2026-07-25 21:11:41,14948.23,574975,2874,568.1881,594.2785,38.5,116.835945,0.0,233.703903,1.601017,,7.399975,0.739998,1.924,0.544002,3.0,4.0,0.0,0.072322,0.072322,99.927678,31.789051,0.539245,0.753755
2026-07-25 21:11:54,14961.73,575487,2877,333.3083,590.8483,38.5,86.165543,0.0,172.363144,1.602978,,4.37432,0.437432,1.919,0.690168,3.0,6.0,0.018855,0.732221,0.751076,99.248924,31.382481,0.686613,0.753755
2026-07-25 21:12:08,14975.31,575999,2880,761.9973,591.2581,38.5,190.506241,-0.0,381.044525,1.602848,,9.982142,0.998214,1.926,0.646824,3.0,7.0,0.126322,0.92324,1.049562,98.950438,31.725673,0.498745,0.752662
2026-07-25 21:12:21,14988.87,576511,2882,562.7409,592.4266,38.5,135.84993,0.0,271.731934,1.603794,,7.893933,0.789393,0.299459,1.124339,6.0,10.0,4.94038,6.480625,11.421006,88.578994,28.03288,0.542687,0.752662
2026-07-25 21:12:35,15002.45,577023,2885,539.5493,590.3811,38.5,134.529999,0.0,269.092133,1.606618,,7.334593,0.733459,1.561559,1.307913,7.0,10.0,1.663857,4.317204,5.981061,94.018939,29.637164,0.580213,0.752662
2026-07-25 21:12:48,15015.86,577535,2887,690.1772,593.6912,38.5,158.769257,0.0,317.570618,1.605173,,9.033325,0.903333,1.92395,0.700368,3.0,6.0,0.105156,0.781606,0.886761,99.113239,31.483816,0.503863,0.752662
2026-07-25 21:13:02,15029.32,578047,2890,536.6943,597.1155,38.5,105.137634,0.0,210.307419,1.607584,,7.010692,0.701069,1.922,0.610441,3.0,5.0,0.053171,0.433185,0.486355,99.513645,31.60919,0.514805,0.75191
2026-07-25 21:13:15,15042.87,578559,2892,356.1697,595.879,38.5,58.339733,-0.0,116.711693,1.611177,,4.933404,0.49334,1.921,1.348623,8.0,10.0,1.20305,5.144991,6.348041,93.651959,29.841135,0.65657,0.75191
2026-07-25 21:13:29,15056.29,579071,2895,369.0869,594.7942,38.5,96.945061,0.0,193.922394,1.613464,,5.154476,0.515448,1.12627,1.211139,5.0,10.0,2.716692,4.569125,7.285817,92.714183,29.333551,0.689112,0.75191
2026-07-25 21:13:42,15069.75,579583,2897,483.1402,594.4864,38.5,112.689499,0.0,225.411285,1.614092,,6.851496,0.68515,1.161788,1.713488,9.0,10.0,3.045947,8.308694,11.354641,88.645359,28.141602,0.681103,0.75191
2026-07-25 21:13:56,15083.21,580095,2900,483.408,593.3451,38.5,90.675056,0.0,181.382523,1.620617,,6.722055,0.672206,1.881938,1.73123,8.0,10.0,2.021854,6.879962,8.901816,91.098184,28.657927,0.568519,0.751525
2026-07-25 21:14:09,15096.71,580607,2903,465.1792,591.1682,38.5,90.057007,-0.0,180.146469,1.623073,,6.529546,0.652955,1.249086,1.801852,8.0,10.0,2.676074,7.336811,10.012885,89.987115,28.216941,0.557565,0.751525
2026-07-25 21:14:22,15110.18,581119,2905,673.3687,593.5576,38.5,183.106598,-0.0,366.245758,1.627917,,9.245614,0.924561,0.889934,1.447263,8.0,10.0,2.795232,6.243996,9.039228,90.960772,28.705471,0.563429,0.751525
2026-07-25 21:14:36,15123.65,581631,2908,748.7187,597.4039,38.5,170.90773,0.0,341.848053,1.629167,,9.917833,0.991783,1.643613,1.061147,5.0,8.0,0.541496,1.817091,2.358587,97.641413,30.790462,0.54525,0.751525
2026-07-25 21:14:50,15137.21,582143,2910,719.945,598.6739,38.5,178.202057,-0.0,356.436829,1.63528,,9.514506,0.951451,1.932,0.951883,4.0,8.0,0.298564,1.662529,1.961092,98.038908,31.106487,0.545987,0.750856
2026-07-25 21:15:03,15150.8,582655,2913,571.2959,598.0238,38.5,155.61824,0.0,311.269196,1.636024,,7.528343,0.752834,1.931,0.730956,3.0,8.0,0.285445,1.163739,1.449184,98.550816,31.222757,0.691804,0.750856
2026-07-25 21:15:17,15164.32,583167,2915,476.0106,596.8799,38.5,95.975479,0.0,191.983749,1.639441,,6.450371,0.645037,1.924,1.565727,7.0,10.0,1.035216,4.56621,5.601426,94.398574,30.061356,0.581687,0.750856
2026-07-25 21:15:30,15177.8,583679,2918,861.6138,598.0424,38.5,260.00174,-0.0,520.036316,1.642118,,11.319977,1.131998,1.933,0.617716,3.0,7.0,0.221429,0.920021,1.141449,98.858551,31.607131,0.530252,0.750856
2026-07-25 21:15:44,15191.33,584191,2920,535.8725,596.1881,38.5,75.576508,-0.0,151.185883,1.643346,,7.508066,0.750807,0.815561,1.352353,8.0,10.0,3.779219,6.888132,10.667351,89.332649,28.484005,0.517191,0.749914
2026-07-25 21:15:57,15204.92,584703,2923,491.3557,593.3693,38.5,87.165062,-0.0,174.363144,1.65082,,6.616204,0.66162,0.913742,1.0451,5.0,9.0,1.269249,3.429771,4.69902,95.30098,30.52593,0.569291,0.749914
2026-07-25 21:16:11,15218.35,585215,2926,513.0536,594.1373,38.5,135.296371,-0.0,270.625793,1.652518,,6.714943,0.671494,1.92195,0.677756,3.0,5.0,0.0,0.401997,0.401997,99.598003,31.517687,0.664958,0.749914
2026-07-25 21:16:24,15231.78,585727,2928,705.7637,596.2129,38.5,155.688568,0.0,311.410217,1.654654,,9.479367,0.947937,1.247004,1.042617,5.0,10.0,1.371879,3.462135,4.834014,95.165986,29.988619,0.513384,0.749914
2026-07-25 21:16:38,15245.22,586239,2931,706.0691,598.6348,38.5,190.036026,-0.0,380.105225,1.658213,,9.495015,0.949502,1.644122,1.173643,6.0,10.0,1.621342,4.257786,5.879128,94.120872,29.818607,0.543059,0.749187
2026-07-25 21:16:51,15258.66,586751,2933,448.257,597.9452,38.5,99.194626,-0.0,198.42247,1.6608,,5.883006,0.588301,1.922,0.964698,4.0,7.0,0.031454,1.226704,1.258158,98.741842,31.202991,0.621883,0.749187
2026-07-25 21:17:04,15272.04,587263,2936,382.6948,597.3422,38.5,92.48288,-0.0,184.999023,1.662843,,4.987158,0.498716,1.923,0.509269,2.0,4.0,0.0,0.166486,0.166486,99.833514,31.772464,0.681932,0.749187
2026-07-25 21:17:18,15285.5,587775,2938,388.9554,594.7052,38.5,53.987957,-0.0,108.009239,1.666147,,5.371668,0.537167,1.594103,1.20395,6.0,10.0,1.857127,4.557831,6.414958,93.585042,29.508879,0.63602,0.749187
2026-07-25 21:17:31,15298.98,588287,2941,386.5898,591.8647,38.5,63.880398,-0.0,127.794228,1.671411,,5.20968,0.520968,1.918,0.99238,5.0,9.0,0.686725,2.704567,3.391292,96.608708,30.648103,0.790208,0.748374
2026-07-25 21:17:45,15312.57,588799,2944,566.5273,591.8245,38.5,85.56324,0.0,171.159882,1.669831,,7.634556,0.763456,0.822867,1.119491,5.0,10.0,1.727301,3.771766,5.499067,94.500933,30.225011,0.541264,0.748374
2026-07-25 21:17:58,15326.15,589311,2946,611.8477,594.716,38.5,102.59552,0.0,205.224472,1.671941,,7.992028,0.799203,1.923,0.538172,2.0,4.0,0.0,0.252506,0.252506,99.747494,31.777846,0.527851,0.748374
2026-07-25 21:18:12,15339.59,589823,2949,645.0137,594.9291,38.5,112.70649,0.0,225.446457,1.67358,,8.591054,0.859105,1.906648,1.067299,5.0,9.0,0.915074,3.115011,4.030085,95.969915,30.411266,0.473319,0.748374
2026-07-25 21:18:25,15353.12,590335,2951,769.9313,595.421,38.5,192.777725,-0.0,385.588959,1.67537,,10.323659,1.032366,0.187463,0.782404,3.0,8.0,1.938941,2.582651,4.521592,95.478408,30.426247,0.478387,0.747425
2026-07-25 21:18:39,15366.7,590847,2954,566.8128,592.6192,38.4,130.576691,-0.0,261.186859,1.6745,,7.469671,0.746967,1.895,0.548333,2.0,4.0,0.843062,0.979394,1.822456,98.177544,31.130623,0.553924,0.747425
2026-07-25 21:18:52,15380.15,591359,2956,391.7818,589.9198,38.4,82.165199,-0.0,164.363937,1.67678,,5.474723,0.547472,1.533129,1.209634,7.0,10.0,2.686322,5.153256,7.839578,92.160422,28.92843,0.58259,0.747425
2026-07-25 21:19:06,15393.62,591871,2959,324.5046,587.3773,38.4,90.884232,-0.0,181.802032,1.678265,,4.532147,0.453215,1.036375,1.223132,6.0,10.0,1.871279,4.599439,6.470718,93.529282,29.559534,0.664173,0.747425
2026-07-25 21:19:19,15407.16,592383,2961,531.9933,588.6545,38.4,93.288948,-0.0,186.611496,1.68028,,7.009561,0.700956,1.922,0.938698,4.0,8.0,0.03452,1.57851,1.61303,98.38697,31.165926,0.63417,0.746734
2026-07-25 21:19:33,15420.69,592895,2964,534.4545,589.4553,38.4,109.244583,0.0,218.522812,1.68228,,6.984166,0.698417,1.92795,0.59883,3.0,5.0,0.0,0.127716,0.127716,99.872284,31.550035,0.604511,0.746734
2026-07-25 21:19:46,15434.17,593407,2967,812.3572,593.6075,38.4,273.048035,0.0,546.1297,1.681698,,10.782526,1.078253,1.929,0.626534,3.0,5.0,0.0,0.441297,0.441297,99.558703,31.526115,0.625533,0.746734
2026-07-25 21:20:00,15447.58,593919,2969,726.8213,594.5139,38.4,234.804916,0.0,469.643463,1.681651,,9.736449,0.973645,1.650958,0.835177,4.0,7.0,0.281427,1.710332,1.991759,98.008241,31.509011,0.64479,0.746734
2026-07-25 21:20:13,15461.04,594431,2972,622.3904,593.0608,38.4,167.142578,0.0,334.318848,1.68476,,8.462564,0.846256,1.520468,1.212461,7.0,10.0,1.856087,4.642566,6.498653,93.501347,29.56809,0.554752,0.745625
2026-07-25 21:20:27,15474.51,594943,2974,880.8819,594.7892,38.4,253.475876,-0.0,506.985443,1.684808,,11.771427,1.177143,1.241327,0.875718,4.0,9.0,1.8319,3.483715,5.315615,94.684385,30.307286,0.510707,0.745625
2026-07-25 21:20:40,15488.05,595455,2977,500.3349,593.7422,38.4,112.318939,-0.0,224.671631,1.687362,,7.304258,0.730426,1.038332,2.220832,9.0,10.0,5.439716,11.094649,16.534365,83.465635,26.420747,0.541537,0.745625
2026-07-25 21:20:54,15501.48,595967,2979,717.3676,595.5114,38.4,180.56781,-0.0,361.169342,1.686184,,9.591115,0.959111,1.922,1.065136,5.0,9.0,0.342848,2.322875,2.665723,97.334277,30.701749,0.576256,0.745625
2026-07-25 21:21:07,15514.92,596479,2982,501.8486,591.8404,38.4,83.439812,0.0,166.913406,1.689041,,6.555301,0.65553,1.923,0.692906,3.0,5.0,0.0,0.471461,0.471461,99.528539,31.43598,0.518774,0.745174
2026-07-25 21:21:21,15528.37,596991,2984,434.5804,587.1816,38.4,52.028454,0.0,104.090698,1.689384,,5.680573,0.568057,1.91495,0.802543,3.0,6.0,0.0,0.553531,0.553531,99.446469,31.695868,0.598012,0.745174
2026-07-25 21:21:34,15541.9,597503,2987,701.4614,590.4572,38.4,137.723831,0.0,275.481415,1.687568,,9.205506,0.920551,1.911,0.818049,4.0,8.0,0.045294,1.210446,1.25574,98.74426,31.47712,0.551087,0.745174
2026-07-25 21:21:48,15555.4,598015,2990,772.3451,592.2379,38.4,194.828827,-0.0,389.691406,1.687516,,10.209615,1.020961,1.133119,0.981278,4.0,8.0,0.361,2.306041,2.66704,97.33296,30.982361,0.511611,0.744069
2026-07-25 21:22:01,15568.92,598527,2992,222.1929,589.536,38.4,70.781059,-0.0,141.595856,1.687234,,3.515947,0.351595,0.19252,1.650955,8.0,10.0,4.627582,8.392262,13.019844,86.980156,27.747678,0.715159,0.744069
2026-07-25 21:22:15,15582.6,599039,2995,485.3031,586.6373,38.4,82.956352,-0.0,165.946487,1.689247,,6.374717,0.637472,1.91995,0.907305,4.0,7.0,0.125632,1.17877,1.304402,98.695598,31.697638,0.544167,0.744069
2026-07-25 21:22:28,15596.15,599551,2997,593.3518,585.8729,38.4,106.613434,0.0,213.260651,1.68926,,7.767384,0.776738,1.924423,0.679531,3.0,5.0,0.035709,0.48751,0.523219,99.476781,31.950982,0.50459,0.744069
2026-07-25 21:22:42,15609.55,600063,3000,515.6386,583.6292,38.4,83.886826,0.0,167.807434,1.688981,,6.787831,0.678783,1.923,1.136271,5.0,8.0,0.070382,1.75016,1.820542,98.179458,31.244032,0.59332,0.743267
2026-07-25 21:22:55,15623.1,600575,3002,713.3682,583.4347,38.4,157.824432,-0.0,315.682617,1.688375,,9.698283,0.969828,1.884,1.487108,8.0,10.0,1.788953,5.969895,7.758848,92.241152,29.593286,0.506181,0.743267
2026-07-25 21:23:09,15636.56,601087,3005,457.5773,581.4377,38.4,100.63163,0.0,201.297043,1.688798,,6.027384,0.602738,1.923,0.867202,3.0,7.0,0.190022,1.275641,1.465664,98.534336,31.389085,0.632873,0.743267
2026-07-25 21:23:22,15650.15,601599,3008,301.9891,578.873,38.4,68.816681,-0.0,137.667313,1.697852,,4.172829,0.417283,0.371831,1.232386,6.0,9.0,1.262119,3.969995,5.232115,94.767885,30.29743,0.658074,0.743267
2026-07-25 21:23:36,15663.55,602111,3010,504.2817,579.5287,38.4,81.854362,0.0,163.742783,1.702784,,6.665846,0.666585,1.46854,0.931155,4.0,8.0,0.345005,1.838987,2.183992,97.816008,31.176737,0.533844,0.742442
2026-07-25 21:23:49,15676.94,602623,3013,876.3659,581.8005,38.4,267.000397,0.0,534.034973,1.70887,,11.496396,1.14964,1.602208,0.911071,4.0,6.0,0.188506,1.09053,1.279035,98.720965,31.455246,0.538023,0.742442
2026-07-25 21:24:03,15690.29,603135,3015,515.5844,579.7428,38.4,88.960281,-0.0,177.95491,1.717457,,6.882488,0.688249,1.903,1.138803,5.0,9.0,0.653503,3.096768,3.750272,96.249728,30.911383,0.544731,0.742442
2026-07-25 21:24:16,15703.69,603647,3018,394.1351,576.8506,38.4,105.64695,-0.0,211.328369,1.723335,,5.257172,0.525717,1.886,0.94872,4.0,8.0,0.566897,2.179301,2.746197,97.253803,31.090002,0.64228,0.742442
2026-07-25 21:24:29,15717.15,604159,3020,574.2598,573.9319,38.4,167.855865,-0.0,335.746307,1.72829,,7.69068,0.769068,0.937392,1.115676,5.0,9.0,0.635767,2.803579,3.439346,96.560654,31.04893,0.611596,0.741521
2026-07-25 21:24:43,15730.58,604671,3023,900.1945,577.2134,38.4,255.723541,0.0,511.48175,1.733451,,11.881578,1.188158,1.92,0.728246,3.0,6.0,0.241621,0.724864,0.966485,99.033515,31.652725,0.549662,0.741521
2026-07-25 21:24:56,15744.12,605183,3025,995.7752,582.4411,38.4,291.107269,0.0,582.249329,1.738014,,13.050793,1.305079,1.92895,0.544623,2.0,4.0,0.0,0.135314,0.135314,99.864686,31.637677,0.539661,0.741521
2026-07-25 21:25:10,15757.61,605695,3028,696.0238,581.1448,38.4,187.137283,0.0,374.309448,1.74433,,9.090542,0.909054,1.927,0.561177,2.0,5.0,0.108156,0.288415,0.39657,99.60343,31.695983,0.536181,0.741521
2026-07-25 21:25:23,15771.11,606207,3031,463.7102,575.6399,38.4,77.561386,0.0,155.157761,1.749327,,6.241051,0.624105,1.461511,1.414445,6.0,9.0,0.814044,3.666304,4.480348,95.519652,30.497041,0.549577,0.74045
2026-07-25 21:25:37,15784.65,606719,3033,475.9942,574.6875,38.4,78.723145,0.0,157.481369,1.753761,,6.248781,0.624878,1.631894,0.697103,3.0,6.0,0.109601,0.92378,1.033381,98.966619,31.581208,0.584794,0.74045
2026-07-25 21:25:50,15798.13,607231,3036,738.7603,576.5421,38.4,199.435623,-0.0,398.906342,1.754967,,9.708006,0.970801,1.92795,0.774351,4.0,7.0,0.004686,0.802862,0.807548,99.192452,31.64225,0.580963,0.74045
2026-07-25 21:26:04,15811.76,607743,3038,1118.4757,582.0388,38.4,478.698456,0.0,957.432068,1.757967,,15.778383,1.577838,1.155997,0.718821,3.0,7.0,1.272498,1.882302,3.1548,96.8452,31.028498,0.62323,0.74045
2026-07-25 21:26:18,15825.29,608255,3041,1050.1649,589.7023,38.4,451.145386,0.0,902.325989,1.761077,,14.398835,1.439884,1.915,0.55896,2.0,4.0,0.421333,0.645313,1.066646,98.933354,31.448635,0.660106,0.739407
2026-07-25 21:26:31,15838.9,608767,3043,783.4584,594.3017,38.4,215.776749,-0.0,431.588715,1.760952,,10.504405,1.050441,1.918,1.094747,5.0,8.0,0.272211,2.022809,2.29502,97.70498,31.021987,0.625578,0.739407
2026-07-25 21:26:45,15852.4,609279,3046,548.2472,594.5585,38.4,109.784828,-0.0,219.604935,1.76405,,7.458135,0.745814,1.286922,1.221205,7.0,10.0,1.657716,5.137677,6.795393,93.204607,29.735009,0.518862,0.739407
2026-07-25 21:26:58,15865.86,609791,3048,428.4711,590.8425,38.4,64.529991,-0.0,129.095291,1.765726,,5.817019,0.581702,1.183744,1.332839,6.0,9.0,1.2968,3.921877,5.218678,94.781322,30.026668,0.604993,0.739407
2026-07-25 21:27:12,15879.51,610303,3051,581.739,589.9083,38.4,130.148514,0.0,260.332611,1.779528,,7.701123,0.770112,1.8939,0.770597,3.0,9.0,0.566757,2.038419,2.605175,97.394825,30.375343,0.558209,0.7386
2026-07-25 21:27:25,15893.04,610815,3054,585.2448,590.5208,38.4,182.250259,0.0,364.536346,1.791968,,7.727749,0.772775,1.697417,0.784154,3.0,8.0,0.571117,1.708683,2.279801,97.720199,31.206238,0.588784,0.7386
2026-07-25 21:27:39,15906.44,611327,3056,463.7893,589.9244,38.4,141.474777,0.0,282.985565,1.801012,,6.459883,0.645988,0.213705,1.218482,7.0,10.0,2.757861,5.570041,8.327901,91.672099,29.371608,0.652839,0.7386
2026-07-25 21:27:52,15919.93,611839,3059,541.9627,589.7331,38.4,180.420227,0.0,360.876617,1.807467,,7.29916,0.729916,0.924308,1.106922,5.0,9.0,0.509404,2.924765,3.434169,96.565831,30.602526,0.663504,0.7386
2026-07-25 21:28:06,15933.49,612351,3061,647.4999,593.3751,38.4,118.556335,0.0,237.149002,1.816528,,8.615491,0.861549,0.998393,1.033968,5.0,9.0,0.750779,3.051402,3.802181,96.197819,30.7273,0.554663,0.737758
2026-07-25 21:28:19,15947.0,612863,3064,687.2671,594.8736,38.4,136.591537,-0.0,273.219574,1.824401,,8.956546,0.895655,1.918,0.475157,2.0,3.0,0.0,0.040629,0.040629,99.959371,31.831813,0.502092,0.737758
2026-07-25 21:28:33,15960.54,613375,3066,515.8127,597.2524,38.4,68.586487,0.0,137.209595,1.831344,,6.767513,0.676751,1.913,0.81695,4.0,6.0,0.127985,0.913064,1.041049,98.958951,31.552598,0.516588,0.737758
2026-07-25 21:28:46,15973.91,613887,3069,601.1021,597.4594,38.4,101.432976,0.0,202.902664,1.835615,,7.9518,0.79518,1.92195,0.725823,3.0,7.0,0.219027,1.118603,1.33763,98.66237,31.483945,0.656219,0.737758
2026-07-25 21:29:00,15987.49,614399,3072,517.1269,596.5636,38.4,82.729668,-0.0,165.49614,1.839837,,6.839115,0.683912,1.6671,0.926925,4.0,8.0,0.411072,1.889683,2.300755,97.699245,31.118326,0.616227,0.736686
2026-07-25 21:29:13,16000.95,614911,3074,525.2709,595.4043,38.4,113.900833,0.0,227.838531,1.843169,,6.936803,0.69368,1.908,0.799981,4.0,7.0,0.502042,1.53731,2.039353,97.960647,31.205093,0.521007,0.736686
2026-07-25 21:29:27,16014.51,615423,3077,435.2487,592.852,38.4,90.982994,0.0,182.00293,1.846696,,5.685487,0.568549,1.90395,0.580941,3.0,4.0,0.0,0.333812,0.333812,99.666188,31.885848,0.532429,0.736686
2026-07-25 21:29:40,16028.0,615935,3079,447.7224,588.6436,38.4,77.364334,-0.0,154.765671,1.850341,,5.859362,0.585936,1.90075,0.792789,4.0,6.0,0.032826,0.625254,0.65808,99.34192,31.659839,0.6346,0.736686
2026-07-25 21:29:54,16041.6,616447,3082,431.1444,586.5996,38.4,99.159737,0.0,198.356598,1.856326,,5.973302,0.59733,0.301114,1.23842,7.0,10.0,2.17456,5.718404,7.892964,92.107036,29.10765,0.574123,0.735611
2026-07-25 21:30:07,16055.06,616959,3084,408.9191,584.4099,38.4,86.201874,0.0,172.440994,1.862614,,5.367819,0.536782,1.764501,0.680169,3.0,6.0,0.093464,0.718113,0.811577,99.188423,31.748182,0.665996,0.735611
2026-07-25 21:30:21,16068.49,617471,3087,366.2876,581.6794,38.4,97.908516,-0.0,195.854324,1.864811,,4.902678,0.490268,1.088104,0.91521,4.0,8.0,0.567196,2.380362,2.947558,97.052442,31.294649,0.621922,0.735611
2026-07-25 21:30:34,16081.96,617983,3089,531.9676,580.8055,38.4,111.173248,-0.0,222.383743,1.862169,,7.269529,0.726953,0.16986,0.919786,6.0,9.0,2.277323,4.347758,6.625082,93.374918,29.857147,0.472933,0.735611
2026-07-25 21:30:48,16095.42,618495,3092,754.9553,583.1016,38.4,191.193665,-0.0,382.424622,1.864387,,9.885975,0.988598,1.917,0.525544,2.0,4.0,0.0,0.099015,0.099015,99.900985,31.661213,0.477485,0.734843
2026-07-25 21:31:01,16108.89,619007,3095,649.074,583.2367,38.4,153.948242,0.0,307.933777,1.864741,,8.767137,0.876714,0.652684,0.921443,4.0,9.0,2.542373,3.537146,6.079518,93.920482,29.430423,0.539065,0.734843
2026-07-25 21:31:15,16122.33,619519,3097,706.5168,584.8459,38.4,176.46991,-0.0,352.977112,1.864535,,9.321251,0.932125,1.912,0.938538,5.0,9.0,0.263403,1.905333,2.168736,97.831264,30.924844,0.571811,0.734843
2026-07-25 21:31:28,16135.76,620031,3100,551.4834,586.6751,38.4,112.332558,0.0,224.702393,1.864023,,7.512537,0.751254,0.383351,1.330649,6.0,9.0,1.739891,4.685523,6.425414,93.574586,29.634594,0.553877,0.733991
2026-07-25 21:31:42,16149.33,620543,3102,427.5685,584.7987,38.4,74.945213,-0.0,149.927689,1.863311,,5.578432,0.557843,1.899,0.711627,3.0,5.0,0.0,0.319973,0.319973,99.680027,31.884424,0.598799,0.733991
2026-07-25 21:31:55,16162.71,621055,3105,252.9207,581.1343,38.4,82.981651,-0.0,166.00058,1.863907,,3.814922,0.381492,0.45875,1.24858,8.0,10.0,4.041417,7.334075,11.375491,88.624509,28.10956,0.744607,0.733991
2026-07-25 21:32:08,16176.17,621567,3107,315.545,577.0775,38.4,94.274353,0.0,188.586044,1.86693,,4.723205,0.47232,0.580777,1.772427,9.0,10.0,3.943376,9.477554,13.420929,86.579071,27.435515,0.684369,0.733991
2026-07-25 21:32:22,16189.75,622079,3110,781.6122,579.4862,38.4,220.579163,0.0,441.195618,1.864697,,10.541031,1.054103,1.30377,0.997185,6.0,9.0,0.708621,3.627575,4.336196,95.663804,30.383864,0.578152,0.733474
2026-07-25 21:32:36,16203.35,622591,3112,771.6368,581.9759,38.4,143.403671,-0.0,286.844666,1.866045,,10.284097,1.02841,1.895,1.0091,5.0,9.0,0.408783,2.396316,2.8051,97.1949,30.885224,0.554076,0.733474
2026-07-25 21:32:49,16216.91,623103,3115,826.774,585.1386,38.4,184.583817,-0.0,369.204926,1.864527,,10.952236,1.095224,1.914,0.525986,2.0,5.0,0.003109,0.321743,0.324852,99.675148,31.941315,0.528075,0.733474
2026-07-25 21:33:03,16230.42,623615,3118,735.9678,587.7321,38.4,140.721573,0.0,281.480438,1.865014,,9.749306,0.974931,1.9099,0.845052,5.0,7.0,0.352442,1.657726,2.010168,97.989832,31.278702,0.498339,0.733474
2026-07-25 21:33:16,16243.93,624127,3120,509.3651,588.2361,38.4,100.924225,0.0,201.885773,1.866242,,6.680467,0.668047,1.91095,0.666578,3.0,6.0,0.083669,0.718934,0.802603,99.197397,31.856152,0.653492,0.732423
2026-07-25 21:33:30,16257.45,624639,3123,492.643,586.3862,38.4,111.182259,0.0,222.401855,1.866851,,6.435911,0.643591,1.915,0.450281,2.0,4.0,0.049768,0.287723,0.337491,99.662509,31.81599,0.609275,0.732423
2026-07-25 21:33:43,16271.04,625151,3125,670.6878,582.2296,38.4,131.721481,0.0,263.480286,1.865681,,9.082548,0.908255,0.635711,1.304747,7.0,10.0,1.931464,5.521807,7.453271,92.546729,29.580086,0.560288,0.732423
2026-07-25 21:33:57,16284.58,625663,3128,650.6431,581.1128,38.4,128.207764,0.0,256.452881,1.867044,,9.036543,0.903654,0.477637,1.441075,8.0,10.0,3.943038,7.390077,11.333115,88.666885,28.223119,0.54875,0.732423
2026-07-25 21:34:10,16298.12,626175,3130,437.8936,579.8099,38.4,82.262802,0.0,164.562943,1.867285,,6.041465,0.604147,0.626107,0.811762,4.0,9.0,3.221639,3.641853,6.863493,93.136507,29.797036,0.526885,0.731704
2026-07-25 21:34:24,16311.69,626687,3133,320.3844,579.6806,38.4,81.207138,-0.0,162.451645,1.868485,,4.255179,0.425518,1.902,0.775712,4.0,7.0,0.468726,1.520615,1.98934,98.01066,31.205768,0.637708,0.731704
2026-07-25 21:34:38,16325.23,627199,3136,335.473,575.4154,38.4,62.73708,-0.0,125.511559,1.870141,,4.466945,0.446695,1.90595,1.124088,5.0,9.0,0.248514,2.029004,2.277517,97.722483,30.898403,0.654921,0.731704
2026-07-25 21:34:51,16338.85,627711,3138,255.7619,572.3456,38.4,109.681557,-0.0,219.400543,1.871247,,4.572492,0.457249,0.173862,2.527982,10.0,10.0,10.070682,15.97548,26.046163,73.953837,23.281762,0.631391,0.731704
2026-07-25 21:35:05,16352.34,628223,3141,532.6469,572.2766,38.4,97.459244,-0.0,194.955887,1.870245,,7.101729,0.710173,1.898,0.868601,5.0,9.0,0.723811,2.906186,3.629997,96.370003,30.592105,0.511704,0.731416
2026-07-25 21:35:18,16365.84,628735,3143,535.297,570.7278,38.4,84.281708,0.0,168.60083,1.871093,,7.115612,0.711561,1.921,0.851601,6.0,9.0,0.307779,2.55597,2.863749,97.136251,30.937489,0.569677,0.731416
2026-07-25 21:35:32,16379.39,629247,3146,560.7366,570.9682,38.4,122.60508,-0.0,245.247559,1.870317,,7.33201,0.733201,1.91995,0.341338,2.0,3.0,0.0,0.054923,0.054923,99.945077,31.816393,0.609092,0.731416
2026-07-25 21:35:45,16392.97,629759,3148,535.9545,572.766,38.4,124.799492,-0.0,249.636383,1.869658,,7.155159,0.715516,1.868159,0.920342,6.0,9.0,0.941984,2.992927,3.934912,96.065088,30.276369,0.550364,0.731416
2026-07-25 21:35:59,16406.44,630271,3151,621.093,575.2861,38.4,185.294037,0.0,370.625397,1.865628,,8.141322,0.814132,1.917,0.582379,3.0,6.0,0.039351,0.700445,0.739796,99.260204,31.39665,0.568574,0.730446
2026-07-25 21:36:12,16419.87,630783,3153,647.76,576.9323,38.4,121.361237,-0.0,242.75975,1.864164,,8.734544,0.873454,1.800587,1.62346,7.0,10.0,0.931017,5.429893,6.36091,93.63909,29.752408,0.482361,0.730446
2026-07-25 21:36:26,16433.36,631295,3156,639.0212,578.4884,38.4,191.233612,0.0,382.504486,1.862395,,8.715252,0.871525,0.984047,0.827727,6.0,10.0,2.688272,4.900043,7.588316,92.411684,29.546767,0.589572,0.730446
2026-07-25 21:36:39,16446.85,631807,3159,743.5423,581.2721,38.4,221.619843,-0.0,443.276917,1.86133,,10.081856,1.008186,1.427205,0.713841,4.0,9.0,1.091445,2.415774,3.507219,96.492781,31.004943,0.608637,0.730446
2026-07-25 21:36:53,16460.23,632319,3161,605.7223,580.5956,38.4,118.85453,0.0,237.746246,1.859247,,8.029875,0.802988,1.9219,0.899884,5.0,9.0,0.287837,2.366836,2.654673,97.345327,31.039736,0.567183,0.729713
2026-07-25 21:37:06,16473.73,632831,3164,569.4316,578.8027,38.4,131.845428,0.0,263.728027,1.859003,,7.687159,0.768716,1.338873,1.385577,7.0,10.0,1.159864,4.822347,5.982211,94.017789,29.655284,0.584584,0.729713
2026-07-25 21:37:20,16487.31,633343,3166,819.6962,579.8002,38.4,215.674637,-0.0,431.386444,1.858116,,10.923765,1.092376,1.925,0.678085,4.0,8.0,0.199089,1.724916,1.924004,98.075996,31.516849,0.555773,0.729713
2026-07-25 21:37:33,16500.87,633855,3169,486.0536,578.9478,38.4,97.224899,0.0,194.486969,1.858512,,6.359836,0.635984,1.925,0.457667,2.0,6.0,0.029521,0.595081,0.624602,99.375398,31.908526,0.558894,0.729713
2026-07-25 21:37:47,16514.41,634367,3171,332.5895,577.5136,38.4,49.449261,-0.0,98.935753,1.861632,,4.801277,0.480128,0.666933,1.241775,8.0,10.0,3.144081,7.044752,10.188833,89.811167,28.451156,0.612181,0.728732
2026-07-25 21:38:00,16527.87,634879,3174,601.7014,574.9145,38.4,140.947784,0.0,281.932861,1.864289,,8.295698,0.82957,0.143488,1.030608,7.0,10.0,3.166982,5.42375,8.590732,91.409268,28.863174,0.555495,0.728732
2026-07-25 21:38:14,16541.25,635391,3176,471.5967,574.2717,38.4,93.772743,-0.0,187.582809,1.866117,,6.49899,0.649899,0.129001,0.717156,4.0,9.0,3.413711,4.261275,7.674986,92.325014,29.536387,0.544162,0.728732
2026-07-25 21:38:27,16554.82,635903,3179,393.1741,573.2899,38.4,72.252525,-0.0,144.542404,1.867691,,5.164999,0.5165,1.92595,0.683398,4.0,7.0,0.092078,1.106499,1.198577,98.801423,31.469177,0.637015,0.728732
2026-07-25 21:38:41,16568.27,636415,3182,580.7312,573.9667,38.4,123.02227,0.0,246.08194,1.870111,,7.681665,0.768167,1.88625,0.740312,5.0,9.0,0.37791,1.989083,2.366993,97.633007,31.244858,0.586195,0.728197
2026-07-25 21:38:54,16581.66,636927,3184,552.2354,572.4314,38.4,108.370743,0.0,216.778961,1.873558,,7.261605,0.72616,1.512022,0.567258,3.0,7.0,0.344223,1.229591,1.573814,98.426186,31.570049,0.481787,0.728197
2026-07-25 21:39:07,16595.16,637439,3187,380.9067,569.1798,38.4,118.809723,0.0,237.657013,1.87844,,5.46576,0.546576,0.966578,1.431894,9.0,10.0,2.959477,8.081108,11.040585,88.959415,28.212667,0.601574,0.728197
2026-07-25 21:39:21,16608.67,637951,3189,460.8991,569.3062,38.4,92.447296,0.0,184.932236,1.881964,,6.145559,0.614556,1.365345,0.721415,4.0,9.0,0.719504,2.38473,3.104234,96.895766,30.75334,0.62138,0.728197
2026-07-25 21:39:35,16622.18,638463,3192,603.9578,571.5188,38.4,121.903069,0.0,243.843872,1.886557,,8.209817,0.820982,0.915631,0.786604,5.0,10.0,1.71728,3.513479,5.23076,94.76924,29.871931,0.574816,0.727428
2026-07-25 21:39:48,16635.62,638975,3194,734.2291,574.9716,38.4,162.502426,0.0,325.042633,1.88873,,9.645061,0.964506,1.76986,0.543282,3.0,7.0,0.173084,1.126619,1.299703,98.700297,31.235316,0.561335,0.727428
2026-07-25 21:40:02,16649.2,639487,3197,580.9331,576.915,38.4,153.01564,0.0,306.069153,1.893539,,8.239136,0.823914,0.381327,1.592253,9.0,10.0,4.39797,9.525007,13.922977,86.077023,27.142353,0.539295,0.727428
2026-07-25 21:40:15,16662.74,639999,3200,417.9265,575.429,38.4,65.751442,0.0,131.540833,1.897573,,5.62406,0.562406,1.697095,0.794292,5.0,10.0,0.89405,2.723002,3.617051,96.382949,30.632412,0.696028,0.7268
2026-07-25 21:40:29,16676.32,640511,3202,632.8731,575.6392,38.4,96.960953,-0.0,193.95993,1.901424,,8.611643,0.861164,1.484924,1.300253,8.0,10.0,1.839439,6.364675,8.204114,91.795886,29.490509,0.434308,0.7268
2026-07-25 21:40:42,16689.77,641023,3205,804.7992,577.2371,38.4,240.912628,0.0,481.863342,1.903566,,10.61761,1.061761,1.923,0.354462,2.0,5.0,0.128223,0.570749,0.698973,99.301027,31.706284,0.541607,0.7268
2026-07-25 21:40:56,16703.26,641535,3207,552.3531,575.0613,38.4,115.239975,0.0,230.518066,1.906081,,7.343977,0.734398,1.654706,0.841495,5.0,9.0,0.689425,2.684628,3.374053,96.625947,30.209577,0.556639,0.7268
2026-07-25 21:41:09,16716.79,642047,3210,559.1107,574.9843,38.4,90.592949,0.0,181.22406,1.908351,,7.360314,0.736031,1.911,0.45888,2.0,7.0,0.310564,0.822916,1.133479,98.866521,31.328935,0.596468,0.725914
2026-07-25 21:41:23,16730.25,642559,3212,697.8186,578.0447,38.4,133.873932,0.0,267.786041,1.909094,,9.169788,0.916979,1.911,0.368336,2.0,4.0,0.0,0.155897,0.155897,99.844103,31.974118,0.576344,0.725914
2026-07-25 21:41:36,16743.74,643071,3215,424.4167,579.0438,38.4,75.456871,0.0,150.951965,1.911522,,6.081658,0.608166,0.844278,1.889691,9.0,10.0,3.274925,9.137619,12.412544,87.587456,27.822393,0.60865,0.725914
2026-07-25 21:41:50,16757.26,643583,3217,724.807,580.9719,38.4,173.650345,-0.0,347.338959,1.9132,,9.787888,0.978789,0.655913,0.765448,4.0,9.0,2.390682,3.232978,5.623659,94.376341,30.04508,0.576935,0.725914
2026-07-25 21:42:03,16770.79,644095,3220,618.6281,581.8137,38.4,154.429703,0.0,308.897705,1.914706,,8.250748,0.825075,1.636717,0.743125,5.0,9.0,1.089624,2.921819,4.011443,95.988557,30.5746,0.548975,0.725238
2026-07-25 21:42:17,16784.3,644607,3223,579.2619,579.4827,38.4,141.768326,0.0,283.574951,1.915467,,7.644416,0.764442,1.9109,0.725709,4.0,8.0,0.127505,1.436768,1.564274,98.435726,31.573466,0.550484,0.725238
2026-07-25 21:42:30,16797.83,645119,3225,601.7085,578.2316,38.4,143.343918,0.0,286.726166,1.916785,,7.916179,0.791618,1.92495,0.224884,1.0,3.0,0.0,0.0,0.0,100.0,32.185668,0.599435,0.725238
2026-07-25 21:42:44,16811.25,645631,3228,460.5083,576.6128,38.4,105.680229,-0.0,211.398834,1.918966,,6.095526,0.609553,1.888,0.928157,5.0,8.0,0.225881,2.060972,2.286854,97.713146,31.003059,0.638758,0.725238
2026-07-25 21:42:57,16824.74,646143,3230,421.5039,572.019,38.4,96.988945,0.0,194.016373,1.924269,,5.960558,0.596056,1.656529,1.699561,9.0,10.0,2.645652,7.555869,10.201521,89.798479,28.509518,0.627627,0.724348
2026-07-25 21:43:11,16838.19,646655,3233,382.9629,570.8453,38.4,91.719315,0.0,183.477264,1.931416,,5.022329,0.502233,1.912,0.765956,4.0,7.0,0.089181,0.865212,0.954393,99.045607,31.558249,0.618287,0.724348
2026-07-25 21:43:24,16851.57,647167,3235,531.584,568.9874,38.4,95.467499,0.0,190.97377,1.938364,,6.943725,0.694373,1.909,0.445526,2.0,5.0,0.026297,0.377434,0.403731,99.596269,32.168067,0.525207,0.724348
2026-07-25 21:43:37,16864.98,647679,3238,784.8548,571.8175,38.4,147.42363,0.0,294.886139,1.944204,,10.591559,1.059156,1.928,0.224579,1.0,3.0,0.0,0.228339,0.228339,99.771661,32.011481,0.508322,0.724348
2026-07-25 21:43:51,16878.48,648191,3240,728.6801,574.7585,38.4,121.358368,-0.0,242.755722,1.949398,,9.884738,0.988474,1.314259,1.035122,8.0,10.0,1.616952,5.399716,7.016668,92.983332,29.671416,0.481962,0.723314
2026-07-25 21:44:04,16892.04,648703,3243,576.8968,573.5128,38.4,116.865265,-0.0,233.769638,1.955726,,7.658395,0.765839,1.868,1.108251,6.0,9.0,0.32186,2.809243,3.131103,96.868897,30.712127,0.58549,0.723314
2026-07-25 21:44:18,16905.58,649215,3246,567.6631,571.466,38.4,133.966095,-0.0,267.971344,1.95765,,7.901194,0.790119,0.048156,0.793971,6.0,10.0,4.468382,6.206259,10.674641,89.325359,28.401582,0.51754,0.723314
2026-07-25 21:44:31,16919.15,649727,3248,702.531,576.2694,38.4,220.428955,-0.0,440.897125,1.960547,,9.535716,0.953572,0.082886,0.453592,2.0,5.0,2.642514,2.20832,4.850833,95.149167,30.431905,0.636577,0.723314
2026-07-25 21:44:45,16932.65,650239,3251,714.2656,578.559,38.4,189.924759,-0.0,379.888794,1.9632,,9.512219,0.951222,0.374633,0.468103,3.0,7.0,1.589513,1.810837,3.40035,96.59965,31.151669,0.642961,0.722719
2026-07-25 21:44:59,16946.27,650751,3253,797.0707,580.5962,38.4,185.897125,0.0,371.833557,1.964869,,10.461114,1.046111,1.834327,0.45837,2.0,7.0,0.0,0.823631,0.823631,99.176369,31.637098,0.57259,0.722719
2026-07-25 21:45:12,16959.82,651263,3256,776.8235,583.2081,38.4,191.057892,0.0,382.155121,1.967066,,10.60027,1.060027,0.451062,1.000653,7.0,10.0,2.622421,5.418835,8.041257,91.958743,29.121794,0.543785,0.722719
2026-07-25 21:45:26,16973.28,651775,3258,659.5137,582.6695,38.4,136.542053,0.0,273.123505,1.969191,,9.367211,0.936721,0.325208,1.4955,9.0,10.0,6.038039,10.229241,16.26728,83.73272,26.407295,0.483247,0.722719
2026-07-25 21:45:39,16986.69,652287,3261,735.6268,585.45,38.4,179.919067,0.0,359.877533,1.969359,,9.790648,0.979065,0.157805,0.297653,1.0,5.0,1.30944,1.472923,2.782363,97.217637,30.842653,0.478182,0.722138
2026-07-25 21:45:52,17000.16,652799,3264,602.6357,588.4565,38.4,141.315536,0.0,282.670502,1.971859,,8.018912,0.801891,0.157505,0.232158,1.0,3.0,1.821649,1.48915,3.310799,96.689201,30.730619,0.512096,0.722138
2026-07-25 21:46:06,17013.65,653311,3266,564.4321,589.058,38.4,143.567398,0.0,287.174286,1.973779,,7.739886,0.773989,0.842437,0.749343,5.0,10.0,2.026296,3.825359,5.851656,94.148344,29.894159,0.596921,0.722138
2026-07-25 21:46:19,17027.06,653823,3269,593.2108,586.2264,38.4,135.071411,0.0,270.182343,1.975624,,7.827914,0.782791,1.792672,0.593997,4.0,8.0,0.369712,1.7924,2.162112,97.837888,31.024536,0.531898,0.722138
2026-07-25 21:46:33,17040.44,654335,3271,557.3835,586.6444,38.4,110.598198,0.0,221.235947,1.977158,,8.0559,0.80559,0.617009,1.761299,10.0,10.0,5.556947,11.051264,16.608211,83.391789,26.616935,0.507185,0.721669
2026-07-25 21:46:46,17053.96,654847,3274,588.4498,588.5876,38.4,109.982002,-0.0,220.003586,1.978705,,7.833326,0.783333,1.839564,0.919376,6.0,8.0,0.201771,2.230425,2.432196,97.567804,31.023646,0.583482,0.721669
2026-07-25 21:47:00,17067.32,655359,3276,555.4889,588.3999,38.4,81.764832,0.0,163.569229,1.978458,,7.399814,0.739981,0.820197,0.792233,5.0,9.0,0.953878,2.476624,3.430502,96.569498,30.638671,0.558316,0.721669
2026-07-25 21:47:13,17080.76,655871,3279,631.543,585.7133,38.4,141.537979,-0.0,283.11554,1.978937,,8.808544,0.880854,0.530273,0.818182,6.0,10.0,4.704152,6.369227,11.073379,88.926621,28.240237,0.552283,0.721669
2026-07-25 21:47:26,17094.15,656383,3281,527.0798,581.0264,38.4,94.6063,-0.0,189.252197,1.979832,,7.012666,0.701267,1.35061,0.575869,3.0,9.0,0.803587,1.960876,2.764462,97.235538,31.249798,0.545728,0.720903
2026-07-25 21:47:40,17107.59,656895,3284,413.6225,578.2024,38.4,76.123055,-0.0,152.285751,1.98176,,5.528287,0.552829,1.701387,1.012384,6.0,9.0,0.535228,2.854549,3.389777,96.610223,30.651846,0.560801,0.720903
2026-07-25 21:47:53,17121.01,657407,3287,632.8419,579.8937,38.4,130.466125,0.0,260.971863,1.980747,,8.279056,0.827906,1.888,0.478681,3.0,5.0,0.0,0.294847,0.294847,99.705153,31.897374,0.508192,0.720903
2026-07-25 21:48:07,17134.42,657919,3289,483.9913,579.9737,38.4,118.425629,0.0,236.890854,1.980192,,6.430278,0.643028,1.725884,0.616307,4.0,9.0,0.453702,2.109481,2.563183,97.436817,31.110943,0.667268,0.720903
2026-07-25 21:48:20,17147.88,658431,3292,446.902,577.0551,38.4,98.859924,-0.0,197.759491,1.982247,,5.841502,0.58415,1.906,0.314311,2.0,5.0,0.163432,0.361436,0.524868,99.475132,31.606848,0.60779,0.719905
2026-07-25 21:48:34,17161.42,658943,3294,164.0722,567.511,38.4,81.016426,0.0,162.072632,1.989137,,2.378478,0.237848,1.132708,1.238756,8.0,10.0,0.900617,4.851052,5.751669,94.248331,29.70716,0.87951,0.719905
2026-07-25 21:48:47,17174.92,659455,3297,430.0597,561.31,38.4,140.251999,0.0,280.543793,1.989998,,5.687176,0.568718,1.892,0.347308,2.0,7.0,0.712039,1.28793,1.999969,98.000031,31.172033,0.664462,0.719905
2026-07-25 21:49:01,17188.59,659967,3299,771.2248,561.1877,38.4,241.274734,0.0,482.589355,1.993707,,10.465989,1.046599,0.744643,0.574429,3.0,8.0,1.539109,2.578163,4.117271,95.882729,30.777493,0.542805,0.719905
2026-07-25 21:49:14,17202.08,660479,3302,670.6543,562.4117,38.4,166.078766,-0.0,332.197479,1.997937,,8.840205,0.88402,1.87555,0.748856,4.0,7.0,0.088522,1.116616,1.205137,98.794863,31.69678,0.604954,0.718992
2026-07-25 21:49:28,17215.5,660991,3304,740.3235,565.5303,38.4,179.153458,-0.0,358.346924,2.00027,,9.96384,0.996384,1.490705,0.819737,6.0,10.0,0.562671,3.086919,3.64959,96.35041,30.810318,0.593652,0.718992
2026-07-25 21:49:41,17229.15,661503,3307,558.5305,565.2982,38.4,108.315712,0.0,216.671494,2.003383,,7.618575,0.761858,1.004034,1.280485,7.0,10.0,1.117851,4.254088,5.37194,94.62806,30.066553,0.60922,0.718992
2026-07-25 21:49:55,17242.58,662015,3310,804.0191,567.4859,38.4,244.983002,-0.0,490.006073,2.003791,,10.634383,1.063438,1.91295,0.338606,2.0,4.0,0.0,0.113357,0.113357,99.886643,31.675167,0.593621,0.718027
2026-07-25 21:50:08,17256.09,662527,3312,529.3706,568.1417,38.4,111.004837,0.0,222.049805,2.006582,,7.389651,0.738965,0.317488,0.645279,4.0,10.0,5.170588,5.222737,10.393325,89.606675,28.163855,0.508078,0.718027
2026-07-25 21:50:22,17269.58,663039,3315,544.8236,568.1703,38.4,157.578415,-0.0,315.19696,2.006688,,7.263081,0.726308,1.038926,0.481074,2.0,8.0,1.164686,2.147537,3.312224,96.687776,30.751074,0.568929,0.718027
2026-07-25 21:50:35,17283.01,663551,3317,571.1118,567.4065,38.4,105.550003,0.0,211.140182,2.009153,,7.526093,0.752609,1.809216,0.689507,4.0,8.0,0.168816,1.556858,1.725674,98.274326,31.291179,0.55174,0.718027
2026-07-25 21:50:49,17296.47,664063,3320,544.5156,565.9789,38.4,119.39576,-0.0,238.831696,2.008493,,7.217401,0.72174,1.651734,0.728849,6.0,9.0,0.201657,2.479755,2.681413,97.318587,30.805122,0.525522,0.717259
2026-07-25 21:51:02,17309.89,664575,3322,567.668,566.4975,38.4,94.487373,0.0,189.015015,2.01309,,7.522193,0.752219,1.654513,0.762193,5.0,9.0,0.539722,2.176246,2.715968,97.284032,30.702975,0.49551,0.717259
2026-07-25 21:51:16,17323.45,665087,3325,616.2601,566.6491,38.4,128.347229,0.0,256.734741,2.014634,,8.063388,0.806339,1.912,0.485908,3.0,7.0,0.0,0.909619,0.909619,99.090381,31.525326,0.471319,0.717259
2026-07-25 21:51:29,17336.94,665599,3328,641.8877,567.8967,38.4,157.370544,-0.0,314.781403,2.016234,,8.8281,0.88281,0.255609,0.735115,5.0,10.0,3.713553,4.837882,8.551435,91.448565,29.211074,0.526642,0.717259
2026-07-25 21:51:43,17350.4,666111,3330,473.5827,567.3798,38.4,119.197174,-0.0,238.434677,2.016482,,6.287446,0.628745,1.551727,0.597146,3.0,9.0,0.470955,1.858869,2.329825,97.670175,31.22948,0.699066,0.716424
2026-07-25 21:51:56,17363.88,666623,3333,754.2717,570.57,38.4,214.957108,-0.0,429.95459,2.018579,,10.149214,1.014921,1.135692,0.783182,5.0,9.0,1.147185,3.116259,4.263444,95.736556,30.295993,0.538668,0.716424
2026-07-25 21:52:10,17377.37,667135,3335,932.7457,575.4203,38.4,237.98703,-0.0,476.014465,2.02023,,12.2744,1.22744,1.9069,0.295573,2.0,3.0,0.0,0.193363,0.193363,99.806637,31.727489,0.51323,0.716424
2026-07-25 21:52:23,17391.0,667647,3338,710.9012,578.2178,38.4,162.094635,0.0,324.229706,2.021795,,9.299492,0.929949,1.90795,0.209129,1.0,2.0,0.0,0.0,0.0,100.0,31.625013,0.452073,0.716424
2026-07-25 21:52:37,17404.61,668159,3340,623.6117,580.3648,38.4,118.796753,0.0,237.634018,2.025247,,8.469711,0.846971,0.790256,0.867252,6.0,10.0,2.66547,4.727943,7.393413,92.606587,29.290961,0.445979,0.715449
2026-07-25 21:52:50,17418.13,668671,3343,458.4023,581.2859,38.4,143.483841,-0.0,287.00827,2.029076,,6.374648,0.637465,0.562089,1.004717,7.0,10.0,2.655875,4.658847,7.314721,92.685279,29.077214,0.646293,0.715449
2026-07-25 21:53:04,17431.67,669183,3345,435.5421,580.3216,38.4,66.3088,-0.0,132.658173,2.028489,,5.992079,0.599208,0.731255,0.814067,7.0,10.0,2.311607,4.845179,7.156787,92.843213,29.20908,0.578537,0.715449
2026-07-25 21:53:18,17445.21,669695,3348,343.4513,576.2066,38.4,95.683029,-0.0,191.406738,2.033812,,4.756782,0.475678,0.527604,1.107255,7.0,10.0,1.863981,4.755441,6.619423,93.380577,29.378977,0.636131,0.715449
2026-07-25 21:53:31,17458.69,670207,3351,560.2303,575.3182,38.4,126.553543,-0.0,253.147858,2.038639,,7.507218,0.750722,0.291347,0.602465,4.0,9.0,1.512734,2.858081,4.370815,95.629185,30.403736,0.500684,0.714838
2026-07-25 21:53:44,17472.12,670719,3353,502.1595,573.2746,38.4,85.971657,-0.0,171.984161,2.042723,,6.631756,0.663176,1.49772,0.761562,5.0,8.0,0.310496,1.706948,2.017444,97.982556,31.334529,0.540938,0.714838
2026-07-25 21:53:58,17485.57,671231,3356,386.0506,571.6203,38.4,89.616714,-0.0,179.274399,2.048636,,5.886286,0.588629,0.235153,1.764149,9.0,10.0,7.309016,10.781303,18.09032,81.90968,26.147504,0.467559,0.714838
2026-07-25 21:54:11,17499.13,671743,3358,982.7788,577.1724,38.4,281.457031,0.0,562.955017,2.048275,,13.292068,1.329207,0.493003,0.587459,3.0,9.0,2.096387,2.891622,4.98801,95.01199,30.544465,0.514154,0.714838
2026-07-25 21:54:25,17512.63,672255,3361,742.8984,582.0721,38.4,203.84227,0.0,407.725555,2.050652,,10.107491,1.010749,0.724772,0.649805,4.0,9.0,2.013225,3.193285,5.20651,94.79349,30.505342,0.565144,0.714474
2026-07-25 21:54:38,17526.06,672767,3363,643.9722,585.3564,38.4,120.308311,0.0,240.6577,2.053673,,8.620206,0.862021,0.896392,1.424909,6.0,9.0,0.17184,3.074376,3.246216,96.753784,30.796513,0.540636,0.714474
2026-07-25 21:54:52,17539.54,673279,3366,706.8659,584.609,38.4,151.751221,-0.0,303.543549,2.05461,,9.445073,0.944507,1.240459,1.093881,7.0,10.0,0.407185,3.672498,4.079683,95.920317,30.445033,0.582905,0.714474
2026-07-25 21:55:05,17553.12,673791,3368,610.4699,582.9973,38.4,130.74408,0.0,261.529266,2.054848,,8.465789,0.846579,0.937914,1.131087,9.0,10.0,2.429162,7.141302,9.570464,90.429536,28.885461,0.561855,0.714474
2026-07-25 21:55:19,17566.68,674303,3371,559.2023,580.3216,38.4,169.206772,0.0,338.454681,2.056856,,7.67885,0.767885,1.02518,1.023008,6.0,9.0,0.382011,2.607776,2.989787,97.010213,30.559365,0.670541,0.71371
2026-07-25 21:55:32,17580.1,674815,3374,477.7239,577.7391,38.4,96.976189,0.0,193.993515,2.056728,,6.342028,0.634203,1.413733,0.808699,5.0,9.0,0.371917,1.777638,2.149555,97.850445,30.723022,0.549043,0.71371
2026-07-25 21:55:46,17593.65,675327,3376,301.1278,575.6568,38.4,56.669456,-0.0,113.380104,2.05943,,4.304208,0.430421,0.389809,1.356728,7.0,10.0,2.652653,6.016954,8.669607,91.330393,29.048295,0.663332,0.71371
2026-07-25 21:56:00,17607.26,675839,3379,418.941,574.9197,38.4,97.402092,0.0,194.845367,2.05924,,5.710884,0.571088,0.520957,1.148055,6.0,9.0,1.318288,4.203891,5.522179,94.477821,30.148639,0.640201,0.71371
2026-07-25 21:56:13,17620.82,676351,3381,357.3863,571.7867,38.4,92.383247,-0.0,184.807693,2.05996,,5.339944,0.533994,0.286367,1.657636,9.0,10.0,5.215352,9.777222,14.992574,85.007426,26.901338,0.580462,0.712917
2026-07-25 21:56:27,17634.4,676863,3384,498.3646,570.2639,38.4,159.739731,-0.0,319.520691,2.060732,,7.053054,0.705305,0.366838,0.978687,8.0,10.0,3.939948,6.6926,10.632548,89.367452,28.318183,0.573363,0.712917
2026-07-25 21:56:40,17647.93,677375,3386,624.5301,572.1303,38.4,111.605682,0.0,223.252609,2.062594,,8.486789,0.848679,0.359591,1.179124,7.0,10.0,2.553437,5.242413,7.79585,92.20415,29.405345,0.530918,0.712917
2026-07-25 21:56:54,17661.44,677887,3389,817.3246,577.0997,38.4,233.306274,0.0,466.653809,2.063249,,10.991696,1.09917,0.699101,0.759605,5.0,10.0,1.374662,3.41867,4.793332,95.206668,30.390705,0.503095,0.712917
2026-07-25 21:57:07,17674.93,678399,3392,1039.2281,584.1373,38.4,339.201294,0.0,678.443848,2.06295,,14.01534,1.401534,1.8899,0.293171,2.0,4.0,0.0,0.054843,0.054843,99.945157,31.862514,0.531763,0.712648
2026-07-25 21:57:21,17688.44,678911,3394,714.3013,588.7226,38.4,198.386978,0.0,396.815247,2.064989,,9.515858,0.951586,1.122525,0.514311,2.0,6.0,0.156065,0.805294,0.961358,99.038642,31.639561,0.537886,0.712648
2026-07-25 21:57:34,17701.88,679423,3397,438.951,587.7857,38.4,122.994431,0.0,246.030182,2.065846,,5.773492,0.577349,1.014302,0.381447,2.0,4.0,0.0,0.192978,0.192978,99.807022,31.973521,0.67226,0.712648
2026-07-25 21:57:48,17715.41,679935,3399,297.3337,585.4061,38.4,68.104523,-0.0,136.250351,2.065236,,4.032996,0.4033,0.42445,0.98882,6.0,10.0,0.715796,3.132587,3.848383,96.151617,30.599865,0.682834,0.712648
2026-07-25 21:58:01,17728.81,680447,3402,692.3653,586.7223,38.4,185.021698,0.0,370.084717,2.066155,,9.380887,0.938089,0.38244,0.916123,5.0,10.0,2.072024,4.159828,6.231852,93.768148,29.532818,0.558919,0.711566
2026-07-25 21:58:15,17742.27,680959,3404,775.2178,589.115,38.4,164.396133,0.0,328.833588,2.065625,,10.320822,1.032082,0.790731,1.153978,6.0,9.0,1.125686,3.52841,4.654096,95.345904,30.14231,0.559266,0.711566
2026-07-25 21:58:28,17755.89,681471,3407,828.4079,591.1881,38.4,241.433899,0.0,482.909088,2.064586,,10.950362,1.095036,1.904,0.326211,2.0,5.0,0.0,0.390259,0.390259,99.609741,31.870838,0.566956,0.711566
2026-07-25 21:58:42,17769.37,681983,3409,671.2874,591.4234,38.4,168.306488,0.0,336.654297,2.066175,,9.015898,0.90159,0.136133,0.388107,2.0,9.0,1.861023,2.555597,4.41662,95.58338,30.576278,0.506488,0.711566
2026-07-25 21:58:55,17782.78,682495,3412,343.6652,588.4698,38.4,111.223495,0.0,222.488327,2.066449,,4.801465,0.480146,0.140619,0.485452,2.0,9.0,3.009862,4.307778,7.31764,92.68236,29.771655,0.625094,0.710742
2026-07-25 21:59:09,17796.3,683007,3415,521.9749,586.2542,38.4,141.278366,0.0,282.598114,2.069012,,7.49797,0.749797,0.221176,1.450458,8.0,10.0,6.007237,8.822984,14.83022,85.16978,27.265386,0.537478,0.710742
2026-07-25 21:59:22,17809.75,683519,3417,698.6673,587.1836,38.4,146.254181,0.0,292.549683,2.065796,,9.249215,0.924922,0.692975,0.752084,4.0,7.0,0.003082,1.035487,1.038569,98.961431,31.965321,0.518673,0.710742
2026-07-25 21:59:36,17823.37,684031,3420,884.0432,590.3297,38.4,226.765244,0.0,453.571777,2.065101,,11.689392,1.168939,0.93543,0.553569,3.0,8.0,0.246971,1.511152,1.758123,98.241877,31.769148,0.479453,0.710141
2026-07-25 21:59:49,17836.87,684543,3422,689.7361,589.0301,38.4,129.191757,-0.0,258.424866,2.06686,,9.045567,0.904557,1.4e-05,0.941001,4.0,7.0,0.065564,1.061505,1.127068,98.872932,31.476199,0.539418,0.710141
2026-07-25 22:00:03,17850.41,685055,3425,537.6959,589.5466,38.4,129.63736,-0.0,259.31604,2.065662,,7.213717,0.721372,1.4e-05,0.549096,3.0,8.0,1.071244,2.183208,3.254452,96.745548,30.695376,0.526155,0.710141
2026-07-25 22:00:16,17863.87,685567,3427,750.3068,593.7237,38.4,192.131271,-0.0,384.303864,2.065633,,9.867319,0.986732,1.4e-05,0.452369,3.0,7.0,0.0,0.799227,0.799227,99.200773,31.843031,0.475859,0.710141
2026-07-25 22:00:30,17877.39,686079,3430,678.6945,594.4937,38.4,156.304749,0.0,312.650879,2.068399,,8.921226,0.892123,1.630438,0.314772,1.0,7.0,0.466553,1.093826,1.560379,98.439621,31.516307,0.483777,0.709057
2026-07-25 22:00:43,17890.83,686591,3432,824.3083,598.0208,38.4,248.337082,0.0,496.715546,2.06885,,10.925343,1.092534,1.559247,0.3451,1.7,8.0,0.58445,1.367861,1.952311,98.047689,31.481604,0.496054,0.709057
2026-07-25 22:00:57,17904.23,687103,3435,871.5667,602.8047,38.4,261.362335,0.0,522.766113,2.071264,,11.632638,1.163264,0.689863,0.758299,5.0,9.0,0.395195,2.541433,2.936628,97.063372,31.004099,0.487296,0.709057
2026-07-25 22:01:10,17917.64,687615,3438,633.7156,603.3345,38.4,126.177948,0.0,252.397324,2.071637,,8.330799,0.83308,1.524341,0.46189,3.0,6.0,0.0,0.529167,0.529167,99.470833,31.704629,0.443118,0.709057
2026-07-25 22:01:23,17931.06,688127,3440,614.8418,603.9606,38.4,139.65419,-0.0,279.349854,2.073237,,8.088371,0.808837,1e-05,0.46939,3.0,6.0,0.0,0.736465,0.736465,99.263535,31.34638,0.51729,0.708034
2026-07-25 22:01:37,17944.55,688639,3443,642.7612,606.5792,38.4,165.407303,0.0,330.85611,2.074472,,8.414647,0.841465,1e-05,0.475103,2.0,4.0,0.0,0.209306,0.209306,99.790694,31.89178,0.552115,0.708034
2026-07-25 22:01:50,17957.98,689151,3445,788.636,609.8565,38.4,171.766342,0.0,343.574188,2.074589,,10.498941,1.049894,0.115347,0.468097,3.0,7.0,2.017483,2.450685,4.468167,95.531833,30.768739,0.464114,0.708034
2026-07-25 22:02:04,17971.43,689663,3448,381.5738,607.6327,38.4,97.915756,0.0,195.873047,2.076843,,5.335178,0.533518,0.144019,0.81621,6.0,10.0,3.006912,4.898657,7.905568,92.094432,29.448009,0.627415,0.708034
2026-07-25 22:02:17,17984.98,690175,3450,610.3419,606.3938,38.4,143.653152,0.0,287.347809,2.075684,,8.029481,0.802948,1.13283,0.417025,2.0,6.0,0.225787,0.776142,1.001929,98.998071,31.515413,0.50948,0.707145
2026-07-25 22:02:31,17998.47,690687,3453,971.2689,610.2972,38.4,277.320007,0.0,554.681519,2.075999,,12.865924,1.286592,0.829636,0.473931,2.0,7.0,0.139241,0.860477,0.999718,99.000282,31.629902,0.506036,0.707145
2026-07-25 22:02:44,18011.99,691199,3456,838.7648,614.5056,38.4,249.982315,0.0,500.006165,2.076301,,11.260707,1.126071,1.24139,0.528259,2.0,9.0,0.496823,2.09164,2.588462,97.411538,31.173709,0.567325,0.707145
2026-07-25 22:02:58,18025.59,691711,3458,572.5769,613.9026,38.4,168.197159,0.0,336.435883,2.077629,,8.015332,0.801533,1.3e-05,1.383302,8.0,10.0,2.336094,6.946358,9.282452,90.717548,28.996049,0.639619,0.707145
2026-07-25 22:03:11,18039.16,692223,3461,769.4291,613.5489,38.4,224.611603,-0.0,449.26474,2.077031,,10.722417,1.072242,0.980129,1.001137,7.0,10.0,1.247892,4.766665,6.014556,93.985444,29.922279,0.58743,0.706366
2026-07-25 22:03:25,18052.77,692735,3463,885.2959,616.8783,38.4,225.768036,0.0,451.577606,2.076608,,11.891064,1.189106,0.945063,0.426205,2.0,8.0,0.547833,1.717488,2.265321,97.734679,31.010907,0.540041,0.706366
2026-07-25 22:03:39,18066.33,693247,3466,791.4363,619.2016,38.4,194.628998,0.0,389.29953,2.076567,,10.419944,1.041994,1.218233,0.300099,2.0,3.0,0.0,0.023513,0.023513,99.976487,31.811326,0.573718,0.706366
2026-07-25 22:03:52,18079.92,693759,3468,575.4862,617.9783,38.4,111.770508,-0.0,223.582565,2.077607,,7.82455,0.782455,0.36573,1.371117,8.0,10.0,1.347911,5.893011,7.240922,92.759078,29.476793,0.532181,0.706366
2026-07-25 22:04:06,18093.4,694271,3471,742.0757,621.1548,38.4,207.753922,0.0,415.549408,2.078315,,9.966063,0.996606,9e-06,1.13194,7.0,10.0,1.02831,4.13205,5.16036,94.83964,30.058616,0.554452,0.705544
2026-07-25 22:04:19,18107.08,694783,3473,722.575,621.1325,38.4,129.8293,-0.0,259.700134,2.077209,,9.58451,0.958451,0.484327,0.496579,2.0,9.0,0.479046,1.498192,1.977238,98.022762,31.284762,0.54659,0.705544
2026-07-25 22:04:33,18120.54,695295,3476,457.7733,619.524,38.4,92.459709,0.0,184.960983,2.078414,,6.366271,0.636627,0.303661,1.079249,8.0,10.0,2.612986,6.030565,8.643551,91.356449,29.125657,0.568745,0.705544
2026-07-25 22:04:46,18134.08,695807,3479,434.228,618.0736,38.4,86.125923,-0.0,172.293488,2.081766,,6.089511,0.608951,7e-06,1.035992,8.0,10.0,2.980992,6.535672,9.516664,90.483336,28.726528,0.567635,0.705544
2026-07-25 22:05:00,18147.49,696319,3481,730.9,619.3656,38.4,173.920624,0.0,347.882904,2.082671,,9.739996,0.974,9e-06,0.545094,3.0,8.0,0.629858,1.793388,2.423246,97.576754,31.408808,0.500041,0.704904
2026-07-25 22:05:13,18160.96,696831,3484,873.6272,623.4967,38.4,232.260193,0.0,464.562073,2.08488,,11.459112,1.145911,1.483722,0.345383,2.0,3.0,0.0,0.0,0.0,100.0,32.366616,0.482115,0.704904
2026-07-25 22:05:27,18174.45,697343,3486,667.4354,625.9561,38.4,140.782761,0.0,281.607269,2.086743,,8.709165,0.870916,1e-05,0.390686,2.0,4.0,0.0,0.203142,0.203142,99.796858,32.154842,0.505319,0.704904
2026-07-25 22:05:40,18187.86,697855,3489,509.5589,627.222,38.4,120.066322,-0.0,240.174423,2.089008,,6.925719,0.692572,0.060775,0.600994,3.0,9.0,2.548235,3.350084,5.898319,94.101681,30.207785,0.540939,0.704904
2026-07-25 22:05:54,18201.32,698367,3491,389.5191,625.8014,38.4,97.078476,-0.0,194.198807,2.092537,,5.104433,0.510443,0.906173,0.511688,3.0,6.0,0.020364,0.706487,0.726851,99.273149,31.678251,0.675967,0.703871
2026-07-25 22:06:07,18214.74,698879,3494,342.9341,621.3822,38.4,96.807449,0.0,193.656845,2.097535,,4.493352,0.449335,1.4e-05,0.468317,2.0,7.0,0.0,0.668933,0.668933,99.331067,31.413551,0.662422,0.703871
2026-07-25 22:06:21,18228.26,699391,3496,517.8709,619.2741,38.4,87.485458,0.0,175.01297,2.102304,,7.068172,0.706817,1e-05,0.509313,3.0,6.0,3.405268,3.322327,6.727594,93.272406,29.768063,0.536535,0.703871
2026-07-25 22:06:34,18241.83,699903,3499,653.8115,620.0432,38.4,168.578018,0.0,337.19812,2.103847,,8.534724,0.853472,0.065071,0.203133,1.0,2.0,0.193862,0.145784,0.339645,99.660355,32.081418,0.552872,0.703871
2026-07-25 22:06:48,18255.48,700415,3502,589.5263,620.2618,38.4,154.317673,0.0,308.67746,2.106194,,7.708266,0.770827,1e-05,0.421714,2.0,5.0,0.0,0.23873,0.23873,99.76127,31.999026,0.521377,0.702864
2026-07-25 22:07:01,18269.07,700927,3504,553.1607,618.7681,38.4,115.316132,-0.0,230.674438,2.108607,,7.57737,0.757737,9e-06,1.382167,8.0,10.0,1.861255,6.664094,8.525349,91.474651,29.395648,0.54073,0.702864
2026-07-25 22:07:15,18282.64,701439,3507,535.1215,616.9767,38.4,149.739548,0.0,299.521332,2.111295,,7.359464,0.735946,5e-06,1.194302,7.0,10.0,2.810268,5.710988,8.521256,91.478744,29.180565,0.555011,0.702864
2026-07-25 22:07:28,18296.07,701951,3509,425.799,613.264,38.4,86.989639,0.0,174.02153,2.112295,,6.113527,0.611353,9e-06,0.979229,6.0,10.0,4.23981,5.680369,9.920179,90.079821,28.503488,0.619072,0.702864
2026-07-25 22:07:42,18309.52,702463,3512,476.2656,610.2584,38.4,140.551666,0.0,281.145538,2.109849,,6.445791,0.644579,1.2e-05,0.827376,6.0,9.07,0.786222,3.197928,3.984151,96.015849,30.508916,0.652571,0.702324
2026-07-25 22:07:55,18322.93,702975,3514,415.0711,607.814,38.4,84.156738,0.0,168.355698,2.110986,,5.531471,0.553147,8e-06,0.931505,5.0,9.0,0.288861,2.354141,2.643002,97.356998,31.47545,0.599023,0.702324
2026-07-25 22:08:09,18336.31,703487,3517,355.2262,604.01,38.4,95.212761,-0.0,190.467789,2.113474,,4.628427,0.462843,1e-05,0.188296,1.0,2.0,0.0,0.0,0.0,100.0,32.144844,0.649159,0.702324
2026-07-25 22:08:22,18349.77,703999,3520,505.8085,603.0417,38.4,89.916809,0.0,179.875977,2.117717,,6.614161,0.661416,8e-06,0.315677,2.0,4.0,0.0,0.13913,0.13913,99.86087,31.897049,0.549441,0.70128
2026-07-25 22:08:36,18363.25,704511,3522,882.6878,606.2243,38.4,227.26915,0.0,454.580719,2.121308,,11.654246,1.165425,1.6e-05,0.209996,1.0,2.0,0.0,0.0,0.0,100.0,31.972142,0.498628,0.70128
2026-07-25 22:08:49,18376.7,705023,3525,563.246,605.9246,38.4,130.286942,-0.0,260.616425,2.126814,,7.845781,0.784578,7e-06,0.652301,5.0,10.0,4.704194,5.83657,10.540764,89.459236,28.466775,0.492871,0.70128
2026-07-25 22:09:03,18390.26,705535,3527,397.7177,604.328,38.4,73.511139,-0.0,147.064865,2.129286,,5.266883,0.526688,7e-06,0.757877,5.0,8.0,0.190346,1.968498,2.158844,97.841156,30.710458,0.62403,0.70128
2026-07-25 22:09:16,18403.76,706047,3530,551.3768,603.9572,38.4,92.250198,0.0,184.543015,2.130666,,7.303423,0.730342,6e-06,0.333007,2.0,3.0,0.123656,0.410099,0.533755,99.466245,31.62402,0.522662,0.700397
2026-07-25 22:09:30,18417.32,706559,3532,411.7932,602.5203,38.4,83.68248,-0.0,167.407639,2.134026,,5.70605,0.570605,3e-06,1.305995,8.0,10.0,1.494873,5.398581,6.893454,93.106546,29.856658,0.568898,0.700397
2026-07-25 22:09:43,18430.85,707071,3535,310.5852,599.3107,38.4,91.734154,0.0,183.511017,2.135849,,4.434465,0.443446,5e-06,1.768246,8.0,10.0,1.837572,7.30676,9.144332,90.855668,28.872602,0.62818,0.700397
2026-07-25 22:09:57,18444.44,707583,3537,441.1224,598.4511,38.4,94.923866,-0.0,189.890472,2.137094,,6.378043,0.637804,5e-06,2.001328,9.0,10.0,3.769267,9.705745,13.475012,86.524988,27.522956,0.581453,0.700397
2026-07-25 22:10:10,18458.0,708095,3540,549.3513,599.8084,38.4,116.841255,0.0,233.72522,2.1357,,7.550407,0.755041,6e-06,1.026231,7.0,10.0,3.084127,5.740596,8.824723,91.175277,29.074893,0.502796,0.700119
2026-07-25 22:10:24,18471.46,708607,3543,407.8029,597.558,38.4,82.182106,-0.0,164.406906,2.134411,,5.477319,0.547732,4e-06,0.724241,4.0,10.0,1.085104,2.747158,3.832262,96.167738,30.64297,0.582812,0.700119
2026-07-25 22:10:37,18484.99,709119,3545,562.5622,598.3437,38.4,85.74498,-0.0,171.532578,2.131208,,7.532852,0.753285,5e-06,0.831232,5.0,9.0,0.709198,2.370296,3.079493,96.920507,30.657495,0.552618,0.700119
2026-07-25 22:10:51,18498.5,709631,3548,575.9705,599.6344,38.4,159.769592,0.0,319.581757,2.128653,,7.820101,0.78201,5e-06,0.524442,3.0,8.0,0.373426,1.493703,1.867129,98.132871,31.314968,0.608007,0.700119
2026-07-25 22:11:04,18512.13,710143,3550,561.0422,603.6041,38.4,133.348038,0.0,266.738586,2.126297,,7.77098,0.777098,6e-06,0.39345,2.0,7.0,3.349926,3.281049,6.630976,93.369024,29.725911,0.553682,0.699293
2026-07-25 22:11:18,18525.59,710655,3553,537.6889,604.6804,38.4,120.004738,-0.0,240.051956,2.123796,,7.053363,0.705336,7e-06,0.208315,1.0,4.0,0.087534,0.365768,0.453302,99.546698,31.764203,0.540874,0.699293
2026-07-25 22:11:31,18539.09,711167,3555,536.0543,602.3287,38.4,106.03669,-0.0,212.115875,2.124448,,7.308013,0.730801,5e-06,0.649204,3.0,9.0,1.558202,2.552201,4.110403,95.889597,30.588867,0.562467,0.699293
2026-07-25 22:11:45,18552.73,711679,3558,518.4359,600.8065,38.4,93.484413,-0.0,187.011261,2.121867,,6.898762,0.689876,6e-06,0.3763,2.0,7.0,0.633129,1.534479,2.167608,97.832392,31.197365,0.571343,0.699293
2026-07-25 22:11:59,18566.22,712191,3560,299.6242,596.3995,38.4,69.931053,-0.0,139.904648,2.126717,,4.278979,0.427898,1e-06,1.812144,8.0,10.0,1.985245,6.441757,8.427002,91.572998,28.729353,0.629034,0.698374
2026-07-25 22:12:12,18579.63,712703,3563,427.4239,595.0885,38.4,109.052261,-0.0,218.147079,2.127947,,5.787674,0.578767,3e-06,0.90437,6.0,10.0,1.004254,3.591593,4.595847,95.404153,30.015287,0.550057,0.698374
2026-07-25 22:12:25,18593.12,713215,3566,492.1091,591.9694,38.4,145.806747,-0.0,291.656097,2.129756,,6.732943,0.673294,2e-06,1.239785,7.0,10.0,1.116592,4.532143,5.648735,94.351265,29.885016,0.55794,0.698374
2026-07-25 22:12:39,18606.61,713727,3568,851.6632,595.1923,38.4,214.452576,0.0,428.947906,2.138373,,11.201363,1.120136,3e-06,0.673449,4.0,7.0,0.087588,1.061999,1.149587,98.850413,31.625484,0.508191,0.698374
2026-07-25 22:12:52,18620.04,714239,3571,922.0454,598.9645,38.4,311.291565,0.0,622.625977,2.143004,,12.474242,1.247424,5e-06,0.436308,3.0,6.0,0.03752,0.529969,0.567489,99.432511,31.630631,0.505,0.697526
2026-07-25 22:13:06,18633.53,714751,3573,872.3329,601.9767,38.4,263.215485,-0.0,526.473938,2.146986,,11.924639,1.192464,6e-06,0.55481,3.0,9.0,1.568048,2.616032,4.184081,95.815919,30.42593,0.471851,0.697526
2026-07-25 22:13:19,18647.0,715263,3576,564.7566,602.1791,38.4,151.829254,0.0,303.701569,2.152315,,7.638058,0.763806,3e-06,0.680553,4.0,9.0,0.937863,2.406651,3.344514,96.655486,30.163752,0.528368,0.697526
2026-07-25 22:13:33,18660.53,715775,3578,526.1766,601.7642,38.4,81.474007,0.0,162.991135,2.156291,,7.347813,0.734781,2e-06,0.925237,8.0,10.0,4.221686,6.365659,10.587344,89.412656,28.218142,0.47764,0.697526
2026-07-25 22:13:46,18673.94,716287,3581,735.1606,602.9532,38.4,149.476959,-0.0,298.99707,2.157365,,10.161001,1.0161,7e-06,0.237186,1.0,3.0,0.0,0.252823,0.252823,99.747177,31.732329,0.478754,0.696783
2026-07-25 22:14:00,18687.52,716799,3584,772.5472,604.2598,38.4,164.055435,0.0,328.154022,2.158285,,10.586947,1.058695,6e-06,0.177353,1.0,2.0,0.0,0.0,0.0,100.0,31.863789,0.510279,0.696783
2026-07-25 22:14:13,18701.11,717311,3586,655.2179,606.0762,38.4,152.743698,0.0,305.530579,2.159871,,8.816053,0.881605,4e-06,0.471601,2.0,8.0,0.970647,1.944414,2.915061,97.084939,30.979625,0.470708,0.696783
2026-07-25 22:14:27,18714.71,717823,3589,631.2495,604.8459,38.4,135.423141,0.0,270.889496,2.159894,,8.574301,0.85743,3e-06,0.898976,6.0,10.0,1.128675,3.5123,4.640975,95.359025,30.433387,0.455835,0.696783
2026-07-25 22:14:40,18728.15,718335,3591,606.358,601.5821,38.4,122.143318,0.0,244.329834,2.159611,,8.011352,0.801135,3e-06,0.406921,2.0,6.0,0.0,0.4394,0.4394,99.5606,32.048003,0.50573,0.69577
2026-07-25 22:14:54,18741.57,718847,3594,528.5447,599.7585,38.4,110.718697,0.0,221.480591,2.160119,,6.964901,0.69649,2e-06,0.511747,3.0,6.0,0.0,0.490942,0.490942,99.509058,31.880532,0.508672,0.69577
2026-07-25 22:15:07,18755.04,719359,3596,523.2444,598.7548,38.4,93.638252,-0.0,187.319702,2.160055,,6.974776,0.697478,2e-06,0.439809,2.0,4.0,0.0,0.07321,0.07321,99.92679,32.118922,0.49842,0.69577
2026-07-25 22:15:21,18768.51,719871,3599,464.0188,598.811,38.4,116.264023,-0.0,232.571289,2.162143,,6.118998,0.6119,2e-06,0.434041,2.0,5.0,0.001561,0.435584,0.437145,99.562855,31.763071,0.541018,0.69577
2026-07-25 22:15:34,18782.02,720383,3601,452.954,598.9851,38.4,84.531662,-0.0,169.106613,2.164682,,6.155497,0.61555,2e-06,0.643614,5.0,9.0,1.00917,2.936903,3.946073,96.053927,30.676122,0.556548,0.694595
2026-07-25 22:15:48,18795.46,720895,3604,347.5286,599.0259,38.4,99.022766,-0.0,198.088852,2.165968,,4.551968,0.455197,6e-06,0.213915,1.0,3.0,0.117906,0.209439,0.327345,99.672655,31.946469,0.572747,0.694595
2026-07-25 22:16:01,18808.87,721407,3607,361.7467,597.041,38.4,88.280708,-0.0,176.604767,2.167771,,4.780436,0.478044,2e-06,0.421958,2.0,4.0,0.0,0.227759,0.227759,99.772241,32.120416,0.5573,0.694595
2026-07-25 22:16:15,18822.4,721919,3609,469.3271,596.7127,38.4,86.916519,-0.0,173.876404,2.168079,,6.646061,0.664606,1e-06,0.928849,5.0,10.0,4.844817,6.163873,11.00869,88.99131,28.494311,0.462177,0.694595
2026-07-25 22:16:28,18835.94,722431,3612,566.0669,598.5129,38.4,123.712837,-0.0,247.468994,2.166073,,7.508203,0.75082,3e-06,0.482123,3.0,7.0,0.587734,1.440645,2.028379,97.971621,31.583332,0.468751,0.693824
2026-07-25 22:16:42,18849.41,722943,3614,714.524,595.8303,38.4,148.118561,-0.0,296.280396,2.163982,,9.526194,0.952619,3e-06,0.397338,2.0,5.0,0.074168,0.395562,0.46973,99.53027,32.123683,0.436345,0.693824
2026-07-25 22:16:55,18862.94,723455,3617,822.4192,596.6255,38.4,202.652557,-0.0,405.348358,2.162585,,11.184392,1.118439,1e-06,1.01251,5.0,9.0,0.810262,2.845988,3.65625,96.34375,30.906086,0.453921,0.693824
2026-07-25 22:17:09,18876.49,723967,3619,681.6455,597.0023,38.4,141.272339,0.0,282.587891,2.160838,,9.112918,0.911292,2e-06,0.433575,2.0,5.0,0.040752,0.34639,0.387141,99.612859,31.710205,0.458976,0.693824
2026-07-25 22:17:22,18889.96,724479,3622,731.1894,597.2455,38.4,169.34137,0.0,338.725922,2.15898,,10.22893,1.022893,2e-06,0.698298,4.0,9.0,0.92389,2.466343,3.390233,96.609767,30.390468,0.441424,0.692735
2026-07-25 22:17:36,18903.43,724991,3624,602.8534,597.1693,38.4,104.000435,-0.0,208.044022,2.157646,,8.419033,0.841903,1e-06,1.142904,7.0,10.0,3.14881,5.938794,9.087604,90.912396,28.693332,0.421373,0.692735
2026-07-25 22:17:49,18916.97,725503,3627,433.0142,595.9075,38.4,123.457825,0.0,246.958771,2.156135,,5.923289,0.592329,2e-06,0.902414,7.0,10.0,0.744448,3.92055,4.664998,95.335002,30.168648,0.512761,0.692735
2026-07-25 22:18:03,18930.54,726015,3630,456.442,595.6946,38.4,111.645683,0.0,223.334503,2.156642,,5.975331,0.597533,2e-06,0.296269,2.0,3.0,0.0,0.0,0.0,100.0,31.706724,0.470441,0.69194
2026-07-25 22:18:16,18944.03,726527,3632,636.4816,599.0482,38.4,131.578674,-0.0,263.2005,2.158327,,8.391937,0.839194,5e-06,0.184063,1.0,2.0,0.0,0.0,0.0,100.0,31.931831,0.431,0.69194
2026-07-25 22:18:30,18957.49,727039,3635,492.4845,599.7836,38.4,131.154358,-0.0,262.351929,2.160859,,6.640024,0.664002,2e-06,0.423964,2.0,4.0,0.0,0.165045,0.165045,99.834955,31.949295,0.505821,0.69194
2026-07-25 22:18:43,18971.03,727551,3637,394.3839,600.1536,38.4,88.568344,0.0,177.179886,2.159798,,5.423014,0.542301,2e-06,0.454026,2.0,9.0,2.543309,3.016483,5.559793,94.440207,30.294459,0.507326,0.69194
2026-07-25 22:18:57,18984.65,728063,3640,357.8704,598.7486,38.4,129.928833,-0.0,259.900879,2.160738,,4.736904,0.47369,3e-06,0.20424,1.0,2.0,0.0,0.0,0.0,100.0,32.002434,0.576252,0.690883
2026-07-25 22:19:10,18998.15,728575,3642,477.1237,597.2746,38.3,116.505966,0.0,233.055161,2.161412,,6.365353,0.636535,4e-06,0.46129,3.0,7.0,0.103244,0.902606,1.005851,98.994149,31.576165,0.520037,0.690883
2026-07-25 22:19:24,19011.6,729087,3645,847.4498,597.5758,38.3,249.93515,0.0,499.913574,2.162943,,11.502448,1.150245,3e-06,0.329686,2.0,6.0,0.0,0.370715,0.370715,99.629285,31.530955,0.478005,0.690883
2026-07-25 22:19:37,19025.09,729599,3648,1097.9592,598.1631,38.3,402.83609,-0.0,805.715454,2.164098,,15.837652,1.583765,2e-06,0.754271,5.0,8.0,0.118951,1.821824,1.940775,98.059225,31.174511,0.495611,0.690883
2026-07-25 22:19:51,19038.58,730111,3650,923.1621,600.2518,38.3,268.635345,-0.0,537.314026,2.166143,,12.636357,1.263636,2e-06,0.365364,2.0,3.0,0.0,0.04218,0.04218,99.95782,31.85586,0.460392,0.689758
2026-07-25 22:20:04,19051.97,730623,3653,637.7395,602.2396,38.3,117.689163,-0.0,235.421677,2.167796,,8.945416,0.894542,1e-06,1.501725,9.0,10.0,3.361146,8.188375,11.549522,88.450478,28.003355,0.439484,0.689758
2026-07-25 22:20:18,19065.5,731135,3655,674.8608,606.0149,38.3,140.991409,0.0,282.026184,2.168001,,8.957071,0.895707,5e-06,0.205316,1.0,2.0,0.0,0.0,0.0,100.0,31.80973,0.44202,0.689758
2026-07-25 22:20:31,19078.94,731647,3658,635.8515,605.4498,38.3,174.244064,0.0,348.531525,2.169313,,8.474965,0.847496,5e-06,0.245679,1.0,3.0,0.0,0.117923,0.117923,99.882077,31.678279,0.452052,0.689758
2026-07-25 22:20:45,19092.44,732159,3660,880.3023,606.5006,38.3,276.026428,0.0,552.096252,2.169997,,12.338151,1.233815,2e-06,0.730468,4.0,9.0,0.490273,2.432627,2.922899,97.077101,30.919445,0.460303,0.688907
2026-07-25 22:20:58,19105.99,732671,3663,696.2134,605.1787,38.3,229.701019,0.0,459.445465,2.171919,,9.77649,0.977649,2e-06,0.59021,3.0,8.0,2.940627,3.381176,6.321803,93.678197,29.997929,0.479794,0.688907
2026-07-25 22:21:12,19119.48,733183,3665,677.2208,605.238,38.3,142.794907,0.0,285.63327,2.172773,,9.072677,0.907268,2e-06,0.51845,3.0,7.0,0.051084,0.713633,0.764718,99.235282,31.96591,0.501482,0.688907
2026-07-25 22:21:25,19133.04,733695,3668,485.4203,606.6556,38.3,124.84864,-0.0,249.740799,2.175663,,6.530432,0.653043,2e-06,0.736465,5.0,9.0,0.593258,2.216084,2.809341,97.190659,30.836569,0.539642,0.688907
2026-07-25 22:21:39,19146.62,734207,3671,425.1091,605.6869,38.3,104.279007,0.0,208.601318,2.164927,,5.779157,0.577916,3e-06,0.491533,2.0,10.0,1.26668,2.465615,3.732296,96.267704,30.400252,0.497827,0.687948
2026-07-25 22:21:52,19160.16,734719,3673,400.1583,602.7018,38.3,79.39798,-0.0,158.839005,2.15207,,5.259207,0.525921,3e-06,0.435991,2.0,6.0,0.03311,0.397326,0.430436,99.569564,31.530521,0.504888,0.687948
2026-07-25 22:22:06,19173.63,735231,3676,748.0331,601.3417,38.3,186.479523,-0.0,373.001801,2.137262,,10.142842,1.014284,3e-06,0.246075,1.0,2.0,0.0,0.0,0.0,100.0,31.627019,0.443183,0.687948
2026-07-25 22:22:19,19187.02,735743,3678,786.4686,602.309,38.3,192.081543,0.0,384.205536,2.122468,,11.173103,1.11731,3e-06,0.541,3.0,10.0,2.024291,3.416188,5.44048,94.55952,30.06855,0.434843,0.687948
2026-07-25 22:22:33,19200.45,736255,3681,623.9863,603.1719,38.3,177.846878,0.0,355.735931,2.108197,,8.608588,0.860859,2e-06,0.659373,4.0,8.0,0.838381,1.839131,2.677512,97.322488,30.994785,0.456605,0.687026
2026-07-25 22:22:46,19213.91,736767,3683,810.2546,603.7714,38.3,249.056702,0.0,498.155334,2.096169,,11.508828,1.150883,3e-06,0.345404,2.0,4.0,0.0,0.082756,0.082756,99.917244,31.95116,0.465074,0.687026
2026-07-25 22:23:00,19227.42,737279,3686,652.7577,603.512,38.3,168.276062,-0.0,336.593811,2.08485,,8.817473,0.881747,2e-06,0.671412,4.0,9.0,0.41769,1.888209,2.305899,97.694101,31.091309,0.446574,0.687026
2026-07-25 22:23:13,19240.87,737791,3688,512.0811,600.3898,38.3,102.536842,0.0,205.115158,2.073949,,6.854385,0.685438,1e-06,0.641306,3.0,8.0,0.396975,1.449821,1.846796,98.153204,31.220731,0.452473,0.687026
2026-07-25 22:23:27,19254.39,738303,3691,635.2428,598.0265,38.3,125.534798,0.0,251.11084,2.062269,,8.576242,0.857624,4e-06,0.398709,2.0,8.0,0.930421,1.762493,2.692914,97.307086,31.061367,0.411659,0.685937
2026-07-25 22:23:40,19267.87,738815,3694,1015.7933,601.8473,38.3,299.965881,0.0,599.972778,2.051108,,14.409137,1.440914,2e-06,0.304996,2.0,3.0,0.0,0.0,0.0,100.0,31.977989,0.443399,0.685937
2026-07-25 22:23:54,19281.35,739327,3696,703.7405,602.7363,38.3,142.091949,-0.0,284.224731,2.042051,,9.694176,0.969418,1e-06,0.707353,4.0,10.0,2.670511,3.905721,6.576232,93.423768,29.594158,0.40022,0.685937
2026-07-25 22:24:07,19294.8,739839,3699,654.2403,602.8511,38.3,167.806992,0.0,335.654602,2.031355,,8.848172,0.884817,2e-06,0.389829,2.0,7.0,0.145505,0.850889,0.996394,99.003606,31.100524,0.414223,0.685937
2026-07-25 22:24:21,19308.33,740351,3701,640.1706,601.3664,38.3,168.106476,-0.0,336.253418,2.023802,,9.024858,0.902486,1e-06,0.914792,6.0,10.0,1.106553,3.684318,4.790871,95.209129,30.220508,0.432011,0.685035
2026-07-25 22:24:34,19321.83,740863,3704,515.0488,602.7012,38.3,135.692169,-0.0,271.424652,2.01557,,6.912721,0.691272,2e-06,0.363554,2.0,4.0,0.0,0.153534,0.153534,99.846466,31.464144,0.450073,0.685035
2026-07-25 22:24:48,19335.39,741375,3706,634.4159,602.9419,38.3,97.1147,0.0,194.269363,1.997807,,8.594709,0.859471,3e-06,0.476923,3.0,6.0,0.033139,0.599653,0.632792,99.367208,31.493285,0.433797,0.685035
2026-07-25 22:25:01,19349.01,741887,3709,792.4041,601.1533,38.3,169.871933,0.0,339.783508,1.982065,,10.810082,1.081008,3e-06,0.204889,1.0,2.0,0.0,0.0,0.0,100.0,31.885993,0.400675,0.685035
2026-07-25 22:25:15,19362.48,742399,3712,532.8539,598.0942,38.3,88.779991,0.0,177.599319,1.966637,,7.104641,0.710464,3e-06,0.209918,1.0,2.0,0.0,0.0,0.0,100.0,31.688626,0.420749,0.683914
2026-07-25 22:25:28,19376.03,742911,3714,423.9854,596.6083,38.3,71.855858,0.0,143.750824,1.955133,,5.776326,0.577633,3e-06,0.368564,2.0,7.0,0.393354,0.964504,1.357858,98.642142,31.3129,0.443038,0.683914
2026-07-25 22:25:42,19389.68,743423,3717,705.1799,595.9658,38.3,175.814651,0.0,351.667908,1.9297,,9.72261,0.972261,3e-06,0.416037,2.0,8.0,0.669646,1.248334,1.91798,98.08202,31.170655,0.378766,0.683914
2026-07-25 22:25:55,19403.15,743935,3719,644.6664,593.5595,38.3,124.729637,0.0,249.497467,1.909363,,8.689771,0.868977,2e-06,0.393097,2.0,5.0,0.0,0.188875,0.188875,99.811125,31.694463,0.369267,0.683914
2026-07-25 22:26:09,19416.63,744447,3722,630.8196,591.9533,38.3,121.315414,0.0,242.668655,1.89117,,8.793679,0.879368,2e-06,0.637132,4.0,9.0,0.500281,2.027703,2.527984,97.472016,31.112766,0.377082,0.682798
2026-07-25 22:26:22,19430.11,744959,3724,864.2454,594.8409,38.3,191.979019,-0.0,383.995514,1.874202,,12.290317,1.229032,1e-06,0.73106,4.0,9.0,0.881642,2.435827,3.317469,96.682531,30.842141,0.364506,0.682798
2026-07-25 22:26:36,19443.65,745471,3727,1032.2884,597.743,38.3,336.791199,0.0,673.619507,1.856761,,15.19744,1.519744,3e-06,0.225114,1.0,3.0,0.0,0.009329,0.009329,99.990671,32.082524,0.39914,0.682798
2026-07-25 22:26:49,19457.16,745983,3729,887.5346,599.3926,38.3,262.306396,0.0,524.649658,1.842791,,12.687265,1.268727,3e-06,0.193495,1.0,2.0,0.0,0.0,0.0,100.0,31.670127,0.376396,0.682798
2026-07-25 22:27:03,19470.61,746495,3732,522.2278,600.0372,38.3,132.026688,0.0,264.090057,1.833459,,7.538208,0.753821,1e-06,0.996399,7.0,10.0,2.847111,5.333566,8.180677,91.819323,28.772319,0.387816,0.681733
2026-07-25 22:27:16,19484.07,747007,3735,581.1425,601.5063,38.3,118.27536,-0.0,236.587204,1.824058,,7.79338,0.779338,1e-06,0.347011,2.0,3.0,0.0,0.0,0.0,100.0,31.792467,0.371936,0.681733
2026-07-25 22:27:30,19497.59,747519,3737,623.19,600.4292,38.3,111.678352,0.0,223.392975,1.813719,,8.523171,0.852317,2e-06,0.477663,3.0,8.0,0.242978,1.485723,1.728701,98.271299,31.632734,0.364614,0.681733
2026-07-25 22:27:43,19511.06,748031,3740,616.2093,597.855,38.3,162.777298,0.0,325.590729,1.806606,,8.484773,0.848477,1e-06,0.925465,6.0,9.0,0.318368,2.832857,3.151225,96.848775,31.058982,0.387777,0.680841
2026-07-25 22:27:57,19524.53,748543,3742,645.8679,597.6393,38.3,135.828354,0.0,271.69278,1.802838,,9.152543,0.915254,2e-06,0.779786,5.0,9.0,0.656304,2.98006,3.636364,96.363636,30.656614,0.390603,0.680841
2026-07-25 22:28:10,19538.05,749055,3745,568.806,598.2318,38.3,126.129166,-0.0,252.294388,1.802736,,7.940881,0.794088,1e-06,0.781487,5.0,9.0,0.447036,2.332088,2.779124,97.220876,30.801688,0.369988,0.680841
2026-07-25 22:28:24,19551.49,749567,3747,621.8455,600.5551,38.3,139.247559,0.0,278.531128,1.800115,,8.980496,0.89805,1e-06,1.587544,9.0,10.0,2.627857,8.320254,10.948111,89.051889,28.516322,0.37561,0.680841
2026-07-25 22:28:37,19564.98,750079,3750,674.6319,603.8721,38.3,147.355865,-0.0,294.74765,1.79617,,9.513349,0.951335,1e-06,0.903755,6.0,10.0,0.604482,3.383552,3.988034,96.011966,30.808308,0.380934,0.680153
2026-07-25 22:28:51,19578.55,750591,3752,555.737,604.2507,38.3,74.025635,-0.0,148.087128,1.792668,,7.440828,0.744083,4e-06,0.129545,1.0,2.0,0.0,0.0,0.0,100.0,31.942189,0.38566,0.680153
2026-07-25 22:29:04,19592.1,751103,3755,615.1714,603.8643,38.3,128.982391,-0.0,258.00061,1.790938,,8.675091,0.867509,2e-06,0.327618,2.0,6.0,3.028301,2.875706,5.904007,94.095993,29.836579,0.368894,0.680153
2026-07-25 22:29:18,19605.66,751615,3758,654.4614,604.5137,38.3,162.216949,0.0,324.469727,1.791036,,9.023819,0.902382,1e-06,0.416787,2.0,4.0,0.0,0.05959,0.05959,99.94041,31.745234,0.375436,0.680153
2026-07-25 22:29:32,19619.23,752127,3760,568.762,604.6697,38.3,109.958138,0.0,219.952072,1.789804,,7.753672,0.775367,2e-06,0.420291,2.0,8.0,0.547228,1.431573,1.978801,98.021199,31.276651,0.3888,0.679151
2026-07-25 22:29:45,19632.59,752639,3763,462.077,603.9392,38.3,98.0886,0.0,196.21312,1.795866,,6.209135,0.620913,3e-06,0.399722,2.0,6.0,0.018877,0.448332,0.467209,99.532791,31.635232,0.412834,0.679151
2026-07-25 22:29:58,19646.11,753151,3765,361.0248,603.2915,38.3,73.889252,-0.0,147.814377,1.793374,,4.790176,0.479018,3e-06,0.344405,2.0,4.0,0.0,0.326039,0.326039,99.673961,31.74813,0.433793,0.679151
2026-07-25 22:30:12,19659.57,753663,3768,415.7766,602.6866,38.3,92.679474,-0.0,185.394852,1.795442,,5.538306,0.553831,4e-06,0.25226,1.0,4.0,0.0,0.062497,0.062497,99.937503,31.911577,0.416303,0.679151
2026-07-25 22:30:25,19673.08,754175,3770,675.3414,605.2893,38.3,125.790215,0.0,251.616409,1.798738,,9.131245,0.913124,1e-06,0.669569,5.0,8.0,0.207331,1.5716,1.778931,98.221069,30.956842,0.368908,0.678009
2026-07-25 22:30:39,19686.51,754687,3773,782.548,609.5625,38.3,136.195908,0.0,272.427826,1.801234,,11.363708,1.136371,2e-06,0.533839,3.0,8.0,0.786582,1.782815,2.569397,97.430603,30.803456,0.370927,0.678009
2026-07-25 22:30:52,19699.97,755199,3776,822.1994,612.7264,38.3,221.256714,0.0,442.54953,1.805746,,11.592541,1.159254,3e-06,0.418875,2.0,8.0,0.185593,1.272413,1.458006,98.541994,31.244278,0.362328,0.678009
2026-07-25 22:31:06,19713.39,755711,3778,484.5063,608.7446,38.3,93.226624,-0.0,186.489532,1.814005,,7.296577,0.729658,0.0,1.227223,8.0,10.0,7.555194,9.295453,16.850647,83.149353,26.310131,0.381441,0.678009
2026-07-25 22:31:19,19726.95,756223,3781,482.8853,607.941,38.3,131.621414,0.0,263.279144,1.815906,,6.755559,0.675556,1e-06,0.555198,3.0,10.0,1.276384,2.920117,4.196501,95.803499,30.650282,0.389243,0.677333
2026-07-25 22:31:33,19740.46,756735,3783,595.9758,609.9236,38.3,111.496246,0.0,223.029099,1.83029,,8.031632,0.803163,2e-06,0.315007,2.0,4.0,0.0,0.106934,0.106934,99.893066,32.149216,0.38199,0.677333
2026-07-25 22:31:46,19753.93,757247,3786,758.4733,611.9946,38.3,169.927475,0.0,339.891876,1.8465,,10.555263,1.055526,4e-06,0.179958,1.0,2.0,0.0,0.0,0.0,100.0,32.352179,0.375259,0.677333
2026-07-25 22:32:00,19767.43,757759,3788,735.9872,615.2365,38.3,146.055847,-0.0,292.148956,1.862445,,10.401487,1.040149,1e-06,0.688231,4.0,8.0,3.716778,4.226863,7.943642,92.056358,29.508983,0.379896,0.677333
2026-07-25 22:32:13,19781.08,758271,3791,849.5387,620.626,38.3,198.230728,-0.0,396.498932,1.873876,,12.064599,1.20646,2e-06,0.548925,3.0,8.0,0.081348,1.029363,1.110711,98.889289,31.488648,0.392813,0.67645
2026-07-25 22:32:27,19794.7,758783,3793,911.6606,625.3314,38.3,217.520615,0.0,435.078918,1.88433,,12.976303,1.29763,2e-06,0.349156,2.0,4.0,0.073836,0.22779,0.301626,99.698374,31.727763,0.394404,0.67645
2026-07-25 22:32:41,19808.2,759295,3796,668.7779,626.5257,38.3,143.52063,-0.0,287.079132,1.893182,,9.230216,0.923022,4e-06,0.267212,1.0,4.0,0.0,0.306643,0.306643,99.693357,31.838316,0.411875,0.67645
2026-07-25 22:32:54,19821.79,759807,3799,499.1001,627.4387,38.3,102.228409,0.0,204.494827,1.90068,,6.922926,0.692293,2e-06,0.603479,4.0,8.0,0.346476,1.796661,2.143137,97.856863,31.105813,0.432931,0.67645
2026-07-25 22:33:08,19835.32,760319,3801,559.7245,627.4103,38.3,86.91996,0.0,173.878006,1.904487,,7.600635,0.760063,2e-06,0.503581,3.0,8.0,0.395238,1.359808,1.755046,98.244954,31.214813,0.397822,0.675322
2026-07-25 22:33:21,19848.79,760831,3804,458.9062,626.2396,38.3,120.29528,-0.0,240.628769,1.910716,,6.450534,0.645053,1e-06,0.762641,5.0,10.0,3.679259,5.039866,8.719125,91.280875,29.031145,0.419966,0.675322
2026-07-25 22:33:35,19862.28,761343,3806,376.643,624.3956,38.3,87.448631,-0.0,174.935577,1.915597,,4.944671,0.494467,5e-06,0.146603,1.0,2.0,0.0,0.0,0.0,100.0,32.2675,0.436093,0.675322
2026-07-25 22:33:48,19875.7,761855,3809,366.2076,622.6808,38.3,110.712761,-0.0,221.464035,1.925351,,4.957123,0.495712,1e-06,0.649173,4.0,9.0,1.052846,2.377142,3.429988,96.570012,30.557542,0.439319,0.675322
2026-07-25 22:34:02,19889.31,762367,3811,592.5082,623.2454,38.3,127.728226,0.0,255.495071,1.931334,,8.192282,0.819228,2e-06,0.356692,2.0,10.0,2.154486,2.219105,4.373591,95.626409,30.345772,0.440301,0.674578
2026-07-25 22:34:15,19902.88,762879,3814,580.0278,623.8613,38.3,144.720749,0.0,289.480225,1.936158,,8.283804,0.82838,3e-06,0.274369,1.0,4.0,0.744179,1.098175,1.842354,98.157646,31.125636,0.451341,0.674578
2026-07-25 22:34:29,19916.27,763391,3816,469.4525,625.5596,38.3,90.940735,-0.0,181.920395,1.945982,,6.440369,0.644037,1e-06,0.656282,3.0,7.0,0.758835,1.586655,2.345489,97.654511,31.075384,0.444428,0.674578
2026-07-25 22:34:42,19929.67,763903,3819,597.6413,627.2617,38.3,150.666733,-0.0,301.372528,1.953732,,8.268564,0.826856,4e-06,0.346881,2.0,7.0,3.330808,3.371012,6.70182,93.29818,30.048246,0.412595,0.674578
2026-07-25 22:34:55,19943.17,764415,3822,745.5106,629.7958,38.3,211.556274,0.0,423.151764,1.960482,,10.500876,1.050088,2e-06,0.819323,6.0,9.0,2.340672,4.440553,6.781225,93.218775,29.531646,0.406403,0.67365
2026-07-25 22:35:09,19956.66,764927,3824,694.192,628.221,38.3,142.277847,-0.0,284.595032,1.966914,,9.850702,0.98507,1e-06,1.536701,7.0,10.0,1.566804,5.699036,7.26584,92.73416,29.421655,0.447255,0.67365
2026-07-25 22:35:22,19970.18,765439,3827,614.0096,625.1407,38.3,166.326004,0.0,332.691406,1.969184,,8.323767,0.832377,3e-06,0.478118,3.0,9.0,0.380812,1.864882,2.245694,97.754306,30.967823,0.435699,0.67365
2026-07-25 22:35:36,19983.6,765951,3829,592.5918,622.3433,38.3,112.569656,0.0,225.178787,1.974001,,7.957529,0.795753,3e-06,0.466767,2.0,9.0,0.470514,1.712673,2.183187,97.816813,31.188326,0.449919,0.67365
2026-07-25 22:35:49,19997.15,766463,3832,873.6749,625.4325,38.3,188.39386,0.0,376.82724,1.975633,,11.942436,1.194244,3e-06,0.238031,1.0,3.0,0.0,0.0,0.0,100.0,31.998159,0.390979,0.672884
2026-07-25 22:36:03,20010.54,766975,3834,784.5902,628.0166,38.3,176.414841,-0.0,352.869263,1.979338,,10.572945,1.057295,3e-06,0.572628,4.0,9.0,1.11254,2.490044,3.602585,96.397415,30.994189,0.384233,0.672884
2026-07-25 22:36:16,20024.13,767487,3837,446.081,625.1258,38.3,116.64444,-0.0,233.328568,1.984151,,5.931754,0.593175,1e-06,0.604403,3.0,7.0,0.443638,1.316953,1.760591,98.239409,31.459506,0.457265,0.672884
2026-07-25 22:36:30,20037.73,767999,3840,595.1199,623.3515,38.3,93.451286,0.0,186.942337,1.98844,,8.186725,0.818673,1e-06,0.731659,5.0,10.0,1.937361,4.026368,5.963729,94.036271,30.216022,0.438383,0.671958
2026-07-25 22:36:44,20051.32,768511,3842,685.2757,623.6521,38.3,139.421005,-0.0,278.881805,1.989428,,9.234377,0.923438,2e-06,0.615607,4.0,8.0,0.640497,1.637,2.277497,97.722503,31.300528,0.42751,0.671958
2026-07-25 22:36:57,20064.95,769023,3845,655.7116,623.8967,38.3,176.251144,0.0,352.542145,1.992957,,8.904476,0.890448,3e-06,0.312608,2.0,5.0,0.6461,0.946466,1.592566,98.407434,31.402154,0.490206,0.671958
2026-07-25 22:37:11,20078.38,769535,3847,492.6017,622.7592,38.3,112.849716,-0.0,225.739304,1.993435,,6.559923,0.655992,3e-06,0.23301,1.0,2.0,0.0,0.0,0.0,100.0,32.121405,0.505057,0.671958
2026-07-25 22:37:24,20091.94,770047,3850,512.564,622.5994,38.3,111.89547,-0.0,223.830856,1.995973,,7.208397,0.72084,3e-06,0.360905,2.0,6.0,2.11041,2.500309,4.610719,95.389281,30.704044,0.489195,0.670968
2026-07-25 22:37:38,20105.49,770559,3852,497.2939,622.3399,38.3,72.75016,-0.0,145.540207,1.994376,,6.797889,0.679789,2e-06,0.868271,5.0,9.0,1.216,2.959814,4.175814,95.824186,30.638287,0.513586,0.670968
2026-07-25 22:37:51,20118.89,771071,3855,728.8324,624.988,38.3,141.962952,0.0,283.965637,1.9863,,9.793796,0.97938,6e-06,0.168498,1.0,2.0,0.0,0.025002,0.025002,99.974998,31.941099,0.447523,0.670968
2026-07-25 22:38:05,20132.38,771583,3857,746.762,627.9261,38.3,149.336365,-0.0,298.712311,1.979066,,10.126408,1.012641,2e-06,0.633049,4.0,10.0,1.19264,2.941637,4.134278,95.865722,30.509452,0.447401,0.670968
2026-07-25 22:38:18,20145.99,772095,3860,700.086,631.4516,38.3,170.975174,0.0,341.989746,1.970529,,9.224844,0.922484,4e-06,0.393278,2.0,6.0,0.05003,0.544073,0.594103,99.405897,31.686256,0.442361,0.669982
2026-07-25 22:38:32,20159.54,772607,3863,319.0091,631.0243,38.3,108.128403,-0.0,216.296066,1.962674,,4.187135,0.418713,4e-06,0.288392,2.0,5.0,0.0,0.414801,0.414801,99.585199,31.615861,0.610379,0.669982
2026-07-25 22:38:45,20173.0,773119,3865,205.0829,628.3818,38.3,93.676834,0.0,187.392685,1.950866,,3.001116,0.300112,4e-06,0.726838,6.0,10.0,3.197383,4.538625,7.736009,92.263991,29.447809,0.656736,0.669982
2026-07-25 22:38:59,20186.52,773631,3868,427.01,626.9913,38.3,159.439957,0.0,318.918762,1.942384,,5.738438,0.573844,3e-06,0.619287,4.0,9.0,0.718021,2.436588,3.154609,96.845391,30.947777,0.595129,0.669982
2026-07-25 22:39:12,20200.01,774143,3870,563.2983,625.479,38.3,135.703827,-0.0,271.446198,1.926995,,7.429732,0.742973,2e-06,0.522267,3.0,5.0,0.054476,0.474716,0.529191,99.470809,31.852597,0.584184,0.669064
2026-07-25 22:39:26,20213.56,774655,3873,530.8676,622.5635,38.3,143.873795,-0.0,287.785858,1.912992,,6.96702,0.696702,4e-06,0.201492,1.0,2.0,0.0,0.0,0.0,100.0,31.977015,0.564978,0.669064
2026-07-25 22:39:40,20227.19,775167,3875,503.4648,620.7817,38.3,118.099937,0.0,236.237778,1.895109,,6.762442,0.676244,5e-06,0.410294,2.0,9.0,1.255224,2.254375,3.509599,96.490401,30.679671,0.60937,0.669064
2026-07-25 22:39:53,20240.68,775679,3878,598.6348,619.4561,38.3,120.761185,-0.0,241.559921,1.877365,,8.392181,0.839218,2e-06,0.740698,6.0,10.0,3.059472,5.729815,8.789287,91.210713,28.733029,0.497231,0.669064
2026-07-25 22:40:07,20254.31,776191,3880,538.4064,618.8117,38.3,89.514473,-0.0,179.066269,1.866111,,7.215119,0.721512,3e-06,0.653617,5.0,9.0,0.712451,2.67169,3.38414,96.61586,30.649481,0.547576,0.668246
2026-07-25 22:40:20,20267.89,776703,3883,689.7145,621.3787,38.3,144.534668,0.0,289.106293,1.847082,,9.141754,0.914175,7e-06,0.213485,1.0,4.0,0.0,0.211692,0.211692,99.788308,31.754357,0.478036,0.668246
2026-07-25 22:40:34,20281.43,777215,3886,970.4973,626.5192,38.3,295.371918,-0.0,590.780518,1.834284,,13.181404,1.31814,3e-06,0.240166,1.0,3.0,0.0,0.089146,0.089146,99.910854,31.891396,0.575779,0.668246
2026-07-25 22:40:47,20295.05,777727,3888,811.1781,628.2662,38.3,182.535721,-0.0,365.107971,1.825743,,10.720094,1.072009,5e-06,0.470269,3.0,6.0,0.0,0.601096,0.601096,99.398904,31.786075,0.473358,0.668246
2026-07-25 22:41:01,20308.57,778239,3891,542.585,628.7672,38.3,121.842316,-0.0,243.720947,1.815975,,7.121105,0.71211,5e-06,0.298547,1.0,7.0,0.017145,0.71541,0.732555,99.267445,31.901036,0.589774,0.667081
2026-07-25 22:41:14,20322.18,778751,3893,594.9671,630.773,38.3,104.124062,0.0,208.284042,1.795867,,7.860331,0.786033,7e-06,0.480677,3.0,8.0,0.294357,1.819377,2.113735,97.886265,31.145655,0.534253,0.667081
2026-07-25 22:41:28,20335.69,779263,3896,469.0813,631.8851,38.3,102.033623,0.0,204.102966,1.786059,,6.389633,0.638963,4e-06,1.08227,7.0,9.0,1.64758,4.760196,6.407776,93.592224,29.77107,0.546892,0.667081
2026-07-25 22:41:41,20349.17,779775,3898,676.5675,633.8796,38.3,111.29364,0.0,222.622757,1.773625,,9.149373,0.914937,5e-06,0.589062,3.0,9.0,0.58583,2.340189,2.926019,97.073981,30.897673,0.531125,0.667081
2026-07-25 22:41:55,20362.75,780287,3901,748.7543,632.8926,38.3,173.322662,-0.0,346.680573,1.762384,,10.026663,1.002666,6e-06,0.138551,1.0,2.0,0.0,0.0,0.0,100.0,31.847934,0.517172,0.66615
2026-07-25 22:42:08,20376.14,780799,3904,774.0572,629.6536,38.3,167.871765,0.0,335.778473,1.747193,,10.152458,1.015246,8e-06,0.179426,1.0,2.0,0.0,0.0,0.0,100.0,31.86027,0.49606,0.66615
2026-07-25 22:42:22,20389.62,781311,3906,992.2786,630.3448,38.3,329.805756,-0.0,659.646301,1.740264,,13.59475,1.359475,8e-06,0.221715,1.0,3.0,0.0,0.01409,0.01409,99.98591,31.899183,0.614977,0.66615
2026-07-25 22:42:35,20403.07,781823,3909,1000.935,633.9767,38.3,348.136322,0.0,696.307251,1.730447,,13.472166,1.347217,1e-05,0.170239,1.0,2.0,0.0,0.0,0.0,100.0,32.120031,0.604744,0.66615
2026-07-25 22:42:49,20416.66,782335,3911,796.8697,635.1968,38.3,215.135941,0.0,430.306366,1.724567,,10.772116,1.077212,6e-06,0.450401,3.0,8.0,3.159143,3.663295,6.822439,93.177561,29.764283,0.551828,0.664951
2026-07-25 22:43:02,20430.18,782847,3914,532.8462,634.1667,38.3,142.873032,0.0,285.780487,1.721613,,7.207721,0.720772,5e-06,0.598873,3.0,10.0,2.383072,3.476224,5.859296,94.140704,29.934244,0.599733,0.664951
2026-07-25 22:43:16,20443.67,783359,3916,687.5511,632.2392,38.3,153.320435,0.0,306.676331,1.772544,,9.317959,0.931796,8e-06,0.869283,8.0,10.0,2.355273,5.542462,7.897735,92.102265,29.401679,0.480284,0.664951
2026-07-25 22:43:30,20457.21,783871,3919,752.6084,632.8032,38.3,222.787796,0.0,445.612122,1.826202,,10.098774,1.009877,1e-05,0.343606,1.0,9.0,1.964088,2.795588,4.759676,95.240324,30.441919,0.468961,0.664951
2026-07-25 22:43:43,20470.77,784383,3921,331.1194,629.3422,38.3,69.184219,-0.0,138.405807,1.868641,,4.330427,0.433043,8e-06,0.312249,2.0,5.0,0.022042,0.40621,0.428252,99.571748,31.563731,0.687633,0.66439
2026-07-25 22:43:57,20484.35,784895,3924,421.6287,628.7043,38.3,91.881371,-0.0,183.800858,1.905726,,5.864683,0.586468,5e-06,1.355995,8.0,10.0,2.422189,6.031046,8.453235,91.546765,28.633535,0.562589,0.66439
2026-07-25 22:44:10,20497.93,785407,3927,547.9962,629.9331,38.3,178.319443,-0.0,356.677429,1.926741,,7.927261,0.792726,7e-06,1.667865,9.0,10.0,5.31435,9.914482,15.228832,84.771168,26.900777,0.560696,0.66439
2026-07-25 22:44:24,20511.48,785919,3929,926.9014,635.2006,38.3,272.803467,0.0,545.645935,1.95006,,12.438101,1.24381,7e-06,0.140327,1.0,2.0,0.0,0.0,0.0,100.0,31.932781,0.507169,0.66439
2026-07-25 22:44:37,20524.97,786431,3932,855.9024,636.2793,38.3,262.914307,0.0,525.867981,1.969568,,11.445391,1.144539,8e-06,0.170386,1.0,2.0,0.0,0.0,0.0,100.0,32.03618,0.507221,0.663767
2026-07-25 22:44:51,20538.6,786943,3934,856.7509,636.9821,38.3,204.848267,0.0,409.736328,1.98941,,11.648496,1.16485,5e-06,0.652682,4.0,10.0,3.546352,5.051382,8.597734,91.402266,29.374719,0.505457,0.663767
2026-07-25 22:45:04,20552.14,787455,3937,671.549,637.4577,38.3,150.153351,-0.0,300.346832,2.006405,,9.053095,0.905309,9e-06,0.562933,3.0,8.0,1.293986,2.735369,4.029355,95.970645,30.796894,0.530425,0.663767
2026-07-25 22:45:18,20565.6,787967,3939,520.8381,634.5635,38.3,102.164185,0.0,204.368744,2.01836,,6.866923,0.686692,9e-06,0.636022,4.0,8.0,0.067013,1.574018,1.64103,98.35897,31.414166,0.61959,0.663767
2026-07-25 22:45:31,20579.03,788479,3942,443.3115,632.4691,38.3,96.520676,-0.0,193.082077,2.036666,,5.892994,0.589299,6e-06,0.905144,5.0,8.0,0.435463,2.242403,2.677866,97.322134,31.159587,0.61296,0.662911
2026-07-25 22:45:45,20592.46,788991,3944,615.585,633.5041,38.3,133.816513,0.0,267.673889,2.043594,,8.190497,0.81905,8e-06,0.8365,6.0,9.0,0.934709,3.037034,3.971743,96.028257,31.164873,0.46374,0.662911
2026-07-25 22:45:58,20605.95,789503,3947,795.2943,635.1046,38.3,248.282211,-0.0,496.605469,2.051666,,10.56934,1.056934,1.1e-05,0.308251,2.0,4.0,0.0,0.197239,0.197239,99.802761,32.367112,0.529984,0.662911
2026-07-25 22:46:12,20619.51,790015,3950,921.815,634.1648,38.3,316.457458,-0.0,632.956177,2.061797,,12.437214,1.243721,7e-06,0.226156,1.0,2.0,0.030947,0.411599,0.442546,99.557454,31.989708,0.577519,0.661869
2026-07-25 22:46:25,20633.08,790527,3952,730.0486,634.4279,38.3,212.64946,0.0,425.340332,2.069881,,10.364401,1.03644,7e-06,0.663925,4.0,10.0,3.975006,5.495824,9.47083,90.52917,29.10941,0.578432,0.661869
2026-07-25 22:46:39,20646.66,791039,3955,732.4053,635.2096,38.3,189.874588,0.0,379.79068,2.074558,,9.915775,0.991578,6e-06,1.03621,7.0,9.0,0.805087,3.781091,4.586179,95.413821,30.261613,0.550646,0.661869
2026-07-25 22:46:53,20660.23,791551,3957,624.2721,635.0506,38.3,135.522934,0.0,271.087433,2.078534,,8.163112,0.816311,8e-06,0.459854,3.0,6.0,0.0,0.532632,0.532632,99.467368,31.722408,0.478677,0.661869
2026-07-25 22:47:06,20673.72,792063,3960,339.4022,633.2941,38.3,134.094894,-0.0,268.231537,2.087706,,4.687903,0.46879,6e-06,1.06052,5.0,10.0,2.249051,4.187296,6.436347,93.563653,29.85793,0.58173,0.661181
2026-07-25 22:47:20,20687.27,792575,3962,427.9199,631.2292,38.3,91.97361,0.0,183.988998,2.089058,,5.796602,0.57966,7e-06,0.509749,2.0,9.0,2.077363,2.710951,4.788313,95.211687,30.644175,0.567151,0.661181
2026-07-25 22:47:33,20700.74,793087,3965,413.1814,627.4369,38.3,92.967575,-0.0,185.977036,2.094573,,5.464458,0.546446,7e-06,0.7664,4.0,8.0,0.402414,1.618944,2.021359,97.978641,31.523101,0.601982,0.661181
2026-07-25 22:47:47,20714.42,793599,3968,590.0162,628.0086,38.3,98.496315,0.0,197.034576,2.097577,,7.688534,0.768853,7e-06,0.246525,1.0,2.0,0.0,0.0,0.0,100.0,32.232136,0.487747,0.661181
2026-07-25 22:48:00,20727.96,794111,3970,518.8532,628.9572,38.3,100.322548,0.0,200.687134,2.101889,,6.945755,0.694575,6e-06,0.900437,5.0,9.0,1.357487,2.827707,4.185194,95.814806,30.481069,0.559034,0.660239
2026-07-25 22:48:14,20741.45,794623,3973,1022.7851,632.1333,38.3,407.688019,0.0,815.418091,2.102698,,13.99259,1.399259,9e-06,0.578225,3.0,7.0,0.18033,1.67942,1.85975,98.14025,31.070439,0.565583,0.660239
2026-07-25 22:48:27,20754.92,795135,3975,958.0777,635.2674,38.3,310.50061,-0.0,621.043335,2.10594,,13.254953,1.325495,8e-06,0.930261,6.0,10.0,0.707665,3.265907,3.973572,96.026428,30.650485,0.535598,0.660239
2026-07-25 22:48:41,20768.55,795647,3978,732.8279,636.2875,38.3,216.518616,0.0,433.079407,2.109449,,10.18703,1.018703,1e-05,0.554726,3.0,9.0,0.397291,1.800322,2.197613,97.802387,31.137804,0.622549,0.660239
2026-07-25 22:48:54,20782.13,796159,3980,530.955,632.9546,38.3,129.142319,0.0,258.326874,2.112523,,7.21193,0.721193,8e-06,0.545422,3.0,6.0,0.04055,0.728333,0.768883,99.231117,31.681838,0.739511,0.65925
2026-07-25 22:49:08,20795.63,796671,3983,719.8122,629.8298,38.3,127.018379,-0.0,254.079056,2.114884,,9.452243,0.945224,1e-05,0.37753,2.0,4.0,0.0,0.073012,0.073012,99.926988,32.043277,0.466076,0.65925
2026-07-25 22:49:21,20809.07,797183,3985,626.6503,627.221,38.3,122.57856,0.0,245.199493,2.118848,,8.296499,0.82965,1e-05,1.02813,6.0,9.0,0.122953,2.460631,2.583584,97.416416,30.805431,0.501991,0.65925
2026-07-25 22:49:35,20822.68,797695,3988,544.905,627.4477,38.3,136.434692,0.0,272.911774,2.119852,,7.1537,0.71537,7e-06,0.416203,2.0,5.0,0.0,0.286014,0.286014,99.713986,31.197843,0.594022,0.65925
2026-07-25 22:49:48,20836.13,798207,3991,544.9698,627.086,38.3,132.381744,-0.0,264.805908,2.121665,,7.209002,0.7209,9e-06,0.805631,4.0,8.0,0.084823,1.211084,1.295907,98.704093,31.293357,0.58161,0.658123
2026-07-25 22:50:02,20849.6,798719,3993,662.3795,627.4779,38.3,158.025772,0.0,316.094025,2.12456,,8.867973,0.886797,1e-05,0.664624,3.0,9.0,1.183776,2.542053,3.725829,96.274171,30.447861,0.530386,0.658123
2026-07-25 22:50:15,20863.09,799231,3996,657.7265,627.8931,38.3,193.890137,-0.0,387.822876,2.130594,,8.885976,0.888598,8e-06,1.140701,7.0,10.0,1.605932,4.532261,6.138192,93.861808,29.606584,0.549225,0.658123
2026-07-25 22:50:29,20876.69,799743,3998,864.014,630.0746,38.3,235.517426,0.0,471.077484,2.132344,,11.498967,1.149897,7e-06,0.980619,5.0,8.0,0.459284,2.60522,3.064503,96.935497,30.756872,0.555808,0.658123
2026-07-25 22:50:43,20890.19,800255,4001,957.3878,633.9604,38.3,283.123535,-0.0,566.289856,2.137953,,13.004497,1.30045,6e-06,1.060384,7.0,10.0,2.680615,5.457744,8.138358,91.861642,29.346174,0.511399,0.657312
2026-07-25 22:50:56,20903.64,800767,4003,478.3513,632.5254,38.3,123.327843,0.0,246.698532,2.142216,,6.885339,0.688534,5e-06,1.362869,9.0,10.0,5.988239,9.647806,15.636045,84.363955,26.716179,0.521894,0.657312
2026-07-25 22:51:10,20917.24,801279,4006,905.3925,634.833,38.3,296.250916,-0.0,592.544617,2.140597,,12.176205,1.217621,9e-06,0.560926,3.0,8.0,1.099639,1.487012,2.586651,97.413349,31.079031,0.543841,0.657312
2026-07-25 22:51:23,20930.95,801791,4008,652.1404,635.7971,38.3,139.129807,-0.0,278.30249,2.14416,,8.634862,0.863486,8e-06,0.845137,4.0,8.0,0.103512,1.246844,1.350355,98.649645,31.298395,0.600859,0.657312
2026-07-25 22:51:37,20944.48,802303,4011,573.8044,635.3834,38.3,120.758606,-0.0,241.560059,2.142485,,7.601006,0.760101,9e-06,0.451042,2.0,5.0,0.0,0.171335,0.171335,99.828665,31.696615,0.632135,0.656728
2026-07-25 22:51:50,20958.02,802815,4014,749.0654,636.3294,38.3,197.028839,0.0,394.100555,2.144502,,10.055216,1.005522,8e-06,0.443953,2.0,5.0,0.182361,0.569093,0.751454,99.248546,31.221579,0.625476,0.656728
2026-07-25 22:52:04,20971.59,803327,4016,446.8784,635.1106,38.3,125.013062,0.0,250.069092,2.148076,,6.469979,0.646998,6e-06,1.383894,9.0,10.0,5.630469,8.987574,14.618044,85.381956,27.47207,0.604296,0.656728
2026-07-25 22:52:17,20985.07,803839,4019,431.9762,634.8096,38.3,130.972885,-0.0,261.98877,2.150636,,6.058059,0.605806,4e-06,1.3604,8.0,10.0,3.270627,6.881586,10.152213,89.847787,28.375853,0.597687,0.656728
2026-07-25 22:52:31,20998.48,804351,4021,523.6243,636.4356,38.3,82.159897,0.0,164.362869,2.153591,,6.992821,0.699282,6e-06,1.066206,5.0,9.0,0.736418,2.689799,3.426218,96.573782,30.866186,0.484528,0.656229
2026-07-25 22:52:44,21011.92,804863,4024,537.3818,637.6516,38.3,91.143349,-0.0,182.329819,2.156141,,7.190286,0.719029,5e-06,0.895238,5.0,9.0,1.149819,3.075533,4.225352,95.774648,30.526282,0.523551,0.656229
2026-07-25 22:52:58,21025.35,805375,4026,641.7732,637.316,38.3,127.791458,0.0,255.626022,2.154968,,8.446276,0.844628,8e-06,0.577079,3.0,5.0,0.0,0.283004,0.283004,99.716996,31.997039,0.555937,0.656229
2026-07-25 22:53:11,21038.84,805887,4029,528.7767,634.7782,38.3,105.245911,-0.0,210.534943,2.155975,,7.122989,0.712299,7e-06,0.779823,4.0,10.0,1.715494,2.747924,4.463418,95.536582,30.388794,0.522592,0.656229
2026-07-25 22:53:25,21052.35,806399,4032,796.5033,634.5213,38.3,175.480698,-0.0,351.004486,2.153888,,10.472049,1.047205,1e-05,0.558054,3.0,5.0,0.026889,0.395419,0.422308,99.577692,31.291405,0.505236,0.655261
2026-07-25 22:53:38,21065.82,806911,4034,478.4549,634.4608,38.3,108.243027,-0.0,216.529129,2.153823,,6.265737,0.626574,9e-06,0.822548,4.0,6.0,0.0,1.008477,1.008477,98.991523,31.564872,0.60846,0.655261
2026-07-25 22:53:52,21079.28,807423,4037,402.3633,633.6556,38.3,130.419937,-0.0,260.882904,2.150917,,5.590047,0.559005,6e-06,1.17354,8.0,10.0,2.074927,6.092867,8.167794,91.832206,29.458588,0.635289,0.655261
2026-07-25 22:54:05,21092.78,807935,4039,536.3695,633.0595,38.3,104.531914,-0.0,209.106735,2.145161,,7.013528,0.701353,8e-06,0.224619,1.0,2.0,0.0,0.0,0.0,100.0,32.08629,0.517209,0.655261
2026-07-25 22:54:19,21106.3,808447,4042,499.9421,630.4742,38.3,128.358582,-0.0,256.760071,2.145079,,6.531062,0.653106,7e-06,0.492428,2.0,4.0,0.0,0.15382,0.15382,99.84618,31.994677,0.543155,0.654284
2026-07-25 22:54:32,21119.9,808959,4044,532.8243,628.4425,38.3,99.905655,-0.0,199.854156,2.142036,,6.963192,0.696319,3e-06,0.545551,2.0,5.0,0.0,0.454687,0.454687,99.545313,31.927103,0.54016,0.654284
2026-07-25 22:54:46,21133.52,809471,4047,434.4617,624.2918,38.3,114.523529,-0.0,229.089874,2.140597,,6.283758,0.628376,4e-06,1.074722,6.0,10.0,5.471144,7.051212,12.522356,87.477644,27.86555,0.515802,0.654284
2026-07-25 22:54:59,21147.0,809983,4049,611.6849,621.292,38.3,115.988235,0.0,232.019287,2.140456,,8.092442,0.809244,4e-06,0.462486,2.0,4.0,0.0,0.295145,0.295145,99.704855,32.235191,0.494865,0.654284
2026-07-25 22:55:13,21160.59,810495,4052,490.7668,619.5119,38.3,124.836121,0.0,249.715012,2.13876,,6.41694,0.641694,7e-06,0.484321,3.0,4.0,0.0,0.156182,0.156182,99.843818,32.241462,0.519306,0.653421
2026-07-25 22:55:26,21174.08,811007,4055,542.2972,619.9439,38.3,149.131897,-0.0,298.30658,2.139657,,7.180263,0.718026,6e-06,0.616523,3.0,9.0,0.497295,1.939136,2.436431,97.563569,31.114632,0.542402,0.653421
2026-07-25 22:55:40,21187.62,811519,4057,537.5402,619.722,38.3,123.733643,-0.0,247.510056,2.138332,,7.053233,0.705323,5e-06,0.30215,2.0,3.0,0.0,0.0,0.0,100.0,31.704304,0.546207,0.653421
2026-07-25 22:55:53,21201.16,812031,4060,453.7209,619.6702,38.3,105.418167,-0.0,210.879059,2.136589,,5.916624,0.591662,6e-06,0.400383,2.0,4.0,0.0,0.076622,0.076622,99.923378,31.85063,0.549654,0.652282
2026-07-25 22:56:07,21214.9,812543,4062,386.6418,619.7702,38.3,83.026031,-0.0,166.094803,2.137219,,5.099401,0.50994,5e-06,0.66403,4.0,8.0,0.273512,1.270101,1.543613,98.456387,31.231825,0.576162,0.652282
2026-07-25 22:56:21,21228.34,813055,4065,519.2664,621.3008,38.3,120.202629,0.0,240.447998,2.13671,,7.151913,0.715191,3e-06,1.169534,7.0,10.0,2.896662,6.145006,9.041668,90.958332,28.74398,0.448411,0.652282
2026-07-25 22:56:34,21241.78,813567,4067,752.0749,622.8964,38.3,160.159714,-0.0,320.362213,2.139767,,9.99166,0.999166,5e-06,0.708511,4.0,9.0,0.672119,2.14326,2.815379,97.184621,30.96806,0.458712,0.652282
2026-07-25 22:56:47,21255.12,814079,4070,671.621,623.8124,38.3,172.154541,-0.0,344.351959,2.144161,,8.931291,0.893129,7e-06,0.810647,5.0,9.0,1.074646,2.557565,3.632211,96.367789,30.620705,0.488062,0.651438
2026-07-25 22:57:01,21268.79,814591,4072,516.8314,624.2861,38.3,62.502289,-0.0,125.047508,2.146429,,7.019736,0.701974,6e-06,0.656563,4.0,9.0,1.467591,2.325253,3.792844,96.207156,30.620262,0.551465,0.651438
2026-07-25 22:57:15,21282.33,815103,4075,430.4874,622.6146,38.3,100.795593,-0.0,201.634186,2.149782,,5.971921,0.597192,5e-06,1.40757,7.0,10.0,1.409482,5.446362,6.855844,93.144156,29.703695,0.621027,0.651438
2026-07-25 22:57:28,21295.77,815615,4078,570.7092,620.8666,38.3,154.25325,0.0,308.549469,2.148987,,7.751618,0.775162,9e-06,0.436232,2.0,9.0,1.697851,2.701269,4.39912,95.60088,30.499502,0.538557,0.651438
2026-07-25 22:57:42,21309.24,816127,4080,569.3037,619.6177,38.3,105.882721,-0.0,211.808456,2.150583,,7.746594,0.774659,3e-06,1.510979,8.0,10.0,1.433956,6.709596,8.143553,91.856447,29.073883,0.530059,0.650783
2026-07-25 22:57:55,21322.7,816639,4083,484.0201,618.3178,38.3,125.526649,0.0,251.096344,2.15196,,6.797374,0.679737,3e-06,1.594109,9.0,10.0,2.101439,7.65569,9.757129,90.242871,28.665638,0.555933,0.650783
2026-07-25 22:58:09,21336.19,817151,4085,690.2758,619.2947,38.3,155.76442,0.0,311.571808,2.147814,,9.139863,0.913986,8e-06,0.59992,4.0,8.0,0.445041,1.833258,2.278299,97.721701,31.14225,0.467368,0.650783
2026-07-25 22:58:22,21349.74,817663,4088,626.1315,616.8192,38.3,172.241135,0.0,344.525238,2.147776,,8.251997,0.8252,8e-06,0.231253,1.0,4.0,0.225253,0.70861,0.933863,99.066137,31.695639,0.48542,0.650783
2026-07-25 22:58:36,21363.34,818175,4090,429.8864,613.2722,38.3,107.757782,-0.0,215.558548,2.149096,,5.618397,0.56184,6e-06,0.250753,1.0,3.0,0.0,0.0,0.0,100.0,32.024168,0.611825,0.649942
2026-07-25 22:58:49,21376.84,818687,4093,348.6429,612.2978,38.3,111.37886,0.0,222.800735,2.150883,,4.604783,0.460478,5e-06,0.640149,3.0,8.0,0.211475,1.583749,1.795224,98.204776,31.692465,0.6367,0.649942
2026-07-25 22:59:03,21390.26,819199,4096,747.9152,613.8258,38.3,135.050629,-0.0,270.144257,2.149952,,9.811458,0.981146,9e-06,0.520064,3.0,6.0,0.051156,0.829342,0.880497,99.119503,31.83651,0.42957,0.649942
2026-07-25 22:59:16,21403.76,819711,4098,388.1094,610.8541,38.3,108.079605,-0.0,216.202271,2.153372,,5.73427,0.573427,7e-06,1.830096,9.0,10.0,5.294348,10.678059,15.972407,84.027593,26.359053,0.539995,0.649942
2026-07-25 22:59:30,21417.3,820223,4101,291.3694,607.2107,38.3,114.194145,-0.0,228.431381,2.154412,,4.45114,0.445114,5e-06,1.79034,9.0,10.0,4.558065,10.63653,15.194596,84.805404,26.868853,0.609429,0.649342
2026-07-25 22:59:43,21430.78,820735,4103,904.8338,611.333,38.3,239.103424,0.0,478.249908,2.152705,,12.126459,1.212646,6e-06,0.325076,2.0,3.0,0.0,0.012534,0.012534,99.987466,31.831548,0.486875,0.649342
2026-07-25 22:59:57,21444.29,821247,4106,965.1025,615.8584,38.3,279.660797,-0.0,559.364624,2.152639,,13.005102,1.30051,6e-06,0.306039,2.0,4.0,0.0,0.065799,0.065799,99.934201,31.875182,0.487835,0.649342
2026-07-25 23:00:10,21457.72,821759,4108,729.8141,618.1836,38.3,134.233322,-0.0,268.509735,2.153848,,9.686016,0.968602,6e-06,0.762944,5.0,8.0,0.369828,1.872748,2.242576,97.757424,31.002888,0.473769,0.649342
2026-07-25 23:00:24,21471.2,822271,4111,670.1355,617.5966,38.3,187.338913,0.0,374.720917,2.15445,,9.11569,0.911569,6e-06,0.991185,7.0,10.0,0.766765,4.030231,4.796996,95.203004,30.013957,0.544096,0.648491
2026-07-25 23:00:37,21484.76,822783,4113,758.0603,617.7096,38.3,177.363541,0.0,354.770203,2.155407,,10.16651,1.016651,6e-06,0.897207,5.0,9.0,0.740495,2.971454,3.711949,96.288051,30.408261,0.511771,0.648491
2026-07-25 23:00:51,21498.39,823295,4116,760.3195,618.3119,38.3,177.620407,0.0,355.283936,2.156406,,10.498042,1.049804,6e-06,0.993648,8.0,10.0,2.076561,5.388645,7.465207,92.534793,29.228592,0.513643,0.648491
2026-07-25 23:01:04,21511.79,823807,4119,831.5163,623.437,38.3,236.234833,0.0,472.512787,2.155976,,11.139369,1.113937,7e-06,0.194153,1.0,2.0,0.0,0.0,0.0,100.0,31.65803,0.525745,0.648491
2026-07-25 23:01:18,21525.38,824319,4121,758.6657,628.9728,38.3,203.168945,-0.0,406.381012,2.156285,,10.06294,1.006294,6e-06,0.448713,2.0,7.0,0.051671,0.862744,0.914415,99.085585,31.617205,0.544029,0.647611
2026-07-25 23:01:31,21538.93,824831,4124,647.2795,631.1755,38.3,190.11142,0.0,380.266022,2.158653,,9.195641,0.919564,6e-06,0.982801,9.0,10.0,5.802552,8.792404,14.594956,85.405044,27.271674,0.518721,0.647611
2026-07-25 23:01:45,21552.42,825343,4126,378.7717,629.3303,38.3,86.691345,-0.0,173.425888,2.159785,,5.092454,0.509245,4e-06,0.690897,3.0,9.0,1.410683,2.459373,3.870056,96.129944,30.954608,0.579003,0.647611
2026-07-25 23:01:58,21565.95,825855,4129,591.8817,629.9404,38.3,206.757553,-0.0,413.558258,2.158278,,7.845242,0.784524,6e-06,0.389493,2.0,4.0,0.026488,0.163605,0.190093,99.809907,31.895935,0.586201,0.647611
2026-07-25 23:02:12,21579.53,826367,4131,800.2964,632.9087,38.3,264.110474,-0.0,528.264099,2.158351,,10.875716,1.087572,6e-06,0.515192,3.0,6.0,0.059644,0.670214,0.729858,99.270142,31.447338,0.576181,0.646876
2026-07-25 23:02:25,21593.16,826879,4134,676.371,633.6861,38.3,215.006042,0.0,430.055267,2.159523,,9.089315,0.908932,6e-06,0.679462,4.0,9.0,0.492286,2.053807,2.546093,97.453907,31.021999,0.622499,0.646876
2026-07-25 23:02:39,21606.74,827391,4136,558.3413,633.8854,38.3,102.135651,0.0,204.314499,2.160261,,7.599816,0.759982,5e-06,0.987426,6.0,10.0,2.940482,4.692493,7.632975,92.367025,29.179449,0.498738,0.646876
2026-07-25 23:02:53,21620.22,827903,4139,585.7857,632.8461,38.3,123.728424,0.0,247.500031,2.159387,,7.67407,0.767407,7e-06,0.270528,1.0,3.0,0.114469,0.233641,0.34811,99.65189,31.599891,0.477518,0.646876
2026-07-25 23:03:06,21633.78,828415,4142,565.5135,628.7963,38.3,138.108963,0.0,276.261139,2.161226,,8.113708,0.811371,3e-06,1.372278,8.0,10.0,7.262735,9.943642,17.206377,82.793623,26.378005,0.477587,0.645946
2026-07-25 23:03:20,21647.34,828927,4144,844.5082,629.1296,38.3,230.871613,0.0,461.786438,2.15997,,11.249143,1.124914,5e-06,0.277708,1.0,3.0,0.0,0.0,0.0,100.0,32.179675,0.5237,0.645946
2026-07-25 23:03:33,21660.95,829439,4147,435.6629,628.0604,38.3,176.040833,0.0,352.124939,2.162954,,6.223134,0.622313,5e-06,0.983429,8.0,10.0,4.969574,7.34904,12.318614,87.681386,27.964628,0.563884,0.645946
2026-07-25 23:03:47,21674.45,829951,4149,653.4022,628.6447,38.3,160.16658,0.0,320.376404,2.162493,,8.643731,0.864373,5e-06,0.720575,4.0,8.0,0.152559,1.204743,1.357302,98.642698,31.191932,0.49934,0.645946
2026-07-25 23:04:00,21687.82,830463,4152,576.3962,629.7179,38.3,160.015259,-0.0,320.073792,2.1634,,7.618431,0.761843,7e-06,0.534996,3.0,7.0,0.095418,1.015189,1.110607,98.889393,31.576823,0.534888,0.645513
2026-07-25 23:04:14,21701.34,830975,4154,754.6936,630.4991,38.3,167.803925,0.0,335.651184,2.166277,,10.106975,1.010697,7e-06,0.459863,2.0,6.0,0.003134,0.647214,0.650348,99.349652,31.593155,0.521437,0.645513
2026-07-25 23:04:27,21714.82,831487,4157,873.3374,631.745,38.3,232.393127,0.0,464.829681,2.170653,,11.752621,1.175262,7e-06,0.72779,4.0,9.0,0.235279,1.921448,2.156727,97.843273,31.100079,0.494774,0.645513
2026-07-25 23:04:41,21728.24,831999,4160,678.6217,630.7906,38.3,147.290115,0.0,294.623718,2.173938,,9.166455,0.916646,4e-06,0.857007,5.0,8.0,1.94983,3.240274,5.190104,94.809896,30.041762,0.487503,0.64452
2026-07-25 23:04:54,21741.77,832511,4162,717.9115,628.0469,38.3,164.836411,0.0,329.716309,2.174434,,9.478869,0.947887,8e-06,0.182005,1.0,2.0,0.0,0.0,0.0,100.0,32.048981,0.527406,0.64452
2026-07-25 23:05:08,21755.3,833023,4165,432.5726,622.3633,38.3,136.649109,-0.0,273.341797,2.179338,,5.68244,0.568244,6e-06,0.294283,2.0,3.0,0.261003,0.371308,0.632312,99.367688,31.839897,0.625164,0.64452
2026-07-25 23:05:21,21768.86,833535,4167,426.1734,618.6564,38.3,108.409752,0.0,216.863144,2.181676,,5.973428,0.597343,6e-06,0.863467,6.0,10.0,3.978593,5.904325,9.882918,90.117082,28.604953,0.5623,0.64452
2026-07-25 23:05:35,21782.36,834047,4170,542.6146,618.754,38.3,132.462936,-0.0,264.969574,2.184373,,7.394479,0.739448,6e-06,0.691039,6.0,10.0,1.064814,3.523766,4.58858,95.41142,30.349295,0.578673,0.643669
2026-07-25 23:05:48,21795.94,834559,4172,535.5151,617.2337,38.3,100.242279,0.0,200.528275,2.18557,,7.262189,0.726219,6e-06,0.759622,6.0,10.0,1.547632,3.765276,5.312908,94.687092,30.027508,0.579626,0.643669
2026-07-25 23:06:02,21809.49,835071,4175,487.7968,614.5856,38.3,103.416382,-0.0,206.876465,2.185335,,6.409246,0.640925,8e-06,0.289503,1.0,4.0,0.107914,0.408195,0.516109,99.483891,31.783688,0.572931,0.643669
2026-07-25 23:06:15,21823.0,835583,4177,627.8368,617.5527,38.3,116.054924,0.0,232.15361,2.187952,,8.383633,0.838363,7e-06,0.867721,5.0,9.89,1.646045,3.478465,5.124511,94.875489,30.17108,0.465004,0.643669
2026-07-25 23:06:29,21836.52,836095,4180,584.5658,619.1821,38.3,142.408264,-0.0,284.860321,2.189222,,7.76644,0.776644,5e-06,0.56889,3.0,9.0,0.651324,1.999159,2.650482,97.349518,31.130687,0.512144,0.642823
2026-07-25 23:06:42,21850.03,836607,4183,572.7959,619.4301,38.3,135.567184,-0.0,271.178192,2.191047,,7.731772,0.773177,6e-06,0.458137,2.0,8.0,2.00028,2.573341,4.573621,95.426379,30.547901,0.523397,0.642823
2026-07-25 23:06:56,21863.56,837119,4185,612.9712,616.2908,38.3,140.549881,0.0,281.143616,2.19218,,8.370699,0.83707,5e-06,1.125624,7.0,10.0,2.389173,5.735557,8.12473,91.87527,29.761847,0.509097,0.642823
2026-07-25 23:07:09,21877.04,837631,4188,821.7779,615.9496,38.3,179.354324,-0.0,358.752502,2.192594,,11.010744,1.101074,6e-06,0.824734,5.0,9.0,0.961717,2.908343,3.87006,96.12994,30.88494,0.472377,0.642823
2026-07-25 23:07:23,21890.47,838143,4190,873.2715,616.1148,38.3,231.300201,-0.0,462.644257,2.192814,,11.844968,1.184497,6e-06,0.425547,2.0,5.0,0.004658,0.313665,0.318323,99.681677,32.12473,0.542978,0.64203
2026-07-25 23:07:36,21903.95,838655,4193,590.2445,615.3017,38.3,164.002701,0.0,328.049286,2.19456,,7.912179,0.791218,5e-06,0.580096,3.0,6.0,0.0,0.681362,0.681362,99.318638,31.788535,0.598703,0.64203
2026-07-25 23:07:50,21917.54,839167,4195,661.3131,616.7065,38.3,194.040649,0.0,388.125214,2.195247,,8.828358,0.882836,6e-06,0.264442,1.0,3.0,0.0,0.003132,0.003132,99.996868,31.929928,0.6196,0.64203
2026-07-25 23:08:03,21931.04,839679,4198,608.6349,618.3597,38.3,167.910141,0.0,335.864227,2.196923,,8.180631,0.818063,5e-06,0.825288,4.0,7.0,0.065681,1.222926,1.288607,98.711393,31.376174,0.573979,0.64203
2026-07-25 23:08:17,21944.52,840191,4200,636.2059,618.5659,38.3,144.779922,-0.0,289.603821,2.198076,,8.842834,0.884283,4e-06,0.791191,5.0,10.0,4.281408,5.993346,10.274754,89.725246,28.562242,0.522243,0.64102
2026-07-25 23:08:30,21958.07,840703,4203,496.3547,615.5765,38.3,122.112991,0.0,244.269943,2.197957,,6.545349,0.654535,7e-06,0.501003,2.0,8.0,0.170887,0.92655,1.097437,98.902563,31.419578,0.583401,0.64102
2026-07-25 23:08:44,21971.71,841215,4206,530.8971,611.6673,38.3,166.050552,0.0,332.145111,2.200782,,6.920849,0.692085,9e-06,0.192905,1.0,2.0,0.0,0.072197,0.072197,99.927803,31.728402,0.530018,0.64102
2026-07-25 23:08:58,21985.23,841727,4208,562.5601,609.9925,38.3,107.44146,-0.0,214.92691,2.199757,,7.589015,0.758902,5e-06,0.615733,4.0,8.0,2.565945,3.298402,5.864347,94.135653,30.060967,0.503178,0.64102
2026-07-25 23:09:11,21998.79,842239,4211,743.4143,610.1025,38.3,170.640121,-0.0,341.324188,2.196531,,10.0719,1.00719,5e-06,0.617941,3.0,7.0,1.141716,1.799919,2.941635,97.058365,30.976868,0.523121,0.640156
2026-07-25 23:09:25,22012.27,842751,4213,765.1135,611.511,38.3,169.263779,0.0,338.571442,2.194192,,10.291582,1.029158,5e-06,1.037761,6.0,9.0,0.257624,2.736091,2.993715,97.006285,31.162641,0.494955,0.640156
2026-07-25 23:09:38,22025.72,843263,4216,627.1832,614.3888,38.3,139.076462,0.0,278.196716,2.189646,,8.322465,0.832247,7e-06,0.695637,4.0,8.0,0.356993,1.67272,2.029713,97.970287,31.371741,0.511251,0.640156
2026-07-25 23:09:52,22039.29,843775,4218,382.9946,613.9395,38.3,98.148796,0.0,196.341354,2.188375,,5.124083,0.512408,5e-06,0.920689,5.0,9.0,0.370232,2.459399,2.829631,97.170369,31.077757,0.62375,0.640156
2026-07-25 23:10:05,22052.93,844287,4221,381.1493,613.6192,38.3,119.216064,-0.0,238.475815,2.184158,,5.158182,0.515818,8e-06,0.522736,3.0,9.0,1.833771,2.877394,4.711165,95.288835,30.320901,0.54978,0.639261
2026-07-25 23:10:19,22066.46,844799,4224,546.1297,613.1803,38.3,92.77459,-0.0,185.59285,2.183902,,7.205659,0.720566,4e-06,0.472696,2.0,5.0,0.0,0.197731,0.197731,99.802269,31.709687,0.512367,0.639261
2026-07-25 23:10:32,22080.18,845311,4226,563.7592,613.6294,38.3,107.781586,-0.0,215.606812,2.181709,,7.54353,0.754353,5e-06,1.037276,7.0,10.0,0.656506,3.798359,4.454865,95.545135,30.390022,0.520683,0.639261
2026-07-25 23:10:46,22093.7,845823,4229,689.5973,610.2975,38.3,143.124786,0.0,286.293182,2.179734,,9.037518,0.903752,6e-06,0.336457,2.0,3.0,0.0,0.06563,0.06563,99.93437,31.958392,0.45079,0.639261
2026-07-25 23:11:00,22107.22,846335,4231,637.8599,607.0953,38.3,140.46814,0.0,280.979828,2.176972,,8.45173,0.845173,8e-06,0.462897,2.0,7.0,0.032674,0.533678,0.566352,99.433648,31.844956,0.496993,0.638186
2026-07-25 23:11:13,22120.72,846847,4234,465.7847,604.4249,38.3,134.243195,0.0,268.529968,2.178388,,6.511568,0.651157,6e-06,0.881295,6.0,10.0,3.29374,5.630378,8.924118,91.075882,29.010062,0.560551,0.638186
2026-07-25 23:11:27,22134.36,847359,4236,853.3551,607.6489,38.3,222.394501,0.0,444.832489,2.175134,,11.447124,1.144712,6e-06,0.312009,1.0,5.0,0.0,0.202631,0.202631,99.797369,31.989652,0.568006,0.638186
2026-07-25 23:11:40,22147.94,847871,4239,537.1883,605.8227,38.3,107.315773,0.0,214.675079,2.176426,,7.475266,0.747527,4e-06,0.682581,4.0,9.0,3.113771,3.779333,6.893104,93.106896,29.711873,0.566136,0.638186
2026-07-25 23:11:54,22161.33,848383,4241,282.9238,602.3854,38.3,100.274239,-0.0,200.59198,2.174852,,4.417128,0.441713,4e-06,0.65071,5.0,10.0,8.436927,8.756721,17.193648,82.806352,26.213451,0.561532,0.637377
2026-07-25 23:12:07,22174.77,848895,4244,317.336,600.1097,38.3,109.219254,-0.0,218.481979,2.173651,,4.600308,0.460031,3e-06,1.205104,8.0,10.0,4.379676,6.631725,11.0114,88.9886,28.437404,0.594425,0.637377
2026-07-25 23:12:21,22188.32,849407,4247,457.5978,599.236,38.3,123.855881,-0.0,247.755173,2.170394,,6.020946,0.602095,7e-06,0.223323,1.0,2.0,0.0,0.0,0.0,100.0,32.012253,0.608287,0.637377
2026-07-25 23:12:34,22201.87,849919,4249,514.9431,597.7616,38.3,103.967911,-0.0,207.979248,2.171387,,6.741134,0.674113,3e-06,0.457777,2.0,5.0,0.0,0.317712,0.317712,99.682288,31.944769,0.526328,0.637377
2026-07-25 23:12:48,22215.41,850431,4252,511.9508,596.3039,38.3,123.426918,-0.0,246.897263,2.171049,,6.800106,0.680011,6e-06,0.624017,4.0,8.0,0.971311,2.435272,3.406583,96.593417,30.900697,0.531743,0.636902
2026-07-25 23:13:01,22228.96,850943,4254,440.4887,592.0686,38.3,133.059204,0.0,266.161865,2.172887,,5.948395,0.59484,5e-06,0.736985,5.0,10.0,1.377466,3.478845,4.856312,95.143688,30.387063,0.600817,0.636902
2026-07-25 23:13:15,22242.66,851455,4257,574.0417,588.2352,38.3,161.065948,0.0,322.175385,2.174059,,7.57068,0.757068,6e-06,0.381965,2.0,6.0,0.133707,0.676398,0.810105,99.189895,31.507071,0.52005,0.636902
2026-07-25 23:13:29,22256.23,851967,4259,535.592,588.8076,38.3,89.738792,-0.0,179.521164,2.179068,,7.141553,0.714155,3e-06,0.921971,6.0,9.0,0.236551,2.827647,3.064198,96.935802,30.794883,0.532654,0.636902
2026-07-25 23:13:42,22269.75,852479,4262,844.8317,588.202,38.3,202.228806,0.0,404.501221,2.181046,,11.391642,1.139164,5e-06,0.326821,2.0,4.0,0.12206,0.342707,0.464767,99.535233,31.658495,0.526132,0.635989
2026-07-25 23:13:56,22283.27,852991,4264,892.1509,590.6021,38.3,211.064209,-0.0,422.172089,2.183344,,12.059415,1.205941,7e-06,0.181258,1.0,2.0,0.0,0.0,0.0,100.0,32.114624,0.50669,0.635989
2026-07-25 23:14:09,22296.78,853503,4267,434.9533,589.2135,38.3,103.336769,-0.0,206.717285,2.1874,,5.902523,0.590252,5e-06,0.65302,4.0,9.0,0.651263,2.094012,2.745275,97.254725,31.091328,0.654834,0.635989
2026-07-25 23:14:23,22310.24,854015,4270,409.7025,585.8199,38.3,86.476669,0.0,172.997131,2.189566,,5.512476,0.551248,3e-06,0.727888,4.0,8.0,1.312955,2.457663,3.770618,96.229382,30.529259,0.550158,0.634949
2026-07-25 23:14:36,22323.78,854527,4272,441.9481,585.7706,38.3,76.009689,-0.0,152.063202,2.1909,,5.967455,0.596746,6e-06,0.497105,2.0,9.0,1.961743,2.862189,4.823932,95.176068,30.065766,0.529761,0.634949
2026-07-25 23:14:50,22337.29,855039,4275,485.68,586.3076,38.3,107.62075,-0.0,215.285355,2.192849,,6.468468,0.646847,7e-06,0.201142,1.0,2.0,0.025195,0.159045,0.18424,99.81576,31.707174,0.617856,0.634949
2026-07-25 23:15:03,22350.8,855551,4277,440.2216,585.4736,38.3,82.586594,-0.0,165.217102,2.195469,,5.994439,0.599444,5e-06,0.801765,5.0,8.0,2.179606,3.352516,5.532122,94.467878,29.938029,0.530204,0.634949
2026-07-25 23:15:17,22364.26,856063,4280,490.8048,585.0079,38.3,116.545685,-0.0,233.135361,2.199895,,6.522862,0.652286,3e-06,0.693356,4.0,7.0,0.052807,1.20525,1.258057,98.741943,31.687773,0.587902,0.634039
2026-07-25 23:15:30,22377.73,856575,4282,664.6876,585.237,38.3,125.234344,0.0,250.512741,2.202336,,8.847063,0.884706,4e-06,0.368137,2.0,3.0,0.0,0.0,0.0,100.0,32.084666,0.550752,0.634039
2026-07-25 23:15:44,22391.2,857087,4285,896.0482,588.9097,38.3,226.953247,-0.0,453.950592,2.205335,,12.139872,1.213987,6e-06,0.87174,5.0,7.0,0.134963,1.242918,1.377882,98.622118,31.274953,0.559154,0.634039
2026-07-25 23:15:57,22404.75,857599,4288,878.0929,589.7256,38.3,225.3349,0.0,450.713959,2.207229,,12.032341,1.203234,6e-06,0.934048,6.0,8.0,0.143397,2.176174,2.319571,97.680429,30.828865,0.529108,0.634039
2026-07-25 23:16:11,22418.32,858111,4290,543.4209,590.3753,38.3,99.893669,-0.0,199.831543,2.210599,,7.336285,0.733629,4e-06,0.91096,5.0,9.0,0.666406,2.527962,3.194368,96.805632,30.741838,0.516779,0.632995
2026-07-25 23:16:24,22431.87,858623,4293,661.8343,592.97,38.3,131.836807,-0.0,263.717865,2.213038,,9.08461,0.908461,5e-06,0.814453,6.0,10.0,1.373908,3.92745,5.301358,94.698642,30.357759,0.514,0.632995
2026-07-25 23:16:38,22445.52,859135,4295,643.8118,594.0444,38.3,127.717911,-0.0,255.480103,2.214171,,8.533448,0.853345,6e-06,0.280206,2.0,3.0,0.0,0.0,0.0,100.0,31.83671,0.502619,0.632995
2026-07-25 23:16:51,22459.13,859647,4298,554.9022,594.594,38.3,117.701218,0.0,235.446762,2.216404,,7.310454,0.731045,7e-06,0.46457,3.0,7.0,0.023475,1.01097,1.034445,98.965555,31.56906,0.524244,0.632995
2026-07-25 23:17:05,22472.73,860159,4300,606.8854,595.3346,38.3,108.60704,-0.0,217.258423,2.217168,,8.205505,0.82055,7e-06,0.625298,4.0,9.0,1.456892,3.081707,4.538599,95.461401,30.614724,0.506611,0.632053
2026-07-25 23:17:19,22486.4,860671,4303,846.0939,599.4509,38.3,233.774902,-0.0,467.594147,2.217342,,11.704618,1.170462,7e-06,0.425796,2.0,10.0,2.333581,2.840275,5.173856,94.826144,30.524638,0.549204,0.632053
2026-07-25 23:17:32,22499.94,861183,4305,653.5234,599.8693,38.3,131.504929,0.0,263.054199,2.217664,,8.834853,0.883485,6e-06,0.560061,3.0,9.0,1.344624,2.222429,3.567053,96.432947,30.988689,0.495542,0.632053
2026-07-25 23:17:46,22513.48,861695,4308,256.7664,597.5293,38.3,132.518295,-0.0,265.080963,2.218602,,3.836563,0.383656,5e-06,1.064947,8.0,10.0,4.735046,7.347969,12.083015,87.916985,28.038724,0.642981,0.632053
2026-07-25 23:17:59,22527.03,862207,4311,459.3962,596.7003,38.3,137.799469,0.0,275.64328,2.217464,,6.005656,0.600566,6e-06,0.300636,2.0,3.0,0.0,0.071954,0.071954,99.928046,31.847998,0.592737,0.631375
2026-07-25 23:18:13,22540.49,862719,4313,335.8285,594.6832,38.3,100.91291,0.0,201.870163,2.217026,,4.494026,0.449403,4e-06,0.963305,5.0,9.0,0.616632,2.621079,3.237711,96.762289,30.624526,0.632674,0.631375
2026-07-25 23:18:26,22554.0,863231,4316,320.4527,593.3505,38.3,139.890717,0.0,279.825775,2.216428,,4.20082,0.420082,5e-06,0.514641,3.0,6.0,0.17184,0.649525,0.821365,99.178635,31.335361,0.661122,0.631375
2026-07-25 23:18:40,22567.51,863743,4318,358.3891,593.068,38.3,91.308884,-0.0,182.662079,2.215679,,4.853726,0.485373,3e-06,0.999067,6.0,9.0,1.254806,3.702707,4.957514,95.042486,30.023705,0.576534,0.631375
2026-07-25 23:18:53,22581.04,864255,4321,297.8246,590.8536,38.3,125.233063,0.0,250.510406,2.214293,,4.219782,0.421978,6e-06,1.034468,7.0,10.0,2.161265,5.467194,7.628458,92.371542,28.806308,0.661973,0.630486
2026-07-25 23:19:07,22594.43,864767,4323,281.0721,586.1435,38.3,108.076126,0.0,216.196518,2.213301,,4.072612,0.407261,5e-06,0.823147,7.0,10.0,3.927559,6.201575,10.129134,89.870866,28.464081,0.643797,0.630486
2026-07-25 23:19:20,22607.87,865279,4326,313.7487,582.5648,38.3,117.762787,-0.0,235.569824,2.212791,,4.169769,0.416977,5e-06,0.500056,3.0,5.0,0.655784,1.042368,1.698152,98.301848,31.332414,0.686719,0.630486
2026-07-25 23:19:34,22621.33,865791,4328,795.2707,585.3492,38.3,178.35849,0.0,356.7612,2.210958,,10.545903,1.05459,8e-06,0.277828,2.0,3.0,0.0,0.0,0.0,100.0,31.927854,0.440036,0.630486
2026-07-25 23:19:47,22634.86,866303,4331,1014.1464,591.1858,38.3,297.584259,-0.0,595.212708,2.210191,,14.020672,1.402067,8e-06,1.054799,6.0,9.0,0.582421,3.442999,4.02542,95.97458,30.482303,0.51145,0.629686
2026-07-25 23:20:01,22648.41,866815,4334,1169.173,597.1704,38.3,397.270355,-0.0,794.5849,2.209555,,16.450428,1.645043,7e-06,0.171173,1.0,2.0,0.0,0.0,0.0,100.0,32.143385,0.52098,0.629686
2026-07-25 23:20:14,22661.9,867327,4336,781.9995,599.2974,38.3,160.90213,-0.0,321.84845,2.209097,,10.272884,1.027288,6e-06,0.236545,1.0,2.0,0.0,0.0,0.0,100.0,32.108352,0.494916,0.629686
2026-07-25 23:20:28,22675.37,867839,4339,596.4052,600.4212,38.3,177.74675,0.0,355.537689,2.208944,,8.26533,0.826533,6e-06,0.927085,6.0,10.0,3.175943,5.36253,8.538472,91.461528,29.044177,0.545529,0.629686
2026-07-25 23:20:41,22688.93,868351,4341,572.251,599.241,38.3,149.551285,-0.0,299.146729,2.208186,,7.626005,0.7626,7e-06,0.847637,5.0,8.0,0.166246,1.726761,1.893007,98.106993,31.061167,0.575839,0.628772
2026-07-25 23:20:55,22702.62,868863,4344,533.9994,598.3197,38.3,161.501831,0.0,323.047821,2.207832,,7.120481,0.712048,8e-06,0.540054,3.0,8.0,0.768054,1.7916,2.559654,97.440346,30.916927,0.583966,0.628772
2026-07-25 23:21:09,22716.18,869375,4346,617.5243,600.1961,38.3,119.871376,0.0,239.786987,2.211754,,8.248286,0.824829,6e-06,0.610082,3.0,9.0,0.857071,1.953617,2.810688,97.189312,30.769126,0.48101,0.628772
2026-07-25 23:21:22,22729.66,869887,4349,636.9673,603.0793,38.3,110.142258,0.0,220.328766,2.212457,,8.424908,0.842491,6e-06,0.454318,2.0,6.0,0.056799,0.473328,0.530127,99.469873,31.418791,0.487132,0.628772
2026-07-25 23:21:35,22743.1,870399,4352,740.2844,603.003,38.3,148.101669,0.0,296.247528,2.209882,,9.846703,0.98467,8e-06,0.273959,1.0,5.0,0.0,0.122926,0.122926,99.877074,31.694402,0.480522,0.627733
2026-07-25 23:21:49,22756.54,870911,4354,744.2861,606.5648,38.3,170.891373,0.0,341.826904,2.207477,,10.160035,1.016004,6e-06,0.533223,3.0,7.0,0.0,0.879752,0.879752,99.120248,31.477639,0.532787,0.627733
2026-07-25 23:22:02,22770.02,871423,4357,894.4531,612.5956,38.3,284.414551,0.0,568.873169,2.202897,,12.232004,1.2232,1e-05,0.177614,1.0,2.0,0.0,0.0,0.0,100.0,31.909304,0.491726,0.627733
2026-07-25 23:22:16,22783.51,871935,4359,500.1039,608.5483,38.3,106.617249,-0.0,213.278488,2.199387,,6.552354,0.655235,6e-06,0.450767,3.0,7.0,0.0,0.710993,0.710993,99.289007,31.722732,0.567058,0.627733
2026-07-25 23:22:29,22796.91,872447,4362,439.6452,603.2937,38.3,147.884567,0.0,295.81311,2.199133,,6.240843,0.624084,6e-06,0.742153,5.0,10.0,5.563548,6.614336,12.177883,87.822117,27.891248,0.554544,0.62657
2026-07-25 23:22:43,22810.35,872959,4364,705.1379,603.047,38.3,140.611526,-0.0,281.266968,2.195984,,9.536616,0.953662,7e-06,0.970761,6.0,10.0,1.190123,3.770024,4.960147,95.039853,30.33714,0.487251,0.62657
2026-07-25 23:22:56,22823.78,873471,4367,573.5677,602.0813,38.3,145.309692,0.0,290.663269,2.194288,,7.528978,0.752898,6e-06,0.374739,2.0,5.0,0.05002,0.412668,0.462688,99.537312,31.852492,0.515822,0.62657
2026-07-25 23:23:10,22837.22,873983,4369,541.586,599.9165,38.3,92.0979,0.0,184.2397,2.194656,,7.069296,0.70693,5e-06,0.376943,2.0,3.0,0.0,0.0,0.0,100.0,31.943024,0.513867,0.62657
2026-07-25 23:23:23,22850.73,874495,4372,355.6285,595.8696,38.3,114.143761,0.0,228.331406,2.194232,,4.900167,0.490017,6e-06,0.876546,6.0,10.0,2.256409,4.667897,6.924306,93.075694,29.824973,0.625623,0.625802
2026-07-25 23:23:37,22864.33,875007,4375,537.6761,592.9312,38.3,166.966751,-0.0,333.977356,2.191959,,7.362842,0.736284,6e-06,0.534471,3.0,9.0,2.236828,3.806999,6.043827,93.956173,29.886013,0.556954,0.625802
2026-07-25 23:23:50,22877.84,875519,4377,511.8121,590.4627,38.3,110.046356,0.0,220.136505,2.189964,,6.766254,0.676625,5e-06,1.081288,5.0,8.0,0.263602,2.231939,2.495541,97.504459,30.72799,0.547547,0.625802
2026-07-25 23:24:04,22891.41,876031,4380,533.5029,589.3249,38.3,120.703445,-0.0,241.450607,2.185517,,7.016582,0.701658,7e-06,0.390608,2.0,6.0,0.394391,0.971892,1.366283,98.633717,31.519915,0.509488,0.625001
2026-07-25 23:24:17,22905.03,876543,4382,508.4805,590.622,38.3,118.811531,0.0,237.66629,2.161517,,6.806311,0.680631,6e-06,0.559169,4.0,9.0,1.412765,2.823967,4.236732,95.763268,30.568972,0.548447,0.625001
2026-07-25 23:24:31,22918.6,877055,4385,494.4745,589.6479,38.3,118.182991,-0.0,236.408691,2.135449,,6.972221,0.697222,5e-06,1.319968,8.0,10.0,4.374133,8.47381,12.847942,87.152058,27.666015,0.513215,0.625001
2026-07-25 23:24:44,22932.17,877567,4387,705.0344,588.6953,38.3,176.069443,-0.0,352.180878,2.100236,,9.291559,0.929156,1e-05,0.435819,2.0,7.0,0.078333,1.076296,1.154629,98.845371,31.520796,0.46377,0.625001
2026-07-25 23:24:58,22945.68,878079,4390,508.2972,587.0146,38.3,115.579475,0.0,231.200317,2.068469,,6.710477,0.671048,1.1e-05,0.448256,2.0,7.0,0.027967,0.762884,0.790852,99.209148,31.830743,0.576476,0.624254
2026-07-25 23:25:12,22959.24,878591,4392,552.7944,586.9591,38.3,102.614693,0.0,205.270142,2.037677,,7.475601,0.74756,9e-06,1.376094,8.0,10.0,0.909316,5.160021,6.069337,93.930663,30.006684,0.571442,0.624254
2026-07-25 23:25:25,22972.86,879103,4395,713.3171,588.2344,38.3,163.7005,0.0,327.441101,2.005358,,9.338394,0.933839,1.8899,0.173761,1.0,3.0,0.035742,0.105672,0.141414,99.858586,32.090812,0.52711,0.624254
2026-07-25 23:25:39,22986.37,879615,4398,492.8527,587.5078,38.3,148.079071,-0.0,296.197815,1.983531,,6.801656,0.680166,0.407775,1.255371,8.0,10.0,2.869427,6.538892,9.408319,90.591681,28.524962,0.552463,0.624254
2026-07-25 23:25:52,23000.06,880127,4400,591.9475,584.9822,38.3,116.358719,0.0,232.756546,1.955131,,7.922926,0.792293,1.030424,0.91523,6.0,10.0,1.333124,3.624529,4.957654,95.042346,30.124679,0.471306,0.623552
2026-07-25 23:26:06,23013.53,880639,4403,521.2796,585.8384,38.3,153.804459,0.0,307.647461,1.926715,,7.128883,0.712888,0.265244,0.551729,3.0,9.0,3.203301,3.66581,6.869112,93.130888,29.785274,0.54333,0.623552
2026-07-25 23:26:19,23027.13,881151,4405,636.4842,585.6692,38.3,135.828918,0.0,271.696014,1.908854,,8.32249,0.832249,1.8849,0.428191,2.0,6.0,0.065794,0.628172,0.693966,99.306034,31.701118,0.503334,0.623552
2026-07-25 23:26:33,23040.61,881663,4408,589.6396,585.8016,38.3,134.180496,0.0,268.398773,1.889629,,7.754446,0.775445,1.8728,0.278442,2.0,5.0,0.295059,0.736079,1.031138,98.968862,31.454645,0.508616,0.623552
2026-07-25 23:26:46,23054.07,882175,4410,313.9616,581.3943,38.3,113.415634,-0.0,226.868942,1.883664,,5.179154,0.517915,0.133712,2.382583,10.0,10.0,10.907322,15.760077,26.667399,73.332601,22.98196,0.586417,0.623058
2026-07-25 23:27:00,23067.52,882687,4413,573.0761,578.3917,38.3,129.126358,-0.0,258.290039,1.865678,,7.70928,0.770928,0.962306,0.783455,6.0,10.0,1.188165,3.522229,4.710394,95.289606,30.286926,0.580441,0.623058
2026-07-25 23:27:13,23081.01,883199,4416,606.3126,577.6686,38.3,102.10318,0.0,204.243454,1.854554,,8.222061,0.822206,0.604933,0.843244,7.0,10.0,2.353904,4.884036,7.237939,92.762061,29.365811,0.538168,0.623058
2026-07-25 23:27:27,23094.52,883711,4418,609.9835,576.5893,38.3,118.0662,-0.0,236.169296,1.844517,,8.082399,0.80824,0.601013,0.484426,2.0,5.0,1.358602,1.675504,3.034106,96.965894,30.784731,0.505351,0.623058
2026-07-25 23:27:40,23108.04,884223,4421,561.9317,577.8829,38.3,183.354111,-0.0,366.744965,1.836578,,7.605272,0.760527,0.60755,0.977512,7.0,10.0,1.917868,4.388368,6.306236,93.693764,29.931422,0.571592,0.622464
2026-07-25 23:27:54,23121.61,884735,4423,935.0521,582.9717,38.3,301.492706,0.0,603.021912,1.823672,,12.459198,1.24592,1.90895,0.318993,2.0,4.0,0.0,0.163076,0.163076,99.836924,32.066529,0.603047,0.622464
2026-07-25 23:28:07,23135.03,885247,4426,511.4083,582.6596,38.3,138.360138,-0.0,276.756683,1.819723,,7.093252,0.709325,0.764979,1.155616,8.0,10.0,3.553442,7.103765,10.657207,89.342793,28.528077,0.587722,0.622464
2026-07-25 23:28:21,23148.55,885759,4428,415.5116,581.4596,38.3,108.013969,-0.0,216.064255,1.815583,,5.965684,0.596568,0.17008,0.3523,1.0,10.0,6.90829,6.372679,13.280969,86.719031,27.690398,0.547674,0.622464
2026-07-25 23:28:34,23162.11,886271,4431,417.0128,580.7518,38.3,134.826645,-0.0,269.689484,1.809002,,5.598615,0.559862,0.721443,0.914864,6.0,9.0,1.107392,3.200175,4.307567,95.692433,30.318358,0.595808,0.62195
2026-07-25 23:28:48,23175.67,886783,4433,455.4075,579.0275,38.3,135.810577,-0.0,271.657288,1.806141,,6.961869,0.696187,0.225263,1.912075,10.0,10.0,10.081063,13.763471,23.844535,76.155465,23.915024,0.47633,0.62195
2026-07-25 23:29:01,23189.15,887295,4436,799.3287,581.1751,38.3,214.39035,-0.0,428.816711,1.801126,,10.762039,1.076204,1.096852,0.880982,6.0,10.0,1.688836,4.246261,5.935098,94.064902,30.060258,0.548,0.62195
2026-07-25 23:29:15,23202.54,887807,4439,866.4787,584.1119,38.3,235.676361,-0.0,471.388672,1.797519,,11.355994,1.135599,1.909509,0.316925,2.0,5.0,0.0,0.343155,0.343155,99.656845,31.804013,0.534016,0.62195
2026-07-25 23:29:28,23216.03,888319,4441,588.2292,583.8645,38.3,138.055786,0.0,276.14743,1.792744,,8.129572,0.812957,0.096663,1.143317,7.0,10.0,4.595476,6.596631,11.192108,88.807892,28.309134,0.54786,0.621818
2026-07-25 23:29:42,23229.58,888831,4444,594.1968,581.5887,38.3,178.590332,-0.0,357.216461,1.789321,,7.789084,0.778908,1.91595,0.32256,2.0,5.0,0.0,0.351842,0.351842,99.648158,31.668217,0.556947,0.621818
2026-07-25 23:29:55,23242.97,889343,4446,831.7238,581.1732,38.3,233.467758,0.0,466.971252,1.787055,,11.104316,1.110432,1.90295,0.385764,2.0,7.0,0.173149,0.750838,0.923987,99.076013,31.439596,0.567701,0.621818
2026-07-25 23:30:09,23256.33,889855,4449,852.2073,583.7929,38.3,272.309784,-0.0,544.655334,1.788974,,11.516357,1.151636,1.539291,0.672841,5.0,9.0,0.59609,2.42368,3.01977,96.98023,30.675148,0.59068,0.621818
2026-07-25 23:30:22,23269.78,890367,4451,613.1936,583.3117,38.3,134.367432,-0.0,268.770599,1.787011,,8.189065,0.818906,0.843413,0.515949,2.0,9.0,1.289837,2.333318,3.623154,96.376846,30.644206,0.572924,0.620861
2026-07-25 23:30:36,23283.26,890879,4454,575.7731,582.983,38.3,118.516792,-0.0,237.069336,1.787511,,7.511302,0.75113,1.909,0.178059,1.0,2.0,0.0,0.0,0.0,100.0,31.863294,0.565943,0.620861
2026-07-25 23:30:49,23296.75,891391,4456,577.8874,582.3999,38.3,137.510773,-0.0,275.057343,1.789636,,8.143752,0.814375,0.167613,1.027195,8.0,10.0,5.914782,8.389398,14.30418,85.69582,27.313808,0.486266,0.620861
2026-07-25 23:31:03,23310.28,891903,4459,635.7223,583.7935,38.3,184.791183,0.0,369.618164,1.790088,,8.502394,0.850239,1.233805,1.064401,6.0,9.0,0.444051,2.988806,3.432857,96.567143,30.906825,0.590105,0.620861
2026-07-25 23:31:16,23323.85,892415,4462,798.7711,586.4723,38.3,248.7146,0.0,497.464935,1.787479,,10.516603,1.05166,1.768738,0.450044,2.0,4.0,0.0,0.048364,0.048364,99.951636,31.909531,0.62871,0.620104
2026-07-25 23:31:30,23337.52,892927,4464,864.6995,589.4937,38.3,237.718872,-0.0,475.47345,1.785657,,11.598757,1.159876,1.760443,0.630603,3.0,7.0,0.040273,0.918525,0.958798,99.041202,31.971528,0.57909,0.620104
2026-07-25 23:31:43,23351.06,893439,4467,752.8611,589.5881,38.3,192.212677,0.0,384.461029,1.783722,,9.986407,0.998641,1.906,0.502893,3.0,9.0,0.324297,1.879063,2.203361,97.796639,31.375342,0.494323,0.620104
2026-07-25 23:31:57,23364.57,893951,4469,443.0964,586.368,38.3,106.429131,0.0,212.894028,1.788265,,6.029056,0.602906,1.386895,1.263427,8.0,10.0,1.454016,5.380955,6.834972,93.165028,29.545263,0.573778,0.620104
2026-07-25 23:32:10,23378.13,894463,4472,425.3227,584.3494,38.3,135.589172,0.0,271.214172,1.79062,,5.96033,0.596033,0.747619,1.474589,9.0,10.0,2.546096,8.22918,10.775275,89.224725,28.611441,0.621873,0.619188
2026-07-25 23:32:24,23391.62,894975,4474,672.4965,587.2444,38.3,202.61676,0.0,405.269348,1.79088,,8.857208,0.885721,1.881,0.351774,2.0,6.0,0.041597,0.497627,0.539225,99.460775,32.204929,0.600293,0.619188
2026-07-25 23:32:38,23405.2,895487,4477,572.5636,589.1585,38.3,171.596558,-0.0,343.228943,1.791668,,7.509619,0.750962,1.873,0.384167,2.0,7.0,0.28793,0.874627,1.162557,98.837443,31.904051,0.577299,0.619188
2026-07-25 23:32:51,23418.71,895999,4480,548.9878,589.1871,38.3,119.993729,0.0,240.023315,1.792676,,7.480271,0.748027,0.821154,0.711971,4.0,10.0,3.054005,4.720957,7.774962,92.225038,29.5711,0.500793,0.618424
2026-07-25 23:33:05,23432.31,896511,4482,716.4228,590.7137,38.3,154.826401,0.0,309.688599,1.789844,,9.611301,0.96113,0.373221,0.504006,3.0,9.0,3.066373,3.388163,6.454536,93.545464,29.866116,0.529043,0.618424
2026-07-25 23:33:18,23445.85,897023,4485,668.2726,590.5005,38.3,142.955688,0.0,285.947235,1.79273,,9.03963,0.903963,1.069064,0.737878,5.0,10.0,1.265166,3.56604,4.831206,95.168794,30.039778,0.590154,0.618424
2026-07-25 23:33:32,23459.37,897535,4487,442.4888,588.5468,38.3,95.603348,0.0,191.242538,1.792444,,6.036132,0.603613,0.514916,0.524488,3.0,9.0,3.164737,3.465237,6.629974,93.370026,29.457264,0.597455,0.618424
2026-07-25 23:33:45,23472.88,898047,4490,574.9251,589.6382,38.3,151.768906,0.0,303.573517,1.785984,,7.548827,0.754883,1.362329,0.393774,2.0,6.0,0.48709,0.833885,1.320975,98.679025,31.243322,0.457089,0.617679
2026-07-25 23:33:59,23486.46,898559,4492,911.6822,590.2215,38.3,251.731934,0.0,503.499969,1.805306,,12.372816,1.237282,0.390553,0.636454,4.0,10.0,3.316921,4.930051,8.246971,91.753029,29.305125,0.508365,0.617679
2026-07-25 23:34:12,23499.9,899071,4495,645.0513,591.3001,38.3,174.761795,-0.0,349.559906,1.815477,,8.942643,0.894264,0.591124,0.886209,7.0,10.0,3.608969,6.211904,9.820873,90.179127,28.868858,0.522196,0.617679
2026-07-25 23:34:26,23513.4,899583,4497,441.0346,592.8812,38.3,105.510239,-0.0,211.056808,1.816736,,5.949731,0.594973,0.912521,0.462105,2.0,10.0,1.568969,2.563584,4.132553,95.867447,30.688465,0.666953,0.617679
2026-07-25 23:34:39,23526.85,900095,4500,317.3441,592.8813,38.3,118.439827,-0.0,236.915878,1.811115,,4.301521,0.430152,1.594823,0.793689,6.0,10.0,1.073848,3.502828,4.576677,95.423323,30.579539,0.716893,0.617155
2026-07-25 23:34:53,23540.3,900607,4503,591.4962,594.2203,38.3,113.032074,-0.0,226.10025,1.805107,,8.076997,0.8077,1.186123,0.895037,7.0,10.0,3.191687,5.542478,8.734165,91.265835,29.245239,0.519646,0.617155
2026-07-25 23:35:06,23553.84,901119,4505,588.7532,594.9584,38.3,88.855652,-0.0,177.747147,1.792202,,8.023821,0.802382,0.408159,1.54879,9.0,10.0,1.991281,7.359489,9.350771,90.649229,28.859065,0.508251,0.617155
2026-07-25 23:35:20,23567.33,901631,4508,630.4245,596.1431,38.3,210.701843,0.0,421.43927,1.77901,,8.424183,0.842418,1.861,0.589432,3.0,9.0,0.579387,1.753863,2.33325,97.66675,31.110874,0.564228,0.617155
2026-07-25 23:35:33,23580.86,902143,4510,532.0852,597.0591,38.3,107.710556,-0.0,215.456421,1.765675,,6.97754,0.697754,1.902,0.311708,2.0,4.0,0.0,0.228311,0.228311,99.771689,31.662214,0.649241,0.616441
2026-07-25 23:35:47,23594.24,902655,4513,667.0446,597.9891,38.3,135.363953,-0.0,270.763092,1.75995,,8.73523,0.873523,1.90585,0.490747,3.0,7.0,0.0,0.777906,0.777906,99.222094,31.63866,0.56208,0.616441
2026-07-25 23:36:00,23607.84,903167,4515,687.9572,599.5127,38.3,128.797775,-0.0,257.630615,1.753468,,9.089551,0.908955,1.090247,1.039139,5.0,8.0,0.491075,2.290124,2.781199,97.218801,31.037274,0.517102,0.616441
2026-07-25 23:36:14,23621.32,903679,4518,493.1415,595.9958,38.3,124.603828,-0.0,249.242676,1.75081,,6.476764,0.647676,1.836,0.730345,4.0,7.0,0.213542,0.944573,1.158115,98.841885,31.566513,0.569836,0.616441
2026-07-25 23:36:27,23635.02,904191,4520,367.7716,590.752,38.3,79.160294,0.0,158.355453,1.743353,,4.866016,0.486602,1.695476,0.878587,4.0,9.0,0.301789,1.862334,2.164123,97.835877,31.156622,0.671361,0.615389
2026-07-25 23:36:41,23648.53,904703,4523,482.955,591.2321,38.3,98.237892,0.0,196.510483,1.735237,,6.358103,0.63581,1.285417,0.776721,5.0,9.0,0.151788,1.891871,2.043659,97.956341,31.083623,0.547411,0.615389
2026-07-25 23:36:54,23661.98,905215,4526,447.7093,591.6121,38.3,128.992859,0.0,258.020355,1.732146,,6.019295,0.601929,1.016839,1.299399,7.0,9.0,0.898035,4.092092,4.990126,95.009874,30.208407,0.616398,0.615389
2026-07-25 23:37:08,23675.35,905727,4528,525.0723,592.4434,38.3,117.752823,0.0,235.540115,1.723193,,6.871704,0.68717,1.895,0.373519,2.0,3.0,0.0,0.125063,0.125063,99.874937,31.868797,0.562096,0.615389
2026-07-25 23:37:21,23688.75,906239,4531,555.3004,593.1396,38.3,131.923584,0.0,263.881439,1.713577,,7.241453,0.724145,1.895,0.262722,1.0,3.0,0.0,0.0,0.0,100.0,32.207446,0.582345,0.614352
2026-07-25 23:37:35,23702.29,906751,4533,555.257,594.2899,38.3,98.338715,-0.0,196.711578,1.707816,,7.363532,0.736353,1.710238,0.957185,5.0,9.0,0.445243,2.084049,2.529292,97.470708,30.980087,0.572315,0.614352
2026-07-25 23:37:48,23715.82,907263,4536,630.8276,595.6902,38.3,176.411469,0.0,352.856903,1.697784,,8.677759,0.867776,0.497916,1.098191,7.0,10.0,2.722426,5.281286,8.003712,91.996288,29.104517,0.571907,0.614352
2026-07-25 23:38:02,23729.27,907775,4538,647.9257,595.5225,38.3,163.005997,0.0,326.045837,1.69172,,8.63587,0.863587,1.360019,0.764684,4.0,9.0,0.816417,2.304249,3.120666,96.879334,30.697675,0.591487,0.614352
2026-07-25 23:38:15,23742.72,908287,4541,675.4928,593.317,38.3,165.623917,0.0,331.281494,1.683658,,9.19815,0.919815,0.329498,0.827238,6.0,10.0,3.69792,5.628084,9.326004,90.673996,28.810872,0.501103,0.613707
2026-07-25 23:38:29,23756.23,908799,4544,807.6354,592.6124,38.3,238.699661,0.0,477.432922,1.679668,,10.763371,1.076337,1.90095,0.550419,4.0,8.0,0.110193,1.432507,1.5427,98.4573,31.186044,0.500618,0.613707
2026-07-25 23:38:42,23769.71,909311,4546,684.9371,594.0276,38.3,168.614105,-0.0,337.261749,1.676763,,9.259785,0.925978,0.401653,0.720597,4.0,7.0,1.407274,2.261409,3.668684,96.331316,30.379095,0.528689,0.613707
2026-07-25 23:38:56,23783.29,909823,4549,711.532,594.5245,38.3,208.872879,0.0,417.779358,1.680702,,9.67843,0.967843,0.39606,1.572597,8.0,10.0,3.281612,6.908903,10.190515,89.809485,28.528589,0.547337,0.613707
2026-07-25 23:39:09,23796.84,910335,4551,742.1038,595.5075,38.3,194.099152,0.0,388.23175,1.672241,,9.973408,0.997341,0.108046,0.992506,6.0,9.0,1.759054,4.229776,5.98883,94.01117,30.253035,0.506739,0.612872
2026-07-25 23:39:23,23810.5,910847,4554,566.9525,595.628,38.3,156.904572,0.0,313.842682,1.676466,,7.669459,0.766946,0.4018,0.914942,6.0,10.0,2.185418,4.425316,6.610734,93.389266,29.885648,0.536008,0.612872
2026-07-25 23:39:36,23824.04,911359,4556,528.1021,594.8401,38.3,132.772049,0.0,265.577759,1.683492,,7.21525,0.721525,0.387176,0.992217,8.0,10.0,2.892963,5.96615,8.859113,91.140887,28.879267,0.503502,0.612872
2026-07-25 23:39:50,23837.58,911871,4559,659.0295,592.9695,38.3,191.138443,0.0,382.311005,1.705205,,8.676501,0.86765,1.296128,0.681189,3.0,5.0,0.0,0.353739,0.353739,99.646261,31.721714,0.557286,0.612872
2026-07-25 23:40:03,23851.18,912383,4561,556.5943,592.0002,38.3,129.042023,0.0,258.1185,1.72307,,7.378829,0.737883,1.252436,0.762636,4.0,8.0,0.277056,1.635577,1.912633,98.087367,30.969693,0.519426,0.612186
2026-07-25 23:40:17,23864.69,912895,4564,616.9273,595.6018,38.3,130.526642,0.0,261.088043,1.737589,,8.037592,0.803759,1.886,0.408723,2.0,5.0,0.0,0.189554,0.189554,99.810446,31.802987,0.439857,0.612186
2026-07-25 23:40:31,23878.32,913407,4567,718.6263,598.1941,38.3,223.643204,-0.0,447.321442,1.75138,,9.51631,0.951631,1.335195,0.579027,3.0,7.0,0.182929,1.027811,1.21074,98.78926,31.757914,0.518865,0.612186
2026-07-25 23:40:44,23891.85,913919,4569,861.78,603.4536,38.3,218.97467,-0.0,437.98468,1.767004,,11.59822,1.159822,0.020741,0.482686,3.0,6.0,3.405718,3.204187,6.609905,93.390095,29.800506,0.45134,0.612186
2026-07-25 23:40:58,23905.37,914431,4572,722.0572,607.4697,38.3,157.552063,-0.0,315.13974,1.780952,,9.595209,0.959521,8e-06,1.101899,6.0,10.0,1.322195,3.382431,4.704626,95.295374,30.134471,0.516155,0.61123
2026-07-25 23:41:11,23918.93,914943,4574,742.241,611.3082,38.3,163.005432,-0.0,326.046661,1.790002,,9.870842,0.987084,0.029921,0.514242,3.0,5.0,1.815043,1.913027,3.72807,96.27193,30.857884,0.486405,0.61123
2026-07-25 23:41:25,23932.39,915455,4577,927.7333,617.6073,38.3,270.805054,-0.0,541.646118,1.79949,,12.493186,1.249319,0.029092,0.74298,4.0,8.0,1.146331,2.359184,3.505515,96.494485,31.065645,0.519305,0.61123
2026-07-25 23:41:38,23945.81,915967,4579,873.2173,623.5287,38.3,301.93396,0.0,603.904053,1.807253,,12.074291,1.207429,0.433387,1.249413,7.0,10.0,0.727033,4.062926,4.789959,95.210041,30.25722,0.546611,0.61123
2026-07-25 23:41:52,23959.36,916479,4582,644.8624,626.8399,38.3,208.031006,-0.0,416.098297,1.813969,,8.457724,0.845772,0.950477,0.444154,2.0,5.0,0.0,0.189249,0.189249,99.810751,31.730812,0.54574,0.610426
2026-07-25 23:42:05,23972.85,916991,4584,555.5305,624.4425,38.3,115.849327,-0.0,231.735031,1.818614,,7.262808,0.726281,1.888,0.291825,1.0,3.0,0.0,0.006293,0.006293,99.993707,31.738082,0.544552,0.610426
2026-07-25 23:42:19,23986.24,917503,4587,789.4829,622.1958,38.3,221.528152,0.0,443.092865,1.827384,,10.549225,1.054922,0.588361,0.867109,4.0,9.0,0.930225,2.449121,3.379346,96.620654,30.472927,0.504093,0.610426
2026-07-25 23:42:32,23999.72,918015,4590,601.5656,616.5198,38.3,149.553879,-0.0,299.144348,1.829503,,7.935599,0.79356,1.2e-05,0.675695,4.0,8.0,0.41308,1.539235,1.952315,98.047685,31.242801,0.533305,0.609352
2026-07-25 23:42:46,24013.2,918527,4592,326.6619,611.9664,38.3,94.21418,-0.0,188.465012,1.832439,,4.471026,0.447103,1.1e-05,0.668208,3.0,10.0,2.125735,3.429561,5.555296,94.444704,30.199921,0.648151,0.609352
2026-07-25 23:42:59,24026.76,919039,4595,513.5,611.1373,38.3,137.943176,0.0,275.923035,1.834107,,6.695045,0.669505,1.659297,0.349587,2.0,4.0,0.0,0.219377,0.219377,99.780623,31.798258,0.535798,0.609352
2026-07-25 23:43:13,24040.39,919551,4597,796.8243,613.3831,38.3,187.66925,0.0,375.375275,1.838428,,10.572467,1.057247,0.22856,0.565676,3.0,8.0,0.474254,1.766673,2.240927,97.759073,31.037497,0.472484,0.609352
2026-07-25 23:43:26,24053.97,920063,4600,823.3827,616.2769,38.2,199.822861,0.0,399.682587,1.843605,,10.980987,1.098099,1.2e-05,0.611192,3.0,8.0,0.951962,2.12542,3.077382,96.922618,30.650459,0.470737,0.608419
2026-07-25 23:43:40,24067.51,920575,4602,883.7046,618.9387,38.2,245.041626,0.0,490.120209,1.848387,,11.985436,1.198544,0.477551,0.76725,4.0,9.0,0.389378,1.945331,2.334709,97.665291,31.243828,0.548466,0.608419
2026-07-25 23:43:53,24080.98,921087,4605,810.2385,620.6714,38.2,222.455719,0.0,444.948456,1.851553,,11.019955,1.101996,1.1e-05,0.506933,2.0,8.0,1.831593,2.461835,4.293428,95.706572,30.632332,0.540058,0.608419
2026-07-25 23:44:07,24094.4,921599,4608,732.877,620.5973,38.2,126.666451,0.0,253.369949,1.852552,,9.698178,0.969818,1.3e-05,0.316374,2.0,3.0,0.0,0.037558,0.037558,99.962442,31.959839,0.532672,0.608419
2026-07-25 23:44:20,24107.91,922111,4610,649.7875,619.6523,38.2,167.81691,0.0,335.67099,1.858265,,8.717795,0.87178,0.169465,0.711719,3.0,9.0,1.60698,2.714918,4.321898,95.678102,30.327549,0.564235,0.607487
2026-07-25 23:44:34,24121.34,922623,4613,692.7972,617.6358,38.2,175.490051,0.0,351.017334,1.861133,,9.23426,0.923426,1.1e-05,1.003595,6.0,10.0,0.852202,3.455717,4.307918,95.692082,30.471602,0.530144,0.607487
2026-07-25 23:44:47,24134.93,923135,4615,869.8093,621.3328,38.2,201.246353,0.0,402.529938,1.86089,,11.812242,1.181224,0.750039,0.556955,3.0,6.0,0.0,0.698492,0.698492,99.301508,31.749092,0.517378,0.607487
2026-07-25 23:45:01,24148.57,923647,4618,587.5331,622.8117,38.2,158.076294,-0.0,316.189911,1.866453,,7.955369,0.795537,0.486052,1.11295,6.0,10.0,1.848014,4.287957,6.135971,93.864029,29.57552,0.59698,0.607487
2026-07-25 23:45:14,24162.02,924159,4620,507.1511,620.8319,38.2,93.5756,-0.0,187.188614,1.870733,,6.818177,0.681818,1e-05,1.055868,6.0,9.0,0.73992,3.710526,4.450446,95.549554,30.493336,0.58645,0.606647
2026-07-25 23:45:28,24175.48,924671,4623,708.1949,622.1781,38.2,140.934418,0.0,281.90686,1.901065,,9.542823,0.954282,1e-05,0.411744,2.0,7.0,0.155514,0.772903,0.928417,99.071583,31.738156,0.593484,0.606647
2026-07-25 23:45:41,24189.03,925183,4625,506.4726,621.827,38.2,77.727264,-0.0,155.493073,1.926906,,7.11322,0.711322,0.009797,1.23994,8.0,10.0,4.197589,7.706278,11.903867,88.096133,27.888366,0.539251,0.606647
2026-07-25 23:45:55,24202.51,925695,4628,440.0324,622.671,38.2,137.815063,-0.0,275.669006,1.943648,,5.903177,0.590318,1.1e-05,1.110856,6.0,9.0,0.800438,3.398734,4.199171,95.800829,30.508978,0.6344,0.606647
2026-07-25 23:46:08,24216.08,926207,4631,588.5681,623.18,38.2,139.858063,-0.0,279.755341,1.961032,,7.701107,0.770111,1.1e-05,0.5386,2.0,4.0,0.0,0.046643,0.046643,99.953357,31.977258,0.54824,0.605842
2026-07-25 23:46:22,24229.49,926719,4633,459.1478,622.6533,38.2,97.181122,-0.0,194.401749,1.975472,,6.273106,0.627311,9e-06,0.542478,2.0,10.0,3.474392,3.494904,6.969295,93.030705,29.210691,0.564087,0.605842
2026-07-25 23:46:35,24243.07,927231,4636,550.858,622.8269,38.2,166.932571,0.0,333.904877,1.987065,,7.449241,0.744924,8e-06,0.744105,4.0,10.0,2.749184,3.821303,6.570487,93.429513,29.486833,0.528005,0.605842
2026-07-25 23:46:49,24256.58,927743,4638,709.5106,624.8372,38.2,182.773849,0.0,365.588348,2.032418,,9.59811,0.959811,0.368353,1.575935,8.0,10.0,1.139418,6.475035,7.614453,92.385547,29.262909,0.533659,0.605842
2026-07-25 23:47:03,24270.23,928255,4641,673.9913,626.6323,38.2,169.821075,-0.0,339.683411,2.063711,,8.925061,0.892506,1e-05,0.769297,4.0,9.0,0.281458,2.044847,2.326305,97.673695,31.34898,0.499296,0.605213
2026-07-25 23:47:16,24283.74,928767,4643,612.2411,625.7044,38.2,150.298752,-0.0,300.639221,2.085431,,8.093859,0.809386,1e-05,0.628566,4.0,8.0,0.18004,1.479125,1.659165,98.340835,31.547193,0.538148,0.605213
2026-07-25 23:47:30,24297.35,929279,4646,430.3982,624.9254,38.2,101.37397,-0.0,202.790009,2.103168,,5.64187,0.564187,8e-06,0.316204,2.0,4.0,0.112052,0.259898,0.37195,99.62805,31.954215,0.609405,0.605213
2026-07-25 23:47:43,24310.88,929791,4648,445.5935,623.8534,38.2,93.726929,0.0,187.496109,2.112753,,5.946993,0.594699,1e-05,0.607011,4.0,8.0,0.981943,2.16278,3.144723,96.855277,30.833573,0.576477,0.605213
2026-07-25 23:47:57,24324.39,930303,4651,369.3671,620.4139,38.2,132.767197,-0.0,265.576813,2.120647,,5.208022,0.520802,9e-06,1.191722,8.0,10.0,3.337727,6.898283,10.23601,89.76399,28.388712,0.599626,0.604127
2026-07-25 23:48:10,24337.86,930815,4654,312.2052,618.6074,38.2,129.802917,0.0,259.648376,2.126828,,4.59454,0.459454,8e-06,1.700424,8.0,10.0,3.706302,8.842424,12.548726,87.451274,27.722423,0.580622,0.604127
2026-07-25 23:48:24,24351.41,931327,4656,678.1733,619.4697,38.2,186.122864,-0.0,372.288269,2.1276,,9.20281,0.920281,1.1e-05,0.906796,7.0,9.0,0.680762,3.488318,4.169079,95.830921,30.644485,0.530706,0.604127
2026-07-25 23:48:37,24364.9,931839,4659,812.6374,622.3833,38.2,240.206604,-0.0,480.455811,2.129726,,10.773432,1.077343,9e-06,0.472166,3.0,6.0,0.0,0.525848,0.525848,99.474152,31.724697,0.484038,0.604127
2026-07-25 23:48:51,24378.4,932351,4661,803.1084,624.0495,38.2,204.117905,0.0,408.278412,2.129385,,10.846011,1.084601,9e-06,0.594611,3.0,9.0,1.539247,2.928437,4.467684,95.532316,30.876118,0.482307,0.603604
2026-07-25 23:49:04,24391.85,932863,4664,695.7789,625.1109,38.2,228.129578,0.0,456.301758,2.129538,,9.26482,0.926482,1e-05,0.351632,2.0,7.0,0.736766,1.221687,1.958453,98.041547,31.248274,0.520126,0.603604
2026-07-25 23:49:18,24405.32,933375,4666,738.9432,629.3607,38.2,180.110077,-0.0,360.262756,2.129385,,9.801691,0.980169,5e-06,0.779356,4.0,9.0,0.412829,1.949991,2.36282,97.63718,31.121271,0.51286,0.603604
2026-07-25 23:49:31,24418.88,933887,4669,628.0547,629.9105,38.2,164.348755,-0.0,328.740082,2.128691,,8.335779,0.833578,9e-06,0.486506,2.0,8.0,0.234946,1.215186,1.450132,98.549868,31.608747,0.554432,0.603604
2026-07-25 23:49:45,24432.45,934399,4672,433.1103,628.1785,38.2,89.998329,0.0,180.03923,2.128724,,5.750957,0.575096,8e-06,0.701255,4.0,8.0,0.380388,2.034453,2.414841,97.585159,31.196858,0.604202,0.602683
2026-07-25 23:49:58,24445.97,934911,4674,327.2996,625.3516,38.2,112.388123,0.0,224.818802,2.128065,,4.265865,0.426586,9e-06,0.253387,1.0,3.0,0.0,0.0,0.0,100.0,31.849403,0.695711,0.602683
2026-07-25 23:50:12,24459.5,935423,4677,442.9655,624.162,38.2,157.216125,-0.0,314.474792,2.127211,,5.874463,0.587446,1.1e-05,0.609717,4.0,8.0,0.318052,1.612196,1.930248,98.069752,31.137706,0.587439,0.602683
2026-07-25 23:50:25,24472.96,935935,4679,852.1578,623.333,38.2,229.455505,-0.0,458.953522,2.126232,,11.685344,1.168534,6e-06,1.032666,6.0,10.0,1.685719,4.459707,6.145427,93.854573,29.867983,0.504959,0.602683
2026-07-25 23:50:39,24486.56,936447,4682,952.3616,627.7426,38.2,286.828552,-0.0,573.699646,2.125896,,12.770705,1.27707,8e-06,0.703245,5.0,8.0,0.211303,1.926958,2.138262,97.861738,30.831963,0.546625,0.601691
2026-07-25 23:50:52,24500.15,936959,4684,788.4316,631.4718,38.2,246.763321,0.0,493.569153,2.12492,,10.910685,1.091069,8e-06,0.923465,6.0,10.0,2.949443,4.979234,7.928676,92.071324,29.400941,0.507078,0.601691
2026-07-25 23:51:06,24513.68,937471,4687,461.9577,631.9212,38.2,166.623734,-0.0,333.289978,2.125189,,6.328263,0.632826,8e-06,1.16437,7.0,10.0,1.766653,5.125151,6.891804,93.108196,29.96292,0.585683,0.601691
2026-07-25 23:51:19,24527.17,937983,4689,377.1322,631.1385,38.2,76.619888,0.0,153.282272,2.124752,,4.976715,0.497672,1e-05,0.397521,2.0,7.0,0.392848,1.075654,1.468502,98.531498,31.584542,0.630557,0.601691
2026-07-25 23:51:33,24540.68,938495,4692,493.9517,628.0847,38.2,119.074165,-0.0,238.190826,2.125032,,6.71015,0.671015,9e-06,0.853927,7.0,10.0,1.273885,4.30956,5.583446,94.416554,29.841025,0.618043,0.600917
2026-07-25 23:51:47,24554.27,939007,4695,878.0658,628.2006,38.2,291.954437,-0.0,583.951355,2.124315,,12.361925,1.236192,1e-05,0.624587,4.0,8.0,0.536486,1.848068,2.384554,97.615446,31.178161,0.557448,0.600917
2026-07-25 23:52:00,24567.84,939519,4697,652.6377,628.8446,38.2,174.538849,0.0,349.120178,2.124313,,9.085247,0.908525,8e-06,0.729511,5.0,10.0,4.520364,5.462172,9.982536,90.017464,28.731424,0.525995,0.600917
2026-07-25 23:52:14,24581.28,940031,4700,756.3029,630.4657,38.2,179.783493,0.0,359.609467,2.123994,,10.031151,1.003115,9e-06,0.16591,1.0,2.0,0.0,0.0,0.0,100.0,32.162351,0.529771,0.600152
2026-07-25 23:52:27,24594.83,940543,4702,538.5143,627.5336,38.2,124.552422,0.0,249.147324,2.123821,,7.084677,0.708468,1.1e-05,0.383042,2.0,6.0,0.0,0.694641,0.694641,99.305359,31.383296,0.636423,0.600152
2026-07-25 23:52:41,24608.32,941055,4705,709.0348,626.1019,38.2,174.392776,0.0,348.827942,2.12004,,9.408043,0.940804,1.2e-05,0.330422,2.0,4.0,0.111203,0.486116,0.597318,99.402682,31.144527,0.507622,0.600152
2026-07-25 23:52:54,24621.86,941567,4707,971.8814,629.6888,38.2,300.543701,0.0,601.129761,2.116424,,13.168758,1.316876,1.1e-05,0.393937,2.0,7.0,0.359609,1.123578,1.483186,98.516814,30.815904,0.556998,0.600152
2026-07-25 23:53:08,24635.38,942079,4710,807.3326,632.0044,38.2,182.285477,0.0,364.61322,2.113514,,10.825855,1.082585,1.1e-05,0.878216,5.0,9.0,0.334496,2.373026,2.707521,97.292479,30.628407,0.525598,0.599074
2026-07-25 23:53:21,24648.92,942591,4712,852.0782,634.7463,38.2,217.535126,0.0,435.112457,2.110853,,11.266246,1.126625,8e-06,0.227573,1.0,2.0,0.0,0.0,0.0,100.0,32.383433,0.45823,0.599074
2026-07-25 23:53:35,24662.44,943103,4715,644.3772,634.8328,38.2,168.203323,0.0,336.448822,2.108241,,8.439439,0.843944,1.1e-05,0.269808,1.0,3.0,0.0,0.060073,0.060073,99.939927,32.39882,0.519689,0.599074
2026-07-25 23:53:48,24676.04,943615,4718,705.6787,633.9019,38.2,190.624771,0.0,381.291656,2.105358,,9.376156,0.937616,1.4e-05,0.472891,3.0,5.0,0.0,0.296264,0.296264,99.703736,32.232267,0.559883,0.599074
2026-07-25 23:54:02,24689.78,944127,4720,726.985,632.5247,38.2,143.661301,-0.0,287.364655,2.102796,,9.563387,0.956339,9e-06,0.310336,2.0,4.0,0.0,0.0,0.0,100.0,32.511517,0.522265,0.597882
2026-07-25 23:54:16,24703.36,944639,4723,658.4349,631.5805,38.2,173.498199,0.0,347.038422,2.100925,,8.606736,0.860674,9e-06,0.265121,1.0,3.0,0.0,0.038888,0.038888,99.961112,32.108517,0.565211,0.597882
2026-07-25 23:54:29,24716.88,945151,4725,455.5556,631.7051,38.2,115.070953,-0.0,230.183868,2.098393,,5.965073,0.596507,1.2e-05,0.22242,1.0,2.0,0.0,0.0,0.0,100.0,32.05659,0.632487,0.597882
2026-07-25 23:54:43,24730.4,945663,4728,489.8846,632.3507,38.2,153.016129,-0.0,306.074188,2.095995,,6.432264,0.643226,1.2e-05,0.331368,2.0,4.0,0.0,0.122955,0.122955,99.877045,31.964011,0.57643,0.597882
2026-07-25 23:54:56,24743.96,946175,4730,381.6983,629.4427,38.2,123.046928,-0.0,246.135742,2.093897,,5.296644,0.529664,1e-05,1.034319,6.0,10.0,2.963055,5.354265,8.31732,91.68268,29.443631,0.573022,0.596875
2026-07-25 23:55:10,24757.54,946687,4733,472.0288,628.4374,38.2,130.158493,0.0,260.358826,2.092556,,6.60759,0.660759,9e-06,1.432397,9.0,10.0,3.116561,8.606239,11.7228,88.2772,28.117048,0.565269,0.596875
2026-07-25 23:55:23,24771.05,947199,4736,568.4855,628.6323,38.2,99.499275,0.0,199.040375,2.091506,,7.742554,0.774255,8e-06,0.783736,6.0,10.0,0.813008,3.34978,4.162788,95.837212,30.857729,0.599576,0.596875
2026-07-25 23:55:37,24784.58,947711,4738,534.4259,626.8124,38.2,127.376389,-0.0,254.794586,2.09027,,7.413042,0.741304,1.2e-05,0.740145,5.0,8.0,0.439461,2.090957,2.530418,97.469582,30.991937,0.635435,0.596875
2026-07-25 23:55:50,24798.13,948223,4741,623.5968,626.3656,38.2,137.112885,0.0,274.267578,2.091064,,8.357422,0.835742,0.151309,0.646271,4.0,7.0,0.264513,1.588635,1.853148,98.146852,31.546362,0.538718,0.596157
2026-07-25 23:56:04,24811.56,948735,4743,528.587,627.2266,38.2,97.361855,0.0,194.765549,2.091868,,6.949187,0.694919,0.844123,0.36006,2.0,5.0,0.0,0.284353,0.284353,99.715647,31.873238,0.553493,0.596157
2026-07-25 23:56:17,24825.0,949247,4746,406.4689,625.542,38.2,128.148407,-0.0,256.338684,2.093496,,5.554186,0.555419,1.2e-05,0.731458,5.0,9.0,2.360128,4.571079,6.931206,93.068794,29.397283,0.606668,0.596157
2026-07-25 23:56:31,24838.45,949759,4748,408.4623,620.5098,38.2,99.320747,-0.0,198.683395,2.095358,,5.376923,0.537692,0.199012,0.521793,3.0,7.0,0.336938,1.317975,1.654913,98.345087,31.31158,0.610538,0.596157
2026-07-25 23:56:44,24852.02,950271,4751,475.5631,618.815,38.2,131.418442,-0.0,262.878815,2.097132,,6.354713,0.635471,0.192091,0.604229,3.0,9.0,0.992556,2.545375,3.537931,96.462069,30.682287,0.552331,0.595172
2026-07-25 23:56:58,24865.49,950783,4753,404.1544,618.4462,38.2,109.677872,0.0,219.397705,2.098184,,5.708547,0.570855,1.3e-05,1.454684,9.0,10.0,3.290634,8.242829,11.533463,88.466537,28.612707,0.572486,0.595172
2026-07-25 23:57:11,24879.02,951295,4756,506.1768,620.3345,38.2,131.45607,0.0,262.954132,2.100177,,6.863199,0.68632,7e-06,1.513804,8.0,10.0,1.082234,5.61525,6.697485,93.302515,29.917365,0.562264,0.595172
2026-07-25 23:57:25,24892.49,951807,4759,958.8665,624.0082,38.2,308.269226,0.0,616.580505,2.101446,,12.863124,1.286312,0.932283,0.392979,2.0,6.0,0.198949,0.612391,0.81134,99.18866,31.865296,0.487625,0.595172
2026-07-25 23:57:38,24906.0,952319,4761,712.5417,625.2461,38.2,159.633667,-0.0,319.309387,2.102822,,9.487483,0.948748,0.480006,0.622743,5.0,9.0,0.146662,2.0127,2.159362,97.840638,31.239776,0.459384,0.594519
2026-07-25 23:57:52,24919.51,952831,4764,413.3452,623.0753,38.2,115.445435,-0.0,230.932968,2.104638,,5.393438,0.539344,1.3e-05,0.280021,2.0,3.0,0.0,0.0,0.0,100.0,31.952526,0.658823,0.594519
2026-07-25 23:58:05,24933.09,953343,4766,392.4431,621.6789,38.2,90.408356,0.0,180.85881,2.105288,,5.127655,0.512765,0.492891,0.38192,2.0,4.0,0.0,0.1332,0.1332,99.8668,31.765248,0.616042,0.594519
2026-07-25 23:58:19,24946.66,953855,4769,494.0183,619.9486,38.2,128.142365,-0.0,256.326874,2.106498,,6.511619,0.651162,9e-06,0.260011,1.0,4.0,0.0,0.00156,0.00156,99.99844,32.0419,0.584966,0.594519
2026-07-25 23:58:32,24960.17,954367,4771,359.7337,616.6664,38.2,108.865509,-0.0,217.773148,2.106749,,4.90331,0.490331,0.124875,0.642554,3.0,10.0,1.905998,3.421102,5.3271,94.6729,30.20898,0.636312,0.59337
2026-07-25 23:58:46,24973.62,954879,4774,426.7375,616.0023,38.2,120.842613,-0.0,241.727371,2.107109,,5.652181,0.565218,0.36747,0.590409,3.0,7.0,0.70657,1.480358,2.186928,97.813072,31.004784,0.560197,0.59337
2026-07-25 23:58:59,24987.09,955391,4776,628.8497,618.6131,38.2,143.130524,0.0,286.303192,2.106562,,8.700463,0.870046,1e-05,1.114217,8.0,10.0,3.096847,6.478353,9.5752,90.4248,28.760056,0.521058,0.59337
2026-07-25 23:59:13,25000.62,955903,4779,647.905,620.2626,38.2,143.133255,-0.0,286.308655,2.107402,,8.719599,0.87196,1e-05,0.624735,4.0,9.0,1.544491,3.181931,4.726422,95.273578,30.62959,0.526498,0.59337
2026-07-25 23:59:27,25014.21,956415,4782,426.3206,620.0487,38.2,126.924675,-0.0,253.89151,2.108296,,6.069786,0.606979,1.5e-05,1.225954,8.0,10.0,3.681629,8.007388,11.689017,88.310983,28.279187,0.570282,0.592732
2026-07-25 23:59:40,25027.61,956927,4784,389.7984,618.696,38.2,127.891624,0.0,255.825439,2.109268,,5.198657,0.519866,0.614813,0.740175,4.0,9.0,0.26308,2.225215,2.488295,97.511705,31.110971,0.642028,0.592732
2026-07-25 23:59:53,25040.97,957439,4787,228.6218,615.4292,38.2,158.527466,-0.0,317.097137,2.109556,,3.584403,0.35844,0.182165,1.856148,9.0,10.0,5.069645,11.223177,16.292822,83.707178,26.415547,0.707417,0.592732
2026-07-26 00:00:07,25054.47,957951,4789,450.8025,614.3846,38.2,100.632896,-0.0,201.307999,2.110506,,5.997659,0.599766,1e-05,0.507559,2.0,8.0,0.791225,1.709667,2.500892,97.499108,31.36165,0.624414,0.592732
2026-07-26 00:00:20,25068.04,958463,4792,468.2086,612.7584,38.2,108.991592,-0.0,218.025391,2.110532,,6.169775,0.616978,1e-05,0.526284,3.0,6.0,0.0,0.627401,0.627401,99.372599,31.96896,0.640356,0.592291
2026-07-26 00:00:34,25081.51,958975,4794,500.0773,611.28,38.2,67.920204,-0.0,135.882614,2.110438,,6.627259,0.662726,1.3e-05,0.174983,1.0,2.0,0.0,0.0,0.0,100.0,32.266,0.630828,0.592291
2026-07-26 00:00:47,25095.06,959487,4797,440.9389,608.9344,38.2,112.453712,-0.0,224.949661,2.112003,,5.751822,0.575182,1e-05,0.183013,1.0,2.0,0.0,0.0,0.0,100.0,32.194824,0.591652,0.592291
2026-07-26 00:01:01,25108.62,959999,4800,517.19,606.03,38.2,111.568344,-0.0,223.17894,2.112552,,6.8658,0.68658,0.126878,0.657051,4.0,8.0,0.789347,2.484578,3.273925,96.726075,31.033961,0.533713,0.591179
2026-07-26 00:01:15,25122.19,960511,4802,547.6165,604.6568,38.2,119.720184,0.0,239.482666,2.114852,,7.234936,0.723494,1e-05,0.759667,4.0,7.0,0.474222,1.339989,1.814211,98.185789,31.338281,0.517602,0.591179
2026-07-26 00:01:28,25135.77,961023,4805,693.5791,604.4772,38.2,231.286072,-0.0,462.614471,2.115666,,9.258063,0.925806,8e-06,0.670036,4.0,7.0,0.608592,1.975969,2.584561,97.415439,30.972806,0.531633,0.591179
2026-07-26 00:01:42,25149.39,961535,4807,605.0677,603.1069,38.2,179.871826,-0.0,359.78595,2.114283,,8.116579,0.811658,9e-06,0.561002,3.0,8.0,0.627302,1.79608,2.423382,97.576618,31.066973,0.53281,0.591179
2026-07-26 00:01:55,25162.93,962047,4810,355.6649,600.994,38.2,157.019608,0.0,314.081451,2.112219,,5.192818,0.519282,8e-06,1.609187,8.0,10.0,5.615514,9.122664,14.738178,85.261822,26.924776,0.539409,0.590481
2026-07-26 00:02:09,25176.61,962559,4812,405.5549,599.7685,38.2,103.595604,-0.0,207.233398,2.109831,,5.458733,0.545873,9e-06,0.820345,5.0,9.0,1.326856,3.134777,4.461633,95.538367,30.297228,0.619265,0.590481
2026-07-26 00:02:23,25190.25,963071,4815,683.6935,600.0152,38.2,174.282974,0.0,348.608093,2.10648,,9.016864,0.901686,9e-06,0.377071,2.0,5.0,0.412062,0.752326,1.164388,98.835612,31.57273,0.498389,0.590481
2026-07-26 00:02:36,25203.73,963583,4817,572.2483,600.1717,38.2,139.332245,-0.0,278.706543,2.103055,,7.593355,0.759336,8e-06,0.633084,3.0,9.0,0.256809,1.666926,1.923735,98.076265,31.482863,0.50823,0.590481
2026-07-26 00:02:50,25217.36,964095,4820,546.7059,599.4695,38.2,145.704697,-0.0,291.451385,2.098878,,7.206117,0.720612,8e-06,0.593911,3.0,7.0,0.143461,1.3083,1.451761,98.548239,31.553823,0.497031,0.589481
2026-07-26 00:03:03,25230.94,964607,4823,875.9969,601.0432,38.2,228.462631,0.0,456.967041,2.08936,,11.709905,1.170991,8e-06,0.602797,3.0,8.0,0.504199,1.550061,2.05426,97.94574,31.217967,0.461541,0.589481
2026-07-26 00:03:17,25244.47,965119,4825,573.5372,598.1608,38.2,101.127579,0.0,202.296707,2.077212,,7.558101,0.75581,7e-06,0.600783,3.0,8.0,0.212886,1.130173,1.343059,98.656941,31.440311,0.532394,0.589481
2026-07-26 00:03:30,25257.89,965631,4828,541.4158,596.3544,38.2,135.749619,0.0,271.540497,2.06374,,7.182928,0.718293,7e-06,0.619061,3.0,8.0,0.134694,1.07755,1.212243,98.787757,31.848287,0.572986,0.589481
2026-07-26 00:03:44,25271.42,966143,4830,390.6339,592.8383,38.2,101.550568,-0.0,203.142075,2.04726,,5.208151,0.520815,6e-06,0.971636,5.0,9.0,0.641653,2.684689,3.326342,96.673658,30.980358,0.612821,0.588422
2026-07-26 00:03:57,25284.9,966655,4833,546.885,589.0298,38.2,175.606155,-0.0,351.25293,2.031029,,7.365403,0.73654,5e-06,0.895995,5.0,9.0,1.039248,3.189417,4.228666,95.771334,30.538985,0.536532,0.588422
2026-07-26 00:04:11,25298.35,967167,4835,685.1559,587.1492,38.2,163.260635,0.0,326.561676,2.02072,,9.314868,0.931487,8e-06,0.453834,2.0,5.0,0.080118,0.625236,0.705354,99.294646,31.583621,0.526831,0.588422
2026-07-26 00:04:24,25311.87,967679,4838,406.1126,584.7617,38.2,94.386795,-0.0,188.813782,2.009776,,5.303563,0.530356,6e-06,0.41451,2.0,3.0,0.0,0.0,0.0,100.0,31.682587,0.602494,0.588422
2026-07-26 00:04:38,25325.43,968191,4840,481.3934,584.0203,38.2,120.203171,0.0,240.446335,1.999508,,6.346352,0.634635,1e-05,0.629816,3.0,7.0,0.059302,1.106447,1.165749,98.834251,31.564917,0.557274,0.587433
2026-07-26 00:04:51,25338.98,968703,4843,925.2886,585.3784,38.2,253.393799,0.0,506.827393,1.990193,,12.747723,1.274772,8e-06,0.534708,2.0,7.0,0.691341,1.625586,2.316927,97.683073,31.265708,0.478663,0.587433
2026-07-26 00:05:05,25352.64,969215,4846,859.1516,587.9542,38.2,222.076004,0.0,444.19162,1.981263,,11.508844,1.150884,6e-06,0.634919,3.0,5.0,0.0,0.365406,0.365406,99.634594,31.914535,0.50686,0.587433
2026-07-26 00:05:19,25366.33,969727,4848,612.5084,590.8127,38.2,117.937347,-0.0,235.914169,1.973614,,8.102542,0.810254,9e-06,0.398089,2.0,3.0,0.0,0.145877,0.145877,99.854123,32.190383,0.535118,0.587433
2026-07-26 00:05:32,25380.01,970239,4851,527.6141,590.9538,38.2,141.421906,0.0,282.883148,1.966351,,6.979732,0.697973,8e-06,0.562604,3.0,5.0,0.441176,0.741552,1.182728,98.817272,31.30427,0.570133,0.586304
2026-07-26 00:05:46,25393.51,970751,4853,469.1611,587.6772,38.2,102.627342,-0.0,205.2939,1.960931,,6.289016,0.628902,4e-06,0.899621,4.0,8.0,1.172186,2.419393,3.591579,96.408421,30.733364,0.542044,0.586304
2026-07-26 00:05:59,25406.92,971263,4856,615.5392,585.5988,38.2,210.86937,-0.0,421.777924,1.958886,,8.417763,0.841776,7e-06,0.707141,3.0,7.0,0.147225,1.279602,1.426826,98.573174,31.392645,0.562104,0.586304
2026-07-26 00:06:13,25420.48,971775,4858,699.042,583.7522,38.2,169.708221,0.0,339.455566,1.956591,,9.287532,0.928753,5e-06,0.693868,3.0,7.0,0.249276,1.32116,1.570436,98.429564,31.434092,0.523245,0.586304
2026-07-26 00:06:26,25433.96,972287,4861,697.561,582.6254,38.2,221.91774,-0.0,443.874603,1.955492,,9.740607,0.974061,5e-06,0.688696,3.0,8.0,0.949318,2.112544,3.061862,96.938138,30.808648,0.57387,0.58535
2026-07-26 00:06:40,25447.5,972799,4864,776.3908,583.0605,38.2,209.354462,0.0,418.748016,1.954487,,10.652957,1.065296,9e-06,0.521216,2.0,5.0,0.0,0.393701,0.393701,99.606299,31.887112,0.563351,0.58535
2026-07-26 00:06:53,25460.96,973311,4866,432.329,580.8859,38.2,106.92466,0.0,213.888412,1.954281,,5.744582,0.574458,8e-06,0.451635,2.0,4.0,0.0,0.067265,0.067265,99.932735,31.862679,0.63962,0.58535
2026-07-26 00:07:07,25474.54,973823,4869,494.6306,578.9043,38.2,187.377228,0.0,374.793549,1.955047,,6.619179,0.661918,8e-06,0.48699,2.0,4.0,0.128511,0.214707,0.343217,99.656783,31.725852,0.639265,0.58535
2026-07-26 00:07:20,25488.15,974335,4871,609.6483,576.3027,38.2,123.894485,0.0,247.828079,1.955756,,8.112789,0.811279,6e-06,1.168326,6.0,8.0,0.45251,2.847235,3.299745,96.700255,30.99822,0.476816,0.584202
2026-07-26 00:07:34,25501.74,974847,4874,683.2307,577.2596,38.2,210.031693,-0.0,420.102539,1.95831,,9.21273,0.921273,7e-06,0.460354,2.0,5.0,0.42615,0.674347,1.100496,98.899504,31.631702,0.51595,0.584202
2026-07-26 00:07:48,25515.3,975359,4876,651.91,578.7072,38.2,148.134872,-0.0,296.308929,1.959488,,8.752529,0.875253,7e-06,0.611994,3.0,7.0,0.258467,1.403553,1.662019,98.337981,31.243365,0.508395,0.584202
2026-07-26 00:08:01,25528.83,975871,4879,586.6338,577.4916,38.2,142.153778,-0.0,284.346771,1.960985,,7.873915,0.787392,6e-06,0.816887,4.0,9.0,1.296469,2.119774,3.416242,96.583758,30.524699,0.53214,0.584202
2026-07-26 00:08:15,25542.48,976383,4881,494.062,577.3675,38.2,110.3554,-0.0,220.750046,1.962098,,6.686262,0.668626,5e-06,0.981037,5.0,9.0,2.100755,3.656001,5.756756,94.243244,29.943132,0.558002,0.583192
2026-07-26 00:08:28,25556.06,976895,4884,517.0875,578.1381,38.2,133.934845,-0.0,267.909027,1.967386,,7.059764,0.705976,4e-06,1.445648,7.0,10.0,1.331294,5.059854,6.391148,93.608852,29.698207,0.577004,0.583192
2026-07-26 00:08:42,25569.56,977407,4887,794.6422,580.1988,38.2,216.343674,0.0,432.726868,1.97594,,10.828501,1.08285,7e-06,0.805233,4.0,9.0,1.581379,3.017578,4.598957,95.401043,30.49238,0.486633,0.583192
2026-07-26 00:08:56,25583.19,977919,4889,749.6677,583.104,38.2,167.087814,0.0,334.215302,1.983302,,10.046011,1.004601,4e-06,0.788242,3.0,6.74,0.040464,1.0007,1.041164,98.958836,31.664858,0.486945,0.583192
2026-07-26 00:09:09,25596.72,978431,4892,576.1136,583.3565,38.2,157.321518,0.0,314.682831,1.990218,,7.614453,0.761445,7e-06,0.531379,2.0,4.0,0.0,0.132684,0.132684,99.867316,31.883707,0.50918,0.582413
2026-07-26 00:09:23,25610.19,978943,4894,611.8426,582.3799,38.2,140.38121,0.0,280.80249,2.003526,,8.249164,0.824916,5e-06,0.485187,2.0,3.0,0.0,0.110815,0.110815,99.889185,31.966811,0.541807,0.582413
2026-07-26 00:09:36,25623.77,979455,4897,722.0821,582.8608,38.2,163.427948,-0.0,326.89621,2.015157,,9.736031,0.973603,4e-06,1.094561,5.0,8.0,0.154688,2.096875,2.251562,97.748437,31.071877,0.49067,0.582413
2026-07-26 00:09:50,25637.4,979967,4899,844.3349,585.1817,38.2,226.176117,0.0,452.392731,2.024364,,11.378778,1.137878,7e-06,0.539119,2.0,5.0,0.190013,0.71608,0.906093,99.093907,31.457192,0.46432,0.582413
2026-07-26 00:10:03,25650.84,980479,4902,567.2226,586.55,38.2,161.799088,-0.0,323.638824,2.032254,,7.755344,0.775534,5e-06,1.178694,6.0,10.0,1.544081,4.224668,5.768748,94.231252,29.764045,0.530762,0.581284
2026-07-26 00:10:17,25664.47,980991,4904,594.0453,588.0345,38.2,139.292831,0.0,278.626801,2.057251,,7.928724,0.792872,6e-06,0.747214,4.0,8.0,0.170328,1.389193,1.559521,98.440479,31.408452,0.531312,0.581284
2026-07-26 00:10:30,25677.92,981503,4907,695.9198,591.3,38.2,175.648148,0.0,351.337799,2.074662,,9.301314,0.930131,6e-06,0.401368,2.0,4.0,0.254799,0.403301,0.6581,99.3419,31.725403,0.495543,0.581284
2026-07-26 00:10:44,25691.34,982015,4910,523.1799,593.4097,38.2,127.933937,-0.0,255.909576,2.085151,,7.082027,0.708203,3e-06,1.157823,6.0,9.0,0.468633,3.441327,3.90996,96.09004,30.518107,0.521384,0.580358
2026-07-26 00:10:57,25704.81,982527,4912,513.6499,591.7645,38.2,106.290657,0.0,212.623154,2.091868,,6.780385,0.678039,4e-06,0.699793,3.0,7.0,0.0,0.836596,0.836596,99.163404,31.365926,0.503923,0.580358
2026-07-26 00:11:11,25718.29,983039,4915,480.5146,588.4433,38.2,170.913574,-0.0,341.868408,2.063446,,6.394984,0.639498,4e-06,0.818576,5.0,9.0,0.457401,2.344962,2.802362,97.197638,30.925842,0.538475,0.580358
2026-07-26 00:11:24,25731.74,983551,4917,444.2144,584.8543,38.2,93.067802,-0.0,186.176224,2.030912,,5.976122,0.597612,6e-06,0.747459,4.0,8.0,0.596744,2.244821,2.841566,97.158434,31.045158,0.558066,0.580358
2026-07-26 00:11:38,25745.23,984063,4920,576.1798,583.6584,38.2,151.815964,-0.0,303.671875,1.997446,,7.735776,0.773578,7e-06,0.380279,2.0,5.0,0.075735,0.347118,0.422853,99.577147,31.519946,0.563174,0.579315
2026-07-26 00:11:51,25758.8,984575,4922,613.2072,582.401,38.2,140.957718,0.0,281.954407,1.948606,,8.128163,0.812816,6e-06,0.204198,1.0,2.0,0.0,0.0,0.0,100.0,31.587323,0.54025,0.579315
2026-07-26 00:12:05,25772.25,985087,4925,748.7687,583.6081,38.2,222.950027,-0.0,445.93808,1.901439,,10.317015,1.031701,8e-06,0.210257,1.0,2.0,0.0,0.0,0.0,100.0,31.616348,0.482553,0.579315
2026-07-26 00:12:18,25785.67,985599,4928,588.6819,585.1639,38.2,132.933304,0.0,265.903625,1.850744,,7.990352,0.799035,4e-06,1.217497,7.0,10.0,0.595061,4.118321,4.713382,95.286618,30.167507,0.522236,0.579315
2026-07-26 00:12:32,25799.19,986111,4930,449.2983,586.3838,38.2,121.948418,-0.0,243.933029,1.809468,,5.948935,0.594893,5e-06,0.358153,2.0,4.0,0.0,0.095164,0.095164,99.904836,31.467905,0.641883,0.578222
2026-07-26 00:12:45,25812.78,986623,4933,419.2587,586.1468,38.2,125.847221,0.0,251.729843,1.769651,,5.621749,0.562175,4e-06,0.864597,6.0,9.0,0.469231,2.452364,2.921594,97.078406,30.401433,0.613941,0.578222
2026-07-26 00:12:59,25826.35,987135,4935,565.777,583.283,38.2,132.8535,-0.0,265.741669,1.733485,,7.661609,0.766161,6e-06,0.331758,1.0,7.0,1.576698,2.05319,3.629888,96.370112,30.483481,0.529839,0.578222
2026-07-26 00:13:12,25839.86,987647,4938,630.4716,580.0641,38.2,178.159454,-0.0,356.352997,1.703884,,8.501426,0.850143,7e-06,0.37369,2.0,6.0,0.128589,0.616287,0.744876,99.255124,31.595679,0.542045,0.578222
2026-07-26 00:13:26,25853.31,988159,4940,494.9216,577.129,38.2,99.732483,-0.0,199.49852,1.677836,,6.602793,0.660279,8e-06,0.386944,2.0,8.0,0.099292,1.309713,1.409006,98.590994,31.175118,0.600717,0.577195
2026-07-26 00:13:39,25866.86,988671,4943,624.9067,578.7585,38.2,148.991333,-0.0,298.015808,1.657758,,8.345383,0.834538,8e-06,0.222512,1.0,3.0,0.0,0.007897,0.007897,99.992103,31.641618,0.563958,0.577195
2026-07-26 00:13:53,25880.33,989183,4945,789.3596,582.8807,38.2,187.335464,0.0,374.703735,1.640878,,11.284927,1.128493,9e-06,0.555276,4.0,8.0,0.270918,1.559735,1.830653,98.169347,31.247122,0.539538,0.577195
2026-07-26 00:14:06,25893.78,989695,4948,719.9904,585.1411,38.2,176.51619,0.0,353.06488,1.625692,,10.078945,1.007894,8e-06,0.493009,2.0,10.0,2.487291,4.251714,6.739005,93.260995,29.854789,0.530168,0.577195
2026-07-26 00:14:20,25907.27,990207,4951,683.9952,583.2004,38.2,162.782089,0.0,325.596405,1.611387,,9.395775,0.939577,8e-06,0.93655,7.0,9.0,0.983833,3.977629,4.961461,95.038539,30.185935,0.534975,0.576348
2026-07-26 00:14:33,25920.95,990719,4953,575.0352,582.4244,38.2,120.046555,0.0,240.125153,1.602117,,7.732592,0.773259,1.1e-05,0.164211,1.0,3.0,0.0,0.0,0.0,100.0,31.803669,0.570094,0.576348
2026-07-26 00:14:47,25934.54,991231,4956,451.7403,579.3788,38.2,111.480408,-0.0,222.992661,1.592529,,6.186629,0.618663,8e-06,0.405654,3.0,8.0,0.180966,1.10625,1.287216,98.712784,31.344282,0.640042,0.576348
2026-07-26 00:15:00,25947.98,991743,4958,464.3647,578.6373,38.2,103.653831,-0.0,207.33931,1.582182,,6.377524,0.637752,7e-06,0.284722,1.0,9.0,2.588024,3.072591,5.660615,94.339385,29.905424,0.544872,0.576348
2026-07-26 00:15:14,25961.52,992255,4961,468.7321,576.2342,38.2,164.306442,-0.0,328.64444,1.577207,,6.498674,0.649867,8e-06,0.901482,7.0,10.0,2.137335,5.165357,7.302692,92.697308,29.267685,0.561373,0.575354
2026-07-26 00:15:28,25975.23,992767,4963,521.6049,571.7315,38.2,96.339828,-0.0,192.711105,1.57221,,7.222592,0.722259,7e-06,0.625588,4.0,10.0,3.905995,4.990907,8.896902,91.103098,29.295372,0.563807,0.575354
2026-07-26 00:15:41,25988.76,993279,4966,692.5967,570.5841,38.2,159.392227,0.0,318.815826,1.568777,,9.356223,0.935622,9e-06,0.177841,1.0,3.0,0.0,0.137059,0.137059,99.862941,32.054233,0.559265,0.575354
2026-07-26 00:15:55,26002.26,993791,4968,759.2805,569.6561,38.2,149.65535,-0.0,299.341949,1.561965,,10.374176,1.037418,9e-06,0.532283,4.0,9.0,0.28534,1.935011,2.220351,97.779649,31.274043,0.491002,0.575354
2026-07-26 00:16:08,26015.79,994303,4971,529.018,568.5025,38.2,132.846329,0.0,265.723785,1.556443,,7.643236,0.764324,8e-06,1.135519,8.0,10.0,5.248165,8.522463,13.770629,86.229371,27.622858,0.524858,0.57464
2026-07-26 00:16:22,26029.33,994815,4974,489.784,566.3436,38.2,121.307785,-0.0,242.647263,1.584452,,6.7433,0.67433,7e-06,0.60309,5.0,10.0,2.482231,4.525872,7.008103,92.991897,29.839885,0.572178,0.57464
2026-07-26 00:16:35,26042.82,995327,4976,564.2966,564.7167,38.2,115.87838,0.0,231.788925,1.608328,,7.477897,0.74779,9e-06,0.239374,1.0,3.0,0.0,0.054906,0.054906,99.945094,31.832002,0.542408,0.57464
2026-07-26 00:16:49,26056.39,995839,4979,662.6098,564.7585,38.2,170.436554,0.0,340.905762,1.632271,,9.053262,0.905326,9e-06,0.365058,2.0,9.0,0.71649,1.719577,2.436067,97.563933,30.920349,0.553342,0.57464
2026-07-26 00:17:02,26069.85,996351,4981,656.9231,566.7721,38.2,151.488235,0.0,303.009491,1.651182,,9.078969,0.907897,7e-06,0.690341,6.0,9.0,0.353219,2.769486,3.122704,96.877296,30.842954,0.6225,0.573951
2026-07-26 00:17:16,26083.42,996863,4984,474.9742,566.623,38.2,146.692734,0.0,293.418854,1.669901,,6.304592,0.630459,8e-06,0.539347,3.0,7.0,0.084007,0.924082,1.00809,98.99191,31.7896,0.622208,0.573951
2026-07-26 00:17:29,26096.88,997375,4986,461.6161,567.4222,38.2,87.399612,-0.0,174.832932,1.685148,,6.20226,0.620226,5e-06,1.124515,6.0,9.0,0.100243,2.430887,2.53113,97.46887,30.938111,0.568661,0.573951
2026-07-26 00:17:43,26110.3,997887,4989,654.9018,569.2509,38.2,130.535568,0.0,261.105072,1.696744,,8.78191,0.878191,5e-06,0.636785,5.0,8.0,0.028297,1.6412,1.669496,98.330504,31.195919,0.524985,0.573951
2026-07-26 00:17:56,26123.61,998399,4992,864.2185,572.2083,38.2,198.785095,0.0,397.60434,1.707414,,12.05666,1.205666,9e-06,0.402593,2.0,9.0,0.900759,2.152688,3.053447,96.946553,30.749818,0.480963,0.57294
2026-07-26 00:18:10,26137.18,998911,4994,683.3266,573.6973,38.2,136.521439,0.0,273.07724,1.717466,,9.135134,0.913513,8e-06,0.222846,1.0,3.0,0.0,0.0,0.0,100.0,31.529738,0.507251,0.57294
2026-07-26 00:18:23,26150.74,999423,4997,443.1623,571.8929,38.2,152.83606,0.0,305.706635,1.725553,,6.067017,0.606702,1.1e-05,0.491667,4.0,9.0,1.819532,3.103628,4.92316,95.07684,29.901571,0.622164,0.57294
2026-07-26 00:18:37,26164.22,999935,4999,269.8169,569.3052,38.2,113.274345,-0.0,226.583298,1.730267,,3.687584,0.368758,7e-06,1.152494,7.0,10.0,0.845772,3.751155,4.596927,95.403073,30.451525,0.716895,0.57294
