wall_time,elapsed_sec,step,episode,ep_reward,ep_reward_ma100,sps,loss,policy_loss,value_loss,entropy,epsilon,embb_mbps_mean,spectral_eff_bps_hz,embb_p5_mbps,urllc_delay_ms_mean,urllc_delay_p95,urllc_delay_p99,urllc_drop_late_pct,urllc_drop_overflow_pct,sla_violation_pct,sla_satisfaction_pct,timely_throughput_mbps,jains_fairness,lam
2026-07-27 03:15:37,0.53,199,1,203.5535,203.5535,377.6,0.06515,,,,0.9995,6.849766,0.684977,5e-06,0.820757,4.0,7.0,0.059626,1.136861,1.196486,98.803514,31.722047,0.518807,1.0
2026-07-27 03:16:36,59.79,399,2,195.3468,199.4502,6.7,44.903198,,,,0.904362,6.892201,0.68922,6e-06,0.850582,7.0,10.0,0.668683,4.039962,4.708645,95.291355,30.470607,0.544183,1.0
2026-07-27 03:17:36,118.95,599,3,171.5925,190.1643,5.0,370.436462,,,,0.81828,6.075611,0.607561,1e-06,1.391476,8.0,10.0,0.877967,5.051315,5.929282,94.070718,29.776761,0.513705,1.0
2026-07-27 03:18:35,178.71,799,4,261.3035,207.9491,4.5,1346.136475,,,,0.740392,9.212039,0.921204,1e-06,0.751004,4.0,7.0,0.0,0.637377,0.637377,99.362623,31.543913,0.472243,1.0
2026-07-27 03:19:35,238.53,999,5,247.3985,215.839,4.2,3141.898438,,,,0.669918,8.720617,0.872062,4e-06,0.834039,7.0,9.0,1.201672,4.264127,5.465799,94.534201,29.95655,0.390868,1.0
2026-07-27 03:20:35,298.44,1199,6,250.5638,221.6264,4.0,8328.097656,,,,0.606152,8.878742,0.887874,5e-06,0.081578,1.0,1.0,0.0,0.0,0.0,100.0,31.60064,0.364038,1.0
2026-07-27 03:21:35,358.37,1399,7,308.5522,234.0444,3.9,15216.875,,,,0.548455,11.307903,1.13079,4e-06,0.10615,1.0,2.0,0.0,0.0,0.0,100.0,31.61734,0.382624,1.0
2026-07-27 03:22:35,418.21,1599,8,234.8676,234.1473,3.8,29263.306641,,,,0.49625,8.408966,0.840897,1e-06,0.359819,2.0,4.0,0.0,0.0,0.0,100.0,31.608357,0.35282,1.0
2026-07-27 03:23:35,478.36,1799,9,193.9645,229.6825,3.8,34642.078125,,,,0.449014,7.347332,0.734733,1e-06,1.394275,9.0,10.0,1.514783,6.387201,7.901985,92.098015,28.922056,0.356489,1.0
2026-07-27 03:24:35,538.48,1999,10,222.9326,229.0075,3.7,56000.09375,,,,0.406275,8.197406,0.819741,2e-06,0.085473,1.0,1.0,0.0,0.0,0.0,100.0,31.614489,0.395862,0.999034
2026-07-27 03:25:36,599.0,2199,11,161.3743,222.8591,3.7,62703.910156,,,,0.367604,8.314928,0.831493,0.0,1.019909,10.0,10.0,15.287654,15.691661,30.979315,69.020685,21.612967,0.37952,0.999034
2026-07-27 03:26:36,659.21,2399,12,227.1203,223.2142,3.6,86614.1875,,,,0.332613,8.115416,0.811542,3e-06,0.069115,1.0,1.0,0.0,0.0,0.0,100.0,31.81696,0.42516,0.999034
2026-07-27 03:27:36,719.54,2599,13,216.1101,222.6677,3.6,105048.625,,,,0.300953,8.238919,0.823892,1e-06,0.679547,4.0,6.0,0.0,0.465602,0.465602,99.534398,31.636494,0.438222,0.999034
2026-07-27 03:28:37,779.93,2799,14,232.4403,223.3658,3.6,139318.734375,,,,0.272307,8.471942,0.847194,4e-06,0.045896,0.0,1.0,0.0,0.0,0.0,100.0,32.128,0.454364,0.999034
2026-07-27 03:29:37,840.38,2999,15,211.8457,222.5977,3.6,177204.3125,,,,0.246387,8.210061,0.821006,7e-06,0.02336,0.0,1.0,0.0,0.0,0.0,100.0,32.27392,0.459739,0.999034
2026-07-27 03:30:38,900.81,3199,16,187.679,220.4153,3.6,182242.09375,,,,0.222935,6.939381,0.693938,3e-06,0.052095,1.0,1.0,0.0,0.0,0.0,100.0,32.16256,0.474159,0.999034
2026-07-27 03:31:38,961.45,3399,17,64.0068,211.2148,3.5,220598.484375,,,,0.201715,4.780689,0.478069,0.0,2.477728,10.0,10.0,15.445797,21.478565,36.924362,63.075638,19.931562,0.542488,0.999034
2026-07-27 03:32:39,1022.3,3599,18,146.7136,207.6314,3.5,220916.71875,,,,0.182515,5.349074,0.534907,2e-06,0.749619,5.0,7.0,0.0,0.535459,0.535459,99.464541,31.946951,0.549491,0.999034
2026-07-27 03:33:39,1082.69,3799,19,112.3756,202.618,3.5,214750.65625,,,,0.165142,5.917439,0.591744,1e-06,1.23782,10.0,10.0,10.679108,13.618056,24.297165,75.702835,24.004599,0.538664,0.999034
2026-07-27 03:34:40,1143.42,3999,20,143.3688,199.6555,3.5,227650.375,,,,0.149423,5.370016,0.537002,6e-06,0.017477,0.0,1.0,0.0,0.0,0.0,100.0,32.07808,0.553899,0.998745
2026-07-27 03:35:41,1204.06,4199,21,104.9554,195.146,3.5,244063.078125,,,,0.1352,3.734867,0.373487,5e-06,0.036283,0.0,1.0,0.0,0.0,0.0,100.0,32.174776,0.645943,0.998745
2026-07-27 03:36:41,1264.79,4399,22,77.2247,189.7859,3.5,162228.9375,,,,0.122331,2.836598,0.28366,2e-06,1.102115,7.0,8.0,0.0,3.813627,3.813627,96.186373,30.6857,0.690055,0.998745
2026-07-27 03:37:42,1325.55,4599,23,100.1934,185.8906,3.5,165855.15625,,,,0.110687,3.529286,0.352929,7e-06,0.012074,0.0,1.0,0.0,0.0,0.0,100.0,31.910807,0.682715,0.998745
2026-07-27 03:38:43,1386.47,4799,24,90.2949,181.9074,3.5,118647.03125,,,,0.100151,3.312068,0.331207,5e-06,0.020738,0.0,1.0,0.0,0.0,0.0,100.0,31.84896,0.667814,0.998745
2026-07-27 03:39:44,1447.42,4999,25,104.7749,178.8221,3.5,162951.578125,,,,0.090618,3.794135,0.379414,7e-06,0.011576,0.0,1.0,0.0,0.0,0.0,100.0,32.06528,0.719512,0.998745
2026-07-27 03:40:45,1508.31,5199,26,75.8307,174.8609,3.4,121444.53125,,,,0.081993,3.752358,0.375236,3e-06,0.65301,10.0,10.0,6.169234,8.745749,14.914983,85.085017,27.081246,0.722178,0.998745
2026-07-27 03:41:46,1569.14,5399,27,101.4026,172.1402,3.4,85386.8125,,,,0.074188,3.854464,0.385446,8e-06,0.011977,0.0,1.0,0.0,0.0,0.0,100.0,31.95392,0.739988,0.998745
2026-07-27 03:42:46,1629.57,5599,28,164.8252,171.879,3.4,70197.625,,,,0.067127,5.729949,0.572995,1e-05,0.005891,0.0,0.0,0.0,0.0,0.0,100.0,32.15744,0.770935,0.998745
2026-07-27 03:43:47,1690.3,5799,29,123.6976,170.2176,3.4,119648.421875,,,,0.060737,5.332415,0.533241,0.341827,0.238845,0.0,10.0,9.004494,8.002227,17.006722,82.993278,26.613289,0.654437,0.998745
2026-07-27 03:44:48,1750.92,5999,30,181.6008,170.597,3.4,76107.1875,,,,0.054956,6.066394,0.606639,1.945,0.006067,0.0,0.0,0.0,0.0,0.0,100.0,32.0704,0.736799,0.997895
2026-07-27 03:45:49,1812.17,6199,31,97.323,168.2333,3.4,52140.421875,,,,0.05,3.636659,0.363666,6e-06,1.033122,7.0,8.0,0.0,3.319932,3.319932,96.680068,30.916845,0.698033,0.997895
2026-07-27 03:46:50,1872.89,6399,32,148.3475,167.6119,3.4,67581.796875,,,,0.05,5.011286,0.501129,5e-06,0.025912,0.0,1.0,0.0,0.0,0.0,100.0,32.208769,0.693378,0.997895
2026-07-27 03:47:51,1933.83,6599,33,173.4394,167.7885,3.4,59398.167969,,,,0.05,6.225474,0.622547,1e-06,1.093517,6.0,8.0,1.538828,4.22781,5.766638,94.233362,30.220426,0.552186,0.997895
2026-07-27 03:48:51,1994.56,6799,34,185.3191,168.3041,3.4,59298.390625,,,,0.05,6.762522,0.676252,4e-06,1.721874,7.0,10.0,1.348181,5.667131,7.015311,92.984689,29.60744,0.584589,0.997895
2026-07-27 03:49:52,2055.35,6999,35,215.514,169.6529,3.4,66347.671875,,,,0.05,7.832873,0.783287,6e-06,1.289641,6.0,10.0,3.597892,6.078377,9.676269,90.323731,28.758732,0.469391,0.997895
2026-07-27 03:50:53,2115.96,7199,36,227.9236,171.2716,3.4,58606.164062,,,,0.05,8.859045,0.885904,5e-06,1.501063,7.0,10.0,6.547124,10.640067,17.187191,82.812809,25.882659,0.586131,0.997895
2026-07-27 03:51:54,2176.97,7399,37,89.9199,169.0729,3.4,55696.914062,,,,0.05,8.03481,0.803481,1.93185,4.617768,10.0,10.0,38.248702,37.388512,75.637214,24.362786,6.861297,0.510968,0.997895
2026-07-27 03:52:55,2237.99,7599,38,209.4999,170.1368,3.4,35365.980469,,,,0.05,11.362762,1.136276,1.929,4.388313,10.0,10.0,32.631663,34.967035,67.598697,32.401303,9.751266,0.436683,0.997895
2026-07-27 03:53:55,2298.72,7799,39,156.9275,169.7981,3.4,10121.820312,,,,0.05,10.083483,1.008348,1.650419,4.872626,10.0,10.0,36.566217,37.505948,74.072165,25.927835,7.350133,0.587336,0.997895
2026-07-27 03:54:56,2359.73,7999,40,170.5243,169.8162,3.4,758.363525,,,,0.05,10.344071,1.034407,1.94295,4.837075,10.0,10.0,34.915011,36.694399,71.60941,28.39059,8.443174,0.673455,0.999925
2026-07-27 03:55:57,2420.14,8199,41,243.2366,171.607,3.4,83.475632,,,,0.05,12.905883,1.290588,1.939,4.427798,10.0,10.0,35.995057,35.512677,71.507734,28.492266,8.281644,0.608792,0.999925
2026-07-27 03:56:58,2481.08,8399,42,284.0913,174.2852,3.4,2.214789,,,,0.05,15.500489,1.550049,1.9399,4.511759,10.0,10.0,36.805002,36.466465,73.271467,26.728533,7.737093,0.712656,0.999925
2026-07-27 03:57:58,2541.65,8599,43,116.078,172.9315,3.4,1.780826,,,,0.05,8.592345,0.859234,1.931,4.843061,10.0,10.0,35.751874,36.469463,72.221336,27.778664,7.900173,0.549382,0.999925
2026-07-27 03:58:59,2602.72,8799,44,94.6826,171.1531,3.4,5.803493,,,,0.05,8.224487,0.822449,1.929,4.422295,10.0,10.0,39.676969,37.228315,76.905284,23.094716,6.617407,0.584168,0.999925
2026-07-27 04:00:00,2663.47,8999,45,37.8812,168.1915,3.4,6.668735,,,,0.05,6.179448,0.617945,1.928,4.94808,10.0,10.0,38.335268,37.158186,75.493454,24.506546,7.203961,0.68453,0.999925
2026-07-27 04:01:01,2724.39,9199,46,-35.0043,163.7742,3.4,7.638611,,,,0.05,3.697792,0.369779,1.927,4.250131,10.0,10.0,38.363396,35.603728,73.967124,26.032876,7.324776,0.782667,0.999925
2026-07-27 04:02:02,2785.28,9399,47,16.514,160.641,3.4,0.996085,,,,0.05,5.458674,0.545867,1.927,4.799037,10.0,10.0,38.100175,37.250758,75.350933,24.649067,6.914289,0.684497,0.999925
2026-07-27 04:03:03,2845.97,9599,48,-47.3998,156.3068,3.4,2.539066,,,,0.05,3.343371,0.334337,1.926,4.501641,10.0,10.0,38.088012,36.898011,74.986023,25.013977,7.02438,0.844091,0.999925
2026-07-27 04:04:03,2906.68,9799,49,1.8286,153.1542,3.4,1.527665,,,,0.05,5.026279,0.502628,1.92495,4.933877,10.0,10.0,38.346403,37.466661,75.813065,24.186935,6.919603,0.764222,0.999925
2026-07-27 04:05:04,2967.68,9999,50,10.4229,150.2996,3.4,5.48429,,,,0.05,4.915984,0.491598,1.92395,4.412068,10.0,10.0,34.907761,35.269561,70.177322,29.822678,8.701151,0.749531,1.00598
2026-07-27 04:06:05,3028.52,10199,51,-20.1922,146.9566,3.4,1.423515,,,,0.05,4.252728,0.425273,1.925,4.305784,10.0,10.0,38.743727,36.325978,75.069704,24.930296,7.330661,0.777873,1.00598
2026-07-27 04:07:06,3089.4,10399,52,-43.5318,143.2934,3.4,2.238825,,,,0.05,3.544022,0.354402,1.925,5.122563,10.0,10.0,37.510483,37.96973,75.480212,24.519788,6.894375,0.811178,1.00598
2026-07-27 04:08:07,3150.34,10599,53,-69.9472,139.27,3.4,4.043082,,,,0.05,2.927164,0.292716,1.925,4.220548,10.0,10.0,41.956113,37.339622,79.295735,20.704265,5.609604,0.873147,1.00598
2026-07-27 04:09:08,3210.96,10799,54,-12.2742,136.4636,3.4,0.955588,,,,0.05,4.401246,0.440125,1.93295,5.276813,10.0,10.0,36.312535,37.095479,73.408014,26.591986,7.892516,0.770354,1.00598
2026-07-27 04:10:08,3271.7,10999,55,-15.6542,133.6978,3.4,0.908036,,,,0.05,4.251994,0.425199,0.581377,4.937428,10.0,10.0,36.175939,36.53344,72.709379,27.290621,7.736795,0.651185,1.00598
2026-07-27 04:11:09,3332.61,11199,56,14.4997,131.5693,3.4,0.44872,,,,0.05,4.593154,0.459315,4.2e-05,3.692703,10.0,10.0,30.398012,32.911139,63.309151,36.690849,11.721062,0.753793,1.00598
2026-07-27 04:12:10,3393.42,11399,57,78.0821,130.6309,3.4,0.296782,,,,0.05,2.865386,0.286539,6e-06,0.009882,0.0,0.0,0.0,0.0,0.0,100.0,31.99488,0.846891,1.00598
2026-07-27 04:13:11,3454.29,11599,58,53.2095,129.2961,3.4,0.389152,,,,0.05,2.178038,0.217804,8e-06,1.480486,7.0,8.0,0.0,3.921726,3.921726,96.078274,30.4693,0.855215,1.00598
2026-07-27 04:14:12,3515.2,11799,59,56.1461,128.0562,3.4,0.17293,,,,0.05,2.140872,0.214087,9e-06,0.007714,0.0,0.0,0.0,0.0,0.0,100.0,32.19072,0.877189,1.00598
2026-07-27 04:15:13,3576.08,11999,60,77.2237,127.209,3.4,0.451862,,,,0.05,3.198724,0.319872,1.2e-05,0.003818,0.0,0.0,0.0,0.0,0.0,100.0,32.18432,0.85086,1.00912
2026-07-27 04:16:13,3636.7,12199,61,94.0731,126.6658,3.4,0.214131,,,,0.05,4.14919,0.414919,5e-06,1.14368,10.0,10.0,0.636535,7.75051,8.387045,91.612955,29.131792,0.800759,1.00912
2026-07-27 04:17:14,3697.48,12399,62,112.0448,126.43,3.4,0.392623,,,,0.05,4.282476,0.428248,7e-06,0.005861,0.0,0.0,0.0,0.0,0.0,100.0,31.88352,0.819127,1.00912
2026-07-27 04:18:15,3758.26,12599,63,184.5337,127.3523,3.4,0.318548,,,,0.05,6.29131,0.629131,1.2e-05,0.004335,0.0,0.0,0.0,0.0,0.0,100.0,31.8912,0.805874,1.00912
2026-07-27 04:19:16,3819.13,12799,64,218.3555,128.7742,3.4,0.106951,,,,0.05,7.335371,0.733537,1.9779,0.01457,0.0,1.0,0.0,0.0,0.0,100.0,31.8912,0.788817,1.00912
2026-07-27 04:20:17,3880.17,12999,65,169.2375,129.3967,3.4,0.672775,,,,0.05,5.641862,0.564186,1.9649,0.03282,0.0,1.0,0.0,0.0,0.0,100.0,31.9808,0.784614,1.00912
2026-07-27 04:21:18,3940.88,13199,66,234.4069,130.9878,3.3,0.367687,,,,0.05,7.948237,0.794824,1.954,0.00424,0.0,0.0,0.0,0.0,0.0,100.0,32.0,0.740974,1.00912
2026-07-27 04:22:19,4001.91,13399,67,198.0916,131.9893,3.3,0.064219,,,,0.05,6.68592,0.668592,1.941,0.005542,0.0,0.0,0.0,0.0,0.0,100.0,32.10368,0.727787,1.00912
2026-07-27 04:23:19,4062.58,13599,68,229.1658,133.4184,3.3,0.242042,,,,0.05,7.706384,0.770638,1.95095,0.003849,0.0,0.0,0.0,0.0,0.0,100.0,32.261417,0.765232,1.00912
2026-07-27 04:24:20,4123.5,13799,69,115.9354,133.165,3.3,0.187756,,,,0.05,3.864513,0.386451,1.944,0.009402,0.0,0.0,0.0,0.0,0.0,100.0,32.128,0.855588,1.00912
2026-07-27 04:25:21,4184.19,13999,70,212.1689,134.2936,3.3,0.214164,,,,0.05,7.264638,0.726464,1.941,0.012669,0.0,1.0,0.0,0.0,0.0,100.0,32.02688,0.64494,1.007998
2026-07-27 04:26:22,4245.26,14199,71,190.0924,135.0795,3.3,0.207332,,,,0.05,6.376512,0.637651,1.94495,0.006887,0.0,0.0,0.0,0.0,0.0,100.0,32.15488,0.671476,1.007998
2026-07-27 04:27:23,4306.18,14399,72,139.7312,135.1441,3.3,0.50809,,,,0.05,4.930645,0.493064,1.95295,1.120878,8.0,8.0,0.0,4.628814,4.628814,95.371186,30.316924,0.784343,1.007998
2026-07-27 04:28:24,4367.03,14599,73,133.8651,135.1266,3.3,0.306257,,,,0.05,5.322571,0.532257,1.574291,2.028361,10.0,10.0,3.061224,9.794311,12.855536,87.144464,27.422592,0.573407,1.007998
2026-07-27 04:29:25,4427.87,14799,74,201.6152,136.0251,3.3,0.224968,,,,0.05,6.756776,0.675678,1.95595,0.005581,0.0,0.0,0.0,0.0,0.0,100.0,31.87712,0.777304,1.007998
2026-07-27 04:30:25,4488.59,14999,75,207.1053,136.9728,3.3,0.130222,,,,0.05,6.966666,0.696667,1.948,0.012352,0.0,1.0,0.0,0.0,0.0,100.0,31.9168,0.677019,1.007998
2026-07-27 04:31:26,4549.26,15199,76,195.0066,137.7365,3.3,0.232863,,,,0.05,6.579122,0.657912,1.94795,0.024257,0.0,1.0,0.0,0.0,0.0,100.0,31.92448,0.707975,1.007998
2026-07-27 04:32:27,4610.1,15399,77,126.2406,137.5872,3.3,0.24316,,,,0.05,4.845457,0.484546,1.884543,1.100842,10.0,10.0,1.050865,7.70368,8.754545,91.245455,29.080919,0.617431,1.007998
2026-07-27 04:33:28,4671.25,15599,78,176.7795,138.0896,3.3,0.329246,,,,0.05,6.016425,0.601643,1.936,0.006133,0.0,0.0,0.0,0.0,0.0,100.0,31.93216,0.593062,1.007998
2026-07-27 04:34:29,4732.2,15799,79,124.9952,137.9239,3.3,0.007027,,,,0.05,4.166505,0.416651,1.944,0.014342,0.0,1.0,0.0,0.0,0.0,100.0,31.952342,0.797001,1.007998
2026-07-27 04:35:30,4793.3,15999,80,115.7881,137.6472,3.3,0.544477,,,,0.05,3.859605,0.38596,1.94,0.215627,2.0,2.0,0.0,0.0,0.0,100.0,31.895646,0.764683,1.007044
2026-07-27 04:36:31,4854.15,16199,81,156.5035,137.88,3.3,0.240689,,,,0.05,5.881285,0.588129,1.79208,1.026591,10.0,10.0,1.853483,7.978383,9.831865,90.168135,28.677921,0.670621,1.007044
2026-07-27 04:37:32,4914.99,16399,82,161.4186,138.167,3.3,0.361555,,,,0.05,5.450422,0.545042,1.943,0.005152,0.0,0.0,0.0,0.0,0.0,100.0,32.04864,0.648377,1.007044
2026-07-27 04:38:32,4975.75,16599,83,132.1811,138.0949,3.3,0.540511,,,,0.05,4.406038,0.440604,1.92995,0.014298,0.0,1.0,0.0,0.0,0.0,100.0,32.22912,0.696319,1.007044
2026-07-27 04:39:33,5036.73,16799,84,107.859,137.735,3.3,0.134942,,,,0.05,3.595301,0.35953,1.9379,0.020561,0.0,1.0,0.0,0.0,0.0,100.0,32.24704,0.803725,1.007044
2026-07-27 04:40:34,5097.69,16999,85,166.5911,138.0744,3.3,0.262398,,,,0.05,5.567323,0.556732,1.93495,0.007508,0.0,0.0,0.0,0.0,0.0,100.0,32.39424,0.629869,1.007044
2026-07-27 04:41:35,5158.65,17199,86,219.5098,139.0214,3.3,0.247777,,,,0.05,7.427716,0.742772,1.94295,0.006629,0.0,0.0,0.0,0.0,0.0,100.0,32.24448,0.681385,1.007044
2026-07-27 04:42:36,5219.58,17399,87,95.4363,138.5204,3.3,0.387621,,,,0.05,3.380768,0.338077,1.931,0.985913,7.0,8.0,0.0,3.229021,3.229021,96.770979,30.892921,0.863189,1.007044
2026-07-27 04:43:37,5280.46,17599,88,116.5717,138.271,3.3,0.147048,,,,0.05,3.885722,0.388572,1.931,0.006718,0.0,0.0,0.0,0.0,0.0,100.0,32.01152,0.735106,1.007044
2026-07-27 04:44:38,5341.07,17799,89,73.336,137.5414,3.3,0.136557,,,,0.05,2.648877,0.264888,1.91395,1.106868,7.0,8.0,0.0,3.346844,3.346844,96.653156,30.638995,0.913621,1.007044
2026-07-27 04:45:39,5401.9,17999,90,129.1221,137.4478,3.3,0.347486,,,,0.05,4.304069,0.430407,1.921,0.021385,0.0,1.0,0.0,0.0,0.0,100.0,31.7824,0.678861,1.005999
2026-07-27 04:46:39,5462.77,18199,91,134.1132,137.4112,3.3,0.141622,,,,0.05,4.476628,0.447663,1.93295,0.005874,0.0,0.0,0.0,0.0,0.0,100.0,32.03456,0.699831,1.005999
2026-07-27 04:47:41,5523.83,18399,92,97.226,136.9744,3.3,0.606566,,,,0.05,3.240868,0.324087,1.921,0.013153,0.0,1.0,0.0,0.0,0.0,100.0,32.21248,0.816868,1.005999
2026-07-27 04:48:41,5584.56,18599,93,174.641,137.3794,3.3,0.370048,,,,0.05,5.921911,0.592191,1.93295,0.014508,0.0,1.0,0.0,0.0,0.0,100.0,32.20224,0.612406,1.005999
2026-07-27 04:49:42,5645.44,18799,94,219.2077,138.2499,3.3,0.00462,,,,0.05,7.347903,0.73479,1.96195,0.006342,0.0,0.0,0.0,0.0,0.0,100.0,32.2944,0.733343,1.005999
2026-07-27 04:50:43,5706.17,18999,95,190.9506,138.8046,3.3,0.242999,,,,0.05,7.013396,0.70134,1.771033,1.003298,10.0,10.0,1.728729,7.316298,9.045026,90.954974,29.117955,0.624157,1.005999
2026-07-27 04:51:44,5767.19,19199,96,213.0148,139.5777,3.3,0.375355,,,,0.05,7.137836,0.713784,1.96295,0.006617,0.0,0.0,0.0,0.0,0.0,100.0,32.11264,0.771286,1.005999
2026-07-27 04:52:45,5827.89,19399,97,196.3561,140.163,3.3,0.475236,,,,0.05,6.596376,0.659638,1.963,0.153735,1.0,3.0,0.0,0.0,0.0,100.0,31.905389,0.734732,1.005999
2026-07-27 04:53:46,5889.04,19599,98,219.9748,140.9774,3.3,0.46172,,,,0.05,7.914015,0.791401,1.962166,1.109547,10.0,10.0,0.488743,7.026681,7.515423,92.484577,29.39074,0.676797,1.005999
2026-07-27 04:54:47,5950.04,19799,99,208.9874,141.6644,3.3,0.813348,,,,0.05,7.065439,0.706544,1.946,0.01227,0.0,1.0,0.0,0.0,0.0,100.0,31.71328,0.640093,1.005999
2026-07-27 04:55:48,6010.86,19999,100,161.5406,141.8632,3.3,0.008143,,,,0.05,5.384688,0.538469,1.941,0.003878,0.0,0.0,0.0,0.0,0.0,100.0,31.68384,0.672493,1.004959
2026-07-27 04:56:49,6071.87,20199,101,140.1403,141.229,3.3,0.334731,,,,0.05,4.679818,0.467982,1.936,0.00675,0.0,0.0,0.0,0.0,0.0,100.0,31.47776,0.671762,1.004959
2026-07-27 04:57:49,6132.37,20399,102,111.9031,140.3946,3.3,0.807362,,,,0.05,3.88966,0.388966,1.93495,1.062048,7.0,8.0,0.0,2.793115,2.793115,97.206885,30.470272,0.772412,1.004959
2026-07-27 04:58:50,6193.24,20599,103,15.3529,138.8322,3.3,0.222399,,,,0.05,2.84035,0.284035,1.016368,3.304795,10.0,10.0,12.819369,22.584962,35.404331,64.595669,20.080132,0.644932,1.004959
2026-07-27 04:59:51,6254.03,20799,104,99.1931,137.2111,3.3,0.004029,,,,0.05,3.306436,0.330644,1.931,0.00555,0.0,0.0,0.0,0.0,0.0,100.0,31.8272,0.859372,1.004959
2026-07-27 05:00:52,6315.11,20999,105,152.5412,136.2625,3.3,0.350046,,,,0.05,5.098045,0.509804,1.936,0.004195,0.0,0.0,0.0,0.0,0.0,100.0,31.73504,0.711876,1.004959
2026-07-27 05:01:53,6375.92,21199,106,43.6255,134.1931,3.3,0.734372,,,,0.05,5.050669,0.505067,0.713696,2.580636,10.0,10.0,26.325551,28.13193,54.457482,45.542518,13.840332,0.617258,1.004959
2026-07-27 05:02:54,6436.92,21399,107,108.968,132.1973,3.3,0.240835,,,,0.05,6.3499,0.63499,1.934,2.206344,9.0,10.0,19.366607,22.874324,42.24093,57.75907,18.447478,0.660398,1.004959
2026-07-27 05:03:54,6497.64,21599,108,246.1679,132.3103,3.3,0.108594,,,,0.05,11.129222,1.112922,1.933,1.109326,7.0,10.0,18.904551,19.033427,37.937978,62.062022,18.722189,0.662066,1.004959
2026-07-27 05:04:55,6558.46,21799,109,187.3453,132.2441,3.3,0.44563,,,,0.05,10.827958,1.082796,1.933,4.691829,10.0,10.0,33.774194,35.120968,68.895161,31.104839,8.852492,0.52664,1.004959
2026-07-27 05:05:56,6619.1,21999,110,-34.5071,129.6697,3.3,0.517427,,,,0.05,3.472661,0.347266,1.277545,4.947337,10.0,10.0,35.365219,35.673404,71.038623,28.961377,8.652566,0.730933,1.006805
2026-07-27 05:06:57,6680.1,22199,111,30.0577,128.3565,3.3,0.181542,,,,0.05,3.40048,0.340048,0.774948,1.900524,8.0,10.0,17.25973,18.717236,35.976966,64.023034,20.372952,0.713982,1.006805
2026-07-27 05:07:58,6740.99,22399,112,169.0192,127.7755,3.3,0.33849,,,,0.05,5.633972,0.563397,4e-05,0.006932,0.0,0.0,0.0,0.0,0.0,100.0,31.9424,0.598562,1.006805
2026-07-27 05:08:59,6801.86,22599,113,173.9555,127.354,3.3,0.243143,,,,0.05,5.926196,0.59262,1.1e-05,0.006946,0.0,0.0,0.0,0.0,0.0,100.0,32.064,0.70394,1.006805
2026-07-27 05:09:59,6862.65,22799,114,156.0646,126.5902,3.3,0.342837,,,,0.05,5.202152,0.520215,1.9399,0.009872,0.0,0.0,0.0,0.0,0.0,100.0,32.02432,0.603702,1.006805
2026-07-27 05:11:00,6923.15,22999,115,44.3525,124.9153,3.3,0.082731,,,,0.05,3.42882,0.342882,1e-05,3.225549,10.0,10.0,9.598911,19.498039,29.09695,70.90305,22.317179,0.776919,1.006805
2026-07-27 05:12:01,6984.02,23199,116,156.3121,124.6016,3.3,0.1737,,,,0.05,5.210402,0.52104,1.93,0.010193,0.0,0.0,0.0,0.0,0.0,100.0,31.77216,0.73709,1.006805
2026-07-27 05:13:02,7044.87,23399,117,192.8897,125.8904,3.3,0.320836,,,,0.05,6.430993,0.643099,1.93685,0.003902,0.0,0.0,0.0,0.0,0.0,100.0,32.1472,0.702005,1.006805
2026-07-27 05:14:03,7105.89,23599,118,263.8905,127.0622,3.3,0.06729,,,,0.05,8.949149,0.894915,1.943,0.013258,0.0,1.0,0.0,0.0,0.0,100.0,32.05248,0.592029,1.006805
2026-07-27 05:15:03,7166.66,23799,119,254.8406,128.4869,3.3,0.318951,,,,0.05,8.509417,0.850942,1.94395,0.306276,3.0,5.0,0.0,0.0,0.0,100.0,31.980366,0.627544,1.006805
2026-07-27 05:16:04,7227.51,23999,120,231.9667,129.3728,3.3,0.007482,,,,0.05,7.812848,0.781285,1.94995,0.006012,0.0,0.0,0.0,0.0,0.0,100.0,32.14976,0.737639,1.006233
2026-07-27 05:17:05,7288.28,24199,121,208.6566,130.4099,3.3,0.152561,,,,0.05,7.272216,0.727222,1.94795,1.090567,7.0,8.0,0.0,4.609887,4.609887,95.390113,30.571068,0.669019,1.006233
2026-07-27 05:18:06,7348.87,24399,122,155.2527,131.1901,3.3,0.557547,,,,0.05,5.705071,0.570507,1.94095,2.304807,8.0,9.0,0.0,8.741049,8.741049,91.258951,28.838699,0.721732,1.006233
2026-07-27 05:19:06,7409.72,24599,123,202.6496,132.2147,3.3,0.265553,,,,0.05,6.762746,0.676275,1.93495,0.026353,0.0,1.0,0.0,0.0,0.0,100.0,32.10624,0.663157,1.006233
2026-07-27 05:20:07,7470.56,24799,124,222.6447,133.5382,3.3,0.079097,,,,0.05,7.430104,0.74301,1.93595,0.434565,3.0,5.0,0.0,0.039665,0.039665,99.960335,32.21776,0.601191,1.006233
2026-07-27 05:21:08,7531.57,24999,125,201.6915,134.5074,3.3,0.235687,,,,0.05,6.876103,0.68761,1.93295,0.977832,7.0,7.0,0.0,2.631998,2.631998,97.368002,31.122343,0.50533,1.006233
2026-07-27 05:22:09,7592.42,25199,126,178.7353,135.5364,3.3,0.133241,,,,0.05,5.957845,0.595784,1.934,0.083082,1.0,1.0,0.0,0.0,0.0,100.0,32.26227,0.69031,1.006233
2026-07-27 05:23:10,7653.2,25399,127,105.1566,135.5739,3.3,0.215033,,,,0.05,4.035933,0.403593,1.92195,1.252077,10.0,10.0,0.44165,7.989496,8.431146,91.568854,29.286744,0.641906,1.006233
2026-07-27 05:24:11,7714.23,25599,128,277.4314,136.7,3.3,0.162575,,,,0.05,9.293026,0.929303,1.9459,0.013439,0.0,1.0,0.0,0.0,0.0,100.0,32.09728,0.622617,1.006233
2026-07-27 05:25:12,7774.91,25799,129,184.1028,137.3041,3.3,0.068108,,,,0.05,6.15756,0.615756,1.935,0.009125,0.0,0.0,0.0,0.0,0.0,100.0,32.12416,0.630146,1.006233
2026-07-27 05:26:12,7835.58,25999,130,175.0641,137.2387,3.3,0.064009,,,,0.05,6.342002,0.6342,1.936,1.000438,10.0,10.0,0.923151,7.157415,8.080566,91.919434,29.26653,0.67618,1.005328
2026-07-27 05:27:13,7896.47,26199,131,172.6491,137.992,3.3,0.144661,,,,0.05,6.807305,0.68073,1.808337,2.096287,10.0,10.0,4.214988,11.801168,16.016156,83.983844,26.64713,0.579666,1.005328
2026-07-27 05:28:14,7957.57,26399,132,153.2099,138.0406,3.3,0.005664,,,,0.05,5.106996,0.5107,1.93295,0.008357,0.0,0.0,0.0,0.0,0.0,100.0,32.16384,0.630976,1.005328
2026-07-27 05:29:15,8018.51,26599,133,183.063,138.1368,3.3,0.283542,,,,0.05,6.110109,0.611011,1.92995,0.006282,0.0,0.0,0.0,0.0,0.0,100.0,32.19328,0.609172,1.005328
2026-07-27 05:30:16,8079.55,26799,134,154.1993,137.8256,3.3,0.059632,,,,0.05,5.139976,0.513998,1.93295,0.01816,0.0,1.0,0.0,0.0,0.0,100.0,31.9296,0.584256,1.005328
2026-07-27 05:31:17,8140.25,26999,135,167.5694,137.3462,3.3,0.39026,,,,0.05,5.587481,0.558748,1.932,0.008327,0.0,0.0,0.0,0.0,0.0,100.0,32.12544,0.612748,1.005328
2026-07-27 05:32:18,8201.08,27199,136,175.9614,136.8265,3.3,0.534538,,,,0.05,5.88516,0.588516,1.93795,0.569106,5.0,6.0,0.0,0.38477,0.38477,99.61523,31.65493,0.586117,1.005328
2026-07-27 05:33:18,8261.79,27399,137,82.6597,136.7539,3.3,0.399853,,,,0.05,3.772986,0.377299,1.203026,1.647183,7.0,10.0,6.653825,8.756722,15.410547,84.589453,26.711035,0.5945,1.005328
2026-07-27 05:34:19,8322.79,27599,138,184.2984,136.5019,3.3,0.069061,,,,0.05,6.195329,0.619533,1.93185,0.022227,0.0,1.0,0.0,0.0,0.0,100.0,31.904,0.723368,1.005328
2026-07-27 05:35:21,8383.8,27799,139,207.9962,137.0126,3.3,0.159502,,,,0.05,6.948921,0.694892,1.929,0.002008,0.0,0.0,0.0,0.0,0.0,100.0,31.872,0.709969,1.005328
2026-07-27 05:36:21,8444.71,27999,140,136.819,136.6756,3.3,0.613801,,,,0.05,4.560633,0.456063,1.937,0.011696,0.0,1.0,0.0,0.0,0.0,100.0,31.95648,0.820932,1.004437
2026-07-27 05:37:22,8505.1,28199,141,200.1326,136.2445,3.3,0.041967,,,,0.05,6.750366,0.675037,1.93395,0.010415,0.0,1.0,0.0,0.0,0.0,100.0,32.07808,0.711252,1.004437
2026-07-27 05:38:22,8565.72,28399,142,158.869,134.9923,3.3,0.099774,,,,0.05,5.464802,0.54648,1.93395,0.913618,7.0,8.0,0.0,2.836172,2.836172,97.163828,30.999439,0.768977,1.004437
2026-07-27 05:39:23,8626.76,28599,143,133.3796,135.1653,3.3,0.076017,,,,0.05,5.532953,0.553295,1.087776,0.420041,1.0,10.0,7.759341,8.189089,15.94843,84.05157,26.99813,0.671474,1.004437
2026-07-27 05:40:24,8687.17,28799,144,206.9934,136.2884,3.3,0.107601,,,,0.05,6.899779,0.689978,1.94795,0.006342,0.0,0.0,0.0,0.0,0.0,100.0,32.29184,0.768435,1.004437
2026-07-27 05:41:24,8747.55,28999,145,211.8421,138.028,3.3,0.088289,,,,0.05,7.888255,0.788825,1.514576,0.681534,10.0,10.0,4.869302,7.86978,12.739082,87.260918,27.87961,0.649755,1.004437
2026-07-27 05:42:25,8808.36,29199,146,194.3929,140.322,3.3,0.050508,,,,0.05,6.569103,0.65691,1.95395,0.94556,6.0,7.0,0.0,1.327469,1.327469,98.672531,31.41376,0.646153,1.004437
2026-07-27 05:43:26,8869.17,29399,147,245.5805,142.6127,3.3,0.11129,,,,0.05,8.186016,0.818602,1.95395,0.004778,0.0,0.0,0.0,0.0,0.0,100.0,32.14976,0.709074,1.004437
2026-07-27 05:44:26,8929.4,29599,148,233.6523,145.4232,3.3,0.559592,,,,0.05,7.788411,0.778841,1.946,0.002516,0.0,0.0,0.0,0.0,0.0,100.0,32.0448,0.646645,1.004437
2026-07-27 05:45:27,8990.2,29799,149,329.7035,148.7019,3.3,0.302113,,,,0.05,11.141074,1.114107,1.95095,0.008003,0.0,0.0,0.0,0.0,0.0,100.0,31.98848,0.60899,1.004437
2026-07-27 05:46:27,9050.8,29999,150,146.1956,150.0597,3.3,0.031591,,,,0.05,5.648043,0.564804,1.927,0.876043,10.0,10.0,3.415901,8.377946,11.793847,88.206153,28.111129,0.486174,1.003668
2026-07-27 05:47:28,9111.27,30199,151,251.0761,152.7723,3.3,0.099755,,,,0.05,8.369202,0.83692,1.93295,0.009477,0.0,0.0,0.0,0.0,0.0,100.0,32.00896,0.458113,1.003668
2026-07-27 05:48:28,9171.71,30399,152,100.7294,154.215,3.3,0.018018,,,,0.05,3.357647,0.335765,1.92595,0.050515,0.0,1.0,0.0,0.0,0.0,100.0,31.928045,0.794363,1.003668
2026-07-27 05:49:29,9232.44,30599,153,166.559,156.58,3.3,0.041337,,,,0.05,6.200955,0.620096,1.93,0.860949,10.0,10.0,2.658274,6.892266,9.550539,90.449461,28.69948,0.679988,1.003668
2026-07-27 05:50:30,9293.0,30799,154,107.5364,157.7781,3.3,0.018488,,,,0.05,3.806105,0.380611,1.928,1.050527,7.0,8.0,0.0,3.881789,3.881789,96.118211,30.627923,0.688954,1.003668
2026-07-27 05:51:30,9353.44,30999,155,50.8665,158.4433,3.3,0.541481,,,,0.05,2.999301,0.29993,1.92085,3.352097,10.0,10.0,3.91803,16.622554,20.540584,79.459416,24.934552,0.815158,1.003668
2026-07-27 05:52:31,9414.19,31199,156,183.54,160.1337,3.3,0.005245,,,,0.05,6.118002,0.6118,1.93795,0.006226,0.0,0.0,0.0,0.0,0.0,100.0,32.07424,0.609147,1.003668
2026-07-27 05:53:32,9474.93,31399,157,99.7787,160.3507,3.3,0.308091,,,,0.05,4.617909,0.461791,0.186102,0.037017,0.0,1.0,10.824536,8.489283,19.31382,80.68618,25.756733,0.609999,1.003668
2026-07-27 05:54:32,9535.31,31599,158,186.2107,161.6807,3.3,0.032867,,,,0.05,6.234541,0.623454,1.943,0.005708,0.0,0.0,0.0,0.0,0.0,100.0,32.06912,0.686627,1.003668
2026-07-27 05:55:32,9595.78,31799,159,172.8672,162.8479,3.3,0.005856,,,,0.05,6.196118,0.619612,1.94295,1.157951,9.0,10.0,0.039845,6.729888,6.769733,93.230267,29.771189,0.566108,1.003668
2026-07-27 05:56:33,9656.62,31999,160,225.8844,164.3345,3.3,0.013228,,,,0.05,8.381338,0.838134,1.943,2.337208,10.0,10.0,0.62676,12.908088,13.534849,86.465151,27.573598,0.645449,1.003173
2026-07-27 05:57:34,9717.06,32199,161,292.5141,166.3189,3.3,0.016211,,,,0.05,10.791867,1.079187,1.83847,0.608296,10.0,10.0,5.877193,8.054226,13.931419,86.068581,27.535556,0.642083,1.003173
2026-07-27 05:58:34,9777.53,32399,162,319.8663,168.3972,3.3,0.291758,,,,0.05,11.61016,1.161016,1.94495,0.69942,10.0,10.0,5.10347,8.089501,13.192971,86.807029,27.67097,0.546355,1.003173
2026-07-27 05:59:35,9838.18,32599,163,328.1501,169.8333,3.3,0.021802,,,,0.05,10.939858,1.093986,1.943,0.11932,1.0,2.0,0.0,0.0,0.0,100.0,32.17152,0.573171,1.003173
2026-07-27 06:00:36,9899.0,32799,164,276.5674,170.4154,3.3,0.038037,,,,0.05,9.218913,0.921891,1.93795,0.006146,0.0,0.0,0.0,0.0,0.0,100.0,32.27904,0.452467,1.003173
2026-07-27 06:01:36,9959.32,32999,165,196.9258,170.6923,3.3,0.012331,,,,0.05,7.377318,0.737732,1.9369,0.732899,10.0,10.0,4.443215,7.577974,12.021188,87.978812,28.354851,0.444406,1.003173
2026-07-27 06:02:37,10020.17,33199,166,259.1414,170.9397,3.3,0.374804,,,,0.05,8.8997,0.88997,1.93995,1.080938,8.0,8.0,0.0,4.40848,4.40848,95.59152,31.04391,0.515694,1.003173
2026-07-27 06:03:38,10081.17,33399,167,282.0504,171.7793,3.3,0.049744,,,,0.05,9.401679,0.940168,1.93795,0.006953,0.0,0.0,0.0,0.0,0.0,100.0,32.76928,0.501543,1.003173
2026-07-27 06:04:38,10141.41,33599,168,274.6018,172.2336,3.3,0.040905,,,,0.05,9.164221,0.916422,1.933,0.007272,0.0,0.0,0.0,0.0,0.0,100.0,32.38528,0.449374,1.003173
2026-07-27 06:05:39,10202.15,33799,169,181.5674,172.8899,3.3,0.00842,,,,0.05,7.122664,0.712266,1.91995,1.999661,10.0,10.0,4.494337,11.999521,16.493859,83.506141,26.455311,0.491378,1.003173
2026-07-27 06:06:40,10263.04,33999,170,254.851,173.3168,3.3,0.028899,,,,0.05,8.495034,0.849503,1.93,0.007605,0.0,0.0,0.0,0.0,0.0,100.0,31.97824,0.430374,1.002559
2026-07-27 06:07:40,10323.34,34199,171,143.1653,172.8475,3.3,0.051493,,,,0.05,4.772178,0.477218,1.928,0.00262,0.0,0.0,0.0,0.0,0.0,100.0,31.75296,0.661487,1.002559
2026-07-27 06:08:40,10383.72,34399,172,76.3518,172.2137,3.3,0.128731,,,,0.05,3.147292,0.314729,1.92495,2.351267,9.0,9.0,0.0,9.868157,9.868157,90.131843,28.33716,0.8526,1.002559
2026-07-27 06:09:41,10444.39,34599,173,128.4726,172.1598,3.3,0.025369,,,,0.05,4.392908,0.439291,1.93095,0.988432,6.0,7.0,0.0,1.840881,1.840881,98.159119,31.4247,0.669787,1.002559
2026-07-27 06:10:42,10505.15,34799,174,160.6891,171.7505,3.3,0.056814,,,,0.05,6.354689,0.635469,1.492736,0.499085,5.0,10.0,6.811428,8.043745,14.855173,85.144827,27.346665,0.533058,1.002559
2026-07-27 06:11:42,10565.61,34999,175,243.9769,172.1192,3.3,0.092682,,,,0.05,8.29103,0.829103,1.93395,0.992668,7.0,7.0,0.0,2.552195,2.552195,97.447805,31.247644,0.427032,1.002559
2026-07-27 06:12:43,10626.48,35199,176,350.8555,173.6777,3.3,0.347499,,,,0.05,12.044388,1.204439,1.93795,1.052017,9.0,10.0,0.111102,5.201968,5.31307,94.68693,30.368238,0.510064,1.002559
2026-07-27 06:13:44,10687.33,35399,177,253.2476,174.9478,3.3,0.044522,,,,0.05,8.823292,0.882329,1.93995,1.977302,9.0,9.0,0.0,6.168394,6.168394,93.831606,30.001506,0.42425,1.002559
2026-07-27 06:14:45,10747.94,35599,178,70.1109,173.8811,3.3,0.054414,,,,0.05,4.557831,0.455783,1.035839,2.009215,10.0,10.0,16.077388,17.487685,33.565072,66.434928,21.081455,0.522316,1.002559
2026-07-27 06:15:45,10808.36,35799,179,170.3959,174.3351,3.3,0.006798,,,,0.05,6.298771,0.629877,1.929,0.98781,10.0,10.0,1.994913,7.435225,9.430138,90.569862,29.033893,0.57354,1.002559
2026-07-27 06:16:46,10869.04,35999,180,271.3844,175.8911,3.3,0.060659,,,,0.05,9.062559,0.906256,1.929,0.007451,0.0,0.0,0.0,0.0,0.0,100.0,32.29696,0.649437,1.002168
2026-07-27 06:17:46,10929.55,36199,181,105.008,175.3761,3.3,0.028755,,,,0.05,4.33939,0.433939,1.926,1.203532,10.0,10.0,4.781161,7.817951,12.599112,87.400888,27.959386,0.777378,1.002168
2026-07-27 06:18:47,10990.16,36399,182,197.8462,175.7404,3.3,0.020686,,,,0.05,6.612824,0.661282,1.92295,0.003696,0.0,0.0,0.0,0.0,0.0,100.0,32.20352,0.725899,1.002168
2026-07-27 06:19:48,11051.06,36599,183,183.7973,176.2565,3.3,0.026328,,,,0.05,6.126578,0.612658,1.92995,0.033203,0.0,1.0,0.0,0.0,0.0,100.0,32.34432,0.640634,1.002168
2026-07-27 06:20:48,11111.72,36799,184,193.1537,177.1095,3.3,0.355281,,,,0.05,6.452535,0.645253,1.93,0.062069,1.0,1.0,0.0,0.0,0.0,100.0,32.109988,0.764297,1.002168
2026-07-27 06:21:49,11171.89,36999,185,133.7619,176.7812,3.3,0.020471,,,,0.05,5.184447,0.518445,1.92695,0.901475,10.0,10.0,3.418464,8.074239,11.492703,88.507297,28.478192,0.677952,1.002168
2026-07-27 06:22:49,11232.36,37199,186,108.2069,175.6682,3.3,0.020688,,,,0.05,3.652851,0.365285,1.92795,0.318125,3.0,7.0,0.0,0.804981,0.804981,99.195019,31.843658,0.778187,1.002168
2026-07-27 06:23:50,11293.13,37399,187,-2.9286,174.6845,3.3,0.011088,,,,0.05,2.222478,0.222248,1.772166,4.656397,10.0,10.0,11.108022,24.980143,36.088165,63.911835,20.192608,0.912079,1.002168
2026-07-27 06:24:50,11353.8,37599,188,-100.7871,172.5109,3.3,0.015652,,,,0.05,1.239428,0.123943,0.147593,3.713348,10.0,10.0,35.315867,34.32195,69.637817,30.362183,9.095248,0.592336,1.002168
2026-07-27 06:25:51,11414.39,37799,189,52.0529,172.2981,3.3,0.010267,,,,0.05,2.980106,0.298011,1.924,2.610222,10.0,10.0,4.347999,15.444123,19.792121,80.207879,25.632491,0.823986,1.002168
2026-07-27 06:26:52,11475.07,37999,190,202.2872,173.0298,3.3,0.009738,,,,0.05,6.976038,0.697604,1.4e-05,0.004754,0.0,0.0,0.0,0.0,0.0,100.0,32.03968,0.649004,1.002431
2026-07-27 06:27:52,11535.67,38199,191,255.4736,174.2434,3.3,0.008303,,,,0.05,8.515787,0.851579,1.94795,0.005754,0.0,0.0,0.0,0.0,0.0,100.0,32.032,0.604347,1.002431
2026-07-27 06:28:53,11596.0,38399,192,347.9326,176.7504,3.3,0.008043,,,,0.05,11.626705,1.162671,1.94495,0.003463,0.0,0.0,0.0,0.0,0.0,100.0,32.1536,0.614875,1.002431
2026-07-27 06:29:53,11656.73,38599,193,174.5742,176.7498,3.3,0.009145,,,,0.05,5.819141,0.581914,1.94395,0.060273,1.0,1.0,0.0,0.0,0.0,100.0,31.79136,0.61703,1.002431
2026-07-27 06:30:54,11717.5,38799,194,271.9346,177.277,3.3,0.011211,,,,0.05,9.546556,0.954656,1.939,1.16997,10.0,10.0,0.217243,7.454641,7.671883,92.328117,29.203367,0.515887,1.002431
2026-07-27 06:31:55,11777.99,38999,195,250.9262,177.8768,3.3,0.344484,,,,0.05,8.365462,0.836546,1.939,0.005772,0.0,0.0,0.0,0.0,0.0,100.0,31.93088,0.493302,1.002431
2026-07-27 06:32:55,11838.47,39199,196,176.8812,177.5155,3.3,0.008517,,,,0.05,5.89604,0.589604,1.94395,0.047286,0.0,1.0,0.0,0.0,0.0,100.0,31.887868,0.652056,1.002431
2026-07-27 06:33:56,11899.38,39399,197,284.6099,178.398,3.3,0.358193,,,,0.05,9.487877,0.948788,1.939,0.006535,0.0,0.0,0.0,0.0,0.0,100.0,31.72992,0.673925,1.002431
2026-07-27 06:34:57,11959.84,39599,198,149.3751,177.692,3.3,0.009476,,,,0.05,5.789212,0.578921,1.93595,0.762674,10.0,10.0,4.4448,7.984623,12.429424,87.570576,27.962329,0.70033,1.002431
2026-07-27 06:35:57,12020.34,39799,199,299.5961,178.5981,3.3,0.008636,,,,0.05,10.04212,1.004212,1.939,0.010032,0.0,0.81,0.0,0.0,0.0,100.0,32.1536,0.562144,1.002431
2026-07-27 06:36:58,12081.08,39999,200,192.4926,178.9076,3.3,0.702324,,,,0.05,6.943117,0.694312,1.93795,1.06143,10.0,10.0,1.044729,7.19393,8.238659,91.761341,29.412446,0.590039,1.001503
2026-07-27 06:37:59,12141.97,40199,201,174.7192,179.2534,3.3,0.010812,,,,0.05,5.988626,0.598863,1.94,0.909784,7.0,8.0,0.0,2.793407,2.793407,97.206593,31.228554,0.667811,1.001503
2026-07-27 06:38:59,12202.23,40399,202,201.8121,180.1525,3.3,0.355395,,,,0.05,6.727071,0.672707,1.947,0.027984,0.0,1.0,0.0,0.0,0.0,100.0,32.29312,0.650064,1.001503
2026-07-27 06:40:00,12262.81,40599,203,223.5986,182.2349,3.3,0.358565,,,,0.05,7.453286,0.745329,1.93995,0.008699,0.0,0.0,0.0,0.0,0.0,100.0,32.22272,0.63261,1.001503
2026-07-27 06:41:00,12323.7,40799,204,167.0753,182.9138,3.3,0.009654,,,,0.05,5.569178,0.556918,1.93295,0.07517,1.0,2.0,0.0,0.0,0.0,100.0,32.132388,0.636837,1.001503
2026-07-27 06:42:01,12384.29,40999,205,192.7789,183.3161,3.3,0.348284,,,,0.05,6.425964,0.642596,1.933,0.010125,0.0,1.0,0.0,0.0,0.0,100.0,31.98336,0.530499,1.001503
2026-07-27 06:43:01,12444.65,41199,206,103.5109,183.915,3.3,0.351978,,,,0.05,5.03626,0.503626,0.228791,1.391773,9.0,10.0,11.143554,13.075477,24.219031,75.780969,24.065095,0.480206,1.001503
2026-07-27 06:44:02,12505.36,41399,207,150.6122,184.3314,3.3,0.012437,,,,0.05,5.444634,0.544463,1.92995,1.173776,9.0,10.0,0.140208,6.673877,6.814085,93.185915,29.59619,0.676731,1.001503
2026-07-27 06:45:03,12565.99,41599,208,122.0921,183.0907,3.3,0.009885,,,,0.05,5.25527,0.525527,1.935,2.819579,10.0,10.0,4.217807,14.336545,18.554352,81.445648,25.518237,0.602495,1.001503
2026-07-27 06:46:03,12626.34,41799,209,133.0306,182.5475,3.3,0.011082,,,,0.05,5.861279,0.586128,1.02041,1.831853,10.0,10.0,7.81982,14.338338,22.158158,77.841842,24.542691,0.528612,1.001503
2026-07-27 06:47:04,12687.09,41999,210,120.2999,184.0956,3.3,0.008643,,,,0.05,4.291383,0.429138,1.928,1.077903,8.0,9.0,0.0,4.719516,4.719516,95.280484,30.23359,0.771691,1.001061
2026-07-27 06:48:04,12747.75,42199,211,282.6107,186.6211,3.3,0.343425,,,,0.05,9.504724,0.950472,1.94,0.003204,0.0,0.0,0.0,0.0,0.0,100.0,31.95776,0.550129,1.001061
2026-07-27 06:49:05,12808.2,42399,212,227.2233,187.2032,3.3,0.006974,,,,0.05,7.574109,0.757411,1.92995,0.007703,0.0,0.0,0.0,0.0,0.0,100.0,32.07168,0.527404,1.001061
2026-07-27 06:50:05,12868.62,42599,213,166.6341,187.13,3.3,0.007423,,,,0.05,5.721599,0.57216,1.93295,1.135798,6.0,8.0,0.0,2.875895,2.875895,97.124105,30.955837,0.633147,1.001061
2026-07-27 06:51:06,12929.42,42799,214,135.4915,186.9242,3.3,0.007994,,,,0.05,5.315253,0.531525,1.92895,3.422141,9.0,10.0,0.832702,12.53038,13.363082,86.636918,27.324537,0.624975,1.001061
2026-07-27 06:52:07,12990.01,42999,215,106.4698,187.5454,3.3,0.008204,,,,0.05,4.596923,0.459692,1.872931,1.962827,10.0,10.0,4.7903,11.822699,16.612999,83.387001,26.525004,0.672659,1.001061
2026-07-27 06:53:07,13050.34,43199,216,103.0967,187.0132,3.3,0.007371,,,,0.05,3.466735,0.346673,1.6e-05,0.043113,0.0,1.0,0.0,0.0,0.0,100.0,32.12416,0.814621,1.001061
2026-07-27 06:54:08,13111.12,43399,217,196.7929,187.0523,3.3,0.008055,,,,0.05,6.559765,0.655976,1.93395,0.003482,0.0,0.0,0.0,0.0,0.0,100.0,31.98464,0.606317,1.001061
2026-07-27 06:55:08,13171.8,43599,218,120.9281,185.6227,3.3,0.007663,,,,0.05,4.693771,0.469377,1.928,0.976255,10.0,10.0,2.411859,7.904647,10.316506,89.683494,28.524895,0.650044,1.001061
2026-07-27 06:56:09,13231.97,43799,219,169.3703,184.768,3.3,0.008553,,,,0.05,5.645678,0.564568,1.942,0.138902,1.0,3.0,0.0,0.0,0.0,100.0,32.041743,0.761231,1.001061
2026-07-27 06:57:09,13292.73,43999,220,218.9609,184.6379,3.3,0.010911,,,,0.05,7.309708,0.730971,1.934,0.010551,0.0,1.0,0.0,0.0,0.0,100.0,32.02688,0.561879,1.000262
2026-07-27 06:58:10,13353.6,44199,221,116.6171,183.7175,3.3,0.008071,,,,0.05,4.375138,0.437514,1.93795,1.952005,10.0,10.0,0.433074,7.22191,7.654984,92.345016,29.060215,0.753626,1.000262
2026-07-27 06:59:11,13413.95,44399,222,218.8912,184.3539,3.3,0.008204,,,,0.05,7.508847,0.750885,1.92795,0.980332,7.0,8.0,0.123911,3.01383,3.137741,96.862259,30.916843,0.707721,1.000262
2026-07-27 07:00:11,13474.51,44599,223,113.3748,183.4611,3.3,0.316994,,,,0.05,5.278933,0.527893,1.772799,3.474534,10.0,10.0,5.542005,18.22144,23.763445,76.236555,23.991674,0.598145,1.000262
2026-07-27 07:01:12,13535.42,44799,224,249.5268,183.73,3.3,0.013496,,,,0.05,8.317562,0.831756,1.93595,0.29943,2.0,3.0,0.0,0.0,0.0,100.0,31.878254,0.636673,1.000262
2026-07-27 07:02:13,13595.94,44999,225,300.5977,184.719,3.3,0.008957,,,,0.05,10.073303,1.00733,1.946,0.01129,0.0,1.0,0.0,0.0,0.0,100.0,31.8592,0.748677,1.000262
2026-07-27 07:03:13,13656.31,45199,226,217.8738,185.1104,3.3,0.318326,,,,0.05,7.513968,0.751397,1.942,1.11952,8.0,9.0,0.0,4.349048,4.349048,95.650952,30.308809,0.623749,1.000262
2026-07-27 07:04:14,13717.18,45399,227,192.0272,185.9791,3.3,0.315773,,,,0.05,6.402321,0.640232,1.943,0.023684,0.0,1.0,0.0,0.0,0.0,100.0,31.83232,0.742934,1.000262
2026-07-27 07:05:15,13777.99,45599,228,247.8868,185.6837,3.3,0.006109,,,,0.05,9.004955,0.900495,1.9489,0.94094,10.0,10.0,3.10349,8.098861,11.202351,88.797649,28.209989,0.59875,1.000262
2026-07-27 07:06:15,13838.35,45799,229,180.2561,185.6452,3.3,0.319103,,,,0.05,6.360875,0.636087,1.939,1.112759,9.0,9.0,0.0,5.751235,5.751235,94.248765,29.855145,0.641289,1.000262
2026-07-27 07:07:16,13898.99,45999,230,257.1956,186.4665,3.3,0.008719,,,,0.05,8.595021,0.859502,1.939,0.008617,0.0,0.0,0.0,0.0,0.0,100.0,31.936,0.582789,0.999586
2026-07-27 07:08:17,13959.86,46199,231,304.0392,187.7804,3.3,0.008578,,,,0.05,10.162232,1.016223,1.94095,0.008191,0.0,0.0,0.0,0.0,0.0,100.0,32.03456,0.553549,0.999586
2026-07-27 07:09:17,14020.19,46399,232,248.4063,188.7324,3.3,0.630889,,,,0.05,8.280779,0.828078,1.94695,0.014402,0.0,1.0,0.0,0.0,0.0,100.0,32.08448,0.603211,0.999586
2026-07-27 07:10:18,14080.84,46599,233,359.5756,190.4975,3.3,0.007878,,,,0.05,12.037663,1.203766,1.941,0.004593,0.0,0.0,0.0,0.0,0.0,100.0,32.04736,0.54801,0.999586
2026-07-27 07:11:18,14141.72,46799,234,218.7408,191.1429,3.3,0.009265,,,,0.05,8.133012,0.813301,1.849322,1.135529,10.0,10.0,4.76777,8.077397,12.845167,87.154833,27.857065,0.588871,0.999586
2026-07-27 07:12:19,14202.28,46999,235,234.2414,191.8096,3.3,0.328833,,,,0.05,7.808046,0.780805,1.939,0.004103,0.0,0.0,0.0,0.0,0.0,100.0,32.1344,0.639022,0.999586
2026-07-27 07:13:19,14262.56,47199,236,152.4773,191.5748,3.3,0.331449,,,,0.05,5.347258,0.534726,1.932,1.062628,8.0,8.0,0.0,4.392188,4.392188,95.607812,30.555672,0.649855,0.999586
2026-07-27 07:14:20,14323.34,47399,237,234.008,193.0883,3.3,0.007013,,,,0.05,7.800267,0.780027,1.934,0.006154,0.0,0.0,0.0,0.0,0.0,100.0,32.24064,0.598965,0.999586
2026-07-27 07:15:21,14384.12,47599,238,128.5132,192.5304,3.3,0.009425,,,,0.05,4.51299,0.451299,1.933,1.202486,7.0,8.0,0.0,3.89564,3.89564,96.10436,30.786766,0.696611,0.999586
2026-07-27 07:16:21,14444.46,47799,239,253.1092,192.9816,3.3,0.006779,,,,0.05,8.436972,0.843697,1.93495,0.008312,0.0,0.0,0.0,0.0,0.0,100.0,32.1856,0.574214,0.999586
2026-07-27 07:17:22,14505.07,47999,240,236.2883,193.9763,3.3,0.00839,,,,0.05,7.876277,0.787628,1.936,0.004125,0.0,0.0,0.0,0.0,0.0,100.0,32.2752,0.534912,0.998587
2026-07-27 07:18:23,14565.94,48199,241,328.7096,195.262,3.3,0.008683,,,,0.05,10.972188,1.097219,1.943,0.028766,0.0,1.0,0.0,0.0,0.0,100.0,32.30464,0.574262,0.998587
2026-07-27 07:19:23,14626.17,48399,242,348.1074,197.1544,3.3,0.334458,,,,0.05,11.63326,1.163326,1.943,0.128638,1.0,4.0,0.0,0.00795,0.00795,99.99205,32.190308,0.592714,0.998587
2026-07-27 07:20:24,14687.01,48599,243,272.6654,198.5473,3.3,0.331697,,,,0.05,9.295526,0.929553,1.941,0.932542,6.0,9.0,0.0,2.131806,2.131806,97.868194,31.06428,0.609502,0.998587
2026-07-27 07:21:25,14747.92,48799,244,363.3119,200.1104,3.3,0.008393,,,,0.05,12.136924,1.213692,1.93495,0.102888,1.0,1.0,0.0,0.0,0.0,100.0,32.135462,0.504883,0.998587
2026-07-27 07:22:25,14808.56,48999,245,317.7383,201.1694,3.3,0.015133,,,,0.05,11.432562,1.143256,1.935,2.57942,10.0,10.0,0.363738,11.379807,11.743545,88.256455,27.97285,0.630724,0.998587
2026-07-27 07:23:26,14868.93,49199,246,255.2928,201.7784,3.3,0.012007,,,,0.05,8.710025,0.871003,1.92495,1.481763,7.0,8.0,0.0,3.367824,3.367824,96.632176,30.603572,0.561084,0.998587
2026-07-27 07:24:27,14929.9,49399,247,1.5977,199.3386,3.3,0.010497,,,,0.05,3.544282,0.354428,0.514004,4.276028,10.0,10.0,23.745042,29.770442,53.515484,46.484516,14.336824,0.666745,0.998587
2026-07-27 07:25:27,14990.79,49599,248,316.2731,200.1648,3.3,0.367387,,,,0.05,11.069354,1.106935,1.93395,1.930162,8.0,9.0,0.0,5.871751,5.871751,94.128249,29.711289,0.514913,0.998587
2026-07-27 07:26:28,15051.04,49799,249,176.1581,198.6293,3.3,0.019308,,,,0.05,7.791811,0.779181,1.935,3.644038,10.0,10.0,7.29813,22.59498,29.89311,70.10689,22.05344,0.590689,0.998587
2026-07-27 07:27:28,15111.79,49999,250,163.2793,198.8002,3.3,0.010126,,,,0.05,6.713301,0.67133,1.92,3.05208,10.0,10.0,4.687812,15.61141,20.299222,79.700778,25.443353,0.643371,0.998598
2026-07-27 07:28:29,15172.66,50199,251,218.0503,198.4699,3.3,0.011359,,,,0.05,8.263791,0.826379,1.938,3.261145,10.0,10.0,1.808289,14.282285,16.090574,83.909426,26.350303,0.577287,0.998598
2026-07-27 07:29:30,15233.34,50399,252,275.0771,200.2134,3.3,0.012517,,,,0.05,9.748856,0.974886,1.931,1.098373,10.0,10.0,1.84179,7.09149,8.93328,91.06672,28.993117,0.501397,0.998598
2026-07-27 07:30:31,15293.94,50599,253,303.9816,201.5876,3.3,0.010367,,,,0.05,10.616797,1.06168,1.93495,2.773904,8.0,9.0,0.0,8.00208,8.00208,91.99792,28.97061,0.490823,0.998598
2026-07-27 07:31:31,15354.72,50799,254,347.8194,203.9904,3.3,0.365464,,,,0.05,11.911574,1.191157,1.935,0.730907,5.0,7.0,0.0,1.12224,1.12224,98.87776,31.442701,0.578527,0.998598
2026-07-27 07:32:32,15415.42,50999,255,163.4222,205.116,3.3,0.009845,,,,0.05,6.875988,0.687599,1.93995,4.748864,10.0,10.0,4.084422,18.998995,23.083417,76.916583,23.755166,0.665001,0.998598
2026-07-27 07:33:33,15476.1,51199,256,345.6193,206.7368,3.3,0.01163,,,,0.05,11.520643,1.152064,1.938,0.023448,0.0,1.0,0.0,0.0,0.0,100.0,31.988497,0.523953,0.998598
2026-07-27 07:34:34,15536.88,51399,257,206.3073,207.8021,3.3,0.012503,,,,0.05,8.220426,0.822043,1.942,2.098085,10.0,10.0,6.216476,14.802658,21.019134,78.980866,24.952642,0.580797,0.998598
2026-07-27 07:35:35,15598.1,51599,258,188.5231,207.8252,3.3,0.011291,,,,0.05,7.467627,0.746763,1.938,3.020478,10.0,10.0,4.71717,13.823706,18.540875,81.459125,25.529302,0.56261,0.998598
2026-07-27 07:36:35,15658.69,51799,259,279.3403,208.8899,3.3,0.011383,,,,0.05,9.311343,0.931134,1.93295,0.04158,0.0,1.0,0.0,0.0,0.0,100.0,32.046102,0.4887,0.998598
2026-07-27 07:37:36,15719.41,51999,260,283.7308,209.4684,3.3,0.012666,,,,0.05,9.990406,0.999041,1.9289,0.947712,10.0,10.0,1.746497,6.500181,8.246678,91.753322,29.097764,0.527304,0.998386
2026-07-27 07:38:37,15780.35,52199,261,359.3946,210.1372,3.3,0.012722,,,,0.05,12.001118,1.200112,1.93395,0.324432,2.0,4.0,0.0,0.0,0.0,100.0,31.73248,0.573763,0.998386
2026-07-27 07:39:38,15841.19,52399,262,109.6799,208.0353,3.3,0.009656,,,,0.05,5.725392,0.572539,1.931,6.264052,10.0,10.0,6.932242,25.695029,32.627272,67.372728,20.856369,0.655422,0.998386
2026-07-27 07:40:38,15901.72,52599,263,90.2928,205.6568,3.3,0.012521,,,,0.05,5.699499,0.56995,1.004095,4.304734,10.0,10.0,15.789684,25.341863,41.131547,58.868453,18.376967,0.613183,0.998386
2026-07-27 07:41:39,15962.6,52799,264,348.4314,206.3754,3.3,0.376108,,,,0.05,11.828091,1.182809,1.933,0.006096,0.0,0.0,0.0,0.0,0.0,100.0,32.33664,0.596372,0.998386
2026-07-27 07:42:40,16023.52,52999,265,251.0021,206.9162,3.3,0.014348,,,,0.05,8.553378,0.855338,1.9329,0.878769,7.0,8.0,0.0,3.262367,3.262367,96.737633,31.284572,0.538869,0.998386
2026-07-27 07:43:41,16084.15,53199,266,155.887,205.8836,3.3,0.377285,,,,0.05,7.709939,0.770994,1.93495,2.138026,10.0,10.0,17.441997,21.615043,39.057041,60.942959,19.501223,0.585949,0.998386
2026-07-27 07:44:42,16145.07,53399,267,239.9276,205.4624,3.3,0.015889,,,,0.05,8.629174,0.862917,1.931,1.745235,9.0,10.0,1.263917,8.43932,9.703237,90.296763,28.82586,0.640982,0.998386
2026-07-27 07:45:43,16206.09,53599,268,156.4876,204.2813,3.3,0.009231,,,,0.05,7.458178,0.745818,1.94495,4.829852,10.0,10.0,10.061267,24.916454,34.977721,65.022279,20.267055,0.564585,0.998386
2026-07-27 07:46:43,16266.64,53799,269,254.5364,205.0109,3.3,0.009139,,,,0.05,9.321458,0.932146,1.93095,1.421969,10.0,10.0,4.626221,8.504082,13.130303,86.869697,27.61634,0.679599,0.998386
2026-07-27 07:47:44,16327.42,53999,270,185.3486,204.3159,3.3,0.012571,,,,0.05,8.039359,0.803936,1.284176,2.530367,10.0,10.0,12.206894,16.611028,28.817922,71.182078,22.252922,0.446898,0.999137
2026-07-27 07:48:45,16388.37,54199,271,180.5463,204.6897,3.3,0.74616,,,,0.05,7.419465,0.741946,4.1e-05,1.149402,7.0,10.0,9.350461,10.224298,19.574759,80.425241,25.268712,0.535816,0.999137
2026-07-27 07:49:46,16449.02,54399,272,152.2056,205.4483,3.3,0.010513,,,,0.05,6.299064,0.629906,0.891254,1.604994,7.0,10.0,8.667898,9.828168,18.496066,81.503934,25.71715,0.472727,0.999137
2026-07-27 07:50:46,16509.74,54599,273,239.2596,206.5561,3.3,0.009998,,,,0.05,8.372555,0.837256,1.92895,1.839713,8.0,10.0,0.779304,5.56359,6.342894,93.657106,29.638535,0.614033,0.999137
2026-07-27 07:51:47,16570.56,54799,274,281.9729,207.769,3.3,0.014108,,,,0.05,9.44146,0.944146,1.94095,0.137133,1.0,3.0,0.0,0.0,0.0,100.0,31.7824,0.771948,0.999137
2026-07-27 07:52:48,16631.43,54999,275,180.402,207.1332,3.3,0.011486,,,,0.05,6.495885,0.649588,1.93295,1.706852,8.0,10.0,0.817099,6.915151,7.732249,92.267751,28.82582,0.630798,0.999137
2026-07-27 07:53:49,16692.27,55199,276,131.4158,204.9388,3.3,0.373716,,,,0.05,5.359069,0.535907,1.93295,1.634415,10.0,10.0,5.349099,9.958172,15.307272,84.692728,26.86754,0.603725,0.999137
2026-07-27 07:54:50,16752.99,55399,277,126.2089,203.6684,3.3,0.375692,,,,0.05,4.37978,0.437978,1.9299,0.674526,7.0,9.0,0.0,2.954637,2.954637,97.045363,30.94272,0.769113,0.999137
2026-07-27 07:55:51,16813.8,55599,278,143.7674,204.405,3.3,0.013579,,,,0.05,4.862424,0.486242,1.93,0.443619,4.0,7.0,0.064407,1.179454,1.243861,98.756139,31.355042,0.663552,0.999137
2026-07-27 07:56:51,16874.5,55799,279,177.5744,204.4768,3.3,0.012854,,,,0.05,5.919146,0.591915,1.92995,0.014153,0.0,1.0,0.0,0.0,0.0,100.0,31.83488,0.630992,0.999137
2026-07-27 07:57:52,16935.27,55999,280,85.358,202.6165,3.3,0.376021,,,,0.05,4.318822,0.431882,0.622068,2.55381,8.0,10.0,10.088106,12.631157,22.719263,77.280737,24.066899,0.599668,0.998851
2026-07-27 07:58:53,16996.18,56199,281,172.2636,203.2891,3.3,0.366756,,,,0.05,5.952325,0.595232,3.8e-05,0.657619,4.0,10.0,0.527937,2.91965,3.447586,96.552414,30.902439,0.671767,0.998851
2026-07-27 07:59:53,17056.76,56399,282,213.7142,203.4478,3.3,0.014897,,,,0.05,7.123807,0.712381,1.932,0.020806,0.0,1.0,0.0,0.0,0.0,100.0,31.86816,0.573793,0.998851
2026-07-27 08:00:54,17117.49,56599,283,145.7941,203.0677,3.3,0.373715,,,,0.05,5.076676,0.507668,1.92395,1.260231,7.0,9.0,0.0,3.78803,3.78803,96.21197,30.432772,0.675158,0.998851
2026-07-27 08:01:55,17178.22,56799,284,130.2994,202.4392,3.3,0.012149,,,,0.05,4.726523,0.472652,1.92095,1.381246,8.0,10.0,0.923889,5.231372,6.155261,93.844739,29.894234,0.726241,0.998851
2026-07-27 08:02:56,17239.16,56999,285,184.6498,202.9481,3.3,0.361974,,,,0.05,6.549244,0.654924,1.921,1.23329,9.0,10.0,0.650263,5.808213,6.458475,93.541525,29.541145,0.536828,0.998851
2026-07-27 08:03:57,17299.86,57199,286,210.1146,203.9671,3.3,0.367423,,,,0.05,7.940436,0.794044,1.932,1.400439,10.0,10.0,5.328597,9.514775,14.843372,85.156628,26.901244,0.461358,0.998851
2026-07-27 08:04:57,17360.79,57399,287,233.7607,206.334,3.3,0.014892,,,,0.05,8.720848,0.872085,1.759223,0.647358,10.0,10.0,6.061212,8.505701,14.566913,85.433087,27.243199,0.440171,0.998851
2026-07-27 08:05:58,17421.59,57599,288,368.0668,211.0226,3.3,0.012265,,,,0.05,12.292052,1.229205,1.93195,0.23573,2.0,5.0,0.0,0.23175,0.23175,99.76825,31.955973,0.534895,0.998851
2026-07-27 08:06:59,17482.38,57799,289,339.7129,213.8992,3.3,0.010779,,,,0.05,11.362056,1.136206,1.93595,0.178459,1.0,5.0,0.0,0.23913,0.23913,99.76087,32.03968,0.485646,0.998851
2026-07-27 08:08:00,17542.96,57999,290,179.6172,213.6725,3.3,0.015531,,,,0.05,8.016144,0.801614,1.93895,4.55512,10.0,10.0,10.195081,21.55032,31.745401,68.254599,21.417137,0.560688,0.998421
2026-07-27 08:09:01,17603.99,58199,291,371.0804,214.8285,3.3,0.016526,,,,0.05,12.695114,1.269511,1.936,0.00225,0.0,0.0,0.0,0.0,0.0,100.0,32.4288,0.607032,0.998421
2026-07-27 08:10:01,17664.55,58399,292,327.2995,214.6222,3.3,0.376263,,,,0.05,11.029871,1.102987,1.937,0.010025,0.0,0.64,0.0,0.0,0.0,100.0,32.17536,0.622395,0.998421
2026-07-27 08:11:02,17725.23,58599,293,341.7537,216.294,3.3,0.011326,,,,0.05,11.39299,1.139299,1.942,0.018136,0.0,1.0,0.0,0.0,0.0,100.0,31.97184,0.668104,0.998421
2026-07-27 08:12:03,17786.12,58799,294,236.0817,215.9355,3.3,0.019413,,,,0.05,9.094207,0.909421,0.266793,0.122833,0.0,1.0,10.305512,7.98908,18.294592,81.705408,25.858968,0.583101,0.998421
2026-07-27 08:13:04,17846.92,58999,295,197.8978,215.4052,3.3,0.02136,,,,0.05,7.288437,0.728844,1.93295,0.905748,10.0,10.0,3.026157,7.605634,10.631791,89.368209,28.300554,0.551717,0.998421
2026-07-27 08:14:04,17907.53,59199,296,307.0765,216.7071,3.3,0.012808,,,,0.05,10.258134,1.025813,1.933,0.002215,0.0,0.0,0.0,0.0,0.0,100.0,31.78752,0.489537,0.998421
2026-07-27 08:15:05,17968.23,59399,297,222.1526,216.0826,3.3,0.025339,,,,0.05,8.639281,0.863928,0.06488,0.084982,0.0,1.0,10.290396,8.245973,18.53637,81.46363,25.816733,0.409974,0.998421
2026-07-27 08:16:06,18029.11,59599,298,169.1483,216.2803,3.3,0.396604,,,,0.05,6.872443,0.687244,0.318088,0.100015,0.0,1.04,10.277443,8.27503,18.552473,81.447527,25.77591,0.478396,0.998421
2026-07-27 08:17:07,18089.83,59799,299,245.6428,215.7408,3.3,0.406903,,,,0.05,8.188095,0.818809,1.935,0.004636,0.0,0.0,0.0,0.0,0.0,100.0,31.75296,0.441665,0.998421
2026-07-27 08:18:07,18150.65,59999,300,183.5537,215.6514,3.3,0.014427,,,,0.05,6.194109,0.619411,1.93295,0.85847,6.0,7.0,0.0,1.380085,1.380085,98.619915,31.410462,0.536288,0.997891
2026-07-27 08:19:08,18211.38,60199,301,392.6209,217.8304,3.3,0.013036,,,,0.05,13.087362,1.308736,1.93595,0.006281,0.0,0.0,0.0,0.0,0.0,100.0,31.79008,0.490026,0.997891
2026-07-27 08:20:09,18272.25,60399,302,432.3594,220.1359,3.3,0.791531,,,,0.05,14.595504,1.45955,1.94095,0.004394,0.0,0.0,0.0,0.0,0.0,100.0,31.75296,0.591249,0.997891
2026-07-27 08:21:10,18332.82,60599,303,391.1747,221.8116,3.3,0.013799,,,,0.05,13.045708,1.304571,1.93795,0.002964,0.0,0.0,0.0,0.0,0.0,100.0,31.9616,0.551518,0.997891
2026-07-27 08:22:10,18393.56,60799,304,244.4472,222.5854,3.3,0.012728,,,,0.05,8.14824,0.814824,1.93295,0.020104,0.0,1.0,0.0,0.0,0.0,100.0,32.21632,0.490566,0.997891
2026-07-27 08:23:11,18454.23,60999,305,284.0272,223.4978,3.3,0.415882,,,,0.05,10.7453,1.07453,0.235393,0.015513,0.0,0.0,10.865335,8.629522,19.494857,80.505143,25.948881,0.429175,0.997891
2026-07-27 08:24:12,18514.83,61199,306,188.7349,224.3501,3.3,0.422532,,,,0.05,6.828736,0.682874,1.935,1.15153,10.0,10.0,1.035345,7.36245,8.397794,91.602206,29.431713,0.624343,0.997891
2026-07-27 08:25:12,18575.71,61399,307,232.6132,225.1701,3.3,0.011944,,,,0.05,8.225673,0.822567,1.93395,1.187705,10.0,10.0,0.130802,7.542907,7.673709,92.326291,29.638614,0.481984,0.997891
2026-07-27 08:26:13,18636.71,61599,308,271.6554,226.6657,3.3,0.012808,,,,0.05,9.057692,0.905769,1.93195,0.011257,0.0,1.0,0.0,0.0,0.0,100.0,32.29312,0.47901,0.997891
2026-07-27 08:27:14,18697.4,61799,309,262.3221,227.9586,3.3,0.422337,,,,0.05,9.333382,0.933338,1.935,0.979778,10.0,10.0,1.901838,7.20067,9.102508,90.897492,29.143973,0.511098,0.997891
2026-07-27 08:28:15,18758.15,61999,310,289.4189,229.6498,3.3,0.844608,,,,0.05,9.655276,0.965528,1.94,0.188965,1.0,2.0,0.0,0.0,0.0,100.0,31.898149,0.645478,0.997122
2026-07-27 08:29:16,18819.13,62199,311,285.6543,229.6803,3.3,0.834869,,,,0.05,9.521809,0.952181,1.93795,0.027361,0.0,1.0,0.0,0.0,0.0,100.0,31.90528,0.561031,0.997122
2026-07-27 08:30:17,18879.84,62399,312,231.2427,229.7205,3.3,0.419544,,,,0.05,8.558512,0.855851,1.937,0.737628,10.0,10.0,4.925752,8.507385,13.433136,86.566864,27.443046,0.528766,0.997122
2026-07-27 08:31:17,18940.63,62599,313,334.0685,231.3948,3.3,0.010632,,,,0.05,11.336241,1.133624,1.94095,1.251419,7.0,8.0,0.0,3.350287,3.350287,96.649713,30.435865,0.606028,0.997122
2026-07-27 08:32:18,19001.63,62799,314,229.9446,232.3393,3.3,0.010267,,,,0.05,7.882722,0.788272,1.935,1.040073,7.0,8.0,0.0,3.585147,3.585147,96.414853,30.664719,0.597516,0.997122
2026-07-27 08:33:19,19062.54,62999,315,221.2833,233.4875,3.3,0.008483,,,,0.05,8.53062,0.853062,1.93495,2.094792,10.0,10.0,4.519932,14.029708,18.54964,81.45036,25.874655,0.63176,0.997122
2026-07-27 08:34:20,19123.13,63199,316,198.438,234.4409,3.3,0.009601,,,,0.05,7.355066,0.735507,1.93595,0.93767,10.0,10.0,3.369937,7.949391,11.319328,88.680672,28.34069,0.591577,0.997122
2026-07-27 08:35:20,19183.74,63399,317,233.4955,234.8079,3.3,0.010077,,,,0.05,9.328381,0.932838,1.938,2.383215,9.0,10.0,8.68061,15.450543,24.131153,75.868847,24.469476,0.565335,0.997122
2026-07-27 08:36:21,19244.69,63599,318,219.5369,235.794,3.3,0.008324,,,,0.05,7.716415,0.771642,1.93895,1.323042,7.0,8.0,1.231799,5.505706,6.737505,93.262495,30.143503,0.621782,0.997122
2026-07-27 08:37:22,19305.2,63799,319,266.1506,236.7618,3.3,0.007189,,,,0.05,8.871686,0.887169,1.942,0.024403,0.0,1.0,0.0,0.0,0.0,100.0,32.31104,0.549072,0.997122
2026-07-27 08:38:23,19366.2,63999,320,152.1386,236.0936,3.3,0.011702,,,,0.05,6.015657,0.601566,1.788727,0.580681,10.0,10.0,6.288959,8.01604,14.304999,85.695001,27.534141,0.600339,0.996831
2026-07-27 08:39:24,19427.1,64199,321,190.6548,236.834,3.3,0.008396,,,,0.05,8.585573,0.858557,1.934,1.474623,9.0,10.0,16.154884,19.122431,35.277315,64.722685,20.886458,0.459325,0.996831
2026-07-27 08:40:25,19487.82,64399,322,98.9515,235.6346,3.3,0.009027,,,,0.05,4.654592,0.465459,1.763767,1.97897,10.0,10.0,6.449035,14.855956,21.304991,78.695009,24.93199,0.678142,0.996831
2026-07-27 08:41:25,19548.53,64599,323,117.6056,235.6769,3.3,0.012158,,,,0.05,3.920188,0.392019,1.936,0.284117,2.0,4.0,0.0,0.0,0.0,100.0,31.94697,0.673271,0.996831
2026-07-27 08:42:26,19609.46,64799,324,261.421,235.7958,3.3,0.01026,,,,0.05,8.714032,0.871403,1.93895,0.008512,0.0,0.0,0.0,0.0,0.0,100.0,31.8784,0.492193,0.996831
2026-07-27 08:43:27,19670.33,64999,325,374.0003,236.5298,3.3,0.006948,,,,0.05,12.466676,1.246668,1.93995,0.007407,0.0,0.0,0.0,0.0,0.0,100.0,31.79776,0.527445,0.996831
2026-07-27 08:44:28,19730.93,65199,326,398.0141,238.3312,3.3,0.009689,,,,0.05,13.604353,1.360435,1.949,0.957345,7.0,8.0,0.0,2.954573,2.954573,97.045427,30.638419,0.53723,0.996831
2026-07-27 08:45:28,19791.73,65399,327,325.4278,239.6652,3.3,0.423752,,,,0.05,10.847594,1.084759,1.93395,0.001327,0.0,0.0,0.0,0.0,0.0,100.0,31.84,0.465014,0.996831
2026-07-27 08:46:29,19852.52,65599,328,168.1712,238.8681,3.3,0.420851,,,,0.05,7.209887,0.720989,1.933,1.850215,10.0,10.0,8.564181,16.399581,24.963762,75.036238,23.701021,0.399526,0.996831
2026-07-27 08:47:30,19913.43,65799,329,206.2871,239.1284,3.3,0.010962,,,,0.05,6.876235,0.687624,1.924,0.007497,0.0,0.0,0.0,0.0,0.0,100.0,31.92704,0.604241,0.996831
2026-07-27 08:48:31,19973.83,65999,330,174.6397,238.3028,3.3,0.00964,,,,0.05,5.821324,0.582132,1.92795,0.005953,0.0,0.0,0.0,0.0,0.0,100.0,32.03712,0.707856,0.996438
2026-07-27 08:49:32,20034.9,66199,331,270.1962,237.9644,3.3,0.83529,,,,0.05,9.006541,0.900654,1.92795,0.036956,0.0,1.0,0.0,0.0,0.0,100.0,32.004572,0.442905,0.996438
2026-07-27 08:50:32,20095.44,66399,332,146.3977,236.9443,3.3,0.421809,,,,0.05,5.383814,0.538381,1.934,1.159395,10.0,10.0,0.671114,7.370271,8.041385,91.958615,29.388806,0.626515,0.996438
2026-07-27 08:51:33,20156.2,66599,333,243.5828,235.7844,3.3,0.011361,,,,0.05,8.434072,0.843407,1.937,1.027822,9.0,10.0,0.076146,4.957518,5.033665,94.966335,30.276088,0.544933,0.996438
2026-07-27 08:52:33,20216.73,66799,334,277.6359,236.3733,3.3,0.009762,,,,0.05,9.254529,0.925453,1.93195,0.005733,0.0,0.0,0.0,0.0,0.0,100.0,31.92576,0.501096,0.996438
2026-07-27 08:53:34,20277.57,66999,335,271.3515,236.7444,3.3,0.41594,,,,0.05,9.04505,0.904505,1.925,0.003182,0.0,0.0,0.0,0.0,0.0,100.0,31.77984,0.664542,0.996438
2026-07-27 08:54:35,20338.21,67199,336,318.5085,238.4048,3.3,0.416679,,,,0.05,10.617132,1.061713,1.927,0.0004,0.0,0.0,0.0,0.0,0.0,100.0,31.96288,0.4686,0.996438
2026-07-27 08:55:36,20399.13,67399,337,323.5981,239.3007,3.3,0.012057,,,,0.05,10.786602,1.07866,1.929,0.004813,0.0,0.0,0.0,0.0,0.0,100.0,31.91296,0.451202,0.996438
2026-07-27 08:56:37,20459.93,67599,338,343.7123,241.4526,3.3,0.839511,,,,0.05,11.457075,1.145708,1.934,0.015297,0.0,1.0,0.0,0.0,0.0,100.0,32.048321,0.508034,0.996438
2026-07-27 08:57:37,20520.51,67799,339,318.5626,242.1072,3.3,0.013001,,,,0.05,11.86196,1.186196,0.320821,0.11494,0.0,9.0,10.120021,8.138283,18.258304,81.741696,26.087797,0.449697,0.996438
2026-07-27 08:58:38,20581.32,67999,340,359.2612,243.3369,3.3,0.426072,,,,0.05,11.975372,1.197537,1.93595,0.0076,0.0,0.0,0.0,0.0,0.0,100.0,32.17024,0.503272,0.995546
2026-07-27 08:59:39,20642.26,68199,341,229.6479,242.3463,3.3,0.013469,,,,0.05,8.457844,0.845784,1.93995,1.207026,10.0,10.0,4.30645,8.161062,12.467512,87.532488,27.749824,0.481236,0.995546
2026-07-27 09:00:40,20703.01,68399,342,287.0116,241.7353,3.3,0.010433,,,,0.05,10.085598,1.00856,1.94395,1.37074,10.0,10.0,1.296674,7.079681,8.376356,91.623644,29.005849,0.521996,0.995546
2026-07-27 09:01:40,20763.43,68599,343,299.9155,242.0078,3.3,0.015342,,,,0.05,10.087405,1.008741,1.94095,0.890806,6.0,7.0,0.0,1.605213,1.605213,98.394787,31.521608,0.552501,0.995546
2026-07-27 09:02:41,20824.55,68799,344,236.7571,240.7423,3.3,0.014438,,,,0.05,9.175521,0.917552,0.039313,0.017306,0.0,1.0,10.893921,8.351212,19.245133,80.754867,25.853922,0.430916,0.995546
2026-07-27 09:03:42,20885.33,68999,345,328.0905,240.8458,3.3,0.009225,,,,0.05,12.094448,1.209445,0.775864,0.24734,0.0,10.0,9.026973,7.724276,16.751249,83.248751,26.614639,0.505457,0.995546
2026-07-27 09:04:43,20946.16,69199,346,330.2622,241.5955,3.3,0.008161,,,,0.05,11.010922,1.101092,1.94,0.019464,0.0,1.0,0.0,0.0,0.0,100.0,32.15744,0.602946,0.995546
2026-07-27 09:05:44,21006.86,69399,347,368.5762,245.2653,3.3,0.01144,,,,0.05,12.458931,1.245893,1.937,0.012716,0.0,1.0,0.0,0.0,0.0,100.0,32.11008,0.53185,0.995546
2026-07-27 09:06:44,21067.73,69599,348,154.1287,243.6438,3.3,0.024583,,,,0.05,6.537179,0.653718,0.151168,1.232996,7.0,7.0,10.721279,10.645355,21.366633,78.633367,24.90983,0.419305,0.995546
2026-07-27 09:07:45,21128.29,69799,349,265.953,244.5418,3.3,0.010104,,,,0.05,8.8651,0.88651,1.929,0.020682,0.0,1.0,0.0,0.0,0.0,100.0,31.99744,0.430869,0.995546
2026-07-27 09:08:46,21189.02,69999,350,298.0133,245.8891,3.3,0.008345,,,,0.05,9.952005,0.995201,1.93195,0.720206,4.0,6.0,0.0,0.327502,0.327502,99.672498,31.749944,0.456467,0.995139
2026-07-27 09:09:47,21249.98,70199,351,185.2374,245.561,3.3,0.450055,,,,0.05,6.736012,0.673601,1.934,1.129871,10.0,10.0,1.279437,7.516693,8.79613,91.20387,29.077469,0.502513,0.995139
2026-07-27 09:10:47,21310.66,70399,352,247.0753,245.281,3.3,0.459404,,,,0.05,9.338408,0.933841,1.123239,1.167881,6.0,10.0,8.098943,8.940754,17.039697,82.960303,26.510638,0.44285,0.995139
2026-07-27 09:11:48,21371.3,70599,353,268.6117,244.9273,3.3,0.009782,,,,0.05,8.993827,0.899383,1.943,0.010265,0.0,1.0,0.0,0.0,0.0,100.0,31.9232,0.608557,0.995139
2026-07-27 09:12:49,21432.22,70799,354,176.498,243.2141,3.3,0.009691,,,,0.05,7.028578,0.702858,1.936,2.37597,10.0,10.0,2.858401,15.521038,18.379439,81.620561,25.830068,0.573924,0.995139
2026-07-27 09:13:50,21492.95,70999,355,171.6308,243.2962,3.3,0.006856,,,,0.05,6.356584,0.635658,1.94,2.16573,10.0,10.0,1.102633,8.928928,10.031561,89.968439,28.278464,0.69609,0.995139
2026-07-27 09:14:50,21553.79,71199,356,337.0381,243.2103,3.3,0.009417,,,,0.05,11.344504,1.13445,1.941,0.808901,5.0,8.0,0.0,1.307738,1.307738,98.692262,31.295875,0.637625,0.995139
2026-07-27 09:15:51,21614.23,71399,357,310.2056,244.2493,3.3,0.008281,,,,0.05,10.775275,1.077527,1.94095,1.058509,10.0,10.0,0.805611,6.220441,7.026052,92.973948,29.528678,0.555364,0.995139
2026-07-27 09:16:52,21675.24,71599,358,429.4277,246.6584,3.3,0.009885,,,,0.05,15.186261,1.518626,1.94295,0.116424,1.0,2.0,0.0,0.0,0.0,100.0,31.93856,0.624851,0.995139
2026-07-27 09:17:53,21735.89,71799,359,244.4409,246.3094,3.3,0.00681,,,,0.05,9.717207,0.971721,1.945,3.976141,10.0,10.0,6.400611,18.566199,24.96681,75.03319,23.277666,0.611852,0.995139
2026-07-27 09:18:53,21796.63,71999,360,370.0748,247.1728,3.3,0.007973,,,,0.05,12.498596,1.24986,1.9389,0.0098,0.0,0.0,0.0,0.0,0.0,100.0,31.74016,0.548398,0.994769
2026-07-27 09:19:54,21857.57,72199,361,216.8515,245.7474,3.3,0.460131,,,,0.05,7.887936,0.788794,1.93895,2.810488,10.0,10.0,0.973816,9.685631,10.659447,89.340553,27.851957,0.527321,0.994769
2026-07-27 09:20:55,21918.54,72399,362,302.5511,247.6761,3.3,0.01023,,,,0.05,10.903747,1.090375,1.93395,0.820788,10.0,10.0,4.736459,7.699781,12.43624,87.56376,27.532404,0.502558,0.994769
2026-07-27 09:21:56,21979.03,72599,363,232.2805,249.096,3.3,0.008666,,,,0.05,8.481222,0.848122,1.9329,1.493374,10.0,10.0,3.8407,7.82725,11.66795,88.33205,27.720202,0.378613,0.994769
2026-07-27 09:22:56,22039.67,72799,364,274.0537,248.3522,3.3,0.00849,,,,0.05,9.16801,0.916801,1.93,0.036768,0.0,1.0,0.0,0.0,0.0,100.0,31.74912,0.524388,0.994769
2026-07-27 09:23:57,22100.57,72999,365,163.1559,247.4737,3.3,0.91869,,,,0.05,7.582509,0.758251,0.745514,5.114594,10.0,10.0,9.622996,24.151441,33.774437,66.225563,20.78155,0.559781,0.994769
2026-07-27 09:24:58,22161.28,73199,366,247.7675,248.3925,3.3,0.009443,,,,0.05,8.387622,0.838762,1.93395,0.790577,6.0,8.0,0.0,2.116191,2.116191,97.883809,31.3792,0.607652,0.994769
2026-07-27 09:25:59,22222.07,73399,367,153.5163,247.5284,3.3,0.460477,,,,0.05,5.640181,0.564018,7e-06,0.008107,0.0,0.0,0.0,0.0,0.0,100.0,32.20992,0.771235,0.994769
2026-07-27 09:26:59,22282.74,73599,368,143.1605,247.3952,3.3,0.009885,,,,0.05,6.270445,0.627044,4.1e-05,1.314772,9.0,10.0,9.6532,14.082549,23.735749,76.264251,24.587354,0.612756,0.994769
2026-07-27 09:27:56,22339.32,73799,369,144.5951,246.2958,3.3,0.011703,,,,0.05,5.313338,0.531334,1.92795,1.283653,8.0,10.0,1.7934,6.404432,8.197832,91.802168,28.95272,0.640386,0.994769
2026-07-27 09:28:45,22388.03,73999,370,1.5443,244.4577,3.3,0.00981,,,,0.05,2.589975,0.258997,0.740606,3.356895,10.0,10.0,17.189621,21.972056,39.161677,60.838323,19.003673,0.770537,0.994924
2026-07-27 09:29:33,22436.58,74199,371,132.0164,243.9724,3.3,0.012186,,,,0.05,4.400546,0.440055,1.923,0.094934,1.0,2.0,0.0,0.0,0.0,100.0,32.0896,0.71634,0.994924
2026-07-27 09:30:22,22485.54,74399,372,82.4121,243.2745,3.3,0.007742,,,,0.05,3.911025,0.391103,1.923,1.610993,9.0,10.0,6.268561,11.449555,17.718115,82.281885,25.377959,0.793016,0.994924
2026-07-27 09:31:11,22534.14,74599,373,126.6955,242.1488,3.3,0.011674,,,,0.05,4.522733,0.452273,1.924,0.379881,3.0,8.0,1.921765,2.952859,4.874624,95.125376,30.323077,0.71144,0.994924
2026-07-27 09:32:00,22582.85,74799,374,236.6161,241.6953,3.3,0.011501,,,,0.05,8.186875,0.818688,1.924,0.499395,3.0,10.0,0.304061,2.64853,2.952591,97.047409,30.675677,0.614504,0.994924
2026-07-27 09:32:48,22631.58,74999,375,279.88,242.69,3.3,0.01105,,,,0.05,9.364623,0.936462,1.931,0.011333,0.0,1.0,0.0,0.0,0.0,100.0,31.85152,0.618511,0.994924
2026-07-27 09:33:37,22680.4,75199,376,183.5851,243.2117,3.3,0.010302,,,,0.05,7.223503,0.72235,1.767542,1.914763,9.0,10.0,5.803018,11.393925,17.196942,82.803058,26.300787,0.60071,0.994924
2026-07-27 09:34:26,22729.04,75399,377,371.2536,245.6622,3.3,0.011669,,,,0.05,12.455193,1.245519,1.94,0.608333,4.0,6.0,0.0,0.219298,0.219298,99.780702,31.949784,0.644688,0.994924
2026-07-27 09:35:14,22777.62,75599,378,358.9201,247.8137,3.3,0.438355,,,,0.05,12.381704,1.23817,1.939,0.376273,3.0,6.0,0.0,0.313405,0.313405,99.686595,32.16384,0.630198,0.994924
2026-07-27 09:36:03,22826.22,75799,379,244.5648,248.4836,3.3,0.010631,,,,0.05,8.585084,0.858508,1.939,1.789276,8.0,10.0,0.583033,6.191251,6.774283,93.225717,29.720083,0.536444,0.994924
2026-07-27 09:36:52,22874.96,75999,380,306.7015,250.6971,3.3,0.011704,,,,0.05,10.318914,1.031891,1.93895,0.470595,4.0,10.0,0.0,1.520324,1.520324,98.479676,31.75552,0.517965,0.994216
2026-07-27 09:37:40,22923.69,76199,381,329.1279,252.2657,3.3,0.011426,,,,0.05,11.14089,1.114089,1.94595,0.984875,7.0,8.0,0.0,2.946892,2.946892,97.053108,31.143302,0.563523,0.994216
2026-07-27 09:38:29,22972.28,76399,382,245.8402,252.587,3.3,0.011565,,,,0.05,9.176641,0.917664,1.662807,0.741869,5.0,10.0,6.758096,8.335645,15.093741,84.906259,27.331439,0.507558,0.994216
2026-07-27 09:39:18,23020.99,76599,383,316.3512,254.2925,3.3,0.436057,,,,0.05,10.54504,1.054504,1.94495,0.005063,0.0,0.0,0.0,0.0,0.0,100.0,32.36224,0.527088,0.994216
2026-07-27 09:40:07,23069.95,76799,384,304.3551,256.0331,3.3,0.43643,,,,0.05,10.145171,1.014517,1.936,0.00436,0.0,0.0,0.0,0.0,0.0,100.0,32.29312,0.617712,0.994216
2026-07-27 09:40:55,23118.75,76999,385,144.4539,255.6311,3.3,0.43481,,,,0.05,5.175671,0.517567,1.931,1.116803,9.0,10.0,0.007921,5.94875,5.956672,94.043328,30.258529,0.621473,0.994216
2026-07-27 09:41:44,23167.41,77199,386,52.272,254.0527,3.3,0.011513,,,,0.05,3.068172,0.306817,1.925,2.225486,10.0,10.0,5.138955,15.720332,20.859288,79.140712,25.06366,0.848557,0.994216
2026-07-27 09:42:33,23216.03,77399,387,124.224,252.9573,3.3,0.011289,,,,0.05,5.682312,0.568231,0.579157,2.034076,9.0,10.0,9.825781,13.985455,23.811236,76.188764,24.155431,0.505693,0.994216
2026-07-27 09:43:21,23264.69,77599,388,156.0518,250.8372,3.3,1.282831,,,,0.05,5.618971,0.561897,1.9289,1.197426,10.0,10.0,0.052352,6.68895,6.741302,93.258698,29.445645,0.543331,0.994216
2026-07-27 09:44:10,23313.55,77799,389,226.3386,249.7034,3.3,0.012091,,,,0.05,8.986906,0.898691,1.296372,1.960491,10.0,10.0,7.813007,14.713753,22.52676,77.47324,24.16905,0.42459,0.994216
2026-07-27 09:44:59,23362.01,77999,390,243.3544,250.3408,3.3,0.426328,,,,0.05,8.146556,0.814656,1.937,0.492293,3.0,6.0,0.0,0.676415,0.676415,99.323585,31.38816,0.545895,0.993962
2026-07-27 09:45:47,23410.78,78199,391,220.4465,248.8345,3.3,0.012524,,,,0.05,8.782409,0.878241,1.878989,3.355836,10.0,10.0,7.067494,15.842461,22.909955,77.090045,24.123455,0.520658,0.993962
2026-07-27 09:46:36,23459.65,78399,392,293.3396,248.4949,3.3,0.011505,,,,0.05,9.837709,0.983771,1.931,0.328397,2.0,5.0,0.0,0.124718,0.124718,99.875282,31.723862,0.556252,0.993962
2026-07-27 09:47:25,23508.42,78599,393,80.2251,245.8796,3.3,0.015722,,,,0.05,4.599492,0.459949,1.893,2.764923,10.0,10.0,11.150848,19.167403,30.318251,69.681749,22.02428,0.650447,0.993962
2026-07-27 09:48:14,23557.0,78799,394,262.0837,246.1396,3.3,0.415988,,,,0.05,8.795064,0.879506,1.93095,0.280679,2.0,7.0,0.0,0.554912,0.554912,99.445088,31.595007,0.606477,0.993962
2026-07-27 09:49:02,23605.55,78999,395,221.2137,246.3728,3.3,0.010976,,,,0.05,8.287081,0.828708,1.93495,1.359831,9.0,10.0,2.27823,7.08077,9.359,90.641,29.116674,0.653961,0.993962
2026-07-27 09:49:51,23654.22,79199,396,325.5821,246.5578,3.3,0.014296,,,,0.05,11.189872,1.118987,1.934,0.006045,0.0,0.0,0.0,0.0,0.0,100.0,31.9744,0.717428,0.993962
2026-07-27 09:50:40,23703.15,79399,397,321.9569,247.5559,3.3,0.011212,,,,0.05,11.021971,1.102197,1.934,0.003164,0.0,0.0,0.0,0.0,0.0,100.0,31.95776,0.702526,0.993962
2026-07-27 09:51:28,23751.6,79599,398,266.9917,248.5343,3.4,0.011475,,,,0.05,9.04282,0.904282,1.932,0.639809,6.0,8.0,0.0,1.597598,1.597598,98.402402,31.137915,0.631774,0.993962
2026-07-27 09:52:17,23800.18,79799,399,274.1778,248.8196,3.4,0.009632,,,,0.05,9.200383,0.920038,1.93295,0.008783,0.0,0.0,0.0,0.0,0.0,100.0,31.9168,0.652155,0.993962
2026-07-27 09:53:06,23849.05,79999,400,264.7487,249.6316,3.4,0.410622,,,,0.05,8.831391,0.883139,1.934,0.229879,2.0,4.0,0.0,0.036356,0.036356,99.963644,31.64928,0.581457,0.993381
2026-07-27 09:53:55,23897.96,80199,401,164.3142,247.3485,3.4,0.010018,,,,0.05,5.489525,0.548952,1.93185,0.740406,4.0,6.0,0.0,0.240529,0.240529,99.759471,31.8528,0.669674,0.993381
2026-07-27 09:54:43,23946.72,80399,402,209.808,245.123,3.4,0.013639,,,,0.05,7.087325,0.708733,1.936,0.799836,6.0,8.0,0.0,1.623442,1.623442,98.376558,31.149793,0.633995,0.993381
2026-07-27 09:55:32,23995.36,80599,403,233.1381,243.5427,3.4,0.012879,,,,0.05,8.378468,0.837847,1.943,1.917432,9.0,10.0,1.736527,8.203593,9.94012,90.05988,28.723355,0.50835,0.993381
2026-07-27 09:56:21,24044.04,80799,404,234.3846,243.442,3.4,0.013289,,,,0.05,8.475734,0.847573,1.93795,1.762532,9.0,10.0,2.856008,7.658391,10.514399,89.485601,28.502416,0.45721,0.993381
2026-07-27 09:57:09,24092.75,80999,405,217.7951,242.7797,3.4,0.014105,,,,0.05,8.132158,0.813216,1.9359,1.430543,10.0,10.0,4.010939,9.781618,13.792557,86.207443,27.704378,0.430109,0.993381
2026-07-27 09:57:58,24141.3,81199,406,146.3994,242.3564,3.4,0.017097,,,,0.05,6.312175,0.631217,1.93195,4.621331,10.0,10.0,3.969041,19.146656,23.115698,76.884302,24.452822,0.491047,0.993381
2026-07-27 09:58:47,24190.04,81399,407,105.7386,241.0876,3.4,0.016262,,,,0.05,4.583414,0.458341,0.985479,0.417401,1.0,10.0,7.788706,8.363737,16.152443,83.847557,26.905057,0.490955,0.993381
2026-07-27 09:59:36,24238.96,81599,408,153.3598,239.9046,3.4,0.015185,,,,0.05,5.111992,0.511199,1.932,0.004107,0.0,0.0,0.0,0.0,0.0,100.0,32.09856,0.651787,0.993381
2026-07-27 10:00:24,24287.78,81799,409,50.9094,237.7905,3.4,0.390735,,,,0.05,2.861895,0.28619,1.931,2.16772,10.0,10.0,4.295092,14.110159,18.405252,81.594748,25.839765,0.831049,0.993381
2026-07-27 10:01:13,24336.72,81999,410,158.3299,236.4796,3.4,0.016682,,,,0.05,5.292091,0.529209,4.1e-05,0.006227,0.0,0.0,0.0,0.0,0.0,100.0,32.06912,0.688779,0.993071
2026-07-27 10:02:02,24385.26,82199,411,175.5253,235.3783,3.4,0.01323,,,,0.05,5.975959,0.597596,1.6e-05,0.019766,0.0,1.0,0.0,0.0,0.0,100.0,32.12032,0.62619,0.993071
2026-07-27 10:02:51,24433.81,82399,412,138.097,234.4469,3.4,0.013349,,,,0.05,4.603233,0.460323,1.93495,0.014863,0.0,1.0,0.0,0.0,0.0,100.0,32.12288,0.698503,0.993071
2026-07-27 10:03:39,24482.45,82599,413,147.2957,232.5792,3.4,0.376776,,,,0.05,5.889709,0.588971,1.476819,0.682047,8.2,10.0,6.706834,8.228952,14.935786,85.064214,27.2515,0.525075,0.993071
2026-07-27 10:04:28,24531.18,82799,414,138.0328,231.66,3.4,0.379723,,,,0.05,5.276963,0.527696,1.938,1.665724,10.0,10.0,1.991652,8.789505,10.781157,89.218843,28.601114,0.596496,0.993071
2026-07-27 10:05:16,24579.69,82999,415,262.2732,232.0699,3.4,0.013386,,,,0.05,8.742459,0.874246,1.932,0.008148,0.0,0.0,0.0,0.0,0.0,100.0,32.20608,0.562282,0.993071
2026-07-27 10:06:05,24628.42,83199,416,257.748,232.663,3.4,0.011201,,,,0.05,9.549934,0.954993,1.27073,0.589049,7.0,10.0,6.371103,8.336656,14.707759,85.292241,27.306568,0.546907,0.993071
2026-07-27 10:06:54,24677.33,83399,417,303.0701,233.3588,3.4,0.012309,,,,0.05,10.414731,1.041473,1.947,1.454693,7.0,10.0,0.400192,4.790299,5.190491,94.809509,30.017436,0.642774,0.993071
2026-07-27 10:07:43,24726.13,83599,418,344.2428,234.6058,3.4,0.370099,,,,0.05,11.726498,1.17265,1.93495,1.064842,8.0,9.0,0.0,4.143157,4.143157,95.856843,30.262407,0.67405,0.993071
2026-07-27 10:08:31,24774.79,83799,419,336.877,235.3131,3.4,0.01426,,,,0.05,11.913664,1.191366,1.934953,0.988205,10.0,10.0,2.16748,7.722147,9.889626,90.110374,28.697995,0.636889,0.993071
2026-07-27 10:09:20,24823.37,83999,420,315.6875,236.9486,3.4,0.010931,,,,0.05,10.699223,1.069922,1.9379,1.016744,6.0,8.0,0.144098,2.725854,2.869952,97.130048,30.890786,0.578302,0.99247
2026-07-27 10:10:09,24871.82,84199,421,208.4519,237.1266,3.4,0.013606,,,,0.05,6.948397,0.69484,1.93,0.046474,0.0,1.0,0.0,0.0,0.0,100.0,32.087227,0.544615,0.99247
2026-07-27 10:10:57,24920.72,84399,422,85.6625,236.9937,3.4,0.013555,,,,0.05,4.610821,0.461082,1.93095,3.70108,10.0,10.0,6.571429,21.170635,27.742063,72.257937,22.856047,0.719271,0.99247
2026-07-27 10:11:46,24969.29,84599,423,171.9318,237.5369,3.4,0.010709,,,,0.05,5.73106,0.573106,1.92895,0.06317,0.0,2.0,0.0,0.0,0.0,100.0,32.339557,0.705574,0.99247
2026-07-27 10:12:35,25017.97,84799,424,118.4212,236.1069,3.4,0.368744,,,,0.05,4.595443,0.459544,1.92895,2.275756,10.0,10.0,1.006618,9.539096,10.545714,89.454286,28.727066,0.752978,0.99247
2026-07-27 10:13:23,25066.74,84999,425,310.0944,235.4679,3.4,0.013885,,,,0.05,10.380235,1.038023,1.936,0.239748,2.0,3.0,0.0,0.0,0.0,100.0,32.274768,0.488971,0.99247
2026-07-27 10:14:12,25115.55,85199,426,288.3436,234.3712,3.4,0.012752,,,,0.05,10.662503,1.06625,1.942,2.397968,10.0,10.0,3.388147,13.405624,16.793772,83.206228,26.468643,0.487597,0.99247
2026-07-27 10:15:01,25164.26,85399,427,262.6509,233.7434,3.4,0.013778,,,,0.05,9.861256,0.986126,1.009497,0.353439,0.0,10.0,8.069119,8.453551,16.52267,83.47733,26.932791,0.510338,0.99247
2026-07-27 10:15:50,25212.95,85599,428,153.6749,233.5984,3.4,0.011124,,,,0.05,6.609758,0.660976,0.738788,1.587644,9.0,10.0,9.144799,13.804142,22.948941,77.051059,24.753607,0.480472,0.99247
2026-07-27 10:16:38,25261.47,85799,429,232.2085,233.8577,3.4,0.011636,,,,0.05,9.778987,0.977899,1.958,0.700234,5.0,8.0,16.139655,14.647887,30.787542,69.212458,21.367358,0.665701,0.99247
2026-07-27 10:17:27,25310.14,85999,430,283.5355,234.9466,3.4,0.370991,,,,0.05,12.281938,1.228194,1.95,2.402396,10.0,10.0,19.740198,24.151259,43.891457,56.108543,17.861022,0.50951,0.992914
2026-07-27 10:18:16,25358.95,86199,431,285.7071,235.1017,3.4,0.359515,,,,0.05,9.523571,0.952357,1.945,0.007667,0.0,0.0,0.0,0.0,0.0,100.0,32.22016,0.567148,0.992914
2026-07-27 10:19:04,25407.28,86399,432,352.1867,237.1596,3.4,0.01427,,,,0.05,11.739555,1.173956,1.94395,0.004224,0.0,0.0,0.0,0.0,0.0,100.0,32.1216,0.526897,0.992914
2026-07-27 10:19:53,25455.98,86599,433,176.4437,236.4882,3.4,0.008539,,,,0.05,6.429586,0.642959,1.948,1.767436,10.0,10.0,1.040214,7.699972,8.740186,91.259814,29.034057,0.57288,0.992914
2026-07-27 10:20:42,25504.94,86799,434,197.1838,235.6837,3.4,0.010431,,,,0.05,6.572792,0.657279,1.935,0.520614,4.0,5.0,0.0,0.0,0.0,100.0,32.102626,0.5303,0.992914
2026-07-27 10:21:30,25553.77,86999,435,187.3454,234.8436,3.4,0.367613,,,,0.05,7.011088,0.701109,1.93995,2.087315,10.0,10.0,1.784933,10.741403,12.526337,87.473663,27.910756,0.546038,0.992914
2026-07-27 10:22:19,25602.39,87199,436,231.2252,233.9708,3.4,0.011006,,,,0.05,7.707506,0.770751,1.93695,0.00339,0.0,0.0,0.0,0.0,0.0,100.0,32.09088,0.424396,0.992914
2026-07-27 10:23:08,25651.07,87399,437,259.0272,233.3251,3.4,0.37091,,,,0.05,8.634239,0.863424,1.93595,0.006939,0.0,0.0,0.0,0.0,0.0,100.0,31.9104,0.411206,0.992914
2026-07-27 10:23:56,25699.72,87599,438,140.7657,231.2956,3.4,0.012581,,,,0.05,5.76971,0.576971,1.240074,0.549702,4.0,10.0,7.893892,8.479814,16.373706,83.626294,26.391809,0.587323,0.992914
2026-07-27 10:24:45,25748.61,87799,439,186.9566,229.9796,3.4,0.013106,,,,0.05,6.408233,0.640823,1.931,0.766594,6.0,10.0,0.400545,2.467356,2.8679,97.1321,30.63637,0.711331,0.992914
2026-07-27 10:25:34,25797.32,87999,440,63.6577,227.0235,3.4,0.011732,,,,0.05,4.234928,0.423493,0.853064,3.317976,10.0,10.0,13.408336,19.59803,33.006366,66.993634,21.093861,0.641539,0.992421
2026-07-27 10:26:23,25846.05,88199,441,214.5723,226.8728,3.4,0.010897,,,,0.05,8.079345,0.807934,1.93895,1.999049,10.0,10.0,3.371371,11.303303,14.674675,85.325325,27.00268,0.392409,0.992421
2026-07-27 10:27:11,25894.75,88399,442,269.4867,226.6975,3.4,0.366841,,,,0.05,9.275397,0.92754,1.937,1.107432,8.0,9.0,0.259585,4.492812,4.752396,95.247604,30.354866,0.49642,0.992421
2026-07-27 10:28:00,25943.73,88599,443,166.6668,225.365,3.4,0.010552,,,,0.05,7.409522,0.740952,1.942,2.508701,10.0,10.0,10.415251,18.204708,28.619959,71.380041,22.450817,0.475873,0.992421
2026-07-27 10:28:49,25992.45,88799,444,309.9134,226.0966,3.4,0.012106,,,,0.05,10.374411,1.037441,1.938,0.136031,1.0,3.0,0.0,0.0,0.0,100.0,31.82436,0.453145,0.992421
2026-07-27 10:29:38,26041.04,88999,445,210.5919,224.9216,3.4,0.012543,,,,0.05,7.065835,0.706583,1.93595,0.259637,1.0,7.0,0.0,0.759484,0.759484,99.240516,31.77856,0.561355,0.992421
2026-07-27 10:30:26,26089.72,89199,446,192.0201,223.5392,3.4,0.007321,,,,0.05,6.52818,0.652818,1.933,0.966498,7.0,8.0,0.0,2.196258,2.196258,97.803742,31.100321,0.494923,0.992421
2026-07-27 10:31:15,26138.53,89399,447,143.3011,221.2865,3.4,0.009238,,,,0.05,5.34939,0.534939,1.935,1.357178,10.0,10.0,0.988277,8.210299,9.198576,90.801424,28.882803,0.630142,0.992421
2026-07-27 10:32:04,26187.16,89599,448,183.7271,221.5824,3.4,0.352955,,,,0.05,6.124235,0.612424,1.93695,0.077068,1.0,2.0,0.0,0.0,0.0,100.0,32.02176,0.616581,0.992421
2026-07-27 10:32:53,26235.88,89799,449,161.8129,220.541,3.4,0.349937,,,,0.05,6.258033,0.625803,1.94595,2.072222,10.0,10.0,3.417984,9.918543,13.336528,86.663472,27.559274,0.698409,0.992421
2026-07-27 10:33:41,26284.63,89999,450,334.3397,220.9043,3.4,0.008184,,,,0.05,11.160168,1.116017,1.935,0.029538,0.0,1.0,0.0,0.0,0.0,100.0,31.9808,0.50508,0.991929
2026-07-27 10:34:30,26333.41,90199,451,232.2176,221.3741,3.4,0.354312,,,,0.05,8.186407,0.818641,1.939,1.605755,9.0,10.0,0.087877,6.810465,6.898342,93.101658,29.551321,0.548287,0.991929
2026-07-27 10:35:19,26382.19,90399,452,233.5801,221.2391,3.4,0.007855,,,,0.05,7.802165,0.780217,1.945,0.559635,4.0,6.0,0.0,0.343272,0.343272,99.656728,31.800053,0.639522,0.991929
2026-07-27 10:36:08,26430.83,90599,453,343.6559,221.9896,3.4,0.00676,,,,0.05,11.463803,1.14638,1.934,0.006545,0.0,0.0,0.0,0.0,0.0,100.0,32.07424,0.527557,0.991929
2026-07-27 10:36:56,26479.61,90799,454,142.4352,221.649,3.4,0.007753,,,,0.05,5.609031,0.560903,1.939,2.486892,10.0,10.0,0.191007,13.808197,13.999204,86.000796,27.304939,0.675215,0.991929
2026-07-27 10:37:45,26528.26,90999,455,68.149,220.6141,3.4,0.007433,,,,0.05,3.800798,0.38008,0.219169,1.390479,8.0,9.0,10.601891,12.791672,23.393562,76.606438,24.389421,0.619799,0.991929
2026-07-27 10:38:31,26574.32,91199,456,151.691,218.7607,3.4,0.353154,,,,0.05,5.3051,0.53051,1.92585,1.032626,8.0,8.0,0.0,4.20235,4.20235,95.79765,30.601213,0.658901,0.991929
2026-07-27 10:39:13,26615.83,91399,457,96.6258,216.6249,3.4,0.008572,,,,0.05,4.355933,0.435593,1.90395,1.161595,10.0,10.0,6.727105,11.075454,17.802559,82.197441,26.098958,0.752902,0.991929
2026-07-27 10:39:53,26656.76,91599,458,99.5037,213.3256,3.4,0.689492,,,,0.05,3.316789,0.331679,1.92995,0.0605,1.0,1.0,0.0,0.0,0.0,100.0,31.88352,0.864832,0.991929
2026-07-27 10:40:35,26698.03,91799,459,32.8349,211.2096,3.4,0.012027,,,,0.05,2.418297,0.24183,1.162839,2.347608,9.0,10.0,7.893677,12.815143,20.70882,79.29118,24.874842,0.786848,0.991929
2026-07-27 10:41:16,26739.27,91999,460,94.6262,208.4551,3.4,0.006252,,,,0.05,4.063687,0.406369,1.933,3.263241,10.0,10.0,0.812093,14.095039,14.907132,85.092868,26.752303,0.727079,0.991705
2026-07-27 10:41:57,26780.44,92199,461,85.7162,207.1437,3.4,0.011423,,,,0.05,4.269636,0.426964,3.9e-05,1.362386,7.0,10.0,9.887694,10.259382,20.147076,79.852924,25.376926,0.652071,0.991705
2026-07-27 10:42:38,26821.66,92399,462,195.7628,206.0758,3.4,0.010155,,,,0.05,7.390116,0.739012,3.9e-05,0.684874,10.0,10.0,5.214175,8.045977,13.260152,86.739848,27.844548,0.579418,0.991705
2026-07-27 10:43:19,26862.51,92599,463,262.8092,206.3811,3.4,0.007943,,,,0.05,8.800085,0.880008,1.935,0.001592,0.0,0.0,0.0,0.0,0.0,100.0,32.15232,0.589212,0.991705
2026-07-27 10:44:00,26903.66,92799,464,239.9311,206.0399,3.4,0.011635,,,,0.05,8.01706,0.801706,1.926,0.006423,0.0,0.0,0.0,0.0,0.0,100.0,32.08576,0.578295,0.991705
2026-07-27 10:44:41,26944.78,92999,465,152.6935,205.9353,3.5,0.011372,,,,0.05,6.374248,0.637425,0.185915,0.023525,0.0,0.0,10.914336,8.734674,19.64901,80.35099,25.628228,0.495783,0.991705
2026-07-27 10:45:23,26986.04,93199,466,225.2338,205.7099,3.5,0.007736,,,,0.05,7.862089,0.786209,1.929,1.0646,8.0,10.0,0.084705,4.949177,5.033882,94.966118,29.942671,0.583588,0.991705
2026-07-27 10:46:04,27026.99,93399,467,353.2521,207.7073,3.5,0.01019,,,,0.05,11.93998,1.193998,1.92895,0.005907,0.0,0.0,0.0,0.0,0.0,100.0,31.63648,0.563644,0.991705
2026-07-27 10:46:45,27067.97,93599,468,330.3065,209.5788,3.5,0.012576,,,,0.05,12.540601,1.25406,0.76077,1.68198,10.0,10.0,9.433504,14.198882,23.632385,76.367615,23.904701,0.528915,0.991705
2026-07-27 10:47:26,27109.33,93799,469,382.4982,211.9578,3.5,0.345056,,,,0.05,12.88064,1.288064,1.945,0.979271,7.0,7.0,0.0,2.231368,2.231368,97.768632,30.814296,0.531855,0.991705
2026-07-27 10:48:07,27150.5,93999,470,309.4511,215.0369,3.5,0.009161,,,,0.05,10.315036,1.031504,1.93195,0.005686,0.0,0.0,0.0,0.0,0.0,100.0,31.96672,0.404717,0.991321
2026-07-27 10:48:48,27191.64,94199,471,96.8375,214.6851,3.5,0.008241,,,,0.05,5.426339,0.542634,0.764689,0.789124,10.0,10.0,16.935806,16.775921,33.711728,66.288272,21.133814,0.410466,0.991321
2026-07-27 10:49:30,27232.8,94399,472,309.9567,216.9605,3.5,0.008441,,,,0.05,10.331891,1.033189,1.93295,0.039857,0.0,1.0,0.0,0.0,0.0,100.0,32.1792,0.494,0.991321
2026-07-27 10:50:10,27273.73,94599,473,289.9637,218.5932,3.5,0.008848,,,,0.05,9.665458,0.966546,1.93,0.009048,0.0,0.0,0.0,0.0,0.0,100.0,32.25344,0.393269,0.991321
2026-07-27 10:50:52,27314.81,94799,474,295.9032,219.1861,3.5,0.009063,,,,0.05,10.320148,1.032015,1.932,1.128541,9.0,10.0,0.119147,6.922435,7.041582,92.958418,29.783638,0.474639,0.991321
2026-07-27 10:51:32,27355.79,94999,475,275.4144,219.1414,3.5,0.017162,,,,0.05,11.320447,1.132045,0.347434,0.894215,10.0,10.0,16.234103,16.150381,32.384484,67.615516,21.50314,0.505633,0.991321
2026-07-27 10:52:14,27396.88,95199,476,431.3295,221.6189,3.5,0.363797,,,,0.05,14.62867,1.462867,1.937,0.008462,0.0,0.0,0.0,0.0,0.0,100.0,32.06656,0.543068,0.991321
2026-07-27 10:52:54,27437.64,95399,477,395.1754,221.8581,3.5,0.011122,,,,0.05,13.280089,1.328009,1.937,0.009363,0.0,0.0,0.0,0.0,0.0,100.0,31.99104,0.564567,0.991321
2026-07-27 10:53:34,27477.11,95599,478,257.1377,220.8403,3.5,0.017238,,,,0.05,9.020655,0.902065,1.94195,1.165992,10.0,10.0,0.220432,7.15803,7.378462,92.621538,29.412109,0.54019,0.991321
2026-07-27 10:54:05,27508.15,95799,479,209.2363,220.487,3.5,0.382169,,,,0.05,7.072333,0.707233,1.935,0.893386,6.0,7.0,0.0,1.788292,1.788292,98.211708,31.311929,0.569213,0.991321
2026-07-27 10:54:36,27539.31,95999,480,159.4627,219.0146,3.5,0.016679,,,,0.05,6.262812,0.626281,1.92495,2.405738,10.0,10.0,1.614263,13.656989,15.271252,84.728748,26.683541,0.577247,0.991067
2026-07-27 10:55:08,27571.06,96199,481,141.3758,217.1371,3.5,0.011825,,,,0.05,4.712525,0.471253,1.926,0.007509,0.0,0.0,0.0,0.0,0.0,100.0,31.8784,0.663075,0.991067
2026-07-27 10:55:39,27602.44,96399,482,16.1864,214.8405,3.5,0.011976,,,,0.05,2.285951,0.228595,1.92395,3.983731,10.0,10.0,4.943072,23.051636,27.994708,72.005292,22.581229,0.9594,0.991067
2026-07-27 10:56:10,27633.39,96599,483,142.667,213.1037,3.5,0.009172,,,,0.05,4.755568,0.475557,1.928,0.005891,0.0,0.0,0.0,0.0,0.0,100.0,31.93984,0.748739,0.991067
2026-07-27 10:56:41,27664.56,96799,484,170.075,211.7609,3.5,0.008552,,,,0.05,5.669167,0.566917,1.926,0.004255,0.0,0.0,0.0,0.0,0.0,100.0,31.8848,0.633191,0.991067
2026-07-27 10:57:13,27695.83,96999,485,98.5654,211.302,3.5,0.010181,,,,0.05,4.616105,0.46161,0.699801,1.433381,7.0,10.0,9.559648,10.808647,20.368295,79.631705,25.298509,0.600476,0.991067
2026-07-27 10:57:44,27727.03,97199,486,41.2779,211.1921,3.5,0.014104,,,,0.05,3.450986,0.345099,1.8928,4.830052,10.0,10.0,7.984048,24.91326,32.897308,67.102692,20.841274,0.777341,0.991067
2026-07-27 10:58:15,27758.33,97399,487,75.8407,210.7082,3.5,0.01241,,,,0.05,3.894221,0.389422,1.9309,0.352005,2.0,9.0,11.00538,9.788806,20.794186,79.205814,25.250607,0.685152,0.991067
2026-07-27 10:58:46,27789.59,97599,488,139.025,210.538,3.5,0.010396,,,,0.05,4.634166,0.463417,1.93395,0.003181,0.0,0.0,0.0,0.0,0.0,100.0,31.78624,0.577945,0.991067
2026-07-27 10:59:17,27820.58,97799,489,208.939,210.364,3.5,0.008882,,,,0.05,7.109217,0.710922,3.9e-05,0.004701,0.0,0.0,0.0,0.0,0.0,100.0,32.12672,0.592292,0.991067
2026-07-27 10:59:48,27851.51,97999,490,252.9689,210.4601,3.5,0.015017,,,,0.05,8.443558,0.844356,1.935,0.130331,0.0,4.0,0.0,0.199251,0.199251,99.800749,32.05632,0.495254,0.990853
2026-07-27 11:00:19,27882.74,98199,491,5.7534,208.3132,3.5,0.011198,,,,0.05,2.33964,0.233964,1.564729,4.6,10.0,10.0,9.49986,24.559933,34.059793,65.940207,20.789218,0.903374,0.990853
2026-07-27 11:00:51,27914.05,98399,492,100.8058,206.3878,3.5,0.010432,,,,0.05,5.309616,0.530962,0.423907,1.626877,10.0,10.0,13.456232,17.135202,30.591434,69.408566,22.011472,0.591367,0.990853
2026-07-27 11:01:22,27945.21,98599,493,261.7784,208.2034,3.5,0.013463,,,,0.05,8.748988,0.874899,1.93095,0.182793,1.0,5.0,0.0,0.303163,0.303163,99.696837,31.988317,0.604239,0.990853
2026-07-27 11:01:53,27976.31,98799,494,135.3141,206.9357,3.5,0.010472,,,,0.05,4.592694,0.459269,1.931,0.554591,4.0,7.0,0.0,0.574297,0.574297,99.425703,31.68896,0.802126,0.990853
2026-07-27 11:02:24,28007.41,98999,495,96.774,205.6913,3.5,0.011438,,,,0.05,4.389354,0.438935,0.588857,0.199734,0.0,10.0,9.496281,7.891332,17.387613,82.612387,26.024836,0.649502,0.990853
2026-07-27 11:02:55,28038.74,99199,496,187.5702,204.3112,3.5,0.012735,,,,0.05,7.37806,0.737806,1.93195,0.600602,6.0,9.0,8.430338,8.67201,17.102348,82.897652,26.345305,0.653307,0.990853
2026-07-27 11:03:27,28069.85,99399,497,140.9413,202.501,3.5,0.010012,,,,0.05,4.903572,0.490357,4e-05,0.209613,2.0,4.0,0.0,0.128432,0.128432,99.871568,31.640067,0.777539,0.990853
2026-07-27 11:03:57,28100.55,99599,498,125.8959,201.09,3.5,0.012575,,,,0.05,4.372636,0.437264,1.93,0.686449,6.0,10.0,0.313858,2.55915,2.873008,97.126992,30.850864,0.612433,0.990853
2026-07-27 11:04:28,28131.37,99799,499,140.4139,199.7524,3.5,0.011984,,,,0.05,5.741198,0.57412,1.93,1.864655,10.0,10.0,5.536569,11.310361,16.84693,83.15307,26.355616,0.543701,0.990853
2026-07-27 11:04:59,28162.58,99999,500,138.8878,198.4938,3.6,0.349192,,,,0.05,4.684074,0.468407,1.92795,0.520315,5.0,7.0,0.0,0.962422,0.962422,99.037578,31.568617,0.537614,0.990821
2026-07-27 11:05:30,28193.77,100199,501,175.4602,198.6053,3.6,0.00961,,,,0.05,5.940974,0.594097,1.928,0.665279,6.0,8.0,0.0,1.618705,1.618705,98.381295,31.369547,0.559559,0.990821
2026-07-27 11:06:01,28224.37,100399,502,244.0992,198.9482,3.6,0.011881,,,,0.05,8.137947,0.813795,1.93,0.011447,0.0,1.0,0.0,0.0,0.0,100.0,31.980534,0.509774,0.990821
2026-07-27 11:06:32,28255.32,100599,503,238.3204,199.0,3.6,0.010203,,,,0.05,7.944015,0.794401,1.93095,0.097605,1.0,2.0,0.0,0.0,0.0,100.0,32.221976,0.475595,0.990821
2026-07-27 11:07:03,28286.36,100799,504,109.5796,197.7519,3.6,0.014415,,,,0.05,4.836956,0.483696,1.92695,2.260414,10.0,10.0,3.697338,14.701415,18.398753,81.601247,25.90703,0.685831,0.990821
2026-07-27 11:07:34,28317.56,100999,505,127.5895,196.8499,3.6,0.011492,,,,0.05,4.495878,0.449588,1.93195,1.096996,8.0,8.0,0.0,4.035587,4.035587,95.964413,30.4707,0.642819,0.990821
2026-07-27 11:08:05,28348.44,101199,506,190.7328,197.2932,3.6,0.011874,,,,0.05,6.357762,0.635776,1.933,0.004625,0.0,0.0,0.0,0.0,0.0,100.0,31.82976,0.516864,0.990821
2026-07-27 11:08:36,28379.63,101399,507,139.9267,197.6351,3.6,0.012766,,,,0.05,4.665363,0.466536,1.929,0.187932,1.0,5.0,0.0,0.019981,0.019981,99.980019,31.862064,0.606261,0.990821
2026-07-27 11:09:07,28410.62,101599,508,163.5046,197.7365,3.6,0.009984,,,,0.05,5.987446,0.598745,1.928,1.100895,10.0,10.0,1.012648,7.636888,8.649536,91.350464,29.091415,0.578102,0.990821
2026-07-27 11:09:38,28441.49,101799,509,110.829,198.3357,3.6,0.325781,,,,0.05,5.348425,0.534842,1.924,3.079883,10.0,10.0,7.999522,17.926256,25.925778,74.074222,23.344665,0.559657,0.990821
2026-07-27 11:10:09,28472.31,101999,510,236.4996,199.1174,3.6,0.012428,,,,0.05,8.253881,0.825388,1.927,1.604447,9.0,9.0,0.0,6.116756,6.116756,93.883244,29.823936,0.508202,0.990239
2026-07-27 11:10:40,28503.5,102199,511,130.8178,198.6704,3.6,0.006108,,,,0.05,6.517793,0.651779,0.867669,0.856979,10.0,10.0,16.360588,16.404503,32.765091,67.234909,21.318598,0.607089,0.990239
2026-07-27 11:11:11,28534.74,102399,512,273.4839,200.0242,3.6,0.638276,,,,0.05,9.526133,0.952613,1.933,0.003852,0.0,0.0,0.0,0.0,0.0,100.0,31.89888,0.775442,0.990239
2026-07-27 11:11:43,28565.92,102599,513,126.6259,199.8175,3.6,0.011138,,,,0.05,4.220864,0.422086,1.92695,0.121339,1.0,2.0,0.0,0.0,0.0,100.0,31.731942,0.813691,0.990239
2026-07-27 11:12:14,28596.93,102799,514,164.0541,200.0777,3.6,0.014684,,,,0.05,5.489813,0.548981,1.93295,0.483668,4.0,6.0,0.0,0.393543,0.393543,99.606457,31.742543,0.545273,0.990239
2026-07-27 11:12:45,28628.28,102999,515,216.2192,199.6172,3.6,0.327981,,,,0.05,7.998533,0.799853,1.922,0.69453,10.0,10.0,4.653212,7.688611,12.341823,87.658177,27.91137,0.456341,0.990239
2026-07-27 11:13:16,28659.76,103199,516,270.0681,199.7404,3.6,0.009478,,,,0.05,9.00227,0.900227,1.93295,0.004362,0.0,0.0,0.0,0.0,0.0,100.0,31.9872,0.443743,0.990239
2026-07-27 11:13:47,28690.69,103399,517,269.8224,199.4079,3.6,0.323355,,,,0.05,9.00313,0.900313,1.93,0.001123,0.0,0.0,0.0,0.0,0.0,100.0,31.90784,0.433294,0.990239
2026-07-27 11:14:18,28721.72,103599,518,307.8544,199.044,3.6,0.321971,,,,0.05,10.261814,1.026181,1.93295,0.001118,0.0,0.0,0.0,0.0,0.0,100.0,32.06528,0.459226,0.990239
2026-07-27 11:14:49,28752.62,103799,519,135.8836,197.0341,3.6,0.323109,,,,0.05,5.627487,0.562749,1.081015,0.31139,0.0,10.0,8.487809,8.199544,16.687352,83.312648,26.631851,0.641224,0.990239
2026-07-27 11:15:20,28783.57,103999,520,254.2995,196.4202,3.6,0.009866,,,,0.05,8.484209,0.848421,1.927,0.006337,0.0,0.0,0.0,0.0,0.0,100.0,31.91168,0.629608,0.989655
2026-07-27 11:15:51,28814.65,104199,521,295.0321,197.286,3.6,0.009496,,,,0.05,9.83932,0.983932,1.933,0.003077,0.0,0.0,0.0,0.0,0.0,100.0,32.02944,0.550064,0.989655
2026-07-27 11:16:22,28845.45,104399,522,362.2076,200.0515,3.6,0.317627,,,,0.05,12.077838,1.207784,1.933,0.003736,0.0,0.0,0.0,0.0,0.0,100.0,32.20224,0.480005,0.989655
2026-07-27 11:16:53,28876.4,104599,523,341.41,201.7463,3.6,0.011478,,,,0.05,11.516779,1.151678,1.93795,0.005518,0.0,0.0,0.0,0.0,0.0,100.0,32.01152,0.503066,0.989655
2026-07-27 11:17:25,28907.89,104799,524,247.8924,203.041,3.6,0.007992,,,,0.05,8.97293,0.897293,1.94595,1.888169,10.0,10.0,2.209525,9.16973,11.379255,88.620745,28.142756,0.576918,0.989655
2026-07-27 11:17:55,28938.76,104999,525,219.8749,202.1388,3.6,0.00848,,,,0.05,8.063932,0.806393,1.94695,0.884495,10.0,10.0,3.134859,7.895052,11.029911,88.970089,28.395786,0.582788,0.989655
2026-07-27 11:18:26,28969.75,105199,526,89.097,200.1463,3.6,0.008731,,,,0.05,5.103318,0.510332,0.386936,3.658975,10.0,10.0,11.118229,22.372583,33.490812,66.509188,20.79808,0.593878,0.989655
2026-07-27 11:18:58,29000.91,105399,527,200.2889,199.5227,3.6,0.00898,,,,0.05,6.676297,0.66763,1.93695,0.002362,0.0,0.0,0.0,0.0,0.0,100.0,31.9744,0.498188,0.989655
2026-07-27 11:19:26,29029.27,105599,528,159.8747,199.5847,3.6,0.319191,,,,0.05,6.057144,0.605714,1.914179,0.84008,10.0,10.0,3.464084,7.793191,11.257275,88.742725,28.360253,0.491268,0.989655
2026-07-27 11:19:57,29060.68,105799,529,195.9993,199.2226,3.6,0.008603,,,,0.05,6.535666,0.653567,1.93395,0.051515,0.0,1.0,0.0,0.0,0.0,100.0,32.152644,0.555894,0.989655
2026-07-27 11:20:30,29093.41,105999,530,179.5577,198.1828,3.6,0.313742,,,,0.05,6.112423,0.611242,1.935,1.010676,6.0,7.0,0.0,2.057727,2.057727,97.942273,31.412233,0.569311,0.989117
2026-07-27 11:21:01,29124.61,106199,531,82.3668,196.1494,3.6,0.309822,,,,0.05,3.661796,0.36618,1.1e-05,0.547441,8.0,10.0,6.208708,7.565868,13.774576,86.225424,27.616735,0.727468,0.989117
2026-07-27 11:21:33,29155.8,106399,532,173.8114,194.3657,3.6,0.00723,,,,0.05,5.793714,0.579371,1.935,0.01527,0.0,1.0,0.0,0.0,0.0,100.0,32.27264,0.651301,0.989117
2026-07-27 11:22:03,29186.78,106599,533,61.496,193.2162,3.7,0.009887,,,,0.05,3.263234,0.326323,0.358091,0.128108,0.0,10.0,9.925027,8.719108,18.644135,81.355865,26.138866,0.692458,0.989117
2026-07-27 11:22:35,29218.01,106799,534,176.2052,193.0064,3.7,0.307503,,,,0.05,5.873507,0.587351,1.929,0.004667,0.0,0.0,0.0,0.0,0.0,100.0,32.088585,0.600563,0.989117
2026-07-27 11:23:06,29249.06,106999,535,280.5903,193.9389,3.7,0.008252,,,,0.05,9.364742,0.936474,1.92995,0.004532,0.0,0.0,0.0,0.0,0.0,100.0,32.19968,0.467137,0.989117
2026-07-27 11:23:37,29280.1,107199,536,163.4229,193.2608,3.7,0.007449,,,,0.05,6.795456,0.679546,1.94695,2.151538,10.0,10.0,5.055692,16.095268,21.15096,78.84904,25.262749,0.585717,0.989117
2026-07-27 11:24:08,29311.02,107399,537,292.5595,193.5962,3.7,0.012524,,,,0.05,9.756026,0.975603,1.927,0.004304,0.0,0.0,0.0,0.0,0.0,100.0,32.41856,0.489513,0.989117
2026-07-27 11:24:39,29342.7,107599,538,142.0813,193.6093,3.7,0.312556,,,,0.05,5.736795,0.573679,1.937,2.034836,10.0,10.0,4.084374,11.850213,15.934587,84.065413,26.886402,0.619267,0.989117
2026-07-27 11:25:11,29374.35,107799,539,419.5138,195.9349,3.7,0.929674,,,,0.05,13.988194,1.398819,1.942,0.004768,0.0,0.0,0.0,0.0,0.0,100.0,32.4864,0.594286,0.989117
2026-07-27 11:25:42,29405.76,107999,540,329.8119,198.5964,3.7,0.009447,,,,0.05,10.993731,1.099373,1.93595,0.007645,0.0,0.0,0.0,0.0,0.0,100.0,32.14464,0.506482,0.988596
2026-07-27 11:26:13,29436.77,108199,541,241.1405,198.8621,3.7,0.010091,,,,0.05,8.820312,0.882031,1.936,0.814458,10.0,10.0,3.954915,8.228453,12.183368,87.816632,28.113791,0.470107,0.988596
2026-07-27 11:26:45,29467.81,108399,542,262.8204,198.7954,3.7,0.009457,,,,0.05,8.76068,0.876068,1.937,0.001563,0.0,0.0,0.0,0.0,0.0,100.0,31.94752,0.468094,0.988596
2026-07-27 11:27:16,29499.21,108599,543,276.9199,199.898,3.7,0.011038,,,,0.05,9.238476,0.923848,1.93495,0.006816,0.0,0.0,0.0,0.0,0.0,100.0,32.3008,0.488337,0.988596
2026-07-27 11:27:47,29530.3,108799,544,146.3007,198.2618,3.7,0.015864,,,,0.05,4.87669,0.487669,1.931,0.077458,1.0,2.0,0.0,0.0,0.0,100.0,32.24064,0.611881,0.988596
2026-07-27 11:28:18,29561.1,108999,545,104.11,197.197,3.7,0.009646,,,,0.05,4.170002,0.417,1.932,0.957327,10.0,10.0,2.521438,8.767996,11.289434,88.710566,28.754791,0.754449,0.988596
2026-07-27 11:28:49,29592.42,109199,546,122.3625,196.5005,3.7,0.00795,,,,0.05,5.849582,0.584958,1.386588,1.511625,10.0,10.0,10.861689,16.454001,27.31569,72.68431,23.522576,0.674786,0.988596
2026-07-27 11:29:21,29623.85,109399,547,161.3321,196.6808,3.7,0.011881,,,,0.05,5.377738,0.537774,1.931,0.014711,0.0,1.0,0.0,0.0,0.0,100.0,32.62848,0.602393,0.988596
2026-07-27 11:29:51,29654.68,109599,548,172.5982,196.5695,3.7,0.010545,,,,0.05,5.753275,0.575328,1.92895,0.002913,0.0,0.0,0.0,0.0,0.0,100.0,32.512,0.540384,0.988596
2026-07-27 11:30:23,29685.83,109799,549,191.0458,196.8618,3.7,0.648974,,,,0.05,6.368192,0.636819,1.929,0.007061,0.0,0.0,0.0,0.0,0.0,100.0,32.44672,0.462015,0.988596
2026-07-27 11:30:54,29717.07,109999,550,252.1168,196.0396,3.7,0.00718,,,,0.05,8.43057,0.843057,1.934,0.415508,3.0,7.0,0.0,0.48382,0.48382,99.51618,32.04392,0.496839,0.987894
2026-07-27 11:31:25,29747.9,110199,551,167.4435,195.3918,3.7,0.327813,,,,0.05,6.584675,0.658467,1.934,3.718906,10.0,10.0,2.066836,14.53516,16.601996,83.398004,26.717309,0.623805,0.987894
2026-07-27 11:31:56,29779.39,110399,552,311.2787,196.1688,3.7,0.334949,,,,0.05,10.401843,1.040184,1.93395,0.83278,5.0,6.0,0.0,0.471792,0.471792,99.528208,32.006768,0.422917,0.987894
2026-07-27 11:32:27,29810.28,110599,553,43.4566,193.1668,3.7,0.007205,,,,0.05,4.382695,0.438269,0.505363,4.945235,10.0,10.0,17.034132,28.754352,45.788484,54.211516,16.906444,0.606744,0.987894
2026-07-27 11:32:58,29841.31,110799,554,-42.8272,191.3142,3.7,0.006021,,,,0.05,2.498142,0.249814,0.760525,6.698993,10.0,10.0,26.198835,34.321392,60.520227,39.479773,12.080082,0.669887,0.987894
2026-07-27 11:33:29,29872.56,110999,555,403.7173,194.6699,3.7,0.008477,,,,0.05,13.637898,1.36379,1.93595,0.76034,6.0,7.0,0.0,1.102488,1.102488,98.897512,31.752571,0.520767,0.987894
2026-07-27 11:34:01,29904.05,111199,556,415.8619,197.3116,3.7,0.010126,,,,0.05,14.504849,1.450485,1.947,1.337503,10.0,10.0,1.530978,7.41169,8.942668,91.057332,29.035593,0.574972,0.987894
2026-07-27 11:34:32,29935.08,111399,557,362.2907,199.9682,3.7,0.348253,,,,0.05,12.311548,1.231155,1.95495,1.0711,8.0,8.0,0.0,4.03303,4.03303,95.96697,30.605628,0.669511,0.987894
2026-07-27 11:35:03,29966.46,111599,558,281.3214,201.7864,3.7,0.015655,,,,0.05,10.17034,1.017034,1.954,3.189812,9.0,10.0,0.0,13.103778,13.103778,86.896222,27.367111,0.615491,0.987894
2026-07-27 11:35:34,29997.77,111799,559,376.6373,205.2244,3.7,0.023422,,,,0.05,12.863171,1.286317,1.941,0.003277,0.0,0.0,0.0,0.0,0.0,100.0,32.02816,0.698218,0.987894
2026-07-27 11:36:06,30028.87,111999,560,305.5735,207.3339,3.7,0.033011,,,,0.05,10.317787,1.031779,1.94,0.059604,1.0,1.0,0.0,0.0,0.0,100.0,32.019595,0.668678,0.988143
2026-07-27 11:36:37,30059.94,112199,561,320.4383,209.6811,3.7,0.045025,,,,0.05,10.71268,1.071268,1.941,0.013613,0.0,1.0,0.0,0.0,0.0,100.0,31.96928,0.45635,0.988143
2026-07-27 11:37:08,30091.17,112399,562,248.2647,210.2062,3.7,0.028796,,,,0.05,8.27549,0.827549,1.936,0.001842,0.0,0.0,0.0,0.0,0.0,100.0,31.96416,0.505382,0.988143
2026-07-27 11:37:39,30122.3,112599,563,273.3739,210.3118,3.7,0.021781,,,,0.05,9.112464,0.911246,1.932,0.005201,0.0,0.0,0.0,0.0,0.0,100.0,32.23808,0.53579,0.988143
2026-07-27 11:38:10,30153.34,112799,564,372.7738,211.6402,3.7,0.029957,,,,0.05,12.599516,1.259952,1.9409,0.523597,4.0,6.0,0.0,0.26887,0.26887,99.73113,32.11322,0.700954,0.988143
2026-07-27 11:38:41,30184.59,112999,565,434.5222,214.4585,3.7,0.039676,,,,0.05,14.726493,1.472649,1.93795,0.007515,0.0,0.0,0.0,0.0,0.0,100.0,32.192,0.647444,0.988143
2026-07-27 11:39:12,30215.74,113199,566,349.5292,215.7015,3.7,0.05048,,,,0.05,11.65191,1.165191,1.935,0.009694,0.0,0.0,0.0,0.0,0.0,100.0,32.35072,0.549867,0.988143
2026-07-27 11:39:44,30247.04,113399,567,81.284,212.9818,3.7,0.059904,,,,0.05,4.237545,0.423755,0.757351,3.102172,8.0,10.0,9.021872,14.571056,23.592928,76.407072,24.306785,0.606935,0.988143
2026-07-27 11:40:15,30278.14,113599,568,119.0799,210.8695,3.8,0.052418,,,,0.05,4.641715,0.464172,1.932,2.408727,10.0,10.0,0.083742,11.07788,11.161622,88.838378,28.137893,0.729784,0.988143
2026-07-27 11:40:46,30309.41,113799,569,225.5999,209.3005,3.8,0.052787,,,,0.05,8.054844,0.805484,1.93295,1.070353,10.0,10.0,1.368598,7.39284,8.761438,91.238562,28.976613,0.499092,0.988143
2026-07-27 11:41:17,30340.44,113999,570,60.64,206.8124,3.8,0.821372,,,,0.05,4.209604,0.42096,1.219799,2.756804,10.0,10.0,13.822173,20.244155,34.066327,65.933673,20.8714,0.605231,0.987693
2026-07-27 11:41:49,30371.83,114199,571,165.0705,207.4948,3.8,0.042896,,,,0.05,5.502351,0.550235,1.929,0.007448,0.0,0.0,0.0,0.0,0.0,100.0,32.13824,0.644427,0.987693
2026-07-27 11:42:20,30402.98,114399,572,192.0919,206.3161,3.8,0.026244,,,,0.05,6.403063,0.640306,1.92895,0.008764,0.0,0.0,0.0,0.0,0.0,100.0,32.13056,0.622008,0.987693
2026-07-27 11:42:51,30434.41,114599,573,237.3214,205.7897,3.8,0.01633,,,,0.05,7.931791,0.793179,1.93,0.018612,0.0,1.0,0.0,0.0,0.0,100.0,32.11664,0.559648,0.987693
2026-07-27 11:43:22,30465.61,114799,574,185.6865,204.6875,3.8,0.041731,,,,0.05,6.390075,0.639008,1.93,1.037605,7.0,8.0,0.0,3.039005,3.039005,96.960995,30.940645,0.696211,0.987693
2026-07-27 11:43:53,30496.51,114999,575,260.2682,204.5361,3.8,0.07657,,,,0.05,8.692411,0.869241,1.93595,0.102007,1.0,1.0,0.0,0.0,0.0,100.0,31.94752,0.71871,0.987693
2026-07-27 11:44:24,30527.34,115199,576,242.4111,202.6469,3.8,0.029297,,,,0.05,8.080372,0.808037,1.933,0.215969,2.0,3.0,0.0,0.0,0.0,100.0,31.934303,0.655802,0.987693
2026-07-27 11:44:55,30558.67,115399,577,177.5043,200.4702,3.8,0.01316,,,,0.05,6.20105,0.620105,1.936,1.089078,8.0,9.0,0.0,4.824245,4.824245,95.175755,30.24842,0.618065,0.987693
2026-07-27 11:45:27,30590.15,115599,578,270.8146,200.6069,3.8,0.408487,,,,0.05,9.027154,0.902715,1.934,0.002716,0.0,0.0,0.0,0.0,0.0,100.0,32.04224,0.621181,0.987693
2026-07-27 11:45:57,30620.68,115799,579,294.8824,201.4634,3.8,0.011708,,,,0.05,9.839488,0.983949,1.936,0.005649,0.0,0.0,0.0,0.0,0.0,100.0,31.9488,0.568311,0.987693
2026-07-27 11:46:28,30651.39,115999,580,227.209,202.1409,3.8,0.013594,,,,0.05,7.573633,0.757363,1.933,0.022517,0.0,1.0,0.0,0.0,0.0,100.0,31.8912,0.513869,0.986563
2026-07-27 11:46:59,30682.09,116199,581,206.6661,202.7938,3.8,0.011764,,,,0.05,7.123527,0.712353,1.931,1.064819,8.0,9.0,0.0,3.928815,3.928815,96.071185,30.430969,0.572083,0.986563
2026-07-27 11:47:30,30713.35,116399,582,137.852,204.0104,3.8,0.014159,,,,0.05,5.740204,0.57402,1.9359,2.325527,10.0,10.0,3.259552,14.839648,18.0992,81.9008,25.695794,0.677738,0.986563
2026-07-27 11:48:01,30744.29,116599,583,219.5337,204.7791,3.8,0.047045,,,,0.05,7.562773,0.756277,1.93395,0.017745,0.0,1.0,0.0,0.0,0.0,100.0,31.66592,0.655912,0.986563
2026-07-27 11:48:32,30775.27,116799,584,182.2183,204.9005,3.8,0.030357,,,,0.05,6.381112,0.638111,1.92795,1.115591,8.0,10.0,0.028087,5.083658,5.111744,94.888256,30.103314,0.696871,0.986563
2026-07-27 11:49:03,30806.46,116999,585,217.5449,206.0903,3.8,0.010024,,,,0.05,7.347469,0.734747,1.92695,0.005994,0.0,0.0,0.0,0.0,0.0,100.0,32.02944,0.617844,0.986563
2026-07-27 11:49:34,30837.68,117199,586,93.5657,206.6132,3.8,0.029049,,,,0.05,4.334624,0.433462,3.7e-05,1.700179,10.0,10.0,6.261525,9.905396,16.166921,83.833079,26.629674,0.737467,0.986563
2026-07-27 11:50:06,30868.87,117399,587,70.167,206.5565,3.8,0.028833,,,,0.05,3.46509,0.346509,9e-06,0.870818,5.0,10.0,6.789042,7.86414,14.653181,85.346819,27.360128,0.709314,0.986563
2026-07-27 11:50:37,30899.91,117599,588,63.6458,205.8027,3.8,0.012162,,,,0.05,3.255469,0.325547,0.800646,0.706988,7.0,10.0,7.987907,9.543321,17.531228,82.468772,26.223764,0.731645,0.986563
2026-07-27 11:51:08,30931.66,117799,589,115.4955,204.8682,3.8,0.016213,,,,0.05,3.976981,0.397698,1.926,1.123087,6.0,8.0,0.003982,2.214257,2.21824,97.78176,31.281342,0.695963,0.986563
2026-07-27 11:51:39,30962.73,117999,590,41.5022,202.7536,3.8,0.398897,,,,0.05,2.878683,0.287868,1.924,2.341262,10.0,10.0,7.398082,15.895284,23.293365,76.706635,24.268432,0.844453,0.986341
2026-07-27 11:52:11,30993.85,118199,591,95.6585,203.6526,3.8,0.011018,,,,0.05,4.305887,0.430589,0.669127,0.270583,0.0,10.0,9.050534,7.938223,16.988757,83.011243,26.545758,0.605641,0.986341
2026-07-27 11:52:42,31025.24,118399,592,96.0673,203.6052,3.8,0.014378,,,,0.05,3.66283,0.366283,1.928,2.019306,9.0,10.0,0.136628,7.514567,7.651195,92.348805,29.04557,0.760443,0.986341
2026-07-27 11:53:13,31056.25,118599,593,95.9327,201.9468,3.8,0.398634,,,,0.05,3.224909,0.322491,1.92695,0.409728,4.0,7.0,0.0,0.446429,0.446429,99.553571,31.68384,0.848491,0.986341
2026-07-27 11:53:44,31087.06,118799,594,69.6065,201.2897,3.8,0.013073,,,,0.05,2.790945,0.279094,1.92695,1.160966,10.0,10.0,0.697786,7.017966,7.715752,92.284248,29.320757,0.858362,0.986341
2026-07-27 11:54:15,31117.99,118999,595,137.5118,201.6971,3.8,0.385451,,,,0.05,4.613992,0.461399,1.927,0.141826,1.0,2.0,0.0,0.0,0.0,100.0,31.933182,0.791918,0.986341
2026-07-27 11:54:46,31148.89,119199,596,124.0878,201.0623,3.8,0.390201,,,,0.05,4.901484,0.490148,3.9e-05,3.120059,9.0,10.0,0.382181,10.438314,10.820494,89.179506,28.523101,0.70179,0.986341
2026-07-27 11:55:17,31180.22,119399,597,48.91,200.1419,3.8,0.017049,,,,0.05,5.586222,0.558622,4e-05,2.616101,10.0,10.0,30.985412,30.166554,61.151966,38.848034,11.839911,0.540209,0.986341
2026-07-27 11:55:48,31211.37,119599,598,363.1938,202.5149,3.8,0.384163,,,,0.05,13.707446,1.370745,1.9339,1.115734,6.0,9.0,10.94644,11.70534,22.65178,77.34822,24.917983,0.594481,0.986341
2026-07-27 11:56:19,31242.65,119799,599,146.6776,202.5776,3.8,0.013707,,,,0.05,6.3333,0.63333,1.876055,3.075957,10.0,10.0,6.505102,16.581633,23.086735,76.913265,24.375874,0.550749,0.986341
2026-07-27 11:56:50,31273.73,119999,600,142.0084,202.6088,3.8,0.376824,,,,0.05,6.001915,0.600191,0.181319,0.250886,2.0,3.0,10.965124,7.798939,18.764063,81.235937,25.790454,0.526226,0.986784
2026-07-27 11:57:21,31304.76,120199,601,109.6667,201.9508,3.8,0.012967,,,,0.05,4.461315,0.446131,1.92595,2.281352,10.0,10.0,1.5991,11.330307,12.929407,87.070593,27.408615,0.709717,0.986784
2026-07-27 11:57:52,31335.74,120399,602,173.3071,201.2429,3.8,0.016667,,,,0.05,6.019918,0.601992,1.93295,1.085173,7.0,9.0,0.016038,4.081633,4.097671,95.902329,30.450485,0.550147,0.986784
2026-07-27 11:58:24,31366.83,120599,603,219.2706,201.0524,3.8,0.364225,,,,0.05,7.30902,0.730902,1.924,0.035181,0.0,1.0,0.0,0.0,0.0,100.0,31.872,0.535607,0.986784
2026-07-27 11:58:55,31398.44,120799,604,198.7269,201.9439,3.8,0.013166,,,,0.05,6.918618,0.691862,1.9279,0.918912,7.0,10.0,0.356542,4.346607,4.703149,95.296851,30.275579,0.538822,0.986784
2026-07-27 11:59:27,31429.81,120999,605,103.675,201.7047,3.8,0.015843,,,,0.05,4.428871,0.442887,1.93095,3.119212,10.0,10.0,2.654903,13.502076,16.156979,83.843021,26.582126,0.708828,0.986784
2026-07-27 11:59:57,31460.78,121199,606,248.874,202.2861,3.9,0.016718,,,,0.05,8.359824,0.835982,1.93875,0.762899,6.0,7.0,0.0,1.193222,1.193222,98.806778,31.631002,0.512881,0.986784
2026-07-27 12:00:28,31491.66,121399,607,198.2029,202.8689,3.9,0.362345,,,,0.05,6.685688,0.668569,1.932,0.507578,4.0,10.0,0.05964,1.204723,1.264363,98.735637,31.762772,0.545658,0.986784
2026-07-27 12:01:00,31523.3,121599,608,217.9627,203.4135,3.9,0.007459,,,,0.05,7.265423,0.726542,1.932,0.00594,0.0,0.0,0.0,0.0,0.0,100.0,32.10752,0.592415,0.986784
2026-07-27 12:01:31,31554.44,121799,609,163.2364,203.9376,3.9,0.01111,,,,0.05,5.912393,0.591239,1.933,1.069292,10.0,10.0,0.79476,6.86529,7.66005,92.33995,29.336727,0.582844,0.986784
2026-07-27 12:02:02,31585.19,121999,610,214.6932,203.7195,3.9,0.012584,,,,0.05,8.012629,0.801263,1.933,1.625563,10.0,10.0,3.80139,9.723932,13.525323,86.474677,27.631458,0.63021,0.986158
2026-07-27 12:02:33,31616.22,122199,611,290.5983,205.3173,3.9,0.009027,,,,0.05,10.095625,1.009563,1.93395,1.870996,8.0,10.0,0.583696,5.928917,6.512613,93.487387,29.665209,0.603466,0.986158
2026-07-27 12:03:04,31647.53,122399,612,223.4999,204.8175,3.9,0.010583,,,,0.05,8.884097,0.88841,1.933,4.331007,10.0,10.0,3.776151,19.436777,23.212929,76.787071,24.10307,0.532268,0.986158
2026-07-27 12:03:35,31678.66,122599,613,324.2424,206.7936,3.9,0.012622,,,,0.05,10.937155,1.093716,1.93295,0.905243,7.0,7.0,0.0,1.919853,1.919853,98.080147,31.273649,0.497612,0.986158
2026-07-27 12:04:07,31710.03,122799,614,223.3374,207.3865,3.9,0.012081,,,,0.05,8.273399,0.82734,1.933,0.781022,10.0,10.0,4.971693,8.209074,13.180767,86.819233,27.7207,0.507797,0.986158
2026-07-27 12:04:38,31741.0,122999,615,26.1594,205.4859,3.9,0.341479,,,,0.05,3.81539,0.381539,1.92695,5.407367,10.0,10.0,15.83734,30.669071,46.50641,53.49359,16.526552,0.718382,0.986158
2026-07-27 12:05:09,31772.48,123199,616,246.8306,205.2535,3.9,0.008199,,,,0.05,8.301032,0.830103,1.927,0.015792,0.0,1.0,0.0,0.0,0.0,100.0,31.93472,0.554014,0.986158
2026-07-27 12:05:41,31803.81,123399,617,221.6329,204.7716,3.9,0.015434,,,,0.05,8.228416,0.822842,1.92895,0.983634,10.0,10.0,4.297891,8.59178,12.889671,87.110329,27.561742,0.56566,0.986158
2026-07-27 12:06:11,31834.75,123599,618,356.5321,205.2584,3.9,0.011856,,,,0.05,11.997357,1.199736,1.93195,0.053741,1.0,1.0,0.0,0.0,0.0,100.0,32.178839,0.532821,0.986158
2026-07-27 12:06:43,31865.87,123799,619,292.2113,206.8216,3.9,0.008445,,,,0.05,10.002049,1.000205,1.933,1.974829,8.0,9.0,0.0,4.367297,4.367297,95.632703,30.513632,0.522219,0.986158
2026-07-27 12:07:14,31897.22,123999,620,229.2962,206.5716,3.9,0.007445,,,,0.05,9.455098,0.94551,1.943,3.950414,10.0,10.0,7.798692,21.06598,28.864672,71.135328,22.394219,0.614448,0.986262
2026-07-27 12:07:45,31928.52,124199,621,341.5391,207.0367,3.9,0.013039,,,,0.05,11.794062,1.179406,1.947,2.326452,9.0,10.0,0.01981,6.093502,6.113312,93.886688,29.890677,0.685415,0.986262
2026-07-27 12:08:16,31959.52,124399,622,283.9023,206.2536,3.9,0.015478,,,,0.05,9.976202,0.99762,1.942,2.025697,9.0,10.0,0.011936,8.339301,8.351237,91.648763,29.289553,0.576873,0.986262
2026-07-27 12:08:48,31990.92,124599,623,205.5067,204.8946,3.9,0.350173,,,,0.05,8.285199,0.82852,1.94595,4.923197,10.0,10.0,3.493976,19.947791,23.441767,76.558233,23.735002,0.615088,0.986262
2026-07-27 12:09:19,32022.23,124799,624,344.7557,205.8632,3.9,0.016268,,,,0.05,11.853944,1.185394,1.938,1.047125,9.0,10.0,0.176892,5.909785,6.086677,93.913323,29.724478,0.500535,0.986262
2026-07-27 12:09:50,32053.27,124999,625,254.6128,206.2106,3.9,0.010671,,,,0.05,8.494466,0.849447,1.925,0.072938,1.0,1.0,0.0,0.0,0.0,100.0,31.86944,0.462711,0.986262
2026-07-27 12:10:21,32084.25,125199,626,235.8695,207.6783,3.9,0.011829,,,,0.05,8.160808,0.816081,1.9299,1.017643,9.0,10.0,0.095962,4.698121,4.794082,95.205918,30.410395,0.478378,0.986262
2026-07-27 12:10:52,32115.42,125399,627,159.4589,207.27,3.9,0.011672,,,,0.05,6.347027,0.634703,1.93,3.045533,10.0,10.0,2.462505,14.651709,17.114214,82.885786,26.20356,0.637109,0.986262
2026-07-27 12:11:23,32146.69,125599,628,82.7424,206.4987,3.9,0.361854,,,,0.05,5.549081,0.554908,0.374465,2.390868,10.0,10.0,19.487852,23.535727,43.023579,56.976421,17.984112,0.468933,0.986262
2026-07-27 12:11:54,32177.78,125799,629,228.7768,206.8265,3.9,0.717178,,,,0.05,8.409932,0.840993,1.93195,3.216641,9.0,10.0,0.0,13.165121,13.165121,86.834879,27.600074,0.435225,0.986262
2026-07-27 12:12:26,32209.27,125999,630,252.2935,207.5538,3.9,0.713919,,,,0.05,8.409784,0.840978,1.933,0.482731,3.0,4.0,0.0,0.0,0.0,100.0,32.057834,0.365661,0.986213
2026-07-27 12:12:57,32240.29,126199,631,157.6176,208.3064,3.9,0.007838,,,,0.05,6.567518,0.656752,1.93795,2.463855,10.0,10.0,5.897395,14.863353,20.760748,79.239252,25.045549,0.446325,0.986213
2026-07-27 12:13:28,32271.49,126399,632,160.2259,208.1705,3.9,0.353496,,,,0.05,6.296707,0.629671,1.937,2.372416,10.0,10.0,5.147266,10.194077,15.341343,84.658657,26.581355,0.464227,0.986213
2026-07-27 12:13:59,32302.48,126599,633,259.5677,210.1512,3.9,0.353154,,,,0.05,8.68812,0.868812,1.934,0.632146,5.0,6.0,0.0,0.691889,0.691889,99.308111,31.729119,0.456185,0.986213
2026-07-27 12:14:30,32333.53,126799,634,267.0471,211.0596,3.9,0.009856,,,,0.05,8.912747,0.891275,1.93295,0.114902,1.0,1.0,0.0,0.0,0.0,100.0,31.928068,0.470341,0.986213
2026-07-27 12:15:02,32364.93,126999,635,243.2548,210.6863,3.9,0.694357,,,,0.05,8.91188,0.891188,1.932,0.89325,10.0,10.0,4.489338,7.812249,12.301587,87.698413,27.869201,0.468382,0.986213
2026-07-27 12:15:33,32396.3,127199,636,293.0011,211.9821,3.9,0.007934,,,,0.05,9.949807,0.994981,1.93395,1.288572,7.0,8.0,0.0,3.05267,3.05267,96.94733,30.647613,0.515531,0.986213
2026-07-27 12:16:04,32427.43,127399,637,202.9829,211.0863,3.9,0.006451,,,,0.05,7.219144,0.721914,1.93295,1.753483,10.0,10.0,0.412809,6.945613,7.358423,92.641577,29.331659,0.545752,0.986213
2026-07-27 12:16:35,32458.65,127599,638,124.5743,210.9112,3.9,0.006643,,,,0.05,4.479114,0.447911,1.9299,1.008524,9.0,10.0,0.31425,4.999799,5.314049,94.685951,29.90466,0.728148,0.986213
2026-07-27 12:17:07,32489.95,127799,639,206.682,208.7829,3.9,0.010468,,,,0.05,6.990221,0.699022,1.93195,0.91156,7.0,7.0,0.0,1.671107,1.671107,98.328893,30.915874,0.695521,0.986213
2026-07-27 12:17:38,32521.08,127999,640,253.1869,208.0167,3.9,0.010514,,,,0.05,8.829793,0.882979,1.93495,1.111149,9.0,10.0,0.020261,5.170597,5.190858,94.809142,29.760628,0.649762,0.985691
2026-07-27 12:18:09,32551.97,128199,641,215.7091,207.7623,3.9,0.349257,,,,0.05,7.860472,0.786047,1.934,2.223455,10.0,10.0,1.774213,8.032568,9.806781,90.193219,28.175366,0.596052,0.985691
2026-07-27 12:18:40,32583.0,128399,642,200.0867,207.135,3.9,0.010421,,,,0.05,7.589694,0.758969,1.93085,1.461829,9.0,10.0,5.435442,9.391796,14.827238,85.172762,26.946714,0.645369,0.985691
2026-07-27 12:19:11,32614.27,128599,643,193.2754,206.2986,3.9,0.01402,,,,0.05,6.987249,0.698725,1.9339,0.89502,9.0,10.0,2.322866,6.36876,8.691626,91.308374,28.862028,0.612239,0.985691
2026-07-27 12:19:42,32645.33,128799,644,199.8013,206.8336,3.9,0.342755,,,,0.05,8.348446,0.834845,1.144443,1.583572,10.0,10.0,10.401474,15.69036,26.091834,73.908166,23.31809,0.478715,0.985691
2026-07-27 12:20:13,32676.59,128999,645,235.74,208.1499,3.9,0.009033,,,,0.05,7.861525,0.786152,1.93085,0.309717,3.0,5.0,0.0,0.119508,0.119508,99.880492,32.050317,0.505125,0.985691
2026-07-27 12:20:44,32707.66,129199,646,166.9674,208.5959,4.0,0.343587,,,,0.05,5.632166,0.563217,1.93195,0.699757,5.0,7.0,0.0,1.183243,1.183243,98.816757,31.6416,0.638489,0.985691
2026-07-27 12:21:15,32738.72,129399,647,285.0908,209.8335,4.0,0.346261,,,,0.05,9.526081,0.952608,1.93185,0.008449,0.0,0.0,0.0,0.0,0.0,100.0,31.966544,0.551762,0.985691
2026-07-27 12:21:47,32769.96,129599,648,286.2297,210.9698,4.0,0.34795,,,,0.05,9.540989,0.954099,1.93295,0.084099,0.0,3.0,0.0,0.0,0.0,100.0,32.05376,0.566026,0.985691
2026-07-27 12:22:18,32801.18,129799,649,170.4851,210.7642,4.0,0.350692,,,,0.05,6.39884,0.639884,1.93295,1.617791,10.0,10.0,2.25923,9.442215,11.701445,88.298555,28.057881,0.549424,0.985691
2026-07-27 12:22:49,32832.72,129999,650,191.1864,210.1549,4.0,0.011308,,,,0.05,6.797937,0.679794,1.93195,1.505369,8.0,10.0,1.339986,5.605408,6.945395,93.054605,29.248785,0.51586,0.985246
2026-07-27 12:23:21,32863.96,130199,651,265.4533,211.135,4.0,0.009086,,,,0.05,8.857102,0.88571,1.936,0.154628,1.0,4.0,0.0,0.140337,0.140337,99.859663,31.8784,0.509293,0.985246
2026-07-27 12:23:52,32895.07,130399,652,219.5119,210.2173,4.0,0.011755,,,,0.05,7.317063,0.731706,1.929,0.00181,0.0,0.0,0.0,0.0,0.0,100.0,31.82848,0.529753,0.985246
2026-07-27 12:24:22,32925.65,130599,653,158.2608,211.3654,4.0,0.010008,,,,0.05,6.286191,0.628619,1.93,2.236768,10.0,10.0,3.363346,12.589333,15.952679,84.047321,26.326416,0.561498,0.985246
2026-07-27 12:24:54,32956.87,130799,654,115.984,212.9535,4.0,0.009389,,,,0.05,5.915873,0.591587,0.798742,2.238672,10.0,10.0,13.424823,18.228052,31.652876,68.347124,21.429981,0.458086,0.985246
2026-07-27 12:25:25,32988.4,130999,655,85.4636,209.771,4.0,0.692191,,,,0.05,4.061825,0.406182,0.425608,0.159192,0.0,10.0,10.255374,8.283498,18.538872,81.461128,25.722487,0.622561,0.985246
2026-07-27 12:25:56,33019.65,131199,656,116.8599,206.7809,4.0,0.009865,,,,0.05,5.517916,0.551792,1.927,1.560775,8.0,10.0,11.99854,13.876607,25.875147,74.124853,23.253891,0.599761,0.985246
2026-07-27 12:26:27,33050.67,131399,657,235.7331,205.5154,4.0,0.348542,,,,0.05,7.85777,0.785777,1.929,0.004907,0.0,0.0,0.0,0.0,0.0,100.0,31.56096,0.49694,0.985246
2026-07-27 12:26:59,33081.88,131599,658,174.0268,204.4424,4.0,0.351212,,,,0.05,6.72916,0.672916,3.9e-05,0.700762,10.0,10.0,5.728871,7.896443,13.625314,86.374686,27.115613,0.54628,0.985246
2026-07-27 12:27:30,33112.89,131799,659,284.1711,203.5178,4.0,0.353112,,,,0.05,9.919502,0.99195,1.938,1.309406,8.0,10.0,1.647059,5.48073,7.127789,92.872211,29.056938,0.606175,0.985246
2026-07-27 12:28:01,33143.96,131999,660,402.9299,204.4913,4.0,0.011787,,,,0.05,13.454219,1.345422,1.942,0.072363,0.0,3.0,0.0,0.0,0.0,100.0,31.50336,0.612923,0.985148
2026-07-27 12:28:32,33175.1,132199,661,353.8777,204.8257,4.0,0.014762,,,,0.05,11.876896,1.18769,1.935,0.03167,0.0,1.0,0.0,0.0,0.0,100.0,31.64672,0.56768,0.985148
2026-07-27 12:29:03,33206.34,132399,662,161.6364,203.9594,4.0,0.009575,,,,0.05,5.749399,0.57494,1.9399,1.228062,9.0,10.0,0.060467,5.893498,5.953965,94.046035,29.645111,0.680353,0.985148
2026-07-27 12:29:34,33237.38,132599,663,243.0404,203.6561,4.0,0.013638,,,,0.05,8.101347,0.810135,1.93595,0.012448,0.0,1.0,0.0,0.0,0.0,100.0,31.77344,0.578577,0.985148
2026-07-27 12:30:05,33268.54,132799,664,280.0864,202.7292,4.0,0.015086,,,,0.05,9.336213,0.933621,1.9379,0.072031,1.0,1.0,0.0,0.0,0.0,100.0,31.720679,0.558592,0.985148
2026-07-27 12:30:37,33299.88,132999,665,87.5366,199.2594,4.0,0.008503,,,,0.05,4.556217,0.455622,1.732336,1.692447,10.0,10.0,9.65099,15.74762,25.39861,74.60139,23.567545,0.679266,0.985148
2026-07-27 12:31:08,33331.5,133199,666,302.898,198.7931,4.0,0.008959,,,,0.05,10.097054,1.009705,1.936,0.010602,0.0,1.0,0.0,0.0,0.0,100.0,32.11392,0.578249,0.985148
2026-07-27 12:31:40,33362.8,133399,667,275.1614,200.7318,4.0,0.007698,,,,0.05,9.371456,0.937146,1.94395,1.072395,7.0,8.0,0.0,3.383594,3.383594,96.616406,30.747486,0.558398,0.985148
2026-07-27 12:32:10,33393.72,133599,668,155.1065,201.0921,4.0,0.010245,,,,0.05,5.487479,0.548748,1.94595,2.894692,7.0,8.0,0.0,5.547789,5.547789,94.452211,29.80562,0.796595,0.985148
2026-07-27 12:32:42,33425.07,133799,669,294.9121,201.7852,4.0,1.100253,,,,0.05,9.830405,0.98304,1.929,0.006175,0.0,0.0,0.0,0.0,0.0,100.0,32.13184,0.55316,0.985148
2026-07-27 12:33:13,33456.26,133999,670,243.089,203.6097,4.0,0.377744,,,,0.05,8.102966,0.810297,1.932,0.01211,0.0,1.0,0.0,0.0,0.0,100.0,32.13184,0.582129,0.984331
2026-07-27 12:33:44,33487.32,134199,671,230.3465,204.2625,4.0,0.008177,,,,0.05,7.678215,0.767822,1.9319,0.014385,0.0,1.0,0.0,0.0,0.0,100.0,31.94496,0.575613,0.984331
2026-07-27 12:34:15,33518.32,134399,672,297.8877,205.3204,4.0,0.009429,,,,0.05,9.92959,0.992959,1.938,0.012159,0.0,1.0,0.0,0.0,0.0,100.0,32.00384,0.605883,0.984331
2026-07-27 12:34:46,33549.64,134599,673,266.4774,205.612,4.0,0.007756,,,,0.05,8.882581,0.888258,1.932,0.009816,0.0,0.0,0.0,0.0,0.0,100.0,31.81824,0.532907,0.984331
2026-07-27 12:35:18,33580.87,134799,674,240.7087,206.1622,4.0,0.007665,,,,0.05,8.782613,0.878261,1.93895,0.825331,10.0,10.0,3.934953,7.990363,11.925316,88.074684,27.978418,0.5732,0.984331
2026-07-27 12:35:49,33611.94,134999,675,305.8961,206.6185,4.0,0.009868,,,,0.05,10.197346,1.019735,1.94095,0.011193,0.0,1.0,0.0,0.0,0.0,100.0,31.90528,0.570148,0.984331
2026-07-27 12:36:20,33643.17,135199,676,327.3866,207.4682,4.0,0.01025,,,,0.05,10.92441,1.092441,1.934,0.005085,0.0,0.0,0.0,0.0,0.0,100.0,31.96544,0.516997,0.984331
2026-07-27 12:36:51,33674.16,135399,677,235.7671,208.0509,4.0,0.008491,,,,0.05,7.858903,0.78589,1.93695,0.010854,0.0,1.0,0.0,0.0,0.0,100.0,31.95776,0.540303,0.984331
2026-07-27 12:37:22,33705.15,135599,678,259.3999,207.9367,4.0,0.008215,,,,0.05,8.646664,0.864666,1.93295,0.007822,0.0,0.0,0.0,0.0,0.0,100.0,32.07424,0.553988,0.984331
2026-07-27 12:37:53,33736.2,135799,679,167.0086,206.658,4.0,0.007984,,,,0.05,5.566953,0.556695,1.92995,0.008169,0.0,0.0,0.0,0.0,0.0,100.0,31.965798,0.525733,0.984331
2026-07-27 12:38:24,33767.06,135999,680,33.388,204.7198,4.0,0.010383,,,,0.05,3.194481,0.319448,1.67263,3.166789,10.0,10.0,11.808664,21.091752,32.900416,67.099584,21.108898,0.733473,0.983564
2026-07-27 12:38:55,33798.44,136199,681,156.9586,204.2227,4.0,0.0093,,,,0.05,5.657205,0.565721,1.928,0.259185,1.0,9.0,2.778668,3.839686,6.618354,93.381646,29.824016,0.616181,0.983564
2026-07-27 12:39:27,33830.04,136399,682,173.2572,204.5768,4.0,0.012951,,,,0.05,5.775241,0.577524,1.928,0.00339,0.0,0.0,0.0,0.0,0.0,100.0,32.09344,0.695139,0.983564
2026-07-27 12:39:58,33860.87,136599,683,126.5904,203.6473,4.0,0.007465,,,,0.05,4.219678,0.421968,1.92795,0.005678,0.0,0.0,0.0,0.0,0.0,100.0,32.0128,0.77577,0.983564
2026-07-27 12:40:28,33891.54,136799,684,91.8627,202.7438,4.0,0.009553,,,,0.05,3.164722,0.316472,1.1e-05,0.006826,0.0,0.0,0.0,0.0,0.0,100.0,32.06784,0.813272,0.983564
2026-07-27 12:41:00,33922.81,136999,685,171.0183,202.2785,4.0,0.753791,,,,0.05,6.895101,0.68951,1.93495,1.341293,8.0,9.0,7.941647,10.815348,18.756994,81.243006,25.837933,0.627937,0.983564
2026-07-27 12:41:31,33954.21,137199,686,209.7011,203.4398,4.0,0.379039,,,,0.05,7.043503,0.70435,1.9289,0.51918,5.0,8.0,0.0,1.061826,1.061826,98.938174,31.600464,0.602152,0.983564
2026-07-27 12:42:02,33985.25,137399,687,100.7934,203.7461,4.0,0.010682,,,,0.05,4.730889,0.473089,1.926,2.216832,10.0,10.0,5.920071,15.614792,21.534863,78.465137,24.627036,0.720481,0.983564
2026-07-27 12:42:33,34016.35,137599,688,245.6999,205.5667,4.0,0.372755,,,,0.05,8.519568,0.851957,1.926,0.262574,1.0,7.0,2.207063,3.085875,5.292937,94.707063,30.209293,0.641151,0.983564
2026-07-27 12:43:04,34047.61,137799,689,225.617,206.6679,4.0,0.368568,,,,0.05,7.972414,0.797241,1.9349,1.210035,10.0,10.0,0.460055,6.788815,7.24887,92.75113,29.509456,0.719103,0.983564
2026-07-27 12:43:36,34078.84,137999,690,210.8394,208.3612,4.0,0.0087,,,,0.05,7.146119,0.714612,1.93295,0.680698,6.0,8.0,0.0,1.986835,1.986835,98.013165,31.168222,0.744424,0.982964
2026-07-27 12:44:07,34109.96,138199,691,289.4266,210.2989,4.1,0.008732,,,,0.05,9.918204,0.99182,1.93395,0.033047,0.0,1.0,0.0,0.0,0.0,100.0,31.83872,0.704093,0.982964
2026-07-27 12:44:37,34140.74,138399,692,306.1928,212.4002,4.1,0.010562,,,,0.05,10.306912,1.030691,1.93495,0.027659,0.0,1.0,0.0,0.0,0.0,100.0,31.978432,0.697073,0.982964
2026-07-27 12:45:08,34171.66,138599,693,306.2863,214.5037,4.1,0.361831,,,,0.05,10.606908,1.060691,1.93695,1.625685,8.0,10.0,0.232913,6.417155,6.650068,93.349932,29.428957,0.630732,0.982964
2026-07-27 12:45:39,34202.52,138799,694,305.8694,216.8663,4.1,0.373891,,,,0.05,10.945133,1.094513,1.93595,0.814364,10.0,10.0,3.939004,7.781444,11.720447,88.279553,27.959468,0.475005,0.982964
2026-07-27 12:46:10,34233.63,138999,695,197.5192,217.4664,4.1,0.37227,,,,0.05,7.710196,0.77102,1.9349,2.216459,10.0,10.0,3.907351,14.134945,18.042296,81.957704,25.739726,0.48381,0.982964
2026-07-27 12:46:41,34264.58,139199,696,182.8285,218.0538,4.1,0.013313,,,,0.05,7.584407,0.758441,1.9349,1.908936,10.0,10.0,7.582577,15.787993,23.37057,76.62943,24.08996,0.483968,0.982964
2026-07-27 12:47:12,34295.7,139399,697,115.14,218.7161,4.1,0.014451,,,,0.05,5.828322,0.582832,0.963989,3.297538,10.0,10.0,10.239169,20.76824,31.007409,68.992591,21.49274,0.521724,0.982964
2026-07-27 12:47:44,34327.09,139599,698,64.2357,215.7265,4.1,0.007706,,,,0.05,4.307642,0.430764,0.339951,1.96938,10.0,10.0,15.436783,17.794284,33.231067,66.768933,20.898576,0.490488,0.982964
2026-07-27 12:48:15,34358.12,139799,699,275.8362,217.0181,4.1,0.011382,,,,0.05,10.105623,1.010562,1.513042,0.588174,7.0,10.0,6.251761,7.616441,13.868202,86.131798,27.251129,0.52755,0.982964
2026-07-27 12:48:46,34388.9,139999,700,365.5152,219.2532,4.1,0.010979,,,,0.05,12.183841,1.218384,1.935,0.00458,0.0,0.0,0.0,0.0,0.0,100.0,31.86304,0.591473,0.983111
2026-07-27 12:49:17,34419.99,140199,701,393.1461,222.088,4.1,0.012401,,,,0.05,13.136182,1.313618,1.93385,0.006244,0.0,0.0,0.0,0.0,0.0,100.0,31.97952,0.630078,0.983111
2026-07-27 12:49:48,34450.87,140399,702,368.3221,224.0381,4.1,0.745984,,,,0.05,12.365874,1.236587,1.938,0.003702,0.0,0.0,0.0,0.0,0.0,100.0,32.1536,0.637818,0.983111
2026-07-27 12:50:19,34481.91,140599,703,159.9211,223.4446,4.1,0.012335,,,,0.05,5.538125,0.553813,1.936,1.078108,7.0,8.0,0.0,3.456703,3.456703,96.543297,31.169357,0.686821,0.983111
2026-07-27 12:50:49,34512.77,140799,704,127.7743,222.7351,4.1,0.014074,,,,0.05,4.393665,0.439366,1.934,1.066027,7.0,7.0,0.0,2.428465,2.428465,97.571535,31.638869,0.706594,0.983111
2026-07-27 12:51:20,34543.73,140999,705,168.7598,223.386,4.1,0.011168,,,,0.05,6.589808,0.658981,1.132308,0.459902,3.0,10.0,6.832298,8.086328,14.918626,85.081374,27.665463,0.425532,0.983111
2026-07-27 12:51:51,34574.62,141199,706,55.7389,221.4546,4.1,0.013628,,,,0.05,3.490238,0.349024,0.087329,1.486355,8.0,9.0,10.876323,14.520127,25.396451,74.603549,23.80282,0.582076,0.983111
2026-07-27 12:52:22,34605.55,141399,707,106.0047,220.5326,4.1,0.010078,,,,0.05,4.677614,0.467761,1.924,2.902479,10.0,10.0,3.60841,15.073907,18.682318,81.317682,25.793053,0.639228,0.983111
2026-07-27 12:52:53,34636.76,141599,708,121.1097,219.5641,4.1,0.01315,,,,0.05,4.580993,0.458099,1.92595,1.382781,9.0,10.0,1.330157,7.484614,8.814771,91.185229,29.175951,0.5018,0.983111
2026-07-27 12:53:25,34667.93,141799,709,130.2472,219.2342,4.1,0.009275,,,,0.05,4.995011,0.499501,1.927,1.528909,8.0,9.0,3.443466,7.11809,10.561556,89.438444,28.583083,0.592987,0.983111
2026-07-27 12:53:55,34698.65,141999,710,44.7492,217.5348,4.1,0.010692,,,,0.05,2.375128,0.237513,1.5e-05,0.350645,3.0,8.0,6.747046,6.926701,13.673746,86.326254,27.677469,0.889767,0.982848
2026-07-27 12:54:26,34729.51,142199,711,70.2865,215.3317,4.1,0.374458,,,,0.05,3.557404,0.35574,4e-05,0.11702,0.0,9.31,10.214194,8.132193,18.346387,81.653613,25.994573,0.663587,0.982848
2026-07-27 12:54:58,34761.37,142399,712,-8.2311,213.0143,4.1,0.013798,,,,0.05,2.260269,0.226027,1.0685,2.974093,10.0,10.0,18.500658,21.031446,39.532103,60.467897,19.201291,0.775258,0.982848
2026-07-27 12:55:29,34792.71,142599,713,208.7422,211.8593,4.1,0.011031,,,,0.05,7.000149,0.700015,1.931,0.040349,0.0,1.0,0.0,0.0,0.0,100.0,32.00896,0.550956,0.982848
2026-07-27 12:56:00,34823.71,142799,714,140.8956,211.0349,4.1,0.011451,,,,0.05,5.263816,0.526382,1.94295,1.094661,10.0,10.0,1.370955,7.564164,8.935119,91.064881,29.096937,0.649891,0.982848
2026-07-27 12:56:31,34854.73,142999,715,316.9288,213.9426,4.1,0.713481,,,,0.05,10.985847,1.098585,1.947,1.596841,8.35,10.0,0.643074,5.855568,6.498642,93.501358,29.748655,0.565309,0.982848
2026-07-27 12:57:03,34886.32,143199,716,137.8883,212.8532,4.1,0.012559,,,,0.05,6.778192,0.677819,1.94585,4.970838,10.0,10.0,9.320821,25.672022,34.992842,65.007158,20.393773,0.54675,0.982848
2026-07-27 12:57:34,34917.78,143399,717,180.9441,212.4463,4.1,0.360647,,,,0.05,7.943461,0.794346,1.154698,2.056249,10.0,10.0,11.656466,18.007313,29.663779,70.336221,22.45563,0.484746,0.982848
2026-07-27 12:58:06,34948.81,143599,718,224.0814,211.1218,4.1,0.009295,,,,0.05,7.63141,0.763141,1.939,0.996274,7.0,9.0,0.0,2.730335,2.730335,97.269665,31.265803,0.53091,0.982848
2026-07-27 12:58:37,34979.83,143799,719,255.9036,210.7587,4.1,0.009886,,,,0.05,8.806185,0.880619,1.931,0.905476,7.0,10.0,0.123011,4.511726,4.634737,95.365263,30.582604,0.533765,0.982848
2026-07-27 12:59:08,35011.18,143999,720,212.0413,210.5862,4.1,0.01366,,,,0.05,7.068044,0.706804,1.92895,0.149253,1.0,2.0,0.0,0.0,0.0,100.0,32.306049,0.562804,0.983057
2026-07-27 12:59:39,35042.48,144199,721,260.5935,209.7767,4.1,0.010331,,,,0.05,8.818096,0.88181,1.93695,0.893381,7.0,8.0,0.0,2.302095,2.302095,97.697905,31.406828,0.591129,0.983057
2026-07-27 13:00:10,35073.42,144399,722,268.4902,209.6226,4.1,0.009961,,,,0.05,9.009029,0.900903,1.927,0.503639,4.0,7.0,0.0,0.738212,0.738212,99.261788,31.833315,0.683289,0.983057
2026-07-27 13:00:41,35104.6,144599,723,316.2055,210.7296,4.1,0.011994,,,,0.05,11.063016,1.106302,1.93195,0.012286,0.0,1.0,0.0,0.0,0.0,100.0,32.29696,0.664066,0.983057
2026-07-27 13:01:12,35135.77,144799,724,424.6307,211.5283,4.1,0.353392,,,,0.05,14.515916,1.451592,1.93695,1.052133,7.0,8.0,0.0,3.831738,3.831738,96.168262,30.667014,0.5776,0.983057
2026-07-27 13:01:44,35167.02,144999,725,471.5494,213.6977,4.1,0.017177,,,,0.05,16.120534,1.612053,1.93795,0.010462,0.0,1.0,0.0,0.0,0.0,100.0,32.17792,0.603503,0.983057
2026-07-27 13:02:15,35198.1,145199,726,371.6029,215.055,4.1,0.022712,,,,0.05,13.054757,1.305476,1.936,2.205813,10.0,10.0,0.430571,10.812104,11.242674,88.757326,28.167216,0.56138,0.983057
2026-07-27 13:02:46,35229.69,145399,727,430.6094,217.7665,4.1,0.02158,,,,0.05,14.676697,1.46767,1.94795,0.817302,6.0,6.0,0.0,0.732527,0.732527,99.267473,31.220427,0.665611,0.983057
2026-07-27 13:03:18,35260.82,145599,728,442.9404,221.3685,4.1,0.030107,,,,0.05,15.166062,1.516606,1.94095,0.208056,2.0,3.0,0.0,0.0,0.0,100.0,31.39456,0.603645,0.983057
2026-07-27 13:03:48,35291.62,145799,729,282.6923,221.9077,4.1,0.394359,,,,0.05,10.106318,1.010632,1.94095,2.050351,10.0,10.0,2.598406,7.978204,10.57661,89.42339,27.929634,0.639318,0.983057
2026-07-27 13:04:19,35322.36,145999,730,96.4061,220.3488,4.1,0.030238,,,,0.05,5.258647,0.525865,1.841577,4.441734,10.0,10.0,11.14053,21.433809,32.574338,67.425662,20.689428,0.665757,0.982439
2026-07-27 13:04:50,35353.47,146199,731,155.5055,220.3277,4.1,0.027304,,,,0.05,7.183574,0.718357,0.957124,1.061285,10.0,10.0,14.894048,15.878611,30.772659,69.227341,21.66335,0.432626,0.982439
2026-07-27 13:05:21,35384.54,146399,732,196.3954,220.6894,4.1,0.0158,,,,0.05,7.716531,0.771653,1.93195,2.163323,10.0,10.0,4.328693,14.534325,18.863018,81.136982,25.694447,0.507111,0.982439
2026-07-27 13:05:52,35415.13,146599,733,280.4971,220.8987,4.1,0.023232,,,,0.05,9.349904,0.93499,1.93595,0.080108,1.0,1.0,0.0,0.0,0.0,100.0,32.181131,0.57659,0.982439
2026-07-27 13:06:23,35446.14,146799,734,217.2681,220.4009,4.1,0.01709,,,,0.05,8.195867,0.819587,1.566843,0.661663,8.0,10.0,6.474535,8.34425,14.818784,85.181216,27.243096,0.543539,0.982439
2026-07-27 13:06:54,35477.12,146999,735,126.7683,219.236,4.1,0.40896,,,,0.05,5.676155,0.567616,0.271952,1.803063,8.0,10.0,10.121361,12.500992,22.622353,77.377647,24.511955,0.509207,0.982439
2026-07-27 13:07:25,35507.96,147199,736,229.8026,218.604,4.1,0.018846,,,,0.05,7.869191,0.786919,1.932,1.013895,7.0,8.0,0.0,3.627088,3.627088,96.372912,30.769265,0.501364,0.982439
2026-07-27 13:07:56,35538.95,147399,737,227.0527,218.8447,4.1,0.023926,,,,0.05,7.568422,0.756842,1.93095,0.001317,0.0,0.0,0.0,0.0,0.0,100.0,32.07168,0.520923,0.982439
2026-07-27 13:08:27,35570.32,147599,738,152.9418,219.1284,4.1,0.400117,,,,0.05,5.566216,0.556622,1.93195,1.298793,10.0,10.0,0.754521,7.022236,7.776758,92.223242,29.323783,0.593542,0.982439
2026-07-27 13:08:58,35601.42,147799,739,114.4308,218.2059,4.2,0.013033,,,,0.05,5.264746,0.526475,1.932,3.119657,10.0,10.0,6.727681,16.253211,22.980893,77.019107,24.318644,0.599096,0.982439
2026-07-27 13:09:30,35632.82,147999,740,102.5362,216.6994,4.2,0.012786,,,,0.05,4.845333,0.484533,1.92695,1.951719,10.0,10.0,7.080035,15.539298,22.619333,77.380667,24.474682,0.656019,0.982631
2026-07-27 13:10:01,35663.95,148199,741,249.6834,217.0391,4.2,0.013413,,,,0.05,8.324841,0.832484,1.931,0.004422,0.0,0.0,0.0,0.0,0.0,100.0,32.12928,0.64221,0.982631
2026-07-27 13:10:32,35695.0,148399,742,31.0702,215.349,4.2,0.015948,,,,0.05,3.852669,0.385267,0.423784,2.457715,10.0,10.0,19.584345,24.254489,43.838834,56.161166,17.781443,0.604478,0.982631
2026-07-27 13:11:03,35726.7,148599,743,179.075,215.207,4.2,0.011577,,,,0.05,5.969166,0.596917,1.93195,0.228953,2.0,3.0,0.0,0.0,0.0,100.0,32.096104,0.54927,0.982631
2026-07-27 13:11:35,35758.04,148799,744,175.6813,214.9658,4.2,0.013827,,,,0.05,6.283431,0.628343,4e-05,0.997676,9.0,10.0,0.209544,5.626063,5.835607,94.164393,30.309699,0.783374,0.982631
2026-07-27 13:12:06,35789.3,148999,745,197.5132,214.5835,4.2,0.386092,,,,0.05,6.592911,0.659291,1.939,0.004693,0.0,0.0,0.0,0.0,0.0,100.0,32.18688,0.675485,0.982631
2026-07-27 13:12:37,35820.53,149199,746,137.329,214.2871,4.2,0.385993,,,,0.05,6.6307,0.66307,1.8919,1.899075,10.0,10.0,13.332272,18.525888,31.858161,68.141839,21.509511,0.584161,0.982631
2026-07-27 13:13:09,35852.01,149399,747,128.9703,212.7259,4.2,0.012289,,,,0.05,6.222388,0.622239,3.9e-05,1.277644,10.0,10.0,12.752159,15.64477,28.396928,71.603072,22.880967,0.694325,0.982631
2026-07-27 13:13:40,35882.99,149599,748,291.8428,212.782,4.2,0.015461,,,,0.05,9.836539,0.983654,1.93,0.002627,0.0,0.0,0.0,0.0,0.0,100.0,32.15616,0.587877,0.982631
2026-07-27 13:14:11,35914.02,149799,749,181.9698,212.8969,4.2,0.011703,,,,0.05,7.244635,0.724464,0.362762,0.166634,0.0,9.0,9.81639,8.481043,18.297433,81.702567,26.194536,0.560737,0.982631
2026-07-27 13:14:42,35945.08,149999,750,220.5366,213.1904,4.2,0.383284,,,,0.05,7.593147,0.759315,1.92795,1.114505,8.0,8.0,0.0,4.217181,4.217181,95.782819,30.461528,0.536443,0.982723
2026-07-27 13:15:13,35976.42,150199,751,186.3276,212.3991,4.2,0.378107,,,,0.05,6.872338,0.687234,1.92695,1.805634,10.0,10.0,2.437751,7.710843,10.148594,89.851406,28.251896,0.61755,0.982723
2026-07-27 13:15:44,36007.34,150399,752,78.1029,210.985,4.2,0.011352,,,,0.05,4.588539,0.458854,0.854671,1.762463,10.0,10.0,13.661357,17.409234,31.070591,68.929409,21.482699,0.7021,0.982723
2026-07-27 13:16:15,36038.39,150599,753,115.6377,210.5588,4.2,0.010453,,,,0.05,4.749769,0.474977,1.92195,1.319239,10.0,10.0,5.806686,8.439856,14.246542,85.753458,27.001469,0.672224,0.982723
2026-07-27 13:16:46,36069.15,150799,754,148.2827,210.8818,4.2,0.012569,,,,0.05,5.75785,0.575785,1.929,1.8154,10.0,10.0,4.653789,8.009033,12.662822,87.337178,27.578399,0.505092,0.982723
2026-07-27 13:17:17,36100.21,150999,755,242.5941,212.4531,4.2,0.714252,,,,0.05,8.146408,0.814641,1.93495,0.037485,0.0,1.0,0.0,0.0,0.0,100.0,31.825799,0.551669,0.982723
2026-07-27 13:17:48,36131.29,151199,756,155.3313,212.8378,4.2,0.010569,,,,0.05,6.523583,0.652358,1.94695,4.297351,10.0,10.0,3.739779,17.993426,21.733205,78.266795,24.346354,0.67111,0.982723
2026-07-27 13:18:19,36162.41,151399,757,330.2455,213.7829,4.2,0.013783,,,,0.05,11.497763,1.149776,1.94895,1.121202,10.0,10.0,0.829942,6.906871,7.736813,92.263187,29.422909,0.54068,0.982723
2026-07-27 13:18:51,36193.81,151599,758,153.1679,213.5743,4.2,0.009078,,,,0.05,7.340439,0.734044,0.891515,2.150436,10.0,10.0,17.094941,16.886808,33.981748,66.018252,20.696113,0.535836,0.982723
2026-07-27 13:19:22,36225.13,151799,759,403.0251,214.7629,4.2,0.009123,,,,0.05,13.45029,1.345029,1.937,0.005244,0.0,0.0,0.0,0.0,0.0,100.0,31.97568,0.551411,0.982723
2026-07-27 13:19:53,36256.26,151999,760,307.0781,213.8044,4.2,0.362645,,,,0.05,10.776758,1.077676,1.93395,1.144456,10.0,10.0,1.200366,7.007433,8.207798,91.792202,29.485222,0.548214,0.982885
2026-07-27 13:20:24,36287.08,152199,761,195.1215,212.2168,4.2,0.008522,,,,0.05,7.589799,0.75898,1.123288,0.531694,2.0,10.0,8.355957,8.152347,16.508304,83.491696,26.713213,0.51019,0.982885
2026-07-27 13:20:55,36318.28,152399,762,94.7532,211.548,4.2,0.011112,,,,0.05,4.281033,0.428103,1.93,2.805394,10.0,10.0,5.920211,12.128238,18.048449,81.951551,25.783912,0.675771,0.982885
2026-07-27 13:21:26,36349.58,152599,763,139.1118,210.5087,4.2,0.012792,,,,0.05,4.637059,0.463706,1.93,0.186456,1.0,2.0,0.0,0.0,0.0,100.0,32.172011,0.651288,0.982885
2026-07-27 13:21:57,36380.57,152799,764,131.7337,209.0252,4.2,0.369186,,,,0.05,4.618312,0.461831,1.93,1.35777,7.0,8.0,0.0,4.031095,4.031095,95.968905,30.347226,0.654865,0.982885
2026-07-27 13:22:28,36411.62,152999,765,125.6781,209.4066,4.2,0.014216,,,,0.05,4.18927,0.418927,1.928,0.046461,0.0,1.0,0.0,0.0,0.0,100.0,31.90272,0.713114,0.982885
2026-07-27 13:23:00,36442.8,153199,766,168.1253,208.0588,4.2,0.009276,,,,0.05,5.604411,0.560441,1.92895,0.004163,0.0,0.0,0.0,0.0,0.0,100.0,31.97824,0.627571,0.982885
2026-07-27 13:23:31,36473.82,153399,767,46.4399,205.7716,4.2,0.36246,,,,0.05,3.423573,0.342357,1.839452,3.654407,10.0,10.0,7.571091,22.373315,29.944407,70.055593,22.096144,0.809617,0.982885
2026-07-27 13:24:02,36504.92,153599,768,234.6101,206.5667,4.2,0.013634,,,,0.05,7.836527,0.783653,1.92995,0.38911,4.0,5.0,0.0,0.308469,0.308469,99.691531,31.8528,0.62909,0.982885
2026-07-27 13:24:32,36535.76,153799,769,252.1557,206.1391,4.2,0.012551,,,,0.05,8.446152,0.844615,1.932,0.436967,4.0,7.0,0.0,0.535829,0.535829,99.464171,31.669112,0.621393,0.982885
2026-07-27 13:25:03,36566.54,153999,770,81.6188,204.5244,4.2,0.362404,,,,0.05,4.596604,0.45966,1.932,3.331765,10.0,10.0,9.749225,20.029787,29.779012,70.220988,22.140571,0.692852,0.982637
2026-07-27 13:25:34,36597.1,154199,771,168.6152,203.9071,4.2,0.014221,,,,0.05,6.092931,0.609293,1.92695,1.103448,9.0,10.0,0.826579,6.901533,7.728112,92.271888,29.259675,0.705517,0.982637
2026-07-27 13:26:05,36628.13,154399,772,227.7783,203.206,4.2,0.01376,,,,0.05,7.59869,0.759869,1.9319,0.008086,0.0,0.0,0.0,0.0,0.0,100.0,31.65952,0.698375,0.982637
2026-07-27 13:26:36,36659.1,154599,773,149.3922,202.0351,4.2,0.358095,,,,0.05,5.95793,0.595793,1.421463,0.517831,5.55,10.0,6.947931,8.405539,15.35347,84.64653,26.664427,0.686824,0.982637
2026-07-27 13:27:07,36690.63,154799,774,202.3074,201.6511,4.2,0.012616,,,,0.05,6.743581,0.674358,1.933,0.072381,0.0,3.0,0.0,0.0,0.0,100.0,31.8848,0.662225,0.982637
2026-07-27 13:27:39,36721.89,154999,775,205.5055,200.6472,4.2,0.008738,,,,0.05,6.944574,0.694457,1.935,0.793422,6.0,7.0,0.0,1.756482,1.756482,98.243518,31.409308,0.709769,0.982637
2026-07-27 13:28:10,36752.81,155199,776,210.611,199.4795,4.2,0.00842,,,,0.05,7.020368,0.702037,1.93895,0.061602,1.0,1.0,0.0,0.0,0.0,100.0,31.978904,0.571713,0.982637
2026-07-27 13:28:41,36784.06,155399,777,72.8067,197.8499,4.2,0.344658,,,,0.05,4.321456,0.432146,1.672321,1.972111,10.0,10.0,11.699674,17.342719,29.042392,70.957608,22.323947,0.701539,0.982637
2026-07-27 13:29:12,36815.47,155599,778,296.05,198.2164,4.2,0.011748,,,,0.05,10.158278,1.015828,1.93895,0.234568,1.0,5.0,2.293192,2.657382,4.950574,95.049426,30.400015,0.533123,0.982637
2026-07-27 13:29:43,36846.66,155799,779,312.0504,199.6668,4.2,0.009452,,,,0.05,10.401681,1.040168,1.937,0.002492,0.0,0.0,0.0,0.0,0.0,100.0,31.84256,0.527653,0.982637
2026-07-27 13:30:15,36877.83,155999,780,403.336,203.3663,4.2,0.009442,,,,0.05,13.451867,1.345187,1.93695,0.008461,0.0,0.0,0.0,0.0,0.0,100.0,31.77088,0.618789,0.982006
2026-07-27 13:30:46,36909.16,156199,781,274.9139,204.5458,4.2,0.013036,,,,0.05,9.546953,0.954695,1.93695,1.140015,9.0,10.0,0.040074,6.135289,6.175363,93.824637,29.787065,0.466011,0.982006
2026-07-27 13:31:17,36940.17,156399,782,347.8926,206.2922,4.2,0.023681,,,,0.05,12.055816,1.205582,1.946,1.156273,10.0,10.0,0.236501,7.119092,7.355594,92.644406,29.466281,0.610935,0.982006
2026-07-27 13:31:48,36971.3,156599,783,192.6809,206.9531,4.2,0.016248,,,,0.05,7.820872,0.782087,1.9459,1.940082,10.0,10.0,6.874324,15.077872,21.952196,78.047804,24.815735,0.519832,0.982006
2026-07-27 13:32:19,37002.29,156799,784,233.0077,208.3645,4.2,0.018956,,,,0.05,8.34203,0.834203,1.93795,1.037971,10.0,10.0,1.493254,7.874615,9.367869,90.632131,28.837352,0.512775,0.982006
2026-07-27 13:32:50,37033.23,156999,785,269.8523,209.3529,4.2,0.374263,,,,0.05,8.995078,0.899508,1.93,0.253842,2.0,3.0,0.0,0.0,0.0,100.0,31.898995,0.532125,0.982006
2026-07-27 13:33:21,37064.16,157199,786,168.8134,208.944,4.2,0.013322,,,,0.05,5.664274,0.566427,1.92795,0.763629,6.0,6.0,0.0,0.704367,0.704367,99.295633,31.463511,0.706937,0.982006
2026-07-27 13:33:52,37095.03,157399,787,128.824,209.2243,4.2,0.015577,,,,0.05,4.294134,0.429413,1.927,0.011407,0.0,1.0,0.0,0.0,0.0,100.0,31.75552,0.717489,0.982006
2026-07-27 13:34:23,37125.82,157599,788,72.7079,207.4944,4.2,0.011908,,,,0.05,3.274538,0.327454,1.92895,1.681878,10.0,10.0,4.847562,8.521293,13.368855,86.631145,27.479195,0.689815,0.982006
2026-07-27 13:34:54,37156.82,157799,789,38.3615,205.6218,4.2,0.013669,,,,0.05,2.906356,0.290636,0.312981,1.62059,10.0,10.0,10.150572,14.888577,25.039149,74.960851,23.599864,0.708757,0.982006
2026-07-27 13:35:25,37188.41,157999,790,112.8902,204.6423,4.2,0.011928,,,,0.05,4.886759,0.488676,0.53886,0.251999,0.0,10.0,9.142099,8.176809,17.318908,82.681092,26.123796,0.474363,0.98179
2026-07-27 13:35:56,37219.44,158199,791,213.3001,203.8811,4.3,0.011905,,,,0.05,7.155467,0.715547,1.942,0.005311,0.0,0.0,0.0,0.0,0.0,100.0,31.81184,0.563886,0.98179
2026-07-27 13:36:27,37250.54,158399,792,158.0887,202.4,4.3,0.012134,,,,0.05,6.125266,0.612527,4.2e-05,2.302341,9.0,10.0,0.235313,11.031787,11.2671,88.7329,28.160751,0.67284,0.98179
2026-07-27 13:36:59,37281.93,158599,793,66.1956,199.9991,4.3,0.008801,,,,0.05,4.144464,0.414446,0.998233,1.34327,10.0,10.0,13.442061,16.751735,30.193795,69.806205,22.117182,0.600925,0.98179
2026-07-27 13:37:30,37313.39,158799,794,196.9662,198.9101,4.3,0.011814,,,,0.05,6.86845,0.686845,1.2e-05,0.010209,0.0,1.0,0.0,0.0,0.0,100.0,32.096,0.673358,0.98179
2026-07-27 13:38:01,37344.4,158999,795,213.7189,199.0721,4.3,0.013693,,,,0.05,9.114349,0.911435,1.9119,1.781592,8.0,10.0,14.172291,17.546645,31.718936,68.281064,21.960626,0.514523,0.98179
2026-07-27 13:38:32,37375.4,159199,796,249.8898,199.7427,4.3,0.011696,,,,0.05,8.329661,0.832966,1.89,0.009437,0.0,0.0,0.0,0.0,0.0,100.0,32.416,0.507488,0.98179
2026-07-27 13:39:03,37406.45,159399,797,340.3902,201.9952,4.3,0.010217,,,,0.05,11.357732,1.135773,1.938,0.008457,0.0,0.0,0.0,0.0,0.0,100.0,32.23808,0.576456,0.98179
2026-07-27 13:39:34,37437.72,159599,798,220.444,203.5573,4.3,0.010694,,,,0.05,8.55266,0.855266,0.829031,0.301241,0.0,10.0,8.521642,8.167568,16.689211,83.310789,26.626595,0.60054,0.98179
2026-07-27 13:40:06,37468.91,159799,799,297.1174,203.7701,4.3,0.011309,,,,0.05,9.903913,0.990391,1.934,0.006219,0.0,0.0,0.0,0.0,0.0,100.0,32.31488,0.573191,0.98179
2026-07-27 13:40:37,37500.25,159999,800,271.7546,202.8325,4.3,0.353549,,,,0.05,10.429871,1.042987,1.944,2.131532,10.0,10.0,5.525323,16.12711,21.652433,78.347567,25.007802,0.58432,0.98167
2026-07-27 13:41:08,37531.41,160199,801,277.2389,201.6734,4.3,0.353055,,,,0.05,10.71991,1.071991,0.313394,1.452541,8.0,9.0,10.189281,12.540347,22.729627,77.270373,24.490439,0.568022,0.98167
2026-07-27 13:41:39,37562.61,160399,802,353.5288,201.5255,4.3,0.009613,,,,0.05,11.790379,1.179038,1.93495,0.010907,0.0,1.0,0.0,0.0,0.0,100.0,32.155934,0.582005,0.98167
2026-07-27 13:42:11,37593.93,160599,803,292.7824,202.8541,4.3,0.016344,,,,0.05,9.794627,0.979463,1.93395,0.007672,0.0,0.0,0.0,0.0,0.0,100.0,32.03456,0.547721,0.98167
2026-07-27 13:42:42,37625.16,160799,804,208.2587,203.6589,4.3,0.010835,,,,0.05,7.546197,0.75462,1.93595,1.002677,10.0,10.0,1.926775,7.643006,9.56978,90.43022,28.725977,0.549862,0.98167
2026-07-27 13:43:14,37656.98,160999,805,265.0375,204.6217,4.3,0.01072,,,,0.05,9.089448,0.908945,1.934,1.906389,7.0,8.0,0.0,3.901479,3.901479,96.098521,30.274771,0.528928,0.98167
2026-07-27 13:43:45,37688.35,161199,806,214.4549,206.2089,4.3,0.009883,,,,0.05,8.212239,0.821224,1.054406,0.332655,0.0,10.0,8.409558,7.780957,16.190515,83.809485,26.597871,0.525295,0.98167
2026-07-27 13:44:16,37719.3,161399,807,371.7677,208.8665,4.3,0.010586,,,,0.05,12.872908,1.287291,1.92895,0.011451,0.0,1.0,0.0,0.0,0.0,100.0,31.63264,0.597782,0.98167
2026-07-27 13:44:47,37750.48,161599,808,318.8654,210.8441,4.3,0.377921,,,,0.05,10.647289,1.064729,1.938,0.017689,0.0,1.0,0.0,0.0,0.0,100.0,31.76576,0.621348,0.98167
2026-07-27 13:45:19,37781.88,161799,809,347.6239,213.0178,4.3,0.010919,,,,0.05,12.092883,1.209288,1.942,1.221986,10.0,10.0,0.214479,7.721258,7.935737,92.064263,28.95168,0.57002,0.98167
2026-07-27 13:45:50,37812.96,161999,810,284.3283,215.4136,4.3,0.385749,,,,0.05,9.477609,0.947761,1.938,0.005697,0.0,0.0,0.0,0.0,0.0,100.0,31.68128,0.529795,0.981055
2026-07-27 13:46:21,37843.88,162199,811,233.4732,217.0455,4.3,0.39459,,,,0.05,7.782439,0.778244,1.92895,0.005122,0.0,0.0,0.0,0.0,0.0,100.0,31.73632,0.605642,0.981055
2026-07-27 13:46:52,37875.3,162399,812,214.9044,219.2768,4.3,0.012511,,,,0.05,7.538771,0.753877,1.93995,1.151719,9.0,10.0,0.0,6.162162,6.162162,93.837838,29.815384,0.579854,0.981055
2026-07-27 13:47:23,37906.4,162599,813,160.8855,218.7983,4.3,0.013186,,,,0.05,6.407172,0.640717,1.119614,0.390605,0.0,10.0,7.869775,7.990354,15.860129,84.139871,26.630541,0.578851,0.981055
2026-07-27 13:47:54,37937.53,162799,814,274.7775,220.1371,4.3,0.009921,,,,0.05,9.513187,0.951319,1.92995,0.001886,0.0,0.0,0.0,0.0,0.0,100.0,31.89632,0.732715,0.981055
2026-07-27 13:48:25,37968.7,162999,815,263.15,219.5993,4.3,0.010574,,,,0.05,8.831404,0.88314,1.9349,0.024234,0.0,1.0,0.0,0.0,0.0,100.0,32.061204,0.565578,0.981055
2026-07-27 13:48:56,37999.67,163199,816,225.2541,220.473,4.3,0.012821,,,,0.05,8.079586,0.807959,1.92695,1.084942,10.0,10.0,1.333333,8.107463,9.440796,90.559204,29.011452,0.514655,0.981055
2026-07-27 13:49:27,38030.73,163399,817,334.4581,222.0081,4.3,0.014342,,,,0.05,11.148605,1.11486,1.943,0.034913,0.0,1.0,0.0,0.0,0.0,100.0,32.11648,0.532824,0.981055
2026-07-27 13:49:59,38062.1,163599,818,220.8254,221.9755,4.3,0.011775,,,,0.05,8.38352,0.838352,1.943,2.025455,10.0,10.0,4.394555,11.714832,16.109386,83.890614,26.647783,0.50078,0.981055
2026-07-27 13:50:30,38093.0,163799,819,427.3349,223.6899,4.3,0.009728,,,,0.05,14.48801,1.448801,1.93595,0.00131,0.0,0.0,0.0,0.0,0.0,100.0,32.25088,0.557968,0.981055
2026-07-27 13:51:01,38124.75,163999,820,239.9303,223.9687,4.3,0.010301,,,,0.05,9.644046,0.964405,1.94,2.628457,10.0,10.0,8.896086,17.400344,26.29643,73.70357,23.424871,0.505056,0.980565
2026-07-27 13:51:33,38156.38,164199,821,356.5202,224.928,4.3,0.395027,,,,0.05,12.903594,1.290359,1.93485,0.577598,10.0,10.0,6.22615,7.656156,13.882306,86.117694,27.464878,0.51784,0.980565
2026-07-27 13:52:04,38187.49,164399,822,352.9044,225.7722,4.3,0.012862,,,,0.05,11.860719,1.186072,1.928,0.009907,0.0,0.0,0.0,0.0,0.0,100.0,31.78368,0.588436,0.980565
2026-07-27 13:52:35,38218.67,164599,823,226.4535,224.8746,4.3,0.413379,,,,0.05,7.548449,0.754845,1.931,0.031914,0.0,1.0,0.0,0.0,0.0,100.0,31.926771,0.64086,0.980565
2026-07-27 13:53:07,38249.95,164799,824,194.2661,222.571,4.3,0.013013,,,,0.05,6.475538,0.647554,1.93395,0.022139,0.0,1.0,0.0,0.0,0.0,100.0,31.97184,0.622523,0.980565
2026-07-27 13:53:38,38280.95,164999,825,151.6024,219.3715,4.3,0.009989,,,,0.05,5.053414,0.505341,1.93,0.003394,0.0,0.0,0.0,0.0,0.0,100.0,32.0576,0.69084,0.980565
2026-07-27 13:54:09,38311.92,165199,826,107.0152,216.7256,4.3,0.01246,,,,0.05,3.953351,0.395335,1.928,1.187583,9.0,10.0,0.027943,6.490759,6.518702,93.481298,29.794036,0.660634,0.980565
2026-07-27 13:54:40,38342.85,165399,827,223.5837,214.6554,4.3,0.802545,,,,0.05,7.452791,0.745279,1.93095,0.00702,0.0,0.0,0.0,0.0,0.0,100.0,32.0896,0.685614,0.980565
2026-07-27 13:55:11,38374.02,165599,828,362.599,213.852,4.3,0.013481,,,,0.05,12.100937,1.210094,1.93495,0.003955,0.0,0.0,0.0,0.0,0.0,100.0,32.04224,0.48627,0.980565
2026-07-27 13:55:42,38405.29,165799,829,221.8318,213.2434,4.3,0.0127,,,,0.05,8.189508,0.818951,1.934,0.772272,10.0,10.0,4.389657,8.198036,12.587693,87.412307,27.744998,0.678696,0.980565
2026-07-27 13:56:13,38436.38,165999,830,417.9819,216.4591,4.3,0.401828,,,,0.05,14.673004,1.4673,1.933,0.005865,0.0,0.0,0.0,0.0,0.0,100.0,32.080549,0.55315,0.979685
2026-07-27 13:56:44,38467.58,166199,831,172.1795,216.6259,4.3,0.013353,,,,0.05,6.859167,0.685917,1.93595,2.266159,10.0,10.0,5.873446,11.894326,17.767772,82.232228,25.973628,0.582895,0.979685
2026-07-27 13:57:16,38499.07,166399,832,192.0489,216.5824,4.3,0.011227,,,,0.05,7.144491,0.714449,1.93695,2.525224,10.0,10.0,1.123909,11.259017,12.382926,87.617074,27.696625,0.673071,0.979685
2026-07-27 13:57:47,38530.4,166599,833,191.6182,215.6936,4.3,0.398069,,,,0.05,6.558235,0.655824,1.92995,0.997303,6.0,9.0,0.19611,2.757544,2.953654,97.046346,30.856514,0.666604,0.979685
2026-07-27 13:58:18,38561.31,166799,834,229.2099,215.813,4.3,0.011665,,,,0.05,7.658173,0.765817,1.924,0.00687,0.0,0.0,0.0,0.0,0.0,100.0,32.04736,0.662313,0.979685
2026-07-27 13:58:49,38592.48,166999,835,222.9759,216.7751,4.3,0.013654,,,,0.05,7.43253,0.743253,1.92495,0.012816,0.0,1.0,0.0,0.0,0.0,100.0,31.96032,0.570508,0.979685
2026-07-27 13:59:20,38623.68,167199,836,248.1564,216.9586,4.3,0.394484,,,,0.05,8.27414,0.827414,1.931,0.013882,0.0,1.0,0.0,0.0,0.0,100.0,31.90272,0.645867,0.979685
2026-07-27 13:59:51,38654.37,167399,837,129.5691,215.9838,4.3,0.397017,,,,0.05,5.22401,0.522401,1.93095,0.612108,10.0,10.0,5.902219,8.145706,14.047925,85.952075,27.300501,0.680931,0.979685
2026-07-27 14:00:22,38685.32,167599,838,112.3834,215.5782,4.3,0.011025,,,,0.05,5.118319,0.511832,1.92795,2.4782,10.0,10.0,6.377887,15.448127,21.826014,78.173986,24.731452,0.662956,0.979685
2026-07-27 14:00:53,38716.31,167799,839,120.759,215.6415,4.3,0.011076,,,,0.05,5.720032,0.572003,0.864014,1.574821,10.0,10.0,10.445444,16.249353,26.694797,73.305203,23.3115,0.570084,0.979685
2026-07-27 14:01:24,38747.38,167999,840,126.5577,215.8817,4.3,0.010584,,,,0.05,5.603259,0.560326,1.297321,1.867295,9.0,10.0,7.750209,14.026843,21.777052,78.222948,24.870043,0.558873,0.979615
2026-07-27 14:01:55,38778.44,168199,841,71.6037,214.1009,4.3,0.011912,,,,0.05,3.235911,0.323591,1.934,2.035042,10.0,10.0,3.251068,10.512577,13.763645,86.236355,27.698481,0.78769,0.979615
2026-07-27 14:02:26,38809.44,168399,842,206.1973,215.8522,4.3,0.015599,,,,0.05,6.873243,0.687324,1.929,0.248656,2.0,4.0,0.0,0.0,0.0,100.0,32.153008,0.483365,0.979615
2026-07-27 14:02:57,38840.56,168599,843,166.6476,215.7279,4.3,0.012015,,,,0.05,5.554921,0.555492,1.931,0.023513,0.0,1.0,0.0,0.0,0.0,100.0,32.064,0.613693,0.979615
2026-07-27 14:03:28,38871.73,168799,844,158.0922,215.552,4.3,0.012593,,,,0.05,5.269739,0.526974,1.92995,0.048103,0.0,1.0,0.0,0.0,0.0,100.0,32.01152,0.641052,0.979615
2026-07-27 14:03:59,38902.78,168999,845,191.2503,215.4894,4.3,0.010532,,,,0.05,7.869693,0.786969,0.996392,1.749987,10.0,10.0,9.042024,14.367656,23.409679,76.590321,24.420971,0.470245,0.979615
2026-07-27 14:04:30,38933.79,169199,846,353.1523,217.6476,4.3,0.390257,,,,0.05,11.859865,1.185986,1.93695,0.02229,0.0,1.0,0.0,0.0,0.0,100.0,31.98592,0.555901,0.979615
2026-07-27 14:05:02,38965.05,169399,847,392.6784,220.2847,4.3,0.011362,,,,0.05,13.136631,1.313663,1.932,0.070203,0.0,3.0,0.0,0.011965,0.011965,99.988035,32.0896,0.484435,0.979615
2026-07-27 14:05:33,38995.99,169599,848,56.2392,217.9287,4.3,0.012922,,,,0.05,5.013897,0.50139,0.361025,5.299621,10.0,10.0,18.07205,31.322239,49.394288,50.605712,15.764169,0.534131,0.979615
2026-07-27 14:06:04,39027.17,169799,849,184.183,217.9508,4.4,0.009932,,,,0.05,8.572852,0.857285,3.8e-05,0.64328,6.0,10.0,19.047997,17.825241,36.873238,63.126762,19.574383,0.532384,0.979615
2026-07-27 14:06:35,39058.24,169999,850,261.9235,218.3647,4.4,0.013145,,,,0.05,10.173092,1.017309,1.931,1.026061,7.0,10.0,9.786152,12.274426,22.060577,77.939423,25.099008,0.47861,0.979831
2026-07-27 14:07:06,39089.57,170199,851,229.2026,218.7934,4.4,0.387297,,,,0.05,7.640088,0.764009,1.93,0.117558,1.0,3.0,0.0,0.0,0.0,100.0,32.121006,0.574965,0.979831
2026-07-27 14:07:38,39120.84,170399,852,250.9519,220.5219,4.4,0.013051,,,,0.05,8.925642,0.892564,1.93695,1.164657,10.0,10.0,1.454081,7.550034,9.004115,90.995885,29.014522,0.519409,0.979831
2026-07-27 14:08:09,39151.88,170599,853,236.0629,221.7262,4.4,0.010907,,,,0.05,7.868763,0.786876,1.93095,0.006185,0.0,0.0,0.0,0.0,0.0,100.0,31.86944,0.531886,0.979831
2026-07-27 14:08:40,39182.93,170799,854,163.6243,221.8796,4.4,0.010844,,,,0.05,5.613613,0.561361,1.931,1.030638,7.0,8.0,0.0,2.783117,2.783117,97.216883,30.959309,0.628454,0.979831
2026-07-27 14:09:11,39214.52,170999,855,284.4045,222.2977,4.4,0.016309,,,,0.05,10.401862,1.040186,1.865298,0.6441,10.0,10.0,6.240243,8.005444,14.245687,85.754313,27.263693,0.525612,0.979831
2026-07-27 14:09:42,39245.8,171199,856,251.4255,223.2586,4.4,0.010054,,,,0.05,8.38085,0.838085,1.934,0.134771,1.0,2.0,0.0,0.0,0.0,100.0,32.045274,0.476418,0.979831
2026-07-27 14:10:14,39277.07,171399,857,134.4282,221.3005,4.4,0.008715,,,,0.05,4.480942,0.448094,1.931,0.094436,1.0,2.0,0.0,0.0,0.0,100.0,32.23179,0.603752,0.979831
2026-07-27 14:10:45,39308.15,171599,858,148.2043,221.2508,4.4,0.380793,,,,0.05,4.940142,0.494014,1.93095,0.004574,0.0,0.0,0.0,0.0,0.0,100.0,32.18176,0.664397,0.979831
2026-07-27 14:11:16,39339.63,171799,859,20.8286,217.4289,4.4,0.012867,,,,0.05,3.204076,0.320408,0.049692,2.109102,10.0,10.0,19.446323,19.633268,39.079591,60.920409,19.214623,0.601854,0.979831
2026-07-27 14:11:47,39370.74,171999,860,204.469,216.4028,4.4,0.014013,,,,0.05,7.253297,0.72533,1.932,0.182412,0.0,6.0,3.195654,3.778861,6.974515,93.025485,29.808656,0.573349,0.979332
2026-07-27 14:12:18,39401.53,172199,861,173.4264,216.1858,4.4,0.011514,,,,0.05,6.209946,0.620995,1.93295,1.137852,8.0,10.0,1.049774,5.516305,6.56608,93.43392,29.78143,0.711898,0.979332
2026-07-27 14:12:49,39432.5,172399,862,270.5502,217.9438,4.4,0.015291,,,,0.05,9.303122,0.930312,1.937,0.239199,1.0,7.67,2.111806,2.522214,4.63402,95.36598,30.635697,0.637181,0.979332
2026-07-27 14:13:20,39463.12,172599,863,361.7905,220.1706,4.4,0.014097,,,,0.05,12.115176,1.211518,1.937,0.011122,0.0,1.0,0.0,0.0,0.0,100.0,32.226193,0.574134,0.979332
2026-07-27 14:13:51,39493.93,172799,864,367.9902,222.5331,4.4,0.011801,,,,0.05,12.26634,1.226634,1.94595,0.007536,0.0,0.0,0.0,0.0,0.0,100.0,31.93216,0.600281,0.979332
2026-07-27 14:14:21,39524.5,172999,865,238.1314,223.6577,4.4,0.391076,,,,0.05,8.041964,0.804196,1.94295,1.719927,6.0,7.0,0.0,1.887549,1.887549,98.112451,30.987553,0.621688,0.979332
2026-07-27 14:14:53,39555.81,173199,866,371.8262,225.6947,4.4,0.01851,,,,0.05,12.394206,1.239421,1.95,0.340427,2.0,3.0,0.0,0.0,0.0,100.0,31.636786,0.669154,0.979332
2026-07-27 14:15:24,39587.59,173399,867,460.1283,229.8316,4.4,0.015939,,,,0.05,15.675534,1.567553,1.947,0.01009,0.0,1.0,0.0,0.0,0.0,100.0,31.71584,0.605568,0.979332
2026-07-27 14:15:55,39618.7,173599,868,415.7476,231.6429,4.4,0.028078,,,,0.05,14.65692,1.465692,1.94395,0.006574,0.0,0.0,0.0,0.0,0.0,100.0,31.73504,0.65203,0.979332
2026-07-27 14:16:26,39649.72,173799,869,371.9405,232.8408,4.4,0.022169,,,,0.05,12.66714,1.266714,1.947,0.028219,0.0,1.0,0.0,0.0,0.0,100.0,31.84359,0.618215,0.979332
2026-07-27 14:16:58,39681.26,173999,870,410.007,236.1247,4.4,0.044517,,,,0.05,14.107802,1.41078,1.949,0.00572,0.0,0.0,0.0,0.0,0.0,100.0,32.00128,0.645829,0.978253
2026-07-27 14:17:29,39712.58,174199,871,317.4772,237.6133,4.4,0.079704,,,,0.05,10.587032,1.058703,1.946,0.019578,0.0,1.0,0.0,0.0,0.0,100.0,31.97056,0.629166,0.978253
2026-07-27 14:18:00,39743.6,174399,872,150.5216,236.8407,4.4,0.056055,,,,0.05,5.942218,0.594222,1.937,2.371568,10.0,10.0,1.641977,13.400779,15.042756,84.957244,26.766099,0.559865,0.978253
2026-07-27 14:18:32,39774.86,174599,873,264.5407,237.9922,4.4,0.446114,,,,0.05,8.818025,0.881802,1.939,0.0145,0.0,1.0,0.0,0.0,0.0,100.0,31.9552,0.574835,0.978253
2026-07-27 14:19:03,39806.02,174799,874,190.7867,237.877,4.4,0.035476,,,,0.05,6.359556,0.635956,1.9339,0.199711,2.0,3.0,0.0,0.0,0.0,100.0,31.90528,0.624192,0.978253
2026-07-27 14:19:34,39837.28,174999,875,187.1993,237.6939,4.4,0.022458,,,,0.05,6.239976,0.623998,1.937,0.012635,0.0,1.0,0.0,0.0,0.0,100.0,31.80928,0.585462,0.978253
2026-07-27 14:20:05,39868.54,175199,876,114.8777,236.7366,4.4,0.029388,,,,0.05,5.346551,0.534655,0.660781,1.652394,10.0,10.0,8.991061,14.711188,23.702249,76.297751,24.09989,0.606525,0.978253
2026-07-27 14:20:36,39899.59,175399,877,184.8613,237.8571,4.4,0.034953,,,,0.05,6.508758,0.650876,1.93795,1.123546,9.0,9.0,0.0,5.816663,5.816663,94.183337,29.828702,0.544715,0.978253
2026-07-27 14:21:07,39930.78,175599,878,108.5851,235.9825,4.4,0.442891,,,,0.05,4.31477,0.431477,1.934,3.420685,9.0,9.0,0.004037,11.759244,11.763281,88.236719,27.477525,0.713915,0.978253
2026-07-27 14:21:39,39961.85,175799,879,131.4216,234.1762,4.4,0.029292,,,,0.05,4.380719,0.438072,1.932,0.039997,0.0,1.0,0.0,0.0,0.0,100.0,31.65056,0.661813,0.978253
2026-07-27 14:22:10,39992.9,175999,880,101.7062,231.1599,4.4,0.440637,,,,0.05,3.729527,0.372953,1.933,1.100459,9.0,9.0,0.0,5.648922,5.648922,94.351078,29.854621,0.804755,0.977639
2026-07-27 14:22:41,40024.18,176199,881,91.2827,229.3236,4.4,0.015562,,,,0.05,3.317505,0.33175,1.92695,1.075473,8.0,9.0,0.0,4.560431,4.560431,95.439569,30.223133,0.850979,0.977639
2026-07-27 14:23:12,40055.71,176399,882,120.1434,227.0461,4.4,0.014945,,,,0.05,5.623998,0.5624,1.92795,0.945922,6.0,10.0,12.735224,13.01609,25.751314,74.248686,23.577207,0.627312,0.977639
2026-07-27 14:23:44,40087.1,176599,883,132.8649,226.4479,4.4,0.016408,,,,0.05,5.285014,0.528501,1.91795,0.799889,10.0,10.0,5.061208,7.830624,12.891832,87.108168,27.652616,0.703368,0.977639
2026-07-27 14:24:15,40118.24,176799,884,275.0612,226.8685,4.4,1.270071,,,,0.05,9.186407,0.918641,1.94195,0.004918,0.0,0.0,0.0,0.0,0.0,100.0,32.01408,0.60936,0.977639
2026-07-27 14:24:46,40149.78,176999,885,203.7968,226.2079,4.4,0.013342,,,,0.05,6.793225,0.679323,1.933,0.260572,2.0,3.0,0.0,0.0,0.0,100.0,31.782482,0.544648,0.977639
2026-07-27 14:25:18,40181.15,177199,886,243.0404,226.9502,4.4,0.009887,,,,0.05,8.23393,0.823393,1.938,1.024041,7.0,7.0,0.0,2.293468,2.293468,97.706532,31.147232,0.552189,0.977639
2026-07-27 14:25:49,40212.19,177399,887,290.542,228.5674,4.4,0.016311,,,,0.05,9.707121,0.970712,1.937,0.006537,0.0,0.0,0.0,0.0,0.0,100.0,31.91808,0.588422,0.977639
2026-07-27 14:26:20,40243.41,177599,888,144.2469,229.2828,4.4,0.427084,,,,0.05,5.942958,0.594296,0.667047,0.221376,0.0,10.0,9.296292,7.831397,17.127689,82.872311,26.513313,0.48605,0.977639
2026-07-27 14:26:52,40274.93,177799,889,258.011,231.4793,4.4,0.011709,,,,0.05,8.600367,0.860037,1.94,0.006608,0.0,0.0,0.0,0.0,0.0,100.0,32.1536,0.54304,0.977639
2026-07-27 14:27:23,40305.89,177999,890,256.2041,232.9124,4.4,0.013076,,,,0.05,8.863223,0.886322,8e-06,1.052345,7.0,8.0,0.0,3.412042,3.412042,96.587958,30.762505,0.740698,0.977082
2026-07-27 14:27:54,40337.14,178199,891,359.5711,234.3751,4.4,0.420647,,,,0.05,12.061438,1.206144,1.94295,0.00156,0.0,0.0,0.0,0.0,0.0,100.0,32.0064,0.535881,0.977082
2026-07-27 14:28:25,40368.03,178399,892,268.7553,235.4818,4.4,0.01461,,,,0.05,9.76873,0.976873,1.93695,0.749954,10.0,10.0,4.584311,8.166673,12.750984,87.249016,28.034111,0.549469,0.977082
2026-07-27 14:28:56,40399.14,178599,893,288.9089,237.7089,4.4,0.01422,,,,0.05,9.630297,0.96303,1.935,0.009079,0.0,0.0,0.0,0.0,0.0,100.0,32.14336,0.4722,0.977082
2026-07-27 14:29:27,40430.61,178799,894,196.5127,237.7044,4.4,0.01122,,,,0.05,6.550423,0.655042,1.93,0.029257,0.0,1.0,0.0,0.0,0.0,100.0,32.06912,0.496006,0.977082
2026-07-27 14:29:58,40461.73,178999,895,208.7605,237.6548,4.4,0.415691,,,,0.05,6.958683,0.695868,1.929,0.008864,0.0,0.0,0.0,0.0,0.0,100.0,32.20352,0.565421,0.977082
2026-07-27 14:30:29,40492.74,179199,896,254.3407,237.6993,4.4,0.013549,,,,0.05,8.478022,0.847802,1.93195,0.010303,0.0,1.0,0.0,0.0,0.0,100.0,32.05376,0.531981,0.977082
2026-07-27 14:31:01,40524.27,179399,897,342.5003,237.7204,4.4,0.418843,,,,0.05,11.496805,1.149681,1.93295,0.006911,0.0,0.0,0.0,0.0,0.0,100.0,31.85792,0.50229,0.977082
2026-07-27 14:31:32,40555.74,179599,898,234.0769,237.8567,4.4,0.013317,,,,0.05,8.438015,0.843801,1.9419,1.130082,10.0,10.0,2.443154,7.551201,9.994356,90.005644,28.461695,0.581812,0.977082
2026-07-27 14:32:03,40586.71,179799,899,96.11,235.8467,4.4,0.012073,,,,0.05,4.94085,0.494085,1.938,3.750532,10.0,10.0,6.623828,21.306175,27.930003,72.069997,22.433685,0.703805,0.977082
2026-07-27 14:32:34,40617.76,179999,900,322.1192,236.3503,4.4,0.017773,,,,0.05,10.891819,1.089182,1.93095,0.004246,0.0,0.0,0.0,0.0,0.0,100.0,31.65568,0.655123,0.97637
2026-07-27 14:33:06,40649.13,180199,901,241.3023,235.9909,4.4,0.014007,,,,0.05,8.530076,0.853008,1.93195,1.142196,10.0,10.0,0.582359,7.129858,7.712217,92.287783,29.061754,0.643873,0.97637
2026-07-27 14:33:37,40680.53,180399,902,118.6293,233.6419,4.4,0.009702,,,,0.05,6.125429,0.612543,1.276809,3.455484,10.0,10.0,11.155378,23.477806,34.633184,65.366816,20.405622,0.589837,0.97637
2026-07-27 14:34:08,40711.48,180599,903,205.1477,232.7656,4.4,0.017109,,,,0.05,7.156759,0.715676,1.93695,1.062567,7.0,7.0,0.388887,4.19757,4.586457,95.413543,29.644166,0.592906,0.97637
2026-07-27 14:34:40,40742.86,180799,904,119.5637,231.8786,4.4,0.0097,,,,0.05,4.88346,0.488346,1.93195,1.965545,8.0,10.0,4.51631,10.026449,14.542759,85.457241,27.122704,0.735294,0.97637
2026-07-27 14:35:11,40774.38,180999,905,368.1451,232.9097,4.4,0.016438,,,,0.05,12.286763,1.228676,1.942,0.002366,0.0,0.0,0.0,0.0,0.0,100.0,31.9168,0.511535,0.97637
2026-07-27 14:35:42,40805.4,181199,906,323.7538,234.0027,4.4,0.012823,,,,0.05,10.791795,1.07918,1.93595,0.004904,0.0,0.0,0.0,0.0,0.0,100.0,32.10624,0.473981,0.97637
2026-07-27 14:36:13,40836.33,181399,907,285.0484,233.1355,4.4,0.010984,,,,0.05,9.501613,0.950161,1.93495,0.007784,0.0,0.0,0.0,0.0,0.0,100.0,32.064,0.55708,0.97637
2026-07-27 14:36:44,40867.44,181599,908,233.4366,232.2812,4.4,0.011233,,,,0.05,7.781221,0.778122,1.9329,0.031967,0.0,1.0,0.0,0.0,0.0,100.0,32.03328,0.53475,0.97637
2026-07-27 14:37:15,40898.52,181799,909,317.6233,231.9812,4.4,0.021012,,,,0.05,10.645643,1.064564,1.933,0.002302,0.0,0.0,0.0,0.0,0.0,100.0,32.24704,0.612486,0.97637
2026-07-27 14:37:46,40929.51,181999,910,252.9803,231.6677,4.4,0.010702,,,,0.05,8.595615,0.859562,1.93895,1.065121,7.0,7.0,0.0,2.859185,2.859185,97.140815,31.135952,0.624959,0.975787
2026-07-27 14:38:17,40960.43,182199,911,207.5419,231.4084,4.4,0.014794,,,,0.05,6.948254,0.694825,1.93695,0.793748,5.0,6.0,0.0,0.557059,0.557059,99.442941,31.819421,0.683299,0.975787
2026-07-27 14:38:49,40992.19,182399,912,259.4712,231.8541,4.4,0.013875,,,,0.05,8.652013,0.865201,1.935,0.005675,0.0,0.0,0.0,0.0,0.0,100.0,32.25344,0.534146,0.975787
2026-07-27 14:39:20,41023.74,182599,913,215.2974,232.3982,4.5,0.012354,,,,0.05,7.176579,0.717658,1.9509,0.13742,1.0,3.0,0.0,0.0,0.0,100.0,31.986687,0.744883,0.975787
2026-07-27 14:39:51,41054.66,182799,914,100.6358,230.6568,4.5,0.015369,,,,0.05,4.955988,0.495599,1.313252,1.794111,10.0,10.0,9.411953,15.829559,25.241512,74.758488,23.574151,0.607086,0.975787
2026-07-27 14:40:22,41085.44,182999,915,137.187,229.3972,4.5,0.013235,,,,0.05,5.489122,0.548912,1.853027,0.688179,10.0,10.0,5.694433,7.687086,13.381519,86.618481,27.65739,0.520263,0.975787
2026-07-27 14:40:53,41116.78,183199,916,256.9454,229.7141,4.5,0.012739,,,,0.05,8.564938,0.856494,1.94,0.01723,0.0,1.0,0.0,0.0,0.0,100.0,32.01792,0.668623,0.975787
2026-07-27 14:41:25,41148.2,183399,917,259.2289,228.9618,4.5,0.011515,,,,0.05,9.644768,0.964477,1.338514,0.583008,5.0,10.0,7.334166,8.369246,15.703411,84.296589,26.690191,0.543999,0.975787
2026-07-27 14:41:56,41179.27,183599,918,324.9706,230.0032,4.5,0.014147,,,,0.05,10.846598,1.08466,1.939,0.008252,0.0,0.0,0.0,0.0,0.0,100.0,31.95392,0.583364,0.975787
2026-07-27 14:42:27,41210.54,183799,919,187.2274,227.6022,4.5,0.39126,,,,0.05,7.254959,0.725496,1.288768,0.418586,0.0,10.0,7.554202,7.762594,15.316796,84.683204,26.952077,0.556913,0.975787
2026-07-27 14:42:59,41241.93,183999,920,279.0093,227.993,4.5,0.010123,,,,0.05,9.30542,0.930542,1.938,0.002559,0.0,0.0,0.0,0.0,0.0,100.0,32.01024,0.544803,0.975282
2026-07-27 14:43:30,41272.9,184199,921,86.2244,225.29,4.5,0.009383,,,,0.05,3.631663,0.363166,1.93195,2.514965,10.0,10.0,0.468187,12.080832,12.54902,87.45098,27.649822,0.788191,0.975282
2026-07-27 14:44:01,41304.19,184399,922,100.0029,222.761,4.5,0.011779,,,,0.05,3.795962,0.379596,1.93195,0.179938,0.0,8.0,2.564205,4.678479,7.242684,92.757316,28.968112,0.67056,0.975282
2026-07-27 14:44:32,41335.2,184599,923,62.9388,221.1258,4.5,0.761113,,,,0.05,3.260976,0.326098,1.931,2.209332,9.0,10.0,6.667732,11.705485,18.373217,81.626783,25.708419,0.780691,0.975282
2026-07-27 14:45:03,41366.44,184799,924,51.1279,219.6945,4.5,0.009606,,,,0.05,2.765671,0.276567,1e-05,2.27289,10.0,10.0,2.86797,13.282808,16.150778,83.849222,26.610105,0.829671,0.975282
2026-07-27 14:45:34,41397.39,184999,925,183.422,220.0126,4.5,0.013999,,,,0.05,6.114068,0.611407,1.9349,0.003217,0.0,0.0,0.0,0.0,0.0,100.0,31.83104,0.556708,0.975282
2026-07-27 14:46:05,41428.75,185199,926,209.1326,221.0338,4.5,0.009584,,,,0.05,6.971086,0.697109,1.932,0.010004,0.0,0.11,0.0,0.0,0.0,100.0,31.8592,0.53748,0.975282
2026-07-27 14:46:36,41459.53,185399,927,248.5278,221.2833,4.5,0.371396,,,,0.05,8.484526,0.848453,1.939,1.042231,7.0,8.0,0.0,3.53491,3.53491,96.46509,30.734412,0.494127,0.975282
2026-07-27 14:47:08,41491.35,185599,928,252.6585,220.1839,4.5,0.368899,,,,0.05,8.421951,0.842195,1.932,0.004392,0.0,0.0,0.0,0.0,0.0,100.0,32.05504,0.454278,0.975282
2026-07-27 14:47:39,41522.69,185799,929,101.4213,218.9798,4.5,0.011811,,,,0.05,4.584533,0.458453,0.384511,0.390502,1.0,10.0,10.153464,8.089915,18.243379,81.756621,25.992289,0.541626,0.975282
2026-07-27 14:48:10,41553.75,185999,930,300.1933,217.8019,4.5,0.37168,,,,0.05,10.062446,1.006245,1.93885,0.004803,0.0,0.0,0.0,0.0,0.0,100.0,31.97824,0.60303,0.974819
2026-07-27 14:48:42,41584.8,186199,931,261.8777,218.6988,4.5,0.376096,,,,0.05,9.240261,0.924026,1.934,2.200504,8.0,9.0,0.0,8.495688,8.495688,91.504312,28.964209,0.598185,0.974819
2026-07-27 14:49:13,41616.28,186399,932,268.5501,219.4639,4.5,0.014603,,,,0.05,9.025723,0.902572,1.931,0.987978,6.0,7.0,0.0,1.269087,1.269087,98.730913,31.19537,0.539736,0.974819
2026-07-27 14:49:44,41647.31,186599,933,139.9047,218.9467,4.5,0.012189,,,,0.05,5.753233,0.575323,0.902867,0.299328,0.0,10.0,8.661196,8.138225,16.799421,83.200579,26.365967,0.509689,0.974819
2026-07-27 14:50:15,41677.99,186799,934,171.3994,218.3686,4.5,0.383915,,,,0.05,5.978341,0.597834,1.93295,1.112028,8.0,9.0,0.0,4.340124,4.340124,95.659876,30.233296,0.605375,0.974819
2026-07-27 14:50:46,41709.38,186999,935,17.1974,216.3108,4.5,0.3805,,,,0.05,2.703081,0.270308,0.172408,2.795692,10.0,10.0,14.355339,19.128368,33.483707,66.516293,20.799647,0.667796,0.974819
2026-07-27 14:51:18,41740.82,187199,936,209.3392,215.9227,4.5,0.010937,,,,0.05,6.977972,0.697797,1.9309,0.001544,0.0,0.0,0.0,0.0,0.0,100.0,31.50848,0.521016,0.974819
2026-07-27 14:51:49,41772.08,187399,937,123.1977,215.859,4.5,0.009187,,,,0.05,5.223282,0.522328,1.21504,1.206437,10.0,10.0,7.474633,10.263977,17.73861,82.26139,25.71485,0.573294,0.974819
2026-07-27 14:52:20,41803.31,187599,938,220.2097,216.9372,4.5,0.008207,,,,0.05,8.534996,0.8535,0.536822,0.67825,5.0,10.0,9.800333,8.600708,18.401041,81.598959,25.571836,0.515128,0.974819
2026-07-27 14:52:51,41834.33,187799,939,100.5371,216.735,4.5,0.011687,,,,0.05,6.140838,0.614084,0.87251,2.524247,10.0,10.0,19.822737,23.760573,43.58331,56.41669,17.554898,0.442835,0.974819
2026-07-27 14:53:22,41865.28,187999,940,197.1456,217.4409,4.5,0.011384,,,,0.05,7.245441,0.724544,1.93395,1.028309,10.0,10.0,2.950436,8.052147,11.002583,88.997417,28.147811,0.594832,0.975131
2026-07-27 14:53:53,41896.11,188199,941,365.4131,220.379,4.5,0.365997,,,,0.05,12.21854,1.221854,1.93695,0.084843,1.0,1.0,0.0,0.0,0.0,100.0,32.014931,0.521487,0.975131
2026-07-27 14:54:23,41926.75,188399,942,250.659,220.8236,4.5,0.009359,,,,0.05,9.148699,0.91487,1.92795,0.771899,10.0,10.0,4.425881,8.353749,12.77963,87.22037,27.740937,0.471972,0.975131
2026-07-27 14:54:55,41958.26,188599,943,256.0849,221.718,4.5,0.372115,,,,0.05,8.575687,0.857569,1.93695,0.811839,6.0,6.0,0.0,0.705292,0.705292,99.294708,31.721821,0.52164,0.975131
2026-07-27 14:55:26,41989.6,188799,944,206.4307,222.2013,4.5,0.008504,,,,0.05,6.881024,0.688102,1.927,0.007471,0.0,0.0,0.0,0.0,0.0,100.0,32.0384,0.488538,0.975131
2026-07-27 14:55:57,42020.51,188999,945,88.6688,221.1755,4.5,0.008369,,,,0.05,3.10802,0.310802,1.92595,1.113542,7.0,7.0,0.0,2.641902,2.641902,97.358098,30.947053,0.785776,0.975131
2026-07-27 14:56:28,42051.44,189199,946,23.2124,217.8761,4.5,0.008735,,,,0.05,1.975366,0.197537,0.455541,0.282878,1.0,10.0,10.167925,8.348064,18.515989,81.484011,25.531877,0.815341,0.975131
2026-07-27 14:57:00,42083.07,189399,947,53.4109,214.4835,4.5,0.009685,,,,0.05,2.746502,0.27465,1.3e-05,2.251509,10.0,10.0,3.051106,12.617929,15.669035,84.330965,26.577519,0.803634,0.975131
2026-07-27 14:57:31,42114.24,189599,948,127.1325,215.1924,4.5,0.010774,,,,0.05,5.046351,0.504635,1.928,0.372312,2.0,9.0,6.041859,6.905556,12.947415,87.052585,27.738909,0.726357,0.975131
2026-07-27 14:58:02,42145.56,189799,949,220.4052,215.5546,4.5,0.010733,,,,0.05,7.346838,0.734684,1.939,0.007134,0.0,0.0,0.0,0.0,0.0,100.0,31.75936,0.486442,0.975131
2026-07-27 14:58:33,42176.71,189999,950,318.6777,216.1221,4.5,0.009298,,,,0.05,10.622589,1.062259,1.94195,0.005583,0.0,0.0,0.0,0.0,0.0,100.0,31.86688,0.508232,0.97454
2026-07-27 14:59:05,42207.99,190199,951,154.3145,215.3733,4.5,0.00977,,,,0.05,5.559202,0.55592,1.955,2.233631,8.0,8.0,0.0,7.303914,7.303914,92.696086,29.110134,0.745329,0.97454
2026-07-27 14:59:36,42239.29,190399,952,221.6282,215.08,4.5,0.009851,,,,0.05,7.62065,0.762065,1.939,1.104763,8.0,8.0,0.0,4.101759,4.101759,95.898241,30.31418,0.561328,0.97454
2026-07-27 15:00:07,42270.55,190599,953,242.0228,215.1396,4.5,0.010162,,,,0.05,8.97952,0.897952,1.725768,0.580657,10.0,10.0,6.20698,7.933824,14.140804,85.859196,27.203779,0.495773,0.97454
2026-07-27 15:00:38,42301.69,190799,954,242.4305,215.9277,4.5,0.009557,,,,0.05,8.081017,0.808102,1.934,0.003687,0.0,0.0,0.0,0.0,0.0,100.0,31.94112,0.490958,0.97454
2026-07-27 15:01:09,42332.62,190999,955,174.6313,214.83,4.5,0.010502,,,,0.05,6.866347,0.686635,1.046165,0.378237,0.0,10.0,7.979729,8.31758,16.297309,83.702691,26.463868,0.653974,0.97454
2026-07-27 15:01:41,42364.04,191199,956,172.9201,214.0449,4.5,0.339018,,,,0.05,5.764002,0.5764,1.934,0.23576,2.0,5.0,0.0,0.0,0.0,100.0,31.686043,0.630394,0.97454
2026-07-27 15:02:12,42395.02,191399,957,253.5546,215.2362,4.5,0.01192,,,,0.05,10.369211,1.036921,0.817013,1.214486,10.0,10.0,13.576397,16.630687,30.207084,69.792916,22.109654,0.487474,0.97454
2026-07-27 15:02:43,42426.17,191599,958,396.881,217.7229,4.5,0.009196,,,,0.05,13.231464,1.323146,1.94295,0.015456,0.0,1.0,0.0,0.0,0.0,100.0,31.96672,0.696604,0.97454
2026-07-27 15:03:14,42457.56,191799,959,397.4626,221.4893,4.5,0.00687,,,,0.05,13.257885,1.325789,1.94495,0.005618,0.0,0.0,0.0,0.0,0.0,100.0,31.90016,0.653953,0.97454
2026-07-27 15:03:46,42488.88,191999,960,360.7394,223.052,4.5,0.346046,,,,0.05,12.931611,1.293161,1.945,0.657863,10.0,10.0,5.480989,8.501943,13.982932,86.017068,27.414411,0.575115,0.974171
2026-07-27 15:04:17,42519.84,192199,961,252.5501,223.8432,4.5,0.354326,,,,0.05,8.432705,0.84327,1.956,0.642538,5.0,6.0,0.0,0.26739,0.26739,99.73261,31.813109,0.803689,0.974171
2026-07-27 15:04:48,42550.97,192399,962,311.2326,224.25,4.5,0.014482,,,,0.05,10.79963,1.079963,1.93695,1.147381,9.0,10.0,0.032165,6.963654,6.995819,93.004181,29.426032,0.58731,0.974171
2026-07-27 15:05:19,42582.74,192599,963,249.1457,223.1236,4.5,0.015816,,,,0.05,8.317243,0.831724,1.932,0.003463,0.0,0.0,0.0,0.0,0.0,100.0,31.791807,0.669935,0.974171
2026-07-27 15:05:51,42613.93,192799,964,198.814,221.4318,4.5,0.016775,,,,0.05,6.627134,0.662713,1.932,0.010338,0.0,1.0,0.0,0.0,0.0,100.0,31.69664,0.716799,0.974171
2026-07-27 15:06:22,42644.9,192999,965,86.6133,219.9167,4.5,0.013298,,,,0.05,4.646235,0.464623,0.994669,1.520588,10.0,10.0,11.365826,16.741609,28.107435,71.892565,22.796353,0.637165,0.974171
2026-07-27 15:06:53,42676.15,193199,966,268.3641,218.882,4.5,0.010603,,,,0.05,8.965886,0.896589,1.932,0.006253,0.0,0.0,0.0,0.0,0.0,100.0,31.72864,0.711459,0.974171
2026-07-27 15:07:24,42707.29,193399,967,242.2848,216.7036,4.5,0.009533,,,,0.05,8.375222,0.837522,1.93,1.124661,8.0,9.0,0.0,4.942023,4.942023,95.057977,30.249321,0.538055,0.974171
2026-07-27 15:07:55,42738.52,193599,968,59.6891,213.143,4.5,0.370953,,,,0.05,4.232666,0.423267,0.354967,0.649172,10.0,10.0,18.124051,16.825194,34.949245,65.050755,20.63718,0.528123,0.974171
2026-07-27 15:08:26,42769.6,193799,969,262.2447,212.0461,4.5,0.009042,,,,0.05,9.153135,0.915314,1.934,1.142845,9.0,10.0,0.07142,6.665873,6.737293,93.262707,29.903455,0.550193,0.974171
2026-07-27 15:08:57,42800.62,193999,970,218.9749,210.1357,4.5,0.011047,,,,0.05,7.299162,0.729916,1.936,0.022797,0.0,1.0,0.0,0.0,0.0,100.0,32.116647,0.532163,0.973764
2026-07-27 15:09:28,42831.74,194199,971,191.637,208.8773,4.5,0.009791,,,,0.05,8.203632,0.820363,1.652628,1.596626,10.0,10.0,11.830127,16.496477,28.326605,71.673395,22.896847,0.551437,0.973764
2026-07-27 15:10:00,42862.85,194399,972,330.3795,210.6759,4.5,0.362959,,,,0.05,11.014809,1.101481,1.936,0.007749,0.0,0.0,0.0,0.0,0.0,100.0,32.20992,0.593269,0.973764
2026-07-27 15:10:31,42893.83,194599,973,138.765,209.4182,4.5,0.012046,,,,0.05,5.872773,0.587277,1.932,2.052867,10.0,10.0,5.445093,14.414414,19.859507,80.140493,25.59807,0.482688,0.973764
2026-07-27 15:11:02,42925.48,194799,974,255.896,210.0692,4.5,0.012891,,,,0.05,8.58368,0.858368,1.93795,0.706993,5.0,6.0,0.0,0.500974,0.500974,99.499026,31.920837,0.553961,0.973764
2026-07-27 15:11:33,42956.55,194999,975,150.3966,209.7012,4.5,0.008947,,,,0.05,5.653679,0.565368,1.93895,0.958072,10.0,10.0,2.465546,7.926392,10.391938,89.608062,28.675857,0.670403,0.973764
2026-07-27 15:12:04,42987.58,195199,976,306.123,211.6137,4.5,0.362649,,,,0.05,10.320631,1.032063,1.935,0.009117,0.0,0.0,0.0,0.0,0.0,100.0,32.01024,0.467488,0.973764
2026-07-27 15:12:35,43018.67,195399,977,61.3125,210.3782,4.5,0.012208,,,,0.05,4.342124,0.434212,0.571796,1.378707,10.0,10.0,17.249669,18.812357,36.062027,63.937973,20.118156,0.671178,0.973764
2026-07-27 15:13:07,43050.16,195599,978,140.8827,210.7012,4.5,0.011262,,,,0.05,5.135683,0.513568,1.93095,1.145571,10.0,10.0,0.180079,7.175157,7.355236,92.644764,29.459287,0.673374,0.973764
2026-07-27 15:13:38,43081.27,195799,979,224.7042,211.634,4.5,0.007676,,,,0.05,8.054265,0.805426,1.9329,1.051024,10.0,10.0,1.390949,7.592095,8.983044,91.016956,28.988068,0.452695,0.973764
2026-07-27 15:14:09,43112.29,195999,980,161.4611,212.2315,4.5,0.356381,,,,0.05,5.432797,0.54328,1.931,0.02918,0.0,1.0,0.0,0.248756,0.248756,99.751244,31.013125,0.76503,0.973648
2026-07-27 15:14:40,43143.55,196199,981,88.054,212.1992,4.5,0.012146,,,,0.05,3.984747,0.398475,1.93,2.563337,8.0,10.0,5.100974,12.136938,17.237911,82.762089,25.993195,0.778206,0.973648
2026-07-27 15:15:12,43174.93,196399,982,154.4571,212.5424,4.5,0.009511,,,,0.05,6.179075,0.617908,0.964737,0.33633,0.0,10.0,8.022291,7.942108,15.964399,84.035601,26.747722,0.611637,0.973648
2026-07-27 15:15:43,43206.15,196599,983,22.4003,211.4377,4.6,0.010427,,,,0.05,2.916763,0.291676,7e-06,1.206177,10.0,10.0,16.027959,16.518036,32.545995,67.454005,21.370545,0.689122,0.973648
2026-07-27 15:16:14,43237.27,196799,984,184.6622,210.5338,4.6,0.009087,,,,0.05,6.184489,0.618449,1.92885,0.006128,0.0,0.0,0.0,0.0,0.0,100.0,31.95648,0.728061,0.973648
2026-07-27 15:16:45,43268.1,196999,985,167.5362,210.1711,4.6,0.352515,,,,0.05,5.584541,0.558454,1.93,0.012686,0.0,1.0,0.0,0.0,0.0,100.0,31.98464,0.749649,0.973648
2026-07-27 15:17:16,43299.18,197199,986,170.657,209.4473,4.6,0.011072,,,,0.05,5.688568,0.568857,1.92995,0.006054,0.0,0.0,0.0,0.0,0.0,100.0,32.13824,0.688468,0.973648
2026-07-27 15:17:47,43330.35,197399,987,147.1742,208.0136,4.6,0.00834,,,,0.05,4.905807,0.490581,1.931,0.007871,0.0,0.0,0.0,0.0,0.0,100.0,32.03712,0.685114,0.973648
2026-07-27 15:18:18,43361.49,197599,988,209.7928,208.6691,4.6,0.340933,,,,0.05,7.598939,0.759894,1.93295,1.7585,9.0,10.0,1.372213,8.608241,9.980454,90.019546,28.660137,0.642242,0.973648
2026-07-27 15:18:49,43392.67,197799,989,140.3112,207.4921,4.6,0.010342,,,,0.05,6.364442,0.636444,1.397029,1.482507,10.0,10.0,11.133765,15.587271,26.721036,73.278964,23.401052,0.550121,0.973648
2026-07-27 15:19:21,43424.04,197999,990,166.8348,206.5984,4.6,0.008962,,,,0.05,5.561159,0.556116,1.93,0.021527,0.0,1.0,0.0,0.0,0.0,100.0,31.87072,0.630445,0.973446
2026-07-27 15:19:52,43455.17,198199,991,252.2202,205.5249,4.6,0.010845,,,,0.05,8.612447,0.861245,1.929,1.04264,8.0,8.0,0.0,3.535171,3.535171,96.464829,30.59061,0.63325,0.973446
2026-07-27 15:20:23,43485.97,198399,992,138.7234,204.2246,4.6,0.010307,,,,0.05,4.851053,0.485105,1.928,1.30593,8.0,8.0,0.0,3.995498,3.995498,96.004502,30.392381,0.741816,0.973446
2026-07-27 15:20:54,43517.18,198599,993,244.9463,203.7849,4.6,0.329536,,,,0.05,8.180988,0.818099,1.929,0.006872,0.0,0.0,0.0,0.0,0.0,100.0,31.85152,0.493468,0.973446
2026-07-27 15:21:25,43548.51,198799,994,105.9534,202.8794,4.6,0.009063,,,,0.05,5.000487,0.500049,1.753816,3.007614,10.0,10.0,7.689538,15.935187,23.624725,76.375275,24.226929,0.614436,0.973446
2026-07-27 15:21:56,43579.4,198999,995,209.4493,202.8862,4.6,0.011158,,,,0.05,6.984986,0.698499,1.9379,0.009283,0.0,0.0,0.0,0.0,0.0,100.0,32.12672,0.601991,0.973446
2026-07-27 15:22:27,43610.56,199199,996,142.5471,201.7683,4.6,0.00735,,,,0.05,5.482036,0.548204,1.9379,1.252538,10.0,10.0,3.427797,8.250628,11.678425,88.321575,28.149657,0.701051,0.973446
2026-07-27 15:22:58,43641.65,199399,997,115.5308,199.4986,4.6,0.009676,,,,0.05,4.291486,0.429149,1.93395,1.115631,10.0,10.0,0.392857,6.845238,7.238095,92.761905,29.842906,0.720708,0.973446
2026-07-27 15:23:29,43672.47,199599,998,73.0382,197.8882,4.6,0.010684,,,,0.05,3.383997,0.3384,1.593942,0.545791,10.0,10.0,6.38517,8.361721,14.746891,85.253109,27.415685,0.786401,0.973446
2026-07-27 15:24:00,43703.6,199799,999,145.2271,198.3794,4.6,0.325376,,,,0.05,4.952818,0.495282,1.94195,0.906045,6.0,7.0,0.0,1.937056,1.937056,98.062944,31.252674,0.71923,0.973446
2026-07-27 15:24:31,43734.77,199999,1000,89.2863,196.0511,4.6,0.012614,,,,0.05,4.216248,0.421625,1.9279,2.28128,10.0,10.0,5.94103,14.217611,20.158641,79.841359,25.34491,0.723139,0.973074
