wall_time,elapsed_sec,step,episode,ep_reward,ep_reward_ma100,sps,loss,policy_loss,value_loss,entropy,epsilon,embb_mbps_mean,spectral_eff_bps_hz,embb_p5_mbps,urllc_delay_ms_mean,urllc_delay_p95,urllc_delay_p99,urllc_drop_late_pct,urllc_drop_overflow_pct,sla_violation_pct,sla_satisfaction_pct,timely_throughput_mbps,jains_fairness,lam
2026-08-10 13:03:26,0.38,199,1,175.6245,175.6245,526.3,0.057038,,,,0.9995,6.422452,0.642245,6e-06,1.995494,10.0,10.0,7.871022,0.0,7.871022,92.128978,69.390943,0.574554,1.0
2026-08-10 13:04:02,36.93,399,2,132.398,154.0112,10.8,65.24939,,,,0.904362,5.327104,0.53271,6e-06,0.831195,9.0,10.0,13.585038,0.0,13.585038,86.414962,65.342371,0.593054,1.0
2026-08-10 13:04:39,73.97,599,3,73.4414,127.1546,8.1,488.512695,,,,0.81828,4.750029,0.475003,1e-06,6.228683,10.0,10.0,34.957992,0.0,34.957992,65.042008,46.98563,0.55017,1.0
2026-08-10 13:05:16,111.04,799,4,181.4105,140.7186,7.2,1773.658569,,,,0.740392,6.847906,0.684791,1e-06,2.47796,10.0,10.0,11.208086,0.0,11.208086,88.791914,67.82393,0.438156,1.0
2026-08-10 13:05:54,148.2,999,5,175.9843,147.7717,6.7,4324.572266,,,,0.669918,6.712019,0.671202,3e-06,1.027978,10.0,10.0,10.909937,0.0,10.909937,89.090063,67.854223,0.454144,1.0
2026-08-10 13:06:31,185.31,1199,6,136.6386,145.9162,6.5,11491.470703,,,,0.606152,6.420055,0.642005,1e-06,5.975176,10.0,10.0,27.387781,0.0,27.387781,72.612219,53.384378,0.424997,1.0
2026-08-10 13:07:08,222.65,1399,7,239.3176,159.2593,6.3,18675.226562,,,,0.548455,9.511321,0.951132,1e-06,3.443573,10.0,10.0,12.303848,0.0,12.303848,87.696152,65.91418,0.376475,1.0
2026-08-10 13:07:45,260.02,1599,8,228.0862,167.8626,6.1,36720.949219,,,,0.49625,8.602792,0.860279,4e-06,0.88567,9.0,10.0,11.372477,0.0,11.372477,88.627523,67.099549,0.391422,1.0
2026-08-10 13:08:23,297.42,1799,9,237.3109,175.5791,6.0,46449.8125,,,,0.449014,8.456939,0.845694,4e-06,0.256908,2.0,4.0,0.0,0.0,0.0,100.0,76.015862,0.381529,1.0
2026-08-10 13:09:00,334.71,1999,10,287.8031,186.8015,6.0,62943.078125,,,,0.406275,10.71221,1.071221,4e-06,0.312063,2.0,3.0,0.0,0.0,0.0,100.0,76.16512,0.361446,1.0
2026-08-10 13:09:37,372.01,2199,11,185.9438,186.7235,5.9,108954.4375,,,,0.367604,7.82948,0.782948,1e-06,2.414637,10.0,10.0,13.292585,0.0,13.292585,86.707415,64.843675,0.376192,1.0
2026-08-10 13:10:15,409.45,2399,12,130.5535,182.0427,5.9,131763.8125,,,,0.332613,6.521507,0.652151,1e-06,1.799054,10.0,10.0,23.839244,0.0,23.839244,76.160756,56.511316,0.387594,1.0
2026-08-10 13:10:52,446.88,2599,13,218.3549,184.8359,5.8,196019.203125,,,,0.300953,8.209088,0.820909,3e-06,1.200126,7.0,10.0,0.240465,0.0,0.240465,99.759535,75.362482,0.420648,1.0
2026-08-10 13:11:30,484.31,2799,14,133.8704,181.1955,5.8,187679.9375,,,,0.272307,7.512486,0.751249,0.0,0.452511,1.0,10.0,35.449709,0.0,35.449709,64.550291,47.710149,0.420268,1.0
2026-08-10 13:12:07,521.85,2999,15,228.0597,184.3198,5.7,227758.1875,,,,0.246387,8.487947,0.848795,3e-06,1.034141,7.0,10.0,0.26746,0.0,0.26746,99.73254,76.298859,0.483279,1.0
2026-08-10 13:12:45,559.5,3199,16,196.2554,185.0658,5.7,231969.28125,,,,0.222935,9.103107,0.910311,1e-06,3.987402,10.0,10.0,17.641467,0.0,17.641467,82.358533,60.920698,0.467537,1.0
2026-08-10 13:13:22,596.93,3399,17,192.2045,185.4857,5.7,258401.40625,,,,0.201715,7.217745,0.721774,4e-06,0.116775,1.0,2.0,0.0,0.0,0.0,100.0,77.13408,0.543081,1.0
2026-08-10 13:14:00,634.51,3599,18,180.0826,185.1855,5.7,217231.15625,,,,0.182515,6.948665,0.694867,8e-06,0.024279,0.0,1.0,0.0,0.0,0.0,100.0,77.34144,0.559781,1.0
2026-08-10 13:14:37,672.09,3799,19,161.4914,183.9385,5.7,282007.375,,,,0.165142,6.361665,0.636167,3e-06,1.490353,10.0,10.0,3.658476,0.0,3.658476,96.341524,73.679751,0.555033,1.0
2026-08-10 13:15:15,709.92,3999,20,12.9344,175.3883,5.6,280980.5,,,,0.149423,4.169577,0.416958,0.0,5.718623,10.0,10.0,52.898058,0.0,52.898058,47.101942,33.072876,0.558854,1.0
2026-08-10 13:15:53,747.58,4199,21,111.5799,172.3498,5.6,270963.5625,,,,0.1352,4.814652,0.481465,3e-06,1.406692,10.0,10.0,10.939106,0.0,10.939106,89.060894,67.806213,0.636628,1.0
2026-08-10 13:16:31,785.29,4399,22,68.8341,167.6445,5.6,234972.03125,,,,0.122331,4.831457,0.483146,3e-06,1.003051,10.0,10.0,30.160947,0.0,30.160947,69.839053,52.141867,0.625087,1.0
2026-08-10 13:17:08,822.78,4599,23,110.7767,165.172,5.6,218160.046875,,,,0.110687,3.854793,0.385479,7e-06,0.017309,0.0,1.0,0.0,0.0,0.0,100.0,76.832,0.673213,1.0
2026-08-10 13:17:46,860.29,4799,24,69.5638,161.1883,5.6,196203.0625,,,,0.100151,2.96736,0.296736,6e-06,1.179606,10.0,10.0,7.8957,0.0,7.8957,92.1043,70.141997,0.735403,1.0
2026-08-10 13:18:24,898.12,4999,25,34.6467,156.1267,5.6,153706.65625,,,,0.090618,2.383981,0.238398,3e-06,3.937232,10.0,10.0,17.816801,0.0,17.816801,82.183199,61.093587,0.76302,1.0
2026-08-10 13:19:01,935.68,5199,26,78.9955,153.1601,5.6,141716.125,,,,0.081993,2.8929,0.28929,7e-06,0.017488,0.0,1.0,0.0,0.0,0.0,100.0,76.6336,0.77431,1.0
2026-08-10 13:19:39,973.32,5399,27,56.6631,149.5861,5.5,134219.875,,,,0.074188,1.983784,0.198378,6e-06,0.019244,0.0,1.0,0.0,0.0,0.0,100.0,76.55936,0.787095,1.0
2026-08-10 13:20:16,1011.06,5599,28,78.457,147.0458,5.5,176664.984375,,,,0.067127,2.88161,0.288161,8e-06,0.007636,0.0,0.0,0.0,0.0,0.0,100.0,76.9408,0.818406,1.0
2026-08-10 13:20:54,1048.86,5799,29,34.5896,143.168,5.5,119009.734375,,,,0.060737,3.182069,0.318207,5e-06,1.565332,10.0,10.0,26.779079,0.0,26.779079,73.220921,54.708563,0.822779,1.0
2026-08-10 13:21:32,1086.44,5999,30,105.5193,141.913,5.5,133512.8125,,,,0.054956,4.067281,0.406728,8e-06,0.015364,0.0,1.0,0.0,0.0,0.0,100.0,76.72832,0.808955,1.0
2026-08-10 13:22:09,1124.05,6199,31,65.8262,139.4586,5.5,73862.15625,,,,0.05,2.422722,0.242272,1.1e-05,0.005902,0.0,0.0,0.0,0.0,0.0,100.0,76.99456,0.860352,1.0
2026-08-10 13:22:47,1161.72,6399,32,96.635,138.1204,5.5,101439.328125,,,,0.05,5.072619,0.507262,3.7e-05,1.450334,10.0,10.0,27.218395,0.0,27.218395,72.781605,54.697771,0.657233,1.0
2026-08-10 13:23:25,1199.52,6599,33,179.8618,139.3853,5.5,74916.546875,,,,0.05,6.120682,0.612068,1.945,1.356832,10.0,10.0,1.069447,0.0,1.069447,98.930553,75.335912,0.726577,1.0
2026-08-10 13:24:03,1237.24,6799,34,101.4895,138.2707,5.5,71842.859375,,,,0.05,4.282341,0.428234,1.9409,2.512603,10.0,10.0,13.598924,0.0,13.598924,86.401076,65.177532,0.840337,1.0
2026-08-10 13:24:40,1274.97,6999,35,102.2999,137.243,5.5,60562.386719,,,,0.05,4.589906,0.458991,1.91995,2.731295,10.0,10.0,17.530831,0.0,17.530831,82.469169,62.130471,0.730487,1.0
2026-08-10 13:25:18,1312.61,7199,36,87.7704,135.8687,5.5,51544.019531,,,,0.05,4.540285,0.454029,0.0,1.745729,10.0,10.0,24.397121,0.0,24.397121,75.602879,56.849667,0.529754,1.0
2026-08-10 13:25:56,1350.31,7399,37,118.8813,135.4096,5.5,73893.257812,,,,0.05,5.190841,0.519084,4.1e-05,2.273469,10.0,10.0,18.740445,0.0,18.740445,81.259555,61.108159,0.626595,1.0
2026-08-10 13:26:33,1387.97,7599,38,208.6939,137.3381,5.5,55785.828125,,,,0.05,8.083255,0.808326,2e-06,2.332567,10.0,10.0,16.266817,0.0,16.266817,83.733183,62.529427,0.497273,1.0
2026-08-10 13:27:11,1425.74,7799,39,255.9407,140.3792,5.5,61241.738281,,,,0.05,8.874658,0.887466,4e-06,2.160605,10.0,10.0,4.373892,0.0,4.373892,95.626108,72.868415,0.595166,1.0
2026-08-10 13:27:49,1463.5,7999,40,219.7438,142.3634,5.5,39023.441406,,,,0.05,8.055867,0.805587,1.918,1.697504,10.0,10.0,11.282476,0.0,11.282476,88.717524,67.311945,0.510461,1.0
2026-08-10 13:28:27,1501.56,8199,41,316.2319,146.604,5.5,22405.714844,,,,0.05,11.386207,1.138621,1.939,4.812925,10.0,10.0,13.271641,0.0,13.271641,86.728359,65.0359,0.450606,1.0
2026-08-10 13:29:05,1539.39,8399,42,178.8604,147.3721,5.5,3879.961182,,,,0.05,10.049607,1.004961,1.640399,7.676907,10.0,10.0,61.613138,0.0,61.613138,38.386862,26.297863,0.586574,1.0
2026-08-10 13:29:43,1577.16,8599,43,177.885,148.0817,5.5,960.164795,,,,0.05,10.293865,1.029386,1.941,5.995994,10.0,10.0,67.128532,0.0,67.128532,32.871468,21.433412,0.673304,1.0
2026-08-10 13:30:20,1614.99,8799,44,242.3968,150.2252,5.4,560.727722,,,,0.05,12.894229,1.289423,1.93595,6.357616,10.0,10.0,71.636116,0.0,71.636116,28.363884,18.561499,0.609927,1.0
2026-08-10 13:30:58,1652.73,8999,45,297.6712,153.5018,5.4,140.836868,,,,0.05,15.500489,1.550049,1.9399,5.993695,10.0,10.0,65.094606,0.0,65.094606,34.905394,22.962101,0.715358,1.0
2026-08-10 13:31:36,1690.52,9199,46,119.364,152.7596,5.4,69.021927,,,,0.05,8.701012,0.870101,1.93,6.019247,10.0,10.0,72.387861,0.0,72.387861,27.612139,17.781301,0.547976,1.0
2026-08-10 13:32:14,1728.35,9399,47,116.6273,151.9909,5.4,59.38483,,,,0.05,8.191127,0.819113,1.93095,6.056161,10.0,10.0,66.218915,0.0,66.218915,33.781085,21.991716,0.585182,1.0
2026-08-10 13:32:52,1766.18,9599,48,40.4326,149.6667,5.4,64.008064,,,,0.05,6.198415,0.619841,1.927,6.327083,10.0,10.0,73.664702,0.0,73.664702,26.335298,16.058525,0.682482,1.0
2026-08-10 13:33:29,1803.93,9799,49,-35.103,145.8959,5.4,99.408653,,,,0.05,3.685734,0.368573,1.926,6.27846,10.0,10.0,73.425594,0.0,73.425594,26.574406,16.178042,0.784674,1.0
2026-08-10 13:34:07,1841.78,9999,50,26.624,143.5105,5.4,46.599182,,,,0.05,5.514201,0.55142,1.927,5.423338,10.0,10.0,70.369322,0.0,70.369322,29.630678,18.4953,0.675582,1.0
2026-08-10 13:34:45,1879.55,10199,51,-28.2653,140.1423,5.4,54.006504,,,,0.05,3.377221,0.337722,1.919,5.682836,10.0,10.0,65.673258,0.0,65.673258,34.326742,22.664053,0.834398,1.0
2026-08-10 13:35:23,1917.39,10399,52,11.9765,137.6776,5.4,17.234987,,,,0.05,5.026279,0.502628,1.924,6.085972,10.0,10.0,70.452014,0.0,70.452014,29.547986,18.617861,0.764438,1.0
2026-08-10 13:36:01,1955.33,10599,53,10.377,135.2757,5.4,6.911051,,,,0.05,4.917605,0.491761,1.92195,5.552493,10.0,10.0,69.61238,0.0,69.61238,30.38762,19.526172,0.740752,1.0
2026-08-10 13:36:39,1993.27,10799,54,-17.001,132.4558,5.4,6.770137,,,,0.05,4.218561,0.421856,1.92195,5.77684,10.0,10.0,73.095923,0.0,73.095923,26.904077,17.159294,0.772507,1.0
2026-08-10 13:37:16,2030.96,10999,55,-19.1121,129.7,5.4,7.159395,,,,0.05,3.592658,0.359266,1.922,6.103287,10.0,10.0,64.729102,0.0,64.729102,35.270898,23.341863,0.807921,1.0
2026-08-10 13:37:54,2069.05,11199,56,-5.4113,127.2873,5.4,1.296133,,,,0.05,2.756146,0.275615,3.9e-05,3.167971,10.0,10.0,44.909291,0.0,44.909291,55.090709,41.426584,0.877716,1.0
2026-08-10 13:38:32,2106.89,11399,57,47.1948,125.8822,5.4,0.673182,,,,0.05,4.114099,0.41141,1.9189,5.524928,10.0,10.0,38.569566,0.0,38.569566,61.430434,44.119152,0.8409,1.0
2026-08-10 13:39:10,2144.62,11599,58,54.137,124.6452,5.4,0.497692,,,,0.05,4.311389,0.431139,0.578506,3.398854,10.0,10.0,37.229972,0.0,37.229972,62.770028,46.315247,0.646296,1.0
2026-08-10 13:39:48,2182.41,11799,59,84.3351,123.9619,5.4,2.266761,,,,0.05,5.225559,0.522556,1.928,5.567787,10.0,10.0,37.285564,0.0,37.285564,62.714436,45.231377,0.707845,1.0
2026-08-10 13:40:26,2220.35,11999,60,150.7199,124.4079,5.4,0.48985,,,,0.05,7.181757,0.718176,1.931,7.707077,10.0,10.0,33.552566,0.0,33.552566,66.447434,48.248053,0.556092,1.0
2026-08-10 13:41:04,2258.14,12199,61,207.642,125.7724,5.4,0.990507,,,,0.05,8.81621,0.881621,1.93595,1.940923,10.0,10.0,28.695927,0.0,28.695927,71.304073,53.458524,0.563061,1.0
2026-08-10 13:41:41,2295.8,12399,62,298.0834,128.5516,5.4,0.499106,,,,0.05,10.535289,1.053529,1.932,2.730293,10.0,10.0,5.736645,0.0,5.736645,94.263355,71.626936,0.53261,1.0
2026-08-10 13:42:19,2333.47,12599,63,366.4387,132.3276,5.4,1.334153,,,,0.05,12.693474,1.269347,1.93595,0.031227,0.0,1.0,0.0,0.0,0.0,100.0,77.14304,0.50637,3.573624
2026-08-10 13:42:57,2371.39,12799,64,49.9795,131.0409,5.4,0.554369,,,,0.05,10.583167,1.058317,1.946,8.957653,10.0,10.0,38.347017,0.0,38.347017,61.652983,43.897273,0.599231,3.573624
2026-08-10 13:43:35,2409.3,12999,65,318.9686,133.9321,5.4,0.416624,,,,0.05,13.468689,1.346869,1.93795,4.013411,10.0,10.0,11.253001,0.0,11.253001,88.746999,65.940384,0.520333,3.573624
2026-08-10 13:44:12,2447.05,13199,66,317.5272,136.7138,5.4,0.24769,,,,0.05,10.592164,1.059216,1.93495,1.053586,5.0,7.0,0.0,0.0,0.0,100.0,76.129198,0.487418,3.573624
2026-08-10 13:44:50,2484.77,13399,67,239.7149,138.2512,5.4,0.399178,,,,0.05,11.097709,1.109771,1.9369,2.303029,10.0,10.0,13.228157,0.0,13.228157,86.771843,65.124429,0.495064,3.573624
2026-08-10 13:45:28,2522.57,13599,68,84.5611,137.4616,5.4,0.37483,,,,0.05,10.282098,1.02821,1.94195,6.748762,10.0,10.0,32.457573,0.0,32.457573,67.542427,48.566004,0.60355,3.573624
2026-08-10 13:46:06,2560.2,13799,69,330.4838,140.259,5.4,0.03662,,,,0.05,11.435244,1.143524,1.938,1.462273,10.0,10.0,1.815971,0.0,1.815971,98.184029,74.846283,0.521965,3.573624
2026-08-10 13:46:43,2597.92,13999,70,287.844,142.3674,5.4,0.019826,,,,0.05,10.343468,1.034347,1.933,2.923393,10.0,10.0,3.137713,0.0,3.137713,96.862287,72.836922,0.573438,3.573624
2026-08-10 13:47:21,2635.65,14199,71,309.2441,144.7178,5.4,0.022212,,,,0.05,12.216803,1.22168,1.938,1.14865,10.0,10.0,8.099006,0.0,8.099006,91.900994,70.224887,0.585786,3.573624
2026-08-10 13:47:59,2673.58,14399,72,-36.3302,142.2032,5.4,0.082758,,,,0.05,8.132388,0.813239,1.931,9.276366,10.0,10.0,40.385702,0.0,40.385702,59.614298,42.419419,0.631427,3.573624
2026-08-10 13:48:37,2711.45,14599,73,217.472,143.2343,5.4,0.07967,,,,0.05,11.179632,1.117963,1.935,4.924684,10.0,10.0,16.754885,0.0,16.754885,83.245115,61.35693,0.543212,3.573624
2026-08-10 13:49:15,2749.25,14799,74,116.2442,142.8696,5.4,0.053666,,,,0.05,9.607487,0.960749,1.93295,6.32515,10.0,10.0,24.881717,0.0,24.881717,75.118283,55.079575,0.479799,3.573624
2026-08-10 13:49:52,2787.05,14999,75,16.4968,141.1846,5.4,0.297429,,,,0.05,10.451695,1.04517,1.946,5.889034,10.0,10.0,42.162918,0.0,42.162918,57.837082,41.821887,0.558948,3.573624
2026-08-10 13:50:30,2824.77,15199,76,-2.7866,139.2902,5.4,0.129317,,,,0.05,7.886494,0.788649,1.9349,3.169182,10.0,10.0,33.549841,0.0,33.549841,66.450159,48.831227,0.457933,3.573624
2026-08-10 13:51:08,2862.5,15399,77,259.2856,140.8486,5.4,0.150902,,,,0.05,11.411833,1.141183,1.934,3.186027,10.0,10.0,11.848547,0.0,11.848547,88.151453,65.804732,0.513999,3.573624
2026-08-10 13:51:46,2900.33,15599,78,108.2842,140.4311,5.4,0.061632,,,,0.05,9.226562,0.922656,1.93495,4.023008,10.0,10.0,24.181142,0.0,24.181142,75.818858,56.336979,0.463001,3.573624
2026-08-10 13:52:24,2938.18,15799,79,172.6994,140.8396,5.4,0.077405,,,,0.05,10.577554,1.057755,1.937,2.471952,10.0,10.0,20.323846,0.0,20.323846,79.676154,59.537403,0.609914,3.573624
2026-08-10 13:53:01,2975.94,15999,80,51.2852,139.7202,5.4,0.058687,,,,0.05,6.596877,0.659688,1.932,2.105988,10.0,10.0,20.759654,0.0,20.759654,79.240346,59.478331,0.523724,3.573624
2026-08-10 13:53:39,3013.62,16199,81,222.015,140.7361,5.4,0.042216,,,,0.05,7.603938,0.760394,1.93495,1.185975,10.0,10.0,0.932942,0.0,0.932942,99.067058,75.169292,0.499481,3.573624
2026-08-10 13:54:17,3051.54,16399,82,25.0904,139.3258,5.4,0.057653,,,,0.05,8.504608,0.850461,1.9429,8.907442,10.0,10.0,33.127812,0.0,33.127812,66.872188,48.149674,0.52992,3.573624
2026-08-10 13:54:55,3089.32,16599,83,116.0778,139.0457,5.4,0.346303,,,,0.05,7.156928,0.715693,3.8e-05,3.027409,10.0,10.0,13.972493,0.0,13.972493,86.027507,63.7997,0.581444,3.573624
2026-08-10 13:55:33,3127.14,16799,84,28.8302,137.7336,5.4,0.072486,,,,0.05,6.126799,0.61268,3.9e-05,2.20996,10.0,10.0,21.778215,0.0,21.778215,78.221785,58.690476,0.73501,3.573624
2026-08-10 13:56:10,3164.98,16999,85,171.3961,138.1297,5.4,0.469033,,,,0.05,7.552572,0.755257,4.3e-05,2.440326,10.0,10.0,7.845552,0.0,7.845552,92.154448,69.475543,0.625164,3.573624
2026-08-10 13:56:48,3202.75,17199,86,-37.8359,136.0836,5.4,0.021581,,,,0.05,7.077184,0.707718,1.9399,3.510282,10.0,10.0,35.519706,0.0,35.519706,64.480294,47.695765,0.596795,3.573624
2026-08-10 13:57:26,3240.48,17399,87,-47.907,133.9687,5.4,0.044613,,,,0.05,6.466974,0.646697,1.94085,6.310532,10.0,10.0,34.656339,0.0,34.656339,65.343661,47.603464,0.521829,3.573624
2026-08-10 13:58:04,3278.14,17599,88,246.9091,135.2521,5.4,0.055129,,,,0.05,8.949026,0.894903,1.93395,2.04296,10.0,10.0,3.212692,0.0,3.212692,96.787308,74.194262,0.47084,3.573624
2026-08-10 13:58:41,3315.85,17799,89,310.9675,137.2265,5.4,0.064889,,,,0.05,10.471872,1.047187,1.935,0.006434,0.0,0.0,0.0,0.0,0.0,100.0,77.18784,0.54122,3.573624
2026-08-10 13:59:19,3353.58,17999,90,29.5158,136.0297,5.4,0.305426,,,,0.05,5.024298,0.50243,1.93,2.373805,10.0,10.0,17.095408,0.0,17.095408,82.904592,62.547507,0.764232,3.573624
2026-08-10 13:59:57,3391.48,18199,91,225.8922,137.0172,5.4,0.275054,,,,0.05,8.956408,0.895641,1.931,2.539874,10.0,10.0,6.13832,0.0,6.13832,93.86168,70.582993,0.490124,3.573624
2026-08-10 14:00:35,3429.4,18399,92,-77.5792,134.6846,5.4,0.048376,,,,0.05,4.13958,0.413958,1.92495,3.873878,10.0,10.0,28.414398,0.0,28.414398,71.585602,52.703241,0.777156,3.573624
2026-08-10 14:01:13,3467.16,18599,93,139.5347,134.7368,5.4,0.064099,,,,0.05,6.751762,0.675176,1.93295,1.065815,10.0,10.0,9.036708,0.0,9.036708,90.963292,69.059504,0.509426,3.573624
2026-08-10 14:01:50,3504.91,18799,94,161.2597,135.0189,5.4,0.308977,,,,0.05,5.375322,0.537532,1.926,0.352853,3.0,6.0,0.0,0.0,0.0,100.0,76.9408,0.608764,3.573624
2026-08-10 14:02:28,3542.67,18999,95,-12.213,133.4691,5.4,0.03099,,,,0.05,4.645439,0.464544,1.93295,4.61252,10.0,10.0,21.697143,0.0,21.697143,78.302857,57.653328,0.670034,3.573624
2026-08-10 14:03:06,3580.55,19199,96,138.9806,133.5265,5.4,0.031889,,,,0.05,8.061805,0.806181,1.935,2.584909,10.0,10.0,14.601741,0.0,14.601741,85.398259,64.441079,0.493514,3.573624
2026-08-10 14:03:44,3618.23,19399,97,376.0337,136.0266,5.4,0.385964,,,,0.05,12.534458,1.253446,1.945,0.011423,0.0,1.0,0.0,0.0,0.0,100.0,77.20704,0.553353,3.573624
2026-08-10 14:04:21,3655.99,19599,98,232.1015,137.007,5.4,0.095235,,,,0.05,11.321628,1.132163,1.94095,0.505879,1.0,10.0,14.943656,0.0,14.943656,85.056344,64.768917,0.537356,3.573624
2026-08-10 14:04:59,3693.71,19799,99,458.3523,140.2529,5.4,0.139866,,,,0.05,15.321048,1.532105,1.947,0.010705,0.0,1.0,0.0,0.0,0.0,100.0,76.88192,0.608702,3.573624
2026-08-10 14:05:37,3731.48,19999,100,230.5395,141.1557,5.4,0.073743,,,,0.05,11.938061,1.193806,1.946,2.351041,10.0,10.0,18.300206,0.0,18.300206,81.699794,61.039681,0.545213,3.573624
2026-08-10 14:06:15,3769.26,20199,101,252.4675,141.9242,5.4,0.043344,,,,0.05,13.771419,1.377142,1.94795,1.912845,10.0,10.0,22.441589,0.0,22.441589,77.558411,57.969845,0.531819,3.573624
2026-08-10 14:06:52,3807.06,20399,102,326.4923,143.8651,5.4,0.489563,,,,0.05,10.883076,1.088308,1.935,0.027295,0.0,1.0,0.0,0.0,0.0,100.0,76.29824,0.481639,3.573624
2026-08-10 14:07:30,3844.96,20599,103,218.0086,145.3108,5.4,0.148214,,,,0.05,7.506885,0.750689,1.92695,1.430423,10.0,10.0,1.077199,0.0,1.077199,98.922801,74.716568,0.555491,3.573624
2026-08-10 14:08:08,3882.85,20799,104,221.3884,145.7106,5.4,0.037342,,,,0.05,7.379612,0.737961,1.93295,0.021931,0.0,1.0,0.0,0.0,0.0,100.0,75.993219,0.504214,3.573624
2026-08-10 14:08:46,3920.66,20999,105,84.1767,144.7925,5.4,0.049944,,,,0.05,5.8466,0.58466,1.936,0.882917,10.0,10.0,12.949592,0.0,12.949592,87.050408,65.705127,0.693881,3.573624
2026-08-10 14:09:24,3958.43,21199,106,-214.5348,141.2807,5.4,0.431254,,,,0.05,4.265264,0.426526,1.31399,1.753288,10.0,10.0,47.895196,0.0,47.895196,52.104804,37.595703,0.621157,3.573624
2026-08-10 14:10:02,3996.19,21399,107,97.6207,139.8638,5.4,0.46322,,,,0.05,5.320162,0.532016,1.931,1.08503,10.0,10.0,8.658305,0.0,8.658305,91.341695,69.251598,0.73276,3.573624
2026-08-10 14:10:39,4033.75,21599,108,268.583,140.2687,5.4,0.084944,,,,0.05,9.197326,0.919733,1.93395,0.008124,0.0,0.0,0.0,0.0,0.0,100.0,76.57088,0.728437,3.573624
2026-08-10 14:11:17,4071.59,21799,109,-182.4197,136.0714,5.4,0.321175,,,,0.05,4.833488,0.483349,0.856499,5.599245,10.0,10.0,46.226526,0.0,46.226526,53.773474,38.460803,0.620878,3.573624
2026-08-10 14:11:55,4109.4,21999,110,182.179,135.0152,5.4,0.483561,,,,0.05,7.79067,0.779067,1.934,1.25175,10.0,10.0,7.304609,0.0,7.304609,92.695391,70.377231,0.649908,3.573624
2026-08-10 14:12:33,4147.13,22199,111,311.0008,136.2658,5.4,0.238324,,,,0.05,10.436566,1.043657,1.933,0.00293,0.0,0.0,0.0,0.0,0.0,100.0,76.4544,0.6184,3.573624
2026-08-10 14:13:10,4184.73,22399,112,260.4357,137.5646,5.4,0.387498,,,,0.05,8.68119,0.868119,1.9329,0.00883,0.0,0.0,0.0,0.0,0.0,100.0,76.39296,0.578445,3.573624
2026-08-10 14:13:48,4222.64,22599,113,-309.5521,132.2855,5.4,0.128972,,,,0.05,3.132614,0.313261,1.201571,4.675516,10.0,10.0,56.524928,0.0,56.524928,43.475072,30.512136,0.762592,3.573624
2026-08-10 14:14:26,4260.38,22799,114,-173.9312,129.2075,5.4,0.220878,,,,0.05,3.575401,0.35754,0.94429,2.889945,10.0,10.0,39.541509,0.0,39.541509,60.458491,44.864566,0.674879,3.573624
2026-08-10 14:15:04,4298.14,22999,115,147.3574,128.4005,5.4,0.077841,,,,0.05,6.373338,0.637334,1.93095,1.268397,10.0,10.0,6.266232,0.0,6.266232,93.733768,71.473201,0.578722,3.573624
2026-08-10 14:15:41,4335.79,23199,116,153.5571,127.9735,5.4,0.074422,,,,0.05,5.151893,0.515189,3.9e-05,0.012007,0.0,1.0,0.0,0.0,0.0,100.0,77.07264,0.641461,3.573624
2026-08-10 14:16:19,4373.68,23399,117,129.3081,127.3445,5.3,0.120606,,,,0.05,5.690183,0.569018,1e-05,2.237554,10.0,10.0,5.451159,0.0,5.451159,94.548841,71.239403,0.621227,3.573624
2026-08-10 14:16:57,4411.4,23599,118,-211.9327,123.4244,5.3,0.422203,,,,0.05,3.867476,0.386748,1.616109,3.28457,10.0,10.0,46.224656,0.0,46.224656,53.775344,38.442496,0.771903,3.573624
2026-08-10 14:17:34,4448.94,23799,119,153.7171,123.3466,5.3,0.186149,,,,0.05,5.145886,0.514589,4e-05,0.252874,2.0,2.0,0.0,0.0,0.0,100.0,76.60544,0.673138,3.573624
2026-08-10 14:18:12,4486.68,23999,120,249.8798,125.7161,5.3,0.363025,,,,0.05,8.35485,0.835485,3.9e-05,0.039194,0.0,1.0,0.0,0.0,0.0,100.0,77.040975,0.64087,3.573624
2026-08-10 14:18:50,4524.3,24199,121,190.7743,126.508,5.3,0.07225,,,,0.05,8.919108,0.891911,3.8e-05,1.711853,10.0,10.0,7.163925,0.0,7.163925,92.836075,70.24263,0.657596,3.573624
2026-08-10 14:19:27,4562.01,24399,122,225.7673,128.0774,5.3,0.140813,,,,0.05,10.419698,1.04197,1.9349,0.746945,10.0,10.0,12.232339,0.0,12.232339,87.767661,66.66857,0.53182,3.573624
2026-08-10 14:20:05,4599.79,24599,123,261.0428,129.58,5.3,0.154724,,,,0.05,10.44567,1.044567,1.9429,1.249437,10.0,10.0,7.293314,0.0,7.293314,92.706686,70.646433,0.668125,3.573624
2026-08-10 14:20:43,4637.55,24799,124,162.6205,130.5106,5.3,0.471784,,,,0.05,8.83123,0.883123,1.94095,2.06874,10.0,10.0,14.556698,0.0,14.556698,85.443302,64.150522,0.623886,3.573624
2026-08-10 14:21:21,4675.31,24999,125,14.1205,130.3053,5.3,0.28672,,,,0.05,8.02508,0.802508,1.93895,3.585823,10.0,10.0,32.317879,0.0,32.317879,67.682121,49.694118,0.659578,4.581483
2026-08-10 14:21:58,4712.93,25199,126,95.1647,130.467,5.3,0.170551,,,,0.05,7.952931,0.795293,1.928,2.47234,10.0,10.0,16.016458,0.0,16.016458,83.983542,63.187188,0.568285,4.581483
2026-08-10 14:22:36,4750.64,25399,127,71.1837,130.6122,5.3,0.117215,,,,0.05,5.710925,0.571092,9e-06,1.266987,10.0,10.0,10.674167,0.0,10.674167,89.325833,68.21022,0.713932,4.581483
2026-08-10 14:23:14,4788.52,25599,128,89.3203,130.7209,5.3,0.121817,,,,0.05,7.949512,0.794951,1.932,2.324218,10.0,10.0,16.515273,0.0,16.515273,83.484727,62.799554,0.468531,4.581483
2026-08-10 14:23:52,4826.25,25799,129,96.8751,131.3437,5.3,0.236196,,,,0.05,7.296008,0.729601,1.92995,2.656032,10.0,10.0,13.683444,0.0,13.683444,86.316556,65.284833,0.593234,4.581483
2026-08-10 14:24:30,4864.15,25999,130,-156.3736,128.7248,5.3,0.153151,,,,0.05,5.811093,0.581109,1.92795,6.393435,10.0,10.0,36.4999,0.0,36.4999,63.5001,45.751724,0.50461,4.581483
2026-08-10 14:25:07,4901.99,26199,131,377.1407,131.8379,5.3,0.246211,,,,0.05,13.453845,1.345385,1.936,3.311393,10.0,10.0,2.55783,0.0,2.55783,97.44217,72.64438,0.669396,4.581483
2026-08-10 14:25:45,4939.72,26399,132,154.0588,132.4122,5.3,0.24409,,,,0.05,8.716122,0.871612,1.92995,3.017603,10.0,10.0,12.031378,0.0,12.031378,87.968622,66.260434,0.555276,4.581483
2026-08-10 14:26:23,4977.34,26599,133,109.1771,131.7053,5.3,0.29714,,,,0.05,8.823185,0.882319,1.93195,2.152751,10.0,10.0,17.204068,0.0,17.204068,82.795932,62.07824,0.582916,4.581483
2026-08-10 14:27:01,5015.17,26799,134,-6.7352,130.6231,5.3,0.159376,,,,0.05,8.811265,0.881126,1.93395,1.480848,10.0,10.0,29.531289,0.0,29.531289,70.468711,52.217531,0.521517,4.581483
2026-08-10 14:27:38,5052.94,26999,135,223.9696,131.8398,5.3,0.137689,,,,0.05,7.465652,0.746565,1.92795,0.759821,5.0,6.0,0.0,0.0,0.0,100.0,76.503054,0.53894,4.581483
2026-08-10 14:28:16,5090.85,27199,136,196.0561,132.9226,5.3,0.066517,,,,0.05,6.535204,0.65352,1.925,0.020758,0.0,1.0,0.0,0.0,0.0,100.0,77.01632,0.63735,4.581483
2026-08-10 14:28:54,5128.49,27399,137,94.2158,132.676,5.3,0.208864,,,,0.05,6.283669,0.628367,1.92195,0.948901,10.0,10.0,10.396758,0.0,10.396758,89.603242,68.083187,0.541091,4.581483
2026-08-10 14:29:32,5166.2,27599,138,218.9932,132.779,5.3,0.094782,,,,0.05,7.300061,0.730006,1.92395,0.014249,0.0,1.0,0.0,0.0,0.0,100.0,76.98688,0.646282,4.581483
2026-08-10 14:30:09,5203.91,27799,139,101.1765,131.2313,5.3,0.350228,,,,0.05,7.447161,0.744716,1.92995,2.528446,10.0,10.0,13.655749,0.0,13.655749,86.344251,64.88421,0.547394,4.581483
2026-08-10 14:30:47,5241.64,27999,140,-251.9953,126.5139,5.3,0.15873,,,,0.05,3.99845,0.399845,1.327525,3.230925,10.0,10.0,40.732403,0.0,40.732403,59.267597,43.369663,0.63405,4.581483
2026-08-10 14:31:25,5279.4,28199,141,166.6646,125.0183,5.3,0.344118,,,,0.05,8.469748,0.846975,1.926,1.030946,10.0,10.0,9.720253,0.0,9.720253,90.279747,68.443753,0.639682,4.581483
2026-08-10 14:32:03,5317.22,28399,142,193.6921,125.1666,5.3,0.519807,,,,0.05,8.943718,0.894372,1.92795,1.110311,10.0,10.0,8.103324,0.0,8.103324,91.896676,69.839788,0.667865,4.581483
2026-08-10 14:32:40,5355.1,28599,143,-17.9492,123.2082,5.3,0.208043,,,,0.05,6.717632,0.671763,1.926,8.733202,10.0,10.0,24.952895,0.0,24.952895,75.047105,54.191293,0.722024,4.581483
2026-08-10 14:33:18,5392.91,28799,144,112.4299,121.9086,5.3,0.948603,,,,0.05,6.638724,0.663872,4e-05,3.346869,10.0,10.0,9.80526,0.0,9.80526,90.19474,68.280944,0.68668,4.581483
2026-08-10 14:33:56,5430.68,28999,145,52.0003,119.4519,5.3,0.116773,,,,0.05,7.191856,0.719186,9e-06,3.005732,10.0,10.0,17.913428,0.0,17.913428,82.086572,60.7484,0.773825,4.581483
2026-08-10 14:34:34,5468.4,29199,146,-111.4006,117.1442,5.3,0.226887,,,,0.05,6.93171,0.693171,6e-06,3.820388,10.0,10.0,34.289704,0.0,34.289704,65.710296,47.862039,0.726257,4.581483
2026-08-10 14:35:12,5506.2,29399,147,252.596,118.5039,5.3,0.170048,,,,0.05,11.566099,1.15661,1.939,4.528082,10.0,10.0,10.757857,0.0,10.757857,89.242143,66.785574,0.684501,4.581483
2026-08-10 14:35:49,5544.08,29599,148,72.7283,118.8269,5.3,0.34426,,,,0.05,9.439502,0.94395,1.792678,3.892529,10.0,10.0,23.394984,0.0,23.394984,76.605016,56.779845,0.628824,4.581483
2026-08-10 14:36:27,5581.99,29799,149,48.8511,119.6664,5.3,0.424036,,,,0.05,8.343895,0.83439,1.9509,1.986205,10.0,10.0,22.09872,0.0,22.09872,77.90128,58.294983,0.602541,4.581483
2026-08-10 14:37:05,5619.57,29999,150,271.6952,122.1171,5.3,0.292911,,,,0.05,10.540355,1.054036,1.9409,1.408514,10.0,10.0,4.623106,0.0,4.623106,95.376894,72.76281,0.549449,4.581483
2026-08-10 14:37:43,5657.18,30199,151,219.5549,124.5953,5.3,0.078237,,,,0.05,10.004927,1.000493,1.932,1.058913,10.0,10.0,8.994516,0.0,8.994516,91.005484,69.454577,0.53721,4.581483
2026-08-10 14:38:20,5695.01,30399,152,288.8814,127.3644,5.3,0.580453,,,,0.05,12.124187,1.212419,1.939,1.136326,10.0,10.0,8.347473,0.0,8.347473,91.652527,69.932958,0.586183,4.581483
2026-08-10 14:38:58,5732.72,30599,153,76.6444,128.027,5.3,0.181482,,,,0.05,7.434623,0.743462,1.9299,0.357801,0.0,10.0,16.17994,0.0,16.17994,83.82006,63.805964,0.446926,4.581483
2026-08-10 14:39:36,5770.38,30799,154,278.4985,130.982,5.3,0.320123,,,,0.05,9.283283,0.928328,1.93,0.006922,0.0,0.0,0.0,0.0,0.0,100.0,76.92288,0.496527,4.581483
2026-08-10 14:40:14,5808.23,30999,155,16.9138,131.3423,5.3,0.34416,,,,0.05,3.987631,0.398763,1.927,0.832781,10.0,10.0,11.378574,0.0,11.378574,88.621426,67.2484,0.737832,4.581483
2026-08-10 14:40:51,5846.01,31199,156,62.1687,132.0181,5.3,0.418356,,,,0.05,6.813269,0.681327,1.92595,0.390479,0.0,10.0,15.333244,0.0,15.333244,84.666756,64.092637,0.649609,4.581483
2026-08-10 14:41:29,5883.72,31399,157,-57.6502,130.9696,5.3,0.125383,,,,0.05,4.533274,0.453327,1.92995,2.078751,10.0,10.0,21.317435,0.0,21.317435,78.682565,59.011611,0.67841,4.581483
2026-08-10 14:42:07,5921.56,31599,158,-286.7712,127.5606,5.3,0.198597,,,,0.05,3.912331,0.391233,1.92795,6.578147,10.0,10.0,44.509676,0.0,44.509676,55.490324,38.685401,0.726537,4.581483
2026-08-10 14:42:45,5959.31,31799,159,182.5402,128.5426,5.3,0.308137,,,,0.05,7.744991,0.774499,1.93,1.321148,10.0,10.0,5.574158,0.0,5.574158,94.425842,71.822999,0.491972,4.581483
2026-08-10 14:43:23,5997.26,31999,160,-82.7677,126.2077,5.3,0.091047,,,,0.05,6.325778,0.632578,0.190132,5.1374,10.0,10.0,29.895894,0.0,29.895894,70.104106,51.137992,0.529612,4.581483
2026-08-10 14:44:00,6034.98,32199,161,192.4268,126.0556,5.3,0.254167,,,,0.05,8.748596,0.87486,1.9349,2.040506,10.0,10.0,7.925276,0.0,7.925276,92.074724,69.442592,0.561825,4.581483
2026-08-10 14:44:38,6072.69,32399,162,113.141,124.2062,5.3,0.161173,,,,0.05,7.94818,0.794818,1.939,1.47801,10.0,10.0,13.800043,0.0,13.800043,86.199957,64.893312,0.526435,4.581483
2026-08-10 14:45:16,6110.55,32599,163,-31.0562,120.2312,5.3,0.176733,,,,0.05,8.3478,0.83478,1.943,3.939081,10.0,10.0,31.00517,0.0,31.00517,68.99483,50.996992,0.573223,4.581483
2026-08-10 14:45:54,6148.2,32799,164,163.0351,121.3618,5.3,0.123195,,,,0.05,10.747667,1.074767,1.812681,0.327791,1.0,10.0,16.923026,0.0,16.923026,83.076974,63.272979,0.652329,4.581483
2026-08-10 14:46:31,6185.96,32999,165,181.6592,119.9887,5.3,0.549568,,,,0.05,11.567059,1.156706,1.94095,2.120724,10.0,10.0,17.955075,0.0,17.955075,82.044925,61.628087,0.542222,4.581483
2026-08-10 14:47:09,6223.73,33199,166,156.2746,118.3762,5.3,0.129826,,,,0.05,11.005022,1.100502,1.94,2.245238,10.0,10.0,19.185169,0.0,19.185169,80.814831,60.893531,0.572062,4.581483
2026-08-10 14:47:47,6261.53,33399,167,217.8106,118.1571,5.3,0.091502,,,,0.05,9.157322,0.915732,1.938,1.28225,10.0,10.0,6.441165,0.0,6.441165,93.558835,71.651593,0.450583,4.581483
2026-08-10 14:48:25,6299.44,33599,168,55.759,117.8691,5.3,0.186908,,,,0.05,7.484855,0.748486,1.93495,2.836415,10.0,10.0,18.344212,0.0,18.344212,81.655788,61.242858,0.442489,4.581483
2026-08-10 14:49:03,6337.19,33799,169,71.7311,115.2816,5.3,0.131962,,,,0.05,8.974992,0.897499,1.937,2.011587,10.0,10.0,21.899276,0.0,21.899276,78.100724,59.429965,0.517588,4.581483
2026-08-10 14:49:40,6374.93,33999,170,194.7451,114.3506,5.3,0.323494,,,,0.05,9.394591,0.939459,1.933,2.413995,10.0,10.0,9.615701,0.0,9.615701,90.384299,68.443989,0.502448,4.581483
2026-08-10 14:50:18,6412.5,34199,171,274.9266,114.0074,5.3,0.339498,,,,0.05,9.164221,0.916422,1.931,0.506566,3.0,6.0,0.0,0.0,0.0,100.0,76.808369,0.453128,4.581483
2026-08-10 14:50:56,6450.27,34399,172,-74.9254,113.6214,5.3,0.073423,,,,0.05,7.072055,0.707206,1.91785,3.099584,10.0,10.0,31.504655,0.0,31.504655,68.495345,50.540445,0.494756,4.581483
2026-08-10 14:51:34,6488.15,34599,173,217.3254,113.62,5.3,0.380138,,,,0.05,8.524726,0.852473,1.928,3.912757,10.0,10.0,4.409628,0.0,4.409628,95.590372,72.75838,0.43595,4.581483
2026-08-10 14:52:11,6525.98,34799,174,118.6668,113.6442,5.3,0.086118,,,,0.05,4.772178,0.477218,1.92685,1.515393,10.0,10.0,2.829603,0.0,2.829603,97.170397,73.306711,0.659705,4.581483
2026-08-10 14:52:49,6563.72,34999,175,-174.9009,111.7302,5.3,0.101148,,,,0.05,3.147292,0.314729,1.92395,3.645749,10.0,10.0,29.587137,0.0,29.587137,70.412863,51.73984,0.858091,4.581483
2026-08-10 14:53:27,6601.55,35199,176,-25.1882,111.5062,5.3,0.066665,,,,0.05,4.422715,0.442272,1.92395,4.713238,10.0,10.0,17.764033,0.0,17.764033,82.235967,60.593813,0.663621,4.581483
2026-08-10 14:54:05,6639.29,35399,177,29.4131,109.2075,5.3,0.09726,,,,0.05,6.322998,0.6323,1.475488,0.734102,8.0,10.0,17.375056,0.0,17.375056,82.624944,62.403634,0.534107,4.581483
2026-08-10 14:54:42,6677.08,35599,178,119.0076,109.3147,5.3,0.087152,,,,0.05,8.263868,0.826387,1.933,2.534049,10.0,10.0,14.281912,0.0,14.281912,85.718088,64.648728,0.439024,4.581483
2026-08-10 14:55:20,6714.87,35799,179,215.6611,109.7443,5.3,0.074822,,,,0.05,11.973164,1.197316,1.934,3.022451,10.0,10.0,15.933199,0.0,15.933199,84.066801,62.769816,0.505362,4.581483
2026-08-10 14:55:58,6752.79,35999,180,40.4746,109.6362,5.3,0.124753,,,,0.05,8.817082,0.881708,1.937,1.740094,10.0,10.0,24.631969,0.0,24.631969,75.368031,56.721081,0.428919,4.581483
2026-08-10 14:56:36,6790.64,36199,181,-338.1617,104.0345,5.3,0.359634,,,,0.05,4.583175,0.458318,1.027373,8.794466,10.0,10.0,52.318057,0.0,52.318057,47.681943,33.284009,0.529293,4.581483
2026-08-10 14:57:14,6828.33,36399,182,50.4102,104.2877,5.3,0.152054,,,,0.05,6.289874,0.628987,1.92495,1.056156,7.0,10.0,15.007385,0.0,15.007385,84.992615,64.464841,0.567585,4.581483
2026-08-10 14:57:51,6865.92,36599,183,268.5577,105.8125,5.3,0.140087,,,,0.05,8.956415,0.895642,1.929,0.291928,2.0,4.0,0.0,0.0,0.0,100.0,77.069227,0.644829,4.581483
2026-08-10 14:58:29,6903.83,36799,184,-201.4234,103.5099,5.3,0.157078,,,,0.05,4.493892,0.449389,1.91995,6.500384,10.0,10.0,36.89359,0.0,36.89359,63.10641,45.435662,0.776523,4.581483
2026-08-10 14:59:07,6941.45,36999,185,195.6953,103.7529,5.3,0.120963,,,,0.05,6.523176,0.652318,1.922,0.746555,5.0,8.0,0.0,0.0,0.0,100.0,76.993882,0.72928,4.581483
2026-08-10 14:59:45,6979.17,37199,186,106.7796,105.1991,5.3,0.078948,,,,0.05,5.87546,0.587546,1.928,1.167152,10.0,10.0,7.719345,0.0,7.719345,92.280655,70.465941,0.651992,4.581483
2026-08-10 15:00:22,7016.93,37399,187,116.4091,106.8422,5.3,0.264549,,,,0.05,6.317265,0.631727,1.92895,1.146888,10.0,10.0,8.258208,0.0,8.258208,91.741792,69.868277,0.757593,4.581483
2026-08-10 15:01:00,7054.86,37599,188,-161.5545,102.7576,5.3,0.270284,,,,0.05,5.028317,0.502832,1.92195,5.309238,10.0,10.0,30.96662,0.0,30.96662,69.03338,50.969447,0.684805,5.608796
2026-08-10 15:01:38,7092.51,37799,189,95.3173,100.6011,5.3,0.15692,,,,0.05,3.652851,0.365285,1.9239,0.980675,10.0,10.0,1.313564,0.0,1.313564,98.686436,75.414458,0.779799,5.608796
2026-08-10 15:02:16,7130.35,37999,190,-495.2148,95.3538,5.3,0.235021,,,,0.05,2.205584,0.220558,1.71673,5.280461,10.0,10.0,50.258456,0.0,50.258456,49.741544,35.356974,0.910112,5.608796
2026-08-10 15:02:54,7168.31,38199,191,-757.7214,85.5177,5.3,0.194584,,,,0.05,1.208516,0.120852,0.146794,2.073719,10.0,10.0,70.825719,0.0,70.825719,29.174281,19.620818,0.602852,5.608796
2026-08-10 15:03:32,7206.18,38399,192,-365.0628,82.6428,5.3,0.168278,,,,0.05,3.127638,0.312764,1.924,7.735871,10.0,10.0,41.428311,0.0,41.428311,58.571689,41.633381,0.800365,5.608796
2026-08-10 15:04:09,7244.07,38599,193,130.926,82.5567,5.3,0.293874,,,,0.05,7.814465,0.781446,1.93085,2.864957,10.0,10.0,9.62857,0.0,9.62857,90.37143,68.022655,0.533029,5.608796
2026-08-10 15:04:47,7281.78,38799,194,211.5332,83.0595,5.3,0.26826,,,,0.05,10.39309,1.039309,1.943,2.363367,10.0,10.0,9.125551,0.0,9.125551,90.874449,68.439164,0.587273,5.608796
2026-08-10 15:05:25,7319.49,38999,195,366.4195,86.8458,5.3,0.266213,,,,0.05,12.337599,1.23376,1.93795,1.296607,5.0,6.0,0.0,0.0,0.0,100.0,76.501386,0.608692,5.608796
2026-08-10 15:06:03,7357.35,39199,196,-22.3596,85.2324,5.3,0.362585,,,,0.05,7.478649,0.747865,1.935,3.963698,10.0,10.0,22.235768,0.0,22.235768,77.764232,57.495454,0.542181,5.608796
2026-08-10 15:06:40,7395.03,39399,197,149.6853,82.9689,5.3,0.309821,,,,0.05,10.829636,1.082964,1.93495,2.097429,10.0,10.0,15.669425,0.0,15.669425,84.330575,63.199297,0.537769,5.608796
2026-08-10 15:07:18,7432.87,39599,198,207.4436,82.7223,5.3,0.144066,,,,0.05,9.170123,0.917012,1.916,1.280868,10.0,10.0,6.06636,0.0,6.06636,93.93364,71.416378,0.460372,5.608796
2026-08-10 15:07:56,7470.93,39799,199,-108.8671,77.0501,5.3,0.347894,,,,0.05,2.310279,0.231028,8e-06,4.630267,10.0,10.0,16.131454,0.0,16.131454,83.868546,62.160817,0.859092,5.608796
2026-08-10 15:08:34,7508.81,39999,200,274.8557,77.4933,5.3,0.333176,,,,0.05,9.747502,0.97475,3.8e-05,0.733037,5.0,10.0,0.100471,0.0,0.100471,99.899529,75.330856,0.722044,5.608796
2026-08-10 15:09:12,7546.58,40199,201,-3.5651,74.933,5.3,0.26473,,,,0.05,6.48452,0.648452,1.927,3.168331,10.0,10.0,17.68367,0.0,17.68367,82.31633,61.275506,0.665012,5.608796
2026-08-10 15:09:50,7584.28,40399,202,259.9098,74.2671,5.3,0.544007,,,,0.05,10.963523,1.096352,1.932,1.275795,10.0,10.0,6.26654,0.0,6.26654,93.73346,71.387632,0.504425,5.608796
2026-08-10 15:10:27,7621.97,40599,203,79.5912,72.883,5.3,0.431334,,,,0.05,9.233855,0.923385,1.93695,3.90225,10.0,10.0,17.294384,0.0,17.294384,82.705616,61.360324,0.509245,5.608796
2026-08-10 15:11:06,7660.2,40799,204,-69.1483,69.9776,5.3,0.407098,,,,0.05,6.780964,0.678096,1.93595,6.064967,10.0,10.0,24.74273,0.0,24.74273,75.25727,55.2259,0.569469,5.608796
2026-08-10 15:11:44,7698.2,40999,205,-106.2945,68.0729,5.3,0.45837,,,,0.05,7.723652,0.772365,1.936,6.293031,10.0,10.0,30.823475,0.0,30.823475,69.176525,50.417397,0.618684,5.608796
2026-08-10 15:12:21,7736.09,41199,206,228.8457,72.5067,5.3,0.11717,,,,0.05,7.899956,0.789996,1.935,1.340964,10.0,10.0,0.809158,0.0,0.809158,99.190842,75.702587,0.584844,5.608796
2026-08-10 15:12:59,7773.85,41399,207,72.4922,72.2554,5.3,0.242328,,,,0.05,5.536865,0.553686,1.931,1.532533,10.0,10.0,8.612838,0.0,8.612838,91.387162,69.429358,0.609235,5.608796
2026-08-10 15:13:37,7811.72,41599,208,119.7502,70.7671,5.3,0.138318,,,,0.05,6.425964,0.642596,1.93095,2.962518,10.0,10.0,6.889951,0.0,6.889951,93.110049,70.176246,0.532385,5.608796
2026-08-10 15:14:15,7849.53,41799,209,-291.3214,69.6781,5.3,0.62084,,,,0.05,5.054462,0.505446,0.232255,3.235078,10.0,10.0,39.932115,0.0,39.932115,60.067885,43.883219,0.477326,5.608796
2026-08-10 15:14:53,7887.39,41999,210,-112.7866,66.7284,5.3,0.305932,,,,0.05,5.446692,0.544669,1.92895,2.13701,10.0,10.0,24.914187,0.0,24.914187,75.085813,56.338263,0.688096,5.608796
2026-08-10 15:15:31,7925.16,42199,211,-423.9468,59.3789,5.3,0.352383,,,,0.05,5.38793,0.538793,1.935,5.18612,10.0,10.0,52.745807,0.0,52.745807,47.254193,33.26666,0.58856,5.608796
2026-08-10 15:16:08,7963.06,42399,212,-279.8102,53.9765,5.3,0.441261,,,,0.05,6.300954,0.630095,1.089765,2.584879,10.0,10.0,41.905016,0.0,41.905016,58.094984,42.529151,0.508924,5.608796
2026-08-10 15:16:46,8000.76,42599,213,-71.1491,56.3605,5.3,0.674792,,,,0.05,5.630886,0.563089,1.938,2.001816,10.0,10.0,21.546731,0.0,21.546731,78.453269,58.642022,0.660191,5.608796
2026-08-10 15:17:24,8038.47,42799,214,267.7747,60.7776,5.3,0.110275,,,,0.05,9.504724,0.950472,1.931,0.614186,8.0,10.0,1.469584,0.0,1.469584,98.530416,74.928372,0.513882,5.608796
2026-08-10 15:18:02,8076.13,42999,215,197.2296,61.2763,5.3,0.232913,,,,0.05,7.600796,0.76008,1.928,2.995382,10.0,10.0,3.026023,0.0,3.026023,96.973977,72.951645,0.563814,5.608796
2026-08-10 15:18:39,8114.04,43199,216,-248.7381,57.2533,5.3,0.590523,,,,0.05,5.823791,0.582379,1.92695,5.997022,10.0,10.0,38.509204,0.0,38.509204,61.490796,44.786664,0.625345,5.608796
2026-08-10 15:19:17,8151.82,43399,217,-292.8878,53.0314,5.3,0.430602,,,,0.05,5.868698,0.58687,1.93295,3.67002,10.0,10.0,42.282314,0.0,42.282314,57.717686,42.478581,0.600515,5.608796
2026-08-10 15:19:55,8189.66,43599,218,-200.1996,53.1487,5.3,0.211714,,,,0.05,4.632905,0.46329,1.92995,1.262026,10.0,10.0,30.419482,0.0,30.419482,69.580518,52.151946,0.684702,5.608796
2026-08-10 15:20:33,8227.57,43799,219,-255.3316,49.0582,5.3,0.59163,,,,0.05,4.712779,0.471278,1.935,4.931485,10.0,10.0,35.969727,0.0,35.969727,64.030273,46.680266,0.739219,5.608796
2026-08-10 15:21:11,8265.4,43999,220,185.9642,48.4191,5.3,0.505779,,,,0.05,6.729275,0.672928,1.933,2.090713,10.0,10.0,1.548551,0.0,1.548551,98.451449,75.53197,0.603987,5.608796
2026-08-10 15:21:48,8303.06,44199,221,-28.8085,46.2232,5.3,0.552433,,,,0.05,4.715958,0.471596,1.92895,0.44326,1.0,10.0,15.214669,0.0,15.214669,84.785331,64.170118,0.659604,5.608796
2026-08-10 15:22:26,8340.91,44399,222,-113.0019,42.8355,5.3,0.106039,,,,0.05,6.360239,0.636024,1.942,6.491966,10.0,10.0,27.651856,0.0,27.651856,72.348144,53.035306,0.736901,5.608796
2026-08-10 15:23:04,8378.67,44599,223,170.4662,41.9298,5.3,0.068606,,,,0.05,7.375597,0.73756,1.935,1.360045,10.0,10.0,4.690856,0.0,4.690856,95.309144,72.574966,0.570229,5.608796
2026-08-10 15:23:42,8416.59,44799,224,-306.4626,37.2389,5.3,0.285809,,,,0.05,4.506226,0.450623,1.93595,6.710883,10.0,10.0,39.677613,0.0,39.677613,60.322387,42.911965,0.739131,5.608796
2026-08-10 15:24:20,8454.37,44999,225,71.9793,37.8175,5.3,0.415117,,,,0.05,7.463884,0.746388,1.927,2.524739,10.0,10.0,13.471649,0.0,13.471649,86.528351,65.19558,0.663773,5.608796
2026-08-10 15:24:58,8492.19,45199,226,-355.0642,33.3152,5.3,0.148899,,,,0.05,5.863092,0.586309,1.913239,4.400525,10.0,10.0,47.436303,0.0,47.436303,52.563697,37.481821,0.579957,5.608796
2026-08-10 15:25:35,8529.93,45399,227,55.9918,33.1633,5.3,0.656329,,,,0.05,10.549444,1.054944,1.936,4.011254,10.0,10.0,23.735786,0.0,23.735786,76.264214,56.248144,0.568092,5.608796
2026-08-10 15:26:13,8567.61,45599,228,310.8016,35.3781,5.3,0.404081,,,,0.05,12.520786,1.252079,1.939,3.05429,10.0,10.0,5.235322,0.0,5.235322,94.764678,70.994706,0.621816,5.608796
2026-08-10 15:26:51,8605.45,45799,229,-36.2779,34.0466,5.3,0.323683,,,,0.05,8.169014,0.816901,1.939,3.988359,10.0,10.0,25.295789,0.0,25.295789,74.704211,55.281442,0.592597,5.608796
2026-08-10 15:27:29,8643.59,45999,230,-110.1214,34.5091,5.3,0.264959,,,,0.05,7.664033,0.766403,1.939,6.387622,10.0,10.0,30.953536,0.0,30.953536,69.046464,49.992328,0.674367,5.608796
2026-08-10 15:28:07,8681.61,46199,231,8.2583,30.8203,5.3,0.44998,,,,0.05,10.677205,1.067721,1.95195,3.049136,10.0,10.0,28.233681,0.0,28.233681,71.766319,52.740481,0.615939,5.608796
2026-08-10 15:28:45,8719.47,46399,232,52.8723,29.8084,5.3,0.251684,,,,0.05,7.085402,0.70854,1.93795,0.546335,10.0,10.0,14.445668,0.0,14.445668,85.554332,64.926602,0.646408,5.608796
2026-08-10 15:29:23,8757.22,46599,233,241.6304,31.133,5.3,0.633345,,,,0.05,11.605569,1.160557,1.938,1.998511,10.0,10.0,9.574025,0.0,9.574025,90.425975,68.038998,0.509406,5.608796
2026-08-10 15:30:00,8795.01,46799,234,296.5987,34.1663,5.3,0.281921,,,,0.05,13.127634,1.312763,1.94095,1.321765,10.0,10.0,8.557726,0.0,8.557726,91.442274,69.638561,0.538052,5.608796
2026-08-10 15:30:38,8832.76,46999,235,119.2928,33.1195,5.3,0.513403,,,,0.05,10.388819,1.038882,1.944,2.428486,10.0,10.0,17.491343,0.0,17.491343,82.508657,62.043772,0.533832,5.608796
2026-08-10 15:31:16,8870.45,47199,236,388.0693,35.0397,5.3,0.187432,,,,0.05,13.318552,1.331855,1.939,0.004999,0.0,0.0,0.0,0.0,0.0,100.0,76.82048,0.506086,5.608796
2026-08-10 15:31:54,8908.24,47399,237,-121.3487,32.884,5.3,0.130577,,,,0.05,9.844189,0.984419,1.93295,3.112552,10.0,10.0,37.415779,0.0,37.415779,62.584221,46.033838,0.556071,5.608796
2026-08-10 15:32:32,8946.13,47599,238,228.9766,32.9839,5.3,0.369825,,,,0.05,10.541994,1.054199,1.938,4.290246,10.0,10.0,8.237405,0.0,8.237405,91.762595,68.457081,0.545828,5.608796
2026-08-10 15:33:09,8983.77,47799,239,26.3074,32.2352,5.3,0.136463,,,,0.05,6.143518,0.614352,1.93295,0.581321,10.0,10.0,14.192873,0.0,14.192873,85.807127,65.350565,0.619474,5.608796
2026-08-10 15:33:47,9021.44,47999,240,219.0636,36.9458,5.3,0.237493,,,,0.05,8.381956,0.838196,1.932,1.489482,10.0,10.0,3.101019,0.0,3.101019,96.898981,74.13034,0.546277,5.608796
2026-08-10 15:34:25,9059.39,48199,241,-311.3463,32.1657,5.3,0.172334,,,,0.05,5.473671,0.547367,1.93195,9.155222,10.0,10.0,43.137092,0.0,43.137092,56.862908,40.164585,0.608644,5.608796
2026-08-10 15:35:03,9097.13,48399,242,257.127,32.8,5.3,0.293316,,,,0.05,9.364861,0.936486,1.93495,0.935851,8.0,10.0,2.17099,0.0,2.17099,97.82901,71.531629,0.544239,5.608796
2026-08-10 15:35:40,9134.92,48599,243,50.417,33.4837,5.3,0.472356,,,,0.05,10.471208,1.047121,1.93595,4.622764,10.0,10.0,24.065626,0.0,24.065626,75.934374,55.777516,0.500997,5.608796
2026-08-10 15:36:18,9172.82,48799,244,67.8475,33.0378,5.3,0.163905,,,,0.05,12.168037,1.216804,1.94495,5.002279,10.0,10.0,27.265797,0.0,27.265797,72.734203,54.80042,0.542628,5.608796
2026-08-10 15:36:56,9210.64,48999,245,353.3096,36.0509,5.3,0.079131,,,,0.05,12.45053,1.245053,1.939,1.535493,10.0,10.0,1.857724,0.0,1.857724,98.142276,74.943625,0.535532,5.608796
2026-08-10 15:37:34,9248.69,49199,246,112.1196,38.2861,5.3,0.607368,,,,0.05,7.203367,0.720337,1.93895,3.564495,10.0,10.0,9.578232,0.0,9.578232,90.421768,69.141764,0.605556,5.608796
2026-08-10 15:38:12,9286.37,49399,247,262.0585,38.3808,5.3,0.177507,,,,0.05,9.105421,0.910542,1.945,0.015339,0.0,1.0,0.0,0.0,0.0,100.0,76.93952,0.727994,5.608796
2026-08-10 15:38:50,9324.13,49599,248,92.3264,38.5767,5.3,0.295284,,,,0.05,5.482886,0.548289,1.945,2.834748,10.0,10.0,6.636003,0.0,6.636003,93.363997,70.313862,0.774317,5.608796
2026-08-10 15:39:27,9361.77,49799,249,184.6857,39.9351,5.3,0.303772,,,,0.05,6.191637,0.619164,1.934,0.013879,0.0,1.0,0.0,0.0,0.0,100.0,76.8256,0.659296,5.608796
2026-08-10 15:40:05,9399.54,49999,250,-509.7145,32.121,5.3,0.147177,,,,0.05,3.203889,0.320389,0.447074,4.586439,10.0,10.0,54.068749,0.0,54.068749,45.931251,32.348971,0.469015,7.180121
2026-08-10 15:40:43,9437.34,50199,251,89.5963,30.8214,5.3,0.561877,,,,0.05,3.47814,0.347814,8e-06,0.182739,1.0,2.0,0.0,0.0,0.0,100.0,76.707335,0.83995,7.180121
2026-08-10 15:41:21,9475.12,50399,252,-294.813,24.9845,5.3,0.104909,,,,0.05,3.868991,0.386899,4e-06,3.933502,10.0,10.0,28.146457,0.0,28.146457,71.853543,53.105058,0.818125,7.180121
2026-08-10 15:41:58,9512.98,50599,253,-204.1796,22.1762,5.3,0.114807,,,,0.05,6.668428,0.666843,3.9e-05,3.431524,10.0,10.0,27.971516,0.0,27.971516,72.028484,53.173336,0.719843,7.180121
2026-08-10 15:42:36,9550.72,50799,254,-46.3737,18.9275,5.3,0.267663,,,,0.05,7.729061,0.772906,1.935,3.184927,10.0,10.0,19.761627,0.0,19.761627,80.238373,59.420708,0.676401,7.180121
2026-08-10 15:43:14,9588.61,50999,255,120.8381,19.9667,5.3,0.220113,,,,0.05,9.482042,0.948204,1.93195,1.399682,10.0,10.0,11.517364,0.0,11.517364,88.482636,66.894773,0.50441,7.180121
2026-08-10 15:43:52,9626.5,51199,256,92.3758,20.2688,5.3,0.327446,,,,0.05,10.426474,1.042647,1.935,4.533035,10.0,10.0,15.917007,0.0,15.917007,84.082993,62.614906,0.505069,7.180121
2026-08-10 15:44:30,9664.22,51399,257,225.0633,23.0959,5.3,0.166768,,,,0.05,8.481309,0.848131,1.93995,1.015351,10.0,10.0,2.002979,0.0,2.002979,97.997021,75.018233,0.606622,7.180121
2026-08-10 15:45:07,9702.01,51599,258,-167.3378,24.2903,5.3,0.414503,,,,0.05,3.152141,0.315214,1.8999,2.638772,10.0,10.0,18.463883,0.0,18.463883,81.536117,60.791912,0.857646,7.180121
2026-08-10 15:45:46,9740.37,51799,259,325.862,25.7235,5.3,0.520065,,,,0.05,11.520644,1.152064,1.939,0.345719,3.0,9.0,0.961763,0.0,0.961763,99.038237,75.921932,0.591462,7.180121
2026-08-10 15:46:24,9778.84,51999,260,-146.0973,25.0902,5.3,0.089824,,,,0.05,8.293517,0.829352,1.943,2.935861,10.0,10.0,27.724857,0.0,27.724857,72.275143,53.300399,0.574666,7.180121
2026-08-10 15:47:04,9818.44,52199,261,-122.8582,21.9373,5.3,0.228615,,,,0.05,7.312875,0.731287,1.93669,4.178871,10.0,10.0,24.093048,0.0,24.093048,75.906952,55.613506,0.608727,7.180121
2026-08-10 15:47:42,9856.47,52399,262,278.907,23.595,5.3,0.513219,,,,0.05,9.296899,0.92969,1.92995,0.031177,0.0,1.0,0.0,0.0,0.0,100.0,76.7744,0.487326,7.180121
2026-08-10 15:48:20,9894.45,52599,263,125.4082,25.1597,5.3,0.1562,,,,0.05,10.001438,1.000144,1.931,0.756211,10.0,10.0,12.350937,0.0,12.350937,87.649063,66.376185,0.52385,7.180121
2026-08-10 15:48:58,9932.28,52799,264,339.0265,26.9196,5.3,0.554798,,,,0.05,11.497729,1.149773,1.93295,1.153681,9.0,10.0,0.452193,0.0,0.452193,99.547807,75.619351,0.569606,7.180121
2026-08-10 15:49:35,9970.09,52999,265,-517.4598,19.9284,5.3,0.472251,,,,0.05,5.370926,0.537093,1.931,9.151102,10.0,10.0,47.894772,0.0,47.894772,52.105228,36.46731,0.665405,7.180121
2026-08-10 15:50:13,10007.92,53199,266,-552.9606,12.836,5.3,0.213426,,,,0.05,5.55121,0.555121,0.993435,5.300497,10.0,10.0,50.315723,0.0,50.315723,49.684277,35.395861,0.601133,7.180121
2026-08-10 15:50:51,10045.61,53399,267,349.06,14.1485,5.3,0.431515,,,,0.05,11.828091,1.182809,1.93095,0.006177,0.0,0.0,0.0,0.0,0.0,100.0,77.2928,0.59605,7.180121
2026-08-10 15:51:29,10083.37,53599,268,163.0821,15.2218,5.3,0.603629,,,,0.05,8.553378,0.855338,1.93395,1.274142,10.0,10.0,6.761889,0.0,6.761889,93.238111,71.581627,0.551189,7.180121
2026-08-10 15:52:07,10121.21,53799,269,43.5728,14.9402,5.3,0.309999,,,,0.05,7.538496,0.75385,1.935,0.698771,10.0,10.0,12.856648,0.0,12.856648,87.143352,67.030416,0.602107,7.180121
2026-08-10 15:52:44,10159.08,53999,270,-25.2839,12.7399,5.3,0.225381,,,,0.05,8.613946,0.861395,1.92895,2.173557,10.0,10.0,20.106189,0.0,20.106189,79.893811,60.365805,0.638279,7.180121
2026-08-10 15:53:22,10197.01,54199,271,-473.7337,5.2533,5.3,0.162893,,,,0.05,7.286321,0.728632,1.94595,6.003107,10.0,10.0,48.512776,0.0,48.512776,51.487224,36.759688,0.56071,7.180121
2026-08-10 15:54:00,10234.99,54399,272,49.2993,6.4955,5.3,0.601852,,,,0.05,9.320408,0.932041,1.931,1.952839,10.0,10.0,16.351739,0.0,16.351739,83.648261,62.67147,0.693594,7.180121
2026-08-10 15:54:38,10272.83,54599,273,-248.2958,1.8393,5.3,0.169208,,,,0.05,7.216917,0.721692,1.025926,2.027683,10.0,10.0,32.755395,0.0,32.755395,67.244605,49.299775,0.599477,7.180121
2026-08-10 15:55:16,10310.59,54799,274,-214.5077,-1.4924,5.3,0.392224,,,,0.05,7.478912,0.747891,0.827508,1.04408,10.0,10.0,30.687893,0.0,30.687893,69.312107,51.580412,0.481587,7.180121
2026-08-10 15:55:54,10348.35,54999,275,-364.7024,-3.3904,5.3,0.579611,,,,0.05,6.515299,0.65153,0.944116,4.387712,10.0,10.0,39.066744,0.0,39.066744,60.933256,44.399238,0.456418,7.180121
2026-08-10 15:56:31,10386.04,55199,276,46.9716,-2.6689,5.3,0.233444,,,,0.05,8.07235,0.807235,1.931,3.13113,10.0,10.0,13.973675,0.0,13.973675,86.026325,64.526045,0.631811,7.180121
2026-08-10 15:57:09,10423.85,55399,277,312.0502,0.1575,5.3,0.363812,,,,0.05,11.690008,1.169001,1.93595,1.910901,10.0,10.0,1.376009,0.0,1.376009,98.623991,74.62062,0.728923,7.180121
2026-08-10 15:57:47,10461.62,55599,278,-267.0809,-3.7034,5.3,0.074543,,,,0.05,6.817477,0.681748,1.93395,4.721109,10.0,10.0,33.247078,0.0,33.247078,66.752922,48.205799,0.607412,7.180121
2026-08-10 15:58:25,10499.48,55799,279,-251.297,-8.3729,5.3,0.406628,,,,0.05,5.589909,0.558991,1.933,3.805232,10.0,10.0,29.735139,0.0,29.735139,70.264861,51.928019,0.577964,7.180121
2026-08-10 15:59:03,10537.24,55999,280,-64.882,-9.4265,5.3,0.334174,,,,0.05,5.523321,0.552332,1.9299,3.421217,10.0,10.0,16.522666,0.0,16.522666,83.477334,62.219742,0.732871,7.180121
2026-08-10 15:59:40,10575.03,56199,281,-14.227,-6.1872,5.3,0.193062,,,,0.05,5.088929,0.508893,1.925,2.74448,10.0,10.0,11.964742,0.0,11.964742,88.035258,66.846127,0.680549,7.180121
2026-08-10 16:00:18,10612.82,56399,282,177.5744,-4.9155,5.3,0.207483,,,,0.05,5.919146,0.591915,1.92995,0.011338,0.0,1.0,0.0,0.0,0.0,100.0,76.76691,0.625995,7.180121
2026-08-10 16:00:56,10650.65,56599,283,-659.7829,-14.1989,5.3,0.201246,,,,0.05,4.421856,0.442186,0.647767,9.268812,10.0,10.0,55.95149,0.0,55.95149,44.04851,30.373164,0.594762,7.180121
2026-08-10 16:01:34,10688.44,56799,284,-105.2389,-13.2371,5.3,0.143468,,,,0.05,6.405604,0.64056,1.9269,2.129349,10.0,10.0,21.211314,0.0,21.211314,78.788686,59.211255,0.560006,7.180121
2026-08-10 16:02:12,10726.18,56999,285,49.4399,-14.6996,5.3,0.133801,,,,0.05,7.039762,0.703976,1.932,4.643029,10.0,10.0,12.013415,0.0,12.013415,87.986585,66.219857,0.546827,7.180121
2026-08-10 16:02:49,10763.87,57199,286,89.4744,-14.8727,5.3,0.319522,,,,0.05,3.876527,0.387653,1.925,1.511144,10.0,10.0,2.11229,0.0,2.11229,97.88771,74.780742,0.692361,7.180121
2026-08-10 16:03:27,10801.6,57399,287,-50.457,-16.5414,5.3,0.089843,,,,0.05,3.246927,0.324693,1.921,1.002426,10.0,10.0,10.444433,0.0,10.444433,89.555567,68.210873,0.785471,7.180121
2026-08-10 16:04:05,10839.42,57599,288,-31.7949,-15.2438,5.3,0.201687,,,,0.05,4.206117,0.420612,1.92795,2.840252,10.0,10.0,11.378585,0.0,11.378585,88.621415,66.581131,0.761803,7.180121
2026-08-10 16:04:43,10877.15,57799,289,-82.5542,-17.0225,5.3,0.211081,,,,0.05,5.590984,0.559098,1.435493,1.434415,10.0,10.0,17.739911,0.0,17.739911,82.260089,61.166848,0.634198,7.180121
2026-08-10 16:05:20,10914.92,57999,290,-119.5676,-13.266,5.3,0.304816,,,,0.05,6.139162,0.613916,1.251541,2.148335,10.0,10.0,21.287814,0.0,21.287814,78.712186,58.894248,0.529824,7.180121
2026-08-10 16:05:58,10952.66,58199,291,218.1099,-3.5077,5.3,0.212139,,,,0.05,9.722063,0.972206,1.924,1.809533,10.0,10.0,4.719247,0.0,4.719247,95.280753,72.45702,0.671078,7.180121
2026-08-10 16:06:36,10990.24,58399,292,186.4077,2.007,5.3,0.45075,,,,0.05,6.245468,0.624547,1.93695,0.014697,0.0,1.0,0.0,0.0,0.0,100.0,76.81408,0.666857,7.180121
2026-08-10 16:07:14,11028.19,58599,293,-560.2388,-4.9046,5.3,0.324049,,,,0.05,4.449406,0.444941,1.362387,5.440409,10.0,10.0,48.503392,0.0,48.503392,51.496608,37.087601,0.60449,7.180121
2026-08-10 16:07:51,11066.1,58799,294,369.9773,-3.3202,5.3,0.318577,,,,0.05,12.679399,1.26794,1.93695,0.011742,0.0,1.0,0.0,0.0,0.0,100.0,77.179528,0.624135,7.180121
2026-08-10 16:08:29,11104.09,58999,295,242.4876,-4.5595,5.3,0.118409,,,,0.05,10.621757,1.062176,1.941,2.68643,10.0,10.0,5.542345,0.0,5.542345,94.457655,71.305024,0.638837,7.180121
2026-08-10 16:09:07,11141.84,59199,296,142.4975,-2.9109,5.3,1.008923,,,,0.05,9.964462,0.996446,1.94395,4.697532,10.0,10.0,11.491801,0.0,11.491801,88.508199,65.936305,0.701492,7.180121
2026-08-10 16:09:45,11179.7,59399,297,-123.5968,-5.6438,5.3,0.472977,,,,0.05,8.202897,0.82029,0.265406,3.058276,10.0,10.0,25.781146,0.0,25.781146,74.218854,54.613392,0.595544,7.180121
2026-08-10 16:10:23,11217.48,59599,298,-92.708,-8.6453,5.3,0.448369,,,,0.05,6.715983,0.671598,1.93,4.062446,10.0,10.0,20.783213,0.0,20.783213,79.216787,58.569296,0.577352,7.180121
2026-08-10 16:11:01,11255.18,59799,299,299.0015,-4.5666,5.3,0.087506,,,,0.05,9.970511,0.997051,1.933,0.004513,0.0,0.0,0.0,0.0,0.0,100.0,76.586229,0.480334,7.180121
2026-08-10 16:11:38,11292.87,59999,300,-7.2513,-7.3877,5.3,0.26403,,,,0.05,8.676744,0.867674,0.064797,0.042455,0.0,1.0,18.480435,0.0,18.480435,81.519565,61.688746,0.414844,7.180121
2026-08-10 16:12:16,11330.72,60199,301,-56.7475,-7.9195,5.3,0.090635,,,,0.05,6.933236,0.693324,0.316121,0.086431,0.0,1.0,18.389347,0.0,18.389347,81.610653,61.774157,0.479618,7.180121
2026-08-10 16:12:54,11368.47,60399,302,235.8077,-8.1605,5.3,0.751938,,,,0.05,7.860673,0.786067,1.9379,0.023021,0.0,1.0,0.0,0.0,0.0,100.0,76.5632,0.500409,7.180121
2026-08-10 16:13:32,11406.23,60599,303,38.3441,-8.573,5.3,0.159739,,,,0.05,6.195911,0.619591,1.93295,0.879507,10.0,10.0,10.3166,0.0,10.3166,89.6834,68.097475,0.542805,7.180121
2026-08-10 16:14:09,11443.94,60799,304,392.6209,-3.9553,5.3,0.61128,,,,0.05,13.087362,1.308736,1.93595,0.008903,0.0,0.0,0.0,0.0,0.0,100.0,76.63232,0.504952,7.180121
2026-08-10 16:14:47,11481.64,60999,305,401.8124,1.1258,5.3,0.263089,,,,0.05,13.460409,1.346041,1.94195,0.083804,1.0,1.0,0.0,0.0,0.0,100.0,76.53632,0.593515,7.180121
2026-08-10 16:15:25,11519.38,61199,306,366.7566,2.5049,5.3,0.336224,,,,0.05,12.229533,1.222953,1.9409,0.087026,1.0,1.0,0.0,0.0,0.0,100.0,76.747831,0.557103,7.180121
2026-08-10 16:16:03,11557.31,61399,307,125.5078,3.0351,5.3,0.610661,,,,0.05,7.07895,0.707895,1.93495,1.339589,10.0,10.0,6.297108,0.0,6.297108,93.702892,71.575144,0.526666,7.180121
2026-08-10 16:16:41,11595.12,61599,308,40.3917,2.2415,5.3,0.588561,,,,0.05,10.38658,1.038658,0.234311,0.007893,0.0,0.0,19.04288,0.0,19.04288,80.95712,61.83488,0.418575,7.180121
2026-08-10 16:17:18,11632.91,61799,309,-109.5783,4.0589,5.3,0.198339,,,,0.05,6.67686,0.667686,1.933,2.014547,10.0,10.0,21.881214,0.0,21.881214,78.118786,58.844064,0.614423,7.180121
2026-08-10 16:17:56,11670.67,61999,310,-32.1887,4.8649,5.3,0.104751,,,,0.05,8.089421,0.808942,1.934,2.217649,10.0,10.0,19.345972,0.0,19.345972,80.654028,60.911376,0.47705,7.180121
2026-08-10 16:18:34,11708.5,62199,311,218.9153,11.2935,5.3,0.712582,,,,0.05,8.898091,0.889809,1.93195,1.407366,10.0,10.0,3.527016,0.0,3.527016,96.472984,74.024496,0.47491,7.180121
2026-08-10 16:19:12,11746.23,62399,312,63.4148,14.7257,5.3,0.780151,,,,0.05,8.983681,0.898368,1.934,0.528613,8.0,10.0,14.252973,0.0,14.252973,85.747027,65.382478,0.541592,7.180121
2026-08-10 16:19:49,11784.05,62599,313,109.2511,16.5298,5.3,0.451033,,,,0.05,8.859587,0.885959,1.94095,2.810304,10.0,10.0,10.538087,0.0,10.538087,89.461913,67.303753,0.661441,8.210116
2026-08-10 16:20:27,11821.87,62799,314,50.2801,14.3548,5.3,0.156751,,,,0.05,9.199771,0.919977,1.938,6.606552,10.0,10.0,14.399692,0.0,14.399692,85.600308,62.728616,0.563963,8.210116
2026-08-10 16:21:05,11859.64,62999,315,-19.5212,12.1873,5.3,0.466862,,,,0.05,8.020988,0.802099,1.935,0.396802,1.0,10.0,16.168979,0.0,16.168979,83.831021,63.31809,0.538599,8.210116
2026-08-10 16:21:43,11897.57,63199,316,11.5357,14.79,5.3,0.339822,,,,0.05,11.208673,1.120867,1.94,2.161841,10.0,10.0,20.058432,0.0,20.058432,79.941568,59.69293,0.601422,8.210116
2026-08-10 16:22:21,11935.34,63399,317,-23.7028,17.4819,5.3,0.312735,,,,0.05,7.187542,0.718754,1.93695,2.491038,10.0,10.0,15.13704,0.0,15.13704,84.86296,63.651378,0.640906,8.210116
2026-08-10 16:22:59,11973.19,63599,318,-205.3895,17.43,5.3,0.137944,,,,0.05,8.646798,0.86468,1.935,1.473612,10.0,10.0,28.558845,0.0,28.558845,71.441155,53.39894,0.642139,8.210116
2026-08-10 16:23:37,12011.13,63799,319,-169.9414,18.2839,5.3,0.187599,,,,0.05,7.148421,0.714842,1.93795,3.593526,10.0,10.0,23.543193,0.0,23.543193,76.456807,56.797708,0.629205,8.210116
2026-08-10 16:24:15,12049.12,63999,320,-116.3418,15.2608,5.3,0.125051,,,,0.05,9.163874,0.916387,1.937,1.835147,10.0,10.0,24.264937,0.0,24.264937,75.735063,57.230947,0.568116,8.210116
2026-08-10 16:24:52,12086.94,64199,321,-98.5492,14.5634,5.3,0.260847,,,,0.05,6.512898,0.65129,1.94095,4.554869,10.0,10.0,18.556497,0.0,18.556497,81.443503,60.999785,0.653692,8.210116
2026-08-10 16:25:30,12124.69,64399,322,173.1913,17.4254,5.3,0.285013,,,,0.05,8.36261,0.836261,1.944,1.44698,10.0,10.0,4.872713,0.0,4.872713,95.127287,72.673634,0.61688,8.210116
2026-08-10 16:26:08,12162.54,64599,323,-304.8872,12.6718,5.3,0.12703,,,,0.05,5.608688,0.560869,1.755035,3.83936,10.0,10.0,29.212401,0.0,29.212401,70.787599,52.460511,0.613012,8.210116
2026-08-10 16:26:46,12200.24,64799,324,239.2378,18.1288,5.3,0.140144,,,,0.05,7.974592,0.797459,1.934,0.013423,0.0,1.0,0.0,0.0,0.0,100.0,77.14304,0.513908,8.210116
2026-08-10 16:27:23,12238.11,64999,325,-360.1094,13.8079,5.3,0.347189,,,,0.05,4.682389,0.468239,1.78396,1.067048,10.0,10.0,30.520724,0.0,30.520724,69.479276,51.907172,0.674447,8.210116
2026-08-10 16:28:01,12276.05,65199,326,-74.4658,16.6139,5.3,0.261766,,,,0.05,3.338194,0.333819,3.9e-05,2.624135,10.0,10.0,10.580222,0.0,10.580222,89.419778,67.908451,0.741166,8.210116
2026-08-10 16:28:39,12313.9,65399,327,124.2193,17.2962,5.3,0.252072,,,,0.05,5.143263,0.514326,1e-05,1.109525,8.0,10.0,1.563361,0.0,1.563361,98.436639,74.645032,0.759015,8.210116
2026-08-10 16:29:17,12351.56,65599,328,328.8981,17.4772,5.3,0.084619,,,,0.05,12.466676,1.246668,4.1e-05,1.317935,10.0,10.0,2.839597,0.0,2.839597,97.160403,73.641652,0.559199,8.210116
2026-08-10 16:29:55,12389.32,65799,329,217.5175,20.0151,5.3,0.189286,,,,0.05,13.507932,1.350793,1.949,0.95566,10.0,10.0,11.29542,0.0,11.29542,88.70458,67.077681,0.537745,8.210116
2026-08-10 16:30:32,12427.07,65999,330,268.2261,23.7986,5.3,0.233874,,,,0.05,10.738016,1.073802,1.933,1.419064,10.0,10.0,3.352151,0.0,3.352151,96.647849,73.448296,0.480248,8.210116
2026-08-10 16:31:10,12464.88,66199,331,-321.3688,20.5023,5.3,0.05176,,,,0.05,6.701007,0.670101,1.9369,0.89041,10.0,10.0,32.193179,0.0,32.193179,67.806821,50.499249,0.41232,8.210116
2026-08-10 16:31:48,12502.66,66399,332,195.7502,21.9311,5.3,0.665424,,,,0.05,6.525007,0.652501,1.924,0.008507,0.0,0.0,0.0,0.0,0.0,100.0,76.73472,0.612815,8.210116
2026-08-10 16:32:26,12540.44,66599,333,170.8272,21.2231,5.3,0.424857,,,,0.05,5.776998,0.5777,1.924,1.07289,9.0,10.0,0.163116,0.0,0.163116,99.836884,76.011455,0.702391,8.210116
2026-08-10 16:33:04,12578.2,66799,334,113.6592,19.3937,5.3,0.132294,,,,0.05,8.189081,0.818908,1.93095,2.832163,10.0,10.0,8.438678,0.0,8.438678,91.561322,68.837965,0.47015,8.210116
2026-08-10 16:33:41,12616.02,66999,335,-282.7512,15.3732,5.3,0.313453,,,,0.05,5.194424,0.519442,1.9299,3.936227,10.0,10.0,27.042662,0.0,27.042662,72.957338,54.003691,0.641893,8.210116
2026-08-10 16:34:19,12653.8,67199,336,-58.5337,10.9072,5.3,0.057465,,,,0.05,8.890129,0.889013,1.937,2.086453,10.0,10.0,19.770606,0.0,19.770606,80.229394,60.105057,0.53929,8.210116
2026-08-10 16:34:57,12691.55,67399,337,281.5846,14.9365,5.3,0.03321,,,,0.05,9.388105,0.93881,1.92895,1.155616,6.0,7.0,0.0,0.0,0.0,100.0,76.160607,0.521746,8.210116
2026-08-10 16:35:35,12729.46,67599,338,242.3387,15.0702,5.3,0.074255,,,,0.05,11.380654,1.138065,1.93495,3.100263,10.0,10.0,6.401607,0.0,6.401607,93.598393,70.183047,0.60759,8.210116
2026-08-10 16:36:13,12767.35,67799,339,318.3566,17.9906,5.3,0.746833,,,,0.05,10.617132,1.061713,1.922,0.006882,0.0,0.0,0.0,0.0,0.0,100.0,76.627021,0.430097,8.210116
2026-08-10 16:36:50,12805.05,67999,340,323.5981,19.036,5.3,0.065462,,,,0.05,10.786602,1.07866,1.92895,0.006237,0.0,0.0,0.0,0.0,0.0,100.0,76.55552,0.45506,8.210116
2026-08-10 16:37:28,12842.85,68199,341,285.232,25.0018,5.3,0.89624,,,,0.05,11.164727,1.116473,1.93595,2.813372,10.0,10.0,3.293313,0.0,3.293313,96.706687,72.767582,0.513129,8.210116
2026-08-10 16:38:06,12880.47,68399,342,48.0152,22.9107,5.3,0.32964,,,,0.05,11.682526,1.168253,0.319357,0.094814,0.0,1.0,18.297219,0.0,18.297219,81.702781,61.896562,0.46709,8.210116
2026-08-10 16:38:44,12918.26,68599,343,334.5252,25.7517,5.3,0.081168,,,,0.05,11.566454,1.156645,1.93695,1.182162,10.0,10.0,0.842814,0.0,0.842814,99.157186,75.461455,0.495583,8.210116
2026-08-10 16:39:21,12956.04,68799,344,-136.936,23.7039,5.3,0.116196,,,,0.05,8.258074,0.825807,1.93995,1.830945,10.0,10.0,23.501251,0.0,23.501251,76.498749,57.105407,0.504542,8.210116
2026-08-10 16:39:59,12993.93,68999,345,-41.3291,19.7575,5.3,0.106433,,,,0.05,9.745007,0.974501,1.943,2.115978,10.0,10.0,20.626188,0.0,20.626188,79.373812,59.43339,0.519065,8.210116
2026-08-10 16:40:37,13031.73,69199,346,145.1174,20.0875,5.3,0.071832,,,,0.05,9.431107,0.943111,1.94295,1.89386,10.0,10.0,8.715703,0.0,8.715703,91.284297,68.990771,0.565556,8.210116
2026-08-10 16:41:15,13069.61,69399,347,-61.6326,16.8506,5.3,0.233748,,,,0.05,8.839499,0.88395,0.039291,1.812379,10.0,10.0,20.006953,0.0,20.006953,79.993047,60.314678,0.421233,8.210116
2026-08-10 16:41:53,13108.01,69599,348,56.0817,16.4881,5.3,0.11366,,,,0.05,11.801403,1.18014,0.767485,0.122965,0.0,1.0,17.723159,0.0,17.723159,82.276841,62.779901,0.501091,8.210116
2026-08-10 16:42:35,13149.18,69799,349,214.8841,16.7901,5.3,0.081531,,,,0.05,9.987516,0.998752,1.93795,3.931989,10.0,10.0,5.423044,0.0,5.423044,94.576956,70.989548,0.621894,8.210116
2026-08-10 16:43:12,13187.04,69999,350,312.3609,25.0109,5.3,0.052031,,,,0.05,11.955914,1.195591,1.937,1.466105,10.0,10.0,2.835868,0.0,2.835868,97.164132,74.290053,0.556156,8.210116
2026-08-10 16:43:50,13224.88,70199,351,-276.6664,21.3482,5.3,0.160034,,,,0.05,5.967378,0.596738,3.9e-05,1.388032,10.0,10.0,27.88583,0.0,27.88583,72.11417,54.151107,0.471477,8.210116
2026-08-10 16:44:28,13263.08,70399,352,233.1034,26.6274,5.3,0.066219,,,,0.05,8.865102,0.88651,1.931,1.471276,10.0,10.0,2.204352,0.0,2.204352,97.795648,74.245532,0.459881,8.210116
2026-08-10 16:45:06,13300.95,70599,353,-15.4411,28.5148,5.3,0.29764,,,,0.05,9.874104,0.98741,1.935,3.096601,10.0,10.0,19.39054,0.0,19.39054,80.60946,60.676976,0.460756,8.210116
2026-08-10 16:45:44,13338.63,70799,354,-124.1096,27.7374,5.3,0.056185,,,,0.05,6.44516,0.644516,1.93295,2.123684,10.0,10.0,19.503422,0.0,19.503422,80.496578,60.523943,0.523476,8.210116
2026-08-10 16:46:22,13376.63,70999,355,-113.2528,25.3965,5.3,0.059264,,,,0.05,9.205335,0.920534,1.105955,1.808053,10.0,10.0,24.080445,0.0,24.080445,75.919555,56.88518,0.435509,8.210116
2026-08-10 16:47:00,13414.41,71199,356,242.9152,26.9019,5.3,0.533384,,,,0.05,9.721529,0.972153,1.94295,3.156724,10.0,10.0,3.239507,0.0,3.239507,96.760493,72.940968,0.578726,8.210116
2026-08-10 16:47:38,13452.23,71399,357,-285.4458,21.7968,5.3,0.124827,,,,0.05,7.615136,0.761514,1.935,3.486009,10.0,10.0,31.772369,0.0,31.772369,68.227631,50.287592,0.57327,8.210116
2026-08-10 16:48:16,13490.35,71599,358,-276.2356,20.7079,5.3,0.517756,,,,0.05,5.647597,0.56476,1.94095,6.447974,10.0,10.0,27.689468,0.0,27.689468,72.310532,52.64067,0.709045,8.210116
2026-08-10 16:48:54,13528.22,71799,359,268.4331,20.1336,5.3,0.459677,,,,0.05,10.6943,1.06943,1.9429,1.550431,10.0,10.0,3.341603,0.0,3.341603,96.658397,73.48463,0.621134,8.210116
2026-08-10 16:49:31,13565.98,71999,360,153.5681,23.1302,5.3,0.250246,,,,0.05,10.617063,1.061706,1.94,0.95327,10.0,10.0,10.223573,0.0,10.223573,89.776427,68.180024,0.561669,8.210116
2026-08-10 16:50:09,13603.72,72199,361,417.9809,28.5386,5.3,0.236377,,,,0.05,14.643809,1.464381,1.942,0.007264,0.0,0.0,0.0,0.0,0.0,100.0,76.64896,0.625252,8.210116
2026-08-10 16:50:47,13641.59,72399,362,-210.6505,23.643,5.3,0.244195,,,,0.05,8.989628,0.898963,1.94895,3.873263,10.0,10.0,29.611934,0.0,29.611934,70.388066,51.579919,0.646156,8.210116
2026-08-10 16:51:25,13679.31,72599,363,370.3802,26.0928,5.3,0.063366,,,,0.05,12.498596,1.24986,1.936,0.012232,0.0,1.0,0.0,0.0,0.0,100.0,76.49152,0.548425,8.210116
2026-08-10 16:52:02,13717.03,72799,364,11.1239,22.8137,5.3,0.311016,,,,0.05,7.466815,0.746682,1.937,3.00314,10.0,10.0,13.317236,0.0,13.317236,86.682764,64.65666,0.53145,8.210116
2026-08-10 16:52:40,13754.85,72999,365,79.4504,28.7828,5.3,0.083242,,,,0.05,10.422575,1.042258,1.936,0.538235,10.0,10.0,14.164809,0.0,14.164809,85.835191,64.788407,0.514993,8.210116
2026-08-10 16:53:18,13792.62,73199,366,14.7075,34.4595,5.3,0.350367,,,,0.05,8.014548,0.801455,1.93,0.7563,10.0,10.0,13.912795,0.0,13.912795,86.087205,65.029039,0.411443,8.210116
2026-08-10 16:53:56,13830.24,73399,367,273.2229,33.7011,5.3,0.078271,,,,0.05,9.113114,0.911311,1.93095,0.009285,0.0,0.0,0.0,0.0,0.0,100.0,76.36864,0.536322,8.210116
2026-08-10 16:54:33,13868.06,73599,368,-454.7183,27.5231,5.3,0.349086,,,,0.05,7.241961,0.724196,0.735207,5.994542,10.0,10.0,41.512263,0.0,41.512263,58.487737,42.340106,0.601252,8.210116
2026-08-10 16:55:11,13905.9,73799,369,198.4119,29.0715,5.3,0.565439,,,,0.05,8.450841,0.845084,1.93495,1.444441,10.0,10.0,3.556719,0.0,3.556719,96.443281,73.326611,0.550034,8.210116
2026-08-10 16:55:49,13943.73,73999,370,205.0247,31.3746,5.3,0.134963,,,,0.05,8.495986,0.849599,1.93195,1.485911,10.0,10.0,2.897586,0.0,2.897586,97.102414,74.013886,0.676312,8.210116
2026-08-10 16:56:27,13981.58,74199,371,57.1163,36.6831,5.3,0.148819,,,,0.05,6.480483,0.648048,1.93,1.123377,10.0,10.0,8.65471,0.0,8.65471,91.34529,69.667611,0.582852,8.210116
2026-08-10 16:57:05,14019.49,74399,372,-180.0008,34.3901,5.3,0.063095,,,,0.05,5.253294,0.525329,1.927,4.339441,10.0,10.0,20.895647,0.0,20.895647,79.104353,58.691611,0.59467,8.210116
2026-08-10 16:57:43,14057.39,74599,373,-834.7062,28.526,5.3,0.658578,,,,0.05,2.581391,0.258139,0.77225,4.754085,10.0,10.0,55.717985,0.0,55.717985,44.282015,31.06923,0.771993,8.210116
2026-08-10 16:58:21,14095.25,74799,374,-26.527,30.4058,5.3,0.070694,,,,0.05,4.481188,0.448119,1.923,2.710873,10.0,10.0,9.932186,0.0,9.932186,90.067814,67.841189,0.699527,8.210116
2026-08-10 16:58:58,14132.97,74999,375,-84.0091,33.2128,5.3,0.187317,,,,0.05,3.870771,0.387077,1.924,2.674838,10.0,10.0,12.461706,0.0,12.461706,87.538294,65.369197,0.776435,8.945352
2026-08-10 16:59:36,14170.79,75199,376,0.2093,32.7451,5.3,0.264387,,,,0.05,4.501666,0.450167,1.923,1.179543,10.0,10.0,7.744215,0.0,7.744215,92.255785,69.810576,0.704659,8.945352
2026-08-10 17:00:14,14208.69,75399,377,-65.6859,28.9678,5.3,0.254325,,,,0.05,7.671557,0.767156,4.2e-05,2.449448,10.0,10.0,16.935497,0.0,16.935497,83.064503,62.272393,0.560075,8.945352
2026-08-10 17:00:52,14246.32,75599,378,117.3134,32.8117,5.3,0.131748,,,,0.05,4.272705,0.42727,1e-05,0.013022,0.0,1.0,0.0,0.0,0.0,100.0,76.47616,0.760744,8.945352
2026-08-10 17:01:30,14284.17,75799,379,-143.0748,33.8939,5.3,0.276354,,,,0.05,6.092964,0.609296,1e-05,2.042346,10.0,10.0,18.250715,0.0,18.250715,81.749285,60.29903,0.782079,8.945352
2026-08-10 17:02:07,14321.92,75999,380,70.0099,35.2429,5.3,0.318143,,,,0.05,12.247517,1.224752,1.94,2.417831,10.0,10.0,16.890573,0.0,16.890573,83.109427,62.393257,0.645104,8.945352
2026-08-10 17:02:45,14359.7,76199,381,247.8891,37.864,5.3,0.061793,,,,0.05,12.234289,1.223429,1.94,2.358195,10.0,10.0,6.340944,0.0,6.340944,93.659056,70.538246,0.635766,8.945352
2026-08-10 17:03:23,14397.61,76399,382,-126.6314,34.822,5.3,0.037765,,,,0.05,8.413297,0.84133,1.939,2.038068,10.0,10.0,21.458728,0.0,21.458728,78.541272,59.192458,0.548527,8.945352
2026-08-10 17:04:01,14435.45,76599,383,139.1457,42.8112,5.3,0.091263,,,,0.05,10.123293,1.012329,1.94195,2.709735,10.0,10.0,9.420856,0.0,9.420856,90.579144,68.381418,0.539802,8.945352
2026-08-10 17:04:39,14473.39,76799,384,87.3843,44.7375,5.3,0.195606,,,,0.05,11.081015,1.108102,1.94395,2.552878,10.0,10.0,14.036831,0.0,14.036831,85.963169,65.019032,0.576835,8.945352
2026-08-10 17:05:17,14511.12,76999,385,-251.9449,41.7236,5.3,0.190164,,,,0.05,8.814488,0.881449,1.641556,3.729168,10.0,10.0,29.283231,0.0,29.283231,70.716769,52.322428,0.510248,8.945352
2026-08-10 17:05:54,14548.77,77199,386,304.1813,43.8707,5.3,0.128753,,,,0.05,10.139376,1.013938,1.947,1.11487,7.0,9.0,0.0,0.0,0.0,100.0,76.732363,0.546927,8.945352
2026-08-10 17:06:32,14586.52,77399,387,304.2307,47.4176,5.3,0.215245,,,,0.05,10.145171,1.014517,1.936,0.191108,2.0,2.0,0.0,0.0,0.0,100.0,77.212275,0.619981,8.945352
2026-08-10 17:07:10,14624.32,77599,388,-94.037,46.7951,5.3,0.325594,,,,0.05,5.064597,0.50646,1.93385,1.986788,10.0,10.0,14.063536,0.0,14.063536,85.936464,64.845183,0.621802,8.945352
2026-08-10 17:07:48,14662.14,77799,389,-493.2164,42.6885,5.3,0.616917,,,,0.05,2.998119,0.299812,1.9249,3.226142,10.0,10.0,33.18539,0.0,33.18539,66.81461,49.789994,0.85306,8.945352
2026-08-10 17:08:26,14700.23,77999,390,-545.1726,38.4325,5.3,0.438169,,,,0.05,5.672368,0.567237,0.579157,2.781615,10.0,10.0,40.09815,0.0,40.09815,59.90185,44.005505,0.497713,8.945352
2026-08-10 17:09:04,14738.13,78199,391,-322.9348,33.022,5.3,0.404411,,,,0.05,5.668921,0.566892,1.92495,3.917323,10.0,10.0,27.986176,0.0,27.986176,72.013824,53.08184,0.540639,8.945352
2026-08-10 17:09:41,14775.95,78399,392,-301.1397,28.1466,5.3,0.126773,,,,0.05,8.894136,0.889414,1.315021,2.439729,10.0,10.0,31.887789,0.0,31.887789,68.112211,49.749972,0.424579,8.945352
2026-08-10 17:10:19,14813.66,78599,393,42.2608,34.1716,5.3,0.290016,,,,0.05,8.405708,0.840571,1.93485,2.937072,10.0,10.0,12.230905,0.0,12.230905,87.769095,65.554975,0.526267,8.945352
2026-08-10 17:10:57,14851.55,78799,394,-162.1322,28.8505,5.3,0.137428,,,,0.05,7.851897,0.78519,1.658969,3.480048,10.0,10.0,22.53104,0.0,22.53104,77.46896,57.880678,0.566512,8.945352
2026-08-10 17:11:35,14889.42,78999,395,-4.5168,26.3804,5.3,0.260767,,,,0.05,9.681788,0.968179,1.9339,2.393754,10.0,10.0,16.662489,0.0,16.662489,83.337511,62.479217,0.574053,8.945352
2026-08-10 17:12:13,14927.36,79199,396,-664.6585,18.3089,5.3,0.144112,,,,0.05,4.688682,0.468868,1.93495,5.775224,10.0,10.0,45.420249,0.0,45.420249,54.579751,38.931702,0.653645,8.945352
2026-08-10 17:12:50,14965.09,79399,397,157.6758,21.1216,5.3,0.182759,,,,0.05,8.574103,0.85741,1.932,1.36263,10.0,10.0,5.73896,0.0,5.73896,94.26104,71.724165,0.609329,8.945352
2026-08-10 17:13:28,15002.91,79599,398,26.2327,22.311,5.3,0.153591,,,,0.05,9.049903,0.90499,1.935,0.602244,10.0,10.0,13.621675,0.0,13.621675,86.378325,66.11136,0.662439,8.945352
2026-08-10 17:14:06,15040.53,79799,399,325.5878,22.5768,5.3,0.327826,,,,0.05,11.06866,1.106866,1.935,0.012087,0.0,1.0,0.0,0.0,0.0,100.0,76.77568,0.731962,8.945352
2026-08-10 17:14:43,15078.09,79999,400,319.8081,25.8474,5.3,0.150175,,,,0.05,10.877245,1.087724,1.935,0.004138,0.0,0.0,0.0,0.0,0.0,100.0,76.70656,0.717407,8.945352
2026-08-10 17:15:21,15115.84,80199,401,191.2855,28.3278,5.3,0.152354,,,,0.05,7.97741,0.797741,1.935,1.446472,10.0,10.0,2.826301,0.0,2.826301,97.173699,73.86217,0.637669,8.945352
2026-08-10 17:15:59,15153.65,80399,402,266.9528,28.6392,5.3,0.290968,,,,0.05,8.935594,0.893559,1.932,0.00749,0.0,0.0,0.0,0.0,0.0,100.0,76.73216,0.647492,8.945352
2026-08-10 17:16:37,15191.48,80599,403,224.3595,30.4994,5.3,0.330438,,,,0.05,8.646068,0.864607,1.93295,1.491387,10.0,10.0,2.122207,0.0,2.122207,97.877793,74.031972,0.576421,8.945352
2026-08-10 17:17:14,15229.09,80799,404,146.1968,28.0351,5.3,0.250604,,,,0.05,5.274621,0.527462,1.932,1.613276,10.0,10.0,0.682019,0.0,0.682019,99.317981,75.144637,0.657091,8.945352
2026-08-10 17:17:52,15266.77,80999,405,158.6042,25.6031,5.3,0.350402,,,,0.05,6.546194,0.654619,1.938,1.546034,10.0,10.0,2.314143,0.0,2.314143,97.685857,74.248568,0.640743,8.945352
2026-08-10 17:18:30,15304.68,81199,406,-1.7461,21.918,5.3,0.074987,,,,0.05,7.288531,0.728853,1.94285,2.091248,10.0,10.0,12.408541,0.0,12.408541,87.591459,65.952476,0.558292,8.945352
2026-08-10 17:19:08,15342.43,81399,407,8.2558,20.7455,5.3,0.07398,,,,0.05,8.114037,0.811404,1.939,0.666615,10.0,10.0,13.183221,0.0,13.183221,86.816779,66.200226,0.488745,8.945352
2026-08-10 17:19:46,15380.12,81599,408,-37.2683,19.9689,5.3,0.056179,,,,0.05,7.782477,0.778248,1.93695,2.01193,10.0,10.0,15.379001,0.0,15.379001,84.620999,63.920273,0.440485,8.945352
2026-08-10 17:20:23,15418.07,81799,409,-438.2174,16.6825,5.3,0.11999,,,,0.05,5.207291,0.520729,1.93495,6.007901,10.0,10.0,33.624208,0.0,33.624208,66.375792,48.245671,0.542963,8.945352
2026-08-10 17:21:01,15455.77,81999,410,-215.6774,14.8476,5.3,0.146255,,,,0.05,4.272237,0.427224,1.088298,1.893238,10.0,10.0,19.349915,0.0,19.349915,80.650085,60.691328,0.491087,8.945352
2026-08-10 17:21:39,15493.38,82199,411,104.34,13.7019,5.3,0.123868,,,,0.05,5.137298,0.51373,1.931,1.467845,10.0,10.0,2.929031,0.0,2.929031,97.070969,73.881335,0.652118,8.945352
2026-08-10 17:22:17,15531.21,82399,412,-581.0197,7.2575,5.3,0.426253,,,,0.05,2.910488,0.291049,1.92985,6.06568,10.0,10.0,37.794895,0.0,37.794895,62.205105,44.911643,0.834101,8.945352
2026-08-10 17:22:54,15568.86,82599,413,180.1309,7.9663,5.3,0.21688,,,,0.05,6.004362,0.600436,1.933,0.009716,0.0,0.0,0.0,0.0,0.0,100.0,76.80768,0.647787,8.945352
2026-08-10 17:23:32,15606.7,82799,414,58.6614,8.0501,5.3,0.280835,,,,0.05,6.059891,0.605989,1.933,1.225778,10.0,10.0,6.990537,0.0,6.990537,93.009463,70.850608,0.567713,8.945352
2026-08-10 17:24:10,15644.62,82999,415,-60.1479,7.6439,5.3,0.134161,,,,0.05,4.603233,0.460323,1.935,4.641063,10.0,10.0,11.618858,0.0,11.618858,88.381142,66.114264,0.688084,8.945352
2026-08-10 17:24:48,15682.43,83199,416,-299.4022,4.5345,5.3,0.450961,,,,0.05,5.774826,0.577483,1.512692,1.551239,10.0,10.0,26.541582,0.0,26.541582,73.458418,55.37898,0.531441,8.945352
2026-08-10 17:25:26,15720.19,83399,417,-258.0987,2.1905,5.3,0.036383,,,,0.05,4.974529,0.497453,1.93795,2.146786,10.0,10.0,23.127984,0.0,23.127984,76.872016,57.524973,0.627956,8.945352
2026-08-10 17:26:03,15757.77,83599,418,264.8142,6.8926,5.3,0.608805,,,,0.05,8.827262,0.882726,1.93495,0.085844,1.0,2.0,0.0,0.0,0.0,100.0,77.059246,0.554802,8.945352
2026-08-10 17:26:41,15795.54,83799,419,-254.7724,6.0443,5.3,0.203701,,,,0.05,9.859408,0.985941,1.442279,3.663406,10.0,10.0,31.290672,0.0,31.290672,68.709328,50.738902,0.529101,8.945352
2026-08-10 17:27:19,15833.41,83999,420,-35.2209,6.8555,5.3,0.185824,,,,0.05,9.888799,0.98888,1.94395,4.131453,10.0,10.0,18.921043,0.0,18.921043,81.078957,59.887512,0.654316,8.945352
2026-08-10 17:27:57,15871.32,84199,421,125.5122,9.0961,5.3,0.067384,,,,0.05,11.380318,1.138032,1.938,0.810546,10.0,10.0,12.110495,0.0,12.110495,87.889505,66.361139,0.681549,8.945352
2026-08-10 17:28:35,15909.2,84399,422,-4.9664,7.3145,5.3,0.246928,,,,0.05,11.791503,1.17915,1.934953,2.105537,10.0,10.0,20.298956,0.0,20.298956,79.701044,59.634366,0.63513,8.945352
2026-08-10 17:29:12,15947.0,84599,423,86.9101,11.2325,5.3,0.058044,,,,0.05,9.854902,0.98549,1.93395,2.606922,10.0,10.0,12.104744,0.0,12.104744,87.895256,65.873014,0.574373,8.945352
2026-08-10 17:29:50,15984.78,84799,424,81.0247,9.6504,5.3,0.3769,,,,0.05,6.773382,0.677338,1.92695,1.22129,10.0,10.0,6.887062,0.0,6.887062,93.112938,70.662361,0.543427,8.945352
2026-08-10 17:30:28,16022.55,84999,425,-612.0945,7.1305,5.3,0.566916,,,,0.05,4.528441,0.452844,1.93095,2.584539,10.0,10.0,41.899348,0.0,41.899348,58.100652,42.579186,0.725093,8.945352
2026-08-10 17:31:06,16060.23,85199,426,170.6758,9.5819,5.3,0.058279,,,,0.05,5.689194,0.568919,1.929,0.008443,0.0,0.0,0.0,0.0,0.0,100.0,77.16864,0.709979,8.945352
2026-08-10 17:31:44,16098.12,85399,427,-228.9614,6.0501,5.3,0.196113,,,,0.05,4.347613,0.434761,1.90795,3.849638,10.0,10.0,20.487125,0.0,20.487125,79.512875,59.17691,0.747648,8.945352
2026-08-10 17:32:21,16136.0,85599,428,62.0612,3.3817,5.3,0.154885,,,,0.05,10.207454,1.020745,1.935,2.663441,10.0,10.0,14.023976,0.0,14.023976,85.976024,64.939639,0.481772,8.945352
2026-08-10 17:32:59,16173.71,85799,429,-134.0004,-0.1334,5.3,0.117627,,,,0.05,10.656437,1.065644,1.94195,1.621867,10.0,10.0,25.520617,0.0,25.520617,74.479383,56.080117,0.486377,8.945352
2026-08-10 17:33:37,16211.36,85999,430,-216.8151,-4.9838,5.3,0.282084,,,,0.05,3.507785,0.350778,8e-06,0.520879,4.0,10.0,17.604969,0.0,17.604969,82.395031,62.884087,0.804709,8.945352
2026-08-10 17:34:15,16249.24,86199,431,-445.4848,-6.225,5.3,0.90983,,,,0.05,6.117334,0.611733,6e-06,3.136511,10.0,10.0,35.099053,0.0,35.099053,64.900947,48.189379,0.696008,8.945352
2026-08-10 17:34:53,16287.22,86399,432,-99.7771,-9.1803,5.3,0.228059,,,,0.05,8.895673,0.889567,1.959,4.377727,10.0,10.0,20.9912,0.0,20.9912,79.0088,58.912822,0.655156,8.945352
2026-08-10 17:35:30,16324.92,86599,433,102.3379,-9.8652,5.3,0.146383,,,,0.05,11.578708,1.157871,1.94995,0.615842,10.0,10.0,13.951786,0.0,13.951786,86.048214,65.542478,0.513976,8.945352
2026-08-10 17:36:08,16362.87,86799,434,234.9134,-8.6526,5.3,0.113595,,,,0.05,9.591814,0.959181,1.94695,1.534988,10.0,10.0,3.066955,0.0,3.066955,96.933045,73.971645,0.56815,8.945352
2026-08-10 17:36:46,16400.6,86999,435,352.8496,-2.2966,5.3,0.177987,,,,0.05,11.761654,1.176165,1.944,0.015089,0.0,1.0,0.0,0.0,0.0,100.0,76.856382,0.531758,8.945352
2026-08-10 17:37:24,16438.39,87199,436,-291.4184,-4.6255,5.3,0.141436,,,,0.05,6.501359,0.650136,1.948,3.694507,10.0,10.0,27.517995,0.0,27.517995,72.482005,53.808281,0.569078,8.945352
2026-08-10 17:38:02,16476.17,87399,437,-1.4016,-7.4553,5.3,0.446622,,,,0.05,6.619821,0.661982,1.93695,2.44457,10.0,10.0,11.547087,0.0,11.547087,88.452913,66.693994,0.528856,8.945352
2026-08-10 17:38:39,16513.97,87599,438,-316.8065,-13.0468,5.3,0.20649,,,,0.05,7.055805,0.705581,1.941,1.473096,10.0,10.0,28.015687,0.0,28.015687,71.984313,54.146987,0.543847,9.877108
2026-08-10 17:39:17,16551.78,87799,439,229.5432,-13.9349,5.3,0.124089,,,,0.05,7.699752,0.769975,1.935,1.620757,7.0,9.0,0.08152,0.0,0.08152,99.91848,75.769554,0.457336,9.877108
2026-08-10 17:39:55,16589.55,87999,440,259.2857,-14.578,5.3,0.196172,,,,0.05,8.642856,0.864286,1.937,0.012997,0.0,1.0,0.0,0.0,0.0,100.0,76.62336,0.42218,9.877108
2026-08-10 17:40:33,16627.27,88199,441,-216.5768,-19.5961,5.3,0.272369,,,,0.05,5.757718,0.575772,1.240074,2.029943,10.0,10.0,19.898147,0.0,19.898147,80.101853,59.968414,0.590811,9.877108
2026-08-10 17:41:10,16664.93,88399,442,-48.6732,-20.563,5.3,0.104561,,,,0.05,6.410225,0.641022,1.93,0.766208,10.0,10.0,12.348438,0.0,12.348438,87.651562,66.607795,0.714763,9.877108
2026-08-10 17:41:48,16702.73,88599,443,-737.0457,-31.2787,5.3,0.258223,,,,0.05,4.119016,0.411902,0.853064,5.733177,10.0,10.0,43.994337,0.0,43.994337,56.005663,40.110625,0.649414,9.877108
2026-08-10 17:42:26,16740.45,88799,444,-251.7976,-32.4273,5.3,0.146708,,,,0.05,8.185182,0.818518,1.93495,1.620893,10.0,10.0,25.272658,0.0,25.272658,74.727342,55.987557,0.391034,9.877108
2026-08-10 17:43:04,16778.4,88999,445,-22.0204,-32.2343,5.3,0.088599,,,,0.05,9.302555,0.930255,1.93695,1.927325,10.0,10.0,15.517442,0.0,15.517442,84.482558,63.490235,0.500029,9.877108
2026-08-10 17:43:42,16816.33,89199,446,-484.7806,-38.5332,5.3,0.072983,,,,0.05,7.339282,0.733928,1.941,3.248469,10.0,10.0,35.836928,0.0,35.836928,64.163072,47.263207,0.471526,9.877108
2026-08-10 17:44:20,16854.27,89399,447,310.3685,-34.8132,5.3,0.139686,,,,0.05,10.374412,1.037441,1.942,0.080142,1.0,1.0,0.0,0.0,0.0,100.0,76.71168,0.483805,9.877108
2026-08-10 17:44:57,16892.07,89599,448,19.4003,-35.18,5.3,0.105209,,,,0.05,7.110433,0.711043,1.93495,2.854297,10.0,10.0,10.197248,0.0,10.197248,89.802752,67.555446,0.56139,9.877108
2026-08-10 17:45:35,16929.81,89799,449,-50.4699,-37.8336,5.3,0.174703,,,,0.05,6.51801,0.651801,1.933,2.290638,10.0,10.0,12.558326,0.0,12.558326,87.441674,65.814966,0.486716,9.877108
2026-08-10 17:46:13,16967.69,89999,450,-196.7838,-42.925,5.3,0.212204,,,,0.05,5.364465,0.536446,1.93695,2.661942,10.0,10.0,18.473038,0.0,18.473038,81.526962,60.974799,0.629907,9.877108
2026-08-10 17:46:51,17005.34,90199,451,151.8697,-38.6397,5.3,0.408352,,,,0.05,6.12667,0.612667,1.937,1.416884,10.0,10.0,1.731327,0.0,1.731327,98.268673,74.685874,0.614795,9.877108
2026-08-10 17:47:29,17043.22,90399,452,-453.2009,-45.5027,5.3,0.418293,,,,0.05,6.244611,0.624461,1.94695,6.017867,10.0,10.0,32.451402,0.0,32.451402,67.548598,49.109159,0.697791,9.877108
2026-08-10 17:48:06,17081.04,90599,453,231.0491,-43.0378,5.3,0.516416,,,,0.05,11.160168,1.116017,1.93595,1.383422,10.0,10.0,5.392778,0.0,5.392778,94.607222,71.869058,0.506695,9.877108
2026-08-10 17:48:44,17118.89,90799,454,-248.7515,-44.2842,5.3,0.103369,,,,0.05,8.224379,0.822438,1.939,1.667476,10.0,10.0,25.040821,0.0,25.040821,74.959179,56.099228,0.563966,9.877108
2026-08-10 17:49:22,17156.74,90999,455,-193.8335,-45.09,5.3,0.083857,,,,0.05,7.756544,0.775654,1.945,4.322083,10.0,10.0,22.195799,0.0,22.195799,77.804201,57.638405,0.642876,9.877108
2026-08-10 17:50:00,17194.53,91199,456,342.8402,-44.0908,5.3,0.05706,,,,0.05,11.43367,1.143367,1.938,0.011328,0.0,1.0,0.0,0.0,0.0,100.0,77.0624,0.53161,9.877108
2026-08-10 17:50:38,17232.44,91399,457,-404.351,-45.2798,5.3,0.105671,,,,0.05,5.60362,0.560362,1.939,3.397043,10.0,10.0,29.174817,0.0,29.174817,70.825183,52.510056,0.683344,9.877108
2026-08-10 17:51:16,17270.34,91599,458,-504.3836,-47.5613,5.3,0.143182,,,,0.05,3.781305,0.37813,0.219169,0.920469,10.0,10.0,31.306037,0.0,31.306037,68.693963,51.608297,0.623533,9.877108
2026-08-10 17:51:54,17308.22,91799,459,-95.8327,-51.204,5.3,0.166077,,,,0.05,5.3051,0.53051,1.922,0.664746,10.0,10.0,12.854985,0.0,12.854985,87.145015,66.484314,0.661207,9.877108
2026-08-10 17:52:32,17346.17,91999,460,-164.0259,-54.3799,5.3,0.051177,,,,0.05,4.379114,0.437911,1.923,0.452915,1.0,10.0,14.896814,0.0,14.896814,85.103186,64.557077,0.74906,9.877108
2026-08-10 17:53:09,17384.05,92199,461,-234.1789,-60.9015,5.3,0.64974,,,,0.05,3.316789,0.331679,1.928,2.610913,10.0,10.0,17.196462,0.0,17.196462,82.803538,62.833834,0.861522,9.877108
2026-08-10 17:53:47,17421.81,92399,462,-712.9965,-65.925,5.3,0.26133,,,,0.05,2.428199,0.24282,1.224047,2.871425,10.0,10.0,40.044885,0.0,40.044885,59.955115,43.78718,0.779573,9.877108
2026-08-10 17:54:25,17459.56,92599,463,-596.0213,-75.589,5.3,0.148704,,,,0.05,4.030399,0.40304,1.933,3.233714,10.0,10.0,36.671628,0.0,36.671628,63.328372,46.281559,0.729047,9.877108
2026-08-10 17:55:03,17497.48,92799,464,-690.5918,-82.6061,5.3,0.060583,,,,0.05,4.73992,0.473992,0.44176,5.721067,10.0,10.0,42.725139,0.0,42.725139,57.274861,41.381395,0.537591,9.877108
2026-08-10 17:55:41,17535.25,92999,465,-101.139,-84.412,5.3,0.288112,,,,0.05,7.404272,0.740427,1.935,0.343638,1.0,10.0,16.356211,0.0,16.356211,83.643789,63.867984,0.608933,9.877108
2026-08-10 17:56:18,17572.98,93199,466,263.6122,-81.923,5.3,0.380293,,,,0.05,8.800086,0.880009,1.936,0.010957,0.0,1.0,0.0,0.0,0.0,100.0,77.10208,0.65598,9.877108
2026-08-10 17:56:56,17610.7,93399,467,240.2444,-82.2528,5.3,0.110916,,,,0.05,8.017061,0.801706,1.928,0.011621,0.0,1.0,0.0,0.0,0.0,100.0,76.88192,0.559049,9.877108
2026-08-10 17:57:34,17648.52,93599,468,-211.7678,-79.8233,5.3,0.365985,,,,0.05,5.378175,0.537818,0.184349,0.014109,0.0,1.0,19.203141,0.0,19.203141,80.796859,61.226671,0.543245,9.877108
2026-08-10 17:58:12,17686.41,93799,469,-110.3008,-82.9104,5.3,0.312432,,,,0.05,7.667014,0.766701,1.9309,2.371384,10.0,10.0,17.550102,0.0,17.550102,82.449898,61.425976,0.59488,9.877108
2026-08-10 17:58:49,17724.11,93999,470,354.3235,-81.4174,5.3,0.240429,,,,0.05,11.89741,1.189741,1.936,0.305066,2.0,3.0,0.0,0.0,0.0,100.0,76.029363,0.580528,9.877108
2026-08-10 17:59:27,17761.94,94199,471,-277.0225,-84.7588,5.3,1.004875,,,,0.05,10.639732,1.063973,0.736045,1.08806,10.0,10.0,30.05795,0.0,30.05795,69.94205,51.597416,0.568985,9.877108
2026-08-10 18:00:05,17799.8,94399,472,2.9921,-82.9289,5.3,0.070278,,,,0.05,10.834023,1.083402,1.945,2.477774,10.0,10.0,16.534336,0.0,16.534336,83.465664,62.272043,0.554042,9.877108
2026-08-10 18:00:43,17837.38,94599,473,264.044,-71.9414,5.3,0.377938,,,,0.05,8.801468,0.880147,1.932,0.022699,0.0,1.0,0.0,0.0,0.0,100.0,76.6912,0.543839,9.877108
2026-08-10 18:01:21,17875.23,94799,474,-601.107,-77.6872,5.3,0.129291,,,,0.05,4.631121,0.463112,0.729333,2.782843,10.0,10.0,37.663961,0.0,37.663961,62.336039,45.940937,0.468338,9.877108
2026-08-10 18:01:58,17912.92,94999,475,155.6613,-75.2905,5.3,0.236856,,,,0.05,8.824823,0.882482,1.93595,1.316437,10.0,10.0,5.672182,0.0,5.672182,94.327818,72.059707,0.551579,9.877108
2026-08-10 18:02:36,17950.52,95199,476,275.5153,-72.5374,5.3,0.239575,,,,0.05,9.204899,0.92049,1.92895,0.065624,1.0,2.0,0.0,0.0,0.0,100.0,77.20064,0.446356,9.877108
2026-08-10 18:03:14,17988.3,95399,477,55.2609,-71.3279,5.3,0.058822,,,,0.05,10.069343,1.006934,1.937,0.738537,10.0,10.0,12.814308,0.0,12.814308,87.185692,66.681558,0.600151,9.877108
2026-08-10 18:03:52,18026.17,95599,478,-415.2409,-76.6535,5.3,0.109095,,,,0.05,10.430443,1.043044,0.339786,2.721943,10.0,10.0,36.921185,0.0,36.921185,63.078815,46.370657,0.516471,9.877108
2026-08-10 18:04:29,18063.93,95799,479,429.069,-70.932,5.3,0.091009,,,,0.05,14.602858,1.460286,1.942,0.008801,0.0,0.0,0.0,0.0,0.0,100.0,76.93568,0.594316,9.877108
2026-08-10 18:05:07,18101.58,95999,480,337.0587,-68.2615,5.3,0.320325,,,,0.05,11.23653,1.123653,1.944,0.015015,0.0,1.0,0.0,0.0,0.0,100.0,76.72448,0.626515,9.877108
2026-08-10 18:05:45,18139.42,96199,481,4.1537,-70.6989,5.3,0.152666,,,,0.05,8.684116,0.868412,1.94195,0.663454,10.0,10.0,13.033824,0.0,13.033824,86.966176,65.971267,0.546658,9.877108
2026-08-10 18:06:23,18177.16,96399,482,17.1287,-69.2613,5.3,0.087684,,,,0.05,6.688933,0.668893,1.94095,1.01882,10.0,10.0,9.538775,0.0,9.538775,90.461225,68.684426,0.632784,9.877108
2026-08-10 18:07:00,18215.0,96599,483,-321.3879,-73.8666,5.3,0.225704,,,,0.05,6.260478,0.626048,1.92495,1.605144,10.0,10.0,25.932186,0.0,25.932186,74.067814,55.318615,0.543621,9.877108
2026-08-10 18:07:38,18252.75,96799,484,138.9897,-73.3506,5.3,0.33477,,,,0.05,4.632989,0.463299,1.929,0.007311,0.0,0.0,0.0,0.0,0.0,100.0,76.512,0.522061,9.877108
2026-08-10 18:08:16,18290.83,96999,485,-781.3305,-78.6444,5.3,0.242464,,,,0.05,2.226377,0.222638,1.92,5.11858,10.0,10.0,43.152343,0.0,43.152343,56.847657,40.83612,0.970289,9.877108
2026-08-10 18:08:54,18328.57,97199,486,70.5998,-80.9803,5.3,0.226738,,,,0.05,2.378378,0.237838,3.7e-05,0.274653,2.0,3.0,0.0,0.0,0.0,100.0,76.72448,0.89615,9.877108
2026-08-10 18:09:32,18366.31,97399,487,48.7149,-83.5354,5.3,0.407676,,,,0.05,1.748526,0.174853,1.3e-05,0.001958,0.0,0.0,0.0,0.0,0.0,100.0,76.50432,0.883643,9.877108
2026-08-10 18:10:09,18404.07,97599,488,-466.4666,-87.2597,5.3,0.226363,,,,0.05,2.970988,0.297099,1.1e-05,1.336422,10.0,10.0,28.09302,0.0,28.09302,71.90698,53.633581,0.842607,9.877108
2026-08-10 18:10:47,18441.97,97799,489,-883.4886,-91.1624,5.3,0.083564,,,,0.05,3.249364,0.324936,1.76026,5.43595,10.0,10.0,50.289894,0.0,50.289894,49.710106,35.591007,0.807722,9.877108
2026-08-10 18:11:25,18479.76,97999,490,124.4652,-84.466,5.3,0.388691,,,,0.05,4.14884,0.414884,1.929,0.005802,0.0,0.0,0.0,0.0,0.0,100.0,76.55296,0.731039,9.877108
2026-08-10 18:12:03,18517.65,98199,491,52.6136,-80.7106,5.3,0.26118,,,,0.05,4.615747,0.461575,1.93295,1.367187,10.0,10.0,4.643688,0.0,4.643688,95.356312,72.315034,0.572524,9.877108
2026-08-10 18:12:41,18555.36,98399,492,205.8588,-75.6406,5.3,0.192216,,,,0.05,6.880218,0.688022,1.941,0.012929,0.0,1.0,0.0,0.0,0.0,100.0,76.92672,0.505587,9.877108
2026-08-10 18:13:19,18593.19,98599,493,157.0292,-74.4929,5.3,0.163292,,,,0.05,8.415377,0.841538,1.935,1.308671,10.0,10.0,4.988191,0.0,4.988191,95.011809,72.362531,0.493942,9.877108
2026-08-10 18:13:56,18630.96,98799,494,-1002.996,-82.9015,5.3,0.32198,,,,0.05,2.284494,0.228449,1.499363,4.928691,10.0,10.0,54.738804,0.0,54.738804,45.261196,31.913869,0.895072,9.877108
2026-08-10 18:14:34,18668.72,98999,495,-520.3178,-88.0595,5.3,0.225481,,,,0.05,4.579086,0.457909,0.412621,0.822708,10.0,10.0,33.613473,0.0,33.613473,66.386527,49.585909,0.565333,9.877108
2026-08-10 18:15:12,18706.43,99199,496,143.8131,-79.9748,5.3,0.249103,,,,0.05,7.959682,0.795968,1.931,1.374289,10.0,10.0,4.9394,0.0,4.9394,95.0606,72.560189,0.637827,9.877108
2026-08-10 18:15:50,18744.32,99399,497,93.9479,-80.6121,5.3,0.208063,,,,0.05,4.433113,0.443311,1.93095,1.475263,10.0,10.0,2.109212,0.0,2.109212,97.890788,74.41994,0.786042,9.877108
2026-08-10 18:16:28,18782.11,99599,498,-213.7227,-83.0117,5.3,0.704671,,,,0.05,4.302587,0.430259,0.588857,0.186222,0.0,10.0,17.252166,0.0,17.252166,82.747834,62.611129,0.647705,9.877108
2026-08-10 18:17:05,18819.72,99799,499,222.6409,-84.0411,5.3,0.46791,,,,0.05,7.421365,0.742136,1.932,0.025065,0.0,1.0,0.0,0.0,0.0,100.0,76.70272,0.653668,9.877108
2026-08-10 18:17:43,18857.87,99999,500,116.0498,-86.0787,5.3,0.132642,,,,0.05,5.078691,0.507869,1.93,1.520706,10.0,10.0,2.045174,0.0,2.045174,97.954826,74.4013,0.67836,10.923301
2026-08-10 18:18:21,18895.75,100199,501,-48.8141,-88.4797,5.3,0.12152,,,,0.05,3.456797,0.34568,1.93095,1.244244,10.0,10.0,7.143931,0.0,7.143931,92.856069,70.345938,0.689095,10.923301
2026-08-10 18:18:59,18933.59,100399,502,-375.898,-94.9082,5.3,0.151527,,,,0.05,5.49511,0.549511,1.904,2.028938,10.0,10.0,25.176412,0.0,25.176412,74.823588,55.869306,0.561739,10.923301
2026-08-10 18:19:37,18971.35,100599,503,-42.3343,-97.5752,5.3,0.113818,,,,0.05,4.365704,0.43657,1.93,1.167865,10.0,10.0,8.115841,0.0,8.115841,91.884159,70.193069,0.59167,10.923301
2026-08-10 18:20:15,19009.2,100799,504,-18.1486,-99.2186,5.3,0.144118,,,,0.05,5.872643,0.587264,1.92995,1.034149,10.0,10.0,9.094392,0.0,9.094392,90.905608,69.132765,0.568498,10.923301
2026-08-10 18:20:52,19046.94,100999,505,239.473,-98.4099,5.3,0.157552,,,,0.05,7.982435,0.798243,1.933,0.01229,0.0,1.0,0.0,0.0,0.0,100.0,76.864,0.529927,10.923301
2026-08-10 18:21:30,19084.52,101199,506,141.7961,-96.9745,5.3,0.204159,,,,0.05,7.429486,0.742949,1.936,1.488754,10.0,10.0,3.859422,0.0,3.859422,96.140578,73.550893,0.588919,10.923301
2026-08-10 18:22:08,19122.27,101399,507,-455.2544,-101.6096,5.3,0.2452,,,,0.05,4.688451,0.468845,1.92595,1.409804,10.0,10.0,27.121667,0.0,27.121667,72.878333,54.440772,0.657942,10.923301
2026-08-10 18:22:45,19160.08,101599,508,-202.065,-103.2576,5.3,0.356208,,,,0.05,4.244748,0.424475,1.931,2.535792,10.0,10.0,15.319497,0.0,15.319497,84.680503,63.437441,0.696673,10.923301
2026-08-10 18:23:23,19197.8,101799,509,152.0336,-97.3551,5.3,0.255259,,,,0.05,5.067787,0.506779,1.93395,0.021842,0.0,1.0,0.0,0.0,0.0,100.0,76.533974,0.61534,10.923301
2026-08-10 18:24:01,19235.61,101999,510,-130.595,-96.5042,5.3,0.143791,,,,0.05,4.412503,0.44125,1.93095,4.419608,10.0,10.0,12.388052,0.0,12.388052,87.611948,65.118599,0.6542,10.923301
2026-08-10 18:24:39,19273.47,102199,511,-121.8847,-98.7665,5.3,0.0811,,,,0.05,5.966954,0.596695,1.928,0.58096,10.0,10.0,13.828419,0.0,13.828419,86.171581,65.343493,0.575698,10.923301
2026-08-10 18:25:17,19311.31,102399,512,-722.6388,-100.1827,5.3,0.165878,,,,0.05,5.078976,0.507898,1.859187,2.769326,10.0,10.0,40.180564,0.0,40.180564,59.819436,43.790212,0.597749,10.923301
2026-08-10 18:25:55,19349.17,102599,513,-182.3871,-103.8079,5.3,0.669656,,,,0.05,7.248574,0.724857,1.929,2.312366,10.0,10.0,18.606201,0.0,18.606201,81.393799,61.07782,0.547075,10.923301
2026-08-10 18:26:32,19386.9,102799,514,-602.2743,-110.4172,5.3,0.313816,,,,0.05,5.757664,0.575766,0.835838,0.385587,1.0,10.0,35.265265,0.0,35.265265,64.734735,48.217114,0.575543,10.923301
2026-08-10 18:27:10,19424.6,102999,515,250.5804,-107.3099,5.3,0.390193,,,,0.05,8.435234,0.843523,1.933,0.004334,0.0,0.0,0.0,0.0,0.0,100.0,76.49536,0.783064,10.923301
2026-08-10 18:27:48,19462.57,103199,516,-196.1912,-106.2778,5.3,0.912844,,,,0.05,3.389334,0.338933,1.927,4.856835,10.0,10.0,14.203793,0.0,14.203793,85.796207,63.172773,0.846893,10.923301
2026-08-10 18:28:26,19500.57,103399,517,-73.2471,-104.4293,5.3,0.252473,,,,0.05,5.743331,0.574333,1.93,3.033081,10.0,10.0,11.558125,0.0,11.558125,88.441875,66.074554,0.52345,10.923301
2026-08-10 18:29:04,19538.24,103599,518,-118.0855,-108.2583,5.3,0.470185,,,,0.05,7.838373,0.783837,1.92295,0.327053,0.0,10.0,16.089229,0.0,16.089229,83.910771,63.652336,0.458571,10.923301
2026-08-10 18:29:41,19575.98,103799,519,265.9781,-103.0508,5.3,0.213125,,,,0.05,8.868677,0.886868,1.93295,0.485527,5.0,6.0,0.0,0.0,0.0,100.0,76.23465,0.45724,10.923301
2026-08-10 18:30:19,19613.59,103999,520,270.0136,-99.9984,5.3,0.207761,,,,0.05,9.00313,0.900313,1.93095,0.009105,0.0,0.0,0.0,0.0,0.0,100.0,76.6208,0.435266,10.923301
2026-08-10 18:30:57,19651.26,104199,521,307.8544,-98.175,5.3,0.932931,,,,0.05,10.261814,1.026181,1.93195,0.016713,0.0,1.0,0.0,0.0,0.0,100.0,76.81664,0.46207,10.923301
2026-08-10 18:31:34,19689.1,104399,522,-215.8607,-100.284,5.3,0.230249,,,,0.05,5.628591,0.562859,1.071812,0.164026,0.0,10.0,17.53507,0.0,17.53507,82.46493,62.405865,0.635253,10.923301
2026-08-10 18:32:12,19727.03,104599,523,252.3223,-98.6298,5.3,0.456282,,,,0.05,8.615132,0.861513,1.928,1.0493,9.0,10.0,0.320663,0.0,0.320663,99.679337,75.653616,0.623062,10.923301
2026-08-10 18:32:50,19764.9,104799,524,266.0142,-96.78,5.3,0.337651,,,,0.05,9.83932,0.983932,1.93395,1.477098,10.0,10.0,1.324107,0.0,1.324107,98.675893,75.208381,0.552062,10.923301
2026-08-10 18:33:28,19802.56,104999,525,362.2775,-87.0362,5.3,0.187223,,,,0.05,12.077838,1.207784,1.93495,0.050517,0.0,1.0,0.0,0.0,0.0,100.0,77.18016,0.483217,10.923301
2026-08-10 18:34:06,19840.3,105199,526,315.9188,-85.5838,5.3,0.38162,,,,0.05,11.516779,1.151678,1.935,1.362885,10.0,10.0,1.237546,0.0,1.237546,98.762454,75.326028,0.505138,10.923301
2026-08-10 18:34:44,19878.15,105399,527,-294.1129,-86.2353,5.3,0.405678,,,,0.05,8.433451,0.843345,1.946,3.818334,10.0,10.0,25.445017,0.0,25.445017,74.554983,55.104957,0.591884,10.923301
2026-08-10 18:35:21,19915.95,105599,528,-258.4918,-89.4408,5.3,0.362053,,,,0.05,7.608091,0.760809,1.94695,4.154403,10.0,10.0,22.626645,0.0,22.626645,77.373355,57.462336,0.581208,10.923301
2026-08-10 18:35:59,19953.92,105799,529,-1076.424,-98.8651,5.3,0.195741,,,,0.05,4.905069,0.490507,0.385721,8.851138,10.0,10.0,56.416618,0.0,56.416618,43.583382,30.103846,0.614501,10.923301
2026-08-10 18:36:37,19991.77,105999,530,138.3968,-95.313,5.3,0.424202,,,,0.05,6.676297,0.66763,1.93295,1.985173,10.0,10.0,2.980502,0.0,2.980502,97.019498,73.559907,0.490829,10.923301
2026-08-10 18:37:15,20029.53,106199,531,-385.1249,-94.7094,5.3,0.507075,,,,0.05,6.195402,0.61954,1.935,1.544811,10.0,10.0,26.424888,0.0,26.424888,73.575112,55.344141,0.511675,10.923301
2026-08-10 18:37:53,20067.21,106399,532,-44.3721,-94.1553,5.3,0.224276,,,,0.05,6.535666,0.653567,1.93495,1.259947,10.0,10.0,11.112956,0.0,11.112956,88.887044,67.70283,0.538332,10.923301
2026-08-10 18:38:31,20105.14,106599,533,-283.8874,-98.0176,5.3,0.370275,,,,0.05,6.128792,0.612879,1.935,2.04729,10.0,10.0,21.605912,0.0,21.605912,78.394088,59.056868,0.577031,10.923301
2026-08-10 18:39:08,20143.02,106799,534,-261.8703,-102.9854,5.3,0.410621,,,,0.05,3.650261,0.365026,1.528484,0.235176,0.0,10.0,16.836913,0.0,16.836913,83.163087,63.247043,0.827996,10.923301
2026-08-10 18:39:46,20180.99,106999,535,-76.3708,-107.2776,5.3,0.246687,,,,0.05,5.975403,0.59754,1.93695,3.456943,10.0,10.0,12.023256,0.0,12.023256,87.976744,66.092074,0.632064,10.923301
2026-08-10 18:40:24,20218.89,107199,536,-357.0308,-107.9337,5.3,0.287808,,,,0.05,3.244718,0.324472,0.35705,1.873587,10.0,10.0,21.219407,0.0,21.219407,78.780593,59.359276,0.677181,10.923301
2026-08-10 18:41:04,20258.95,107399,537,148.7434,-106.4323,5.3,0.891246,,,,0.05,5.632968,0.563297,1.93495,1.461127,10.0,10.0,1.027585,0.0,1.027585,98.972415,75.419674,0.619039,10.923301
2026-08-10 18:41:43,20297.38,107599,538,280.9423,-100.4548,5.3,0.446787,,,,0.05,9.364742,0.936474,1.9319,0.006078,0.0,0.0,0.0,0.0,0.0,100.0,77.2928,0.469791,10.923301
2026-08-10 18:42:22,20336.12,107799,539,-597.4535,-108.7248,5.3,0.352486,,,,0.05,6.318646,0.631865,1.94595,3.212854,10.0,10.0,36.340249,0.0,36.340249,63.659751,47.52578,0.606817,10.923301
2026-08-10 18:43:00,20374.43,107999,540,100.7753,-110.3099,5.3,0.282697,,,,0.05,3.649135,0.364913,9e-06,0.017453,0.0,1.0,0.0,0.0,0.0,100.0,77.51936,0.811957,10.923301
2026-08-10 18:43:38,20412.98,108199,541,-525.7485,-113.4016,5.3,0.11121,,,,0.05,3.231343,0.323134,4e-06,3.787533,10.0,10.0,28.471626,0.0,28.471626,71.528374,53.361111,0.83199,10.923301
2026-08-10 18:44:18,20452.73,108399,542,112.9011,-111.7858,5.3,0.39759,,,,0.05,4.268901,0.42689,8e-06,0.010331,0.0,1.0,0.0,0.0,0.0,100.0,77.557883,0.82592,10.923301
2026-08-10 18:44:58,20492.99,108599,543,329.8119,-101.1173,5.3,0.318714,,,,0.05,10.993731,1.099373,1.935,0.004898,0.0,0.0,0.0,0.0,0.0,100.0,77.08672,0.504043,10.923301
2026-08-10 18:45:37,20531.62,108799,544,-159.5212,-100.1945,5.3,0.376423,,,,0.05,8.794766,0.879477,1.937,2.121841,10.0,10.0,19.746756,0.0,19.746756,80.253244,60.562186,0.468115,10.923301
2026-08-10 18:46:16,20570.17,108999,545,240.7753,-97.5665,5.3,1.219084,,,,0.05,8.716411,0.871641,1.936,1.277439,10.0,10.0,1.078459,0.0,1.078459,98.921541,75.257539,0.470986,10.923301
2026-08-10 18:46:54,20608.94,109199,546,230.9968,-90.4088,5.3,0.417553,,,,0.05,9.238497,0.92385,1.935,1.380564,10.0,10.0,2.278263,0.0,2.278263,97.721737,74.821644,0.486483,10.923301
2026-08-10 18:47:33,20647.25,109399,547,-38.8199,-93.9007,5.3,0.175491,,,,0.05,4.835849,0.483585,1.93395,1.132851,10.0,10.0,8.616859,0.0,8.616859,91.383141,69.777179,0.601798,10.923301
2026-08-10 18:48:11,20685.94,109599,548,-295.0547,-97.0452,5.3,0.199842,,,,0.05,4.061948,0.406195,1.93295,2.212698,10.0,10.0,19.63251,0.0,19.63251,80.36749,60.87198,0.763529,10.923301
2026-08-10 18:48:50,20724.54,109799,549,-575.8388,-102.2989,5.3,0.19451,,,,0.05,5.565809,0.556581,1.37164,3.857911,10.0,10.0,34.183783,0.0,34.183783,65.816217,48.52926,0.679222,10.923301
2026-08-10 18:49:28,20762.73,109999,550,51.5803,-99.8153,5.3,0.357267,,,,0.05,5.15861,0.515861,1.93095,1.79447,10.0,10.0,4.933201,0.0,4.933201,95.066799,72.948859,0.611617,10.923301
2026-08-10 18:50:06,20800.84,110199,551,172.5983,-99.608,5.3,0.279231,,,,0.05,5.753275,0.575328,1.92795,0.010014,0.0,0.88,0.0,0.0,0.0,100.0,77.45664,0.538751,10.923301
2026-08-10 18:50:45,20839.22,110399,552,191.0458,-93.1655,5.3,0.346499,,,,0.05,6.368192,0.636819,1.93295,0.054818,1.0,1.0,0.0,0.0,0.0,100.0,77.3824,0.450515,10.923301
2026-08-10 18:51:23,20877.54,110599,553,172.7358,-93.7486,5.3,0.425229,,,,0.05,7.839839,0.783984,1.933,1.480399,10.0,10.0,3.063457,0.0,3.063457,96.936543,74.209662,0.4973,10.923301
2026-08-10 18:52:02,20916.12,110799,554,-333.1412,-94.5925,5.3,0.109018,,,,0.05,6.127609,0.612761,1.934,4.605546,10.0,10.0,24.101596,0.0,24.101596,75.898404,56.280915,0.656646,10.923301
2026-08-10 18:52:40,20954.57,110999,555,294.0359,-89.7138,5.3,0.114609,,,,0.05,9.801197,0.98012,1.93595,0.121218,1.0,2.0,0.0,0.0,0.0,100.0,77.296309,0.466081,10.923301
2026-08-10 18:53:19,20993.15,111199,556,-1056.0931,-103.7032,5.3,1.908316,,,,0.05,4.089286,0.408929,0.50057,4.959929,10.0,10.0,54.405077,0.0,54.405077,45.594923,32.448332,0.631398,10.923301
2026-08-10 18:53:57,21031.59,111399,557,-1629.0339,-115.95,5.3,0.291983,,,,0.05,2.544711,0.254471,0.776977,9.63371,10.0,10.0,78.102967,0.0,78.102967,21.897033,13.325135,0.670625,10.923301
2026-08-10 18:54:35,21069.72,111599,558,205.5267,-108.8509,5.3,0.105317,,,,0.05,13.40972,1.340972,1.94095,1.11445,10.0,10.0,8.88136,0.0,8.88136,91.11864,69.497078,0.531617,10.923301
2026-08-10 18:55:14,21108.17,111799,559,-26.0191,-108.1528,5.3,0.214558,,,,0.05,14.236141,1.423614,1.947,2.084492,10.0,10.0,20.880053,0.0,20.880053,79.119947,59.426003,0.581251,10.923301
2026-08-10 18:55:53,21147.42,111999,560,-47.7537,-106.99,5.3,0.139916,,,,0.05,11.404639,1.140464,1.95695,4.319451,10.0,10.0,18.286771,0.0,18.286771,81.713229,60.640762,0.66276,10.923301
2026-08-10 18:56:31,21186.03,112199,561,-389.6875,-108.5451,5.3,0.133828,,,,0.05,10.020111,1.002011,1.954,3.640584,10.0,10.0,32.055888,0.0,32.055888,67.944112,50.187124,0.612345,10.923301
2026-08-10 18:57:10,21224.23,112399,562,376.8985,-97.6462,5.3,0.294891,,,,0.05,12.863171,1.286317,1.93895,0.006947,0.0,0.0,0.0,0.0,0.0,100.0,76.83072,0.697226,10.923301
2026-08-10 18:57:48,21262.53,112599,563,219.1754,-89.4942,5.3,0.302467,,,,0.05,10.317787,1.031779,1.94,3.267588,10.0,10.0,4.293599,0.0,4.293599,95.706401,72.097573,0.652776,11.710726
2026-08-10 18:58:26,21300.79,112799,564,290.164,-79.6866,5.3,0.191603,,,,0.05,9.672132,0.967213,1.944,0.070356,1.0,1.0,0.0,0.0,0.0,100.0,76.647937,0.500752,11.710726
2026-08-10 18:59:04,21339.06,112999,565,248.2647,-76.1926,5.3,0.220254,,,,0.05,8.27549,0.827549,1.93795,0.004469,0.0,0.0,0.0,0.0,0.0,100.0,76.7616,0.506106,11.710726
2026-08-10 18:59:43,21377.38,113199,566,216.9948,-76.6588,5.3,0.162201,,,,0.05,7.233159,0.723316,1.932,0.007796,0.0,0.0,0.0,0.0,0.0,100.0,77.16608,0.583262,11.710726
2026-08-10 19:00:21,21415.85,113399,567,194.1493,-77.1197,5.3,0.764655,,,,0.05,10.226971,1.022697,1.942,1.339769,10.0,10.0,4.986911,0.0,4.986911,95.013089,72.686704,0.725704,11.710726
2026-08-10 19:00:59,21454.1,113599,568,372.0641,-71.2814,5.3,0.120711,,,,0.05,12.4175,1.24175,1.941,0.00751,0.0,0.0,0.0,0.0,0.0,100.0,77.03936,0.652257,11.710726
2026-08-10 19:01:38,21492.28,113799,569,330.6882,-66.8715,5.3,0.146288,,,,0.05,11.034132,1.103413,1.93495,0.019471,0.0,1.0,0.0,0.0,0.0,100.0,77.30688,0.552654,11.710726
2026-08-10 19:02:16,21530.71,113999,570,-763.578,-78.0505,5.3,0.376978,,,,0.05,3.497715,0.349771,0.734025,6.074483,10.0,10.0,37.411418,0.0,37.411418,62.588582,45.574516,0.660567,11.710726
2026-08-10 19:02:54,21569.1,114199,571,-443.7023,-79.7173,5.3,1.403286,,,,0.05,4.002969,0.400297,1.9388,4.135773,10.0,10.0,24.500599,0.0,24.500599,75.499401,55.919654,0.78159,11.710726
2026-08-10 19:03:33,21607.37,114399,572,-118.9777,-80.937,5.3,0.927922,,,,0.05,7.193944,0.719394,1.93395,2.253522,10.0,10.0,14.589737,0.0,14.589737,85.410263,64.102392,0.52161,11.710726
2026-08-10 19:04:11,21645.88,114599,573,-891.8289,-92.4958,5.3,0.830974,,,,0.05,3.858703,0.38587,1.161457,2.43327,10.0,10.0,43.32979,0.0,43.32979,56.67021,41.699898,0.675484,11.710726
2026-08-10 19:04:50,21684.25,114799,574,162.8794,-84.8559,5.3,0.534596,,,,0.05,5.429314,0.542931,1.92995,0.016524,0.0,1.0,0.0,0.0,0.0,100.0,76.9984,0.597497,11.710726
2026-08-10 19:05:28,21722.45,114999,575,187.6398,-84.5361,5.3,0.535313,,,,0.05,6.25466,0.625466,1.92595,0.005001,0.0,0.0,0.0,0.0,0.0,100.0,77.04448,0.584316,11.710726
2026-08-10 19:06:06,21760.61,115199,576,237.927,-84.912,5.3,0.345607,,,,0.05,7.933684,0.793368,1.93095,0.07405,1.0,1.0,0.0,0.0,0.0,100.0,77.00771,0.515431,11.710726
2026-08-10 19:06:44,21798.9,115399,577,-35.1809,-85.8164,5.3,0.376087,,,,0.05,5.750416,0.575042,1.92895,2.523228,10.0,10.0,9.194944,0.0,9.194944,90.805056,68.635225,0.712455,11.710726
2026-08-10 19:07:23,21837.33,115599,578,152.4463,-80.1395,5.3,0.177136,,,,0.05,7.614394,0.761439,1.937,2.730393,10.0,10.0,3.473668,0.0,3.473668,96.526332,72.714756,0.73333,11.710726
2026-08-10 19:08:01,21875.77,115799,579,140.12,-83.029,5.3,0.475169,,,,0.05,8.023935,0.802393,1.93395,1.414403,10.0,10.0,4.44663,0.0,4.44663,95.55337,72.693279,0.650916,11.710726
2026-08-10 19:08:40,21914.21,115999,580,-50.9286,-86.9089,5.3,0.263866,,,,0.05,5.878219,0.587822,1.93395,0.967775,10.0,10.0,9.874626,0.0,9.874626,90.125374,68.445389,0.613725,11.710726
2026-08-10 19:09:18,21952.37,116199,581,270.5797,-84.2447,5.3,0.632225,,,,0.05,9.019324,0.901932,1.93595,0.010049,0.0,1.0,0.0,0.0,0.0,100.0,76.93824,0.634026,11.710726
2026-08-10 19:09:56,21990.49,116399,582,292.6306,-81.4896,5.3,0.411089,,,,0.05,9.774168,0.977417,1.936,0.009058,0.0,0.0,0.0,0.0,0.0,100.0,76.87424,0.559932,11.710726
2026-08-10 19:10:34,22028.64,116599,583,213.9814,-76.1359,5.3,0.420898,,,,0.05,7.132712,0.713271,1.933,0.708047,4.0,7.0,0.0,0.0,0.0,100.0,76.259955,0.491331,11.710726
2026-08-10 19:11:12,22067.01,116799,584,-55.3745,-78.0796,5.3,0.51629,,,,0.05,6.432698,0.64327,1.933,2.397,10.0,10.0,10.77156,0.0,10.77156,89.22844,67.292057,0.601832,11.710726
2026-08-10 19:11:51,22105.53,116999,585,-510.0425,-75.3667,5.3,0.250667,,,,0.05,5.531532,0.553153,1.933,3.164133,10.0,10.0,28.992633,0.0,28.992633,71.007367,52.28172,0.681703,11.710726
2026-08-10 19:12:29,22143.98,117199,586,121.1077,-74.8616,5.3,0.371083,,,,0.05,7.482922,0.748292,1.93495,2.994865,10.0,10.0,4.750121,0.0,4.750121,95.249879,71.446623,0.623266,11.710726
2026-08-10 19:13:08,22182.22,117399,587,-74.0327,-76.0891,5.3,0.436508,,,,0.05,6.350002,0.635,1.926,0.835456,10.0,10.0,11.430282,0.0,11.430282,88.569718,67.414573,0.667054,11.710726
2026-08-10 19:13:47,22221.46,117599,588,218.1493,-69.2429,5.3,0.471562,,,,0.05,7.295139,0.729514,1.9289,0.02307,0.0,1.0,0.0,0.0,0.0,100.0,76.95616,0.646744,11.710726
2026-08-10 19:14:25,22259.94,117799,589,-617.6873,-66.5849,5.3,0.498296,,,,0.05,5.082786,0.508279,1.71123,3.595742,10.0,10.0,33.355547,0.0,33.355547,66.644453,48.969891,0.645156,11.710726
2026-08-10 19:15:04,22298.42,117999,590,-472.7589,-72.5572,5.3,0.514405,,,,0.05,3.590548,0.359055,1.374663,3.668966,10.0,10.0,24.834239,0.0,24.834239,75.165761,55.821344,0.677291,11.710726
2026-08-10 19:15:42,22336.83,118199,591,-528.6851,-78.3702,5.3,0.155895,,,,0.05,3.207037,0.320704,0.85601,1.560004,10.0,10.0,26.74305,0.0,26.74305,73.25695,54.912934,0.714883,11.710726
2026-08-10 19:16:21,22375.41,118399,592,-329.7481,-83.7262,5.3,0.272527,,,,0.05,3.73467,0.373467,1.926,2.395334,10.0,10.0,19.132903,0.0,19.132903,80.867097,60.756786,0.717377,11.710726
2026-08-10 19:16:59,22413.76,118599,593,-771.4853,-93.0114,5.3,1.785449,,,,0.05,2.263474,0.226347,4e-06,5.841019,10.0,10.0,36.216665,0.0,36.216665,63.783335,46.200088,0.856639,11.710726
2026-08-10 19:17:37,22451.96,118799,594,-358.6339,-86.5677,5.3,1.01342,,,,0.05,1.917987,0.191799,5e-06,0.172928,1.0,10.0,17.665557,0.0,17.665557,82.334443,62.700101,0.815676,11.710726
2026-08-10 19:18:16,22490.4,118999,595,-448.6029,-85.8506,5.3,1.268229,,,,0.05,3.009167,0.300917,1.7e-05,2.55764,10.0,10.0,23.043355,0.0,23.043355,76.956645,56.810275,0.782984,11.710726
2026-08-10 19:18:54,22528.7,119199,596,-219.235,-89.4811,5.3,0.42408,,,,0.05,3.215661,0.321566,1.926,2.706031,10.0,10.0,13.963451,0.0,13.963451,86.036549,64.283,0.840681,11.710726
2026-08-10 19:19:32,22567.11,119399,597,-439.3068,-94.8136,5.3,0.507681,,,,0.05,3.369908,0.336991,1.927,1.87801,10.0,10.0,23.44448,0.0,23.44448,76.55552,57.014455,0.839756,11.710726
2026-08-10 19:20:11,22605.7,119599,598,-162.347,-94.2999,5.3,0.61604,,,,0.05,4.605079,0.460508,1.93095,6.184773,10.0,10.0,13.537563,0.0,13.537563,86.462437,63.445985,0.717651,11.710726
2026-08-10 19:20:50,22644.23,119799,599,-584.6578,-102.3729,5.3,0.393142,,,,0.05,5.124581,0.512458,1.93595,6.364444,10.0,10.0,32.431442,0.0,32.431442,67.568558,49.508063,0.693615,11.710726
2026-08-10 19:21:28,22682.49,119999,600,-698.868,-110.522,5.3,0.388564,,,,0.05,4.594466,0.459447,1.104572,4.062793,10.0,10.0,35.995213,0.0,35.995213,64.004787,46.499591,0.5749,11.710726
2026-08-10 19:22:06,22720.76,120199,601,251.5555,-107.5183,5.3,0.257096,,,,0.05,12.945872,1.294587,1.936,1.292623,10.0,10.0,5.985008,0.0,5.985008,94.014992,71.811942,0.577191,11.710726
2026-08-10 19:22:45,22759.18,120399,602,-817.3518,-111.9329,5.3,1.761238,,,,0.05,5.463504,0.54635,1.762754,5.624697,10.0,10.0,42.364901,0.0,42.364901,57.635099,41.650622,0.592045,11.710726
2026-08-10 19:23:23,22797.68,120599,603,-496.9881,-116.4794,5.3,2.506145,,,,0.05,5.164608,0.516461,0.180116,5.76148,10.0,10.0,28.111054,0.0,28.111054,71.888946,52.349006,0.579756,11.710726
2026-08-10 19:24:02,22836.23,120799,604,-461.4113,-120.912,5.3,0.205188,,,,0.05,4.320716,0.432072,1.93495,3.922707,10.0,10.0,25.664294,0.0,25.664294,74.335706,54.771864,0.747642,11.710726
2026-08-10 19:24:40,22874.64,120999,605,-179.7197,-125.104,5.3,0.51524,,,,0.05,5.217081,0.521708,1.935,2.612,10.0,10.0,14.841886,0.0,14.841886,85.158114,63.991242,0.588127,11.710726
2026-08-10 19:25:18,22912.86,121199,606,177.8739,-124.7432,5.3,0.319431,,,,0.05,6.715857,0.671586,1.922,1.42621,10.0,10.0,1.097616,0.0,1.097616,98.902384,74.988496,0.537161,11.710726
2026-08-10 19:25:57,22951.18,121399,607,32.5565,-119.8651,5.3,0.424609,,,,0.05,6.835252,0.683525,1.925,1.167314,10.0,10.0,7.424199,0.0,7.424199,92.575801,70.251559,0.54938,11.710726
2026-08-10 19:26:35,22989.44,121599,608,-434.6304,-122.1907,5.3,0.75431,,,,0.05,4.077997,0.4078,1.932,2.853852,10.0,10.0,24.198212,0.0,24.198212,75.801788,55.444105,0.736885,11.710726
2026-08-10 19:27:13,23027.81,121799,609,55.2014,-123.1591,5.3,0.192858,,,,0.05,8.182417,0.818242,1.939,1.145974,10.0,10.0,8.453926,0.0,8.453926,91.546074,69.920219,0.516782,11.710726
2026-08-10 19:27:52,23066.37,121999,610,-13.8622,-121.9917,5.3,0.444573,,,,0.05,6.544397,0.65444,1.931,2.227875,10.0,10.0,9.070547,0.0,9.070547,90.929453,68.63276,0.559899,11.710726
2026-08-10 19:28:30,23104.9,122199,611,205.7937,-118.7149,5.3,0.538293,,,,0.05,7.265423,0.726542,1.93195,1.26837,10.0,10.0,0.601259,0.0,0.601259,99.398741,75.8466,0.591034,11.710726
2026-08-10 19:29:09,23143.2,122399,612,-277.563,-114.2642,5.3,0.535269,,,,0.05,5.878371,0.587837,1.93695,3.756165,10.0,10.0,19.518405,0.0,19.518405,80.481595,59.84707,0.588479,11.710726
2026-08-10 19:29:47,23181.55,122599,613,-147.1615,-113.9119,5.3,0.234376,,,,0.05,7.928252,0.792825,1.935,2.172568,10.0,10.0,16.701804,0.0,16.701804,83.298196,62.874884,0.593212,11.710726
2026-08-10 19:30:25,23219.83,122799,614,52.1807,-107.3674,5.3,0.64953,,,,0.05,10.046902,1.00469,1.93695,1.448635,10.0,10.0,10.794868,0.0,10.794868,89.205132,67.584257,0.605663,11.710726
2026-08-10 19:31:04,23258.27,122999,615,-438.2803,-114.256,5.3,0.194472,,,,0.05,8.29875,0.829875,1.933,4.712675,10.0,10.0,29.740646,0.0,29.740646,70.259354,51.505817,0.549381,11.710726
2026-08-10 19:31:42,23296.6,123199,616,298.6471,-109.3076,5.3,0.237165,,,,0.05,10.873028,1.087303,1.93395,1.453863,10.0,10.0,1.245291,0.0,1.245291,98.754709,75.121144,0.501901,11.710726
2026-08-10 19:32:20,23335.08,123399,617,-104.4311,-109.6194,5.3,0.495202,,,,0.05,8.155521,0.815552,1.93395,0.474372,1.0,10.0,15.088718,0.0,15.088718,84.911282,64.558809,0.514662,11.710726
2026-08-10 19:32:59,23373.49,123599,618,-1189.8374,-120.337,5.3,0.432744,,,,0.05,3.556029,0.355603,1.92795,4.845618,10.0,10.0,55.596168,0.0,55.596168,44.403832,31.049725,0.755647,11.710726
2026-08-10 19:33:37,23411.72,123799,619,246.8341,-120.5284,5.3,0.346695,,,,0.05,8.301032,0.830103,1.927,0.005731,0.0,0.0,0.0,0.0,0.0,100.0,76.6016,0.551098,11.710726
2026-08-10 19:34:15,23449.98,123999,620,-209.7771,-125.3263,5.3,0.553138,,,,0.05,8.145225,0.814523,1.92895,2.126894,10.0,10.0,19.661741,0.0,19.661741,80.338259,60.201637,0.51953,11.710726
2026-08-10 19:34:54,23488.22,124199,621,359.2971,-124.8119,5.3,0.432497,,,,0.05,11.997357,1.199736,1.93,0.006758,0.0,0.0,0.0,0.0,0.0,100.0,77.08544,0.535946,11.710726
2026-08-10 19:35:32,23526.56,124399,622,182.4261,-120.829,5.3,1.575714,,,,0.05,9.587816,0.958782,1.93295,1.681075,10.0,10.0,4.713145,0.0,4.713145,95.286855,72.648027,0.549602,11.710726
2026-08-10 19:36:11,23565.17,124599,623,-562.0271,-128.9725,5.3,0.370377,,,,0.05,9.034131,0.903413,1.94695,3.56514,10.0,10.0,35.911804,0.0,35.911804,64.088196,47.368196,0.626983,11.710726
2026-08-10 19:36:49,23603.51,124799,624,141.5696,-130.217,5.3,0.262648,,,,0.05,10.934639,1.093464,1.94395,2.611671,10.0,10.0,8.205892,0.0,8.205892,91.794108,69.667464,0.702692,11.710726
2026-08-10 19:37:27,23641.78,124999,625,2.1484,-133.8182,5.3,0.741971,,,,0.05,9.460451,0.946045,1.945,2.728227,10.0,10.0,12.322542,0.0,12.322542,87.677458,66.31639,0.580273,12.523704
2026-08-10 19:38:05,23680.11,125199,626,-559.6943,-142.5744,5.3,0.579027,,,,0.05,7.945707,0.794571,1.94995,6.361884,10.0,10.0,32.353088,0.0,32.353088,67.646912,49.175823,0.664963,12.523704
2026-08-10 19:38:44,23718.43,125399,627,152.5107,-138.1081,5.3,0.369753,,,,0.05,11.853944,1.185394,1.937,1.127631,10.0,10.0,8.431484,0.0,8.431484,91.568516,69.635378,0.498419,12.523704
2026-08-10 19:39:22,23756.67,125599,628,254.834,-132.9749,5.3,0.812737,,,,0.05,8.494466,0.849447,1.93,0.011155,0.0,1.0,0.0,0.0,0.0,100.0,76.76288,0.462785,12.523704
2026-08-10 19:40:00,23795.05,125799,629,47.4939,-121.7357,5.3,1.27501,,,,0.05,8.044554,0.804455,1.925,1.131748,10.0,10.0,7.797806,0.0,7.797806,92.202194,70.165292,0.485216,12.523704
2026-08-10 19:40:39,23833.44,125999,630,-458.5059,-127.7047,5.3,0.350356,,,,0.05,5.395208,0.539521,1.93995,4.052366,10.0,10.0,25.172957,0.0,25.172957,74.827043,55.559071,0.686298,12.523704
2026-08-10 19:41:17,23871.75,126199,631,-1045.3084,-134.3066,5.3,0.415517,,,,0.05,5.241884,0.524188,0.371816,1.690094,10.0,10.0,47.95634,0.0,47.95634,52.04366,38.031818,0.483629,12.523704
2026-08-10 19:41:55,23909.93,126399,632,-122.773,-135.0906,5.3,0.490111,,,,0.05,8.376001,0.8376,1.93695,4.68629,10.0,10.0,15.524629,0.0,15.524629,84.475371,63.069884,0.456288,12.523704
2026-08-10 19:42:34,23948.11,126599,633,237.599,-129.8757,5.3,0.523754,,,,0.05,7.919966,0.791997,1.932,0.029833,0.0,1.0,0.0,0.0,0.0,100.0,76.93084,0.396666,12.523704
2026-08-10 19:43:12,23986.54,126799,634,-419.2043,-131.4491,5.3,0.467242,,,,0.05,6.527166,0.652717,1.93695,2.841974,10.0,10.0,24.652413,0.0,24.652413,75.347587,55.748978,0.430796,12.523704
2026-08-10 19:43:50,24024.93,126999,635,-256.9313,-133.2547,5.3,0.34159,,,,0.05,5.827829,0.582783,1.93895,2.471181,10.0,10.0,17.601392,0.0,17.601392,82.398608,61.53735,0.49161,12.523704
2026-08-10 19:44:29,24063.29,127199,636,250.7333,-127.177,5.3,0.338591,,,,0.05,8.357778,0.835778,1.93495,0.106243,1.0,1.0,0.0,0.0,0.0,100.0,76.637382,0.443455,12.523704
2026-08-10 19:45:07,24101.42,127399,637,249.9801,-126.1647,5.3,0.401361,,,,0.05,8.332669,0.833267,1.934,0.021545,0.0,1.0,0.0,0.0,0.0,100.0,76.57856,0.478252,12.523704
2026-08-10 19:45:45,24139.57,127599,638,-91.0466,-129.8845,5.3,0.471638,,,,0.05,8.91188,0.891188,1.93,0.536634,10.0,10.0,14.414354,0.0,14.414354,85.585646,64.888325,0.464707,12.523704
2026-08-10 19:46:23,24177.72,127799,639,234.6751,-121.5633,5.3,0.336124,,,,0.05,9.949807,0.994981,1.93495,1.429096,10.0,10.0,2.746667,0.0,2.746667,97.253333,73.96974,0.486672,12.523704
2026-08-10 19:47:01,24216.08,127999,640,-36.4074,-122.9351,5.3,0.186663,,,,0.05,7.11895,0.711895,1.93195,2.774281,10.0,10.0,10.305878,0.0,10.305878,89.694122,67.552848,0.542555,12.523704
2026-08-10 19:47:40,24254.54,128199,641,-70.4536,-118.3821,5.3,0.222236,,,,0.05,4.321133,0.432113,1.93095,1.1361,10.0,10.0,8.111313,0.0,8.111313,91.888687,69.662855,0.737523,12.523704
2026-08-10 19:48:18,24293.1,128399,642,193.9641,-117.5715,5.3,0.480617,,,,0.05,6.881971,0.688197,1.931,1.334352,10.0,10.0,0.551075,0.0,0.551075,99.448925,75.438032,0.693423,12.523704
2026-08-10 19:48:57,24331.48,128599,643,81.6605,-120.053,5.3,0.544538,,,,0.05,8.679663,0.867966,1.9339,1.20552,10.0,10.0,7.252688,0.0,7.252688,92.747312,70.219005,0.64509,12.523704
2026-08-10 19:49:35,24369.76,128799,644,-73.9134,-119.1969,5.3,0.158915,,,,0.05,7.643072,0.764307,1.934,2.784535,10.0,10.0,12.382548,0.0,12.382548,87.617452,65.264289,0.567836,12.523704
2026-08-10 19:50:13,24408.09,128999,645,-193.2198,-123.5369,5.3,0.216576,,,,0.05,7.270269,0.727027,1.932,2.152173,10.0,10.0,16.56526,0.0,16.56526,83.43474,62.295973,0.654672,12.523704
2026-08-10 19:50:52,24446.74,129199,646,-110.4871,-126.9517,5.3,0.278422,,,,0.05,6.902873,0.690287,1.932,0.692946,10.0,10.0,12.672337,0.0,12.672337,87.327663,66.213504,0.619935,12.523704
2026-08-10 19:51:31,24485.25,129399,647,-475.0847,-131.3144,5.3,0.290197,,,,0.05,8.389629,0.838963,1.120623,1.21678,10.0,10.0,29.174584,0.0,29.174584,70.825416,53.003394,0.477693,12.523704
2026-08-10 19:52:09,24523.63,129599,648,85.7482,-127.5063,5.3,0.29525,,,,0.05,3.033441,0.303344,9e-06,0.122642,1.0,3.0,0.0,0.0,0.0,100.0,76.941461,0.827128,12.523704
2026-08-10 19:52:47,24561.96,129799,649,65.2987,-121.095,5.3,0.134263,,,,0.05,2.264231,0.226423,6e-06,0.064927,1.0,1.0,0.0,0.0,0.0,100.0,76.768519,0.834315,12.523704
2026-08-10 19:53:26,24600.22,129999,650,74.6403,-120.8644,5.3,0.171816,,,,0.05,2.939513,0.293951,8e-06,0.016457,0.0,1.0,0.0,0.0,0.0,100.0,76.84608,0.807713,12.523704
2026-08-10 19:54:04,24638.36,130199,651,68.1809,-121.9085,5.3,0.797621,,,,0.05,2.530277,0.253028,9e-06,0.016118,0.0,1.0,0.0,0.0,0.0,100.0,76.87424,0.857997,12.523704
2026-08-10 19:54:42,24676.64,130399,652,-437.3702,-128.1927,5.3,0.405961,,,,0.05,2.695951,0.269595,4e-06,2.118573,10.0,10.0,20.513762,0.0,20.513762,79.486238,59.378236,0.805769,12.523704
2026-08-10 19:55:20,24714.96,130599,653,-188.5648,-131.8057,5.3,0.372445,,,,0.05,2.757851,0.275785,5e-06,0.937688,10.0,10.0,10.707125,0.0,10.707125,89.292875,67.647722,0.828677,12.523704
2026-08-10 19:55:59,24753.47,130799,654,209.0971,-126.3833,5.3,0.125161,,,,0.05,8.942767,0.894277,9e-06,0.401183,1.0,10.0,0.978284,0.0,0.978284,99.021716,75.306004,0.759986,12.523704
2026-08-10 19:56:37,24791.81,130999,655,214.1914,-127.1818,5.3,0.176637,,,,0.05,7.317063,0.731706,1.3e-05,0.009467,0.0,0.0,0.0,0.0,0.0,100.0,76.6656,0.679929,12.523704
2026-08-10 19:57:15,24830.08,131199,656,-473.5696,-121.3565,5.3,0.144094,,,,0.05,5.663597,0.56636,3.9e-05,1.603076,10.0,10.0,25.842885,0.0,25.842885,74.157115,55.389076,0.571205,12.523704
2026-08-10 19:57:54,24868.52,131399,657,-844.3693,-113.5099,5.3,0.325191,,,,0.05,5.563372,0.556337,3.9e-05,2.625867,10.0,10.0,40.582209,0.0,40.582209,59.417791,43.310344,0.62561,12.523704
2026-08-10 19:58:32,24906.76,131599,658,-343.1272,-118.9964,5.3,1.16399,,,,0.05,4.062753,0.406275,0.424141,0.089714,1.0,1.0,18.604924,0.0,18.604924,81.395076,61.50488,0.619373,12.523704
2026-08-10 19:59:11,24945.3,131799,659,-521.4451,-123.9507,5.3,0.100207,,,,0.05,6.258396,0.62584,1.93,5.567882,10.0,10.0,28.841734,0.0,28.841734,71.158266,51.670868,0.546131,12.523704
2026-08-10 19:59:49,24983.7,131999,660,75.3935,-122.7192,5.3,0.342712,,,,0.05,3.558083,0.355808,1e-05,1.251204,9.0,10.0,1.073753,0.0,1.073753,98.926247,75.492914,0.743903,12.523704
2026-08-10 20:00:28,25022.13,132199,661,-279.8574,-121.6209,5.3,0.26199,,,,0.05,4.58911,0.458911,1.2e-05,1.200577,10.0,10.0,16.467001,0.0,16.467001,83.532999,63.075318,0.663482,12.523704
2026-08-10 20:01:06,25060.41,132399,662,-156.2797,-126.9527,5.3,0.232837,,,,0.05,4.356832,0.435683,7e-06,0.910984,10.0,10.0,10.738131,0.0,10.738131,89.261869,67.162411,0.826999,12.523704
2026-08-10 20:01:44,25098.69,132599,663,315.3631,-125.9908,5.3,0.197948,,,,0.05,13.802234,1.380223,1.943,1.397471,10.0,10.0,4.088246,0.0,4.088246,95.911754,72.514938,0.620668,12.523704
2026-08-10 20:02:22,25136.86,132799,664,345.6275,-125.4362,5.3,0.110411,,,,0.05,11.877261,1.187726,1.937,0.07715,1.0,1.0,0.0,0.0,0.0,100.0,76.302458,0.612041,12.523704
2026-08-10 20:03:01,25175.34,132999,665,-576.7346,-133.6862,5.3,0.296604,,,,0.05,4.639561,0.463956,1.94,4.443318,10.0,10.0,28.967895,0.0,28.967895,71.032105,52.166561,0.740622,12.523704
2026-08-10 20:03:39,25213.75,133199,666,16.5401,-135.6907,5.3,0.17233,,,,0.05,7.623472,0.762347,1.93995,2.734198,10.0,10.0,8.825796,0.0,8.825796,91.174204,68.263002,0.623007,12.523704
2026-08-10 20:04:18,25252.17,133399,667,22.0322,-137.4119,5.3,0.252517,,,,0.05,9.370241,0.937024,1.936,1.207053,10.0,10.0,10.538301,0.0,10.538301,89.461699,67.692928,0.560984,12.523704
2026-08-10 20:04:56,25290.56,133599,668,-679.6396,-147.9289,5.3,0.232457,,,,0.05,4.489965,0.448996,1.732336,1.295508,10.0,10.0,32.48893,0.0,32.48893,67.51107,49.657573,0.677886,12.523704
2026-08-10 20:05:34,25328.71,133799,669,108.6595,-150.1492,5.3,0.292579,,,,0.05,10.578265,1.057826,1.936,1.567083,10.0,10.0,8.493433,0.0,8.493433,91.506567,69.482054,0.562949,12.523704
2026-08-10 20:06:12,25366.98,133999,670,-272.6814,-145.2403,5.3,0.282522,,,,0.05,9.54643,0.954643,1.939,1.983492,10.0,10.0,22.729996,0.0,22.729996,77.270004,58.039564,0.557856,12.523704
2026-08-10 20:06:51,25405.41,134199,671,-1079.5551,-151.5988,5.3,0.112808,,,,0.05,5.847972,0.584797,1.94695,9.432625,10.0,10.0,50.917134,0.0,50.917134,49.082866,34.25856,0.785344,12.523704
2026-08-10 20:07:29,25443.72,134399,672,91.601,-149.493,5.3,0.067282,,,,0.05,9.85881,0.985881,1.929,1.128111,10.0,10.0,8.312715,0.0,8.312715,91.687285,70.018366,0.557046,12.523704
2026-08-10 20:08:08,25482.31,134599,673,2.4534,-140.5502,5.3,0.17876,,,,0.05,6.052795,0.605279,1.932,2.717405,10.0,10.0,7.356627,0.0,7.356627,92.643373,70.659363,0.682186,12.523704
2026-08-10 20:08:46,25520.73,134799,674,128.294,-140.896,5.3,0.228688,,,,0.05,7.08455,0.708455,1.93,1.449196,10.0,10.0,3.527269,0.0,3.527269,96.472731,73.36797,0.62258,12.523704
2026-08-10 20:09:24,25559.05,134999,675,170.955,-141.0629,5.3,0.544105,,,,0.05,8.68914,0.868914,1.938,2.405489,10.0,10.0,3.714143,0.0,3.714143,96.285857,72.483001,0.607815,12.523704
2026-08-10 20:10:03,25597.26,135199,676,264.5518,-140.7966,5.3,0.419229,,,,0.05,8.819987,0.881999,1.934,0.009396,0.0,0.0,0.0,0.0,0.0,100.0,76.55808,0.511721,12.523704
2026-08-10 20:10:41,25635.48,135399,677,-158.139,-142.0262,5.3,0.177629,,,,0.05,7.867852,0.786785,1.93395,0.398214,1.0,10.0,15.772132,0.0,15.772132,84.227868,63.822995,0.571756,12.523704
2026-08-10 20:11:19,25673.83,135599,678,133.8846,-142.2118,5.3,0.225785,,,,0.05,9.088737,0.908874,1.945,1.386606,10.0,10.0,5.6922,0.0,5.6922,94.3078,71.544375,0.618396,12.523704
2026-08-10 20:11:58,25712.29,135799,679,326.6442,-140.3466,5.3,0.145169,,,,0.05,10.909575,1.090957,1.936,0.007587,0.0,0.0,0.0,0.0,0.0,100.0,76.76544,0.483171,12.523704
2026-08-10 20:12:36,25750.79,135999,680,140.8784,-138.4285,5.3,0.211898,,,,0.05,7.041957,0.704196,1.939,2.934111,10.0,10.0,3.133865,0.0,3.133865,96.866135,72.933683,0.633653,12.523704
2026-08-10 20:13:14,25788.92,136199,681,164.7765,-139.4865,5.3,0.172605,,,,0.05,8.643972,0.864397,1.932,1.476576,10.0,10.0,4.066734,0.0,4.066734,95.933266,73.075008,0.524491,12.523704
2026-08-10 20:13:53,25827.17,136399,682,140.8066,-141.0048,5.3,0.525128,,,,0.05,4.998571,0.499857,1.93095,2.126225,10.0,10.0,0.416103,0.0,0.416103,99.583897,74.742326,0.584817,12.523704
2026-08-10 20:14:31,25865.51,136599,683,-1194.3087,-155.0877,5.3,0.144277,,,,0.05,3.144312,0.314431,1.562967,5.093415,10.0,10.0,51.946817,0.0,51.946817,48.053183,34.080258,0.665781,12.523704
2026-08-10 20:15:09,25903.75,136799,684,160.5956,-152.928,5.3,0.097763,,,,0.05,5.3592,0.53592,1.928,0.019919,0.0,1.0,0.0,0.0,0.0,100.0,76.59904,0.610251,12.523704
2026-08-10 20:15:48,25942.17,136999,685,153.9611,-146.2879,5.3,0.268914,,,,0.05,5.132037,0.513204,1.92795,0.00877,0.0,0.0,0.0,0.0,0.0,100.0,76.7744,0.707389,12.523704
2026-08-10 20:16:26,25980.66,137199,686,153.0455,-145.9686,5.3,0.308436,,,,0.05,5.101516,0.510152,1.927,0.012085,0.0,1.0,0.0,0.0,0.0,100.0,76.68608,0.719294,12.523704
2026-08-10 20:17:04,26018.88,137399,687,165.3208,-143.575,5.3,0.213216,,,,0.05,5.510694,0.551069,1.927,0.009348,0.0,0.0,0.0,0.0,0.0,100.0,76.8128,0.689587,12.523704
2026-08-10 20:17:43,26057.16,137599,688,-80.756,-146.5641,5.3,0.141172,,,,0.05,5.442758,0.544276,1.939,2.619161,10.0,10.0,9.841948,0.0,9.841948,90.158052,67.705935,0.697828,12.97645
2026-08-10 20:18:21,26095.5,137799,689,-7.7703,-140.4649,5.3,0.131332,,,,0.05,5.950491,0.595049,1.931,1.225042,10.0,10.0,7.385413,0.0,7.385413,92.614587,70.227432,0.64201,12.97645
2026-08-10 20:18:59,26133.94,137999,690,-828.2211,-144.0195,5.3,0.130893,,,,0.05,3.761136,0.376114,1.8798,3.199732,10.0,10.0,36.650567,0.0,36.650567,63.349433,46.407282,0.753563,12.97645
2026-08-10 20:19:38,26172.22,138199,691,248.6443,-136.2462,5.3,0.085092,,,,0.05,8.313173,0.831317,1.932,0.007401,0.0,0.0,0.0,0.0,0.0,100.0,76.61184,0.646939,12.97645
2026-08-10 20:20:16,26210.7,138399,692,-112.6242,-134.075,5.3,0.455555,,,,0.05,6.280671,0.628067,1.93595,0.824671,10.0,10.0,11.717084,0.0,11.717084,88.282916,67.140625,0.730704,12.97645
2026-08-10 20:20:54,26249.01,138599,693,-43.2809,-126.793,5.3,0.151769,,,,0.05,6.632897,0.66329,1.933,2.393562,10.0,10.0,9.607912,0.0,9.607912,90.392088,67.943101,0.759816,12.97645
2026-08-10 20:21:33,26287.16,138799,694,198.0087,-121.2265,5.3,0.347607,,,,0.05,8.92996,0.892996,1.933,1.491165,10.0,10.0,2.81937,0.0,2.81937,97.18063,73.80741,0.705891,12.97645
2026-08-10 20:22:11,26325.37,138999,695,214.4009,-114.5965,5.3,0.350743,,,,0.05,8.144206,0.814421,1.936,1.97895,10.0,10.0,1.074588,0.0,1.074588,98.925412,75.12089,0.704887,12.97645
2026-08-10 20:22:49,26363.88,139199,696,-272.7901,-115.1321,5.3,0.167799,,,,0.05,8.551958,0.855196,1.94295,4.118767,10.0,10.0,20.779481,0.0,20.779481,79.220519,58.459902,0.636332,12.97645
2026-08-10 20:23:28,26402.29,139399,697,-79.7606,-111.5366,5.3,0.372617,,,,0.05,10.124237,1.012424,1.945,0.475119,1.0,10.0,14.736454,0.0,14.736454,85.263546,64.471422,0.61591,12.97645
2026-08-10 20:24:06,26440.83,139599,698,-474.143,-114.6545,5.3,1.050039,,,,0.05,7.155459,0.715546,1.93795,1.50698,10.0,10.0,26.596904,0.0,26.596904,73.403096,54.641879,0.485728,12.97645
2026-08-10 20:24:45,26479.17,139799,699,-570.8422,-114.5164,5.3,0.302182,,,,0.05,6.351169,0.635117,1.9369,1.203095,10.0,10.0,29.727337,0.0,29.727337,70.272663,52.509752,0.574408,12.97645
2026-08-10 20:25:23,26517.52,139999,700,-938.6876,-116.9146,5.3,0.304975,,,,0.05,5.541869,0.554187,0.904042,2.515533,10.0,10.0,42.61933,0.0,42.61933,57.38067,41.86857,0.523065,12.97645
2026-08-10 20:26:01,26555.8,140199,701,-857.85,-128.0086,5.3,0.28361,,,,0.05,3.368932,0.336893,0.331946,2.931797,10.0,10.0,36.923928,0.0,36.923928,63.076072,46.023432,0.579924,12.97645
2026-08-10 20:26:39,26593.96,140399,702,-229.5592,-122.1307,5.3,0.355889,,,,0.05,7.094582,0.709458,1.13691,0.24032,0.0,10.0,16.752612,0.0,16.752612,83.247388,62.884001,0.577624,12.97645
2026-08-10 20:27:18,26632.33,140599,703,360.8379,-113.5525,5.3,0.316723,,,,0.05,12.034191,1.203419,1.939,0.013194,0.0,1.0,0.0,0.0,0.0,100.0,76.64128,0.594047,12.97645
2026-08-10 20:27:56,26670.71,140799,704,356.3344,-105.375,5.3,0.332806,,,,0.05,11.963354,1.196335,1.93695,0.009292,0.0,0.0,0.0,0.0,0.0,100.0,76.72576,0.643412,12.97645
2026-08-10 20:28:34,26709.1,140999,705,322.5428,-100.3524,5.3,0.343521,,,,0.05,10.773718,1.077372,1.938,0.01232,0.0,1.0,0.0,0.0,0.0,100.0,77.08928,0.6465,12.97645
2026-08-10 20:29:13,26747.39,141199,706,-350.1652,-105.6328,5.3,0.354505,,,,0.05,4.991983,0.499198,1.934,2.228007,10.0,10.0,19.536834,0.0,19.536834,80.463166,60.979696,0.716572,12.97645
2026-08-10 20:29:51,26785.8,141399,707,-446.9607,-110.4279,5.3,0.854907,,,,0.05,3.994456,0.399446,1.93295,1.990265,10.0,10.0,22.068613,0.0,22.068613,77.931387,59.102691,0.743556,12.97645
2026-08-10 20:30:29,26824.05,141599,708,-248.5975,-108.5676,5.3,0.538577,,,,0.05,6.574725,0.657472,1.098923,0.236627,1.0,10.0,17.162913,0.0,17.162913,82.837087,63.647156,0.423046,12.97645
2026-08-10 20:31:08,26862.48,141799,709,-979.0109,-118.9097,5.3,0.578453,,,,0.05,2.487358,0.248736,4.1e-05,2.722956,10.0,10.0,40.891249,0.0,40.891249,59.108751,43.873047,0.672618,12.97645
2026-08-10 20:31:46,26900.9,141999,710,-662.7263,-125.3984,5.3,0.612136,,,,0.05,4.28656,0.428656,9e-06,3.712311,10.0,10.0,30.676948,0.0,30.676948,69.323052,51.626693,0.659497,12.97645
2026-08-10 20:32:25,26939.56,142199,711,-260.0334,-130.0566,5.3,0.527052,,,,0.05,4.148144,0.414814,1.925,2.321377,10.0,10.0,15.246763,0.0,15.246763,84.753237,64.161586,0.579338,12.97645
2026-08-10 20:33:03,26977.89,142399,712,-416.9847,-131.4509,5.3,0.322679,,,,0.05,4.811599,0.48116,1.928,2.763338,10.0,10.0,21.884332,0.0,21.884332,78.115668,58.851255,0.531039,12.97645
2026-08-10 20:33:42,27016.19,142599,713,43.0436,-129.5488,5.3,0.51529,,,,0.05,2.707567,0.270757,1.92,2.398623,10.0,10.0,1.676497,0.0,1.676497,98.323503,74.557929,0.87849,12.97645
2026-08-10 20:34:20,27054.43,142799,714,-375.6434,-133.8271,5.3,0.374451,,,,0.05,3.54685,0.354685,0.295742,0.059291,0.0,1.0,18.425294,0.0,18.425294,81.574706,62.052325,0.614146,12.97645
2026-08-10 20:34:58,27092.77,142999,715,-1233.0496,-141.7747,5.3,0.349101,,,,0.05,2.198738,0.219874,1.0685,5.20656,10.0,10.0,50.397768,0.0,50.397768,49.602232,35.228834,0.757357,12.97645
2026-08-10 20:35:37,27131.13,143199,716,82.1619,-143.9396,5.3,0.36919,,,,0.05,6.882441,0.688244,1.9309,3.085828,10.0,10.0,5.170057,0.0,5.170057,94.829943,71.27147,0.526886,12.97645
2026-08-10 20:36:15,27169.63,143399,717,-379.1397,-146.6867,5.3,0.45081,,,,0.05,3.528206,0.352821,1.9329,2.245727,10.0,10.0,18.657414,0.0,18.657414,81.342586,60.993284,0.793134,12.97645
2026-08-10 20:36:53,27207.97,143599,718,84.1963,-133.9463,5.3,1.137542,,,,0.05,9.508575,0.950858,1.955,1.139939,10.0,10.0,7.700291,0.0,7.700291,92.299709,69.792855,0.680226,12.97645
2026-08-10 20:37:32,27246.5,143799,719,-934.1374,-145.7561,5.3,0.144908,,,,0.05,4.451891,0.445189,1.708772,5.985744,10.0,10.0,41.635378,0.0,41.635378,58.364622,41.84442,0.67949,12.97645
2026-08-10 20:38:10,27284.82,143999,720,-680.2078,-150.4604,5.3,0.567244,,,,0.05,6.93696,0.693696,1.040085,3.142513,10.0,10.0,34.435739,0.0,34.435739,65.564261,48.207411,0.479383,12.97645
2026-08-10 20:38:49,27323.22,144199,721,-54.9468,-154.6028,5.3,0.603044,,,,0.05,7.574146,0.757415,1.3e-05,0.854744,10.0,10.0,10.479754,0.0,10.479754,89.520246,68.235324,0.588095,12.97645
2026-08-10 20:39:27,27361.57,144399,722,-109.4551,-157.5216,5.3,0.33054,,,,0.05,5.968843,0.596884,1.3e-05,0.931092,10.0,10.0,10.832419,0.0,10.832419,89.167581,67.857887,0.84953,12.97645
2026-08-10 20:40:05,27400.06,144599,723,-19.805,-152.0994,5.3,0.326786,,,,0.05,6.581451,0.658145,1.929,3.18173,10.0,10.0,8.765395,0.0,8.765395,91.234605,68.760961,0.562183,12.97645
2026-08-10 20:40:44,27438.43,144799,724,57.2904,-152.9422,5.3,0.764617,,,,0.05,8.256085,0.825609,1.94095,1.19968,10.0,10.0,7.493317,0.0,7.493317,92.506683,70.480636,0.667568,12.97645
2026-08-10 20:41:22,27476.64,144999,725,13.2752,-152.8309,5.3,0.587418,,,,0.05,7.394111,0.739411,1.928,1.109437,10.0,10.0,8.193594,0.0,8.193594,91.806406,70.190658,0.736902,12.97645
2026-08-10 20:42:01,27516.1,145199,726,222.5672,-145.0083,5.3,0.735363,,,,0.05,7.427975,0.742797,1.92895,0.054926,1.0,1.0,0.0,0.0,0.0,100.0,77.20576,0.714446,12.97645
2026-08-10 20:42:40,27554.81,145399,727,116.0244,-145.3732,5.3,0.13282,,,,0.05,11.25874,1.125874,1.937,1.532129,10.0,10.0,8.767023,0.0,8.767023,91.232977,69.199448,0.626652,12.97645
2026-08-10 20:43:19,27593.56,145599,728,368.5182,-144.2363,5.3,0.611573,,,,0.05,12.30529,1.230529,1.93995,0.010669,0.0,1.0,0.0,0.0,0.0,100.0,76.90496,0.690163,12.97645
2026-08-10 20:43:57,27632.07,145799,729,-244.748,-147.1587,5.3,1.223126,,,,0.05,9.541342,0.954134,1.93795,2.134471,10.0,10.0,20.856657,0.0,20.856657,79.143343,59.338459,0.618848,12.97645
2026-08-10 20:44:36,27670.54,145999,730,230.1402,-140.2723,5.3,0.294762,,,,0.05,12.347666,1.234767,1.94995,1.34368,10.0,10.0,5.504279,0.0,5.504279,94.495721,71.332119,0.66403,12.97645
2026-08-10 20:45:14,27708.84,146199,731,355.4073,-126.2651,5.3,0.277636,,,,0.05,13.774413,1.377441,1.944,1.522278,10.0,10.0,2.15119,0.0,2.15119,97.84881,73.544352,0.651986,12.97645
2026-08-10 20:45:53,27747.16,146399,732,-252.465,-127.5621,5.3,0.168629,,,,0.05,8.906535,0.890654,1.9429,4.013545,10.0,10.0,20.048513,0.0,20.048513,79.951487,58.566356,0.667348,12.97645
2026-08-10 20:46:31,27785.53,146599,733,-1084.7029,-140.7851,5.3,0.107787,,,,0.05,4.426474,0.442647,1.641818,5.567685,10.0,10.0,47.349538,0.0,47.349538,52.650462,37.095382,0.710768,12.97645
2026-08-10 20:47:09,27823.83,146799,734,-719.2482,-143.7855,5.3,0.431954,,,,0.05,5.667565,0.566756,0.897984,0.537633,8.1,10.0,34.157534,0.0,34.157534,65.842466,48.863824,0.48998,12.97645
2026-08-10 20:47:48,27862.59,146999,735,-477.8806,-145.995,5.3,0.186904,,,,0.05,7.347165,0.734716,1.933,1.466908,10.0,10.0,27.028469,0.0,27.028469,72.971531,54.632978,0.561675,12.97645
2026-08-10 20:48:26,27901.09,147199,736,182.4248,-146.6781,5.3,0.21772,,,,0.05,7.451828,0.745183,1.932,1.339607,10.0,10.0,1.783281,0.0,1.783281,98.216719,74.9234,0.59146,12.97645
2026-08-10 20:49:05,27939.42,147399,737,-246.2416,-151.6403,5.3,0.640239,,,,0.05,7.773257,0.777326,1.418216,2.10642,10.0,10.0,18.813146,0.0,18.813146,81.186854,61.036441,0.606212,12.97645
2026-08-10 20:49:43,27977.71,147599,738,-638.652,-157.1164,5.3,0.725682,,,,0.05,4.931234,0.493123,0.266788,3.594961,10.0,10.0,30.678877,0.0,30.678877,69.321123,51.286383,0.567375,12.97645
2026-08-10 20:50:21,28015.96,147799,739,16.4109,-159.299,5.3,0.264355,,,,0.05,7.653693,0.765369,1.932,1.097026,10.0,10.0,8.477932,0.0,8.477932,91.522068,69.756838,0.502135,12.97645
2026-08-10 20:51:00,28054.36,147999,740,227.0527,-156.6644,5.3,0.24206,,,,0.05,7.568422,0.756842,1.92995,0.013246,0.0,1.0,0.0,0.0,0.0,100.0,76.82176,0.51766,12.97645
2026-08-10 20:51:38,28092.82,148199,741,-394.5856,-159.9057,5.3,0.580882,,,,0.05,5.349659,0.534966,1.932,4.247485,10.0,10.0,21.781617,0.0,21.781617,78.218383,57.674519,0.59018,12.97645
2026-08-10 20:52:17,28131.49,148399,742,-809.7552,-169.9429,5.3,0.328442,,,,0.05,4.919298,0.49193,1.932,5.588141,10.0,10.0,37.190774,0.0,37.190774,62.809226,45.13469,0.608272,12.97645
2026-08-10 20:52:55,28169.83,148599,743,-609.7194,-176.8567,5.3,0.590541,,,,0.05,4.8128,0.48128,1.757492,1.219469,10.0,10.0,29.190163,0.0,29.190163,70.809837,52.826108,0.632579,12.97645
2026-08-10 20:53:33,28208.02,148799,744,223.8787,-173.8788,5.3,0.453292,,,,0.05,7.462623,0.746262,1.931,0.009525,0.0,0.0,0.0,0.0,0.0,100.0,76.8704,0.559704,12.97645
2026-08-10 20:54:12,28246.26,148999,745,-1184.2224,-183.7888,5.3,0.835575,,,,0.05,3.852317,0.385232,0.423784,1.372274,10.0,10.0,50.17229,0.0,50.17229,49.82771,36.150049,0.603089,12.97645
2026-08-10 20:54:50,28284.47,149199,746,-89.4478,-183.5784,5.3,0.333061,,,,0.05,5.240565,0.524056,1.935,0.980459,10.0,10.0,9.535623,0.0,9.535623,90.464377,68.90514,0.612756,12.97645
2026-08-10 20:55:28,28322.8,149399,747,-163.056,-180.4581,5.3,0.175456,,,,0.05,6.611674,0.661167,1.942,0.624844,10.0,10.0,13.923232,0.0,13.923232,86.076768,65.816552,0.672555,12.97645
2026-08-10 20:56:07,28361.33,149599,748,193.9751,-179.3759,5.3,0.204582,,,,0.05,6.465837,0.646584,1.9369,0.933145,6.0,8.0,0.0,0.0,0.0,100.0,76.220639,0.622863,12.97645
2026-08-10 20:56:45,28399.71,149799,749,-646.423,-186.4931,5.3,0.471394,,,,0.05,5.516696,0.55167,1.92842,0.948105,10.0,10.0,31.257288,0.0,31.257288,68.742712,51.451451,0.625616,12.97645
2026-08-10 20:57:23,28438.09,149999,750,-202.2941,-189.2624,5.3,0.517908,,,,0.05,6.33552,0.633552,1.93095,0.828125,4.0,10.0,15.351607,0.0,15.351607,84.648393,64.026261,0.637281,14.202175
2026-08-10 20:58:02,28476.32,150199,751,294.2063,-187.0022,5.3,0.182871,,,,0.05,9.836539,0.983654,1.93395,0.003807,0.0,0.0,0.0,0.0,0.0,100.0,77.00352,0.645969,14.202175
2026-08-10 20:58:40,28514.71,150399,752,-320.0578,-185.829,5.3,0.598255,,,,0.05,6.915868,0.691587,0.353671,1.244214,8.0,9.0,18.674989,0.0,18.674989,81.325011,61.382506,0.57064,14.202175
2026-08-10 20:59:18,28553.03,150599,753,-59.0924,-184.5343,5.3,0.420935,,,,0.05,7.258552,0.725855,1.93095,2.688211,10.0,10.0,10.106055,0.0,10.106055,89.893945,67.69192,0.58467,14.202175
2026-08-10 20:59:57,28591.58,150799,754,-376.7651,-190.3929,5.3,0.325849,,,,0.05,5.932128,0.593213,3.8e-05,2.455684,10.0,10.0,19.430553,0.0,19.430553,80.569447,58.894217,0.66273,14.202175
2026-08-10 21:00:35,28630.03,150999,755,-1032.3022,-202.8579,5.3,0.279726,,,,0.05,3.736841,0.373684,0.806978,3.87558,10.0,10.0,40.8647,0.0,40.8647,59.1353,43.12536,0.721235,14.202175
2026-08-10 21:01:14,28668.29,151199,756,-497.4804,-203.097,5.3,0.678955,,,,0.05,4.002799,0.40028,1.923142,1.985231,10.0,10.0,22.231329,0.0,22.231329,77.768671,58.083572,0.765095,14.202175
2026-08-10 21:01:52,28706.48,151399,757,-277.5322,-197.4286,5.3,0.551681,,,,0.05,4.780472,0.478047,3.5e-05,0.600821,2.0,10.0,14.472693,0.0,14.472693,85.527307,64.682144,0.578356,14.202175
2026-08-10 21:02:30,28744.7,151599,758,184.9119,-192.1482,5.3,0.282552,,,,0.05,7.081783,0.708178,4.2e-05,1.280649,10.0,10.0,1.054391,0.0,1.054391,98.945609,75.033396,0.56088,14.202175
2026-08-10 21:03:09,28783.14,151799,759,-942.4693,-196.3585,5.3,0.288165,,,,0.05,4.626314,0.462631,1.94795,6.131033,10.0,10.0,38.61163,0.0,38.61163,61.38837,44.416943,0.758821,14.202175
2026-08-10 21:03:47,28821.55,151999,760,-133.0336,-198.4427,5.3,1.572765,,,,0.05,9.82083,0.982083,1.951,2.45295,10.0,10.0,15.243892,0.0,15.243892,84.756108,63.864507,0.58549,14.202175
2026-08-10 21:04:26,28860.14,152199,761,-1102.6478,-206.6706,5.3,0.448431,,,,0.05,5.374701,0.53747,3e-06,5.583239,10.0,10.0,44.263826,0.0,44.263826,55.736174,40.08997,0.698022,14.202175
2026-08-10 21:05:04,28898.45,152399,762,330.9857,-201.798,5.3,0.533446,,,,0.05,11.032857,1.103286,1.934,0.005147,0.0,0.0,0.0,0.0,0.0,100.0,76.8448,0.566788,14.202175
2026-08-10 21:05:42,28936.92,152599,763,-147.5299,-206.4269,5.3,0.210748,,,,0.05,8.423014,0.842301,1.94095,2.413321,10.0,10.0,14.361102,0.0,14.361102,85.638898,64.793118,0.638309,14.202175
2026-08-10 21:06:21,28975.15,152799,764,-435.8534,-214.2417,5.3,0.163304,,,,0.05,5.658865,0.565886,1.043284,1.990298,10.0,10.0,21.383512,0.0,21.383512,78.616488,58.970948,0.56968,14.202175
2026-08-10 21:06:59,29013.64,152999,765,-704.5553,-215.5199,5.3,0.431864,,,,0.05,3.71395,0.371395,1.735833,3.851844,10.0,10.0,29.29229,0.0,29.29229,70.70771,52.37907,0.721923,14.202175
2026-08-10 21:07:37,29052.05,153199,766,-7.2553,-215.7579,5.3,0.245811,,,,0.05,4.096529,0.409653,1.931,3.075701,10.0,10.0,4.950955,0.0,4.950955,95.049045,71.957232,0.699471,14.202175
2026-08-10 21:08:16,29090.63,153399,767,-218.7354,-218.1656,5.3,0.462222,,,,0.05,4.008755,0.400875,1.93095,2.789257,10.0,10.0,12.389085,0.0,12.389085,87.610915,65.792765,0.704389,14.202175
2026-08-10 21:08:54,29128.96,153599,768,15.0033,-211.2191,5.3,0.238789,,,,0.05,4.112442,0.411244,1.93295,1.484876,10.0,10.0,4.014233,0.0,4.014233,95.985767,72.894352,0.732351,14.202175
2026-08-10 21:09:33,29167.13,153799,769,169.149,-210.6142,5.3,0.884381,,,,0.05,5.638299,0.56383,1.925,0.007952,0.0,0.0,0.0,0.0,0.0,100.0,76.77952,0.663052,14.202175
2026-08-10 21:10:11,29205.36,153999,770,-1143.7197,-219.3246,5.3,0.266382,,,,0.05,3.491457,0.349146,1.91595,2.362344,10.0,10.0,44.089643,0.0,44.089643,55.910357,40.74577,0.802067,14.202175
2026-08-10 21:10:49,29243.7,154199,771,16.3193,-208.3659,5.3,0.190946,,,,0.05,6.791362,0.679136,1.937,1.253926,10.0,10.0,6.658658,0.0,6.658658,93.341342,71.02241,0.712405,14.202175
2026-08-10 21:11:27,29282.05,154399,772,49.0193,-208.7917,5.3,0.306836,,,,0.05,7.864911,0.786491,1.937,1.201868,10.0,10.0,6.726315,0.0,6.726315,93.273685,71.015228,0.65005,14.202175
2026-08-10 21:12:06,29320.58,154599,773,-996.536,-218.7816,5.3,0.548259,,,,0.05,4.057403,0.40574,1.91895,2.884874,10.0,10.0,39.19619,0.0,39.19619,60.80381,44.325037,0.728629,14.202175
2026-08-10 21:12:44,29358.98,154799,774,-231.0697,-222.3752,5.3,0.632977,,,,0.05,4.352304,0.43523,1.92795,0.69117,10.0,10.0,12.858501,0.0,12.858501,87.141499,66.054715,0.751483,14.202175
2026-08-10 21:13:23,29397.22,154999,775,149.0855,-222.5939,5.3,0.721155,,,,0.05,5.061202,0.50612,1.9349,0.006967,0.0,0.0,0.0,0.0,0.0,100.0,76.249135,0.77652,14.202175
2026-08-10 21:14:01,29435.43,155199,776,-354.6698,-228.7861,5.3,0.352071,,,,0.05,4.388172,0.438817,1.082185,0.245521,0.0,10.0,17.295407,0.0,17.295407,82.704593,62.368421,0.71798,14.202175
2026-08-10 21:14:39,29473.62,155399,777,103.353,-226.1712,5.3,0.841562,,,,0.05,4.123415,0.412342,1.929174,1.27371,10.0,10.0,0.78291,0.0,0.78291,99.21709,75.133252,0.77576,14.202175
2026-08-10 21:15:17,29511.98,155599,778,-167.3624,-229.1837,5.3,0.314177,,,,0.05,3.830483,0.383048,1.935,0.963694,10.0,10.0,10.219634,0.0,10.219634,89.780366,68.277117,0.822064,14.202175
2026-08-10 21:15:56,29550.53,155799,779,-258.9858,-235.04,5.3,0.156161,,,,0.05,4.576839,0.457684,1.93795,3.61942,10.0,10.0,14.081221,0.0,14.081221,85.918779,63.982071,0.614999,14.202175
2026-08-10 21:16:34,29589.01,155999,780,-826.4264,-244.713,5.3,0.353453,,,,0.05,3.387482,0.338748,1.18916,0.908146,10.0,10.0,32.368199,0.0,32.368199,67.631801,50.777735,0.663909,14.202175
2026-08-10 21:17:13,29627.19,156199,781,140.4485,-244.9563,5.3,0.823114,,,,0.05,7.016354,0.701635,1.93695,1.479322,10.0,10.0,2.60304,0.0,2.60304,97.39696,74.274707,0.584437,14.202175
2026-08-10 21:17:51,29665.46,156399,782,191.71,-244.4473,5.3,0.307294,,,,0.05,6.390335,0.639034,1.93595,0.008354,0.0,0.0,0.0,0.0,0.0,100.0,76.76672,0.632705,14.202175
2026-08-10 21:18:29,29703.75,156599,783,290.5146,-229.5991,5.3,0.450567,,,,0.05,9.728556,0.972856,1.944,0.002993,0.0,0.0,0.0,0.0,0.0,100.0,76.56192,0.701307,14.202175
2026-08-10 21:19:08,29742.15,156799,784,-84.0975,-232.046,5.3,0.123993,,,,0.05,8.210035,0.821004,1.93495,1.117422,10.0,10.0,11.662353,0.0,11.662353,88.337647,66.685854,0.516888,14.202175
2026-08-10 21:19:46,29780.49,156999,785,-115.9296,-234.7449,5.3,0.24467,,,,0.05,7.87342,0.787342,1.94595,0.731607,10.0,10.0,12.619135,0.0,12.619135,87.380865,66.242437,0.727509,14.202175
2026-08-10 21:20:24,29818.95,157199,786,-651.4712,-242.7901,5.3,0.212083,,,,0.05,6.378664,0.637866,1.857269,1.163792,10.0,10.0,29.579417,0.0,29.579417,70.420583,52.450339,0.510542,14.202175
2026-08-10 21:21:03,29857.3,157399,787,-205.4562,-246.4978,5.3,0.789511,,,,0.05,6.341355,0.634135,1.943,0.576191,10.0,10.0,14.132723,0.0,14.132723,85.867277,65.09009,0.611741,14.202175
2026-08-10 21:21:41,29895.55,157599,788,-22.332,-245.9136,5.3,0.890469,,,,0.05,8.132365,0.813237,1.943,2.852599,10.0,10.0,9.77812,0.0,9.77812,90.22188,67.771851,0.573296,14.202175
2026-08-10 21:22:19,29933.79,157799,789,-112.1407,-246.9573,5.3,0.279054,,,,0.05,5.526149,0.552615,1.937,2.741244,10.0,10.0,9.986446,0.0,9.986446,90.013554,67.406341,0.697224,14.202175
2026-08-10 21:22:58,29972.12,157999,790,114.3198,-237.5319,5.3,0.380132,,,,0.05,4.294134,0.429413,1.929,1.238871,9.0,10.0,0.594053,0.0,0.594053,99.405947,75.253702,0.659495,14.202175
2026-08-10 21:23:36,30010.56,158199,791,-705.0423,-247.0687,5.3,0.998609,,,,0.05,2.715637,0.271564,1.864557,3.874453,10.0,10.0,28.003732,0.0,28.003732,71.996268,53.298072,0.818667,14.202175
2026-08-10 21:24:15,30049.62,158399,792,-806.7822,-254.0103,5.3,0.324543,,,,0.05,2.514693,0.251469,0.301559,0.980271,10.0,10.0,30.924653,0.0,30.924653,69.075347,51.513989,0.687978,14.202175
2026-08-10 21:24:53,30087.99,158599,793,-446.3917,-258.0414,5.3,0.150776,,,,0.05,3.855203,0.38552,0.515886,2.003998,10.0,10.0,19.938287,0.0,19.938287,80.061713,60.002245,0.471603,14.202175
2026-08-10 21:25:32,30126.39,158799,794,232.5089,-257.6964,5.3,0.100021,,,,0.05,7.970298,0.79703,1.94195,1.812334,9.0,10.0,0.285371,0.0,0.285371,99.714629,75.584022,0.553423,14.202175
2026-08-10 21:26:10,30164.67,158999,795,-553.2628,-265.3731,5.3,0.25955,,,,0.05,5.585616,0.558562,1.933,1.697594,10.0,10.0,25.645925,0.0,25.645925,74.354075,56.078796,0.606271,14.202175
2026-08-10 21:26:48,30202.91,159199,796,-1119.4026,-273.8392,5.3,0.273292,,,,0.05,3.58243,0.358243,0.940489,2.406153,10.0,10.0,43.335109,0.0,43.335109,56.664891,41.42252,0.614904,14.202175
2026-08-10 21:27:27,30241.33,159399,797,-370.4381,-276.746,5.3,0.265929,,,,0.05,9.624399,0.96244,1.938,0.996602,8.0,10.0,26.021011,0.0,26.021011,73.978989,56.881176,0.562949,14.202175
2026-08-10 21:28:05,30279.78,159599,798,-74.3529,-272.7481,5.3,0.335754,,,,0.05,6.850946,0.685095,1.94395,0.930433,10.0,10.0,9.948348,0.0,9.948348,90.051652,68.754666,0.672763,14.202175
2026-08-10 21:28:44,30318.15,159799,799,153.3473,-265.5062,5.3,0.338112,,,,0.05,5.114317,0.511432,1.943,0.04272,0.0,1.0,0.0,0.0,0.0,100.0,77.333256,0.731287,14.202175
2026-08-10 21:29:22,30356.35,159999,800,236.9752,-253.7495,5.3,0.26507,,,,0.05,8.03866,0.803866,1.94895,0.010619,0.0,1.0,0.0,0.0,0.0,100.0,77.14816,0.698304,14.202175
2026-08-10 21:30:00,30394.66,160199,801,-337.2028,-248.5431,5.3,0.297501,,,,0.05,5.445805,0.54458,0.677067,0.643761,3.0,10.0,17.47518,0.0,17.47518,82.52482,62.710061,0.59794,14.202175
2026-08-10 21:30:38,30432.76,160399,802,174.7164,-244.5003,5.3,0.411375,,,,0.05,5.8307,0.58307,1.94095,0.147798,1.0,2.0,0.0,0.0,0.0,100.0,77.20908,0.713014,14.202175
2026-08-10 21:31:17,30471.14,160599,803,-667.1009,-254.7797,5.3,0.636804,,,,0.05,5.090757,0.509076,1.575818,1.271277,10.0,10.0,29.16466,0.0,29.16466,70.83534,53.141076,0.659163,14.202175
2026-08-10 21:31:55,30509.69,160799,804,-698.7036,-265.3301,5.3,0.296615,,,,0.05,4.033074,0.403307,0.28763,1.254239,10.0,10.0,28.997385,0.0,28.997385,71.002615,53.08614,0.665031,14.202175
2026-08-10 21:32:34,30548.11,160999,805,221.832,-266.3372,5.3,1.294063,,,,0.05,7.430797,0.74308,1.94495,0.6727,5.0,7.0,0.0,0.0,0.0,100.0,76.307947,0.715914,14.202175
2026-08-10 21:33:12,30586.28,161199,806,146.9873,-261.3657,5.3,0.206899,,,,0.05,4.909275,0.490928,1.941,0.053119,1.0,1.0,0.0,0.0,0.0,100.0,76.700752,0.747797,14.202175
2026-08-10 21:33:50,30624.52,161399,807,-253.5538,-259.4316,5.3,1.272358,,,,0.05,4.580841,0.458084,1.936,0.584847,10.0,10.0,13.786015,0.0,13.786015,86.213985,65.249997,0.730614,14.202175
2026-08-10 21:34:28,30662.98,161599,808,-338.2357,-260.328,5.3,1.611953,,,,0.05,4.516761,0.451676,1.92795,2.461401,10.0,10.0,17.120212,0.0,17.120212,82.879788,61.789323,0.713014,14.202175
2026-08-10 21:35:07,30701.27,161799,809,-363.6758,-254.1746,5.3,0.306914,,,,0.05,4.477138,0.447714,0.824056,1.059656,6.0,10.0,17.391304,0.0,17.391304,82.608696,61.15618,0.640424,14.202175
2026-08-10 21:35:45,30739.54,161999,810,204.8484,-245.4989,5.3,0.325213,,,,0.05,6.889903,0.68899,1.934,0.014854,0.0,1.0,0.0,0.0,0.0,100.0,76.09088,0.684742,14.202175
2026-08-10 21:36:23,30777.99,162199,811,110.8912,-241.7896,5.3,0.732946,,,,0.05,6.202601,0.62026,1.939,1.458426,10.0,10.0,2.727883,0.0,2.727883,97.272117,73.410391,0.668986,14.202175
2026-08-10 21:37:02,30816.33,162399,812,-265.5845,-240.2756,5.3,0.3675,,,,0.05,5.203097,0.52031,1.941,2.417573,10.0,10.0,15.226669,0.0,15.226669,84.773331,63.138447,0.705334,14.202175
2026-08-10 21:37:40,30854.58,162599,813,154.4111,-239.162,5.3,0.284102,,,,0.05,5.147038,0.514704,1.94495,0.013911,0.0,1.0,0.0,0.0,0.0,100.0,76.27904,0.771994,15.036535
2026-08-10 21:38:18,30892.92,162799,814,159.1984,-233.8135,5.3,0.320675,,,,0.05,5.306614,0.530661,1.94395,0.030274,0.0,1.0,0.0,0.0,0.0,100.0,76.401133,0.763226,15.036535
2026-08-10 21:38:57,30931.44,162999,815,-193.6684,-223.4197,5.3,0.279225,,,,0.05,5.054076,0.505408,1.94695,0.829287,10.0,10.0,11.611386,0.0,11.611386,88.388614,67.11127,0.707414,15.036535
2026-08-10 21:39:35,30969.87,163199,816,-334.5562,-227.5869,5.3,0.573035,,,,0.05,6.371795,0.63718,0.864502,0.548007,6.0,10.0,17.382225,0.0,17.382225,82.617775,61.776692,0.628682,15.036535
2026-08-10 21:40:14,31008.16,163399,817,273.9682,-221.0558,5.3,0.122309,,,,0.05,9.412928,0.941293,1.92995,0.029271,0.0,1.0,0.0,0.0,0.0,100.0,76.614994,0.737201,15.036535
2026-08-10 21:40:52,31046.43,163599,818,33.9378,-221.5584,5.3,0.3495,,,,0.05,8.719488,0.871949,1.936,1.177879,10.0,10.0,7.691282,0.0,7.691282,92.308718,70.100377,0.569211,15.036535
2026-08-10 21:41:30,31084.81,163799,819,-402.1739,-216.2388,5.3,0.167388,,,,0.05,6.128546,0.612855,4.1e-05,2.208087,10.0,10.0,19.955385,0.0,19.955385,80.044615,60.17353,0.597044,15.036535
2026-08-10 21:42:08,31123.01,163999,820,36.1293,-209.0754,5.3,0.399024,,,,0.05,2.7419,0.27419,8e-06,1.268303,10.0,10.0,1.380953,0.0,1.380953,98.619047,75.052236,0.858697,15.036535
2026-08-10 21:42:47,31161.38,164199,821,-648.2544,-215.0085,5.3,0.317836,,,,0.05,3.691516,0.369152,1e-05,1.710763,10.0,10.0,24.863452,0.0,24.863452,75.136548,56.314271,0.847271,15.036535
2026-08-10 21:43:25,31199.73,164399,822,247.6769,-211.4372,5.3,0.228399,,,,0.05,9.332247,0.933225,9e-06,0.006559,0.0,0.0,0.0,0.0,0.0,100.0,77.08416,0.810593,15.036535
2026-08-10 21:44:04,31238.33,164599,823,-998.1814,-221.2209,5.3,0.238537,,,,0.05,9.210709,0.921071,1.94,2.551457,10.0,10.0,42.934665,0.0,42.934665,57.065335,41.864078,0.514998,15.036535
2026-08-10 21:44:42,31276.63,164799,824,-191.9862,-223.7137,5.3,0.314753,,,,0.05,10.246638,1.024664,4e-05,0.304664,1.0,10.0,16.384492,0.0,16.384492,83.615508,63.409085,0.579374,15.036535
2026-08-10 21:45:20,31314.86,164999,825,220.2146,-221.6443,5.3,0.356841,,,,0.05,8.450218,0.845022,1.1e-05,0.015021,0.0,1.0,0.0,0.0,0.0,100.0,76.60672,0.786464,15.036535
2026-08-10 21:45:59,31353.17,165199,826,18.1319,-223.6887,5.3,0.310872,,,,0.05,6.544189,0.654419,8e-06,2.56967,10.0,10.0,6.012147,0.0,6.012147,93.987853,70.952026,0.756034,15.036535
2026-08-10 21:46:37,31391.4,165399,827,-78.1307,-225.6302,5.3,0.135147,,,,0.05,5.998426,0.599843,4.2e-05,3.496135,10.0,10.0,8.955894,0.0,8.955894,91.044106,68.758278,0.655349,15.036535
2026-08-10 21:47:15,31429.63,165599,828,151.6024,-227.7994,5.3,0.11035,,,,0.05,5.053414,0.505341,1.92995,0.029721,0.0,1.0,0.0,0.0,0.0,100.0,77.00522,0.689656,15.036535
2026-08-10 21:47:54,31468.34,165799,829,-538.4238,-230.7361,5.3,0.197519,,,,0.05,3.64129,0.364129,1.932,4.294278,10.0,10.0,22.218717,0.0,22.218717,77.781283,58.107254,0.709968,15.036535
2026-08-10 21:48:32,31506.79,165999,830,201.4274,-231.0233,5.3,0.315142,,,,0.05,6.719633,0.671963,1.932,0.010527,0.0,1.0,0.0,0.0,0.0,100.0,76.96896,0.696691,15.036535
2026-08-10 21:49:11,31545.12,166199,831,333.4664,-231.2427,5.3,0.123355,,,,0.05,11.115547,1.111555,1.937,0.011089,0.0,1.0,0.0,0.0,0.0,100.0,76.87296,0.492245,15.036535
2026-08-10 21:49:49,31583.4,166399,832,-221.6963,-230.935,5.3,0.245614,,,,0.05,8.099339,0.809934,1.93095,0.411431,1.0,10.0,15.540935,0.0,15.540935,84.459065,63.928486,0.68598,15.036535
2026-08-10 21:50:27,31621.58,166599,833,376.3374,-216.3246,5.3,0.299291,,,,0.05,12.792559,1.279256,1.937,0.004848,0.0,0.0,0.0,0.0,0.0,100.0,76.82816,0.584791,15.036535
2026-08-10 21:51:05,31659.97,166799,834,-805.6415,-217.1885,5.3,0.098401,,,,0.05,5.755473,0.575547,1.93595,6.139064,10.0,10.0,32.867226,0.0,32.867226,67.132774,48.877543,0.656749,15.036535
2026-08-10 21:51:44,31698.52,166999,835,-579.3129,-218.2028,5.3,0.20209,,,,0.05,6.702075,0.670208,1.939,4.026806,10.0,10.0,26.4722,0.0,26.4722,73.5278,54.737108,0.715989,15.036535
2026-08-10 21:52:22,31737.01,167199,836,-121.0304,-221.2374,5.3,0.291686,,,,0.05,6.44384,0.644384,1.92895,0.913621,10.0,10.0,10.641945,0.0,10.641945,89.358055,67.941922,0.671743,15.036535
2026-08-10 21:53:01,31775.29,167399,837,224.5777,-216.5292,5.3,0.248704,,,,0.05,7.493014,0.749301,1.92295,0.006401,0.0,0.0,0.0,0.0,0.0,100.0,76.990075,0.618107,15.036535
2026-08-10 21:53:39,31813.51,167599,838,222.6674,-207.916,5.3,0.178491,,,,0.05,7.422246,0.742225,1.924,0.007174,0.0,0.0,0.0,0.0,0.0,100.0,76.90496,0.562169,15.036535
2026-08-10 21:54:17,31851.65,167799,839,247.1419,-205.6087,5.3,0.116199,,,,0.05,8.238064,0.823806,1.927,0.016934,0.0,1.0,0.0,0.0,0.0,100.0,76.79744,0.619402,15.036535
2026-08-10 21:54:55,31889.94,167999,840,-332.4869,-211.2041,5.3,0.38809,,,,0.05,5.205289,0.520529,1.92895,0.323182,0.0,10.0,16.239631,0.0,16.239631,83.760369,63.291751,0.629412,15.036535
2026-08-10 21:55:34,31928.26,168199,841,-576.8675,-213.0269,5.3,0.310192,,,,0.05,4.995733,0.499573,1.927,1.723979,10.0,10.0,24.406418,0.0,24.406418,75.593582,56.634664,0.66658,15.036535
2026-08-10 21:56:12,31966.84,168399,842,-815.1279,-213.0806,5.3,0.13201,,,,0.05,5.621866,0.562187,0.81936,3.745045,10.0,10.0,32.878216,0.0,32.878216,67.121784,49.699902,0.547374,15.036535
2026-08-10 21:56:51,32005.27,168599,843,-926.8829,-216.2523,5.3,0.301426,,,,0.05,5.238135,0.523814,1.240835,3.741458,10.0,10.0,36.408114,0.0,36.408114,63.591886,46.607575,0.584196,15.036535
2026-08-10 21:57:29,32043.62,168799,844,-1008.9391,-228.5804,5.3,0.420149,,,,0.05,3.188521,0.318852,1.93195,6.901743,10.0,10.0,37.41518,0.0,37.41518,62.58482,44.970418,0.793264,15.036535
2026-08-10 21:58:07,32081.74,168999,845,6.6321,-216.6719,5.3,0.36207,,,,0.05,5.597063,0.559706,1.93395,1.350611,10.0,10.0,5.565999,0.0,5.565999,94.434001,71.886866,0.582446,15.036535
2026-08-10 21:58:46,32120.15,169199,846,139.9966,-214.3774,5.3,0.269076,,,,0.05,4.666553,0.466655,1.93695,0.110625,1.0,2.0,0.0,0.0,0.0,100.0,76.679675,0.676234,15.036535
2026-08-10 21:59:24,32158.72,169399,847,-118.1831,-213.9287,5.3,1.21698,,,,0.05,3.796845,0.379684,1.93395,2.962196,10.0,10.0,8.090718,0.0,8.090718,91.909282,69.124411,0.754157,15.036535
2026-08-10 22:00:03,32197.34,169599,848,-946.8971,-225.3374,5.3,0.245881,,,,0.05,4.567292,0.456729,3.8e-05,3.165333,10.0,10.0,36.323453,0.0,36.323453,63.676547,46.746606,0.5928,15.036535
2026-08-10 22:00:41,32235.65,169799,849,203.8459,-216.8348,5.3,0.292302,,,,0.05,10.488066,1.048807,1.94495,1.372338,10.0,10.0,3.643042,0.0,3.643042,96.356958,73.068058,0.72911,15.036535
2026-08-10 22:01:19,32273.88,169999,850,393.9484,-210.8723,5.3,1.390539,,,,0.05,13.136631,1.313663,1.932,0.011097,0.0,1.0,0.0,0.0,0.0,100.0,76.9344,0.488654,15.036535
2026-08-10 22:01:58,32312.36,170199,851,-1778.9216,-231.6036,5.3,0.248655,,,,0.05,4.658399,0.46584,0.359966,8.897676,10.0,10.0,64.190669,0.0,64.190669,35.809331,23.826356,0.557992,15.036535
2026-08-10 22:02:36,32350.54,170399,852,-294.0965,-231.344,5.3,0.479531,,,,0.05,7.696129,0.769613,0.739075,0.183483,0.0,10.0,17.480187,0.0,17.480187,82.519813,63.028722,0.475858,15.036535
2026-08-10 22:03:14,32388.83,170599,853,297.8177,-227.7749,5.3,0.341582,,,,0.05,10.173092,1.017309,1.92995,1.024749,9.0,10.0,0.281854,0.0,0.281854,99.718146,76.241563,0.482161,15.036535
2026-08-10 22:03:53,32427.28,170799,854,109.1956,-222.9153,5.3,0.496962,,,,0.05,7.197506,0.719751,1.93,1.417336,10.0,10.0,3.735694,0.0,3.735694,96.264306,73.582751,0.54081,15.036535
2026-08-10 22:04:31,32465.73,170999,855,-343.4846,-216.0271,5.3,0.211343,,,,0.05,7.141453,0.714145,1.938,4.980689,10.0,10.0,18.762279,0.0,18.762279,81.237721,60.200094,0.603831,15.036535
2026-08-10 22:05:09,32503.99,171199,856,175.6581,-209.2957,5.3,0.453432,,,,0.05,5.85527,0.585527,1.93395,0.026913,0.0,1.0,0.0,0.0,0.0,100.0,76.667978,0.741528,15.036535
2026-08-10 22:05:48,32542.47,171399,857,-191.588,-208.4363,5.3,0.393084,,,,0.05,5.535475,0.553547,1.932,0.756617,10.0,10.0,11.729341,0.0,11.729341,88.270659,67.160147,0.621575,15.036535
2026-08-10 22:06:26,32580.75,171599,858,-255.7028,-212.8424,5.3,0.49695,,,,0.05,9.962039,0.996204,1.753208,2.072708,10.0,10.0,18.642121,0.0,18.642121,81.357879,61.037497,0.524389,15.036535
2026-08-10 22:07:04,32619.06,171799,859,141.4547,-202.0032,5.3,0.562359,,,,0.05,8.185658,0.818566,1.934,1.399504,10.0,10.0,3.725777,0.0,3.725777,96.274223,73.335438,0.484661,15.036535
2026-08-10 22:07:43,32657.46,171999,860,28.1538,-200.3913,5.3,1.383281,,,,0.05,4.028206,0.402821,1.93195,1.471037,10.0,10.0,3.285513,0.0,3.285513,96.714487,73.910392,0.638643,15.036535
2026-08-10 22:08:21,32696.06,172199,861,148.2043,-187.8828,5.3,0.361627,,,,0.05,4.940142,0.494014,1.93,0.011318,0.0,1.0,0.0,0.0,0.0,100.0,77.0176,0.64271,15.036535
2026-08-10 22:09:00,32734.45,172399,862,-1336.9782,-204.5624,5.3,0.561262,,,,0.05,3.139431,0.313943,0.049692,2.196366,10.0,10.0,47.976206,0.0,47.976206,52.023794,37.926503,0.61279,15.036535
2026-08-10 22:09:38,32772.72,172599,863,168.7813,-201.3993,5.3,0.446256,,,,0.05,8.135949,0.813595,1.932,1.42961,10.0,10.0,2.736667,0.0,2.736667,97.263333,74.082111,0.512892,15.036535
2026-08-10 22:10:16,32811.02,172799,864,-207.4502,-199.1153,5.3,0.363475,,,,0.05,6.240665,0.624066,1.93095,0.645889,10.0,10.0,13.024448,0.0,13.024448,86.975552,66.078963,0.703708,15.036535
2026-08-10 22:10:55,32849.34,172999,865,132.6278,-190.7435,5.3,1.155469,,,,0.05,8.450378,0.845038,1.94,1.512309,10.0,10.0,4.260026,0.0,4.260026,95.739974,72.743791,0.679204,15.036535
2026-08-10 22:11:33,32887.74,173199,866,150.5164,-189.1657,5.3,0.289241,,,,0.05,11.479594,1.147959,1.941,1.23237,10.0,10.0,6.499585,0.0,6.499585,93.500415,71.363859,0.593041,15.036535
2026-08-10 22:12:12,32926.3,173399,867,170.9412,-185.269,5.3,0.273361,,,,0.05,11.153429,1.115343,1.94895,1.29515,10.0,10.0,5.539865,0.0,5.539865,94.460135,71.686667,0.646145,15.036535
2026-08-10 22:12:50,32964.75,173599,868,-379.7076,-189.2161,5.3,0.624117,,,,0.05,7.700672,0.770067,1.93695,2.322596,10.0,10.0,20.366534,0.0,20.366534,79.633466,59.4642,0.647727,15.036535
2026-08-10 22:13:28,33003.08,173799,869,19.7826,-190.7098,5.3,1.944331,,,,0.05,10.997126,1.099713,1.958,1.01232,10.0,10.0,10.29434,0.0,10.29434,89.70566,67.828457,0.738746,15.036535
2026-08-10 22:14:07,33041.35,173999,870,440.6478,-174.8661,5.3,0.26972,,,,0.05,14.831003,1.4831,1.947,0.01254,0.0,1.0,0.0,0.0,0.0,100.0,76.34944,0.626236,15.036535
2026-08-10 22:14:45,33079.59,174199,871,415.6841,-170.8724,5.3,0.445765,,,,0.05,14.65692,1.465692,1.947,0.008753,0.0,0.0,0.0,0.0,0.0,100.0,76.3392,0.672324,15.036535
2026-08-10 22:15:23,33117.97,174399,872,64.7742,-170.7149,5.3,0.550014,,,,0.05,9.219308,0.921931,4e-05,1.192872,10.0,10.0,7.080668,0.0,7.080668,92.919332,70.375172,0.668722,15.036535
2026-08-10 22:16:02,33156.43,174599,873,83.1058,-159.9185,5.3,1.146402,,,,0.05,2.914458,0.291446,6e-06,0.016158,0.0,1.0,0.0,0.0,0.0,100.0,76.68352,0.791839,15.036535
2026-08-10 22:16:40,33194.78,174799,874,-22.1467,-157.8292,5.3,0.611094,,,,0.05,3.060987,0.306099,9e-06,1.445566,10.0,10.0,3.556402,0.0,3.556402,96.443598,73.150612,0.835985,15.036535
2026-08-10 22:17:18,33233.03,174999,875,-716.9754,-166.4898,5.3,0.412944,,,,0.05,2.139891,0.213989,7e-06,1.571439,10.0,10.0,26.218656,0.0,26.218656,73.781344,55.17784,0.84468,15.517328
2026-08-10 22:17:57,33271.26,175199,876,70.114,-162.242,5.3,0.314016,,,,0.05,5.675374,0.567537,1e-05,1.439672,10.0,10.0,3.132976,0.0,3.132976,96.867024,73.571706,0.793495,15.517328
2026-08-10 22:18:35,33309.54,175399,877,-84.7111,-164.1226,5.3,0.403883,,,,0.05,6.184397,0.61844,1.936,1.066588,10.0,10.0,8.922892,0.0,8.922892,91.077108,69.404475,0.609787,15.517328
2026-08-10 22:19:13,33347.88,175599,878,24.9775,-162.1992,5.3,0.338219,,,,0.05,5.955363,0.595536,1.937,1.384279,10.0,10.0,5.16954,0.0,5.16954,94.83046,72.023299,0.62894,15.517328
2026-08-10 22:19:52,33386.38,175799,879,-803.8895,-167.6483,5.3,0.585502,,,,0.05,5.207256,0.520726,0.64878,0.963905,10.0,10.0,31.026507,0.0,31.026507,68.973493,51.67891,0.612805,15.517328
2026-08-10 22:20:30,33424.99,175999,880,-337.3105,-162.7571,5.3,0.940261,,,,0.05,6.413322,0.641332,1.941,2.334789,10.0,10.0,17.3332,0.0,17.3332,82.6668,62.176392,0.524438,15.517328
2026-08-10 22:21:09,33463.25,176199,881,-959.9381,-173.761,5.3,0.339138,,,,0.05,4.153335,0.415333,1.935,3.327443,10.0,10.0,35.257622,0.0,35.257622,64.742378,47.686068,0.741712,15.517328
2026-08-10 22:21:47,33501.56,176399,882,-128.4247,-176.9623,5.3,0.55694,,,,0.05,4.35036,0.435036,1.92995,1.115524,10.0,10.0,8.366581,0.0,8.366581,91.633419,69.284903,0.631961,15.517328
2026-08-10 22:22:25,33539.8,176599,883,-277.3663,-182.6411,5.3,0.339521,,,,0.05,3.553479,0.355348,1.931,0.706782,10.0,10.0,12.475529,0.0,12.475529,87.524471,66.253367,0.825244,15.517328
2026-08-10 22:23:04,33578.12,176799,884,-594.4573,-187.7447,5.3,0.268757,,,,0.05,3.524235,0.352424,1.926,4.081125,10.0,10.0,23.112396,0.0,23.112396,76.887604,56.741359,0.848509,15.517328
2026-08-10 22:23:42,33616.55,176999,885,-149.799,-188.0834,5.3,0.195352,,,,0.05,5.608345,0.560835,1.93195,0.946077,10.0,10.0,10.553032,0.0,10.553032,89.446968,67.805281,0.597317,15.517328
2026-08-10 22:24:20,33654.96,177199,886,-284.0479,-184.4092,5.3,0.518267,,,,0.05,6.027128,0.602713,1.92795,0.440036,1.0,10.0,14.955532,0.0,14.955532,85.044468,64.574756,0.698992,15.517328
2026-08-10 22:24:59,33693.23,177399,887,282.853,-179.5261,5.3,0.257118,,,,0.05,9.428435,0.942843,1.94,0.273375,2.0,4.0,0.0,0.0,0.0,100.0,76.718883,0.549965,15.517328
2026-08-10 22:25:37,33731.48,177599,888,-157.7035,-180.8798,5.3,0.308936,,,,0.05,6.609687,0.660969,1.93395,2.449113,10.0,10.0,11.58634,0.0,11.58634,88.41366,66.615756,0.552123,15.517328
2026-08-10 22:26:15,33769.79,177799,889,-422.9022,-183.9874,5.3,0.475489,,,,0.05,8.219215,0.821922,1.938,2.029618,10.0,10.0,21.820236,0.0,21.820236,78.179764,58.684803,0.557971,15.517328
2026-08-10 22:26:53,33807.99,177999,890,293.01,-182.2005,5.3,0.783795,,,,0.05,9.77477,0.977477,1.93795,0.010158,0.0,1.0,0.0,0.0,0.0,100.0,76.989688,0.586751,15.517328
2026-08-10 22:27:32,33846.37,178199,891,-592.9892,-181.08,5.3,0.376906,,,,0.05,5.625248,0.562525,0.667047,1.689028,10.0,10.0,24.532687,0.0,24.532687,75.467313,56.767823,0.495822,15.517328
2026-08-10 22:28:10,33884.85,178399,892,84.0326,-172.1719,5.3,0.28463,,,,0.05,8.057384,0.805738,1.94095,1.363089,10.0,10.0,5.254164,0.0,5.254164,94.745836,72.473441,0.540848,15.517328
2026-08-10 22:28:49,33923.35,178599,893,-344.7571,-171.1555,5.3,0.556996,,,,0.05,9.606355,0.960635,1.954,2.103435,10.0,10.0,20.637902,0.0,20.637902,79.362098,59.62814,0.601916,15.517328
2026-08-10 22:29:27,33961.85,178799,894,356.0454,-169.9201,5.3,0.638968,,,,0.05,11.907331,1.190733,1.94795,0.135369,1.0,2.0,0.0,0.0,0.0,100.0,76.827559,0.577604,15.517328
2026-08-10 22:30:06,34000.13,178999,895,-311.4297,-167.5018,5.3,0.21487,,,,0.05,9.227605,0.92276,1.93595,2.17719,10.0,10.0,19.010763,0.0,19.010763,80.989237,61.035436,0.565781,15.517328
2026-08-10 22:30:44,34038.35,179199,896,282.7414,-153.4804,5.3,0.413078,,,,0.05,9.424714,0.942471,1.936,0.995525,6.0,8.0,0.0,0.0,0.0,100.0,76.369117,0.48165,15.517328
2026-08-10 22:31:22,34076.71,179399,897,-246.3223,-152.2392,5.3,0.244163,,,,0.05,6.34111,0.634111,1.932,4.287881,10.0,10.0,14.496495,0.0,14.496495,85.503505,63.577168,0.509208,15.517328
2026-08-10 22:32:00,34115.11,179599,898,188.1116,-149.6146,5.3,0.27611,,,,0.05,6.270388,0.627039,1.93,0.014889,0.0,1.0,0.0,0.0,0.0,100.0,76.94464,0.543093,15.517328
2026-08-10 22:32:39,34153.42,179799,899,232.4876,-148.8232,5.3,0.453752,,,,0.05,7.749587,0.774959,1.93195,0.151308,1.0,1.0,0.0,0.0,0.0,100.0,76.687726,0.53259,15.517328
2026-08-10 22:33:17,34191.67,179999,900,343.385,-147.7591,5.3,0.295235,,,,0.05,11.496805,1.14968,1.93295,0.533147,5.0,7.0,0.0,0.0,0.0,100.0,75.843567,0.510091,15.517328
2026-08-10 22:33:55,34230.1,180199,901,-1040.9148,-154.7962,5.3,0.392553,,,,0.05,8.567387,0.856739,1.94,5.897163,10.0,10.0,42.386569,0.0,42.386569,57.613431,41.398516,0.568733,15.517328
2026-08-10 22:34:34,34268.43,180399,902,-1414.7054,-170.6904,5.3,0.411139,,,,0.05,4.022759,0.402276,1.514868,5.494239,10.0,10.0,50.006713,0.0,50.006713,49.993287,35.380482,0.712717,15.517328
2026-08-10 22:35:12,34306.83,180599,903,264.446,-161.3749,5.3,0.541047,,,,0.05,9.937323,0.993732,1.934,1.484341,10.0,10.0,1.15353,0.0,1.15353,98.84647,74.791521,0.686331,15.517328
2026-08-10 22:35:51,34345.25,180799,904,-180.3276,-156.1912,5.3,0.368328,,,,0.05,7.840757,0.784076,1.93395,0.663783,10.0,10.0,13.352316,0.0,13.352316,86.647684,65.526262,0.652459,15.517328
2026-08-10 22:36:29,34383.77,180999,905,-1249.5961,-170.9055,5.3,0.383841,,,,0.05,6.055534,0.605553,1.222012,2.022703,10.0,10.0,46.278647,0.0,46.278647,53.721353,39.32482,0.59206,15.517328
2026-08-10 22:37:07,34422.06,181199,906,-267.8671,-175.054,5.3,0.465469,,,,0.05,6.125824,0.612582,1.93695,4.108133,10.0,10.0,14.91838,0.0,14.91838,85.08162,63.306005,0.64967,15.517328
2026-08-10 22:37:46,34460.53,181399,907,-860.5829,-181.1243,5.3,0.217763,,,,0.05,5.616069,0.561607,1.945,9.078858,10.0,10.0,33.887786,0.0,33.887786,66.112214,47.317354,0.752697,15.517328
2026-08-10 22:38:24,34498.8,181599,908,356.046,-174.1815,5.3,0.633057,,,,0.05,11.872329,1.187233,1.94295,0.009247,0.0,0.0,0.0,0.0,0.0,100.0,76.68352,0.511642,15.517328
2026-08-10 22:39:02,34537.01,181799,909,323.7538,-167.3072,5.3,0.492159,,,,0.05,10.791795,1.079179,1.93595,0.003212,0.0,0.0,0.0,0.0,0.0,100.0,76.9216,0.457565,15.517328
2026-08-10 22:39:41,34575.45,181999,910,176.3416,-167.5923,5.3,0.502101,,,,0.05,9.501611,0.950161,1.93995,1.446722,10.0,10.0,3.728209,0.0,3.728209,96.271791,73.234886,0.609388,15.517328
2026-08-10 22:40:19,34614.0,182199,911,-28.4017,-168.9852,5.3,0.307715,,,,0.05,7.362378,0.736238,1.933,1.149232,10.0,10.0,8.188507,0.0,8.188507,91.811493,69.820627,0.602456,15.517328
2026-08-10 22:40:58,34652.34,182399,912,314.7499,-163.1818,5.3,0.537464,,,,0.05,10.548049,1.054805,1.93095,0.017917,0.0,1.0,0.0,0.0,0.0,100.0,77.372174,0.596209,15.517328
2026-08-10 22:41:36,34690.6,182599,913,-194.657,-166.6725,5.3,0.257694,,,,0.05,7.786045,0.778605,1.934,2.605278,10.0,10.0,14.085954,0.0,14.085954,85.914046,64.879013,0.67635,15.517328
2026-08-10 22:42:14,34729.04,182799,914,-396.6053,-172.2306,5.3,0.801409,,,,0.05,6.322374,0.632237,1.938,4.389728,10.0,10.0,19.362863,0.0,19.362863,80.637137,60.176152,0.701773,15.517328
2026-08-10 22:42:53,34767.35,182999,915,147.4154,-168.8197,5.3,0.299281,,,,0.05,8.527722,0.852772,1.93495,1.440533,10.0,10.0,3.612523,0.0,3.612523,96.387477,73.842734,0.554159,15.517328
2026-08-10 22:43:31,34805.81,183199,916,-508.2776,-170.5569,5.3,0.425092,,,,0.05,6.971846,0.697185,1.9509,4.646056,10.0,10.0,23.242425,0.0,23.242425,76.757575,56.661517,0.744206,15.517328
2026-08-10 22:44:10,34844.45,183399,917,-998.7238,-183.2839,5.3,0.441778,,,,0.05,4.758315,0.475831,1.313252,4.99765,10.0,10.0,36.977121,0.0,36.977121,63.022879,45.516687,0.620139,15.517328
2026-08-10 22:44:48,34882.89,183599,918,-418.6161,-187.8094,5.3,1.022645,,,,0.05,5.520835,0.552083,1.853027,2.082895,10.0,10.0,18.645479,0.0,18.645479,81.354521,61.006336,0.558463,15.517328
2026-08-10 22:45:26,34921.11,183799,919,-22.2004,-184.0097,5.3,0.445466,,,,0.05,7.930146,0.793015,1.943,2.900736,10.0,10.0,8.842176,0.0,8.842176,91.157824,68.476648,0.702183,15.517328
2026-08-10 22:46:05,34959.51,183999,920,-256.3354,-186.9343,5.3,0.190107,,,,0.05,9.246735,0.924674,1.310113,0.214798,0.0,10.0,17.32792,0.0,17.32792,82.67208,62.320224,0.574797,15.517328
2026-08-10 22:46:43,34997.77,184199,921,314.6608,-177.3051,5.3,0.317069,,,,0.05,10.500341,1.050034,1.9389,0.009171,0.0,0.0,0.0,0.0,0.0,100.0,76.62592,0.585593,15.517328
2026-08-10 22:47:22,35036.29,184399,922,-421.3672,-183.9956,5.3,0.39281,,,,0.05,7.25837,0.725837,1.262356,1.79465,10.0,10.0,20.518301,0.0,20.518301,79.481699,59.545397,0.567531,15.517328
2026-08-10 22:48:00,35074.69,184599,923,277.643,-171.2373,5.3,0.685931,,,,0.05,9.272701,0.92727,1.9379,0.022801,0.0,1.0,0.0,0.0,0.0,100.0,76.739964,0.566438,15.517328
2026-08-10 22:48:39,35113.25,184799,924,-1005.6757,-179.3742,5.3,0.247571,,,,0.05,3.549739,0.354974,1.93395,3.265254,10.0,10.0,35.826791,0.0,35.826791,64.173209,47.315385,0.794974,15.517328
2026-08-10 22:49:17,35151.58,184999,925,-28.5477,-181.8619,5.3,0.207364,,,,0.05,3.596592,0.359659,1.9309,1.438036,10.0,10.0,4.551942,0.0,4.551942,95.448058,72.929563,0.698054,15.517328
2026-08-10 22:49:55,35189.85,185199,926,-699.1866,-189.035,5.3,0.484112,,,,0.05,3.100199,0.31002,1.928,4.159515,10.0,10.0,26.059357,0.0,26.059357,73.940643,55.196918,0.787199,15.517328
2026-08-10 22:50:34,35228.21,185399,927,-808.846,-196.3422,5.3,0.217405,,,,0.05,2.153118,0.215312,1e-05,2.115237,10.0,10.0,28.105944,0.0,28.105944,71.894056,54.008305,0.890169,15.517328
2026-08-10 22:51:12,35266.52,185599,928,95.5521,-196.9027,5.3,0.445917,,,,0.05,3.575364,0.357536,7e-06,0.011702,0.0,1.0,0.0,0.0,0.0,100.0,76.56832,0.776288,15.517328
2026-08-10 22:51:50,35304.9,185799,929,-4.8076,-191.5665,5.3,0.13389,,,,0.05,3.281494,0.328149,7e-06,1.480228,10.0,10.0,3.182669,0.0,3.182669,96.817331,73.376666,0.83266,15.517328
2026-08-10 22:52:29,35343.43,185999,930,-260.2153,-196.183,5.3,0.264622,,,,0.05,2.637658,0.263766,9e-06,0.899196,10.0,10.0,10.781065,0.0,10.781065,89.218935,68.183308,0.841617,15.517328
2026-08-10 22:53:07,35381.69,186199,931,70.393,-198.8137,5.3,0.171807,,,,0.05,2.612738,0.261274,1e-05,0.020361,0.0,1.0,0.0,0.0,0.0,100.0,76.82176,0.824448,15.517328
2026-08-10 22:53:45,35420.05,186399,932,-933.7132,-205.9339,5.3,0.21678,,,,0.05,4.179893,0.417989,1.4e-05,3.698637,10.0,10.0,34.352305,0.0,34.352305,65.647695,48.248154,0.714773,15.517328
2026-08-10 22:54:24,35458.26,186599,933,285.37,-206.8435,5.3,0.181625,,,,0.05,9.525086,0.952509,1.934,0.004929,0.0,0.0,0.0,0.0,0.0,100.0,76.86144,0.593527,15.517328
2026-08-10 22:55:02,35496.67,186799,934,-474.5452,-203.5326,5.3,0.353399,,,,0.05,8.973508,0.897351,1.934,2.180087,10.0,10.0,23.970256,0.0,23.970256,76.029744,56.831246,0.58548,15.517328
2026-08-10 22:55:40,35534.98,186999,935,-62.6681,-198.3661,5.3,0.224354,,,,0.05,8.799205,0.87992,1.932,0.912484,10.0,10.0,10.546934,0.0,10.546934,89.453066,67.666148,0.546014,15.517328
2026-08-10 22:56:19,35573.64,187199,936,-573.5129,-202.891,5.3,0.310877,,,,0.05,5.244719,0.524472,0.880852,1.977275,10.0,10.0,23.648072,0.0,23.648072,76.351928,57.024384,0.522818,15.517328
2026-08-10 22:56:57,35611.88,187399,937,-192.8106,-207.0648,5.3,0.314244,,,,0.05,5.758187,0.575819,1.93295,0.795538,10.0,10.0,11.847453,0.0,11.847453,88.152547,66.653444,0.579056,15.517328
2026-08-10 22:57:36,35650.62,187599,938,-1622.9401,-225.5209,5.3,0.442006,,,,0.05,2.525177,0.252518,0.171561,4.997411,10.0,10.0,53.683981,0.0,53.683981,46.316019,32.697384,0.689722,16.326181
2026-08-10 22:58:14,35689.01,187799,939,219.8051,-225.7943,5.3,1.767446,,,,0.05,7.327666,0.732767,1.931,0.011201,0.0,1.0,0.0,0.0,0.0,100.0,76.10496,0.522662,16.326181
2026-08-10 22:58:53,35727.29,187999,940,-718.7991,-229.6574,5.3,1.951972,,,,0.05,4.773284,0.477328,1.104132,1.522371,10.0,10.0,26.685214,0.0,26.685214,73.314786,54.65248,0.605654,16.326181
2026-08-10 22:59:31,35765.59,188199,941,-416.8477,-228.0572,5.3,0.336695,,,,0.05,6.065647,0.606565,3.6e-05,0.11468,0.0,1.0,18.246677,0.0,18.246677,81.753323,61.41441,0.662233,16.326181
2026-08-10 23:00:10,35804.33,188399,942,-1474.9604,-234.6555,5.3,0.238603,,,,0.05,5.846947,0.584695,0.860072,1.322776,10.0,10.0,50.375751,0.0,50.375751,49.624249,35.737131,0.450005,16.326181
2026-08-10 23:00:48,35842.64,188599,943,-272.5659,-228.1124,5.3,0.708287,,,,0.05,6.588628,0.658863,1.933,0.525078,6.0,10.0,14.65845,0.0,14.65845,85.34155,64.455036,0.625936,16.326181
2026-08-10 23:01:26,35881.02,188799,944,-60.239,-218.6254,5.3,0.324927,,,,0.05,7.743491,0.774349,1.4e-05,1.068063,10.0,10.0,9.017297,0.0,9.017297,90.982703,69.104808,0.667728,16.326181
2026-08-10 23:02:05,35919.17,188999,945,-415.1085,-222.8428,5.3,0.260822,,,,0.05,4.039856,0.403986,7e-06,0.367281,0.0,10.0,15.980236,0.0,15.980236,84.019764,63.506678,0.791716,16.326181
2026-08-10 23:02:43,35957.46,189199,946,-109.2843,-225.3356,5.3,0.519229,,,,0.05,7.594587,0.759459,1e-05,0.957017,10.0,10.0,10.378348,0.0,10.378348,89.621652,68.215656,0.624059,16.326181
2026-08-10 23:03:21,35995.92,189399,947,66.038,-223.4934,5.3,0.337995,,,,0.05,6.639667,0.663967,1.926,2.911594,10.0,10.0,4.321142,0.0,4.321142,95.678858,71.984071,0.506008,16.326181
2026-08-10 23:04:00,36034.35,189599,948,-734.171,-221.3661,5.3,0.227983,,,,0.05,3.062397,0.30624,1.92695,4.079821,10.0,10.0,25.643209,0.0,25.643209,74.356791,54.849142,0.806903,16.326181
2026-08-10 23:04:38,36072.87,189799,949,-772.2214,-231.1268,5.3,0.797271,,,,0.05,1.835323,0.183532,3.7e-05,6.076177,10.0,10.0,25.594245,0.0,25.594245,74.405755,54.742024,0.800332,16.326181
2026-08-10 23:05:17,36111.27,189999,950,-1005.2748,-245.119,5.3,0.623028,,,,0.05,3.114762,0.311476,4e-05,3.294441,10.0,10.0,34.199459,0.0,34.199459,65.800541,48.497566,0.797396,16.326181
2026-08-10 23:05:55,36149.44,190199,951,92.8321,-226.4015,5.3,0.579769,,,,0.05,3.310045,0.331004,1e-05,0.017081,0.0,1.0,0.0,0.0,0.0,100.0,76.66176,0.765995,16.326181
2026-08-10 23:06:33,36187.65,190399,952,65.1489,-222.809,5.3,0.501358,,,,0.05,2.374998,0.2375,8e-06,0.010304,0.0,1.0,0.0,0.0,0.0,100.0,76.518425,0.866998,16.326181
2026-08-10 23:07:11,36226.07,190599,953,-45.2488,-226.2397,5.3,0.456411,,,,0.05,2.511571,0.251157,8e-06,1.372214,10.0,10.0,3.667625,0.0,3.667625,96.332375,73.098668,0.845049,16.326181
2026-08-10 23:07:50,36264.69,190799,954,-734.9284,-234.6809,5.3,0.51084,,,,0.05,3.332587,0.333259,3e-06,5.950841,10.0,10.0,25.667832,0.0,25.667832,74.332168,53.836121,0.840284,16.326181
2026-08-10 23:08:29,36303.31,190999,955,-372.7957,-234.974,5.3,2.631522,,,,0.05,3.059821,0.305982,9e-06,2.595948,10.0,10.0,14.341876,0.0,14.341876,85.658124,64.108419,0.830526,16.326181
2026-08-10 23:09:07,36341.57,191199,956,-476.5353,-241.496,5.3,0.51481,,,,0.05,2.406176,0.240618,1e-05,0.280772,0.0,10.0,16.54975,0.0,16.54975,83.45025,63.04774,0.876119,16.326181
2026-08-10 23:09:45,36379.83,191399,957,166.2769,-237.9173,5.3,2.021129,,,,0.05,5.646765,0.564676,1.4e-05,0.015288,0.0,1.0,0.0,0.0,0.0,100.0,76.69248,0.589734,16.326181
2026-08-10 23:10:23,36418.08,191599,958,-407.4708,-239.435,5.3,0.578366,,,,0.05,5.245292,0.524529,7e-06,0.230355,0.0,10.0,17.167547,0.0,17.167547,82.832453,62.623784,0.678302,16.326181
2026-08-10 23:11:02,36456.43,191799,959,-377.4052,-244.6236,5.3,0.390549,,,,0.05,2.033357,0.203336,9e-06,2.724832,10.0,10.0,13.504974,0.0,13.504974,86.495026,64.793808,0.852731,16.326181
2026-08-10 23:11:40,36494.8,191999,960,-824.8313,-253.1535,5.3,0.586522,,,,0.05,9.702277,0.970228,3.6e-05,0.58779,10.0,10.0,34.312012,0.0,34.312012,65.687988,49.073575,0.598983,16.326181
2026-08-10 23:12:19,36533.31,192199,961,110.655,-253.5289,5.3,0.323754,,,,0.05,4.261312,0.426131,6e-06,0.067789,1.0,1.0,0.0,0.0,0.0,100.0,76.7936,0.802049,16.326181
2026-08-10 23:12:57,36571.59,192399,962,97.4754,-239.1844,5.3,0.414945,,,,0.05,3.687526,0.368753,6e-06,0.02188,0.0,1.0,0.0,0.0,0.0,100.0,76.636871,0.822353,16.326181
2026-08-10 23:13:35,36609.88,192599,963,-421.3444,-245.0857,5.3,0.708778,,,,0.05,3.752043,0.375204,7e-06,0.529484,3.0,10.0,16.216982,0.0,16.216982,83.783018,63.548292,0.788303,16.326181
2026-08-10 23:14:14,36648.24,192799,964,-308.1511,-246.0927,5.3,0.186293,,,,0.05,3.242615,0.324262,5e-06,2.700307,10.0,10.0,12.388204,0.0,12.388204,87.611796,66.077581,0.840531,16.326181
2026-08-10 23:14:52,36686.5,192999,965,-299.5162,-250.4141,5.3,0.517362,,,,0.05,3.743374,0.374337,8e-06,0.7351,10.0,10.0,12.578942,0.0,12.578942,87.421058,66.184189,0.782175,16.326181
2026-08-10 23:15:30,36724.79,193199,966,72.0333,-251.1989,5.3,0.36806,,,,0.05,2.721307,0.272131,1.1e-05,0.874924,6.0,8.0,0.0,0.0,0.0,100.0,76.15068,0.849976,16.326181
2026-08-10 23:16:09,36763.36,193399,967,-103.5538,-253.9439,5.3,0.435564,,,,0.05,2.273185,0.227318,8e-06,2.860947,10.0,10.0,5.372994,0.0,5.372994,94.627006,70.77573,0.860752,16.326181
2026-08-10 23:16:47,36801.77,193599,968,-983.0667,-259.9775,5.3,0.271741,,,,0.05,2.622129,0.262213,6e-06,0.829645,10.0,10.0,32.818475,0.0,32.818475,67.181525,49.906906,0.806289,16.326181
2026-08-10 23:17:25,36839.92,193799,969,81.6725,-259.3586,5.3,0.423722,,,,0.05,3.129946,0.312995,1e-05,0.009132,0.0,0.0,0.0,0.0,0.0,100.0,76.3904,0.84463,16.326181
2026-08-10 23:18:04,36878.22,193999,970,-301.6946,-266.782,5.3,0.250096,,,,0.05,3.290345,0.329034,7e-06,0.770922,10.0,10.0,11.994998,0.0,11.994998,88.005002,66.823343,0.784762,16.326181
2026-08-10 23:18:42,36916.64,194199,971,-1342.7344,-284.3662,5.3,0.270657,,,,0.05,2.541888,0.254189,7e-06,2.408165,10.0,10.0,43.54785,0.0,43.54785,56.45215,41.217007,0.85066,16.326181
2026-08-10 23:19:20,36954.93,194399,972,-161.8459,-286.6324,5.3,0.287763,,,,0.05,9.378981,0.937898,3.9e-05,0.606375,10.0,10.0,13.547766,0.0,13.547766,86.452234,65.916468,0.645811,16.326181
2026-08-10 23:19:59,36993.46,194599,973,-260.3172,-290.0666,5.3,0.587635,,,,0.05,3.064998,0.3065,6e-06,2.981528,10.0,10.0,10.982217,0.0,10.982217,89.017783,67.170206,0.818165,16.326181
2026-08-10 23:20:37,37031.97,194799,974,-1257.7265,-302.4224,5.3,0.633994,,,,0.05,3.76658,0.376658,2e-06,2.576894,10.0,10.0,41.616038,0.0,41.616038,58.383962,43.009697,0.791728,16.326181
2026-08-10 23:21:16,37070.24,194999,975,344.7108,-291.8056,5.3,0.403753,,,,0.05,11.525542,1.152554,3.9e-05,0.780664,7.0,7.0,0.0,0.0,0.0,100.0,76.671307,0.585523,16.326181
2026-08-10 23:21:54,37108.6,195199,976,-1034.662,-302.8533,5.3,0.383536,,,,0.05,6.018064,0.601806,1.935,5.934917,10.0,10.0,37.496064,0.0,37.496064,62.503936,45.464819,0.461943,16.326181
2026-08-10 23:22:34,37148.17,195399,977,-252.5661,-304.5319,5.3,0.235942,,,,0.05,8.788983,0.878898,1.93995,2.477535,10.0,10.0,16.185182,0.0,16.185182,83.814818,63.292226,0.551954,16.326181
2026-08-10 23:23:12,37186.8,195599,978,-674.5216,-311.5269,5.3,0.18196,,,,0.05,5.876028,0.587603,1.93995,3.914658,10.0,10.0,26.511133,0.0,26.511133,73.488867,54.664024,0.655144,16.326181
2026-08-10 23:23:51,37225.22,195799,979,125.9594,-302.2284,5.3,0.281128,,,,0.05,10.350599,1.03506,1.935,1.319689,10.0,10.0,5.744504,0.0,5.744504,94.255496,71.686887,0.468901,16.326181
2026-08-10 23:24:29,37263.76,195999,980,-989.5198,-308.7505,5.3,0.53272,,,,0.05,4.298728,0.429873,0.575507,0.548828,10.0,10.0,34.218599,0.0,34.218599,65.781401,48.966147,0.671607,16.326181
2026-08-10 23:25:06,37301.02,196199,981,-596.8311,-305.1194,5.3,0.272009,,,,0.05,5.158948,0.515895,1.928,1.884779,10.0,10.0,23.332889,0.0,23.332889,76.667111,57.672675,0.667419,16.326181
2026-08-10 23:25:43,37337.68,196399,982,-235.2631,-306.1878,5.3,0.855169,,,,0.05,8.050807,0.805081,1.9329,0.491182,1.0,10.0,14.550031,0.0,14.550031,85.449969,64.802214,0.442265,16.326181
2026-08-10 23:26:20,37374.34,196599,983,159.9533,-301.8146,5.3,0.289324,,,,0.05,5.339852,0.533985,1.932,0.013678,0.0,1.0,0.0,0.0,0.0,100.0,76.736,0.742967,16.326181
2026-08-10 23:26:56,37411.11,196799,984,-650.8035,-302.3781,5.3,0.507321,,,,0.05,3.847222,0.384722,3.7e-05,1.831333,10.0,10.0,23.586657,0.0,23.586657,76.413343,57.084759,0.812965,16.326181
2026-08-10 23:27:33,37447.91,196999,985,-449.5525,-305.3756,5.3,0.272462,,,,0.05,3.984535,0.398454,3.9e-05,0.318146,2.0,10.0,17.333111,0.0,17.333111,82.666889,62.686369,0.65657,16.326181
2026-08-10 23:28:10,37484.98,197199,986,-1391.3695,-316.4488,5.3,2.117881,,,,0.05,3.921711,0.392171,3e-06,6.071675,10.0,10.0,46.361722,0.0,46.361722,53.638278,37.553033,0.688314,16.326181
2026-08-10 23:28:47,37521.7,197399,987,70.3857,-318.5735,5.3,0.461428,,,,0.05,2.548805,0.254881,1.3e-05,0.013691,0.0,1.0,0.0,0.0,0.0,100.0,76.6656,0.863062,16.326181
2026-08-10 23:29:24,37558.45,197599,988,-201.382,-319.0103,5.3,0.846151,,,,0.05,2.397066,0.239707,9e-06,3.027769,10.0,10.0,8.531802,0.0,8.531802,91.468198,68.695203,0.85529,16.326181
2026-08-10 23:30:01,37595.17,197799,989,163.9139,-313.1421,5.3,0.486902,,,,0.05,5.463797,0.54638,1.923,0.254128,2.0,3.0,0.0,0.0,0.0,100.0,76.741599,0.680287,16.326181
2026-08-10 23:30:37,37631.65,197999,990,33.8397,-315.7338,5.3,0.46534,,,,0.05,4.757945,0.475794,1.93095,1.482542,10.0,10.0,3.633391,0.0,3.633391,96.366609,73.200381,0.706695,16.326181
2026-08-10 23:31:14,37668.43,198199,991,-505.4516,-314.8584,5.3,0.781862,,,,0.05,7.076632,0.707663,1.933,2.823053,10.0,10.0,22.322187,0.0,22.322187,77.677813,57.716458,0.646172,16.326181
2026-08-10 23:31:51,37705.39,198399,992,-778.6336,-323.4851,5.3,0.194798,,,,0.05,6.381451,0.638145,1.313463,1.122766,10.0,10.0,30.061892,0.0,30.061892,69.938108,52.207791,0.542157,16.326181
2026-08-10 23:32:28,37742.25,198599,993,158.5485,-318.452,5.3,0.269632,,,,0.05,5.284951,0.528495,1.928,0.208156,2.0,3.0,0.0,0.0,0.0,100.0,76.522209,0.650077,16.326181
2026-08-10 23:33:04,37778.99,198799,994,-147.1093,-323.4836,5.3,0.508055,,,,0.05,8.598954,0.859895,1.929,0.714228,10.0,10.0,12.367898,0.0,12.367898,87.632102,66.413931,0.639266,16.326181
2026-08-10 23:33:41,37815.85,198999,995,-849.0157,-328.8594,5.3,0.445459,,,,0.05,4.622249,0.462225,1.928,3.760063,10.0,10.0,30.647995,0.0,30.647995,69.352005,50.920659,0.750635,16.326181
2026-08-10 23:34:18,37852.43,199199,996,244.5563,-329.2413,5.3,0.366747,,,,0.05,8.157935,0.815794,1.93,0.011178,0.0,1.0,0.0,0.0,0.0,100.0,76.49024,0.511267,16.326181
2026-08-10 23:34:55,37889.28,199399,997,-1213.6666,-338.9147,5.3,1.713618,,,,0.05,4.187447,0.418745,1.706321,5.880348,10.0,10.0,41.527558,0.0,41.527558,58.472442,42.249029,0.664665,16.326181
2026-08-10 23:35:31,37925.95,199599,998,28.5408,-340.5104,5.3,0.275822,,,,0.05,6.574422,0.657442,1.934,1.383778,10.0,10.0,5.411346,0.0,5.411346,94.588654,72.08968,0.632094,16.326181
2026-08-10 23:36:08,37962.89,199799,999,-892.4044,-351.7594,5.3,0.469761,,,,0.05,5.297128,0.529713,1.93995,3.659558,10.0,10.0,32.712115,0.0,32.712115,67.287885,49.676353,0.719686,16.326181
2026-08-10 23:36:45,37999.82,199999,1000,-589.7446,-361.0907,5.3,0.188199,,,,0.05,4.198617,0.419862,1.933,1.980383,10.0,10.0,22.348994,0.0,22.348994,77.651006,58.256987,0.733213,17.451571
